Unnamed: 0,Year,state_id,Production_Loss(ton),Area_Loss(km^2),State_Code,State_Name,Price,Financial_Loss($)
0,2021,0,123062.80414086377,844.2589168285303,AL,ALABAMA,0.06281998,7730802.894872978
1,2021,2,0.0,0.0,AZ,ARIZONA,0.06281998,0.0
2,2021,3,3243.4765063594004,37.94505148157574,AR,ARKANSAS,0.06281998,203755.1292599674
3,2021,4,3069.484707753767,44.16778338430558,CA,CALIFORNIA,0.06281998,192824.96795139747
4,2021,5,211809.34204574805,2215.253874234108,CO,COLORADO,0.06281998,13305858.631127052
5,2021,6,12249.99465852102,103.45510697070466,CT,CONNECTICUT,0.06281998,769544.4194483974
6,2021,7,15024.427274173227,209.50647376247355,DE,DELAWARE,0.06281998,943834.2208750166
7,2021,8,0.0,0.0,DC,DISTRICT OF COLUMBIA,0.06281998,0.0
8,2021,9,24248.101444407228,86.0628846407523,FL,FLORIDA,0.06281998,1523265.2477756331
9,2021,10,252593.1753453782,1047.7148865778145,GA,GEORGIA,0.06281998,15867898.22333315
10,2021,12,8538.068313826016,322.0851114284333,ID,IDAHO,0.06281998,536361.2807131839
11,2021,13,2747502.7042220505,22035.663856834843,IL,ILLINOIS,0.06281998,172598064.92917514
12,2021,14,1150322.7467815257,19342.983611193933,IN,INDIANA,0.06281998,72263251.9463605
13,2021,15,20368938.08391512,55515.55869308914,IA,IOWA,0.06281998,1279576283.0527864
14,2021,16,1676647.223087092,7317.271838319948,KS,KANSAS,0.06281998,105326945.02138665
15,2021,17,62455.14066112552,2635.3029968193096,KY,KENTUCKY,0.06281998,3923430.6872290922
16,2021,18,103682.57597783554,1082.8996208535773,LA,LOUISIANA,0.06281998,6513337.349276109
17,2021,19,8.064401516659512,1.533881764602135,ME,MAINE,0.06281998,506.6055419885202
18,2021,20,130625.06449951496,1136.8136844423302,MD,MARYLAND,0.06281998,8205863.93935824
19,2021,21,9060.62566735982,90.78630194914166,MA,MASSACHUSETTS,0.06281998,569188.3232110305
20,2021,22,184020.58446113457,1711.0473950596756,MI,MICHIGAN,0.06281998,11560169.435436783
21,2021,23,8491779.225253657,28418.12114136124,MN,MINNESOTA,0.06281998,533453401.0948502
22,2021,24,288479.1532397882,1709.726361133448,MS,MISSISSIPPI,0.06281998,18122254.636940427
23,2021,25,1176400.8284178078,8886.645126419251,MO,MISSOURI,0.06281998,73901476.51319012
24,2021,26,0.0,0.0,MT,MONTANA,0.06281998,0.0
25,2021,27,4300355.715816332,21906.941223638823,NE,NEBRASKA,0.06281998,270148260.06046766
26,2021,28,0.0,0.0,NV,NEVADA,0.06281998,0.0
27,2021,29,37.34467182833792,4.630768429375143,NH,NEW HAMPSHIRE,0.06281998,2345.991537362752
28,2021,30,35544.420637775955,369.0011699707286,NJ,NEW JERSEY,0.06281998,2232899.7935766727
29,2021,31,0.0,0.0,NM,NEW MEXICO,0.06281998,0.0
30,2021,32,218952.74701034703,1459.924682485146,NY,NEW YORK,0.06281998,13754607.18813506
31,2021,33,164626.37265276565,2049.872686495564,NC,NORTH CAROLINA,0.06281998,10341825.437519286
32,2021,34,3423232.0132489027,10820.640788129942,ND,NORTH DAKOTA,0.06281998,215047366.6076558
33,2021,35,795449.4259155542,8662.794347816645,OH,OHIO,0.06281998,49970117.02702659
34,2021,36,162621.74394595396,523.627322333098,OK,OKLAHOMA,0.06281998,10215894.702249948
35,2021,37,1636.7716183341322,4.104749615971303,OR,OREGON,0.06281998,102821.96032831781
36,2021,38,310672.01682717627,3012.3318442232085,PA,PENNSYLVANIA,0.06281998,19516409.883642875
37,2021,39,1475.2781009819937,11.705046311015508,RI,RHODE ISLAND,0.06281998,92676.94079812682
38,2021,40,31782.819685531147,301.91892511800086,SC,SOUTH CAROLINA,0.06281998,1996596.0969886729
39,2021,41,12694890.591951955,32567.24095905876,SD,SOUTH DAKOTA,0.06281998,797492773.0886099
40,2021,42,44567.53599068699,1581.6321615116806,TN,TENNESSEE,0.06281998,2799731.719584237
41,2021,43,459891.48485711374,2125.976446063961,TX,TEXAS,0.06281998,28890373.880894184
42,2021,44,0.0,0.0,UT,UTAH,0.06281998,0.0
43,2021,45,780.940871739962,22.344898478627588,VT,VERMONT,0.06281998,49058.68994388697
44,2021,46,168723.64686734125,1589.2888302992592,VA,VIRGINIA,0.06281998,10599216.12173344
45,2021,47,74342.0210615832,360.7350806814949,WA,WASHINGTON,0.06281998,4670164.276248235
46,2021,48,16141.156962761806,162.46097607216308,WV,WEST VIRGINIA,0.06281998,1013987.1575775574
47,2021,49,1493338.9450144237,12088.91728703947,WI,WISCONSIN,0.06281998,93811522.65902719
48,2021,50,52185.60053058105,660.6203535763244,WY,WYOMING,0.06281998,3278298.3816190907
49,2022,0,22647.75058435872,356.3698517425173,AL,ALABAMA,0.06301396,1427124.449412757
50,2022,2,0.0,0.0,AZ,ARIZONA,0.06301396,0.0
51,2022,3,36608.58361279385,228.272268918613,AR,ARKANSAS,0.06301396,2306851.8234332474
52,2022,4,1502.2227456801563,19.59205717412856,CA,CALIFORNIA,0.06301396,94661.00400737954
53,2022,5,88890.83688043506,1552.422286623418,CO,COLORADO,0.06301396,5601363.639550259
54,2022,6,2232.24361503519,20.81702577663851,CT,CONNECTICUT,0.06301396,140662.50986808285
55,2022,7,7866.046467800661,192.34261600170257,DE,DELAWARE,0.06301396,495670.7374801321
56,2022,8,0.0,0.0,DC,DISTRICT OF COLUMBIA,0.06301396,0.0
57,2022,9,0.0,0.0,FL,FLORIDA,0.06301396,0.0
58,2022,10,1470.8263438533006,66.38178914249676,GA,GEORGIA,0.06301396,92682.59239851813
59,2022,12,4436.571288513088,160.04750938256035,ID,IDAHO,0.06301396,279565.92571151216
60,2022,13,4995517.638301536,33117.44617192166,IL,ILLINOIS,0.06301396,314787348.63922745
61,2022,14,1156139.116244665,11979.222292274964,IN,INDIANA,0.06301396,72852904.02547668
62,2022,15,2688846.356383551,14829.330533832766,IA,IOWA,0.06301396,169434856.7472988
63,2022,16,285858.56722230173,1917.9614956710493,KS,KANSAS,0.06301396,18013080.32060343
64,2022,17,351568.3902589244,5319.809842388375,KY,KENTUCKY,0.06301396,22153716.48104025
65,2022,18,362254.7409892062,2235.153560628982,LA,LOUISIANA,0.06301396,22827105.758504197
66,2022,19,298.7773486795339,12.058343428549335,ME,MAINE,0.06301396,18827.1438985982
67,2022,20,25531.77907016464,382.01729214186594,MD,MARYLAND,0.06301396,1608858.5050561917
68,2022,21,6363.107259457589,66.97655285223185,MA,MASSACHUSETTS,0.06301396,400964.5863231701
69,2022,22,392052.13085820526,2480.4708508713684,MI,MICHIGAN,0.06301396,24704757.29181371
70,2022,23,1878936.9591288427,15362.971885746952,MN,MINNESOTA,0.06301396,118399258.38506651
71,2022,24,153903.89653531322,1333.024615132373,MS,MISSISSIPPI,0.06301396,9698093.980120365
72,2022,25,576648.8384366817,4259.1158379912185,MO,MISSOURI,0.06301396,36336926.839295514
73,2022,26,0.0,0.0,MT,MONTANA,0.06301396,0.0
74,2022,27,66188.07404602824,640.7931436514679,NE,NEBRASKA,0.06301396,4170772.6504134615
75,2022,28,0.0,0.0,NV,NEVADA,0.06301396,0.0
76,2022,29,411.7814444512052,15.399340280982926,NH,NEW HAMPSHIRE,0.06301396,25947.979469390462
77,2022,30,15863.418103212092,120.1368760376507,NJ,NEW JERSEY,0.06301396,999616.7938190826
78,2022,31,54.70131033508722,3.3794753034511493,NM,NEW MEXICO,0.06301396,3446.9461814027723
79,2022,32,143310.5537637797,1051.4028587013318,NY,NEW YORK,0.06301396,9030565.502448663
80,2022,33,24565.966774749788,661.5270726576834,NC,NORTH CAROLINA,0.06301396,1547998.8477054122
81,2022,34,1397414.646136029,6169.261685293564,ND,NORTH DAKOTA,0.06301396,88056630.61502987
82,2022,35,740333.7497522249,9113.99526109485,OH,OHIO,0.06301396,46651361.29353671
83,2022,36,70017.83209998748,338.89277862627995,OK,OKLAHOMA,0.06301396,4412100.871235328
84,2022,37,4550.630430263716,20.74904524491804,OR,OREGON,0.06301396,286753.2439074206
85,2022,38,266094.2527086624,2260.044392947345,PA,PENNSYLVANIA,0.06301396,16767652.596413543
86,2022,39,1098.5605937115422,8.221185643716948,RI,RHODE ISLAND,0.06301396,69224.65330971536
87,2022,40,0.0,0.0,SC,SOUTH CAROLINA,0.06301396,0.0
88,2022,41,3435727.6986586866,14812.325276617295,SD,SOUTH DAKOTA,0.06301396,216498807.77417052
89,2022,42,281687.1492115221,2133.976412802386,TN,TENNESSEE,0.06301396,17750222.752928883
90,2022,43,832907.5673869269,4350.604872521286,TX,TEXAS,0.06301396,52484804.13501711
91,2022,44,0.0,0.0,UT,UTAH,0.06301396,0.0
92,2022,45,1402.2473849789449,36.64740663785635,VT,VERMONT,0.06301396,88361.16062716783
93,2022,46,23983.85701235227,256.9981796189568,VA,VIRGINIA,0.06301396,1511317.8064220853
94,2022,47,86589.72053930938,365.5067514494549,WA,WASHINGTON,0.06301396,5456361.186475219
95,2022,48,5943.3646709379545,87.89843729336627,WV,WEST VIRGINIA,0.06301396,374514.9436398974
96,2022,49,507518.5774402651,4494.138503475015,WI,WISCONSIN,0.06301396,31980755.338077765
97,2022,50,13171.55880836165,203.8622115230264,WY,WYOMING,0.06301396,829992.0798877486
98,2023,0,3865.109345745527,22.851938425854986,AL,ALABAMA,0.06320794,244305.59961932254
99,2023,2,0.0,0.0,AZ,ARIZONA,0.06320794,0.0
100,2023,3,828.8977201519896,9.264635588460692,AR,ARKANSAS,0.06320794,52392.91736150375
101,2023,4,2057.6020615982475,27.192460321321224,CA,CALIFORNIA,0.06320794,130056.78765337833
102,2023,5,93391.34065316145,1311.723490080533,CO,COLORADO,0.06320794,5903074.25652459
103,2023,6,7562.417419050015,61.24628771276979,CT,CONNECTICUT,0.06320794,478004.82647826825
104,2023,7,324.0239522897677,12.356772800147734,DE,DELAWARE,0.06320794,20480.8865348945
105,2023,8,0.0,0.0,DC,DISTRICT OF COLUMBIA,0.06320794,0.0
106,2023,9,1.6045536322925484,0.551756147872652,FL,FLORIDA,0.06320794,101.42052971672946
107,2023,10,7725.700885301162,48.43839718949834,GA,GEORGIA,0.06320794,488325.6380160628
108,2023,12,2980.144706998191,106.44863399832016,ID,IDAHO,0.06320794,188368.80783125924
109,2023,13,3393813.301543223,22532.743305494845,IL,ILLINOIS,0.06320794,214515947.535146
110,2023,14,770764.9620981668,6122.600294943953,IN,INDIANA,0.06320794,48718465.4784032
111,2023,15,1818875.056404909,10919.76699332649,IA,IOWA,0.06320794,114967345.43273811
112,2023,16,1286504.6643804885,5519.227945815343,KS,KANSAS,0.06320794,81317309.63588205
113,2023,17,60543.84403990883,521.1862619332601,KY,KENTUCKY,0.06320794,3826851.6614439148
114,2023,18,14.660970416605066,0.033686886031779,LA,LOUISIANA,0.06320794,926.6897384345481
115,2023,19,98.32526811506264,1.7342310597304265,ME,MAINE,0.06320794,6214.937647500793
116,2023,20,18121.21220148246,149.5094966013133,MD,MARYLAND,0.06320794,1145404.4935585712
117,2023,21,3941.882909854742,24.55994339235379,MA,MASSACHUSETTS,0.06320794,249158.29845312398
118,2023,22,169341.58666458126,1455.3145011416905,MI,MICHIGAN,0.06320794,10703732.849399654
119,2023,23,1669799.2869626142,12822.603379693564,MN,MINNESOTA,0.06320794,105544573.1423757
120,2023,24,191.9332613755493,7.174868844488271,MS,MISSISSIPPI,0.06320794,12131.706069030039
121,2023,25,506735.4533673941,5286.082809046031,MO,MISSOURI,0.06320794,32029704.132319044
122,2023,26,0.0,0.0,MT,MONTANA,0.06320794,0.0
123,2023,27,412535.4331625887,2271.442780616978,NE,NEBRASKA,0.06320794,26075514.907214917
124,2023,28,0.0,0.0,NV,NEVADA,0.06320794,0.0
125,2023,29,333.6335230909338,8.066401521854068,NH,NEW HAMPSHIRE,0.06320794,21088.28770952036
126,2023,30,8495.625442050748,80.06163299843247,NJ,NEW JERSEY,0.06320794,536990.9832036172
127,2023,31,0.0,0.0,NM,NEW MEXICO,0.06320794,0.0
128,2023,32,124680.36487415154,845.5223241075565,NY,NEW YORK,0.06320794,7880789.022143478
129,2023,33,59344.211343321935,881.7778303500709,NC,NORTH CAROLINA,0.06320794,3751025.3499360126
130,2023,34,1988226.295446656,8156.764858813337,ND,NORTH DAKOTA,0.06320794,125671688.38901451
131,2023,35,345716.7910037637,3685.848072809125,OH,OHIO,0.06320794,21852046.182758436
132,2023,36,159429.73914830925,554.0309769716357,OK,OKLAHOMA,0.06320794,10077225.386301983
133,2023,37,3972.1052895003663,9.358005120729985,OR,OREGON,0.06320794,251068.59281242182
134,2023,38,24029.74986293456,287.43688001647365,PA,PENNSYLVANIA,0.06320794,1518870.987551376
135,2023,39,1028.4633502015724,8.06073850099986,RI,RHODE ISLAND,0.06320794,65007.04973173998
136,2023,40,32475.22915687262,249.85183290188385,SC,SOUTH CAROLINA,0.06320794,2052692.3360338556
137,2023,41,3426415.725846545,15831.945276167196,SD,SOUTH DAKOTA,0.06320794,216576679.61436486
138,2023,42,7389.862917721668,80.78272181466627,TN,TENNESSEE,0.06320794,467098.01191157615
139,2023,43,446441.5219658146,1921.582167699432,TX,TEXAS,0.06320794,28218648.933923893
140,2023,44,0.0,0.0,UT,UTAH,0.06320794,0.0
141,2023,45,1117.1258060656264,12.965063213130207,VT,VERMONT,0.06320794,70611.22092224775
142,2023,46,29901.2691408821,288.71764599834574,VA,VIRGINIA,0.06320794,1889997.6257807275
143,2023,47,77819.50635992993,421.01019680242194,WA,WASHINGTON,0.06320794,4918810.68882807
144,2023,48,2247.9903622976976,13.60247379695938,WV,WEST VIRGINIA,0.06320794,142090.83994069113
145,2023,49,801116.3113011419,4922.599787230451,WI,WISCONSIN,0.06320794,50636911.7377439
146,2023,50,27245.97360956324,305.2648178497425,WY,WYOMING,0.06320794,1722161.8651548568
147,2024,0,70827.45461224174,650.0236172874968,AL,ALABAMA,0.06340192,4490596.611128982
148,2024,2,0.0,0.0,AZ,ARIZONA,0.06340192,0.0
149,2024,3,50072.61156661692,206.13243165370483,AR,ARKANSAS,0.06340192,3174699.712737721
150,2024,4,11330.813117637354,156.58510216384616,CA,CALIFORNIA,0.06340192,718395.306819394
151,2024,5,184331.3626110886,2156.4003684957734,CO,COLORADO,0.06340192,11686962.30575923
152,2024,6,20.282046511521912,0.1741622061995175,CT,CONNECTICUT,0.06340192,1285.9206903597913
153,2024,7,198.5882498658544,25.63287637789502,DE,DELAWARE,0.06340192,12590.876330934912
154,2024,8,0.0,0.0,DC,DISTRICT OF COLUMBIA,0.06340192,0.0
155,2024,9,36.31239937841571,0.3148327817224891,FL,FLORIDA,0.06340192,2302.275840398363
156,2024,10,3348.881265549844,23.77845968292725,GA,GEORGIA,0.06340192,212325.50208788997
157,2024,12,5474.696986324803,201.59319826139983,ID,IDAHO,0.06340192,347106.3003512063
158,2024,13,2527105.7994920183,15835.120437872603,IL,ILLINOIS,0.06340192,160223359.730929
159,2024,14,1401926.0817742618,8157.927091388296,IN,INDIANA,0.06340192,88884805.2825652
160,2024,15,1042291.6148395736,8598.913138847569,IA,IOWA,0.06340192,66083289.58072946
161,2024,16,1853717.6407132056,7428.52078877166,KS,KANSAS,0.06340192,117529257.55908741
162,2024,17,179953.5130055183,861.4506655998234,KY,KENTUCKY,0.06340192,11409398.23529483
163,2024,18,311412.4099613503,1812.6649549117008,LA,LOUISIANA,0.06340192,19744144.703376736
164,2024,19,17.418768477893533,0.2140316116195577,ME,MAINE,0.06340192,1104.3833655339276
165,2024,20,679.8492009868138,7.895040836768981,MD,MARYLAND,0.06340192,43103.744653029884
166,2024,21,0.0,0.0,MA,MASSACHUSETTS,0.06340192,0.0
167,2024,22,306840.306319303,1716.34506356694,MI,MICHIGAN,0.06340192,19454264.554031942
168,2024,23,995334.2376231308,8024.597366332134,MN,MINNESOTA,0.06340192,63106101.70704273
169,2024,24,618401.0912150462,2376.2417482635497,MS,MISSISSIPPI,0.06340192,39207816.51312907
170,2024,25,511512.5921941224,2746.225679310387,MO,MISSOURI,0.06340192,32430880.44928437
171,2024,26,0.0,0.0,MT,MONTANA,0.06340192,0.0
172,2024,27,598295.2352076089,4297.041639875217,NE,NEBRASKA,0.06340192,37933066.639014006
173,2024,28,0.0,0.0,NV,NEVADA,0.06340192,0.0
174,2024,29,241.2132456282035,5.308964180690573,NH,NEW HAMPSHIRE,0.06340192,15293.382902259707
175,2024,30,533.9387809644613,3.2724549758426766,NJ,NEW JERSEY,0.06340192,33852.743875606306
176,2024,31,0.0,0.0,NM,NEW MEXICO,0.06340192,0.0
177,2024,32,9706.614743431024,66.14497145129738,NY,NEW YORK,0.06340192,615418.0114338343
178,2024,33,148827.18189235678,870.7248047544547,NC,NORTH CAROLINA,0.06340192,9435929.080164654
179,2024,34,1553732.870523592,5383.855947921464,ND,NORTH DAKOTA,0.06340192,98509647.15830714
180,2024,35,487307.21004366217,3915.874125550576,OH,OHIO,0.06340192,30896212.74661147
181,2024,36,251175.8505532184,931.9030238641884,OK,OKLAHOMA,0.06340192,15925031.182707109
182,2024,37,4812.966575106289,11.77013137846072,OR,OREGON,0.06340192,305151.3217575629
183,2024,38,1582.6918151798477,7.032697170768345,PA,PENNSYLVANIA,0.06340192,100345.69985068748
184,2024,39,0.0,0.0,RI,RHODE ISLAND,0.06340192,0.0
185,2024,40,76957.32899890344,373.1638180243991,SC,SOUTH CAROLINA,0.06340192,4879242.416602156
186,2024,41,1834611.2344130443,11103.009810331136,SD,SOUTH DAKOTA,0.06340192,116317874.71535708
187,2024,42,252132.1552422802,1116.271855798126,TN,TENNESSEE,0.06340192,15985662.736098628
188,2024,43,2632644.4706726214,11756.07682841442,TX,TEXAS,0.06340192,166914714.11802787
189,2024,44,0.0,0.0,UT,UTAH,0.06340192,0.0
190,2024,45,0.0,0.0,VT,VERMONT,0.06340192,0.0
191,2024,46,6105.203393719041,45.99243130472621,VA,VIRGINIA,0.06340192,387081.6171523031
192,2024,47,74196.37870690649,369.47623924019285,WA,WASHINGTON,0.06340192,4704192.867064988
193,2024,48,5224.780650006498,42.839975704853074,WV,WEST VIRGINIA,0.06340192,331261.12478926
194,2024,49,1862917.5958961733,10476.762169132628,WI,WISCONSIN,0.06340192,118112552.3816015
195,2024,50,15856.947377961058,260.75774004920066,WY,WYOMING,0.06340192,1005360.9091016968
196,2025,0,28214.216753232,403.44026268434686,AL,ALABAMA,0.0635959,1794308.507216867
197,2025,2,0.0,0.0,AZ,ARIZONA,0.0635959,0.0
198,2025,3,44817.71310545998,264.7678965201617,AR,ARKANSAS,0.0635959,2850222.8008835223
199,2025,4,7942.395764297575,110.96276847842702,CA,CALIFORNIA,0.0635959,505103.8067866921
200,2025,5,163712.06234543462,2268.9998844493543,CO,COLORADO,0.0635959,10411415.945714025
201,2025,6,4624.03205175684,82.0053018489605,CT,CONNECTICUT,0.0635959,294069.47996032285
202,2025,7,29998.80120827495,346.4954542168777,DE,DELAWARE,0.0635959,1907800.7617613329
203,2025,8,0.0,0.0,DC,DISTRICT OF COLUMBIA,0.0635959,0.0
204,2025,9,4131.809507818212,62.731717806278766,FL,FLORIDA,0.0635959,262766.1442782562
205,2025,10,58119.59909678472,571.4892809711405,GA,GEORGIA,0.0635959,3696168.212199211
206,2025,12,14546.884845396638,554.1698820475643,ID,IDAHO,0.0635959,925122.23393936
207,2025,13,1104179.9907732066,9800.591458366254,IL,ILLINOIS,0.0635959,70221320.27521376
208,2025,14,319566.7666789773,3742.304833250085,IN,INDIANA,0.0635959,20323136.137039572
209,2025,15,9463405.299027156,37263.9317505587,IA,IOWA,0.0635959,601833777.0564011
210,2025,16,1763421.0272448696,5819.999187079299,KS,KANSAS,0.0635959,112146347.306562
211,2025,17,175619.58265265735,2109.7412924132936,KY,KENTUCKY,0.0635959,11168685.416420132
212,2025,18,349230.08679949824,2176.3695105720826,LA,LOUISIANA,0.0635959,22209601.67709221
213,2025,19,83.30325645531599,7.347721751406415,ME,MAINE,0.0635959,5297.74556720663
214,2025,20,119993.09872569585,1169.9897924096203,MD,MARYLAND,0.0635959,7631069.107249481
215,2025,21,6487.211777388591,88.68600317063911,MA,MASSACHUSETTS,0.0635959,412560.0714736271
216,2025,22,260372.9698288367,1727.4247749216536,MI,MICHIGAN,0.0635959,16558653.351937715
217,2025,23,2436874.8038616707,12025.626205151211,MN,MINNESOTA,0.0635959,154975246.3389064
218,2025,24,551476.1982969145,2536.190802064107,MS,MISSISSIPPI,0.0635959,35071625.15927074
219,2025,25,332323.243569008,1834.455268263191,MO,MISSOURI,0.0635959,21134395.765690275
220,2025,26,0.0,0.0,MT,MONTANA,0.0635959,0.0
221,2025,27,1861717.3651514468,11025.363184346808,NE,NEBRASKA,0.0635959,118397591.38243489
222,2025,28,0.0,0.0,NV,NEVADA,0.0635959,0.0
223,2025,29,92.94833717987862,10.9318250489239,NH,NEW HAMPSHIRE,0.0635959,5911.133156457843
224,2025,30,16342.851959518215,214.49606491971943,NJ,NEW JERSEY,0.0635959,1039338.3789323244
225,2025,31,0.0,0.0,NM,NEW MEXICO,0.0635959,0.0
226,2025,32,213830.97711042143,2488.1666373611547,NY,NEW YORK,0.0635959,13598773.437216649
227,2025,33,218747.8674151885,2127.44143205889,NC,NORTH CAROLINA,0.0635959,13911467.501349585
228,2025,34,2611760.478136659,9477.63367438096,ND,NORTH DAKOTA,0.0635959,166097258.19153115
229,2025,35,276090.06749772653,4429.203786154775,OH,OHIO,0.0635959,17558196.323578667
230,2025,36,193261.94468765508,669.0021531208127,OK,OKLAHOMA,0.0635959,12290667.308161644
231,2025,37,7815.6444518141,29.678780234503307,OR,OREGON,0.0635959,497042.9429931243
232,2025,38,311193.1716593616,3311.0774845548067,PA,PENNSYLVANIA,0.0635959,19790609.825531594
233,2025,39,857.9701623902384,11.777483393742358,RI,RHODE ISLAND,0.0635959,54563.384650353364
234,2025,40,107772.14985602196,813.5128001668061,SC,SOUTH CAROLINA,0.0635959,6853866.865028586
235,2025,41,5691755.655004202,23241.31609952827,SD,SOUTH DAKOTA,0.0635959,361972323.46008176
236,2025,42,641911.3624258471,3649.639142027987,TN,TENNESSEE,0.0635959,40822930.81369793
237,2025,43,534373.583935752,2742.210833637159,TX,TEXAS,0.0635959,33983969.00661969
238,2025,44,0.0,0.0,UT,UTAH,0.0635959,0.0
239,2025,45,2116.4745833428337,43.820405046363874,VT,VERMONT,0.0635959,134599.10595481252
240,2025,46,107818.38541542184,1048.0872978889174,VA,VIRGINIA,0.0635959,6856807.257040625
241,2025,47,121749.7287136711,536.2809471813564,WA,WASHINGTON,0.0635959,7742783.572301755
242,2025,48,24798.96097265136,228.2058033033306,WV,WEST VIRGINIA,0.0635959,1577112.2421206385
243,2025,49,2200445.037090816,11507.344936705902,WI,WISCONSIN,0.0635959,139939282.5343238
244,2025,50,58923.76714492029,825.4519814228397,WY,WYOMING,0.0635959,3747310.002971636
245,2026,0,148117.01263326494,1102.2832205113257,AL,ALABAMA,0.0650281799999999,9631779.75857821
246,2026,2,0.0,0.0,AZ,ARIZONA,0.0650281799999999,0.0
247,2026,3,35138.5175013454,280.5307778371887,AR,ARKANSAS,0.0650281799999999,2284993.841010635
248,2026,4,5956.21286693522,77.79911257482183,CA,CALIFORNIA,0.0650281799999999,387321.68242937885
249,2026,5,135845.64595646638,1799.0323438668895,CO,COLORADO,0.0650281799999999,8833795.117473353
250,2026,6,6367.193701909617,106.26080512754788,CT,CONNECTICUT,0.0650281799999999,414047.0181426442
251,2026,7,76847.23401603948,546.7231424483721,DE,DELAWARE,0.0650281799999999,4997235.766097129
252,2026,8,0.0,0.0,DC,DISTRICT OF COLUMBIA,0.0650281799999999,0.0
253,2026,9,10275.600417881578,56.90129566514622,FL,FLORIDA,0.0650281799999999,668203.5935820774
254,2026,10,249513.1918571696,1162.0145371112087,GA,GEORGIA,0.0650281799999999,16225388.752462532
255,2026,12,9211.874119451068,399.7549753227989,ID,IDAHO,0.0650281799999999,599031.4083770046
256,2026,13,1879300.927050745,19547.65239669347,IL,ILLINOIS,0.0650281799999999,122207518.95842251
257,2026,14,596928.1469844548,8629.609378687674,IN,INDIANA,0.0650281799999999,38817150.98917153
258,2026,15,765588.4904360551,6458.470921485292,IA,IOWA,0.0650281799999999,49784826.16200399
259,2026,16,1171069.0771314038,5076.9015272502165,KS,KANSAS,0.0650281799999999,76152490.74013469
260,2026,17,532921.4505281751,6326.202533158506,KY,KENTUCKY,0.0650281799999999,34654912.01080721
261,2026,18,222757.38898328555,2275.63445251414,LA,LOUISIANA,0.0650281799999999,14485507.587135086
262,2026,19,683.1491063453726,17.865198311555247,ME,MAINE,0.0650281799999999,44423.94305426596
263,2026,20,284562.84572118486,1643.0839401600797,MD,MARYLAND,0.0650281799999999,18504603.952869408
264,2026,21,10228.342096829174,117.833747604753,MA,MASSACHUSETTS,0.0650281799999999,665130.4709741839
265,2026,22,100457.76555933556,1370.7698024836895,MI,MICHIGAN,0.0650281799999999,6532585.661190263
266,2026,23,58980.90909234786,981.2716291627846,MN,MINNESOTA,0.0650281799999999,3835421.173020827
267,2026,24,196038.64720165383,1973.254181683912,MS,MISSISSIPPI,0.0650281799999999,12748036.43718562
268,2026,25,776054.9500072843,5628.51366207775,MO,MISSOURI,0.0650281799999999,50465440.978964604
269,2026,26,0.0,0.0,MT,MONTANA,0.0650281799999999,0.0
270,2026,27,452078.59670001606,4779.127072593944,NE,NEBRASKA,0.0650281799999999,29397848.360356003
271,2026,28,0.0,0.0,NV,NEVADA,0.0650281799999999,0.0
272,2026,29,337.2042230282726,18.31505893121882,NH,NEW HAMPSHIRE,0.0650281799999999,21927.776911842622
273,2026,30,31994.52127322604,514.0814903574237,NJ,NEW JERSEY,0.0650281799999999,2080545.4883691687
274,2026,31,0.0,0.0,NM,NEW MEXICO,0.0650281799999999,0.0
275,2026,32,202796.8631614574,1979.488451650312,NY,NEW YORK,0.0650281799999999,13187510.921098601
276,2026,33,425323.6281459831,2850.5574225583523,NC,NORTH CAROLINA,0.0650281799999999,27658021.44933001
277,2026,34,1101960.7038334138,4929.124100389494,ND,NORTH DAKOTA,0.0650281799999999,71658499.00180581
278,2026,35,343701.9256536601,7277.902901725502,OH,OHIO,0.0650281799999999,22350310.687752787
279,2026,36,170117.64327104995,605.2349437048816,OK,OKLAHOMA,0.0650281799999999,11062440.727805607
280,2026,37,6130.537103856504,13.81863529973496,OR,OREGON,0.0650281799999999,398657.6702862588
281,2026,38,320939.28976499056,3289.388601281687,PA,PENNSYLVANIA,0.0650281799999999,20870097.90390993
282,2026,39,702.3099192278385,13.20952588739872,RI,RHODE ISLAND,0.0650281799999999,45669.93584333327
283,2026,40,202685.51613498427,1088.0172679465902,SC,SOUTH CAROLINA,0.0650281799999999,13180270.226618638
284,2026,41,764729.8416903473,5431.60960606689,SD,SOUTH DAKOTA,0.0650281799999999,49728989.79681133
285,2026,42,469897.907790472,3840.416829442505,TN,TENNESSEE,0.0650281799999999,30556605.729422163
286,2026,43,668613.3384836896,4220.129439794891,TX,TEXAS,0.0650281799999999,43478708.52531822
287,2026,44,0.0,0.0,UT,UTAH,0.0650281799999999,0.0
288,2026,45,2009.2644067865865,45.75501123947511,VT,VERMONT,0.0650281799999999,130658.80751211115
289,2026,46,260391.7625630822,1643.9182574488657,VA,VIRGINIA,0.0650281799999999,16932802.40646934
290,2026,47,129824.7038075827,532.7684923306309,WA,WASHINGTON,0.0650281799999999,8442264.20764616
291,2026,48,36256.34838792388,361.6613114007968,WV,WEST VIRGINIA,0.0650281799999999,2357684.3491126196
292,2026,49,228440.8429901418,3898.334250214089,WI,WISCONSIN,0.0650281799999999,14855092.257314656
293,2026,50,28225.68562903123,361.3515621175444,WY,WYOMING,0.0650281799999999,1835464.9657080532
294,2027,0,464.4349148814053,15.560215997167427,AL,ALABAMA,0.06646046,30866.558083079042
295,2027,2,0.0,0.0,AZ,ARIZONA,0.06646046,0.0
296,2027,3,34187.56590691887,391.94951769068064,AR,ARKANSAS,0.06646046,2272121.356454145
297,2027,4,12733.58278809172,167.43670428622744,CA,CALIFORNIA,0.06646046,846279.7695446583
298,2027,5,252090.7204706737,2507.055778319562,CO,COLORADO,0.06646046,16754065.24421239
299,2027,6,3981.912858877306,73.6084492144163,CT,CONNECTICUT,0.06646046,264639.7602809008
300,2027,7,4644.972450162726,83.40845119718942,DE,DELAWARE,0.06646046,308707.00572514185
301,2027,8,0.0,0.0,DC,DISTRICT OF COLUMBIA,0.06646046,0.0
302,2027,9,2426.444363610905,22.55942310563876,FL,FLORIDA,0.06646046,161262.60856998802
303,2027,10,41997.0494470141,363.6775177590496,GA,GEORGIA,0.06646046,2791143.2248913026
304,2027,12,25847.37027969057,990.3143265808249,ID,IDAHO,0.06646046,1717828.118578564
305,2027,13,7149703.988959946,40181.033907166944,IL,ILLINOIS,0.06646046,475172615.9701129
306,2027,14,1118705.8658804223,10880.537590160682,IN,INDIANA,0.06646046,74349706.45111117
307,2027,15,15830944.401295085,52781.37118166359,IA,IOWA,0.06646046,1052131847.1444958
308,2027,16,451238.1600771999,1899.0920169062097,KS,KANSAS,0.06646046,29989495.68828434
309,2027,17,280981.9991016176,3859.709828758778,KY,KENTUCKY,0.06646046,18674192.912013095
310,2027,18,823.8397788425073,26.951754099527207,LA,LOUISIANA,0.06646046,54752.7706681713
311,2027,19,1308.0677618211175,21.22727331566576,ME,MAINE,0.06646046,86934.7851618019
312,2027,20,160150.76494804444,999.0588018508324,MD,MARYLAND,0.06646046,10643693.50779891
313,2027,21,8925.985666696015,121.81877605403336,MA,MASSACHUSETTS,0.06646046,593225.1133620238
314,2027,22,357465.01796068234,2184.570192059334,MI,MICHIGAN,0.06646046,23757289.52757521
315,2027,23,9746454.864910448,31511.14824591087,MN,MINNESOTA,0.06646046,647753873.6911862
316,2027,24,0.0,0.0,MS,MISSISSIPPI,0.06646046,0.0
317,2027,25,1527095.733407205,8727.121052343877,MO,MISSOURI,0.06646046,101491484.9062802
318,2027,26,0.0,0.0,MT,MONTANA,0.06646046,0.0
319,2027,27,1827629.6068469845,11361.67369587793,NE,NEBRASKA,0.06646046,121465104.38066973
320,2027,28,0.0,0.0,NV,NEVADA,0.06646046,0.0
321,2027,29,124.64056528881888,5.043019932539015,NH,NEW HAMPSHIRE,0.06646046,8283.669303754936
322,2027,30,8116.4854227824335,198.58959778682288,NJ,NEW JERSEY,0.06646046,539425.354781415
323,2027,31,2.445949027426167,0.5770150485047294,NM,NEW MEXICO,0.06646046,162.55889749929568
324,2027,32,257990.1853947589,3385.009604197242,NY,NEW YORK,0.06646046,17146146.39682096
325,2027,33,187172.3447760767,1426.231879959535,NC,NORTH CAROLINA,0.06646046,12439560.133096654
326,2027,34,3133350.4815360606,10594.671177726626,ND,NORTH DAKOTA,0.06646046,208243914.34410807
327,2027,35,155881.26629514832,2261.7370278890694,OH,OHIO,0.06646046,10359940.663358053
328,2027,36,166325.0171731343,704.4294745389916,OK,OKLAHOMA,0.06646046,11054037.150834408
329,2027,37,7156.199582097957,28.408078191553493,OR,OREGON,0.06646046,475604.31607803795
330,2027,38,146448.35551635112,2097.1141797740347,PA,PENNSYLVANIA,0.06646046,9733025.073860234
331,2027,39,912.0235191820038,15.392645694209952,RI,RHODE ISLAND,0.06646046,60613.5026156548
332,2027,40,24063.030159714875,179.2218984280974,SC,SOUTH CAROLINA,0.06646046,1599240.053408524
333,2027,41,9769701.08340908,31769.497091082565,SD,SOUTH DAKOTA,0.06646046,649298828.0658659
334,2027,42,32530.37788231863,672.3365462700111,TN,TENNESSEE,0.06646046,2161983.878032722
335,2027,43,641922.1438398863,4850.967642812879,TX,TEXAS,0.06646046,42662440.96378501
336,2027,44,42.0652471277362,1.21913530514511,UT,UTAH,0.06646046,2795.6756741230265
337,2027,45,1449.762871933524,52.0064207377097,VT,VERMONT,0.06646046,96351.90735962307
338,2027,46,83376.67765317587,627.1558230567654,VA,VIRGINIA,0.06646046,5541252.3501017885
339,2027,47,111416.23616131415,506.9036379338201,WA,WASHINGTON,0.06646046,7404774.306749573
340,2027,48,23352.217948174053,288.72363661267985,WV,WEST VIRGINIA,0.06646046,1551999.1468559036
341,2027,49,2149273.849207943,12771.74591366612,WI,WISCONSIN,0.06646046,142841728.68433052
342,2027,50,47452.54278729407,548.2790348374814,WY,WYOMING,0.06646046,3153717.821813246
343,2028,0,321430.7344613735,1476.6829754175287,AL,ALABAMA,0.06789274,21822813.282795064
344,2028,2,0.0,0.0,AZ,ARIZONA,0.06789274,0.0
345,2028,3,209539.370347794,872.2520665984407,AR,ARKANSAS,0.06789274,14226201.990786485
346,2028,4,18347.70696293233,255.47740525447705,CA,CALIFORNIA,0.06789274,1245676.0984305541
347,2028,5,146775.6840408149,1854.930363379104,CO,COLORADO,0.06789274,9965003.354905196
348,2028,6,12174.011887540104,142.841622152772,CT,CONNECTICUT,0.06789274,826527.0238376694
349,2028,7,72709.8512171647,617.3280036281501,DE,DELAWARE,0.06789274,4936471.024125646
350,2028,8,0.0,0.0,DC,DISTRICT OF COLUMBIA,0.06789274,0.0
351,2028,9,18024.489196257146,110.13985081029702,FL,FLORIDA,0.06789274,1223731.958634295
352,2028,10,340202.8764919297,1491.2812404078377,GA,GEORGIA,0.06789274,23097305.440918695
353,2028,12,24035.76282055629,900.6812638499177,ID,IDAHO,0.06789274,1631853.7958776946
354,2028,13,15722405.70957049,47437.92016575975,IL,ILLINOIS,0.06789274,1067437203.0143846
355,2028,14,6583064.3279481605,27405.952537720223,IN,INDIANA,0.06789274,446942274.8206591
356,2028,15,26354788.25297033,56521.06454850835,IA,IOWA,0.06789274,1789298786.6139686
357,2028,16,2464606.702849088,10267.447240124184,KS,KANSAS,0.06789274,167328902.07879037
358,2028,17,1539094.2189965984,8475.330868949526,KY,KENTUCKY,0.06789274,104493323.64583911
359,2028,18,413448.64922627696,2376.05400189892,LA,LOUISIANA,0.06789274,28070161.645270817
360,2028,19,809.9573005439257,24.91924684202912,ME,MAINE,0.06789274,54990.2204169306
361,2028,20,173140.81215201467,1459.2462388805116,MD,MARYLAND,0.06789274,11755004.142825572
362,2028,21,15129.12846852924,143.93439472839628,MA,MASSACHUSETTS,0.06789274,1027157.9855404537
363,2028,22,1146469.634708108,3441.609415192132,MI,MICHIGAN,0.06789274,77836964.82713254
364,2028,23,12445510.025679285,32010.614628920204,MN,MINNESOTA,0.06789274,844959776.3408369
365,2028,24,755941.9510426711,2898.562584465566,MS,MISSISSIPPI,0.06789274,51322970.33723279
366,2028,25,3178555.1136686523,14207.83051386882,MO,MISSOURI,0.06789274,215800815.9079762
367,2028,26,0.0,0.0,MT,MONTANA,0.06789274,0.0
368,2028,27,3599364.268223156,17409.565120548046,NE,NEBRASKA,0.06789274,244370702.427765
369,2028,28,0.0,0.0,NV,NEVADA,0.06789274,0.0
370,2028,29,456.36225551423496,14.803472693222238,NH,NEW HAMPSHIRE,0.06789274,30983.683959441518
371,2028,30,55409.24925221488,615.4735536322751,NJ,NEW JERSEY,0.06789274,3761885.753075819
372,2028,31,0.0,0.0,NM,NEW MEXICO,0.06789274,0.0
373,2028,32,513595.8708760702,3753.9339593876566,NY,NEW YORK,0.06789274,34869430.926462606
374,2028,33,154356.4996145641,1851.5283671873883,NC,NORTH CAROLINA,0.06789274,10479685.695641698
375,2028,34,4880547.519607492,12562.224917781776,ND,NORTH DAKOTA,0.06789274,331353743.8063563
376,2028,35,2832139.010336524,16580.302569076077,OH,OHIO,0.06789274,192281677.4726349
377,2028,36,305185.1835689782,1280.3574245105033,OK,OKLAHOMA,0.06789274,20719858.319900908
378,2028,37,6115.637856336625,13.118199548688,OR,OREGON,0.06789274,415207.4109144198
379,2028,38,770725.9173774248,6489.560842893445,PA,PENNSYLVANIA,0.06789274,52326694.319766976
380,2028,39,1455.9152796132337,20.01220903645773,RI,RHODE ISLAND,0.06789274,98846.07754080856
381,2028,40,147856.69423457418,933.6571918719764,SC,SOUTH CAROLINA,0.06789274,10038396.098927444
382,2028,41,13129015.410053566,33520.488189733136,SD,SOUTH DAKOTA,0.06789274,891364829.69076
383,2028,42,721939.0975514294,4259.182204541587,TN,TENNESSEE,0.06789274,49014423.445893824
384,2028,43,2756025.652867032,14662.782451666812,TX,TEXAS,0.06789274,187114133.08343163
385,2028,44,0.0,0.0,UT,UTAH,0.06789274,0.0
386,2028,45,2955.0825999861736,55.79029630716956,VT,VERMONT,0.06789274,200628.65463938526
387,2028,46,174394.09359292476,1454.8782291806208,VA,VIRGINIA,0.06789274,11840092.853840107
388,2028,47,117033.33644981933,497.8131262456639,WA,WASHINGTON,0.06789274,7945713.882920106
389,2028,48,38394.4716715213,506.9723042584586,WV,WEST VIRGINIA,0.06789274,2606705.882631961
390,2028,49,6110341.630278083,16314.588474921802,WI,WISCONSIN,0.06789274,414847835.61564595
391,2028,50,31998.602631529586,377.4742328678951,WY,WYOMING,0.06789274,2172472.8088257536
392,2029,0,995.4719498580536,72.85023968412497,AL,ALABAMA,0.06932502,69011.11283334857
393,2029,2,0.0,0.0,AZ,ARIZONA,0.06932502,0.0
394,2029,3,0.0,0.0,AR,ARKANSAS,0.06932502,0.0
395,2029,4,22281.72469653877,291.6790399888558,CA,CALIFORNIA,0.06932502,1544681.0102220443
396,2029,5,393451.8058153888,4157.300154902894,CO,COLORADO,0.06932502,27276054.307187945
397,2029,6,0.0,0.0,CT,CONNECTICUT,0.06932502,0.0
398,2029,7,1014.7260292935408,16.88827536749429,DE,DELAWARE,0.06932502,70345.9022752953
399,2029,8,0.0,0.0,DC,DISTRICT OF COLUMBIA,0.06932502,0.0
400,2029,9,1418.7206301447682,10.447082409474024,FL,FLORIDA,0.06932502,98352.83605919866
401,2029,10,981.2364460048468,13.549940436226718,GA,GEORGIA,0.06932502,68024.23624401493
402,2029,12,12827.424126516453,481.8849523854418,ID,IDAHO,0.06932502,889261.4341192356
403,2029,13,2197537.345015158,22585.480966502026,IL,ILLINOIS,0.06932502,152344320.39392275
404,2029,14,33092.159394921255,757.9135970644314,IN,INDIANA,0.06932502,2294114.6118961037
405,2029,15,23702649.95627509,55711.401852363415,IA,IOWA,0.06932502,1643186682.2717698
406,2029,16,2712663.850407036,10488.397022803136,KS,KANSAS,0.06932502,188055475.68274477
407,2029,17,751.1149298678437,14.487246137846295,KY,KENTUCKY,0.06932502,52071.057535386855
408,2029,18,85.01631991740726,0.7570674689216019,LA,LOUISIANA,0.06932502,5893.758078600657
409,2029,19,305.94476732301723,7.371719774595172,ME,MAINE,0.06932502,21209.627113563518
410,2029,20,9858.08138884914,127.6546171147494,MD,MARYLAND,0.06932502,683411.6894435943
411,2029,21,1137.5920525356205,14.445058000123169,MA,MASSACHUSETTS,0.06932502,78863.59179387294
412,2029,22,317226.27455137484,2429.553296471845,MI,MICHIGAN,0.06932502,21991717.82779955
413,2029,23,9339711.203655897,31049.948411649257,MN,MINNESOTA,0.06932502,647475665.9876691
414,2029,24,56.35578913205188,9.992353379796288,MS,MISSISSIPPI,0.06932502,3906.8662086952795
415,2029,25,1324557.6495450672,9556.07058329122,MO,MISSOURI,0.06932502,91824985.54586479
416,2029,26,0.0,0.0,MT,MONTANA,0.06932502,0.0
417,2029,27,5271445.758697104,23772.845417205062,NE,NEBRASKA,0.06932502,365443082.65059185
418,2029,28,0.0,0.0,NV,NEVADA,0.06932502,0.0
419,2029,29,220.19632506589755,10.144092025432933,NH,NEW HAMPSHIRE,0.06932502,15265.114639119849
420,2029,30,24.802112408495628,2.953656827076401,NJ,NEW JERSEY,0.06932502,1719.4069387612076
421,2029,31,0.0,0.0,NM,NEW MEXICO,0.06932502,0.0
422,2029,32,2473.3530240180125,23.803126185234127,NY,NEW YORK,0.06932502,171465.2478571092
423,2029,33,8764.224706091258,194.5810565696277,NC,NORTH CAROLINA,0.06932502,607580.0530342706
424,2029,34,4529392.673414059,12174.871867826549,ND,NORTH DAKOTA,0.06932502,314000237.6722831
425,2029,35,67130.14142111805,1039.5692555105986,OH,OHIO,0.06932502,4653798.396621837
426,2029,36,160686.10035549707,600.9036984158357,OK,OKLAHOMA,0.06932502,11139567.12086684
427,2029,37,6117.253316729011,13.118358006085678,OR,OREGON,0.06932502,424078.70852730505
428,2029,38,408.1687777345182,25.44570580914083,PA,PENNSYLVANIA,0.06932502,28296.308679821028
429,2029,39,0.0,0.0,RI,RHODE ISLAND,0.06932502,0.0
430,2029,40,1105.9618885758416,35.00379568759093,SC,SOUTH CAROLINA,0.06932502,76670.830044758
431,2029,41,13950728.5274882,34913.61324110006,SD,SOUTH DAKOTA,0.06932502,967134534.18269
432,2029,42,1927.576843284272,49.01395185987833,TN,TENNESSEE,0.06932502,133629.303212219
433,2029,43,593333.3785877563,3142.5991183444003,TX,TEXAS,0.06932502,41132848.33726378
434,2029,44,0.0,0.0,UT,UTAH,0.06932502,0.0
435,2029,45,1510.8557020426608,23.24666293915228,VT,VERMONT,0.06932502,104740.10176122151
436,2029,46,10674.989153294304,178.33841468187063,VA,VIRGINIA,0.06932502,740043.8365519107
437,2029,47,102015.23520911002,469.6848333274589,WA,WASHINGTON,0.06932502,7072208.221176256
438,2029,48,3267.599581877349,81.02831325780362,WV,WEST VIRGINIA,0.06932502,226526.40636563886
439,2029,49,3595777.195541766,15053.354785100852,WI,WISCONSIN,0.06932502,249277325.99647686
440,2029,50,81648.30983148368,973.1822258326756,WY,WYOMING,0.06932502,5660270.712033803
441,2030,0,135470.36721553086,739.2116324109871,AL,ALABAMA,0.0707573,9585517.414179482
442,2030,2,0.0,0.0,AZ,ARIZONA,0.0707573,0.0
443,2030,3,134958.19320497592,678.6666827026442,AR,ARKANSAS,0.0707573,9549277.364062443
444,2030,4,31430.58226218312,437.2754839064663,CA,CALIFORNIA,0.0707573,2223943.1382999695
445,2030,5,322441.7275307844,3577.0804768765856,CO,COLORADO,0.0707573,22815106.047413968
446,2030,6,57.5155640057808,0.4934595899706575,CT,CONNECTICUT,0.0707573,4069.646017026234
447,2030,7,4966.460721327523,71.49747657040707,DE,DELAWARE,0.0707573,351413.3511971879
448,2030,8,0.0,0.0,DC,DISTRICT OF COLUMBIA,0.0707573,0.0
449,2030,9,13820.622277959352,58.98290812409463,FL,FLORIDA,0.0707573,977909.9167082532
450,2030,10,254028.0261094855,1325.2759465818456,GA,GEORGIA,0.0707573,17974337.2518367
451,2030,12,19507.49374484825,739.0732899765637,ID,IDAHO,0.0707573,1380297.587152351
452,2030,13,411107.520114794,4732.0158477959785,IL,ILLINOIS,0.0707573,29088858.133018512
453,2030,14,151344.98388911932,3303.6740190700307,IN,INDIANA,0.0707573,10708762.428537583
454,2030,15,2055321.7943502225,14746.342716482788,IA,IOWA,0.0707573,145429020.79937696
455,2030,16,2016020.297442224,6795.229828019591,KS,KANSAS,0.0707573,142648152.99220866
456,2030,17,466836.10908706137,4819.021077499161,KY,KENTUCKY,0.0707573,33032062.621505924
457,2030,18,1052406.043974377,4307.774975348553,LA,LOUISIANA,0.0707573,74465410.17530818
458,2030,19,415.8033583779083,25.15035250396861,ME,MAINE,0.0707573,29421.122969753167
459,2030,20,69396.0685163103,998.8147001066562,MD,MARYLAND,0.0707573,4910278.438829123
460,2030,21,166.0059875247999,2.117851884164552,MA,MASSACHUSETTS,0.0707573,11746.135461088525
461,2030,22,128402.528959105,1567.8874631956346,MI,MICHIGAN,0.0707573,9085416.26231808
462,2030,23,369919.3647347911,3701.341632480313,MN,MINNESOTA,0.0707573,26174495.46634903
463,2030,24,758454.0198629614,2900.2267368158905,MS,MISSISSIPPI,0.0707573,53666158.619649515
464,2030,25,725940.3998363039,5578.316053641766,MO,MISSOURI,0.0707573,51365582.65333731
465,2030,26,0.0,0.0,MT,MONTANA,0.0707573,0.0
466,2030,27,4546215.369917715,20872.57587667615,NE,NEBRASKA,0.0707573,321677924.79387873
467,2030,28,0.0,0.0,NV,NEVADA,0.0707573,0.0
468,2030,29,264.50758703398884,10.927930086463167,NH,NEW HAMPSHIRE,0.0707573,18715.84268804006
469,2030,30,27171.15610438758,378.9865090396892,NJ,NEW JERSEY,0.0707573,1922557.6438249834
470,2030,31,0.0,0.0,NM,NEW MEXICO,0.0707573,0.0
471,2030,32,58740.874294312736,499.8805501786703,NY,NEW YORK,0.0707573,4156345.6647049743
472,2030,33,485509.6984247125,2938.180924387529,NC,NORTH CAROLINA,0.0707573,34353355.38434691
473,2030,34,2928269.2543305485,10324.09809674871,ND,NORTH DAKOTA,0.0707573,207196426.1094429
474,2030,35,298047.63899301057,5821.905293807167,OH,OHIO,0.0707573,21089046.206520148
475,2030,36,227575.5354807484,935.1781454236664,OK,OKLAHOMA,0.0707573,16102630.436671957
476,2030,37,7326.520317950427,32.03899293285383,OR,OREGON,0.0707573,518404.79609331366
477,2030,38,183102.94863006056,2386.5167881513744,PA,PENNSYLVANIA,0.0707573,12955870.267101783
478,2030,39,0.0,0.0,RI,RHODE ISLAND,0.0707573,0.0
479,2030,40,397191.1251397403,1582.895998866608,SC,SOUTH CAROLINA,0.0707573,28104171.598850142
480,2030,41,7553342.175555127,27912.5851800618,SD,SOUTH DAKOTA,0.0707573,534454098.31840676
481,2030,42,363576.7942401956,2638.2972983787377,TN,TENNESSEE,0.0707573,25725712.303091787
482,2030,43,1526157.6183642878,7693.519924648667,TX,TEXAS,0.0707573,107986792.44988742
483,2030,44,43.160602890052296,1.2190135187796445,UT,UTAH,0.0707573,3053.927726872297
484,2030,45,1384.999352869407,23.170237891300108,VT,VERMONT,0.0707573,97998.8147107865
485,2030,46,30646.079192942856,482.2352251821709,VA,VIRGINIA,0.0707573,2168433.8192788153
486,2030,47,116154.24110758338,512.8825619254139,WA,WASHINGTON,0.0707573,8218760.484321608
487,2030,48,21062.39185561968,277.635551100275,WV,WEST VIRGINIA,0.0707573,1490317.9792456382
488,2030,49,286713.8343803606,2957.612666919995,WI,WISCONSIN,0.0707573,20287096.793401487
489,2030,50,45638.1500590482,658.4346223426018,WY,WYOMING,0.0707573,3229232.2751730913
490,2031,0,129.1250453593542,7.351520611265775,AL,ALABAMA,0.0695394199999999,8979.28076176317
491,2031,2,0.0,0.0,AZ,ARIZONA,0.0695394199999999,0.0
492,2031,3,120.7636484433552,3.341851954167665,AR,ARKANSAS,0.0695394199999999,8397.834069834811
493,2031,4,17783.84462469596,232.89472065526945,CA,CALIFORNIA,0.0695394199999999,1236678.2405714728
494,2031,5,193411.97896074303,3201.2636723774062,CO,COLORADO,0.0695394199999999,13449756.837982252
495,2031,6,17104.020877707248,165.28228816868852,CT,CONNECTICUT,0.0695394199999999,1189403.691503651
496,2031,7,163941.86381142482,717.4826845785554,DE,DELAWARE,0.0695394199999999,11400422.123165455
497,2031,8,0.0,0.0,DC,DISTRICT OF COLUMBIA,0.0695394199999999,0.0
498,2031,9,0.0,0.0,FL,FLORIDA,0.0695394199999999,0.0
499,2031,10,1426.6436506070263,36.85063278799414,GA,GEORGIA,0.0695394199999999,99207.97200989511
500,2031,12,16514.382791754993,594.5014605469839,ID,IDAHO,0.0695394199999999,1148400.6009966212
501,2031,13,8759484.047990184,39093.45230881356,IL,ILLINOIS,0.0695394199999999,609129440.1964887
502,2031,14,3655963.759262413,22801.38295245921,IN,INDIANA,0.0695394199999999,254233599.36012745
503,2031,15,10352236.064391974,44804.05368051757,IA,IOWA,0.0695394199999999,719888491.6208994
504,2031,16,3154961.4688158967,12074.394594837057,KS,KANSAS,0.0695394199999999,219394190.6638052
505,2031,17,25512.645529236543,253.3787365557256,KY,KENTUCKY,0.0695394199999999,1774134.5727686996
506,2031,18,0.0,0.0,LA,LOUISIANA,0.0695394199999999,0.0
507,2031,19,2176.396524813952,33.649013744255775,ME,MAINE,0.0695394199999999,151345.3520255776
508,2031,20,467470.9933684488,2214.640575475308,MD,MARYLAND,0.0695394199999999,32507661.745665725
509,2031,21,10122.644542966824,141.43315013244637,MA,MASSACHUSETTS,0.0695394199999999,703922.8303840769
510,2031,22,693574.0646967653,3497.279563705983,MI,MICHIGAN,0.0695394199999999,48230738.18605546
511,2031,23,2540286.375512586,16233.29210404763,MN,MINNESOTA,0.0695394199999999,176650041.18704718
512,2031,24,118.95728598757192,25.083221504977093,MS,MISSISSIPPI,0.0695394199999999,8272.220672349866
513,2031,25,3936367.498906968,15391.246487519007,MO,MISSOURI,0.0695394199999999,273732712.78084075
514,2031,26,0.0,0.0,MT,MONTANA,0.0695394199999999,0.0
515,2031,27,3637922.458936454,20213.57206488504,NE,NEBRASKA,0.0695394199999999,252979017.79941443
516,2031,28,0.0,0.0,NV,NEVADA,0.0695394199999999,0.0
517,2031,29,527.3614584669426,20.826306603511988,NH,NEW HAMPSHIRE,0.0695394199999999,36672.40995214522
518,2031,30,168933.94320163314,791.8543092579814,NJ,NEW JERSEY,0.0695394199999999,11747568.428554494
519,2031,31,0.0,0.0,NM,NEW MEXICO,0.0695394199999999,0.0
520,2031,32,554715.8773274997,4428.72602430042,NY,NEW YORK,0.0695394199999999,38574620.37414542
521,2031,33,93013.42722781096,1447.3844970961034,NC,NORTH CAROLINA,0.0695394199999999,6468099.7816341715
522,2031,34,2679453.166241002,8466.238220789517,ND,NORTH DAKOTA,0.0695394199999999,186327619.09756255
523,2031,35,1613755.1578907552,11443.32375863979,OH,OHIO,0.0695394199999999,112219597.70173137
524,2031,36,163755.20468560836,611.2646117006102,OK,OKLAHOMA,0.0695394199999999,11387441.95581847
525,2031,37,5326.073868938164,12.620097254778065,OR,OREGON,0.0695394199999999,370372.08772311534
526,2031,38,1243718.849032242,10066.16090583794,PA,PENNSYLVANIA,0.0695394199999999,86487487.40476954
527,2031,39,1451.8121913524287,21.68872506147327,RI,RHODE ISLAND,0.0695394199999999,100958.17773557676
528,2031,40,694.2889830171255,9.451323630516052,SC,SOUTH CAROLINA,0.0695394199999999,48280.45319140069
529,2031,41,5716327.90314339,28751.07077124304,SD,SOUTH DAKOTA,0.0695394199999999,397510126.9144069
530,2031,42,11107.295416283729,136.6766500151058,TN,TENNESSEE,0.0695394199999999,772394.8810170279
531,2031,43,671846.6373741452,4110.55685249624,TX,TEXAS,0.0695394199999999,46719825.491948314
532,2031,44,0.0,0.0,UT,UTAH,0.0695394199999999,0.0
533,2031,45,3878.9047447755775,76.64227170624838,VT,VERMONT,0.0695394199999999,269736.78618694126
534,2031,46,175342.46994758022,1790.2814197298808,VA,VIRGINIA,0.0695394199999999,12193213.66152214
535,2031,47,80160.8089085331,400.45171298548746,WA,WASHINGTON,0.0695394199999999,5574336.158230216
536,2031,48,63550.65724387456,708.4468262033969,WV,WEST VIRGINIA,0.0695394199999999,4419275.845357829
537,2031,49,990146.9465264766,8048.794678795401,WI,WISCONSIN,0.0695394199999999,68854244.37622209
538,2031,50,63214.78154471527,756.5494661747157,WY,WYOMING,0.0695394199999999,4395919.244046197
539,2032,0,14105.751661114891,96.6021363655206,AL,ALABAMA,0.06832154,963726.6763449275
540,2032,2,0.0,0.0,AZ,ARIZONA,0.06832154,0.0
541,2032,3,11951.60213135392,215.84287033693607,AR,ARKANSAS,0.06832154,816551.8630813821
542,2032,4,17355.778387309845,227.5126515092976,CA,CALIFORNIA,0.06832154,1185773.5073197251
543,2032,5,284032.32339561085,3404.076064717273,CO,COLORADO,0.06832154,19405525.744166166
544,2032,6,0.0,0.0,CT,CONNECTICUT,0.06832154,0.0
545,2032,7,6209.928587204428,282.2633432361906,DE,DELAWARE,0.06832154,424271.8843678308
546,2032,8,0.0,0.0,DC,DISTRICT OF COLUMBIA,0.06832154,0.0
547,2032,9,2638.438311100611,39.55962641387491,FL,FLORIDA,0.06832154,180262.16860939283
548,2032,10,44445.64051489317,393.6322891637569,GA,GEORGIA,0.06832154,3036594.6062638946
549,2032,12,26853.1361655454,954.6029214951924,ID,IDAHO,0.06832154,1834647.6166597567
550,2032,13,1184320.6179565936,16025.352218870252,IL,ILLINOIS,0.06832154,80914608.47254612
551,2032,14,304550.838509195,5625.9764369768445,IN,INDIANA,0.06832154,20807382.29523951
552,2032,15,755709.0885103993,7605.96444667704,IA,IOWA,0.06832154,51631208.71902679
553,2032,16,1461204.059377694,6930.0744165477645,KS,KANSAS,0.06832154,99831711.5909355
554,2032,17,43581.60559629801,955.606160945287,KY,KENTUCKY,0.06832154,2977562.4100116985
555,2032,18,133105.07864022313,1803.501413722895,LA,LOUISIANA,0.06832154,9093943.95452115
556,2032,19,633.9609763121582,30.234412540572325,ME,MAINE,0.06832154,43313.19020155017
557,2032,20,25569.666363817192,791.8226675710114,MD,MARYLAND,0.06832154,1746958.9832621908
558,2032,21,599.1499516864526,11.73613943531018,MA,MASSACHUSETTS,0.06832154,40934.84739014404
559,2032,22,146797.0288803104,1730.6405080737322,MI,MICHIGAN,0.06832154,10029399.080527281
560,2032,23,194668.08465708405,1706.9175686258548,MN,MINNESOTA,0.06832154,13300023.332622355
561,2032,24,50151.61158279354,652.7834079847687,MS,MISSISSIPPI,0.06832154,3426435.3368182923
562,2032,25,1885250.181111392,13476.605357173372,MO,MISSOURI,0.06832154,128803195.65880921
563,2032,26,0.0,0.0,MT,MONTANA,0.06832154,0.0
564,2032,27,985227.0477519862,7000.569320320001,NE,NEBRASKA,0.06832154,67312229.15206923
565,2032,28,0.0,0.0,NV,NEVADA,0.06832154,0.0
566,2032,29,159.82999209037723,11.190306088120826,NH,NEW HAMPSHIRE,0.06832154,10919.831197802392
567,2032,30,10300.426700041444,239.8042678670592,NJ,NEW JERSEY,0.06832154,703741.0148039495
568,2032,31,10.406116668606357,0.6428952811360557,NM,NEW MEXICO,0.06832154,710.961916218856
569,2032,32,16417.11461717157,239.33193695875784,NY,NEW YORK,0.06832154,1121642.5530016723
570,2032,33,25780.00297642447,867.1933550554388,NC,NORTH CAROLINA,0.06832154,1761329.5045539034
571,2032,34,1221592.3928573695,7376.217490837273,ND,NORTH DAKOTA,0.06832154,83461073.53230047
572,2032,35,220586.8581042849,3696.3291698116736,OH,OHIO,0.06832154,15070833.849446226
573,2032,36,142052.37660315016,500.2293011121974,OK,OKLAHOMA,0.06832154,9705237.130187187
574,2032,37,6872.54011971107,27.296540890582243,OR,OREGON,0.06832154,469542.52469044464
575,2032,38,133786.2595096852,2526.5269408434447,PA,PENNSYLVANIA,0.06832154,9140483.280541336
576,2032,39,0.0,0.0,RI,RHODE ISLAND,0.06832154,0.0
577,2032,40,0.0,0.0,SC,SOUTH CAROLINA,0.06832154,0.0
578,2032,41,3211803.67610591,15208.522010594535,SD,SOUTH DAKOTA,0.06832154,219435373.32921696
579,2032,42,2448.4397746488576,154.58757635296342,TN,TENNESSEE,0.06832154,167281.1760012629
580,2032,43,456077.7632417802,2446.8680174357537,TX,TEXAS,0.06832154,31159935.14443382
581,2032,44,43.151969578370185,1.2187696824347456,UT,UTAH,0.06832154,2948.2090156274016
582,2032,45,400.6653691665274,12.456543931379368,VT,VERMONT,0.06832154,27374.07504612567
583,2032,46,15333.728614209416,427.25338254967176,VA,VIRGINIA,0.06832154,1047623.9528648532
584,2032,47,130683.42605166636,505.20490091612805,WA,WASHINGTON,0.06832154,8928492.920325965
585,2032,48,6310.7488293199,164.73667679896465,WV,WEST VIRGINIA,0.06832154,431160.07857233274
586,2032,49,372200.8152649643,4204.463583181114,WI,WISCONSIN,0.06832154,25429332.888157867
587,2032,50,62410.08559182728,774.146573958757,WY,WYOMING,0.06832154,4263953.159165451
588,2033,0,114688.70790372204,756.9029680983765,AL,ALABAMA,0.06710366,7696032.0610106755
589,2033,2,0.0,0.0,AZ,ARIZONA,0.06710366,0.0
590,2033,3,93690.04742527592,724.5453954811787,AR,ARKANSAS,0.06710366,6286945.087809591
591,2033,4,10215.51452983946,133.41378742065663,CA,CALIFORNIA,0.06710366,685498.4137354069
592,2033,5,299218.16719252354,3271.654565574871,CO,COLORADO,0.06710366,20078634.15711025
593,2033,6,8203.430684067192,110.38246763843836,CT,CONNECTICUT,0.06710366,550480.2234572122
594,2033,7,89190.60071564003,687.7361176278253,DE,DELAWARE,0.06710366,5985015.745618064
595,2033,8,0.0,0.0,DC,DISTRICT OF COLUMBIA,0.06710366,0.0
596,2033,9,6120.193211976012,38.71052833437797,FL,FLORIDA,0.06710366,410687.36443074624
597,2033,10,180767.9330416284,943.50323796873,GA,GEORGIA,0.06710366,12130189.917728197
598,2033,12,5754.5665469483965,206.44719135157283,ID,IDAHO,0.06710366,386152.47701379925
599,2033,13,562233.1761620585,3974.3655090421935,IL,ILLINOIS,0.06710366,37727903.893898875
600,2033,14,406478.2561598528,4595.013614915596,IN,INDIANA,0.06710366,27276178.698743667
601,2033,15,0.0,0.0,IA,IOWA,0.06710366,0.0
602,2033,16,798103.9494120296,3036.306483021161,KS,KANSAS,0.06710366,53555696.06600203
603,2033,17,762262.2731319951,6680.896173889195,KY,KENTUCKY,0.06710366,51150588.40707653
604,2033,18,11118.763771704987,203.4919720545141,LA,LOUISIANA,0.06710366,746109.743756809
605,2033,19,2605.327090247282,31.11907576925668,ME,MAINE,0.06710366,174826.9832527429
606,2033,20,112975.55952503096,1302.746555685948,MD,MARYLAND,0.06710366,7581073.534677438
607,2033,21,9626.359598682062,124.39805565991712,MA,MASSACHUSETTS,0.06710366,645963.9615476975
608,2033,22,41514.37690950965,674.7559334277767,MI,MICHIGAN,0.06710366,2785766.6332475864
609,2033,23,19189.23603804808,175.11479517136175,MN,MINNESOTA,0.06710366,1287667.9707569252
610,2033,24,19098.18275251157,283.92460571266594,MS,MISSISSIPPI,0.06710366,1281557.9620424004
611,2033,25,292272.0751336905,2036.103224292872,MO,MISSOURI,0.06710366,19612525.95726562
612,2033,26,0.0,0.0,MT,MONTANA,0.06710366,0.0
613,2033,27,396840.7821295665,2422.2010828727334,NE,NEBRASKA,0.06710366,26629468.918156505
614,2033,28,0.0,0.0,NV,NEVADA,0.06710366,0.0
615,2033,29,2000.1065824884868,21.04706698142024,NH,NEW HAMPSHIRE,0.06710366,134214.47207506935
616,2033,30,108701.81424837996,674.3300780197269,NJ,NEW JERSEY,0.06710366,7294289.584706444
617,2033,31,0.0,0.0,NM,NEW MEXICO,0.06710366,0.0
618,2033,32,120670.12877249032,2363.642000783617,NY,NEW YORK,0.06710366,8097407.293305407
619,2033,33,609492.1153593096,3700.400442852581,NC,NORTH CAROLINA,0.06710366,40899151.681751885
620,2033,34,59277.34521530487,369.262194450338,ND,NORTH DAKOTA,0.06710366,3977726.8190304446
621,2033,35,80768.55064537766,1635.2105623135371,OH,OHIO,0.06710366,5419865.361200203
622,2033,36,100696.12483510448,478.7932681631594,OK,OKLAHOMA,0.06710366,6757078.524252406
623,2033,37,5720.64623855381,12.619655634357803,OR,OREGON,0.06710366,383876.30017219373
624,2033,38,245946.38911248403,2456.25246720384,PA,PENNSYLVANIA,0.06710366,16503902.87323183
625,2033,39,247.8812578777876,7.96464110032862,RI,RHODE ISLAND,0.06710366,16633.73964900338
626,2033,40,133418.50861068658,856.0836531855131,SC,SOUTH CAROLINA,0.06710366,8952870.239518585
627,2033,41,207829.456544452,1764.9322398444365,SD,SOUTH DAKOTA,0.06710366,13946117.189943682
628,2033,42,300426.27660037274,2614.7821599212034,TN,TENNESSEE,0.06710366,20159702.720057365
629,2033,43,860945.9281505898,4892.722610134194,TX,TEXAS,0.06710366,57772622.84100161
630,2033,44,0.0,0.0,UT,UTAH,0.06710366,0.0
631,2033,45,5886.240353225437,75.98251987724984,VT,VERMONT,0.06710366,394988.2713411196
632,2033,46,120866.96444560128,1029.5225121902731,VA,VIRGINIA,0.06710366,8110615.687389716
633,2033,47,99771.33889991952,469.1126644513494,WA,WASHINGTON,0.06710366,6695022.003284972
634,2033,48,6835.063962435402,232.1422719354209,WV,WEST VIRGINIA,0.06710366,458657.80821351794
635,2033,49,24491.674861138028,271.8951702245118,WI,WISCONSIN,0.06710366,1643481.0227123534
636,2033,50,25425.664059727835,357.9893851306026,WY,WYOMING,0.06710366,1706155.1163381962
637,2034,0,3866.584637399011,158.17489014396898,AL,ALABAMA,0.06588578,254752.94477105106
638,2034,2,0.0,0.0,AZ,ARIZONA,0.06588578,0.0
639,2034,3,56674.42149461574,525.4867773694655,AR,ARKANSAS,0.06588578,3734038.4662215235
640,2034,4,24972.56404759299,336.95620850015484,CA,CALIFORNIA,0.06588578,1645336.8608756214
641,2034,5,514786.1216487085,4877.48816946177,CO,COLORADO,0.06588578,33917085.158000045
642,2034,6,2278.644273957855,99.61380330609518,CT,CONNECTICUT,0.06588578,150130.25533224698
643,2034,7,99717.8152566983,687.9214872362235,DE,DELAWARE,0.06588578,6569986.038083469
644,2034,8,0.0,0.0,DC,DISTRICT OF COLUMBIA,0.06588578,0.0
645,2034,9,0.0,0.0,FL,FLORIDA,0.06588578,0.0
646,2034,10,0.0,0.0,GA,GEORGIA,0.06588578,0.0
647,2034,12,25787.77232895965,953.2395694848392,ID,IDAHO,0.06588578,1699047.4943559233
648,2034,13,263938.5791782765,2325.760305712758,IL,ILLINOIS,0.06588578,17389799.161252506
649,2034,14,110498.49183719174,2010.2210625988776,IN,INDIANA,0.06588578,7280279.3235170115
650,2034,15,2477020.662732415,19647.4112887962,IA,IOWA,0.06588578,163200438.44024208
651,2034,16,2728038.235516692,11038.125500431091,KS,KANSAS,0.06588578,179738927.01684096
652,2034,17,3885.778987899912,177.04479981557745,KY,KENTUCKY,0.06588578,256017.5795253963
653,2034,18,31255.73400381316,722.6517273850119,LA,LOUISIANA,0.06588578,2059308.4143137531
654,2034,19,49.30469669690265,1.0298800318389365,ME,MAINE,0.06588578,3248.4783995388552
655,2034,20,163700.32360074169,1629.1488389251897,MD,MARYLAND,0.06588578,10785523.506687276
656,2034,21,1142.065242793693,19.859429814544843,MA,MASSACHUSETTS,0.06588578,75245.85933235184
657,2034,22,10868.58911288006,163.5990602257474,MI,MICHIGAN,0.06588578,716085.4712016108
658,2034,23,660568.5987184749,8974.470543600108,MN,MINNESOTA,0.06588578,43522077.37007372
659,2034,24,8302.332619140047,150.53617978692682,MS,MISSISSIPPI,0.06588578,547005.6604314849
660,2034,25,2135663.0243464983,11566.453604804574,MO,MISSOURI,0.06588578,140709824.17622805
661,2034,26,0.0,0.0,MT,MONTANA,0.06588578,0.0
662,2034,27,3999775.0206089327,20599.16121450453,NE,NEBRASKA,0.06588578,263528297.05733562
663,2034,28,0.0,0.0,NV,NEVADA,0.06588578,0.0
664,2034,29,49.15890627947981,8.034785815759692,NH,NEW HAMPSHIRE,0.06588578,3238.8728841704256
665,2034,30,20938.376907634884,238.44389454279167,NJ,NEW JERSEY,0.06588578,1379541.2944935125
666,2034,31,24.412662950574003,1.6649340390838503,NM,NEW MEXICO,0.06588578,1608.4473403756697
667,2034,32,31699.69235370373,584.0017993710318,NY,NEW YORK,0.06588578,2088558.9564838063
668,2034,33,257915.9688583985,2103.3885037809937,NC,NORTH CAROLINA,0.06588578,16992994.782691296
669,2034,34,804297.8135497107,4975.338282644927,ND,NORTH DAKOTA,0.06588578,52991788.798017256
670,2034,35,22860.43715115953,864.0277914467878,OH,OHIO,0.06588578,1506177.7328451239
671,2034,36,172308.32606036923,733.6175738536449,OK,OKLAHOMA,0.06588578,11352668.462981755
672,2034,37,6046.959583213374,12.62001870190921,OR,OREGON,0.06588578,398408.6487684881
673,2034,38,25560.57732324846,1221.0203387295478,PA,PENNSYLVANIA,0.06588578,1684078.574192537
674,2034,39,974.298338127984,19.32762485169731,RI,RHODE ISLAND,0.06588578,64192.405960265976
675,2034,40,25396.29599991999,440.05101315713017,SC,SOUTH CAROLINA,0.06588578,1673254.7710656086
676,2034,41,4592511.612892572,25637.67450731844,SD,SOUTH DAKOTA,0.06588578,302581209.7744852
677,2034,42,12504.823049918055,166.42079053244848,TN,TENNESSEE,0.06588578,823890.0204058301
678,2034,43,1238634.2593926264,6866.751186509082,TX,TEXAS,0.06588578,81608384.31480552
679,2034,44,0.0,0.0,UT,UTAH,0.06588578,0.0
680,2034,45,234.3611411343377,13.959504055363894,VT,VERMONT,0.06588578,15441.066585325925
681,2034,46,133560.4284773076,829.1820562421223,VA,VIRGINIA,0.06588578,8799733.007361624
682,2034,47,132417.29867601808,526.9579106867872,WA,WASHINGTON,0.06588578,8724417.00876242
683,2034,48,3579.55613547458,99.20173409788588,WV,WEST VIRGINIA,0.06588578,235841.84803952838
684,2034,49,281231.2960233503,3947.063905325817,WI,WISCONSIN,0.06588578,18529143.298909333
685,2034,50,100642.72458471009,1170.933420455437,WY,WYOMING,0.06588578,6630924.410588801
686,2035,0,28794.258331155965,471.369296951284,AL,ALABAMA,0.0646679,1862064.2183333607
687,2035,2,0.0,0.0,AZ,ARIZONA,0.0646679,0.0
688,2035,3,42940.7444140999,436.6616291093626,AR,ARKANSAS,0.0646679,2776887.765696571
689,2035,4,11740.653940009452,153.8569538287637,CA,CALIFORNIA,0.0646679,759243.4349271372
690,2035,5,74923.6530145556,963.1471187675652,CO,COLORADO,0.0646679,4845155.300779981
691,2035,6,0.0,0.0,CT,CONNECTICUT,0.0646679,0.0
692,2035,7,24915.50812648479,356.35228051517606,DE,DELAWARE,0.0646679,1611233.5879727057
693,2035,8,0.0,0.0,DC,DISTRICT OF COLUMBIA,0.0646679,0.0
694,2035,9,0.0,0.0,FL,FLORIDA,0.0646679,0.0
695,2035,10,1071.808680217606,14.300403282683105,GA,GEORGIA,0.0646679,69311.61655144412
696,2035,12,7339.260313680381,268.0259141349103,ID,IDAHO,0.0646679,474614.5520390515
697,2035,13,482715.91866180586,3476.0332139203524,IL,ILLINOIS,0.0646679,31216224.756429795
698,2035,14,244279.3583663964,3239.3071687329,IN,INDIANA,0.0646679,15797033.118902287
699,2035,15,91037.95033538406,698.0050265306592,IA,IOWA,0.0646679,5887233.068493582
700,2035,16,281624.7985667684,1436.5881859002343,KS,KANSAS,0.0646679,18212084.311235923
701,2035,17,172172.56718463637,3450.91906626412,KY,KENTUCKY,0.0646679,11134038.357439345
702,2035,18,142815.05243594685,1207.9369834868564,LA,LOUISIANA,0.0646679,9235549.529422568
703,2035,19,223.40242957082404,10.452254732081384,ME,MAINE,0.0646679,14446.965975243093
704,2035,20,76161.83259912759,1044.6376441903672,MD,MARYLAND,0.0646679,4925225.774337123
705,2035,21,2322.4461939544926,37.647827938621774,MA,MASSACHUSETTS,0.0646679,150187.7182260297
706,2035,22,35945.455634178965,611.0913881985043,MI,MICHIGAN,0.0646679,2324517.130405522
707,2035,23,177172.6169127023,1230.187121811297,MN,MINNESOTA,0.0646679,11457381.073248941
708,2035,24,76546.5586327188,632.957142744154,MS,MISSISSIPPI,0.0646679,4950105.199004796
709,2035,25,355373.07545941026,2828.384333155436,MO,MISSOURI,0.0646679,22981230.506501596
710,2035,26,0.0,0.0,MT,MONTANA,0.0646679,0.0
711,2035,27,676942.6833335308,6786.031705564052,NE,NEBRASKA,0.0646679,43776461.75154444
712,2035,28,0.0,0.0,NV,NEVADA,0.0646679,0.0
713,2035,29,296.4319015649211,12.677351840041617,NH,NEW HAMPSHIRE,0.0646679,19169.62856721016
714,2035,30,10081.487266606884,236.99467363965508,NJ,NEW JERSEY,0.0646679,651948.6104082073
715,2035,31,0.0,0.0,NM,NEW MEXICO,0.0646679,0.0
716,2035,32,45200.67465653183,1020.9186378144512,NY,NEW YORK,0.0646679,2923032.708621135
717,2035,33,21963.655399449617,1465.4952957157234,NC,NORTH CAROLINA,0.0646679,1420343.471006068
718,2035,34,785035.2199981193,4478.420039355913,ND,NORTH DAKOTA,0.0646679,50766579.103316374
719,2035,35,13497.651829213424,322.8110894927266,OH,OHIO,0.0646679,872864.7987263908
720,2035,36,89081.33696588785,342.67095193184224,OK,OKLAHOMA,0.0646679,5760702.990776339
721,2035,37,5463.154397650957,12.619725272373676,OR,OREGON,0.0646679,353290.7222718523
722,2035,38,75487.12924632448,1280.311743414869,PA,PENNSYLVANIA,0.0646679,4881594.125388387
723,2035,39,11.233387014746638,3.81645669379911,RI,RHODE ISLAND,0.0646679,726.4395481309342
724,2035,40,929.0960537032832,37.58042962992495,SC,SOUTH CAROLINA,0.0646679,60082.69069127855
725,2035,41,1506296.952116472,9886.021044865232,SD,SOUTH DAKOTA,0.0646679,97409060.6697728
726,2035,42,163002.52970638915,1790.544603504253,TN,TENNESSEE,0.0646679,10541031.290799804
727,2035,43,1048214.8258815858,5925.784497417089,TX,TEXAS,0.0646679,67785851.5386278
728,2035,44,0.0,0.0,UT,UTAH,0.0646679,0.0
729,2035,45,925.960776081962,35.510436947897254,VT,VERMONT,0.0646679,59879.938871590704
730,2035,46,12839.53585522003,296.57152620956674,VA,VIRGINIA,0.0646679,830305.8207317834
731,2035,47,102810.85402703164,491.9794504493306,WA,WASHINGTON,0.0646679,6648562.02713468
732,2035,48,3525.3648086389053,78.06467631692149,WV,WEST VIRGINIA,0.0646679,227977.93890857985
733,2035,49,179093.2139454335,3287.310697157839,WI,WISCONSIN,0.0646679,11581582.050101899
734,2035,50,46294.05127352661,703.1439906748819,WY,WYOMING,0.0646679,2993739.0783512914
735,2036,0,64575.58784513771,707.051826396166,AL,ALABAMA,0.06654738,4297336.183053761
736,2036,2,0.0,0.0,AZ,ARIZONA,0.06654738,0.0
737,2036,3,372084.5272134359,1427.9194551120718,AR,ARKANSAS,0.06654738,24761250.42459286
738,2036,4,18442.10407989036,243.70645913867423,CA,CALIFORNIA,0.06654738,1227273.7082040142
739,2036,5,447711.4288290929,4619.536596919079,CO,COLORADO,0.06654738,29794022.584632598
740,2036,6,11.563933787538453,2.084158963219026,CT,CONNECTICUT,0.06654738,769.5494960541607
741,2036,7,0.0,0.0,DE,DELAWARE,0.06654738,0.0
742,2036,8,0.0,0.0,DC,DISTRICT OF COLUMBIA,0.06654738,0.0
743,2036,9,47.9010877867231,0.6132180498710708,FL,FLORIDA,0.06654738,3187.6918913564214
744,2036,10,49004.53564478175,327.3227262922421,GA,GEORGIA,0.06654738,3261123.455276836
745,2036,12,10978.925977645882,393.70662611054473,ID,IDAHO,0.06654738,730618.759026272
746,2036,13,5637038.846658859,31310.12434122404,IL,ILLINOIS,0.06654738,375130166.20336884
747,2036,14,1360080.851161425,9028.151368947623,IN,INDIANA,0.06654738,90509817.2329628
748,2036,15,9148431.129069911,42344.6148244524,IA,IOWA,0.06654738,608804122.7500445
749,2036,16,2714231.660386714,10886.196149887874,KS,KANSAS,0.06654738,180625005.7117856
750,2036,17,363784.3314402179,2897.06530195534,KY,KENTUCKY,0.06654738,24208894.14239813
751,2036,18,894480.4985301375,4322.126779188558,LA,LOUISIANA,0.06654738,59525333.6382745
752,2036,19,55.31124744995214,2.4526597787881474,ME,MAINE,0.06654738,3680.8186023259964
753,2036,20,83.10818456264059,23.41631214613165,MD,MARYLAND,0.06654738,5530.631939200177
754,2036,21,0.0,0.0,MA,MASSACHUSETTS,0.06654738,0.0
755,2036,22,135791.22689647335,755.3362041978808,MI,MICHIGAN,0.06654738,9036550.376945833
756,2036,23,1708405.3870700742,15154.17544906501,MN,MINNESOTA,0.06654738,113689902.48739932
757,2036,24,842855.1973921189,3958.1208364046574,MS,MISSISSIPPI,0.06654738,56089805.105828345
758,2036,25,3584553.353552499,17438.38835553227,MO,MISSOURI,0.06654738,238542634.1491325
759,2036,26,0.0,0.0,MT,MONTANA,0.06654738,0.0
760,2036,27,5135588.983201534,24881.734266495107,NE,NEBRASKA,0.06654738,341759991.5889261
761,2036,28,0.0,0.0,NV,NEVADA,0.06654738,0.0
762,2036,29,0.0,0.0,NH,NEW HAMPSHIRE,0.06654738,0.0
763,2036,30,15.653743417515493,2.756849571823873,NJ,NEW JERSEY,0.06654738,1041.7156116279023
764,2036,31,0.0,0.0,NM,NEW MEXICO,0.06654738,0.0
765,2036,32,1451.7081965704135,13.364082882326784,NY,NEW YORK,0.06654738,96607.377006286
766,2036,33,180135.29200849656,1629.5526563138817,NC,NORTH CAROLINA,0.06654738,11987531.728700384
767,2036,34,2776595.1206769734,10617.105293915169,ND,NORTH DAKOTA,0.06654738,184775130.6018364
768,2036,35,216713.67811776567,1668.5657055415802,OH,OHIO,0.06654738,14421727.488900637
769,2036,36,262123.97010237537,1023.5536092238272,OK,OKLAHOMA,0.06654738,17443663.445511416
770,2036,37,5417.236260430045,12.619810033690577,OR,OREGON,0.06654738,360502.8799726172
771,2036,38,12566.710277950762,116.701455814736,PA,PENNSYLVANIA,0.06654738,836281.644216695
772,2036,39,0.0,0.0,RI,RHODE ISLAND,0.06654738,0.0
773,2036,40,79644.04499610077,558.3737607589305,SC,SOUTH CAROLINA,0.06654738,5300102.527092617
774,2036,41,8880438.347304106,31038.08119199888,SD,SOUTH DAKOTA,0.06654738,590969905.2646183
775,2036,42,413917.6757256817,2763.8151276965777,TN,TENNESSEE,0.06654738,27545136.855233718
776,2036,43,3135651.246616791,14478.815325166754,TX,TEXAS,0.06654738,208669375.0560813
777,2036,44,0.0,0.0,UT,UTAH,0.06654738,0.0
778,2036,45,0.0,0.0,VT,VERMONT,0.06654738,0.0
779,2036,46,3616.690635302787,65.6343492645027,VA,VIRGINIA,0.06654738,240681.286049936
780,2036,47,102599.97990956958,503.7841697850809,WA,WASHINGTON,0.06654738,6827759.851034492
781,2036,48,99.7478753917365,0.8550928177643097,WV,WEST VIRGINIA,0.06654738,6637.9597678865375
782,2036,49,1839758.647336591,11355.718327040173,WI,WISCONSIN,0.06654738,122431117.81259412
783,2036,50,94617.22310247654,1094.097693433636,WY,WYOMING,0.06654738,6296528.300345286
784,2037,0,295.5554871053803,34.74722572172916,AL,ALABAMA,0.06842686,20223.933938391663
785,2037,2,0.0,0.0,AZ,ARIZONA,0.06842686,0.0
786,2037,3,32986.11926410432,288.8623330345854,AR,ARKANSAS,0.06842686,2257136.56482817
787,2037,4,28130.62161613112,376.76548979199424,CA,CALIFORNIA,0.06842686,1924890.107039978
788,2037,5,180606.9316080458,3208.333878995515,CO,COLORADO,0.06842686,12358365.224173324
789,2037,6,4399.952253469565,96.95264294331956,CT,CONNECTICUT,0.06842686,301074.91685484647
790,2037,7,8217.384572879531,213.12869367889505,DE,DELAWARE,0.06842686,562289.8237345875
791,2037,8,0.0,0.0,DC,DISTRICT OF COLUMBIA,0.06842686,0.0
792,2037,9,0.0,0.0,FL,FLORIDA,0.06842686,0.0
793,2037,10,0.0,0.0,GA,GEORGIA,0.06842686,0.0
794,2037,12,13191.264463883308,469.5622709177877,ID,IDAHO,0.06842686,902636.8066931183
795,2037,13,6473340.508231786,33971.42591104852,IL,ILLINOIS,0.06842686,442950364.6891053
796,2037,14,260730.5420092572,4701.301804177992,IN,INDIANA,0.06842686,17840972.295791563
797,2037,15,8056109.72569986,44138.49330285547,IA,IOWA,0.06842686,551254292.3451028
798,2037,16,1998706.338296214,9712.23502830326,KS,KANSAS,0.06842686,136765198.79170766
799,2037,17,935.2323681377948,93.2407846213867,KY,KENTUCKY,0.06842686,63995.01432203335
800,2037,18,154549.17712931635,1137.188090851822,LA,LOUISIANA,0.06842686,10575314.906542933
801,2037,19,200.4522293227804,4.8324974621667565,ME,MAINE,0.06842686,13716.31663255779
802,2037,20,47784.89126962329,904.922096826986,MD,MARYLAND,0.06842686,3269770.065021735
803,2037,21,4015.681149062788,51.481261975287154,MA,MASSACHUSETTS,0.06842686,274780.45179155853
804,2037,22,204350.7045903668,1498.573093663039,MI,MICHIGAN,0.06842686,13983077.053906389
805,2037,23,1553189.8007567518,16146.119608748617,MN,MINNESOTA,0.06842686,106279901.04981016
806,2037,24,931.4208154111268,21.18854557451808,MS,MISSISSIPPI,0.06842686,63734.201737223026
807,2037,25,2435332.588574015,16960.99328489235,MO,MISSOURI,0.06842686,166642162.09179175
808,2037,26,0.0,0.0,MT,MONTANA,0.06842686,0.0
809,2037,27,3790571.237803127,22604.42219500505,NE,NEBRASKA,0.06842686,259376887.40918133
810,2037,28,0.0,0.0,NV,NEVADA,0.06842686,0.0
811,2037,29,21.884243996763068,2.3825451532656845,NH,NEW HAMPSHIRE,0.06842686,1497.470100172347
812,2037,30,16570.650130187052,177.32898455220288,NJ,NEW JERSEY,0.06842686,1133877.5565672913
813,2037,31,0.0,0.0,NM,NEW MEXICO,0.06842686,0.0
814,2037,32,34003.85515482207,768.5432416111325,NY,NEW YORK,0.06842686,2326777.0361392885
815,2037,33,12309.224698399095,360.9366305010458,NC,NORTH CAROLINA,0.06842686,842281.5951458971
816,2037,34,1089679.6967008575,5756.182755191329,ND,NORTH DAKOTA,0.06842686,74563360.05099204
817,2037,35,61014.851359935135,1575.4239121049095,OH,OHIO,0.06842686,4175054.691927091
818,2037,36,115047.5712227896,398.2857714416426,OK,OKLAHOMA,0.06842686,7872344.049401853
819,2037,37,5617.66859111046,12.619379395636152,OR,OREGON,0.06842686,384399.4222103127
820,2037,38,32154.1576551573,673.3544101573605,PA,PENNSYLVANIA,0.06842686,2200208.044287377
821,2037,39,572.8737419253719,9.241195756265515,RI,RHODE ISLAND,0.06842686,39199.95133640355
822,2037,40,0.0,0.0,SC,SOUTH CAROLINA,0.06842686,0.0
823,2037,41,3826018.692178389,21574.978870142942,SD,SOUTH DAKOTA,0.06842686,261802445.40707374
824,2037,42,560.4908357224134,21.71263044825862,TN,TENNESSEE,0.06842686,38352.62794726058
825,2037,43,319454.2868553014,1963.2821096449995,TX,TEXAS,0.06842686,21859253.763047554
826,2037,44,0.0,0.0,UT,UTAH,0.06842686,0.0
827,2037,45,2175.5801351172004,55.60862094064832,VT,VERMONT,0.06842686,148868.11732444575
828,2037,46,4752.825672700559,144.7174501823979,VA,VIRGINIA,0.06842686,325220.936910287
829,2037,47,85820.99337506654,506.0650631251183,WA,WASHINGTON,0.06842686,5872461.098736606
830,2037,48,2135.3955373196286,39.89584853413783,WV,WEST VIRGINIA,0.06842686,146118.411476795
831,2037,49,1596629.5870461827,12760.015014544924,WI,WISCONSIN,0.06842686,109252349.22466697
832,2037,50,21014.55239125972,576.2655771128557,WY,WYOMING,0.06842686,1437959.834439394
833,2038,0,132146.9384320493,913.6565951036704,AL,ALABAMA,0.07030634,9290767.583362725
834,2038,2,0.0,0.0,AZ,ARIZONA,0.07030634,0.0
835,2038,3,357865.0915771245,1329.5294930088553,AR,ARKANSAS,0.07030634,25160184.802552447
836,2038,4,17241.76492612553,224.8678800710013,CA,CALIFORNIA,0.07030634,1212205.387096256
837,2038,5,331964.85729489947,3956.976059817627,CO,COLORADO,0.07030634,23339234.12502668
838,2038,6,0.0,0.0,CT,CONNECTICUT,0.07030634,0.0
839,2038,7,567.0693639343513,14.551309584699082,DE,DELAWARE,0.07030634,39868.571504352236
840,2038,8,0.0,0.0,DC,DISTRICT OF COLUMBIA,0.07030634,0.0
841,2038,9,3851.46965155538,18.51097330474884,FL,FLORIDA,0.07030634,270782.7348219341
842,2038,10,212566.3174484568,925.3370868063486,GA,GEORGIA,0.07030634,14944759.787079135
843,2038,12,20227.062559325565,716.2177596869354,ID,IDAHO,0.07030634,1422090.7374972133
844,2038,13,4642383.22304281,30687.63824831044,IL,ILLINOIS,0.07030634,326388973.2895436
845,2038,14,517317.5926144279,6169.655814053168,IN,INDIANA,0.07030634,36370706.55433146
846,2038,15,2571279.902062499,21492.551015488985,IA,IOWA,0.07030634,180777279.02957276
847,2038,16,1906152.250791189,9263.979136813983,KS,KANSAS,0.07030634,134014588.2358906
848,2038,17,279832.79053969414,3690.555890251185,KY,KENTUCKY,0.07030634,19674019.314832516
849,2038,18,783721.2169306702,3701.101469023153,LA,LOUISIANA,0.07030634,55100570.342741445
850,2038,19,30.544430285015068,1.6319909272142747,ME,MAINE,0.07030634,2147.467100724566
851,2038,20,3249.703147431232,54.4772217238039,MD,MARYLAND,0.07030634,228474.7343823703
852,2038,21,2015.933821784332,31.951108365274244,MA,MASSACHUSETTS,0.07030634,141732.92869186864
853,2038,22,135116.4947977481,1244.0841467578316,MI,MICHIGAN,0.07030634,9499546.22285871
854,2038,23,1477578.4938400004,15807.532649152805,MN,MINNESOTA,0.07030634,103883135.96460296
855,2038,24,697443.391014704,3309.4616148538144,MS,MISSISSIPPI,0.07030634,49034692.17943272
856,2038,25,1690739.6346262265,13492.255380548835,MO,MISSOURI,0.07030634,118869715.60350724
857,2038,26,0.0,0.0,MT,MONTANA,0.07030634,0.0
858,2038,27,2312038.668632733,15092.368807707962,NE,NEBRASKA,0.07030634,162550976.73004028
859,2038,28,0.0,0.0,NV,NEVADA,0.07030634,0.0
860,2038,29,0.0,0.0,NH,NEW HAMPSHIRE,0.07030634,0.0
861,2038,30,342.88255085675746,17.83207999964616,NJ,NEW JERSEY,0.07030634,24106.81720060248
862,2038,31,0.0,0.0,NM,NEW MEXICO,0.07030634,0.0
863,2038,32,79735.39017719071,1480.7273744749764,NY,NEW YORK,0.07030634,5605903.45183023
864,2038,33,29854.191948132106,334.10705288996905,NC,NORTH CAROLINA,0.07030634,2098938.969530638
865,2038,34,1340013.1021789245,9345.108733669393,ND,NORTH DAKOTA,0.07030634,94211416.7662462
866,2038,35,38097.84835235192,720.1265228573302,OH,OHIO,0.07030634,2678520.2795288935
867,2038,36,267872.1061980166,1002.4292146235882,OK,OKLAHOMA,0.07030634,18833107.37487386
868,2038,37,5399.6591567576725,12.619788065818032,OR,OREGON,0.07030634,379630.27255911817
869,2038,38,14243.156030438236,245.36979641447888,PA,PENNSYLVANIA,0.07030634,1001384.170549041
870,2038,39,0.0,0.0,RI,RHODE ISLAND,0.07030634,0.0
871,2038,40,111661.77653314992,462.31136358293946,SC,SOUTH CAROLINA,0.07030634,7850530.82594366
872,2038,41,7536706.098513197,31756.43898898905,SD,SOUTH DAKOTA,0.07030634,529878221.4421423
873,2038,42,309636.85896679934,2093.866546329513,TN,TENNESSEE,0.07030634,21769434.28305184
874,2038,43,3405222.477757967,15334.727269640887,TX,TEXAS,0.07030634,239408729.29689404
875,2038,44,0.0,0.0,UT,UTAH,0.07030634,0.0
876,2038,45,446.7392172132033,31.64787613146392,VT,VERMONT,0.07030634,31408.599296725322
877,2038,46,4342.984688391972,92.69114503292084,VA,VIRGINIA,0.07030634,305339.35811688
878,2038,47,101166.55352534728,582.4980501079469,WA,WASHINGTON,0.07030634,7112650.108781264
879,2038,48,1620.228549466373,35.97114731828626,WV,WEST VIRGINIA,0.07030634,113912.33927648963
880,2038,49,1647527.8753806972,15063.096004462235,WI,WISCONSIN,0.07030634,115831654.96599293
881,2038,50,73856.58980060807,1139.9063947698326,WY,WYOMING,0.07030634,5192586.513762083
882,2039,0,49323.96387249119,843.7093448021828,AL,ALABAMA,0.07218582,3560490.7777861524
883,2039,2,0.0,0.0,AZ,ARIZONA,0.07218582,0.0
884,2039,3,57257.709964110254,558.7886190479142,AR,ARKANSAS,0.07218582,4133194.7450814694
885,2039,4,27412.592216838308,361.4088101209738,CA,CALIFORNIA,0.07218582,1978800.447498091
886,2039,5,306453.44352698425,3872.255982140481,CO,COLORADO,0.07218582,22121593.11281905
887,2039,6,5400.017349131618,98.44263044289028,CT,CONNECTICUT,0.07218582,389804.68036129215
888,2039,7,19811.05367246513,261.07363830147494,DE,DELAWARE,0.07218582,1430077.1544109066
889,2039,8,0.0,0.0,DC,DISTRICT OF COLUMBIA,0.07218582,0.0
890,2039,9,1499.9412117689487,21.41173488360504,FL,FLORIDA,0.07218582,108274.48632333521
891,2039,10,96919.67147847198,1068.6169862172776,GA,GEORGIA,0.07218582,6996225.959804112
892,2039,12,25930.31523493865,918.2320250573704,ID,IDAHO,0.07218582,1871801.0680925392
893,2039,13,3601408.5457876464,29469.26349763892,IL,ILLINOIS,0.07218582,259970629.0326888
894,2039,14,681142.4397778362,8436.067508698512,IN,INDIANA,0.07218582,49168825.55216372
895,2039,15,1272255.2371281397,14771.707923033897,IA,IOWA,0.07218582,91838787.54138921
896,2039,16,1190791.1157005224,5313.680012105124,KS,KANSAS,0.07218582,85958233.13555709
897,2039,17,401959.5393604898,6573.452783333283,KY,KENTUCKY,0.07218582,29015778.95555923
898,2039,18,268132.90556872863,3250.6833478045637,LA,LOUISIANA,0.07218582,19355393.65746124
899,2039,19,36.07718225908652,2.379565362091705,ME,MAINE,0.07218582,2604.260984661613
900,2039,20,237503.0379166123,1701.6828220099676,MD,MARYLAND,0.07218582,17144351.544501748
901,2039,21,15695.858702580908,178.40993768644728,MA,MASSACHUSETTS,0.07218582,1133018.431049939
902,2039,22,276361.05267028057,2370.1034937516247,MI,MICHIGAN,0.07218582,19949349.203067392
903,2039,23,2003591.7595030093,15763.82092509928,MN,MINNESOTA,0.07218582,144630914.1049675
904,2039,24,333074.6400406988,2508.6566924923,MS,MISSISSIPPI,0.07218582,24043266.012542676
905,2039,25,720903.1991919678,6033.280342171238,MO,MISSOURI,0.07218582,52038988.574295536
906,2039,26,0.0,0.0,MT,MONTANA,0.07218582,0.0
907,2039,27,935032.8489534648,5545.234017258486,NE,NEBRASKA,0.07218582,67496112.92864199
908,2039,28,0.0,0.0,NV,NEVADA,0.07218582,0.0
909,2039,29,30.77968715223799,2.3220633494566734,NH,NEW HAMPSHIRE,0.07218582,2221.856956427764
910,2039,30,21873.46429408353,411.9702652897564,NJ,NEW JERSEY,0.07218582,1578953.9563091407
911,2039,31,0.0,0.0,NM,NEW MEXICO,0.07218582,0.0
912,2039,32,96315.68735183329,1955.058497549828,NY,NEW YORK,0.07218582,6952626.870355714
913,2039,33,151156.43076574407,2721.057754526072,NC,NORTH CAROLINA,0.07218582,10911350.903098462
914,2039,34,1300041.7059347802,8201.799017755902,ND,NORTH DAKOTA,0.07218582,93844576.57710096
915,2039,35,247608.49759408587,3572.873432174966,OH,OHIO,0.07218582,17873822.437797114
916,2039,36,114555.37312586574,579.3788572308856,OK,OKLAHOMA,0.07218582,8269273.544496582
917,2039,37,5589.8059190228905,12.619378688441373,OR,OREGON,0.07218582,403504.723905521
918,2039,38,533330.7833097649,5419.175401597077,PA,PENNSYLVANIA,0.07218582,38498919.92445769
919,2039,39,2488.121266931762,29.444597687845214,RI,RHODE ISLAND,0.07218582,179607.07391290812
920,2039,40,0.0,0.0,SC,SOUTH CAROLINA,0.07218582,0.0
921,2039,41,5498740.5623140335,28377.23882275858,SD,SOUTH DAKOTA,0.07218582,396931096.4578996
922,2039,42,113402.3104911038,3000.33462561159,TN,TENNESSEE,0.07218582,8186038.77269493
923,2039,43,282138.7955301388,2201.7183806669127,TX,TEXAS,0.07218582,20366420.30915541
924,2039,44,0.0,0.0,UT,UTAH,0.07218582,0.0
925,2039,45,1724.1524452133076,32.66146678097313,VT,VERMONT,0.07218582,124459.35806272768
926,2039,46,81186.06910318627,867.1089396489481,VA,VIRGINIA,0.07218582,5860482.970790165
927,2039,47,140745.78919917345,732.1432867233718,WA,WASHINGTON,0.07218582,10159850.204889478
928,2039,48,18668.083004045227,257.7392856221044,WV,WEST VIRGINIA,0.07218582,1347570.8794750678
929,2039,49,616540.2469631296,5531.246377487788,WI,WISCONSIN,0.07218582,44505463.29003602
930,2039,50,95083.71697068776,1175.6646996124755,WY,WYOMING,0.07218582,6863696.078177012
931,2040,0,294146.86516313767,1570.639976824727,AL,ALABAMA,0.0740653,21786075.812367342
932,2040,2,0.0,0.0,AZ,ARIZONA,0.0740653,0.0
933,2040,3,93574.27287446702,963.5851968450412,AR,ARKANSAS,0.0740653,6930606.592729262
934,2040,4,21807.91778360171,289.6013901446691,CA,CALIFORNIA,0.0740653,1615209.973017796
935,2040,5,466909.9068731472,4698.314655865419,CO,COLORADO,0.0740653,34581822.325531706
936,2040,6,201.7760791880424,7.403397176697738,CT,CONNECTICUT,0.0740653,14944.605837886114
937,2040,7,38.39691712220852,27.44838922618513,DE,DELAWARE,0.0740653,2843.879185731511
938,2040,8,0.0,0.0,DC,DISTRICT OF COLUMBIA,0.0740653,0.0
939,2040,9,27387.0542903323,137.24222064300213,FL,FLORIDA,0.0740653,2028430.3921297488
940,2040,10,510132.5828694239,2299.936818916882,GA,GEORGIA,0.0740653,37783122.78999875
941,2040,12,39181.62157117263,1509.9900386925303,ID,IDAHO,0.0740653,2901998.5561553724
942,2040,13,12792146.989411203,46549.81486128908,IL,ILLINOIS,0.0740653,947454204.4148376
943,2040,14,1352299.5379530222,10254.580528315468,IN,INDIANA,0.0740653,100158470.96835198
944,2040,15,21649245.162716568,55929.55932768846,IA,IOWA,0.0740653,1603457837.7501514
945,2040,16,2777566.474042096,10149.951366780566,KS,KANSAS,0.0740653,205721294.16987008
946,2040,17,879267.2352360445,6433.9603707512415,KY,KENTUCKY,0.0740653,65123191.55792821
947,2040,18,948147.9917442556,4251.370321760757,LA,LOUISIANA,0.0740653,70224865.45293581
948,2040,19,236.2148071036712,5.597494702035339,ME,MAINE,0.0740653,17495.320552575537
949,2040,20,2948.207921511377,96.72665325371986,MD,MARYLAND,0.0740653,218359.9041691166
950,2040,21,102.6909784718398,5.386820766068493,MA,MASSACHUSETTS,0.0740653,7605.838127810356
951,2040,22,168951.08539844962,2138.2495442203044,MI,MICHIGAN,0.0740653,12513412.825361792
952,2040,23,6637189.516674015,30617.197322561333,MN,MINNESOTA,0.0740653,491585432.70931596
953,2040,24,998293.6206024712,4319.29730926158,MS,MISSISSIPPI,0.0740653,73938916.4980082
954,2040,25,3902570.235775469,18284.592239917733,MO,MISSOURI,0.0740653,289045035.2837808
955,2040,26,0.0,0.0,MT,MONTANA,0.0740653,0.0
956,2040,27,7615723.275558665,25517.45434125597,NE,NEBRASKA,0.0740653,564060829.1212353
957,2040,28,0.0,0.0,NV,NEVADA,0.0740653,0.0
958,2040,29,0.0,0.0,NH,NEW HAMPSHIRE,0.0740653,0.0
959,2040,30,6986.551310632412,168.62095887112687,NJ,NEW JERSEY,0.0740653,517461.0187873828
960,2040,31,11.772768323802548,1.8322147418190688,NM,NEW MEXICO,0.0740653,871.9536177329329
961,2040,32,90938.97754009096,1430.7017892617098,NY,NEW YORK,0.0740653,6735422.653200099
962,2040,33,95355.07347477016,1345.9225596275287,NC,NORTH CAROLINA,0.0740653,7062502.123430895
963,2040,34,3106197.36236684,11694.024789070983,ND,NORTH DAKOTA,0.0740653,230061439.5029087
964,2040,35,93692.99188260904,2141.1611719692783,OH,OHIO,0.0740653,6939399.551683003
965,2040,36,116116.55821291856,602.1664015257807,OK,OKLAHOMA,0.0740653,8600207.719007278
966,2040,37,5736.28082949563,27.299055761836804,OR,OREGON,0.0740653,424859.3605208427
967,2040,38,165168.6937031332,2839.9642420556206,PA,PENNSYLVANIA,0.0740653,12233268.84973067
968,2040,39,320.1842570847427,7.814496858713053,RI,RHODE ISLAND,0.0740653,23714.54305625859
969,2040,40,510602.9226398337,2105.1977909023008,SC,SOUTH CAROLINA,0.0740653,37817958.646196075
970,2040,41,13837696.961087408,36024.612252037914,SD,SOUTH DAKOTA,0.0740653,1024893176.7320272
971,2040,42,361160.0385375744,3071.0692799063104,TN,TENNESSEE,0.0740653,26749426.60229701
972,2040,43,640786.7565625944,6698.298410279378,TX,TEXAS,0.0740653,47460063.36083552
973,2040,44,43.16491647421415,1.2191353501966216,UT,UTAH,0.0740653,3197.0224881376134
974,2040,45,496.3305635678336,16.374397499059373,VT,VERMONT,0.0740653,36760.87208982067
975,2040,46,5116.961038177366,129.23472692707446,VA,VIRGINIA,0.0740653,378989.2543809181
976,2040,47,126886.1783475032,730.5492785979358,WA,WASHINGTON,0.0740653,9397862.86516133
977,2040,48,6165.376721329278,260.0796388621361,WV,WEST VIRGINIA,0.0740653,456640.4764782693
978,2040,49,2197023.874208614,14771.913296936966,WI,WISCONSIN,0.0740653,162723232.35042328
979,2040,50,103158.4425884594,1199.229619522668,WY,WYOMING,0.0740653,7640460.997847022
980,2041,0,74319.65632709919,1046.7092484458103,AL,ALABAMA,0.07462924,5546419.468752604
981,2041,2,0.0,0.0,AZ,ARIZONA,0.07462924,0.0
982,2041,3,162403.9941973192,888.058236750833,AR,ARKANSAS,0.07462924,12120086.659910342
983,2041,4,17455.770947715286,231.6146274884191,CA,CALIFORNIA,0.07462924,1302710.9194420716
984,2041,5,456304.8742995802,4712.864687877884,CO,COLORADO,0.07462924,34053685.977273196
985,2041,6,7938.188321884946,150.64483248534046,CT,CONNECTICUT,0.07462924,592420.9614391489
986,2041,7,1983.806730264456,41.686728045988886,DE,DELAWARE,0.07462924,148049.98858652136
987,2041,8,0.0,0.0,DC,DISTRICT OF COLUMBIA,0.07462924,0.0
988,2041,9,4826.940038559386,50.49399768571921,FL,FLORIDA,0.07462924,360230.8666032577
989,2041,10,30826.706279398328,549.6918323087691,GA,GEORGIA,0.07462924,2300573.661334725
990,2041,12,45400.66171128842,1639.9450230793516,ID,IDAHO,0.07462924,3388216.8790105544
991,2041,13,21209378.05877702,48151.16015880343,IL,ILLINOIS,0.07462924,1582839765.3992043
992,2041,14,4765851.708406961,24027.636434954395,IN,INDIANA,0.07462924,355671890.95111305
993,2041,15,22204617.77074122,54462.30591161374,IA,IOWA,0.07462924,1657113748.7209117
994,2041,16,1700817.201844218,7678.847610382487,KS,KANSAS,0.07462924,126930695.15256059
995,2041,17,1289873.3504649864,7877.168983671465,KY,KENTUCKY,0.07462924,96262267.84145558
996,2041,18,14038.314067661278,344.04896214142275,LA,LOUISIANA,0.07462924,1047668.7097508698
997,2041,19,306.82340947253687,11.201623144567057,ME,MAINE,0.07462924,22897.997863144228
998,2041,20,14368.124976442692,481.29675651121926,MD,MARYLAND,0.07462924,1072282.247216936
999,2041,21,6065.735804649254,114.54179466997115,MA,MASSACHUSETTS,0.07462924,452681.2531417622
1000,2041,22,1125388.6147627276,5215.78591502127,MI,MICHIGAN,0.07462924,83986897.02439515
1001,2041,23,7637799.874004327,30220.96313371013,MN,MINNESOTA,0.07462924,570003199.8690387
1002,2041,24,242059.17311923607,2502.3844786108725,MS,MISSISSIPPI,0.07462924,18064692.12491702
1003,2041,25,2963442.6000623764,16486.775937100534,MO,MISSOURI,0.07462924,221159469.02627912
1004,2041,26,0.0,0.0,MT,MONTANA,0.07462924,0.0
1005,2041,27,3738691.4055924816,18008.56818413781,NE,NEBRASKA,0.07462924,279015698.1938987
1006,2041,28,0.0,0.0,NV,NEVADA,0.07462924,0.0
1007,2041,29,25.30593784329609,1.7036075877516512,NH,NEW HAMPSHIRE,0.07462924,1888.5629087324262
1008,2041,30,5650.014135773087,106.07192481652628,NJ,NEW JERSEY,0.07462924,421656.2609420023
1009,2041,31,0.0,0.0,NM,NEW MEXICO,0.07462924,0.0
1010,2041,32,483012.3297191751,4372.785600294119,NY,NEW YORK,0.07462924,36046843.07757145
1011,2041,33,172931.25729263798,1780.4893326151898,NC,NORTH CAROLINA,0.07462924,12905728.30399403
1012,2041,34,1175775.933117595,7815.206144867351,ND,NORTH DAKOTA,0.07462924,87747264.29885694
1013,2041,35,1346184.3354131032,13715.496547488492,OH,OHIO,0.07462924,100464713.85178499
1014,2041,36,219818.47034538267,984.0859602745608,OK,OKLAHOMA,0.07462924,16404885.379838446
1015,2041,37,5823.127569819975,12.44365043880412,OR,OREGON,0.07462924,434575.5849587117
1016,2041,38,462654.4111227362,5135.40053375505,PA,PENNSYLVANIA,0.07462924,34527547.084737346
1017,2041,39,1259.0747337689982,29.317764786429045,RI,RHODE ISLAND,0.07462924,93963.79048438267
1018,2041,40,72136.07893340208,869.494686579161,SC,SOUTH CAROLINA,0.07462924,5383460.747379808
1019,2041,41,8805685.77948228,33913.35330334181,SD,SOUTH DAKOTA,0.07462924,657161637.4015702
1020,2041,42,521263.5421397921,3809.390067316809,TN,TENNESSEE,0.07462924,38901501.98960066
1021,2041,43,1487683.230666683,8057.064735814121,TX,TEXAS,0.07462924,111024668.86539924
1022,2041,44,43.164914808668506,1.219135303155512,UT,UTAH,0.07462924,3221.364786835676
1023,2041,45,2266.155505270616,68.24441265025584,VT,VERMONT,0.07462924,169121.46308016204
1024,2041,46,15345.733393021306,350.6079349736903,VA,VIRGINIA,0.07462924,1145240.4203638013
1025,2041,47,199467.217907896,827.964227009518,WA,WASHINGTON,0.07462924,14886086.87738067
1026,2041,48,27741.19880733644,493.3742694895871,WV,WEST VIRGINIA,0.07462924,2070304.583680425
1027,2041,49,6260470.279188252,20042.34079706548,WI,WISCONSIN,0.07462924,467214138.9784071
1028,2041,50,106847.88885455012,1192.8673910282796,WY,WYOMING,0.07462924,7973976.740819546
1029,2042,0,155563.228170268,1421.9813034861477,AL,ALABAMA,0.07519318,11697293.817188032
1030,2042,2,0.0,0.0,AZ,ARIZONA,0.07519318,0.0
1031,2042,3,198720.71175993764,1026.7833477218198,AR,ARKANSAS,0.07519318,14942442.249093108
1032,2042,4,28737.827211987555,381.63487481515233,CA,CALIFORNIA,0.07519318,2160888.6143598785
1033,2042,5,513151.4533653045,4771.248456563307,CO,COLORADO,0.07519318,38585489.600158945
1034,2042,6,6598.955908363846,78.2629499589909,CT,CONNECTICUT,0.07519318,496196.4794296662
1035,2042,7,28937.56342360048,367.6392209196724,DE,DELAWARE,0.07519318,2175907.415272207
1036,2042,8,0.0,0.0,DC,DISTRICT OF COLUMBIA,0.07519318,0.0
1037,2042,9,227.54003691514623,3.1680846601120307,FL,FLORIDA,0.07519318,17109.458952967234
1038,2042,10,63377.77378911833,786.1701934802667,GA,GEORGIA,0.07519318,4765576.352524457
1039,2042,12,36537.18311518391,1454.0074787122742,ID,IDAHO,0.07519318,2747346.986672984
1040,2042,13,15731822.677675435,47504.05718052871,IL,ILLINOIS,0.07519318,1182925774.3305311
1041,2042,14,3325294.0495891087,22983.785801240163,IN,INDIANA,0.07519318,250039434.02368274
1042,2042,15,21897420.908850063,56558.02414691987,IA,IOWA,0.07519318,1646536711.9349263
1043,2042,16,3129070.542146364,9987.639994200534,KS,KANSAS,0.07519318,235284764.50830916
1044,2042,17,711542.5749188769,7458.791358960785,KY,KENTUCKY,0.07519318,53503148.9135386
1045,2042,18,653715.981249461,4203.447287392281,LA,LOUISIANA,0.07519318,49154983.44696734
1046,2042,19,2903.268634286753,61.16626055589301,ME,MAINE,0.07519318,218306.00100627798
1047,2042,20,178369.93915897197,1698.5577979215311,MD,MARYLAND,0.07519318,13412202.941769628
1048,2042,21,476.2609910261783,22.986403454500955,MA,MASSACHUSETTS,0.07519318,35811.57842520981
1049,2042,22,458915.5840493211,4091.9290765450633,MI,MICHIGAN,0.07519318,34507322.116225734
1050,2042,23,8125179.413074151,30246.293327757783,MN,MINNESOTA,0.07519318,610958078.1395789
1051,2042,24,537364.0683809816,3512.400361234817,MS,MISSISSIPPI,0.07519318,40406113.11930346
1052,2042,25,5656493.770963968,17063.254379306298,MO,MISSOURI,0.07519318,425329754.2889724
1053,2042,26,0.0,0.0,MT,MONTANA,0.07519318,0.0
1054,2042,27,7132986.496842275,24230.830263922344,NE,NEBRASKA,0.07519318,536351937.59463066
1055,2042,28,0.0,0.0,NV,NEVADA,0.07519318,0.0
1056,2042,29,3.0203336164115897,0.4470286683513718,NH,NEW HAMPSHIRE,0.07519318,227.10848927888762
1057,2042,30,3101.3606880667103,114.31038990956672,NJ,NEW JERSEY,0.07519318,233201.172462724
1058,2042,31,0.0,0.0,NM,NEW MEXICO,0.07519318,0.0
1059,2042,32,74717.00621711169,1603.796425709343,NY,NEW YORK,0.07519318,5618209.297544398
1060,2042,33,626590.6392013781,4714.349257380566,NC,NORTH CAROLINA,0.07519318,47115342.71978428
1061,2042,34,4130452.3589423103,10832.335030431292,ND,NORTH DAKOTA,0.07519318,310581847.70737374
1062,2042,35,811846.0402836122,13002.225587657304,OH,OHIO,0.07519318,61045285.4393329
1063,2042,36,188490.4584884568,854.9324614291097,OK,OKLAHOMA,0.07519318,14173196.97340506
1064,2042,37,5532.678519526468,12.444074294977096,OR,OREGON,0.07519318,416019.69180088723
1065,2042,38,260773.8539100856,3661.5049324786255,PA,PENNSYLVANIA,0.07519318,19608415.33635477
1066,2042,39,0.0,0.0,RI,RHODE ISLAND,0.07519318,0.0
1067,2042,40,36605.59521022693,834.5639765357689,SC,SOUTH CAROLINA,0.07519318,2752491.1096497313
1068,2042,41,14383523.832902618,34657.1517669896,SD,SOUTH DAKOTA,0.07519318,1081542896.6017365
1069,2042,42,339167.38319596776,3430.512919569242,TN,TENNESSEE,0.07519318,25503074.094783377
1070,2042,43,2248950.111311032,15369.1471364871,TX,TEXAS,0.07519318,169105710.53083044
1071,2042,44,0.0,0.0,UT,UTAH,0.07519318,0.0
1072,2042,45,1332.5184289501751,24.730926864023992,VT,VERMONT,0.07519318,100196.29808136773
1073,2042,46,144925.37555251012,1008.5616892399358,VA,VIRGINIA,0.07519318,10897399.850487493
1074,2042,47,172256.57688437955,822.8284052814342,WA,WASHINGTON,0.07519318,12952519.791850992
1075,2042,48,62194.12906655295,833.2023576174104,WV,WEST VIRGINIA,0.07519318,4676574.341844548
1076,2042,49,2609710.329421696,16363.836033757269,WI,WISCONSIN,0.07519318,196232418.54806486
1077,2042,50,107257.63899337228,1181.9174872771082,WY,WYOMING,0.07519318,8065042.95520366
1078,2043,0,248.16696909610005,27.30501259824767,AL,ALABAMA,0.07575712,18800.41485784954
1079,2043,2,0.0,0.0,AZ,ARIZONA,0.07575712,0.0
1080,2043,3,103372.7819900139,765.9331897243545,AR,ARKANSAS,0.07575712,7831224.249951322
1081,2043,4,20720.40027803809,273.38541922625177,CA,CALIFORNIA,0.07575712,1569717.850311365
1082,2043,5,416968.97257254494,4392.51954547921,CO,COLORADO,0.07575712,31588368.491454992
1083,2043,6,243.83290525949616,11.152837208086188,CT,CONNECTICUT,0.07575712,18472.078663692282
1084,2043,7,0.0,0.0,DE,DELAWARE,0.07575712,0.0
1085,2043,8,0.0,0.0,DC,DISTRICT OF COLUMBIA,0.07575712,0.0
1086,2043,9,0.0,0.0,FL,FLORIDA,0.07575712,0.0
1087,2043,10,779.1683653748653,22.80901731804368,GA,GEORGIA,0.07575712,59027.55135590751
1088,2043,12,45462.73252444094,1707.31955525635,ID,IDAHO,0.07575712,3444125.6833819747
1089,2043,13,18109453.676983435,47430.90721047702,IL,ILLINOIS,0.07575712,1371920055.3416753
1090,2043,14,3405479.414429892,21942.80033660829,IN,INDIANA,0.07575712,257989312.65649506
1091,2043,15,18658653.84905929,55820.56294710157,IA,IOWA,0.07575712,1413525878.6816466
1092,2043,16,2344697.04161065,9392.463908346928,KS,KANSAS,0.07575712,177627495.14494297
1093,2043,17,88455.5738155456,1615.0360017006155,KY,KENTUCKY,0.07575712,6701139.520213146
1094,2043,18,202064.78858277423,1852.2780788325465,LA,LOUISIANA,0.07575712,15307846.436439857
1095,2043,19,424.4578664810782,22.50907229085736,ME,MAINE,0.07575712,32155.70552595102
1096,2043,20,0.0,0.0,MD,MARYLAND,0.07575712,0.0
1097,2043,21,442.1565719519167,13.966492886034086,MA,MASSACHUSETTS,0.07575712,33496.50848014998
1098,2043,22,423451.8331259861,3490.241581970172,MI,MICHIGAN,0.07575712,32079491.336345304
1099,2043,23,4707402.223011613,28678.33846619673,MN,MINNESOTA,0.07575712,356619235.0969575
1100,2043,24,44563.1486855681,538.6682702784312,MS,MISSISSIPPI,0.07575712,3375975.802550425
1101,2043,25,4586388.533392477,16726.341687262313,MO,MISSOURI,0.07575712,347451586.4908379
1102,2043,26,0.0,0.0,MT,MONTANA,0.07575712,0.0
1103,2043,27,5377256.069928291,23574.65678197833,NE,NEBRASKA,0.07575712,407365433.36028594
1104,2043,28,0.0,0.0,NV,NEVADA,0.07575712,0.0
1105,2043,29,0.0,0.0,NH,NEW HAMPSHIRE,0.07575712,0.0
1106,2043,30,0.0,0.0,NJ,NEW JERSEY,0.07575712,0.0
1107,2043,31,0.0,0.0,NM,NEW MEXICO,0.07575712,0.0
1108,2043,32,7257.794363802921,82.16389392111027,NY,NEW YORK,0.07575712,549829.5985539415
1109,2043,33,0.0,0.0,NC,NORTH CAROLINA,0.07575712,0.0
1110,2043,34,2056918.1754042648,9603.718853272594,ND,NORTH DAKOTA,0.07575712,155826197.04428193
1111,2043,35,277796.7723970872,7568.028981899772,OH,OHIO,0.07575712,21045083.422098823
1112,2043,36,168284.5606531509,749.2547790986664,OK,OKLAHOMA,0.07575712,12748753.65554803
1113,2043,37,5629.806759852041,12.444070223819342,OR,OREGON,0.07575712,426497.9462829223
1114,2043,38,10730.248590744655,118.50561077402853,PA,PENNSYLVANIA,0.07575712,812892.7301188738
1115,2043,39,755.7824566902573,21.461460986859585,RI,RHODE ISLAND,0.07575712,57255.90226537862
1116,2043,40,0.0,0.0,SC,SOUTH CAROLINA,0.07575712,0.0
1117,2043,41,11613660.475294232,33533.57893309372,SD,SOUTH DAKOTA,0.07575712,879817470.2661221
1118,2043,42,47529.631849476966,839.2347716330064,TN,TENNESSEE,0.07575712,3600708.023576648
1119,2043,43,1603800.839575401,9959.248181492558,TX,TEXAS,0.07575712,121499332.6598144
1120,2043,44,43.16060167392298,1.2190134844316978,UT,UTAH,0.07575712,3269.722880283584
1121,2043,45,978.2025308395624,25.89229294761374,VT,VERMONT,0.07575712,74105.80651311643
1122,2043,46,0.0,0.0,VA,VIRGINIA,0.07575712,0.0
1123,2043,47,165307.2235255701,807.7411722542402,WA,WASHINGTON,0.07575712,12523199.169493437
1124,2043,48,11929.41575364444,112.87153920673838,WV,WEST VIRGINIA,0.07575712,903738.1807787323
1125,2043,49,2866839.9112309976,17692.693959276876,WI,WISCONSIN,0.07575712,217183535.17591602
1126,2043,50,95914.44929237556,1077.2823406230295,WY,WYOMING,0.07575712,7266202.44477641
1127,2044,0,1421.74891834327,44.792742299661256,AL,ALABAMA,0.07632106,108509.3845018118
1128,2044,2,0.0,0.0,AZ,ARIZONA,0.07632106,0.0
1129,2044,3,34371.58767131079,540.7416065698591,AR,ARKANSAS,0.07632106,2623276.004957371
1130,2044,4,28700.928488690817,388.8324515572311,CA,CALIFORNIA,0.07632106,2190485.285241081
1131,2044,5,478484.8118378618,4554.315400818588,CO,COLORADO,0.07632106,36518468.03336616
1132,2044,6,5997.025357969186,78.19809213659987,CT,CONNECTICUT,0.07632106,457699.3321670877
1133,2044,7,23467.49794369813,525.7703301211238,DE,DELAWARE,0.07632106,1791064.3186108617
1134,2044,8,0.0,0.0,DC,DISTRICT OF COLUMBIA,0.07632106,0.0
1135,2044,9,36057.00511734854,146.55584744488087,FL,FLORIDA,0.07632106,2751908.850981465
1136,2044,10,91692.24502911171,946.9617739072291,GA,GEORGIA,0.07632106,6998049.334401537
1137,2044,12,38117.32282625493,1351.5949063037413,ID,IDAHO,0.07632106,2909154.482461972
1138,2044,13,9924879.660324823,43146.53851102981,IL,ILLINOIS,0.07632106,757477336.0484304
1139,2044,14,1370540.8111860054,11432.236756036822,IN,INDIANA,0.07632106,104601127.48297578
1140,2044,15,13302991.210132502,49346.10675155492,IA,IOWA,0.07632106,1015298390.3279952
1141,2044,16,1583520.6075534003,6153.747322271108,KS,KANSAS,0.07632106,120855971.30031951
1142,2044,17,385785.0013109774,3357.183507244504,KY,KENTUCKY,0.07632106,29443520.23215518
1143,2044,18,1783.668229526627,78.45242924163058,LA,LOUISIANA,0.07632106,136131.44996579547
1144,2044,19,96.68321450495368,2.4208514151827742,ME,MAINE,0.07632106,7378.96541522544
1145,2044,20,17592.411878025072,454.3149758960821,MD,MARYLAND,0.07632106,1342671.5224874644
1146,2044,21,526.412806942236,6.885767727224952,MA,MASSACHUSETTS,0.07632106,40176.38342340681
1147,2044,22,107468.76600325896,1758.7209600962028,MI,MICHIGAN,0.07632106,8202130.138260687
1148,2044,23,5867748.3410896845,26262.335370364115,MN,MINNESOTA,0.07632106,447832773.2052063
1149,2044,24,43915.761127147096,626.131712930158,MS,MISSISSIPPI,0.07632106,3351697.4399306607
1150,2044,25,1500253.668195924,11498.158875100398,MO,MISSOURI,0.07632106,114500950.22560121
1151,2044,26,0.0,0.0,MT,MONTANA,0.07632106,0.0
1152,2044,27,5501103.010026781,22549.589983510094,NE,NEBRASKA,0.07632106,419850012.8944345
1153,2044,28,0.0,0.0,NV,NEVADA,0.07632106,0.0
1154,2044,29,5.379977570012136,0.4285639726896062,NH,NEW HAMPSHIRE,0.07632106,410.6055909195504
1155,2044,30,15396.68776657438,297.7256046769489,NJ,NEW JERSEY,0.07632106,1175091.5308339891
1156,2044,31,1.600781126793955,0.0988970876765423,NM,NEW MEXICO,0.07632106,122.17331242490903
1157,2044,32,83935.11947820896,1460.2124913140922,NY,NEW YORK,0.07632106,6406017.289803554
1158,2044,33,101552.46663465005,1577.652117292611,NC,NORTH CAROLINA,0.07632106,7750591.899171124
1159,2044,34,1300798.2660862063,7217.341652800429,ND,NORTH DAKOTA,0.07632106,99278302.5138613
1160,2044,35,135236.16849937622,3933.9980260976977,OH,OHIO,0.07632106,10321367.730211
1161,2044,36,121669.65838342802,500.4801059674531,OK,OKLAHOMA,0.07632106,9285957.297661113
1162,2044,37,5347.25041847301,12.44421823776268,OR,OREGON,0.07632106,408107.8200233037
1163,2044,38,72661.83955227648,1203.054958381279,PA,PENNSYLVANIA,0.07632106,5545628.616179666
1164,2044,39,1345.2215928393102,23.75833207235235,RI,RHODE ISLAND,0.07632106,102668.73790038456
1165,2044,40,176516.61936024192,1295.5771207336402,SC,SOUTH CAROLINA,0.07632106,13471935.497190185
1166,2044,41,11062333.08387779,32459.015671790745,SD,SOUTH DAKOTA,0.07632106,844288987.0346218
1167,2044,42,188094.1347027784,1757.2107634365857,TN,TENNESSEE,0.07632106,14355543.740298832
1168,2044,43,347204.5597725807,2173.440530424617,TX,TEXAS,0.07632106,26499020.038676716
1169,2044,44,43.1605975170286,1.219013367025774,UT,UTAH,0.07632106,3294.0625527329903
1170,2044,45,694.613787277392,21.928732361077127,VT,VERMONT,0.07632106,53013.660535625066
1171,2044,46,7386.571209633405,213.927410466224,VA,VIRGINIA,0.07632106,563750.9444847036
1172,2044,47,161546.65152024335,810.5497518405496,WA,WASHINGTON,0.07632106,12329411.683475584
1173,2044,48,4356.279546253269,73.44270115097069,WV,WEST VIRGINIA,0.07632106,332475.8726263685
1174,2044,49,92506.7580401845,1437.263630345089,WI,WISCONSIN,0.07632106,7060213.830790403
1175,2044,50,94099.58738393766,1125.9205963582026,WY,WYOMING,0.07632106,7181780.254704748
1176,2045,0,2889.906589899326,214.19511195843788,AL,ALABAMA,0.076885,222190.46816440966
1177,2045,2,0.0,0.0,AZ,ARIZONA,0.076885,0.0
1178,2045,3,423867.6260079325,1450.3373979911953,AR,ARKANSAS,0.076885,32589062.425619885
1179,2045,4,18735.506491135788,244.3493253022164,CA,CALIFORNIA,0.076885,1440479.416570975
1180,2045,5,343482.5838739538,3515.37883649219,CO,COLORADO,0.076885,26408658.461148933
1181,2045,6,932.8477681849932,18.17336138476346,CT,CONNECTICUT,0.076885,71722.00065690321
1182,2045,7,115.58203384932744,12.325096807362884,DE,DELAWARE,0.076885,8886.52467250554
1183,2045,8,0.0,0.0,DC,DISTRICT OF COLUMBIA,0.076885,0.0
1184,2045,9,0.0,0.0,FL,FLORIDA,0.076885,0.0
1185,2045,10,0.0,0.0,GA,GEORGIA,0.076885,0.0
1186,2045,12,30351.098950039977,1080.498103682524,ID,IDAHO,0.076885,2333544.2427738234
1187,2045,13,14968024.250836637,41691.43648915643,IL,ILLINOIS,0.076885,1150816544.5255747
1188,2045,14,1310824.1198760588,16558.071026744627,IN,INDIANA,0.076885,100782712.45667078
1189,2045,15,23475220.885456607,54511.40005042557,IA,IOWA,0.076885,1804892357.7783313
1190,2045,16,1912967.7202448668,7568.952731586802,KS,KANSAS,0.076885,147078523.1710266
1191,2045,17,193220.3232123921,4057.33005477137,KY,KENTUCKY,0.076885,14855744.550184766
1192,2045,18,867312.3322197874,4280.276580740229,LA,LOUISIANA,0.076885,66683308.66271835
1193,2045,19,156.78751316928953,3.562661887991149,ME,MAINE,0.076885,12054.607950020825
1194,2045,20,3622.307324371652,129.35824742035336,MD,MARYLAND,0.076885,278501.0986343145
1195,2045,21,4854.643952685174,99.35598341094526,MA,MASSACHUSETTS,0.076885,373249.30030219955
1196,2045,22,1092653.349527671,5809.050516902977,MI,MICHIGAN,0.076885,84008652.77843499
1197,2045,23,5106914.79832404,30323.668560278813,MN,MINNESOTA,0.076885,392645144.2691438
1198,2045,24,452887.3264199528,2938.823640062128,MS,MISSISSIPPI,0.076885,34820242.09179807
1199,2045,25,5099734.298342498,15604.35651378864,MO,MISSOURI,0.076885,392093071.52806294
1200,2045,26,0.0,0.0,MT,MONTANA,0.076885,0.0
1201,2045,27,3026165.948450745,19160.088786832588,NE,NEBRASKA,0.076885,232666768.9466355
1202,2045,28,0.0,0.0,NV,NEVADA,0.076885,0.0
1203,2045,29,0.0,0.0,NH,NEW HAMPSHIRE,0.076885,0.0
1204,2045,30,4269.445111656276,161.12992191215108,NJ,NEW JERSEY,0.076885,328256.2874096927
1205,2045,31,0.0,0.0,NM,NEW MEXICO,0.076885,0.0
1206,2045,32,51119.97022496411,1563.084722401602,NY,NEW YORK,0.076885,3930358.9107463653
1207,2045,33,15009.10071515057,524.422900943907,NC,NORTH CAROLINA,0.076885,1153974.7084843514
1208,2045,34,1344727.9878652254,7819.053333393381,ND,NORTH DAKOTA,0.076885,103389411.34701784
1209,2045,35,724244.9237415143,7296.713442294642,OH,OHIO,0.076885,55683570.96186633
1210,2045,36,276595.93306608265,1009.1361586517662,OK,OKLAHOMA,0.076885,21266078.313785765
1211,2045,37,5638.7064117793525,12.44392006902802,OR,OREGON,0.076885,433531.9424696555
1212,2045,38,239252.19668142893,4229.780579164899,PA,PENNSYLVANIA,0.076885,18394905.141851664
1213,2045,39,729.1030058385799,13.871348857247732,RI,RHODE ISLAND,0.076885,56057.08460389921
1214,2045,40,0.0,0.0,SC,SOUTH CAROLINA,0.076885,0.0
1215,2045,41,4660821.507138418,28146.720034268903,SD,SOUTH DAKOTA,0.076885,358347261.5763373
1216,2045,42,153693.82516663996,1633.1035130546566,TN,TENNESSEE,0.076885,11816749.747937111
1217,2045,43,3483401.782868999,17337.522681355527,TX,TEXAS,0.076885,267821346.07588297
1218,2045,44,0.0,0.0,UT,UTAH,0.076885,0.0
1219,2045,45,76.55249577218724,2.451965749099546,VT,VERMONT,0.076885,5885.738637444616
1220,2045,46,2489.0927434234072,75.25577137647488,VA,VIRGINIA,0.076885,191373.89557810867
1221,2045,47,168555.24730650586,822.7314620503632,WA,WASHINGTON,0.076885,12959370.189160703
1222,2045,48,19188.69759852161,414.4851783984285,WV,WEST VIRGINIA,0.076885,1475323.014862334
1223,2045,49,3514370.9094386417,17542.795583330033,WI,WISCONSIN,0.076885,270202407.37218994
1224,2045,50,80246.50605372038,966.362100610773,WY,WYOMING,0.076885,6169752.617940292
1225,2046,0,409718.420568314,2595.28164822198,AL,ALABAMA,0.0752811999999999,30844094.362487312
1226,2046,2,0.0,0.0,AZ,ARIZONA,0.0752811999999999,0.0
1227,2046,3,338214.37290641345,1437.7166774069306,AR,ARKANSAS,0.0752811999999999,25461183.849642254
1228,2046,4,24869.142236788663,325.23316545050966,CA,CALIFORNIA,0.0752811999999999,1872178.8705561322
1229,2046,5,489405.070733893,4728.9519551885,CO,COLORADO,0.0752811999999999,36843001.0109323
1230,2046,6,308.52619217772605,8.720865661126627,CT,CONNECTICUT,0.0752811999999999,23226.2219785698
1231,2046,7,841.6496134830853,32.812502452211824,DE,DELAWARE,0.0752811999999999,63360.39288254275
1232,2046,8,0.0,0.0,DC,DISTRICT OF COLUMBIA,0.0752811999999999,0.0
1233,2046,9,7807.267791846838,47.22118964437776,FL,FLORIDA,0.0752811999999999,587740.4880915794
1234,2046,10,69103.00796118942,826.7001783392354,GA,GEORGIA,0.0752811999999999,5202157.362927886
1235,2046,12,28169.94032202765,997.0228694361311,ID,IDAHO,0.0752811999999999,2120666.911370625
1236,2046,13,15417228.913887646,45890.3076323327,IL,ILLINOIS,0.0752811999999999,1160627493.312157
1237,2046,14,754720.0986183388,6266.649721889844,IN,INDIANA,0.0752811999999999,56816234.68810681
1238,2046,15,25258099.569729403,54703.31901786304,IA,IOWA,0.0752811999999999,1901460045.3287106
1239,2046,16,2702810.978460158,8426.997109904183,KS,KANSAS,0.0752811999999999,203470853.83165458
1240,2046,17,1193991.1423430494,8298.928862797644,KY,KENTUCKY,0.0752811999999999,89885085.98495543
1241,2046,18,1101325.9630946056,4925.7355206403145,LA,LOUISIANA,0.0752811999999999,82909140.09291752
1242,2046,19,0.0,0.0,ME,MAINE,0.0752811999999999,0.0
1243,2046,20,1626.7673414186695,47.8502949732112,MD,MARYLAND,0.0752811999999999,122464.99758280697
1244,2046,21,15.681228818002364,0.3266746029873134,MA,MASSACHUSETTS,0.0752811999999999,1180.501722893798
1245,2046,22,73660.61708649114,1120.3559915755168,MI,MICHIGAN,0.0752811999999999,5545259.647011549
1246,2046,23,8257004.295852032,30998.87117995487,MN,MINNESOTA,0.0752811999999999,621597191.7968951
1247,2046,24,1154289.141438468,5327.516996172977,MS,MISSISSIPPI,0.0752811999999999,86896271.71445748
1248,2046,25,5876095.579228388,16282.592424403974,MO,MISSOURI,0.0752811999999999,442359526.5190075
1249,2046,26,0.0,0.0,MT,MONTANA,0.0752811999999999,0.0
1250,2046,27,6887302.696215043,23008.177077944347,NE,NEBRASKA,0.0752811999999999,518484411.7343032
1251,2046,28,0.0,0.0,NV,NEVADA,0.0752811999999999,0.0
1252,2046,29,0.0,0.0,NH,NEW HAMPSHIRE,0.0752811999999999,0.0
1253,2046,30,13.48091646197051,17.2952447465184,NJ,NEW JERSEY,0.0752811999999999,1014.859568356893
1254,2046,31,0.0,0.0,NM,NEW MEXICO,0.0752811999999999,0.0
1255,2046,32,23100.338552084228,830.3754381639603,NY,NEW YORK,0.0752811999999999,1739021.2066071606
1256,2046,33,33960.012625001225,1237.4881834435414,NC,NORTH CAROLINA,0.0752811999999999,2556550.5024252385
1257,2046,34,2525633.246571777,8880.712309512282,ND,NORTH DAKOTA,0.0752811999999999,190132701.561819
1258,2046,35,229655.91657158904,3989.554627229398,OH,OHIO,0.0752811999999999,17288772.986609086
1259,2046,36,207872.85508409544,988.7529769651009,OK,OKLAHOMA,0.0752811999999999,15648917.978156785
1260,2046,37,5163.457413468193,11.527592914965958,OR,OREGON,0.0752811999999999,388711.2702347812
1261,2046,38,30267.99991774294,679.8424557709187,PA,PENNSYLVANIA,0.0752811999999999,2278611.355407587
1262,2046,39,287.20322227532404,3.8160749160342458,RI,RHODE ISLAND,0.0752811999999999,21621.003216753095
1263,2046,40,65911.62882378235,685.9704262994649,SC,SOUTH CAROLINA,0.0752811999999999,4961906.511808917
1264,2046,41,12291342.271766191,32312.17303426172,SD,SOUTH DAKOTA,0.0752811999999999,925306995.8292837
1265,2046,42,731798.4447227638,5101.4893381337815,TN,TENNESSEE,0.0752811999999999,55090665.07686326
1266,2046,43,3941356.0680494537,20928.198370201502,TX,TEXAS,0.0752811999999999,296710014.4300441
1267,2046,44,0.0,0.0,UT,UTAH,0.0752811999999999,0.0
1268,2046,45,0.0,0.0,VT,VERMONT,0.0752811999999999,0.0
1269,2046,46,1636.3304545293756,44.54806661462051,VA,VIRGINIA,0.0752811999999999,123184.92021351666
1270,2046,47,151669.89636485913,780.2894185957272,WA,WASHINGTON,0.0752811999999999,11417891.802222218
1271,2046,48,10268.87993008229,288.5140677569032,WV,WEST VIRGINIA,0.0752811999999999,773053.6037925098
1272,2046,49,2186423.806703893,16360.234462861785,WI,WISCONSIN,0.0752811999999999,164596607.8772369
1273,2046,50,106980.85691632544,1212.4927977366096,WY,WYOMING,0.0752811999999999,8053647.285689268
1274,2047,0,355309.1265800584,2017.7056800331984,AL,ALABAMA,0.0736773999999999,26178252.64268956
1275,2047,2,0.0,0.0,AZ,ARIZONA,0.0736773999999999,0.0
1276,2047,3,54277.40241662711,562.914815338582,AR,ARKANSAS,0.0736773999999999,3999017.888810797
1277,2047,4,35313.72971132806,476.13682644598833,CA,CALIFORNIA,0.0736773999999999,2601823.7894333987
1278,2047,5,360679.4081073564,3994.492563893909,CO,COLORADO,0.0736773999999999,26573921.02288891
1279,2047,6,219.9930841862912,3.607390081715764,CT,CONNECTICUT,0.0736773999999999,16208.518460827032
1280,2047,7,1647.5235832368787,31.220188435390483,DE,DELAWARE,0.0736773999999999,121385.25405157666
1281,2047,8,0.0,0.0,DC,DISTRICT OF COLUMBIA,0.0736773999999999,0.0
1282,2047,9,10385.808051225677,49.727917752847226,FL,FLORIDA,0.0736773999999999,765199.3341133738
1283,2047,10,383567.1406466781,2022.2998291197805,GA,GEORGIA,0.0736773999999999,28260229.648281526
1284,2047,12,36727.44098582335,1336.971759687436,ID,IDAHO,0.0736773999999999,2705982.3604888977
1285,2047,13,11160487.233178109,43760.41435959839,IL,ILLINOIS,0.0736773999999999,822275682.0737557
1286,2047,14,679547.7818863953,6696.462371133083,IN,INDIANA,0.0736773999999999,50067313.74515664
1287,2047,15,14459530.773000892,53256.410348146615,IA,IOWA,0.0736773999999999,1065340632.5746946
1288,2047,16,1356097.7403653031,5749.151555094064,KS,KANSAS,0.0736773999999999,99913755.65599045
1289,2047,17,925846.7798955136,6878.603691377935,KY,KENTUCKY,0.0736773999999999,68213983.54107362
1290,2047,18,259077.5566380036,3155.6956452249747,LA,LOUISIANA,0.0736773999999999,19088160.771440823
1291,2047,19,22.04013480308302,0.4413960357148624,ME,MAINE,0.0736773999999999,1623.8598279406667
1292,2047,20,16999.383321337944,424.3727387155193,MD,MARYLAND,0.0736773999999999,1252470.3647195427
1293,2047,21,1891.2637829508576,46.03781686249727,MA,MASSACHUSETTS,0.0736773999999999,139343.39824198335
1294,2047,22,160077.85200458398,1633.2168141017,MI,MICHIGAN,0.0736773999999999,11794119.93328252
1295,2047,23,8424817.94711844,31387.437403120144,MN,MINNESOTA,0.0736773999999999,620718681.8170234
1296,2047,24,958084.8083062808,4866.00545733676,MS,MISSISSIPPI,0.0736773999999999,70589197.65550508
1297,2047,25,3717878.674119025,15151.10126138391,MO,MISSOURI,0.0736773999999999,273923634.2245367
1298,2047,26,0.0,0.0,MT,MONTANA,0.0736773999999999,0.0
1299,2047,27,2593568.1518711154,19320.37222883452,NE,NEBRASKA,0.0736773999999999,191087358.15266865
1300,2047,28,0.0,0.0,NV,NEVADA,0.0736773999999999,0.0
1301,2047,29,0.0,0.0,NH,NEW HAMPSHIRE,0.0736773999999999,0.0
1302,2047,30,83.18365471378716,1.5609762591645853,NJ,NEW JERSEY,0.0736773999999999,6128.755401809575
1303,2047,31,0.0,0.0,NM,NEW MEXICO,0.0736773999999999,0.0
1304,2047,32,26217.44653056928,481.1285939982335,NY,NEW YORK,0.0736773999999999,1931633.2950113625
1305,2047,33,63811.28263046336,964.8611821935244,NC,NORTH CAROLINA,0.0736773999999999,4701449.3948776955
1306,2047,34,390801.1769470885,4297.659158802075,ND,NORTH DAKOTA,0.0736773999999999,28793214.63440138
1307,2047,35,73260.45777232789,2151.2138632153324,OH,OHIO,0.0736773999999999,5397640.051474905
1308,2047,36,98278.72266983942,334.7101091223332,OK,OKLAHOMA,0.0736773999999999,7240920.761634818
1309,2047,37,5058.07062700512,11.406362547067609,OR,OREGON,0.0736773999999999,372665.4928141065
1310,2047,38,17913.230708469833,540.9042656361489,PA,PENNSYLVANIA,0.0736773999999999,1319800.2642002136
1311,2047,39,0.0,0.0,RI,RHODE ISLAND,0.0736773999999999,0.0
1312,2047,40,199619.3052695719,1470.226742653233,SC,SOUTH CAROLINA,0.0736773999999999,14707431.402068337
1313,2047,41,4757628.026416428,29201.614831438143,SD,SOUTH DAKOTA,0.0736773999999999,350529663.15349334
1314,2047,42,950194.6312335916,4475.226458560515,TN,TENNESSEE,0.0736773999999999,70007869.92324974
1315,2047,43,247547.7584534968,1167.9702217493618,TX,TEXAS,0.0736773999999999,18238675.21868164
1316,2047,44,43.16059455557429,1.219013283383457,UT,UTAH,0.0736773999999999,3179.9603893088656
1317,2047,45,67.99929843128092,3.463589301778836,VT,VERMONT,0.0736773999999999,5010.01151024085
1318,2047,46,3044.3358163387093,100.22797287444396,VA,VIRGINIA,0.0736773999999999,224298.74767471332
1319,2047,47,167994.27122131162,771.0873955063363,WA,WASHINGTON,0.0736773999999999,12377381.11848105
1320,2047,48,1376.2208475126895,30.32292542110683,WV,WEST VIRGINIA,0.0736773999999999,101396.3738705313
1321,2047,49,3111330.2803019043,17873.641020024617,WI,WISCONSIN,0.0736773999999999,229234725.59391522
1322,2047,50,100847.21745693187,1215.184160328196,WY,WYOMING,0.0736773999999999,7430160.779461343
1323,2048,0,331984.10936425475,1849.7336111301915,AL,ALABAMA,0.0720736,23927289.904675554
1324,2048,2,0.0,0.0,AZ,ARIZONA,0.0720736,0.0
1325,2048,3,360086.2502727797,1336.946881445922,AR,ARKANSAS,0.0720736,25952712.367660217
1326,2048,4,28973.973247911526,387.5703656121458,CA,CALIFORNIA,0.0720736,2088258.5582806764
1327,2048,5,359001.50218725455,4385.96631599723,CO,COLORADO,0.0720736,25874530.66804331
1328,2048,6,464.3264301764055,7.243943727338293,CT,CONNECTICUT,0.0720736,33465.67739796218
1329,2048,7,474.74908356949953,29.05844057217988,DE,DELAWARE,0.0720736,34216.87554955469
1330,2048,8,0.0,0.0,DC,DISTRICT OF COLUMBIA,0.0720736,0.0
1331,2048,9,20804.21151896394,90.21693973492268,FL,FLORIDA,0.0720736,1499434.4193331995
1332,2048,10,419529.0065871083,2076.305385747355,GA,GEORGIA,0.0720736,30236965.80915661
1333,2048,12,30332.13714016585,1108.8449374430236,ID,IDAHO,0.0720736,2186146.3193854573
1334,2048,13,7991456.132818682,37300.4730743214,IL,ILLINOIS,0.0720736,575973012.7343205
1335,2048,14,495684.73734696576,5379.195894088633,IN,INDIANA,0.0720736,35725783.48565027
1336,2048,15,4778485.492152743,27922.38956467517,IA,IOWA,0.0720736,344402651.96721995
1337,2048,16,1271340.0152402336,5061.4186153883775,KS,KANSAS,0.0720736,91630051.7224185
1338,2048,17,715202.6245788827,5751.884516980927,KY,KENTUCKY,0.0720736,51547227.88284856
1339,2048,18,873275.1305159356,4270.483285409059,LA,LOUISIANA,0.0720736,62940082.44675333
1340,2048,19,16.203643010119485,1.5381985102030131,ME,MAINE,0.0720736,1167.8548848541477
1341,2048,20,554.4471633871935,29.983842206635583,MD,MARYLAND,0.0720736,39961.00307510324
1342,2048,21,299.80106066205434,9.68302290393686,MA,MASSACHUSETTS,0.0720736,21607.74172573264
1343,2048,22,8780.316135092404,112.726297565372,MI,MICHIGAN,0.0720736,632828.9929941959
1344,2048,23,512676.8320670238,7471.770197298114,MN,MINNESOTA,0.0720736,36950464.92366585
1345,2048,24,722065.4556983304,3875.200206811389,MS,MISSISSIPPI,0.0720736,52041856.82781919
1346,2048,25,2384799.442623674,12363.961312882491,MO,MISSOURI,0.0720736,171881081.10788164
1347,2048,26,0.0,0.0,MT,MONTANA,0.0720736,0.0
1348,2048,27,2714113.90793642,19981.23588460865,NE,NEBRASKA,0.0720736,195615960.15504637
1349,2048,28,0.0,0.0,NV,NEVADA,0.0720736,0.0
1350,2048,29,0.0,0.0,NH,NEW HAMPSHIRE,0.0720736,0.0
1351,2048,30,178.68620613272407,14.872602899169008,NJ,NEW JERSEY,0.0720736,12878.558146327501
1352,2048,31,0.0,0.0,NM,NEW MEXICO,0.0720736,0.0
1353,2048,32,3802.0080138458734,183.2052499241885,NY,NEW YORK,0.0720736,274024.404786722
1354,2048,33,219234.94912003307,2603.368269648676,NC,NORTH CAROLINA,0.0720736,15801052.028897615
1355,2048,34,928732.0961126618,5371.453874273094,ND,NORTH DAKOTA,0.0720736,66937065.602385536
1356,2048,35,14338.231809706283,372.03326906445113,OH,OHIO,0.0720736,1033407.9841600468
1357,2048,36,232268.54235736647,937.7995162865748,OK,OKLAHOMA,0.0720736,16740430.014447888
1358,2048,37,5010.744094913425,11.244969135678616,OR,OREGON,0.0720736,361142.3655991522
1359,2048,38,685.3515313222997,43.70972576215648,PA,PENNSYLVANIA,0.0720736,49395.752127910906
1360,2048,39,0.0,0.0,RI,RHODE ISLAND,0.0720736,0.0
1361,2048,40,167935.89951864147,1295.613990461078,SC,SOUTH CAROLINA,0.0720736,12103744.847546758
1362,2048,41,5816229.673497992,28726.63830721833,SD,SOUTH DAKOTA,0.0720736,419196610.9958249
1363,2048,42,622607.2292800846,3312.935357668659,TN,TENNESSEE,0.0720736,44873544.40024111
1364,2048,43,3310559.329391988,16539.631503832996,TX,TEXAS,0.0720736,238603928.88286638
1365,2048,44,0.0,0.0,UT,UTAH,0.0720736,0.0
1366,2048,45,453.3631303158281,16.516896222617532,VT,VERMONT,0.0720736,32675.512909130866
1367,2048,46,9174.607602912229,260.9579278352953,VA,VIRGINIA,0.0720736,661246.9985292548
1368,2048,47,152974.81809850442,726.5440604716571,WA,WASHINGTON,0.0720736,11025445.849704368
1369,2048,48,683.6086588425229,13.1952285295841,WV,WEST VIRGINIA,0.0720736,49270.13703395246
1370,2048,49,86077.53710432482,812.9096136380689,WI,WISCONSIN,0.0720736,6203917.978242265
1371,2048,50,88180.14696193232,1399.4486168558117,WY,WYOMING,0.0720736,6355460.640075525
1372,2049,0,24597.23226137481,299.67371131226946,AL,ALABAMA,0.0704698,1733362.0380126308
1373,2049,2,0.0,0.0,AZ,ARIZONA,0.0704698,0.0
1374,2049,3,187811.28524219905,818.8048299014444,AR,ARKANSAS,0.0704698,13235023.70876072
1375,2049,4,22956.627907476453,314.4707282298912,CA,CALIFORNIA,0.0704698,1617748.9773142843
1376,2049,5,147835.53085998778,2007.7157115527511,CO,COLORADO,0.0704698,10417940.292597165
1377,2049,6,0.0,0.0,CT,CONNECTICUT,0.0704698,0.0
1378,2049,7,2001.515002178723,20.094119443339128,DE,DELAWARE,0.0704698,141046.36190053416
1379,2049,8,0.0,0.0,DC,DISTRICT OF COLUMBIA,0.0704698,0.0
1380,2049,9,0.0,0.0,FL,FLORIDA,0.0704698,0.0
1381,2049,10,1633.2180446013415,18.79725551201308,GA,GEORGIA,0.0704698,115092.54895944761
1382,2049,12,27302.699211248186,978.0215218939531,ID,IDAHO,0.0704698,1924015.7528768172
1383,2049,13,2853803.002133501,24207.324279556804,IL,ILLINOIS,0.0704698,201106926.79974738
1384,2049,14,250619.05441006104,4817.176807080987,IN,INDIANA,0.0704698,17661074.64046612
1385,2049,15,3874834.610536664,35260.084494178256,IA,IOWA,0.0704698,273058820.0375966
1386,2049,16,1891034.9426728224,7252.339407234342,KS,KANSAS,0.0704698,133260854.20316526
1387,2049,17,135828.91791324798,1361.537213353483,KY,KENTUCKY,0.0704698,9571836.679563003
1388,2049,18,815094.7571554433,3834.543424331203,LA,LOUISIANA,0.0704698,57439564.51779266
1389,2049,19,76.46970072343603,1.0299682016492715,ME,MAINE,0.0704698,5388.804516040393
1390,2049,20,9811.592187402775,196.44240394440223,MD,MARYLAND,0.0704698,691420.9391278361
1391,2049,21,470.5359723429663,13.83170017452743,MA,MASSACHUSETTS,0.0704698,33158.57586381437
1392,2049,22,41884.5963661529,879.044532886859,MI,MICHIGAN,0.0704698,2951599.129003522
1393,2049,23,911217.0135820878,9404.298487662574,MN,MINNESOTA,0.0704698,64213280.703727014
1394,2049,24,554533.2770078137,2086.196640804476,MS,MISSISSIPPI,0.0704698,39077849.124085225
1395,2049,25,2601874.292625592,14212.197247988228,MO,MISSOURI,0.0704698,183353561.02646697
1396,2049,26,0.0,0.0,MT,MONTANA,0.0704698,0.0
1397,2049,27,2332742.4808109016,17615.933133901122,NE,NEBRASKA,0.0704698,164387896.07424808
1398,2049,28,0.0,0.0,NV,NEVADA,0.0704698,0.0
1399,2049,29,0.0,0.0,NH,NEW HAMPSHIRE,0.0704698,0.0
1400,2049,30,2138.1261240396525,77.74384800807874,NJ,NEW JERSEY,0.0704698,150673.32033584948
1401,2049,31,1.8679512206258693,0.1154029945441249,NM,NEW MEXICO,0.0704698,131.63414892726087
1402,2049,32,0.0,0.0,NY,NEW YORK,0.0704698,0.0
1403,2049,33,14752.103113621117,265.4031855249452,NC,NORTH CAROLINA,0.0704698,1039577.7559962574
1404,2049,34,14937.379660356228,160.28048112516592,ND,NORTH DAKOTA,0.0704698,1052634.1571893713
1405,2049,35,11878.04921003946,461.1968878001688,OH,OHIO,0.0704698,837043.7522216388
1406,2049,36,159512.72894201498,688.9747054726088,OK,OKLAHOMA,0.0704698,11240830.105998006
1407,2049,37,4899.883673193978,11.11030290863417,OR,OREGON,0.0704698,345293.822473245
1408,2049,38,26103.0400913391,627.5450303665045,PA,PENNSYLVANIA,0.0704698,1839476.014628648
1409,2049,39,0.0,0.0,RI,RHODE ISLAND,0.0704698,0.0
1410,2049,40,0.0,0.0,SC,SOUTH CAROLINA,0.0704698,0.0
1411,2049,41,2444807.803496923,19685.9269395368,SD,SOUTH DAKOTA,0.0704698,172285116.95086747
1412,2049,42,151812.53554087746,1371.760659311033,TN,TENNESSEE,0.0704698,10698199.017058527
1413,2049,43,3167831.924976197,15806.67671401009,TX,TEXAS,0.0704698,223236482.18668762
1414,2049,44,0.0,0.0,UT,UTAH,0.0704698,0.0
1415,2049,45,184.40784738467744,7.66471951145066,VT,VERMONT,0.0704698,12995.184123628742
1416,2049,46,187.6327436043479,6.615056314753041,VA,VIRGINIA,0.0704698,13222.441915249676
1417,2049,47,163795.9347114708,746.3080000639518,WA,WASHINGTON,0.0704698,11542666.759930404
1418,2049,48,672.7610851063291,38.72581229661412,WV,WEST VIRGINIA,0.0704698,47409.33911522599
1419,2049,49,60283.79750688511,650.5707251125583,WI,WISCONSIN,0.0704698,4248187.153550692
1420,2049,50,107740.06147103416,1410.97121198963,WY,WYOMING,0.0704698,7592420.583851483
1421,2050,0,69868.30585203486,881.4819975717631,AL,ALABAMA,0.068866,4811550.750806232
1422,2050,2,0.0,0.0,AZ,ARIZONA,0.068866,0.0
1423,2050,3,275335.45960811106,1162.7670574788588,AR,ARKANSAS,0.068866,18961251.76137218
1424,2050,4,16410.130988865418,222.9664305766835,CA,CALIFORNIA,0.068866,1130100.080679206
1425,2050,5,155274.07471434097,2276.383385869142,CO,COLORADO,0.068866,10693104.429277804
1426,2050,6,853.2345883837429,17.22948392193719,CT,CONNECTICUT,0.068866,58758.85316363484
1427,2050,7,35209.92455751136,432.5953008540187,DE,DELAWARE,0.068866,2424766.6645775773
1428,2050,8,0.0,0.0,DC,DISTRICT OF COLUMBIA,0.068866,0.0
1429,2050,9,514.1662447650152,4.7324539395015295,FL,FLORIDA,0.068866,35408.57261198753
1430,2050,10,75578.61146536894,823.8872134102767,GA,GEORGIA,0.068866,5204796.657174097
1431,2050,12,25865.58763498879,914.7669485403052,ID,IDAHO,0.068866,1781259.558071138
1432,2050,13,3661290.995559951,26741.932841262074,IL,ILLINOIS,0.068866,252138465.70023155
1433,2050,14,758073.40944854,9653.362950559207,IN,INDIANA,0.068866,52205483.41508315
1434,2050,15,399966.6603120762,3270.58739031551,IA,IOWA,0.068866,27544104.029051438
1435,2050,16,617557.7102155054,3937.002290522847,KS,KANSAS,0.068866,42528729.271701
1436,2050,17,527219.4108978844,6100.515395989663,KY,KENTUCKY,0.068866,36307491.95089371
1437,2050,18,693802.5900829928,3494.748152209057,LA,LOUISIANA,0.068866,47779409.16865538
1438,2050,19,38.24794415426732,1.0299830261990928,ME,MAINE,0.068866,2633.9829221277732
1439,2050,20,87871.80499147394,1011.503485165899,MD,MARYLAND,0.068866,6051379.722542845
1440,2050,21,857.8745138643628,14.888590880502022,MA,MASSACHUSETTS,0.068866,59078.38627178321
1441,2050,22,24728.885047395263,550.6277611947321,MI,MICHIGAN,0.068866,1702979.3976739221
1442,2050,23,190753.24429800967,1677.4051825547756,MN,MINNESOTA,0.068866,13136412.921826733
1443,2050,24,688516.4812304907,3566.943430805952,MS,MISSISSIPPI,0.068866,47415375.99641897
1444,2050,25,1442690.5793899605,12309.83374143215,MO,MISSOURI,0.068866,99352329.44026902
1445,2050,26,0.0,0.0,MT,MONTANA,0.068866,0.0
1446,2050,27,784448.8737336283,9204.676118609845,NE,NEBRASKA,0.068866,54021856.138540044
1447,2050,28,0.0,0.0,NV,NEVADA,0.068866,0.0
1448,2050,29,0.0,0.0,NH,NEW HAMPSHIRE,0.068866,0.0
1449,2050,30,26100.80901204168,343.01154243775363,NJ,NEW JERSEY,0.068866,1797458.313423262
1450,2050,31,0.0,0.0,NM,NEW MEXICO,0.068866,0.0
1451,2050,32,2661.4566245557794,44.06283013181217,NY,NEW YORK,0.068866,183283.8719066583
1452,2050,33,535543.4452209063,3344.134658728272,NC,NORTH CAROLINA,0.068866,36880734.89858293
1453,2050,34,140898.08073666695,1300.9372446636487,ND,NORTH DAKOTA,0.068866,9703087.228011306
1454,2050,35,79061.02169012878,2170.811128130932,OH,OHIO,0.068866,5444616.319712408
1455,2050,36,204972.28592886205,920.4681122811974,OK,OKLAHOMA,0.068866,14115621.442777013
1456,2050,37,4444.303857664057,10.988910102655828,OR,OREGON,0.068866,306061.4294618929
1457,2050,38,142200.59563642048,2100.125728359869,PA,PENNSYLVANIA,0.068866,9792786.219097733
1458,2050,39,384.3392699670569,3.8164564180714975,RI,RHODE ISLAND,0.068866,26467.90816555134
1459,2050,40,170412.88991193788,1357.292606426658,SC,SOUTH CAROLINA,0.068866,11735654.076675512
1460,2050,41,1638893.4616884468,13282.984990398396,SD,SOUTH DAKOTA,0.068866,112864037.13263656
1461,2050,42,325364.6879455455,2613.7218216923,TN,TENNESSEE,0.068866,22406564.600057933
1462,2050,43,1220412.1286056214,7862.60004076454,TX,TEXAS,0.068866,84044901.64855471
1463,2050,44,0.0,0.0,UT,UTAH,0.068866,0.0
1464,2050,45,199.07530915078053,10.692519011122862,VT,VERMONT,0.068866,13709.52023997765
1465,2050,46,95278.52548924256,591.618774086058,VA,VIRGINIA,0.068866,6561450.936342177
1466,2050,47,94918.5689419496,599.0840824969952,WA,WASHINGTON,0.068866,6536662.1687563015
1467,2050,48,12189.84175453504,265.8433100422907,WV,WEST VIRGINIA,0.068866,839465.6422678101
1468,2050,49,23305.82843957015,249.36049466158812,WI,WISCONSIN,0.068866,1604979.1813194377
1469,2050,50,39482.94578835101,650.4098165357651,WY,WYOMING,0.068866,2719032.544660581
1470,2051,0,328307.15059088543,1649.25899371964,AL,ALABAMA,0.06973896,22895799.242771734
1471,2051,2,0.0,0.0,AZ,ARIZONA,0.06973896,0.0
1472,2051,3,269415.8865300694,1218.73705935794,AR,ARKANSAS,0.06973896,18788783.73408505
1473,2051,4,14764.04637725215,192.55336239343345,CA,CALIFORNIA,0.06973896,1029629.2397413327
1474,2051,5,392879.67755755485,4416.133119897691,CO,COLORADO,0.06973896,27399020.117999215
1475,2051,6,0.0,0.0,CT,CONNECTICUT,0.06973896,0.0
1476,2051,7,14395.559246326253,309.2447403453152,DE,DELAWARE,0.06973896,1003931.3304571768
1477,2051,8,0.0,0.0,DC,DISTRICT OF COLUMBIA,0.06973896,0.0
1478,2051,9,16869.70318844843,79.6240709562879,FL,FLORIDA,0.06973896,1176475.5558710778
1479,2051,10,426706.4527620116,1919.9536250559795,GA,GEORGIA,0.06973896,29758064.240911815
1480,2051,12,22701.711384452752,802.8278312973666,ID,IDAHO,0.06973896,1583193.7421718952
1481,2051,13,9666873.08860587,39424.4116712736,IL,ILLINOIS,0.06973896,674157675.6513612
1482,2051,14,3103526.834458749,19012.83071559071,IN,INDIANA,0.06973896,216436733.76724532
1483,2051,15,10702203.041853627,44472.326924350855,IA,IOWA,0.06973896,746360509.8477083
1484,2051,16,2244036.1470360616,8416.609428380621,KS,KANSAS,0.06973896,156496747.09670204
1485,2051,17,718095.0792744615,6162.799366965077,KY,KENTUCKY,0.06973896,50079204.0097185
1486,2051,18,1061513.8891624017,3773.828101757643,LA,LOUISIANA,0.06973896,74028874.65574117
1487,2051,19,0.0,0.0,ME,MAINE,0.06973896,0.0
1488,2051,20,31550.71339962274,365.68489170909913,MD,MARYLAND,0.06973896,2200313.939747754
1489,2051,21,470.2753467751316,8.60661627088528,MA,MASSACHUSETTS,0.06973896,32796.51359773703
1490,2051,22,101388.36633967148,898.9003502247341,MI,MICHIGAN,0.06973896,7070719.224627696
1491,2051,23,905072.0720937029,7270.485719289897,MN,MINNESOTA,0.06973896,63118785.032859854
1492,2051,24,1245613.2844092315,4028.7752908154575,MS,MISSISSIPPI,0.06973896,86867775.01688401
1493,2051,25,4545785.347835215,17758.190936533298,MO,MISSOURI,0.06973896,317018342.54126614
1494,2051,26,0.0,0.0,MT,MONTANA,0.06973896,0.0
1495,2051,27,4313926.025778823,23937.597801761964,NE,NEBRASKA,0.06973896,300848714.5547483
1496,2051,28,0.0,0.0,NV,NEVADA,0.06973896,0.0
1497,2051,29,0.0,0.0,NH,NEW HAMPSHIRE,0.06973896,0.0
1498,2051,30,1618.7570662221965,46.90810538295462,NJ,NEW JERSEY,0.06973896,112890.43429098712
1499,2051,31,1.867577725028548,0.1153799197925446,NM,NEW MEXICO,0.06973896,130.2429282626569
1500,2051,32,0.0,0.0,NY,NEW YORK,0.06973896,0.0
1501,2051,33,724266.6096188489,3762.475840718017,NC,NORTH CAROLINA,0.06973896,50509600.117544524
1502,2051,34,28877.61359410598,124.6604500071555,ND,NORTH DAKOTA,0.06973896,2013894.7393348133
1503,2051,35,851129.343012333,8005.095811248566,OH,OHIO,0.06973896,59356875.20716338
1504,2051,36,184379.2593960453,938.4640868549236,OK,OKLAHOMA,0.06973896,12858417.795850428
1505,2051,37,4807.067633162801,12.456611660363132,OR,OREGON,0.06973896,335239.8973864353
1506,2051,38,1436.6367962439406,24.5877392905786,PA,PENNSYLVANIA,0.06973896,100189.55606778432
1507,2051,39,0.0,0.0,RI,RHODE ISLAND,0.06973896,0.0
1508,2051,40,343973.9392718213,1633.4776302882549,SC,SOUTH CAROLINA,0.06973896,23988384.791919976
1509,2051,41,3992922.242666255,17990.259652177145,SD,SOUTH DAKOTA,0.06973896,278462244.56441224
1510,2051,42,551270.7173129153,3022.595942333133,TN,TENNESSEE,0.06973896,38445046.5038567
1511,2051,43,2975056.743680887,15647.079645900914,TX,TEXAS,0.06973896,207477363.24529162
1512,2051,44,0.0,0.0,UT,UTAH,0.06973896,0.0
1513,2051,45,98.55103620994248,11.299194560824828,VT,VERMONT,0.06973896,6872.84677220373
1514,2051,46,104336.89236721052,647.025173941236,VA,VIRGINIA,0.06973896,7276346.3633212
1515,2051,47,98147.98485435006,666.4317219455282,WA,WASHINGTON,0.06973896,6844738.389838125
1516,2051,48,24652.41201589541,406.659527342834,WV,WEST VIRGINIA,0.06973896,1719233.5754800495
1517,2051,49,322975.53247840394,4428.591715076051,WI,WISCONSIN,0.06973896,22523977.740490112
1518,2051,50,145105.3106450815,1669.64577849623,WY,WYOMING,0.06973896,10119493.454864915
1519,2052,0,246274.4349777508,1579.8580152018346,AL,ALABAMA,0.07061192,17389910.70069414
1520,2052,2,0.0,0.0,AZ,ARIZONA,0.07061192,0.0
1521,2052,3,371939.6202820896,1236.667924170071,AR,ARKANSAS,0.07061192,26263370.71218929
1522,2052,4,26627.300770447968,348.78760224240534,CA,CALIFORNIA,0.07061192,1880204.8318188102
1523,2052,5,570468.3219040171,5676.769817870519,CO,COLORADO,0.07061192,40281863.5088207
1524,2052,6,818.3599250206199,24.87541629983489,CT,CONNECTICUT,0.07061192,57785.96555676201
1525,2052,7,14299.285445539355,346.0860808907088,DE,DELAWARE,0.07061192,1009699.9999375893
1526,2052,8,0.0,0.0,DC,DISTRICT OF COLUMBIA,0.07061192,0.0
1527,2052,9,0.0,0.0,FL,FLORIDA,0.07061192,0.0
1528,2052,10,21842.26666414416,417.15148508681193,GA,GEORGIA,0.07061192,1542324.3863072144
1529,2052,12,31735.58420742884,1190.1738634707212,ID,IDAHO,0.07061192,2240910.5332082286
1530,2052,13,18923411.277566973,46595.8952528583,IL,ILLINOIS,0.07061192,1336218403.258657
1531,2052,14,3671597.952341569,20517.02759427253,IN,INDIANA,0.07061192,259258580.88290665
1532,2052,15,21683837.634399727,55464.32621344672,IA,IOWA,0.07061192,1531137408.3332226
1533,2052,16,2659884.756632846,8210.060621486482,KS,KANSAS,0.07061192,187819569.64457798
1534,2052,17,1531944.4494611777,6317.8209941490095,KY,KENTUCKY,0.07061192,108173538.9097967
1535,2052,18,477110.0644253444,2507.866400409724,LA,LOUISIANA,0.07061192,33689657.70039726
1536,2052,19,103.55366321158029,7.278705479754633,ME,MAINE,0.07061192,7312.122982403051
1537,2052,20,85214.14589828497,1403.2788714216035,MD,MARYLAND,0.07061192,6017134.453038026
1538,2052,21,671.3147312562483,11.627825211790846,MA,MASSACHUSETTS,0.07061192,47402.822098287696
1539,2052,22,456421.6709653122,3108.496267045898,MI,MICHIGAN,0.07061192,32228810.51646895
1540,2052,23,4183149.7812604,28405.16956847746,MN,MINNESOTA,0.07061192,295380237.70237684
1541,2052,24,583378.583324226,2393.68463985142,MS,MISSISSIPPI,0.07061192,41193481.85540358
1542,2052,25,7350130.423794063,18340.346108498496,MO,MISSOURI,0.07061192,519006821.4745124
1543,2052,26,0.0,0.0,MT,MONTANA,0.07061192,0.0
1544,2052,27,7339539.199812837,27401.75971002635,NE,NEBRASKA,0.07061192,518258954.814048
1545,2052,28,0.0,0.0,NV,NEVADA,0.07061192,0.0
1546,2052,29,0.0,0.0,NH,NEW HAMPSHIRE,0.07061192,0.0
1547,2052,30,12402.764091565192,206.7832700236688,NJ,NEW JERSEY,0.07061192,875782.9858124739
1548,2052,31,1.867764482837838,0.1153914577867966,NM,NEW MEXICO,0.07061192,131.88643624098677
1549,2052,32,3908.596115052245,65.38573567995999,NY,NEW YORK,0.07061192,275993.47618837986
1550,2052,33,217225.22541810712,2058.9547927238154,NC,NORTH CAROLINA,0.07061192,15338690.239205346
1551,2052,34,623511.4741331118,5102.180738252494,ND,NORTH DAKOTA,0.07061192,44027342.33056935
1552,2052,35,872576.5137263977,7807.634925691759,OH,OHIO,0.07061192,61614302.981127284
1553,2052,36,196387.50894376807,860.3809457777419,OK,OKLAHOMA,0.07061192,13867299.070536636
1554,2052,37,6458.392229028145,15.029141022073595,OR,OREGON,0.07061192,456039.475404757
1555,2052,38,99383.49870290952,2047.5288026022347,PA,PENNSYLVANIA,0.07061192,7017659.65972995
1556,2052,39,239.3912434254028,3.81645619875306,RI,RHODE ISLAND,0.07061192,16903.875329455066
1557,2052,40,76783.98781714296,1154.8679311037324,SC,SOUTH CAROLINA,0.07061192,5421864.805025073
1558,2052,41,8834065.586623818,31322.094027140964,SD,SOUTH DAKOTA,0.07061192,623790332.477434
1559,2052,42,694599.3435310565,3141.991965229778,TN,TENNESSEE,0.07061192,49046993.277467474
1560,2052,43,1446479.508263792,9181.57074330748,TX,TEXAS,0.07061192,102138695.3191622
1561,2052,44,43.156279086094365,1.2188913987181915,UT,UTAH,0.07061192,3047.3477263249683
1562,2052,45,242.54478188462417,14.06313030224594,VT,VERMONT,0.07061192,17126.55273485453
1563,2052,46,30356.820385867097,419.5125084593349,VA,VIRGINIA,0.07061192,2143553.372541216
1564,2052,47,83805.24692543467,544.551037194918,WA,WASHINGTON,0.07061192,5917649.391479038
1565,2052,48,27699.612824430675,606.5131846782216,WV,WEST VIRGINIA,0.07061192,1955922.8447896726
1566,2052,49,3748099.8024468175,19912.30062881185,WI,WISCONSIN,0.07061192,264660523.40239045
1567,2052,50,144556.78459621445,1972.4759778547311,WY,WYOMING,0.07061192,10207432.109365126
1568,2053,0,1052.2667647503258,42.129772697380965,AL,ALABAMA,0.07148488,75221.16340616527
1569,2053,2,0.0,0.0,AZ,ARIZONA,0.07148488,0.0
1570,2053,3,146169.9849682202,655.4915038049893,AR,ARKANSAS,0.07148488,10448943.835055025
1571,2053,4,37734.10515245624,502.5664302293229,CA,CALIFORNIA,0.07148488,2697417.9787307163
1572,2053,5,606561.6952096083,5926.257976259066,CO,COLORADO,0.07148488,43359989.99465542
1573,2053,6,592.7759681296333,15.705617311906575,CT,CONNECTICUT,0.07148488,42374.518948630655
1574,2053,7,3052.3946728688124,97.04678048575946,DE,DELAWARE,0.07148488,218200.06690266632
1575,2053,8,0.0,0.0,DC,DISTRICT OF COLUMBIA,0.07148488,0.0
1576,2053,9,0.0,0.0,FL,FLORIDA,0.07148488,0.0
1577,2053,10,789.8387178492551,17.429198547745738,GA,GEORGIA,0.07148488,56461.52596480786
1578,2053,12,35489.722568104815,1315.367902345124,ID,IDAHO,0.07148488,2536978.559014265
1579,2053,13,2683445.097613599,23682.7695677861,IL,ILLINOIS,0.07148488,191825750.78949642
1580,2053,14,311078.3703727406,5738.2202818806045,IN,INDIANA,0.07148488,22237399.97669092
1581,2053,15,9069664.885592476,38886.07045411347,IA,IOWA,0.07148488,648343905.9867918
1582,2053,16,1440640.5476166718,6473.84867773105,KS,KANSAS,0.07148488,102984016.66951206
1583,2053,17,23150.760084411777,874.293441170443,KY,KENTUCKY,0.07148488,1654929.3065429658
1584,2053,18,344272.3582805346,2010.1798325831007,LA,LOUISIANA,0.07148488,24610268.219001025
1585,2053,19,0.0,0.0,ME,MAINE,0.07148488,0.0
1586,2053,20,8034.187222209367,181.0649530342446,MD,MARYLAND,0.07148488,574322.90947717
1587,2053,21,456.8361569999688,10.62773590537528,MA,MASSACHUSETTS,0.07148488,32656.87786280393
1588,2053,22,8994.466988016859,398.28425870763016,MI,MICHIGAN,0.07148488,642968.3933023466
1589,2053,23,2264912.12439804,15366.147644174933,MN,MINNESOTA,0.07148488,161906971.42313898
1590,2053,24,239052.76657914888,1722.078474560337,MS,MISSISSIPPI,0.07148488,17088658.33257847
1591,2053,25,1446461.617714045,11414.731547756135,MO,MISSOURI,0.07148488,103400135.16689439
1592,2053,26,0.0,0.0,MT,MONTANA,0.07148488,0.0
1593,2053,27,7513050.194857054,27168.631165607418,NE,NEBRASKA,0.07148488,537069491.6133332
1594,2053,28,0.0,0.0,NV,NEVADA,0.07148488,0.0
1595,2053,29,0.0,0.0,NH,NEW HAMPSHIRE,0.07148488,0.0
1596,2053,30,2151.873043111552,95.40254254486716,NJ,NEW JERSEY,0.07148488,153826.38626206413
1597,2053,31,0.0,0.0,NM,NEW MEXICO,0.07148488,0.0
1598,2053,32,2198.574598430092,46.03900929086498,NY,NEW YORK,0.07148488,157164.84133982332
1599,2053,33,7274.336827181718,425.1856258718587,NC,NORTH CAROLINA,0.07148488,520005.0951706659
1600,2053,34,601809.6748891438,3570.959567599227,ND,NORTH DAKOTA,0.07148488,43020292.39228946
1601,2053,35,39336.703373967735,1333.65707340819,OH,OHIO,0.07148488,2811979.520283679
1602,2053,36,140086.1040818693,640.2934967237135,OK,OKLAHOMA,0.07148488,10014038.339959938
1603,2053,37,8764.964556434556,18.81410182380881,OR,OREGON,0.07148488,626562.4395209774
1604,2053,38,10582.591845254608,434.2881390850249,PA,PENNSYLVANIA,0.07148488,756495.3081470042
1605,2053,39,82.31482524559955,3.81645631517014,RI,RHODE ISLAND,0.07148488,5884.265404902655
1606,2053,40,0.0,0.0,SC,SOUTH CAROLINA,0.07148488,0.0
1607,2053,41,8671708.723400028,29369.250301241467,SD,SOUTH DAKOTA,0.07148488,619896057.4872042
1608,2053,42,1827.125861816377,75.98096156006318,TN,TENNESSEE,0.07148488,130611.87297684028
1609,2053,43,2889312.899804618,14514.668091773588,TX,TEXAS,0.07148488,206542185.92498517
1610,2053,44,0.0,0.0,UT,UTAH,0.07148488,0.0
1611,2053,45,22.488027466813364,2.2579583860818446,VT,VERMONT,0.07148488,1607.5539449018574
1612,2053,46,1769.7409450231398,24.662475518227424,VA,VIRGINIA,0.07148488,126509.71908606576
1613,2053,47,131572.8757331582,792.4174265867234,WA,WASHINGTON,0.07148488,9405471.233039726
1614,2053,48,1633.7186711321588,55.35026028328947,WV,WEST VIRGINIA,0.07148488,116786.18315964183
1615,2053,49,710099.3026912324,5293.2221888780805,WI,WISCONSIN,0.07148488,50761363.44096643
1616,2053,50,180639.08817379948,1994.304525535663,WY,WYOMING,0.07148488,12912963.541413475
1617,2054,0,14153.907893171594,117.4976235581919,AL,ALABAMA,0.0723578399999999,1024146.2027088457
1618,2054,2,0.0,0.0,AZ,ARIZONA,0.0723578399999999,0.0
1619,2054,3,33827.65910582712,314.55574397250416,AR,ARKANSAS,0.0723578399999999,2447696.3451539786
1620,2054,4,30277.955254612545,396.6244044573237,CA,CALIFORNIA,0.0723578399999999,2190847.4418404107
1621,2054,5,434969.1644964367,4937.552385161562,CO,COLORADO,0.0723578399999999,31473429.2095668
1622,2054,6,0.0,0.0,CT,CONNECTICUT,0.0723578399999999,0.0
1623,2054,7,150.95704641191193,9.24592697727562,DE,DELAWARE,0.0723578399999999,10922.925811145682
1624,2054,8,0.0,0.0,DC,DISTRICT OF COLUMBIA,0.0723578399999999,0.0
1625,2054,9,225.8493655548135,3.6714502143485337,FL,FLORIDA,0.0723578399999999,16341.972256916682
1626,2054,10,33319.98694292178,468.9638142386788,GA,GEORGIA,0.0723578399999999,2410962.2840180197
1627,2054,12,35290.29133774778,1304.9896150832676,ID,IDAHO,0.0723578399999999,2553529.2541701365
1628,2054,13,5598531.763870202,36788.49834606552,IL,ILLINOIS,0.0723578399999999,405097665.6050373
1629,2054,14,244448.28727733143,3971.099480900023,IN,INDIANA,0.0723578399999999,17687750.059087157
1630,2054,15,6698171.491711278,43339.3106806697,IA,IOWA,0.0723578399999999,484665221.08980536
1631,2054,16,2033488.291504204,7317.771771667538,KS,KANSAS,0.0723578399999999,147138820.43853435
1632,2054,17,23477.1742116518,359.8913716348657,KY,KENTUCKY,0.0723578399999999,1698757.6152588245
1633,2054,18,20070.321925948618,382.25631975589306,LA,LOUISIANA,0.0723578399999999,1452245.1426662798
1634,2054,19,28.983915630385937,0.4413518739503247,ME,MAINE,0.0723578399999999,2097.2135297569616
1635,2054,20,1208.6373663015695,33.0884530924776,MD,MARYLAND,0.0723578399999999,87454.38916887023
1636,2054,21,0.0,0.0,MA,MASSACHUSETTS,0.0723578399999999,0.0
1637,2054,22,45217.7164066598,695.9858952641907,MI,MICHIGAN,0.0723578399999999,3271856.28891846
1638,2054,23,365891.5508615976,5234.882088132665,MN,MINNESOTA,0.0723578399999999,26475122.2945953
1639,2054,24,87261.04553344255,1027.749447347965,MS,MISSISSIPPI,0.0723578399999999,6314020.770941542
1640,2054,25,3935594.5775189577,15982.049514500675,MO,MISSOURI,0.0723578399999999,284771122.7449839
1641,2054,26,0.0,0.0,MT,MONTANA,0.0723578399999999,0.0
1642,2054,27,4691143.461818811,23573.720053984467,NE,NEBRASKA,0.0723578399999999,339441008.0273311
1643,2054,28,0.0,0.0,NV,NEVADA,0.0723578399999999,0.0
1644,2054,29,0.0,0.0,NH,NEW HAMPSHIRE,0.0723578399999999,0.0
1645,2054,30,0.0,0.0,NJ,NEW JERSEY,0.0723578399999999,0.0
1646,2054,31,1.4937913161162772,0.1153799069935484,NM,NEW MEXICO,0.0723578399999999,108.08751304493086
1647,2054,32,0.0,0.0,NY,NEW YORK,0.0723578399999999,0.0
1648,2054,33,211189.9998241182,1701.2594499100671,NC,NORTH CAROLINA,0.0723578399999999,15281252.21687355
1649,2054,34,62963.876145441805,429.3008458451851,ND,NORTH DAKOTA,0.0723578399999999,4555930.075911689
1650,2054,35,3228.9294336768253,137.98069235211776,OH,OHIO,0.0723578399999999,233638.359333278
1651,2054,36,77443.77583671855,286.45200617251953,OK,OKLAHOMA,0.0723578399999999,5603664.340989139
1652,2054,37,9270.632644095998,20.1213527547063,OR,OREGON,0.0723578399999999,670802.9535602742
1653,2054,38,3477.652957030564,81.57116827304364,PA,PENNSYLVANIA,0.0723578399999999,251635.45624034404
1654,2054,39,0.0,0.0,RI,RHODE ISLAND,0.0723578399999999,0.0
1655,2054,40,5824.343220255338,110.23050821607438,SC,SOUTH CAROLINA,0.0723578399999999,421436.8948363199
1656,2054,41,3863147.525134338,22206.2890630488,SD,SOUTH DAKOTA,0.0723578399999999,279529010.520066
1657,2054,42,7418.108485892974,168.16765589130185,TN,TENNESSEE,0.0723578399999999,536758.3069248854
1658,2054,43,978077.872775244,4857.806303918543,TX,TEXAS,0.0723578399999999,70771602.22581136
1659,2054,44,43.15628573039228,1.218891586377502,UT,UTAH,0.0723578399999999,3122.6956178740033
1660,2054,45,0.0,0.0,VT,VERMONT,0.0723578399999999,0.0
1661,2054,46,56673.71332287232,448.4479893345954,VA,VIRGINIA,0.0723578399999999,4100787.4808222577
1662,2054,47,193042.2357317804,888.1923323582433,WA,WASHINGTON,0.0723578399999999,13968119.20632243
1663,2054,48,346.50305066922255,7.213458505878663,WV,WEST VIRGINIA,0.0723578399999999,25072.21229983546
1664,2054,49,54578.18068874496,676.5445255111111,WI,WISCONSIN,0.0723578399999999,3949159.2657672917
1665,2054,50,59874.823010945474,1281.7129832293476,WY,WYOMING,0.0723578399999999,4332412.863454305
1666,2055,0,93455.65730804583,1252.1385747944398,AL,ALABAMA,0.0732308,6843832.549194043
1667,2055,2,0.0,0.0,AZ,ARIZONA,0.0732308,0.0
1668,2055,3,176.1462473198051,9.465387324842617,AR,ARKANSAS,0.0732308,12899.330608227183
1669,2055,4,32883.09425907371,441.6858571556462,CA,CALIFORNIA,0.0732308,2408055.2990673753
1670,2055,5,62194.60464038781,1272.6900775194767,CO,COLORADO,0.0732308,4554560.653499312
1671,2055,6,3732.114981685994,60.502388204961065,CT,CONNECTICUT,0.0732308,273305.76580085064
1672,2055,7,2528.2735438839013,182.03103428858543,DE,DELAWARE,0.0732308,185147.49423745318
1673,2055,8,0.0,0.0,DC,DISTRICT OF COLUMBIA,0.0732308,0.0
1674,2055,9,9652.337350066093,83.28967132192106,FL,FLORIDA,0.0732308,706848.38601522
1675,2055,10,205728.74794733955,1617.780871087839,GA,GEORGIA,0.0732308,15065680.795182034
1676,2055,12,38894.4894296694,1414.808103282407,ID,IDAHO,0.0732308,2848274.5765262335
1677,2055,13,2496117.984762609,26466.628265528496,IL,ILLINOIS,0.0732308,182792716.91855365
1678,2055,14,199801.7106799848,5704.615045160742,IN,INDIANA,0.0732308,14631639.11446383
1679,2055,15,2818438.465921727,29881.49300862925,IA,IOWA,0.0732308,206396503.61022082
1680,2055,16,705768.074923047,3577.029980132664,KS,KANSAS,0.0732308,51683960.74107467
1681,2055,17,66158.11063698007,3205.3082977361382,KY,KENTUCKY,0.0732308,4844811.3684345605
1682,2055,18,3225.0720960168205,121.79940613778768,LA,LOUISIANA,0.0732308,236174.60964898858
1683,2055,19,0.0,0.0,ME,MAINE,0.0732308,0.0
1684,2055,20,3325.8438815026902,115.88404117273969,MD,MARYLAND,0.0732308,243554.2081175472
1685,2055,21,3811.103017455264,71.18599226609307,MA,MASSACHUSETTS,0.0732308,279090.12285066297
1686,2055,22,16845.870532782203,320.883544129603,MI,MICHIGAN,0.0732308,1233636.5758120671
1687,2055,23,210038.257479302,2412.752414516004,MN,MINNESOTA,0.0732308,15381269.625815269
1688,2055,24,93430.56455951287,1767.7599120536074,MS,MISSISSIPPI,0.0732308,6841994.987144775
1689,2055,25,782975.9145206478,10153.968641742424,MO,MISSOURI,0.0732308,57337952.60107866
1690,2055,26,0.0,0.0,MT,MONTANA,0.0732308,0.0
1691,2055,27,2171568.305318512,15259.3292147293,NE,NEBRASKA,0.0732308,159025684.25311887
1692,2055,28,0.0,0.0,NV,NEVADA,0.0732308,0.0
1693,2055,29,0.0,0.0,NH,NEW HAMPSHIRE,0.0732308,0.0
1694,2055,30,106.19583132160142,10.803589290763568,NJ,NEW JERSEY,0.0732308,7776.805684345929
1695,2055,31,1.8677644326768863,0.115391454687827,NM,NEW MEXICO,0.0732308,136.77788361647453
1696,2055,32,29557.944037765395,521.2521978997739,NY,NEW YORK,0.0732308,2164551.88824079
1697,2055,33,330947.3980189153,2524.0837133126715,NC,NORTH CAROLINA,0.0732308,24235542.714843582
1698,2055,34,150380.8999503566,1060.978114321456,ND,NORTH DAKOTA,0.0732308,11012513.608084574
1699,2055,35,13355.651218130844,603.5041651024763,OH,OHIO,0.0732308,978045.0232246962
1700,2055,36,43251.91918488974,193.92682980186652,OK,OKLAHOMA,0.0732308,3167372.6434448236
1701,2055,37,10320.263243962532,37.71841138830659,OR,OREGON,0.0732308,755761.1335659714
1702,2055,38,15112.86785099102,301.53156331096034,PA,PENNSYLVANIA,0.0732308,1106727.403022353
1703,2055,39,257.46713875288907,3.816456617239082,RI,RHODE ISLAND,0.0732308,18854.524544585067
1704,2055,40,186236.293649258,1772.4155969009626,SC,SOUTH CAROLINA,0.0732308,13638232.772970084
1705,2055,41,1495565.607805892,14857.33049596362,SD,SOUTH DAKOTA,0.0732308,109521465.91211171
1706,2055,42,58843.78440920589,1375.8213606431627,TN,TENNESSEE,0.0732308,4309177.407313675
1707,2055,43,59578.2627794778,474.69750594585946,TX,TEXAS,0.0732308,4362963.845951383
1708,2055,44,17.69690871275161,1.2190134020126413,UT,UTAH,0.0732308,1295.9587825617707
1709,2055,45,380.8562913804352,12.205552794765962,VT,VERMONT,0.0732308,27890.410902822376
1710,2055,46,17939.614322928468,210.6939194528753,VA,VIRGINIA,0.0732308,1313732.3085595102
1711,2055,47,210571.68229969047,961.4462443738588,WA,WASHINGTON,0.0732308,15420332.752152171
1712,2055,48,631.7049782276802,11.900873505358096,WV,WEST VIRGINIA,0.0732308,46260.2609195956
1713,2055,49,83656.58895830406,2040.6308732977927,WI,WISCONSIN,0.0732308,6126238.934687773
1714,2055,50,31287.454025298903,435.9617209563934,WY,WYOMING,0.0732308,2291205.2882358585
