Unnamed: 0,Year,state_id,Production_Loss(ton),Area_Loss(km^2),State_Code,State_Name,Price,Financial_Loss($)
0,2021,0,159799.5198413398,1116.338706016213,AL,ALABAMA,0.0665259,10630806.877012987
1,2021,2,0.0,0.0,AZ,ARIZONA,0.0665259,0.0
2,2021,3,6830.025845608892,94.23122173681668,AR,ARKANSAS,0.0665259,454373.61640239257
3,2021,4,3797.915242859825,53.3969716128627,CA,CALIFORNIA,0.0665259,252659.72965496843
4,2021,5,317851.1433315091,3166.89265239796,CO,COLORADO,0.0665259,21145333.37615764
5,2021,6,14400.216282341298,101.06255867547314,CT,CONNECTICUT,0.0665259,957987.3483774089
6,2021,7,16252.522947032448,177.7877530525571,DE,DELAWARE,0.0665259,1081213.716321986
7,2021,8,0.0,0.0,DC,DISTRICT OF COLUMBIA,0.0665259,0.0
8,2021,9,30543.342960943835,102.21678795761878,FL,FLORIDA,0.0665259,2031923.3794854535
9,2021,10,313635.8007653908,1288.323207505454,GA,GEORGIA,0.0665259,20864903.918138314
10,2021,12,9499.52511302994,349.78639048101473,ID,IDAHO,0.0665259,631964.4577169184
11,2021,13,4320890.228350115,27750.56561947849,IL,ILLINOIS,0.0665259,287451111.2421969
12,2021,14,958418.7276333407,19614.585192179955,IN,INDIANA,0.0665259,63759668.43266286
13,2021,15,23112788.38829482,57471.354741940646,IA,IOWA,0.0665259,1537599049.0408623
14,2021,16,2910743.6257325904,10733.830586745724,KS,KANSAS,0.0665259,193639839.37112376
15,2021,17,128012.37219559154,3460.9377185945195,KY,KENTUCKY,0.0665259,8516138.271446703
16,2021,18,207286.69345327516,1480.002427370783,LA,LOUISIANA,0.0665259,13789933.840003239
17,2021,19,0.0,0.0,ME,MAINE,0.0665259,0.0
18,2021,20,116278.93122330365,1108.8709695165005,MD,MARYLAND,0.0665259,7735560.550668376
19,2021,21,10310.212068555227,95.80733276740094,MA,MASSACHUSETTS,0.0665259,685896.1370514982
20,2021,22,118913.13132035984,1174.513319696785,MI,MICHIGAN,0.0665259,7910803.082905127
21,2021,23,10470352.606019588,32018.99346539528,MN,MINNESOTA,0.0665259,696549630.4327985
22,2021,24,390415.09080566,1841.8749076900003,MS,MISSISSIPPI,0.0665259,25972715.289428256
23,2021,25,1969244.3018494225,11972.878294609498,MO,MISSOURI,0.0665259,131005749.50040449
24,2021,26,0.0,0.0,MT,MONTANA,0.0665259,0.0
25,2021,27,6222811.859773363,24037.402000720096,NE,NEBRASKA,0.0665259,413978159.5020968
26,2021,28,0.0,0.0,NV,NEVADA,0.0665259,0.0
27,2021,29,18.87938561499401,4.656767150310204,NH,NEW HAMPSHIRE,0.0665259,1255.96811948453
28,2021,30,6924.590520992248,99.95070284427754,NJ,NEW JERSEY,0.0665259,460664.61654047813
29,2021,31,0.0,0.0,NM,NEW MEXICO,0.0665259,0.0
30,2021,32,199079.52006664,1499.662081223823,NY,NEW YORK,0.0665259,13243944.244001284
31,2021,33,237135.56284357427,2202.469179575009,NC,NORTH CAROLINA,0.0665259,15775656.740175337
32,2021,34,4180306.0828827447,12193.09807553629,ND,NORTH DAKOTA,0.0665259,278098624.43924916
33,2021,35,1315724.1417103773,12514.308714171668,OH,OHIO,0.0665259,87529732.67901038
34,2021,36,151010.59893926987,483.43531489558063,OK,OKLAHOMA,0.0665259,10046116.003973974
35,2021,37,2797.3037751975653,7.688779263621487,OR,OREGON,0.0665259,186093.1512184157
36,2021,38,226016.9811893158,2308.1534474173536,PA,PENNSYLVANIA,0.0665259,15035983.088902304
37,2021,39,2719.997099142794,12.513657551914498,RI,RHODE ISLAND,0.0665259,180950.2550178636
38,2021,40,70735.14556310256,671.6759367334707,SC,SOUTH CAROLINA,0.0665259,4705719.220216405
39,2021,41,14457434.980848895,34047.4303309584,SD,SOUTH DAKOTA,0.0665259,961793873.7924556
40,2021,42,104585.94791689677,1805.561594409834,TN,TENNESSEE,0.0665259,6957674.312524682
41,2021,43,381433.4584069678,1847.7733409754933,TX,TEXAS,0.0665259,25375204.1106361
42,2021,44,0.0,0.0,UT,UTAH,0.0665259,0.0
43,2021,45,766.4622505534063,29.1743492604839,VT,VERMONT,0.0665259,50989.59103409085
44,2021,46,193860.1935407724,1633.0344543921294,VA,VIRGINIA,0.0665259,12896723.84947407
45,2021,47,53304.241593878265,388.6950097500905,WA,WASHINGTON,0.0665259,3546112.645850186
46,2021,48,34615.90888248644,273.2839650221896,WV,WEST VIRGINIA,0.0665259,2302854.4927254044
47,2021,49,2329180.517362327,15557.844881835234,WI,WISCONSIN,0.0665259,154950830.1799944
48,2021,50,67211.92896585896,872.8545883410414,WY,WYOMING,0.0665259,4471334.065189836
49,2022,0,18486.52700452679,299.2608682004209,AL,ALABAMA,0.0678693,1254667.64722833
50,2022,2,0.0,0.0,AZ,ARIZONA,0.0678693,0.0
51,2022,3,57985.83348312644,279.82545585542766,AR,ARKANSAS,0.0678693,3935457.9284163527
52,2022,4,2383.303171971545,31.362246465456835,CA,CALIFORNIA,0.0678693,161753.11796948838
53,2022,5,157352.1177669297,2029.6208352085223,CO,COLORADO,0.0678693,10679378.086359082
54,2022,6,5849.577174316733,88.38008987126273,CT,CONNECTICUT,0.0678693,397006.7081168546
55,2022,7,2570.817771352861,148.1158387516288,DE,DELAWARE,0.0678693,174479.6025692787
56,2022,8,0.0,0.0,DC,DISTRICT OF COLUMBIA,0.0678693,0.0
57,2022,9,17.664606438371216,0.3977233663017119,FL,FLORIDA,0.0678693,1198.8844737477473
58,2022,10,0.0,0.0,GA,GEORGIA,0.0678693,0.0
59,2022,12,6045.622146506501,227.5315549466401,ID,IDAHO,0.0678693,410312.14314789366
60,2022,13,6215329.8699170295,38415.50757418698,IL,ILLINOIS,0.0678693,421830087.5403598
61,2022,14,1679123.4953184368,17296.238332767985,IN,INDIANA,0.0678693,113960936.24081558
62,2022,15,3385290.1724423845,19734.44474211856,IA,IOWA,0.0678693,229757274.30054393
63,2022,16,1073143.1030940944,4449.796115003352,KS,KANSAS,0.0678693,72833471.20682402
64,2022,17,482535.6420207781,5082.313352244582,KY,KENTUCKY,0.0678693,32749356.24900079
65,2022,18,338277.8197795314,2316.4659354552577,LA,LOUISIANA,0.0678693,22958678.83396295
66,2022,19,152.61503124484432,7.775867780959309,ME,MAINE,0.0678693,10357.875340065711
67,2022,20,36379.25588174276,653.344437891194,MD,MARYLAND,0.0678693,2469034.6312147635
68,2022,21,5851.265888710072,81.93781014474757,MA,MASSACHUSETTS,0.0678693,397121.3199806305
69,2022,22,348327.0238861575,2293.3332059565146,MI,MICHIGAN,0.0678693,23640711.28223679
70,2022,23,4006678.568589341,18971.20521495961,MN,MINNESOTA,0.0678693,271930469.7751605
71,2022,24,190631.8628857439,1528.4034690182518,MS,MISSISSIPPI,0.0678693,12938051.091751419
72,2022,25,1011998.229855508,6208.820209394517,MO,MISSOURI,0.0678693,68683611.46153241
73,2022,26,0.0,0.0,MT,MONTANA,0.0678693,0.0
74,2022,27,505424.442696104,4108.325351609993,NE,NEBRASKA,0.0678693,34302803.128674686
75,2022,28,0.0,0.0,NV,NEVADA,0.0678693,0.0
76,2022,29,249.0386469756573,9.131384759628446,NH,NEW HAMPSHIRE,0.0678693,16902.078643184977
77,2022,30,10945.322022161316,120.31523101146252,NJ,NEW JERSEY,0.0678693,742851.343918673
78,2022,31,97.57446106604552,4.537155644825639,NM,NEW MEXICO,0.0678693,6622.310370429763
79,2022,32,198899.2533321812,1646.5232851690207,NY,NEW YORK,0.0678693,13499153.094177803
80,2022,33,16734.801664129347,482.8626437028196,NC,NORTH CAROLINA,0.0678693,1135779.2745832938
81,2022,34,2042415.280886641,7831.333884680702,ND,NORTH DAKOTA,0.0678693,138617295.4230797
82,2022,35,1470914.5753619634,14700.523967850431,OH,OHIO,0.0678693,99829942.58961369
83,2022,36,94591.38872940828,466.8527972579291,OK,OKLAHOMA,0.0678693,6419851.339092828
84,2022,37,5709.501143311755,24.78245695561237,OR,OREGON,0.0678693,387499.84594576847
85,2022,38,177619.34930640284,2303.949051131006,PA,PENNSYLVANIA,0.0678693,12054900.903881045
86,2022,39,1499.4939524469692,10.925796588863674,RI,RHODE ISLAND,0.0678693,101769.60490680908
87,2022,40,0.0,0.0,SC,SOUTH CAROLINA,0.0678693,0.0
88,2022,41,5141248.834314951,19519.910615332166,SD,SOUTH DAKOTA,0.0678693,348932959.5107717
89,2022,42,304560.40042947966,2067.523016749667,TN,TENNESSEE,0.0678693,20670301.18486848
90,2022,43,737137.8492489123,4189.159867970449,TX,TEXAS,0.0678693,50029029.8320292
91,2022,44,0.0,0.0,UT,UTAH,0.0678693,0.0
92,2022,45,1289.1129570577846,37.68647105964149,VT,VERMONT,0.0678693,87491.19401644189
93,2022,46,14154.642738800158,152.9737274140685,VA,VIRGINIA,0.0678693,960665.6944324494
94,2022,47,69278.49198169462,420.7887703904606,WA,WASHINGTON,0.0678693,4701882.755853226
95,2022,48,8453.905389923453,94.91152080188012,WV,WEST VIRGINIA,0.0678693,573760.6410803318
96,2022,49,298641.6537608156,3010.3583204662064,WI,WISCONSIN,0.0678693,20268599.99158892
97,2022,50,20024.858291376942,270.8227650062221,WY,WYOMING,0.0678693,1359073.114834949
98,2023,0,0.0,0.0,AL,ALABAMA,0.0692127,0.0
99,2023,2,0.0,0.0,AZ,ARIZONA,0.0692127,0.0
100,2023,3,9674.632792374863,56.2952305502926,AR,ARKANSAS,0.0692127,669607.4570688036
101,2023,4,4435.9138795225945,58.835382816156766,CA,CALIFORNIA,0.0692127,307021.5765692335
102,2023,5,206899.76190367865,2228.2822351998693,CO,COLORADO,0.0692127,14320091.15071074
103,2023,6,13236.292798330198,91.20180349547076,CT,CONNECTICUT,0.0692127,916119.5625629885
104,2023,7,1640.8349999741122,10.981222847355678,DE,DELAWARE,0.0692127,113566.62060270824
105,2023,8,0.0,0.0,DC,DISTRICT OF COLUMBIA,0.0692127,0.0
106,2023,9,0.0,0.0,FL,FLORIDA,0.0692127,0.0
107,2023,10,34926.18928357651,148.85066472651732,GA,GEORGIA,0.0692127,2417335.861027396
108,2023,12,4540.51496045476,156.06502192096562,ID,IDAHO,0.0692127,314261.2998034671
109,2023,13,3391537.631547019,24980.007593753657,IL,ILLINOIS,0.0692127,234737476.63097438
110,2023,14,2402911.489772019,16379.946666575852,IN,INDIANA,0.0692127,166311992.0681438
111,2023,15,4078019.665345348,24120.555845937284,IA,IOWA,0.0692127,282250751.69164795
112,2023,16,1748237.069430967,7521.861071901911,KS,KANSAS,0.0692127,121000207.8154047
113,2023,17,29762.71849549004,286.6995465107725,KY,KENTUCKY,0.0692127,2059958.1064128035
114,2023,18,21.78696705863961,0.0505559789843478,LA,LOUISIANA,0.0692127,1507.9348149395057
115,2023,19,366.5457121527789,7.365990259535262,ME,MAINE,0.0692127,25369.61841151664
116,2023,20,100549.37721448638,701.7643758715582,MD,MARYLAND,0.0692127,6959293.880333082
117,2023,21,7926.496643843953,46.84832557189121,MA,MASSACHUSETTS,0.0692127,548614.2342613784
118,2023,22,260324.63155116863,1949.8823742446864,MI,MICHIGAN,0.0692127,18017770.626161568
119,2023,23,3933506.763915899,22691.45040736388,MN,MINNESOTA,0.0692127,272248623.59888196
120,2023,24,2426.406869554275,20.49094973004132,MS,MISSISSIPPI,0.0692127,167938.1707403992
121,2023,25,705504.3065061246,7123.282688314353,MO,MISSOURI,0.0692127,48829857.914916456
122,2023,26,0.0,0.0,MT,MONTANA,0.0692127,0.0
123,2023,27,1001808.4174655912,5849.884558037211,NE,NEBRASKA,0.0692127,69337865.45552072
124,2023,28,0.0,0.0,NV,NEVADA,0.0692127,0.0
125,2023,29,176.02510834581028,5.772618129056954,NH,NEW HAMPSHIRE,0.0692127,12183.173016406065
126,2023,30,31780.17047970366,211.0353288365768,NJ,NEW JERSEY,0.0692127,2199591.4053605855
127,2023,31,0.0,0.0,NM,NEW MEXICO,0.0692127,0.0
128,2023,32,143389.92009181652,1088.0115556090427,NY,NEW YORK,0.0692127,9924403.522338869
129,2023,33,52303.94101655695,912.9328639877764,NC,NORTH CAROLINA,0.0692127,3620096.9783966513
130,2023,34,2749887.7938009384,10079.256405636334,ND,NORTH DAKOTA,0.0692127,190327158.90600622
131,2023,35,1342010.9155552024,12607.8015478447,OH,OHIO,0.0692127,92884198.89504756
132,2023,36,153662.2308291222,503.27912786275175,OK,OKLAHOMA,0.0692127,10635377.883706788
133,2023,37,5203.120891373624,13.332648254667951,OR,OREGON,0.0692127,360122.0453183752
134,2023,38,173416.09140143025,1527.072050248399,PA,PENNSYLVANIA,0.0692127,12002595.909339773
135,2023,39,2100.638980306137,15.027737426512696,RI,RHODE ISLAND,0.0692127,145390.89555223458
136,2023,40,7173.93391125845,99.21815584092172,SC,SOUTH CAROLINA,0.0692127,496527.33561975777
137,2023,41,6143414.18810741,22636.84141435587,SD,SOUTH DAKOTA,0.0692127,425202283.1772218
138,2023,42,15051.46337307501,108.09092213397356,TN,TENNESSEE,0.0692127,1041752.4190016288
139,2023,43,377915.5848383517,1772.0135810360202,TX,TEXAS,0.0692127,26156557.99874139
140,2023,44,0.0,0.0,UT,UTAH,0.0692127,0.0
141,2023,45,722.3722933076042,12.87836714921505,VT,VERMONT,0.0692127,49997.33682501122
142,2023,46,28188.16633087316,240.4716012476548,VA,VIRGINIA,0.0692127,1950979.0998088247
143,2023,47,54503.88460743447,390.4262789561985,WA,WASHINGTON,0.0692127,3772361.0141689796
144,2023,48,13647.535554794908,136.96857914917626,WV,WEST VIRGINIA,0.0692127,944582.7840933535
145,2023,49,1838397.170584944,9187.011096166498,WI,WISCONSIN,0.0692127,127240431.84854455
146,2023,50,45151.83960078357,509.5307181246874,WY,WYOMING,0.0692127,3125080.728737153
147,2024,0,91865.39254034864,627.1499882530168,AL,ALABAMA,0.0705561,6481663.822616092
148,2024,2,0.0,0.0,AZ,ARIZONA,0.0705561,0.0
149,2024,3,83205.55419516418,312.34591466360433,AR,ARKANSAS,0.0705561,5870659.402349423
150,2024,4,17296.235582717596,239.953455870853,CA,CALIFORNIA,0.0705561,1220354.927397781
151,2024,5,326985.0576575578,3512.072952707648,CO,COLORADO,0.0705561,23070790.426592413
152,2024,6,0.0,0.0,CT,CONNECTICUT,0.0705561,0.0
153,2024,7,0.0,0.0,DE,DELAWARE,0.0705561,0.0
154,2024,8,0.0,0.0,DC,DISTRICT OF COLUMBIA,0.0705561,0.0
155,2024,9,238.3321149933122,6.369840799733818,FL,FLORIDA,0.0705561,16815.784538679633
156,2024,10,0.0,0.0,GA,GEORGIA,0.0705561,0.0
157,2024,12,9025.70954472285,320.2861281905307,ID,IDAHO,0.0705561,636818.8652084199
158,2024,13,1999636.472362774,15816.163747327178,IL,ILLINOIS,0.0705561,141086550.90767512
159,2024,14,1093085.938249152,9739.547413096338,IN,INDIANA,0.0705561,77123880.76770099
160,2024,15,908509.8976253656,6552.222201338785,IA,IOWA,0.0705561,64100915.18784506
161,2024,16,2021985.17006106,7417.342322431983,KS,KANSAS,0.0705561,142663387.85734513
162,2024,17,87468.42203344156,583.0389318103971,KY,KENTUCKY,0.0705561,6171430.731833706
163,2024,18,483021.6298145076,2125.486922648685,LA,LOUISIANA,0.0705561,34080122.41535538
164,2024,19,0.0,0.0,ME,MAINE,0.0705561,0.0
165,2024,20,857.6921657761671,6.458655967824776,MD,MARYLAND,0.0705561,60515.41421771982
166,2024,21,156.4486312466292,1.407303438540645,MA,MASSACHUSETTS,0.0705561,11038.405271100293
167,2024,22,366623.4925685751,2321.5024609805305,MI,MICHIGAN,0.0705561,25867523.80401764
168,2024,23,1465120.1492484417,9295.558280223868,MN,MINNESOTA,0.0705561,103373163.76238798
169,2024,24,665928.7786225083,2625.707825766354,MS,MISSISSIPPI,0.0705561,46985337.49736755
170,2024,25,645988.260715979,3427.5754549445005,MO,MISSOURI,0.0705561,45578412.321902685
171,2024,26,0.0,0.0,MT,MONTANA,0.0705561,0.0
172,2024,27,1552118.7557053748,7996.674621463448,NE,NEBRASKA,0.0705561,109511446.13942398
173,2024,28,0.0,0.0,NV,NEVADA,0.0705561,0.0
174,2024,29,25.52164243747036,2.7436405406232383,NH,NEW HAMPSHIRE,0.0705561,1800.7075559824025
175,2024,30,0.0,0.0,NJ,NEW JERSEY,0.0705561,0.0
176,2024,31,0.0,0.0,NM,NEW MEXICO,0.0705561,0.0
177,2024,32,12209.28804842883,83.16686656251984,NY,NEW YORK,0.0705561,861439.7484737495
178,2024,33,54442.29682345701,348.29707500860866,NC,NORTH CAROLINA,0.0705561,3841236.138905515
179,2024,34,2218389.088827811,7753.284475241497,ND,NORTH DAKOTA,0.0705561,156520882.39024392
180,2024,35,687631.121827768,7818.098311522814,OH,OHIO,0.0705561,48516570.19479219
181,2024,36,237094.905641112,827.1482213064967,OK,OKLAHOMA,0.0705561,16728491.871904861
182,2024,37,5312.830312675387,13.69592570494376,OR,OREGON,0.0705561,374852.5868241559
183,2024,38,2896.331985973473,17.466744298810614,PA,PENNSYLVANIA,0.0705561,204353.88923554294
184,2024,39,0.0,0.0,RI,RHODE ISLAND,0.0705561,0.0
185,2024,40,13172.00790511494,168.5175319625304,SC,SOUTH CAROLINA,0.0705561,929365.5069540803
186,2024,41,3596487.966773228,15225.81777429595,SD,SOUTH DAKOTA,0.0705561,253754164.63244852
187,2024,42,171435.55914714464,777.3300383573662,TN,TENNESSEE,0.0705561,12095824.454741852
188,2024,43,2211797.74587758,10984.678227687042,TX,TEXAS,0.0705561,156055822.9379131
189,2024,44,0.0,0.0,UT,UTAH,0.0705561,0.0
190,2024,45,106.46745032437828,2.4434755655439906,VT,VERMONT,0.0705561,7511.928071831866
191,2024,46,439.9242315585232,2.4204019893009026,VA,VIRGINIA,0.0705561,31039.338074266318
192,2024,47,57239.113936783455,393.062983515053,WA,WASHINGTON,0.0705561,4038568.646835087
193,2024,48,14672.736076742432,121.56036443060418,WV,WEST VIRGINIA,0.0705561,1035251.0339042468
194,2024,49,2303472.701678546,12685.39658118094,WI,WISCONSIN,0.0705561,162524050.28690165
195,2024,50,62150.47581331593,793.8509935052921,WY,WYOMING,0.0705561,4385095.1865318995
196,2025,0,22000.410070754275,353.3566156365593,AL,ALABAMA,0.0718995,1581818.4838821972
197,2025,2,0.0,0.0,AZ,ARIZONA,0.0718995,0.0
198,2025,3,92531.27275049534,415.2951355788013,AR,ARKANSAS,0.0718995,6652952.2451242395
199,2025,4,15449.741554616376,209.10096570901896,CA,CALIFORNIA,0.0718995,1110828.6929061401
200,2025,5,222532.42236150653,2928.9301356174333,CO,COLORADO,0.0718995,15999969.901581138
201,2025,6,1685.2208721143604,66.74046194424054,CT,CONNECTICUT,0.0718995,121166.53809458646
202,2025,7,19067.3195422187,373.1478212827778,DE,DELAWARE,0.0718995,1370930.7414257536
203,2025,8,0.0,0.0,DC,DISTRICT OF COLUMBIA,0.0718995,0.0
204,2025,9,663.1583395836983,8.541757738586446,FL,FLORIDA,0.0718995,47680.75303689812
205,2025,10,77511.44246322248,629.254238062958,GA,GEORGIA,0.0718995,5573033.957384465
206,2025,12,25395.44985917544,927.8765175279927,ID,IDAHO,0.0718995,1825920.147149785
207,2025,13,1396650.844991126,11140.875024816349,IL,ILLINOIS,0.0718995,100418497.42943947
208,2025,14,311525.6491865613,5209.635163180115,IN,INDIANA,0.0718995,22398538.413689166
209,2025,15,6798937.11171235,31297.69839402843,IA,IOWA,0.0718995,488840178.8635621
210,2025,16,2078107.7555655148,6942.972602725395,KS,KANSAS,0.0718995,149414908.57128274
211,2025,17,213077.2138958288,2910.7812133711645,KY,KENTUCKY,0.0718995,15320145.140503146
212,2025,18,475950.5840048684,2460.7128498460147,LA,LOUISIANA,0.0718995,34220609.014658034
213,2025,19,72.1619449895438,3.4669167241182155,ME,MAINE,0.0718995,5188.407763775705
214,2025,20,162958.7184035401,1387.7898608098865,MD,MARYLAND,0.0718995,11716650.37385533
215,2025,21,4663.402544996702,74.45262965578193,MA,MASSACHUSETTS,0.0718995,335296.3112839904
216,2025,22,304532.54988048587,2104.814193846092,MI,MICHIGAN,0.0718995,21895738.070132
217,2025,23,1144777.6898554638,8151.301755497368,MN,MINNESOTA,0.0718995,82308943.51176292
218,2025,24,491704.6897506252,2534.0668382354,MS,MISSISSIPPI,0.0718995,35353321.34072508
219,2025,25,714684.9448703735,3460.799864165805,MO,MISSOURI,0.0718995,51385490.19370742
220,2025,26,0.0,0.0,MT,MONTANA,0.0718995,0.0
221,2025,27,3183931.186805822,16201.17050539482,NE,NEBRASKA,0.0718995,228923060.36574522
222,2025,28,0.0,0.0,NV,NEVADA,0.0718995,0.0
223,2025,29,157.9056210385516,6.020600854065348,NH,NEW HAMPSHIRE,0.0718995,11353.33519986134
224,2025,30,23993.98530400067,286.6541118128342,NJ,NEW JERSEY,0.0718995,1725155.5463649963
225,2025,31,0.0,0.0,NM,NEW MEXICO,0.0718995,0.0
226,2025,32,228129.6639631593,3090.2130365339963,NY,NEW YORK,0.0718995,16402408.774119174
227,2025,33,84297.30419034047,2069.48601308162,NC,NORTH CAROLINA,0.0718995,6060934.022633384
228,2025,34,2975205.259612858,10709.010656552487,ND,NORTH DAKOTA,0.0718995,213915770.56353468
229,2025,35,376725.22931561375,6664.181315089963,OH,OHIO,0.0718995,27086355.625177972
230,2025,36,198147.8062902216,666.1621603487746,OK,OKLAHOMA,0.0718995,14246728.198363788
231,2025,37,6854.338397499485,29.320209739203847,OR,OREGON,0.0718995,492823.5036110142
232,2025,38,338313.4166040276,4023.4555566575127,PA,PENNSYLVANIA,0.0718995,24324565.497121286
233,2025,39,798.2725202165991,13.254114759467146,RI,RHODE ISLAND,0.0718995,57395.39506731337
234,2025,40,31004.59999890054,498.0486348205488,SC,SOUTH CAROLINA,0.0718995,2229215.2376209497
235,2025,41,6223921.451570908,22473.8586385488,SD,SOUTH DAKOTA,0.0718995,447496840.4072225
236,2025,42,512798.5309083103,3118.864823986871,TN,TENNESSEE,0.0718995,36869957.973042056
237,2025,43,525934.3669548534,2948.069959815515,TX,TEXAS,0.0718995,37814418.016870484
238,2025,44,0.0,0.0,UT,UTAH,0.0718995,0.0
239,2025,45,1949.245711311863,51.7955261426168,VT,VERMONT,0.0718995,140149.7920204673
240,2025,46,197459.93507003324,1432.9086514081437,VA,VIRGINIA,0.0718995,14197270.601567857
241,2025,47,105676.1595619681,696.514919621168,WA,WASHINGTON,0.0718995,7598063.034425726
242,2025,48,13231.409706147915,98.51580529500754,WV,WEST VIRGINIA,0.0718995,951331.742167182
243,2025,49,2163721.362775918,14368.828392347796,WI,WISCONSIN,0.0718995,155570484.12290713
244,2025,50,94902.60042269964,1265.759976121036,WY,WYOMING,0.0718995,6823449.519091894
245,2026,0,173437.40390333557,1484.9629208992644,AL,ALABAMA,0.0742438,12876651.927918466
246,2026,2,0.0,0.0,AZ,ARIZONA,0.0742438,0.0
247,2026,3,34716.83146778839,245.8273761587348,AR,ARKANSAS,0.0742438,2577509.492128188
248,2026,4,15138.07553788978,199.3154193918641,CA,CALIFORNIA,0.0742438,1123908.252619981
249,2026,5,142778.2350686865,2226.0508364811435,CO,COLORADO,0.0742438,10600398.728792548
250,2026,6,6096.982599070698,110.70760775140558,CT,CONNECTICUT,0.0742438,452663.15668888506
251,2026,7,100119.36393401734,675.7216433760668,DE,DELAWARE,0.0742438,7433242.032044397
252,2026,8,0.0,0.0,DC,DISTRICT OF COLUMBIA,0.0742438,0.0
253,2026,9,6652.002778557126,42.98101566463106,FL,FLORIDA,0.0742438,493869.9638906395
254,2026,10,334346.33161584777,1703.8684362219094,GA,GEORGIA,0.0742438,24823142.17522068
255,2026,12,22079.29593448141,839.0389301898606,ID,IDAHO,0.0742438,1639250.831500451
256,2026,13,760069.8057070071,10184.261240417249,IL,ILLINOIS,0.0742438,56430470.64094989
257,2026,14,556696.071573563,7498.4616000914175,IN,INDIANA,0.0742438,41331231.79869329
258,2026,15,578302.816438203,4712.416553513822,IA,IOWA,0.0742438,42935398.643074654
259,2026,16,1380999.335320828,5078.486089271373,KS,KANSAS,0.0742438,102530638.45169249
260,2026,17,434206.4215893159,4647.275964559332,KY,KENTUCKY,0.0742438,32237134.723192856
261,2026,18,109388.56248107096,1661.5289203156333,LA,LOUISIANA,0.0742438,8121422.555132136
262,2026,19,492.7371168072581,27.59914339935036,ME,MAINE,0.0742438,36582.6759528147
263,2026,20,317005.0088804129,1670.8182918438924,MD,MARYLAND,0.0742438,23535656.478315596
264,2026,21,10099.389269910516,128.3357678027703,MA,MASSACHUSETTS,0.0742438,749817.0370773823
265,2026,22,107458.65897126752,1666.8562479579937,MI,MICHIGAN,0.0742438,7978139.184930991
266,2026,23,280799.0390425174,3177.1849981416854,MN,MINNESOTA,0.0742438,20847587.694864854
267,2026,24,167170.0520443086,1894.050437181343,MS,MISSISSIPPI,0.0742438,12411339.909967238
268,2026,25,583605.2979477134,4892.489335996996,MO,MISSOURI,0.0742438,43329075.01977044
269,2026,26,0.0,0.0,MT,MONTANA,0.0742438,0.0
270,2026,27,832354.4578813722,6302.164747000078,NE,NEBRASKA,0.0742438,61797157.900053024
271,2026,28,0.0,0.0,NV,NEVADA,0.0742438,0.0
272,2026,29,183.53198035275457,11.283692314656346,NH,NEW HAMPSHIRE,0.0742438,13626.111642913838
273,2026,30,69373.6136305822,668.0074254154656,NJ,NEW JERSEY,0.0742438,5150560.695666218
274,2026,31,0.0,0.0,NM,NEW MEXICO,0.0742438,0.0
275,2026,32,155271.95222981114,1651.9258464141094,NY,NEW YORK,0.0742438,11527979.766959652
276,2026,33,200925.4291801188,2184.1203681355605,NC,NORTH CAROLINA,0.0742438,14917467.378962904
277,2026,34,1025210.264009821,5378.001462602522,ND,NORTH DAKOTA,0.0742438,76115505.79909234
278,2026,35,348067.8599850482,7073.416739415529,OH,OHIO,0.0742438,25841880.58315792
279,2026,36,152867.03168141047,529.7119238138176,OK,OKLAHOMA,0.0742438,11349429.326748302
280,2026,37,5663.899611622375,13.695659934394502,OR,OREGON,0.0742438,420509.4299853693
281,2026,38,289345.076511594,2978.6443470415625,PA,PENNSYLVANIA,0.0742438,21482077.991511483
282,2026,39,446.5181985438171,12.479376266404294,RI,RHODE ISLAND,0.0742438,33151.207829047446
283,2026,40,188931.83820828213,1305.8904130986932,SC,SOUTH CAROLINA,0.0742438,14027017.609568058
284,2026,41,2105175.6950375084,10439.450470936836,SD,SOUTH DAKOTA,0.0742438,156296243.26722577
285,2026,42,373935.4381780399,3634.8812917170567,TN,TENNESSEE,0.0742438,27762387.88500276
286,2026,43,671321.2202152265,4850.434835465909,TX,TEXAS,0.0742438,49841438.40941524
287,2026,44,0.0,0.0,UT,UTAH,0.0742438,0.0
288,2026,45,2035.5051769465665,59.16064581276829,VT,VERMONT,0.0742438,151123.63925618547
289,2026,46,336122.27215205564,1813.02473819109,VA,VIRGINIA,0.0742438,24954994.749202788
290,2026,47,116363.31885008755,688.4674675894074,WA,WASHINGTON,0.0742438,8639254.97204213
291,2026,48,54175.84702772803,433.5669320846896,WV,WEST VIRGINIA,0.0742438,4022220.751557234
292,2026,49,559959.2156552136,6687.735737368906,WI,WISCONSIN,0.0742438,41573500.015262544
293,2026,50,39026.3771166233,561.0873919649138,WY,WYOMING,0.0742438,2897466.5373711567
294,2027,0,65.58685418542697,16.877269074596022,AL,ALABAMA,0.0765881,5023.1725470389
295,2027,2,0.0,0.0,AZ,ARIZONA,0.0765881,0.0
296,2027,3,78328.9231813058,596.6790758444447,AR,ARKANSAS,0.0765881,5999063.401502167
297,2027,4,20942.576032244346,275.65090810319583,CA,CALIFORNIA,0.0765881,1603952.1074151334
298,2027,5,339664.6313376207,3577.779615526009,CO,COLORADO,0.0765881,26014268.751348834
299,2027,6,2368.0191747962776,53.1891136636138,CT,CONNECTICUT,0.0765881,181362.0893612148
300,2027,7,7277.843171262075,98.7752931904374,DE,DELAWARE,0.0765881,557396.180584937
301,2027,8,0.0,0.0,DC,DISTRICT OF COLUMBIA,0.0765881,0.0
302,2027,9,235.57699859232932,1.900097311886415,FL,FLORIDA,0.0765881,18042.39472588918
303,2027,10,151864.13714802806,887.6574981278417,GA,GEORGIA,0.0765881,11630985.72230689
304,2027,12,40289.87294426438,1492.7359205430537,ID,IDAHO,0.0765881,3085724.818042615
305,2027,13,4723613.9180520205,34796.0435787819,IL,ILLINOIS,0.0765881,361772615.11715996
306,2027,14,967718.595518998,10059.65430614278,IN,INDIANA,0.0765881,74115728.56546858
307,2027,15,13903675.477215895,53030.36338479001,IA,IOWA,0.0765881,1064856087.8165587
308,2027,16,871180.476682469,3281.586438984944,KS,KANSAS,0.0765881,66722057.46620461
309,2027,17,291026.5575846046,3593.956001715318,KY,KENTUCKY,0.0765881,22289171.09494546
310,2027,18,11922.399962590824,333.4278484423347,LA,LOUISIANA,0.0765881,913113.9605749022
311,2027,19,1649.682442593479,34.62942359980332,ME,MAINE,0.0765881,126346.04388159365
312,2027,20,157700.45716211724,1000.8991032975624,MD,MARYLAND,0.0765881,12077978.383177953
313,2027,21,6982.084006414007,117.12219599971256,MA,MASSACHUSETTS,0.0765881,534744.5480916366
314,2027,22,565110.9463975785,3414.357511078272,MI,MICHIGAN,0.0765881,43280773.673792385
315,2027,23,11433617.387897275,33570.3614613388,MN,MINNESOTA,0.0765881,875679031.8660154
316,2027,24,0.0,0.0,MS,MISSISSIPPI,0.0765881,0.0
317,2027,25,1371104.2311770013,8728.98175783008,MO,MISSOURI,0.0765881,105010267.9678073
318,2027,26,0.0,0.0,MT,MONTANA,0.0765881,0.0
319,2027,27,2807209.717121362,12434.105979786313,NE,NEBRASKA,0.0765881,214998858.53586262
320,2027,28,0.0,0.0,NV,NEVADA,0.0765881,0.0
321,2027,29,17.028951355981267,0.8168048307013699,NH,NEW HAMPSHIRE,0.0765881,1304.2150293470288
322,2027,30,19889.86584165068,381.42925227690137,NJ,NEW JERSEY,0.0765881,1523327.0340669265
323,2027,31,0.0,0.0,NM,NEW MEXICO,0.0765881,0.0
324,2027,32,272759.78903703584,4034.75440170859,NY,NEW YORK,0.0765881,20890153.998747405
325,2027,33,180484.6744209605,1609.964681822797,NC,NORTH CAROLINA,0.0765881,13822978.293019967
326,2027,34,3939559.380083156,12939.547940137556,ND,NORTH DAKOTA,0.0765881,301723367.75774676
327,2027,35,196866.25871161817,3106.400619636259,OH,OHIO,0.0765881,15077612.708831284
328,2027,36,155844.00185538095,724.0009922405343,OK,OKLAHOMA,0.0765881,11935795.998500103
329,2027,37,5964.520093893609,27.890558768967715,OR,OREGON,0.0765881,456811.26140313316
330,2027,38,209484.70840453947,3004.7946970200337,PA,PENNSYLVANIA,0.0765881,16044035.795757711
331,2027,39,187.1438253607786,9.482165887482168,RI,RHODE ISLAND,0.0765881,14332.990011113849
332,2027,40,67007.41621588188,435.1413554597757,SC,SOUTH CAROLINA,0.0765881,5131970.693883583
333,2027,41,11344962.381009234,34653.19954525374,SD,SOUTH DAKOTA,0.0765881,868889113.3329734
334,2027,42,20133.03477311262,468.9704923612149,TN,TENNESSEE,0.0765881,1541950.8805066268
335,2027,43,484638.5446897192,3821.9797569058856,TX,TEXAS,0.0765881,37117545.32455069
336,2027,44,40.16669243317909,1.1901083268210348,UT,UTAH,0.0765881,3076.2906567415635
337,2027,45,975.4439128264744,53.01668097133436,VT,VERMONT,0.0765881,74707.39593994532
338,2027,46,99547.98810343698,760.9417787401037,VA,VIRGINIA,0.0765881,7624191.267664842
339,2027,47,106423.12312656923,685.3868870129515,WA,WASHINGTON,0.0765881,8150744.7963299975
340,2027,48,33209.000208953614,462.3141985909198,WV,WEST VIRGINIA,0.0765881,2543414.2289033607
341,2027,49,4100752.452552956,18187.96976536698,WI,WISCONSIN,0.0765881,314068838.9113711
342,2027,50,96115.12684592532,1209.8012992628016,WY,WYOMING,0.0765881,7361274.946388413
343,2028,0,467277.4845863844,2103.7730299048835,AL,ALABAMA,0.0789324,36883333.32436632
344,2028,2,0.0,0.0,AZ,ARIZONA,0.0789324,0.0
345,2028,3,333546.6518939733,1258.654079288221,AR,ARKANSAS,0.0789324,26327637.74595586
346,2028,4,26341.902176445987,372.1627962576993,CA,CALIFORNIA,0.0789324,2079229.5593521053
347,2028,5,182343.6491571593,2430.946330672045,CO,COLORADO,0.0789324,14392821.85273256
348,2028,6,14938.685108962934,131.1050519018089,CT,CONNECTICUT,0.0789324,1179146.268494706
349,2028,7,101367.65708861532,682.4630988402539,DE,DELAWARE,0.0789324,8001192.45638142
350,2028,8,0.0,0.0,DC,DISTRICT OF COLUMBIA,0.0789324,0.0
351,2028,9,11464.678267198911,66.0809879586113,FL,FLORIDA,0.0789324,904934.5708578513
352,2028,10,525624.905756522,2097.225406193464,GA,GEORGIA,0.0789324,41488835.31113609
353,2028,12,39957.03891342636,1427.935375791934,ID,IDAHO,0.0789324,3153904.978330135
354,2028,13,15453802.159838766,49195.98083805039,IL,ILLINOIS,0.0789324,1219805693.6012573
355,2028,14,7457160.776830556,27664.715947722296,IN,INDIANA,0.0789324,588611597.3011001
356,2028,15,27723039.411119204,57765.76737181436,IA,IOWA,0.0789324,2188246036.0142255
357,2028,16,2524400.3959701145,10371.855027645794,KS,KANSAS,0.0789324,199256981.8148715
358,2028,17,1767027.88478225,8520.140687869265,KY,KENTUCKY,0.0789324,139475751.81278646
359,2028,18,702148.5574113713,3224.828424828009,LA,LOUISIANA,0.0789324,55422270.79301732
360,2028,19,991.20641875635,42.38415450000876,ME,MAINE,0.0789324,78238.30152784372
361,2028,20,214437.4849186764,1457.8059605285202,MD,MARYLAND,0.0789324,16926065.334594935
362,2028,21,19884.43747701575,151.19707313513422,MA,MASSACHUSETTS,0.0789324,1569526.372710798
363,2028,22,1366494.3272314705,4476.935313404299,MI,MICHIGAN,0.0789324,107860676.83476533
364,2028,23,14954063.22491908,33860.67977529639,MN,MINNESOTA,0.0789324,1180360100.0946028
365,2028,24,1052979.53413046,4066.8745266743726,MS,MISSISSIPPI,0.0789324,83114201.77979912
366,2028,25,4079595.298744156,16718.512507378615,MO,MISSOURI,0.0789324,322012247.9585932
367,2028,26,0.0,0.0,MT,MONTANA,0.0789324,0.0
368,2028,27,4552732.499422025,19932.52640408748,NE,NEBRASKA,0.0789324,359358102.737379
369,2028,28,0.0,0.0,NV,NEVADA,0.0789324,0.0
370,2028,29,214.8011631612848,8.224964937434201,NH,NEW HAMPSHIRE,0.0789324,16954.771331111795
371,2028,30,67734.61381634382,687.631341627132,NJ,NEW JERSEY,0.0789324,5346455.631597176
372,2028,31,0.0,0.0,NM,NEW MEXICO,0.0789324,0.0
373,2028,32,698637.893631356,4728.634646824699,NY,NEW YORK,0.0789324,55145165.675267644
374,2028,33,154101.23625239875,1880.7854301786624,NC,NORTH CAROLINA,0.0789324,12163580.420368839
375,2028,34,5695347.492082183,14175.563294601414,ND,NORTH DAKOTA,0.0789324,449547446.3840277
376,2028,35,3637817.03718632,17251.196181422223,OH,OHIO,0.0789324,287141629.50600547
377,2028,36,316923.4229163969,1214.5659118661792,OK,OKLAHOMA,0.0789324,25015526.38700621
378,2028,37,5787.324240695585,13.695083032936704,OR,OREGON,0.0789324,456807.3918962802
379,2028,38,1038722.8385778156,7668.249989128381,PA,PENNSYLVANIA,0.0789324,81988886.58375956
380,2028,39,331.22048370799274,7.805922962625447,RI,RHODE ISLAND,0.0789324,26144.027708232767
381,2028,40,257777.6730363816,1480.4684744983583,SC,SOUTH CAROLINA,0.0789324,20347010.39917689
382,2028,41,15135441.478276215,36291.5358450108,SD,SOUTH DAKOTA,0.0789324,1194676720.9398894
383,2028,42,843480.9520918156,4381.507508985265,TN,TENNESSEE,0.0789324,66577975.90289202
384,2028,43,2693504.3113364936,14846.41575641587,TX,TEXAS,0.0789324,212604759.70413664
385,2028,44,0.0,0.0,UT,UTAH,0.0789324,0.0
386,2028,45,2991.088040733064,69.65843140574556,VT,VERMONT,0.0789324,236093.7576663585
387,2028,46,194368.7777807621,1466.9821614780917,VA,VIRGINIA,0.0789324,15341994.115302224
388,2028,47,99250.4790563094,657.0922872608375,WA,WASHINGTON,0.0789324,7834078.513064236
389,2028,48,48945.326467856896,594.8912709989658,WV,WEST VIRGINIA,0.0789324,3863372.0868914677
390,2028,49,7701313.835662976,20810.10838224049,WI,WISCONSIN,0.0789324,607883184.2020843
391,2028,50,65988.00925628266,829.5697765982569,WY,WYOMING,0.0789324,5208591.941820606
392,2029,0,1028.4155319737115,74.16497834869871,AL,ALABAMA,0.0812767,83586.22066756774
393,2029,2,0.0,0.0,AZ,ARIZONA,0.0812767,0.0
394,2029,3,845.4707896800417,16.45709291185775,AR,ARKANSAS,0.0812767,68717.07573158783
395,2029,4,27166.30090769891,358.4945850067684,CA,CALIFORNIA,0.0812767,2207987.288984772
396,2029,5,534856.6113750658,5474.848132680251,CO,COLORADO,0.0812767,43471380.345747806
397,2029,6,449.7445151584601,6.82659014783529,CT,CONNECTICUT,0.0812767,36553.75003517961
398,2029,7,1333.5336417383855,29.81952629666624,DE,DELAWARE,0.0812767,108385.21373947822
399,2029,8,0.0,0.0,DC,DISTRICT OF COLUMBIA,0.0812767,0.0
400,2029,9,732.9293249606483,5.0231507730872105,FL,FLORIDA,0.0812767,59570.07686602912
401,2029,10,8642.074047067506,101.34182027680578,GA,GEORGIA,0.0812767,702399.2597012916
402,2029,12,28494.969501669868,1101.011672447737,ID,IDAHO,0.0812767,2315977.087696371
403,2029,13,2919802.75131802,25442.912752810145,IL,ILLINOIS,0.0812767,237311932.2780493
404,2029,14,134574.48264601364,2225.5425466242777,IN,INDIANA,0.0812767,10937769.853675257
405,2029,15,24655807.20545452,57547.168710295184,IA,IOWA,0.0812767,2003942645.4955654
406,2029,16,2685530.993312258,9791.775605044537,KS,KANSAS,0.0812767,218271096.88414237
407,2029,17,887.2443725927136,22.454438040080483,KY,KENTUCKY,0.0812767,72112.2946979062
408,2029,18,114.2419428050135,0.7906222911672252,LA,LOUISIANA,0.0812767,9285.20811278024
409,2029,19,508.1040920990133,20.20203033489036,ME,MAINE,0.0812767,41297.023862303875
410,2029,20,22091.55760457116,549.246425757886,MD,MARYLAND,0.0812767,1795528.8999594487
411,2029,21,791.1720893216855,10.79781200840472,MA,MASSACHUSETTS,0.0812767,64303.85655217183
412,2029,22,826779.5394684782,3896.652996418178,MI,MICHIGAN,0.0812767,67197912.59551765
413,2029,23,11787159.89347335,32870.91030857491,MN,MINNESOTA,0.0812767,958021458.5138652
414,2029,24,0.0,0.0,MS,MISSISSIPPI,0.0812767,0.0
415,2029,25,819169.3431798671,8583.292846607164,MO,MISSOURI,0.0812767,66579380.9548271
416,2029,26,0.0,0.0,MT,MONTANA,0.0812767,0.0
417,2029,27,6455041.708662128,24385.5436004744,NE,NEBRASKA,0.0812767,524644488.4424192
418,2029,28,0.0,0.0,NV,NEVADA,0.0812767,0.0
419,2029,29,96.00845180136336,3.333815867136429,NH,NEW HAMPSHIRE,0.0812767,7803.250134523869
420,2029,30,11.422472923198807,4.992800722232972,NJ,NEW JERSEY,0.0812767,928.3809050369524
421,2029,31,30.83617981611105,1.4338644127670497,NM,NEW MEXICO,0.0812767,2506.2629360601127
422,2029,32,18617.5393328118,150.91508940884364,NY,NEW YORK,0.0812767,1513172.1590911446
423,2029,33,23990.86125386374,455.2115521554825,NC,NORTH CAROLINA,0.0812767,1949898.0328719069
424,2029,34,5472714.42393745,14008.52736786204,ND,NORTH DAKOTA,0.0812767,444804168.4200369
425,2029,35,280313.6433790419,3130.701299790442,OH,OHIO,0.0812767,22782967.898825374
426,2029,36,167221.44847139268,563.6467531312687,OK,OKLAHOMA,0.0812767,13591207.500974841
427,2029,37,5856.141122788675,13.695242276398076,OR,OREGON,0.0812767,475967.82519455825
428,2029,38,3426.7449071316178,141.064474428217,PA,PENNSYLVANIA,0.0812767,278514.51779346436
429,2029,39,0.1545882312510475,0.547207911982143,RI,RHODE ISLAND,0.0812767,12.564421294922013
430,2029,40,2086.9815177466594,38.409095781319415,SC,SOUTH CAROLINA,0.0812767,169622.9707234399
431,2029,41,16122130.060957547,38569.78098459631,SD,SOUTH DAKOTA,0.0812767,1310353528.3254282
432,2029,42,845.176634045868,28.002296126121173,TN,TENNESSEE,0.0812767,68693.1677323558
433,2029,43,791334.7512241824,4849.40264238354,TX,TEXAS,0.0812767,64317077.17482251
434,2029,44,0.0,0.0,UT,UTAH,0.0812767,0.0
435,2029,45,1817.188384221961,43.655105882067694,VT,VERMONT,0.0812767,147695.07514789305
436,2029,46,21051.86916843083,260.9875233674831,VA,VIRGINIA,0.0812767,1711026.4548418017
437,2029,47,103289.00132922488,680.5834575817175,WA,WASHINGTON,0.0812767,8394989.17433501
438,2029,48,3979.056344294716,89.22103971771041,WV,WEST VIRGINIA,0.0812767,323404.5687783383
439,2029,49,4667177.720949007,17883.544778152766,WI,WISCONSIN,0.0812767,379332803.4722561
440,2029,50,116662.69026264646,1330.6334556891616,WY,WYOMING,0.0812767,9481958.477670036
441,2030,0,158130.754308081,1329.5636976913256,AL,ALABAMA,0.083621,13223051.805996042
442,2030,2,0.0,0.0,AZ,ARIZONA,0.083621,0.0
443,2030,3,220256.1584567357,970.2677885767914,AR,ARKANSAS,0.083621,18418040.226310696
444,2030,4,36564.20426851412,500.3897571663807,CA,CALIFORNIA,0.083621,3057535.325137419
445,2030,5,457554.1456325968,5081.811860065724,CO,COLORADO,0.083621,38261135.21194337
446,2030,6,0.0,0.0,CT,CONNECTICUT,0.083621,0.0
447,2030,7,2887.587106893187,102.1417794005601,DE,DELAWARE,0.083621,241462.9214655152
448,2030,8,0.0,0.0,DC,DISTRICT OF COLUMBIA,0.083621,0.0
449,2030,9,7522.3251474141425,43.20671910969581,FL,FLORIDA,0.083621,629024.351151918
450,2030,10,397915.0281654525,1795.4751307787851,GA,GEORGIA,0.083621,33274052.5702233
451,2030,12,40372.94788834861,1440.9999019781294,ID,IDAHO,0.083621,3376026.275371599
452,2030,13,1297018.7585316584,13203.856847339464,IL,ILLINOIS,0.083621,108458005.60717581
453,2030,14,204762.43162073343,4703.482816061043,IN,INDIANA,0.083621,17122439.29455735
454,2030,15,5176525.554507934,24680.428464827222,IA,IOWA,0.083621,432866243.3935079
455,2030,16,2238739.330558421,8458.975477504668,KS,KANSAS,0.083621,187205621.56062573
456,2030,17,227348.9532525364,2219.783911528354,KY,KENTUCKY,0.083621,19011146.819930345
457,2030,18,1067854.5243536842,4372.197027982959,LA,LOUISIANA,0.083621,89295063.18097943
458,2030,19,347.3018515163097,45.54389197146821,ME,MAINE,0.083621,29041.72812564533
459,2030,20,49004.60785149595,694.3215412365151,MD,MARYLAND,0.083621,4097814.313149943
460,2030,21,5763.144307234533,56.84373077464929,MA,MASSACHUSETTS,0.083621,481919.8901152589
461,2030,22,251266.5199460263,2599.259138487376,MI,MICHIGAN,0.083621,21011157.664406665
462,2030,23,824654.0798256714,6410.5456992873405,MN,MINNESOTA,0.083621,68958398.80910248
463,2030,24,933925.0638893186,3564.446619569641,MS,MISSISSIPPI,0.083621,78095747.7674887
464,2030,25,1659073.93783108,10828.975957888071,MO,MISSOURI,0.083621,138733421.75537273
465,2030,26,0.0,0.0,MT,MONTANA,0.083621,0.0
466,2030,27,6350059.252023019,23438.177032475232,NE,NEBRASKA,0.083621,530998304.7134169
467,2030,28,0.0,0.0,NV,NEVADA,0.083621,0.0
468,2030,29,108.88544336516608,9.41512552525414,NH,NEW HAMPSHIRE,0.083621,9105.109659638552
469,2030,30,18281.394141606725,260.7363929346932,NJ,NEW JERSEY,0.083621,1528708.459515296
470,2030,31,0.0,0.0,NM,NEW MEXICO,0.083621,0.0
471,2030,32,37500.0728459188,295.56046288295414,NY,NEW YORK,0.083621,3135793.591448576
472,2030,33,709195.073967816,3983.5107161578703,NC,NORTH CAROLINA,0.083621,59303601.28026274
473,2030,34,3244235.5036643264,11291.511876478233,ND,NORTH DAKOTA,0.083621,271286217.05191463
474,2030,35,322901.8869723323,6403.208634905473,OH,OHIO,0.083621,27001378.6905134
475,2030,36,242193.52304442,926.6468374289242,OK,OKLAHOMA,0.083621,20252464.590497445
476,2030,37,7508.812280423339,33.06382790752768,OR,OREGON,0.083621,627894.39170128
477,2030,38,326335.1197359314,3581.9373315630733,PA,PENNSYLVANIA,0.083621,27288469.04743832
478,2030,39,0.0,0.0,RI,RHODE ISLAND,0.083621,0.0
479,2030,40,480241.6677264685,1979.428917098246,SC,SOUTH CAROLINA,0.083621,40158288.49695502
480,2030,41,10317756.95993733,34960.58475811122,SD,SOUTH DAKOTA,0.083621,862781154.7469195
481,2030,42,424867.93388546986,2593.6631510104903,TN,TENNESSEE,0.083621,35527881.49943688
482,2030,43,1587070.0268311324,8221.487381430792,TX,TEXAS,0.083621,132712382.71364613
483,2030,44,40.162678505738434,1.189989397225865,UT,UTAH,0.083621,3358.4433393283534
484,2030,45,465.4391693662311,9.687379020008397,VT,VERMONT,0.083621,38920.488781573615
485,2030,46,62627.07053243642,829.7010491926981,VA,VIRGINIA,0.083621,5236938.264992866
486,2030,47,119812.50879724132,727.7027878398875,WA,WASHINGTON,0.083621,10018841.798134116
487,2030,48,21121.307670479266,246.4656948761693,WV,WEST VIRGINIA,0.083621,1766184.8687131465
488,2030,49,355651.32552203204,3656.865859510433,WI,WISCONSIN,0.083621,29739919.49147784
489,2030,50,90060.5027982965,1098.3676372809846,WY,WYOMING,0.083621,7530949.304496352
490,2031,0,689.9608564060244,38.63155756650316,AL,ALABAMA,0.08216128,56688.06711221517
491,2031,2,0.0,0.0,AZ,ARIZONA,0.08216128,0.0
492,2031,3,136.75459799929322,1.743671298386345,AR,ARKANSAS,0.08216128,11235.93281750737
493,2031,4,21654.561812766635,285.52249948499565,CA,CALIFORNIA,0.08216128,1779166.5163760271
494,2031,5,299006.2675763774,4021.604002344389,CO,COLORADO,0.08216128,24566737.672097664
495,2031,6,19587.51327351831,183.9427737477159,CT,CONNECTICUT,0.08216128,1609335.1625692544
496,2031,7,159989.93967236334,722.6893626211729,DE,DELAWARE,0.08216128,13144978.230604153
497,2031,8,0.0,0.0,DC,DISTRICT OF COLUMBIA,0.08216128,0.0
498,2031,9,0.0,0.0,FL,FLORIDA,0.08216128,0.0
499,2031,10,2304.750756492387,26.71036714130689,GA,GEORGIA,0.08216128,189361.27223438284
500,2031,12,32450.431780876715,1121.99269979753,ID,IDAHO,0.08216128,2666169.0116695105
501,2031,13,10621633.240959669,41298.28791455794,IL,ILLINOIS,0.08216128,872686982.7677948
502,2031,14,4646072.2971658725,24472.92051803573,IN,INDIANA,0.08216128,381727246.9076885
503,2031,15,14691600.51593978,50537.30415260249,IA,IOWA,0.08216128,1207080703.6382728
504,2031,16,2546269.736927167,8944.259149590409,KS,KANSAS,0.08216128,209204780.8111993
505,2031,17,16175.932169065773,309.531685231811,KY,KENTUCKY,0.08216128,1329035.2922036203
506,2031,18,0.0,0.0,LA,LOUISIANA,0.08216128,0.0
507,2031,19,2437.839058203865,60.72120958549992,ME,MAINE,0.08216128,200295.9774560241
508,2031,20,468775.33080578473,2207.410337850585,MD,MARYLAND,0.08216128,38515181.211426705
509,2031,21,17811.850549541894,219.34892385959444,MA,MASSACHUSETTS,0.08216128,1463444.4403190655
510,2031,22,1098054.480322939,4852.888354114358,MI,MICHIGAN,0.08216128,90217561.6130675
511,2031,23,2854862.490753154,17745.18870101304,MN,MINNESOTA,0.08216128,234559156.46426728
512,2031,24,0.0,0.0,MS,MISSISSIPPI,0.08216128,0.0
513,2031,25,1718746.1423883848,11057.204461881907,MO,MISSOURI,0.08216128,141214383.05369195
514,2031,26,0.0,0.0,MT,MONTANA,0.08216128,0.0
515,2031,27,4322758.827631818,20912.140815305604,NE,NEBRASKA,0.08216128,355163398.4095295
516,2031,28,0.0,0.0,NV,NEVADA,0.08216128,0.0
517,2031,29,318.5963892958242,10.453883575243506,NH,NEW HAMPSHIRE,0.08216128,26176.287147923216
518,2031,30,154318.60024645104,829.0218564298722,NJ,NEW JERSEY,0.08216128,12679013.724056734
519,2031,31,0.0,0.0,NM,NEW MEXICO,0.08216128,0.0
520,2031,32,932561.4896746986,5298.066844885932,NY,NEW YORK,0.08216128,76620445.67038003
521,2031,33,59526.91461334245,1188.800182681314,NC,NORTH CAROLINA,0.08216128,4890807.499082921
522,2031,34,3832975.289471725,10817.136161153843,ND,NORTH DAKOTA,0.08216128,314922155.99136746
523,2031,35,2805327.3984558834,15883.09114349632,OH,OHIO,0.08216128,230489289.8762054
524,2031,36,174646.72422843342,589.6325757115344,OK,OKLAHOMA,0.08216128,14349198.410415104
525,2031,37,4625.359671337095,11.850785809032068,OR,OREGON,0.08216128,380025.47105743503
526,2031,38,1565367.6618780508,11445.242079180603,PA,PENNSYLVANIA,0.08216128,128612610.77050786
527,2031,39,2114.260318973841,33.67548392938449,RI,RHODE ISLAND,0.08216128,173710.3340600991
528,2031,40,541.8965274248652,4.0463097431617445,SC,SOUTH CAROLINA,0.08216128,44522.91232078203
529,2031,41,7522964.176633833,27885.265120341668,SD,SOUTH DAKOTA,0.08216128,618096366.1463819
530,2031,42,0.0,0.0,TN,TENNESSEE,0.08216128,0.0
531,2031,43,457954.97211009625,3687.5743378523566,TX,TEXAS,0.08216128,37626166.690929815
532,2031,44,0.0,0.0,UT,UTAH,0.08216128,0.0
533,2031,45,4484.390067906089,91.50866096239102,VT,VERMONT,0.08216128,368443.2279984512
534,2031,46,102330.30103102382,1282.2933422119715,VA,VIRGINIA,0.08216128,8407588.515494237
535,2031,47,76399.76508591537,537.8657044537089,WA,WASHINGTON,0.08216128,6277102.491158118
536,2031,48,61355.08421213362,776.5369100295679,WV,WEST VIRGINIA,0.08216128,5041012.25337669
537,2031,49,2588571.3118679696,14716.10997882528,WI,WISCONSIN,0.08216128,212680332.35435158
538,2031,50,109879.88662335563,1249.8937542003448,WY,WYOMING,0.08216128,9027872.131229777
539,2032,0,966.293237664754,23.092450635321697,AL,ALABAMA,0.08070156,77981.3716969964
540,2032,2,0.0,0.0,AZ,ARIZONA,0.08070156,0.0
541,2032,3,2209.33449972908,60.17430351009922,AR,ARKANSAS,0.08070156,178296.74068995635
542,2032,4,24289.113893015856,324.38753506499245,CA,CALIFORNIA,0.08070156,1960169.3821840526
543,2032,5,338834.67032275046,4004.5829205646,CO,COLORADO,0.08070156,27344486.477131665
544,2032,6,0.0,0.0,CT,CONNECTICUT,0.08070156,0.0
545,2032,7,9218.459343932622,175.36967025669227,DE,DELAWARE,0.08070156,743944.0498519391
546,2032,8,0.0,0.0,DC,DISTRICT OF COLUMBIA,0.08070156,0.0
547,2032,9,513.4670328902532,10.135962180074095,FL,FLORIDA,0.08070156,41437.590562814745
548,2032,10,4309.150356973302,63.19152041943869,GA,GEORGIA,0.08070156,347755.1560823024
549,2032,12,43994.28147167879,1528.9018633372357,ID,IDAHO,0.08070156,3550407.145843575
550,2032,13,1160494.7165706684,18039.99930589959,IL,ILLINOIS,0.08070156,93653733.9990108
551,2032,14,275074.17538761813,5071.381782222715,IN,INDIANA,0.08070156,22198915.06949439
552,2032,15,1081763.5932146912,15989.46785593159,IA,IOWA,0.08070156,87300009.52363099
553,2032,16,1195432.9214415003,4712.08707291861,KS,KANSAS,0.08070156,96473301.63568655
554,2032,17,10027.933662394373,547.6014130450794,KY,KENTUCKY,0.08070156,809269.8901317393
555,2032,18,162006.49767540666,1883.205381679383,LA,LOUISIANA,0.08070156,13074177.092541693
556,2032,19,767.5725263561039,53.48250834546344,ME,MAINE,0.08070156,61944.30029007871
557,2032,20,19264.160574029687,469.1860265473326,MD,MARYLAND,0.08070156,1554647.8104146915
558,2032,21,4286.124522406804,42.91762093483483,MA,MASSACHUSETTS,0.08070156,345896.9353124841
559,2032,22,140298.19632580437,2162.42325228308,MI,MICHIGAN,0.08070156,11322283.308678683
560,2032,23,400746.4310469284,3098.210254372297,MN,MINNESOTA,0.08070156,32340862.14991956
561,2032,24,31686.0228386642,630.9147801051463,MS,MISSISSIPPI,0.08070156,2557111.4732758296
562,2032,25,2277111.0611530887,14203.840101998834,MO,MISSOURI,0.08070156,183766414.92830965
563,2032,26,0.0,0.0,MT,MONTANA,0.08070156,0.0
564,2032,27,1135604.6159957882,8646.821551879944,NE,NEBRASKA,0.08070156,91645064.05406108
565,2032,28,0.0,0.0,NV,NEVADA,0.08070156,0.0
566,2032,29,245.13874787842155,8.321127860208446,NH,NEW HAMPSHIRE,0.08070156,19783.07937023531
567,2032,30,22015.38543414893,285.8353458264618,NJ,NEW JERSEY,0.08070156,1776675.9485370961
568,2032,31,0.0,0.0,NM,NEW MEXICO,0.08070156,0.0
569,2032,32,27865.40884235584,421.5585214523511,NY,NEW YORK,0.08070156,2248781.9636159106
570,2032,33,30355.27993987495,1031.9853730272223,NC,NORTH CAROLINA,0.08070156,2449718.4453846146
571,2032,34,1387240.598784021,8516.08745970867,ND,NORTH DAKOTA,0.08070156,111952480.41720462
572,2032,35,185338.54074703687,3998.65486578209,OH,OHIO,0.08070156,14957109.366409441
573,2032,36,143788.24269975742,487.9966040972925,OK,OKLAHOMA,0.08070156,11603935.495529037
574,2032,37,5050.306146312636,23.721182171617546,OR,OREGON,0.08070156,407567.58448501804
575,2032,38,104128.76798217042,2344.0550289998155,PA,PENNSYLVANIA,0.08070156,8403354.017039206
576,2032,39,0.0,0.0,RI,RHODE ISLAND,0.08070156,0.0
577,2032,40,0.0,0.0,SC,SOUTH CAROLINA,0.08070156,0.0
578,2032,41,2622995.205033025,15837.63392185156,SD,SOUTH DAKOTA,0.08070156,211679804.91868496
579,2032,42,338.6990692764042,20.701954351642254,TN,TENNESSEE,0.08070156,27333.543261153893
580,2032,43,392876.67937362887,2337.022034395833,TX,TEXAS,0.08070156,31705760.913071673
581,2032,44,47.51425782719574,1.4078110607921823,UT,UTAH,0.08070156,3834.474728896907
582,2032,45,973.0583270717672,41.5792561362074,VT,VERMONT,0.08070156,78527.32496568185
583,2032,46,5082.437136915002,85.53297577068837,VA,VIRGINIA,0.08070156,410160.60555097426
584,2032,47,114565.74514738044,634.6946611674118,WA,WASHINGTON,0.08070156,9245634.355956033
585,2032,48,3135.4623604666485,100.78544451480234,WV,WEST VIRGINIA,0.08070156,253036.70381094087
586,2032,49,725253.2416440365,7870.910087013518,WI,WISCONSIN,0.08070156,58529067.99573072
587,2032,50,102973.71799874176,1175.5745454022276,WY,WYOMING,0.08070156,8310139.681498539
588,2033,0,123613.8216198556,827.5059191674796,AL,ALABAMA,0.07924184,9795386.674589137
589,2033,2,0.0,0.0,AZ,ARIZONA,0.07924184,0.0
590,2033,3,140348.07507263665,842.8685896311185,AR,ARKANSAS,0.07924184,11121439.709213862
591,2033,4,10787.628264562503,144.26417841180327,CA,CALIFORNIA,0.07924184,854831.5129199395
592,2033,5,393345.8566644821,4593.208369756744,CO,COLORADO,0.07924184,31169449.438469823
593,2033,6,15902.223290654998,144.44702168160904,CT,CONNECTICUT,0.07924184,1260121.4336423567
594,2033,7,79734.29152941646,661.2835477931742,DE,DELAWARE,0.07924184,6318291.971887373
595,2033,8,0.0,0.0,DC,DISTRICT OF COLUMBIA,0.07924184,0.0
596,2033,9,10259.930629543704,58.92888202027059,FL,FLORIDA,0.07924184,813015.7813574013
597,2033,10,239940.6972869633,1218.3557428148315,GA,GEORGIA,0.07924184,19013342.343901977
598,2033,12,16731.5284826213,583.5705480400229,ID,IDAHO,0.07924184,1325837.1029753196
599,2033,13,257321.0808615651,2350.34045585644,IL,ILLINOIS,0.07924184,20390595.918259203
600,2033,14,96372.97972297289,2386.5184158571165,IN,INDIANA,0.07924184,7636772.239531061
601,2033,15,944.2160213008746,19.388804344449973,IA,IOWA,0.07924184,74821.41488536049
602,2033,16,490038.8053962471,1935.4612418913443,KS,KANSAS,0.07924184,38831576.611000545
603,2033,17,257341.9702179496,3889.93198725497,KY,KENTUCKY,0.07924184,20392251.229295526
604,2033,18,61135.04530547275,1119.889689731105,LA,LOUISIANA,0.07924184,4844453.478489022
605,2033,19,3423.066705702658,60.07098684419748,ME,MAINE,0.07924184,271250.10420261713
606,2033,20,116914.31012495657,1349.3087743203694,MD,MARYLAND,0.07924184,9264505.056632187
607,2033,21,11815.60890550019,142.19771778189352,MA,MASSACHUSETTS,0.07924184,936290.5903922211
608,2033,22,49904.56288538767,766.691776926036,MI,MICHIGAN,0.07924184,3954529.3874338274
609,2033,23,63741.823922198346,418.2090367075479,MN,MINNESOTA,0.07924184,5051019.412551014
610,2033,24,17075.064478057335,373.6156333155418,MS,MISSISSIPPI,0.07924184,1353059.5273599029
611,2033,25,207797.54341221292,1201.3492499836564,MO,MISSOURI,0.07924184,16466259.687463628
612,2033,26,0.0,0.0,MT,MONTANA,0.07924184,0.0
613,2033,27,610332.5231700088,4142.482020177328,NE,NEBRASKA,0.07924184,48363872.14783412
614,2033,28,0.0,0.0,NV,NEVADA,0.07924184,0.0
615,2033,29,195.90447604360904,2.492145842476774,NH,NEW HAMPSHIRE,0.07924184,15523.8311459315
616,2033,30,111340.3954002674,679.8193229782987,NJ,NEW JERSEY,0.07924184,8822817.797844725
617,2033,31,0.0,0.0,NM,NEW MEXICO,0.07924184,0.0
618,2033,32,148763.45515058868,2811.3402378660867,NY,NEW YORK,0.07924184,11788289.910890125
619,2033,33,483133.0862217571,3663.611612889472,NC,NORTH CAROLINA,0.07924184,38284354.71709068
620,2033,34,59648.04951810959,628.6994346200539,ND,NORTH DAKOTA,0.07924184,4726621.196226117
621,2033,35,121096.960323961,2221.328045143317,OH,OHIO,0.07924184,9595945.954477666
622,2033,36,121865.69271569722,510.2292157395119,OK,OKLAHOMA,0.07924184,9656861.723666444
623,2033,37,4166.673416251144,9.99355028146062,OR,OREGON,0.07924184,330174.8681828265
624,2033,38,295453.43932370155,4120.9037862634505,PA,PENNSYLVANIA,0.07924184,23412274.166338466
625,2033,39,2406.4300918679783,31.3537446605646,RI,RHODE ISLAND,0.07924184,190689.94831098762
626,2033,40,76119.60836850014,687.9210297829487,SC,SOUTH CAROLINA,0.07924184,6031857.827199349
627,2033,41,440806.75939554645,4571.556902327277,SD,SOUTH DAKOTA,0.07924184,34930338.69894038
628,2033,42,178111.48838339423,2175.274285640209,TN,TENNESSEE,0.07924184,14113882.064638784
629,2033,43,653286.3741079887,4425.2657173225,TX,TEXAS,0.07924184,51767614.33124538
630,2033,44,0.0,0.0,UT,UTAH,0.07924184,0.0
631,2033,45,5677.9690412320415,86.36390304631104,VT,VERMONT,0.07924184,449932.7142902628
632,2033,46,44654.67170875494,683.684144039677,VA,VIRGINIA,0.07924184,3538518.3507976853
633,2033,47,92003.11110133724,582.0732577761422,WA,WASHINGTON,0.07924184,7290495.809394388
634,2033,48,9144.783819903,225.77410151757755,WV,WEST VIRGINIA,0.07924184,724649.4962913422
635,2033,49,23333.323415759263,276.98026133767644,WI,WISCONSIN,0.07924184,1848975.4807798488
636,2033,50,52446.11033693911,763.9784272386257,WY,WYOMING,0.07924184,4155926.283942075
637,2034,0,5538.546877731891,364.8774022731311,AL,ALABAMA,0.07778212,430799.9178693673
638,2034,2,0.0,0.0,AZ,ARIZONA,0.07778212,0.0
639,2034,3,139557.10309523868,966.919905170298,AR,ARKANSAS,0.07778212,10855047.339806227
640,2034,4,29083.46345194066,399.74851670003966,CA,CALIFORNIA,0.07778212,2262173.4442344625
641,2034,5,582916.8450110387,5770.100409963681,CO,COLORADO,0.07778212,45340507.98867001
642,2034,6,1092.9626687780396,61.65210293699529,CT,CONNECTICUT,0.07778212,85012.95345841374
643,2034,7,92677.91207806017,607.0283197581192,DE,DELAWARE,0.07778212,7208684.478605125
644,2034,8,0.0,0.0,DC,DISTRICT OF COLUMBIA,0.07778212,0.0
645,2034,9,9.13940652580228,0.1347610312456633,FL,FLORIDA,0.07778212,710.8824151187358
646,2034,10,0.0,0.0,GA,GEORGIA,0.07778212,0.0
647,2034,12,42988.30229600586,1519.8651074976926,ID,IDAHO,0.07778212,3343721.287784203
648,2034,13,325691.05490544875,5051.936302822916,IL,ILLINOIS,0.07778212,25332940.7155822
649,2034,14,46163.66268292957,941.7163341586293,IN,INDIANA,0.07778212,3590707.5504431496
650,2034,15,2744076.2397712464,24351.944098954235,IA,IOWA,0.07778212,213440067.37103584
651,2034,16,2493565.0172427585,10383.994633543429,KS,KANSAS,0.07778212,193954773.39897832
652,2034,17,2625.875175118263,128.30172909038936,KY,KENTUCKY,0.07778212,204246.13797606973
653,2034,18,104405.42706947889,1333.6321742947891,LA,LOUISIANA,0.07778212,8120875.456969455
654,2034,19,0.7560896224183112,1.5282877415380651,ME,MAINE,0.07778212,58.810253741695774
655,2034,20,125120.83092312646,1110.1654046203755,MD,MARYLAND,0.07778212,9732163.485362332
656,2034,21,4242.642654659644,72.08374657581045,MA,MASSACHUSETTS,0.07778212,330001.740081855
657,2034,22,15384.385173900297,248.46420110952715,MI,MICHIGAN,0.07778212,1196630.0937225337
658,2034,23,509425.4228927565,6235.417548642256,MN,MINNESOTA,0.07778212,39624189.374495134
659,2034,24,9923.98321267411,142.33388232486848,MS,MISSISSIPPI,0.07778212,771908.453126203
660,2034,25,2052877.0216546827,13170.679893566288,MO,MISSOURI,0.07778212,159677126.84358713
661,2034,26,0.0,0.0,MT,MONTANA,0.07778212,0.0
662,2034,27,4984339.506320762,22427.925275349266,NE,NEBRASKA,0.07778212,387692493.6013823
663,2034,28,0.0,0.0,NV,NEVADA,0.07778212,0.0
664,2034,29,26.212926322238395,2.233174934841476,NH,NEW HAMPSHIRE,0.07778212,2038.8969807475055
665,2034,30,32635.66231436346,369.716629354324,NJ,NEW JERSEY,0.07778212,2538471.002415296
666,2034,31,34.74542517356936,1.6156420464512855,NM,NEW MEXICO,0.07778212,2702.5728303015926
667,2034,32,27661.422202975205,682.2736800783019,NY,NEW YORK,0.07778212,2151564.0611624816
668,2034,33,225687.47310302945,2743.9721457879,NC,NORTH CAROLINA,0.07778212,17554450.115396608
669,2034,34,1280420.6497533198,7591.641167343856,ND,NORTH DAKOTA,0.07778212,99593832.62959068
670,2034,35,16192.178399727907,849.1084755866059,OH,OHIO,0.07778212,1259461.9633490439
671,2034,36,205069.89360585905,875.6477545412571,OK,OKLAHOMA,0.07778212,15950771.07283816
672,2034,37,4401.78999809318,9.993838495862056,OR,OREGON,0.07778212,342380.5578464834
673,2034,38,36804.97610195236,991.1551517963017,PA,PENNSYLVANIA,0.07778212,2862769.0677591907
674,2034,39,575.9301274672965,18.38023490046553,RI,RHODE ISLAND,0.07778212,44797.06628627655
675,2034,40,0.0,0.0,SC,SOUTH CAROLINA,0.07778212,0.0
676,2034,41,5402429.983725449,29112.9242878666,SD,SOUTH DAKOTA,0.07778212,420212457.2857309
677,2034,42,2147.2688886544306,98.95319066556166,TN,TENNESSEE,0.07778212,167019.12636958555
678,2034,43,1542073.6067386416,8444.480940394902,TX,TEXAS,0.07778212,119945754.32817784
679,2034,44,0.0,0.0,UT,UTAH,0.07778212,0.0
680,2034,45,116.48578874634644,8.191641677770924,VT,VERMONT,0.07778212,9060.511598562967
681,2034,46,22677.963051845367,238.5662859202762,VA,VIRGINIA,0.07778212,1763940.0434542026
682,2034,47,114554.65921464558,637.0866213645754,WA,WASHINGTON,0.07778212,8910304.249592667
683,2034,48,2130.685550305042,105.87809532140928,WV,WEST VIRGINIA,0.07778212,165729.2391560928
684,2034,49,527762.5128387248,5628.739697598885,WI,WISCONSIN,0.07778212,41050487.10512323
685,2034,50,127762.01990060545,1645.5341371659797,WY,WYOMING,0.07778212,9937600.76335128
686,2035,0,17091.892142411598,326.6501045516944,AL,ALABAMA,0.0763224,1304494.228849995
687,2035,2,0.0,0.0,AZ,ARIZONA,0.0763224,0.0
688,2035,3,80142.39209676895,589.7346193729936,AR,ARKANSAS,0.0763224,6116659.706566438
689,2035,4,14945.078073266372,202.98477618597107,CA,CALIFORNIA,0.0763224,1140644.2267390653
690,2035,5,149900.31222808038,1869.5943996157096,CO,COLORADO,0.0763224,11440751.589996442
691,2035,6,98.54314774042903,2.748357167111412,CT,CONNECTICUT,0.0763224,7521.04953910412
692,2035,7,4933.9598249008,115.90006434605856,DE,DELAWARE,0.0763224,376571.65534000885
693,2035,8,0.0,0.0,DC,DISTRICT OF COLUMBIA,0.0763224,0.0
694,2035,9,0.0,0.0,FL,FLORIDA,0.0763224,0.0
695,2035,10,210.2569782331432,1.536494216352269,GA,GEORGIA,0.0763224,16047.317195501248
696,2035,12,17540.473093247903,624.8876730441737,ID,IDAHO,0.0763224,1338731.0036121036
697,2035,13,474683.44669386535,4630.160877945358,IL,ILLINOIS,0.0763224,36228979.891947865
698,2035,14,78557.202283428,1852.598263480552,IN,INDIANA,0.0763224,5995674.215556706
699,2035,15,188387.628772531,1709.1870210427228,IA,IOWA,0.0763224,14378195.95822862
700,2035,16,165869.9711028687,891.4889799247951,KS,KANSAS,0.0763224,12659594.282501586
701,2035,17,75365.9191234245,1654.219156033787,KY,KENTUCKY,0.0763224,5752107.825705654
702,2035,18,263969.05821395124,2147.663421001822,LA,LOUISIANA,0.0763224,20146752.04862847
703,2035,19,973.5235859218652,34.53461035138619,ME,MAINE,0.0763224,74301.65653416296
704,2035,20,50923.76035839817,982.209919122465,MD,MARYLAND,0.0763224,3886623.607577808
705,2035,21,3130.3470785018108,53.21936876290852,MA,MASSACHUSETTS,0.0763224,238915.6018642466
706,2035,22,47939.372029459286,1000.5798822191708,MI,MICHIGAN,0.0763224,3658847.9277812033
707,2035,23,219214.8972247328,1626.178500878994,MN,MINNESOTA,0.0763224,16731007.071944945
708,2035,24,151145.96304995642,1343.7051345626842,MS,MISSISSIPPI,0.0763224,11535822.650283992
709,2035,25,299153.03742613574,2696.413642195106,MO,MISSOURI,0.0763224,22832077.7836525
710,2035,26,0.0,0.0,MT,MONTANA,0.0763224,0.0
711,2035,27,1919433.035112496,9957.031518938133,NE,NEBRASKA,0.0763224,146495735.87906995
712,2035,28,0.0,0.0,NV,NEVADA,0.0763224,0.0
713,2035,29,91.2010299770753,2.124239636515455,NH,NEW HAMPSHIRE,0.0763224,6960.681490322331
714,2035,30,4131.464702308143,162.72526693632102,NJ,NEW JERSEY,0.0763224,315323.30159544304
715,2035,31,0.0,0.0,NM,NEW MEXICO,0.0763224,0.0
716,2035,32,48153.14151628219,935.0310379264096,NY,NEW YORK,0.0763224,3675163.3280622954
717,2035,33,31882.281481387046,1744.9253817537788,NC,NORTH CAROLINA,0.0763224,2433332.2401350145
718,2035,34,474088.7468186763,3028.8881663029283,ND,NORTH DAKOTA,0.0763224,36183590.970193736
719,2035,35,30376.60964263284,1068.6561090829375,OH,OHIO,0.0763224,2318415.7517888807
720,2035,36,121831.66239069383,515.8800618011543,OK,OKLAHOMA,0.0763224,9298484.86964749
721,2035,37,3966.256118967362,9.993817344313104,OR,OREGON,0.0763224,302714.1860142746
722,2035,38,109625.84276685384,2324.280808415136,PA,PENNSYLVANIA,0.0763224,8366907.421988925
723,2035,39,37.60666242376139,3.281574175674155,RI,RHODE ISLAND,0.0763224,2870.2307321712865
724,2035,40,22.630861724774544,0.4910444675455802,SC,SOUTH CAROLINA,0.0763224,1727.2416809029326
725,2035,41,2930567.209237648,17472.676184299085,SD,SOUTH DAKOTA,0.0763224,223667922.77031946
726,2035,42,103846.68988786756,1296.938975171444,TN,TENNESSEE,0.0763224,7925828.604297782
727,2035,43,1333565.747910638,7317.623236940846,TX,TEXAS,0.0763224,101780938.43833488
728,2035,44,0.0,0.0,UT,UTAH,0.0763224,0.0
729,2035,45,803.9201589592707,30.59683783568897,VT,VERMONT,0.0763224,61357.11594015304
730,2035,46,11572.068661872312,278.13996013951726,VA,VIRGINIA,0.0763224,883208.0532388834
731,2035,47,82041.67644327022,570.3416517994654,WA,WASHINGTON,0.0763224,6261617.646173847
732,2035,48,6272.081698284477,114.73879818243392,WV,WEST VIRGINIA,0.0763224,478700.32820914715
733,2035,49,185386.55822270983,2897.6265427702406,WI,WISCONSIN,0.0763224,14149147.05129695
734,2035,50,110721.70590875116,1487.1224917553943,WY,WYOMING,0.0763224,8450546.32705007
735,2036,0,58005.09856859442,656.7590943114635,AL,ALABAMA,0.07825498,4539187.828383385
736,2036,2,0.0,0.0,AZ,ARIZONA,0.07825498,0.0
737,2036,3,360345.5272299762,1343.812632574605,AR,ARKANSAS,0.07825498,28198832.026471242
738,2036,4,19116.27112237368,251.55389943295737,CA,CALIFORNIA,0.07825498,1495943.41435593
739,2036,5,486106.768601718,5342.066212884076,CO,COLORADO,0.07825498,38040275.454792075
740,2036,6,395.81619446164825,8.271464670734542,CT,CONNECTICUT,0.07825498,30974.588381272395
741,2036,7,0.0,0.0,DE,DELAWARE,0.07825498,0.0
742,2036,8,0.0,0.0,DC,DISTRICT OF COLUMBIA,0.07825498,0.0
743,2036,9,173.17641251888068,1.1597942466937396,FL,FLORIDA,0.07825498,13551.916698136758
744,2036,10,6233.993960482012,68.57322754971926,GA,GEORGIA,0.07825498,487841.07269764063
745,2036,12,19622.00189805422,679.3471363876533,ID,IDAHO,0.07825498,1535519.366092195
746,2036,13,4588022.98082415,27824.009047621315,IL,ILLINOIS,0.07825498,359035646.6039342
747,2036,14,700754.6202965694,6622.271441481527,IN,INDIANA,0.07825498,54837538.79621564
748,2036,15,6882312.933673104,40526.48083650639,IA,IOWA,0.07825498,538575260.9783301
749,2036,16,2328024.823597206,10185.25543424414,KS,KANSAS,0.07825498,182179536.01010287
750,2036,17,179836.01473292103,1267.896976775144,KY,KENTUCKY,0.07825498,14073063.736204442
751,2036,18,813569.9727426912,4049.920054784105,LA,LOUISIANA,0.07825498,63665901.94557984
752,2036,19,53.8544243513706,4.130745431167882,ME,MAINE,0.07825498,4214.376900528019
753,2036,20,11.79601168891781,4.985688287593779,MD,MARYLAND,0.07825498,923.0966587960295
754,2036,21,917.5625818433972,14.6303998280174,MA,MASSACHUSETTS,0.07825498,71803.84149090342
755,2036,22,182571.48349334075,1190.5674329723984,MI,MICHIGAN,0.07825498,14287127.789341712
756,2036,23,2818764.15142069,20667.6664435135,MN,MINNESOTA,0.07825498,220582332.29414308
757,2036,24,901469.1622900208,4057.7271619793737,MS,MISSISSIPPI,0.07825498,70544451.26562233
758,2036,25,4129668.812694695,19817.247207676097,MO,MISSOURI,0.07825498,323167150.3440471
759,2036,26,0.0,0.0,MT,MONTANA,0.07825498,0.0
760,2036,27,5218121.225250976,23692.874577638057,NE,NEBRASKA,0.07825498,408343972.1195907
761,2036,28,0.0,0.0,NV,NEVADA,0.07825498,0.0
762,2036,29,0.0,0.0,NH,NEW HAMPSHIRE,0.07825498,0.0
763,2036,30,0.0,0.0,NJ,NEW JERSEY,0.07825498,0.0
764,2036,31,0.0,0.0,NM,NEW MEXICO,0.07825498,0.0
765,2036,32,0.0,0.0,NY,NEW YORK,0.07825498,0.0
766,2036,33,131731.7697106646,1343.151665345894,NC,NORTH CAROLINA,0.07825498,10308667.004072666
767,2036,34,2293359.70706462,10501.280194491246,ND,NORTH DAKOTA,0.07825498,179466818.0091477
768,2036,35,388274.3602634493,4524.290621909817,OH,OHIO,0.07825498,30384402.29692902
769,2036,36,267826.0634553412,1089.876378311833,OK,OKLAHOMA,0.07825498,20958723.23917646
770,2036,37,3717.0172773880704,9.99430090239368,OR,OREGON,0.07825498,290875.11270165787
771,2036,38,16888.29046143134,177.6625400974592,PA,PENNSYLVANIA,0.07825498,1321592.8322935002
772,2036,39,0.0,0.0,RI,RHODE ISLAND,0.07825498,0.0
773,2036,40,65872.36841024301,583.6971699477563,SC,SOUTH CAROLINA,0.07825498,5154840.872496199
774,2036,41,10889378.941003053,37083.88181377091,SD,SOUTH DAKOTA,0.07825498,852148131.240615
775,2036,42,314658.73326041794,2088.166587877262,TN,TENNESSEE,0.07825498,24623612.878119342
776,2036,43,3381542.3109634896,16939.780560335923,TX,TEXAS,0.07825498,264622525.91360167
777,2036,44,0.0,0.0,UT,UTAH,0.07825498,0.0
778,2036,45,0.0,0.0,VT,VERMONT,0.07825498,0.0
779,2036,46,2036.373264733966,28.08007942340694,VA,VIRGINIA,0.07825498,159356.3491042912
780,2036,47,84088.21982836956,563.4252506409708,WA,WASHINGTON,0.07825498,6580321.960904663
781,2036,48,0.0,0.0,WV,WEST VIRGINIA,0.07825498,0.0
782,2036,49,1661101.3930860057,10926.080499521337,WI,WISCONSIN,0.07825498,129989456.29391752
783,2036,50,155084.236722108,1773.6625630312406,WY,WYOMING,0.07825498,12136113.843003828
784,2037,0,0.0,0.0,AL,ALABAMA,0.08018756,0.0
785,2037,2,0.0,0.0,AZ,ARIZONA,0.08018756,0.0
786,2037,3,91798.3173720922,574.861824545749,AR,ARKANSAS,0.08018756,7361083.0821736865
787,2037,4,33041.94252197815,447.6539352914377,CA,CALIFORNIA,0.08018756,2649552.7484976742
788,2037,5,291086.68441245443,4644.099381093418,CO,COLORADO,0.08018756,23341530.971524756
789,2037,6,3309.316298303296,52.76422942847125,CT,CONNECTICUT,0.08018756,265365.99922917347
790,2037,7,9961.733231407174,161.43960616624733,DE,DELAWARE,0.08018756,798807.0811974566
791,2037,8,0.0,0.0,DC,DISTRICT OF COLUMBIA,0.08018756,0.0
792,2037,9,0.0,0.0,FL,FLORIDA,0.08018756,0.0
793,2037,10,0.0,0.0,GA,GEORGIA,0.08018756,0.0
794,2037,12,14127.693986789289,488.6363964726603,ID,IDAHO,0.08018756,1132865.3092273052
795,2037,13,5897032.703626817,33743.34199689906,IL,ILLINOIS,0.08018756,472868663.7440376
796,2037,14,497502.1212292184,5622.075292447905,IN,INDIANA,0.08018756,39893481.19619522
797,2037,15,5694866.209514778,32651.90258760228,IA,IOWA,0.08018756,456657425.86743885
798,2037,16,1725232.001157232,8307.155689516798,KS,KANSAS,0.08018756,138342144.60671562
799,2037,17,1890.4948080355043,111.86362693031472,KY,KENTUCKY,0.08018756,151594.1658490355
800,2037,18,55768.87833080848,998.583133960546,LA,LOUISIANA,0.08018756,4471970.277284405
801,2037,19,33.81876195530176,0.4414401579455751,ME,MAINE,0.08018756,2711.8440034164773
802,2037,20,31737.02720851193,669.7187314002601,MD,MARYLAND,0.08018756,2544914.773504183
803,2037,21,7207.553915456476,95.4132148127248,MA,MASSACHUSETTS,0.08018756,577956.1620489011
804,2037,22,210636.1273006541,1766.6498890744112,MI,MICHIGAN,0.08018756,16890397.09608884
805,2037,23,1738750.1521081652,13198.355526789272,MN,MINNESOTA,0.08018756,139426132.14718264
806,2037,24,1676.3971593230203,57.22731942100493,MS,MISSISSIPPI,0.08018756,134426.19779704427
807,2037,25,2702589.4102775687,18062.361947277564,MO,MISSOURI,0.08018756,216714050.49199718
808,2037,26,0.0,0.0,MT,MONTANA,0.08018756,0.0
809,2037,27,4541715.073316127,22669.299588918,NE,NEBRASKA,0.08018756,364189049.9444413
810,2037,28,0.0,0.0,NV,NEVADA,0.08018756,0.0
811,2037,29,0.0,0.0,NH,NEW HAMPSHIRE,0.08018756,0.0
812,2037,30,6716.29432879654,119.5658042411787,NJ,NEW JERSEY,0.08018756,538563.2544680324
813,2037,31,0.0,0.0,NM,NEW MEXICO,0.08018756,0.0
814,2037,32,29381.16313468588,661.7549773465752,NY,NEW YORK,0.08018756,2356003.7817324125
815,2037,33,21612.55303048816,537.2754249045458,NC,NORTH CAROLINA,0.08018756,1733057.8928854512
816,2037,34,965356.3335456334,5713.939026454586,ND,NORTH DAKOTA,0.08018756,77409568.91757049
817,2037,35,129389.77111461434,3522.919564076953,OH,OHIO,0.08018756,10375450.034639405
818,2037,36,119067.06406091816,465.2866463303159,OK,OKLAHOMA,0.08018756,9547697.343408719
819,2037,37,5454.870251136475,13.01033631963666,OR,OREGON,0.08018756,437412.7355552212
820,2037,38,55665.86490101411,1403.3722447349703,PA,PENNSYLVANIA,0.08018756,4463709.881701963
821,2037,39,224.8440821403248,11.75928200963287,RI,RHODE ISLAND,0.08018756,18029.698327272225
822,2037,40,0.0,0.0,SC,SOUTH CAROLINA,0.08018756,0.0
823,2037,41,3187216.440448988,20044.440256227725,SD,SOUTH DAKOTA,0.08018756,255575109.5514897
824,2037,42,248.78296410065835,13.18755347381942,TN,TENNESSEE,0.08018756,19949.298860799387
825,2037,43,477793.8291449321,3198.174199215767,TX,TEXAS,0.08018756,38313121.34218899
826,2037,44,0.0,0.0,UT,UTAH,0.08018756,0.0
827,2037,45,2193.211906793791,72.38109856488705,VT,VERMONT,0.08018756,175868.31136874153
828,2037,46,13774.076957632726,290.21073575532165,VA,VIRGINIA,0.08018756,1104509.6224847918
829,2037,47,62738.585440588045,497.0303623102707,WA,WASHINGTON,0.08018756,5030854.084332281
830,2037,48,3575.348741029441,74.77572495096325,WV,WEST VIRGINIA,0.08018756,286698.4916922228
831,2037,49,1009347.6270624078,9786.31932466662,WI,WISCONSIN,0.08018756,80937123.40592445
832,2037,50,70912.45540611414,1592.406825885825,WY,WYOMING,0.08018756,5686296.772625103
833,2038,0,136787.70813602366,1075.7791746502346,AL,ALABAMA,0.08212014,11233025.742409403
834,2038,2,0.0,0.0,AZ,ARIZONA,0.08212014,0.0
835,2038,3,392219.9867004984,1313.1030511412157,AR,ARKANSAS,0.08212014,32209160.218643066
836,2038,4,20003.546357475243,263.2296882848357,CA,CALIFORNIA,0.08212014,1642694.027372357
837,2038,5,435298.2988937327,5069.732830345526,CO,COLORADO,0.08212014,35746757.24691518
838,2038,6,1460.9231820615744,18.22438143992249,CT,CONNECTICUT,0.08212014,119971.21624014198
839,2038,7,647.3856478862106,45.80097201116138,DE,DELAWARE,0.08212014,53163.40003840631
840,2038,8,0.0,0.0,DC,DISTRICT OF COLUMBIA,0.08212014,0.0
841,2038,9,1712.723964162009,10.783127986441327,FL,FLORIDA,0.08212014,140649.13171833917
842,2038,10,70033.59937851541,422.1607867724483,GA,GEORGIA,0.08212014,5751168.9856675975
843,2038,12,22523.90441099764,781.4024818707544,ID,IDAHO,0.08212014,1849666.1835777434
844,2038,13,4075929.310170752,32495.847853009687,IL,ILLINOIS,0.08212014,334715885.58132553
845,2038,14,181280.62661910948,3529.1513080606155,IN,INDIANA,0.08212014,14886790.437248996
846,2038,15,3609870.548949064,28776.750856677743,IA,IOWA,0.08212014,296443074.861574
847,2038,16,1305366.8684177287,5618.471889138366,KS,KANSAS,0.08212014,107196909.98582545
848,2038,17,146779.46062125004,1401.794015095976,KY,KENTUCKY,0.08212014,12053549.855341539
849,2038,18,868375.2408981394,3986.570003967801,LA,LOUISIANA,0.08212014,71311096.35508893
850,2038,19,22.27452756099805,1.0300859845463504,ME,MAINE,0.08212014,1829.1873217430182
851,2038,20,1503.2108319768522,39.30484161854316,MD,MARYLAND,0.08212014,123443.88397145557
852,2038,21,3801.417389053452,47.79149856819297,MA,MASSACHUSETTS,0.08212014,312172.92818750395
853,2038,22,59645.90345533614,960.5617808144927,MI,MICHIGAN,0.08212014,4898129.942178687
854,2038,23,895900.9857965293,10714.64321319295,MN,MINNESOTA,0.08212014,73571514.37974899
855,2038,24,939291.6946738574,4336.298700343986,MS,MISSISSIPPI,0.08212014,77134765.46745442
856,2038,25,961356.5566745284,11573.198027490927,MO,MISSOURI,0.08212014,78946735.0240302
857,2038,26,0.0,0.0,MT,MONTANA,0.08212014,0.0
858,2038,27,2537747.325371029,16877.343496771762,NE,NEBRASKA,0.08212014,208400165.64409444
859,2038,28,0.0,0.0,NV,NEVADA,0.08212014,0.0
860,2038,29,10.657377600550609,2.396577797270625,NH,NEW HAMPSHIRE,0.08212014,875.1853405900799
861,2038,30,1371.5715246765562,45.26513153487448,NJ,NEW JERSEY,0.08212014,112633.64562645224
862,2038,31,0.0,0.0,NM,NEW MEXICO,0.08212014,0.0
863,2038,32,59839.41796876455,1330.155115923803,NY,NEW YORK,0.08212014,4914021.38111346
864,2038,33,26237.799397776267,645.6144301327374,NC,NORTH CAROLINA,0.08212014,2154651.759837303
865,2038,34,1354011.9436190436,9990.246969796995,ND,NORTH DAKOTA,0.08212014,111191650.37166795
866,2038,35,47815.61628179716,896.549546994416,OH,OHIO,0.08212014,3926625.1032474623
867,2038,36,278742.8505414099,1013.6750256477128,OK,OKLAHOMA,0.08212014,22890401.910459656
868,2038,37,5318.733245150527,13.010147012093691,OR,OREGON,0.08212014,436775.1187144156
869,2038,38,40243.2610098463,606.260812547847,PA,PENNSYLVANIA,0.08212014,3304782.228185119
870,2038,39,0.0,0.0,RI,RHODE ISLAND,0.08212014,0.0
871,2038,40,53765.97954192947,241.3216235533454,SC,SOUTH CAROLINA,0.08212014,4415269.7672203835
872,2038,41,7777621.930688035,33635.83814773968,SD,SOUTH DAKOTA,0.08212014,638699401.8151717
873,2038,42,252504.0897218341,1601.3042304747833,TN,TENNESSEE,0.08212014,20735671.19852958
874,2038,43,3475616.658429381,16314.81428517972,TX,TEXAS,0.08212014,285418126.5765529
875,2038,44,0.0,0.0,UT,UTAH,0.08212014,0.0
876,2038,45,333.2645398846362,14.225936329265451,VT,VERMONT,0.08212014,27367.730672361904
877,2038,46,6378.184919872825,124.6818977237962,VA,VIRGINIA,0.08212014,523777.43856584514
878,2038,47,62604.23745112132,429.1936876922557,WA,WASHINGTON,0.08212014,5141068.744079326
879,2038,48,1817.5319708954776,52.946740803422834,WV,WEST VIRGINIA,0.08212014,149255.97990441252
880,2038,49,1234424.8350813782,12712.919883903409,WI,WISCONSIN,0.08212014,101371140.27635968
881,2038,50,104106.30716170314,1633.565537344711,WY,WYOMING,0.08212014,8549224.519002063
882,2039,0,42185.28439275032,748.6331111906238,AL,ALABAMA,0.08405272,3545787.8971842127
883,2039,2,0.0,0.0,AZ,ARIZONA,0.08405272,0.0
884,2039,3,20895.42013762852,314.90660805663634,AR,ARKANSAS,0.08405272,1756316.8981104516
885,2039,4,29008.78947921001,395.0812531193325,CA,CALIFORNIA,0.08405272,2438267.6596349846
886,2039,5,277057.7196262937,4018.207371573244,CO,COLORADO,0.08405272,23287454.93158737
887,2039,6,14129.87121598148,140.3874321324559,CT,CONNECTICUT,0.08405272,1187654.108952951
888,2039,7,16532.05783999464,235.52919629575263,DE,DELAWARE,0.08405272,1389564.4286488742
889,2039,8,0.0,0.0,DC,DISTRICT OF COLUMBIA,0.08405272,0.0
890,2039,9,4891.05075527383,46.03866053270986,FL,FLORIDA,0.08405272,411106.1196388198
891,2039,10,80397.12265646557,778.4363841104175,GA,GEORGIA,0.08405272,6757596.839449556
892,2039,12,28959.614095015146,1043.3868686354692,ID,IDAHO,0.08405272,2434134.3348363615
893,2039,13,3934040.489569656,31741.66420081887,IL,ILLINOIS,0.08405272,330666803.7384612
894,2039,14,560631.9765343247,6176.953254664357,IN,INDIANA,0.08405272,47122642.54668616
895,2039,15,3059134.47374628,26864.67766982319,IA,IOWA,0.08405272,257128573.36414343
896,2039,16,844933.8987454289,4267.317862169439,KS,KANSAS,0.08405272,71018992.40975788
897,2039,17,419201.94619587006,5146.641310315596,KY,KENTUCKY,0.08405272,35235063.80705653
898,2039,18,139521.48323903282,2103.288738248199,LA,LOUISIANA,0.08405272,11727160.16467512
899,2039,19,2.8313730459945594,0.5126000312690501,ME,MAINE,0.08405272,237.98460585052783
900,2039,20,284737.4432684533,1307.696857191571,MD,MARYLAND,0.08405272,23932956.59255919
901,2039,21,12968.446707717176,144.75203622265315,MA,MASSACHUSETTS,0.08405272,1090033.2199586737
902,2039,22,196631.5012955328,2574.623623504777,MI,MICHIGAN,0.08405272,16527412.521573054
903,2039,23,477070.5819733034,6677.215373095988,MN,MINNESOTA,0.08405272,40099080.04683912
904,2039,24,354821.3312690266,2697.73131999876,MS,MISSISSIPPI,0.08405272,29823698.00718274
905,2039,25,453491.40900701575,5723.557381301262,MO,MISSOURI,0.08405272,38117186.42367217
906,2039,26,0.0,0.0,MT,MONTANA,0.08405272,0.0
907,2039,27,1797922.602652255,10264.193416066568,NE,NEBRASKA,0.08405272,151120285.10240126
908,2039,28,0.0,0.0,NV,NEVADA,0.08405272,0.0
909,2039,29,73.39156441216524,2.3557273545540705,NH,NEW HAMPSHIRE,0.08405272,6168.76061389769
910,2039,30,88573.71744124647,748.3988006983215,NJ,NEW JERSEY,0.08405272,7444861.871448206
911,2039,31,0.0,0.0,NM,NEW MEXICO,0.08405272,0.0
912,2039,32,190281.74086555064,2318.499543374006,NY,NEW YORK,0.08405272,15993697.886084685
913,2039,33,175477.6478623768,2608.6157734166004,NC,NORTH CAROLINA,0.08405272,14749373.602034954
914,2039,34,809988.7847232254,6415.144585171861,ND,NORTH DAKOTA,0.08405272,68081760.52548154
915,2039,35,627866.3790714648,6518.637720385026,OH,OHIO,0.08405272,52773876.957507685
916,2039,36,118629.4035495131,623.4052922728972,OK,OKLAHOMA,0.08405272,9971124.040314231
917,2039,37,5442.565535799683,13.009414711689804,OR,OREGON,0.08405272,457462.4370622207
918,2039,38,663212.9386369328,5149.145373842959,PA,PENNSYLVANIA,0.08405272,55744851.43162729
919,2039,39,2158.2424200928617,28.426963482281707,RI,RHODE ISLAND,0.08405272,181406.14582818767
920,2039,40,94.57641978073806,8.920093897829435,SC,SOUTH CAROLINA,0.08405272,7949.405330432838
921,2039,41,4896213.038172591,27458.1224516405,SD,SOUTH DAKOTA,0.08405272,411540023.55787003
922,2039,42,55335.66369779262,2100.603474895908,TN,TENNESSEE,0.08405272,4651113.046804727
923,2039,43,400078.7414257045,2941.3849725059918,TX,TEXAS,0.08405272,33627706.43100714
924,2039,44,0.0,0.0,UT,UTAH,0.08405272,0.0
925,2039,45,1252.3708588935033,24.20109206694493,VT,VERMONT,0.08405272,105265.17713873513
926,2039,46,98151.76044835418,863.5146577788621,VA,VIRGINIA,0.08405272,8249922.438472589
927,2039,47,101500.89014472556,726.632634086693,WA,WASHINGTON,0.08405272,8531425.899085376
928,2039,48,15594.289797315168,192.91327978846152,WV,WEST VIRGINIA,0.08405272,1310742.4739325887
929,2039,49,331235.2899408539,4785.16852882062,WI,WISCONSIN,0.08405272,27841227.07951741
930,2039,50,111978.7361369944,1550.1301726829877,WY,WYOMING,0.08405272,9412117.354476672
931,2040,0,347218.18896793574,2036.4256066139585,AL,ALABAMA,0.0859853,29855660.143864647
932,2040,2,0.0,0.0,AZ,ARIZONA,0.0859853,0.0
933,2040,3,73203.21424345495,563.8537695003763,AR,ARKANSAS,0.0859853,6294400.337687747
934,2040,4,23820.44130870489,326.8484910716861,CA,CALIFORNIA,0.0859853,2048207.7920613827
935,2040,5,583030.2773788418,5904.877691896225,CO,COLORADO,0.0859853,50132033.30950292
936,2040,6,2353.531906417796,48.08597304889839,CT,CONNECTICUT,0.0859853,202369.1470329061
937,2040,7,0.0,0.0,DE,DELAWARE,0.0859853,0.0
938,2040,8,0.0,0.0,DC,DISTRICT OF COLUMBIA,0.0859853,0.0
939,2040,9,18192.245361198104,101.0153556302946,FL,FLORIDA,0.0859853,1564265.6750562275
940,2040,10,344943.72983948194,1604.7135632041277,GA,GEORGIA,0.0859853,29660090.09336681
941,2040,12,43656.01577596048,1638.8266400808957,ID,IDAHO,0.0859853,3753775.613300694
942,2040,13,10431717.014223725,47640.85840117006,IL,ILLINOIS,0.0859853,896974316.9831312
943,2040,14,868944.5227119097,7566.49608099796,IN,INDIANA,0.0859853,74716455.46874037
944,2040,15,22484709.12917589,57330.13476263649,IA,IOWA,0.0859853,1933354459.8849277
945,2040,16,2351752.0471034325,8548.778040072397,KS,KANSAS,0.0859853,202216105.2958028
946,2040,17,360992.1256437528,4306.037171428924,KY,KENTUCKY,0.0859853,31040016.22111578
947,2040,18,899906.0332679424,4581.451866005463,LA,LOUISIANA,0.0859853,77378690.242354
948,2040,19,107.12314827231263,1.0300859569928074,ME,MAINE,0.0859853,9211.016041139284
949,2040,20,891.9771701201777,8.57861503460606,MD,MARYLAND,0.0859853,76696.92456593452
950,2040,21,730.6903683164853,9.116988933019504,MA,MASSACHUSETTS,0.0859853,62828.630526803485
951,2040,22,178495.3420236798,2659.8964319381366,MI,MICHIGAN,0.0859853,15347975.532508716
952,2040,23,5464534.259547451,27794.86377018408,MN,MINNESOTA,0.0859853,469869617.66746545
953,2040,24,1042246.4542497848,5028.350057325895,MS,MISSISSIPPI,0.0859853,89617874.04260403
954,2040,25,3224922.5660574674,16009.15519884315,MO,MISSOURI,0.0859853,277295934.31922114
955,2040,26,0.0,0.0,MT,MONTANA,0.0859853,0.0
956,2040,27,7808530.959192719,24598.09513674876,NE,NEBRASKA,0.0859853,671418877.0854738
957,2040,28,0.0,0.0,NV,NEVADA,0.0859853,0.0
958,2040,29,0.0,0.0,NH,NEW HAMPSHIRE,0.0859853,0.0
959,2040,30,409.6237863033608,23.29767413793101,NJ,NEW JERSEY,0.0859853,35221.62415243037
960,2040,31,3.546075695036753,3.9619420782490433,NM,NEW MEXICO,0.0859853,304.9103824604437
961,2040,32,71757.55201135261,1122.383660311641,NY,NEW YORK,0.0859853,6170094.636961758
962,2040,33,102114.9020851517,1489.427773752735,NC,NORTH CAROLINA,0.0859853,8780380.490262395
963,2040,34,1794902.5861964377,8920.484479483195,ND,NORTH DAKOTA,0.0859853,154335237.34487656
964,2040,35,51556.06070588113,913.8738045518326,OH,OHIO,0.0859853,4433063.346613401
965,2040,36,123097.86326042982,541.1881025920575,OK,OKLAHOMA,0.0859853,10584606.701807035
966,2040,37,5629.66887801911,27.094271385451776,OR,OREGON,0.0859853,484068.7673771365
967,2040,38,125909.45552314262,2020.1749450312843,PA,PENNSYLVANIA,0.0859853,10826362.305994075
968,2040,39,186.1166809147965,8.480390178770408,RI,RHODE ISLAND,0.0859853,16003.29864346305
969,2040,40,307745.2031150943,1625.7769800445744,SC,SOUTH CAROLINA,0.0859853,26461563.613412317
970,2040,41,14618533.18129978,36831.22494804568,SD,SOUTH DAKOTA,0.0859853,1256978961.154016
971,2040,42,442553.0162877565,3078.111434595648,TN,TENNESSEE,0.0859853,38053053.87140763
972,2040,43,1201603.4338582335,9865.45649035503,TX,TEXAS,0.0859853,103320231.74133036
973,2040,44,69.0533043147033,2.0459965080806843,UT,UTAH,0.0859853,5937.569087491058
974,2040,45,696.3615335372913,9.963606936171928,VT,VERMONT,0.0859853,59876.855369664045
975,2040,46,5710.134015621054,97.86371798329208,VA,VIRGINIA,0.0859853,490987.586373381
976,2040,47,85337.34431737379,676.0685192156061,WA,WASHINGTON,0.0859853,7337757.152332681
977,2040,48,3854.421943179354,98.6131725224996,WV,WEST VIRGINIA,0.0859853,331423.6271108597
978,2040,49,1872798.0503394697,16323.533893989596,WI,WISCONSIN,0.0859853,161033102.1978544
979,2040,50,157923.98135096513,1744.4376767389983,WY,WYOMING,0.0859853,13579140.913657144
980,2041,0,47373.18683984016,1060.6550074484353,AL,ALABAMA,0.08668336,4106467.009185127
981,2041,2,0.0,0.0,AZ,ARIZONA,0.08668336,0.0
982,2041,3,210926.9495363492,1134.7469205567204,AR,ARKANSAS,0.08668336,18283856.70036119
983,2041,4,26072.4938032556,346.49862528257285,CA,CALIFORNIA,0.08668336,2260051.366445374
984,2041,5,573468.7308662605,5695.545185649502,CO,COLORADO,0.08668336,49710196.44642317
985,2041,6,7566.873767029941,89.46237420240942,CT,CONNECTICUT,0.08668336,655922.0428220124
986,2041,7,5334.173807425599,183.9279840466788,DE,DELAWARE,0.08668336,462384.1084516439
987,2041,8,0.0,0.0,DC,DISTRICT OF COLUMBIA,0.08668336,0.0
988,2041,9,745.8183224028706,8.418015123919199,FL,FLORIDA,0.08668336,64650.0381354441
989,2041,10,2639.1802048473587,65.74945510474906,GA,GEORGIA,0.08668336,228773.00780165734
990,2041,12,51325.5663013544,1896.1173798050488,ID,IDAHO,0.08668336,4449072.540904172
991,2041,13,19516476.94894354,49021.33584086715,IL,ILLINOIS,0.08668336,1691753797.2969744
992,2041,14,4047749.660845493,20838.668432773324,IN,INDIANA,0.08668336,350872541.04094774
993,2041,15,21273980.268394887,48421.75881739332,IA,IOWA,0.08668336,1844100090.2381706
994,2041,16,1394975.5409067145,6087.717920180713,KS,KANSAS,0.08668336,120921167.00361146
995,2041,17,863219.6823488306,5864.574334857696,KY,KENTUCKY,0.08668336,74826782.48412932
996,2041,18,8798.873127524508,246.294223318268,LA,LOUISIANA,0.08668336,762715.8869075328
997,2041,19,749.4887361043242,20.363650850145994,ME,MAINE,0.08668336,64968.201927676135
998,2041,20,21301.91446741152,674.9088274808568,MD,MARYLAND,0.08668336,1846521.5204678408
999,2041,21,7055.3112489569485,78.6898792296563,MA,MASSACHUSETTS,0.08668336,611578.0849053848
1000,2041,22,997248.66140497,6538.8361053158205,MI,MICHIGAN,0.08668336,86444864.72608511
1001,2041,23,9117886.993862,32632.18195497874,MN,MINNESOTA,0.08668336,790369080.7282575
1002,2041,24,198521.4568848383,1936.9106435140648,MS,MISSISSIPPI,0.08668336,17208506.914872915
1003,2041,25,3118545.1047553746,18216.538938306563,MO,MISSOURI,0.08668336,270325967.99174786
1004,2041,26,0.0,0.0,MT,MONTANA,0.08668336,0.0
1005,2041,27,4154997.150935915,16838.191344545612,NE,NEBRASKA,0.08668336,360169113.83355224
1006,2041,28,0.0,0.0,NV,NEVADA,0.08668336,0.0
1007,2041,29,163.67704124484484,2.3421103806998094,NH,NEW HAMPSHIRE,0.08668336,14188.075889961734
1008,2041,30,8283.165324852469,250.39466660194023,NJ,NEW JERSEY,0.08668336,718012.6017937035
1009,2041,31,0.0,0.0,NM,NEW MEXICO,0.08668336,0.0
1010,2041,32,297864.8848625355,3226.855093104122,NY,NEW YORK,0.08668336,25819929.04589772
1011,2041,33,140861.60511201643,2490.418110116396,NC,NORTH CAROLINA,0.08668336,12210357.226102762
1012,2041,34,796218.876912479,6298.897188505881,ND,NORTH DAKOTA,0.08668336,69018927.54620011
1013,2041,35,982108.1144576368,12585.279784215492,OH,OHIO,0.08668336,85132431.24445254
1014,2041,36,213016.5175944788,921.1374270430558,OK,OKLAHOMA,0.08668336,18464987.48058854
1015,2041,37,5651.177305045642,13.009591594132417,OR,OREGON,0.08668336,489863.0367571012
1016,2041,38,410613.62494117615,4695.858934253007,PA,PENNSYLVANIA,0.08668336,35593368.67168096
1017,2041,39,68.83525944338845,3.6278529880985246,RI,RHODE ISLAND,0.08668336,5966.871575024641
1018,2041,40,1098.8765043634144,26.458250683822065,SC,SOUTH CAROLINA,0.08668336,95254.30762327542
1019,2041,41,10138422.410284804,35571.84354468771,SD,SOUTH DAKOTA,0.08668336,878832519.6227853
1020,2041,42,461227.5092283178,3806.828890310803,TN,TENNESSEE,0.08668336,39980750.22434159
1021,2041,43,1136647.3416314735,6887.071497293339,TX,TEXAS,0.08668336,98528410.70768401
1022,2041,44,69.05330692540561,2.045996585433794,UT,UTAH,0.08668336,5985.772663405427
1023,2041,45,2489.9946139269605,27.949971180308967,VT,VERMONT,0.08668336,215841.09951709173
1024,2041,46,29879.72791434792,441.2004379723191,VA,VIRGINIA,0.08668336,2590075.21150147
1025,2041,47,140803.6647628581,801.5995825474517,WA,WASHINGTON,0.08668336,12205334.761958143
1026,2041,48,25031.17852088361,497.49770953747327,WV,WEST VIRGINIA,0.08668336,2169786.6589500215
1027,2041,49,6159336.201103874,22193.450071321364,WI,WISCONSIN,0.08668336,533911957.28131944
1028,2041,50,163375.91354220806,1766.2516356838694,WY,WYOMING,0.08668336,14161973.128908096
1029,2042,0,84034.01183093248,1057.9142076783717,AL,ALABAMA,0.08738142,7343011.282083679
1030,2042,2,0.0,0.0,AZ,ARIZONA,0.08738142,0.0
1031,2042,3,208792.3670904103,957.2584783786152,AR,ARKANSAS,0.08738142,18244573.52152132
1032,2042,4,37145.03010404784,508.7486316591477,CA,CALIFORNIA,0.08738142,3245785.476434448
1033,2042,5,624438.4733425546,5704.266961642282,CO,COLORADO,0.08738142,54564320.50330458
1034,2042,6,8556.985039258336,84.3500566356702,CT,CONNECTICUT,0.08738142,747721.5036491492
1035,2042,7,59725.06906460899,491.5722202052057,DE,DELAWARE,0.08738142,5218861.344463605
1036,2042,8,0.0,0.0,DC,DISTRICT OF COLUMBIA,0.08738142,0.0
1037,2042,9,1861.7253649750348,25.530485251490457,FL,FLORIDA,0.08738142,162680.2060415368
1038,2042,10,40264.74415130636,521.2330358084796,GA,GEORGIA,0.08738142,3518390.519877845
1039,2042,12,39271.84325110652,1573.8405369270993,ID,IDAHO,0.08738142,3431629.429299104
1040,2042,13,12556353.12296142,47682.718296877865,IL,ILLINOIS,0.08738142,1097191965.9058034
1041,2042,14,1472321.16489713,15573.623374555738,IN,INDIANA,0.08738142,128653514.08476537
1042,2042,15,23137658.420309365,57712.24505542863,IA,IOWA,0.08738142,2021801448.241589
1043,2042,16,2527210.031244397,8061.7025964947425,KS,KANSAS,0.08738142,220831201.16837978
1044,2042,17,472224.3140152251,4639.873162057743,KY,KENTUCKY,0.08738142,41263631.11717627
1045,2042,18,489465.7956443823,3765.457267036325,LA,LOUISIANA,0.08738142,42770216.26483594
1046,2042,19,1935.2756469776607,57.65348318262488,ME,MAINE,0.08738142,169107.1341243267
1047,2042,20,208891.80984894047,1360.304383824859,MD,MARYLAND,0.08738142,18253262.970970403
1048,2042,21,3192.267488131767,45.65873628745298,MA,MASSACHUSETTS,0.08738142,278944.86613278696
1049,2042,22,581504.792606853,5448.283958129375,MI,MICHIGAN,0.08738142,50812714.514792316
1050,2042,23,6655205.485322028,29094.62034262738,MN,MINNESOTA,0.08738142,581541305.6992279
1051,2042,24,348758.5867607482,3620.3956105969146,MS,MISSISSIPPI,0.08738142,30475020.548347373
1052,2042,25,5008385.120225936,18301.71287824212,MO,MISSOURI,0.08738142,437639803.712213
1053,2042,26,0.0,0.0,MT,MONTANA,0.08738142,0.0
1054,2042,27,7372482.216171538,23512.85105501737,NE,NEBRASKA,0.08738142,644217964.973816
1055,2042,28,0.0,0.0,NV,NEVADA,0.08738142,0.0
1056,2042,29,80.92698328013643,2.3421102727349745,NH,NEW HAMPSHIRE,0.08738142,7071.514715334579
1057,2042,30,17876.351656173938,286.8179961072864,NJ,NEW JERSEY,0.08738142,1562060.9921358305
1058,2042,31,294.7890154962952,13.707517634007614,NM,NEW MEXICO,0.08738142,25759.08277446828
1059,2042,32,79287.29993894196,791.6111884177366,NY,NEW YORK,0.08738142,6928236.8566306615
1060,2042,33,794501.1173365981,4861.795729545029,NC,NORTH CAROLINA,0.08738142,69424635.82445857
1061,2042,34,3647693.004238583,9822.395427053674,ND,NORTH DAKOTA,0.08738142,318740594.4344334
1062,2042,35,748041.0311009573,9636.60839493016,OH,OHIO,0.08738142,65364887.51586581
1063,2042,36,196970.3341230718,882.7111989671673,OK,OKLAHOMA,0.08738142,17211547.49354847
1064,2042,37,5542.549771349126,13.009412781808576,OR,OREGON,0.08738142,484315.8694411619
1065,2042,38,373457.13711682265,4717.538007920462,PA,PENNSYLVANIA,0.08738142,32633214.95040267
1066,2042,39,27.20738730438157,0.3462786244427188,RI,RHODE ISLAND,0.08738142,2377.420137146834
1067,2042,40,48682.56209504015,974.8256987445496,SC,SOUTH CAROLINA,0.08738142,4253951.405102783
1068,2042,41,16332004.272649389,37116.67430619159,SD,SOUTH DAKOTA,0.08738142,1427113724.790171
1069,2042,42,266526.6641309264,2084.3384699328294,TN,TENNESSEE,0.08738142,23289478.379623417
1070,2042,43,1723521.425074468,12929.504081710438,TX,TEXAS,0.08738142,150603749.52343062
1071,2042,44,0.0,0.0,UT,UTAH,0.08738142,0.0
1072,2042,45,1025.383294123354,14.72742787382473,VT,VERMONT,0.08738142,89599.44828477633
1073,2042,46,170694.80071259788,1052.2581001855374,VA,VIRGINIA,0.08738142,14915554.072883815
1074,2042,47,121375.33878244886,795.2138549101692,WA,WASHINGTON,0.08738142,10605949.455791453
1075,2042,48,51679.314077956646,561.2288732283426,WV,WEST VIRGINIA,0.08738142,4515811.848757843
1076,2042,49,2566302.681793509,16276.930900347008,WI,WISCONSIN,0.08738142,224247172.48492497
1077,2042,50,161113.12570836535,1741.7887107270778,WY,WYOMING,0.08738142,14078293.70503547
1078,2043,0,74.95863048720203,6.6528613398408245,AL,ALABAMA,0.08807948,6602.317194824901
1079,2043,2,0.0,0.0,AZ,ARIZONA,0.08807948,0.0
1080,2043,3,85617.51872704827,809.2620636984575,AR,ARKANSAS,0.08807948,7541146.528368674
1081,2043,4,23441.97099115821,312.61061118911914,CA,CALIFORNIA,0.08807948,2064756.6150762998
1082,2043,5,416876.04145142273,4339.069622999551,CO,COLORADO,0.08807948,36718224.95549976
1083,2043,6,625.7759656526274,5.641454641662378,CT,CONNECTICUT,0.08807948,55118.02165118128
1084,2043,7,0.0,0.0,DE,DELAWARE,0.08807948,0.0
1085,2043,8,0.0,0.0,DC,DISTRICT OF COLUMBIA,0.08807948,0.0
1086,2043,9,0.0,0.0,FL,FLORIDA,0.08807948,0.0
1087,2043,10,0.0,0.0,GA,GEORGIA,0.08807948,0.0
1088,2043,12,49177.51737374516,1774.712979408934,ID,IDAHO,0.08807948,4331530.15797044
1089,2043,13,15290075.866791116,48652.14002901131,IL,ILLINOIS,0.08807948,1346741931.507511
1090,2043,14,800197.8308045382,7967.211948808286,IN,INDIANA,0.08807948,70481008.83439171
1091,2043,15,16607151.331607122,53462.50873441089,IA,IOWA,0.08807948,1462749253.569263
1092,2043,16,1720846.398783495,6783.914075335733,KS,KANSAS,0.08807948,151571255.96472287
1093,2043,17,82474.76217008146,1233.5116236597416,KY,KENTUCKY,0.08807948,7264334.165064448
1094,2043,18,78203.40624089597,1655.8080721324511,LA,LOUISIANA,0.08807948,6888115.355926872
1095,2043,19,159.98870901086022,8.087186260981598,ME,MAINE,0.08807948,14091.722295547883
1096,2043,20,0.0,0.0,MD,MARYLAND,0.08807948,0.0
1097,2043,21,0.0,0.0,MA,MASSACHUSETTS,0.08807948,0.0
1098,2043,22,148782.71779140533,1571.07000386005,MI,MICHIGAN,0.08807948,13104704.41605373
1099,2043,23,5889299.360530938,29467.607083106413,MN,MINNESOTA,0.08807948,518726425.23989755
1100,2043,24,10595.18481909216,318.9265210211822,MS,MISSISSIPPI,0.08807948,933218.3693695314
1101,2043,25,5227386.504717906,18502.51543378697,MO,MISSOURI,0.08807948,460425485.0945707
1102,2043,26,0.0,0.0,MT,MONTANA,0.08807948,0.0
1103,2043,27,4533600.141536523,21989.940252483808,NE,NEBRASKA,0.08807948,399317142.9944633
1104,2043,28,0.0,0.0,NV,NEVADA,0.08807948,0.0
1105,2043,29,0.0,0.0,NH,NEW HAMPSHIRE,0.08807948,0.0
1106,2043,30,0.0,0.0,NJ,NEW JERSEY,0.08807948,0.0
1107,2043,31,467.2841606760672,21.72844148136225,NM,NEW MEXICO,0.08807948,41158.145884584446
1108,2043,32,4897.842973343259,77.87798156839861,NY,NEW YORK,0.08807948,431399.4622137281
1109,2043,33,0.0,0.0,NC,NORTH CAROLINA,0.08807948,0.0
1110,2043,34,1837226.737762066,7923.137406938191,ND,NORTH DAKOTA,0.08807948,161821975.70417914
1111,2043,35,170519.21695433473,4487.700451025177,OH,OHIO,0.08807948,15019243.959344987
1112,2043,36,132632.36854526657,604.7890544526891,OK,OKLAHOMA,0.08807948,11682190.052635437
1113,2043,37,6281.031658951524,27.092867666021625,OR,OREGON,0.08807948,553230.0023839875
1114,2043,38,0.0,0.0,PA,PENNSYLVANIA,0.08807948,0.0
1115,2043,39,37.15571563843922,0.346278611080979,RI,RHODE ISLAND,0.08807948,3272.6561124615946
1116,2043,40,0.0,0.0,SC,SOUTH CAROLINA,0.08807948,0.0
1117,2043,41,9674460.68092761,35723.716265735915,SD,SOUTH DAKOTA,0.08807948,852121466.0565499
1118,2043,42,86751.84379912034,894.7557729922473,TN,TENNESSEE,0.08807948,7641057.290867744
1119,2043,43,816368.6133612785,6219.15670949317,TX,TEXAS,0.08807948,71905322.95318247
1120,2043,44,69.06712335593458,2.0464059556861947,UT,UTAH,0.08807948,6083.396310286574
1121,2043,45,580.0511698767447,10.696559309952484,VT,VERMONT,0.08807948,51090.60541613533
1122,2043,46,0.0,0.0,VA,VIRGINIA,0.08807948,0.0
1123,2043,47,111607.01400652034,766.1228185590526,WA,WASHINGTON,0.08807948,9830287.75804703
1124,2043,48,10010.644635160055,68.23410941889347,WV,WEST VIRGINIA,0.08807948,881732.3739296874
1125,2043,49,1108666.7391584795,13347.326682912724,WI,WISCONSIN,0.08807948,97650789.87837452
1126,2043,50,146904.66012249392,1617.70994013339,WY,WYOMING,0.08807948,12939286.073166002
1127,2044,0,4189.658264058223,310.0183119730461,AL,ALABAMA,0.08877754,371947.55412375944
1128,2044,2,0.0,0.0,AZ,ARIZONA,0.08877754,0.0
1129,2044,3,42860.27078582176,733.6388866808022,AR,ARKANSAS,0.08877754,3805029.4040991226
1130,2044,4,33322.676519228575,446.2333293264203,CA,CALIFORNIA,0.08877754,2958305.2475928757
1131,2044,5,518997.106829584,5221.10435251836,CO,COLORADO,0.08877754,46075286.41144767
1132,2044,6,4004.042029182722,39.69582575829697,CT,CONNECTICUT,0.08877754,355469.0014074503
1133,2044,7,13252.090674422638,258.64769994906146,DE,DELAWARE,0.08877754,1176488.0099321827
1134,2044,8,0.0,0.0,DC,DISTRICT OF COLUMBIA,0.08877754,0.0
1135,2044,9,15371.018401222796,61.891936989143794,FL,FLORIDA,0.08877754,1364601.200955293
1136,2044,10,56899.42659992785,438.8473806998308,GA,GEORGIA,0.08877754,5051391.120952159
1137,2044,12,39119.87833380255,1381.451844661897,ID,IDAHO,0.08877754,3472966.5635742894
1138,2044,13,6713942.798003892,37633.34085184076,IL,ILLINOIS,0.08877754,596047325.3075025
1139,2044,14,762970.3816962361,8169.38871265216,IN,INDIANA,0.08877754,67734633.57985288
1140,2044,15,11830188.207149072,49284.78006331716,IA,IOWA,0.08877754,1050255006.767705
1141,2044,16,832952.0767917932,4329.916918113919,KS,KANSAS,0.08877754,73947436.3154665
1142,2044,17,404424.4372745911,3037.922277390145,KY,KENTUCKY,0.08877754,35903806.65712251
1143,2044,18,708.1937653276498,45.82552839204095,LA,LOUISIANA,0.08877754,62871.70032912604
1144,2044,19,24.507613366211714,1.876093208804173,ME,MAINE,0.08877754,2175.725625923395
1145,2044,20,24862.36492806311,510.9964163356246,MD,MARYLAND,0.08877754,2207219.59689572
1146,2044,21,687.1340967607672,6.772552260151876,MA,MASSACHUSETTS,0.08877754,61002.07476054288
1147,2044,22,123627.76417728204,1672.6006119310591,MI,MICHIGAN,0.08877754,10975368.779359223
1148,2044,23,4768545.647740721,26062.98662190532,MN,MINNESOTA,0.08877754,423339751.98412776
1149,2044,24,33861.87405231664,354.5726138265977,MS,MISSISSIPPI,0.08877754,3006173.878154503
1150,2044,25,997453.338860042,10064.215799692493,MO,MISSOURI,0.08877754,88551453.68878095
1151,2044,26,0.0,0.0,MT,MONTANA,0.08877754,0.0
1152,2044,27,5250754.701883446,21893.69588386153,NE,NEBRASKA,0.08877754,466149085.5766458
1153,2044,28,0.0,0.0,NV,NEVADA,0.08877754,0.0
1154,2044,29,0.0,0.0,NH,NEW HAMPSHIRE,0.08877754,0.0
1155,2044,30,27844.840598282783,483.4863324583433,NJ,NEW JERSEY,0.08877754,2471996.450007674
1156,2044,31,429.7662266293375,19.98387938609128,NM,NEW MEXICO,0.08877754,38153.58837523507
1157,2044,32,26822.78970510205,469.2506111492769,NY,NEW YORK,0.08877754,2381261.285956286
1158,2044,33,158708.5127085929,1854.247370285771,NC,NORTH CAROLINA,0.08877754,14089751.335327614
1159,2044,34,859045.4089285915,6337.731729947294,ND,NORTH DAKOTA,0.08877754,76263938.1529744
1160,2044,35,133851.85724090083,3014.151431327242,OH,OHIO,0.08877754,11883038.610278362
1161,2044,36,144575.93457076518,719.711400037244,OK,OKLAHOMA,0.08877754,12835095.814393489
1162,2044,37,5290.218634042088,13.010118363276254,OR,OREGON,0.08877754,469652.59639241686
1163,2044,38,50181.65094115064,680.7494381018075,PA,PENNSYLVANIA,0.08877754,4455003.523694039
1164,2044,39,49.9785123217104,4.8522089457039925,RI,RHODE ISLAND,0.08877754,4436.969376781138
1165,2044,40,92298.0796170006,687.6579099246569,SC,SOUTH CAROLINA,0.08877754,8193996.455121457
1166,2044,41,9631938.923849843,34768.88436893714,SD,SOUTH DAKOTA,0.08877754,855099843.0896364
1167,2044,42,130304.57990658488,1132.80434204493,TN,TENNESSEE,0.08877754,11568120.054840036
1168,2044,43,444420.1493875795,3200.5597058490857,TX,TEXAS,0.08877754,39454527.58906182
1169,2044,44,69.06711673712643,2.04640575957598,UT,UTAH,0.08877754,6131.608718814911
1170,2044,45,629.6504045259228,13.2600343422444,VT,VERMONT,0.08877754,55898.8139738163
1171,2044,46,6071.131491558494,153.6752102225449,VA,VIRGINIA,0.08877754,538980.1188370939
1172,2044,47,106749.77698953947,770.3437856079139,WA,WASHINGTON,0.08877754,9476982.59667992
1173,2044,48,2269.103501139982,35.347475792912,WV,WEST VIRGINIA,0.08877754,201445.42683659482
1174,2044,49,65460.91961583496,854.1021233062243,WI,WISCONSIN,0.08877754,5811459.409631573
1175,2044,50,132972.77216087995,1618.2448803213756,WY,WYOMING,0.08877754,11804995.599423407
1176,2045,0,8111.47774691959,339.6638414325793,AL,ALABAMA,0.0894756,725779.3382922785
1177,2045,2,0.0,0.0,AZ,ARIZONA,0.0894756,0.0
1178,2045,3,438522.37284752814,1318.9669130838392,AR,ARKANSAS,0.0894756,39237052.42395629
1179,2045,4,22790.213815790743,312.21380890734764,CA,CALIFORNIA,0.0894756,2039168.0552961663
1180,2045,5,393489.3802793983,4282.5045890856045,CO,COLORADO,0.0894756,35207698.39412733
1181,2045,6,9963.802587677892,87.56735267511613,CT,CONNECTICUT,0.0894756,891517.2148140321
1182,2045,7,246.50412746330232,10.899280356490912,DE,DELAWARE,0.0894756,22056.104707255454
1183,2045,8,0.0,0.0,DC,DISTRICT OF COLUMBIA,0.0894756,0.0
1184,2045,9,0.0,0.0,FL,FLORIDA,0.0894756,0.0
1185,2045,10,0.0,0.0,GA,GEORGIA,0.0894756,0.0
1186,2045,12,38141.5540369751,1364.430724525964,ID,IDAHO,0.0894756,3412738.4323907695
1187,2045,13,15303634.293609202,45170.29292836584,IL,ILLINOIS,0.0894756,1369301860.6012595
1188,2045,14,832480.1781440096,9125.824038950292,IN,INDIANA,0.0894756,74486663.42754215
1189,2045,15,23940950.171326183,57209.62320506836,IA,IOWA,0.0894756,2142130881.149513
1190,2045,16,1427814.1185111622,5252.265761006111,KS,KANSAS,0.0894756,127754524.94225736
1191,2045,17,130293.62687454851,2615.3726239246525,KY,KENTUCKY,0.0894756,11658100.440776354
1192,2045,18,804389.8129758707,3333.796962087053,LA,LOUISIANA,0.0894756,71973261.14990382
1193,2045,19,1025.0093950056607,64.6642382951342,ME,MAINE,0.0894756,91713.3306237685
1194,2045,20,467.69640792548535,36.543551706987465,MD,MARYLAND,0.0894756,41847.41671697756
1195,2045,21,7389.891422620722,111.29527074625544,MA,MASSACHUSETTS,0.0894756,661214.9689738427
1196,2045,22,985872.7168795776,6478.876118025772,MI,MICHIGAN,0.0894756,88211552.86643034
1197,2045,23,5137785.174301459,28566.96097027757,MN,MINNESOTA,0.0894756,459706411.1417277
1198,2045,24,268163.9792401632,2192.726182956353,MS,MISSISSIPPI,0.0894756,23994132.940901145
1199,2045,25,5920301.452813946,18036.88714587453,MO,MISSOURI,0.0894756,529722524.6713995
1200,2045,26,0.0,0.0,MT,MONTANA,0.0894756,0.0
1201,2045,27,3157147.41096967,20373.41975776449,NE,NEBRASKA,0.0894756,282487658.8849578
1202,2045,28,0.0,0.0,NV,NEVADA,0.0894756,0.0
1203,2045,29,0.0,0.0,NH,NEW HAMPSHIRE,0.0894756,0.0
1204,2045,30,7421.228550465071,208.2987953847091,NJ,NEW JERSEY,0.0894756,664018.8772899925
1205,2045,31,388.3731900743124,17.109062738444134,NM,NEW MEXICO,0.0894756,34749.92420581315
1206,2045,32,143189.97063430224,2683.590419085539,NY,NEW YORK,0.0894756,12812008.536486574
1207,2045,33,24695.10130943045,709.3574409951743,NC,NORTH CAROLINA,0.0894756,2209609.0067220754
1208,2045,34,972912.320002414,5138.2563784284175,ND,NORTH DAKOTA,0.0894756,87051913.57960801
1209,2045,35,593499.7626685973,5706.764903778245,OH,OHIO,0.0894756,53103747.36463034
1210,2045,36,293674.2653324747,981.4154663164832,OK,OKLAHOMA,0.0894756,26276681.095182374
1211,2045,37,5497.513431260628,13.010026922280533,OR,OREGON,0.0894756,491893.31277010345
1212,2045,38,599685.1929417539,7069.193210729948,PA,PENNSYLVANIA,0.0894756,53657192.449579194
1213,2045,39,1029.8464848540812,24.1848822315503,RI,RHODE ISLAND,0.0894756,92146.13214020983
1214,2045,40,0.0,0.0,SC,SOUTH CAROLINA,0.0894756,0.0
1215,2045,41,5218410.270792019,29784.558250065373,SD,SOUTH DAKOTA,0.0894756,466920390.0252784
1216,2045,42,94303.74885757308,725.7115552849982,TN,TENNESSEE,0.0894756,8437884.511280665
1217,2045,43,2458286.6826918074,12170.42109698932,TX,TEXAS,0.0894756,219956675.90585908
1218,2045,44,0.0,0.0,UT,UTAH,0.0894756,0.0
1219,2045,45,54.35077618184236,2.437792299423069,VT,VERMONT,0.0894756,4863.068309336055
1220,2045,46,10362.06341847096,216.2451816334381,VA,VIRGINIA,0.0894756,927151.8416057403
1221,2045,47,105223.15961174593,773.6383702048922,WA,WASHINGTON,0.0894756,9414905.340156734
1222,2045,48,67654.79689925752,948.7757601903212,WV,WEST VIRGINIA,0.0894756,6053453.545439207
1223,2045,49,3138420.6745966286,19560.50557945066,WI,WISCONSIN,0.0894756,280812072.91193813
1224,2045,50,112703.255537255,1472.624393640719,WY,WYOMING,0.0894756,10084191.411149215
1225,2046,0,526369.1476400199,3158.230893999722,AL,ALABAMA,0.08849248,46579711.2701515
1226,2046,2,0.0,0.0,AZ,ARIZONA,0.08849248,0.0
1227,2046,3,344475.80207264586,1292.2388159822628,AR,ARKANSAS,0.08849248,30483518.02539757
1228,2046,4,29452.254723455106,389.3210100544288,CA,CALIFORNIA,0.08849248,2606303.0620702566
1229,2046,5,515653.3329696932,5061.111744105586,CO,COLORADO,0.08849248,45631442.25475392
1230,2046,6,362.1954821595702,12.87688561452601,CT,CONNECTICUT,0.08849248,32051.576461096123
1231,2046,7,2764.779099923451,74.07253504698988,DE,DELAWARE,0.08849248,244662.15920439403
1232,2046,8,0.0,0.0,DC,DISTRICT OF COLUMBIA,0.08849248,0.0
1233,2046,9,12740.8048824893,56.72370528748549,FL,FLORIDA,0.08849248,1127465.4212475866
1234,2046,10,123840.47050103763,1065.2152941170675,GA,GEORGIA,0.08849248,10958950.359003661
1235,2046,12,30815.99319596435,1059.2136603142726,ID,IDAHO,0.08849248,2726983.661574011
1236,2046,13,13236570.175092386,47210.70043000684,IL,ILLINOIS,0.08849248,1171336921.4879594
1237,2046,14,337847.6214086097,3717.648770339007,IN,INDIANA,0.08849248,29896973.880548965
1238,2046,15,24586035.96637344,57004.84074334511,IA,IOWA,0.08849248,2175679296.033582
1239,2046,16,2041410.4318731148,6378.786765059726,KS,KANSAS,0.08849248,180649471.81432298
1240,2046,17,692020.1786179052,5264.193157447022,KY,KENTUCKY,0.08849248,61238581.81594141
1241,2046,18,974627.8137897616,4441.278343295529,LA,LOUISIANA,0.08849248,86247232.3192342
1242,2046,19,0.5419764672677377,0.4414401579781434,ME,MAINE,0.08849248,47.96084169016093
1243,2046,20,19948.03700324179,556.5807745563355,MD,MARYLAND,0.08849248,1765251.2655486339
1244,2046,21,11.935304487038309,0.7006989462378672,MA,MASSACHUSETTS,0.08849248,1056.1846936131478
1245,2046,22,357196.38341191306,2202.4119884065967,MI,MICHIGAN,0.08849248,31609193.815151047
1246,2046,23,7897201.600572266,31716.38710926645,MN,MINNESOTA,0.08849248,698842954.6946092
1247,2046,24,1050962.528468603,5375.29915958893,MS,MISSISSIPPI,0.08849248,93002280.53125729
1248,2046,25,6685922.241123228,18784.888378138967,MO,MISSOURI,0.08849248,591653840.2041525
1249,2046,26,0.0,0.0,MT,MONTANA,0.08849248,0.0
1250,2046,27,7672369.97694792,23780.08991044483,NE,NEBRASKA,0.08849248,678947046.7376643
1251,2046,28,0.0,0.0,NV,NEVADA,0.08849248,0.0
1252,2046,29,0.0,0.0,NH,NEW HAMPSHIRE,0.08849248,0.0
1253,2046,30,0.0,0.0,NJ,NEW JERSEY,0.08849248,0.0
1254,2046,31,404.6949863940662,18.81808130825977,NM,NEW MEXICO,0.08849248,35812.46298957717
1255,2046,32,24281.93803578175,616.8534376768353,NY,NEW YORK,0.08849248,2148768.915992656
1256,2046,33,49113.63688546331,1484.798055045739,NC,NORTH CAROLINA,0.08849248,4346187.529814124
1257,2046,34,2329624.847426166,7868.068176703015,ND,NORTH DAKOTA,0.08849248,206154280.21836305
1258,2046,35,211370.37039213465,2434.128508395058,OH,OHIO,0.08849248,18704688.274518564
1259,2046,36,225402.6433358205,971.3947962565458,OK,OKLAHOMA,0.08849248,19946438.90734223
1260,2046,37,5462.037742514851,13.009141777776136,OR,OREGON,0.08849248,483349.26568874053
1261,2046,38,287416.49807168264,3913.2784357754863,PA,PENNSYLVANIA,0.08849248,25434198.70727841
1262,2046,39,23.88119673575993,0.3462785917174471,RI,RHODE ISLAND,0.08849248,2113.3063245153007
1263,2046,40,10214.579963705835,195.8433454033324,SC,SOUTH CAROLINA,0.08849248,903913.5131466393
1264,2046,41,13176245.55315365,34151.146150452776,SD,SOUTH DAKOTA,0.08849248,1165998646.0875382
1265,2046,42,519640.5143941494,3551.1449170726346,TN,TENNESSEE,0.08849248,45984277.82721398
1266,2046,43,2793639.565675161,15678.806162856205,TX,TEXAS,0.08849248,247216093.39271787
1267,2046,44,0.0,0.0,UT,UTAH,0.08849248,0.0
1268,2046,45,0.0,0.0,VT,VERMONT,0.08849248,0.0
1269,2046,46,8965.328624806802,308.21470650972924,VA,VIRGINIA,0.08849248,793364.1640241434
1270,2046,47,102530.3379819986,773.6835400841048,WA,WASHINGTON,0.08849248,9073163.883265251
1271,2046,48,52863.79736160988,1383.9512955886885,WV,WEST VIRGINIA,0.08849248,4678048.530746316
1272,2046,49,1012580.7356651732,12732.922952411258,WI,WISCONSIN,0.08849248,89605780.49923562
1273,2046,50,169091.0203201317,1882.9223204374407,WY,WYOMING,0.08849248,14963283.73385885
1274,2047,0,448175.3522709037,2424.196783730208,AL,ALABAMA,0.08750936,39219538.24500133
1275,2047,2,0.0,0.0,AZ,ARIZONA,0.08750936,0.0
1276,2047,3,37694.05453617849,504.3705777469007,AR,ARKANSAS,0.08750936,3298582.5882660765
1277,2047,4,42588.81888167117,577.3329525120179,CA,CALIFORNIA,0.08750936,3726920.2834909596
1278,2047,5,277140.2440329721,3713.350160062,CO,COLORADO,0.08750936,24252365.385569207
1279,2047,6,2361.2884070889186,42.53929594784984,CT,CONNECTICUT,0.08750936,206634.83727977073
1280,2047,7,6651.050895669708,197.3944393100664,DE,DELAWARE,0.08750936,582029.2072074829
1281,2047,8,0.0,0.0,DC,DISTRICT OF COLUMBIA,0.08750936,0.0
1282,2047,9,3472.912892516473,26.858608370128724,FL,FLORIDA,0.08750936,303912.38455986534
1283,2047,10,322252.3278092851,1895.4301299424624,GA,GEORGIA,0.08750936,28200094.96510074
1284,2047,12,48172.85586737215,1700.411867295884,ID,IDAHO,0.08750936,4215575.786325981
1285,2047,13,6094338.199563275,39893.65974248705,IL,ILLINOIS,0.08750936,533311635.46733445
1286,2047,14,318025.2985492949,3482.658796584541,IN,INDIANA,0.08750936,27830190.339857724
1287,2047,15,10358208.773186374,46283.575279665645,IA,IOWA,0.08750936,906440220.4879247
1288,2047,16,1000834.7246225514,3907.053165488756,KS,KANSAS,0.08750936,87582406.2174957
1289,2047,17,716854.097047394,4700.03858544958,KY,KENTUCKY,0.08750936,62731443.245995335
1290,2047,18,59893.87235729895,1166.2423946347676,LA,LOUISIANA,0.08750936,5241274.437908922
1291,2047,19,92.33448995541544,4.340893521836812,ME,MAINE,0.08750936,8080.132121924833
1292,2047,20,65524.12450149872,906.8448687966354,MD,MARYLAND,0.08750936,5733974.199686471
1293,2047,21,4370.925402820317,106.4666677396907,MA,MASSACHUSETTS,0.08750936,382496.88460854813
1294,2047,22,207848.054102281,2404.5131911265225,MI,MICHIGAN,0.08750936,18188650.191735983
1295,2047,23,6585092.995837612,30672.297524917933,MN,MINNESOTA,0.08750936,576257273.606232
1296,2047,24,618676.6526335467,4462.266528445833,MS,MISSISSIPPI,0.08750936,54139997.918903984
1297,2047,25,3196228.582282636,14281.944640340336,MO,MISSOURI,0.08750936,279699917.64926076
1298,2047,26,0.0,0.0,MT,MONTANA,0.08750936,0.0
1299,2047,27,2360921.3047214234,17086.58863205702,NE,NEBRASKA,0.08750936,206602712.38653675
1300,2047,28,0.0,0.0,NV,NEVADA,0.08750936,0.0
1301,2047,29,0.0,0.0,NH,NEW HAMPSHIRE,0.08750936,0.0
1302,2047,30,47.50609875745811,10.131701341503758,NJ,NEW JERSEY,0.08750936,4157.228298361954
1303,2047,31,246.00231237941995,11.438964336138664,NM,NEW MEXICO,0.08750936,21527.504914843117
1304,2047,32,20576.61650252263,636.6162127013304,NY,NEW YORK,0.08750936,1800646.5411011935
1305,2047,33,150258.7037589969,1858.3292787337216,NC,NORTH CAROLINA,0.08750936,13149043.000379413
1306,2047,34,159816.89983759675,2051.218739727954,ND,NORTH DAKOTA,0.08750936,13985474.621972194
1307,2047,35,237725.0380165761,2734.9746168122947,OH,OHIO,0.08750936,20803165.932806242
1308,2047,36,87793.7750171122,277.4992195210298,OK,OKLAHOMA,0.08750936,7682777.063731477
1309,2047,37,5401.474631269639,13.009500084965431,OR,OREGON,0.08750936,472679.588038642
1310,2047,38,195551.4020236912,2890.427121952286,PA,PENNSYLVANIA,0.08750936,17112578.03819592
1311,2047,39,255.6234630690868,3.628146527202396,RI,RHODE ISLAND,0.08750936,22369.44565415942
1312,2047,40,157924.2799531813,1385.1814910760006,SC,SOUTH CAROLINA,0.08750936,13819852.667163724
1313,2047,41,4775807.679996128,28066.61143752372,SD,SOUTH DAKOTA,0.08750936,417927873.55954593
1314,2047,42,593163.6762452478,3131.302017798611,TN,TENNESSEE,0.08750936,51907373.68346884
1315,2047,43,214582.71482424275,1230.879258831556,TX,TEXAS,0.08750936,18777996.041331995
1316,2047,44,69.06712073197134,2.0464058779401744,UT,UTAH,0.08750936,6044.019532297543
1317,2047,45,431.8017836153854,14.987788841107902,VT,VERMONT,0.08750936,37786.697731040855
1318,2047,46,10216.900517397176,218.44388982230052,VA,VIRGINIA,0.08750936,894074.4254610958
1319,2047,47,120237.51949409633,788.4082075915765,WA,WASHINGTON,0.08750936,10521908.378915893
1320,2047,48,7723.327012030347,338.1897852889806,WV,WEST VIRGINIA,0.08750936,675863.403893488
1321,2047,49,3059240.435987049,20349.469163942165,WI,WISCONSIN,0.08750936,267712172.63934758
1322,2047,50,132728.94942848978,1673.1828066544124,WY,WYOMING,0.08750936,11615025.417959506
1323,2048,0,240275.18107700587,1799.788013226263,AL,ALABAMA,0.08652624,20790107.983912468
1324,2048,2,0.0,0.0,AZ,ARIZONA,0.08652624,0.0
1325,2048,3,350630.425472968,1254.9461385575323,AR,ARKANSAS,0.08652624,30338732.34577615
1326,2048,4,33721.69041440246,444.0329460621782,CA,CALIFORNIA,0.08652624,2917811.078002287
1327,2048,5,348809.42162467795,4625.105696275488,CO,COLORADO,0.08652624,30181167.729758076
1328,2048,6,1179.8052042363242,16.499967360259944,CT,CONNECTICUT,0.08652624,102084.1082550012
1329,2048,7,0.0,0.0,DE,DELAWARE,0.08652624,0.0
1330,2048,8,0.0,0.0,DC,DISTRICT OF COLUMBIA,0.08652624,0.0
1331,2048,9,9725.50659987052,42.57194557338748,FL,FLORIDA,0.08652624,841511.5181819806
1332,2048,10,135218.073555216,758.1318921198963,GA,GEORGIA,0.08652624,11699911.484776272
1333,2048,12,41152.21193425816,1496.306032594573,ID,IDAHO,0.08652624,3560746.166354486
1334,2048,13,4616245.263739756,25999.745979315725,IL,ILLINOIS,0.08652624,399426345.5892095
1335,2048,14,187746.90540566423,2180.383916501967,IN,INDIANA,0.08652624,16245033.796387801
1336,2048,15,3392053.985700583,21873.922481216207,IA,IOWA,0.08652624,293501677.2596852
1337,2048,16,1060287.3660474592,4170.772474090809,KS,KANSAS,0.08652624,91742679.10359031
1338,2048,17,311875.3074620732,3544.1529721645466,KY,KENTUCKY,0.08652624,26985397.70353714
1339,2048,18,903655.034614753,4049.756337560053,LA,LOUISIANA,0.08652624,78189872.40228443
1340,2048,19,0.0,0.0,ME,MAINE,0.08652624,0.0
1341,2048,20,437.20873968004105,28.1922042719586,MD,MARYLAND,0.08652624,37830.02833965276
1342,2048,21,1502.195938479765,20.58123844473608,MA,MASSACHUSETTS,0.08652624,129979.36629992537
1343,2048,22,53123.93412006418,590.7712038591579,MI,MICHIGAN,0.08652624,4596614.273416862
1344,2048,23,309783.3023346887,2459.3336765800905,MN,MINNESOTA,0.08652624,26804384.365803838
1345,2048,24,659857.8249856555,4087.975029083575,MS,MISSISSIPPI,0.08652624,57095016.53058683
1346,2048,25,1657362.9844037471,11720.80545662687,MO,MISSOURI,0.08652624,143405387.3556349
1347,2048,26,0.0,0.0,MT,MONTANA,0.08652624,0.0
1348,2048,27,3625292.543462745,21858.02360221124,NE,NEBRASKA,0.08652624,313682932.6858679
1349,2048,28,0.0,0.0,NV,NEVADA,0.08652624,0.0
1350,2048,29,0.0,0.0,NH,NEW HAMPSHIRE,0.08652624,0.0
1351,2048,30,0.0,0.0,NJ,NEW JERSEY,0.08652624,0.0
1352,2048,31,0.0,0.0,NM,NEW MEXICO,0.08652624,0.0
1353,2048,32,1453.62813589321,127.8427878305998,NY,NEW YORK,0.08652624,125776.9769570485
1354,2048,33,200825.58730604523,2786.050983933259,NC,NORTH CAROLINA,0.08652624,17376682.965383824
1355,2048,34,679446.1005731908,4807.399468582884,ND,NORTH DAKOTA,0.08652624,58789916.36526005
1356,2048,35,7100.578275365219,222.0702463471352,OH,OHIO,0.08652624,614386.339993037
1357,2048,36,220213.6267448351,834.3671313533152,OK,OKLAHOMA,0.08652624,19054257.118994024
1358,2048,37,5373.907337326118,13.008794654397768,OR,OREGON,0.08652624,464983.99600724067
1359,2048,38,13760.96061253472,444.9032639298616,PA,PENNSYLVANIA,0.08652624,1190684.1805907262
1360,2048,39,130.73857148552767,3.628180801402717,RI,RHODE ISLAND,0.08652624,11312.317013613925
1361,2048,40,216284.87020582764,1765.7488034325784,SC,SOUTH CAROLINA,0.08652624,18714316.587798294
1362,2048,41,4071295.912562403,20505.64975565524,SD,SOUTH DAKOTA,0.08652624,352273927.2413935
1363,2048,42,364970.5840489874,2349.853922186965,TN,TENNESSEE,0.08652624,31579532.348362863
1364,2048,43,2645788.484491667,13313.854913917472,TX,TEXAS,0.08652624,228930129.39836225
1365,2048,44,0.0,0.0,UT,UTAH,0.08652624,0.0
1366,2048,45,366.8773646641134,14.229203724407782,VT,VERMONT,0.08652624,31744.518905494595
1367,2048,46,8685.203338877174,138.23098584987872,VA,VIRGINIA,0.08652624,751497.9885484878
1368,2048,47,107158.99030708596,756.8839742788427,WA,WASHINGTON,0.08652624,9272064.513468593
1369,2048,48,2910.279470491334,63.40262613142602,WV,WEST VIRGINIA,0.08652624,251815.5399308061
1370,2048,49,33275.382941944685,362.7948931956163,WI,WISCONSIN,0.08652624,2879193.770526612
1371,2048,50,105532.91575828665,1708.2618156432795,WY,WYOMING,0.08652624,9131366.396801293
1372,2049,0,27014.000748243663,379.5146542770199,AL,ALABAMA,0.08554312,2310861.9076870973
1373,2049,2,0.0,0.0,AZ,ARIZONA,0.08554312,0.0
1374,2049,3,194276.54774074387,750.8504591900871,AR,ARKANSAS,0.08554312,16619022.036572183
1375,2049,4,28456.72063995652,383.5089091939151,CA,CALIFORNIA,0.08554312,2434276.6685102773
1376,2049,5,271437.94363162114,3458.2221754819,CO,COLORADO,0.08554312,23219648.584633
1377,2049,6,209.90645132681004,4.643887676899537,CT,CONNECTICUT,0.08554312,17956.052754623473
1378,2049,7,753.6798193800018,8.550462650841894,DE,DELAWARE,0.08554312,64472.12323080182
1379,2049,8,0.0,0.0,DC,DISTRICT OF COLUMBIA,0.08554312,0.0
1380,2049,9,0.0,0.0,FL,FLORIDA,0.08554312,0.0
1381,2049,10,117.6255159564714,36.244560566280725,GA,GEORGIA,0.08554312,10062.053626526347
1382,2049,12,30882.11662629152,1080.6219107532268,ID,IDAHO,0.08554312,2641752.6084168507
1383,2049,13,1612001.723007008,14151.184130608312,IL,ILLINOIS,0.08554312,137895656.83139524
1384,2049,14,132691.74671304092,2672.178223777637,IN,INDIANA,0.08554312,11350866.012083264
1385,2049,15,3540985.8056185874,27786.66601181028,IA,IOWA,0.08554312,302906973.6883275
1386,2049,16,1462091.555546214,6022.114415116412,KS,KANSAS,0.08554312,125071873.38707645
1387,2049,17,20880.538484804085,372.13581345615887,KY,KENTUCKY,0.08554312,1786186.4092702141
1388,2049,18,896622.3699299381,3799.8848994323994,LA,LOUISIANA,0.08554312,76699874.98560108
1389,2049,19,0.0,0.0,ME,MAINE,0.08554312,0.0
1390,2049,20,13283.46609775627,489.7502047746098,MD,MARYLAND,0.08554312,1136309.1344162964
1391,2049,21,456.0150343395616,12.607797566577434,MA,MASSACHUSETTS,0.08554312,39008.948804313244
1392,2049,22,120859.95385382294,955.9548342060248,MI,MICHIGAN,0.08554312,10338737.535712037
1393,2049,23,282978.3812123681,1795.6014395959546,MN,MINNESOTA,0.08554312,24206853.62145535
1394,2049,24,534261.6282575417,2459.423462697747,MS,MISSISSIPPI,0.08554312,45702406.57743028
1395,2049,25,1587825.2380444414,12275.66502212083,MO,MISSOURI,0.08554312,135827524.87706423
1396,2049,26,0.0,0.0,MT,MONTANA,0.08554312,0.0
1397,2049,27,2159872.6993057574,14710.52181013367,NE,NEBRASKA,0.08554312,184762249.50143632
1398,2049,28,0.0,0.0,NV,NEVADA,0.08554312,0.0
1399,2049,29,0.0,0.0,NH,NEW HAMPSHIRE,0.08554312,0.0
1400,2049,30,628.0388090872966,22.25334653384405,NJ,NEW JERSEY,0.08554312,53724.399210411706
1401,2049,31,404.6949787771138,18.818080954075924,NM,NEW MEXICO,0.08554312,34618.8711329281
1402,2049,32,0.0,0.0,NY,NEW YORK,0.08554312,0.0
1403,2049,33,11351.746963894246,267.8683132838473,NC,NORTH CAROLINA,0.08554312,971063.8527420411
1404,2049,34,5590.175237147733,53.549715283380735,ND,NORTH DAKOTA,0.08554312,478201.031132357
1405,2049,35,9690.468283687154,651.2185184606687,OH,OHIO,0.08554312,828952.8912476442
1406,2049,36,143521.3038703659,550.4938018043465,OK,OKLAHOMA,0.08554312,12277260.119539173
1407,2049,37,5436.695954237792,13.00959184553064,OR,OREGON,0.08554312,465071.9344168779
1408,2049,38,58213.97757151791,1177.2779334348272,PA,PENNSYLVANIA,0.08554312,4979805.269077665
1409,2049,39,0.0977706768523695,0.5472626354566735,RI,RHODE ISLAND,0.08554312,8.363608742463466
1410,2049,40,397.5513245788137,14.000938187193851,SC,SOUTH CAROLINA,0.08554312,34007.78066460441
1411,2049,41,2266242.700478091,17798.037520186594,SD,SOUTH DAKOTA,0.08554312,193861471.27612138
1412,2049,42,74376.03703169328,624.8107979675489,TN,TENNESSEE,0.08554312,6362358.260926582
1413,2049,43,2333698.320664073,11670.53875519332,TX,TEXAS,0.08554312,199631835.48836526
1414,2049,44,0.0,0.0,UT,UTAH,0.08554312,0.0
1415,2049,45,17.098596282340715,0.3485474411745941,VT,VERMONT,0.08554312,1462.6672736118255
1416,2049,46,1966.8595669272647,70.36956638796529,VA,VIRGINIA,0.08554312,168251.30395680704
1417,2049,47,123634.51142513918,774.2840907393672,WA,WASHINGTON,0.08554312,10576081.84698205
1418,2049,48,1673.9478461754798,44.877840564677925,WV,WEST VIRGINIA,0.08554312,143194.7214791306
1419,2049,49,57228.1999846525,540.4340453567937,WI,WISCONSIN,0.08554312,4895478.778671127
1420,2049,50,113812.418243084,1635.994193681017,WY,WYOMING,0.08554312,9735869.351258324
1421,2050,0,4618.138535104897,226.04924012065868,AL,ALABAMA,0.08456,390509.7945284701
1422,2050,2,0.0,0.0,AZ,ARIZONA,0.08456,0.0
1423,2050,3,270720.3911993243,1078.1828773038271,AR,ARKANSAS,0.08456,22892116.279814858
1424,2050,4,22008.1161936322,302.399118650865,CA,CALIFORNIA,0.08456,1861006.3053335387
1425,2050,5,280022.68590350763,3585.585960696804,CO,COLORADO,0.08456,23678718.320000608
1426,2050,6,5196.604899737598,64.05196563647358,CT,CONNECTICUT,0.08456,439424.9103218113
1427,2050,7,36056.10772197144,330.75146320332817,DE,DELAWARE,0.08456,3048904.4689699053
1428,2050,8,0.0,0.0,DC,DISTRICT OF COLUMBIA,0.08456,0.0
1429,2050,9,2809.1476693393065,25.35556453976981,FL,FLORIDA,0.08456,237541.52691933175
1430,2050,10,55384.00603835558,459.28224413018256,GA,GEORGIA,0.08456,4683271.550603348
1431,2050,12,34561.47681945781,1188.4835614902115,ID,IDAHO,0.08456,2922518.479853352
1432,2050,13,2188340.9223824423,20841.89729566784,IL,ILLINOIS,0.08456,185046108.3966593
1433,2050,14,230862.4838683011,6357.982068441404,IN,INDIANA,0.08456,19521731.63590354
1434,2050,15,16193.999461329617,179.88975315071372,IA,IOWA,0.08456,1369364.5944500323
1435,2050,16,377201.467897233,2839.328081182304,KS,KANSAS,0.08456,31896156.125390016
1436,2050,17,141187.82349274546,1332.3580291399005,KY,KENTUCKY,0.08456,11938842.354546556
1437,2050,18,542565.624820915,2690.9002470098008,LA,LOUISIANA,0.08456,45879349.234856576
1438,2050,19,47.58947931741047,1.0300270326066243,ME,MAINE,0.08456,4024.166371080229
1439,2050,20,92793.40338870502,876.7121734060564,MD,MARYLAND,0.08456,7846610.190548896
1440,2050,21,3648.300858260274,56.20642849508453,MA,MASSACHUSETTS,0.08456,308500.3205744887
1441,2050,22,87259.64339437938,976.7226309098752,MI,MICHIGAN,0.08456,7378675.44542872
1442,2050,23,137925.16944688105,1255.3476535502605,MN,MINNESOTA,0.08456,11662952.328428261
1443,2050,24,303051.1610422548,2552.219404255091,MS,MISSISSIPPI,0.08456,25626006.177733064
1444,2050,25,943730.8379430188,7496.670367616728,MO,MISSOURI,0.08456,79801879.65646167
1445,2050,26,0.0,0.0,MT,MONTANA,0.08456,0.0
1446,2050,27,1185004.749433861,10585.86013721258,NE,NEBRASKA,0.08456,100204001.61212729
1447,2050,28,0.0,0.0,NV,NEVADA,0.08456,0.0
1448,2050,29,0.0,0.0,NH,NEW HAMPSHIRE,0.08456,0.0
1449,2050,30,45234.761062851314,412.3504396458332,NJ,NEW JERSEY,0.08456,3825051.3954747072
1450,2050,31,246.00231476013704,11.438964446840624,NM,NEW MEXICO,0.08456,20801.955736117186
1451,2050,32,5992.9142266027775,148.38013024513438,NY,NEW YORK,0.08456,506760.82700153085
1452,2050,33,481403.7705583858,3526.8350417722154,NC,NORTH CAROLINA,0.08456,40707502.8384171
1453,2050,34,37503.140220732734,472.56967007633153,ND,NORTH DAKOTA,0.08456,3171265.53706516
1454,2050,35,47302.74106642984,1965.6024452432664,OH,OHIO,0.08456,3999919.784577307
1455,2050,36,158662.53246463567,807.9132900918542,OK,OKLAHOMA,0.08456,13416503.745209591
1456,2050,37,4748.009375572862,13.010118305310964,OR,OREGON,0.08456,401491.6727984412
1457,2050,38,388603.26851929486,3824.662538075894,PA,PENNSYLVANIA,0.08456,32860292.385991573
1458,2050,39,529.0329026148745,4.681060736229745,RI,RHODE ISLAND,0.08456,44735.02224511379
1459,2050,40,195483.3504048736,1381.3909659009626,SC,SOUTH CAROLINA,0.08456,16530072.110236112
1460,2050,41,653783.6954655768,7965.905088922954,SD,SOUTH DAKOTA,0.08456,55283949.28856918
1461,2050,42,163709.66828757088,1231.8217648060258,TN,TENNESSEE,0.08456,13843289.550396994
1462,2050,43,888888.8416998378,6345.471827361922,TX,TEXAS,0.08456,75164440.45413828
1463,2050,44,0.0,0.0,UT,UTAH,0.08456,0.0
1464,2050,45,377.7975977944392,12.63084827551594,VT,VERMONT,0.08456,31946.564869497775
1465,2050,46,112898.58901635828,804.8369288090634,VA,VIRGINIA,0.08456,9546704.687223256
1466,2050,47,72115.02814181705,579.7182299532409,WA,WASHINGTON,0.08456,6098046.779672049
1467,2050,48,21524.087916893302,385.2258340494676,WV,WEST VIRGINIA,0.08456,1820076.8742524977
1468,2050,49,48800.47321678889,560.8806184768224,WI,WISCONSIN,0.08456,4126568.0152116683
1469,2050,50,66434.30007537671,1220.4892538747065,WY,WYOMING,0.08456,5617684.414373854
1470,2051,0,377483.8500619507,2137.112443378675,AL,ALABAMA,0.08659192,32687051.34585643
1471,2051,2,0.0,0.0,AZ,ARIZONA,0.08659192,0.0
1472,2051,3,308400.6276455948,1153.7458174320332,AR,ARKANSAS,0.08659192,26705002.477037136
1473,2051,4,17920.46333070493,235.81808406180383,CA,CALIFORNIA,0.08659192,1551767.327095335
1474,2051,5,470394.9042238705,5425.34458497804,CO,COLORADO,0.08659192,40732397.91496106
1475,2051,6,0.0,0.0,CT,CONNECTICUT,0.08659192,0.0
1476,2051,7,4777.048941600199,117.49721875102787,DE,DELAWARE,0.08659192,413653.8397871291
1477,2051,8,0.0,0.0,DC,DISTRICT OF COLUMBIA,0.08659192,0.0
1478,2051,9,22989.400998066914,88.91371339434488,FL,FLORIDA,0.08659192,1990696.3720725304
1479,2051,10,243968.76575588985,1315.0958755575912,GA,GEORGIA,0.08659192,21125723.846832756
1480,2051,12,31371.392288810872,1148.405725256329,ID,IDAHO,0.08659192,2716509.091361328
1481,2051,13,8911877.395602733,38485.08842698963,IL,ILLINOIS,0.08659192,771696574.4898403
1482,2051,14,1765365.0577615432,14709.347781559554,IN,INDIANA,0.08659192,152866349.85248294
1483,2051,15,7101220.659391956,36815.35425329463,IA,IOWA,0.08659192,614908331.2404156
1484,2051,16,1601173.6952034251,6554.954757916945,KS,KANSAS,0.08659192,138648704.52115938
1485,2051,17,273293.00764082687,2842.462328239775,KY,KENTUCKY,0.08659192,23664966.254193872
1486,2051,18,1131070.8464053706,4039.4644678502127,LA,LOUISIANA,0.08659192,97941596.24626616
1487,2051,19,0.0,0.0,ME,MAINE,0.08659192,0.0
1488,2051,20,10119.4210109316,201.24418807933608,MD,MARYLAND,0.08659192,876260.0946249084
1489,2051,21,1556.235173915581,23.86338926022534,MA,MASSACHUSETTS,0.08659192,134757.3916808841
1490,2051,22,197115.9189437481,1423.4238090448614,MI,MICHIGAN,0.08659192,17068645.883903522
1491,2051,23,313625.4943237343,4033.843456316788,MN,MINNESOTA,0.08659192,27157433.714441255
1492,2051,24,1461782.3466683382,5079.0015501269245,MS,MISSISSIPPI,0.08659192,126578540.020117
1493,2051,25,3994584.878295885,18633.38607800478,MO,MISSOURI,0.08659192,345898774.214607
1494,2051,26,0.0,0.0,MT,MONTANA,0.08659192,0.0
1495,2051,27,5727038.472511959,28397.173708738712,NE,NEBRASKA,0.08659192,495915257.2486778
1496,2051,28,0.0,0.0,NV,NEVADA,0.08659192,0.0
1497,2051,29,0.0,0.0,NH,NEW HAMPSHIRE,0.08659192,0.0
1498,2051,30,1730.4312858827182,20.370199544047324,NJ,NEW JERSEY,0.08659192,149841.36747265345
1499,2051,31,581.1231610142798,35.416164789923805,NM,NEW MEXICO,0.08659192,50320.570268695636
1500,2051,32,22087.290978234512,970.2999916302348,NY,NEW YORK,0.08659192,1912580.9334040047
1501,2051,33,577308.6255288552,4340.426218334049,NC,NORTH CAROLINA,0.08659192,49990262.317104585
1502,2051,34,10142.500973682574,57.34642527892654,ND,NORTH DAKOTA,0.08659192,878258.6329130436
1503,2051,35,560628.3190559618,6443.149906276536,OH,OHIO,0.08659192,48545882.55342832
1504,2051,36,194726.4432234525,891.3896678187778,OK,OKLAHOMA,0.08659192,16861736.59348974
1505,2051,37,4109.162872888372,13.009662277636885,OR,OREGON,0.08659192,355820.30275612004
1506,2051,38,27813.83974539804,374.7434700342527,PA,PENNSYLVANIA,0.08659192,2408453.7861263277
1507,2051,39,30.18874906119628,0.547207933840253,RI,RHODE ISLAND,0.08659192,2614.1017436071834
1508,2051,40,290401.4114588775,1899.1680383538169,SC,SOUTH CAROLINA,0.08659192,25146415.788934205
1509,2051,41,2667165.0049372376,10618.605493148778,SD,SOUTH DAKOTA,0.08659192,230954938.7343249
1510,2051,42,294675.3654892025,2057.3823496077325,TN,TENNESSEE,0.08659192,25516505.674411785
1511,2051,43,2269444.048477517,11669.28245755948,TX,TEXAS,0.08659192,196515517.4902413
1512,2051,44,0.0,0.0,UT,UTAH,0.08659192,0.0
1513,2051,45,228.24779380887628,6.239198880772829,VT,VERMONT,0.08659192,19764.414701674712
1514,2051,46,68019.34514207879,521.4431473077383,VA,VIRGINIA,0.08659192,5889925.692995275
1515,2051,47,79063.65382336406,680.9083078488026,WA,WASHINGTON,0.08659192,6846273.586780435
1516,2051,48,15670.74473038735,299.73619743214545,WV,WEST VIRGINIA,0.08659192,1356959.874034123
1517,2051,49,112551.5835690665,2132.432655288135,WI,WISCONSIN,0.08659192,9746057.72028592
1518,2051,50,155149.73605233929,1739.6885195971167,WY,WYOMING,0.08659192,13434713.53226528
1519,2052,0,177361.85051069525,1554.6712504339484,AL,ALABAMA,0.08862384,15718488.261763774
1520,2052,2,0.0,0.0,AZ,ARIZONA,0.08862384,0.0
1521,2052,3,397366.0297043354,1231.5827947985845,AR,ARKANSAS,0.08862384,35216103.437952265
1522,2052,4,24311.823319478524,333.2220157314713,CA,CALIFORNIA,0.08862384,2154607.1399737336
1523,2052,5,600151.0293842249,5843.965110858788,CO,COLORADO,0.08862384,53187688.80398284
1524,2052,6,444.208749902728,25.958835778273148,CT,CONNECTICUT,0.08862384,39367.48517797938
1525,2052,7,7255.483424067357,162.46291326210215,DE,DELAWARE,0.08862384,643008.8020971976
1526,2052,8,0.0,0.0,DC,DISTRICT OF COLUMBIA,0.08862384,0.0
1527,2052,9,2301.8299845935826,59.97815248354432,FL,FLORIDA,0.08862384,203997.01226182413
1528,2052,10,31642.382198646665,418.6037781361911,GA,GEORGIA,0.08862384,2804269.41719171
1529,2052,12,39572.928257451145,1373.339651193868,ID,IDAHO,0.08862384,3507104.862219829
1530,2052,13,17681967.483939216,47616.63265482341,IL,ILLINOIS,0.08862384,1567043857.1818316
1531,2052,14,2976672.608948279,17847.66483923028,IN,INDIANA,0.08862384,263804157.02781487
1532,2052,15,20403619.539161555,58056.877869628646,IA,IOWA,0.08862384,1808247113.4595275
1533,2052,16,2298705.993125174,6692.7414113782415,KS,KANSAS,0.08862384,203720152.14176652
1534,2052,17,830973.2463741656,4121.205573777955,KY,KENTUCKY,0.08862384,73644040.03094463
1535,2052,18,494532.2898123556,2335.9209279662223,LA,LOUISIANA,0.08862384,43827350.527163826
1536,2052,19,27.088950733986987,0.5885868718948069,ME,MAINE,0.08862384,2400.726835616745
1537,2052,20,55840.05988062161,993.5219765603032,MD,MARYLAND,0.08862384,4948760.532450628
1538,2052,21,5150.410162147055,56.01076438981306,MA,MASSACHUSETTS,0.08862384,456449.1261444947
1539,2052,22,822761.5606874066,4799.668388786333,MI,MICHIGAN,0.08862384,72916288.912511
1540,2052,23,4287129.265843324,28034.93551254549,MN,MINNESOTA,0.08862384,379941858.1154162
1541,2052,24,583163.0014376085,3332.2910524512245,MS,MISSISSIPPI,0.08862384,51682144.53332638
1542,2052,25,7810470.258792176,20213.0807450073,MO,MISSOURI,0.08862384,692193866.5399563
1543,2052,26,0.0,0.0,MT,MONTANA,0.08862384,0.0
1544,2052,27,8293133.953256,29809.09969256392,NE,NEBRASKA,0.08862384,734969376.5719272
1545,2052,28,0.0,0.0,NV,NEVADA,0.08862384,0.0
1546,2052,29,0.0,0.0,NH,NEW HAMPSHIRE,0.08862384,0.0
1547,2052,30,10997.011481854017,248.9719452934348,NJ,NEW JERSEY,0.08862384,974597.3860459933
1548,2052,31,72.30277598487952,7.378379124954265,NM,NEW MEXICO,0.08862384,6407.749650439804
1549,2052,32,35901.109548523724,1114.676656529517,NY,NEW YORK,0.08862384,3181694.1884508384
1550,2052,33,136977.62684353878,1370.076475191477,NC,NORTH CAROLINA,0.08862384,12139483.284961484
1551,2052,34,478201.20552380313,4558.987762763256,ND,NORTH DAKOTA,0.08862384,42380027.12614864
1552,2052,35,919935.9565909274,8072.580355687068,OH,OHIO,0.08862384,81528257.0271613
1553,2052,36,211523.6361790617,846.4333622884833,OK,OKLAHOMA,0.08862384,18746036.888951372
1554,2052,37,4970.635153636313,13.009938559757629,OR,OREGON,0.08862384,440516.77455424
1555,2052,38,74462.96039443153,2382.047227371935,PA,PENNSYLVANIA,0.08862384,6599193.487922437
1556,2052,39,424.07692886580185,4.681135548804393,RI,RHODE ISLAND,0.08862384,37583.3258914942
1557,2052,40,40223.31883799831,796.5626122162173,SC,SOUTH CAROLINA,0.08862384,3564744.9729677476
1558,2052,41,9951269.8795862,31241.12794595257,SD,SOUTH DAKOTA,0.08862384,881919749.6052665
1559,2052,42,407978.4887591597,2192.816794544874,TN,TENNESSEE,0.08862384,36156620.311233565
1560,2052,43,907773.7278980346,6630.325432239069,TX,TEXAS,0.08862384,80450393.61743894
1561,2052,44,69.07403729395762,2.046610810373347,UT,UTAH,0.08862384,6121.606429293733
1562,2052,45,378.2445011476825,11.584270541621326,VT,VERMONT,0.08862384,33521.480150592026
1563,2052,46,36582.64892101838,474.8904986418842,VA,VIRGINIA,0.08862384,3242094.824752505
1564,2052,47,77235.61893370344,541.857448272153,WA,WASHINGTON,0.08862384,6844917.134681503
1565,2052,48,23175.72955358695,334.6241907442268,WV,WEST VIRGINIA,0.08862384,2053922.147840361
1566,2052,49,5841833.994143537,23901.568595841825,WI,WISCONSIN,0.08862384,517725761.20353776
1567,2052,50,145863.81717304676,1997.7101886490043,WY,WYOMING,0.08862384,12927011.594933348
1568,2053,0,0.0,0.0,AL,ALABAMA,0.09065576,0.0
1569,2053,2,0.0,0.0,AZ,ARIZONA,0.09065576,0.0
1570,2053,3,151523.75985277348,749.7473897450367,AR,ARKANSAS,0.09065576,13736501.60751067
1571,2053,4,33483.54204549498,445.5136305042297,CA,CALIFORNIA,0.09065576,3035475.9516263017
1572,2053,5,603485.6800957387,5790.666711493702,CO,COLORADO,0.09065576,54709452.97819607
1573,2053,6,768.3735850733012,25.98138728904509,CT,CONNECTICUT,0.09065576,69657.49131874478
1574,2053,7,1292.5405007508014,31.915491764354645,DE,DELAWARE,0.09065576,117176.24142634447
1575,2053,8,0.0,0.0,DC,DISTRICT OF COLUMBIA,0.09065576,0.0
1576,2053,9,0.0,0.0,FL,FLORIDA,0.09065576,0.0
1577,2053,10,0.0,0.0,GA,GEORGIA,0.09065576,0.0
1578,2053,12,47018.19212374832,1683.995985752453,ID,IDAHO,0.09065576,4262469.940804418
1579,2053,13,1656852.1474727276,20322.22099074567,IL,ILLINOIS,0.09065576,150203190.6367722
1580,2053,14,168435.39658203692,2843.503027875091,IN,INDIANA,0.09065576,15269638.88804596
1581,2053,15,7981185.658515175,36243.97946725567,IA,IOWA,0.09065576,723540451.5737936
1582,2053,16,1200025.0250624467,5267.088542917582,KS,KANSAS,0.09065576,108789180.66605517
1583,2053,17,40600.52515928453,733.5847065843911,KY,KENTUCKY,0.09065576,3680671.4647140605
1584,2053,18,353036.7949436576,2084.099154674712,LA,LOUISIANA,0.09065576,32004818.953581434
1585,2053,19,0.0,0.0,ME,MAINE,0.09065576,0.0
1586,2053,20,4649.051885690536,73.8931342207546,MD,MARYLAND,0.09065576,421463.3319767087
1587,2053,21,366.5768180366779,7.718537426300214,MA,MASSACHUSETTS,0.09065576,33232.300037496745
1588,2053,22,206417.1145733385,1325.980056926933,MI,MICHIGAN,0.09065576,18712900.39865308
1589,2053,23,2110593.2810822297,13351.715071862856,MN,MINNESOTA,0.09065576,191337437.94740316
1590,2053,24,127599.44168153404,1197.4811448921569,MS,MISSISSIPPI,0.09065576,11567624.361215146
1591,2053,25,1547141.2216196272,10517.135478914752,MO,MISSOURI,0.09065576,140257263.27325574
1592,2053,26,0.0,0.0,MT,MONTANA,0.09065576,0.0
1593,2053,27,8602693.817651039,29343.36446228412,NE,NEBRASKA,0.09065576,779883746.0864564
1594,2053,28,0.0,0.0,NV,NEVADA,0.09065576,0.0
1595,2053,29,0.0,0.0,NH,NEW HAMPSHIRE,0.09065576,0.0
1596,2053,30,1785.4450597387306,91.127330539696,NJ,NEW JERSEY,0.09065576,161860.87882886003
1597,2053,31,322.02701918594914,18.586252129383155,NM,NEW MEXICO,0.09065576,29193.6041648368
1598,2053,32,14931.33286298108,193.4354363039495,NY,NEW YORK,0.09065576,1353611.3285065258
1599,2053,33,12180.32225230244,376.1474944736884,NC,NORTH CAROLINA,0.09065576,1104216.3708273894
1600,2053,34,253444.77716552565,1778.3604231468446,ND,NORTH DAKOTA,0.09065576,22976228.891971372
1601,2053,35,16561.88637120308,875.9415901319551,OH,OHIO,0.09065576,1501430.3960150573
1602,2053,36,98695.7159701636,465.57194981153054,OK,OKLAHOMA,0.09065576,8947335.140019318
1603,2053,37,5508.8924719229935,13.01029680246851,OR,OREGON,0.09065576,499412.83380045765
1604,2053,38,15125.352010457507,408.2598530560405,PA,PENNSYLVANIA,0.09065576,1371200.2817755532
1605,2053,39,377.1974779392543,4.133873120039933,RI,RHODE ISLAND,0.09065576,34195.12403266633
1606,2053,40,0.0,0.0,SC,SOUTH CAROLINA,0.09065576,0.0
1607,2053,41,8388048.836960375,27677.16057718357,SD,SOUTH DAKOTA,0.09065576,760424942.2317588
1608,2053,42,13211.94467567805,250.7063093031883,TN,TENNESSEE,0.09065576,1197738.8856515472
1609,2053,43,1733614.8180394832,9415.970674770955,TX,TEXAS,0.09065576,157162168.87663105
1610,2053,44,0.0,0.0,UT,UTAH,0.09065576,0.0
1611,2053,45,0.3076041435545343,0.1536815030428026,VT,VERMONT,0.09065576,27.88608741308541
1612,2053,46,5.87304248465534,0.062073694095151,VA,VIRGINIA,0.09065576,532.4251299587181
1613,2053,47,111077.34919803844,781.0779476961318,WA,WASHINGTON,0.09065576,10069801.510333566
1614,2053,48,0.0,0.0,WV,WEST VIRGINIA,0.09065576,0.0
1615,2053,49,985380.744057656,7311.812803798341,WI,WISCONSIN,0.09065576,89330440.24191229
1616,2053,50,178820.45977885486,1980.3286578472505,WY,WYOMING,0.09065576,16211104.684801519
1617,2054,0,0.0,0.0,AL,ALABAMA,0.09268768,0.0
1618,2054,2,0.0,0.0,AZ,ARIZONA,0.09268768,0.0
1619,2054,3,6423.084457231673,181.4103690065844,AR,ARKANSAS,0.09268768,595340.7967848629
1620,2054,4,29811.34946401834,402.4834874095028,CA,CALIFORNIA,0.09268768,2763144.8194891033
1621,2054,5,313096.87487190095,3531.233083885724,CO,COLORADO,0.09268768,29020222.94712679
1622,2054,6,4800.964779424283,56.53476556746614,CT,CONNECTICUT,0.09268768,444990.2871665485
1623,2054,7,981.4658760850348,31.2088565406461,DE,DELAWARE,0.09268768,90969.79505348935
1624,2054,8,0.0,0.0,DC,DISTRICT OF COLUMBIA,0.09268768,0.0
1625,2054,9,0.0,0.0,FL,FLORIDA,0.09268768,0.0
1626,2054,10,0.0,0.0,GA,GEORGIA,0.09268768,0.0
1627,2054,12,48689.16508760229,1795.7799972098223,ID,IDAHO,0.09268768,4512885.753106852
1628,2054,13,4015792.096144747,35059.37407829936,IL,ILLINOIS,0.09268768,372214452.7539935
1629,2054,14,182031.2914654296,2595.9912804124124,IN,INDIANA,0.09268768,16872058.09333447
1630,2054,15,4048829.768872076,29464.51877935427,IA,IOWA,0.09268768,375276637.9916889
1631,2054,16,1323151.0919377436,5066.079186601851,KS,KANSAS,0.09268768,122639805.00117616
1632,2054,17,86882.82337983549,1185.9471246651017,KY,KENTUCKY,0.09268768,8052967.33092671
1633,2054,18,12150.214739461935,189.4494644217444,LA,LOUISIANA,0.09268768,1126175.2157025312
1634,2054,19,0.0,0.0,ME,MAINE,0.09268768,0.0
1635,2054,20,2931.2244036642865,117.96360189733784,MD,MARYLAND,0.09268768,271688.38953502616
1636,2054,21,58.664353502886144,1.1714374666661451,MA,MASSACHUSETTS,0.09268768,5437.46282488239
1637,2054,22,147375.1136844277,707.6872827359334,MI,MICHIGAN,0.09268768,13659857.377145853
1638,2054,23,638702.9568139495,5578.02312328864,MN,MINNESOTA,0.09268768,59199895.276225165
1639,2054,24,5103.6394410503735,292.34015703080763,MS,MISSISSIPPI,0.09268768,473044.4993474559
1640,2054,25,2456180.437119496,15451.023881516689,MO,MISSOURI,0.09268768,227657666.37799194
1641,2054,26,0.0,0.0,MT,MONTANA,0.09268768,0.0
1642,2054,27,3796952.4093734026,22979.331193692346,NE,NEBRASKA,0.09268768,351930709.89523095
1643,2054,28,0.0,0.0,NV,NEVADA,0.09268768,0.0
1644,2054,29,0.0,0.0,NH,NEW HAMPSHIRE,0.09268768,0.0
1645,2054,30,2510.38596831563,85.73149094809088,NJ,NEW JERSEY,0.09268768,232681.85130772926
1646,2054,31,17.32352743163815,7.378379124954265,NM,NEW MEXICO,0.09268768,1605.6775670548986
1647,2054,32,0.0,0.0,NY,NEW YORK,0.09268768,0.0
1648,2054,33,86905.73875035229,917.576425930436,NC,NORTH CAROLINA,0.09268768,8055091.303456252
1649,2054,34,16052.22244832883,154.62088098108313,ND,NORTH DAKOTA,0.09268768,1487843.2575795192
1650,2054,35,44802.02387739514,1500.5718380448382,OH,OHIO,0.09268768,4152595.6525003603
1651,2054,36,56857.00780915931,287.8533366461837,OK,OKLAHOMA,0.09268768,5269944.145572859
1652,2054,37,5417.39509080823,13.010026307764235,OR,OREGON,0.09268768,502125.7826104041
1653,2054,38,13989.841781920644,384.07363474162776,PA,PENNSYLVANIA,0.09268768,1296685.9783332902
1654,2054,39,52.117161165241264,0.5060202238619963,RI,RHODE ISLAND,0.09268768,4830.618756592309
1655,2054,40,221.37915201162423,10.618165307826702,SC,SOUTH CAROLINA,0.09268768,20519.12000032478
1656,2054,41,3941157.04945192,21354.88176111524,SD,SOUTH DAKOTA,0.09268768,365296703.4293437
1657,2054,42,24945.454242002063,368.1741113085904,TN,TENNESSEE,0.09268768,2312136.2802373297
1658,2054,43,450809.4002508011,2584.542907469065,TX,TEXAS,0.09268768,41784477.43143817
1659,2054,44,80.32617227767126,2.380309702686667,UT,UTAH,0.09268768,7445.2465516976645
1660,2054,45,0.0,0.0,VT,VERMONT,0.09268768,0.0
1661,2054,46,10977.85787261088,91.86427102496452,VA,VIRGINIA,0.09268768,1017512.177582038
1662,2054,47,154798.6120257798,994.709304037639,WA,WASHINGTON,0.09268768,14347924.215889627
1663,2054,48,0.0,0.0,WV,WEST VIRGINIA,0.09268768,0.0
1664,2054,49,57691.11394110807,858.0836091625468,WI,WISCONSIN,0.09268768,5347255.507816963
1665,2054,50,53389.158349473386,869.5229598065129,WY,WYOMING,0.09268768,4948517.224565317
1666,2055,0,13600.931634627912,391.0221327076238,AL,ALABAMA,0.0947196,1288274.804059302
1667,2055,2,0.0,0.0,AZ,ARIZONA,0.0947196,0.0
1668,2055,3,0.0,0.0,AR,ARKANSAS,0.0947196,0.0
1669,2055,4,28805.32018656524,399.5113975725608,CA,CALIFORNIA,0.0947196,2728428.4059433853
1670,2055,5,39408.157241788416,913.6822656898204,CO,COLORADO,0.0947196,3732724.890679302
1671,2055,6,8718.845498770732,102.8364333178936,CT,CONNECTICUT,0.0947196,825845.5581053643
1672,2055,7,728.9465715732474,7.1685172163957045,DE,DELAWARE,0.0947196,69045.52768078937
1673,2055,8,0.0,0.0,DC,DISTRICT OF COLUMBIA,0.0947196,0.0
1674,2055,9,9982.5863543611,42.668145145604726,FL,FLORIDA,0.0947196,945546.5864505416
1675,2055,10,11112.438803927198,126.55151146078929,GA,GEORGIA,0.0947196,1052565.7585324626
1676,2055,12,50139.91689063759,1785.771472398179,ID,IDAHO,0.0947196,4749232.871914436
1677,2055,13,379457.8109025791,13211.818206551274,IL,ILLINOIS,0.0947196,35942092.06556793
1678,2055,14,37426.60028253071,1346.2954703760138,IN,INDIANA,0.0947196,3545032.608121196
1679,2055,15,2061697.586269076,25679.395846357533,IA,IOWA,0.0947196,195283170.69237235
1680,2055,16,247158.5799574597,1521.471230953949,KS,KANSAS,0.0947196,23410761.8301386
1681,2055,17,1378.4291097541309,83.79495012439838,KY,KENTUCKY,0.0947196,130564.25390426739
1682,2055,18,35.94239018140679,40.13510482622458,LA,LOUISIANA,0.0947196,3404.448821026779
1683,2055,19,0.0,0.0,ME,MAINE,0.0947196,0.0
1684,2055,20,8500.537414008313,197.9683577676109,MD,MARYLAND,0.0947196,805167.5036399019
1685,2055,21,10517.466683046265,116.56310619966848,MA,MASSACHUSETTS,0.0947196,996210.237231469
1686,2055,22,204177.58373093844,1418.7796354060529,MI,MICHIGAN,0.0947196,19339619.059960995
1687,2055,23,309270.2167939456,3213.298739302113,MN,MINNESOTA,0.0947196,29293951.22663581
1688,2055,24,4853.477264605993,89.42236635550081,MS,MISSISSIPPI,0.0947196,459719.4251125738
1689,2055,25,192912.9293660384,7643.877802597711,MO,MISSOURI,0.0947196,18272635.50437941
1690,2055,26,0.0,0.0,MT,MONTANA,0.0947196,0.0
1691,2055,27,2022998.7954072712,16682.078786489696,NE,NEBRASKA,0.0947196,191617636.70145857
1692,2055,28,0.0,0.0,NV,NEVADA,0.0947196,0.0
1693,2055,29,0.0,0.0,NH,NEW HAMPSHIRE,0.0947196,0.0
1694,2055,30,930.3816897884412,23.90659435289304,NJ,NEW JERSEY,0.0947196,88125.38150408525
1695,2055,31,493.2685608769907,27.420798708901184,NM,NEW MEXICO,0.0947196,46722.20077884421
1696,2055,32,54719.90618923348,707.6566540943256,NY,NEW YORK,0.0947196,5183047.62628172
1697,2055,33,97616.4155673892,1231.2867975902773,NC,NORTH CAROLINA,0.0947196,9246187.835976876
1698,2055,34,82857.20864302269,738.1136609592387,ND,NORTH DAKOTA,0.0947196,7848201.659783652
1699,2055,35,14725.310626401806,713.3706727728378,OH,OHIO,0.0947196,1394775.5324085285
1700,2055,36,11374.12618600216,56.64468137167967,OK,OKLAHOMA,0.0947196,1077352.6826876504
1701,2055,37,5542.2382798228855,27.15372779626899,OR,OREGON,0.0947196,524958.5929695118
1702,2055,38,84896.6925389718,1684.9638673080844,PA,PENNSYLVANIA,0.0947196,8041380.758614393
1703,2055,39,567.0037461100266,4.177242031167343,RI,RHODE ISLAND,0.0947196,53706.368030043275
1704,2055,40,85906.0687056406,918.8306510439872,SC,SOUTH CAROLINA,0.0947196,8136988.465370796
1705,2055,41,2313445.8026864603,20033.42636422695,SD,SOUTH DAKOTA,0.0947196,219128661.05214047
1706,2055,42,8692.89694092503,404.56348788644186,TN,TENNESSEE,0.0947196,823387.7210856425
1707,2055,43,17606.513088095795,165.44032674973616,TX,TEXAS,0.0947196,1667681.8770991985
1708,2055,44,158.8453333509592,5.553934206213181,UT,UTAH,0.0947196,15045.766436869515
1709,2055,45,134.1823966852662,8.812554168561306,VT,VERMONT,0.0947196,12709.702941069743
1710,2055,46,2310.637730216772,60.835294325919854,VA,VIRGINIA,0.0947196,218862.6815510406
1711,2055,47,166426.10200457228,1051.8558583346503,WA,WASHINGTON,0.0947196,15763813.811432283
1712,2055,48,0.0,0.0,WV,WEST VIRGINIA,0.0947196,0.0
1713,2055,49,68623.07096865741,1146.4450684265116,WI,WISCONSIN,0.0947196,6499949.832922843
1714,2055,50,39426.24948112142,596.268804177582,WY,WYOMING,0.0947196,3734438.5803520284
