Unnamed: 0,Year,state_id,Production_Loss(ton),Area_Loss(km^2),State_Code,State_Name,Price,Financial_Loss($)
0,2021,0,131877.95575000587,914.4893361666392,AL,ALABAMA,0.0660905,8715880.034495763
1,2021,2,0.0,0.0,AZ,ARIZONA,0.0660905,0.0
2,2021,3,12185.198693404813,159.05195727781287,AR,ARKANSAS,0.0660905,805325.8742464707
3,2021,4,3956.690943922946,53.5400552555877,CA,CALIFORNIA,0.0660905,261499.68282933946
4,2021,5,361488.029003811,3183.931629059896,CO,COLORADO,0.0660905,23890924.58087637
5,2021,6,1054.1396348061453,33.63274789225004,CT,CONNECTICUT,0.0660905,69668.61553415554
6,2021,7,4714.203506029449,89.02385452507974,DE,DELAWARE,0.0660905,311564.0668152393
7,2021,8,0.0,0.0,DC,DISTRICT OF COLUMBIA,0.0660905,0.0
8,2021,9,30242.59260650663,100.13398886340364,FL,FLORIDA,0.0660905,1998748.0666603264
9,2021,10,318102.62493425497,1231.9365543619765,GA,GEORGIA,0.0660905,21023561.533217374
10,2021,12,8271.624822716787,345.31100760622564,ID,IDAHO,0.0660905,546675.8203457638
11,2021,13,5073265.6634694,30007.95670367087,IL,ILLINOIS,0.0660905,335294664.3315244
12,2021,14,1175898.4885473296,19100.109438929736,IN,INDIANA,0.0660905,77715719.05733728
13,2021,15,26116311.3125599,57268.23739271697,IA,IOWA,0.0660905,1726040072.8027399
14,2021,16,2954262.922701046,10589.03536615793,KS,KANSAS,0.0660905,195248713.69277346
15,2021,17,51399.94730155208,2832.170989892444,KY,KENTUCKY,0.0660905,3397048.2171332277
16,2021,18,70285.26410925885,772.091066548422,LA,LOUISIANA,0.0660905,4645188.247612972
17,2021,19,0.0,0.0,ME,MAINE,0.0660905,0.0
18,2021,20,191303.56361512223,1004.3530867889924,MD,MARYLAND,0.0660905,12643348.171105236
19,2021,21,6405.777737705444,84.7151576011646,MA,MASSACHUSETTS,0.0660905,423361.0535738217
20,2021,22,169994.04283210778,1723.1724109237705,MI,MICHIGAN,0.0660905,11234991.287795419
21,2021,23,12717548.058114184,32474.13267624845,MN,MINNESOTA,0.0660905,840509109.9347954
22,2021,24,276329.7072218084,1792.3474613676594,MS,MISSISSIPPI,0.0660905,18262768.515142925
23,2021,25,2209465.512440884,12693.611454717207,MO,MISSOURI,0.0660905,146024680.44997424
24,2021,26,0.0,0.0,MT,MONTANA,0.0660905,0.0
25,2021,27,6932840.241931852,23564.398023453927,NE,NEBRASKA,0.0660905,458194878.0093971
26,2021,28,0.0,0.0,NV,NEVADA,0.0660905,0.0
27,2021,29,57.7443876977728,2.3082330680696668,NH,NEW HAMPSHIRE,0.0660905,3816.355455139653
28,2021,30,35623.334892237064,347.2348795586606,NJ,NEW JERSEY,0.0660905,2354364.014695394
29,2021,31,0.0,0.0,NM,NEW MEXICO,0.0660905,0.0
30,2021,32,166236.12651598622,1566.3280588294808,NY,NEW YORK,0.0660905,10986628.719504789
31,2021,33,235200.9291691202,2359.940998043942,NC,NORTH CAROLINA,0.0660905,15544547.00925174
32,2021,34,3331969.532905145,11542.430669456053,ND,NORTH DAKOTA,0.0660905,220211532.41446748
33,2021,35,976270.1147068082,10522.4116315451,OH,OHIO,0.0660905,64522180.016030304
34,2021,36,178819.1115923033,576.2118918002186,OK,OKLAHOMA,0.0660905,11818244.49469112
35,2021,37,1796.175783467941,6.26109894061856,OR,OREGON,0.0660905,118710.15561728795
36,2021,38,297385.4279956971,2799.182030030372,PA,PENNSYLVANIA,0.0660905,19654351.628949616
37,2021,39,804.7650143877577,12.355459106894704,RI,RHODE ISLAND,0.0660905,53187.32218339409
38,2021,40,122212.94967610051,932.0120816895233,SC,SOUTH CAROLINA,0.0660905,8077114.95056832
39,2021,41,14152283.5616235,33622.108742017794,SD,SOUTH DAKOTA,0.0660905,935331496.7294779
40,2021,42,76727.1498574405,1872.7464675724127,TN,TENNESSEE,0.0660905,5070935.697653172
41,2021,43,392580.56396435545,1894.0812192871424,TX,TEXAS,0.0660905,25945845.762686234
42,2021,44,0.0,0.0,UT,UTAH,0.0660905,0.0
43,2021,45,393.97241987019777,27.14430044074416,VT,VERMONT,0.0660905,26037.834215431303
44,2021,46,153343.59530151074,1555.6783679548653,VA,VIRGINIA,0.0660905,10134554.885274496
45,2021,47,30210.85717460408,306.2676455178106,WA,WASHINGTON,0.0660905,1996650.656098171
46,2021,48,26652.13058717713,185.52622504826425,WV,WEST VIRGINIA,0.0660905,1761452.63657183
47,2021,49,2400901.600942139,15534.931702678665,WI,WISCONSIN,0.0660905,158676787.25706643
48,2021,50,81953.00342339942,882.0946274117839,WY,WYOMING,0.0660905,5416314.972754179
49,2022,0,15147.496999332729,292.4666331776804,AL,ALABAMA,0.0671836,1017663.3794043702
50,2022,2,0.0,0.0,AZ,ARIZONA,0.0671836,0.0
51,2022,3,36537.49583926659,226.677122502068,AR,ARKANSAS,0.0671836,2454720.50546695
52,2022,4,2761.507364629569,34.930193645380925,CA,CALIFORNIA,0.0671836,185528.0061823271
53,2022,5,166004.28602074884,2074.922240705813,CO,COLORADO,0.0671836,11152765.550303582
54,2022,6,4340.815057588459,79.6171399150729,CT,CONNECTICUT,0.0671836,291631.582503
55,2022,7,2937.1245786081668,47.85561007408543,DE,DELAWARE,0.0671836,197326.60283937963
56,2022,8,0.0,0.0,DC,DISTRICT OF COLUMBIA,0.0671836,0.0
57,2022,9,8.910159600355632,0.3645068168200273,FL,FLORIDA,0.0671836,598.6165985264525
58,2022,10,28.441911175937697,2.0200257505400123,GA,GEORGIA,0.0671836,1910.8299836797278
59,2022,12,4859.341312614227,201.5246005535078,ID,IDAHO,0.0671836,326468.04301014915
60,2022,13,5958704.486176472,35163.6890463507,IL,ILLINOIS,0.0671836,400327218.7174856
61,2022,14,2080446.518855309,20188.5694961695,IN,INDIANA,0.0671836,139771886.74416754
62,2022,15,2711161.298207492,16553.302288804327,IA,IOWA,0.0671836,182145576.19425285
63,2022,16,926176.8592830328,4413.724831673271,KS,KANSAS,0.0671836,62223895.64332756
64,2022,17,203016.4438052693,4221.05440769338,KY,KENTUCKY,0.0671836,13639375.554035688
65,2022,18,278328.148229358,1864.1022404357093,LA,LOUISIANA,0.0671836,18699086.979381897
66,2022,19,199.65773602285432,7.806903794686034,ME,MAINE,0.0671836,13413.725473865034
67,2022,20,49683.19526411627,605.0836799261959,MD,MARYLAND,0.0671836,3337895.917346282
68,2022,21,4358.370478049413,87.25948777360296,MA,MASSACHUSETTS,0.0671836,292811.0188490805
69,2022,22,299293.4381436211,2121.571881726245,MI,MICHIGAN,0.0671836,20107610.63086578
70,2022,23,3713823.7702771095,16343.654568453088,MN,MINNESOTA,0.0671836,249508050.6527892
71,2022,24,72510.80236877882,759.0103759981454,MS,MISSISSIPPI,0.0671836,4871536.742023089
72,2022,25,616528.6160535009,6008.901655242097,MO,MISSOURI,0.0671836,41420611.92949198
73,2022,26,0.0,0.0,MT,MONTANA,0.0671836,0.0
74,2022,27,467539.8661120531,3940.673176569004,NE,NEBRASKA,0.0671836,31411011.34892573
75,2022,28,0.0,0.0,NV,NEVADA,0.0671836,0.0
76,2022,29,482.74544434660055,17.151699596351577,NH,NEW HAMPSHIRE,0.0671836,32432.576834804273
77,2022,30,20507.289390548423,157.22766963264044,NJ,NEW JERSEY,0.0671836,1377753.527498849
78,2022,31,131.48276854912467,4.487580674907159,NM,NEW MEXICO,0.0671836,8833.485729096972
79,2022,32,218016.6345145402,1949.4788514689749,NY,NEW YORK,0.0671836,14647142.366571061
80,2022,33,30032.616352623147,717.9102056954691,NC,NORTH CAROLINA,0.0671836,2017699.2839880923
81,2022,34,1781001.0208466763,7239.201184987882,ND,NORTH DAKOTA,0.0671836,119654060.18415476
82,2022,35,1174498.097651858,13361.408633119474,OH,OHIO,0.0671836,78907010.39340337
83,2022,36,130240.2142080889,456.2928079584286,OK,OKLAHOMA,0.0671836,8750006.45527056
84,2022,37,2831.967659758732,9.617426356260808,OR,OREGON,0.0671836,190261.78246616674
85,2022,38,295798.57527153764,3113.595628378334,PA,PENNSYLVANIA,0.0671836,19872813.161612876
86,2022,39,605.9470464130436,5.210626363400564,RI,RHODE ISLAND,0.0671836,40709.703987395354
87,2022,40,0.0,0.0,SC,SOUTH CAROLINA,0.0671836,0.0
88,2022,41,5848848.824916367,22128.246612908155,SD,SOUTH DAKOTA,0.0671836,392946719.9136512
89,2022,42,181873.49515092856,1519.6385680147366,TN,TENNESSEE,0.0671836,12218916.148821924
90,2022,43,559240.2770500137,3148.5530789423437,TX,TEXAS,0.0671836,37571775.077217296
91,2022,44,0.0,0.0,UT,UTAH,0.0671836,0.0
92,2022,45,1115.4452888094245,37.98377962415075,VT,VERMONT,0.0671836,74939.63010525685
93,2022,46,17125.483347857815,185.2547683169672,VA,VIRGINIA,0.0671836,1150551.6230491402
94,2022,47,37784.91336706205,360.5660548733226,WA,WASHINGTON,0.0671836,2538526.5056873495
95,2022,48,11579.746299982944,113.46897968531746,WV,WEST VIRGINIA,0.0671836,777969.043519534
96,2022,49,348517.678714247,4381.858119369774,WI,WISCONSIN,0.0671836,23414672.319666483
97,2022,50,18255.760795943366,280.6749752872937,WY,WYOMING,0.0671836,1226487.7310103406
98,2023,0,1702.8356825871315,9.820397038048249,AL,ALABAMA,0.0682767,116264.00104929678
99,2023,2,0.0,0.0,AZ,ARIZONA,0.0682767,0.0
100,2023,3,9800.206538373624,53.0326870270605,AR,ARKANSAS,0.0682767,669125.7617585744
101,2023,4,5284.779327141461,67.36831545251852,CA,CALIFORNIA,0.0682767,360827.29268543934
102,2023,5,220031.5330822824,2116.8869326489494,CO,COLORADO,0.0682767,15023026.974799069
103,2023,6,5884.543924962082,91.86261439898789,CT,CONNECTICUT,0.0682767,401777.24020145857
104,2023,7,597.6408509220198,33.40865439083509,DE,DELAWARE,0.0682767,40804.94508614747
105,2023,8,0.0,0.0,DC,DISTRICT OF COLUMBIA,0.0682767,0.0
106,2023,9,0.0,0.0,FL,FLORIDA,0.0682767,0.0
107,2023,10,165.9424102858291,3.094953598248985,GA,GEORGIA,0.0682767,11330.000164362467
108,2023,12,3396.7343263757184,134.8198691608794,ID,IDAHO,0.0682767,231917.810581657
109,2023,13,6630792.971480202,38658.00055376248,IL,ILLINOIS,0.0682767,452728662.47586226
110,2023,14,2741020.0950451214,19094.45307919953,IN,INDIANA,0.0682767,187147806.7233672
111,2023,15,2461683.4733490967,16223.74290610339,IA,IOWA,0.0682767,168075624.00481427
112,2023,16,1836411.35107292,6979.177278441609,KS,KANSAS,0.0682767,125384106.89380044
113,2023,17,67503.93070605067,716.3337899197056,KY,KENTUCKY,0.0682767,4608945.625637809
114,2023,18,14.49368450632026,0.0336902565909236,LA,LOUISIANA,0.0682767,989.5809489326764
115,2023,19,401.8071323038035,8.776458110337177,ME,MAINE,0.0682767,27434.065030167098
116,2023,20,35817.29443719758,299.57788149647246,MD,MARYLAND,0.0682767,2445486.667100208
117,2023,21,5119.977258584304,53.92622207672317,MA,MASSACHUSETTS,0.0682767,349575.1512911829
118,2023,22,263064.54732671747,2009.6163273329755,MI,MICHIGAN,0.0682767,17961179.178462088
119,2023,23,2236126.483698436,16577.76958936188,MN,MINNESOTA,0.0682767,152675337.089533
120,2023,24,0.0,0.0,MS,MISSISSIPPI,0.0682767,0.0
121,2023,25,1099233.366502125,9686.894589479563,MO,MISSOURI,0.0682767,75052026.79465564
122,2023,26,0.0,0.0,MT,MONTANA,0.0682767,0.0
123,2023,27,1224248.4597275597,7635.342706124678,NE,NEBRASKA,0.0682767,83587644.81028068
124,2023,28,0.0,0.0,NV,NEVADA,0.0682767,0.0
125,2023,29,316.6285380082852,7.483031178072549,NH,NEW HAMPSHIRE,0.0682767,21618.351701030286
126,2023,30,32731.899779160525,287.26045989769034,NJ,NEW JERSEY,0.0682767,2234826.101651809
127,2023,31,0.0,0.0,NM,NEW MEXICO,0.0682767,0.0
128,2023,32,81401.58282094658,718.154618332064,NY,NEW YORK,0.0682767,5557831.449790924
129,2023,33,55294.82958734825,838.4788415430166,NC,NORTH CAROLINA,0.0682767,3775348.4912865004
130,2023,34,3137093.930712278,10382.12345285894,ND,NORTH DAKOTA,0.0682767,214190421.17906296
131,2023,35,1001489.1477142102,10936.93465647795,OH,OHIO,0.0682767,68378374.0917388
132,2023,36,170957.21042386512,543.3970594228772,OK,OKLAHOMA,0.0682767,11672394.16894711
133,2023,37,3173.209020392168,10.787303355622182,OR,OREGON,0.0682767,216656.24032260993
134,2023,38,80390.0014379795,948.421571582295,PA,PENNSYLVANIA,0.0682767,5488764.011180495
135,2023,39,993.1351903758908,11.601520062070987,RI,RHODE ISLAND,0.0682767,67807.99345273757
136,2023,40,840.9558963528128,23.139797142040088,SC,SOUTH CAROLINA,0.0682767,57417.693448512095
137,2023,41,5845927.319319267,22632.40001377564,SD,SOUTH DAKOTA,0.0682767,399140625.8029658
138,2023,42,36484.64126409784,277.1533728466143,TN,TENNESSEE,0.0682767,2491050.906196429
139,2023,43,396049.67937620106,1824.210481125252,TX,TEXAS,0.0682767,27040965.143865068
140,2023,44,0.0,0.0,UT,UTAH,0.0682767,0.0
141,2023,45,215.48118407680155,2.805492468240412,VT,VERMONT,0.0682767,14712.344160856555
142,2023,46,37437.16807985828,361.921724308029,VA,VIRGINIA,0.0682767,2556086.2938380595
143,2023,47,30280.41980974433,251.1540433770947,WA,WASHINGTON,0.0682767,2067447.1392239705
144,2023,48,11823.992237558155,92.09354812189562,WV,WEST VIRGINIA,0.0682767,807303.170806087
145,2023,49,1066849.2072083706,6112.965782344335,WI,WISCONSIN,0.0682767,72840943.26580375
146,2023,50,46480.59794849059,463.6255639941048,WY,WYOMING,0.0682767,3173541.8419497074
147,2024,0,31935.559499008792,252.37096225575183,AL,ALABAMA,0.0693698,2215363.37533434
148,2024,2,0.0,0.0,AZ,ARIZONA,0.0693698,0.0
149,2024,3,73885.93565625636,284.91125925692586,AR,ARKANSAS,0.0693698,5125452.5792873725
150,2024,4,17930.88278198281,240.4666961241551,CA,CALIFORNIA,0.0693698,1243861.752409591
151,2024,5,396779.0112697285,3521.066943274195,CO,COLORADO,0.0693698,27524480.65597881
152,2024,6,943.2242863435972,19.082376479767284,CT,CONNECTICUT,0.0693698,65431.280098798066
153,2024,7,585.913150429035,48.3209101251817,DE,DELAWARE,0.0693698,40644.67806263207
154,2024,8,0.0,0.0,DC,DISTRICT OF COLUMBIA,0.0693698,0.0
155,2024,9,92.72659580434414,0.4473492778529798,FL,FLORIDA,0.0693698,6432.4254056281925
156,2024,10,1067.1824045462818,23.84991093173064,GA,GEORGIA,0.0693698,74030.22996689465
157,2024,12,5737.088921605012,241.8208387846863,ID,IDAHO,0.0693698,397980.7110739553
158,2024,13,3053638.9527731435,20558.081245821148,IL,ILLINOIS,0.0693698,211830323.4260824
159,2024,14,1650175.4657132037,12343.5319728489,IN,INDIANA,0.0693698,114472342.02143179
160,2024,15,1063881.2545030806,7607.249560619994,IA,IOWA,0.0693698,73801229.84862779
161,2024,16,1968216.3171090365,7132.119651154861,KS,KANSAS,0.0693698,136534772.27459043
162,2024,17,171558.8806015291,1144.7152572426762,KY,KENTUCKY,0.0693698,11901005.235551951
163,2024,18,336507.86325155705,1585.1651884462822,LA,LOUISIANA,0.0693698,23343483.17218786
164,2024,19,0.0,0.0,ME,MAINE,0.0693698,0.0
165,2024,20,672.2340944967785,4.677695819130022,MD,MARYLAND,0.0693698,46632.74468842262
166,2024,21,367.6375192744439,3.6833247543179466,MA,MASSACHUSETTS,0.0693698,25502.94118456432
167,2024,22,415222.8608074252,2573.462310886668,MI,MICHIGAN,0.0693698,28803926.80963892
168,2024,23,2243523.275004025,12326.922135269144,MN,MINNESOTA,0.0693698,155632760.8823742
169,2024,24,466022.2979874251,1945.9164033687907,MS,MISSISSIPPI,0.0693698,32327873.60692808
170,2024,25,689201.6277546921,3928.034367490373,MO,MISSOURI,0.0693698,47809779.077017434
171,2024,26,0.0,0.0,MT,MONTANA,0.0693698,0.0
172,2024,27,1935810.1622353664,8294.172788828897,NE,NEBRASKA,0.0693698,134286763.7922349
173,2024,28,0.0,0.0,NV,NEVADA,0.0693698,0.0
174,2024,29,15.160958397309107,0.4709908764130154,NH,NEW HAMPSHIRE,0.0693698,1051.7126518296532
175,2024,30,2897.3050179814154,24.84577138979068,NJ,NEW JERSEY,0.0693698,200985.4696363672
176,2024,31,0.0,0.0,NM,NEW MEXICO,0.0693698,0.0
177,2024,32,17482.526779953903,169.8155646772493,NY,NEW YORK,0.0693698,1212759.3862200463
178,2024,33,106759.83327165732,549.5914115756102,NC,NORTH CAROLINA,0.0693698,7405908.282088214
179,2024,34,2190794.042196777,7649.645545491381,ND,NORTH DAKOTA,0.0693698,151974944.54838198
180,2024,35,859552.1051126518,9465.539829383955,OH,OHIO,0.0693698,59626957.62124363
181,2024,36,250338.8226608914,850.8755012349685,OK,OKLAHOMA,0.0693698,17365954.0602215
182,2024,37,3218.668457931223,10.909006305918147,OR,OREGON,0.0693698,223278.38719299735
183,2024,38,2722.2147256677827,16.73190997119451,PA,PENNSYLVANIA,0.0693698,188839.49107662894
184,2024,39,32.195230255860416,0.5040072811782279,RI,RHODE ISLAND,0.0693698,2233.376683802986
185,2024,40,54175.95086929118,333.06441138075684,SC,SOUTH CAROLINA,0.0693698,3758174.876612555
186,2024,41,4624943.148453016,18770.98372189951,SD,SOUTH DAKOTA,0.0693698,320831381.21955603
187,2024,42,183816.60765779603,771.6600860355542,TN,TENNESSEE,0.0693698,12751321.309899777
188,2024,43,2246794.4870439293,11163.82736943048,TX,TEXAS,0.0693698,155859684.20733994
189,2024,44,0.0,0.0,UT,UTAH,0.0693698,0.0
190,2024,45,0.0,0.0,VT,VERMONT,0.0693698,0.0
191,2024,46,5250.361936830459,50.96765683647324,VA,VIRGINIA,0.0693698,364216.55748554156
192,2024,47,31758.89416621058,254.9913805209207,WA,WASHINGTON,0.0693698,2203108.1365311947
193,2024,48,5007.221314096286,34.70265720979114,WV,WEST VIRGINIA,0.0693698,347349.9411145965
194,2024,49,2240722.2501338115,11893.363026676256,WI,WISCONSIN,0.0693698,155438454.34733248
195,2024,50,71554.20462985606,816.1213949122352,WY,WYOMING,0.0693698,4963700.864332189
196,2025,0,18870.642993477253,401.5134296846934,AL,ALABAMA,0.0704629,1329680.2301850882
197,2025,2,0.0,0.0,AZ,ARIZONA,0.0704629,0.0
198,2025,3,63204.359300223165,293.592909190469,AR,ARKANSAS,0.0704629,4453562.448935694
199,2025,4,17209.643736390957,226.9551437748718,CA,CALIFORNIA,0.0704629,1212641.4056329422
200,2025,5,338113.31192077766,3317.585835366108,CO,COLORADO,0.0704629,23824444.486542564
201,2025,6,3311.4238331728384,84.93182755668002,CT,CONNECTICUT,0.0704629,233332.52641447436
202,2025,7,30703.262743618445,475.1049993050526,DE,DELAWARE,0.0704629,2163440.932377312
203,2025,8,0.0,0.0,DC,DISTRICT OF COLUMBIA,0.0704629,0.0
204,2025,9,792.0648993057148,13.88214192661269,FL,FLORIDA,0.0704629,55811.18979328864
205,2025,10,56212.6372588039,690.9917152296723,GA,GEORGIA,0.0704629,3960905.4379033735
206,2025,12,16363.69129473491,712.3148288253259,ID,IDAHO,0.0704629,1153033.1433317764
207,2025,13,2321724.493670282,17541.490174758535,IL,ILLINOIS,0.0704629,163595440.82503968
208,2025,14,928674.0906372988,9734.0213823185,IN,INDIANA,0.0704629,65437069.581166916
209,2025,15,11911151.3477626,49489.29802085199,IA,IOWA,0.0704629,839294266.3022612
210,2025,16,2452968.457676149,8073.137242659357,KS,KANSAS,0.0704629,172843271.1363887
211,2025,17,65277.40131245142,1530.6052373542566,KY,KENTUCKY,0.0704629,4599635.000939133
212,2025,18,365084.5597723556,2359.541731359058,LA,LOUISIANA,0.0704629,25724916.826783516
213,2025,19,60.77953632517008,3.198256906552856,ME,MAINE,0.0704629,4282.702390126827
214,2025,20,255847.5252219392,1657.6399675563869,MD,MARYLAND,0.0704629,18027758.58496098
215,2025,21,3503.9931294122725,62.77254608050514,MA,MASSACHUSETTS,0.0704629,246901.517478464
216,2025,22,365193.2422429526,2562.702553829969,MI,MICHIGAN,0.0704629,25732574.908840943
217,2025,23,2353645.993882676,12593.865821701798,MN,MINNESOTA,0.0704629,165844722.30235562
218,2025,24,286844.8736237882,1889.9904278510005,MS,MISSISSIPPI,0.0704629,20211921.645665623
219,2025,25,1518947.9915874344,7518.737556420805,MO,MISSOURI,0.0704629,107029480.43642624
220,2025,26,0.0,0.0,MT,MONTANA,0.0704629,0.0
221,2025,27,3339277.534354826,15930.264272553652,NE,NEBRASKA,0.0704629,235295178.97549066
222,2025,28,0.0,0.0,NV,NEVADA,0.0704629,0.0
223,2025,29,512.7009004117032,18.786051895960725,NH,NEW HAMPSHIRE,0.0704629,36126.39227561979
224,2025,30,41187.37995379044,398.9828201959423,NJ,NEW JERSEY,0.0704629,2902182.2349459403
225,2025,31,0.0,0.0,NM,NEW MEXICO,0.0704629,0.0
226,2025,32,186169.99037947305,2191.723463977066,NY,NEW YORK,0.0704629,13118077.415109772
227,2025,33,205929.48632377028,2611.9758683661576,NC,NORTH CAROLINA,0.0704629,14510388.801883193
228,2025,34,3473901.615145121,11477.766696293478,ND,NORTH DAKOTA,0.0704629,244781182.11780912
229,2025,35,640773.5780148017,10252.377975242547,OH,OHIO,0.0704629,45150764.55029917
230,2025,36,210870.8810271989,691.9790133137005,OK,OKLAHOMA,0.0704629,14858573.802731412
231,2025,37,3871.322476130951,10.989995736570684,OR,OREGON,0.0704629,272784.6085033676
232,2025,38,469823.5139892613,4988.199053675637,PA,PENNSYLVANIA,0.0704629,33105127.283873916
233,2025,39,667.9566752153846,7.619095463013939,RI,RHODE ISLAND,0.0704629,47066.16441003412
234,2025,40,19060.921183762894,286.52865107448326,SC,SOUTH CAROLINA,0.0704629,1343087.7832793663
235,2025,41,9018171.249315578,29524.217449490025,SD,SOUTH DAKOTA,0.0704629,635446498.9233986
236,2025,42,231700.7755414029,2471.2083650257146,TN,TENNESSEE,0.0704629,16326308.576896317
237,2025,43,450917.4853974835,2417.549724272372,TX,TEXAS,0.0704629,31772953.68181434
238,2025,44,0.0,0.0,UT,UTAH,0.0704629,0.0
239,2025,45,1303.2796972962724,40.77449543897459,VT,VERMONT,0.0704629,91832.86698261752
240,2025,46,190638.0773446448,1451.4379011024398,VA,VIRGINIA,0.0704629,13432911.78012797
241,2025,47,51116.7713993676,536.5474820454201,WA,WASHINGTON,0.0704629,3601835.951436499
242,2025,48,46981.90318818571,338.8589943445683,WV,WEST VIRGINIA,0.0704629,3310481.1461588102
243,2025,49,2474540.128185016,14389.906123757151,WI,WISCONSIN,0.0704629,174363273.59828797
244,2025,50,119236.22664519044,1313.3952937832948,WY,WYOMING,0.0704629,8401730.31447739
245,2026,0,45094.89951316344,552.6875094720053,AL,ALABAMA,0.07195316,3244720.519854571
246,2026,2,0.0,0.0,AZ,ARIZONA,0.07195316,0.0
247,2026,3,17728.40536167122,174.89781983623345,AR,ARKANSAS,0.07195316,1275614.7875331873
248,2026,4,16273.26113741786,206.7437714338045,CA,CALIFORNIA,0.07195316,1170912.5623424093
249,2026,5,210305.7682363921,2355.394369066319,CO,COLORADO,0.07195316,15132164.590836037
250,2026,6,6810.924148509455,115.0951684141839,CT,CONNECTICUT,0.07195316,490067.5150055646
251,2026,7,57813.55725234615,490.9113304446429,DE,DELAWARE,0.07195316,4159868.1351472232
252,2026,8,0.0,0.0,DC,DISTRICT OF COLUMBIA,0.07195316,0.0
253,2026,9,5500.616940716774,32.1637419711533,FL,FLORIDA,0.07195316,395786.7708341045
254,2026,10,172912.27097177046,1010.0433812637116,GA,GEORGIA,0.07195316,12441584.299195156
255,2026,12,15644.619330588324,624.4579691816582,ID,IDAHO,0.07195316,1125679.7978329146
256,2026,13,1201789.3753089574,13918.27438258523,IL,ILLINOIS,0.07195316,86472543.20790546
257,2026,14,777702.7146980766,15581.077325738755,IN,INDIANA,0.07195316,55958167.86310506
258,2026,15,432293.848538778,4239.7833882492,IA,IOWA,0.07195316,31104908.45092646
259,2026,16,1495692.8821204854,5021.954481165074,KS,KANSAS,0.07195316,107619829.25807641
260,2026,17,357892.1436612472,6420.971889328639,KY,KENTUCKY,0.07195316,25751470.675600708
261,2026,18,79752.58398563073,1544.1793467438215,LA,LOUISIANA,0.07195316,5738450.435931526
262,2026,19,418.2529743533992,17.438940223707785,ME,MAINE,0.07195316,30094.623184126034
263,2026,20,223011.2476231798,1508.4843240625073,MD,MARYLAND,0.07195316,16046363.982030276
264,2026,21,7166.780461521947,129.4883188072987,MA,MASSACHUSETTS,0.07195316,515672.5012327625
265,2026,22,102447.751146012,1501.0258790981952,MI,MICHIGAN,0.07195316,7371439.429849184
266,2026,23,285932.1158078821,2434.896881344592,MN,MINNESOTA,0.07195316,20573719.277863074
267,2026,24,55647.90387956004,1124.8150359186816,MS,MISSISSIPPI,0.07195316,4004042.531510605
268,2026,25,561843.340503119,4658.718686669523,MO,MISSOURI,0.07195316,40426403.7741554
269,2026,26,0.0,0.0,MT,MONTANA,0.07195316,0.0
270,2026,27,1548875.6590513375,10118.289998935425,NE,NEBRASKA,0.07195316,111446498.11582634
271,2026,28,0.0,0.0,NV,NEVADA,0.07195316,0.0
272,2026,29,406.5948872803816,21.295365215415536,NH,NEW HAMPSHIRE,0.07195316,29255.786979667264
273,2026,30,41212.5297909919,393.424870076787,NJ,NEW JERSEY,0.07195316,2965371.750056007
274,2026,31,0.0,0.0,NM,NEW MEXICO,0.07195316,0.0
275,2026,32,133751.9266210785,1893.6522935978287,NY,NEW YORK,0.07195316,9623873.776474722
276,2026,33,75087.12118622373,1453.8329680451177,NC,NORTH CAROLINA,0.07195316,5402755.644651746
277,2026,34,1577495.2494886382,7080.249061498693,ND,NORTH DAKOTA,0.07195316,113505768.08569591
278,2026,35,617358.7720315596,12372.740531083751,OH,OHIO,0.07195316,44420914.50139033
279,2026,36,160508.4832253333,489.1745749449853,OK,OKLAHOMA,0.07195316,11549092.574869724
280,2026,37,3578.6068268914582,10.989822131927935,OR,OREGON,0.07195316,257492.0695924134
281,2026,38,306578.6682952485,3214.3673660566683,PA,PENNSYLVANIA,0.07195316,22059303.972434945
282,2026,39,1065.6191036761486,17.139033248560086,RI,RHODE ISLAND,0.07195316,76674.66186586651
283,2026,40,57221.033014944886,574.4279092326808,SC,SOUTH CAROLINA,0.07195316,4117234.143889612
284,2026,41,1877342.983216741,10879.33309298012,SD,SOUTH DAKOTA,0.07195316,135080760.04627147
285,2026,42,217635.04562791632,2617.0973186537103,TN,TENNESSEE,0.07195316,15659529.259672763
286,2026,43,494845.39848851215,2988.614745247629,TX,TEXAS,0.07195316,35605690.13270768
287,2026,44,0.0,0.0,UT,UTAH,0.07195316,0.0
288,2026,45,977.018165174535,37.54385111786,VT,VERMONT,0.07195316,70299.54436170975
289,2026,46,231601.1575087714,1532.358837090633,VA,VIRGINIA,0.07195316,16664435.14241383
290,2026,47,65432.27729260731,562.1535694907818,WA,WASHINGTON,0.07195316,4708059.117199341
291,2026,48,48899.03572587296,419.3344307544488,WV,WEST VIRGINIA,0.07195316,3518440.141429453
292,2026,49,621812.3975305039,7752.1135297550045,WI,WISCONSIN,0.07195316,44741366.92949595
293,2026,50,51567.72491207111,652.5495560174749,WY,WYOMING,0.07195316,3710460.761434239
294,2027,0,63.94467540061727,7.301494898034637,AL,ALABAMA,0.07344342,4696.315652211202
295,2027,2,0.0,0.0,AZ,ARIZONA,0.07344342,0.0
296,2027,3,47402.70470029957,562.9836844639183,AR,ARKANSAS,0.07344342,3481416.750440075
297,2027,4,21300.34088449108,270.78481618041815,CA,CALIFORNIA,0.07344342,1564369.88172285
298,2027,5,429199.46521859424,4016.707411270512,CO,COLORADO,0.07344342,31521876.58782461
299,2027,6,1984.679295761922,79.61287561959806,CT,CONNECTICUT,0.07344342,145761.63508394707
300,2027,7,9478.99855433641,248.64867429428705,DE,DELAWARE,0.07344342,696170.0720055217
301,2027,8,0.0,0.0,DC,DISTRICT OF COLUMBIA,0.07344342,0.0
302,2027,9,89.74573994214347,1.1664604863722057,FL,FLORIDA,0.07344342,6591.234071781618
303,2027,10,99945.42264795894,568.9757255674584,GA,GEORGIA,0.07344342,7340333.652611559
304,2027,12,27764.427959987854,1335.59595474738,ID,IDAHO,0.07344342,2039114.5437251308
305,2027,13,5406705.795126911,38292.15679816334,IL,ILLINOIS,0.07344342,397086964.5279397
306,2027,14,1026917.190507307,11717.11087720515,IN,INDIANA,0.07344342,75420310.52764815
307,2027,15,12909671.77262256,54506.43304717328,IA,IOWA,0.07344342,948130446.058863
308,2027,16,464734.8514692249,1462.6216458939275,KS,KANSAS,0.07344342,34131716.8850919
309,2027,17,265675.72779819195,4845.146730665885,KY,KENTUCKY,0.07344342,19512134.060488284
310,2027,18,234.50191253466903,15.000126282533513,LA,LOUISIANA,0.07344342,17222.622453086962
311,2027,19,1867.905831346222,28.43899177488657,ME,MAINE,0.07344342,137185.39249200973
312,2027,20,45998.79528031268,427.3407487510382,MD,MARYLAND,0.07344342,3378308.8412660216
313,2027,21,3903.115072441303,96.47425590815934,MA,MASSACHUSETTS,0.07344342,286658.119573637
314,2027,22,408934.7051956176,3175.465657423968,MI,MICHIGAN,0.07344342,30033563.306257922
315,2027,23,10519584.81685762,32723.770263764804,MN,MINNESOTA,0.07344342,772594285.9300971
316,2027,24,0.0,0.0,MS,MISSISSIPPI,0.07344342,0.0
317,2027,25,980128.8372036366,7377.530360958227,MO,MISSOURI,0.07344342,71984013.8448583
318,2027,26,0.0,0.0,MT,MONTANA,0.07344342,0.0
319,2027,27,3539048.226433445,14604.908115994089,NE,NEBRASKA,0.07344342,259919805.2942066
320,2027,28,0.0,0.0,NV,NEVADA,0.07344342,0.0
321,2027,29,278.49366524453933,15.333121955375905,NH,NEW HAMPSHIRE,0.07344342,20453.527223894103
322,2027,30,6854.616750748723,103.7791217224144,NJ,NEW JERSEY,0.07344342,503426.49696427374
323,2027,31,30.91093989417552,1.0550077249133365,NM,NEW MEXICO,0.07344342,2270.205141242688
324,2027,32,170932.64368754264,2700.7546240884235,NY,NEW YORK,0.07344342,12553877.942054542
325,2027,33,22391.20718423241,290.9550288400438,NC,NORTH CAROLINA,0.07344342,1644486.8335385981
326,2027,34,3545004.883838401,12031.987624692289,ND,NORTH DAKOTA,0.07344342,260357282.5857949
327,2027,35,449123.9791552877,7336.793420342191,OH,OHIO,0.07344342,32985201.03317304
328,2027,36,152165.14422788555,557.1022714351428,OK,OKLAHOMA,0.07344342,11175528.596889174
329,2027,37,2683.3207263880154,7.515946216284455,OR,OREGON,0.07344342,197072.25110282007
330,2027,38,142882.68241665725,1898.119018870827,PA,PENNSYLVANIA,0.07344342,10493792.855453173
331,2027,39,703.1309138613902,9.348281644612044,RI,RHODE ISLAND,0.07344342,51640.3390217059
332,2027,40,76913.61613232821,413.8085717900133,SC,SOUTH CAROLINA,0.07344342,5648799.013325356
333,2027,41,9443377.517099105,35136.27716114832,SD,SOUTH DAKOTA,0.07344342,693553941.2068666
334,2027,42,31530.6261899495,1111.968360849507,TN,TENNESSEE,0.07344342,2315717.0221314607
335,2027,43,593190.4421635902,3961.404976038896,TX,TEXAS,0.07344342,43565934.78380626
336,2027,44,22.61196392243697,0.9286792335570426,UT,UTAH,0.07344342,1660.6999633803857
337,2027,45,1186.4555484255611,31.038433548272828,VT,VERMONT,0.07344342,87137.35315434882
338,2027,46,40206.545637208124,376.9618726801572,VA,VIRGINIA,0.07344342,2952906.2179826437
339,2027,47,49017.77881066375,482.31385049900246,WA,WASHINGTON,0.07344342,3600033.316658678
340,2027,48,10438.033290724252,108.39504790782216,WV,WEST VIRGINIA,0.07344342,766604.8629446432
341,2027,49,3561202.767438201,17770.27489509858,WI,WISCONSIN,0.07344342,261546910.5541261
342,2027,50,100274.25839491852,1134.5101407311552,WY,WYOMING,0.07344342,7364484.474486526
343,2028,0,245990.4738651185,1268.8387762857035,AL,ALABAMA,0.07493368,18432971.451657154
344,2028,2,0.0,0.0,AZ,ARIZONA,0.07493368,0.0
345,2028,3,272296.7289923547,1059.4816014528044,AR,ARKANSAS,0.07493368,20404195.955359828
346,2028,4,25723.504335417583,341.4782293139496,CA,CALIFORNIA,0.07493368,1927556.842348794
347,2028,5,275034.68455421965,2815.604069645324,CO,COLORADO,0.07493368,20609361.04128684
348,2028,6,6583.77049698338,86.33980154978417,CT,CONNECTICUT,0.07493368,493346.1516143936
349,2028,7,34389.034278510306,482.88498891928674,DE,DELAWARE,0.07493368,2576896.8901349218
350,2028,8,0.0,0.0,DC,DISTRICT OF COLUMBIA,0.07493368,0.0
351,2028,9,8243.10306596139,52.38177139322363,FL,FLORIDA,0.07493368,617686.0473517698
352,2028,10,358245.86359354155,1501.5306935024578,GA,GEORGIA,0.07493368,26844680.903842095
353,2028,12,34344.014556752656,1372.703049345315,ID,IDAHO,0.07493368,2573523.396711046
354,2028,13,17936846.31727446,48558.6845540559,IL,ILLINOIS,0.07493368,1344073902.1478229
355,2028,14,5951119.934164142,27416.4111676111,IN,INDIANA,0.07493368,445939316.788277
356,2028,15,30933841.85588552,57446.88004113607,IA,IOWA,0.07493368,2317986606.799532
357,2028,16,2451410.5949181216,9374.415410356289,KS,KANSAS,0.07493368,183693217.06820416
358,2028,17,1279509.7202346078,8409.17642089662,KY,KENTUCKY,0.07493368,95878371.93294962
359,2028,18,485036.6908943366,2086.4380817763904,LA,LOUISIANA,0.07493368,36345584.18373514
360,2028,19,306.5420762044824,23.854198823356818,ME,MAINE,0.07493368,22970.3258448423
361,2028,20,95327.48417139052,1030.5988054662373,MD,MARYLAND,0.07493368,7143239.194104043
362,2028,21,7313.844757134913,106.08543921996278,MA,MASSACHUSETTS,0.07493368,548053.3026008253
363,2028,22,1171805.6856007825,3774.1078956694455,MI,MICHIGAN,0.07493368,87807712.26698963
364,2028,23,14982654.134818958,33370.5110700988,MN,MINNESOTA,0.07493368,1122705410.4892008
365,2028,24,817049.2509839064,3548.1553836361727,MS,MISSISSIPPI,0.07493368,61224507.11746773
366,2028,25,3609181.829506786,15291.609621355989,MO,MISSOURI,0.07493368,270449276.27407604
367,2028,26,0.0,0.0,MT,MONTANA,0.07493368,0.0
368,2028,27,5637163.122668751,22560.121647803007,NE,NEBRASKA,0.07493368,422413377.54186094
369,2028,28,0.0,0.0,NV,NEVADA,0.07493368,0.0
370,2028,29,272.468640626176,11.362631721492448,NH,NEW HAMPSHIRE,0.07493368,20417.077926716876
371,2028,30,22939.007355301423,324.06865400312097,NJ,NEW JERSEY,0.07493368,1718904.236679803
372,2028,31,0.0,0.0,NM,NEW MEXICO,0.07493368,0.0
373,2028,32,399146.6068487229,3568.6921998639127,NY,NEW YORK,0.07493368,29909524.110688012
374,2028,33,155466.7565125982,2192.561697366552,NC,NORTH CAROLINA,0.07493368,11649696.18315295
375,2028,34,5573418.33276343,14182.855998317307,ND,NORTH DAKOTA,0.07493368,417636745.85342836
376,2028,35,3609168.843398429,17531.365920283846,OH,OHIO,0.07493368,270448303.177188
377,2028,36,242817.1925450284,1048.5855072775616,OK,OKLAHOMA,0.07493368,18195185.804667544
378,2028,37,1701.6746818145189,4.9038131986716005,OR,OREGON,0.07493368,127512.74607119097
379,2028,38,746947.9517966973,7116.963096925734,PA,PENNSYLVANIA,0.07493368,55971558.79658915
380,2028,39,1257.748484486484,14.353387785664886,RI,RHODE ISLAND,0.07493368,94247.72245699515
381,2028,40,63878.01469923495,500.8364473143632,SC,SOUTH CAROLINA,0.07493368,4786614.712507768
382,2028,41,14639684.814322216,36946.15015204945,SD,SOUTH DAKOTA,0.07493368,1097005457.1772804
383,2028,42,657713.6024856071,3781.654111940699,TN,TENNESSEE,0.07493368,49284900.62030369
384,2028,43,2307276.8940552394,12873.56730593696,TX,TEXAS,0.07493368,172892748.4505292
385,2028,44,0.0,0.0,UT,UTAH,0.07493368,0.0
386,2028,45,1554.8948068091656,62.48483336216533,VT,VERMONT,0.07493368,116513.98988709983
387,2028,46,72788.03718498425,872.5499357871146,VA,VIRGINIA,0.07493368,5454275.486247711
388,2028,47,38991.42905849404,373.7814837362607,WA,WASHINGTON,0.07493368,2921771.2678118935
389,2028,48,40627.99302461796,466.5632924926962,WV,WEST VIRGINIA,0.07493368,3044405.028348954
390,2028,49,7028278.720141416,19648.6258572043,WI,WISCONSIN,0.07493368,526654788.5658865
391,2028,50,84053.84528960293,910.0905484779032,WY,WYOMING,0.07493368,6298463.945700614
392,2029,0,698.3633287518265,43.278538475305695,AL,ALABAMA,0.07642394,53371.67713472986
393,2029,2,0.0,0.0,AZ,ARIZONA,0.07642394,0.0
394,2029,3,0.0,0.0,AR,ARKANSAS,0.07642394,0.0
395,2029,4,20963.037624639543,269.3691341190794,CA,CALIFORNIA,0.07642394,1602077.9296431947
396,2029,5,605846.8847766418,5660.357068659361,CO,COLORADO,0.07642394,46301205.97135699
397,2029,6,3042.1603593777872,67.66654170455628,CT,CONNECTICUT,0.07642394,232493.88077546644
398,2029,7,0.0,0.0,DE,DELAWARE,0.07642394,0.0
399,2029,8,0.0,0.0,DC,DISTRICT OF COLUMBIA,0.07642394,0.0
400,2029,9,305.09710339304524,4.685428354170317,FL,FLORIDA,0.07642394,23316.722723883886
401,2029,10,0.0,0.0,GA,GEORGIA,0.07642394,0.0
402,2029,12,19410.94382473475,800.6720839598613,ID,IDAHO,0.07642394,1483460.806204899
403,2029,13,2837438.523166953,17721.14440959188,IL,ILLINOIS,0.07642394,216848231.4481998
404,2029,14,153716.72553907166,4584.688585338256,IN,INDIANA,0.07642394,11747637.809594478
405,2029,15,23831323.22051816,57396.39890000896,IA,IOWA,0.07642394,1821283615.9254866
406,2029,16,2892247.966408804,10416.288546504278,KS,KANSAS,0.07642394,221036985.04994842
407,2029,17,3123.658547813548,39.96950671501549,KY,KENTUCKY,0.07642394,238722.29343858972
408,2029,18,115.2356953112774,0.756725230688425,LA,LOUISIANA,0.07642394,8806.765864327344
409,2029,19,173.02005715649204,7.640215235463276,ME,MAINE,0.07642394,13222.874466924319
410,2029,20,4859.222214857329,91.19972913244696,MD,MARYLAND,0.07642394,371360.90699492366
411,2029,21,4246.82746258087,66.50870296042731,MA,MASSACHUSETTS,0.07642394,324559.2871906326
412,2029,22,526550.0616655673,3408.971051380512,MI,MICHIGAN,0.07642394,40241030.31972562
413,2029,23,11977988.593044115,32534.31854432124,MN,MINNESOTA,0.07642394,915405081.5554879
414,2029,24,0.0,0.0,MS,MISSISSIPPI,0.07642394,0.0
415,2029,25,1448429.0816905685,7342.290460609478,MO,MISSOURI,0.07642394,110694657.2333751
416,2029,26,0.0,0.0,MT,MONTANA,0.07642394,0.0
417,2029,27,6918347.108255339,26102.82308656734,NE,NEBRASKA,0.07642394,528727344.3004795
418,2029,28,0.0,0.0,NV,NEVADA,0.07642394,0.0
419,2029,29,82.54934620684237,3.72605723602534,NH,NEW HAMPSHIRE,0.07642394,6308.746281550949
420,2029,30,0.0,0.0,NJ,NEW JERSEY,0.07642394,0.0
421,2029,31,0.0,0.0,NM,NEW MEXICO,0.07642394,0.0
422,2029,32,2015.0829546686184,37.62060904604788,NY,NEW YORK,0.07642394,154000.57882261722
423,2029,33,3147.889744159005,48.67432022702715,NC,NORTH CAROLINA,0.07642394,240574.13693422315
424,2029,34,5397291.681519897,14108.580612859903,ND,NORTH DAKOTA,0.07642394,412482295.63097566
425,2029,35,257404.9081700237,2755.9662747733164,OH,OHIO,0.07642394,19671897.257691402
426,2029,36,157143.84738170565,535.6500237371253,OK,OKLAHOMA,0.07642394,12009551.963668628
427,2029,37,1257.0571572515548,3.62399476276108,OR,OREGON,0.07642394,96069.26076236338
428,2029,38,821.1375321192526,31.055946005011048,PA,PENNSYLVANIA,0.07642394,62754.56548642983
429,2029,39,810.9010691774155,9.083797580927529,RI,RHODE ISLAND,0.07642394,61972.25465675064
430,2029,40,207.4868908204785,12.664717536464464,SC,SOUTH CAROLINA,0.07642394,15856.965694850798
431,2029,41,15984231.58899991,38977.50238996642,SD,SOUTH DAKOTA,0.07642394,1221577955.9038336
432,2029,42,3072.689135012566,82.18882522481982,TN,TENNESSEE,0.07642394,234827.01009285223
433,2029,43,617487.9678476716,3381.3369459197065,TX,TEXAS,0.07642394,47190863.405512385
434,2029,44,0.0,0.0,UT,UTAH,0.07642394,0.0
435,2029,45,789.5324212017628,23.078468476425364,VT,VERMONT,0.07642394,60339.17838597824
436,2029,46,6620.65167530131,89.27473646750036,VA,VIRGINIA,0.07642394,505976.28639412683
437,2029,47,20444.10274271652,222.57135394928235,WA,WASHINGTON,0.07642394,1562418.8813632028
438,2029,48,2395.1176556815067,64.68880928300587,WV,WEST VIRGINIA,0.07642394,183044.32801074412
439,2029,49,3070860.7570051374,13874.409868601364,WI,WISCONSIN,0.07642394,234687278.2417152
440,2029,50,112551.09226298744,1410.6010598105156,WY,WYOMING,0.07642394,8601597.922041016
441,2030,0,56521.0566602378,447.5510210157688,AL,ALABAMA,0.0779142,4403792.9128371
442,2030,2,0.0,0.0,AZ,ARIZONA,0.0779142,0.0
443,2030,3,156672.22204226625,636.6720111731998,AR,ARKANSAS,0.0779142,12206990.84264554
444,2030,4,32186.297867967827,429.2512547947734,CA,CALIFORNIA,0.0779142,2507769.6493444187
445,2030,5,519486.2603144279,5542.621801515153,CO,COLORADO,0.0779142,40475356.383390404
446,2030,6,1164.6230052199207,14.774498245198416,CT,CONNECTICUT,0.0779142,90740.66975330595
447,2030,7,8346.600237553792,202.9225949042404,DE,DELAWARE,0.0779142,650318.6802288137
448,2030,8,0.0,0.0,DC,DISTRICT OF COLUMBIA,0.0779142,0.0
449,2030,9,7283.81937292641,44.91730543599572,FL,FLORIDA,0.0779142,567512.9593860629
450,2030,10,315584.3954613891,1457.621815672546,GA,GEORGIA,0.0779142,24588505.704857767
451,2030,12,27037.420709940696,1100.3418543508735,ID,IDAHO,0.0779142,2106599.0046784612
452,2030,13,724627.4535623871,8143.010178836837,IL,ILLINOIS,0.0779142,56458768.34235054
453,2030,14,226700.2181492434,2998.137571805424,IN,INDIANA,0.0779142,17663166.13692378
454,2030,15,1102576.568375134,7855.413594740341,IA,IOWA,0.0779142,85906371.26369387
455,2030,16,2362945.945296708,7627.1941090777,KS,KANSAS,0.0779142,184107042.9710368
456,2030,17,275436.81934791314,3551.7021918878413,KY,KENTUCKY,0.0779142,21460439.430037174
457,2030,18,901186.9727857132,3726.149319554546,LA,LOUISIANA,0.0779142,70215262.03502062
458,2030,19,50.39702305311353,7.684972796251917,ME,MAINE,0.0779142,3926.6437335648984
459,2030,20,5666.72507433497,149.06478964073594,MD,MARYLAND,0.0779142,441518.35078674974
460,2030,21,3904.1691818943527,65.90823677579229,MA,MASSACHUSETTS,0.0779142,304190.218471953
461,2030,22,293985.9525995303,3055.611146515817,MI,MICHIGAN,0.0779142,22905680.308030322
462,2030,23,394555.3464097833,3536.8129854470208,MN,MINNESOTA,0.0779142,30741464.171241138
463,2030,24,583227.0173824221,2491.871061104864,MS,MISSISSIPPI,0.0779142,45441666.477737516
464,2030,25,211108.5249870444,1564.8696407057264,MO,MISSOURI,0.0779142,16448351.837545576
465,2030,26,0.0,0.0,MT,MONTANA,0.0779142,0.0
466,2030,27,5431024.487838566,22192.455017314383,NE,NEBRASKA,0.0779142,423153928.1503516
467,2030,28,0.0,0.0,NV,NEVADA,0.0779142,0.0
468,2030,29,69.19383113733527,4.800624935447763,NH,NEW HAMPSHIRE,0.0779142,5391.181998000568
469,2030,30,16706.020856713367,132.2243667758339,NJ,NEW JERSEY,0.0779142,1301636.2502341368
470,2030,31,0.0,0.0,NM,NEW MEXICO,0.0779142,0.0
471,2030,32,10072.652733807476,144.96696866612703,NY,NEW YORK,0.0779142,784802.6796324225
472,2030,33,479201.53796885855,2650.045613167098,NC,NORTH CAROLINA,0.0779142,37336604.46961324
473,2030,34,3497123.9788034963,11930.311976377983,ND,NORTH DAKOTA,0.0779142,272475617.1092914
474,2030,35,461873.1781479842,6991.341301290073,OH,OHIO,0.0779142,35986479.17685767
475,2030,36,238823.7712142364,772.7803207365276,OK,OKLAHOMA,0.0779142,18607763.075140256
476,2030,37,1303.8950057338452,3.624070460813381,OR,OREGON,0.0779142,101591.93625574798
477,2030,38,102957.26504648116,1029.0158133585144,PA,PENNSYLVANIA,0.0779142,8021832.940284543
478,2030,39,0.0,0.0,RI,RHODE ISLAND,0.0779142,0.0
479,2030,40,508088.2232811388,1783.9538612417327,SC,SOUTH CAROLINA,0.0779142,39587287.44637131
480,2030,41,8906451.710049476,33902.69309950173,SD,SOUTH DAKOTA,0.0779142,693939059.827137
481,2030,42,168303.4925780774,1773.9296862710155,TN,TENNESSEE,0.0779142,13113231.981426839
482,2030,43,1250900.3551344983,6480.843016412664,TX,TEXAS,0.0779142,97462900.45002033
483,2030,44,24.17482425878784,0.6385946529620984,UT,UTAH,0.0779142,1883.5620922640476
484,2030,45,219.2446196682679,18.183780263708456,VT,VERMONT,0.0779142,17082.26914575736
485,2030,46,23089.837504376883,367.81287892928975,VA,VIRGINIA,0.0779142,1799026.2172835215
486,2030,47,18404.11160387133,232.62265928413348,WA,WASHINGTON,0.0779142,1433941.6323263517
487,2030,48,15668.929710935485,147.94810820398794,WV,WEST VIRGINIA,0.0779142,1220832.1232837695
488,2030,49,42315.66637343935,362.3602063541846,WI,WISCONSIN,0.0779142,3296991.2929534283
489,2030,50,70178.33340299074,871.3890034800553,WY,WYOMING,0.0779142,5467888.704427302
490,2031,0,116.91349622775743,6.223382965391812,AL,ALABAMA,0.07686202,8986.207485327817
491,2031,2,0.0,0.0,AZ,ARIZONA,0.07686202,0.0
492,2031,3,622.6989943458182,10.748283032663116,AR,ARKANSAS,0.07686202,47861.902557388166
493,2031,4,18872.39200650344,238.71611417090372,CA,CALIFORNIA,0.07686202,1450570.1718517076
494,2031,5,228889.1153204593,2888.2389411924787,CO,COLORADO,0.07686202,17592879.75954345
495,2031,6,3011.793280315518,73.90261791088352,CT,CONNECTICUT,0.07686202,231492.51534747696
496,2031,7,135891.97088979438,715.4497972767996,DE,DELAWARE,0.07686202,10444931.384370795
497,2031,8,0.0,0.0,DC,DISTRICT OF COLUMBIA,0.07686202,0.0
498,2031,9,0.0,0.0,FL,FLORIDA,0.07686202,0.0
499,2031,10,0.0,0.0,GA,GEORGIA,0.07686202,0.0
500,2031,12,22916.04277225517,939.4164715046062,ID,IDAHO,0.07686202,1761373.3378819323
501,2031,13,5636014.362460891,28309.30437751406,IL,ILLINOIS,0.07686202,433195448.6477563
502,2031,14,2796714.165305014,23028.749540775,IN,INDIANA,0.07686202,214961100.10795727
503,2031,15,9102382.527405594,34899.744369627035,IA,IOWA,0.07686202,699627507.8690994
504,2031,16,2718492.323399082,10212.8453085232,KS,KANSAS,0.07686202,208948811.33094668
505,2031,17,24439.783603188847,229.00454258703405,KY,KENTUCKY,0.07686202,1878491.1361039733
506,2031,18,0.0,0.0,LA,LOUISIANA,0.07686202,0.0
507,2031,19,605.3499003703639,17.832202172664946,ME,MAINE,0.07686202,46528.41614926492
508,2031,20,224549.7701987414,1945.616930374929,MD,MARYLAND,0.07686202,17259348.928011067
509,2031,21,5711.746753356685,133.82856391097636,MA,MASSACHUSETTS,0.07686202,439016.3931914366
510,2031,22,847940.291652445,4348.339772258867,MI,MICHIGAN,0.07686202,65174403.65579606
511,2031,23,1540504.6071635257,9173.467423121536,MN,MINNESOTA,0.07686202,118406295.92589505
512,2031,24,0.0,0.0,MS,MISSISSIPPI,0.07686202,0.0
513,2031,25,2321728.2217419744,12704.29027276895,MO,MISSOURI,0.07686202,178452721.01409608
514,2031,26,0.0,0.0,MT,MONTANA,0.07686202,0.0
515,2031,27,4536208.795674568,21162.06983392256,NE,NEBRASKA,0.07686202,348662171.1773146
516,2031,28,0.0,0.0,NV,NEVADA,0.07686202,0.0
517,2031,29,93.13402256121412,6.678916412626039,NH,NEW HAMPSHIRE,0.07686202,7158.469104780492
518,2031,30,101327.52519564376,804.9461292182959,NJ,NEW JERSEY,0.07686202,7788238.268138074
519,2031,31,0.0,0.0,NM,NEW MEXICO,0.07686202,0.0
520,2031,32,612537.1176119628,4217.55324893655,NY,NEW YORK,0.07686202,47080840.18463304
521,2031,33,32314.231674757106,532.170755241828,NC,NORTH CAROLINA,0.07686202,2483737.121269814
522,2031,34,3946789.0878740414,11922.229100355862,ND,NORTH DAKOTA,0.07686202,303358181.80795634
523,2031,35,2501261.3152198885,16729.51933426165,OH,OHIO,0.07686202,192251997.2356574
524,2031,36,160358.28457689125,527.9246317941315,OK,OKLAHOMA,0.07686202,12325461.676314706
525,2031,37,1052.188253933398,3.624070430568626,OR,OREGON,0.07686202,80873.31461759392
526,2031,38,1098059.263324248,10214.320937172208,PA,PENNSYLVANIA,0.07686202,84399053.0588136
527,2031,39,532.5826257161572,15.568306765547987,RI,RHODE ISLAND,0.07686202,40935.37642944779
528,2031,40,40.48477516349488,0.6572650931646603,SC,SOUTH CAROLINA,0.07686202,3111.741598312047
529,2031,41,7720332.604605725,29841.155901435683,SD,SOUTH DAKOTA,0.07686202,593400359.0618573
530,2031,42,14473.776133427538,160.83184704423138,TN,TENNESSEE,0.07686202,1112483.6706430302
531,2031,43,547145.5645351374,3650.781186690404,TX,TEXAS,0.07686202,42054713.324211024
532,2031,44,0.0,0.0,UT,UTAH,0.07686202,0.0
533,2031,45,1895.1621959499728,69.34954355153451,VT,VERMONT,0.07686202,145665.99460835074
534,2031,46,71306.13564018716,904.2285058012249,VA,VIRGINIA,0.07686202,5480733.623698778
535,2031,47,9406.551568768253,141.48622934306695,WA,WASHINGTON,0.07686202,723006.5548096969
536,2031,48,66615.50512298942,885.310881669329,WV,WEST VIRGINIA,0.07686202,5120202.287073315
537,2031,49,1897396.348495673,11460.671516041377,WI,WISCONSIN,0.07686202,145837716.0860014
538,2031,50,124587.3730027201,1253.4181554303564,WY,WYOMING,0.07686202,9576037.155482532
539,2032,0,218.7522807359892,5.525864489776484,AL,ALABAMA,0.07580984,16583.575402230425
540,2032,2,0.0,0.0,AZ,ARIZONA,0.07580984,0.0
541,2032,3,0.0,0.0,AR,ARKANSAS,0.07580984,0.0
542,2032,4,21887.36261108228,277.76355533157187,CA,CALIFORNIA,0.07580984,1659277.45756813
543,2032,5,378034.5405114107,4362.491686510802,CO,COLORADO,0.07580984,28658738.030643567
544,2032,6,7.7391829048704786,2.7990852659295045,CT,CONNECTICUT,0.07580984,586.7062177489662
545,2032,7,9111.451670794286,147.63400191622634,DE,DELAWARE,0.07580984,690737.6933306475
546,2032,8,0.0,0.0,DC,DISTRICT OF COLUMBIA,0.07580984,0.0
547,2032,9,2270.7213484815343,23.45306320197008,FL,FLORIDA,0.07580984,172143.02211296934
548,2032,10,22907.19005632423,259.9098345112543,GA,GEORGIA,0.07580984,1736590.4130195312
549,2032,12,33532.02689301867,1323.5290535528547,ID,IDAHO,0.07580984,2542057.5936354427
550,2032,13,618187.4500378489,9881.15682969112,IL,ILLINOIS,0.07580984,46864691.67737733
551,2032,14,262797.0972329968,5758.944275667644,IN,INDIANA,0.07580984,19922605.89369793
552,2032,15,381269.9629504256,6417.27463270318,IA,IOWA,0.07580984,28904014.88807769
553,2032,16,1030370.5866642732,4776.618798608496,KS,KANSAS,0.07580984,78112229.31572469
554,2032,17,19714.407417302507,710.8381942036141,KY,KENTUCKY,0.07580984,1494546.0720005163
555,2032,18,101809.58571463104,1322.9672685985024,LA,LOUISIANA,0.07580984,7718168.403492466
556,2032,19,245.0681985890431,16.81164432895455,ME,MAINE,0.07580984,18578.580924123584
557,2032,20,28603.42401475372,606.4456138307905,MD,MARYLAND,0.07580984,2168420.9980106372
558,2032,21,714.158566241347,17.427085577254672,MA,MASSACHUSETTS,0.07580984,54140.24664138592
559,2032,22,104617.08465376984,1626.4499098753215,MI,MICHIGAN,0.07580984,7931004.448868747
560,2032,23,285296.21209941496,3031.795144612354,MN,MINNESOTA,0.07580984,21628260.191862714
561,2032,24,42739.51424046324,379.9782889262127,MS,MISSISSIPPI,0.07580984,3240075.73624724
562,2032,25,641717.9606901781,7476.227372319858,MO,MISSOURI,0.07580984,48648535.92504869
563,2032,26,0.0,0.0,MT,MONTANA,0.07580984,0.0
564,2032,27,1137205.5136499694,7390.370698148956,NE,NEBRASKA,0.07580984,86211368.036922
565,2032,28,0.0,0.0,NV,NEVADA,0.07580984,0.0
566,2032,29,14.645931924047488,1.9897638589484423,NH,NEW HAMPSHIRE,0.07580984,1110.3057558129324
567,2032,30,3221.408084291363,108.57324235654072,NJ,NEW JERSEY,0.07580984,244214.43144483477
568,2032,31,0.0,0.0,NM,NEW MEXICO,0.07580984,0.0
569,2032,32,15887.418016257045,160.1869471485008,NY,NEW YORK,0.07580984,1204422.617825564
570,2032,33,11309.242015037638,263.3330029414692,NC,NORTH CAROLINA,0.07580984,857351.827681281
571,2032,34,1239095.582531704,9684.413619841438,ND,NORTH DAKOTA,0.07580984,93935637.8564353
572,2032,35,158494.3009540185,4367.903141964811,OH,OHIO,0.07580984,12015427.596235989
573,2032,36,141679.78595811257,442.3994114113888,OK,OKLAHOMA,0.07580984,10740721.90471876
574,2032,37,1311.4258376899347,3.623994819662268,OR,OREGON,0.07580984,99418.98292713992
575,2032,38,76374.38705134566,1636.8389660181888,PA,PENNSYLVANIA,0.07580984,5789930.062460586
576,2032,39,0.0,0.0,RI,RHODE ISLAND,0.07580984,0.0
577,2032,40,0.0,0.0,SC,SOUTH CAROLINA,0.07580984,0.0
578,2032,41,2647274.9760459294,18632.838875053487,SD,SOUTH DAKOTA,0.07580984,200689492.37004575
579,2032,42,5253.865896606223,134.17147082637587,TN,TENNESSEE,0.07580984,398294.7330031743
580,2032,43,392527.7752341346,2089.486846317273,TX,TEXAS,0.07580984,29757467.836055703
581,2032,44,117.01642365546306,3.091069521548332,UT,UTAH,0.07580984,8870.99635469287
582,2032,45,106.15281380133646,1.098854647345471,VT,VERMONT,0.07580984,8047.427829829109
583,2032,46,1976.6290748728247,42.731426014642,VA,VIRGINIA,0.07580984,149847.93390545688
584,2032,47,29777.89018793952,247.15356309014007,WA,WASHINGTON,0.07580984,2257457.090685265
585,2032,48,5166.834503557845,129.05261171664387,WV,WEST VIRGINIA,0.07580984,391696.8970211997
586,2032,49,434458.0657535048,6123.928298710072,WI,WISCONSIN,0.07580984,32936196.45148268
587,2032,50,88405.88920643885,1106.3317721015846,WY,WYOMING,0.07580984,6702036.315797857
588,2033,0,151478.82077214416,1173.7397577408806,AL,ALABAMA,0.07475766,11324202.180484891
589,2033,2,0.0,0.0,AZ,ARIZONA,0.07475766,0.0
590,2033,3,108382.15980335994,634.7550471227141,AR,ARKANSAS,0.07475766,8102396.65264525
591,2033,4,8031.626431381386,102.81972064061792,CA,CALIFORNIA,0.07475766,600425.5980042231
592,2033,5,369717.4383096343,3604.636149285138,CO,COLORADO,0.07475766,27639210.549222615
593,2033,6,6801.479349172704,98.201576079448,CT,CONNECTICUT,0.07475766,508462.6806824743
594,2033,7,36560.780004895496,488.23292180647405,DE,DELAWARE,0.07475766,2733198.360940776
595,2033,8,0.0,0.0,DC,DISTRICT OF COLUMBIA,0.07475766,0.0
596,2033,9,9448.875897207094,40.11755480623575,FL,FLORIDA,0.07475766,706375.851705603
597,2033,10,182191.4316079724,1079.990179610218,GA,GEORGIA,0.07475766,13620205.099062053
598,2033,12,9945.07544650042,422.0527509767881,ID,IDAHO,0.07475766,743470.5689038265
599,2033,13,158142.16885865666,909.254798880888,IL,ILLINOIS,0.07475766,11822338.491198042
600,2033,14,190743.9348552177,2475.3427881101056,IN,INDIANA,0.07475766,14259570.228968514
601,2033,15,0.0,0.0,IA,IOWA,0.07475766,0.0
602,2033,16,412659.15615047497,1690.826415424649,KS,KANSAS,0.07475766,30849432.891384117
603,2033,17,515680.45077229326,5172.016107993179,KY,KENTUCKY,0.07475766,38551063.80748184
604,2033,18,28104.322501501712,266.22799233140466,LA,LOUISIANA,0.07475766,2101013.3860976147
605,2033,19,2552.8245101224134,39.39495293107356,ME,MAINE,0.07475766,190843.18676739794
606,2033,20,53018.51037422364,674.8830480103128,MD,MARYLAND,0.07475766,3963539.772262684
607,2033,21,11739.994333291144,129.14659107349328,MA,MASSACHUSETTS,0.07475766,877654.5047701062
608,2033,22,38666.49584768868,422.10451595398064,MI,MICHIGAN,0.07475766,2890616.7499729223
609,2033,23,14776.721761178003,84.42364684616325,MN,MINNESOTA,0.07475766,1104673.1413367465
610,2033,24,34522.816551853546,562.1764354146234,MS,MISSISSIPPI,0.07475766,2580844.98202584
611,2033,25,82948.57155224924,446.8378646446831,MO,MISSOURI,0.07475766,6201041.109588721
612,2033,26,0.0,0.0,MT,MONTANA,0.07475766,0.0
613,2033,27,321299.893215728,2140.9007779709405,NE,NEBRASKA,0.07475766,24019628.1750577
614,2033,28,0.0,0.0,NV,NEVADA,0.07475766,0.0
615,2033,29,148.75103870228023,3.1147199676169466,NH,NEW HAMPSHIRE,0.07475766,11120.279575951907
616,2033,30,46205.52195424021,476.2565260258492,NJ,NEW JERSEY,0.07475766,3454216.7003776254
617,2033,31,0.0,0.0,NM,NEW MEXICO,0.07475766,0.0
618,2033,32,123671.38370174669,1633.076645564765,NY,NEW YORK,0.07475766,9245383.254504722
619,2033,33,237286.84470017185,2262.333389952973,NC,NORTH CAROLINA,0.07475766,17739009.25856825
620,2033,34,77370.22908838515,789.135326163889,ND,NORTH DAKOTA,0.07475766,5784017.280311607
621,2033,35,161216.4467839314,3108.0912957496416,OH,OHIO,0.07475766,12052164.315081239
622,2033,36,123784.02955975608,470.9028705446465,OK,OKLAHOMA,0.07475766,9253804.395258194
623,2033,37,1336.701261400641,4.283868173499837,OR,OREGON,0.07475766,99928.65842136025
624,2033,38,222851.6008888264,3111.582812073949,PA,PENNSYLVANIA,0.07475766,16659864.209702583
625,2033,39,419.4804447341182,10.785411699586628,RI,RHODE ISLAND,0.07475766,31359.376464081997
626,2033,40,92765.36034553344,689.8462932267421,SC,SOUTH CAROLINA,0.07475766,6934921.268488871
627,2033,41,371470.1423135612,4099.972496921842,SD,SOUTH DAKOTA,0.07475766,27770238.59922882
628,2033,42,375826.7873682254,2639.874361556876,TN,TENNESSEE,0.07475766,28095931.18896609
629,2033,43,425780.1466375097,2758.5744659973398,TX,TEXAS,0.07475766,31830327.437077094
630,2033,44,0.0,0.0,UT,UTAH,0.07475766,0.0
631,2033,45,4231.516074381823,67.91813760345848,VT,VERMONT,0.07475766,316338.2399731711
632,2033,46,25341.971531334,294.70597332016314,VA,VIRGINIA,0.07475766,1894506.4914691465
633,2033,47,21575.442162431536,181.46457272886616,WA,WASHINGTON,0.07475766,1612929.5695287217
634,2033,48,12316.525489670834,214.789199221948,WV,WEST VIRGINIA,0.07475766,920754.6249381457
635,2033,49,8885.929744171648,111.4024643882855,WI,WISCONSIN,0.07475766,664291.314598671
636,2033,50,39122.755429509445,583.8757113841048,WY,WYOMING,0.07475766,2924725.6486624214
637,2034,0,3508.0236637094577,217.2856914692688,AL,ALABAMA,0.07370548,258560.56798506415
638,2034,2,0.0,0.0,AZ,ARIZONA,0.07370548,0.0
639,2034,3,60865.06487691951,533.2107355492501,AR,ARKANSAS,0.07370548,4486088.821984493
640,2034,4,27754.55431637472,364.7702348160061,CA,CALIFORNIA,0.07370548,2045662.7480744706
641,2034,5,710419.7539195851,6049.709454403792,CO,COLORADO,0.07370548,52361828.9641249
642,2034,6,3981.0582833303306,64.23329381667004,CT,CONNECTICUT,0.07370548,293425.81168083806
643,2034,7,14656.596598575756,387.8934237350141,DE,DELAWARE,0.07370548,1080271.4874643935
644,2034,8,0.0,0.0,DC,DISTRICT OF COLUMBIA,0.07370548,0.0
645,2034,9,62.51934874019706,1.7451367652082466,FL,FLORIDA,0.07370548,4608.01860818362
646,2034,10,4623.666724497967,60.929588332301904,GA,GEORGIA,0.07370548,340789.57528915047
647,2034,12,34163.49986581716,1353.4027536368928,ID,IDAHO,0.07370548,2518037.1560899895
648,2034,13,281426.7965300493,1850.286021792902,IL,ILLINOIS,0.07370548,20742697.12310962
649,2034,14,142144.84243277184,2317.422252764812,IN,INDIANA,0.07370548,10476853.841031816
650,2034,15,523213.59421355446,5781.709664755384,IA,IOWA,0.07370548,38563709.10403526
651,2034,16,2630359.545020071,9792.846487075867,KS,KANSAS,0.07370548,193871912.83828595
652,2034,17,5923.437491992551,216.80529939573427,KY,KENTUCKY,0.07370548,436589.8035973071
653,2034,18,31390.0446330863,651.5580459938124,LA,LOUISIANA,0.07370548,2313618.30690305
654,2034,19,1.8095611962574008,0.8312566034511897,ME,MAINE,0.07370548,133.37457655952593
655,2034,20,29114.514412727203,527.0100737855798,MD,MARYLAND,0.07370548,2145899.2597569767
656,2034,21,824.3761240126007,31.89943067993137,MA,MASSACHUSETTS,0.07370548,60761.037920888266
657,2034,22,25291.058791152987,454.1969663678209,MI,MICHIGAN,0.07370548,1864089.627910151
658,2034,23,268561.7372184869,2916.329378813444,MN,MINNESOTA,0.07370548,19794471.751322445
659,2034,24,2928.5725527356617,50.07746387469421,MS,MISSISSIPPI,0.07370548,215851.84571420727
660,2034,25,877461.325518791,6948.47637143469,MO,MISSOURI,0.07370548,64673708.17879874
661,2034,26,0.0,0.0,MT,MONTANA,0.07370548,0.0
662,2034,27,3364381.317095872,16610.14206637194,NE,NEBRASKA,0.07370548,247973339.87958345
663,2034,28,0.0,0.0,NV,NEVADA,0.07370548,0.0
664,2034,29,0.0,0.0,NH,NEW HAMPSHIRE,0.07370548,0.0
665,2034,30,3461.754021472607,147.87738393617892,NJ,NEW JERSEY,0.07370548,255150.2417945688
666,2034,31,79.34019665634355,3.5274874770066407,NM,NEW MEXICO,0.07370548,5847.807277850197
667,2034,32,21584.44344019687,425.8249704034616,NY,NEW YORK,0.07370548,1590891.7642925614
668,2034,33,57970.44020496093,992.44562522196,NC,NORTH CAROLINA,0.07370548,4272739.121117944
669,2034,34,1524698.436343808,8634.507693603062,ND,NORTH DAKOTA,0.07370548,112378630.10596982
670,2034,35,78743.88249076993,2840.578458023653,OH,OHIO,0.07370548,5803855.6560457945
671,2034,36,191610.00522852893,744.9377985933912,OK,OKLAHOMA,0.07370548,14122707.408171235
672,2034,37,1948.1879039225075,5.468810475302113,OR,OREGON,0.07370548,143592.1245888023
673,2034,38,14601.52408951578,402.7096889552871,PA,PENNSYLVANIA,0.07370548,1076212.3417493238
674,2034,39,497.4452057082547,7.4313789672844175,RI,RHODE ISLAND,0.07370548,36664.437660425654
675,2034,40,12850.80830276654,254.8886697110098,SC,SOUTH CAROLINA,0.07370548,947174.9943433931
676,2034,41,5050914.640960276,29249.90890349398,SD,SOUTH DAKOTA,0.07370548,372280088.05100477
677,2034,42,164.62033966273464,20.10716465660071,TN,TENNESSEE,0.07370548,12133.421152604895
678,2034,43,1544719.8268870143,8127.779430636433,TX,TEXAS,0.07370548,113854316.3062243
679,2034,44,0.0,0.0,UT,UTAH,0.07370548,0.0
680,2034,45,0.0,0.0,VT,VERMONT,0.07370548,0.0
681,2034,46,44802.02837138242,426.0021320517608,VA,VIRGINIA,0.07370548,3302155.0060863593
682,2034,47,24926.207812049022,239.8895501829948,WA,WASHINGTON,0.07370548,1837198.111366823
683,2034,48,4622.014361227221,120.02340000465792,WV,WEST VIRGINIA,0.07370548,340667.78706114576
684,2034,49,383589.9351433693,5446.315220028178,WI,WISCONSIN,0.07370548,28272680.292910907
685,2034,50,142919.1688024226,1491.087701899063,WY,WYOMING,0.07370548,10533925.937783582
686,2035,0,24821.482541738304,199.64979249989955,AL,ALABAMA,0.0726533,1803362.6175496757
687,2035,2,0.0,0.0,AZ,ARIZONA,0.0726533,0.0
688,2035,3,38483.00183634189,357.7850104404515,AR,ARKANSAS,0.0726533,2795917.0773162986
689,2035,4,15528.328233084494,202.0172717556665,CA,CALIFORNIA,0.0726533,1128184.2896167578
690,2035,5,169230.3896830017,1907.873878882359,CO,COLORADO,0.0726533,12295146.270756029
691,2035,6,861.7473285465533,53.57704216058861,CT,CONNECTICUT,0.0726533,62608.7871850913
692,2035,7,5363.375935817358,126.60499021061196,DE,DELAWARE,0.0726533,389666.9608777193
693,2035,8,0.0,0.0,DC,DISTRICT OF COLUMBIA,0.0726533,0.0
694,2035,9,51.72770834042618,0.8118561045140475,FL,FLORIDA,0.0726533,3758.188712369486
695,2035,10,521.4495082137523,18.268811628369946,GA,GEORGIA,0.0726533,37885.027555106215
696,2035,12,12134.60382365295,483.4891365323639,ID,IDAHO,0.0726533,881619.0119810048
697,2035,13,490520.1656909173,4131.186805308507,IL,ILLINOIS,0.0726533,35637908.753991924
698,2035,14,105031.30878417508,2065.929250564596,IN,INDIANA,0.0726533,7630871.186489308
699,2035,15,19883.180320700623,178.7936975878699,IA,IOWA,0.0726533,1444578.6647939587
700,2035,16,235602.1049957384,1155.6377032315108,KS,KANSAS,0.0726533,17117270.41488688
701,2035,17,170848.0235612935,3562.359144478796,KY,KENTUCKY,0.0726533,12412672.710205724
702,2035,18,87648.15386108811,1018.5756933922696,LA,LOUISIANA,0.0726533,6367927.616915793
703,2035,19,42.13440960961061,1.0300270860732097,ME,MAINE,0.0726533,3061.2039016899225
704,2035,20,34179.49475323024,837.3683105554662,MD,MARYLAND,0.0726533,2483253.0861548623
705,2035,21,2330.215651579272,78.6568272829135,MA,MASSACHUSETTS,0.0726533,169297.85679888434
706,2035,22,54770.214097255375,783.76507208972,MI,MICHIGAN,0.0726533,3979236.7958721244
707,2035,23,167372.3068394451,1288.859046804003,MN,MINNESOTA,0.0726533,12160150.420498258
708,2035,24,61921.80066221681,689.7123148888297,MS,MISSISSIPPI,0.0726533,4498823.160052237
709,2035,25,279825.1996882001,2019.804029837474,MO,MISSOURI,0.0726533,20330224.180506706
710,2035,26,0.0,0.0,MT,MONTANA,0.0726533,0.0
711,2035,27,1325499.5814827704,7510.795047511639,NE,NEBRASKA,0.0726533,96301918.74334218
712,2035,28,0.0,0.0,NV,NEVADA,0.0726533,0.0
713,2035,29,67.03591362754909,1.388925837076002,NH,NEW HAMPSHIRE,0.0726533,4870.380343556412
714,2035,30,7707.84810567322,174.4526376862199,NJ,NEW JERSEY,0.0726533,560000.6007759082
715,2035,31,0.0,0.0,NM,NEW MEXICO,0.0726533,0.0
716,2035,32,46729.66842707975,966.935218722694,NY,NEW YORK,0.0726533,3395064.6191331535
717,2035,33,33059.95482016282,1430.8540424914709,NC,NORTH CAROLINA,0.0726533,2401914.815535736
718,2035,34,580420.0293361524,3915.055210648586,ND,NORTH DAKOTA,0.0726533,42169430.51736828
719,2035,35,18100.35840593901,476.04731727121066,OH,OHIO,0.0726533,1315050.7693742088
720,2035,36,108775.15619412033,355.71748069988564,OK,OKLAHOMA,0.0726533,7902874.0555182835
721,2035,37,2730.988032507835,8.041401969360384,OR,OREGON,0.0726533,198415.29282220153
722,2035,38,101062.43616534137,1983.208088853767,PA,PENNSYLVANIA,0.0726533,7342519.493451396
723,2035,39,270.01093759142697,3.627881115981636,RI,RHODE ISLAND,0.0726533,19617.18565211122
724,2035,40,0.0,0.0,SC,SOUTH CAROLINA,0.0726533,0.0
725,2035,41,2191140.2441672347,13252.65020043686,SD,SOUTH DAKOTA,0.0726533,159193569.50155538
726,2035,42,140166.704949663,1998.3465234375533,TN,TENNESSEE,0.0726533,10183573.66471935
727,2035,43,874042.151356484,4771.460233615411,TX,TEXAS,0.0726533,63502046.63514805
728,2035,44,0.0,0.0,UT,UTAH,0.0726533,0.0
729,2035,45,194.7066103502355,13.035465858359146,VT,VERMONT,0.0726533,14146.077773758767
730,2035,46,13666.298018684973,243.117677484166,VA,VIRGINIA,0.0726533,992901.6498409249
731,2035,47,14238.719510432398,205.2223861427809,WA,WASHINGTON,0.0726533,1034489.9602072982
732,2035,48,7015.823989718143,116.88775814158438,WV,WEST VIRGINIA,0.0726533,509722.76507218916
733,2035,49,252590.99270285424,3265.327158753264,WI,WISCONSIN,0.0726533,18351569.17013828
734,2035,50,94550.17074839324,1185.989507737623,WY,WYOMING,0.0726533,6869381.920434238
735,2036,0,42957.17795520456,415.7406627881031,AL,ALABAMA,0.07410122,3183179.294237763
736,2036,2,0.0,0.0,AZ,ARIZONA,0.07410122,0.0
737,2036,3,345034.7316545367,1159.1066668477702,AR,ARKANSAS,0.07410122,25567494.557973783
738,2036,4,18804.387838967472,246.6618146144458,CA,CALIFORNIA,0.07410122,1393428.0802206532
739,2036,5,530152.1327323328,4967.642239337648,CO,COLORADO,0.07410122,39284919.821067795
740,2036,6,505.9275606943368,10.54517106960991,CT,CONNECTICUT,0.07410122,37489.8494790744
741,2036,7,499.6510960488741,11.164297314709293,DE,DELAWARE,0.07410122,37024.755791558746
742,2036,8,0.0,0.0,DC,DISTRICT OF COLUMBIA,0.07410122,0.0
743,2036,9,259.8790380869315,3.077437302189949,FL,FLORIDA,0.07410122,19257.35377466809
744,2036,10,30916.938245888807,236.5564827160934,GA,GEORGIA,0.07410122,2290982.8426850205
745,2036,12,14762.42582518866,582.7192727722615,ID,IDAHO,0.07410122,1093913.7638059864
746,2036,13,3158927.9120082767,16914.729685040802,IL,ILLINOIS,0.07410122,234080412.1718659
747,2036,14,428076.564762772,4103.632827395921,IN,INDIANA,0.07410122,31720995.702330414
748,2036,15,1442826.0091487188,10184.874594719293,IA,IOWA,0.07410122,106915167.52565122
749,2036,16,3009884.969329716,10152.418644112684,KS,KANSAS,0.07410122,223036148.28699455
750,2036,17,208320.81617945715,2142.548280881628,KY,KENTUCKY,0.07410122,15436826.630293513
751,2036,18,878847.3958116658,3814.246696845961,LA,LOUISIANA,0.07410122,65123664.22346732
752,2036,19,0.0,0.0,ME,MAINE,0.07410122,0.0
753,2036,20,0.0,0.0,MD,MARYLAND,0.07410122,0.0
754,2036,21,70.41734109037414,2.4616075540421027,MA,MASSACHUSETTS,0.07410122,5218.010883952853
755,2036,22,111260.96349359029,1065.543847841408,MI,MICHIGAN,0.07410122,8244573.133250501
756,2036,23,2447131.5954955183,18079.64174977308,MN,MINNESOTA,0.07410122,181335436.72676438
757,2036,24,747282.5124340768,3597.28661897383,MS,MISSISSIPPI,0.07410122,55374545.856030256
758,2036,25,3958044.0350912455,17571.680510479684,MO,MISSOURI,0.07410122,293295891.8139841
759,2036,26,0.0,0.0,MT,MONTANA,0.07410122,0.0
760,2036,27,4603563.733849943,20606.94038079855,NE,NEBRASKA,0.07410122,341129689.0260361
761,2036,28,0.0,0.0,NV,NEVADA,0.07410122,0.0
762,2036,29,0.0,0.0,NH,NEW HAMPSHIRE,0.07410122,0.0
763,2036,30,0.0,0.0,NJ,NEW JERSEY,0.07410122,0.0
764,2036,31,0.0,0.0,NM,NEW MEXICO,0.07410122,0.0
765,2036,32,0.0,0.0,NY,NEW YORK,0.07410122,0.0
766,2036,33,140503.8281822342,1430.5391333222,NC,NORTH CAROLINA,0.07410122,10411505.082973937
767,2036,34,2070753.726867177,10403.228984936406,ND,NORTH DAKOTA,0.07410122,153445377.4804046
768,2036,35,96656.2289742576,1134.1212890656736,OH,OHIO,0.07410122,7162344.487591836
769,2036,36,239596.118419266,884.0554230385093,OK,OKLAHOMA,0.07410122,17754364.68213208
770,2036,37,2789.0587464683977,8.042130615518266,OR,OREGON,0.07410122,206672.65576497896
771,2036,38,423.9122131984311,17.690607161575972,PA,PENNSYLVANIA,0.07410122,31412.412170903848
772,2036,39,0.0,0.0,RI,RHODE ISLAND,0.07410122,0.0
773,2036,40,88905.92114085845,562.2167322257021,SC,SOUTH CAROLINA,0.07410122,6588037.221761403
774,2036,41,8669626.703667535,33297.63085824252,SD,SOUTH DAKOTA,0.07410122,642429915.6863427
775,2036,42,299781.31320030097,1977.093426980072,TN,TENNESSEE,0.07410122,22214161.041344408
776,2036,43,3021259.255771602,14437.58714033079,TX,TEXAS,0.07410122,223878996.78896776
777,2036,44,0.0,0.0,UT,UTAH,0.07410122,0.0
778,2036,45,0.0,0.0,VT,VERMONT,0.07410122,0.0
779,2036,46,1357.1013610139976,14.637955903297478,VA,VIRGINIA,0.07410122,100562.86651479766
780,2036,47,21379.04659135644,219.90918273721,WA,WASHINGTON,0.07410122,1584213.4348563536
781,2036,48,0.0,0.0,WV,WEST VIRGINIA,0.07410122,0.0
782,2036,49,1369381.930421792,11658.168138834946,WI,WISCONSIN,0.07410122,101472871.6902099
783,2036,50,129348.11586926407,1383.4753774957123,WY,WYOMING,0.07410122,9584853.190613829
784,2037,0,1770.558250047326,8.77394165695071,AL,ALABAMA,0.07554914,133764.15311098043
785,2037,2,0.0,0.0,AZ,ARIZONA,0.07554914,0.0
786,2037,3,56025.3941163462,365.86021422135,AR,ARKANSAS,0.07554914,4232670.343651015
787,2037,4,29537.76963613268,394.8079380277612,CA,CALIFORNIA,0.07554914,2231553.093527937
788,2037,5,225405.61259212228,3686.3173387613824,CO,COLORADO,0.07554914,17029200.18250801
789,2037,6,553.6582611793837,39.61485702789111,CT,CONNECTICUT,0.07554914,41828.40548599782
790,2037,7,31238.7015190136,309.1213683711468,DE,DELAWARE,0.07554914,2360057.0344781713
791,2037,8,0.0,0.0,DC,DISTRICT OF COLUMBIA,0.07554914,0.0
792,2037,9,0.0,0.0,FL,FLORIDA,0.07554914,0.0
793,2037,10,0.0,0.0,GA,GEORGIA,0.07554914,0.0
794,2037,12,13487.583266725049,595.5314887606,ID,IDAHO,0.07554914,1018975.316479468
795,2037,13,1414964.9234650326,11434.65880641323,IL,ILLINOIS,0.07554914,106899383.09794903
796,2037,14,246742.3000573732,3269.8570382258604,IN,INDIANA,0.07554914,18641168.5709565
797,2037,15,2582491.5873374795,17371.23413763659,IA,IOWA,0.07554914,195105018.48058146
798,2037,16,2049276.335799458,9856.114177416162,KS,KANSAS,0.07554914,154821064.79200026
799,2037,17,801.4777160267818,17.383085972638,KY,KENTUCKY,0.07554914,60550.95217498758
800,2037,18,134839.58704864682,1250.4716345076497,LA,LOUISIANA,0.07554914,10187014.839480404
801,2037,19,99.81904346938126,3.382041292968678,ME,MAINE,0.07554914,7541.242889734371
802,2037,20,130362.09407611476,1270.797371957302,MD,MARYLAND,0.07554914,9848744.096049564
803,2037,21,3853.921560773215,58.6509753685945,MA,MASSACHUSETTS,0.07554914,291160.45954387414
804,2037,22,116650.52206757826,871.3403271744139,MI,MICHIGAN,0.07554914,8812846.62275656
805,2037,23,503860.18170376593,6019.7103341229085,MN,MINNESOTA,0.07554914,38066203.40796325
806,2037,24,427.1737538272442,15.354126460746263,MS,MISSISSIPPI,0.07554914,32272.609732220004
807,2037,25,1205499.1586139326,10449.647981232887,MO,MISSOURI,0.07554914,91074424.7040062
808,2037,26,0.0,0.0,MT,MONTANA,0.07554914,0.0
809,2037,27,3987743.871792002,18712.12295432404,NE,NEBRASKA,0.07554914,301270620.054156
810,2037,28,0.0,0.0,NV,NEVADA,0.07554914,0.0
811,2037,29,132.68750121115406,3.0328540406506583,NH,NEW HAMPSHIRE,0.07554914,10024.426605251649
812,2037,30,28275.72755325898,288.3105570650736,NJ,NEW JERSEY,0.07554914,2136206.8995230203
813,2037,31,0.0,0.0,NM,NEW MEXICO,0.07554914,0.0
814,2037,32,36435.14734756562,593.3776752679859,NY,NEW YORK,0.07554914,2752644.047881863
815,2037,33,22742.39896063608,674.9598767829303,NC,NORTH CAROLINA,0.07554914,1718168.6830129498
816,2037,34,1376767.9319233703,7435.843156395639,ND,NORTH DAKOTA,0.07554914,104013633.23638918
817,2037,35,76793.12631461535,749.2342291603874,OH,OHIO,0.07554914,5801654.650980559
818,2037,36,117003.42180427346,416.99413972063695,OK,OKLAHOMA,0.07554914,8839507.894370109
819,2037,37,2821.2732148070463,8.042055018012112,OR,OREGON,0.07554914,213144.7650837076
820,2037,38,48959.14243696866,1078.4667308033888,PA,PENNSYLVANIA,0.07554914,3698821.106250486
821,2037,39,229.562225037234,4.133850346838433,RI,RHODE ISLAND,0.07554914,17343.228678049498
822,2037,40,0.0,0.0,SC,SOUTH CAROLINA,0.07554914,0.0
823,2037,41,2155319.1575567964,14517.693297228385,SD,SOUTH DAKOTA,0.07554914,162832508.77894047
824,2037,42,318.6516871381576,7.19073368290431,TN,TENNESSEE,0.07554914,24073.86092283687
825,2037,43,331651.24334914057,1950.6132213788355,TX,TEXAS,0.07554914,25055966.21495829
826,2037,44,0.0,0.0,UT,UTAH,0.07554914,0.0
827,2037,45,1212.5520919386192,55.7089724129624,VT,VERMONT,0.07554914,91607.26775116361
828,2037,46,3727.908923197564,93.39918182504236,VA,VIRGINIA,0.07554914,281640.313145902
829,2037,47,5944.530226744812,91.36282437816006,WA,WASHINGTON,0.07554914,449104.14633457555
830,2037,48,8610.81232188559,141.78597356768688,WV,WEST VIRGINIA,0.07554914,650539.4656198596
831,2037,49,875594.4488153979,8639.398868774913,WI,WISCONSIN,0.07554914,66150407.596777335
832,2037,50,28492.855952584163,762.0298254508342,WY,WYOMING,0.07554914,2152610.763361614
833,2038,0,167174.3612682732,1066.4752311050506,AL,ALABAMA,0.07699706,12871934.325034909
834,2038,2,0.0,0.0,AZ,ARIZONA,0.07699706,0.0
835,2038,3,330618.9293554213,1001.1325272861892,AR,ARKANSAS,0.07699706,25456685.54071514
836,2038,4,19593.480787050445,247.8371366467564,CA,CALIFORNIA,0.07699706,1508640.4157693705
837,2038,5,463269.2515827575,4822.775649058771,CO,COLORADO,0.07699706,35670370.36027268
838,2038,6,607.186760653641,34.55190895043222,CT,CONNECTICUT,0.07699706,46751.595441254045
839,2038,7,0.0,0.0,DE,DELAWARE,0.07699706,0.0
840,2038,8,0.0,0.0,DC,DISTRICT OF COLUMBIA,0.07699706,0.0
841,2038,9,8572.651486718656,39.86372667850666,FL,FLORIDA,0.07699706,660068.9608819657
842,2038,10,125408.34557466628,523.873783149575,GA,GEORGIA,0.07699706,9656073.908713315
843,2038,12,17175.593602408484,678.124637491683,ID,IDAHO,0.07699706,1322470.2111402622
844,2038,13,776496.6541110801,11986.875956548462,IL,ILLINOIS,0.07699706,59787959.46639008
845,2038,14,170169.26445682262,3355.879363386502,IN,INDIANA,0.07699706,13102533.06553784
846,2038,15,1105828.7224893046,7803.440599867888,IA,IOWA,0.07699706,85145560.49523234
847,2038,16,1786792.409606631,7215.77214704629,KS,KANSAS,0.07699706,137577762.37002635
848,2038,17,146090.48838033347,1612.979040200863,KY,KENTUCKY,0.07699706,11248538.099249838
849,2038,18,809125.3351167636,3257.426266021622,LA,LOUISIANA,0.07699706,62300271.97550556
850,2038,19,25.272847067047618,1.0300270595224723,ME,MAINE,0.07699706,1945.9349219922894
851,2038,20,6537.77363211696,75.1208960543903,MD,MARYLAND,0.07699706,503389.34861852747
852,2038,21,3065.261106427216,63.92828678934146,MA,MASSACHUSETTS,0.07699706,236016.09332724276
853,2038,22,76129.7666736144,1418.9916413830565,MI,MICHIGAN,0.07699706,5861768.212354288
854,2038,23,994581.9708093556,12880.699364940916,MN,MINNESOTA,0.07699706,76579887.68132621
855,2038,24,693073.1263081951,2921.723159172452,MS,MISSISSIPPI,0.07699706,53364593.09073968
856,2038,25,388293.9155282357,4805.800575653824,MO,MISSOURI,0.07699706,29897489.911562502
857,2038,26,0.0,0.0,MT,MONTANA,0.07699706,0.0
858,2038,27,1873579.5079682528,11630.331367035404,NE,NEBRASKA,0.07699706,144260113.78980204
859,2038,28,0.0,0.0,NV,NEVADA,0.07699706,0.0
860,2038,29,32.951525477389296,1.3887870352803202,NH,NEW HAMPSHIRE,0.07699706,2537.1705842740726
861,2038,30,47.29492237178408,0.8920756179332243,NJ,NEW JERSEY,0.07699706,3641.5699755556016
862,2038,31,0.0,0.0,NM,NEW MEXICO,0.07699706,0.0
863,2038,32,31543.55460562545,472.0369440208389,NY,NEW YORK,0.07699706,2428760.966582619
864,2038,33,57072.83552303562,422.20322570138194,NC,NORTH CAROLINA,0.07699706,4394440.541137305
865,2038,34,1368768.133168191,8288.385374212556,ND,NORTH DAKOTA,0.07699706,105391122.0756392
866,2038,35,43061.22679966261,804.5020168645774,OH,OHIO,0.07699706,3315587.8635672303
867,2038,36,254693.954759739,849.2693324448562,OK,OKLAHOMA,0.07699706,19610685.71627291
868,2038,37,2753.0175543910223,8.041979093466628,OR,OREGON,0.07699706,211974.25781649884
869,2038,38,18846.10781814792,321.39986197133675,PA,PENNSYLVANIA,0.07699706,1451094.8944404046
870,2038,39,0.0,0.0,RI,RHODE ISLAND,0.07699706,0.0
871,2038,40,127278.90445044136,490.10087711502695,SC,SOUTH CAROLINA,0.07699706,9800101.442704901
872,2038,41,5991401.098996019,30434.17643109896,SD,SOUTH DAKOTA,0.07699706,461320269.90346247
873,2038,42,283636.4329676081,1760.002901045437,TN,TENNESSEE,0.07699706,21839171.4473929
874,2038,43,2761547.368872285,12980.00862244633,TX,TEXAS,0.07699706,212631028.45390147
875,2038,44,0.0,0.0,UT,UTAH,0.07699706,0.0
876,2038,45,147.0552405633794,15.121289719287162,VT,VERMONT,0.07699706,11322.82118097296
877,2038,46,6103.548653375048,142.38096640419934,VA,VIRGINIA,0.07699706,469955.30187683785
878,2038,47,6821.694865730584,91.0739144668799,WA,WASHINGTON,0.07699706,525250.4488783497
879,2038,48,5258.303970546589,60.414172784151134,WV,WEST VIRGINIA,0.07699706,404873.946318414
880,2038,49,1301929.4055424482,13326.479505284118,WI,WISCONSIN,0.07699706,100244736.55431621
881,2038,50,114433.27096488568,1354.8209481433869,WY,WYOMING,0.07699706,8811025.430479562
882,2039,0,51717.04138516985,496.8769840679621,AL,ALABAMA,0.07844498,4056942.277118821
883,2039,2,0.0,0.0,AZ,ARIZONA,0.07844498,0.0
884,2039,3,24532.5584904434,330.1504363559119,AR,ARKANSAS,0.07844498,1924456.0601316628
885,2039,4,26499.78734278321,354.81435047851954,CA,CALIFORNIA,0.07844498,2078775.2881088818
886,2039,5,292122.3504936348,3637.210886760176,CO,COLORADO,0.07844498,22915531.94202617
887,2039,6,8897.713012484135,91.7730033239445,CT,CONNECTICUT,0.07844498,697980.9193100577
888,2039,7,26380.232475857825,356.88235129320816,DE,DELAWARE,0.07844498,2069396.8089640173
889,2039,8,0.0,0.0,DC,DISTRICT OF COLUMBIA,0.07844498,0.0
890,2039,9,7655.848120074078,44.60211031323509,FL,FLORIDA,0.07844498,600562.8526622487
891,2039,10,93697.40659883298,721.957650276468,GA,GEORGIA,0.07844498,7350091.186697321
892,2039,12,23056.56741990486,932.9561931507368,ID,IDAHO,0.07844498,1808671.9701230882
893,2039,13,2114675.365888753,20562.45546149684,IL,ILLINOIS,0.07844498,165885666.7836359
894,2039,14,494896.5912429527,5597.705308366119,IN,INDIANA,0.07844498,38822153.2021216
895,2039,15,465826.1773511027,5549.460585163941,IA,IOWA,0.07844498,36541725.1657837
896,2039,16,1286890.5382150668,5299.757508730879,KS,KANSAS,0.07844498,100950102.53247014
897,2039,17,290079.8094583076,4638.376091244105,KY,KENTUCKY,0.07844498,22755304.851360746
898,2039,18,343304.1210225684,3199.6588526400387,LA,LOUISIANA,0.07844498,26930484.907532956
899,2039,19,254.1235041832201,8.217843594150008,ME,MAINE,0.07844498,19934.713203182615
900,2039,20,248709.3029770521,1496.3293080190822,MD,MARYLAND,0.07844498,19509996.297848795
901,2039,21,11550.702261276769,164.68939809858077,MA,MASSACHUSETTS,0.07844498,906094.6078718109
902,2039,22,202784.3211873596,2621.904269382877,MI,MICHIGAN,0.07844498,15907412.019856
903,2039,23,969855.6944656213,9103.76919759665,MN,MINNESOTA,0.07844498,76080310.55524176
904,2039,24,465601.2872978417,2807.1090879800595,MS,MISSISSIPPI,0.07844498,36524083.670053445
905,2039,25,397775.46588244336,3653.225747090096,MO,MISSOURI,0.07844498,31203488.46563895
906,2039,26,0.0,0.0,MT,MONTANA,0.07844498,0.0
907,2039,27,1494286.6426436938,7909.796715508373,NE,NEBRASKA,0.07844498,117219285.79645172
908,2039,28,0.0,0.0,NV,NEVADA,0.07844498,0.0
909,2039,29,45.386546590301,1.6748811967836497,NH,NEW HAMPSHIRE,0.07844498,3560.3467395452303
910,2039,30,75880.69202988592,664.2591694080552,NJ,NEW JERSEY,0.07844498,5952459.36867056
911,2039,31,86.5000302304408,5.299097147055503,NM,NEW MEXICO,0.07844498,6785.493141426324
912,2039,32,132131.29515627862,1801.3295152294568,NY,NEW YORK,0.07844498,10365036.805908373
913,2039,33,132633.63165746682,1944.878400697836,NC,NORTH CAROLINA,0.07844498,10404442.58269735
914,2039,34,523129.9313514505,4003.371556916799,ND,NORTH DAKOTA,0.07844498,41036917.00226591
915,2039,35,298780.95336599834,4197.5544502321045,OH,OHIO,0.07844498,23437865.91117667
916,2039,36,98611.42207051595,425.4453966562685,OK,OKLAHOMA,0.07844498,7735571.032093183
917,2039,37,2821.5386947798293,8.04351302090026,OR,OREGON,0.07844498,221335.5464812298
918,2039,38,581895.6988748675,5634.543731501648,PA,PENNSYLVANIA,0.07844498,45646796.46032501
919,2039,39,205.1109879703584,7.5203775135188895,RI,RHODE ISLAND,0.07844498,16089.927349115005
920,2039,40,512.5164890367319,23.27297275691889,SC,SOUTH CAROLINA,0.07844498,40204.345732156646
921,2039,41,3838011.422907195,21483.34789777856,SD,SOUTH DAKOTA,0.07844498,301072729.3097265
922,2039,42,103134.13798897737,2733.504271891828,TN,TENNESSEE,0.07844498,8090355.39186257
923,2039,43,430166.9448520768,3084.914141876181,TX,TEXAS,0.07844498,33744437.38558227
924,2039,44,0.0,0.0,UT,UTAH,0.07844498,0.0
925,2039,45,522.388797408502,17.28528374084398,VT,VERMONT,0.07844498,40978.778764933995
926,2039,46,82316.18376888911,893.3453815857865,VA,VIRGINIA,0.07844498,6457291.389426831
927,2039,47,16645.711726060214,238.7830033435627,WA,WASHINGTON,0.07844498,1305772.523436559
928,2039,48,36006.259946037084,804.9630184060421,WV,WEST VIRGINIA,0.07844498,2824510.34134168
929,2039,49,194960.36152138087,2795.966845951659,WI,WISCONSIN,0.07844498,15293661.660337491
930,2039,50,108630.23569138472,1298.3183508658897,WY,WYOMING,0.07844498,8521496.66620596
931,2040,0,337168.9868536032,1745.4161064517205,AL,ALABAMA,0.0798929,26937408.14979624
932,2040,2,0.0,0.0,AZ,ARIZONA,0.0798929,0.0
933,2040,3,77160.53460831664,581.9520415530653,AR,ARKANSAS,0.0798929,6164578.87540878
934,2040,4,20384.35367940129,264.906319189232,CA,CALIFORNIA,0.0798929,1628565.1300730393
935,2040,5,645765.7400866752,5668.236790768543,CO,COLORADO,0.0798929,51592097.69617073
936,2040,6,1048.803943790786,36.89585374390994,CT,CONNECTICUT,0.0798929,83791.98860088289
937,2040,7,0.0,0.0,DE,DELAWARE,0.0798929,0.0
938,2040,8,0.0,0.0,DC,DISTRICT OF COLUMBIA,0.0798929,0.0
939,2040,9,16223.509692460131,97.85901358723672,FL,FLORIDA,0.0798929,1296143.237508748
940,2040,10,318967.4610952687,1437.59369062339,GA,GEORGIA,0.0798929,25483235.472538196
941,2040,12,33800.68942708103,1395.8852480752337,ID,IDAHO,0.0798929,2700435.100328842
942,2040,13,4783314.718230356,30702.35419541426,IL,ILLINOIS,0.0798929,382152884.45210606
943,2040,14,377908.4170049088,4876.905247925477,IN,INDIANA,0.0798929,30192199.36893148
944,2040,15,16804316.73719848,50752.50859768795,IA,IOWA,0.0798929,1342545596.6533244
945,2040,16,2838712.206513373,10175.088459800238,KS,KANSAS,0.0798929,226792950.4437523
946,2040,17,216084.88140319736,3590.227816654397,KY,KENTUCKY,0.0798929,17263647.821457505
947,2040,18,822936.392899889,3416.811642602138,LA,LOUISIANA,0.0798929,65746774.944311544
948,2040,19,216.2934990373965,8.284539057369667,ME,MAINE,0.0798929,17280.314889244815
949,2040,20,27896.02017903469,292.8873877131432,MD,MARYLAND,0.0798929,2228693.9505616007
950,2040,21,91.4204396073751,1.5645709495656397,MA,MASSACHUSETTS,0.0798929,7303.844039508058
951,2040,22,186156.25849843115,2640.8689631328552,MI,MICHIGAN,0.0798929,14872563.34458931
952,2040,23,6239615.969946718,30995.28323816275,MN,MINNESOTA,0.0798929,498501014.72535616
953,2040,24,918532.9744931776,4001.693955675233,MS,MISSISSIPPI,0.0798929,73384263.077886
954,2040,25,2562232.367535397,12168.75024762271,MO,MISSOURI,0.0798929,204704174.31626874
955,2040,26,0.0,0.0,MT,MONTANA,0.0798929,0.0
956,2040,27,8693728.576813461,25506.58624641441,NE,NEBRASKA,0.0798929,694567187.8145002
957,2040,28,0.0,0.0,NV,NEVADA,0.0798929,0.0
958,2040,29,0.0,0.0,NH,NEW HAMPSHIRE,0.0798929,0.0
959,2040,30,5154.336035262725,159.24679153618402,NJ,NEW JERSEY,0.0798929,411794.8534316414
960,2040,31,28.80280431292629,3.862506902126092,NM,NEW MEXICO,0.0798929,2301.139564692189
961,2040,32,255.85385612029907,12.149749018879715,NY,NEW YORK,0.0798929,20440.90654163344
962,2040,33,90552.2246941689,1099.8620181048475,NC,NORTH CAROLINA,0.0798929,7234479.832268766
963,2040,34,1909883.9935724104,10890.573851005118,ND,NORTH DAKOTA,0.0798929,152586170.91008124
964,2040,35,80066.33794580592,1398.392766289121,OH,OHIO,0.0798929,6396731.930870478
965,2040,36,110513.20855772664,493.917303268395,OK,OKLAHOMA,0.0798929,8829220.7199816
966,2040,37,2841.0503389055475,8.042054934911286,OR,OREGON,0.0798929,226979.75062114702
967,2040,38,100434.37008398504,1573.671510969223,PA,PENNSYLVANIA,0.0798929,8023993.0856828075
968,2040,39,0.0,0.0,RI,RHODE ISLAND,0.0798929,0.0
969,2040,40,296307.343148856,1403.2592006245652,SC,SOUTH CAROLINA,0.0798929,23672852.93545724
970,2040,41,13436036.488623366,35593.99669098158,SD,SOUTH DAKOTA,0.0798929,1073443919.5819377
971,2040,42,252837.5619387813,1956.577143333575,TN,TENNESSEE,0.0798929,20199926.052218862
972,2040,43,895224.2229714866,7334.889204823261,TX,TEXAS,0.0798929,71522059.32343869
973,2040,44,235.1081277226399,6.210543316650201,UT,UTAH,0.0798929,18783.470137332097
974,2040,45,726.3386010728586,10.038029723805812,VT,VERMONT,0.0798929,58029.29722165379
975,2040,46,1214.6492308291342,30.173794421281244,VA,VIRGINIA,0.0798929,97041.84953370896
976,2040,47,10400.895988280869,158.41136799886624,WA,WASHINGTON,0.0798929,830957.7431021245
977,2040,48,19490.92703590562,465.38807185008704,WV,WEST VIRGINIA,0.0798929,1557186.6845869042
978,2040,49,1106244.5816923524,12786.735557379156,WI,WISCONSIN,0.0798929,88381087.74068895
979,2040,50,138419.68125212385,1402.0070392076277,WY,WYOMING,0.0798929,11058749.752307804
980,2041,0,96650.8728353228,1010.8255883442532,AL,ALABAMA,0.08049432,7779846.286285781
981,2041,2,0.0,0.0,AZ,ARIZONA,0.08049432,0.0
982,2041,3,125192.56357854445,788.1221671950304,AR,ARKANSAS,0.08049432,10077290.2743117
983,2041,4,20462.237205451,263.9173849660759,CA,CALIFORNIA,0.08049432,1647093.8695314785
984,2041,5,633584.7608047666,5495.003782699288,CO,COLORADO,0.08049432,50999974.483342335
985,2041,6,7156.868247795353,99.10193053347555,CT,CONNECTICUT,0.08049432,576087.2429358785
986,2041,7,1243.9836658757488,20.49844044155785,DE,DELAWARE,0.08049432,100133.61927577559
987,2041,8,0.0,0.0,DC,DISTRICT OF COLUMBIA,0.08049432,0.0
988,2041,9,288.8082210015905,4.602113853504083,FL,FLORIDA,0.08049432,23247.421359932745
989,2041,10,8248.300323372323,176.3871379131964,GA,GEORGIA,0.08049432,663941.3256856352
990,2041,12,39159.93897089246,1591.9901424557968,ID,IDAHO,0.08049432,3152152.6587034883
991,2041,13,10871299.460900506,46287.201348112285,IL,ILLINOIS,0.08049432,875077857.6215527
992,2041,14,1262719.1778371695,15552.91292300563,IN,INDIANA,0.08049432,101641721.57096201
993,2041,15,13622251.845645426,44851.06077320647,IA,IOWA,0.08049432,1096513899.1839736
994,2041,16,1589319.4798372793,6669.945228868973,KS,KANSAS,0.08049432,127931190.7922555
995,2041,17,558494.3333177818,5437.049694416885,KY,KENTUCKY,0.08049432,44955621.58426819
996,2041,18,51041.85017402446,971.1105539378862,LA,LOUISIANA,0.08049432,4108579.0212999806
997,2041,19,330.05940206015174,16.707440464137647,ME,MAINE,0.08049432,26567.90712843851
998,2041,20,85265.94710957068,984.1988317595984,MD,MARYLAND,0.08049432,6863424.431740857
999,2041,21,7505.358949734463,112.18600720791008,MA,MASSACHUSETTS,0.08049432,604138.7650147896
1000,2041,22,261861.08927745663,3603.721741077188,MI,MICHIGAN,0.08049432,21078330.31584816
1001,2041,23,6350828.538599148,31325.14029383262,MN,MINNESOTA,0.08049432,511205624.65113217
1002,2041,24,193149.61987395008,2268.8008703587057,MS,MISSISSIPPI,0.08049432,15547447.310012097
1003,2041,25,1289486.068204095,12218.496962330686,MO,MISSOURI,0.08049432,103796304.20956223
1004,2041,26,0.0,0.0,MT,MONTANA,0.08049432,0.0
1005,2041,27,3927358.92321252,14746.989697557332,NE,NEBRASKA,0.08049432,316130085.91992396
1006,2041,28,0.0,0.0,NV,NEVADA,0.08049432,0.0
1007,2041,29,86.43606770352106,3.3189735089622805,NH,NEW HAMPSHIRE,0.08049432,6957.61249326889
1008,2041,30,25670.62223396637,269.77228043813034,NJ,NEW JERSEY,0.08049432,2066339.2807000037
1009,2041,31,0.0,0.0,NM,NEW MEXICO,0.08049432,0.0
1010,2041,32,206492.9415201028,2261.789129195541,NY,NEW YORK,0.08049432,16621508.91246044
1011,2041,33,102328.56127087418,2383.9900036527474,NC,NORTH CAROLINA,0.08049432,8236867.956077353
1012,2041,34,733074.853282742,5547.042649910964,ND,NORTH DAKOTA,0.08049432,59008361.82409408
1013,2041,35,465606.4182338234,9917.755073632574,OH,OHIO,0.08049432,37478672.02336721
1014,2041,36,150802.26901203656,602.8362004540778,OK,OKLAHOMA,0.08049432,12138726.098580955
1015,2041,37,2879.758992793463,8.041250917387595,OR,OREGON,0.08049432,231804.2418887947
1016,2041,38,687102.5149016778,6237.9534014855,PA,PENNSYLVANIA,0.08049432,55307849.707300425
1017,2041,39,919.7997790657024,23.863762289718693,RI,RHODE ISLAND,0.08049432,74038.65775204395
1018,2041,40,506.1597226801021,5.800743469789262,SC,SOUTH CAROLINA,0.08049432,40742.98268852339
1019,2041,41,6823044.697568608,33475.058279412406,SD,SOUTH DAKOTA,0.08049432,549216343.2603908
1020,2041,42,249634.98831181403,2534.984429012125,TN,TENNESSEE,0.08049432,20094198.632367417
1021,2041,43,1004622.7335027028,5543.448959829611,TX,TEXAS,0.08049432,80866423.78984128
1022,2041,44,235.0846196041874,6.209922333490851,UT,UTAH,0.08049432,18922.976597497734
1023,2041,45,2213.204003303432,70.24083092236631,VT,VERMONT,0.08049432,178150.35126718748
1024,2041,46,22111.274937460847,469.3352213956548,VA,VIRGINIA,0.08049432,1779832.0404239532
1025,2041,47,36361.341870926335,309.5749689353246,WA,WASHINGTON,0.08049432,2926881.488187743
1026,2041,48,35106.599616837244,781.5840248007245,WV,WEST VIRGINIA,0.08049432,2825881.8636695743
1027,2041,49,4273414.789837898,20161.01036294683,WI,WISCONSIN,0.08049432,343985617.5859445
1028,2041,50,145652.79632526572,1462.1112724262446,WY,WYOMING,0.08049432,11724222.796300763
1029,2042,0,155204.33635871662,1107.4797585739514,AL,ALABAMA,0.08109574,12586410.508219032
1030,2042,2,0.0,0.0,AZ,ARIZONA,0.08109574,0.0
1031,2042,3,185709.52282765496,764.5552689269525,AR,ARKANSAS,0.08109574,15060251.178755572
1032,2042,4,32088.616253889857,435.1008464954951,CA,CALIFORNIA,0.08109574,2602250.080685226
1033,2042,5,717044.0599802756,5766.350819012731,CO,COLORADO,0.08109574,58149218.656704836
1034,2042,6,917.0797359518684,27.97658278867509,CT,CONNECTICUT,0.08109574,74371.25982602137
1035,2042,7,17434.278799367454,278.76133048153275,DE,DELAWARE,0.08109574,1413845.7406010153
1036,2042,8,0.0,0.0,DC,DISTRICT OF COLUMBIA,0.08109574,0.0
1037,2042,9,634.1416340898345,8.912825122783897,FL,FLORIDA,0.08109574,51426.18508132436
1038,2042,10,42068.91974517246,507.35840364177466,GA,GEORGIA,0.08109574,3411610.1777353724
1039,2042,12,27790.672949528234,1197.8635606485936,ID,IDAHO,0.08109574,2253705.187939975
1040,2042,13,10518076.778300695,44519.66654080216,IL,ILLINOIS,0.08109574,852971219.7131108
1041,2042,14,948154.901337328,9214.131701215689,IN,INDIANA,0.08109574,76891323.35857761
1042,2042,15,17562820.707907915,52873.486712401726,IA,IOWA,0.08109574,1424269941.795116
1043,2042,16,3233392.839139333,9769.572306524904,KS,KANSAS,0.08109574,262214385.00070515
1044,2042,17,299947.9160701098,4495.080781386179,KY,KENTUCKY,0.08109574,24324498.21516345
1045,2042,18,525451.3042444919,2964.786497060418,LA,LOUISIANA,0.08109574,42611862.35167221
1046,2042,19,2540.041348775956,32.378334297637814,ME,MAINE,0.08109574,205986.53280958423
1047,2042,20,115653.82256930786,869.3738655415602,MD,MARYLAND,0.08109574,9379032.325086722
1048,2042,21,3975.64161844202,64.44589825666962,MA,MASSACHUSETTS,0.08109574,322407.59902235324
1049,2042,22,260800.21118621787,3029.676774886715,MI,MICHIGAN,0.08109574,21149786.118302617
1050,2042,23,5157461.417766718,24695.015830500382,MN,MINNESOTA,0.08109574,418248150.19524115
1051,2042,24,434000.8360129042,3358.8826761117443,MS,MISSISSIPPI,0.08109574,35195618.95708511
1052,2042,25,4063959.388101783,16916.635300562775,MO,MISSOURI,0.08109574,329569793.9080613
1053,2042,26,0.0,0.0,MT,MONTANA,0.08109574,0.0
1054,2042,27,8365907.586256834,24369.89966589302,NE,NEBRASKA,0.08109574,678439466.4791118
1055,2042,28,0.0,0.0,NV,NEVADA,0.08109574,0.0
1056,2042,29,91.83817374440638,1.6743786886999643,NH,NEW HAMPSHIRE,0.08109574,7447.684660051206
1057,2042,30,20918.95779396368,314.3349735447226,NJ,NEW JERSEY,0.08109574,1696438.3623302523
1058,2042,31,198.0084095617241,9.025785775396669,NM,NEW MEXICO,0.08109574,16057.638499631092
1059,2042,32,75557.85154542091,1007.5047198214278,NY,NEW YORK,0.08109574,6127419.883886052
1060,2042,33,468448.04277151485,3952.42512324213,NC,NORTH CAROLINA,0.08109574,37989140.680107646
1061,2042,34,4350536.524357301,12087.088804686287,ND,NORTH DAKOTA,0.08109574,352809978.8397833
1062,2042,35,74513.77972213614,1948.4505901312984,OH,OHIO,0.08109574,6042750.106763625
1063,2042,36,193866.29388475872,819.7907374210391,OK,OKLAHOMA,0.08109574,15721730.563641982
1064,2042,37,2823.0823927544,8.04125038793032,OR,OREGON,0.08109574,228939.95572138872
1065,2042,38,256032.98751422967,3044.575460830227,PA,PENNSYLVANIA,0.08109574,20763184.586877216
1066,2042,39,855.6461694540578,12.010241003963191,RI,RHODE ISLAND,0.08109574,69389.25929004222
1067,2042,40,75712.19092947026,1289.3149086785977,SC,SOUTH CAROLINA,0.08109574,6139936.150446679
1068,2042,41,15829413.079978967,36988.88180778384,SD,SOUTH DAKOTA,0.08109574,1283697967.4865735
1069,2042,42,155442.54275175245,1684.7889169939149,TN,TENNESSEE,0.08109574,12605728.031935003
1070,2042,43,1061758.492491942,8247.165620366433,TX,TEXAS,0.08109574,86104090.64991847
1071,2042,44,0.0,0.0,UT,UTAH,0.08109574,0.0
1072,2042,45,1900.0065509268868,15.348699761485031,VT,VERMONT,0.08109574,154082.43725226357
1073,2042,46,72468.7678573228,734.1608816513306,VA,VIRGINIA,0.08109574,5876908.356277807
1074,2042,47,25332.7758978845,323.6029015311555,WA,WASHINGTON,0.08109574,2054380.2076931081
1075,2042,48,10769.18346930146,212.101030801334,WV,WEST VIRGINIA,0.08109574,873334.9026387692
1076,2042,49,1370723.479018434,11205.95436810434,WI,WISCONSIN,0.08109574,111159834.86637439
1077,2042,50,146960.42786035375,1437.9989561866198,WY,WYOMING,0.08109574,11917864.648052005
1078,2043,0,8.579017165697744,3.104668833610173,AL,ALABAMA,0.08169716,700.8813380287551
1079,2043,2,0.0,0.0,AZ,ARIZONA,0.08169716,0.0
1080,2043,3,25857.18061780649,326.0931124799042,AR,ARKANSAS,0.08169716,2112458.222081836
1081,2043,4,18519.166011754256,244.4449620519105,CA,CALIFORNIA,0.08169716,1512963.2687288495
1082,2043,5,495905.3355283527,4800.843674303302,CO,COLORADO,0.08169716,40514057.54151352
1083,2043,6,0.0,0.0,CT,CONNECTICUT,0.08169716,0.0
1084,2043,7,0.0,0.0,DE,DELAWARE,0.08169716,0.0
1085,2043,8,0.0,0.0,DC,DISTRICT OF COLUMBIA,0.08169716,0.0
1086,2043,9,0.0,0.0,FL,FLORIDA,0.08169716,0.0
1087,2043,10,0.0,0.0,GA,GEORGIA,0.08169716,0.0
1088,2043,12,38704.34987650679,1573.6223475381662,ID,IDAHO,0.08169716,3162035.4645569557
1089,2043,13,13424069.377663843,46623.93858933443,IL,ILLINOIS,0.08169716,1096708343.7981036
1090,2043,14,560427.7238001047,6121.161660753183,IN,INDIANA,0.08169716,45785353.419732966
1091,2043,15,14079193.329266194,53381.52109358706,IA,IOWA,0.08169716,1150230110.0919929
1092,2043,16,1819739.9687774635,7977.572168211494,KS,KANSAS,0.08169716,148667587.38760746
1093,2043,17,13454.643581517525,306.2861887813842,KY,KENTUCKY,0.08169716,1099206.1694222104
1094,2043,18,85475.73088753514,1264.6857333715925,LA,LOUISIANA,0.08169716,6983124.462435901
1095,2043,19,29.592539405578727,0.5886457931630151,ME,MAINE,0.08169716,2417.62642662387
1096,2043,20,0.0,0.0,MD,MARYLAND,0.08169716,0.0
1097,2043,21,310.92803217108894,5.310735107527156,MA,MASSACHUSETTS,0.08169716,25401.937192766603
1098,2043,22,252806.33305571944,3098.4182057876365,MI,MICHIGAN,0.08169716,20653559.4406664
1099,2043,23,4488311.7743235,28148.3702562221,MN,MINNESOTA,0.08169716,366682325.15679085
1100,2043,24,18102.30636108534,445.2257353507253,MS,MISSISSIPPI,0.08169716,1478907.0191506068
1101,2043,25,3112473.769742065,16696.363777830673,MO,MISSOURI,0.08169716,254280267.56242067
1102,2043,26,0.0,0.0,MT,MONTANA,0.08169716,0.0
1103,2043,27,5045024.760408606,23567.687576077908,NE,NEBRASKA,0.08169716,412164195.0550636
1104,2043,28,0.0,0.0,NV,NEVADA,0.08169716,0.0
1105,2043,29,0.0,0.0,NH,NEW HAMPSHIRE,0.08169716,0.0
1106,2043,30,0.0,0.0,NJ,NEW JERSEY,0.08169716,0.0
1107,2043,31,403.9758747121628,14.812514333408275,NM,NEW MEXICO,0.08169716,33003.68167249952
1108,2043,32,997.5915959902112,26.70418908630033,NY,NEW YORK,0.08169716,81500.40023226765
1109,2043,33,0.0,0.0,NC,NORTH CAROLINA,0.08169716,0.0
1110,2043,34,2258413.438359257,10903.184349694668,ND,NORTH DAKOTA,0.08169716,184505964.01978636
1111,2043,35,39691.02138527403,929.8767929389352,OH,OHIO,0.08169716,3242643.724676154
1112,2043,36,126009.20576590853,469.4075929022189,OK,OKLAHOMA,0.08169716,10294594.244930351
1113,2043,37,2844.801465895376,8.041250770680282,OR,OREGON,0.08169716,232412.2005274891
1114,2043,38,0.0,0.0,PA,PENNSYLVANIA,0.08169716,0.0
1115,2043,39,0.0,0.0,RI,RHODE ISLAND,0.08169716,0.0
1116,2043,40,0.0,0.0,SC,SOUTH CAROLINA,0.08169716,0.0
1117,2043,41,9680853.021342792,35591.14432500422,SD,SOUTH DAKOTA,0.08169716,790898198.2211256
1118,2043,42,7792.160219564214,258.11063803492766,TN,TENNESSEE,0.08169716,636597.3602033727
1119,2043,43,635723.4441933127,4408.513779258215,TX,TEXAS,0.08169716,51936799.936012134
1120,2043,44,0.0,0.0,UT,UTAH,0.08169716,0.0
1121,2043,45,0.0,0.0,VT,VERMONT,0.08169716,0.0
1122,2043,46,0.0,0.0,VA,VIRGINIA,0.08169716,0.0
1123,2043,47,29955.321385616648,325.3811175287869,WA,WASHINGTON,0.08169716,2447264.6840921454
1124,2043,48,0.0,0.0,WV,WEST VIRGINIA,0.08169716,0.0
1125,2043,49,1524248.3769546738,15441.358593563276,WI,WISCONSIN,0.08169716,124526763.5318063
1126,2043,50,132164.55418245698,1321.5774899605838,WY,WYOMING,0.08169716,10797468.729372859
1127,2044,0,3309.2377996627824,155.1984263568282,AL,ALABAMA,0.08229858,272345.5717945715
1128,2044,2,0.0,0.0,AZ,ARIZONA,0.08229858,0.0
1129,2044,3,3040.1544378277263,48.363198608525565,AR,ARKANSAS,0.08229858,250200.39321392015
1130,2044,4,28544.761578041704,373.487286023998,CA,CALIFORNIA,0.08229858,2349193.344311391
1131,2044,5,623803.934695785,5362.030448131097,CO,COLORADO,0.08229858,51338178.02387584
1132,2044,6,511.9603221163234,13.139995646395764,CT,CONNECTICUT,0.08229858,42133.60752651601
1133,2044,7,8747.39092996193,290.6225170582432,DE,DELAWARE,0.08229858,719897.8522407461
1134,2044,8,0.0,0.0,DC,DISTRICT OF COLUMBIA,0.08229858,0.0
1135,2044,9,8225.067930191242,33.9584881329297,FL,FLORIDA,0.08229858,676911.4110582783
1136,2044,10,81659.05742353263,514.5745073683527,GA,GEORGIA,0.08229858,6720424.470095194
1137,2044,12,32397.905796776096,1308.1771207335985,ID,IDAHO,0.08229858,2666301.6420484413
1138,2044,13,3032130.591066378,30021.552447481023,IL,ILLINOIS,0.08229858,249540042.0193236
1139,2044,14,167400.3948398039,3262.234279401788,IN,INDIANA,0.08229858,13776814.786755187
1140,2044,15,6550739.545315046,33662.90384045938,IA,IOWA,0.08229858,539116562.529274
1141,2044,16,1240868.7791274542,3961.325669184876,KS,KANSAS,0.08229858,102121738.4885231
1142,2044,17,81513.0557482396,1234.874796332187,KY,KENTUCKY,0.08229858,6708408.739540956
1143,2044,18,16.36286886195269,0.6037231879310544,LA,LOUISIANA,0.08229858,1346.6408720649224
1144,2044,19,144.36983706348707,28.37242287970728,ME,MAINE,0.08229858,11881.432585156355
1145,2044,20,811.0030321880467,22.492476303275552,MD,MARYLAND,0.08229858,66744.39792477053
1146,2044,21,1526.9404372042611,22.83216141771056,MA,MASSACHUSETTS,0.08229858,125665.02972648985
1147,2044,22,122802.39977999494,1576.7423679975589,MI,MICHIGAN,0.08229858,10106463.122485897
1148,2044,23,6715206.723066643,28317.70885383764,MN,MINNESOTA,0.08229858,552651977.7148379
1149,2044,24,3122.2828977393547,106.5737047495648,MS,MISSISSIPPI,0.08229858,256959.44884223407
1150,2044,25,230372.66680490403,3948.927954751745,MO,MISSOURI,0.08229858,18959343.34885674
1151,2044,26,0.0,0.0,MT,MONTANA,0.08229858,0.0
1152,2044,27,5556983.228734253,21920.094999731613,NE,NEBRASKA,0.08229858,457331828.8086442
1153,2044,28,0.0,0.0,NV,NEVADA,0.08229858,0.0
1154,2044,29,0.0,0.0,NH,NEW HAMPSHIRE,0.08229858,0.0
1155,2044,30,8504.338221599162,122.759013846707,NJ,NEW JERSEY,0.08229858,699894.9594773363
1156,2044,31,538.6102591845262,18.14424971891568,NM,NEW MEXICO,0.08229858,44326.85950431846
1157,2044,32,58519.68772247126,886.2934525262139,NY,NEW YORK,0.08229858,4816087.201602818
1158,2044,33,2323.2022354910264,131.5608772599831,NC,NORTH CAROLINA,0.08229858,191196.24503373704
1159,2044,34,977391.2530040636,7032.831131768844,ND,NORTH DAKOTA,0.08229858,80437912.22665517
1160,2044,35,38510.30351492467,654.8005251492116,OH,OHIO,0.08229858,3169343.2946473095
1161,2044,36,128704.52546675217,550.0023167375502,OK,OKLAHOMA,0.08229858,10592199.68548754
1162,2044,37,2776.7023017973734,8.041250978695889,OR,OREGON,0.08229858,228518.65652065526
1163,2044,38,49960.19373403228,507.83390917472224,PA,PENNSYLVANIA,0.08229858,4111653.0008357535
1164,2044,39,89.12466004943437,1.399410593895983,RI,RHODE ISLAND,0.08229858,7334.832965051179
1165,2044,40,51424.20605015168,326.1203352478178,SC,SOUTH CAROLINA,0.08229858,4232139.135554892
1166,2044,41,8208472.183766007,34521.169154585055,SD,SOUTH DAKOTA,0.08229858,675545604.6934414
1167,2044,42,45383.23148798282,493.3429161911416,TN,TENNESSEE,0.08229858,3734975.507272273
1168,2044,43,380835.55729671457,2547.242468224856,TX,TEXAS,0.08229858,31342225.579028245
1169,2044,44,233.4834805511429,6.1676271413116845,UT,UTAH,0.08229858,19215.358902816675
1170,2044,45,507.8636102395586,14.29636483524108,VT,VERMONT,0.08229858,41796.45395638913
1171,2044,46,4188.992511798044,107.18003199611938,VA,VIRGINIA,0.08229858,344748.13535161223
1172,2044,47,19206.65722278356,239.87424980968493,WA,WASHINGTON,0.08229858,1580680.6159818307
1173,2044,48,5382.326928248923,70.41625409872063,WV,WEST VIRGINIA,0.08229858,442957.86329064815
1174,2044,49,131989.01962675407,1913.3796816768968,WI,WISCONSIN,0.08229858,10862508.89087399
1175,2044,50,123806.26641415688,1334.335603266527,WY,WYOMING,0.08229858,10189079.920986803
1176,2045,0,874.2123760987166,62.27861572103507,AL,ALABAMA,0.0829,72472.20597858362
1177,2045,2,0.0,0.0,AZ,ARIZONA,0.0829,0.0
1178,2045,3,340571.3672208489,1146.486404223479,AR,ARKANSAS,0.0829,28233366.342608377
1179,2045,4,17949.203497681745,238.00886203446805,CA,CALIFORNIA,0.0829,1487988.9699578166
1180,2045,5,462804.77620831545,4487.571895175168,CO,COLORADO,0.0829,38366515.94766935
1181,2045,6,9024.336721853168,96.4507200728708,CT,CONNECTICUT,0.0829,748117.5142416275
1182,2045,7,2666.2304787790617,93.1994207551662,DE,DELAWARE,0.0829,221030.5066907842
1183,2045,8,0.0,0.0,DC,DISTRICT OF COLUMBIA,0.0829,0.0
1184,2045,9,0.0,0.0,FL,FLORIDA,0.0829,0.0
1185,2045,10,0.0,0.0,GA,GEORGIA,0.0829,0.0
1186,2045,12,27996.507856719167,1191.730981748535,ID,IDAHO,0.0829,2320910.501322019
1187,2045,13,10395547.200656977,40921.74543082839,IL,ILLINOIS,0.0829,861790862.9344634
1188,2045,14,269018.2598276559,3406.86417915995,IN,INDIANA,0.0829,22301613.739712674
1189,2045,15,16826204.38113084,56472.40953007285,IA,IOWA,0.0829,1394892343.1957467
1190,2045,16,1282976.4948681043,5766.730501538515,KS,KANSAS,0.0829,106358751.42456587
1191,2045,17,36485.42179172554,858.8169361950125,KY,KENTUCKY,0.0829,3024641.4665340474
1192,2045,18,622218.4870175116,2500.957718498792,LA,LOUISIANA,0.0829,51581912.57375171
1193,2045,19,592.3646489860676,44.63718935648805,ME,MAINE,0.0829,49107.02940094499
1194,2045,20,5616.515305020099,146.73446677673556,MD,MARYLAND,0.0829,465609.1187861662
1195,2045,21,6049.446411549102,97.5938011569452,MA,MASSACHUSETTS,0.0829,501499.10751742055
1196,2045,22,308855.8155511147,3165.0966271444013,MI,MICHIGAN,0.0829,25604147.109187406
1197,2045,23,2645970.708368532,22236.455614447368,MN,MINNESOTA,0.0829,219350971.72375128
1198,2045,24,194735.9649242519,1741.8358377754753,MS,MISSISSIPPI,0.0829,16143611.492220482
1199,2045,25,3223960.764558208,15575.365994941192,MO,MISSOURI,0.0829,267266347.38187546
1200,2045,26,0.0,0.0,MT,MONTANA,0.0829,0.0
1201,2045,27,1872562.6719137472,16903.192728980586,NE,NEBRASKA,0.0829,155235445.50164965
1202,2045,28,0.0,0.0,NV,NEVADA,0.0829,0.0
1203,2045,29,0.0,0.0,NH,NEW HAMPSHIRE,0.0829,0.0
1204,2045,30,8909.124107186846,194.1100080903828,NJ,NEW JERSEY,0.0829,738566.3884857895
1205,2045,31,318.6779154482111,10.876656087073322,NM,NEW MEXICO,0.0829,26418.3991906567
1206,2045,32,36071.9227872041,822.1103650254713,NY,NEW YORK,0.0829,2990362.39905922
1207,2045,33,2772.7691412284453,79.76506081791456,NC,NORTH CAROLINA,0.0829,229862.56180783812
1208,2045,34,745054.412642834,5049.323324110282,ND,NORTH DAKOTA,0.0829,61765010.80809095
1209,2045,35,204924.55912863184,2224.996537334749,OH,OHIO,0.0829,16988245.951763578
1210,2045,36,237033.7509764949,884.0332996762196,OK,OKLAHOMA,0.0829,19650097.955951426
1211,2045,37,2849.554023842508,8.041979637007476,OR,OREGON,0.0829,236228.0285765439
1212,2045,38,227547.09295291355,3387.840907074292,PA,PENNSYLVANIA,0.0829,18863654.005796533
1213,2045,39,1166.126555885282,12.110377284651962,RI,RHODE ISLAND,0.0829,96671.89148288987
1214,2045,40,0.0,0.0,SC,SOUTH CAROLINA,0.0829,0.0
1215,2045,41,3918850.975574005,27465.354774485662,SD,SOUTH DAKOTA,0.0829,324872745.87508506
1216,2045,42,57885.78512879551,682.0509415048473,TN,TENNESSEE,0.0829,4798731.587177148
1217,2045,43,1946900.810718896,10244.044916954655,TX,TEXAS,0.0829,161398077.2085965
1218,2045,44,0.0,0.0,UT,UTAH,0.0829,0.0
1219,2045,45,92.9599685183009,4.193463870194199,VT,VERMONT,0.0829,7706.381390167145
1220,2045,46,528.2948676508918,11.065717105440324,VA,VIRGINIA,0.0829,43795.64452825893
1221,2045,47,18125.57073643498,266.21536318484624,WA,WASHINGTON,0.0829,1502609.81405046
1222,2045,48,6154.042353679208,89.17156430023061,WV,WEST VIRGINIA,0.0829,510170.11112000636
1223,2045,49,1956825.3418238857,16500.195725574173,WI,WISCONSIN,0.0829,162220820.83720013
1224,2045,50,111524.25007111343,1211.3807107231005,WY,WYOMING,0.0829,9245360.330895305
1225,2046,0,328893.2557355624,2305.910971056431,AL,ALABAMA,0.08281472,27237202.883628994
1226,2046,2,0.0,0.0,AZ,ARIZONA,0.08281472,0.0
1227,2046,3,356524.65180866275,1188.7877970964732,AR,ARKANSAS,0.08281472,29525489.2126319
1228,2046,4,23901.187861343176,303.4336386153242,CA,CALIFORNIA,0.08281472,1979370.1804045336
1229,2046,5,609115.9765000585,5253.293566244931,CO,COLORADO,0.08281472,50443769.04137892
1230,2046,6,0.0,0.0,CT,CONNECTICUT,0.08281472,0.0
1231,2046,7,438.7295122203112,39.11488227462272,DE,DELAWARE,0.08281472,36333.26171026165
1232,2046,8,0.0,0.0,DC,DISTRICT OF COLUMBIA,0.08281472,0.0
1233,2046,9,2154.583478887929,44.14316519938456,FL,FLORIDA,0.08281472,178431.2275207297
1234,2046,10,43945.42967675186,529.5341061775883,GA,GEORGIA,0.08281472,3639328.4539598953
1235,2046,12,22946.890978650543,905.7274406897566,ID,IDAHO,0.08281472,1900340.3512674707
1236,2046,13,8123469.881996145,37764.25835003496,IL,ILLINOIS,0.08281472,672742883.7059437
1237,2046,14,137236.55881960416,1857.515453480544,IN,INDIANA,0.08281472,11365207.192409048
1238,2046,15,23536391.4115239,55808.85396977566,IA,IOWA,0.08281472,1949159664.5557563
1239,2046,16,2587869.6056983187,8117.015150753316,KS,KANSAS,0.08281472,214313696.79241663
1240,2046,17,531347.7995782146,5147.462463864128,KY,KENTUCKY,0.08281472,44003419.24468596
1241,2046,18,951566.3604549272,3868.9131286330535,LA,LOUISIANA,0.08281472,78803701.70249386
1242,2046,19,0.0,0.0,ME,MAINE,0.08281472,0.0
1243,2046,20,1145.7417278944504,57.56326822693764,MD,MARYLAND,0.08281472,94884.28038789508
1244,2046,21,0.0,0.0,MA,MASSACHUSETTS,0.08281472,0.0
1245,2046,22,225294.77507105985,2087.318625874515,MI,MICHIGAN,0.08281472,18657723.7149728
1246,2046,23,8358539.244921792,34327.51849091883,MN,MINNESOTA,0.08281472,692210087.1772096
1247,2046,24,1273268.657892246,5459.83682633082,MS,MISSISSIPPI,0.08281472,105445387.38812214
1248,2046,25,5412390.002273919,17179.4302904146,MO,MISSOURI,0.08281472,448225562.56911397
1249,2046,26,0.0,0.0,MT,MONTANA,0.08281472,0.0
1250,2046,27,8302782.078851064,23723.806720266664,NE,NEBRASKA,0.08281472,687592573.0810688
1251,2046,28,0.0,0.0,NV,NEVADA,0.08281472,0.0
1252,2046,29,0.0,0.0,NH,NEW HAMPSHIRE,0.08281472,0.0
1253,2046,30,0.0,0.0,NJ,NEW JERSEY,0.08281472,0.0
1254,2046,31,524.7027495779696,17.908399291098,NM,NEW MEXICO,0.08281472,43453.11128952966
1255,2046,32,18015.56604817828,375.49801350906046,NY,NEW YORK,0.08281472,1491954.0579213905
1256,2046,33,30688.63978562608,829.3624982417584,NC,NORTH CAROLINA,0.08281472,2541471.111027484
1257,2046,34,2956876.411030594,10326.89211293008,ND,NORTH DAKOTA,0.08281472,244872892.05410352
1258,2046,35,25521.167742892685,556.8135166650366,OH,OHIO,0.08281472,2113528.3607006897
1259,2046,36,206368.20322470303,890.483677069156,OK,OKLAHOMA,0.08281472,17090324.96695688
1260,2046,37,2818.5021096703867,8.041250758709351,OR,OREGON,0.08281472,233413.46303176234
1261,2046,38,85972.14516619951,1883.3271541465697,PA,PENNSYLVANIA,0.08281472,7119759.129738165
1262,2046,39,0.0,0.0,RI,RHODE ISLAND,0.08281472,0.0
1263,2046,40,922.8623029195066,40.89811764933015,SC,SOUTH CAROLINA,0.08281472,76426.58321483413
1264,2046,41,12277660.290773762,34319.51602907971,SD,SOUTH DAKOTA,0.08281472,1016770999.2355475
1265,2046,42,698737.1560356268,3522.994846304998,TN,TENNESSEE,0.08281472,57865721.930686735
1266,2046,43,2675123.633516284,14201.127190339908,TX,TEXAS,0.08281472,221539614.67503366
1267,2046,44,0.0,0.0,UT,UTAH,0.08281472,0.0
1268,2046,45,0.0,0.0,VT,VERMONT,0.08281472,0.0
1269,2046,46,1936.1826244095585,41.88945248744745,VA,VIRGINIA,0.08281472,160344.42190934275
1270,2046,47,17969.540439868953,260.08710155743546,WA,WASHINGTON,0.08281472,1488142.4600564241
1271,2046,48,11744.151736715565,537.3382253882921,WV,WEST VIRGINIA,0.08281472,972588.6377136131
1272,2046,49,3179444.075252869,18004.368696212903,WI,WISCONSIN,0.08281472,263304770.84772527
1273,2046,50,148357.80734183206,1485.8855603686811,WY,WYOMING,0.08281472,12286210.274827763
1274,2047,0,318956.3342384192,1994.8830121252568,AL,ALABAMA,0.08272944,26387078.915997244
1275,2047,2,0.0,0.0,AZ,ARIZONA,0.08272944,0.0
1276,2047,3,40486.86904259023,475.4504258064204,AR,ARKANSAS,0.08272944,3349456.003246826
1277,2047,4,34781.6052180586,449.8465910909924,CA,CALIFORNIA,0.08272944,2877462.721991066
1278,2047,5,333490.76671499654,3799.1857598063166,CO,COLORADO,0.08272944,27589504.375502303
1279,2047,6,1851.9692393581845,49.21708518295387,CT,CONNECTICUT,0.08272944,153212.37806932855
1280,2047,7,18438.501801844293,243.81232572952567,DE,DELAWARE,0.08272944,1525406.9285055695
1281,2047,8,0.0,0.0,DC,DISTRICT OF COLUMBIA,0.08272944,0.0
1282,2047,9,8131.837313813268,61.71694901226576,FL,FLORIDA,0.08272944,672742.347142876
1283,2047,10,205758.07335216991,1481.8465168779276,GA,GEORGIA,0.08272944,17022250.18390394
1284,2047,12,39496.29590282262,1579.8753226560436,ID,IDAHO,0.08272944,3267506.44211481
1285,2047,13,6431747.043896778,37549.01044400276,IL,ILLINOIS,0.08272944,532094831.1632358
1286,2047,14,115264.86553613482,1695.271500150755,IN,INDIANA,0.08272944,9535797.777479734
1287,2047,15,12919187.73214155,47269.00255640088,IA,IOWA,0.08272944,1068797166.3349404
1288,2047,16,1212773.5816808722,5485.521445593793,KS,KANSAS,0.08272944,100332079.25925282
1289,2047,17,391759.16042997217,3842.3709658911466,KY,KENTUCKY,0.08272944,32410015.95724176
1290,2047,18,84791.13501984175,1726.2094077830563,LA,LOUISIANA,0.08272944,7014723.1171558965
1291,2047,19,0.0,0.0,ME,MAINE,0.08272944,0.0
1292,2047,20,20287.230049420687,458.0752101913714,MD,MARYLAND,0.08272944,1678351.181139746
1293,2047,21,1566.7706150032022,39.03273817372596,MA,MASSACHUSETTS,0.08272944,129618.05558767053
1294,2047,22,230386.00280020345,2387.903767301712,MI,MICHIGAN,0.08272944,19059704.995499264
1295,2047,23,8202949.025248032,32476.094251408427,MN,MINNESOTA,0.08272944,678625379.2073156
1296,2047,24,492710.7536669238,3805.903145217795,MS,MISSISSIPPI,0.08272944,40761684.73284255
1297,2047,25,2786034.928492532,15218.390789007084,MO,MISSOURI,0.08272944,230487109.45462725
1298,2047,26,0.0,0.0,MT,MONTANA,0.08272944,0.0
1299,2047,27,3288798.189587379,20178.759565002823,NE,NEBRASKA,0.08272944,272080432.4975777
1300,2047,28,0.0,0.0,NV,NEVADA,0.08272944,0.0
1301,2047,29,0.0,0.0,NH,NEW HAMPSHIRE,0.08272944,0.0
1302,2047,30,1758.2953927941098,43.2413118459182,NJ,NEW JERSEY,0.08272944,145462.79320043675
1303,2047,31,0.0,0.0,NM,NEW MEXICO,0.08272944,0.0
1304,2047,32,29223.41334883398,539.515505501264,NY,NEW YORK,0.08272944,2417636.6212375597
1305,2047,33,72867.09066397096,1237.5379845799412,NC,NORTH CAROLINA,0.08272944,6028253.605059546
1306,2047,34,724703.0568510534,5751.346697230634,ND,NORTH DAKOTA,0.08272944,59954278.05957581
1307,2047,35,161646.37618177736,2003.956896747867,OH,OHIO,0.08272944,13372914.17954778
1308,2047,36,98155.5410351498,305.38320266664755,OK,OKLAHOMA,0.08272944,8120352.942734963
1309,2047,37,2779.8573984130785,8.041979149687268,OR,OREGON,0.08272944,229976.04585057087
1310,2047,38,58169.9694727156,1089.5275026711165,PA,PENNSYLVANIA,0.08272944,4812368.9992948575
1311,2047,39,547.3188268266729,11.415427224000243,RI,RHODE ISLAND,0.08272944,45279.38004482762
1312,2047,40,89211.44687793175,981.9457858477052,SC,SOUTH CAROLINA,0.08272944,7380413.041801043
1313,2047,41,4384306.443166301,25779.884902173548,SD,SOUTH DAKOTA,0.08272944,362711216.83153987
1314,2047,42,587513.9947204427,3272.765951676974,TN,TENNESSEE,0.08272944,48604703.77538518
1315,2047,43,226797.4040698392,1255.7693162018622,TX,TEXAS,0.08272944,18762822.232151516
1316,2047,44,265.8433356758692,7.02243502872648,UT,UTAH,0.08272944,21993.07028819668
1317,2047,45,350.5083531570589,11.442494958197834,VT,VERMONT,0.08272944,28997.359772005715
1318,2047,46,1133.3570284287543,22.13123667399796,VA,VIRGINIA,0.08272944,93761.99228197492
1319,2047,47,31194.276897572418,342.5001894017872,WA,WASHINGTON,0.08272944,2580685.0589411035
1320,2047,48,1712.6657862567297,62.57017013039261,WV,WEST VIRGINIA,0.08272944,141687.88140417894
1321,2047,49,3396565.123902849,19323.493793287893,WI,WISCONSIN,0.08272944,280995930.6240133
1322,2047,50,123664.86677645044,1560.281753995743,WY,WYOMING,0.08272944,10230725.17609035
1323,2048,0,169015.31091060006,1708.748292053684,AL,ALABAMA,0.08264416,13968128.397345377
1324,2048,2,0.0,0.0,AZ,ARIZONA,0.08264416,0.0
1325,2048,3,311763.6613630621,1141.8683364627886,AR,ARKANSAS,0.08264416,25765445.91187472
1326,2048,4,30300.84564930395,388.0922451782692,CA,CALIFORNIA,0.08264416,2504187.935976379
1327,2048,5,470624.8517589695,5387.277421459555,CO,COLORADO,0.08264416,38894395.54874455
1328,2048,6,3249.98494482693,63.40892757817272,CT,CONNECTICUT,0.08264416,268592.275777868
1329,2048,7,0.0,0.0,DE,DELAWARE,0.08264416,0.0
1330,2048,8,0.0,0.0,DC,DISTRICT OF COLUMBIA,0.08264416,0.0
1331,2048,9,6106.108441380144,46.234815495666126,FL,FLORIDA,0.08264416,504634.20300677116
1332,2048,10,156435.46222533606,1005.2720851250735,GA,GEORGIA,0.08264416,12928477.369824627
1333,2048,12,32922.18998291226,1413.4174365018855,ID,IDAHO,0.08264416,2720826.7364981985
1334,2048,13,3488255.2143580727,25994.409885078247,IL,ILLINOIS,0.08264416,288283922.0562428
1335,2048,14,122799.31095377509,1819.000862118186,IN,INDIANA,0.08264416,10148645.90235354
1336,2048,15,3691279.952854546,23693.320326819645,IA,IOWA,0.08264416,305062731.0285035
1337,2048,16,1332223.2999263029,4975.952089719624,KS,KANSAS,0.08264416,110100475.55483736
1338,2048,17,315406.707701816,3174.124249760757,KY,KENTUCKY,0.08264416,26066522.416382108
1339,2048,18,846956.0528726235,3223.474647316352,LA,LOUISIANA,0.08264416,69995971.54657355
1340,2048,19,0.0,0.0,ME,MAINE,0.08264416,0.0
1341,2048,20,139.2942812374605,2.7856079159821374,MD,MARYLAND,0.08264416,11511.858865673683
1342,2048,21,947.5732498360514,30.63562115707116,MA,MASSACHUSETTS,0.08264416,78311.39527117061
1343,2048,22,12621.014707773793,58.7386989307735,MI,MICHIGAN,0.08264416,1043053.1588716105
1344,2048,23,743680.7453149813,6798.589912728063,MN,MINNESOTA,0.08264416,61460870.50473057
1345,2048,24,522216.3258675593,3405.534974489828,MS,MISSISSIPPI,0.08264416,43158129.58961071
1346,2048,25,890910.2887040055,6816.079708495339,MO,MISSOURI,0.08264416,73628532.44530001
1347,2048,26,0.0,0.0,MT,MONTANA,0.08264416,0.0
1348,2048,27,5018968.058168389,24664.271925622445,NE,NEBRASKA,0.08264416,414788399.2341576
1349,2048,28,0.0,0.0,NV,NEVADA,0.08264416,0.0
1350,2048,29,0.0,0.0,NH,NEW HAMPSHIRE,0.08264416,0.0
1351,2048,30,0.0,0.0,NJ,NEW JERSEY,0.08264416,0.0
1352,2048,31,0.0,0.0,NM,NEW MEXICO,0.08264416,0.0
1353,2048,32,12010.834594853604,133.8643362693919,NY,NEW YORK,0.08264416,992625.3359906164
1354,2048,33,62838.13082194446,1200.9648559780674,NC,NORTH CAROLINA,0.08264416,5193204.53774971
1355,2048,34,1484526.0837047517,7421.164565676785,ND,NORTH DAKOTA,0.08264416,122687411.18586889
1356,2048,35,36865.5281169922,640.411624242478,OH,OHIO,0.08264416,3046720.604185202
1357,2048,36,205578.7878702581,820.9722662096567,OK,OKLAHOMA,0.08264416,16989886.237355668
1358,2048,37,2661.331844655724,8.042708367123506,OR,OREGON,0.08264416,219943.5347828228
1359,2048,38,4113.100431196439,88.3084036216926,PA,PENNSYLVANIA,0.08264416,339923.73013186746
1360,2048,39,318.4457163710285,5.312727056650689,RI,RHODE ISLAND,0.08264416,26317.678735081896
1361,2048,40,85498.58929450778,922.991990993328,SC,SOUTH CAROLINA,0.08264416,7065959.093429588
1362,2048,41,5009650.520095635,23404.84467901189,SD,SOUTH DAKOTA,0.08264416,414018359.1268669
1363,2048,42,429397.2667925666,2911.296900901577,TN,TENNESSEE,0.08264416,35487176.42036756
1364,2048,43,2401020.049835657,12252.948464280274,TX,TEXAS,0.08264416,198430285.16182595
1365,2048,44,0.0,0.0,UT,UTAH,0.08264416,0.0
1366,2048,45,780.70592149628,34.12777059667067,VT,VERMONT,0.08264416,64520.785089086
1367,2048,46,992.902011337717,45.106093457628624,VA,VIRGINIA,0.08264416,82057.55268931609
1368,2048,47,31666.85663805649,341.58891172915014,WA,WASHINGTON,0.08264416,2617080.7666926025
1369,2048,48,566.7839653214052,18.123779085934512,WV,WEST VIRGINIA,0.08264416,46841.38471545666
1370,2048,49,90540.97335009657,1227.0410307008729,WI,WISCONSIN,0.08264416,7482682.688101117
1371,2048,50,54487.953665046174,1305.0531722747123,WY,WYOMING,0.08264416,4503111.160766662
1372,2049,0,14655.762231844508,156.22893697544208,AL,ALABAMA,0.08255888,1209963.315407383
1373,2049,2,0.0,0.0,AZ,ARIZONA,0.08255888,0.0
1374,2049,3,197534.80854970383,663.2993700128352,AR,ARKANSAS,0.08255888,16308252.554877974
1375,2049,4,23669.032505058167,308.3833569923394,CA,CALIFORNIA,0.08255888,1954088.8143011965
1376,2049,5,399811.7454698951,4094.388322670257,CO,COLORADO,0.08255888,33008009.91683961
1377,2049,6,0.0,0.0,CT,CONNECTICUT,0.08255888,0.0
1378,2049,7,3750.95964588278,151.41820391999147,DE,DELAWARE,0.08255888,309675.0272892789
1379,2049,8,0.0,0.0,DC,DISTRICT OF COLUMBIA,0.08255888,0.0
1380,2049,9,0.0,0.0,FL,FLORIDA,0.08255888,0.0
1381,2049,10,225.2326105774532,23.42915281212889,GA,GEORGIA,0.08255888,18594.95206875069
1382,2049,12,26929.97357178169,1062.942080637671,ID,IDAHO,0.08255888,2223308.456515896
1383,2049,13,722835.6148110547,9436.91758064953,IL,ILLINOIS,0.08255888,59676498.78291209
1384,2049,14,82746.74941778075,1353.8228044223188,IN,INDIANA,0.08255888,6831478.955572631
1385,2049,15,2937046.092498102,20068.51270957804,IA,IOWA,0.08255888,242479235.90501973
1386,2049,16,1842521.90480708,6903.030038632525,KS,KANSAS,0.08255888,152116544.83633915
1387,2049,17,13863.41811752144,197.212768889786,KY,KENTUCKY,0.08255888,1144548.2727542785
1388,2049,18,872313.8621989575,3352.000524637648,LA,LOUISIANA,0.08255888,72017255.47162026
1389,2049,19,121.760343138501,1.0299829827666422,ME,MAINE,0.08255888,10052.397557930328
1390,2049,20,640.7319070876993,41.00634015442,MD,MARYLAND,0.08255888,52898.10862942452
1391,2049,21,141.31444006902274,1.2933694035952314,MA,MASSACHUSETTS,0.08255888,11666.76189992564
1392,2049,22,21842.73400364568,191.4313491105409,MI,MICHIGAN,0.08255888,1803311.6554789033
1393,2049,23,771031.9170121572,7563.470540159145,MN,MINNESOTA,0.08255888,63655531.51277664
1394,2049,24,524348.2170150325,2128.3730098758447,MS,MISSISSIPPI,0.08255888,43289601.52675803
1395,2049,25,1007101.1218738494,7062.786596589589,MO,MISSOURI,0.08255888,83145140.66864851
1396,2049,26,0.0,0.0,MT,MONTANA,0.08255888,0.0
1397,2049,27,3374179.1285021007,20576.20502639793,NE,NEBRASKA,0.08255888,278568449.7685095
1398,2049,28,0.0,0.0,NV,NEVADA,0.08255888,0.0
1399,2049,29,0.0,0.0,NH,NEW HAMPSHIRE,0.08255888,0.0
1400,2049,30,53.85583585698237,3.393214693782757,NJ,NEW JERSEY,0.08255888,4446.277489816304
1401,2049,31,326.88830734321624,11.156881369884228,NM,NEW MEXICO,0.08255888,26987.532539351712
1402,2049,32,549.1838148774068,11.229299210735814,NY,NEW YORK,0.08255888,45340.00067040604
1403,2049,33,1336.534540994522,81.76308869062782,NC,NORTH CAROLINA,0.08255888,110342.79478582184
1404,2049,34,99211.9220816454,629.8971603969773,ND,NORTH DAKOTA,0.08255888,8190825.169707913
1405,2049,35,24202.99444585211,560.3587988536278,OH,OHIO,0.08255888,1998172.1140957708
1406,2049,36,168376.4357638809,568.2786943566695,OK,OKLAHOMA,0.08255888,13900969.955057953
1407,2049,37,2828.145123347526,8.042708134395381,OR,OREGON,0.08255888,233488.4938610336
1408,2049,38,3728.437959299941,201.2165944653332,PA,PENNSYLVANIA,0.08255888,307815.6620692887
1409,2049,39,0.0,0.0,RI,RHODE ISLAND,0.08255888,0.0
1410,2049,40,0.0,0.0,SC,SOUTH CAROLINA,0.08255888,0.0
1411,2049,41,1364043.148436438,12644.689713603142,SD,SOUTH DAKOTA,0.08255888,112613874.60658608
1412,2049,42,124844.09325196466,787.3823278859954,TN,TENNESSEE,0.08255888,10306988.51349776
1413,2049,43,2322413.2740324344,12055.00266777062,TX,TEXAS,0.08255888,191735838.80125087
1414,2049,44,0.0,0.0,UT,UTAH,0.08255888,0.0
1415,2049,45,311.7314754144431,7.286496025837423,VT,VERMONT,0.08255888,25736.201470963955
1416,2049,46,0.0,0.0,VA,VIRGINIA,0.08255888,0.0
1417,2049,47,43013.36328243397,408.7622844791416,WA,WASHINGTON,0.08255888,3551135.0976308724
1418,2049,48,78.57976483876789,48.62972244955744,WV,WEST VIRGINIA,0.08255888,6487.4573757520575
1419,2049,49,120712.52719448456,1403.8989376437075,WI,WISCONSIN,0.08255888,9965891.047146188
1420,2049,50,139377.29103064715,1551.090634902897,WY,WYOMING,0.08255888,11506833.044924276
1421,2050,0,1318.8673872456889,61.94742041389797,AL,ALABAMA,0.0824736,108771.74134874603
1422,2050,2,0.0,0.0,AZ,ARIZONA,0.0824736,0.0
1423,2050,3,239614.6734063085,1009.8172009482346,AR,ARKANSAS,0.0824736,19761884.728642523
1424,2050,4,16011.937601373424,211.6443239194234,CA,CALIFORNIA,0.0824736,1320562.136960631
1425,2050,5,374415.0117031463,3960.1318778363657,CO,COLORADO,0.0824736,30879353.9092006
1426,2050,6,5996.517825408328,95.11441143603868,CT,CONNECTICUT,0.0824736,494554.4125255962
1427,2050,7,17519.669269369133,252.0069081558622,DE,DELAWARE,0.0824736,1444910.195454242
1428,2050,8,0.0,0.0,DC,DISTRICT OF COLUMBIA,0.0824736,0.0
1429,2050,9,793.9679304505053,13.31176593930184,FL,FLORIDA,0.0824736,65481.39350880279
1430,2050,10,49785.14158039237,488.9143541028391,GA,GEORGIA,0.0824736,4105959.852644648
1431,2050,12,30781.920845208893,1214.9807314892855,ID,IDAHO,0.0824736,2538695.82701942
1432,2050,13,594483.3698728993,5841.107843916359,IL,ILLINOIS,0.0824736,49029183.653549545
1433,2050,14,244267.68237448472,5777.526248164984,IN,INDIANA,0.0824736,20145635.129080303
1434,2050,15,1641.924134642721,107.14906875184003,IA,IOWA,0.0824736,135415.3943108699
1435,2050,16,479159.84366493777,2263.504961149956,KS,KANSAS,0.0824736,39518037.28248461
1436,2050,17,113362.13095808472,2025.6937839468585,KY,KENTUCKY,0.0824736,9349383.043784695
1437,2050,18,425718.0854054591,2383.985869317919,LA,LOUISIANA,0.0824736,35110503.08849567
1438,2050,19,157.67174968796218,7.114421470964063,ME,MAINE,0.0824736,13003.756815065117
1439,2050,20,113489.81296259737,983.0486553500511,MD,MARYLAND,0.0824736,9359913.438352069
1440,2050,21,2946.2573525843472,67.09861824426649,MA,MASSACHUSETTS,0.0824736,242988.4503941004
1441,2050,22,48547.3540342068,888.7921665011603,MI,MICHIGAN,0.0824736,4003875.0576755577
1442,2050,23,369227.9717434156,2790.870896048209,MN,MINNESOTA,0.0824736,30451560.050377756
1443,2050,24,218594.19692515035,1710.092021055376,MS,MISSISSIPPI,0.0824736,18028250.35952608
1444,2050,25,743810.2410871276,5423.572438770444,MO,MISSOURI,0.0824736,61344708.29932332
1445,2050,26,0.0,0.0,MT,MONTANA,0.0824736,0.0
1446,2050,27,1578804.455809874,9211.622725098712,NE,NEBRASKA,0.0824736,130209687.16668122
1447,2050,28,0.0,0.0,NV,NEVADA,0.0824736,0.0
1448,2050,29,0.0,0.0,NH,NEW HAMPSHIRE,0.0824736,0.0
1449,2050,30,25485.59089975438,324.56239722506143,NJ,NEW JERSEY,0.0824736,2101888.429629983
1450,2050,31,177.23111425198462,10.876657075417544,NM,NEW MEXICO,0.0824736,14616.888024372478
1451,2050,32,8083.9412668941295,187.13690983773603,NY,NEW YORK,0.0824736,666711.7384693197
1452,2050,33,147387.4773329943,1929.0362445048447,NC,NORTH CAROLINA,0.0824736,12155575.850570438
1453,2050,34,347300.96873579174,2953.509501088899,ND,NORTH DAKOTA,0.0824736,28643161.17512819
1454,2050,35,41274.48573709607,1878.0875194748824,OH,OHIO,0.0824736,3404055.4268869655
1455,2050,36,169650.94265825674,824.0374306434283,OK,OKLAHOMA,0.0824736,13991723.984420002
1456,2050,37,1819.490719028154,8.041251155389936,OR,OREGON,0.0824736,150059.94976484033
1457,2050,38,75627.75428255615,1409.347372672652,PA,PENNSYLVANIA,0.0824736,6237293.155597824
1458,2050,39,306.8619364715581,4.680026203004728,RI,RHODE ISLAND,0.0824736,25308.008603780694
1459,2050,40,41423.21147663876,361.738163584658,SC,SOUTH CAROLINA,0.0824736,3416321.3740397138
1460,2050,41,1733881.6761701785,11853.619343257418,SD,SOUTH DAKOTA,0.0824736,142999463.80778882
1461,2050,42,109943.46900385716,889.6130121050211,TN,TENNESSEE,0.0824736,9067433.685236512
1462,2050,43,524797.754443541,4052.748915902271,TX,TEXAS,0.0824736,43281960.08087482
1463,2050,44,332.3706480205901,8.779799859365724,UT,UTAH,0.0824736,27411.80387659094
1464,2050,45,668.3915020460208,48.91936212180728,VT,VERMONT,0.0824736,55124.6533831427
1465,2050,46,29202.580995744487,332.8940147637337,VA,VIRGINIA,0.0824736,2408441.984010632
1466,2050,47,15116.30235985425,207.39562889918665,WA,WASHINGTON,0.0824736,1246695.8743056753
1467,2050,48,19913.81858984792,365.6900850052307,WV,WEST VIRGINIA,0.0824736,1642364.3088516814
1468,2050,49,60458.4447682749,1048.8155341512086,WI,WISCONSIN,0.0824736,4986225.590440797
1469,2050,50,87964.36254676596,1127.5129999686808,WY,WYOMING,0.0824736,7254737.650936956
1470,2051,0,443805.4039246177,2481.8803505717387,AL,ALABAMA,0.08467756,37580358.71915105
1471,2051,2,0.0,0.0,AZ,ARIZONA,0.08467756,0.0
1472,2051,3,293202.8923821351,1085.0962604798417,AR,ARKANSAS,0.08467756,24827705.511861786
1473,2051,4,16420.982014447723,207.70832950102152,CA,CALIFORNIA,0.08467756,1390488.6897873178
1474,2051,5,538403.5295853554,4842.766397992819,CO,COLORADO,0.08467756,45590697.18067571
1475,2051,6,2.9384258367655187,0.15901901974942,CT,CONNECTICUT,0.08467756,248.81873009826242
1476,2051,7,2276.138842173238,69.06358720000486,DE,DELAWARE,0.08467756,192737.8833764549
1477,2051,8,0.0,0.0,DC,DISTRICT OF COLUMBIA,0.08467756,0.0
1478,2051,9,17686.797619618595,72.62516276069539,FL,FLORIDA,0.08467756,1497674.8666431108
1479,2051,10,256672.14752061208,1362.3864966867077,GA,GEORGIA,0.08467756,21734371.172005482
1480,2051,12,31399.284893528995,1251.3172399042185,ID,IDAHO,0.08467756,2658814.830528895
1481,2051,13,6602252.503780735,32615.531846002497,IL,ILLINOIS,0.08467756,559062632.5240434
1482,2051,14,1297004.5892655367,11774.43642579186,IN,INDIANA,0.08467756,109827183.92780785
1483,2051,15,7074320.83282372,34930.397280092046,IA,IOWA,0.08467756,599036226.7806805
1484,2051,16,2178603.1277927696,7508.386961794225,KS,KANSAS,0.08467756,184478797.0698599
1485,2051,17,306450.0211245573,3446.248992759752,KY,KENTUCKY,0.08467756,25949440.050775968
1486,2051,18,1087259.6294679649,3710.288983537161,LA,LOUISIANA,0.08467756,92066492.50985137
1487,2051,19,56.97663697662833,1.03002706030098,ME,MAINE,0.08467756,4824.6425961866635
1488,2051,20,676.3787257117214,7.558169183341977,MD,MARYLAND,0.08467756,57274.10012917782
1489,2051,21,1864.2930808343635,18.946697985490665,MA,MASSACHUSETTS,0.08467756,157863.78920993666
1490,2051,22,214398.45540101072,2479.585486192909,MI,MICHIGAN,0.08467756,18154738.07112641
1491,2051,23,439174.3933486641,3837.4859991887233,MN,MINNESOTA,0.08467756,37188216.04324511
1492,2051,24,1484161.9130518,5149.546312635005,MS,MISSISSIPPI,0.08467756,125675209.44215858
1493,2051,25,3631035.670450445,16804.62837968448,MO,MISSOURI,0.08467756,307467240.84670776
1494,2051,26,0.0,0.0,MT,MONTANA,0.08467756,0.0
1495,2051,27,4813267.428901231,22824.321421471184,NE,NEBRASKA,0.08467756,407575741.5068297
1496,2051,28,0.0,0.0,NV,NEVADA,0.08467756,0.0
1497,2051,29,0.0,0.0,NH,NEW HAMPSHIRE,0.08467756,0.0
1498,2051,30,973.6266783536609,20.5657676195766,NJ,NEW JERSEY,0.08467756,82444.33147389282
1499,2051,31,663.1201991174588,26.498484747417947,NM,NEW MEXICO,0.08467756,56151.40044798056
1500,2051,32,1984.7937041995704,75.9100423600988,NY,NEW YORK,0.08467756,168067.48797498137
1501,2051,33,405439.2966338737,3942.409083438738,NC,NORTH CAROLINA,0.08467756,34331610.367072634
1502,2051,34,85642.78129568184,287.1332035798091,ND,NORTH DAKOTA,0.08467756,7252021.751731976
1503,2051,35,514821.9192010296,5934.882965687643,OH,OHIO,0.08467756,43593863.95246033
1504,2051,36,221452.5606137949,889.7698005336415,OK,OKLAHOMA,0.08467756,18752062.488528255
1505,2051,37,1143.8564449807984,8.041980000539294,OR,OREGON,0.08467756,96858.97275124826
1506,2051,38,8972.96908751945,249.4976292922997,PA,PENNSYLVANIA,0.08467756,759809.1282865735
1507,2051,39,0.0,0.0,RI,RHODE ISLAND,0.08467756,0.0
1508,2051,40,104048.07825335929,1214.4350353865016,SC,SOUTH CAROLINA,0.08467756,8810537.389183527
1509,2051,41,2643169.161297444,13628.908190992752,SD,SOUTH DAKOTA,0.08467756,223817115.24591398
1510,2051,42,423131.6556615284,2449.125770108256,TN,TENNESSEE,0.08467756,35829756.16017841
1511,2051,43,2773554.92456246,13500.241932502582,TX,TEXAS,0.08467756,234857863.53793317
1512,2051,44,0.0,0.0,UT,UTAH,0.08467756,0.0
1513,2051,45,0.0,0.0,VT,VERMONT,0.08467756,0.0
1514,2051,46,4977.909661295456,80.08861208804746,VA,VIRGINIA,0.08467756,421517.24401892564
1515,2051,47,14711.978525449837,198.5620798571768,WA,WASHINGTON,0.08467756,1245774.44430749
1516,2051,48,3977.6904593068666,87.31080751459325,WV,WEST VIRGINIA,0.08467756,336821.12252938474
1517,2051,49,563614.4604972086,7503.199187077938,WI,WISCONSIN,0.08467756,47725497.29562001
1518,2051,50,155048.4889112828,1599.5366756601186,WY,WYOMING,0.08467756,13129127.722694485
1519,2052,0,314397.89035308606,2017.070965886806,AL,ALABAMA,0.08688152,27315366.598669454
1520,2052,2,0.0,0.0,AZ,ARIZONA,0.08688152,0.0
1521,2052,3,381446.23820761417,1138.5246455792667,AR,ARKANSAS,0.08688152,33140628.9737596
1522,2052,4,26555.60446292586,350.4274199215496,CA,CALIFORNIA,0.08688152,2307191.280257783
1523,2052,5,629578.8139560657,5264.422428435889,CO,COLORADO,0.08688152,54698764.3163002
1524,2052,6,3193.518870117224,58.1014116823362,CT,CONNECTICUT,0.08688152,277457.773584467
1525,2052,7,6696.832948472951,199.33815739114613,DE,DELAWARE,0.08688152,581831.0257494118
1526,2052,8,0.0,0.0,DC,DISTRICT OF COLUMBIA,0.08688152,0.0
1527,2052,9,0.0,0.0,FL,FLORIDA,0.08688152,0.0
1528,2052,10,18381.834145355733,291.98161387913217,GA,GEORGIA,0.08688152,1597041.6909364073
1529,2052,12,38194.2866498092,1600.23076012055,ID,IDAHO,0.08688152,3318377.679451131
1530,2052,13,17526124.977360897,47366.95691471661,IL,ILLINOIS,0.08688152,1522696377.7430804
1531,2052,14,2260589.9733242104,15996.57927595248,IN,INDIANA,0.08688152,196403492.97916684
1532,2052,15,24101093.968586,57059.89640662304,IA,IOWA,0.08688152,2093939677.6535842
1533,2052,16,2517046.866808331,7098.239877747665,KS,KANSAS,0.08688152,218684857.69954535
1534,2052,17,640327.7350600006,4101.71775205651,KY,KENTUCKY,0.08688152,55632646.92017014
1535,2052,18,545848.8899089984,2655.786845279946,LA,LOUISIANA,0.08688152,47424181.245606445
1536,2052,19,54.40900095486833,1.0300270496359931,ME,MAINE,0.08688152,4727.136704640412
1537,2052,20,47597.09467176744,756.7576480506391,MD,MARYLAND,0.08688152,4135307.932667056
1538,2052,21,3256.169550560713,55.54737000535461,MA,MASSACHUSETTS,0.08688152,282900.9599304316
1539,2052,22,901547.8235311168,4842.230883144507,MI,MICHIGAN,0.08688152,78327845.2610752
1540,2052,23,6490074.830535712,34008.79328496193,MN,MINNESOTA,0.08688152,563867566.190685
1541,2052,24,770866.9739949305,4249.943638925637,MS,MISSISSIPPI,0.08688152,66974094.41848004
1542,2052,25,7603425.415380625,18139.71499062698,MO,MISSOURI,0.08688152,660597157.2949001
1543,2052,26,0.0,0.0,MT,MONTANA,0.08688152,0.0
1544,2052,27,8143992.782880811,25583.598712669096,NE,NEBRASKA,0.08688152,707562471.8457148
1545,2052,28,0.0,0.0,NV,NEVADA,0.08688152,0.0
1546,2052,29,0.0,0.0,NH,NEW HAMPSHIRE,0.08688152,0.0
1547,2052,30,5137.9794123845895,182.56146949942084,NJ,NEW JERSEY,0.08688152,446395.46107667993
1548,2052,31,65.14326776521719,12.476738300661564,NM,NEW MEXICO,0.08688152,5659.746121209073
1549,2052,32,74284.76502452584,1173.1387790855235,NY,NEW YORK,0.08688152,6453973.298173642
1550,2052,33,88831.1218535103,1282.24352322125,NC,NORTH CAROLINA,0.08688152,7717782.8899381915
1551,2052,34,1330281.6925186594,7762.378402588158,ND,NORTH DAKOTA,0.08688152,115576895.47419375
1552,2052,35,393921.68837767816,3752.154260234507,OH,OHIO,0.08688152,34224515.047219016
1553,2052,36,228467.09635109967,846.1924747780058,OK,OKLAHOMA,0.08688152,19849568.600969993
1554,2052,37,2124.302059612652,8.04197895733892,OR,OREGON,0.08688152,184562.59187827786
1555,2052,38,66390.40837120247,1911.114355438216,PA,PENNSYLVANIA,0.08688152,5768099.592710796
1556,2052,39,256.70884192494793,3.7723313783749566,RI,RHODE ISLAND,0.08688152,22303.2543838792
1557,2052,40,58529.84073332397,1032.079212773047,SC,SOUTH CAROLINA,0.08688152,5085161.528269101
1558,2052,41,9855006.419888306,31426.048047861867,SD,SOUTH DAKOTA,0.08688152,856217937.3696543
1559,2052,42,565055.6967809777,2746.4145756477787,TN,TENNESSEE,0.08688152,49092897.82099044
1560,2052,43,1567494.2044114163,9715.793437596476,TX,TEXAS,0.08688152,136186279.07045457
1561,2052,44,371.41322469315406,9.811136444652332,UT,UTAH,0.08688152,32268.945509442758
1562,2052,45,4211.408751341707,85.28713067007719,VT,VERMONT,0.08688152,365893.59365786955
1563,2052,46,18948.261680930013,328.2613071208993,VA,VIRGINIA,0.08688152,1646253.7761969545
1564,2052,47,13387.691631394851,162.45183548488995,WA,WASHINGTON,0.08688152,1163142.9982268645
1565,2052,48,3819.001603926949,122.358532948371,WV,WEST VIRGINIA,0.08688152,331800.66423161136
1566,2052,49,6830292.659308154,23644.080103065207,WI,WISCONSIN,0.08688152,593426208.2855346
1567,2052,50,165025.68184015385,1662.7414551029922,WY,WYOMING,0.08688152,14337682.077308964
1568,2053,0,0.0,0.0,AL,ALABAMA,0.08908548,0.0
1569,2053,2,0.0,0.0,AZ,ARIZONA,0.08908548,0.0
1570,2053,3,159344.74140546398,784.4110682321834,AR,ARKANSAS,0.08908548,14195302.773581633
1571,2053,4,32504.4262872756,420.6371273900854,CA,CALIFORNIA,0.08908548,2895672.417926565
1572,2053,5,640350.3883981276,5100.031887732897,CO,COLORADO,0.08908548,57045921.71863363
1573,2053,6,0.0,0.0,CT,CONNECTICUT,0.08908548,0.0
1574,2053,7,1962.8371712526705,24.63719672077481,DE,DELAWARE,0.08908548,174860.29156288633
1575,2053,8,0.0,0.0,DC,DISTRICT OF COLUMBIA,0.08908548,0.0
1576,2053,9,0.0,0.0,FL,FLORIDA,0.08908548,0.0
1577,2053,10,0.0,0.0,GA,GEORGIA,0.08908548,0.0
1578,2053,12,45255.864425508014,1862.631877647661,ID,IDAHO,0.08908548,4031640.4051613053
1579,2053,13,1395800.1223750063,19550.522760978543,IL,ILLINOIS,0.08908548,124345523.88583618
1580,2053,14,170704.99693473044,3444.307694756312,IN,INDIANA,0.08908548,15207336.59032899
1581,2053,15,11529322.387218865,39033.572984713726,IA,IOWA,0.08908548,1027095218.9401383
1582,2053,16,1307827.500324133,5461.144473651586,KS,KANSAS,0.08908548,116508440.62357555
1583,2053,17,27630.404783774888,1090.3393774222632,KY,KENTUCKY,0.08908548,2461467.8727568816
1584,2053,18,325617.050560841,2149.744569589378,LA,LOUISIANA,0.08908548,29007751.245396785
1585,2053,19,0.0,0.0,ME,MAINE,0.08908548,0.0
1586,2053,20,4159.939875315456,97.84907031591706,MD,MARYLAND,0.08908548,370590.2405636176
1587,2053,21,13.564691294496289,4.238214232901752,MA,MASSACHUSETTS,0.08908548,1208.4170350220231
1588,2053,22,135196.53204875224,1198.6794210587136,MI,MICHIGAN,0.08908548,12044047.951898476
1589,2053,23,3720856.233142793,24278.254796006284,MN,MINNESOTA,0.08908548,331474263.5405176
1590,2053,24,187802.26684978872,1242.5547955748682,MS,MISSISSIPPI,0.08908548,16730455.087401515
1591,2053,25,1085923.5902104864,9341.603868159224,MO,MISSOURI,0.08908548,96740024.27722448
1592,2053,26,0.0,0.0,MT,MONTANA,0.08908548,0.0
1593,2053,27,8403699.229054386,24751.066162659645,NE,NEBRASKA,0.08908548,748647579.5959399
1594,2053,28,0.0,0.0,NV,NEVADA,0.08908548,0.0
1595,2053,29,0.0,0.0,NH,NEW HAMPSHIRE,0.08908548,0.0
1596,2053,30,1121.7222893627547,51.31194992596205,NJ,NEW JERSEY,0.08908548,99929.16857457989
1597,2053,31,232.47411440331769,17.66012560527161,NM,NEW MEXICO,0.08908548,20710.06806919447
1598,2053,32,9924.870732605932,156.70153982460502,NY,NEW YORK,0.08908548,884161.8731521511
1599,2053,33,11128.13271100425,429.1386817350999,NC,NORTH CAROLINA,0.08908548,991355.0440635148
1600,2053,34,1001931.038558578,5707.261328508123,ND,NORTH DAKOTA,0.08908548,89257507.49688943
1601,2053,35,19392.6732994632,792.8009825546993,OH,OHIO,0.08908548,1727605.609365863
1602,2053,36,156721.03897641544,606.0981080606481,OK,OKLAHOMA,0.08908548,13961568.983312676
1603,2053,37,2871.870701666919,8.041979624444917,OR,OREGON,0.08908548,255841.97995593428
1604,2053,38,13573.40099359676,449.2301615731712,PA,PENNSYLVANIA,0.08908548,1209192.9427470444
1605,2053,39,183.6817301276021,4.408356957006239,RI,RHODE ISLAND,0.08908548,16363.375095647893
1606,2053,40,0.0,0.0,SC,SOUTH CAROLINA,0.08908548,0.0
1607,2053,41,9736072.6779837,29312.97674390488,SD,SOUTH DAKOTA,0.08908548,867342707.8330632
1608,2053,42,10870.513504855331,271.7775839898597,TN,TENNESSEE,0.08908548,968404.9134265195
1609,2053,43,2148155.188857398,11007.488871783533,TX,TEXAS,0.08908548,191369436.11385193
1610,2053,44,371.37610254356696,9.81015583747277,UT,UTAH,0.08908548,33084.218355622885
1611,2053,45,5.179329022886713,0.348512561323343,VT,VERMONT,0.08908548,461.40301208179375
1612,2053,46,0.0,0.0,VA,VIRGINIA,0.08908548,0.0
1613,2053,47,38814.5956247954,397.6876020113975,WA,WASHINGTON,0.08908548,3457816.882240798
1614,2053,48,1003.0385259256004,43.45122881938678,WV,WEST VIRGINIA,0.08908548,89356.16854057455
1615,2053,49,1601476.3367426558,11239.000990921271,WI,WISCONSIN,0.08908548,142668288.1673611
1616,2053,50,165902.24638733832,1631.845590286494,WY,WYOMING,0.08908548,14779481.252494298
1617,2054,0,0.0,0.0,AL,ALABAMA,0.09128944,0.0
1618,2054,2,0.0,0.0,AZ,ARIZONA,0.09128944,0.0
1619,2054,3,30462.379017964708,334.1229970947948,AR,ARKANSAS,0.09128944,2780893.521617748
1620,2054,4,31103.87977455688,415.5434194760738,CA,CALIFORNIA,0.09128944,2839455.766446624
1621,2054,5,410304.6845363064,3926.82257759428,CO,COLORADO,0.09128944,37456484.88069607
1622,2054,6,1910.872481762604,39.03369084254848,CT,CONNECTICUT,0.09128944,174442.4787715183
1623,2054,7,0.0,0.0,DE,DELAWARE,0.09128944,0.0
1624,2054,8,0.0,0.0,DC,DISTRICT OF COLUMBIA,0.09128944,0.0
1625,2054,9,0.0,0.0,FL,FLORIDA,0.09128944,0.0
1626,2054,10,596.1377791264667,16.5575559188651,GA,GEORGIA,0.09128944,54421.08401929883
1627,2054,12,47914.59206963536,1952.6914910999928,ID,IDAHO,0.09128944,4374096.277865453
1628,2054,13,3954701.884980164,28976.70527596052,IL,ILLINOIS,0.09128944,361022520.4467836
1629,2054,14,96627.53679451469,2721.9169945159424,IN,INDIANA,0.09128944,8821073.72255064
1630,2054,15,9229225.453341998,43467.93747978511,IA,IOWA,0.09128944,842530823.2693372
1631,2054,16,1481799.850785667,5365.557805316996,KS,KANSAS,0.09128944,135272678.5703071
1632,2054,17,102.68431618060087,4.070202661901456,KY,KENTUCKY,0.09128944,9373.993720909992
1633,2054,18,15569.46700557784,306.7043455337638,LA,LOUISIANA,0.09128944,1421327.924037678
1634,2054,19,27.15948213541079,0.5885869230122627,ME,MAINE,0.09128944,2479.3739148316554
1635,2054,20,74.52462250901935,17.702287740186605,MD,MARYLAND,0.09128944,6803.311055059771
1636,2054,21,101.90031205497156,2.81875326624911,MA,MASSACHUSETTS,0.09128944,9302.422423323604
1637,2054,22,92448.80246979618,669.0368940135646,MI,MICHIGAN,0.09128944,8439599.40613831
1638,2054,23,1334973.398675149,10482.863854627623,MN,MINNESOTA,0.09128944,121868973.97995108
1639,2054,24,13180.265968246154,152.40299904636854,MS,MISSISSIPPI,0.09128944,1203219.0992922492
1640,2054,25,4088439.2840188304,15386.94025134424,MO,MISSOURI,0.09128944,373231332.71207994
1641,2054,26,0.0,0.0,MT,MONTANA,0.09128944,0.0
1642,2054,27,5222848.421719698,21483.946140810127,NE,NEBRASKA,0.09128944,476790907.62367505
1643,2054,28,0.0,0.0,NV,NEVADA,0.09128944,0.0
1644,2054,29,0.0,0.0,NH,NEW HAMPSHIRE,0.09128944,0.0
1645,2054,30,0.0,0.0,NJ,NEW JERSEY,0.09128944,0.0
1646,2054,31,212.4746242393207,22.176245504662123,NM,NEW MEXICO,0.09128944,19396.689461018013
1647,2054,32,6767.877743748612,49.436401335557136,NY,NEW YORK,0.09128944,617835.7692152744
1648,2054,33,17415.700556917232,605.5307542974228,NC,NORTH CAROLINA,0.09128944,1589869.5510486623
1649,2054,34,192857.18066771395,1264.3929972631636,ND,NORTH DAKOTA,0.09128944,17605824.023134433
1650,2054,35,3344.283732697084,133.1582791058379,OH,OHIO,0.09128944,305297.7891590265
1651,2054,36,75983.10874834972,264.9136370124908,OK,OKLAHOMA,0.09128944,6936455.447095947
1652,2054,37,2651.6401159068314,8.041979713648901,OR,OREGON,0.09128944,242066.74126266973
1653,2054,38,5614.12976849615,156.60274969046333,PA,PENNSYLVANIA,0.09128944,512510.7626533432
1654,2054,39,35.47185823601116,0.6897905744731267,RI,RHODE ISLAND,0.09128944,3238.2060741248465
1655,2054,40,1227.139144066267,19.77066525431172,SC,SOUTH CAROLINA,0.09128944,112024.84526388883
1656,2054,41,5618174.617885638,25035.571272824585,SD,SOUTH DAKOTA,0.09128944,512880014.6889939
1657,2054,42,8696.683123463241,198.60519626933672,TN,TENNESSEE,0.09128944,793915.3321984102
1658,2054,43,717164.5439477216,3893.459195632138,TX,TEXAS,0.09128944,65469549.604842894
1659,2054,44,441.74000373901725,11.668866808189918,UT,UTAH,0.09128944,40326.19756693279
1660,2054,45,0.0,0.0,VT,VERMONT,0.09128944,0.0
1661,2054,46,1385.882734689443,22.17431588446133,VA,VIRGINIA,0.09128944,126516.45875546781
1662,2054,47,67686.32512810678,587.7997659306762,WA,WASHINGTON,0.09128944,6179046.716602796
1663,2054,48,818.2688521555017,12.699569023782878,WV,WEST VIRGINIA,0.09128944,74699.30528271855
1664,2054,49,34270.37457824161,420.5124849151145,WI,WISCONSIN,0.09128944,3128523.3038379126
1665,2054,50,94561.9552745091,1294.652042579448,WY,WYOMING,0.09128944,8632507.942314982
1666,2055,0,28550.651928054005,778.751948327124,AL,ALABAMA,0.0934934,2669297.5209703245
1667,2055,2,0.0,0.0,AZ,ARIZONA,0.0934934,0.0
1668,2055,3,3235.5608370832047,79.71532382323653,AR,ARKANSAS,0.0934934,302503.5835657549
1669,2055,4,31738.252232792183,429.0400650051929,CA,CALIFORNIA,0.0934934,2967317.1113013327
1670,2055,5,158745.96520373097,2098.117616065054,CO,COLORADO,0.0934934,14841700.023178501
1671,2055,6,7892.041001738497,134.65096895029237,CT,CONNECTICUT,0.0934934,737853.746191938
1672,2055,7,43.21211082805405,8.626929581280141,DE,DELAWARE,0.0934934,4040.0471624915886
1673,2055,8,0.0,0.0,DC,DISTRICT OF COLUMBIA,0.0934934,0.0
1674,2055,9,4012.016251516146,20.788977234060887,FL,FLORIDA,0.0934934,375097.04020949965
1675,2055,10,51005.37849940168,470.2872463274319,GA,GEORGIA,0.0934934,4768666.254195961
1676,2055,12,46847.80096359428,1912.2858196460893,ID,IDAHO,0.0934934,4379960.194609705
1677,2055,13,1625505.5855054162,22387.128255310505,IL,ILLINOIS,0.0934934,151974043.90789208
1678,2055,14,504065.994220521,11565.541259422342,IN,INDIANA,0.0934934,47126843.62405686
1679,2055,15,4570090.886157438,30418.87585585753,IA,IOWA,0.0934934,427273335.25587183
1680,2055,16,485805.5037773133,2084.809349754159,KS,KANSAS,0.0934934,45419608.286853865
1681,2055,17,2237.110077889213,256.641253387917,KY,KENTUCKY,0.0934934,209155.02735612734
1682,2055,18,15594.551792202155,628.6290880464089,LA,LOUISIANA,0.0934934,1457987.668529073
1683,2055,19,47.18777097588928,1.4713891653595876,ME,MAINE,0.0934934,4411.745146957207
1684,2055,20,7722.124088956485,221.0713714175464,MD,MARYLAND,0.0934934,721967.6362984444
1685,2055,21,8811.43121962341,167.0733446599971,MA,MASSACHUSETTS,0.0934934,823810.6635887392
1686,2055,22,76486.01578535368,931.3043994756154,MI,MICHIGAN,0.0934934,7150937.6682263855
1687,2055,23,1390488.9931795783,12507.880138562545,MN,MINNESOTA,0.0934934,130001543.63493559
1688,2055,24,21799.18806299709,560.5143473849542,MS,MISSISSIPPI,0.0934934,2038080.2092490124
1689,2055,25,555195.9711538558,7766.644052331199,MO,MISSOURI,0.0934934,51907159.0094759
1690,2055,26,0.0,0.0,MT,MONTANA,0.0934934,0.0
1691,2055,27,3455933.936760377,20145.21931324058,NE,NEBRASKA,0.0934934,323107013.92311263
1692,2055,28,0.0,0.0,NV,NEVADA,0.0934934,0.0
1693,2055,29,0.0,0.0,NH,NEW HAMPSHIRE,0.0934934,0.0
1694,2055,30,670.4412676840717,25.006048698620955,NJ,NEW JERSEY,0.0934934,62681.83361609399
1695,2055,31,647.7621411795159,24.25498500360351,NM,NEW MEXICO,0.0934934,60561.48497015295
1696,2055,32,89260.80378426038,1206.365000676073,NY,NEW YORK,0.0934934,8345296.032523369
1697,2055,33,39844.650231344574,901.9682054266212,NC,NORTH CAROLINA,0.0934934,3725211.821939191
1698,2055,34,262438.5421551276,1406.9582916103905,ND,NORTH DAKOTA,0.0934934,24536271.59712621
1699,2055,35,42847.468483010685,1825.626062190638,OH,OHIO,0.0934934,4005955.5098695117
1700,2055,36,42284.01309368532,163.46135574297944,OK,OKLAHOMA,0.0934934,3953276.1497731586
1701,2055,37,2753.4179699815936,8.041904604035553,OR,OREGON,0.0934934,257426.40763467713
1702,2055,38,87964.27619528583,1673.4784935642574,PA,PENNSYLVANIA,0.0934934,8224079.260036336
1703,2055,39,489.1256351615716,5.242418163106255,RI,RHODE ISLAND,0.0934934,45730.01865841488
1704,2055,40,19668.440160093127,316.4239453631644,SC,SOUTH CAROLINA,0.0934934,1838869.343263651
1705,2055,41,4382195.932383291,23388.30190294405,SD,SOUTH DAKOTA,0.0934934,409706397.18468404
1706,2055,42,78639.4782148749,1066.7329275639436,TN,TENNESSEE,0.0934934,7352272.192534585
1707,2055,43,84898.99640120339,689.6475156920678,TX,TEXAS,0.0934934,7937495.830136269
1708,2055,44,638.3713541459879,16.86301951972257,UT,UTAH,0.0934934,59683.508361712506
1709,2055,45,103.7956213862735,3.069497407041922,VT,VERMONT,0.0934934,9704.205548515423
1710,2055,46,383.5725685340804,6.629000153079003,VA,VIRGINIA,0.0934934,35861.50357898419
1711,2055,47,73126.06901465303,647.3243530463053,WA,WASHINGTON,0.0934934,6836804.820814562
1712,2055,48,0.0,0.0,WV,WEST VIRGINIA,0.0934934,0.0
1713,2055,49,316841.1729963337,4505.457614615832,WI,WISCONSIN,0.0934934,29622558.523415424
1714,2055,50,57048.69028611909,850.4244697730493,WY,WYOMING,0.0934934,5333676.020396247
