Unnamed: 0,Year,state_id,Production_Loss(ton),Area_Loss(km^2),State_Code,State_Name,Price,Financial_Loss($)
0,2021,0,71221.20455432206,711.036194771929,AL,ALABAMA,0.06074972,4326668.23473779
1,2021,2,0.0,0.0,AZ,ARIZONA,0.06074972,0.0
2,2021,3,2900.792324885303,25.94121587076415,AR,ARKANSAS,0.06074972,176222.3215149312
3,2021,4,3649.515116098649,50.44574575489448,CA,CALIFORNIA,0.06074972,221707.02143876042
4,2021,5,202549.6198423413,2256.706651639579,CO,COLORADO,0.06074972,12304832.691528676
5,2021,6,3208.2750025499795,57.70072694099283,CT,CONNECTICUT,0.06074972,194901.80808791053
6,2021,7,10178.067376564197,152.20870200298253,DE,DELAWARE,0.06074972,618314.7432674095
7,2021,8,0.0,0.0,DC,DISTRICT OF COLUMBIA,0.06074972,0.0
8,2021,9,22031.34525437549,74.76111643189167,FL,FLORIDA,0.06074972,1338398.05542664
9,2021,10,219951.2604014438,951.6951255770548,GA,GEORGIA,0.06074972,13361977.483034799
10,2021,12,7356.841210781104,288.3714332683479,ID,IDAHO,0.06074972,446926.043639413
11,2021,13,3777586.109329364,25013.98986401089,IL,ILLINOIS,0.06074972,229487298.41764823
12,2021,14,1952717.9510250352,20306.94070164785,IN,INDIANA,0.06074972,118627068.7637446
13,2021,15,24314433.54648549,56454.69949994615,IA,IOWA,0.06074972,1477095029.9076006
14,2021,16,2264610.4067527936,8827.527340348515,KS,KANSAS,0.06074972,137574448.11931834
15,2021,17,114866.64082687433,3780.723486842523,KY,KENTUCKY,0.06074972,6978116.267573184
16,2021,18,68613.6504371965,848.1752774970253,LA,LOUISIANA,0.06074972,4168260.0522375647
17,2021,19,0.0,0.0,ME,MAINE,0.06074972,0.0
18,2021,20,133349.557284624,1016.46957814819,MD,MARYLAND,0.06074972,8100948.267164868
19,2021,21,7116.144697654288,81.5446801305733,MA,MASSACHUSETTS,0.06074972,432303.79786198266
20,2021,22,100038.42573111667,1093.019112780919,MI,MICHIGAN,0.06074972,6077306.352406133
21,2021,23,11313678.248836232,31418.3405428444,MN,MINNESOTA,0.06074972,687302785.7868915
22,2021,24,131056.01162484723,1023.3339319954324,MS,MISSISSIPPI,0.06074972,7961616.010526215
23,2021,25,1137758.682763423,9874.803728814602,MO,MISSOURI,0.06074972,69118521.40544677
24,2021,26,0.0,0.0,MT,MONTANA,0.06074972,0.0
25,2021,27,4804336.569849722,21166.72825845355,NE,NEBRASKA,0.06074972,291862101.40413105
26,2021,28,0.0,0.0,NV,NEVADA,0.06074972,0.0
27,2021,29,17.9767008842775,0.7737410514782166,NH,NEW HAMPSHIRE,0.06074972,1092.0795452436105
28,2021,30,44899.66427321821,414.75372833519015,NJ,NEW JERSEY,0.06074972,2727642.0326920096
29,2021,31,0.0,0.0,NM,NEW MEXICO,0.06074972,0.0
30,2021,32,176751.95095635363,1344.2158879100748,NY,NEW YORK,0.06074972,10737631.530052215
31,2021,33,81821.71324784905,1694.734917695197,NC,NORTH CAROLINA,0.06074972,4970646.169727121
32,2021,34,3098131.22064424,10366.182458242296,ND,NORTH DAKOTA,0.06074972,188210604.1773958
33,2021,35,855696.5048959595,9423.824846684814,OH,OHIO,0.06074972,51983323.07740817
34,2021,36,162260.45767225957,492.4599175020966,OK,OKLAHOMA,0.06074972,9857277.37066162
35,2021,37,1450.2798211179152,3.4448671249724283,OR,OREGON,0.06074972,88104.09305456343
36,2021,38,209127.05607834464,1646.839334805645,PA,PENNSYLVANIA,0.06074972,12704410.101183735
37,2021,39,956.422962272918,11.242659973835604,RI,RHODE ISLAND,0.06074972,58102.42715965033
38,2021,40,32727.05749653747,389.88705245867607,SC,SOUTH CAROLINA,0.06074972,1988159.5793385522
39,2021,41,12812462.924514689,31476.284697485426,SD,SOUTH DAKOTA,0.06074972,778353535.1746484
40,2021,42,83820.50299033514,2544.9230233317176,TN,TENNESSEE,0.06074972,5092072.0869220225
41,2021,43,388773.97984116833,1870.699814407949,TX,TEXAS,0.06074972,23617910.41863662
42,2021,44,0.0,0.0,UT,UTAH,0.06074972,0.0
43,2021,45,553.9511513713288,23.78393171561537,VT,VERMONT,0.06074972,33652.37733948584
44,2021,46,114128.44478400113,1214.0183760570376,VA,VIRGINIA,0.06074972,6933271.064663529
45,2021,47,55561.33698360355,285.43566634588814,WA,WASHINGTON,0.06074972,3375335.6645795605
46,2021,48,16589.40854928311,146.15117266147513,WV,WEST VIRGINIA,0.06074972,1007801.9243345553
47,2021,49,1450156.2972087972,11313.495113319852,WI,WISCONSIN,0.06074972,88096589.01167122
48,2021,50,52852.24541213784,701.8064246317286,WY,WYOMING,0.06074972,3210759.110158658
49,2022,0,5883.210193052844,205.0963933353587,AL,ALABAMA,0.06091384,358368.92438599
50,2022,2,0.0,0.0,AZ,ARIZONA,0.06091384,0.0
51,2022,3,20522.97246080963,179.33547127923225,AR,ARKANSAS,0.06091384,1250133.060802164
52,2022,4,1657.7579811275243,20.69242442125089,CA,CALIFORNIA,0.06091384,100980.40442112503
53,2022,5,84371.87183805581,1389.0154118959356,CO,COLORADO,0.06091384,5139414.701643838
54,2022,6,4175.581784466092,65.99741996501277,CT,CONNECTICUT,0.06091384,254350.72072588204
55,2022,7,5751.250934063048,181.25920592246948,DE,DELAWARE,0.06091384,350330.779197367
56,2022,8,0.0,0.0,DC,DISTRICT OF COLUMBIA,0.06091384,0.0
57,2022,9,0.0,0.0,FL,FLORIDA,0.06091384,0.0
58,2022,10,0.6716674708382805,0.081996050106333,GA,GEORGIA,0.06091384,40.91384485184768
59,2022,12,3771.699844479762,171.06439266525234,ID,IDAHO,0.06091384,229748.7208546651
60,2022,13,3874230.250129558,28269.32503846493,IL,ILLINOIS,0.06091384,235994241.57955188
61,2022,14,2433088.6872336483,17778.258240136805,IN,INDIANA,0.06091384,148208774.99996048
62,2022,15,1524652.7281626195,8461.79467567982,IA,IOWA,0.06091384,92872452.3388613
63,2022,16,778261.3591567264,3151.6589966420697,KS,KANSAS,0.06091384,47406887.90985536
64,2022,17,139333.4631505303,3474.9969713560613,KY,KENTUCKY,0.06091384,8487336.280997299
65,2022,18,136744.78479138305,1372.997964696422,LA,LOUISIANA,0.06091384,8329649.94161674
66,2022,19,209.9572539719824,8.431659775360288,ME,MAINE,0.06091384,12789.302575288699
67,2022,20,20513.11663045361,241.15144923834012,MD,MARYLAND,0.06091384,1249532.7043287903
68,2022,21,3805.953820157623,67.13733268619598,MA,MASSACHUSETTS,0.06091384,231835.2620484702
69,2022,22,252631.02614275352,2151.219250548619,MI,MICHIGAN,0.06091384,15388725.905495504
70,2022,23,2397974.3497719564,12997.005343634572,MN,MINNESOTA,0.06091384,146069825.86611298
71,2022,24,56133.674735602326,646.3486991453192,MS,MISSISSIPPI,0.06091384,3419317.681456522
72,2022,25,260399.11064619737,2041.8900723530392,MO,MISSOURI,0.06091384,15861909.762044763
73,2022,26,0.0,0.0,MT,MONTANA,0.06091384,0.0
74,2022,27,146450.29767749645,1885.7134922593816,NE,NEBRASKA,0.06091384,8920850.000679389
75,2022,28,0.0,0.0,NV,NEVADA,0.06091384,0.0
76,2022,29,258.92363752316123,10.224254182546762,NH,NEW HAMPSHIRE,0.06091384,15772.03302830384
77,2022,30,19342.91764988024,145.55745874599222,NJ,NEW JERSEY,0.06091384,1178251.390857981
78,2022,31,59.75646920610854,2.4301349245889208,NM,NEW MEXICO,0.06091384,3639.9960041858226
79,2022,32,151128.58501569982,1212.3535760893706,NY,NEW YORK,0.06091384,9205822.447072737
80,2022,33,17736.78350213277,496.80180089206686,NC,NORTH CAROLINA,0.06091384,1080415.5923635552
81,2022,34,1570869.805119726,5727.1018327113525,ND,NORTH DAKOTA,0.06091384,95687711.96989417
82,2022,35,878376.9536195539,9041.10027179794,OH,OHIO,0.06091384,53505313.21246892
83,2022,36,113464.68899749848,457.39390503234335,OK,OKLAHOMA,0.06091384,6911569.911243383
84,2022,37,3461.743435358202,16.54579005882529,OR,OREGON,0.06091384,210868.08574245987
85,2022,38,138409.0241596544,1191.6735274988685,PA,PENNSYLVANIA,0.06091384,8431025.152217321
86,2022,39,206.8858733332792,1.7458212228453085,RI,RHODE ISLAND,0.06091384,12602.212986483635
87,2022,40,0.0,0.0,SC,SOUTH CAROLINA,0.06091384,0.0
88,2022,41,4388860.341674631,16488.019540989128,SD,SOUTH DAKOTA,0.06091384,267342336.6351138
89,2022,42,198959.11165166617,1271.918149645705,TN,TENNESSEE,0.06091384,12119363.493691728
90,2022,43,643699.822113348,3398.511224981217,TX,TEXAS,0.06091384,39210227.97224094
91,2022,44,0.0,0.0,UT,UTAH,0.06091384,0.0
92,2022,45,1209.0182078333823,32.75008283381487,VT,VERMONT,0.06091384,73645.9416690494
93,2022,46,19180.568396819344,223.260439903152,VA,VIRGINIA,0.06091384,1168362.07443291
94,2022,47,69786.31373102451,322.7263179291915,WA,WASHINGTON,0.06091384,4250952.348801429
95,2022,48,3684.4399120280623,34.22427732568816,WV,WEST VIRGINIA,0.06091384,224433.38329089145
96,2022,49,144678.7024260297,1675.5497472314826,WI,WISCONSIN,0.06091384,8812935.330986783
97,2022,50,9926.738647382095,257.1114504602549,WY,WYOMING,0.06091384,604675.7696884493
98,2023,0,341.8920716031022,18.12299559853169,AL,ALABAMA,0.06107796,20882.070273691414
99,2023,2,0.0,0.0,AZ,ARIZONA,0.06107796,0.0
100,2023,3,1902.666741162884,8.462271468345351,AR,ARKANSAS,0.06107796,116211.00311007697
101,2023,4,2012.0546417456976,24.966574403456573,CA,CALIFORNIA,0.06107796,122892.19292635805
102,2023,5,179665.30087349526,1659.313787796388,CO,COLORADO,0.06107796,10973590.060139308
103,2023,6,7894.314731970524,77.07198518719059,CT,CONNECTICUT,0.06107796,482168.6394267064
104,2023,7,4607.880692118588,78.61053995892834,DE,DELAWARE,0.06107796,281439.95259799145
105,2023,8,0.0,0.0,DC,DISTRICT OF COLUMBIA,0.06107796,0.0
106,2023,9,0.0,0.0,FL,FLORIDA,0.06107796,0.0
107,2023,10,412.2897078524242,3.740581550309828,GA,GEORGIA,0.06107796,25181.814284622054
108,2023,12,2576.200760824571,109.6735663801838,ID,IDAHO,0.06107796,157349.0870216127
109,2023,13,4125155.5412978353,26162.599551363102,IL,ILLINOIS,0.06107796,251956085.14516753
110,2023,14,2440072.430236185,19665.399741957368,IN,INDIANA,0.06107796,149034646.2910685
111,2023,15,2652589.761729993,13115.227877247326,IA,IOWA,0.06107796,162014771.36335403
112,2023,16,1645556.4763424627,6158.8688041307805,KS,KANSAS,0.06107796,100507232.63978589
113,2023,17,34028.49825191986,309.24478147691195,KY,KENTUCKY,0.06107796,2078391.255090831
114,2023,18,37.95754397041745,0.0842496041438248,LA,LOUISIANA,0.06107796,2318.3693523233983
115,2023,19,32.55124743769687,0.4523090307284795,ME,MAINE,0.06107796,1988.163788949752
116,2023,20,83801.19359830781,630.3582274398095,MD,MARYLAND,0.06107796,5118405.950549701
117,2023,21,5549.05078726996,49.19607999958069,MA,MASSACHUSETTS,0.06107796,338924.7020228431
118,2023,22,151207.77948521054,1357.7128784137903,MI,MICHIGAN,0.06107796,9235462.70708651
119,2023,23,2195004.117504097,12699.906672775443,MN,MINNESOTA,0.06107796,134066373.68875054
120,2023,24,735.436810476435,5.970541176527586,MS,MISSISSIPPI,0.06107796,44918.98009280728
121,2023,25,486361.8020468526,5855.607667179841,MO,MISSOURI,0.06107796,29705986.69094558
122,2023,26,0.0,0.0,MT,MONTANA,0.06107796,0.0
123,2023,27,578248.2173098199,3229.5639192630056,NE,NEBRASKA,0.06107796,35318221.48692049
124,2023,28,0.0,0.0,NV,NEVADA,0.06107796,0.0
125,2023,29,62.12675131505659,2.40850772117595,NH,NEW HAMPSHIRE,0.06107796,3794.5752317509737
126,2023,30,13387.008714504833,85.07593523776804,NJ,NEW JERSEY,0.06107796,817651.1827841776
127,2023,31,0.0,0.0,NM,NEW MEXICO,0.06107796,0.0
128,2023,32,89590.74544919714,646.0465545864195,NY,NEW YORK,0.06107796,5472019.966916245
129,2023,33,61656.887609714686,909.104816201871,NC,NORTH CAROLINA,0.06107796,3765876.9151506494
130,2023,34,1930430.0135276304,7115.901541738331,ND,NORTH DAKOTA,0.06107796,117906727.14904006
131,2023,35,893024.5358733519,8810.66223943343,OH,OHIO,0.06107796,54544116.88109115
132,2023,36,169518.4955401904,520.3818364810943,OK,OKLAHOMA,0.06107796,10353843.889863927
133,2023,37,2584.987549757556,6.00422689548136,OR,OREGON,0.06107796,157885.76616459002
134,2023,38,165713.4969813508,1409.8633468544888,PA,PENNSYLVANIA,0.06107796,10121442.340087064
135,2023,39,1381.7109596648331,11.31619352746424,RI,RHODE ISLAND,0.06107796,84392.08672597028
136,2023,40,683.0027849612738,28.09989392124649,SC,SOUTH CAROLINA,0.06107796,41716.41677975329
137,2023,41,4363479.599257763,16835.54986328083,SD,SOUTH DAKOTA,0.06107796,266512432.4242817
138,2023,42,76727.98029867082,530.5205074562698,TN,TENNESSEE,0.06107796,4686388.511563005
139,2023,43,405722.3632538233,1837.2610998665723,TX,TEXAS,0.06107796,24780694.273922488
140,2023,44,0.0,0.0,UT,UTAH,0.06107796,0.0
141,2023,45,220.88603085634605,2.619192165957635,VT,VERMONT,0.06107796,13491.268157202669
142,2023,46,90602.99298627413,643.5076335515296,VA,VIRGINIA,0.06107796,5533845.981495932
143,2023,47,57735.47204849572,303.60752885715686,WA,WASHINGTON,0.06107796,3526364.85235914
144,2023,48,21460.99935661317,173.50648901182777,WV,WEST VIRGINIA,0.06107796,1310794.060263245
145,2023,49,467447.3673224096,2888.52512910994,WI,WISCONSIN,0.06107796,28550731.60342344
146,2023,50,24565.00256831834,312.7424144309437,WY,WYOMING,0.06107796,1500380.2442676448
147,2024,0,37516.8982512727,491.4191476827998,AL,ALABAMA,0.06124208,2297612.8840563027
148,2024,2,0.0,0.0,AZ,ARIZONA,0.06124208,0.0
149,2024,3,47660.829925550686,179.96983271834762,AR,ARKANSAS,0.06124208,2918848.359166969
150,2024,4,11606.961738632868,152.45018755103496,CA,CALIFORNIA,0.06124208,710834.4793542932
151,2024,5,206565.6460380492,1964.4497423216087,CO,COLORADO,0.06124208,12650509.81991389
152,2024,6,0.0,0.0,CT,CONNECTICUT,0.06124208,0.0
153,2024,7,1905.5266911646963,64.53760394302388,DE,DELAWARE,0.06124208,116698.41806244363
154,2024,8,0.0,0.0,DC,DISTRICT OF COLUMBIA,0.06124208,0.0
155,2024,9,155.96998646153867,1.6093782833321026,FL,FLORIDA,0.06124208,9551.926388476468
156,2024,10,191.7779315428361,2.213450479442201,GA,GEORGIA,0.06124208,11744.87942578089
157,2024,12,3808.042898387792,149.2418664899696,ID,IDAHO,0.06124208,233212.467826497
158,2024,13,1652306.8758477003,11531.036972806503,IL,ILLINOIS,0.06124208,101190709.87521493
159,2024,14,1669628.0984367395,10978.892359511034,IN,INDIANA,0.06124208,102251497.57471067
160,2024,15,508541.4116652712,3049.259969602492,IA,IOWA,0.06124208,31144133.816517472
161,2024,16,1959297.3933128745,6997.063465155779,KS,KANSAS,0.06124208,119991447.70505853
162,2024,17,146031.64679481907,840.2165393549001,KY,KENTUCKY,0.06124208,8943281.795540052
163,2024,18,186290.80671892787,948.7701085408804,LA,LOUISIANA,0.06124208,11408836.488345116
164,2024,19,15.956174283561552,0.551328353493314,ME,MAINE,0.06124208,977.1893019678191
165,2024,20,3370.980363795496,26.21057315606072,MD,MARYLAND,0.06124208,206445.84911799285
166,2024,21,166.0857431536817,1.664786468041439,MA,MASSACHUSETTS,0.06124208,10171.436369077228
167,2024,22,293187.25854557886,1669.020554927048,MI,MICHIGAN,0.06124208,17955397.54282902
168,2024,23,1014333.5245791188,5044.367908158011,MN,MINNESOTA,0.06124208,62119894.85895636
169,2024,24,387517.4805264842,1511.1416293309471,MS,MISSISSIPPI,0.06124208,23732376.543801386
170,2024,25,427311.6430095024,2365.57044780885,MO,MISSOURI,0.06124208,26169453.826119386
171,2024,26,0.0,0.0,MT,MONTANA,0.06124208,0.0
172,2024,27,962737.3524481588,5059.655835704788,NE,NEBRASKA,0.06124208,58960037.95761833
173,2024,28,0.0,0.0,NV,NEVADA,0.06124208,0.0
174,2024,29,1.174728018310005,0.4326427707860072,NH,NEW HAMPSHIRE,0.06124208,71.9427872755828
175,2024,30,2017.2321698876488,13.33637413951324,NJ,NEW JERSEY,0.06124208,123539.49392683296
176,2024,31,0.0,0.0,NM,NEW MEXICO,0.06124208,0.0
177,2024,32,15670.994543079803,106.73817397981358,NY,NEW YORK,0.06124208,959724.3014868567
178,2024,33,20200.01742293161,189.58228916661744,NC,NORTH CAROLINA,0.06124208,1237091.0830165716
179,2024,34,2160785.163878889,7370.069254228662,ND,NORTH DAKOTA,0.06124208,132330977.869084
180,2024,35,463138.416404061,4841.792646511714,OH,OHIO,0.06124208,28363559.948490817
181,2024,36,226071.8738085194,742.8221951281758,OK,OKLAHOMA,0.06124208,13845111.781531248
182,2024,37,3340.298407699126,8.145609776954798,OR,OREGON,0.06124208,204566.8223081825
183,2024,38,1337.6980998136032,7.371407083339385,PA,PENNSYLVANIA,0.06124208,81923.41404463268
184,2024,39,0.0,0.0,RI,RHODE ISLAND,0.06124208,0.0
185,2024,40,29294.08878744991,273.3618203718986,SC,SOUTH CAROLINA,0.06124208,1794030.9290481105
186,2024,41,2342809.264233216,10718.732942279054,SD,SOUTH DAKOTA,0.06124208,143478512.38491178
187,2024,42,242403.83969811472,1067.4356257261124,TN,TENNESSEE,0.06124208,14845315.343099117
188,2024,43,2142029.782373181,9923.484075947224,TX,TEXAS,0.06124208,131182359.29448093
189,2024,44,0.0,0.0,UT,UTAH,0.06124208,0.0
190,2024,45,265.8745013179541,5.024009991082689,VT,VERMONT,0.06124208,16282.707479674253
191,2024,46,2474.032158866316,14.124657020736134,VA,VIRGINIA,0.06124208,151514.87539586364
192,2024,47,55574.280449164944,287.5973664896431,WA,WASHINGTON,0.06124208,3403484.529210195
193,2024,48,8411.734532029377,51.8054858127726,WV,WEST VIRGINIA,0.06124208,515152.1191493057
194,2024,49,1056314.9224401806,7475.165878994646,WI,WISCONSIN,0.06124208,64690922.98527533
195,2024,50,22713.6204819202,371.25054258731006,WY,WYOMING,0.06124208,1391029.3626433953
196,2025,0,11719.918796813734,360.8641919428892,AL,ALABAMA,0.0614062,719675.6776209035
197,2025,2,0.0,0.0,AZ,ARIZONA,0.0614062,0.0
198,2025,3,34425.57851190571,183.54797930550552,AR,ARKANSAS,0.0614062,2113943.9592177845
199,2025,4,8442.138114519537,112.61521558256594,CA,CALIFORNIA,0.0614062,518399.6214878096
200,2025,5,159012.8301087211,2214.0731728870505,CO,COLORADO,0.0614062,9764373.64822215
201,2025,6,4129.760461577501,63.92624958765462,CT,CONNECTICUT,0.0614062,253592.89685572032
202,2025,7,43612.53859553574,503.7821451106506,DE,DELAWARE,0.0614062,2678080.2675051866
203,2025,8,0.0,0.0,DC,DISTRICT OF COLUMBIA,0.0614062,0.0
204,2025,9,609.5278091034033,13.3166639512057,FL,FLORIDA,0.0614062,37428.78655136541
205,2025,10,67390.415918073,617.8515222984845,GA,GEORGIA,0.0614062,4138189.357948374
206,2025,12,8677.249918515226,445.4127773619238,ID,IDAHO,0.0614062,532836.9439463296
207,2025,13,1229281.0895107316,9459.021257464494,IL,ILLINOIS,0.0614062,75485480.4387139
208,2025,14,862859.1575079839,11339.182427471082,IN,INDIANA,0.0614062,52984901.997766756
209,2025,15,7161655.731422946,33765.38565363395,IA,IOWA,0.0614062,439770064.1749037
210,2025,16,2203808.0437187804,7001.690309867572,KS,KANSAS,0.0614062,135327477.4942042
211,2025,17,158786.34344570566,1957.158028095944,KY,KENTUCKY,0.0614062,9750465.962895691
212,2025,18,282995.66136575415,1858.8181504565976,LA,LOUISIANA,0.0614062,17377688.18095777
213,2025,19,55.65608959094054,4.0880910204161856,ME,MAINE,0.0614062,3417.628968639213
214,2025,20,143888.8908966894,1322.3182636486315,MD,MARYLAND,0.0614062,8835670.01218029
215,2025,21,3792.748738125432,61.500619427959066,MA,MASSACHUSETTS,0.0614062,232898.2875630779
216,2025,22,248670.09540760395,1569.835295357128,MI,MICHIGAN,0.0614062,15269885.61261841
217,2025,23,1154321.719332017,8824.471944025903,MN,MINNESOTA,0.0614062,70882510.3616457
218,2025,24,291951.04583493853,1644.147170513983,MS,MISSISSIPPI,0.0614062,17927604.310749404
219,2025,25,617638.9005471023,3200.9021376414103,MO,MISSOURI,0.0614062,37926857.85477547
220,2025,26,0.0,0.0,MT,MONTANA,0.0614062,0.0
221,2025,27,1922592.2287033915,10381.287922951173,NE,NEBRASKA,0.0614062,118059082.9142062
222,2025,28,0.0,0.0,NV,NEVADA,0.0614062,0.0
223,2025,29,297.6052639345339,10.605092017726516,NH,NEW HAMPSHIRE,0.0614062,18274.80835821678
224,2025,30,41795.67511195862,387.0367833586329,NJ,NEW JERSEY,0.0614062,2566513.5850599534
225,2025,31,0.0,0.0,NM,NEW MEXICO,0.0614062,0.0
226,2025,32,215581.4774114868,1978.282616075904,NY,NEW YORK,0.0614062,13238039.31822524
227,2025,33,185144.74867850525,2374.240070852569,NC,NORTH CAROLINA,0.0614062,11369035.466302028
228,2025,34,2059001.392553108,9014.344054800418,ND,NORTH DAKOTA,0.0614062,126435451.31139466
229,2025,35,494021.09150564414,7048.503070677448,OH,OHIO,0.0614062,30335957.949213885
230,2025,36,186238.2875082249,582.8018884175647,OK,OKLAHOMA,0.0614062,11436185.53038756
231,2025,37,6208.736744625224,23.857909481950507,OR,OREGON,0.0614062,381254.93028780544
232,2025,38,318698.929276314,3344.960642748475,PA,PENNSYLVANIA,0.0614062,19570090.19092719
233,2025,39,1127.1526870440314,10.011866566290434,RI,RHODE ISLAND,0.0614062,69214.1633311632
234,2025,40,83637.35161943943,748.1706246727294,SC,SOUTH CAROLINA,0.0614062,5135851.941013622
235,2025,41,6532827.775472595,22299.28200700332,SD,SOUTH DAKOTA,0.0614062,401156128.9462253
236,2025,42,360599.1509080152,3368.534426445711,TN,TENNESSEE,0.0614062,22143023.58048776
237,2025,43,425824.5849025461,2204.754438796814,TX,TEXAS,0.0614062,26148269.625442725
238,2025,44,0.0,0.0,UT,UTAH,0.0614062,0.0
239,2025,45,735.095849863825,23.877880501735405,VT,VERMONT,0.0614062,45139.44277590801
240,2025,46,183995.3621088472,1325.6862720128854,VA,VIRGINIA,0.0614062,11298456.004728293
241,2025,47,93238.40793998376,426.49326910857,WA,WASHINGTON,0.0614062,5725416.325644231
242,2025,48,21145.34940735176,185.0543616518844,WV,WEST VIRGINIA,0.0614062,1298455.5547777237
243,2025,49,1619943.1276720103,9904.604918387253,WI,WISCONSIN,0.0614062,99474551.68645301
244,2025,50,67395.44522135974,993.146421755841,WY,WYOMING,0.0614062,4138498.1883518607
245,2026,0,174455.45618513954,1155.3071866159094,AL,ALABAMA,0.06254916,10912042.241797283
246,2026,2,0.0,0.0,AZ,ARIZONA,0.06254916,0.0
247,2026,3,16953.02290297325,188.66458214187696,AR,ARKANSAS,0.06254916,1060397.3420417383
248,2026,4,5803.857234310764,71.24225612763516,CA,CALIFORNIA,0.06254916,363026.39476606157
249,2026,5,105131.03994078048,1514.637389314405,CO,COLORADO,0.06254916,6575858.238222269
250,2026,6,8555.839218970292,108.78498580867551,CT,CONNECTICUT,0.06254916,535160.5562416478
251,2026,7,63614.809415390846,526.7454141343687,DE,DELAWARE,0.06254916,3979052.8924927893
252,2026,8,0.0,0.0,DC,DISTRICT OF COLUMBIA,0.06254916,0.0
253,2026,9,10894.709476198655,54.60045703481965,FL,FLORIDA,0.06254916,681454.926180266
254,2026,10,188852.6075746873,988.7257467274832,GA,GEORGIA,0.06254916,11812571.967606328
255,2026,12,6595.825643120917,269.807982648923,ID,IDAHO,0.06254916,412563.3534836732
256,2026,13,800140.9509039156,6837.840050908161,IL,ILLINOIS,0.06254916,50048144.36064116
257,2026,14,1302864.768991623,17979.186019888904,IN,INDIANA,0.06254916,81493096.89402008
258,2026,15,423485.6144016838,4535.293343495981,IA,IOWA,0.06254916,26488669.452909227
259,2026,16,1263788.944763708,4631.687726148462,KS,KANSAS,0.06254916,79048936.91225633
260,2026,17,575498.327144777,6727.119359442776,KY,KENTUCKY,0.06254916,35996936.94431101
261,2026,18,143414.42438012036,1676.463179525792,LA,LOUISIANA,0.06254916,8970451.77686005
262,2026,19,203.2740380262541,9.887526052458597,ME,MAINE,0.06254916,12714.620328350253
263,2026,20,195264.0756000327,1334.3503262656045,MD,MARYLAND,0.06254916,12213603.90695854
264,2026,21,7083.977065229793,102.8945756295233,MA,MASSACHUSETTS,0.06254916,443096.8148893888
265,2026,22,125938.42238570066,1532.671718221765,MI,MICHIGAN,0.06254916,7877342.531950773
266,2026,23,179325.45219775182,1999.440376882089,MN,MINNESOTA,0.06254916,11216656.401589531
267,2026,24,150857.37015309063,1635.0860781625847,MS,MISSISSIPPI,0.06254916,9436001.78288489
268,2026,25,530580.264582118,3924.0647344399504,MO,MISSOURI,0.06254916,33187349.862189237
269,2026,26,0.0,0.0,MT,MONTANA,0.06254916,0.0
270,2026,27,447553.8186888889,4160.202680056642,NE,NEBRASKA,0.06254916,27994115.413782306
271,2026,28,0.0,0.0,NV,NEVADA,0.06254916,0.0
272,2026,29,12.920476892068612,3.077598969940836,NH,NEW HAMPSHIRE,0.06254916,808.1649763983023
273,2026,30,31245.39293117281,282.60515047255296,NJ,NEW JERSEY,0.06254916,1954373.0817147973
274,2026,31,0.0,0.0,NM,NEW MEXICO,0.06254916,0.0
275,2026,32,138742.28201056196,1485.42134034179,NY,NEW YORK,0.06254916,8678213.196243763
276,2026,33,261006.3955861388,2187.6212585751346,NC,NORTH CAROLINA,0.06254916,16325730.79854069
277,2026,34,954689.8299751332,4593.77146807988,ND,NORTH DAKOTA,0.06254916,59715046.92548741
278,2026,35,426280.8574831568,8385.199624729692,OH,OHIO,0.06254916,26663509.559651174
279,2026,36,162615.4468449029,487.7215985311495,OK,OKLAHOMA,0.06254916,10171459.603173329
280,2026,37,4523.943240480114,10.572067939844544,OR,OREGON,0.06254916,282968.8495797091
281,2026,38,302052.7536310939,3039.828913993771,PA,PENNSYLVANIA,0.06254916,18893146.015311874
282,2026,39,1352.753270172935,14.1027947468965,RI,RHODE ISLAND,0.06254916,84613.58073657015
283,2026,40,112132.0671407276,817.9970884500556,SC,SOUTH CAROLINA,0.06254916,7013766.6087161135
284,2026,41,1510606.073584214,8094.986712871363,SD,SOUTH DAKOTA,0.06254916,94487140.99359079
285,2026,42,657307.9205700251,4269.424744094435,TN,TENNESSEE,0.06254916,41114058.29300179
286,2026,43,596542.7966785708,3872.7443614543768,TX,TEXAS,0.06254916,37313250.836295396
287,2026,44,0.0,0.0,UT,UTAH,0.06254916,0.0
288,2026,45,886.7491948116822,37.00763080734189,VT,VERMONT,0.06254916,55465.41726614709
289,2026,46,214242.29863671155,1458.6386901580015,VA,VIRGINIA,0.06254916,13400675.816195453
290,2026,47,102115.5524948671,440.1600981777229,WA,WASHINGTON,0.06254916,6387242.031489842
291,2026,48,45533.231492638006,337.7433491039252,WV,WEST VIRGINIA,0.06254916,2848065.381950054
292,2026,49,262848.5439685434,4284.860349635291,WI,WISCONSIN,0.06254916,16440955.632455459
293,2026,50,23777.32258416332,392.2926956822124,WY,WYOMING,0.06254916,1487251.554688445
294,2027,0,1442.8036397767892,130.3984902060575,AL,ALABAMA,0.06369212,91895.22256110003
295,2027,2,0.0,0.0,AZ,ARIZONA,0.06369212,0.0
296,2027,3,46066.1245734432,450.7139472746151,AR,ARKANSAS,0.06369212,2934049.1342666936
297,2027,4,12957.85841451701,161.41065344477465,CA,CALIFORNIA,0.06369212,825313.4730804272
298,2027,5,229982.6840445387,2245.994326986587,CO,COLORADO,0.06369212,14648084.710086845
299,2027,6,4054.105456808417,82.94909315003211,CT,CONNECTICUT,0.06369212,258214.57124769653
300,2027,7,14671.284919077032,209.8000945104271,DE,DELAWARE,0.06369212,934445.2396200446
301,2027,8,0.0,0.0,DC,DISTRICT OF COLUMBIA,0.06369212,0.0
302,2027,9,444.3342734543333,2.736314131236442,FL,FLORIDA,0.06369212,28300.591864966213
303,2027,10,97225.8935832683,568.2063371597558,GA,GEORGIA,0.06369212,6192523.281212755
304,2027,12,18541.714759875096,841.6972602262538,ID,IDAHO,0.06369212,1180961.1214917358
305,2027,13,3654508.0866065416,31523.347777406187,IL,ILLINOIS,0.06369212,232763367.59311426
306,2027,14,1474411.0364289517,15396.293751947294,IN,INDIANA,0.06369212,93908364.66155717
307,2027,15,13815010.423099104,53092.52113006645,IA,IOWA,0.06369212,879907301.669279
308,2027,16,244553.42279252497,1073.997215878382,KS,KANSAS,0.06369212,15576125.950912237
309,2027,17,652389.7634145375,6685.092936935981,KY,KENTUCKY,0.06369212,41552087.09817034
310,2027,18,1090.2671066999042,32.35575259030842,LA,LOUISIANA,0.06369212,69441.4233919831
311,2027,19,675.9355887280207,15.046740641977165,ME,MAINE,0.06369212,43051.77062953574
312,2027,20,36247.8348896774,345.9535441193351,MD,MARYLAND,0.06369212,2308701.44953352
313,2027,21,5832.939601072321,99.0905029562303,MA,MASSACHUSETTS,0.06369212,371512.28902425047
314,2027,22,341359.3989949814,2518.978688747378,MI,MICHIGAN,0.06369212,21741903.80391624
315,2027,23,8356840.319154759,30642.18390539994,MN,MINNESOTA,0.06369212,532264876.42844325
316,2027,24,5391.211700570682,83.36142078416222,MS,MISSISSIPPI,0.06369212,343377.70257815195
317,2027,25,1327291.2833872684,8100.897370816667,MO,MISSOURI,0.06369212,84537995.69645593
318,2027,26,0.0,0.0,MT,MONTANA,0.06369212,0.0
319,2027,27,1880176.3909617856,10304.012108398769,NE,NEBRASKA,0.06369212,119752420.31430496
320,2027,28,0.0,0.0,NV,NEVADA,0.06369212,0.0
321,2027,29,0.0,0.0,NH,NEW HAMPSHIRE,0.06369212,0.0
322,2027,30,10616.028782290354,185.8672489137641,NJ,NEW JERSEY,0.06369212,676157.3791250911
323,2027,31,0.0,0.0,NM,NEW MEXICO,0.06369212,0.0
324,2027,32,183004.39090510207,2647.9564081605704,NY,NEW YORK,0.06369212,11655937.62605467
325,2027,33,29283.620062095302,493.5089500683256,NC,NORTH CAROLINA,0.06369212,1865135.8430293817
326,2027,34,2972022.004722624,10835.3337696646,ND,NORTH DAKOTA,0.06369212,189294382.16743398
327,2027,35,375156.8723658649,4631.538907625944,OH,OHIO,0.06369212,23894536.533551354
328,2027,36,171091.22643257887,684.8301639173036,OK,OKLAHOMA,0.06369212,10897162.924890986
329,2027,37,5103.903465402003,23.21062151776936,OR,OREGON,0.06369212,325078.4319868003
330,2027,38,121524.5824978038,1642.1571824342852,PA,PENNSYLVANIA,0.06369212,7740158.29140002
331,2027,39,1726.5929294817115,15.64733143034845,RI,RHODE ISLAND,0.06369212,109970.36405570072
332,2027,40,92211.42505601524,495.025723231067,SC,SOUTH CAROLINA,0.06369212,5873141.150038729
333,2027,41,9092774.66615145,32583.396458100568,SD,SOUTH DAKOTA,0.06369212,579138095.169478
334,2027,42,129544.19866961136,2790.228855732188,TN,TENNESSEE,0.06369212,8250944.646968728
335,2027,43,477570.78312452167,3777.717632679123,TX,TEXAS,0.06369212,30417495.627261013
336,2027,44,45.41835713731122,1.0738927966049512,UT,UTAH,0.06369212,2892.791452992483
337,2027,45,999.7824197151992,45.02152284853084,VT,VERMONT,0.06369212,63678.261850390845
338,2027,46,18714.5891319243,247.30059492653697,VA,VIRGINIA,0.06369212,1191971.8567412184
339,2027,47,101334.13737486956,456.02628595783534,WA,WASHINGTON,0.06369212,6454186.037776677
340,2027,48,14854.141014262064,190.9750897600684,WV,WEST VIRGINIA,0.06369212,946091.7319773012
341,2027,49,2473952.9279095847,13524.251554089527,WI,WISCONSIN,0.06369212,157571306.75876862
342,2027,50,42792.49997611035,574.2557691964648,WY,WYOMING,0.06369212,2725545.043578418
343,2028,0,300627.4542733712,1315.1242857699854,AL,ALABAMA,0.06483508,19491205.048010364
344,2028,2,0.0,0.0,AZ,ARIZONA,0.06483508,0.0
345,2028,3,179164.49821469546,708.3595274182063,AR,ARKANSAS,0.06483508,11616144.574909637
346,2028,4,17613.436506072398,233.70251020384364,CA,CALIFORNIA,0.06483508,1141968.5649461246
347,2028,5,180191.66976955853,1911.07630616822,CO,COLORADO,0.06483508,11682741.32484291
348,2028,6,14535.153514041216,108.81180963519652,CT,CONNECTICUT,0.06483508,942387.8408951433
349,2028,7,34203.155802417874,417.1492263399555,DE,DELAWARE,0.06483508,2217564.342702227
350,2028,8,0.0,0.0,DC,DISTRICT OF COLUMBIA,0.06483508,0.0
351,2028,9,19051.50195599132,85.99983386329842,FL,FLORIDA,0.06483508,1235205.6534368538
352,2028,10,301445.72895598394,1205.382609708806,GA,GEORGIA,0.06483508,19544257.952519536
353,2028,12,23032.51494868928,894.3740070328107,ID,IDAHO,0.06483508,1493314.9492994656
354,2028,13,17476746.14636593,47390.44757538529,IL,ILLINOIS,0.06483508,1133106234.5393267
355,2028,14,7034152.619191386,26637.857175168218,IN,INDIANA,0.06483508,456059847.7974831
356,2028,15,30553557.83960272,56732.72412460382,IA,IOWA,0.06483508,1980942366.8152695
357,2028,16,2250466.74389615,9808.741337818286,KS,KANSAS,0.06483508,145909191.37784642
358,2028,17,1594427.4708262174,7948.773803578933,KY,KENTUCKY,0.06483508,103374832.62521547
359,2028,18,435792.8117075005,2025.121356882211,LA,LOUISIANA,0.06483508,28254661.81048073
360,2028,19,316.43114775422566,17.571344324156197,ME,MAINE,0.06483508,20515.83877913704
361,2028,20,82689.26678887045,1066.8437900346394,MD,MARYLAND,0.06483508,5361165.2273977585
362,2028,21,9111.41468152576,96.0988729443473,MA,MASSACHUSETTS,0.06483508,590739.2997898973
363,2028,22,967745.3632104006,2925.9327363947705,MI,MICHIGAN,0.06483508,62743848.04337538
364,2028,23,14356571.98607623,32162.82187038552,MN,MINNESOTA,0.06483508,930809493.2430114
365,2028,24,724030.2812097319,2744.513710270838,MS,MISSISSIPPI,0.06483508,46942561.20465547
366,2028,25,2776430.9323517205,14033.49657963905,MO,MISSOURI,0.06483508,180010121.6134984
367,2028,26,0.0,0.0,MT,MONTANA,0.06483508,0.0
368,2028,27,3703119.647185148,18325.07514677522,NE,NEBRASKA,0.06483508,240092058.57482088
369,2028,28,0.0,0.0,NV,NEVADA,0.06483508,0.0
370,2028,29,178.12436280607608,8.864731620605276,NH,NEW HAMPSHIRE,0.06483508,11548.707312480967
371,2028,30,27209.84498464694,354.7430327378792,NJ,NEW JERSEY,0.06483508,1764152.4763671833
372,2028,31,0.0,0.0,NM,NEW MEXICO,0.06483508,0.0
373,2028,32,396500.6141609075,3147.4087308897606,NY,NEW YORK,0.06483508,25707149.039171573
374,2028,33,126890.76158720694,2094.73605669397,NC,NORTH CAROLINA,0.06483508,8226972.678767489
375,2028,34,5062124.929299324,13708.671194245731,ND,NORTH DAKOTA,0.06483508,328203274.761116
376,2028,35,2490728.735319225,15389.536249315212,OH,OHIO,0.06483508,161486596.8127208
377,2028,36,275341.41820166423,1064.0291175184898,OK,OKLAHOMA,0.06483508,17851782.876418356
378,2028,37,4529.070470988367,9.762995373290677,OR,OREGON,0.06483508,293642.64631216845
379,2028,38,598949.6082254312,6033.336225413301,PA,PENNSYLVANIA,0.06483508,38832945.76526449
380,2028,39,897.1784037026217,7.240621655918613,RI,RHODE ISLAND,0.06483508,58168.63357833178
381,2028,40,178171.72602573727,974.1907197078542,SC,SOUTH CAROLINA,0.06483508,11551778.110616758
382,2028,41,13637088.166644985,34129.731449776045,SD,SOUTH DAKOTA,0.06483508,884161702.2514809
383,2028,42,773077.0527972914,4374.578813342352,TN,TENNESSEE,0.06483508,50122512.56427661
384,2028,43,2456625.347025344,12816.962954933002,TX,TEXAS,0.06483508,159275500.90441597
385,2028,44,0.0,0.0,UT,UTAH,0.06483508,0.0
386,2028,45,1390.5969948337065,44.47547753902563,VT,VERMONT,0.06483508,90159.46740780295
387,2028,46,71564.21325558037,915.577549210618,VA,VIRGINIA,0.06483508,4639871.491562613
388,2028,47,95228.8972303496,445.8190881818128,WA,WASHINGTON,0.06483508,6174173.170241495
389,2028,48,27934.574809016933,425.3406505493758,WV,WEST VIRGINIA,0.06483508,1811140.3925085976
390,2028,49,5690367.738639862,16448.48043223751,WI,WISCONSIN,0.06483508,368935447.56413454
391,2028,50,36315.75095015013,468.7815222281378,WY,WYOMING,0.06483508,2354534.61811306
392,2029,0,1563.9424562726613,100.47959871239948,AL,ALABAMA,0.06597804,103185.85793765589
393,2029,2,0.0,0.0,AZ,ARIZONA,0.06597804,0.0
394,2029,3,0.0,0.0,AR,ARKANSAS,0.06597804,0.0
395,2029,4,17102.890376517185,212.3164913614393,CA,CALIFORNIA,0.06597804,1128415.1853774658
396,2029,5,490718.93243672216,4606.613790382477,CO,COLORADO,0.06597804,32376673.353067353
397,2029,6,1642.6782213095937,25.452409428511032,CT,CONNECTICUT,0.06597804,108380.68939269322
398,2029,7,1770.285543933251,15.908683191411018,DE,DELAWARE,0.06597804,116799.97042904979
399,2029,8,0.0,0.0,DC,DISTRICT OF COLUMBIA,0.06597804,0.0
400,2029,9,853.9983419999354,7.209104404304886,FL,FLORIDA,0.06597804,56345.13676840542
401,2029,10,15146.943333383178,201.49509318272675,GA,GEORGIA,0.06597804,999365.6331276887
402,2029,12,9943.7018931664,422.0534707709207,ID,IDAHO,0.06597804,656065.9612554085
403,2029,13,2018851.2619676287,22969.894601104897,IL,ILLINOIS,0.06597804,133199849.3161507
404,2029,14,87052.86223008747,2506.8592658299867,IN,INDIANA,0.06597804,5743577.2263312
405,2029,15,24925796.031353883,56759.59783181644,IA,IOWA,0.06597804,1644555167.5885077
406,2029,16,2544276.501634608,8742.886548975534,KS,KANSAS,0.06597804,167866376.7959082
407,2029,17,2091.0615702418386,24.36860432976248,KY,KENTUCKY,0.06597804,137964.14392387884
408,2029,18,94.39861899908718,0.6895148874389639,LA,LOUISIANA,0.06597804,6228.235860266534
409,2029,19,856.2159228440482,20.38546084636106,ME,MAINE,0.06597804,56491.44840604153
410,2029,20,31054.08930817832,728.8376778533615,MD,MARYLAND,0.06597804,2048887.9465385617
411,2029,21,2421.328873093892,33.365905475280854,MA,MASSACHUSETTS,0.06597804,159754.53324214372
412,2029,22,397051.9255871463,2463.1561644781727,MI,MICHIGAN,0.06597804,26196707.82846576
413,2029,23,11561138.488884864,31802.64909993032,MN,MINNESOTA,0.06597804,762781257.6651852
414,2029,24,67.68941570418087,20.42940118812835,MS,MISSISSIPPI,0.06597804,4466.014976907074
415,2029,25,1284779.5793695936,7894.239524886415,MO,MISSOURI,0.06597804,84767238.47883022
416,2029,26,0.0,0.0,MT,MONTANA,0.06597804,0.0
417,2029,27,4529136.748686454,23497.960579124687,NE,NEBRASKA,0.06597804,298823565.5703048
418,2029,28,0.0,0.0,NV,NEVADA,0.06597804,0.0
419,2029,29,137.01280921153906,4.527966752942443,NH,NEW HAMPSHIRE,0.06597804,9039.836606671293
420,2029,30,0.0,0.0,NJ,NEW JERSEY,0.06597804,0.0
421,2029,31,13.783280505554895,0.5605289565624231,NM,NEW MEXICO,0.06597804,909.3938325267212
422,2029,32,9195.574671628136,87.27631860044137,NY,NEW YORK,0.06597804,606705.993507668
423,2029,33,7296.870124227991,100.06147869358917,NC,NORTH CAROLINA,0.06597804,481433.1889311194
424,2029,34,4924484.659162919,13729.617999104808,ND,NORTH DAKOTA,0.06597804,324907845.82163745
425,2029,35,172125.47069972064,1848.5647119628168,OH,OHIO,0.06597804,11356501.190844998
426,2029,36,139731.07472806762,510.01961321640414,OK,OKLAHOMA,0.06597804,9219182.437651433
427,2029,37,4401.3537683879495,9.453178791641683,OR,OREGON,0.06597804,290392.6949848508
428,2029,38,3863.313413153681,146.14549809524527,PA,PENNSYLVANIA,0.06597804,254893.8469055901
429,2029,39,2032.3657442379929,19.17180737698988,RI,RHODE ISLAND,0.06597804,134091.50836796407
430,2029,40,40418.92813037588,354.2628588959641,SC,SOUTH CAROLINA,0.06597804,2666761.6569430656
431,2029,41,14279501.273261797,35963.9666908595,SD,SOUTH DAKOTA,0.06597804,942133506.1873178
432,2029,42,3664.902482322264,72.02435584121918,TN,TENNESSEE,0.06597804,241803.08257475763
433,2029,43,513014.7868485599,2734.3813329212426,TX,TEXAS,0.06597804,33847710.12728576
434,2029,44,0.0,0.0,UT,UTAH,0.06597804,0.0
435,2029,45,842.2521475961071,20.54238865467286,VT,VERMONT,0.06597804,55570.14588418186
436,2029,46,9307.816541676371,182.0367074979253,VA,VIRGINIA,0.06597804,614111.4920993852
437,2029,47,86348.2637493093,411.589548212577,WA,WASHINGTON,0.06597804,5697089.199582479
438,2029,48,9428.439719525488,145.90026282337902,WV,WEST VIRGINIA,0.06597804,622069.9729524414
439,2029,49,3028041.765564368,14179.048506611569,WI,WISCONSIN,0.06597804,199784260.73007652
440,2029,50,67924.64732994599,1031.7009335177047,WY,WYOMING,0.06597804,4481535.098521071
441,2030,0,87746.77215796118,752.903184510089,AL,ALABAMA,0.067121,5889651.094014513
442,2030,2,0.0,0.0,AZ,ARIZONA,0.067121,0.0
443,2030,3,132074.30599937128,595.4769667996486,AR,ARKANSAS,0.067121,8864959.4929838
444,2030,4,22289.185917076284,288.414873144226,CA,CALIFORNIA,0.067121,1496072.4479400772
445,2030,5,343898.3559798302,3571.137509120007,CO,COLORADO,0.067121,23082801.551722184
446,2030,6,73.6900649301803,1.5667125222044516,CT,CONNECTICUT,0.067121,4946.150848178631
447,2030,7,14263.777594190096,233.9408114427715,DE,DELAWARE,0.067121,957399.0158996335
448,2030,8,0.0,0.0,DC,DISTRICT OF COLUMBIA,0.067121,0.0
449,2030,9,16314.903336032068,65.6076247094076,FL,FLORIDA,0.067121,1095072.6268178085
450,2030,10,263874.2436895531,1135.4032228676351,GA,GEORGIA,0.067121,17711503.110686496
451,2030,12,18454.99201351196,721.5798812134863,ID,IDAHO,0.067121,1238717.5189389363
452,2030,13,1065728.0013584583,10342.052782373425,IL,ILLINOIS,0.067121,71532729.17918108
453,2030,14,480641.7309211225,7639.830976188719,IN,INDIANA,0.067121,32261153.621156663
454,2030,15,2049260.2891887,11617.86000137144,IA,IOWA,0.067121,137548399.87063473
455,2030,16,2565532.6184387333,8692.08951801868,KS,KANSAS,0.067121,172201114.8822262
456,2030,17,365845.9157549128,3840.105473396572,KY,KENTUCKY,0.067121,24555943.711385507
457,2030,18,935166.6208007484,3644.69955846988,LA,LOUISIANA,0.067121,62769318.75476703
458,2030,19,170.7100660656251,16.231434887821056,ME,MAINE,0.067121,11458.230344390824
459,2030,20,56151.55603640334,974.895618243849,MD,MARYLAND,0.067121,3768948.5927194282
460,2030,21,2463.580617049571,36.56023218572923,MA,MASSACHUSETTS,0.067121,165357.99459698427
461,2030,22,223068.55351643747,2210.3291141418795,MI,MICHIGAN,0.067121,14972584.380576799
462,2030,23,632441.4926778256,5710.322768157292,MN,MINNESOTA,0.067121,42450105.43002833
463,2030,24,620653.1333308804,2212.062685209992,MS,MISSISSIPPI,0.067121,41658858.96230202
464,2030,25,540223.8965228242,5148.786041515177,MO,MISSOURI,0.067121,36260368.15850848
465,2030,26,0.0,0.0,MT,MONTANA,0.067121,0.0
466,2030,27,4138634.7252038615,21357.621728904465,NE,NEBRASKA,0.067121,277789301.3904084
467,2030,28,0.0,0.0,NV,NEVADA,0.067121,0.0
468,2030,29,2.4089587464829214,3.4717243119691776,NH,NEW HAMPSHIRE,0.067121,161.69172002268016
469,2030,30,18183.88037115403,231.595713370568,NJ,NEW JERSEY,0.067121,1220520.23439223
470,2030,31,0.0,0.0,NM,NEW MEXICO,0.067121,0.0
471,2030,32,106048.70626761502,938.5034275550656,NY,NEW YORK,0.067121,7118095.213388587
472,2030,33,497437.7729371,2492.273697704178,NC,NORTH CAROLINA,0.067121,33388520.757311087
473,2030,34,3044052.0380443297,11831.421220406026,ND,NORTH DAKOTA,0.067121,204319816.84557346
474,2030,35,393539.9324365897,6532.468014276496,OH,OHIO,0.067121,26414793.805076335
475,2030,36,216130.4789593843,796.322372406295,OK,OKLAHOMA,0.067121,14506893.878232833
476,2030,37,5396.20668205058,25.46996716699796,OR,OREGON,0.067121,362198.788705917
477,2030,38,139058.32101577596,1727.851421081296,PA,PENNSYLVANIA,0.067121,9333733.564899897
478,2030,39,0.0,0.0,RI,RHODE ISLAND,0.067121,0.0
479,2030,40,384407.1375501844,1284.7780459254918,SC,SOUTH CAROLINA,0.067121,25801791.479505926
480,2030,41,7550354.485743076,31932.6825123107,SD,SOUTH DAKOTA,0.067121,506787343.437561
481,2030,42,347162.648644053,2674.990508410303,TN,TENNESSEE,0.067121,23301904.139637485
482,2030,43,1583043.4290979612,8256.267256424055,TX,TEXAS,0.067121,106255458.00448425
483,2030,44,45.42744497799841,1.0741076737441917,UT,UTAH,0.067121,3049.1355343682317
484,2030,45,978.238393381922,30.82516054452585,VT,VERMONT,0.067121,65660.33920218798
485,2030,46,80816.27235650833,839.1954236078194,VA,VIRGINIA,0.067121,5424469.0168411955
486,2030,47,94380.78750638578,432.8169878673902,WA,WASHINGTON,0.067121,6334932.838216119
487,2030,48,20343.386791906643,259.6732620981524,WV,WEST VIRGINIA,0.067121,1365468.4648595657
488,2030,49,93994.75097655806,1066.177194652225,WI,WISCONSIN,0.067121,6309021.680297554
489,2030,50,42696.05739143559,578.696391037116,WY,WYOMING,0.067121,2865802.0681705484
490,2031,0,443.61991823232063,17.810245773730518,AL,ALABAMA,0.0662312,29381.479528428477
491,2031,2,0.0,0.0,AZ,ARIZONA,0.0662312,0.0
492,2031,3,0.0,0.0,AR,ARKANSAS,0.0662312,0.0
493,2031,4,12009.787335113668,149.8215954210299,CA,CALIFORNIA,0.0662312,795422.6269493804
494,2031,5,211831.7214264599,2611.474020219482,CO,COLORADO,0.0662312,14029869.108140152
495,2031,6,9500.266354302295,134.28334191164572,CT,CONNECTICUT,0.0662312,629214.0409650662
496,2031,7,104687.06047757606,633.1042131079153,DE,DELAWARE,0.0662312,6933549.639902436
497,2031,8,0.0,0.0,DC,DISTRICT OF COLUMBIA,0.0662312,0.0
498,2031,9,33.83566204539537,0.3659655434333859,FL,FLORIDA,0.0662312,2240.9765000609896
499,2031,10,5609.815265211645,56.37059687205576,GA,GEORGIA,0.0662312,371544.7967932856
500,2031,12,18074.472163271963,697.0442762428428,ID,IDAHO,0.0662312,1197093.980740098
501,2031,13,8212723.24407897,36743.93907218013,IL,ILLINOIS,0.0662312,543938515.7232431
502,2031,14,3416335.283370071,24270.94151946146,IN,INDIANA,0.0662312,226267985.41993985
503,2031,15,8688556.534390528,34431.02375688856,IA,IOWA,0.0662312,575453525.5405259
504,2031,16,3065712.701016876,10559.936312483043,KS,KANSAS,0.0662312,203045831.0435889
505,2031,17,53191.49518299158,658.9108165120663,KY,KENTUCKY,0.0662312,3522936.555763752
506,2031,18,0.0,0.0,LA,LOUISIANA,0.0662312,0.0
507,2031,19,283.85389623437413,15.919173807558677,ME,MAINE,0.0662312,18799.98417227808
508,2031,20,220073.93359169137,1773.569692983019,MD,MARYLAND,0.0662312,14575760.710498031
509,2031,21,11244.656627788334,143.08247082577307,MA,MASSACHUSETTS,0.0662312,744747.1020463747
510,2031,22,636186.3901336116,3413.298055080121,MI,MICHIGAN,0.0662312,42135388.04221726
511,2031,23,622011.2720549274,4950.6657808481095,MN,MINNESOTA,0.0662312,41196552.96172431
512,2031,24,0.0,0.0,MS,MISSISSIPPI,0.0662312,0.0
513,2031,25,2490122.343306674,12073.552837727011,MO,MISSOURI,0.0662312,164923790.944013
514,2031,26,0.0,0.0,MT,MONTANA,0.0662312,0.0
515,2031,27,2953770.446177177,19263.07602624302,NE,NEBRASKA,0.0662312,195631761.17484987
516,2031,28,0.0,0.0,NV,NEVADA,0.0662312,0.0
517,2031,29,485.1110961453738,18.813236087573,NH,NEW HAMPSHIRE,0.0662312,32129.49003102348
518,2031,30,120567.65547318805,745.4930659531042,NJ,NEW JERSEY,0.0662312,7985340.503175813
519,2031,31,0.0,0.0,NM,NEW MEXICO,0.0662312,0.0
520,2031,32,617558.3479373152,3729.084547726252,NY,NEW YORK,0.0662312,40901630.45390592
521,2031,33,28919.652549478044,484.8807579913813,NC,NORTH CAROLINA,0.0662312,1915383.2919349903
522,2031,34,4035503.510718792,11568.544024369843,ND,NORTH DAKOTA,0.0662312,267276240.1191185
523,2031,35,2580532.086714891,16179.448926540492,OH,OHIO,0.0662312,170911736.7416313
524,2031,36,165748.00151690975,494.7373759902192,OK,OKLAHOMA,0.0662312,10977689.038066754
525,2031,37,3911.461351826368,9.372480151357866,OR,OREGON,0.0662312,259060.77908508258
526,2031,38,1194023.5418195357,8641.085311979035,PA,PENNSYLVANIA,0.0662312,79081612.00295804
527,2031,39,694.824957885918,16.314117974246493,RI,RHODE ISLAND,0.0662312,46019.09075073381
528,2031,40,713.7952384871991,4.138895106176275,SC,SOUTH CAROLINA,0.0662312,47275.51519929338
529,2031,41,6254742.007530027,26005.508536021167,SD,SOUTH DAKOTA,0.0662312,414259068.84912276
530,2031,42,3542.3831528321643,37.412978130960894,TN,TENNESSEE,0.0662312,234616.28707185766
531,2031,43,461272.9156935753,2378.782638289807,TX,TEXAS,0.0662312,30550658.733884323
532,2031,44,0.0,0.0,UT,UTAH,0.0662312,0.0
533,2031,45,3140.710591812808,63.98900779631752,VT,VERMONT,0.0662312,208013.03134847246
534,2031,46,101663.379841858,1102.272117476079,VA,VIRGINIA,0.0662312,6733287.642982066
535,2031,47,79159.89089851669,397.9792775797464,WA,WASHINGTON,0.0662312,5242854.56607784
536,2031,48,38216.96958123275,459.8754771113286,WV,WEST VIRGINIA,0.0662312,2531155.755728543
537,2031,49,2100488.057574741,12612.077135264271,WI,WISCONSIN,0.0662312,139117844.6388442
538,2031,50,68948.11339392577,896.531429952223,WY,WYOMING,0.0662312,4566516.287815777
539,2032,0,3598.6969147858904,58.90243575910768,AL,ALABAMA,0.0653414,235143.89458779077
540,2032,2,0.0,0.0,AZ,ARIZONA,0.0653414,0.0
541,2032,3,20386.346369139683,234.8159127158192,AR,ARKANSAS,0.0653414,1332072.4126445036
542,2032,4,16133.138855865624,200.2969571069079,CA,CALIFORNIA,0.0653414,1054161.8792366579
543,2032,5,281324.86539933144,3258.418891814469,CO,COLORADO,0.0653414,18382160.560003873
544,2032,6,317.5803194799993,8.54484411246826,CT,CONNECTICUT,0.0653414,20751.14268727042
545,2032,7,2123.4521480743206,35.07912832096158,DE,DELAWARE,0.0653414,138749.3361881834
546,2032,8,0.0,0.0,DC,DISTRICT OF COLUMBIA,0.0653414,0.0
547,2032,9,10053.677940556336,64.3804368873343,FL,FLORIDA,0.0653414,656921.3917850677
548,2032,10,58311.22097887207,447.5471874122072,GA,GEORGIA,0.0653414,3810136.8144688713
549,2032,12,21616.20261769009,822.2863939236836,ID,IDAHO,0.0653414,1412432.941723535
550,2032,13,1493679.2513414356,18615.81696541311,IL,ILLINOIS,0.0653414,97599093.43360128
551,2032,14,621226.2320701615,10858.61481188304,IN,INDIANA,0.0653414,40591791.72018924
552,2032,15,1430826.2741475324,16075.591404327184,IA,IOWA,0.0653414,93492191.90958357
553,2032,16,1492666.8638554122,6399.896346835792,KS,KANSAS,0.0653414,97532942.61792202
554,2032,17,29128.32451552516,1473.1097246235918,KY,KENTUCKY,0.0653414,1903285.5034987356
555,2032,18,35376.77105981614,473.4544096170932,LA,LOUISIANA,0.0653414,2311567.7485278705
556,2032,19,213.7797909591264,10.111428462737711,ME,MAINE,0.0653414,13968.670832976659
557,2032,20,16166.961579229524,420.8785249825396,MD,MARYLAND,0.0653414,1056371.903333068
558,2032,21,842.4623923536672,14.22495953575853,MA,MASSACHUSETTS,0.0653414,55047.6721637379
559,2032,22,97083.1783508016,1361.0151709803995,MI,MICHIGAN,0.0653414,6343550.789891066
560,2032,23,218140.6587906092,1685.6587725050945,MN,MINNESOTA,0.0653414,14253616.042300709
561,2032,24,2118.442797074715,38.80761403408297,MS,MISSISSIPPI,0.0653414,138422.01818077778
562,2032,25,1310289.1752445414,11656.77709824296,MO,MISSOURI,0.0653414,85616129.11532366
563,2032,26,0.0,0.0,MT,MONTANA,0.0653414,0.0
564,2032,27,1044991.7778836387,8432.049088740405,NE,NEBRASKA,0.0653414,68281225.75540599
565,2032,28,0.0,0.0,NV,NEVADA,0.0653414,0.0
566,2032,29,24.56410792031893,6.744196885687847,NH,NEW HAMPSHIRE,0.0653414,1605.053201264727
567,2032,30,2557.7895095551926,49.552801313290594,NJ,NEW JERSEY,0.0653414,167129.54745964965
568,2032,31,0.0,0.0,NM,NEW MEXICO,0.0653414,0.0
569,2032,32,27468.995225317445,281.6815461110604,NY,NEW YORK,0.0653414,1794862.604615557
570,2032,33,17932.712653636263,512.6817951902578,NC,NORTH CAROLINA,0.0653414,1171748.5505863084
571,2032,34,1405027.8450022405,9154.721100043862,ND,NORTH DAKOTA,0.0653414,91806486.43142939
572,2032,35,141799.3767091238,3543.604810688431,OH,OHIO,0.0653414,9265369.793301543
573,2032,36,110048.60368465872,433.919451309617,OK,OKLAHOMA,0.0653414,7190729.832800759
574,2032,37,5473.483801957583,21.778172672989623,OR,OREGON,0.0653414,357645.0944972312
575,2032,38,75251.76377244617,1113.498430728264,PA,PENNSYLVANIA,0.0653414,4917055.597360914
576,2032,39,0.0,0.0,RI,RHODE ISLAND,0.0653414,0.0
577,2032,40,0.0,0.0,SC,SOUTH CAROLINA,0.0653414,0.0
578,2032,41,3004457.226523936,18351.93553320953,SD,SOUTH DAKOTA,0.0653414,196315441.42119107
579,2032,42,14481.45299059679,643.7988437401863,TN,TENNESSEE,0.0653414,946238.412439781
580,2032,43,292953.36761606653,1516.300924963769,TX,TEXAS,0.0653414,19141983.174748447
581,2032,44,45.41835682722997,1.0738927892732455,UT,UTAH,0.0653414,2967.6990207907643
582,2032,45,493.9287073594266,7.742441550342168,VT,VERMONT,0.0653414,32273.993239055235
583,2032,46,7337.103374538011,202.7636405391165,VA,VIRGINIA,0.0653414,479416.60643703793
584,2032,47,96758.42503776855,398.6726136988207,WA,WASHINGTON,0.0653414,6322330.95376285
585,2032,48,3640.77185923214,56.393031822851846,WV,WEST VIRGINIA,0.0653414,237893.1303628309
586,2032,49,349949.29823167896,5109.589380862942,WI,WISCONSIN,0.0653414,22866177.075475425
587,2032,50,51948.34403438685,699.6788093074317,WY,WYOMING,0.0653414,3394377.5268884846
588,2033,0,137523.199189366,970.5809188764916,AL,ALABAMA,0.0644516,8863590.22487334
589,2033,2,0.0,0.0,AZ,ARIZONA,0.0644516,0.0
590,2033,3,71208.83520665404,406.1598389317886,AR,ARKANSAS,0.0644516,4589523.363205183
591,2033,4,4393.546350925492,54.84282219538635,CA,CALIFORNIA,0.0644516,283171.0919913094
592,2033,5,274889.1267255112,2872.7392880797524,CO,COLORADO,0.0644516,17717044.040061958
593,2033,6,11287.788046204128,123.26017606582022,CT,CONNECTICUT,0.0644516,727516.00003873
594,2033,7,35315.32980450202,466.6103081333275,DE,DELAWARE,0.0644516,2276129.5104278424
595,2033,8,0.0,0.0,DC,DISTRICT OF COLUMBIA,0.0644516,0.0
596,2033,9,11477.812505477385,49.87383428596313,FL,FLORIDA,0.0644516,739763.3804780261
597,2033,10,233506.3535874323,1172.3198207699515,GA,GEORGIA,0.0644516,15049858.098875752
598,2033,12,4466.788898222383,180.83775425575544,ID,IDAHO,0.0644516,287891.69135266973
599,2033,13,453061.4400493679,1966.281893858076,IL,ILLINOIS,0.0644516,29200534.70948584
600,2033,14,306611.1314330192,3805.4114428430944,IN,INDIANA,0.0644516,19761577.998668376
601,2033,15,0.0,0.0,IA,IOWA,0.0644516,0.0
602,2033,16,802079.7488986471,2757.33378390742,KS,KANSAS,0.0644516,51695323.144116044
603,2033,17,670273.3079497331,5917.735824295492,KY,KENTUCKY,0.0644516,43200187.13465302
604,2033,18,23884.234736689035,264.56287728537325,LA,LOUISIANA,0.0644516,1539377.143555187
605,2033,19,1143.3342101662886,23.555180252200323,ME,MAINE,0.0644516,73689.71917995356
606,2033,20,35646.411629409035,448.1978617464741,MD,MARYLAND,0.0644516,2297468.2637740197
607,2033,21,10949.093722627687,124.94388662560492,MA,MASSACHUSETTS,0.0644516,705686.6089733107
608,2033,22,59089.98878150148,777.4039060163497,MI,MICHIGAN,0.0644516,3808444.320949821
609,2033,23,18034.537236727672,130.29349797984395,MN,MINNESOTA,0.0644516,1162354.7801666772
610,2033,24,106449.11142050012,1048.6689366910127,MS,MISSISSIPPI,0.0644516,6860815.549629505
611,2033,25,200855.67138556967,1118.1112054530226,MO,MISSOURI,0.0644516,12945469.38987418
612,2033,26,0.0,0.0,MT,MONTANA,0.0644516,0.0
613,2033,27,364059.43263829406,2573.124817840855,NE,NEBRASKA,0.0644516,23464212.92863027
614,2033,28,0.0,0.0,NV,NEVADA,0.0644516,0.0
615,2033,29,1038.3579629093986,21.54963606909224,NH,NEW HAMPSHIRE,0.0644516,66923.83208225139
616,2033,30,32884.364235995614,410.4899620139505,NJ,NEW JERSEY,0.0644516,2119449.889992695
617,2033,31,0.0,0.0,NM,NEW MEXICO,0.0644516,0.0
618,2033,32,165668.63336304575,2293.070884643978,NY,NEW YORK,0.0644516,10677608.49006168
619,2033,33,337136.8667101716,2686.234629621667,NC,NORTH CAROLINA,0.0644516,21729010.478457298
620,2033,34,174372.57855876238,858.0731934598126,ND,NORTH DAKOTA,0.0644516,11238591.684237929
621,2033,35,86276.84272231464,1886.108825314766,OH,OHIO,0.0644516,5560680.556401534
622,2033,36,143768.18255129276,580.0447370825119,OK,OKLAHOMA,0.0644516,9266089.3945229
623,2033,37,3672.08187972827,8.186808999429717,OR,OREGON,0.0644516,236671.55247949454
624,2033,38,139681.6713057739,1881.6779032629229,PA,PENNSYLVANIA,0.0644516,9002707.206331216
625,2033,39,232.87403489582368,7.295059068990957,RI,RHODE ISLAND,0.0644516,15009.10414749167
626,2033,40,119809.75688092213,818.8494350587637,SC,SOUTH CAROLINA,0.0644516,7721930.52658644
627,2033,41,142393.48221958615,2149.952673491239,SD,SOUTH DAKOTA,0.0644516,9177487.758623878
628,2033,42,509417.9383680554,3225.893605782544,TN,TENNESSEE,0.0644516,32832801.19652256
629,2033,43,493087.5225193425,3051.9032216949145,TX,TEXAS,0.0644516,31780279.766407654
630,2033,44,0.0,0.0,UT,UTAH,0.0644516,0.0
631,2033,45,4222.217126626027,63.3016391504259,VT,VERMONT,0.0644516,272128.64935845
632,2033,46,40314.29673948126,432.28242916457657,VA,VIRGINIA,0.0644516,2598320.92773435
633,2033,47,66958.52643260284,322.52612999831035,WA,WASHINGTON,0.0644516,4315584.162223545
634,2033,48,5927.257129528498,81.39746673169674,WV,WEST VIRGINIA,0.0644516,382021.2056095189
635,2033,49,27462.23844409797,230.1501234326049,WI,WISCONSIN,0.0644516,1769985.2073036246
636,2033,50,26226.06450130168,539.8136929360726,WY,WYOMING,0.0644516,1690311.8188120953
637,2034,0,4006.801328889063,141.39614435921726,AL,ALABAMA,0.0635618,254679.50470658086
638,2034,2,0.0,0.0,AZ,ARIZONA,0.0635618,0.0
639,2034,3,54943.3340512232,452.02707773888494,AR,ARKANSAS,0.0635618,3492297.2102970392
640,2034,4,22478.435092184784,284.2320768554049,CA,CALIFORNIA,0.0635618,1428769.7956424307
641,2034,5,556719.3968223097,4938.286667654666,CO,COLORADO,0.0635618,35386086.956940286
642,2034,6,2815.0650646806043,67.00092545807392,CT,CONNECTICUT,0.0635618,178930.60262821562
643,2034,7,19327.0443808686,419.09340742810826,DE,DELAWARE,0.0635618,1228461.7295278937
644,2034,8,0.0,0.0,DC,DISTRICT OF COLUMBIA,0.0635618,0.0
645,2034,9,16.731494735870886,0.3433675089893395,FL,FLORIDA,0.0635618,1063.4839221024781
646,2034,10,856.305710663323,21.67262134592719,GA,GEORGIA,0.0635618,54428.332320040005
647,2034,12,20224.011330583508,777.5155498129548,ID,IDAHO,0.0635618,1285474.563392283
648,2034,13,722928.6252436792,7655.026053909913,IL,ILLINOIS,0.0635618,45950644.69201369
649,2034,14,295337.2468348305,3425.173198254095,IN,INDIANA,0.0635618,18772167.01586613
650,2034,15,2329211.573486762,18565.04223228906,IA,IOWA,0.0635618,148048880.19165087
651,2034,16,3101691.1532309484,10795.600087289244,KS,KANSAS,0.0635618,197149072.7434349
652,2034,17,661.8805678757594,24.69871388085521,KY,KENTUCKY,0.0635618,42070.32027920545
653,2034,18,39288.73610015882,533.8502101584664,LA,LOUISIANA,0.0635618,2497262.7862510746
654,2034,19,0.0,0.0,ME,MAINE,0.0635618,0.0
655,2034,20,34435.15426196198,665.9897408702008,MD,MARYLAND,0.0635618,2188760.388167975
656,2034,21,363.9016091045082,11.187437757490256,MA,MASSACHUSETTS,0.0635618,23130.241297578934
657,2034,22,34943.49305568449,495.3286286431433,MI,MICHIGAN,0.0635618,2221071.3169068065
658,2034,23,343781.353655189,3626.252180766844,MN,MINNESOTA,0.0635618,21851361.644760393
659,2034,24,626.9892981499995,44.32600228243668,MS,MISSISSIPPI,0.0635618,39852.568371150635
660,2034,25,1296734.6568137398,9374.48100840303,MO,MISSOURI,0.0635618,82422788.90946357
661,2034,26,0.0,0.0,MT,MONTANA,0.0635618,0.0
662,2034,27,4850685.639099296,23656.554477905465,NE,NEBRASKA,0.0635618,308318310.4553017
663,2034,28,0.0,0.0,NV,NEVADA,0.0635618,0.0
664,2034,29,0.0,0.0,NH,NEW HAMPSHIRE,0.0635618,0.0
665,2034,30,7732.759984719214,389.4116761432863,NJ,NEW JERSEY,0.0635618,491508.1435967258
666,2034,31,0.0,0.0,NM,NEW MEXICO,0.0635618,0.0
667,2034,32,15961.765337302884,461.4887250865392,NY,NEW YORK,0.0635618,1014558.5360165784
668,2034,33,36606.02164244928,880.8455557993627,NC,NORTH CAROLINA,0.0635618,2326744.626433033
669,2034,34,1445233.4855298533,8073.992431737141,ND,NORTH DAKOTA,0.0635618,91861641.76055144
670,2034,35,32956.31156876344,1164.1994633248316,OH,OHIO,0.0635618,2094762.4846714283
671,2034,36,179473.17082309877,677.1834833990163,OK,OKLAHOMA,0.0635618,11407637.789223641
672,2034,37,3876.129966763289,8.187565217825409,OR,OREGON,0.0635618,246373.7977214148
673,2034,38,30934.449473965906,760.6873813489873,PA,PENNSYLVANIA,0.0635618,1966249.2905743262
674,2034,39,535.5083512295697,9.96504718450598,RI,RHODE ISLAND,0.0635618,34037.87471918367
675,2034,40,46792.02346304008,507.6204665821021,SC,SOUTH CAROLINA,0.0635618,2974185.236953061
676,2034,41,5053463.617338786,28837.418123739608,SD,SOUTH DAKOTA,0.0635618,321207243.7525645
677,2034,42,2882.225821966559,117.27563004549408,TN,TENNESSEE,0.0635618,183199.46125067404
678,2034,43,1020272.9137221716,5890.411482856346,TX,TEXAS,0.0635618,64850382.88742592
679,2034,44,0.0,0.0,UT,UTAH,0.0635618,0.0
680,2034,45,12.978445860806293,3.0576279393602714,VT,VERMONT,0.0635618,824.9333801153974
681,2034,46,21210.49801755148,325.541698641081,VA,VIRGINIA,0.0635618,1348177.4328920036
682,2034,47,84949.76709931232,375.75150084125806,WA,WASHINGTON,0.0635618,5399560.10641307
683,2034,48,4073.626208645676,45.39556655104988,WV,WEST VIRGINIA,0.0635618,258927.01434869473
684,2034,49,534951.0765960466,5039.449795380109,WI,WISCONSIN,0.0635618,34002453.34038259
685,2034,50,83029.09830689509,1182.0355450961342,WY,WYOMING,0.0635618,5277478.940763204
686,2035,0,23286.54920950196,264.0457744589723,AL,ALABAMA,0.062672,1459414.6120579073
687,2035,2,0.0,0.0,AZ,ARIZONA,0.062672,0.0
688,2035,3,16605.752745542224,209.4502218458434,AR,ARKANSAS,0.062672,1040715.7360686224
689,2035,4,9888.469796039397,121.19307913836748,CA,CALIFORNIA,0.062672,619730.1790573811
690,2035,5,134402.68188392208,1687.5327674482994,CO,COLORADO,0.062672,8423284.879029164
691,2035,6,1495.195661023749,44.45170193360663,CT,CONNECTICUT,0.062672,93706.90246768041
692,2035,7,3598.1943123473247,73.5796112950236,DE,DELAWARE,0.062672,225506.03394343154
693,2035,8,0.0,0.0,DC,DISTRICT OF COLUMBIA,0.062672,0.0
694,2035,9,0.0,0.0,FL,FLORIDA,0.062672,0.0
695,2035,10,7734.08476971522,113.87842362373708,GA,GEORGIA,0.062672,484710.56068759237
696,2035,12,4388.765930071632,183.912033997984,ID,IDAHO,0.062672,275052.7383694494
697,2035,13,316974.2415901944,3140.6030886645144,IL,ILLINOIS,0.062672,19865409.668940667
698,2035,14,182596.8328926664,2754.786833620493,IN,INDIANA,0.062672,11443708.71104919
699,2035,15,55116.56077328439,227.0338760589009,IA,IOWA,0.062672,3454265.0967832794
700,2035,16,315444.1430797173,1771.539192374356,KS,KANSAS,0.062672,19769515.33509204
701,2035,17,154676.78531720533,3795.5591678835344,KY,KENTUCKY,0.062672,9693903.489399893
702,2035,18,121072.79299958068,876.1515777149278,LA,LOUISIANA,0.062672,7587874.082869722
703,2035,19,651.2577250097169,12.843800790600516,ME,MAINE,0.062672,40815.62414180898
704,2035,20,33966.70229558996,635.6145066215532,MD,MARYLAND,0.062672,2128761.1662692144
705,2035,21,2057.699280436457,70.22642756052534,MA,MASSACHUSETTS,0.062672,128960.12930351362
706,2035,22,58279.36976962184,785.3594504605694,MI,MICHIGAN,0.062672,3652484.66220174
707,2035,23,204066.21908865424,1313.660913397799,MN,MINNESOTA,0.062672,12789238.082724141
708,2035,24,15159.852816198036,182.59549740047024,MS,MISSISSIPPI,0.062672,950098.2956967634
709,2035,25,239382.8816183922,1642.9426279883016,MO,MISSOURI,0.062672,15002603.956787877
710,2035,26,0.0,0.0,MT,MONTANA,0.062672,0.0
711,2035,27,747454.8680449094,5978.03889782228,NE,NEBRASKA,0.062672,46844491.49011057
712,2035,28,0.0,0.0,NV,NEVADA,0.062672,0.0
713,2035,29,149.26808382106228,5.010525858730911,NH,NEW HAMPSHIRE,0.062672,9354.929349233616
714,2035,30,5472.380732358715,123.60203288601164,NJ,NEW JERSEY,0.062672,342965.0452583854
715,2035,31,0.0,0.0,NM,NEW MEXICO,0.062672,0.0
716,2035,32,77503.3567397004,1521.915044848894,NY,NEW YORK,0.062672,4857290.373590504
717,2035,33,30724.69751652061,1526.7555583871283,NC,NORTH CAROLINA,0.062672,1925578.2427553798
718,2035,34,536661.3985510882,3497.295190582873,ND,NORTH DAKOTA,0.062672,33633643.1699938
719,2035,35,17530.628432019446,436.0304424922626,OH,OHIO,0.062672,1098679.5450915229
720,2035,36,112244.57734095048,352.9595731690774,OK,OKLAHOMA,0.062672,7034592.151112049
721,2035,37,3464.8641399761736,8.18750403238998,OR,OREGON,0.062672,217149.96538058677
722,2035,38,108234.4529556628,1925.4405297451888,PA,PENNSYLVANIA,0.062672,6783269.6356373
723,2035,39,157.0447590215435,7.981578233691648,RI,RHODE ISLAND,0.062672,9842.309137398177
724,2035,40,0.0,0.0,SC,SOUTH CAROLINA,0.062672,0.0
725,2035,41,2315707.8270115703,13578.792166360328,SD,SOUTH DAKOTA,0.062672,145130040.93446916
726,2035,42,192177.99610065788,2548.772388960453,TN,TENNESSEE,0.062672,12044179.371620432
727,2035,43,818927.3319982544,4308.368418344977,TX,TEXAS,0.062672,51323813.75099461
728,2035,44,0.0,0.0,UT,UTAH,0.062672,0.0
729,2035,45,607.7481023178159,25.343994256828964,VT,VERMONT,0.062672,38088.78906846216
730,2035,46,29845.574781620708,496.7090810129165,VA,VIRGINIA,0.062672,1870481.8627137332
731,2035,47,61009.94298805536,339.4305207072741,WA,WASHINGTON,0.062672,3823615.1469474058
732,2035,48,6801.462215286625,117.54254307837556,WV,WEST VIRGINIA,0.062672,426261.2399564434
733,2035,49,279421.52356937807,3618.699106684072,WI,WISCONSIN,0.062672,17511905.725140065
734,2035,50,47794.18721741584,834.0106641327407,WY,WYOMING,0.062672,2995357.301289886
735,2036,0,68864.86785382815,696.0020362764835,AL,ALABAMA,0.0641018,4414361.986192521
736,2036,2,0.0,0.0,AZ,ARIZONA,0.0641018,0.0
737,2036,3,327428.0657445776,1153.0565449765768,AR,ARKANSAS,0.0641018,20988728.384745765
738,2036,4,18053.3585790542,230.5198094381904,CA,CALIFORNIA,0.0641018,1157252.7809628164
739,2036,5,472815.8765235303,4451.279460319324,CO,COLORADO,0.0641018,30308348.753736034
740,2036,6,1928.1420125038949,27.38914088055951,CT,CONNECTICUT,0.0641018,123597.37365712218
741,2036,7,0.0,0.0,DE,DELAWARE,0.0641018,0.0
742,2036,8,0.0,0.0,DC,DISTRICT OF COLUMBIA,0.0641018,0.0
743,2036,9,260.6075069457776,2.942529667947144,FL,FLORIDA,0.0641018,16705.410288736846
744,2036,10,59484.41085496862,406.3631861431822,GA,GEORGIA,0.0641018,3813057.807743028
745,2036,12,6697.256656497249,262.2345779485922,ID,IDAHO,0.0641018,429306.2067434554
746,2036,13,5466649.361504666,27713.09189433325,IL,ILLINOIS,0.0641018,350422064.04129976
747,2036,14,980779.9478288904,6453.024932000915,IN,INDIANA,0.0641018,62869760.05973797
748,2036,15,7236279.471853649,32587.918244794368,IA,IOWA,0.0641018,463858539.4488683
749,2036,16,3118632.664650296,11144.604601814808,KS,KANSAS,0.0641018,199909967.34288034
750,2036,17,464042.41143330507,3657.715681084728,KY,KENTUCKY,0.0641018,29745953.849215437
751,2036,18,844977.1152721049,3742.1206168756366,LA,LOUISIANA,0.0641018,54164554.047749415
752,2036,19,0.0,0.0,ME,MAINE,0.0641018,0.0
753,2036,20,288.4754696894776,6.677326181426362,MD,MARYLAND,0.0641018,18491.79686294096
754,2036,21,53.304453500404776,2.9962713446953697,MA,MASSACHUSETTS,0.0641018,3416.911417392247
755,2036,22,88398.41019006295,697.7783851724405,MI,MICHIGAN,0.0641018,5666497.210321377
756,2036,23,3533322.071647825,23118.5672825866,MN,MINNESOTA,0.0641018,226492304.77235457
757,2036,24,685213.8010153617,3137.1057890076745,MS,MISSISSIPPI,0.0641018,43923438.02992651
758,2036,25,4761049.259067206,18369.55210934386,MO,MISSOURI,0.0641018,305191827.3948742
759,2036,26,0.0,0.0,MT,MONTANA,0.0641018,0.0
760,2036,27,5236167.0423157625,24792.95392808725,NE,NEBRASKA,0.0641018,335647732.51311654
761,2036,28,0.0,0.0,NV,NEVADA,0.0641018,0.0
762,2036,29,0.0,0.0,NH,NEW HAMPSHIRE,0.0641018,0.0
763,2036,30,25.998388492182617,3.8212348295798617,NJ,NEW JERSEY,0.0641018,1666.5434994481918
764,2036,31,17.83540050884437,0.7253177814284764,NM,NEW MEXICO,0.0641018,1143.2812763378402
765,2036,32,790.5974798818258,7.130615295193358,NY,NEW YORK,0.0641018,50678.72153588883
766,2036,33,267909.5855018301,2050.267096709027,NC,NORTH CAROLINA,0.0641018,17173486.66792121
767,2036,34,2237849.736186641,10579.454947805049,ND,NORTH DAKOTA,0.0641018,143450196.21908882
768,2036,35,64557.78151402216,599.9891570995917,OH,OHIO,0.0641018,4138269.9990555453
769,2036,36,269207.8607978873,942.4037982736472,OK,OKLAHOMA,0.0641018,17256708.451294012
770,2036,37,3527.3756473816507,8.187082183741564,OR,OREGON,0.0641018,226111.12827332912
771,2036,38,2003.2768734022384,20.825664423327385,PA,PENNSYLVANIA,0.0641018,128413.65348345561
772,2036,39,47.50875410923544,1.984336034953587,RI,RHODE ISLAND,0.0641018,3045.396654159388
773,2036,40,135012.9186005224,769.4693626693618,SC,SOUTH CAROLINA,0.0641018,8654571.105546966
774,2036,41,10266548.756439269,33552.316350313646,SD,SOUTH DAKOTA,0.0641018,658104255.0755187
775,2036,42,432921.5121183604,3490.403042933283,TN,TENNESSEE,0.0641018,27751048.185508713
776,2036,43,2860434.7545112288,13212.174750398235,TX,TEXAS,0.0641018,183359016.54672787
777,2036,44,0.0,0.0,UT,UTAH,0.0641018,0.0
778,2036,45,82.9138000365689,1.0027287037338726,VT,VERMONT,0.0641018,5314.923827184133
779,2036,46,1114.708572028963,16.225047566310042,VA,VIRGINIA,0.0641018,71454.82594248619
780,2036,47,75003.2240644384,379.45618116420815,WA,WASHINGTON,0.0641018,4807841.668333817
781,2036,48,0.0,0.0,WV,WEST VIRGINIA,0.0641018,0.0
782,2036,49,1470346.6304420866,11610.838564702688,WI,WISCONSIN,0.0641018,94251865.63527255
783,2036,50,83640.45946783404,1091.8242601354757,WY,WYOMING,0.0641018,5361504.004715204
784,2037,0,5279.971145150594,72.03570923131555,AL,ALABAMA,0.0655316,346004.9570955506
785,2037,2,0.0,0.0,AZ,ARIZONA,0.0655316,0.0
786,2037,3,64441.01889464988,394.384166226115,AR,ARKANSAS,0.0655316,4222923.073796638
787,2037,4,26551.92240362834,337.08685826023896,CA,CALIFORNIA,0.0655316,1739989.9581856108
788,2037,5,233196.43449197733,3297.619519268933,CO,COLORADO,0.0655316,15281735.466554461
789,2037,6,1326.40994589225,58.22688745657559,CT,CONNECTICUT,0.0655316,86921.76601023258
790,2037,7,41811.63120317555,471.27808763531294,DE,DELAWARE,0.0655316,2739983.091354019
791,2037,8,0.0,0.0,DC,DISTRICT OF COLUMBIA,0.0655316,0.0
792,2037,9,0.0,0.0,FL,FLORIDA,0.0655316,0.0
793,2037,10,0.0,0.0,GA,GEORGIA,0.0655316,0.0
794,2037,12,8105.637090119519,315.993541195067,ID,IDAHO,0.0655316,531175.3675348762
795,2037,13,5375724.998061628,30416.753056807967,IL,ILLINOIS,0.0655316,352279860.2829754
796,2037,14,182809.5851583237,2745.142055345188,IN,INDIANA,0.0655316,11979804.610761205
797,2037,15,8440352.142979207,36483.325512839096,IA,IOWA,0.0655316,553109780.4928561
798,2037,16,2660217.407315905,10569.635319852649,KS,KANSAS,0.0655316,174328303.04926294
799,2037,17,94.82802475691533,3.7259083769788095,KY,KENTUCKY,0.0655316,6214.232187160272
800,2037,18,197891.01199981527,1418.889816294789,LA,LOUISIANA,0.0655316,12968114.641967092
801,2037,19,89.41111794846049,1.7697515572722893,ME,MAINE,0.0655316,5859.253616951332
802,2037,20,70416.50627561983,995.614965577292,MD,MARYLAND,0.0655316,4614506.322651409
803,2037,21,2514.7812590372805,39.747207858863895,MA,MASSACHUSETTS,0.0655316,164797.63955472744
804,2037,22,143265.2782195328,1238.0760461328475,MI,MICHIGAN,0.0655316,9388402.906171136
805,2037,23,1388622.1092263306,14241.41539068644,MN,MINNESOTA,0.0655316,90998628.61297621
806,2037,24,81.92644983121951,4.805141965741012,MS,MISSISSIPPI,0.0655316,5368.771339759544
807,2037,25,2425506.7066407464,16153.170900160878,MO,MISSOURI,0.0655316,158947335.29689875
808,2037,26,0.0,0.0,MT,MONTANA,0.0655316,0.0
809,2037,27,3745630.729774621,22166.733513463325,NE,NEBRASKA,0.0655316,245457174.73129854
810,2037,28,0.0,0.0,NV,NEVADA,0.0655316,0.0
811,2037,29,0.0,0.0,NH,NEW HAMPSHIRE,0.0655316,0.0
812,2037,30,10279.902661949174,164.3136316801263,NJ,NEW JERSEY,0.0655316,673658.4692817884
813,2037,31,0.0,0.0,NM,NEW MEXICO,0.0655316,0.0
814,2037,32,62987.02862546258,857.2786703289204,NY,NEW YORK,0.0655316,4127640.7650723634
815,2037,33,29251.611536881574,747.4392611031096,NC,NORTH CAROLINA,0.0655316,1916904.9065903083
816,2037,34,1419718.7607455112,7521.157564120962,ND,NORTH DAKOTA,0.0655316,93036441.94167052
817,2037,35,52919.59240009986,1065.519807472249,OH,OHIO,0.0655316,3467905.5613263836
818,2037,36,128520.16855564051,414.2312438825856,OK,OKLAHOMA,0.0655316,8422132.27772081
819,2037,37,3603.064484996588,8.186929970706528,OR,OREGON,0.0655316,236114.58060500238
820,2037,38,58286.64814830128,836.2743306629143,PA,PENNSYLVANIA,0.0655316,3819617.31179522
821,2037,39,25.48278648015776,2.0295170816374486,RI,RHODE ISLAND,0.0655316,1669.927770503106
822,2037,40,0.0,0.0,SC,SOUTH CAROLINA,0.0655316,0.0
823,2037,41,3956848.3744279807,20528.24441944518,SD,SOUTH DAKOTA,0.0655316,259298604.93366465
824,2037,42,1790.0638678380994,36.31450887080885,TN,TENNESSEE,0.0655316,117305.74936161918
825,2037,43,442464.4465803963,2570.634052788819,TX,TEXAS,0.0655316,28995403.1275279
826,2037,44,0.0,0.0,UT,UTAH,0.0655316,0.0
827,2037,45,1101.6070183502352,44.42767342628324,VT,VERMONT,0.0655316,72190.07048372026
828,2037,46,5582.948670149819,164.67979277583666,VA,VIRGINIA,0.0655316,365859.55907278985
829,2037,47,53254.410704210015,351.91697590689387,WA,WASHINGTON,0.0655316,3489846.7405040087
830,2037,48,2722.2044857695028,46.753801802951486,WV,WEST VIRGINIA,0.0655316,178390.41547965273
831,2037,49,1025370.9880219582,10373.286411960977,WI,WISCONSIN,0.0655316,67194201.43865974
832,2037,50,9610.952209262556,332.8855224092072,WY,WYOMING,0.0655316,629821.0757965101
833,2038,0,90512.47662919406,743.9602895697351,AL,ALABAMA,0.0669614,6060842.152558116
834,2038,2,0.0,0.0,AZ,ARIZONA,0.0669614,0.0
835,2038,3,329503.96245536447,1159.4669830213038,AR,ARKANSAS,0.0669614,22064046.63155864
836,2038,4,17147.66020704492,210.1617119104309,CA,CALIFORNIA,0.0669614,1148231.3341880178
837,2038,5,387742.912983636,4056.610844455919,CO,COLORADO,0.0669614,25963808.293462448
838,2038,6,159.40203426411824,14.867578669890069,CT,CONNECTICUT,0.0669614,10673.783377173328
839,2038,7,1243.48310684407,47.79733476659018,DE,DELAWARE,0.0669614,83265.36971062853
840,2038,8,0.0,0.0,DC,DISTRICT OF COLUMBIA,0.0669614,0.0
841,2038,9,3849.599517507741,18.62675282152374,FL,FLORIDA,0.0669614,257774.57313164286
842,2038,10,279110.1206492524,1048.5002647232573,GA,GEORGIA,0.0669614,18689604.432842847
843,2038,12,8672.67778615555,333.38642772845617,ID,IDAHO,0.0669614,580734.6463098762
844,2038,13,3066623.422629701,26451.24418825707,IL,ILLINOIS,0.0669614,205345397.65207648
845,2038,14,201508.19526479856,2940.5590132409907,IN,INDIANA,0.0669614,13493270.866404282
846,2038,15,3043436.060573053,24074.546852013205,IA,IOWA,0.0669614,203792739.42645642
847,2038,16,2275604.9836014467,8852.178323164542,KS,KANSAS,0.0669614,152377695.54892993
848,2038,17,65439.50896886509,1339.5276605476854,KY,KENTUCKY,0.0669614,4381921.135867763
849,2038,18,836252.5575331962,3262.352145180772,LA,LOUISIANA,0.0669614,55996642.006003365
850,2038,19,23.13886154084615,1.02996825967925,ME,MAINE,0.0669614,1549.4105631812156
851,2038,20,1215.6922683329683,48.66369405720106,MD,MARYLAND,0.0669614,81404.45625675122
852,2038,21,2616.640844070471,54.64117799604256,MA,MASSACHUSETTS,0.0669614,175213.93421614045
853,2038,22,113766.62231942822,1183.4774333137989,MI,MICHIGAN,0.0669614,7617972.303780162
854,2038,23,2205019.541975934,20705.378636557725,MN,MINNESOTA,0.0669614,147651195.55806732
855,2038,24,643785.2446986447,2807.451989886181,MS,MISSISSIPPI,0.0669614,43108761.284363836
856,2038,25,865659.4493925032,8420.293732861808,MO,MISSOURI,0.0669614,57965768.65455117
857,2038,26,0.0,0.0,MT,MONTANA,0.0669614,0.0
858,2038,27,1690025.9504542071,12646.55833752606,NE,NEBRASKA,0.0669614,113166503.67874436
859,2038,28,0.0,0.0,NV,NEVADA,0.0669614,0.0
860,2038,29,11.829491545064808,1.2423551546909084,NH,NEW HAMPSHIRE,0.0669614,792.1193151457027
861,2038,30,97.76475480853917,0.7581885223031882,NJ,NEW JERSEY,0.0669614,6546.4648526365145
862,2038,31,0.0,0.0,NM,NEW MEXICO,0.0669614,0.0
863,2038,32,85522.35075680964,1426.9713422991294,NY,NEW YORK,0.0669614,5726696.3379670335
864,2038,33,44273.675347923694,718.5690490726099,NC,NORTH CAROLINA,0.0669614,2964627.284442458
865,2038,34,1745257.5873904903,10363.726255580188,ND,NORTH DAKOTA,0.0669614,116864891.41228959
866,2038,35,43028.988906267376,1027.986517568638,OH,OHIO,0.0669614,2881281.337748132
867,2038,36,263344.3359117437,961.33659804616,OK,OKLAHOMA,0.0669614,17633905.414720636
868,2038,37,3468.4393017756447,8.186958413901305,OR,OREGON,0.0669614,232251.55146191965
869,2038,38,21166.59463494505,424.131316078067,PA,PENNSYLVANIA,0.0669614,1417344.8099884095
870,2038,39,0.0,0.0,RI,RHODE ISLAND,0.0669614,0.0
871,2038,40,165402.39051070836,561.6144846344777,SC,SOUTH CAROLINA,0.0669614,11075575.631943747
872,2038,41,6113695.92390317,29379.80830563033,SD,SOUTH DAKOTA,0.0669614,409381638.2388497
873,2038,42,278921.8554570129,1785.0852794837142,TN,TENNESSEE,0.0669614,18676997.931999225
874,2038,43,2927743.056681676,13613.384598710662,TX,TEXAS,0.0669614,196045773.91568437
875,2038,44,0.0,0.0,UT,UTAH,0.0669614,0.0
876,2038,45,240.0630971819498,17.014517037992718,VT,VERMONT,0.0669614,16074.961075639414
877,2038,46,5824.250276654137,104.8253852264658,VA,VIRGINIA,0.0669614,389999.95247514837
878,2038,47,63424.14332302727,395.9422923605747,WA,WASHINGTON,0.0669614,4246969.430710559
879,2038,48,4083.303275746114,67.8782551043611,WV,WEST VIRGINIA,0.0669614,273423.7039685459
880,2038,49,1267704.269607895,12380.37435534571,WI,WISCONSIN,0.0669614,84887252.67892212
881,2038,50,82507.03503210914,1055.8235622163622,WY,WYOMING,0.0669614,5524786.575599073
882,2039,0,39462.01581687872,915.4721329678952,AL,ALABAMA,0.0683912,2698854.6161353155
883,2039,2,0.0,0.0,AZ,ARIZONA,0.0683912,0.0
884,2039,3,19452.7472940902,234.69070110731056,AR,ARKANSAS,0.0683912,1330396.7307395816
885,2039,4,24889.23100156801,321.71116901573566,CA,CALIFORNIA,0.0683912,1702204.375274438
886,2039,5,261774.65187346016,3325.3017794291145,CO,COLORADO,0.0683912,17903082.571208186
887,2039,6,11602.75054531288,91.88995360559082,CT,CONNECTICUT,0.0683912,793526.0330946022
888,2039,7,7537.702026064372,100.10593159201572,DE,DELAWARE,0.0683912,515512.4868049736
889,2039,8,0.0,0.0,DC,DISTRICT OF COLUMBIA,0.0683912,0.0
890,2039,9,3977.3708847134585,37.505117586994125,FL,FLORIDA,0.0683912,272017.1676506151
891,2039,10,76654.0485107999,701.8143545216146,GA,GEORGIA,0.0683912,5242462.362511818
892,2039,12,14763.036334293029,578.9480687229219,ID,IDAHO,0.0683912,1009661.7705459014
893,2039,13,3401739.768125028,27940.59586985308,IL,ILLINOIS,0.0683912,232649064.82979238
894,2039,14,480069.33644659154,6152.936418017301,IN,INDIANA,0.0683912,32832518.002786133
895,2039,15,1851050.419989004,13569.086358559693,IA,IOWA,0.0683912,126595559.48355198
896,2039,16,1428076.089845898,6120.685117643451,KS,KANSAS,0.0683912,97667837.47586879
897,2039,17,373709.5922383599,5717.458651929934,KY,KENTUCKY,0.0683912,25558447.46469212
898,2039,18,212201.9365243799,2329.36738209093,LA,LOUISIANA,0.0683912,14512745.081226172
899,2039,19,86.55569016485225,3.6781175744551455,ME,MAINE,0.0683912,5919.647517202443
900,2039,20,267275.8129747227,1269.2917566763772,MD,MARYLAND,0.0683912,18279313.580316857
901,2039,21,7854.10128831944,103.18129458986844,MA,MASSACHUSETTS,0.0683912,537151.4120297125
902,2039,22,275869.7190919019,2674.2787292191824,MI,MICHIGAN,0.0683912,18867061.13235808
903,2039,23,1547811.1694639726,13032.217596757288,MN,MINNESOTA,0.0683912,105856663.25304444
904,2039,24,369894.9866424314,2194.388529661086,MS,MISSISSIPPI,0.0683912,25297562.010459855
905,2039,25,427798.7046761679,3855.2580603883935,MO,MISSOURI,0.0683912,29257666.771248735
906,2039,26,0.0,0.0,MT,MONTANA,0.0683912,0.0
907,2039,27,1149585.1314329589,7089.301394676003,NE,NEBRASKA,0.0683912,78621506.64085777
908,2039,28,0.0,0.0,NV,NEVADA,0.0683912,0.0
909,2039,29,148.03833458531136,7.830367761102988,NH,NEW HAMPSHIRE,0.0683912,10124.519348290945
910,2039,30,61620.71748303248,549.1639548849546,NJ,NEW JERSEY,0.0683912,4214314.813525571
911,2039,31,0.0,0.0,NM,NEW MEXICO,0.0683912,0.0
912,2039,32,175663.41923541366,2365.3587270085995,NY,NEW YORK,0.0683912,12013832.037613023
913,2039,33,151922.93553978542,2410.248538810072,NC,NORTH CAROLINA,0.0683912,10390191.869088572
914,2039,34,809934.2603709871,7085.306586146439,ND,NORTH DAKOTA,0.0683912,55392375.98788426
915,2039,35,433326.9832511348,4564.328907431058,OH,OHIO,0.0683912,29635752.37692501
916,2039,36,126201.90053082256,519.8899904257385,OK,OKLAHOMA,0.0683912,8631099.419583593
917,2039,37,3637.357077368209,8.18719627629056,OR,OREGON,0.0683912,248763.21534970467
918,2039,38,537360.4666720529,5133.628126973447,PA,PENNSYLVANIA,0.0683912,36750727.1482617
919,2039,39,47.18656932101737,1.7601989258403905,RI,RHODE ISLAND,0.0683912,3227.1460997475633
920,2039,40,447.6261157814869,31.466589154950373,SC,SOUTH CAROLINA,0.0683912,30613.687209634823
921,2039,41,4002465.8766257074,20904.811512363573,SD,SOUTH DAKOTA,0.0683912,273733444.2614841
922,2039,42,154456.2545808606,3567.3499314566943,TN,TENNESSEE,0.0683912,10563448.598290555
923,2039,43,453720.8843275017,2593.6408245580105,TX,TEXAS,0.0683912,31030515.744219035
924,2039,44,0.0,0.0,UT,UTAH,0.0683912,0.0
925,2039,45,1016.8430854825086,35.5948754956173,VT,VERMONT,0.0683912,69543.11882785134
926,2039,46,112682.44091965216,1149.2233980295923,VA,VIRGINIA,0.0683912,7706487.353424115
927,2039,47,104397.47265707343,613.167691965274,WA,WASHINGTON,0.0683912,7139868.43198444
928,2039,48,36631.04320840999,567.9687435047251,WV,WEST VIRGINIA,0.0683912,2505241.002275009
929,2039,49,368271.6303914504,5701.34876518742,WI,WISCONSIN,0.0683912,25186538.728427764
930,2039,50,76328.52959065382,1052.009798161689,WY,WYOMING,0.0683912,5220199.732940324
931,2040,0,313987.3125850217,1751.652250187461,AL,ALABAMA,0.069821,21922908.1519988
932,2040,2,0.0,0.0,AZ,ARIZONA,0.069821,0.0
933,2040,3,108659.27660764613,727.1354265596995,AR,ARKANSAS,0.069821,7586699.35202246
934,2040,4,16939.89697478413,208.4557287998654,CA,CALIFORNIA,0.069821,1182760.5466764024
935,2040,5,511318.972538651,4772.804704246377,CO,COLORADO,0.069821,35700801.98162115
936,2040,6,224.868440183354,6.793842545941422,CT,CONNECTICUT,0.069821,15700.53936204196
937,2040,7,0.0,0.0,DE,DELAWARE,0.069821,0.0
938,2040,8,0.0,0.0,DC,DISTRICT OF COLUMBIA,0.069821,0.0
939,2040,9,16399.587169951898,93.57968454911308,FL,FLORIDA,0.069821,1145035.5757932113
940,2040,10,429013.87253851845,1863.176093003764,GA,GEORGIA,0.069821,29954177.594511893
941,2040,12,28367.584633901424,1163.0831759929183,ID,IDAHO,0.069821,1980653.1267236313
942,2040,13,11951781.093074238,44527.1709081836,IL,ILLINOIS,0.069821,834485307.6995363
943,2040,14,1030679.4803130272,8530.674375174962,IN,INDIANA,0.069821,71963071.99493586
944,2040,15,22718634.776119985,56034.015257437946,IA,IOWA,0.069821,1586237798.7034733
945,2040,16,3117692.407546815,10322.2071036548,KS,KANSAS,0.069821,217680401.58732614
946,2040,17,488915.23593797896,5308.786268502161,KY,KENTUCKY,0.069821,34136550.68842563
947,2040,18,937360.0782700224,3661.1607932685697,LA,LOUISIANA,0.069821,65447418.02489123
948,2040,19,393.7400304179664,12.67378241655995,ME,MAINE,0.069821,27491.322663812833
949,2040,20,18518.46805837689,204.77607908286203,MD,MARYLAND,0.069821,1292977.9583039328
950,2040,21,0.0,0.0,MA,MASSACHUSETTS,0.069821,0.0
951,2040,22,532459.2745235859,4374.19220411244,MI,MICHIGAN,0.069821,37176839.006511286
952,2040,23,6756772.789498865,32334.46259985807,MN,MINNESOTA,0.069821,471764632.9356002
953,2040,24,896280.3835258537,3802.8240050446657,MS,MISSISSIPPI,0.069821,62579192.65815863
954,2040,25,3412891.6640319643,17408.24527111326,MO,MISSOURI,0.069821,238291508.87437576
955,2040,26,0.0,0.0,MT,MONTANA,0.069821,0.0
956,2040,27,8046318.674631901,25321.74503582456,NE,NEBRASKA,0.069821,561802016.1814739
957,2040,28,0.0,0.0,NV,NEVADA,0.069821,0.0
958,2040,29,24.36285799941696,2.811520287704769,NH,NEW HAMPSHIRE,0.069821,1701.0391083772913
959,2040,30,9615.634407523452,267.23530683250783,NJ,NEW JERSEY,0.069821,671373.2099676948
960,2040,31,0.0,0.0,NM,NEW MEXICO,0.069821,0.0
961,2040,32,9539.381225272922,105.21235190164616,NY,NEW YORK,0.069821,666049.1365297806
962,2040,33,63913.84730623654,1044.6945211861375,NC,NORTH CAROLINA,0.069821,4462528.7327687405
963,2040,34,2346116.4162438987,11507.255296979994,ND,NORTH DAKOTA,0.069821,163808194.29856524
964,2040,35,115740.22628326886,1910.8211176980465,OH,OHIO,0.069821,8081098.339324114
965,2040,36,139906.26680771096,586.972121030951,OK,OKLAHOMA,0.069821,9768395.454781186
966,2040,37,3708.20695549385,8.187306805060292,OR,OREGON,0.069821,258910.71783953605
967,2040,38,128450.2003396372,1763.403203853995,PA,PENNSYLVANIA,0.069821,8968521.437913809
968,2040,39,0.0,0.0,RI,RHODE ISLAND,0.069821,0.0
969,2040,40,318141.43145402614,1498.8868173799735,SC,SOUTH CAROLINA,0.069821,22212952.88555156
970,2040,41,13666435.422464669,34284.17566969385,SD,SOUTH DAKOTA,0.069821,954204187.6319056
971,2040,42,408105.2145533208,3136.5264534583152,TN,TENNESSEE,0.069821,28494314.185327407
972,2040,43,858273.6775076482,7273.855652103134,TX,TEXAS,0.069821,59925526.4372615
973,2040,44,45.42290414257285,1.074000308115811,UT,UTAH,0.069821,3171.4725901385787
974,2040,45,972.5991677743916,21.25076466456285,VT,VERMONT,0.069821,67907.84649317579
975,2040,46,3134.6917841461864,78.8865972985069,VA,VIRGINIA,0.069821,218867.31506087087
976,2040,47,94356.14428006618,566.2620830953242,WA,WASHINGTON,0.069821,6588040.3497785
977,2040,48,8125.170139036377,150.7870141055241,WV,WEST VIRGINIA,0.069821,567307.5042776589
978,2040,49,1545360.571259444,15485.314968576346,WI,WISCONSIN,0.069821,107898620.44590563
979,2040,50,83637.76251792883,1069.5808937304175,WY,WYOMING,0.069821,5839672.216764308
980,2041,0,61265.150780530654,976.0115069295424,AL,ALABAMA,0.07000204,4288685.535544738
981,2041,2,0.0,0.0,AZ,ARIZONA,0.07000204,0.0
982,2041,3,186159.6951437511,1145.31018761233,AR,ARKANSAS,0.07000204,13031558.425840672
983,2041,4,14932.614918004005,185.57996968367704,CA,CALIFORNIA,0.07000204,1045313.5067947131
984,2041,5,522561.4540437499,4772.225391824474,CO,COLORADO,0.07000204,36580367.80842874
985,2041,6,7318.150465619328,125.7664146417856,CT,CONNECTICUT,0.07000204,512285.46162030287
986,2041,7,0.0,0.0,DE,DELAWARE,0.07000204,0.0
987,2041,8,0.0,0.0,DC,DISTRICT OF COLUMBIA,0.07000204,0.0
988,2041,9,3117.601535649703,39.60070298683982,FL,FLORIDA,0.07000204,218238.46740261195
989,2041,10,6350.551243572077,135.7390701866454,GA,GEORGIA,0.07000204,444551.54217458225
990,2041,12,32665.873226259948,1275.8574901165389,ID,IDAHO,0.07000204,2286677.764219578
991,2041,13,16074433.160721332,47580.99839319356,IL,ILLINOIS,0.07000204,1125243113.0941412
992,2041,14,3201582.29331458,22076.678507521872,IN,INDIANA,0.07000204,224117291.75989896
993,2041,15,19396561.1386967,51135.69943120462,IA,IOWA,0.07000204,1357798848.693492
994,2041,16,2049728.7816582213,8066.868035044228,KS,KANSAS,0.07000204,143485196.16279006
995,2041,17,855945.1003955549,7199.79506015396,KY,KENTUCKY,0.07000204,59917903.15569365
996,2041,18,41832.34214312657,1162.639650884364,LA,LOUISIANA,0.07000204,2928349.287996832
997,2041,19,569.2749149309799,22.13721346341682,ME,MAINE,0.07000204,39850.40536599505
998,2041,20,41478.42160469552,515.5412591042224,MD,MARYLAND,0.07000204,2903574.12830876
999,2041,21,5886.793056390714,94.84804035798064,MA,MASSACHUSETTS,0.07000204,412087.523005185
1000,2041,22,686279.214488639,4842.276629320409,MI,MICHIGAN,0.07000204,48040945.02380229
1001,2041,23,7424137.536856098,31581.98108503832,MN,MINNESOTA,0.07000204,519704772.82050204
1002,2041,24,240337.9490342725,2493.880201485861,MS,MISSISSIPPI,0.07000204,16824146.721815106
1003,2041,25,2742395.836511813,14973.43303012025,MO,MISSOURI,0.07000204,191973303.0433334
1004,2041,26,0.0,0.0,MT,MONTANA,0.07000204,0.0
1005,2041,27,3572983.125885639,18414.930079615264,NE,NEBRASKA,0.07000204,250116107.69757152
1006,2041,28,0.0,0.0,NV,NEVADA,0.07000204,0.0
1007,2041,29,677.7673752066743,17.086529433525403,NH,NEW HAMPSHIRE,0.07000204,47445.09890991262
1008,2041,30,9916.622459544906,131.80417475082626,NJ,NEW JERSEY,0.07000204,694183.8020779609
1009,2041,31,43.37492922791341,1.763941741684263,NM,NEW MEXICO,0.07000204,3036.333530809564
1010,2041,32,411054.90299203,4241.048860543284,NY,NEW YORK,0.07000204,28774681.761444207
1011,2041,33,37837.12366797405,1644.1919454851395,NC,NORTH CAROLINA,0.07000204,2648675.844490466
1012,2041,34,1057788.274134847,7966.324853560474,ND,NORTH DAKOTA,0.07000204,74047337.07751852
1013,2041,35,458203.84571083006,7848.806725701288,OH,OHIO,0.07000204,32075203.935603358
1014,2041,36,246519.91891381465,970.8285228857716,OK,OKLAHOMA,0.07000204,17256897.224601608
1015,2041,37,3851.018232156316,8.187306787838429,OR,OREGON,0.07000204,269579.1323281357
1016,2041,38,671829.128328038,6460.975452604097,PA,PENNSYLVANIA,0.07000204,47029409.51438445
1017,2041,39,988.478740891294,24.902307006841696,RI,RHODE ISLAND,0.07000204,69195.52835902199
1018,2041,40,7841.342476224075,203.35786864303395,SC,SOUTH CAROLINA,0.07000204,548909.9696743367
1019,2041,41,8019401.05834534,33176.50174952926,SD,SOUTH DAKOTA,0.07000204,561374433.6623328
1020,2041,42,354905.44083065866,3745.0501212847857,TN,TENNESSEE,0.07000204,24844104.8652454
1021,2041,43,1069210.1724647405,5833.218085958561,TX,TEXAS,0.07000204,74846893.26128367
1022,2041,44,45.41835437055006,1.0738927311863613,UT,UTAH,0.07000204,3179.3774593814205
1023,2041,45,4046.005168269625,81.04258455682731,VT,VERMONT,0.07000204,283228.615629417
1024,2041,46,11633.107074828926,286.7209034274839,VA,VIRGINIA,0.07000204,814341.2267764575
1025,2041,47,153987.16506364397,678.1278445592801,WA,WASHINGTON,0.07000204,10779415.688271808
1026,2041,48,33174.68577783467,581.7793052010552,WV,WEST VIRGINIA,0.07000204,2322295.6808074135
1027,2041,49,4683149.363400994,19457.670903610506,WI,WISCONSIN,0.07000204,327830009.06277096
1028,2041,50,89693.44483556709,1139.8090096382082,WY,WYOMING,0.07000204,6278724.113117161
1029,2042,0,95629.48553534744,772.4838801373617,AL,ALABAMA,0.07018308,6711571.833686132
1030,2042,2,0.0,0.0,AZ,ARIZONA,0.07018308,0.0
1031,2042,3,172769.1804548612,906.8387386490652,AR,ARKANSAS,0.07018308,12125473.21339796
1032,2042,4,26825.08049040431,340.7786341640825,CA,CALIFORNIA,0.07018308,1882666.7700644848
1033,2042,5,557045.9850566199,4757.431400020768,CO,COLORADO,0.07018308,39095202.93290755
1034,2042,6,1603.2254024784888,52.91613160523899,CT,CONNECTICUT,0.07018308,112519.29668017998
1035,2042,7,14997.300452175416,222.7588159649044,DE,DELAWARE,0.07018308,1052556.7374190632
1036,2042,8,0.0,0.0,DC,DISTRICT OF COLUMBIA,0.07018308,0.0
1037,2042,9,1075.8559434915037,12.640870463334434,FL,FLORIDA,0.07018308,75506.88375053967
1038,2042,10,33263.26941930655,494.4419854923707,GA,GEORGIA,0.07018308,2334518.698716745
1039,2042,12,23094.031029573,931.9115887756687,ID,IDAHO,0.07018308,1620810.227271004
1040,2042,13,12142753.09400684,46492.80497706548,IL,ILLINOIS,0.07018308,852215811.8169295
1041,2042,14,1858348.6492182529,14218.140688241949,IN,INDIANA,0.07018308,130424631.91597657
1042,2042,15,22449616.217063166,56634.553488738384,IA,IOWA,0.07018308,1575583210.9314415
1043,2042,16,3448613.09546013,10094.083894455976,KS,KANSAS,0.07018308,242034288.7677259
1044,2042,17,646171.1998310809,7285.633143869125,KY,KENTUCKY,0.07018308,45350285.01144073
1045,2042,18,349566.7651387795,2369.4424666349823,LA,LOUISIANA,0.07018308,24533672.243076168
1046,2042,19,2191.913636422907,46.70079288551896,ME,MAINE,0.07018308,153835.2500981598
1047,2042,20,41616.40186879363,620.1126959483768,MD,MARYLAND,0.07018308,2920767.261669693
1048,2042,21,2464.883422880136,42.04471452835786,MA,MASSACHUSETTS,0.07018308,172993.1104586704
1049,2042,22,515329.3556938744,3533.2325630525256,MI,MICHIGAN,0.07018308,36167401.39701164
1050,2042,23,8044535.507146042,30028.429046229267,MN,MINNESOTA,0.07018308,564590279.0608712
1051,2042,24,338600.1678555752,2939.054285765089,MS,MISSISSIPPI,0.07018308,23764002.66862126
1052,2042,25,4957959.969528704,17084.76237158392,MO,MISSOURI,0.07018308,347964901.1782305
1053,2042,26,0.0,0.0,MT,MONTANA,0.07018308,0.0
1054,2042,27,7501667.680989401,24107.827149728364,NE,NEBRASKA,0.07018308,526490142.98829365
1055,2042,28,0.0,0.0,NV,NEVADA,0.07018308,0.0
1056,2042,29,525.7287788655483,10.216486910841432,NH,NEW HAMPSHIRE,0.07018308,36897.264945423085
1057,2042,30,3027.552906372049,126.5663703375952,NJ,NEW JERSEY,0.07018308,212482.98783214204
1058,2042,31,45.39920231719249,1.8462634851961728,NM,NEW MEXICO,0.07018308,3186.2558481637057
1059,2042,32,24808.337793646104,478.7916683910199,NY,NEW YORK,0.07018308,1741125.556038488
1060,2042,33,425425.5484042192,4129.74372962947,NC,NORTH CAROLINA,0.07018308,29857675.297697186
1061,2042,34,4225882.273460401,11585.763490511594,ND,NORTH DAKOTA,0.07018308,296585433.66885316
1062,2042,35,182671.137189563,3342.344055022664,OH,OHIO,0.07018308,12820423.035066076
1063,2042,36,212690.14274366645,896.0844432364773,OK,OKLAHOMA,0.07018308,14927249.30339016
1064,2042,37,3550.852352159534,7.985354176435656,OR,OREGON,0.07018308,249209.75469980075
1065,2042,38,124067.77652355084,1779.2496145043483,PA,PENNSYLVANIA,0.07018308,8707458.68517449
1066,2042,39,17.128261932419807,0.4184618067956519,RI,RHODE ISLAND,0.07018308,1202.1141774639736
1067,2042,40,23995.579490330416,879.0129002167532,SC,SOUTH CAROLINA,0.07018308,1684083.6750162188
1068,2042,41,14231771.797675649,34011.2584246683,SD,SOUTH DAKOTA,0.07018308,998829578.6180139
1069,2042,42,361796.0505779387,3733.046003957714,TN,TENNESSEE,0.07018308,25391961.161395516
1070,2042,43,1821269.7142204195,12294.119167172714,TX,TEXAS,0.07018308,127822318.05470882
1071,2042,44,0.0,0.0,UT,UTAH,0.07018308,0.0
1072,2042,45,1828.4852839421349,32.1378622647174,VT,VERMONT,0.07018308,128328.72896173355
1073,2042,46,213300.44932689244,1018.5106669503508,VA,VIRGINIA,0.07018308,14970082.499145238
1074,2042,47,126675.56904742596,662.6623486326964,WA,WASHINGTON,0.07018308,8890481.596501019
1075,2042,48,17452.190235736045,264.6759954133489,WV,WEST VIRGINIA,0.07018308,1224848.4634898817
1076,2042,49,1769048.0361312542,13910.623166532872,WI,WISCONSIN,0.07018308,124157239.8436427
1077,2042,50,89314.6998826316,1113.0837462687746,WY,WYOMING,0.07018308,6268380.727038723
1078,2043,0,0.0,0.0,AL,ALABAMA,0.07036412,0.0
1079,2043,2,0.0,0.0,AZ,ARIZONA,0.07036412,0.0
1080,2043,3,99057.63113950824,679.5708584835932,AR,ARKANSAS,0.07036412,6970103.044416095
1081,2043,4,17359.169015375384,215.06886082190923,CA,CALIFORNIA,0.07036412,1221462.6516981553
1082,2043,5,396329.6340330659,3796.587528415087,CO,COLORADO,0.07036412,27887385.92865873
1083,2043,6,1546.0129366030642,43.89875800262689,CT,CONNECTICUT,0.07036412,108783.8397926904
1084,2043,7,0.0,0.0,DE,DELAWARE,0.07036412,0.0
1085,2043,8,0.0,0.0,DC,DISTRICT OF COLUMBIA,0.07036412,0.0
1086,2043,9,0.0,0.0,FL,FLORIDA,0.07036412,0.0
1087,2043,10,0.0,0.0,GA,GEORGIA,0.07036412,0.0
1088,2043,12,33133.0893355711,1325.2330133499297,ID,IDAHO,0.07036412,2331380.6739788456
1089,2043,13,16092292.114078626,46803.57784999133,IL,ILLINOIS,0.07036412,1132319973.3900821
1090,2043,14,1555821.1420858824,14337.449498534465,IN,INDIANA,0.07036412,109473985.54026808
1091,2043,15,19392459.551790155,55552.3708263914,IA,IOWA,0.07036412,1364533350.997309
1092,2043,16,2402429.0009434773,9077.313534616103,KS,KANSAS,0.07036412,169044802.51386693
1093,2043,17,26496.07719917084,561.6605198620979,KY,KENTUCKY,0.07036412,1864373.1555717208
1094,2043,18,107398.4274445656,1234.58834234979,LA,LOUISIANA,0.07036412,7556995.836520708
1095,2043,19,143.24747051102582,4.443001873797973,ME,MAINE,0.07036412,10079.482204734284
1096,2043,20,0.0,0.0,MD,MARYLAND,0.07036412,0.0
1097,2043,21,241.40624370046245,9.958812173724429,MA,MASSACHUSETTS,0.07036412,16986.337900488583
1098,2043,22,268728.13214908453,2561.758210425651,MI,MICHIGAN,0.07036412,18908818.53791404
1099,2043,23,6626893.554938721,30622.371603767235,MN,MINNESOTA,0.07036412,466295533.32693475
1100,2043,24,6436.947173283455,157.33713098139688,MS,MISSISSIPPI,0.07036412,452930.12333457783
1101,2043,25,3728497.592799044,16730.31121291949,MO,MISSOURI,0.07036412,262352452.03942308
1102,2043,26,0.0,0.0,MT,MONTANA,0.07036412,0.0
1103,2043,27,4410384.270217387,22446.96271071024,NE,NEBRASKA,0.07036412,310332808.0356887
1104,2043,28,0.0,0.0,NV,NEVADA,0.07036412,0.0
1105,2043,29,0.0,0.0,NH,NEW HAMPSHIRE,0.07036412,0.0
1106,2043,30,0.0,0.0,NJ,NEW JERSEY,0.07036412,0.0
1107,2043,31,47.83401613028963,1.945280816050688,NM,NEW MEXICO,0.07036412,3365.798451073635
1108,2043,32,6820.292511358761,86.0363808846499,NY,NEW YORK,0.07036412,479903.8807043492
1109,2043,33,0.0,0.0,NC,NORTH CAROLINA,0.07036412,0.0
1110,2043,34,1725954.2587451036,9589.897560934158,ND,NORTH DAKOTA,0.07036412,121445252.57685152
1111,2043,35,35973.62102698571,1262.8168260610146,OH,OHIO,0.07036412,2531252.186777346
1112,2043,36,191497.03771136835,844.6571118746233,OK,OKLAHOMA,0.07036412,13474520.541167248
1113,2043,37,4172.537811184171,20.679369775328404,OR,OREGON,0.07036412,293596.9512507004
1114,2043,38,0.0,0.0,PA,PENNSYLVANIA,0.07036412,0.0
1115,2043,39,801.5632940225569,15.829776108265978,RI,RHODE ISLAND,0.07036412,56401.295808198476
1116,2043,40,0.0,0.0,SC,SOUTH CAROLINA,0.07036412,0.0
1117,2043,41,10417030.037853977,32426.254940293835,SD,SOUTH DAKOTA,0.07036412,732985151.6271619
1118,2043,42,58797.30273374199,764.562473369347,TN,TENNESSEE,0.07036412,4137220.4652333497
1119,2043,43,1478633.358733696,8320.54926028042,TX,TEXAS,0.07036412,104042735.08994083
1120,2043,44,0.0,0.0,UT,UTAH,0.07036412,0.0
1121,2043,45,0.0,0.0,VT,VERMONT,0.07036412,0.0
1122,2043,46,0.0,0.0,VA,VIRGINIA,0.07036412,0.0
1123,2043,47,129207.15018761223,641.8785817524807,WA,WASHINGTON,0.07036412,9091547.42065917
1124,2043,48,1980.7229745864904,19.806310374370387,WV,WEST VIRGINIA,0.07036412,139371.82907056075
1125,2043,49,1905993.712093166,16533.548874233747,WI,WISCONSIN,0.07036412,134113570.276969
1126,2043,50,76604.91261797212,979.5420464146288,WY,WYOMING,0.07036412,5390237.264040505
1127,2044,0,19861.15690621636,221.4575077695341,AL,ALABAMA,0.07054516,1401108.491734138
1128,2044,2,0.0,0.0,AZ,ARIZONA,0.07054516,0.0
1129,2044,3,29725.069289981813,349.5863252181103,AR,ARKANSAS,0.07054516,2096959.7690728533
1130,2044,4,28510.49688729368,357.3969561975611,CA,CALIFORNIA,0.07054516,2011277.5645936346
1131,2044,5,482450.9407851667,4281.216363934043,CO,COLORADO,0.07054516,34034578.809840105
1132,2044,6,44.732673814415215,0.8255996951861426,CT,CONNECTICUT,0.07054516,3155.673631465731
1133,2044,7,2938.170496010956,116.02679108605096,DE,DELAWARE,0.07054516,207273.70774837222
1134,2044,8,0.0,0.0,DC,DISTRICT OF COLUMBIA,0.07054516,0.0
1135,2044,9,17365.249775532022,87.22588707864955,FL,FLORIDA,0.07054516,1225034.3238548704
1136,2044,10,160016.59466399666,1227.8427099404958,GA,GEORGIA,0.07054516,11288396.27322679
1137,2044,12,29160.140470246857,1145.9725885409266,ID,IDAHO,0.07054516,2057106.7750960398
1138,2044,13,6313679.953392724,39244.79202486554,IL,ILLINOIS,0.07054516,445399562.5008822
1139,2044,14,1106979.4304203878,11492.213173224798,IN,INDIANA,0.07054516,78092041.03571512
1140,2044,15,9198414.41661717,45897.51067201533,IA,IOWA,0.07054516,648903616.7665648
1141,2044,16,1600908.863712798,5860.101428709934,KS,KANSAS,0.07054516,112936371.93603753
1142,2044,17,159879.73348664935,2442.211037614442,KY,KENTUCKY,0.07054516,11278741.379573034
1143,2044,18,19948.87275627648,594.4639630054389,LA,LOUISIANA,0.07054516,1407296.4204111653
1144,2044,19,51.787130474707006,1.0299829408552326,ME,MAINE,0.07054516,3653.331405279081
1145,2044,20,0.0,0.0,MD,MARYLAND,0.07054516,0.0
1146,2044,21,0.0,0.0,MA,MASSACHUSETTS,0.07054516,0.0
1147,2044,22,175443.83637636143,2509.8769667762526,MI,MICHIGAN,0.07054516,12376713.508184237
1148,2044,23,5973252.242252529,25716.666553355404,MN,MINNESOTA,0.07054516,421384035.1500634
1149,2044,24,47596.58531385497,682.2740310442696,MS,MISSISSIPPI,0.07054516,3357708.726419549
1150,2044,25,872761.7477991371,9801.799976076343,MO,MISSOURI,0.07054516,61569117.14036977
1151,2044,26,0.0,0.0,MT,MONTANA,0.07054516,0.0
1152,2044,27,4912014.197357965,21845.21135230353,NE,NEBRASKA,0.07054516,346518827.47488916
1153,2044,28,0.0,0.0,NV,NEVADA,0.07054516,0.0
1154,2044,29,0.0,0.0,NH,NEW HAMPSHIRE,0.07054516,0.0
1155,2044,30,3490.7500890809365,105.66279634262447,NJ,NEW JERSEY,0.07054516,246255.5235542289
1156,2044,31,49.85805161203875,2.0275928967032524,NM,NEW MEXICO,0.07054516,3517.244228259531
1157,2044,32,16754.49121382876,298.59135883410147,NY,NEW YORK,0.07054516,1181948.263398144
1158,2044,33,15855.638585304474,411.1234155785942,NC,NORTH CAROLINA,0.07054516,1118538.5609024777
1159,2044,34,628207.1856890717,4670.401651089013,ND,NORTH DAKOTA,0.07054516,44316976.42758527
1160,2044,35,43383.623242493966,901.8402269357616,OH,OHIO,0.07054516,3060504.6430214555
1161,2044,36,141676.903507864,516.4094081076317,OK,OKLAHOMA,0.07054516,9994619.826266827
1162,2044,37,3393.033318771167,7.877843535265445,OR,OREGON,0.07054516,239362.07835804299
1163,2044,38,12603.304755912368,217.0059988974552,PA,PENNSYLVANIA,0.07054516,889102.1505345989
1164,2044,39,0.0,0.0,RI,RHODE ISLAND,0.07054516,0.0
1165,2044,40,34348.96582907357,263.6936466772067,SC,SOUTH CAROLINA,0.07054516,2423153.2902465276
1166,2044,41,8518877.45313465,30940.559655731464,SD,SOUTH DAKOTA,0.07054516,600965572.9517764
1167,2044,42,94121.0089963675,1179.6955376508545,TN,TENNESSEE,0.07054516,6639781.639010184
1168,2044,43,427462.11537153024,3119.59915547764,TX,TEXAS,0.07054516,30155383.32282306
1169,2044,44,45.4228968511876,1.0740001357149007,UT,UTAH,0.07054516,3204.3655260305254
1170,2044,45,359.8965674560445,15.103637558524674,VT,VERMONT,0.07054516,25388.960934637453
1171,2044,46,2325.9056017611674,81.0821464883181,VA,VIRGINIA,0.07054516,164081.3828211378
1172,2044,47,119689.965419394,661.1059613857713,WA,WASHINGTON,0.07054516,8443547.760905616
1173,2044,48,1310.7477407279498,19.071042430132582,WV,WEST VIRGINIA,0.07054516,92466.90908929173
1174,2044,49,95214.15581024688,958.330605686708,WI,WISCONSIN,0.07054516,6716897.855898796
1175,2044,50,71095.53907501488,960.8005195907637,WY,WYOMING,0.07054516,5015446.179333176
1176,2045,0,615.7415561242509,100.17553829971914,AL,ALABAMA,0.0707262,43549.06044675499
1177,2045,2,0.0,0.0,AZ,ARIZONA,0.0707262,0.0
1178,2045,3,382365.3313848753,1248.947460664635,AR,ARKANSAS,0.0707262,27043246.900592968
1179,2045,4,16809.58592736545,206.0182737671248,CA,CALIFORNIA,0.0707262,1188878.1362160342
1180,2045,5,360143.8092657234,3477.3147950565267,CO,COLORADO,0.0707262,25471603.082889408
1181,2045,6,6386.559369326284,77.6691089345335,CT,CONNECTICUT,0.0707262,451697.0752668446
1182,2045,7,0.0,0.0,DE,DELAWARE,0.0707262,0.0
1183,2045,8,0.0,0.0,DC,DISTRICT OF COLUMBIA,0.0707262,0.0
1184,2045,9,0.0,0.0,FL,FLORIDA,0.0707262,0.0
1185,2045,10,0.0,0.0,GA,GEORGIA,0.0707262,0.0
1186,2045,12,18906.937991561736,741.6714948230191,ID,IDAHO,0.0707262,1337215.8777787937
1187,2045,13,12439364.66719054,41285.76554540887,IL,ILLINOIS,0.0707262,879788993.3246516
1188,2045,14,711708.5082879548,6127.380077790182,IN,INDIANA,0.0707262,50336438.29887555
1189,2045,15,23986673.993585344,55473.43336662756,IA,IOWA,0.0707262,1696486302.205116
1190,2045,16,2111073.1732398868,7499.346889187089,KS,KANSAS,0.0707262,149308183.46519887
1191,2045,17,116465.62093815106,2502.710767917376,KY,KENTUCKY,0.0707262,8237170.79959586
1192,2045,18,753931.0201902579,3387.5159510953577,LA,LOUISIANA,0.0707262,53322676.12018022
1193,2045,19,301.84766253387147,9.819627850710422,ME,MAINE,0.0707262,21348.538149903103
1194,2045,20,1972.2121888803104,70.69351012737968,MD,MARYLAND,0.0707262,139487.0737131866
1195,2045,21,2469.297369680324,50.01153767465621,MA,MASSACHUSETTS,0.0707262,174644.01962748455
1196,2045,22,513947.5778899357,3433.0767477214367,MI,MICHIGAN,0.0707262,36349559.18335917
1197,2045,23,2992899.85245248,25278.295421763058,MN,MINNESOTA,0.0707262,211676433.54452458
1198,2045,24,599391.1158477606,3109.940931071382,MS,MISSISSIPPI,0.0707262,42392655.937671885
1199,2045,25,4999668.276843251,16000.428591241416,MO,MISSOURI,0.0707262,353607538.4816711
1200,2045,26,0.0,0.0,MT,MONTANA,0.0707262,0.0
1201,2045,27,3077064.4232404474,19643.07331762216,NE,NEBRASKA,0.0707262,217629073.81098855
1202,2045,28,0.0,0.0,NV,NEVADA,0.0707262,0.0
1203,2045,29,0.0,0.0,NH,NEW HAMPSHIRE,0.0707262,0.0
1204,2045,30,1925.6432355603724,62.68172897456016,NJ,NEW JERSEY,0.0707262,136193.42860689003
1205,2045,31,22.69733060035264,0.9230394050995792,NM,NEW MEXICO,0.0707262,1605.2959435066612
1206,2045,32,28975.46425183949,693.7713833988912,NY,NEW YORK,0.0707262,2049324.4797684501
1207,2045,33,14527.232358879526,322.5912390426582,NC,NORTH CAROLINA,0.0707262,1027455.9412605851
1208,2045,34,885264.3831670929,6245.153843748712,ND,NORTH DAKOTA,0.0707262,62611385.81675245
1209,2045,35,212127.2449636098,2480.542654124887,OH,OHIO,0.0707262,15002953.952745259
1210,2045,36,307272.19649578107,969.9879758467044,OK,OKLAHOMA,0.0707262,21732194.823799912
1211,2045,37,3541.7868121450774,7.877523725904908,OR,OREGON,0.0707262,250497.1224331352
1212,2045,38,210378.94009756343,3687.4483299188,PA,PENNSYLVANIA,0.0707262,14879302.993128292
1213,2045,39,391.96869513075393,8.291341728570526,RI,RHODE ISLAND,0.0707262,27722.45632555673
1214,2045,40,0.0,0.0,SC,SOUTH CAROLINA,0.0707262,0.0
1215,2045,41,2875312.3519614274,22786.9573898503,SD,SOUTH DAKOTA,0.0707262,203359916.4672943
1216,2045,42,82692.9526732922,685.8430842916418,TN,TENNESSEE,0.0707262,5848558.309361799
1217,2045,43,2635194.9683124204,12069.36627265615,TX,TEXAS,0.0707262,186377326.3678579
1218,2045,44,0.0,0.0,UT,UTAH,0.0707262,0.0
1219,2045,45,0.0,0.0,VT,VERMONT,0.0707262,0.0
1220,2045,46,1702.7278612010618,43.429348361857706,VA,VIRGINIA,0.0707262,120427.47125687855
1221,2045,47,120862.59893256958,648.8027311327075,WA,WASHINGTON,0.0707262,8548152.344624704
1222,2045,48,6788.389627907543,95.40689203859728,WV,WEST VIRGINIA,0.0707262,480117.0025013145
1223,2045,49,2843475.4319641544,17314.90077192065,WI,WISCONSIN,0.0707262,201108212.09618318
1224,2045,50,63816.17829650868,873.0353046008386,WY,WYOMING,0.0707262,4513475.789434533
1225,2046,0,372259.5392755137,2211.7627346957474,AL,ALABAMA,0.06951562,25877852.673651688
1226,2046,2,0.0,0.0,AZ,ARIZONA,0.06951562,0.0
1227,2046,3,367627.2871889806,1327.3071948791617,AR,ARKANSAS,0.06951562,25555838.797860045
1228,2046,4,22596.448401063404,279.61988269193523,CA,CALIFORNIA,0.06951562,1570806.1203979312
1229,2046,5,484934.60687184194,4408.771590340633,CO,COLORADO,0.06951562,33710529.856152356
1230,2046,6,0.0,0.0,CT,CONNECTICUT,0.06951562,0.0
1231,2046,7,0.0,0.0,DE,DELAWARE,0.06951562,0.0
1232,2046,8,0.0,0.0,DC,DISTRICT OF COLUMBIA,0.06951562,0.0
1233,2046,9,7584.722632688731,51.63959635431666,FL,FLORIDA,0.06951562,527256.6963393894
1234,2046,10,31680.18258270584,390.9552134107587,GA,GEORGIA,0.06951562,2202267.5339499977
1235,2046,12,16932.59305426365,644.2215138265791,ID,IDAHO,0.06951562,1177079.7043748312
1236,2046,13,10637617.544607935,44101.19659987949,IL,ILLINOIS,0.06951562,739480578.9362983
1237,2046,14,432651.89287393406,4495.519562397396,IN,INDIANA,0.06951562,30076064.577305112
1238,2046,15,25771387.753664058,54751.61057585884,IA,IOWA,0.06951562,1791513997.9563644
1239,2046,16,2913779.555057714,8157.048584987792,KS,KANSAS,0.06951562,202553192.31316116
1240,2046,17,1115170.9302452246,7449.686498507743,KY,KENTUCKY,0.06951562,77521798.62197354
1241,2046,18,1055813.808266048,4194.525068419177,LA,LOUISIANA,0.06951562,73395551.48617546
1242,2046,19,0.0,0.0,ME,MAINE,0.06951562,0.0
1243,2046,20,1141.600980410089,32.61114917638788,MD,MARYLAND,0.06951562,79359.0999458152
1244,2046,21,0.0,0.0,MA,MASSACHUSETTS,0.06951562,0.0
1245,2046,22,203347.33538574085,1694.9954229936948,MI,MICHIGAN,0.06951562,14135816.094687713
1246,2046,23,7961369.417015667,30084.8195642377,MN,MINNESOTA,0.06951562,553439531.0728827
1247,2046,24,1272235.037063814,4940.278688509919,MS,MISSISSIPPI,0.06951562,88440207.387214
1248,2046,25,6679486.718064818,16762.903575863522,MO,MISSOURI,0.06951562,464328660.488041
1249,2046,26,0.0,0.0,MT,MONTANA,0.06951562,0.0
1250,2046,27,7286805.221488472,22988.98937906876,NE,NEBRASKA,0.06951562,506546782.7910085
1251,2046,28,0.0,0.0,NV,NEVADA,0.06951562,0.0
1252,2046,29,0.0,0.0,NH,NEW HAMPSHIRE,0.06951562,0.0
1253,2046,30,0.0,0.0,NJ,NEW JERSEY,0.06951562,0.0
1254,2046,31,52.692500836372446,2.142862325160769,NM,NEW MEXICO,0.06951562,3662.951864990949
1255,2046,32,16601.20136034915,931.7311822616508,NY,NEW YORK,0.06951562,1154042.8053095145
1256,2046,33,28142.0516027202,974.474793988129,NC,NORTH CAROLINA,0.06951562,1956312.1652350884
1257,2046,34,2611910.5694011324,9226.943698906716,ND,NORTH DAKOTA,0.06951562,181568582.61647275
1258,2046,35,159791.6884892854,3232.005685709572,OH,OHIO,0.06951562,11108018.296179539
1259,2046,36,237576.6798265953,949.2614007239624,OK,OKLAHOMA,0.06951562,16515290.195687266
1260,2046,37,3478.5087568662348,7.877435242896487,OR,OREGON,0.06951562,241810.69290898557
1261,2046,38,55947.34244918035,802.2098435917504,PA,PENNSYLVANIA,0.06951562,3889214.1977070905
1262,2046,39,0.0,0.0,RI,RHODE ISLAND,0.06951562,0.0
1263,2046,40,7290.702493119837,120.66835415425174,SC,SOUTH CAROLINA,0.06951562,506817.7040447712
1264,2046,41,11825183.963683777,31700.855402116984,SD,SOUTH DAKOTA,0.06951562,822034994.8495352
1265,2046,42,859068.9454146068,4873.470342566422,TN,TENNESSEE,0.06951562,59718710.36324255
1266,2046,43,3235412.3284359127,15642.14207820802,TX,TEXAS,0.06951562,224911693.9668661
1267,2046,44,0.0,0.0,UT,UTAH,0.06951562,0.0
1268,2046,45,0.0,0.0,VT,VERMONT,0.06951562,0.0
1269,2046,46,7514.06732979116,121.74242752710867,VA,VIRGINIA,0.06951562,522345.049152177
1270,2046,47,120064.81032169244,654.2150417628789,WA,WASHINGTON,0.06951562,8346379.729694849
1271,2046,48,3427.0835703632183,157.73241458054403,WV,WEST VIRGINIA,0.06951562,238235.83918561274
1272,2046,49,2544881.812899729,15907.447136009703,WI,WISCONSIN,0.06951562,176909037.05044866
1273,2046,50,87416.2596177994,1116.675256300896,WY,WYOMING,0.06951562,6076795.485412288
1274,2047,0,285652.8858096861,1843.83646399082,AL,ALABAMA,0.06830504,19511531.79134604
1275,2047,2,0.0,0.0,AZ,ARIZONA,0.06830504,0.0
1276,2047,3,80439.69799235121,646.080154903957,AR,ARKANSAS,0.06830504,5494436.78895547
1277,2047,4,33348.35513537577,419.0200216140896,CA,CALIFORNIA,0.06830504,2277860.7314560474
1278,2047,5,281799.4093593626,3250.4569692380715,CO,COLORADO,0.06830504,19248319.928267635
1279,2047,6,3024.609541083898,74.4929309299426,CT,CONNECTICUT,0.06830504,206596.07568811727
1280,2047,7,1683.001922925807,40.71981631895399,DE,DELAWARE,0.06830504,114957.51366552417
1281,2047,8,0.0,0.0,DC,DISTRICT OF COLUMBIA,0.06830504,0.0
1282,2047,9,9993.270849133689,44.85394881337155,FL,FLORIDA,0.06830504,682590.7650809105
1283,2047,10,247044.9403875152,1876.58585024338,GA,GEORGIA,0.06830504,16874414.53496684
1284,2047,12,30525.63912189451,1190.031264491626,ID,IDAHO,0.06830504,2085055.0012465692
1285,2047,13,4030792.306602091,32498.61530813408,IL,ILLINOIS,0.06830504,275323429.7341481
1286,2047,14,354222.34906369785,4439.168998601805,IN,INDIANA,0.06830504,24195171.721689846
1287,2047,15,9742157.765090773,43734.64468555644,IA,IOWA,0.06830504,665438475.8308358
1288,2047,16,1437868.5465294805,5718.548183613752,KS,KANSAS,0.06830504,98213668.58543801
1289,2047,17,640008.8668063744,5123.404093710523,KY,KENTUCKY,0.06830504,43715831.24756408
1290,2047,18,165351.05271002543,2719.6449600254,LA,LOUISIANA,0.06830504,11294310.269400395
1291,2047,19,25.97601959498667,1.768592251503457,ME,MAINE,0.06830504,1774.2930574763484
1292,2047,20,4623.833219750658,108.34652253104932,MD,MARYLAND,0.06830504,315831.11302839743
1293,2047,21,1877.1084606282984,44.20136947529639,MA,MASSACHUSETTS,0.06830504,128215.96848755433
1294,2047,22,72937.24115018695,1184.546556603753,MI,MICHIGAN,0.06830504,4981981.174253166
1295,2047,23,6010325.409603509,26684.3286430153,MN,MINNESOTA,0.06830504,410535517.51598406
1296,2047,24,691269.2834471605,4076.645163263851,MS,MISSISSIPPI,0.06830504,47217176.056629635
1297,2047,25,2726924.578811292,14004.493417632077,MO,MISSOURI,0.06830504,186262692.43268844
1298,2047,26,0.0,0.0,MT,MONTANA,0.06830504,0.0
1299,2047,27,2016797.4004386785,15402.33400628655,NE,NEBRASKA,0.06830504,137757427.10885996
1300,2047,28,0.0,0.0,NV,NEVADA,0.06830504,0.0
1301,2047,29,68.33740258562776,4.820871651243841,NH,NEW HAMPSHIRE,0.06830504,4667.789017107408
1302,2047,30,2277.2118305196914,53.07382912626355,NJ,NEW JERSEY,0.06830504,155545.04517212074
1303,2047,31,0.0,0.0,NM,NEW MEXICO,0.06830504,0.0
1304,2047,32,7386.574585303804,221.0583314435892,NY,NEW YORK,0.06830504,504540.2725121597
1305,2047,33,31365.6707558494,865.7210949385618,NC,NORTH CAROLINA,0.06830504,2142433.3956051236
1306,2047,34,374689.2151814759,3866.031349780441,ND,NORTH DAKOTA,0.06830504,25593161.83053932
1307,2047,35,90865.29173368817,1554.7931253411134,OH,OHIO,0.06830504,6206557.3864812385
1308,2047,36,118826.5874746158,362.8464595358616,OK,OKLAHOMA,0.06830504,8116454.81051713
1309,2047,37,3316.4518290072533,7.877435268208591,OR,OREGON,0.06830504,226530.3748384136
1310,2047,38,46780.359770995456,604.8226441027597,PA,PENNSYLVANIA,0.06830504,3195334.345372235
1311,2047,39,333.344068142181,7.231254643587463,RI,RHODE ISLAND,0.06830504,22769.0799082144
1312,2047,40,110743.21587953522,1046.1034024833602,SC,SOUTH CAROLINA,0.06830504,7564319.790380288
1313,2047,41,2980007.8886114107,21300.504513368367,SD,SOUTH DAKOTA,0.06830504,203549558.03191793
1314,2047,42,743583.8670985871,3872.772142406797,TN,TENNESSEE,0.06830504,50790525.785523675
1315,2047,43,258732.42118490185,1283.0587096231527,TX,TEXAS,0.06830504,17672728.378331568
1316,2047,44,45.41836215422192,1.0738929152271253,UT,UTAH,0.06830504,3102.3030436786144
1317,2047,45,153.98693283073246,12.513881298599088,VT,VERMONT,0.06830504,10518.083606480493
1318,2047,46,7505.413795500141,141.4599695167514,VA,VIRGINIA,0.06830504,512657.5895181889
1319,2047,47,131112.17338453754,663.3940484594857,WA,WASHINGTON,0.06830504,8955622.247517772
1320,2047,48,673.6013597532203,17.39883216108933,WV,WEST VIRGINIA,0.06830504,46010.3678219981
1321,2047,49,3778538.618136991,18268.354960134748,WI,WISCONSIN,0.06830504,258093231.45339188
1322,2047,50,86418.00116144269,1199.6939985685665,WY,WYOMING,0.06830504,5902785.026052389
1323,2048,0,223516.1051881134,1473.0546112225402,AL,ALABAMA,0.06709446,14996692.378899666
1324,2048,2,0.0,0.0,AZ,ARIZONA,0.06709446,0.0
1325,2048,3,322502.150530968,1222.678159118114,AR,ARKANSAS,0.06709446,21638107.638714008
1326,2048,4,29211.22332877256,364.089778136312,CA,CALIFORNIA,0.06709446,1959911.255183397
1327,2048,5,307253.54293238634,4060.363986756395,CO,COLORADO,0.06709446,20615010.546135277
1328,2048,6,2942.6719503871645,49.64488462871887,CT,CONNECTICUT,0.06709446,197436.98546837358
1329,2048,7,0.0,0.0,DE,DELAWARE,0.06709446,0.0
1330,2048,8,0.0,0.0,DC,DISTRICT OF COLUMBIA,0.06709446,0.0
1331,2048,9,6071.670877086104,44.117070866491495,FL,FLORIDA,0.06709446,407375.47879581846
1332,2048,10,216144.3702883937,1249.663938685959,GA,GEORGIA,0.06709446,14502089.806539819
1333,2048,12,21927.620211888305,885.755057022078,ID,IDAHO,0.06709446,1471221.8372017313
1334,2048,13,2931208.329733545,21837.119956237955,IL,ILLINOIS,0.06709446,196667840.03097412
1335,2048,14,331266.6228067267,4336.050354504218,IN,INDIANA,0.06709446,22226155.17324101
1336,2048,15,3314499.5029122457,28887.00801828509,IA,IOWA,0.06709446,222384554.31816554
1337,2048,16,1264271.3600884797,4328.971076507795,KS,KANSAS,0.06709446,84825604.1986021
1338,2048,17,263028.40475323703,3640.024071270536,KY,KENTUCKY,0.06709446,17647748.78157987
1339,2048,18,992374.9875446432,3982.7429402638872,LA,LOUISIANA,0.06709446,66582863.90681456
1340,2048,19,25.78195440138171,2.330368887000935,ME,MAINE,0.06709446,1729.826308305329
1341,2048,20,403.61316145636897,23.09280799909443,MD,MARYLAND,0.06709446,27080.207116807887
1342,2048,21,976.1807179874954,25.006750884122503,MA,MASSACHUSETTS,0.06709446,65496.31813578329
1343,2048,22,21071.51739607556,294.3704969518496,MI,MICHIGAN,0.06709446,1413782.0810702958
1344,2048,23,269938.7399537254,1961.8791265442908,MN,MINNESOTA,0.06709446,18111393.99027563
1345,2048,24,793016.0281398931,3523.722561273641,MS,MISSISSIPPI,0.06709446,53206982.17939092
1346,2048,25,1043079.2829921324,9297.235600521471,MO,MISSOURI,0.06709446,69984841.2295443
1347,2048,26,0.0,0.0,MT,MONTANA,0.06709446,0.0
1348,2048,27,2407039.2592010936,18707.907180441776,NE,NEBRASKA,0.06709446,161498999.2948974
1349,2048,28,0.0,0.0,NV,NEVADA,0.06709446,0.0
1350,2048,29,0.0,0.0,NH,NEW HAMPSHIRE,0.06709446,0.0
1351,2048,30,0.0,0.0,NJ,NEW JERSEY,0.06709446,0.0
1352,2048,31,0.0,0.0,NM,NEW MEXICO,0.06709446,0.0
1353,2048,32,1591.96174521273,31.16078061092858,NY,NEW YORK,0.06709446,106811.8136357057
1354,2048,33,66006.09553886403,1690.0310118991051,NC,NORTH CAROLINA,0.06709446,4428643.336888491
1355,2048,34,944907.4557744628,7139.613597999294,ND,NORTH DAKOTA,0.06709446,63398055.49516146
1356,2048,35,6536.920888185472,242.9253935665244,OH,OHIO,0.06709446,438591.1770555246
1357,2048,36,249292.8058868216,903.3414944666032,OK,OKLAHOMA,0.06709446,16726166.192861116
1358,2048,37,3332.917437469607,7.55408592867128,OR,OREGON,0.06709446,223620.29569160705
1359,2048,38,7128.1823924599685,166.76341380551276,PA,PENNSYLVANIA,0.06709446,478261.5484036096
1360,2048,39,118.0372438289086,4.535890325097408,RI,RHODE ISLAND,0.06709446,7919.6451345889545
1361,2048,40,26036.3464334243,344.6331105228773,SC,SOUTH CAROLINA,0.06709446,1746894.6043235294
1362,2048,41,4570658.16120322,24221.88741981832,SD,SOUTH DAKOTA,0.06709446,306665841.1705229
1363,2048,42,575355.5601398732,3479.2378025482603,TN,TENNESSEE,0.06709446,38603170.61558231
1364,2048,43,2823031.0522126723,14100.763920820966,TX,TEXAS,0.06709446,189409744.01144102
1365,2048,44,0.0,0.0,UT,UTAH,0.06709446,0.0
1366,2048,45,190.3661647471883,11.047940233141732,VT,VERMONT,0.06709446,12772.515025983635
1367,2048,46,8553.528086283906,145.14421421578402,VA,VIRGINIA,0.06709446,573894.348044052
1368,2048,47,113084.73446170765,604.7399588358344,WA,WASHINGTON,0.06709446,7587359.192951665
1369,2048,48,163.6111744569503,4.19552444739831,WV,WEST VIRGINIA,0.06709446,10977.403400154873
1370,2048,49,44327.27882972999,291.8686061549476,WI,WISCONSIN,0.06709446,2974114.8363501653
1371,2048,50,46393.06092316771,1157.358845932726,WY,WYOMING,0.06709446,3112717.370387038
1372,2049,0,10443.25478922401,83.39917268033642,AL,ALABAMA,0.06588388,688042.14534266
1373,2049,2,0.0,0.0,AZ,ARIZONA,0.06588388,0.0
1374,2049,3,201265.8127797973,795.4761768761466,AR,ARKANSAS,0.06588388,13260172.657286633
1375,2049,4,18915.95749595073,243.24530699956023,CA,CALIFORNIA,0.06588388,1246256.6737483183
1376,2049,5,270283.3354914734,2874.148672546103,CO,COLORADO,0.06588388,17807314.841519974
1377,2049,6,0.0,0.0,CT,CONNECTICUT,0.06588388,0.0
1378,2049,7,316.2317430966698,22.77229530172504,DE,DELAWARE,0.06588388,20834.574214371823
1379,2049,8,0.0,0.0,DC,DISTRICT OF COLUMBIA,0.06588388,0.0
1380,2049,9,0.0,0.0,FL,FLORIDA,0.06588388,0.0
1381,2049,10,6264.496717823876,49.67085273378164,GA,GEORGIA,0.06588388,412729.35001750215
1382,2049,12,18853.00884705937,720.3121547265375,ID,IDAHO,0.06588388,1242109.3725185979
1383,2049,13,1597844.0132446368,15078.116307448934,IL,ILLINOIS,0.06588388,105272163.22732806
1384,2049,14,216088.0463356676,3467.2292434456067,IN,INDIANA,0.06588388,14236718.914213566
1385,2049,15,2930128.561570155,22991.16718376272,IA,IOWA,0.06588388,193048238.53506073
1386,2049,16,1836924.9454692968,7265.183792567245,KS,KANSAS,0.06588388,121023742.6763057
1387,2049,17,38860.99743006913,500.6387525745238,KY,KENTUCKY,0.06588388,2560313.2913629836
1388,2049,18,942690.0307443452,3679.4045412364794,LA,LOUISIANA,0.06588388,62108076.86275675
1389,2049,19,128.6441037703123,2.0331410339561864,ME,MAINE,0.06588388,8475.572695510806
1390,2049,20,2231.98243801274,54.11161896123559,MD,MARYLAND,0.06588388,147051.66310813883
1391,2049,21,0.0,0.0,MA,MASSACHUSETTS,0.06588388,0.0
1392,2049,22,16602.500006106977,187.4730821031464,MI,MICHIGAN,0.06588388,1093837.1181023514
1393,2049,23,602337.1790048291,6414.527179336471,MN,MINNESOTA,0.06588388,39684310.42109269
1394,2049,24,596469.1555910469,2318.3000199718,MS,MISSISSIPPI,0.06588388,39297702.27066187
1395,2049,25,2139594.146787636,13482.590044601697,MO,MISSOURI,0.06588388,140964764.015659
1396,2049,26,0.0,0.0,MT,MONTANA,0.06588388,0.0
1397,2049,27,1413164.268776706,11800.099100650365,NE,NEBRASKA,0.06588388,93104745.10437225
1398,2049,28,0.0,0.0,NV,NEVADA,0.06588388,0.0
1399,2049,29,0.0,0.0,NH,NEW HAMPSHIRE,0.06588388,0.0
1400,2049,30,496.2908790767003,31.6748229548512,NJ,NEW JERSEY,0.06588388,32697.568722183838
1401,2049,31,0.0,0.0,NM,NEW MEXICO,0.06588388,0.0
1402,2049,32,0.0,0.0,NY,NEW YORK,0.06588388,0.0
1403,2049,33,162.4626049271251,15.185805149163803,NC,NORTH CAROLINA,0.06588388,10703.666767506122
1404,2049,34,54222.578391298586,392.4269788668557,ND,NORTH DAKOTA,0.06588388,3572393.8480229094
1405,2049,35,16974.93595218344,548.4072453864361,OH,OHIO,0.06588388,1118374.6432813397
1406,2049,36,195650.95355618125,712.1282579263311,OK,OKLAHOMA,0.06588388,12890243.94598102
1407,2049,37,3361.201098469604,7.500372926137119,OR,OREGON,0.06588388,221448.96982743958
1408,2049,38,19628.4397811554,556.7036666048072,PA,PENNSYLVANIA,0.06588388,1293197.7711288687
1409,2049,39,0.0,0.0,RI,RHODE ISLAND,0.06588388,0.0
1410,2049,40,0.0,0.0,SC,SOUTH CAROLINA,0.06588388,0.0
1411,2049,41,2670439.075450488,19100.87181621824,SD,SOUTH DAKOTA,0.06588388,175938887.5942909
1412,2049,42,168195.05578090434,1146.2194504837398,TN,TENNESSEE,0.06588388,11081342.87166241
1413,2049,43,2762584.744867376,13362.334776280832,TX,TEXAS,0.06588388,182009801.8206728
1414,2049,44,0.0,0.0,UT,UTAH,0.06588388,0.0
1415,2049,45,166.1854905690824,5.748551478692956,VT,VERMONT,0.06588388,10948.944918394556
1416,2049,46,4539.816087753288,114.664368035812,VA,VIRGINIA,0.06588388,299100.69834760716
1417,2049,47,130434.06577520331,632.8914025794662,WA,WASHINGTON,0.06588388,8593502.337445604
1418,2049,48,4348.700774798326,101.75796156664236,WV,WEST VIRGINIA,0.06588388,286509.28000271996
1419,2049,49,59513.03010814979,516.2403422365844,WI,WISCONSIN,0.06588388,3920949.334081728
1420,2049,50,72677.92410476868,1312.9403593623292,WY,WYOMING,0.06588388,4788303.630367688
1421,2050,0,17861.63258944164,351.7907208821457,AL,ALABAMA,0.0646733,1155170.7229467363
1422,2050,2,0.0,0.0,AZ,ARIZONA,0.0646733,0.0
1423,2050,3,223747.16478452968,1011.6845586639258,AR,ARKANSAS,0.0646733,14470467.512259325
1424,2050,4,12913.198071375473,166.30666748650208,CA,CALIFORNIA,0.0646733,835139.1328294874
1425,2050,5,247444.62809631,2865.683979172918,CO,COLORADO,0.0646733,16003060.666261088
1426,2050,6,5155.042993377928,72.45027463626931,CT,CONNECTICUT,0.0646733,333393.64202362875
1427,2050,7,22652.02649897328,448.5723854824658,DE,DELAWARE,0.0646733,1464981.3053760487
1428,2050,8,0.0,0.0,DC,DISTRICT OF COLUMBIA,0.0646733,0.0
1429,2050,9,414.6107971625893,4.65712889524997,FL,FLORIDA,0.0646733,26814.248468135287
1430,2050,10,12285.27607420742,216.1506223347792,GA,GEORGIA,0.0646733,794529.3451300389
1431,2050,12,21976.916364875888,836.11867805447,ID,IDAHO,0.0646733,1421319.7051405278
1432,2050,13,2340125.2210660176,17626.837156289344,IL,ILLINOIS,0.0646733,151343620.4595689
1433,2050,14,456666.25780319056,7372.720293200435,IN,INDIANA,0.0646733,29534113.890783083
1434,2050,15,2038.3041707623904,31.498949726640348,IA,IOWA,0.0646733,131823.8571269673
1435,2050,16,773396.6835869519,3568.229914665228,KS,KANSAS,0.0646733,50018115.736624025
1436,2050,17,230376.544025141,3846.637100974112,KY,KENTUCKY,0.0646733,14899211.344701152
1437,2050,18,676064.873828807,3617.668755160979,LA,LOUISIANA,0.0646733,43723346.40459259
1438,2050,19,46.25750870197514,1.029924041291292,ME,MAINE,0.0646733,2991.625737535449
1439,2050,20,55862.67325443692,681.188276680655,MD,MARYLAND,0.0646733,3612823.4261861756
1440,2050,21,1434.2867147920206,35.71096262329856,MA,MASSACHUSETTS,0.0646733,92760.05499175879
1441,2050,22,27544.32814712738,564.9581635921031,MI,MICHIGAN,0.0646733,1781382.5975576132
1442,2050,23,352709.79539120774,2107.156486422846,MN,MINNESOTA,0.0646733,22810906.410274196
1443,2050,24,277319.9689795385,1849.74236267965,MS,MISSISSIPPI,0.0646733,17935197.54980439
1444,2050,25,699734.9893476903,6751.071640417087,MO,MISSOURI,0.0646733,45254170.886579975
1445,2050,26,0.0,0.0,MT,MONTANA,0.0646733,0.0
1446,2050,27,1069543.7938898755,10532.101868587368,NE,NEBRASKA,0.0646733,69170926.64537808
1447,2050,28,0.0,0.0,NV,NEVADA,0.0646733,0.0
1448,2050,29,0.0,0.0,NH,NEW HAMPSHIRE,0.0646733,0.0
1449,2050,30,4832.225612204409,190.8238656090599,NJ,NEW JERSEY,0.0646733,312515.97668577946
1450,2050,31,0.0,0.0,NM,NEW MEXICO,0.0646733,0.0
1451,2050,32,6087.21020601963,137.4603197210478,NY,NEW YORK,0.0646733,393679.9718169694
1452,2050,33,139253.32794880983,1995.6812776479003,NC,NORTH CAROLINA,0.0646733,9005972.254431764
1453,2050,34,142162.47241354617,1288.0162139288025,ND,NORTH DAKOTA,0.0646733,9194116.227142997
1454,2050,35,64821.739559679794,1806.8737929147724,OH,OHIO,0.0646733,4192235.8090650393
1455,2050,36,218221.45899643528,924.9952322974912,OK,OKLAHOMA,0.0646733,14113101.88411416
1456,2050,37,3044.608235802686,7.460027671913096,OR,OREGON,0.0646733,196904.86181653786
1457,2050,38,97188.57077965296,1400.4223052767131,PA,PENNSYLVANIA,0.0646733,6285505.594603729
1458,2050,39,366.1646132382879,4.535932179236514,RI,RHODE ISLAND,0.0646733,23681.073881343767
1459,2050,40,60037.0305445357,497.821254756486,SC,SOUTH CAROLINA,0.0646733,3882792.887515921
1460,2050,41,958139.474882312,10566.458564240447,SD,SOUTH DAKOTA,0.0646733,61966041.70090623
1461,2050,42,265804.0350973938,2559.492614936504,TN,TENNESSEE,0.0646733,17190424.103064276
1462,2050,43,719694.7268523969,4844.098156944587,TX,TEXAS,0.0646733,46545032.97814312
1463,2050,44,45.4183588334893,1.073892836710176,UT,UTAH,0.0646733,2937.3551463459034
1464,2050,45,208.3362648866972,11.067807363170145,VT,VERMONT,0.0646733,13473.793759896835
1465,2050,46,28929.08199150381,446.3522996887452,VA,VIRGINIA,0.0646733,1870939.1983611234
1466,2050,47,76617.20697140851,528.3261815179264,WA,WASHINGTON,0.0646733,4955087.611623994
1467,2050,48,8846.803248692793,141.61151330054628,WV,WEST VIRGINIA,0.0646733,572151.9605436837
1468,2050,49,29509.08106769504,407.8932374007134,WI,WISCONSIN,0.0646733,1908449.6526153618
1469,2050,50,67738.34113790013,971.5736333721986,WY,WYOMING,0.0646733,4380862.057913757
1470,2051,0,259297.81940832915,1271.8426959602266,AL,ALABAMA,0.06581654,17066085.303001076
1471,2051,2,0.0,0.0,AZ,ARIZONA,0.06581654,0.0
1472,2051,3,299171.12777126045,1205.2656755435028,AR,ARKANSAS,0.06581654,19690408.497802276
1473,2051,4,9946.954363661604,121.90986595962572,CA,CALIFORNIA,0.06581654,654674.1197541086
1474,2051,5,361070.50456115976,3675.733019979861,CO,COLORADO,0.06581654,23764411.306269754
1475,2051,6,229.0090819572071,7.560109053292806,CT,CONNECTICUT,0.06581654,15072.5854029998
1476,2051,7,932.3871862023108,103.80111139229092,DE,DELAWARE,0.06581654,61366.498536171835
1477,2051,8,0.0,0.0,DC,DISTRICT OF COLUMBIA,0.06581654,0.0
1478,2051,9,11363.000781914763,53.03225944016448,FL,FLORIDA,0.06581654,747873.3954829244
1479,2051,10,306003.12188361515,1567.5750457184688,GA,GEORGIA,0.06581654,20140066.711577833
1480,2051,12,18294.471371546704,698.7668529298817,ID,IDAHO,0.06581654,1204078.8068042586
1481,2051,13,10579736.20679746,41560.98597670803,IL,ILLINOIS,0.06581654,696321631.2441334
1482,2051,14,2453398.83190555,16285.571493012503,IN,INDIANA,0.06581654,161474222.35606492
1483,2051,15,9255969.49097227,43772.87228309161,IA,IOWA,0.06581654,609195886.241356
1484,2051,16,2109145.115970644,7615.715816840435,KS,KANSAS,0.06581654,138816633.89108655
1485,2051,17,555475.2773965427,5471.417212810921,KY,KENTUCKY,0.06581654,36559460.81378065
1486,2051,18,1228620.8976312955,3986.306912953012,LA,LOUISIANA,0.06581654,80863576.45378608
1487,2051,19,0.0,0.0,ME,MAINE,0.06581654,0.0
1488,2051,20,4064.1375040186185,63.70209121317373,MD,MARYLAND,0.06581654,267487.46859874163
1489,2051,21,32.37442196551178,0.9089479630441132,MA,MASSACHUSETTS,0.06581654,2130.772438269985
1490,2051,22,136952.97372843308,1530.597718942602,MI,MICHIGAN,0.06581654,9013770.873516366
1491,2051,23,416632.6197780691,4103.848188136319,MN,MINNESOTA,0.06581654,27421317.48492808
1492,2051,24,890382.384484753,2700.175736033834,MS,MISSISSIPPI,0.06581654,58601887.82373613
1493,2051,25,3939796.842457172,17620.860156641324,MO,MISSOURI,0.06581654,259303796.47345617
1494,2051,26,0.0,0.0,MT,MONTANA,0.06581654,0.0
1495,2051,27,4058556.425409728,24887.24259534612,NE,NEBRASKA,0.06581654,267120141.31523642
1496,2051,28,0.0,0.0,NV,NEVADA,0.06581654,0.0
1497,2051,29,0.0,0.0,NH,NEW HAMPSHIRE,0.06581654,0.0
1498,2051,30,385.1839058478948,4.0131133472159,NJ,NEW JERSEY,0.06581654,25351.471946594203
1499,2051,31,0.0,0.0,NM,NEW MEXICO,0.06581654,0.0
1500,2051,32,2472.8629061682186,60.72700334979199,NY,NEW YORK,0.06581654,162755.28037833684
1501,2051,33,579011.9892783468,3470.5787007594136,NC,NORTH CAROLINA,0.06581654,38108565.752817884
1502,2051,34,40181.44813650878,266.0683834297802,ND,NORTH DAKOTA,0.06581654,2644603.8885344556
1503,2051,35,468434.9821029507,4528.911042091732,OH,OHIO,0.06581654,30830769.73697814
1504,2051,36,238542.29728126124,960.1335278210686,OK,OKLAHOMA,0.06581654,15700028.650704022
1505,2051,37,2970.7151558661253,7.6214065160798175,OR,OREGON,0.06581654,195522.1928846691
1506,2051,38,11616.460675358278,148.95783741232623,PA,PENNSYLVANIA,0.06581654,764555.2486981452
1507,2051,39,268.63265222204666,3.5992523377868886,RI,RHODE ISLAND,0.06581654,17680.471700278427
1508,2051,40,214384.72016175947,1404.6740153963974,SC,SOUTH CAROLINA,0.06581654,14110060.50991525
1509,2051,41,2101703.4368590284,11417.2261904649,SD,SOUTH DAKOTA,0.06581654,138326848.32016972
1510,2051,42,592108.823145654,3504.2340912144587,TN,TENNESSEE,0.06581654,38970554.04291887
1511,2051,43,2855479.7146362234,14514.26617182797,TX,TEXAS,0.06581654,187937794.8575436
1512,2051,44,0.0,0.0,UT,UTAH,0.06581654,0.0
1513,2051,45,0.0,0.0,VT,VERMONT,0.06581654,0.0
1514,2051,46,89327.60600643,545.7997869973952,VA,VIRGINIA,0.06581654,5879233.9538264405
1515,2051,47,71284.15944453514,520.9541315639,WA,WASHINGTON,0.06581654,4691676.731447625
1516,2051,48,1399.946177611194,47.994254059615926,WV,WEST VIRGINIA,0.06581654,92139.61359659425
1517,2051,49,237402.8596348826,3914.10734648768,WI,WISCONSIN,0.06581654,15625034.807273638
1518,2051,50,142093.8256721698,1824.908844539542,WY,WYOMING,0.06581654,9352123.961105391
1519,2052,0,118727.32317856932,909.9206624588132,AL,ALABAMA,0.06695978,7949955.440025901
1520,2052,2,0.0,0.0,AZ,ARIZONA,0.06695978,0.0
1521,2052,3,405749.2359850679,1336.1012112410808,AR,ARKANSAS,0.06695978,27168879.57672823
1522,2052,4,20646.48303329533,260.3808069720453,CA,CALIFORNIA,0.06695978,1382483.961683188
1523,2052,5,579810.7929818943,5287.819611023056,CO,COLORADO,0.06695978,38824003.139693186
1524,2052,6,228.91659279775376,26.2307958977882,CT,CONNECTICUT,0.06695978,15328.204692087174
1525,2052,7,6779.813953840483,207.0787880665743,DE,DELAWARE,0.06695978,453974.8507900889
1526,2052,8,0.0,0.0,DC,DISTRICT OF COLUMBIA,0.06695978,0.0
1527,2052,9,0.0,0.0,FL,FLORIDA,0.06695978,0.0
1528,2052,10,4363.914278830128,89.0783997117268,GA,GEORGIA,0.06695978,292206.740049324
1529,2052,12,26409.71367717072,1061.7106440540113,ID,IDAHO,0.06695978,1768388.6176863424
1530,2052,13,19277034.41237105,45668.12621274551,IL,ILLINOIS,0.06695978,1290785983.3047948
1531,2052,14,3573829.017450696,18397.232897041667,IN,INDIANA,0.06695978,239302804.76611474
1532,2052,15,23502772.891629227,55564.57799091413,IA,IOWA,0.06695978,1573740502.2134569
1533,2052,16,2648492.678489047,7476.979823204402,KS,KANSAS,0.06695978,177342487.08323732
1534,2052,17,939031.2511972904,6189.21777399412,KY,KENTUCKY,0.06695978,62877325.9932953
1535,2052,18,698527.1660668395,2986.4432539473432,LA,LOUISIANA,0.06695978,46773225.363859035
1536,2052,19,31.41299237221069,0.5884692258032438,ME,MAINE,0.06695978,2103.4070583849057
1537,2052,20,41836.00130400121,713.0909317432959,MD,MARYLAND,0.06695978,2801329.443395634
1538,2052,21,600.622379312174,13.529650167555724,MA,MASSACHUSETTS,0.06695978,40217.542381819716
1539,2052,22,518124.9962938321,3768.681165124449,MI,MICHIGAN,0.06695978,34693535.76433581
1540,2052,23,4511622.640821711,28494.361176514365,MN,MINNESOTA,0.06695978,302097259.4724408
1541,2052,24,443696.1479427802,2155.199971499491,MS,MISSISSIPPI,0.06695978,29709796.453096014
1542,2052,25,7635907.165179495,18848.95508973743,MO,MISSOURI,0.06695978,511298663.8808426
1543,2052,26,0.0,0.0,MT,MONTANA,0.06695978,0.0
1544,2052,27,8076922.287106728,28057.397079388986,NE,NEBRASKA,0.06695978,540828939.4217633
1545,2052,28,0.0,0.0,NV,NEVADA,0.06695978,0.0
1546,2052,29,0.0,0.0,NH,NEW HAMPSHIRE,0.06695978,0.0
1547,2052,30,2533.1349088805664,79.62348379504947,NJ,NEW JERSEY,0.06695978,169618.15620896276
1548,2052,31,0.0,0.0,NM,NEW MEXICO,0.06695978,0.0
1549,2052,32,10105.82886501642,313.801481758662,NY,NEW YORK,0.06695978,676684.077519149
1550,2052,33,98119.1192016662,1623.759236453235,NC,NORTH CAROLINA,0.06695978,6570034.635537343
1551,2052,34,793305.9425205513,5951.446056435076,ND,NORTH DAKOTA,0.06695978,53119591.38386876
1552,2052,35,405439.5957561478,5221.675148393368,OH,OHIO,0.06695978,27148146.13512059
1553,2052,36,218296.4426366804,863.7079036460768,OK,OKLAHOMA,0.06695978,14617081.77373474
1554,2052,37,4290.100790964358,10.36917753518296,OR,OREGON,0.06695978,287264.20514079934
1555,2052,38,35638.45843018903,970.478633016941,PA,PENNSYLVANIA,0.06695978,2386343.3360246024
1556,2052,39,211.9055413932061,3.599972293862879,RI,RHODE ISLAND,0.06695978,14189.148432469974
1557,2052,40,55681.20622500406,991.4710866696306,SC,SOUTH CAROLINA,0.06695978,3728401.3189609023
1558,2052,41,9036978.861257872,30365.658153505767,SD,SOUTH DAKOTA,0.06695978,605114116.4144776
1559,2052,42,720081.7254294308,3374.0472699972183,TN,TENNESSEE,0.06695978,48216513.91677509
1560,2052,43,1687157.8545871656,9982.791938434406,TX,TEXAS,0.06695978,112971718.7684286
1561,2052,44,45.42289884725654,1.0740001829108847,UT,UTAH,0.06695978,3041.507313774551
1562,2052,45,300.5178554504939,13.809152776797054,VT,VERMONT,0.06695978,20122.609487036872
1563,2052,46,35084.31441695168,491.2075014993542,VA,VIRGINIA,0.06695978,2349237.9748099125
1564,2052,47,66692.4480543017,420.7788952367523,WA,WASHINGTON,0.06695978,4465711.64937747
1565,2052,48,5019.722311485479,201.322103505642,WV,WEST VIRGINIA,0.06695978,336119.5016381591
1566,2052,49,4184589.8485747017,19127.36126602389,WI,WISCONSIN,0.06695978,280199215.65079534
1567,2052,50,155223.641690991,2187.247798510413,WY,WYOMING,0.06695978,10393740.898427585
1568,2053,0,0.0,0.0,AL,ALABAMA,0.06810302,0.0
1569,2053,2,0.0,0.0,AZ,ARIZONA,0.06810302,0.0
1570,2053,3,162137.1549504793,830.7578802171846,AR,ARKANSAS,0.06810302,11042029.90633559
1571,2053,4,33283.170777027066,415.5408398993872,CA,CALIFORNIA,0.06810302,2266684.44509129
1572,2053,5,605137.2756675333,5258.819590224073,CO,COLORADO,0.06810302,41211675.987531535
1573,2053,6,179.61079195665644,22.93807987171933,CT,CONNECTICUT,0.06810302,12232.037356840012
1574,2053,7,795.9152093579747,34.12665394393441,DE,DELAWARE,0.06810302,54204.22942121034
1575,2053,8,0.0,0.0,DC,DISTRICT OF COLUMBIA,0.06810302,0.0
1576,2053,9,0.0,0.0,FL,FLORIDA,0.06810302,0.0
1577,2053,10,0.0,0.0,GA,GEORGIA,0.06810302,0.0
1578,2053,12,32258.02933948044,1263.2546811579682,ID,IDAHO,0.06810302,2196869.217267223
1579,2053,13,1058287.0406654328,17589.740179805194,IL,ILLINOIS,0.06810302,72072543.49617879
1580,2053,14,472132.48535189126,6058.513048215364,IN,INDIANA,0.06810302,32153648.09256956
1581,2053,15,7699687.815631528,32503.744881817336,IA,IOWA,0.06810302,524371993.3017103
1582,2053,16,1575653.989297819,5724.089957082141,KS,KANSAS,0.06810302,107306795.14622916
1583,2053,17,90885.238767241,1666.2436531338944,KY,KENTUCKY,0.06810302,6189559.233470189
1584,2053,18,340635.48230654,2110.292643473905,LA,LOUISIANA,0.06810302,23198305.06423194
1585,2053,19,0.0,0.0,ME,MAINE,0.06810302,0.0
1586,2053,20,2408.242971522155,53.57406474342467,MD,MARYLAND,0.06810302,164008.61925443276
1587,2053,21,20.32082691680833,0.6106173321355753,MA,MASSACHUSETTS,0.06810302,1383.909681931936
1588,2053,22,37069.679821418686,603.1655646763213,MI,MICHIGAN,0.06810302,2524557.1462716735
1589,2053,23,2228777.067882379,14812.27725486748,MN,MINNESOTA,0.06810302,151786449.229535
1590,2053,24,135388.05052578854,1095.1751935465345,MS,MISSISSIPPI,0.06810302,9220335.112718787
1591,2053,25,845955.6496833089,7003.493946834661,MO,MISSOURI,0.06810302,57612134.52949538
1592,2053,26,0.0,0.0,MT,MONTANA,0.06810302,0.0
1593,2053,27,7667672.518674669,27467.23622366332,NE,NEBRASKA,0.06810302,522191654.8927514
1594,2053,28,0.0,0.0,NV,NEVADA,0.06810302,0.0
1595,2053,29,0.0,0.0,NH,NEW HAMPSHIRE,0.06810302,0.0
1596,2053,30,666.672939226063,18.85031516926167,NJ,NEW JERSEY,0.06810302,45402.44051357135
1597,2053,31,0.0,0.0,NM,NEW MEXICO,0.06810302,0.0
1598,2053,32,733.7903526751154,13.13721211286205,NY,NEW YORK,0.06810302,49973.33906404044
1599,2053,33,6380.723863034338,351.83743310221115,NC,NORTH CAROLINA,0.06810302,434546.56485870475
1600,2053,34,360505.3022141748,3198.78794236379,ND,NORTH DAKOTA,0.06810302,24551499.806797992
1601,2053,35,12703.757394407376,692.7833480978858,OH,OHIO,0.06810302,865164.2439064734
1602,2053,36,169542.5637487856,646.5721520283201,OK,OKLAHOMA,0.06810302,11546360.60983482
1603,2053,37,7115.793704437079,15.150626130768435,OR,OREGON,0.06810302,484607.04096915247
1604,2053,38,3000.68821914554,74.53533542523347,PA,PENNSYLVANIA,0.06810302,204355.9298022331
1605,2053,39,200.4319141751632,3.5996123842478744,RI,RHODE ISLAND,0.06810302,13650.018659709423
1606,2053,40,0.0,0.0,SC,SOUTH CAROLINA,0.06810302,0.0
1607,2053,41,8541358.212012634,29870.40391937641,SD,SOUTH DAKOTA,0.06810302,581692289.1398606
1608,2053,42,90625.18773957311,1181.4543334634232,TN,TENNESSEE,0.06810302,6171848.9731319025
1609,2053,43,2653354.352766231,13750.584069203978,TX,TEXAS,0.06810302,180701444.5535257
1610,2053,44,0.0,0.0,UT,UTAH,0.06810302,0.0
1611,2053,45,22.899750163982187,2.492327614455486,VT,VERMONT,0.06810302,1559.542143412682
1612,2053,46,161.78745169432153,4.764156430316967,VA,VIRGINIA,0.06810302,11018.214058487412
1613,2053,47,108803.4730688581,655.2117719194753,WA,WASHINGTON,0.06810302,7409845.102477904
1614,2053,48,544.9390208474549,12.99608399532828,WV,WEST VIRGINIA,0.06810302,37111.99303555464
1615,2053,49,852211.8477533651,6777.915838759093,WI,WISCONSIN,0.06810302,58038200.511784375
1616,2053,50,172938.90279449843,2167.38003973842,WY,WYOMING,0.06810302,11777661.555791782
1617,2054,0,5882.434767144179,41.21899779701975,AL,ALABAMA,0.0692462599999999,407336.6073187047
1618,2054,2,0.0,0.0,AZ,ARIZONA,0.0692462599999999,0.0
1619,2054,3,56397.0766042194,488.20494170806336,AR,ARKANSAS,0.0692462599999999,3905286.6297756885
1620,2054,4,26195.116374028006,321.85148402327115,CA,CALIFORNIA,0.0692462599999999,1813913.839166198
1621,2054,5,292370.96204591374,3405.521657448612,CO,COLORADO,0.0692462599999999,20245595.65428145
1622,2054,6,176.75786393173897,2.2849313626028027,CT,CONNECTICUT,0.0692462599999999,12239.821002861803
1623,2054,7,157.3652423038842,9.1114474382363,DE,DELAWARE,0.0692462599999999,10896.954483537751
1624,2054,8,0.0,0.0,DC,DISTRICT OF COLUMBIA,0.0692462599999999,0.0
1625,2054,9,0.0,0.0,FL,FLORIDA,0.0692462599999999,0.0
1626,2054,10,26838.96090394471,313.01270014432896,GA,GEORGIA,0.0692462599999999,1858497.6648843877
1627,2054,12,36144.1512524108,1438.1529500003664,ID,IDAHO,0.0692462599999999,2502847.2951037604
1628,2054,13,2481851.374255726,27801.15367365073,IL,ILLINOIS,0.0692462599999999,171858925.5430691
1629,2054,14,181637.57379403675,3108.8183856955043,IN,INDIANA,0.0692462599999999,12577722.660711039
1630,2054,15,7587328.611536586,36447.51501236994,IA,IOWA,0.0692462599999999,525394129.7399007
1631,2054,16,1642648.7331004571,5967.50568874073,KS,KANSAS,0.0692462599999999,113747281.26094471
1632,2054,17,28059.213178948296,542.8930970789513,KY,KENTUCKY,0.0692462599999999,1942995.5711848775
1633,2054,18,33468.4533835226,676.5053961824038,LA,LOUISIANA,0.0692462599999999,2317565.224793283
1634,2054,19,27.628844872295605,0.4413959929753696,ME,MAINE,0.0692462599999999,1913.1941755266457
1635,2054,20,2671.1792303288094,42.67741562958291,MD,MARYLAND,0.0692462599999999,184969.17148994838
1636,2054,21,118.6637352352965,2.962875143065417,MA,MASSACHUSETTS,0.0692462599999999,8217.019862674491
1637,2054,22,40265.67607937749,389.4097530397765,MI,MICHIGAN,0.0692462599999999,2788247.47486835
1638,2054,23,740066.593055934,5930.458756037759,MN,MINNESOTA,0.0692462599999999,51246843.720065325
1639,2054,24,100367.83955970472,665.097927499155,MS,MISSISSIPPI,0.0692462599999999,6950097.5137895895
1640,2054,25,3615879.065604592,17225.136654599606,MO,MISSOURI,0.0692462599999999,250386101.90541232
1641,2054,26,0.0,0.0,MT,MONTANA,0.0692462599999999,0.0
1642,2054,27,4853455.020806937,24849.031715755256,NE,NEBRASKA,0.0692462599999999,336083608.26910204
1643,2054,28,0.0,0.0,NV,NEVADA,0.0692462599999999,0.0
1644,2054,29,0.0,0.0,NH,NEW HAMPSHIRE,0.0692462599999999,0.0
1645,2054,30,57.169679492169045,1.6580143946190278,NJ,NEW JERSEY,0.0692462599999999,3958.7864902314004
1646,2054,31,0.0,0.0,NM,NEW MEXICO,0.0692462599999999,0.0
1647,2054,32,202.799984582226,2.601085259187148,NY,NEW YORK,0.0692462599999999,14043.140460376793
1648,2054,33,90936.61559040172,1500.5791071545443,NC,NORTH CAROLINA,0.0692462599999999,6297020.526693003
1649,2054,34,143260.56961158474,1044.6337419787485,ND,NORTH DAKOTA,0.0692462599999999,9920258.651071884
1650,2054,35,2747.783185829652,36.70975410442421,OH,OHIO,0.0692462599999999,190273.70890958814
1651,2054,36,115300.47387201594,412.1440471383364,OK,OKLAHOMA,0.0692462599999999,7984126.591864811
1652,2054,37,7080.917986842649,15.150246834954975,OR,OREGON,0.0692462599999999,490327.087955582
1653,2054,38,4088.355637180331,92.58310707946576,PA,PENNSYLVANIA,0.0692462599999999,283103.3374246545
1654,2054,39,0.0,0.0,RI,RHODE ISLAND,0.0692462599999999,0.0
1655,2054,40,3390.606239238164,115.45510485160948,SC,SOUTH CAROLINA,0.0692462599999999,234786.8011999078
1656,2054,41,4301788.807248484,23709.17764970007,SD,SOUTH DAKOTA,0.0692462599999999,297882786.21181804
1657,2054,42,117547.48579321512,1131.3713374873864,TN,TENNESSEE,0.0692462599999999,8139723.76358327
1658,2054,43,944771.8912312636,5354.020798585414,TX,TEXAS,0.0692462599999999,65421920.02089171
1659,2054,44,160.80554045749605,3.802161118012078,UT,UTAH,0.0692462599999999,11135.182263960274
1660,2054,45,0.0,0.0,VT,VERMONT,0.0692462599999999,0.0
1661,2054,46,7436.398781840199,137.79415398224046,VA,VIRGINIA,0.0692462599999999,514942.80351098906
1662,2054,47,153295.88117269578,760.7256337655169,WA,WASHINGTON,0.0692462599999999,10615166.444613583
1663,2054,48,48.64837226318679,0.7503696569160005,WV,WEST VIRGINIA,0.0692462599999999,3368.7178343134165
1664,2054,49,42522.2839632967,357.6970682985626,WI,WISCONSIN,0.0692462599999999,2944509.13111627
1665,2054,50,66395.40403455352,1349.6937039833854,WY,WYOMING,0.0692462599999999,4597633.410581736
1666,2055,0,27291.863373585988,558.1280738522627,AL,ALABAMA,0.0703895,1921060.6169350308
1667,2055,2,0.0,0.0,AZ,ARIZONA,0.0703895,0.0
1668,2055,3,6201.791917703421,90.22932826364608,AR,ARKANSAS,0.0703895,436541.03219118493
1669,2055,4,28814.125810538066,371.8890842131625,CA,CALIFORNIA,0.0703895,2028211.908740869
1670,2055,5,79992.24100960985,1272.8268009813064,CO,COLORADO,0.0703895,5630613.848545932
1671,2055,6,4897.056484563711,58.20988236529978,CT,CONNECTICUT,0.0703895,344701.35742019734
1672,2055,7,185.43431537926216,7.265629639617102,DE,DELAWARE,0.0703895,13052.628742388571
1673,2055,8,0.0,0.0,DC,DISTRICT OF COLUMBIA,0.0703895,0.0
1674,2055,9,1500.2585418814892,10.20658103770606,FL,FLORIDA,0.0703895,105602.44863376708
1675,2055,10,43659.961324485324,493.2639834389137,GA,GEORGIA,0.0703895,3073202.8476498593
1676,2055,12,36039.49184785894,1414.2000746014328,ID,IDAHO,0.0703895,2536801.8114248663
1677,2055,13,885725.1041695564,16472.994700674102,IL,ILLINOIS,0.0703895,62345747.21994298
1678,2055,14,265124.2482821463,6507.52135844727,IN,INDIANA,0.0703895,18661963.274456136
1679,2055,15,2426767.892537241,24127.86372199725,IA,IOWA,0.0703895,170818978.5717501
1680,2055,16,588785.3999952093,2237.158459032753,KS,KANSAS,0.0703895,41444309.91296279
1681,2055,17,11366.967895479846,540.2015954678839,KY,KENTUCKY,0.0703895,800115.1866788785
1682,2055,18,17310.153078004758,775.5709380904996,LA,LOUISIANA,0.0703895,1218453.0200842158
1683,2055,19,0.0,0.0,ME,MAINE,0.0703895,0.0
1684,2055,20,2856.560838652851,43.16430884493556,MD,MARYLAND,0.0703895,201071.88915235485
1685,2055,21,2913.815942909844,59.95905639788465,MA,MASSACHUSETTS,0.0703895,205102.04731345247
1686,2055,22,68145.11977567806,677.0661454863323,MI,MICHIGAN,0.0703895,4796700.90845009
1687,2055,23,680347.1085449755,5413.114947866047,MN,MINNESOTA,0.0703895,47889292.79692655
1688,2055,24,73451.16332602949,975.4751497941122,MS,MISSISSIPPI,0.0703895,5170190.660937552
1689,2055,25,535559.8868754988,9006.65772206968,MO,MISSOURI,0.0703895,37697792.65722292
1690,2055,26,0.0,0.0,MT,MONTANA,0.0703895,0.0
1691,2055,27,2000698.327742604,18924.230046682045,NE,NEBRASKA,0.0703895,140828154.940638
1692,2055,28,0.0,0.0,NV,NEVADA,0.0703895,0.0
1693,2055,29,0.0,0.0,NH,NEW HAMPSHIRE,0.0703895,0.0
1694,2055,30,81.46830797172024,1.7908858254327535,NJ,NEW JERSEY,0.0703895,5734.513463975401
1695,2055,31,0.0,0.0,NM,NEW MEXICO,0.0703895,0.0
1696,2055,32,34657.7167010095,661.5108072540671,NY,NEW YORK,0.0703895,2439539.349725708
1697,2055,33,52521.57563444703,1160.2919959950311,NC,NORTH CAROLINA,0.0703895,3696967.448120909
1698,2055,34,140034.7458284583,1149.8527776061164,ND,NORTH DAKOTA,0.0703895,9856975.741492266
1699,2055,35,21380.907908652945,952.9141751680536,OH,OHIO,0.0703895,1504991.4172361265
1700,2055,36,83222.81664463395,298.962935585414,OK,OKLAHOMA,0.0703895,5858012.452207461
1701,2055,37,7179.718514376644,15.150348403973233,OR,OREGON,0.0703895,505376.79636771476
1702,2055,38,38448.86971047264,745.3865858839465,PA,PENNSYLVANIA,0.0703895,2706396.7144853133
1703,2055,39,294.3637905665266,3.599972231502236,RI,RHODE ISLAND,0.0703895,20720.12003608252
1704,2055,40,20887.15857928522,388.2095248239732,SC,SOUTH CAROLINA,0.0703895,1470236.6488165967
1705,2055,41,2330204.088757036,18549.89748452516,SD,SOUTH DAKOTA,0.0703895,164021900.70556337
1706,2055,42,97468.50933658062,2180.213250273818,TN,TENNESSEE,0.0703895,6860759.637947241
1707,2055,43,111817.41115557356,888.9336241285672,TX,TEXAS,0.0703895,7870771.662535245
1708,2055,44,104.16133088971102,4.048461511936834,UT,UTAH,0.0703895,7331.864000661313
1709,2055,45,184.7747941758993,5.372578836825234,VT,VERMONT,0.0703895,13006.205374644462
1710,2055,46,10018.166070781514,194.6342951288772,VA,VIRGINIA,0.0703895,705173.7006392754
1711,2055,47,166698.51312942922,814.5163049199655,WA,WASHINGTON,0.0703895,11733824.989923958
1712,2055,48,468.3281635538328,8.602848620317943,WV,WEST VIRGINIA,0.0703895,32965.38526847251
1713,2055,49,209683.43939116853,2983.9330026134826,WI,WISCONSIN,0.0703895,14759512.457024656
1714,2055,50,38938.39831076093,645.7666858675536,WY,WYOMING,0.0703895,2740854.387895306
