Unnamed: 0,Year,state_id,Production_Loss(ton),Area_Loss(km^2),State_Code,State_Name,Price,Financial_Loss($)
0,2021,0,270982.9667376005,1874.3421359935085,AL,ALABAMA,0.1469992,39834279.32405388
1,2021,2,0.0,0.0,AZ,ARIZONA,0.1469992,0.0
2,2021,3,309839.38616969937,6958.029981116024,AR,ARKANSAS,0.1469992,45546141.89543687
3,2021,4,0.0,0.0,CA,CALIFORNIA,0.1469992,0.0
4,2021,5,116707.05283016484,1873.3023105862928,CO,COLORADO,0.1469992,17155843.40039197
5,2021,6,0.0,0.0,CT,CONNECTICUT,0.1469992,0.0
6,2021,7,40987.32750237138,299.3554982055633,DE,DELAWARE,0.1469992,6025104.352986591
7,2021,8,0.0,0.0,DC,DISTRICT OF COLUMBIA,0.1469992,0.0
8,2021,9,21030.715038295835,124.89490150010847,FL,FLORIDA,0.1469992,3091498.286057457
9,2021,10,212636.2186257624,1892.34860802164,GA,GEORGIA,0.1469992,31257354.029012173
10,2021,12,0.0,0.0,ID,IDAHO,0.1469992,0.0
11,2021,13,2457351.843047399,27578.56830478456,IL,ILLINOIS,0.1469992,361228755.04649323
12,2021,14,1383400.298216016,11079.178083540017,IN,INDIANA,0.1469992,203358737.11751577
13,2021,15,8886869.16571346,55291.998885083616,IA,IOWA,0.1469992,1306362657.8645458
14,2021,16,914366.5418214056,8609.853316975943,KS,KANSAS,0.1469992,134411150.15451318
15,2021,17,547793.5318673932,3583.051564835845,KY,KENTUCKY,0.1469992,80525210.9496813
16,2021,18,372662.9336440864,5316.326575799352,LA,LOUISIANA,0.1469992,54781153.11533379
17,2021,19,0.0,0.0,ME,MAINE,0.1469992,0.0
18,2021,20,184889.5478207511,1095.995947060632,MD,MARYLAND,0.1469992,27178615.618012156
19,2021,21,0.0,0.0,MA,MASSACHUSETTS,0.1469992,0.0
20,2021,22,68300.90875697178,627.5329474352936,MI,MICHIGAN,0.1469992,10040178.946547845
21,2021,23,4927448.630745404,35191.03803756442,MN,MINNESOTA,0.1469992,724331006.7606698
22,2021,24,820774.0796612457,9549.716376394048,MS,MISSISSIPPI,0.1469992,120653133.09093939
23,2021,25,2218706.323653924,19310.3013497737,MO,MISSOURI,0.1469992,326148054.6120679
24,2021,26,763188.3876423399,14800.046779658216,MT,MONTANA,0.1469992,112188082.43271385
25,2021,27,1841426.833124996,20157.35399190864,NE,NEBRASKA,0.1469992,270688271.3279079
26,2021,28,0.0,0.0,NV,NEVADA,0.1469992,0.0
27,2021,29,0.0,0.0,NH,NEW HAMPSHIRE,0.1469992,0.0
28,2021,30,22136.74492072552,122.9476468361779,NJ,NEW JERSEY,0.1469992,3254083.793950715
29,2021,31,0.0,0.0,NM,NEW MEXICO,0.1469992,0.0
30,2021,32,92.98256635059344,7.261683950730994,NY,NEW YORK,0.1469992,13668.362867484157
31,2021,33,134725.44422706688,3558.890480614132,NC,NORTH CAROLINA,0.1469992,19804532.52102345
32,2021,34,976309.2923256912,10830.025358914158,ND,NORTH DAKOTA,0.1469992,143516684.92444274
33,2021,35,3489411.1290060845,17558.528182605834,OH,OHIO,0.1469992,512940644.4349912
34,2021,36,16789.63075577114,496.7418785392683,OK,OKLAHOMA,0.1469992,2468062.2893937533
35,2021,37,0.0,0.0,OR,OREGON,0.1469992,0.0
36,2021,38,104009.05635395604,512.0396281416272,PA,PENNSYLVANIA,0.1469992,15289248.076786455
37,2021,39,0.0,0.0,RI,RHODE ISLAND,0.1469992,0.0
38,2021,40,37401.61894818276,737.4717499569504,SC,SOUTH CAROLINA,0.1469992,5498008.064087708
39,2021,41,3756796.337662928,26587.37051699804,SD,SOUTH DAKOTA,0.1469992,552246056.1993802
40,2021,42,855199.5881265871,5751.896508199443,TN,TENNESSEE,0.1469992,125713655.2949378
41,2021,43,25535.45794826734,884.0283503910154,TX,TEXAS,0.1469992,3753691.8900289405
42,2021,44,0.0,0.0,UT,UTAH,0.1469992,0.0
43,2021,45,0.0,0.0,VT,VERMONT,0.1469992,0.0
44,2021,46,162203.18925441412,1118.3377816610555,VA,VIRGINIA,0.1469992,23843739.05784747
45,2021,47,0.0,0.0,WA,WASHINGTON,0.1469992,0.0
46,2021,48,19684.24477432176,102.7984198438686,WV,WEST VIRGINIA,0.1469992,2893568.234429479
47,2021,49,799580.3798728925,7045.736426789473,WI,WISCONSIN,0.1469992,117537676.1770113
48,2021,50,598053.5267903013,17686.62334157205,WY,WYOMING,0.1469992,87913389.99535286
49,2022,0,3199.646890119383,223.0479649606985,AL,ALABAMA,0.1504824,481490.543177701
50,2022,2,0.0,0.0,AZ,ARIZONA,0.1504824,0.0
51,2022,3,212124.1993462163,4622.308994514627,AR,ARKANSAS,0.1504824,31920958.61569706
52,2022,4,0.0,0.0,CA,CALIFORNIA,0.1504824,0.0
53,2022,5,82188.95102673375,1350.8875710675895,CO,COLORADO,0.1504824,12367990.603985356
54,2022,6,0.0,0.0,CT,CONNECTICUT,0.1504824,0.0
55,2022,7,695.3307355954449,11.685022110874066,DE,DELAWARE,0.1504824,104635.03788616798
56,2022,8,0.0,0.0,DC,DISTRICT OF COLUMBIA,0.1504824,0.0
57,2022,9,0.0,0.0,FL,FLORIDA,0.1504824,0.0
58,2022,10,0.0,0.0,GA,GEORGIA,0.1504824,0.0
59,2022,12,0.0,0.0,ID,IDAHO,0.1504824,0.0
60,2022,13,8116567.320060891,48677.34009514538,IL,ILLINOIS,0.1504824,1221400530.084331
61,2022,14,6676650.918881124,30837.48703541148,IN,INDIANA,0.1504824,1004718454.2354367
62,2022,15,1560204.9264625383,16415.533671091092,IA,IOWA,0.1504824,234783381.82590625
63,2022,16,67443.25353139557,1158.4724950847,KS,KANSAS,0.1504824,10149022.65521288
64,2022,17,2165675.49134314,11144.801795120597,KY,KENTUCKY,0.1504824,325896045.5584949
65,2022,18,209760.95545231248,4332.868560815174,LA,LOUISIANA,0.1504824,31565332.002757065
66,2022,19,0.0,0.0,ME,MAINE,0.1504824,0.0
67,2022,20,32718.50221107886,374.7368188235168,MD,MARYLAND,0.1504824,4923558.737128453
68,2022,21,0.0,0.0,MA,MASSACHUSETTS,0.1504824,0.0
69,2022,22,530322.3864792361,2087.0453006336943,MI,MICHIGAN,0.1504824,79804185.49112299
70,2022,23,2742854.963690293,22301.58765613647,MN,MINNESOTA,0.1504824,412751397.78802806
71,2022,24,457741.33766040346,6612.857551521778,MS,MISSISSIPPI,0.1504824,68882015.07034789
72,2022,25,1841723.3368273017,15220.270494975592,MO,MISSOURI,0.1504824,277146947.8617807
73,2022,26,515622.49652547,10026.77492529072,MT,MONTANA,0.1504824,77592110.77114439
74,2022,27,95623.05241855196,1580.6721023853286,NE,NEBRASKA,0.1504824,14389586.423269503
75,2022,28,0.0,0.0,NV,NEVADA,0.1504824,0.0
76,2022,29,0.0,0.0,NH,NEW HAMPSHIRE,0.1504824,0.0
77,2022,30,8692.841856140107,77.7405073582934,NJ,NEW JERSEY,0.1504824,1308119.705332418
78,2022,31,0.0,0.0,NM,NEW MEXICO,0.1504824,0.0
79,2022,32,6854.067151462092,56.24119288708731,NY,NEW YORK,0.1504824,1031416.474713179
80,2022,33,17.707238340936385,14.285616358092836,NC,NORTH CAROLINA,0.1504824,2664.6277229161255
81,2022,34,409868.91794898297,4698.750785948261,ND,NORTH DAKOTA,0.1504824,61678058.45836603
82,2022,35,7872761.823554089,25442.39899379716,OH,OHIO,0.1504824,1184712093.8367958
83,2022,36,5222.740135876961,128.23239284221975,OK,OKLAHOMA,0.1504824,785930.4702230912
84,2022,37,0.0,0.0,OR,OREGON,0.1504824,0.0
85,2022,38,218125.5055177738,1227.7304886425145,PA,PENNSYLVANIA,0.1504824,32824049.571527842
86,2022,39,0.0,0.0,RI,RHODE ISLAND,0.1504824,0.0
87,2022,40,0.0,0.0,SC,SOUTH CAROLINA,0.1504824,0.0
88,2022,41,1555874.5176878455,15633.848523990288,SD,SOUTH DAKOTA,0.1504824,234131731.52050942
89,2022,42,1222190.8056029046,6561.627922535659,TN,TENNESSEE,0.1504824,183918205.6850585
90,2022,43,58818.84758933439,1802.5332507854887,TX,TEXAS,0.1504824,8851201.350477252
91,2022,44,0.0,0.0,UT,UTAH,0.1504824,0.0
92,2022,45,0.0,0.0,VT,VERMONT,0.1504824,0.0
93,2022,46,2272.687261179293,42.44723308074558,VA,VIRGINIA,0.1504824,341999.4335116868
94,2022,47,0.0,0.0,WA,WASHINGTON,0.1504824,0.0
95,2022,48,9804.314981934524,65.19848572963102,WV,WEST VIRGINIA,0.1504824,1475376.8488374637
96,2022,49,115489.61649559982,1266.9281670093997,WI,WISCONSIN,0.1504824,17379154.66533745
97,2022,50,247356.67386258263,7597.352355633215,WY,WYOMING,0.1504824,37222825.9388587
98,2023,0,5188.639423781115,48.843863074645576,AL,ALABAMA,0.1539656,798871.9820661136
99,2023,2,0.0,0.0,AZ,ARIZONA,0.1539656,0.0
100,2023,3,29919.724480346453,580.2538272102089,AR,ARKANSAS,0.1539656,4606608.33145123
101,2023,4,0.0,0.0,CA,CALIFORNIA,0.1539656,0.0
102,2023,5,69695.89819999196,1319.8253470166223,CO,COLORADO,0.1539656,10730770.783900682
103,2023,6,0.0,0.0,CT,CONNECTICUT,0.1539656,0.0
104,2023,7,371.86478935042027,4.882192344136813,DE,DELAWARE,0.1539656,57254.38541121107
105,2023,8,0.0,0.0,DC,DISTRICT OF COLUMBIA,0.1539656,0.0
106,2023,9,46.28405675097948,1.3935697968063196,FL,FLORIDA,0.1539656,7126.152568098606
107,2023,10,138339.887745407,1073.9757501152194,GA,GEORGIA,0.1539656,21299583.82065424
108,2023,12,0.0,0.0,ID,IDAHO,0.1539656,0.0
109,2023,13,3466125.292220185,25386.436726142325,IL,ILLINOIS,0.1539656,533664060.29185617
110,2023,14,4550030.179991655,23818.26848361054,IN,INDIANA,0.1539656,700548126.6805233
111,2023,15,4420902.70264871,23826.526314352923,IA,IOWA,0.1539656,680666937.1549304
112,2023,16,280997.0987423514,4468.979470193057,KS,KANSAS,0.1539656,43263886.90612538
113,2023,17,33307.64685416593,323.663313001881,KY,KENTUCKY,0.1539656,5128231.83248977
114,2023,18,0.0,0.0,LA,LOUISIANA,0.1539656,0.0
115,2023,19,0.0,0.0,ME,MAINE,0.1539656,0.0
116,2023,20,67774.62813668484,431.780426374505,MD,MARYLAND,0.1539656,10434961.285841564
117,2023,21,0.0,0.0,MA,MASSACHUSETTS,0.1539656,0.0
118,2023,22,524495.7247138612,1971.189808888358,MI,MICHIGAN,0.1539656,80754298.95300448
119,2023,23,4171374.667882917,25675.82518613688,MN,MINNESOTA,0.1539656,642248203.565394
120,2023,24,20751.725015020475,260.76855899860817,MS,MISSISSIPPI,0.1539656,3195051.7929726364
121,2023,25,663203.4394924868,12323.552454484869,MO,MISSOURI,0.1539656,102110515.48352441
122,2023,26,334150.72100467683,6415.790788550858,MT,MONTANA,0.1539656,51447716.24991767
123,2023,27,325002.20391646604,5648.1134729873465,NE,NEBRASKA,0.1539656,50039159.32732105
124,2023,28,0.0,0.0,NV,NEVADA,0.1539656,0.0
125,2023,29,65.10231805815727,0.7352401895274087,NH,NEW HAMPSHIRE,0.1539656,10023.517461215019
126,2023,30,33844.59104462107,187.43335632183567,NJ,NEW JERSEY,0.1539656,5210902.766939711
127,2023,31,0.0,0.0,NM,NEW MEXICO,0.1539656,0.0
128,2023,32,1299.7664346779611,14.646539810831506,NY,NEW YORK,0.1539656,200119.3189750531
129,2023,33,749452.7689034299,4891.191564800261,NC,NORTH CAROLINA,0.1539656,115389945.23587793
130,2023,34,682485.6616483503,7521.648537593706,ND,NORTH DAKOTA,0.1539656,105079314.38708526
131,2023,35,6525321.552370173,24068.86882805864,OH,OHIO,0.1539656,1004675048.0036051
132,2023,36,10517.420777566853,280.5079779786743,OK,OKLAHOMA,0.1539656,1619321.000470547
133,2023,37,0.0,0.0,OR,OREGON,0.1539656,0.0
134,2023,38,79001.53144739782,511.030884556679,PA,PENNSYLVANIA,0.1539656,12163518.190217476
135,2023,39,0.0,0.0,RI,RHODE ISLAND,0.1539656,0.0
136,2023,40,399245.46253468463,2607.22643965769,SC,SOUTH CAROLINA,0.1539656,61470067.186430246
137,2023,41,2294940.7771256147,16384.58445775108,SD,SOUTH DAKOTA,0.1539656,353341933.71461153
138,2023,42,38983.51469569256,252.6849108306593,TN,TENNESSEE,0.1539656,6002120.230231123
139,2023,43,14580.949871495031,430.7757903909701,TX,TEXAS,0.1539656,2244964.6955346554
140,2023,44,0.0,0.0,UT,UTAH,0.1539656,0.0
141,2023,45,0.0,0.0,VT,VERMONT,0.1539656,0.0
142,2023,46,155075.59826040335,967.0135204169052,VA,VIRGINIA,0.1539656,23876307.531521957
143,2023,47,0.0,0.0,WA,WASHINGTON,0.1539656,0.0
144,2023,48,4409.079127181581,34.84935964224381,WV,WEST VIRGINIA,0.1539656,678846.5132639883
145,2023,49,998317.8169881676,4826.177951685864,WI,WISCONSIN,0.1539656,153706601.68327343
146,2023,50,461381.70597005903,14169.711841241287,WY,WYOMING,0.1539656,71036911.18870373
147,2024,0,15834.747715371372,432.5135099613666,AL,ALABAMA,0.1574488,2493162.026087964
148,2024,2,0.0,0.0,AZ,ARIZONA,0.1574488,0.0
149,2024,3,187767.79296964715,4740.052486113213,AR,ARKANSAS,0.1574488,29563813.68171938
150,2024,4,0.0,0.0,CA,CALIFORNIA,0.1574488,0.0
151,2024,5,63313.705578776666,1129.8341292446662,CO,COLORADO,0.1574488,9968666.966931691
152,2024,6,0.0,0.0,CT,CONNECTICUT,0.1574488,0.0
153,2024,7,1021.8285670141552,24.56693386405658,DE,DELAWARE,0.1574488,160885.6816820983
154,2024,8,0.0,0.0,DC,DISTRICT OF COLUMBIA,0.1574488,0.0
155,2024,9,27.25487034450597,5.488932816467982,FL,FLORIDA,0.1574488,4291.246629898052
156,2024,10,1587.3505418751963,53.12851143336853,GA,GEORGIA,0.1574488,249926.43799759942
157,2024,12,0.0,0.0,ID,IDAHO,0.1574488,0.0
158,2024,13,3040230.291137219,18360.92522219993,IL,ILLINOIS,0.1574488,478680611.0632058
159,2024,14,3695387.20717733,18513.47949634376,IN,INDIANA,0.1574488,581834281.305422
160,2024,15,1217441.397891062,6767.282605748331,IA,IOWA,0.1574488,191684687.16827026
161,2024,16,965561.0852000332,9678.493454896708,KS,KANSAS,0.1574488,152026434.191443
162,2024,17,263899.5668946197,1428.87696936356,KY,KENTUCKY,0.1574488,41550670.128077604
163,2024,18,266991.6583205494,6793.718183904425,LA,LOUISIANA,0.1574488,42037516.21258052
164,2024,19,0.0,0.0,ME,MAINE,0.1574488,0.0
165,2024,20,7061.712769683809,50.53333369712317,MD,MARYLAND,0.1574488,1111858.201531392
166,2024,21,0.0,0.0,MA,MASSACHUSETTS,0.1574488,0.0
167,2024,22,448985.200170555,2047.5311264438408,MI,MICHIGAN,0.1574488,70692180.98461367
168,2024,23,2028653.2493651945,12632.375268289225,MN,MINNESOTA,0.1574488,319409019.7286506
169,2024,24,375933.13486640464,6202.225480250523,MS,MISSISSIPPI,0.1574488,59190220.96495357
170,2024,25,1237755.499502663,10186.600021337978,MO,MISSOURI,0.1574488,194883118.0900949
171,2024,26,753557.734242005,13951.032596198937,MT,MONTANA,0.1574488,118646760.9871226
172,2024,27,409290.86139920016,6109.171590129325,NE,NEBRASKA,0.1574488,64442354.97827038
173,2024,28,0.0,0.0,NV,NEVADA,0.1574488,0.0
174,2024,29,0.0,0.0,NH,NEW HAMPSHIRE,0.1574488,0.0
175,2024,30,467.2395489549333,3.226909986296481,NJ,NEW JERSEY,0.1574488,73566.3062954955
176,2024,31,0.0,0.0,NM,NEW MEXICO,0.1574488,0.0
177,2024,32,9605.845704111414,41.82436982002452,NY,NEW YORK,0.1574488,1512428.879097497
178,2024,33,13052.970197975044,692.0501327815539,NC,NORTH CAROLINA,0.1574488,2055174.4941069332
179,2024,34,656878.5830968902,7273.07771366371,ND,NORTH DAKOTA,0.1574488,103424744.65430565
180,2024,35,4544879.277107911,19364.34128095428,OH,OHIO,0.1574488,715585788.3255081
181,2024,36,116847.4758766458,2768.740848259839,OK,OKLAHOMA,0.1574488,18397494.85980683
182,2024,37,0.0,0.0,OR,OREGON,0.1574488,0.0
183,2024,38,3839.604391282508,12.535027892817224,PA,PENNSYLVANIA,0.1574488,604541.1038821613
184,2024,39,0.0,0.0,RI,RHODE ISLAND,0.1574488,0.0
185,2024,40,1240.9682398231546,38.26469836089999,SC,SOUTH CAROLINA,0.1574488,195388.96019826792
186,2024,41,1421384.828367359,10869.118797887411,SD,SOUTH DAKOTA,0.1574488,223795335.56464663
187,2024,42,236393.12360862808,2358.3192338696035,TN,TENNESSEE,0.1574488,37219813.64043016
188,2024,43,79769.63678344092,2780.57639891057,TX,TEXAS,0.1574488,12559633.587988632
189,2024,44,0.0,0.0,UT,UTAH,0.1574488,0.0
190,2024,45,0.0,0.0,VT,VERMONT,0.1574488,0.0
191,2024,46,26064.46443133527,156.3710179050933,VA,VIRGINIA,0.1574488,4103818.6473564208
192,2024,47,0.0,0.0,WA,WASHINGTON,0.1574488,0.0
193,2024,48,10537.015938506263,39.75116973003408,WV,WEST VIRGINIA,0.1574488,1659040.5150986852
194,2024,49,1326467.2064798863,6340.030170291352,WI,WISCONSIN,0.1574488,208850669.8996103
195,2024,50,547171.6844893019,15901.440409967188,WY,WYOMING,0.1574488,86151525.1168192
196,2025,0,24645.307520508064,353.8163984580603,AL,ALABAMA,0.160932,3966218.6298904037
197,2025,2,0.0,0.0,AZ,ARIZONA,0.160932,0.0
198,2025,3,438468.6589220881,8844.42367479474,AR,ARKANSAS,0.160932,70563638.21764947
199,2025,4,0.0,0.0,CA,CALIFORNIA,0.160932,0.0
200,2025,5,118119.51670293017,1872.432537231914,CO,COLORADO,0.160932,19009210.062035955
201,2025,6,0.0,0.0,CT,CONNECTICUT,0.160932,0.0
202,2025,7,221002.6177960304,966.783197270012,DE,DELAWARE,0.160932,35566393.28715076
203,2025,8,0.0,0.0,DC,DISTRICT OF COLUMBIA,0.160932,0.0
204,2025,9,455.6471262396272,39.71226840578342,FL,FLORIDA,0.160932,73328.20331999568
205,2025,10,22.18834587925606,20.47367577247024,GA,GEORGIA,0.160932,3570.8148790404366
206,2025,12,0.0,0.0,ID,IDAHO,0.160932,0.0
207,2025,13,1781014.2772238408,16699.654354142152,IL,ILLINOIS,0.160932,286622189.6621871
208,2025,14,942838.7483039089,13832.609016425737,IN,INDIANA,0.160932,151732925.44204465
209,2025,15,4419820.852995479,30360.36739768728,IA,IOWA,0.160932,711290609.5142683
210,2025,16,661851.7082535696,6485.134811836831,KS,KANSAS,0.160932,106513119.11266346
211,2025,17,755998.0189472741,5426.887856070776,KY,KENTUCKY,0.160932,121664273.1852227
212,2025,18,453413.3876820709,7201.992510224714,LA,LOUISIANA,0.160932,72968723.30645104
213,2025,19,0.0,0.0,ME,MAINE,0.160932,0.0
214,2025,20,440745.92170256056,1734.243871619903,MD,MARYLAND,0.160932,70930122.67143647
215,2025,21,0.0,0.0,MA,MASSACHUSETTS,0.160932,0.0
216,2025,22,193520.5117768263,1888.87431506178,MI,MICHIGAN,0.160932,31143643.001268208
217,2025,23,679612.8850253257,7863.662040390228,MN,MINNESOTA,0.160932,109371460.8128957
218,2025,24,749633.1303872392,9778.333433520043,MS,MISSISSIPPI,0.160932,120639958.93947917
219,2025,25,905711.1668048246,9091.132629450298,MO,MISSOURI,0.160932,145757909.49623403
220,2025,26,598506.9618077035,13628.386293100955,MT,MONTANA,0.160932,96318922.37763733
221,2025,27,938998.6859809444,11074.97718443379,NE,NEBRASKA,0.160932,151114936.53228533
222,2025,28,0.0,0.0,NV,NEVADA,0.160932,0.0
223,2025,29,5.4808063920290016,0.7489307204219421,NH,NEW HAMPSHIRE,0.160932,882.0371342820113
224,2025,30,50689.56269438056,254.3397694876064,NJ,NEW JERSEY,0.160932,8157572.703532051
225,2025,31,0.0,0.0,NM,NEW MEXICO,0.160932,0.0
226,2025,32,7951.795753353354,99.93438059136032,NY,NEW YORK,0.160932,1279698.3941786618
227,2025,33,29478.02015111244,1746.8702913824714,NC,NORTH CAROLINA,0.160932,4743956.738958827
228,2025,34,270635.5426345492,3734.611093760156,ND,NORTH DAKOTA,0.160932,43553919.147263266
229,2025,35,1183239.3805216132,11342.26349618327,OH,OHIO,0.160932,190421079.98610422
230,2025,36,31029.74032773948,721.5008271813382,OK,OKLAHOMA,0.160932,4993678.17042377
231,2025,37,0.0,0.0,OR,OREGON,0.160932,0.0
232,2025,38,398217.3518380802,2324.0724167549643,PA,PENNSYLVANIA,0.160932,64085914.86600593
233,2025,39,0.0,0.0,RI,RHODE ISLAND,0.160932,0.0
234,2025,40,157.48477458058733,26.05315638377864,SC,SOUTH CAROLINA,0.160932,25344.33974280308
235,2025,41,1118554.4602696658,10269.1495093372,SD,SOUTH DAKOTA,0.160932,180011206.40011784
236,2025,42,894931.7239457825,7355.543436136334,TN,TENNESSEE,0.160932,144023152.19804266
237,2025,43,66732.38875533288,1900.4773688211435,TX,TEXAS,0.160932,10739376.78717323
238,2025,44,0.0,0.0,UT,UTAH,0.160932,0.0
239,2025,45,0.0,0.0,VT,VERMONT,0.160932,0.0
240,2025,46,248175.5588454764,1551.976896281389,VA,VIRGINIA,0.160932,39939389.036120206
241,2025,47,0.0,0.0,WA,WASHINGTON,0.160932,0.0
242,2025,48,0.0,0.0,WV,WEST VIRGINIA,0.160932,0.0
243,2025,49,722100.8885722258,5936.500876471666,WI,WISCONSIN,0.160932,116209140.19970544
244,2025,50,472935.58634312486,16673.509539869072,WY,WYOMING,0.160932,76110469.78137177
245,2026,0,461819.2830778834,2846.511417208005,AL,ALABAMA,0.165831,76583953.53208849
246,2026,2,0.0,0.0,AZ,ARIZONA,0.165831,0.0
247,2026,3,454663.7537298999,8493.93044185291,AR,ARKANSAS,0.165831,75397344.94478303
248,2026,4,0.0,0.0,CA,CALIFORNIA,0.165831,0.0
249,2026,5,96571.38751050211,1553.97323717592,CO,COLORADO,0.165831,16014529.762254076
250,2026,6,0.0,0.0,CT,CONNECTICUT,0.165831,0.0
251,2026,7,66885.10334037297,1076.168716128709,DE,DELAWARE,0.165831,11091623.57203739
252,2026,8,0.0,0.0,DC,DISTRICT OF COLUMBIA,0.165831,0.0
253,2026,9,18889.099318954675,171.73265469386513,FL,FLORIDA,0.165831,3132398.229161573
254,2026,10,194280.3253989311,3022.576448751718,GA,GEORGIA,0.165831,32217700.641230147
255,2026,12,0.0,0.0,ID,IDAHO,0.165831,0.0
256,2026,13,1617294.1098005278,13468.448925209805,IL,ILLINOIS,0.165831,268197499.52233133
257,2026,14,2574873.0352754034,20512.987078782066,IN,INDIANA,0.165831,426993770.31275547
258,2026,15,411821.3091980445,5773.709010240164,IA,IOWA,0.165831,68292739.52562092
259,2026,16,207804.86488673423,1956.6256347165624,KS,KANSAS,0.165831,34460488.549032025
260,2026,17,2010940.381645087,11131.487707501105,KY,KENTUCKY,0.165831,333476254.4285864
261,2026,18,535615.8438407566,7962.981905348945,LA,LOUISIANA,0.165831,88821710.9999565
262,2026,19,0.0,0.0,ME,MAINE,0.165831,0.0
263,2026,20,207428.5053182971,2034.4944505534268,MD,MARYLAND,0.165831,34398076.46543852
264,2026,21,0.0,0.0,MA,MASSACHUSETTS,0.165831,0.0
265,2026,22,51481.359822555954,660.1624151065153,MI,MICHIGAN,0.165831,8537205.380734276
266,2026,23,292634.90323177853,4704.888627464177,MN,MINNESOTA,0.165831,48527938.637829065
267,2026,24,901979.570735537,10471.910522337455,MS,MISSISSIPPI,0.165831,149576174.19464484
268,2026,25,1159819.690193429,8440.02701478037,MO,MISSOURI,0.165831,192334059.04446653
269,2026,26,526292.1889870559,10869.655044815589,MT,MONTANA,0.165831,87275559.99191247
270,2026,27,81841.41077535406,1669.74259982426,NE,NEBRASKA,0.165831,13571842.99028774
271,2026,28,0.0,0.0,NV,NEVADA,0.165831,0.0
272,2026,29,0.0,0.0,NH,NEW HAMPSHIRE,0.165831,0.0
273,2026,30,102576.51134437905,870.3436414841135,NJ,NEW JERSEY,0.165831,17010365.45274972
274,2026,31,0.0,0.0,NM,NEW MEXICO,0.165831,0.0
275,2026,32,0.0,0.0,NY,NEW YORK,0.165831,0.0
276,2026,33,332700.776688186,5445.107221270756,NC,NORTH CAROLINA,0.165831,55172102.49897857
277,2026,34,177707.17207630095,3198.8352380662327,ND,NORTH DAKOTA,0.165831,29469358.052585065
278,2026,35,1387911.5071927456,12187.352627667264,OH,OHIO,0.165831,230158753.14928022
279,2026,36,21226.19378938401,513.1779502687947,OK,OKLAHOMA,0.165831,3519960.9422873403
280,2026,37,0.0,0.0,OR,OREGON,0.165831,0.0
281,2026,38,131720.81553461606,1272.883453758726,PA,PENNSYLVANIA,0.165831,21843394.560920916
282,2026,39,0.0,0.0,RI,RHODE ISLAND,0.165831,0.0
283,2026,40,479416.72421246814,4434.336589523839,SC,SOUTH CAROLINA,0.165831,79502154.79287781
284,2026,41,430779.4575035065,4592.543572298864,SD,SOUTH DAKOTA,0.165831,71436588.21726398
285,2026,42,1773190.0605100866,9658.815900185617,TN,TENNESSEE,0.165831,294049880.9244482
286,2026,43,71573.12810823707,1934.983110796292,TX,TEXAS,0.165831,11869043.407317063
287,2026,44,0.0,0.0,UT,UTAH,0.165831,0.0
288,2026,45,0.0,0.0,VT,VERMONT,0.165831,0.0
289,2026,46,161835.31918262676,1727.2500435694235,VA,VIRGINIA,0.165831,26837312.815374177
290,2026,47,0.0,0.0,WA,WASHINGTON,0.165831,0.0
291,2026,48,28757.057635519333,123.54818155356824,WV,WEST VIRGINIA,0.165831,4768811.624755806
292,2026,49,171878.35882431958,1947.932766616377,WI,WISCONSIN,0.165831,28502760.12219574
293,2026,50,367850.5152823341,14623.982913620212,WY,WYOMING,0.165831,61001018.79978476
294,2027,0,1686.7162302593606,48.62275203199181,AL,ALABAMA,0.17073,287973.0619921806
295,2027,2,0.0,0.0,AZ,ARIZONA,0.17073,0.0
296,2027,3,199407.0438587609,4839.552683395395,AR,ARKANSAS,0.17073,34044764.59800625
297,2027,4,0.0,0.0,CA,CALIFORNIA,0.17073,0.0
298,2027,5,101885.97892031008,1609.4198933521989,CO,COLORADO,0.17073,17394993.18106454
299,2027,6,0.0,0.0,CT,CONNECTICUT,0.17073,0.0
300,2027,7,325694.56512484705,1104.7373092995094,DE,DELAWARE,0.17073,55605833.10376514
301,2027,8,0.0,0.0,DC,DISTRICT OF COLUMBIA,0.17073,0.0
302,2027,9,10524.679479907933,65.45944697533689,FL,FLORIDA,0.17073,1796878.5276046812
303,2027,10,237621.91269533787,1953.5279337906788,GA,GEORGIA,0.17073,40569189.15447503
304,2027,12,0.0,0.0,ID,IDAHO,0.17073,0.0
305,2027,13,9479756.299690915,51766.29221053989,IL,ILLINOIS,0.17073,1618478793.04623
306,2027,14,9121660.225815874,33115.55934384758,IN,INDIANA,0.17073,1557341050.3535442
307,2027,15,9520209.312983057,51233.38430169688,IA,IOWA,0.17073,1625385336.0055974
308,2027,16,498691.7200651925,4308.156235097008,KS,KANSAS,0.17073,85141637.36673032
309,2027,17,2501284.5888312906,12508.24724553293,KY,KENTUCKY,0.17073,427044317.85116625
310,2027,18,35469.306848793865,742.7010653223977,LA,LOUISIANA,0.17073,6055674.758294576
311,2027,19,0.0,0.0,ME,MAINE,0.17073,0.0
312,2027,20,600629.3058789051,1929.313075956196,MD,MARYLAND,0.17073,102545441.39270546
313,2027,21,0.0,0.0,MA,MASSACHUSETTS,0.17073,0.0
314,2027,22,644058.7635321423,2480.775099731218,MI,MICHIGAN,0.17073,109960152.69784264
315,2027,23,5446781.21942416,35605.75515829593,MN,MINNESOTA,0.17073,929928957.5922868
316,2027,24,12797.676411128265,338.11956924520683,MS,MISSISSIPPI,0.17073,2184947.2936719283
317,2027,25,4615191.5743370345,26895.86283002005,MO,MISSOURI,0.17073,787951657.4865618
318,2027,26,448966.9889113288,8965.027045537094,MT,MONTANA,0.17073,76652134.01683116
319,2027,27,707669.292484504,8207.104885076946,NE,NEBRASKA,0.17073,120820378.30587938
320,2027,28,0.0,0.0,NV,NEVADA,0.17073,0.0
321,2027,29,0.0,0.0,NH,NEW HAMPSHIRE,0.17073,0.0
322,2027,30,191482.1837425218,695.0258193684901,NJ,NEW JERSEY,0.17073,32691753.230360743
323,2027,31,0.0,0.0,NM,NEW MEXICO,0.17073,0.0
324,2027,32,9850.735026749304,73.45545486865355,NY,NEW YORK,0.17073,1681815.9911169086
325,2027,33,471574.0942759954,4231.992849738255,NC,NORTH CAROLINA,0.17073,80511845.11574069
326,2027,34,838512.0239627301,9856.93170911108,ND,NORTH DAKOTA,0.17073,143159157.8511569
327,2027,35,7485050.333125267,24621.522509154907,OH,OHIO,0.17073,1277922643.3744767
328,2027,36,49151.625090534384,1177.4560718251978,OK,OKLAHOMA,0.17073,8391656.951706935
329,2027,37,0.0,0.0,OR,OREGON,0.17073,0.0
330,2027,38,311521.2977491382,1832.6414906902703,PA,PENNSYLVANIA,0.17073,53186031.16471036
331,2027,39,0.0,0.0,RI,RHODE ISLAND,0.17073,0.0
332,2027,40,111928.6430483436,1215.4305889646998,SC,SOUTH CAROLINA,0.17073,19109577.227643702
333,2027,41,3331236.0165410247,23502.11008158943,SD,SOUTH DAKOTA,0.17073,568741925.1040491
334,2027,42,645105.108503656,4794.579952535265,TN,TENNESSEE,0.17073,110138795.17482919
335,2027,43,57687.463333404245,1826.6176147259755,TX,TEXAS,0.17073,9848980.614912106
336,2027,44,0.0,0.0,UT,UTAH,0.17073,0.0
337,2027,45,0.0,0.0,VT,VERMONT,0.17073,0.0
338,2027,46,347743.09406791674,1125.6133798985252,VA,VIRGINIA,0.17073,59370178.45021542
339,2027,47,0.0,0.0,WA,WASHINGTON,0.17073,0.0
340,2027,48,86229.41841779032,315.78843822039426,WV,WEST VIRGINIA,0.17073,14721948.60646934
341,2027,49,1390785.7763615367,7499.893189663964,WI,WISCONSIN,0.17073,237448855.59820515
342,2027,50,565494.8880796779,16590.81273871506,WY,WYOMING,0.17073,96546942.24184342
343,2028,0,489929.1421106284,3198.435335488339,AL,ALABAMA,0.175629,86045765.29974756
344,2028,2,0.0,0.0,AZ,ARIZONA,0.175629,0.0
345,2028,3,389956.2888374722,9306.80074541403,AR,ARKANSAS,0.175629,68487633.05223641
346,2028,4,0.0,0.0,CA,CALIFORNIA,0.175629,0.0
347,2028,5,127264.9378351108,2085.9941936282703,CO,COLORADO,0.175629,22351413.767042674
348,2028,6,0.0,0.0,CT,CONNECTICUT,0.175629,0.0
349,2028,7,167474.66094457902,1095.4812998924365,DE,DELAWARE,0.175629,29413407.227035474
350,2028,8,0.0,0.0,DC,DISTRICT OF COLUMBIA,0.175629,0.0
351,2028,9,43298.52968999379,284.3699092252537,FL,FLORIDA,0.175629,7604477.47092392
352,2028,10,320161.39037664747,4030.684035566969,GA,GEORGIA,0.175629,56229624.83046022
353,2028,12,0.0,0.0,ID,IDAHO,0.175629,0.0
354,2028,13,10135292.985266011,51575.07970194394,IL,ILLINOIS,0.175629,1780051371.7092843
355,2028,14,9180682.158346131,33689.98736642753,IN,INDIANA,0.175629,1612394026.788173
356,2028,15,10862150.285468472,51550.036283615234,IA,IOWA,0.175629,1907708592.4865422
357,2028,16,2091156.740850533,16501.31341628226,KS,KANSAS,0.175629,367267767.23883826
358,2028,17,2697314.7946087653,13506.230741788177,KY,KENTUCKY,0.175629,473726700.0623428
359,2028,18,370081.46874961606,6449.877492262225,LA,LOUISIANA,0.175629,64997038.27502633
360,2028,19,0.0,0.0,ME,MAINE,0.175629,0.0
361,2028,20,344961.58084840054,1824.9106508421207,MD,MARYLAND,0.175629,60585257.48282374
362,2028,21,0.0,0.0,MA,MASSACHUSETTS,0.175629,0.0
363,2028,22,731921.2583967705,2621.438976847307,MI,MICHIGAN,0.175629,128546598.69096641
364,2028,23,5769460.494950948,35338.49014770535,MN,MINNESOTA,0.175629,1013284577.2677402
365,2028,24,1045906.4251536732,13495.968848569795,MS,MISSISSIPPI,0.175629,183691499.5433145
366,2028,25,5309546.085420856,31671.911504328687,MO,MISSOURI,0.175629,932510269.4363797
367,2028,26,842103.9312659402,15041.297203720496,MT,MONTANA,0.175629,147897871.3443058
368,2028,27,1353697.3161828131,14346.341912173551,NE,NEBRASKA,0.175629,237748505.9438713
369,2028,28,0.0,0.0,NV,NEVADA,0.175629,0.0
370,2028,29,40.27968765941548,0.7625473988779156,NH,NEW HAMPSHIRE,0.175629,7074.281263935482
371,2028,30,151027.11102197965,704.8388927655557,NJ,NEW JERSEY,0.175629,26524740.48167927
372,2028,31,0.0,0.0,NM,NEW MEXICO,0.175629,0.0
373,2028,32,32415.00424487427,147.69298703432648,NY,NEW YORK,0.175629,5693014.780523024
374,2028,33,578896.6403946802,4371.587660767831,NC,NORTH CAROLINA,0.175629,101671038.0558773
375,2028,34,901000.5189811678,9894.625806354115,ND,NORTH DAKOTA,0.175629,158241820.14814353
376,2028,35,10565248.337839069,29098.48785148709,OH,OHIO,0.175629,1855564000.326338
377,2028,36,200934.6011522128,5086.345753365451,OK,OKLAHOMA,0.175629,35289943.06576198
378,2028,37,0.0,0.0,OR,OREGON,0.175629,0.0
379,2028,38,990651.853642322,4086.729782366863,PA,PENNSYLVANIA,0.175629,173987194.4033474
380,2028,39,0.0,0.0,RI,RHODE ISLAND,0.175629,0.0
381,2028,40,185944.94708001835,2692.69670585863,SC,SOUTH CAROLINA,0.175629,32657325.110716544
382,2028,41,3066647.1180983773,21629.460395223075,SD,SOUTH DAKOTA,0.175629,538592166.7045
383,2028,42,1669657.292219841,10395.104778153303,TN,TENNESSEE,0.175629,293240240.57527846
384,2028,43,89483.48167612751,2756.0967643366976,TX,TEXAS,0.175629,15715894.4032966
385,2028,44,0.0,0.0,UT,UTAH,0.175629,0.0
386,2028,45,0.0,0.0,VT,VERMONT,0.175629,0.0
387,2028,46,199920.2800830406,901.3262795541036,VA,VIRGINIA,0.175629,35111798.87070434
388,2028,47,0.0,0.0,WA,WASHINGTON,0.175629,0.0
389,2028,48,97061.429870515,356.0805221719124,WV,WEST VIRGINIA,0.175629,17046801.866728682
390,2028,49,1664941.204678854,7368.47381454348,WI,WISCONSIN,0.175629,292411958.8365425
391,2028,50,571875.0888492136,18405.54736663311,WY,WYOMING,0.175629,100437849.97949854
392,2029,0,6176.629227293068,139.14965662561232,AL,ALABAMA,0.180528,1115054.5211447629
393,2029,2,0.0,0.0,AZ,ARIZONA,0.180528,0.0
394,2029,3,19811.228621190905,459.9894473624699,AR,ARKANSAS,0.180528,3576481.480526352
395,2029,4,0.0,0.0,CA,CALIFORNIA,0.180528,0.0
396,2029,5,114766.95538087357,1821.409446362932,CO,COLORADO,0.180528,20718648.920998342
397,2029,6,0.0,0.0,CT,CONNECTICUT,0.180528,0.0
398,2029,7,0.0,0.0,DE,DELAWARE,0.180528,0.0
399,2029,8,0.0,0.0,DC,DISTRICT OF COLUMBIA,0.180528,0.0
400,2029,9,3787.6851281010513,107.59648382894002,FL,FLORIDA,0.180528,683783.2208058266
401,2029,10,11250.69819015566,275.8248054298016,GA,GEORGIA,0.180528,2031066.0428724207
402,2029,12,0.0,0.0,ID,IDAHO,0.180528,0.0
403,2029,13,3857228.431618412,34253.02589342886,IL,ILLINOIS,0.180528,696337734.3032087
404,2029,14,1846089.5828892183,18004.65599459883,IN,INDIANA,0.180528,333270860.2198248
405,2029,15,10351797.46846392,50301.961932491984,IA,IOWA,0.180528,1868789293.3868546
406,2029,16,1392235.4982074513,13510.037431747553,KS,KANSAS,0.180528,251337490.02039477
407,2029,17,5648.10593666954,165.31349968343687,KY,KENTUCKY,0.180528,1019641.2685350786
408,2029,18,251.91920251960855,16.84035722616413,LA,LOUISIANA,0.180528,45478.46979245989
409,2029,19,0.0,0.0,ME,MAINE,0.180528,0.0
410,2029,20,0.0,0.0,MD,MARYLAND,0.180528,0.0
411,2029,21,0.0,0.0,MA,MASSACHUSETTS,0.180528,0.0
412,2029,22,454384.80021893815,2824.7189893452824,MI,MICHIGAN,0.180528,82029179.21392447
413,2029,23,5492987.071672534,34025.5782712249,MN,MINNESOTA,0.180528,991637970.0748992
414,2029,24,1430.4746925332563,22.30200764972365,MS,MISSISSIPPI,0.180528,258240.73529364367
415,2029,25,1140163.2635946737,12479.401681304966,MO,MISSOURI,0.180528,205831393.65021923
416,2029,26,680009.4397803844,13446.068610252796,MT,MONTANA,0.180528,122760744.14467323
417,2029,27,1148770.6959391418,12548.697748631344,NE,NEBRASKA,0.180528,207385276.19650137
418,2029,28,0.0,0.0,NV,NEVADA,0.180528,0.0
419,2029,29,43.869654246830684,0.7353137427929222,NH,NEW HAMPSHIRE,0.180528,7919.70094187185
420,2029,30,0.0,0.0,NJ,NEW JERSEY,0.180528,0.0
421,2029,31,0.0,0.0,NM,NEW MEXICO,0.180528,0.0
422,2029,32,0.0,0.0,NY,NEW YORK,0.180528,0.0
423,2029,33,5326.405043184936,63.5395080373243,NC,NORTH CAROLINA,0.180528,961565.2496360901
424,2029,34,853212.7662418068,9378.972559540793,ND,NORTH DAKOTA,0.180528,154028794.26410088
425,2029,35,2131661.310707223,13206.665768989362,OH,OHIO,0.180528,384824553.09935355
426,2029,36,78479.3823866707,2005.024611651041,OK,OKLAHOMA,0.180528,14167725.943500886
427,2029,37,0.0,0.0,OR,OREGON,0.180528,0.0
428,2029,38,0.0,0.0,PA,PENNSYLVANIA,0.180528,0.0
429,2029,39,0.0,0.0,RI,RHODE ISLAND,0.180528,0.0
430,2029,40,0.0,0.0,SC,SOUTH CAROLINA,0.180528,0.0
431,2029,41,2933446.2693976955,20666.12063827325,SD,SOUTH DAKOTA,0.180528,529569188.1218272
432,2029,42,41490.70234078106,381.8242104869096,TN,TENNESSEE,0.180528,7490233.512176524
433,2029,43,8369.983460190138,277.7726458067264,TX,TEXAS,0.180528,1511016.3741012053
434,2029,44,0.0,0.0,UT,UTAH,0.180528,0.0
435,2029,45,0.0,0.0,VT,VERMONT,0.180528,0.0
436,2029,46,3391.990554788986,76.65671259012669,VA,VIRGINIA,0.180528,612349.270874946
437,2029,47,0.0,0.0,WA,WASHINGTON,0.180528,0.0
438,2029,48,0.0,0.0,WV,WEST VIRGINIA,0.180528,0.0
439,2029,49,1058827.090878151,6066.339296679856,WI,WISCONSIN,0.180528,191147937.06205082
440,2029,50,424158.0785203455,14263.434282199958,WY,WYOMING,0.180528,76572409.59912093
441,2030,0,491593.139131117,3528.9465348251388,AL,ALABAMA,0.185427,91154641.00966564
442,2030,2,0.0,0.0,AZ,ARIZONA,0.185427,0.0
443,2030,3,216942.79925690976,5593.176351234278,AR,ARKANSAS,0.185427,40227052.43781101
444,2030,4,0.0,0.0,CA,CALIFORNIA,0.185427,0.0
445,2030,5,121269.33976875836,1972.7971693746767,CO,COLORADO,0.185427,22486609.865301557
446,2030,6,0.0,0.0,CT,CONNECTICUT,0.185427,0.0
447,2030,7,19664.727499939425,386.3062362337805,DE,DELAWARE,0.185427,3646371.4261312676
448,2030,8,0.0,0.0,DC,DISTRICT OF COLUMBIA,0.185427,0.0
449,2030,9,17887.706457109714,198.4060671023257,FL,FLORIDA,0.185427,3316863.7452224833
450,2030,10,342508.1527602894,3765.6234532369576,GA,GEORGIA,0.185427,63510259.24188218
451,2030,12,0.0,0.0,ID,IDAHO,0.185427,0.0
452,2030,13,661695.9093099951,7091.9956728769,IL,ILLINOIS,0.185427,122696287.37562448
453,2030,14,235786.47368803463,2540.477764559308,IN,INDIANA,0.185427,43721178.4565512
454,2030,15,1947633.7586024045,16907.82471911439,IA,IOWA,0.185427,361143884.9563681
455,2030,16,737306.7587960435,5986.692958378777,KS,KANSAS,0.185427,136716580.36327398
456,2030,17,843347.6862238231,5627.147903167792,KY,KENTUCKY,0.185427,156379431.41342485
457,2030,18,532901.0296405153,10357.71616773691,LA,LOUISIANA,0.185427,98814239.22315183
458,2030,19,0.0,0.0,ME,MAINE,0.185427,0.0
459,2030,20,27856.206006609675,289.6257330653717,MD,MARYLAND,0.185427,5165292.711187612
460,2030,21,0.0,0.0,MA,MASSACHUSETTS,0.185427,0.0
461,2030,22,38276.88091905798,529.2236895874861,MI,MICHIGAN,0.185427,7097567.198178165
462,2030,23,1589550.4261492763,14288.479934570369,MN,MINNESOTA,0.185427,294745566.8695819
463,2030,24,1127139.335827952,13630.13240984324,MS,MISSISSIPPI,0.185427,209002065.62456965
464,2030,25,1869679.721057214,14626.629887928912,MO,MISSOURI,0.185427,346689101.63647604
465,2030,26,863911.0413693853,14174.443076717213,MT,MONTANA,0.185427,160192432.66800103
466,2030,27,774781.843736799,9710.267858305706,NE,NEBRASKA,0.185427,143665472.93858343
467,2030,28,0.0,0.0,NV,NEVADA,0.185427,0.0
468,2030,29,0.0,0.0,NH,NEW HAMPSHIRE,0.185427,0.0
469,2030,30,31242.1828772866,311.022994502836,NJ,NEW JERSEY,0.185427,5793144.244386623
470,2030,31,0.0,0.0,NM,NEW MEXICO,0.185427,0.0
471,2030,32,0.0,0.0,NY,NEW YORK,0.185427,0.0
472,2030,33,667828.7988031196,8151.39221108116,NC,NORTH CAROLINA,0.185427,123833490.67566605
473,2030,34,721016.0377644033,7958.936538261416,ND,NORTH DAKOTA,0.185427,133695840.83454001
474,2030,35,212574.82555557045,3789.2265180832833,OH,OHIO,0.185427,39417112.178292766
475,2030,36,79087.25787962979,2068.7559955460874,OK,OKLAHOMA,0.185427,14664912.966846114
476,2030,37,0.0,0.0,OR,OREGON,0.185427,0.0
477,2030,38,18359.06997235918,417.8205269908865,PA,PENNSYLVANIA,0.185427,3404267.267764646
478,2030,39,0.0,0.0,RI,RHODE ISLAND,0.185427,0.0
479,2030,40,384876.9871663688,5511.610366017361,SC,SOUTH CAROLINA,0.185427,71366585.09929827
480,2030,41,2045902.2283362644,17185.693833404217,SD,SOUTH DAKOTA,0.185427,379365512.4937085
481,2030,42,1050052.5060217257,6519.282298608839,TN,TENNESSEE,0.185427,194708086.03409052
482,2030,43,42688.60259176465,1858.330501576688,TX,TEXAS,0.185427,7915619.512783143
483,2030,44,0.0,0.0,UT,UTAH,0.185427,0.0
484,2030,45,5070.440798734229,54.501402015935696,VT,VERMONT,0.185427,940196.6259868919
485,2030,46,84345.42701312836,731.9048318559825,VA,VIRGINIA,0.185427,15639919.494763352
486,2030,47,0.0,0.0,WA,WASHINGTON,0.185427,0.0
487,2030,48,0.0,0.0,WV,WEST VIRGINIA,0.185427,0.0
488,2030,49,52219.426347843735,368.690371537224,WI,WISCONSIN,0.185427,9682891.569401622
489,2030,50,544726.7111695295,17645.900190291624,WY,WYOMING,0.185427,101007039.87203234
490,2031,0,0.0,0.0,AL,ALABAMA,0.1814418,0.0
491,2031,2,0.0,0.0,AZ,ARIZONA,0.1814418,0.0
492,2031,3,18504.536550707537,364.6405476202448,AR,ARKANSAS,0.1814418,3357496.4199261665
493,2031,4,0.0,0.0,CA,CALIFORNIA,0.1814418,0.0
494,2031,5,120280.5713953981,1972.902670482062,CO,COLORADO,0.1814418,21823923.379009545
495,2031,6,0.0,0.0,CT,CONNECTICUT,0.1814418,0.0
496,2031,7,85937.76850987627,1130.7870517156157,DE,DELAWARE,0.1814418,15592703.406415269
497,2031,8,0.0,0.0,DC,DISTRICT OF COLUMBIA,0.1814418,0.0
498,2031,9,0.0,0.0,FL,FLORIDA,0.1814418,0.0
499,2031,10,416.9331260831483,23.25649806330427,GA,GEORGIA,0.1814418,75649.09687615337
500,2031,12,0.0,0.0,ID,IDAHO,0.1814418,0.0
501,2031,13,8294672.048359986,43112.576394383854,IL,ILLINOIS,0.1814418,1505000226.8641229
502,2031,14,8155739.677423817,30252.702009248445,IN,INDIANA,0.1814418,1479792087.4031966
503,2031,15,9737611.299505224,46933.93618878594,IA,IOWA,0.1814418,1766809721.882567
504,2031,16,1122596.1904101814,8918.782197634135,KS,KANSAS,0.1814418,203685873.46116605
505,2031,17,294449.3751033128,1414.8912565077967,KY,KENTUCKY,0.1814418,53425424.62762026
506,2031,18,11506.32427726218,301.595873394387,LA,LOUISIANA,0.1814418,2087728.1882501487
507,2031,19,0.0,0.0,ME,MAINE,0.1814418,0.0
508,2031,20,304693.49114019744,2447.590219013317,MD,MARYLAND,0.1814418,55284135.480761476
509,2031,21,0.0,0.0,MA,MASSACHUSETTS,0.1814418,0.0
510,2031,22,739860.9189869119,3214.7857507809526,MI,MICHIGAN,0.1814418,134241696.89063945
511,2031,23,2867448.743784834,22242.209816387985,MN,MINNESOTA,0.1814418,520275061.48005915
512,2031,24,1519.128895357081,211.70095359221904,MS,MISSISSIPPI,0.1814418,275633.48120560043
513,2031,25,3133058.9820935726,18622.699314312064,MO,MISSOURI,0.1814418,568467861.2172256
514,2031,26,880739.1018897089,14693.028288461328,MT,MONTANA,0.1814418,159802887.97725216
515,2031,27,1163226.7761596844,12262.076804591266,NE,NEBRASKA,0.1814418,211057960.0746102
516,2031,28,0.0,0.0,NV,NEVADA,0.1814418,0.0
517,2031,29,18.778636903688405,0.940154383378017,NH,NEW HAMPSHIRE,0.1814418,3407.229681351651
518,2031,30,256401.55194867132,1228.6316255595589,NJ,NEW JERSEY,0.1814418,46521959.108360425
519,2031,31,0.0,0.0,NM,NEW MEXICO,0.1814418,0.0
520,2031,32,24034.07306148037,121.06841842393248,NY,NEW YORK,0.1814418,4360785.477606509
521,2031,33,50544.11352034515,1909.575036742728,NC,NORTH CAROLINA,0.1814418,9170814.93653576
522,2031,34,380874.1844331011,4184.731245005996,ND,NORTH DAKOTA,0.1814418,69106497.59707384
523,2031,35,9167480.368041065,27886.67982446345,OH,OHIO,0.1814418,1663364139.4420333
524,2031,36,42988.31070270859,1100.4875768939423,OK,OKLAHOMA,0.1814418,7799876.472858712
525,2031,37,0.0,0.0,OR,OREGON,0.1814418,0.0
526,2031,38,1303471.6281304783,6065.596034543447,PA,PENNSYLVANIA,0.1814418,236504238.45692462
527,2031,39,0.0,0.0,RI,RHODE ISLAND,0.1814418,0.0
528,2031,40,0.0,0.0,SC,SOUTH CAROLINA,0.1814418,0.0
529,2031,41,1734559.9039663435,13105.000096275988,SD,SOUTH DAKOTA,0.1814418,314721671.18348044
530,2031,42,49994.98735193579,283.66847950547776,TN,TENNESSEE,0.1814418,9071180.496112464
531,2031,43,40879.35354647339,1243.1306788497318,TX,TEXAS,0.1814418,7417223.490308514
532,2031,44,0.0,0.0,UT,UTAH,0.1814418,0.0
533,2031,45,1545.1244221467143,79.88401390064581,VT,VERMONT,0.1814418,280350.1563782597
534,2031,46,202913.69831505767,1755.3309784491055,VA,VIRGINIA,0.1814418,36817026.666941024
535,2031,47,0.0,0.0,WA,WASHINGTON,0.1814418,0.0
536,2031,48,55854.76124746271,236.6326231134134,WV,WEST VIRGINIA,0.1814418,10134388.419309879
537,2031,49,991083.2574822246,5702.931607536764,WI,WISCONSIN,0.1814418,179823930.18743828
538,2031,50,629415.8163606958,18253.47056361217,WY,WYOMING,0.1814418,114202338.66895407
539,2032,0,4766.315034049815,144.82653493026157,AL,ALABAMA,0.1774566,845814.0604713644
540,2032,2,0.0,0.0,AZ,ARIZONA,0.1774566,0.0
541,2032,3,133982.77027908835,3911.004953907083,AR,ARKANSAS,0.1774566,23776126.872308068
542,2032,4,0.0,0.0,CA,CALIFORNIA,0.1774566,0.0
543,2032,5,110213.43789671296,1827.5165478456508,CO,COLORADO,0.1774566,19558101.96346183
544,2032,6,0.0,0.0,CT,CONNECTICUT,0.1774566,0.0
545,2032,7,53524.98833670433,722.3038496223305,DE,DELAWARE,0.1774566,9498362.445271205
546,2032,8,0.0,0.0,DC,DISTRICT OF COLUMBIA,0.1774566,0.0
547,2032,9,1488.3548747125456,63.23512452726913,FL,FLORIDA,0.1774566,264118.3956599143
548,2032,10,229.43171731667005,6.88484036628239,GA,GEORGIA,0.1774566,40714.17248717739
549,2032,12,0.0,0.0,ID,IDAHO,0.1774566,0.0
550,2032,13,3670720.937101611,32725.09252807436,IL,ILLINOIS,0.1774566,651393657.0468657
551,2032,14,636532.6319114334,7218.523510680259,IN,INDIANA,0.1774566,112956916.64805448
552,2032,15,7287914.633766402,43742.01320450328,IA,IOWA,0.1774566,1293288551.9984307
553,2032,16,199453.20773043,3204.6196631958774,KS,KANSAS,0.1774566,35394288.10293582
554,2032,17,93653.9156161806,1892.4339118175976,KY,KENTUCKY,0.1774566,16619505.441934314
555,2032,18,649487.563377057,9730.427598128488,LA,LOUISIANA,0.1774566,115255854.73917703
556,2032,19,0.0,0.0,ME,MAINE,0.1774566,0.0
557,2032,20,81435.6495167362,953.5775770216876,MD,MARYLAND,0.1774566,14451293.482031647
558,2032,21,0.0,0.0,MA,MASSACHUSETTS,0.1774566,0.0
559,2032,22,21670.911168084906,226.7275110481832,MI,MICHIGAN,0.1774566,3845646.2147903754
560,2032,23,723884.7650221228,8549.628700578864,MN,MINNESOTA,0.1774566,128458129.19262482
561,2032,24,271737.5042912132,5545.929539767383,MS,MISSISSIPPI,0.1774566,48221613.60400409
562,2032,25,3534797.80171145,25268.15548367513,MO,MISSOURI,0.1774566,627273199.5791881
563,2032,26,414777.4763052993,8422.991907329411,MT,MONTANA,0.1774566,73605000.70171899
564,2032,27,286889.8651986959,5063.2632541665935,NE,NEBRASKA,0.1774566,50910500.0526189
565,2032,28,0.0,0.0,NV,NEVADA,0.1774566,0.0
566,2032,29,7.930193590495108,0.6809140898595696,NH,NEW HAMPSHIRE,0.1774566,1407.265191911054
567,2032,30,92548.53660495112,647.5429505162166,NJ,NEW JERSEY,0.1774566,16423348.64089017
568,2032,31,0.0,0.0,NM,NEW MEXICO,0.1774566,0.0
569,2032,32,0.0,0.0,NY,NEW YORK,0.1774566,0.0
570,2032,33,17982.515991615877,2163.0345426138665,NC,NORTH CAROLINA,0.1774566,3191116.147317782
571,2032,34,562551.773422194,7977.2473913577505,ND,NORTH DAKOTA,0.1774566,99828525.03547291
572,2032,35,309030.8519433326,7307.021893343257,OH,OHIO,0.1774566,54839564.2809672
573,2032,36,25811.75492698713,716.8944255555108,OK,OKLAHOMA,0.1774566,4580466.269376384
574,2032,37,0.0,0.0,OR,OREGON,0.1774566,0.0
575,2032,38,83586.24009031041,719.0860045306904,PA,PENNSYLVANIA,0.1774566,14832929.973210178
576,2032,39,0.0,0.0,RI,RHODE ISLAND,0.1774566,0.0
577,2032,40,0.0,0.0,SC,SOUTH CAROLINA,0.1774566,0.0
578,2032,41,997028.5645816836,8859.897912222306,SD,SOUTH DAKOTA,0.1774566,176929299.173546
579,2032,42,297350.6582092148,3167.6519042074096,TN,TENNESSEE,0.1774566,52766836.813569345
580,2032,43,49065.2530876826,1402.922842081157,TX,TEXAS,0.1774566,8706952.991079655
581,2032,44,0.0,0.0,UT,UTAH,0.1774566,0.0
582,2032,45,4928.535036809449,34.17046646319356,VT,VERMONT,0.1774566,874601.0706130796
583,2032,46,5653.709377839397,129.86920188188049,VA,VIRGINIA,0.1774566,1003288.0435794948
584,2032,47,0.0,0.0,WA,WASHINGTON,0.1774566,0.0
585,2032,48,0.0,0.0,WV,WEST VIRGINIA,0.1774566,0.0
586,2032,49,450816.3151234488,4671.888267348731,WI,WISCONSIN,0.1774566,80000330.5063358
587,2032,50,573271.8509953306,16413.102966929593,WY,WYOMING,0.1774566,101730873.55333798
588,2033,0,311290.5298902803,2004.631084031464,AL,ALABAMA,0.1734714,54000004.02680876
589,2033,2,0.0,0.0,AZ,ARIZONA,0.1734714,0.0
590,2033,3,260251.4872223956,6297.0868503551455,AR,ARKANSAS,0.1734714,45146189.84055108
591,2033,4,0.0,0.0,CA,CALIFORNIA,0.1734714,0.0
592,2033,5,146692.05458693253,2323.814795306497,CO,COLORADO,0.1734714,25446876.07807161
593,2033,6,0.0,0.0,CT,CONNECTICUT,0.1734714,0.0
594,2033,7,220934.1018803964,1145.5639625773013,DE,DELAWARE,0.1734714,38325747.960935
595,2033,8,0.0,0.0,DC,DISTRICT OF COLUMBIA,0.1734714,0.0
596,2033,9,35685.54453835055,361.6075677753663,FL,FLORIDA,0.1734714,6190421.370830024
597,2033,10,467565.9672772923,3591.939161835475,GA,GEORGIA,0.1734714,81109322.93594608
598,2033,12,0.0,0.0,ID,IDAHO,0.1734714,0.0
599,2033,13,281614.1051620671,2755.5178872904853,IL,ILLINOIS,0.1734714,48851993.08221101
600,2033,14,220266.53667673728,3170.840798604484,IN,INDIANA,0.1734714,38209944.49046496
601,2033,15,0.0,0.0,IA,IOWA,0.1734714,0.0
602,2033,16,15345.086443146278,154.3631429641199,KS,KANSAS,0.1734714,2661933.628413605
603,2033,17,927865.8553263076,8099.993704743876,KY,KENTUCKY,0.1734714,160958188.93565202
604,2033,18,320854.5267635404,4660.535864078625,LA,LOUISIANA,0.1734714,55659083.95400882
605,2033,19,0.0,0.0,ME,MAINE,0.1734714,0.0
606,2033,20,434453.4300328128,2260.869776741173,MD,MARYLAND,0.1734714,75365244.7425941
607,2033,21,0.0,0.0,MA,MASSACHUSETTS,0.1734714,0.0
608,2033,22,6065.350268198222,209.20995662174303,MI,MICHIGAN,0.1734714,1052164.802514721
609,2033,23,26596.68785192383,410.5867529047788,MN,MINNESOTA,0.1734714,4613764.677036219
610,2033,24,295917.8457777162,4550.771950442713,MS,MISSISSIPPI,0.1734714,51333282.99204452
611,2033,25,616024.4470325096,3759.8225615372608,MO,MISSOURI,0.1734714,106862623.26095527
612,2033,26,113997.94965108836,2789.9290874470075,MT,MONTANA,0.1734714,19775383.92310381
613,2033,27,31319.719811120754,569.5604918936948,NE,NEBRASKA,0.1734714,5433075.643242853
614,2033,28,0.0,0.0,NV,NEVADA,0.1734714,0.0
615,2033,29,25.221661102988563,0.6809140898595696,NH,NEW HAMPSHIRE,0.1734714,4375.236861860971
616,2033,30,215431.27391526167,1139.9347723493934,NJ,NEW JERSEY,0.1734714,37371164.68986392
617,2033,31,0.0,0.0,NM,NEW MEXICO,0.1734714,0.0
618,2033,32,231.1011925520368,20.13950675013303,NY,NEW YORK,0.1734714,40089.44741367139
619,2033,33,1525775.438100952,8943.862995117755,NC,NORTH CAROLINA,0.1734714,264678401.33298546
620,2033,34,0.0,0.0,ND,NORTH DAKOTA,0.1734714,0.0
621,2033,35,1747778.1223605024,15950.85894021923,OH,OHIO,0.1734714,303189517.7752477
622,2033,36,39166.81229390873,969.6967870058494,OK,OKLAHOMA,0.1734714,6794321.7621615585
623,2033,37,0.0,0.0,OR,OREGON,0.1734714,0.0
624,2033,38,839760.4069228098,5521.290115415201,PA,PENNSYLVANIA,0.1734714,145674413.4534695
625,2033,39,0.0,0.0,RI,RHODE ISLAND,0.1734714,0.0
626,2033,40,664671.8150337369,5830.386921939711,SC,SOUTH CAROLINA,0.1734714,115301550.29444337
627,2033,41,13471.0581112812,245.90887850684845,SD,SOUTH DAKOTA,0.1734714,2336843.3100453056
628,2033,42,707119.852845957,5334.3185661254265,TN,TENNESSEE,0.1734714,122665070.84098215
629,2033,43,59883.04820526973,1700.0869413163855,TX,TEXAS,0.1734714,10387996.208435627
630,2033,44,0.0,0.0,UT,UTAH,0.1734714,0.0
631,2033,45,2479.253217423393,54.33761010646414,VT,VERMONT,0.1734714,430079.52658094035
632,2033,46,220769.6061725742,967.1892694579292,VA,VIRGINIA,0.1734714,38297212.66020509
633,2033,47,0.0,0.0,WA,WASHINGTON,0.1734714,0.0
634,2033,48,16713.534220207766,95.02457392825724,WV,WEST VIRGINIA,0.1734714,2899320.180127349
635,2033,49,0.0,0.0,WI,WISCONSIN,0.1734714,0.0
636,2033,50,535506.1519874288,16186.53322784479,WY,WYOMING,0.1734714,92895001.89387205
637,2034,0,0.0,0.0,AL,ALABAMA,0.1694862,0.0
638,2034,2,0.0,0.0,AZ,ARIZONA,0.1694862,0.0
639,2034,3,304818.1698361493,7304.217580198279,AR,ARKANSAS,0.1694862,51662473.29648358
640,2034,4,0.0,0.0,CA,CALIFORNIA,0.1694862,0.0
641,2034,5,156504.22309364966,2498.142745180386,CO,COLORADO,0.1694862,26525306.056094926
642,2034,6,0.0,0.0,CT,CONNECTICUT,0.1694862,0.0
643,2034,7,95011.73301004263,1017.6776009475784,DE,DELAWARE,0.1694862,16103177.58328669
644,2034,8,0.0,0.0,DC,DISTRICT OF COLUMBIA,0.1694862,0.0
645,2034,9,0.0,0.0,FL,FLORIDA,0.1694862,0.0
646,2034,10,0.0,0.0,GA,GEORGIA,0.1694862,0.0
647,2034,12,0.0,0.0,ID,IDAHO,0.1694862,0.0
648,2034,13,5615257.628127199,35431.294442907405,IL,ILLINOIS,0.1694862,951708677.412292
649,2034,14,2521851.460413247,15907.395406989755,IN,INDIANA,0.1694862,427419020.9898917
650,2034,15,9332037.517997108,49233.56167322936,IA,IOWA,0.1694862,1581651577.1827617
651,2034,16,2108397.5203126986,17002.551220234847,KS,KANSAS,0.1694862,357344283.8072221
652,2034,17,46700.02392215884,405.6992680232841,KY,KENTUCKY,0.1694862,7915009.594475798
653,2034,18,146459.5386612728,3050.9488732195705,LA,LOUISIANA,0.1694862,24822870.661452215
654,2034,19,0.0,0.0,ME,MAINE,0.1694862,0.0
655,2034,20,127170.13285876936,1199.420563405217,MD,MARYLAND,0.1694862,21553582.571727954
656,2034,21,0.0,0.0,MA,MASSACHUSETTS,0.1694862,0.0
657,2034,22,321830.1937609352,2660.1294907291376,MI,MICHIGAN,0.1694862,54545776.58580461
658,2034,23,3132515.6095477445,26856.848195391965,MN,MINNESOTA,0.1694862,530918167.1029309
659,2034,24,167792.5786795694,3295.8995802087475,MS,MISSISSIPPI,0.1694862,28438526.548601236
660,2034,25,4543957.958962815,29378.30773467497,MO,MISSOURI,0.1694862,770138167.4243635
661,2034,26,1060690.2702317156,19124.616575161133,MT,MONTANA,0.1694862,179772363.2785466
662,2034,27,1855525.5259202248,19586.59665240184,NE,NEBRASKA,0.1694862,314485970.39122045
663,2034,28,0.0,0.0,NV,NEVADA,0.1694862,0.0
664,2034,29,0.0,0.0,NH,NEW HAMPSHIRE,0.1694862,0.0
665,2034,30,76942.3173585049,649.3949116687979,NJ,NEW JERSEY,0.1694862,13040660.988287032
666,2034,31,0.0,0.0,NM,NEW MEXICO,0.1694862,0.0
667,2034,32,188.2183760620236,5.3781142029324345,NY,NEW YORK,0.1694862,31900.417328923344
668,2034,33,274278.5291408758,4474.4769450484855,NC,NORTH CAROLINA,0.1694862,46486425.64567631
669,2034,34,941258.3924841024,11469.262593278776,ND,NORTH DAKOTA,0.1694862,159530308.16023907
670,2034,35,3404459.4683833136,13303.036450832204,OH,OHIO,0.1694862,577008898.350308
671,2034,36,170573.09888469224,4324.480694078624,OK,OKLAHOMA,0.1694862,28909786.35219073
672,2034,37,0.0,0.0,OR,OREGON,0.1694862,0.0
673,2034,38,28412.75459380995,334.6899395609288,PA,PENNSYLVANIA,0.1694862,4815569.807637393
674,2034,39,0.0,0.0,RI,RHODE ISLAND,0.1694862,0.0
675,2034,40,7862.089282856178,126.5262295877114,SC,SOUTH CAROLINA,0.1694862,1332515.6366120188
676,2034,41,3061354.048692489,23642.11086620878,SD,SOUTH DAKOTA,0.1694862,518857264.56750494
677,2034,42,99354.22092901924,1274.0763097174704,TN,TENNESSEE,0.1694862,16839169.359219942
678,2034,43,100353.94324114524,2923.4504990288638,TX,TEXAS,0.1694862,17008608.49495739
679,2034,44,0.0,0.0,UT,UTAH,0.1694862,0.0
680,2034,45,0.0,0.0,VT,VERMONT,0.1694862,0.0
681,2034,46,60866.38843599554,530.5692509015574,VA,VIRGINIA,0.1694862,10316012.883740827
682,2034,47,0.0,0.0,WA,WASHINGTON,0.1694862,0.0
683,2034,48,638.842268523397,39.17839474510485,WV,WEST VIRGINIA,0.1694862,108274.94849141018
684,2034,49,1229142.7211256071,7335.228489189819,WI,WISCONSIN,0.1694862,208322729.0612389
685,2034,50,649552.4862835157,20542.01328270473,WY,WYOMING,0.1694862,110090182.6007452
686,2035,0,261351.5723740976,2147.352020319832,AL,ALABAMA,0.165501,43253946.57948553
687,2035,2,0.0,0.0,AZ,ARIZONA,0.165501,0.0
688,2035,3,421770.83466367214,9256.788586677258,AR,ARKANSAS,0.165501,69803494.9076724
689,2035,4,0.0,0.0,CA,CALIFORNIA,0.165501,0.0
690,2035,5,124143.80550951164,1983.986991139985,CO,COLORADO,0.165501,20545923.955629688
691,2035,6,0.0,0.0,CT,CONNECTICUT,0.165501,0.0
692,2035,7,74237.38671575696,844.8373980488952,DE,DELAWARE,0.165501,12286361.738844495
693,2035,8,0.0,0.0,DC,DISTRICT OF COLUMBIA,0.165501,0.0
694,2035,9,0.0,0.0,FL,FLORIDA,0.165501,0.0
695,2035,10,4567.278565175187,61.61961599231528,GA,GEORGIA,0.165501,755889.1698150588
696,2035,12,0.0,0.0,ID,IDAHO,0.165501,0.0
697,2035,13,279304.0755897177,4317.241038070943,IL,ILLINOIS,0.165501,46225103.81417387
698,2035,14,105823.83261086748,1803.0427509108645,IN,INDIANA,0.165501,17513950.120931182
699,2035,15,246896.0079314217,1553.7743203021723,IA,IOWA,0.165501,40861536.208658226
700,2035,16,9838.71563005488,126.05924103755808,KS,KANSAS,0.165501,1628317.2754897128
701,2035,17,315301.6865958375,2466.286836207236,KY,KENTUCKY,0.165501,52182744.43329771
702,2035,18,262572.3414289325,5442.569517417103,LA,LOUISIANA,0.165501,43455985.07882976
703,2035,19,0.0,0.0,ME,MAINE,0.165501,0.0
704,2035,20,264356.71602537564,1588.604208750501,MD,MARYLAND,0.165501,43751300.858915694
705,2035,21,0.0,0.0,MA,MASSACHUSETTS,0.165501,0.0
706,2035,22,260524.82244872025,2242.6065306148994,MI,MICHIGAN,0.165501,43117118.64008565
707,2035,23,1220768.6415928514,9283.812032383114,MN,MINNESOTA,0.165501,202038430.9522585
708,2035,24,440489.5728127273,6285.144508483105,MS,MISSISSIPPI,0.165501,72901464.79007919
709,2035,25,439118.8875080663,3622.479919704716,MO,MISSOURI,0.165501,72674615.00147249
710,2035,26,790801.9944059922,15324.891784292486,MT,MONTANA,0.165501,130878520.87618613
711,2035,27,89583.12533301555,2325.8194661035304,NE,NEBRASKA,0.165501,14826096.825739406
712,2035,28,0.0,0.0,NV,NEVADA,0.165501,0.0
713,2035,29,50.0771305746654,0.6536122218106374,NH,NEW HAMPSHIRE,0.165501,8287.815187237698
714,2035,30,169654.02951336442,962.0730173244132,NJ,NEW JERSEY,0.165501,28077911.538491327
715,2035,31,0.0,0.0,NM,NEW MEXICO,0.165501,0.0
716,2035,32,20338.46515602894,97.3205400298956,NY,NEW YORK,0.165501,3366036.3217879455
717,2035,33,210567.7451301358,4314.425652921206,NC,NORTH CAROLINA,0.165501,34849172.38678261
718,2035,34,362665.3281164946,5003.694183199407,ND,NORTH DAKOTA,0.165501,60021474.46860798
719,2035,35,832672.2034808071,7701.596007118363,OH,OHIO,0.165501,137808082.3482771
720,2035,36,4301.662798553358,191.87409226883625,OK,OKLAHOMA,0.165501,711929.4948233793
721,2035,37,0.0,0.0,OR,OREGON,0.165501,0.0
722,2035,38,887161.6586163557,4343.999626148841,PA,PENNSYLVANIA,0.165501,146826141.66266552
723,2035,39,0.0,0.0,RI,RHODE ISLAND,0.165501,0.0
724,2035,40,57927.39861955572,2075.17713007972,SC,SOUTH CAROLINA,0.165501,9587042.39893509
725,2035,41,1657055.766068092,13086.4688578577,SD,SOUTH DAKOTA,0.165501,274244386.3400353
726,2035,42,590082.2225258236,5663.103177374409,TN,TENNESSEE,0.165501,97659197.91024634
727,2035,43,33078.85272940349,1115.201187120373,TX,TEXAS,0.165501,5474583.205569007
728,2035,44,0.0,0.0,UT,UTAH,0.165501,0.0
729,2035,45,0.0,0.0,VT,VERMONT,0.165501,0.0
730,2035,46,32283.74133636757,168.33965094217004,VA,VIRGINIA,0.165501,5342991.47491017
731,2035,47,0.0,0.0,WA,WASHINGTON,0.165501,0.0
732,2035,48,439.42021929937727,6.898719252022604,WV,WEST VIRGINIA,0.165501,72724.48571426625
733,2035,49,89537.4369508189,1572.420208138464,WI,WISCONSIN,0.165501,14818535.352797478
734,2035,50,303669.47843739664,13175.013692977072,WY,WYOMING,0.165501,50257602.350867584
735,2036,0,34711.51971210801,773.9514951785661,AL,ALABAMA,0.1689566,5864740.351390749
736,2036,2,0.0,0.0,AZ,ARIZONA,0.1689566,0.0
737,2036,3,174101.56133100565,5668.139879639866,AR,ARKANSAS,0.1689566,29415607.857178193
738,2036,4,0.0,0.0,CA,CALIFORNIA,0.1689566,0.0
739,2036,5,150361.38690084766,2476.747850330116,CO,COLORADO,0.1689566,25404548.702051762
740,2036,6,0.0,0.0,CT,CONNECTICUT,0.1689566,0.0
741,2036,7,0.0,0.0,DE,DELAWARE,0.1689566,0.0
742,2036,8,0.0,0.0,DC,DISTRICT OF COLUMBIA,0.1689566,0.0
743,2036,9,279.2865165027948,19.01886493567033,FL,FLORIDA,0.1689566,47187.30025415611
744,2036,10,86.00095968055683,8.918649897613362,GA,GEORGIA,0.1689566,14530.42974436397
745,2036,12,0.0,0.0,ID,IDAHO,0.1689566,0.0
746,2036,13,6544055.747211432,47607.59760749548,IL,ILLINOIS,0.1689566,1105661409.259303
747,2036,14,2909990.4265812365,19041.27004542902,IN,INDIANA,0.1689566,491662088.50771534
748,2036,15,7946753.571852813,52583.9395833959,IA,IOWA,0.1689566,1342656464.5381072
749,2036,16,1977437.6356510688,15960.110223086827,KS,KANSAS,0.1689566,334101139.63164335
750,2036,17,930367.2105209618,4774.375408251221,KY,KENTUCKY,0.1689566,157191680.64110595
751,2036,18,243979.2426991148,6324.15291302436,LA,LOUISIANA,0.1689566,41221903.317017265
752,2036,19,0.0,0.0,ME,MAINE,0.1689566,0.0
753,2036,20,0.0,0.0,MD,MARYLAND,0.1689566,0.0
754,2036,21,0.0,0.0,MA,MASSACHUSETTS,0.1689566,0.0
755,2036,22,413632.1004550298,2652.4899641884736,MI,MICHIGAN,0.1689566,69885873.34374028
756,2036,23,4262505.399803864,31855.160859096937,MN,MINNESOTA,0.1689566,720178419.8325015
757,2036,24,480862.97251265147,9991.052645571484,MS,MISSISSIPPI,0.1689566,81244972.90163106
758,2036,25,5148077.280043672,30970.13386655291,MO,MISSOURI,0.1689566,869801633.7734267
759,2036,26,899404.2402297412,18813.98973921923,MT,MONTANA,0.1689566,151960282.4548003
760,2036,27,1544395.2250987936,18574.543982442003,NE,NEBRASKA,0.1689566,260935766.28892687
761,2036,28,0.0,0.0,NV,NEVADA,0.1689566,0.0
762,2036,29,0.0,0.0,NH,NEW HAMPSHIRE,0.1689566,0.0
763,2036,30,504.4728082676787,21.65671307867012,NJ,NEW JERSEY,0.1689566,85234.0104773589
764,2036,31,0.0,0.0,NM,NEW MEXICO,0.1689566,0.0
765,2036,32,0.0,0.0,NY,NEW YORK,0.1689566,0.0
766,2036,33,25241.272296899053,1373.1378504950956,NC,NORTH CAROLINA,0.1689566,4264679.546958255
767,2036,34,783137.0829525715,9193.16113615723,ND,NORTH DAKOTA,0.1689566,132316178.86958443
768,2036,35,3240311.643646255,17116.203260276736,OH,OHIO,0.1689566,547472038.2508829
769,2036,36,70740.42297098564,3133.8769437656106,OK,OKLAHOMA,0.1689566,11952061.347739635
770,2036,37,0.0,0.0,OR,OREGON,0.1689566,0.0
771,2036,38,47273.33724906074,290.8968594812852,PA,PENNSYLVANIA,0.1689566,7987142.332254657
772,2036,39,0.0,0.0,RI,RHODE ISLAND,0.1689566,0.0
773,2036,40,2695.794190954691,201.068803160016,SC,SOUTH CAROLINA,0.1689566,455472.22080345545
774,2036,41,2820670.6585726487,23667.952091361884,SD,SOUTH DAKOTA,0.1689566,476570924.1921956
775,2036,42,413944.8847033867,4874.45917393403,TN,TENNESSEE,0.1689566,69938720.30687623
776,2036,43,82126.70209004637,2984.2696606124528,TX,TEXAS,0.1689566,13875848.35434713
777,2036,44,0.0,0.0,UT,UTAH,0.1689566,0.0
778,2036,45,0.0,0.0,VT,VERMONT,0.1689566,0.0
779,2036,46,2002.6514004637672,28.438230971711675,VA,VIRGINIA,0.1689566,338361.17160759657
780,2036,47,0.0,0.0,WA,WASHINGTON,0.1689566,0.0
781,2036,48,0.0,0.0,WV,WEST VIRGINIA,0.1689566,0.0
782,2036,49,968624.3629073928,7265.513433692134,WI,WISCONSIN,0.1689566,163655479.0339992
783,2036,50,640584.9821201691,20944.86596071485,WY,WYOMING,0.1689566,108231060.59008457
784,2037,0,3069.234759301226,30.64484450990789,AL,ALABAMA,0.1724122,529173.5171675949
785,2037,2,0.0,0.0,AZ,ARIZONA,0.1724122,0.0
786,2037,3,194312.6744050661,4305.915827468098,AR,ARKANSAS,0.1724122,33501875.682061136
787,2037,4,0.0,0.0,CA,CALIFORNIA,0.1724122,0.0
788,2037,5,112376.08924873936,1926.6026860371803,CO,COLORADO,0.1724122,19375008.7747715
789,2037,6,0.0,0.0,CT,CONNECTICUT,0.1724122,0.0
790,2037,7,39855.241520262185,578.7774494154804,DE,DELAWARE,0.1724122,6871529.8720397465
791,2037,8,0.0,0.0,DC,DISTRICT OF COLUMBIA,0.1724122,0.0
792,2037,9,0.0,0.0,FL,FLORIDA,0.1724122,0.0
793,2037,10,0.0,0.0,GA,GEORGIA,0.1724122,0.0
794,2037,12,0.0,0.0,ID,IDAHO,0.1724122,0.0
795,2037,13,5693967.792242011,39505.83045938065,IL,ILLINOIS,0.1724122,981709513.789588
796,2037,14,2781453.986634711,15980.894643931051,IN,INDIANA,0.1724122,479556601.034461
797,2037,15,6533892.961533688,41147.67474521641,IA,IOWA,0.1724122,1126522860.0625384
798,2037,16,703713.1080269739,9079.329497185372,KS,KANSAS,0.1724122,121328725.12376823
799,2037,17,1730.485684865289,50.50200714233602,KY,KENTUCKY,0.1724122,298356.84399613115
800,2037,18,414632.78090532665,5916.43257740445,LA,LOUISIANA,0.1724122,71487749.94800536
801,2037,19,0.0,0.0,ME,MAINE,0.1724122,0.0
802,2037,20,88195.52682165723,1037.104231979833,MD,MARYLAND,0.1724122,15205984.809480928
803,2037,21,0.0,0.0,MA,MASSACHUSETTS,0.1724122,0.0
804,2037,22,470022.2894302958,3186.3154207014586,MI,MICHIGAN,0.1724122,81037576.96971405
805,2037,23,4839628.672569999,31977.696595552625,MN,MINNESOTA,0.1724122,834411026.6208731
806,2037,24,156272.0969350451,1999.5153625551288,MS,MISSISSIPPI,0.1724122,26943216.03118438
807,2037,25,3072012.088480629,26871.09284657143,MO,MISSOURI,0.1724122,529652362.60153985
808,2037,26,511606.0925381541,10507.306086045826,MT,MONTANA,0.1724122,88207131.94790673
809,2037,27,1179262.0584763945,17162.15497816645,NE,NEBRASKA,0.1724122,203319165.8784438
810,2037,28,0.0,0.0,NV,NEVADA,0.1724122,0.0
811,2037,29,0.0,0.0,NH,NEW HAMPSHIRE,0.1724122,0.0
812,2037,30,58114.48159248769,659.6566130915513,NJ,NEW JERSEY,0.1724122,10019645.623220306
813,2037,31,0.0,0.0,NM,NEW MEXICO,0.1724122,0.0
814,2037,32,2918.11159459644,28.66411771292399,NY,NEW YORK,0.1724122,503118.03986988036
815,2037,33,69626.0069875689,1179.507462317006,NC,NORTH CAROLINA,0.1724122,12004373.041942125
816,2037,34,580608.7107124072,6568.965232480666,ND,NORTH DAKOTA,0.1724122,100104025.15308969
817,2037,35,2000865.547796741,11441.908611104072,OH,OHIO,0.1724122,344973630.9998413
818,2037,36,23795.3906931768,1076.8392056899002,OK,OKLAHOMA,0.1724122,4102615.6592701366
819,2037,37,0.0,0.0,OR,OREGON,0.1724122,0.0
820,2037,38,197283.94639205936,2189.1414256924586,PA,PENNSYLVANIA,0.1724122,34014159.22213701
821,2037,39,0.0,0.0,RI,RHODE ISLAND,0.1724122,0.0
822,2037,40,764.4699399023496,28.55860422838536,SC,SOUTH CAROLINA,0.1724122,131803.94417243186
823,2037,41,2033076.9522606577,15990.620661639889,SD,SOUTH DAKOTA,0.1724122,350527270.10855496
824,2037,42,1730.5556577587931,80.35881883223537,TN,TENNESSEE,0.1724122,298368.9081766406
825,2037,43,35750.747272741595,1034.7200930349395,TX,TEXAS,0.1724122,6163864.988937378
826,2037,44,0.0,0.0,UT,UTAH,0.1724122,0.0
827,2037,45,2927.3622220318885,28.34990640354051,VT,VERMONT,0.1724122,504712.96089740633
828,2037,46,37634.90779246873,322.9611276291624,VA,VIRGINIA,0.1724122,6488717.249296676
829,2037,47,0.0,0.0,WA,WASHINGTON,0.1724122,0.0
830,2037,48,0.0,0.0,WV,WEST VIRGINIA,0.1724122,0.0
831,2037,49,1848510.0157492943,9021.266089097153,WI,WISCONSIN,0.1724122,318705678.53737044
832,2037,50,478559.8751893043,16667.6865864488,WY,WYOMING,0.1724122,82509560.91311337
833,2038,0,340731.12804851035,2798.387913697861,AL,ALABAMA,0.1758678,59923633.88140981
834,2038,2,0.0,0.0,AZ,ARIZONA,0.1758678,0.0
835,2038,3,406350.6703068846,10127.610251507733,AR,ARKANSAS,0.1758678,71463998.41539712
836,2038,4,0.0,0.0,CA,CALIFORNIA,0.1758678,0.0
837,2038,5,114871.68849256755,2081.4345998131816,CO,COLORADO,0.1758678,20202231.13747317
838,2038,6,0.0,0.0,CT,CONNECTICUT,0.1758678,0.0
839,2038,7,25574.035043776774,179.82870096728422,DE,DELAWARE,0.1758678,4497649.280271924
840,2038,8,0.0,0.0,DC,DISTRICT OF COLUMBIA,0.1758678,0.0
841,2038,9,11170.005007644268,194.4822946385514,FL,FLORIDA,0.1758678,1964444.2066833805
842,2038,10,45305.40184376968,651.4542615654301,GA,GEORGIA,0.1758678,7967761.350379717
843,2038,12,0.0,0.0,ID,IDAHO,0.1758678,0.0
844,2038,13,9208018.904319132,52007.01551737843,IL,ILLINOIS,0.1758678,1619394027.061016
845,2038,14,3810235.119980231,21485.195783170715,IN,INDIANA,0.1758678,670097668.0336592
846,2038,15,4519589.125052126,39909.805214951804,IA,IOWA,0.1758678,794850196.3268422
847,2038,16,1208215.6864759722,11740.160599926916,KS,KANSAS,0.1758678,212486234.70601895
848,2038,17,652064.7748603936,4374.418615747611,KY,KENTUCKY,0.1758678,114677197.41219273
849,2038,18,316794.5658346718,7088.460087421086,LA,LOUISIANA,0.1758678,55713963.34529889
850,2038,19,0.0,0.0,ME,MAINE,0.1758678,0.0
851,2038,20,44532.53794130854,246.2928422283613,MD,MARYLAND,0.1758678,7831839.476154461
852,2038,21,0.0,0.0,MA,MASSACHUSETTS,0.1758678,0.0
853,2038,22,319391.6573589132,3427.425984473204,MI,MICHIGAN,0.1758678,56170708.11806588
854,2038,23,1999212.119725587,22801.70473953548,MN,MINNESOTA,0.1758678,351597037.2294756
855,2038,24,810531.7356676599,12603.269402435542,MS,MISSISSIPPI,0.1758678,142546433.18205288
856,2038,25,4188649.322474234,27800.21579353252,MO,MISSOURI,0.1758678,736648541.315034
857,2038,26,623491.7419126681,13507.616092559732,MT,MONTANA,0.1758678,109652120.96834873
858,2038,27,637989.048661472,9966.157861102263,NE,NEBRASKA,0.1758678,112201730.41218603
859,2038,28,0.0,0.0,NV,NEVADA,0.1758678,0.0
860,2038,29,0.0,0.0,NH,NEW HAMPSHIRE,0.1758678,0.0
861,2038,30,77320.73904048157,427.2868770788802,NJ,NEW JERSEY,0.1758678,13598228.269423604
862,2038,31,0.0,0.0,NM,NEW MEXICO,0.1758678,0.0
863,2038,32,26580.9833208296,198.6138129314268,NY,NEW YORK,0.1758678,4674739.058470996
864,2038,33,251276.54387218528,2737.144131228912,NC,NORTH CAROLINA,0.1758678,44191452.962404706
865,2038,34,493522.1285815642,8280.342796317254,ND,NORTH DAKOTA,0.1758678,86794651.00495681
866,2038,35,4766403.57031776,24350.40160797927,OH,OHIO,0.1758678,838256909.8239298
867,2038,36,156025.9258097599,3709.2345298754726,OK,OKLAHOMA,0.1758678,27439936.315125693
868,2038,37,0.0,0.0,OR,OREGON,0.1758678,0.0
869,2038,38,862738.8503110829,3199.7386410252648,PA,PENNSYLVANIA,0.1758678,151727983.57873946
870,2038,39,0.0,0.0,RI,RHODE ISLAND,0.1758678,0.0
871,2038,40,94623.49156825128,1506.3953273535128,SC,SOUTH CAROLINA,0.1758678,16641225.290426902
872,2038,41,1122395.142635977,16065.666227812791,SD,SOUTH DAKOTA,0.1758678,197393164.46607542
873,2038,42,468033.6956638442,5105.310453797507,TN,TENNESSEE,0.1758678,82312056.38226981
874,2038,43,82329.63548155602,2401.658862799447,TX,TEXAS,0.1758678,14479131.866943195
875,2038,44,0.0,0.0,UT,UTAH,0.1758678,0.0
876,2038,45,0.0,0.0,VT,VERMONT,0.1758678,0.0
877,2038,46,30361.087656916625,150.53828196201977,VA,VIRGINIA,0.1758678,5339537.691829082
878,2038,47,0.0,0.0,WA,WASHINGTON,0.1758678,0.0
879,2038,48,54568.95736319654,218.6267886530342,WV,WEST VIRGINIA,0.1758678,9596922.479759175
880,2038,49,1186726.2473455744,7960.324451940124,WI,WISCONSIN,0.1758678,208706934.322922
881,2038,50,381711.61681889626,15379.00304936092,WY,WYOMING,0.1758678,67130782.28438227
882,2039,0,315559.4589048494,2642.6252402006694,AL,ALABAMA,0.1793234,56587195.07297787
883,2039,2,0.0,0.0,AZ,ARIZONA,0.1793234,0.0
884,2039,3,277022.66920757346,5977.41555503685,AR,ARKANSAS,0.1793234,49676646.91937738
885,2039,4,0.0,0.0,CA,CALIFORNIA,0.1793234,0.0
886,2039,5,102343.96029196728,1644.9036213821669,CO,COLORADO,0.1793234,18352666.929020565
887,2039,6,0.0,0.0,CT,CONNECTICUT,0.1793234,0.0
888,2039,7,190910.1800487461,881.4375817784644,DE,DELAWARE,0.1793234,34234662.580953315
889,2039,8,0.0,0.0,DC,DISTRICT OF COLUMBIA,0.1793234,0.0
890,2039,9,53048.62043920568,442.8640291086733,FL,FLORIDA,0.1793234,9512858.982467856
891,2039,10,61164.51708387703,1142.37344893946,GA,GEORGIA,0.1793234,10968229.162838914
892,2039,12,0.0,0.0,ID,IDAHO,0.1793234,0.0
893,2039,13,6071400.639012109,50575.03558104456,IL,ILLINOIS,0.1793234,1088744205.349824
894,2039,14,6110142.93040371,33485.209712895885,IN,INDIANA,0.1793234,1095691604.7659566
895,2039,15,1943058.626749978,26843.775114695607,IA,IOWA,0.1793234,348435879.34813696
896,2039,16,219819.0076565835,3220.3551551678806,KS,KANSAS,0.1793234,39418691.83760459
897,2039,17,2296701.76216551,11106.287749744712,KY,KENTUCKY,0.1793234,411852368.77751064
898,2039,18,349016.1711905958,6193.599866908376,LA,LOUISIANA,0.1793234,62586766.472879685
899,2039,19,0.0,0.0,ME,MAINE,0.1793234,0.0
900,2039,20,521960.47500252817,2031.4012685735688,MD,MARYLAND,0.1793234,93599727.04306836
901,2039,21,0.0,0.0,MA,MASSACHUSETTS,0.1793234,0.0
902,2039,22,881683.7092822517,3915.274719853535,MI,MICHIGAN,0.1793234,158106520.47310492
903,2039,23,731515.5760086369,14811.699096912169,MN,MINNESOTA,0.1793234,131177860.24282718
904,2039,24,896511.7649190822,11924.355774214528,MS,MISSISSIPPI,0.1793234,160765537.82529053
905,2039,25,1015376.023463087,11036.890896936306,MO,MISSOURI,0.1793234,182080680.80588055
906,2039,26,1092262.9016613169,17514.428505633467,MT,MONTANA,0.1793234,195868297.219773
907,2039,27,101719.0528475199,2871.973111731372,NE,NEBRASKA,0.1793234,18240606.40139695
908,2039,28,0.0,0.0,NV,NEVADA,0.1793234,0.0
909,2039,29,8.645911664648942,0.5855276385247403,NH,NEW HAMPSHIRE,0.1793234,1550.414275804508
910,2039,30,309650.49276331114,1386.0870903958669,NJ,NEW JERSEY,0.1793234,55527579.17399235
911,2039,31,0.0,0.0,NM,NEW MEXICO,0.1793234,0.0
912,2039,32,43096.593913328914,245.12398136264625,NY,NEW YORK,0.1793234,7728227.748957446
913,2039,33,937444.2311994144,5846.019322637487,NC,NORTH CAROLINA,0.1793234,168105686.84906507
914,2039,34,308500.91601777304,5914.647645135123,ND,NORTH DAKOTA,0.1793234,55321433.16342152
915,2039,35,10622637.229592131,32638.62489242872,OH,OHIO,0.1793234,1904887424.9770415
916,2039,36,74834.00869413381,1757.5301031296856,OK,OKLAHOMA,0.1793234,13419488.874661634
917,2039,37,0.0,0.0,OR,OREGON,0.1793234,0.0
918,2039,38,1605524.188595181,7527.233411441115,PA,PENNSYLVANIA,0.1793234,287908056.28112906
919,2039,39,0.0,0.0,RI,RHODE ISLAND,0.1793234,0.0
920,2039,40,142956.93517796032,1731.2182499757164,SC,SOUTH CAROLINA,0.1793234,25635523.669691447
921,2039,41,1496943.205162246,17507.725632155518,SD,SOUTH DAKOTA,0.1793234,268436945.1565915
922,2039,42,729783.6513753213,5163.67215992583,TN,TENNESSEE,0.1793234,130867285.62903728
923,2039,43,27822.94904362485,912.9627929975416,TX,TEXAS,0.1793234,4989305.820529556
924,2039,44,0.0,0.0,UT,UTAH,0.1793234,0.0
925,2039,45,29344.076649885443,191.3760824193124,VT,VERMONT,0.1793234,5262079.594718067
926,2039,46,191256.82038342976,857.4078779760757,VA,VIRGINIA,0.1793234,34296823.30434593
927,2039,47,0.0,0.0,WA,WASHINGTON,0.1793234,0.0
928,2039,48,215094.4236561529,629.6373279154027,WV,WEST VIRGINIA,0.1793234,38571463.371061765
929,2039,49,282881.4898781003,2457.945102716069,WI,WISCONSIN,0.1793234,50727270.562006526
930,2039,50,565180.5054055371,16908.292571703485,WY,WYOMING,0.1793234,101350089.84303929
931,2040,0,740715.4094920852,4163.970592523669,AL,ALABAMA,0.182779,135387221.83155385
932,2040,2,0.0,0.0,AZ,ARIZONA,0.182779,0.0
933,2040,3,462221.9364425505,8544.80227200487,AR,ARKANSAS,0.182779,84484463.32103293
934,2040,4,0.0,0.0,CA,CALIFORNIA,0.182779,0.0
935,2040,5,109242.20413730878,1960.942766284902,CO,COLORADO,0.182779,19967180.830013163
936,2040,6,0.0,0.0,CT,CONNECTICUT,0.182779,0.0
937,2040,7,0.0,0.0,DE,DELAWARE,0.182779,0.0
938,2040,8,0.0,0.0,DC,DISTRICT OF COLUMBIA,0.182779,0.0
939,2040,9,39664.29382760308,454.2435966985678,FL,FLORIDA,0.182779,7249799.961515465
940,2040,10,180619.4293106565,2508.0611348477687,GA,GEORGIA,0.182779,33013438.669972483
941,2040,12,0.0,0.0,ID,IDAHO,0.182779,0.0
942,2040,13,9647339.651751906,53729.08678421428,IL,ILLINOIS,0.182779,1763331094.2075615
943,2040,14,4989032.197505518,31078.27078632264,IN,INDIANA,0.182779,911890316.027861
944,2040,15,10272837.935032,51292.19071767508,IA,IOWA,0.182779,1877659044.9272141
945,2040,16,1285884.6932208608,9988.103860352368,KS,KANSAS,0.182779,235032718.3422157
946,2040,17,2486235.627782836,11631.3705341273,KY,KENTUCKY,0.182779,454431661.810519
947,2040,18,742565.8319141151,9562.40101535562,LA,LOUISIANA,0.182779,135725440.19143003
948,2040,19,0.0,0.0,ME,MAINE,0.182779,0.0
949,2040,20,5172.563332195859,45.62299492160639,MD,MARYLAND,0.182779,945435.953295427
950,2040,21,0.0,0.0,MA,MASSACHUSETTS,0.182779,0.0
951,2040,22,152334.43085945366,2490.540274210745,MI,MICHIGAN,0.182779,27843534.93806008
952,2040,23,4436619.221894107,34737.18662671273,MN,MINNESOTA,0.182779,810920824.758583
953,2040,24,1410015.4581007925,14809.534950420784,MS,MISSISSIPPI,0.182779,257721215.41620472
954,2040,25,4956059.204781534,29000.06752366416,MO,MISSOURI,0.182779,905863545.390764
955,2040,26,874533.9989208222,17211.41631450834,MT,MONTANA,0.182779,159846449.78874895
956,2040,27,1209514.166840654,12732.42994021466,NE,NEBRASKA,0.182779,221073789.90096793
957,2040,28,0.0,0.0,NV,NEVADA,0.182779,0.0
958,2040,29,1.2016800260145903,0.027282670360592,NH,NEW HAMPSHIRE,0.182779,219.6418734749208
959,2040,30,523.4199226506247,49.04626053302647,NJ,NEW JERSEY,0.182779,95670.17004215853
960,2040,31,0.0,0.0,NM,NEW MEXICO,0.182779,0.0
961,2040,32,0.0,0.0,NY,NEW YORK,0.182779,0.0
962,2040,33,304560.2611786349,2836.703978043006,NC,NORTH CAROLINA,0.182779,55667219.977969706
963,2040,34,603407.384937333,8363.273761937855,ND,NORTH DAKOTA,0.182779,110290198.41146079
964,2040,35,3087856.586985104,25596.262305034423,OH,OHIO,0.182779,564395339.1125503
965,2040,36,79190.67009152955,2164.41455305616,OK,OKLAHOMA,0.182779,14474391.48865968
966,2040,37,0.0,0.0,OR,OREGON,0.182779,0.0
967,2040,38,128633.02515364034,1720.6489209203985,PA,PENNSYLVANIA,0.182779,23511415.70455723
968,2040,39,0.0,0.0,RI,RHODE ISLAND,0.182779,0.0
969,2040,40,132860.59446742508,3835.4128724783336,SC,SOUTH CAROLINA,0.182779,24284126.59616149
970,2040,41,2696466.644856632,19348.482019933537,SD,SOUTH DAKOTA,0.182779,492857476.8802504
971,2040,42,1535015.8919927424,7706.135421494706,TN,TENNESSEE,0.182779,280568669.7225415
972,2040,43,64627.09662813398,1737.8741103012844,TX,TEXAS,0.182779,11812476.094593702
973,2040,44,0.0,0.0,UT,UTAH,0.182779,0.0
974,2040,45,1360.1982074600216,14.544980408563404,VT,VERMONT,0.182779,248615.66816133528
975,2040,46,18717.25885097414,92.14789866335228,VA,VIRGINIA,0.182779,3421121.855522202
976,2040,47,0.0,0.0,WA,WASHINGTON,0.182779,0.0
977,2040,48,118406.74958784792,599.3994914973028,WV,WEST VIRGINIA,0.182779,21642267.282917254
978,2040,49,542380.1659183985,5866.890410959474,WI,WISCONSIN,0.182779,99135704.34639896
979,2040,50,414864.3124672449,14636.046445382268,WY,WYOMING,0.182779,75828484.16845056
980,2041,0,144877.36630569925,2079.0150472221944,AL,ALABAMA,0.183513,26586880.12285779
981,2041,2,0.0,0.0,AZ,ARIZONA,0.183513,0.0
982,2041,3,586291.0306923434,11808.242327142128,AR,ARKANSAS,0.183513,107592025.91544402
983,2041,4,0.0,0.0,CA,CALIFORNIA,0.183513,0.0
984,2041,5,105318.3740214582,1703.8231049451765,CO,COLORADO,0.183513,19327290.771799862
985,2041,6,0.0,0.0,CT,CONNECTICUT,0.183513,0.0
986,2041,7,82153.79019519973,786.1801054857855,DE,DELAWARE,0.183513,15076288.500091689
987,2041,8,0.0,0.0,DC,DISTRICT OF COLUMBIA,0.183513,0.0
988,2041,9,0.0,0.0,FL,FLORIDA,0.183513,0.0
989,2041,10,37553.40761548445,424.9625642797656,GA,GEORGIA,0.183513,6891538.491740399
990,2041,12,0.0,0.0,ID,IDAHO,0.183513,0.0
991,2041,13,9058813.880149947,53540.113284684754,IL,ILLINOIS,0.183513,1662410111.5879576
992,2041,14,6044998.338822108,34201.66289775438,IN,INDIANA,0.183513,1109335780.1522615
993,2041,15,6862703.106462043,43446.38369243362,IA,IOWA,0.183513,1259395235.176169
994,2041,16,839863.6845617983,8213.675504562592,KS,KANSAS,0.183513,154125904.3449893
995,2041,17,2029198.6612838823,11857.669509887774,KY,KENTUCKY,0.183513,372384333.9281891
996,2041,18,213607.76263086364,4693.515897558058,LA,LOUISIANA,0.183513,39199801.34367768
997,2041,19,0.0,0.0,ME,MAINE,0.183513,0.0
998,2041,20,106545.68232602434,1029.3996765730294,MD,MARYLAND,0.183513,19552517.800695706
999,2041,21,0.0,0.0,MA,MASSACHUSETTS,0.183513,0.0
1000,2041,22,414173.2658584493,4015.677927104781,MI,MICHIGAN,0.183513,76006178.5374816
1001,2041,23,3931445.285711607,35135.7119442142,MN,MINNESOTA,0.183513,721471318.7167941
1002,2041,24,685744.424865877,11739.687721687082,MS,MISSISSIPPI,0.183513,125843016.6404117
1003,2041,25,2813030.338300233,25552.03498917995,MO,MISSOURI,0.183513,516227636.47249067
1004,2041,26,986490.67277062,16669.91697648571,MT,MONTANA,0.183513,181033862.83215478
1005,2041,27,564964.4215107604,7391.358793694348,NE,NEBRASKA,0.183513,103678315.88470419
1006,2041,28,0.0,0.0,NV,NEVADA,0.183513,0.0
1007,2041,29,32.122150346660185,0.5582937229747459,NH,NEW HAMPSHIRE,0.183513,5894.8321765666515
1008,2041,30,106223.88343200248,848.2653979650058,NJ,NEW JERSEY,0.183513,19493463.52025707
1009,2041,31,0.0,0.0,NM,NEW MEXICO,0.183513,0.0
1010,2041,32,27575.9667579468,274.31571822809434,NY,NEW YORK,0.183513,5060548.387651091
1011,2041,33,378660.9830637494,5941.788834316949,NC,NORTH CAROLINA,0.183513,69489212.98497784
1012,2041,34,403652.746199114,7373.139097520225,ND,NORTH DAKOTA,0.183513,74075526.41323802
1013,2041,35,6730746.149183781,34214.85998467973,OH,OHIO,0.183513,1235179418.0751631
1014,2041,36,113245.91750947802,2644.693461710944,OK,OKLAHOMA,0.183513,20782098.05991684
1015,2041,37,0.0,0.0,OR,OREGON,0.183513,0.0
1016,2041,38,956714.7249208442,6505.291980715585,PA,PENNSYLVANIA,0.183513,175569589.31439888
1017,2041,39,0.0,0.0,RI,RHODE ISLAND,0.183513,0.0
1018,2041,40,141067.76622908807,2386.233496998628,SC,SOUTH CAROLINA,0.183513,25887768.98399864
1019,2041,41,2351731.584957023,19032.58201057029,SD,SOUTH DAKOTA,0.183513,431573318.35021824
1020,2041,42,976907.600873267,6975.795196785366,TN,TENNESSEE,0.183513,179275244.55905586
1021,2041,43,39428.63367988609,1051.599198824988,TX,TEXAS,0.183513,7235666.852496936
1022,2041,44,0.0,0.0,UT,UTAH,0.183513,0.0
1023,2041,45,11657.896309722488,228.60886985915232,VT,VERMONT,0.183513,2139375.525486103
1024,2041,46,51641.54582466509,480.3534131172035,VA,VIRGINIA,0.183513,9476894.998921765
1025,2041,47,0.0,0.0,WA,WASHINGTON,0.183513,0.0
1026,2041,48,116688.33095603064,602.3594370739845,WV,WEST VIRGINIA,0.183513,21413825.678734053
1027,2041,49,837655.703591909,8273.528139293412,WI,WISCONSIN,0.183513,153720711.133262
1028,2041,50,538539.2848302948,16231.732801946046,WY,WYOMING,0.183513,98828959.77706188
1029,2042,0,472005.7321513663,3521.243290801632,AL,ALABAMA,0.184247,86965640.13169278
1030,2042,2,0.0,0.0,AZ,ARIZONA,0.184247,0.0
1031,2042,3,332311.1311462022,8003.041401158382,AR,ARKANSAS,0.184247,61227328.98029432
1032,2042,4,0.0,0.0,CA,CALIFORNIA,0.184247,0.0
1033,2042,5,85983.93235708831,1667.1758641572314,CO,COLORADO,0.184247,15842281.58499645
1034,2042,6,0.0,0.0,CT,CONNECTICUT,0.184247,0.0
1035,2042,7,208906.17938650868,971.918250921848,DE,DELAWARE,0.184247,38490336.833426066
1036,2042,8,0.0,0.0,DC,DISTRICT OF COLUMBIA,0.184247,0.0
1037,2042,9,42607.45815465407,327.4381587663821,FL,FLORIDA,0.184247,7850296.342620548
1038,2042,10,131022.51639535182,1349.5823424723962,GA,GEORGIA,0.184247,24140505.57829439
1039,2042,12,0.0,0.0,ID,IDAHO,0.184247,0.0
1040,2042,13,4609234.731066473,46838.50290003409,IL,ILLINOIS,0.184247,849237671.4948044
1041,2042,14,2494612.3051829864,24479.831020269376,IN,INDIANA,0.184247,459624833.39304966
1042,2042,15,9550273.898627184,49697.80372233705,IA,IOWA,0.184247,1759609315.0003626
1043,2042,16,821345.5052301064,9712.40159646662,KS,KANSAS,0.184247,151330445.3021314
1044,2042,17,1233029.21516912,8467.419042798441,KY,KENTUCKY,0.184247,227181933.80726486
1045,2042,18,410650.1541281344,9046.03299401586,LA,LOUISIANA,0.184247,75661058.94764638
1046,2042,19,0.0,0.0,ME,MAINE,0.184247,0.0
1047,2042,20,464105.5224135665,2125.899591357941,MD,MARYLAND,0.184247,85510050.18813238
1048,2042,21,0.0,0.0,MA,MASSACHUSETTS,0.184247,0.0
1049,2042,22,688976.9454005152,4139.227709491265,MI,MICHIGAN,0.184247,126941935.25920872
1050,2042,23,5360989.926696845,36763.19852808651,MN,MINNESOTA,0.184247,987746311.0241135
1051,2042,24,847119.0509708142,13108.329632628374,MS,MISSISSIPPI,0.184247,156079143.7842196
1052,2042,25,3003304.831245576,25152.30823804761,MO,MISSOURI,0.184247,553349905.2425036
1053,2042,26,837443.5906170508,16288.713264217971,MT,MONTANA,0.184247,154296469.24041975
1054,2042,27,1135959.5714652631,12108.20282696838,NE,NEBRASKA,0.184247,209297143.16376033
1055,2042,28,0.0,0.0,NV,NEVADA,0.184247,0.0
1056,2042,29,22.078264487183457,0.5719105564187277,NH,NEW HAMPSHIRE,0.184247,4067.85399697009
1057,2042,30,208237.63110900507,1255.2646918434589,NJ,NEW JERSEY,0.184247,38367158.818940856
1058,2042,31,0.0,0.0,NM,NEW MEXICO,0.184247,0.0
1059,2042,32,54111.57760175943,278.01064938793775,NY,NEW YORK,0.184247,9969895.83839137
1060,2042,33,1472141.8308109706,10873.54380608148,NC,NORTH CAROLINA,0.184247,271237715.9014289
1061,2042,34,983798.255807836,11416.61109228634,ND,NORTH DAKOTA,0.184247,181261877.23782635
1062,2042,35,4630137.652778125,27598.303301862503,OH,OHIO,0.184247,853088972.1114113
1063,2042,36,95070.85804283227,2624.2441440653056,OK,OKLAHOMA,0.184247,17516520.381817717
1064,2042,37,0.0,0.0,OR,OREGON,0.184247,0.0
1065,2042,38,801066.4089567038,6189.81978138323,PA,PENNSYLVANIA,0.184247,147594082.65104583
1066,2042,39,0.0,0.0,RI,RHODE ISLAND,0.184247,0.0
1067,2042,40,391140.5552048138,5373.802645729076,SC,SOUTH CAROLINA,0.184247,72066473.87482132
1068,2042,41,2674449.903430501,18991.45513637814,SD,SOUTH DAKOTA,0.184247,492759371.3573595
1069,2042,42,1063468.9147729997,6940.623523990309,TN,TENNESSEE,0.184247,195940957.1401809
1070,2042,43,27301.25214977348,1016.6567164933874,TX,TEXAS,0.184247,5030173.804839315
1071,2042,44,0.0,0.0,UT,UTAH,0.184247,0.0
1072,2042,45,27402.884476906595,249.41757063587693,VT,VERMONT,0.184247,5048899.256216609
1073,2042,46,172254.0475088372,972.9986801783724,VA,VIRGINIA,0.184247,31737291.491360724
1074,2042,47,0.0,0.0,WA,WASHINGTON,0.184247,0.0
1075,2042,48,5068.462668555407,62.12454022667225,WV,WEST VIRGINIA,0.184247,933849.041293328
1076,2042,49,1428510.3574560075,7345.958482177748,WI,WISCONSIN,0.184247,263198747.830197
1077,2042,50,458593.3377673728,14468.11779462202,WY,WYOMING,0.184247,84494446.70362513
1078,2043,0,86.67099745338851,12.903528176171005,AL,ALABAMA,0.184981,16032.48777992526
1079,2043,2,0.0,0.0,AZ,ARIZONA,0.184981,0.0
1080,2043,3,593982.7645716285,12404.64499042092,AR,ARKANSAS,0.184981,109875525.77322443
1081,2043,4,0.0,0.0,CA,CALIFORNIA,0.184981,0.0
1082,2043,5,100306.96413586129,1696.5558850628493,CO,COLORADO,0.184981,18554882.53281576
1083,2043,6,0.0,0.0,CT,CONNECTICUT,0.184981,0.0
1084,2043,7,0.0,0.0,DE,DELAWARE,0.184981,0.0
1085,2043,8,0.0,0.0,DC,DISTRICT OF COLUMBIA,0.184981,0.0
1086,2043,9,0.0,0.0,FL,FLORIDA,0.184981,0.0
1087,2043,10,0.0,0.0,GA,GEORGIA,0.184981,0.0
1088,2043,12,0.0,0.0,ID,IDAHO,0.184981,0.0
1089,2043,13,5905776.548254747,49108.7746719154,IL,ILLINOIS,0.184981,1092456451.6727114
1090,2043,14,914716.7502461076,11232.174057692822,IN,INDIANA,0.184981,169205219.17727524
1091,2043,15,6444067.184301782,46571.76999245734,IA,IOWA,0.184981,1192029991.819328
1092,2043,16,638987.2451639278,6971.807015456893,KS,KANSAS,0.184981,118200499.59766853
1093,2043,17,252864.3898207385,2710.2448498466206,KY,KENTUCKY,0.184981,46775107.69343003
1094,2043,18,408046.5672445189,7130.141495605815,LA,LOUISIANA,0.184981,75480862.05545835
1095,2043,19,0.0,0.0,ME,MAINE,0.184981,0.0
1096,2043,20,0.0,0.0,MD,MARYLAND,0.184981,0.0
1097,2043,21,0.0,0.0,MA,MASSACHUSETTS,0.184981,0.0
1098,2043,22,88368.68311227683,1171.6873968943028,MI,MICHIGAN,0.184981,16346527.370792082
1099,2043,23,3995996.363514814,35346.68136633395,MN,MINNESOTA,0.184981,739183403.3193338
1100,2043,24,358693.962033913,5733.614429928126,MS,MISSISSIPPI,0.184981,66351567.79099526
1101,2043,25,3512133.95743128,26214.29546880721,MO,MISSOURI,0.184981,649678051.5795957
1102,2043,26,1075152.863700795,17276.09216628145,MT,MONTANA,0.184981,198882851.88023674
1103,2043,27,545945.391224162,7967.115894036743,NE,NEBRASKA,0.184981,100989524.4140367
1104,2043,28,0.0,0.0,NV,NEVADA,0.184981,0.0
1105,2043,29,0.0,0.0,NH,NEW HAMPSHIRE,0.184981,0.0
1106,2043,30,0.0,0.0,NJ,NEW JERSEY,0.184981,0.0
1107,2043,31,0.0,0.0,NM,NEW MEXICO,0.184981,0.0
1108,2043,32,7239.266943332046,57.38706590034412,NY,NEW YORK,0.184981,1339126.8384445054
1109,2043,33,0.0,0.0,NC,NORTH CAROLINA,0.184981,0.0
1110,2043,34,710964.4405788041,9757.703688824684,ND,NORTH DAKOTA,0.184981,131514913.18270777
1111,2043,35,60862.74695367448,1414.2002478066,OH,OHIO,0.184981,11258451.79423766
1112,2043,36,142010.12391968002,3402.8175742395497,OK,OKLAHOMA,0.184981,26269174.73278633
1113,2043,37,0.0,0.0,OR,OREGON,0.184981,0.0
1114,2043,38,0.0,0.0,PA,PENNSYLVANIA,0.184981,0.0
1115,2043,39,0.0,0.0,RI,RHODE ISLAND,0.184981,0.0
1116,2043,40,0.0,0.0,SC,SOUTH CAROLINA,0.184981,0.0
1117,2043,41,1906578.234364502,18412.98836644589,SD,SOUTH DAKOTA,0.184981,352680748.37097996
1118,2043,42,636588.5711870713,4625.205139664635,TN,TENNESSEE,0.184981,117756790.48675564
1119,2043,43,38306.69542512418,1381.4619226137715,TX,TEXAS,0.184981,7086010.826434895
1120,2043,44,0.0,0.0,UT,UTAH,0.184981,0.0
1121,2043,45,312.7255827739711,33.41416210193362,VT,VERMONT,0.184981,57848.29102711195
1122,2043,46,0.0,0.0,VA,VIRGINIA,0.184981,0.0
1123,2043,47,0.0,0.0,WA,WASHINGTON,0.184981,0.0
1124,2043,48,0.0,0.0,WV,WEST VIRGINIA,0.184981,0.0
1125,2043,49,639474.8148303576,6196.520074831368,WI,WISCONSIN,0.184981,118290690.72213438
1126,2043,50,500443.1648421832,15651.273825685264,WY,WYOMING,0.184981,92572477.07567188
1127,2044,0,84530.2529526783,1447.116839651443,AL,ALABAMA,0.185715,15698535.92710665
1128,2044,2,0.0,0.0,AZ,ARIZONA,0.185715,0.0
1129,2044,3,587303.8679429113,11464.093071879848,AR,ARKANSAS,0.185715,109071137.83501779
1130,2044,4,0.0,0.0,CA,CALIFORNIA,0.185715,0.0
1131,2044,5,62524.9913308176,1166.7996694926865,CO,COLORADO,0.185715,11611828.765002789
1132,2044,6,0.0,0.0,CT,CONNECTICUT,0.185715,0.0
1133,2044,7,1546.5882624684675,230.6819909114604,DE,DELAWARE,0.185715,287224.6391643314
1134,2044,8,0.0,0.0,DC,DISTRICT OF COLUMBIA,0.185715,0.0
1135,2044,9,19576.47334053035,382.6941033261966,FL,FLORIDA,0.185715,3635644.746436593
1136,2044,10,16592.322850288034,491.9314525518378,GA,GEORGIA,0.185715,3081443.238141242
1137,2044,12,0.0,0.0,ID,IDAHO,0.185715,0.0
1138,2044,13,5846149.855462528,44503.52817003911,IL,ILLINOIS,0.185715,1085717720.4072235
1139,2044,14,3020837.515755685,22299.16641762505,IN,INDIANA,0.185715,561014839.238567
1140,2044,15,6768140.749583336,43889.13851594205,IA,IOWA,0.185715,1256945259.3088691
1141,2044,16,897983.4418286372,9556.066765680089,KS,KANSAS,0.185715,166768994.89920533
1142,2044,17,1954009.6630135376,9928.637912483697,KY,KENTUCKY,0.185715,362888904.56655914
1143,2044,18,166763.58254784817,2874.653570085545,LA,LOUISIANA,0.185715,30970498.732873622
1144,2044,19,0.0,0.0,ME,MAINE,0.185715,0.0
1145,2044,20,10426.983884004703,485.9454432614159,MD,MARYLAND,0.185715,1936447.3120179332
1146,2044,21,0.0,0.0,MA,MASSACHUSETTS,0.185715,0.0
1147,2044,22,69583.30850727286,1239.0547650259198,MI,MICHIGAN,0.185715,12922664.139428178
1148,2044,23,2790407.6509462507,28599.915925278183,MN,MINNESOTA,0.185715,518220556.8954829
1149,2044,24,595159.8493593306,7010.101323169659,MS,MISSISSIPPI,0.185715,110530111.42376809
1150,2044,25,3265193.2156666443,25192.02466755661,MO,MISSOURI,0.185715,606395358.0475308
1151,2044,26,706345.6900569624,12397.213905248758,MT,MONTANA,0.185715,131178989.82892875
1152,2044,27,1018829.5262618084,11264.48534983312,NE,NEBRASKA,0.185715,189211925.46971175
1153,2044,28,0.0,0.0,NV,NEVADA,0.185715,0.0
1154,2044,29,0.0,0.0,NH,NEW HAMPSHIRE,0.185715,0.0
1155,2044,30,42848.27476662623,827.696091606337,NJ,NEW JERSEY,0.185715,7957567.34828399
1156,2044,31,0.0,0.0,NM,NEW MEXICO,0.185715,0.0
1157,2044,32,0.0,0.0,NY,NEW YORK,0.185715,0.0
1158,2044,33,236507.9382632985,3634.578994143219,NC,NORTH CAROLINA,0.185715,43923071.75456848
1159,2044,34,558803.9344867754,8752.956864231375,ND,NORTH DAKOTA,0.185715,103778272.69321148
1160,2044,35,469278.1173421549,7047.08294626296,OH,OHIO,0.185715,87151985.5621983
1161,2044,36,92380.7071133794,3330.368582271186,OK,OKLAHOMA,0.185715,17156483.021561254
1162,2044,37,0.0,0.0,OR,OREGON,0.185715,0.0
1163,2044,38,4254.849720409687,123.76384121015916,PA,PENNSYLVANIA,0.185715,790189.4158258849
1164,2044,39,0.0,0.0,RI,RHODE ISLAND,0.185715,0.0
1165,2044,40,154408.0741456983,3986.099001325748,SC,SOUTH CAROLINA,0.185715,28675895.48996836
1166,2044,41,1957699.6713969747,17509.636050868896,SD,SOUTH DAKOTA,0.185715,363574194.47348917
1167,2044,42,1223634.9585323115,7051.240894802225,TN,TENNESSEE,0.185715,227247366.32382822
1168,2044,43,22969.88010305071,877.1959102603927,TX,TEXAS,0.185715,4265851.283338062
1169,2044,44,0.0,0.0,UT,UTAH,0.185715,0.0
1170,2044,45,0.0,0.0,VT,VERMONT,0.185715,0.0
1171,2044,46,1672.3073598174126,34.657225784104625,VA,VIRGINIA,0.185715,310572.5613284908
1172,2044,47,0.0,0.0,WA,WASHINGTON,0.185715,0.0
1173,2044,48,5316.533703400079,41.894306349974926,WV,WEST VIRGINIA,0.185715,987360.0567269454
1174,2044,49,7613.6768336092,200.3811916448076,WI,WISCONSIN,0.185715,1413973.9931537325
1175,2044,50,336745.0031286251,10745.899966763358,WY,WYOMING,0.185715,62538598.25603261
1176,2045,0,52.97070730056716,26.191874220711377,AL,ALABAMA,0.186449,9876.335405483447
1177,2045,2,0.0,0.0,AZ,ARIZONA,0.186449,0.0
1178,2045,3,509601.9261415574,13486.899402956646,AR,ARKANSAS,0.186449,95014769.52716723
1179,2045,4,0.0,0.0,CA,CALIFORNIA,0.186449,0.0
1180,2045,5,64076.801736776266,1501.4662405715444,CO,COLORADO,0.186449,11947055.607020197
1181,2045,6,0.0,0.0,CT,CONNECTICUT,0.186449,0.0
1182,2045,7,3191.4193905819634,35.72337130779501,DE,DELAWARE,0.186449,595036.9539546166
1183,2045,8,0.0,0.0,DC,DISTRICT OF COLUMBIA,0.186449,0.0
1184,2045,9,0.0,0.0,FL,FLORIDA,0.186449,0.0
1185,2045,10,0.0,0.0,GA,GEORGIA,0.186449,0.0
1186,2045,12,0.0,0.0,ID,IDAHO,0.186449,0.0
1187,2045,13,8686264.571287693,51118.5138689103,IL,ILLINOIS,0.186449,1619545343.0520191
1188,2045,14,5378884.954772917,35776.82352393105,IN,INDIANA,0.186449,1002887720.9324555
1189,2045,15,9653339.95645439,47259.64352669001,IA,IOWA,0.186449,1799855581.5409648
1190,2045,16,1203229.435165141,11099.409344519252,KS,KANSAS,0.186449,224340924.9571054
1191,2045,17,947182.3384621512,7715.441063392095,KY,KENTUCKY,0.186449,176601199.82392964
1192,2045,18,507519.64665746334,10569.575733089529,LA,LOUISIANA,0.186449,94626530.59963737
1193,2045,19,0.0,0.0,ME,MAINE,0.186449,0.0
1194,2045,20,9431.201710512994,88.15693758885503,MD,MARYLAND,0.186449,1758438.1277234373
1195,2045,21,0.0,0.0,MA,MASSACHUSETTS,0.186449,0.0
1196,2045,22,1002131.0443429652,4275.603762562823,MI,MICHIGAN,0.186449,186846331.08670154
1197,2045,23,4919096.01881586,37667.28828324223,MN,MINNESOTA,0.186449,917160533.6121982
1198,2045,24,694680.2341193939,12504.945480852097,MS,MISSISSIPPI,0.186449,129522434.97132686
1199,2045,25,4528159.298843135,28757.84204864021,MO,MISSOURI,0.186449,844270773.1100037
1200,2045,26,644189.3613172303,14848.47011520952,MT,MONTANA,0.186449,120108462.22823626
1201,2045,27,890802.910465364,11061.267749391083,NE,NEBRASKA,0.186449,166089311.85335666
1202,2045,28,0.0,0.0,NV,NEVADA,0.186449,0.0
1203,2045,29,0.0,0.0,NH,NEW HAMPSHIRE,0.186449,0.0
1204,2045,30,59939.98751516253,770.9366141710191,NJ,NEW JERSEY,0.186449,11175750.732214538
1205,2045,31,0.0,0.0,NM,NEW MEXICO,0.186449,0.0
1206,2045,32,25318.80849329495,336.8629408933509,NY,NEW YORK,0.186449,4720666.52476635
1207,2045,33,45617.86370528944,853.4045340778275,NC,NORTH CAROLINA,0.186449,8505405.069987511
1208,2045,34,668906.1167949287,10825.223951146772,ND,NORTH DAKOTA,0.186449,124716876.57029766
1209,2045,35,5850027.4279293325,27582.85529312923,OH,OHIO,0.186449,1090731763.9099963
1210,2045,36,183931.17773029563,4535.179539088811,OK,OKLAHOMA,0.186449,34293784.15663589
1211,2045,37,0.0,0.0,OR,OREGON,0.186449,0.0
1212,2045,38,337784.58026030025,2990.153950765496,PA,PENNSYLVANIA,0.186449,62979597.204952724
1213,2045,39,0.0,0.0,RI,RHODE ISLAND,0.186449,0.0
1214,2045,40,0.0,0.0,SC,SOUTH CAROLINA,0.186449,0.0
1215,2045,41,2411123.063587226,18383.691842776745,SD,SOUTH DAKOTA,0.186449,449551484.0827747
1216,2045,42,702457.4977864717,5729.733789010807,TN,TENNESSEE,0.186449,130972498.00478987
1217,2045,43,55898.9757612251,2127.133870523426,TX,TEXAS,0.186449,10422308.131704658
1218,2045,44,0.0,0.0,UT,UTAH,0.186449,0.0
1219,2045,45,0.0,0.0,VT,VERMONT,0.186449,0.0
1220,2045,46,5738.539465173595,82.85859287679799,VA,VIRGINIA,0.186449,1069944.9447421515
1221,2045,47,0.0,0.0,WA,WASHINGTON,0.186449,0.0
1222,2045,48,16788.390644676674,90.13595865362666,WV,WEST VIRGINIA,0.186449,3130178.6473093214
1223,2045,49,1405834.930147566,6996.5204535198445,WI,WISCONSIN,0.186449,262116516.8910835
1224,2045,50,386210.1472625828,14595.911985792349,WY,WYOMING,0.186449,72008495.7469613
1225,2046,0,927089.424426122,5523.9671247899205,AL,ALABAMA,0.1847128,171245283.43613738
1226,2046,2,0.0,0.0,AZ,ARIZONA,0.1847128,0.0
1227,2046,3,792658.1876092141,14901.122115200013,AR,ARKANSAS,0.1847128,146414113.27622324
1228,2046,4,0.0,0.0,CA,CALIFORNIA,0.1847128,0.0
1229,2046,5,62220.56890951155,1330.2169735532334,CO,COLORADO,0.1847128,11492935.500868825
1230,2046,6,0.0,0.0,CT,CONNECTICUT,0.1847128,0.0
1231,2046,7,12691.76896130994,207.45805986421465,DE,DELAWARE,0.1847128,2344332.181796651
1232,2046,8,0.0,0.0,DC,DISTRICT OF COLUMBIA,0.1847128,0.0
1233,2046,9,55237.51495531866,552.20789251719,FL,FLORIDA,0.1847128,10203076.052438784
1234,2046,10,238428.8354786625,2222.2553097103205,GA,GEORGIA,0.1847128,44040857.8020031
1235,2046,12,0.0,0.0,ID,IDAHO,0.1847128,0.0
1236,2046,13,7433919.399523392,51508.93304275716,IL,ILLINOIS,0.1847128,1373140067.2602847
1237,2046,14,1222005.1629255146,15374.823299245529,IN,INDIANA,0.1847128,225719995.25842804
1238,2046,15,9539082.918504445,47913.04558868499,IA,IOWA,0.1847128,1761990715.3091278
1239,2046,16,1461636.2585311595,11606.675123740788,KS,KANSAS,0.1847128,269982925.8948144
1240,2046,17,1387129.4767933877,10800.915282507314,KY,KENTUCKY,0.1847128,256220569.62104166
1241,2046,18,519635.64781397616,10154.249230762389,LA,LOUISIANA,0.1847128,95983355.48753342
1242,2046,19,0.0,0.0,ME,MAINE,0.1847128,0.0
1243,2046,20,8852.681092575976,138.37387026289406,MD,MARYLAND,0.1847128,1635203.512116768
1244,2046,21,0.0,0.0,MA,MASSACHUSETTS,0.1847128,0.0
1245,2046,22,281568.335780674,3263.263712637402,MI,MICHIGAN,0.1847128,52009275.69338848
1246,2046,23,4926992.442228778,38090.761411855085,MN,MINNESOTA,0.1847128,910078569.5829159
1247,2046,24,1220478.2913394806,13894.512099920725,MS,MISSISSIPPI,0.1847128,225437962.53253123
1248,2046,25,5288920.207550015,30178.49861766321,MO,MISSOURI,0.1847128,976931260.5131445
1249,2046,26,776523.0395095765,16047.961200333171,MT,MONTANA,0.1847128,143433744.8923245
1250,2046,27,1267156.9830514607,13377.64654837883,NE,NEBRASKA,0.1847128,234060114.37898788
1251,2046,28,0.0,0.0,NV,NEVADA,0.1847128,0.0
1252,2046,29,0.0,0.0,NH,NEW HAMPSHIRE,0.1847128,0.0
1253,2046,30,4532.256508450313,66.37936286374057,NJ,NEW JERSEY,0.1847128,837165.7899940811
1254,2046,31,0.0,0.0,NM,NEW MEXICO,0.1847128,0.0
1255,2046,32,6911.731388933472,104.5892739737097,NY,NEW YORK,0.1847128,1276685.2576977906
1256,2046,33,5396.2417728861965,243.96429773926533,NC,NORTH CAROLINA,0.1847128,996754.9273467734
1257,2046,34,1010815.5985214928,11957.568656921456,ND,NORTH DAKOTA,0.1847128,186710579.48658082
1258,2046,35,1402588.5993334695,11877.346526140198,OH,OHIO,0.1847128,259076067.43096334
1259,2046,36,181474.05119852512,4402.082935699168,OK,OKLAHOMA,0.1847128,33520580.124222934
1260,2046,37,0.0,0.0,OR,OREGON,0.1847128,0.0
1261,2046,38,5227.723083036321,123.2365813137208,PA,PENNSYLVANIA,0.1847128,965627.3682922714
1262,2046,39,0.0,0.0,RI,RHODE ISLAND,0.1847128,0.0
1263,2046,40,153599.27879287407,2058.106542570461,SC,SOUTH CAROLINA,0.1847128,28371752.86381239
1264,2046,41,2610596.7313781097,19748.558226949022,SD,SOUTH DAKOTA,0.1847128,482210631.9236985
1265,2046,42,1523904.514446017,8948.00244384936,TN,TENNESSEE,0.1847128,281484669.79596424
1266,2046,43,27804.99216599646,1023.4435915683696,TX,TEXAS,0.1847128,5135937.956959272
1267,2046,44,0.0,0.0,UT,UTAH,0.1847128,0.0
1268,2046,45,142.572589703483,1.4254589119046646,VT,VERMONT,0.1847128,26334.98224738152
1269,2046,46,849.6819940139369,25.29188019867924,VA,VIRGINIA,0.1847128,156947.14022389756
1270,2046,47,0.0,0.0,WA,WASHINGTON,0.1847128,0.0
1271,2046,48,20671.028321785663,144.21833938619173,WV,WEST VIRGINIA,0.1847128,3818203.5201963307
1272,2046,49,955743.7397970342,8171.408002370784,WI,WISCONSIN,0.1847128,176538102.2603816
1273,2046,50,294180.26268072193,10806.467050550378,WY,WYOMING,0.1847128,54338860.02449166
1274,2047,0,604343.2036441998,4427.101856350089,AL,ALABAMA,0.1829766,110580664.63592327
1275,2047,2,0.0,0.0,AZ,ARIZONA,0.1829766,0.0
1276,2047,3,346799.6759622857,8634.808349411214,AR,ARKANSAS,0.1829766,63456225.58868076
1277,2047,4,0.0,0.0,CA,CALIFORNIA,0.1829766,0.0
1278,2047,5,90829.88065882985,1534.7665669293654,CO,COLORADO,0.1829766,16619742.741358446
1279,2047,6,0.0,0.0,CT,CONNECTICUT,0.1829766,0.0
1280,2047,7,147699.66448058374,868.270740891803,DE,DELAWARE,0.1829766,27025582.427797973
1281,2047,8,0.0,0.0,DC,DISTRICT OF COLUMBIA,0.1829766,0.0
1282,2047,9,686.0805304047343,18.767847476256502,FL,FLORIDA,0.1829766,125536.6827796549
1283,2047,10,251979.2505880696,2488.023341374588,GA,GEORGIA,0.1829766,46106306.54315297
1284,2047,12,0.0,0.0,ID,IDAHO,0.1829766,0.0
1285,2047,13,8497010.384048048,50458.21145620708,IL,ILLINOIS,0.1829766,1554754070.237806
1286,2047,14,3250970.92605344,20169.927710332933,IN,INDIANA,0.1829766,594851606.7481098
1287,2047,15,5261758.967888735,38176.81813260187,IA,IOWA,0.1829766,962778765.9637898
1288,2047,16,405851.4035041423,3805.1859408254777,KS,KANSAS,0.1829766,74261309.91841604
1289,2047,17,2679915.133895284,12745.390029703509,KY,KENTUCKY,0.1829766,490361759.48870385
1290,2047,18,27728.171946258743,1093.982777797352,LA,LOUISIANA,0.1829766,5073606.626941807
1291,2047,19,0.0,0.0,ME,MAINE,0.1829766,0.0
1292,2047,20,346337.3340767327,1791.6087780531875,MD,MARYLAND,0.1829766,63371627.84242468
1293,2047,21,0.0,0.0,MA,MASSACHUSETTS,0.1829766,0.0
1294,2047,22,386011.61778138776,3768.482926356394,MI,MICHIGAN,0.1829766,70631093.38213786
1295,2047,23,2652711.2335907696,30853.25545976841,MN,MINNESOTA,0.1829766,485384082.3042448
1296,2047,24,551651.5760666843,9250.188138904125,MS,MISSISSIPPI,0.1829766,100939329.77332327
1297,2047,25,4573891.339520379,27114.200089457736,MO,MISSOURI,0.1829766,836915086.0748845
1298,2047,26,668210.815338125,14939.46936334394,MT,MONTANA,0.1829766,122266943.07379796
1299,2047,27,556966.5544282959,10000.756953674258,NE,NEBRASKA,0.1829766,101911846.44300453
1300,2047,28,0.0,0.0,NV,NEVADA,0.1829766,0.0
1301,2047,29,0.0,0.0,NH,NEW HAMPSHIRE,0.1829766,0.0
1302,2047,30,74233.93180810713,616.0418024704271,NJ,NEW JERSEY,0.1829766,13583072.446879294
1303,2047,31,0.0,0.0,NM,NEW MEXICO,0.1829766,0.0
1304,2047,32,32446.28794760197,259.8074991323986,NY,NEW YORK,0.1829766,5936911.451273186
1305,2047,33,1630555.6229483583,10288.753668481992,NC,NORTH CAROLINA,0.1829766,298353523.99797255
1306,2047,34,64898.64139039541,2331.361971469181,ND,NORTH DAKOTA,0.1829766,11874932.746233825
1307,2047,35,4019885.41101362,23363.449164211976,OH,OHIO,0.1829766,735544964.8968747
1308,2047,36,3634.351317313132,179.2559042831891,OK,OKLAHOMA,0.1829766,665001.247247478
1309,2047,37,0.0,0.0,OR,OREGON,0.1829766,0.0
1310,2047,38,317823.77143864764,3370.978108091247,PA,PENNSYLVANIA,0.1829766,58154313.09702085
1311,2047,39,0.0,0.0,RI,RHODE ISLAND,0.1829766,0.0
1312,2047,40,1296708.112970563,8562.107355300283,SC,SOUTH CAROLINA,0.1829766,237267241.7037695
1313,2047,41,954079.7851684248,13656.28176857075,SD,SOUTH DAKOTA,0.1829766,174574275.2188488
1314,2047,42,1749112.030696582,8808.867586855169,TN,TENNESSEE,0.1829766,320046572.3959562
1315,2047,43,1484.7113451128082,60.289563639389975,TX,TEXAS,0.1829766,271667.43391016824
1316,2047,44,0.0,0.0,UT,UTAH,0.1829766,0.0
1317,2047,45,24514.286995975788,259.67009986482793,VT,VERMONT,0.1829766,4485540.885947864
1318,2047,46,101117.3156319363,640.6126694426814,VA,VIRGINIA,0.1829766,18502102.615458556
1319,2047,47,0.0,0.0,WA,WASHINGTON,0.1829766,0.0
1320,2047,48,43408.547423589385,164.18723647886097,WV,WEST VIRGINIA,0.1829766,7942748.418507145
1321,2047,49,975240.6831982634,8188.346782554199,WI,WISCONSIN,0.1829766,178446224.39329535
1322,2047,50,395336.2788080436,14919.709159762517,WY,WYOMING,0.1829766,72337288.15294787
1323,2048,0,710972.9296415569,4641.744210987383,AL,ALABAMA,0.1812404,128857018.15740764
1324,2048,2,0.0,0.0,AZ,ARIZONA,0.1812404,0.0
1325,2048,3,724834.9732847922,14245.788175495374,AR,ARKANSAS,0.1812404,131369380.49212505
1326,2048,4,0.0,0.0,CA,CALIFORNIA,0.1812404,0.0
1327,2048,5,109995.8783306744,1769.0246923732443,CO,COLORADO,0.1812404,19935696.98700276
1328,2048,6,0.0,0.0,CT,CONNECTICUT,0.1812404,0.0
1329,2048,7,8054.319660380252,180.6491034202789,DE,DELAWARE,0.1812404,1459768.116975181
1330,2048,8,0.0,0.0,DC,DISTRICT OF COLUMBIA,0.1812404,0.0
1331,2048,9,41652.06740548845,453.8504624171754,FL,FLORIDA,0.1812404,7549037.3573976895
1332,2048,10,123288.18169261358,1390.1056138736672,GA,GEORGIA,0.1812404,22344799.365241963
1333,2048,12,0.0,0.0,ID,IDAHO,0.1812404,0.0
1334,2048,13,2008715.184322014,28450.55787900768,IL,ILLINOIS,0.1812404,364060343.49259555
1335,2048,14,650089.0780351507,8191.3556055207055,IN,INDIANA,0.1812404,117822404.53872192
1336,2048,15,2686085.849676745,25759.437206122257,IA,IOWA,0.1812404,486827273.8297531
1337,2048,16,271858.8171969491,3485.387192296276,KS,KANSAS,0.1812404,49271800.77230193
1338,2048,17,1063150.222022106,8435.321434974565,KY,KENTUCKY,0.1812404,192685771.49937528
1339,2048,18,956423.9816153132,14256.766107238444,LA,LOUISIANA,0.1812404,173342664.997552
1340,2048,19,0.0,0.0,ME,MAINE,0.1812404,0.0
1341,2048,20,1343.6614605752893,47.94695700545054,MD,MARYLAND,0.1812404,243525.74057924966
1342,2048,21,0.0,0.0,MA,MASSACHUSETTS,0.1812404,0.0
1343,2048,22,59985.25501204396,872.4937698802407,MI,MICHIGAN,0.1812404,10871751.612484852
1344,2048,23,275336.08974293765,10683.081978648372,MN,MINNESOTA,0.1812404,49902023.039445914
1345,2048,24,1406260.1916572256,15409.827810260766,MS,MISSISSIPPI,0.1812404,254871159.64003223
1346,2048,25,1537645.619814638,19139.916553320345,MO,MISSOURI,0.1812404,278683507.19345295
1347,2048,26,783457.331436534,17037.920811730477,MT,MONTANA,0.1812404,141994120.13248998
1348,2048,27,917600.8568912516,13664.602757555902,NE,NEBRASKA,0.1812404,166306346.34331322
1349,2048,28,0.0,0.0,NV,NEVADA,0.1812404,0.0
1350,2048,29,0.0,0.0,NH,NEW HAMPSHIRE,0.1812404,0.0
1351,2048,30,24957.49492124264,239.060126066208,NJ,NEW JERSEY,0.1812404,4523306.362523984
1352,2048,31,0.0,0.0,NM,NEW MEXICO,0.1812404,0.0
1353,2048,32,0.0,0.0,NY,NEW YORK,0.1812404,0.0
1354,2048,33,302670.7261507553,3442.92576537119,NC,NORTH CAROLINA,0.1812404,54856163.47585335
1355,2048,34,236702.6743592676,4604.744652093893,ND,NORTH DAKOTA,0.1812404,42900087.381943405
1356,2048,35,193148.6034421186,2234.21989764246,OH,OHIO,0.1812404,35006330.147290945
1357,2048,36,68500.54272251064,2167.3833040091017,OK,OKLAHOMA,0.1812404,12415065.763244916
1358,2048,37,0.0,0.0,OR,OREGON,0.1812404,0.0
1359,2048,38,52651.33266217162,389.06834529337647,PA,PENNSYLVANIA,0.1812404,9542548.592225049
1360,2048,39,0.0,0.0,RI,RHODE ISLAND,0.1812404,0.0
1361,2048,40,510463.5046645428,6580.4054780065,SC,SOUTH CAROLINA,0.1812404,92516609.7708036
1362,2048,41,911875.7035689256,11519.096478985844,SD,SOUTH DAKOTA,0.1812404,165268717.2651135
1363,2048,42,1464790.6405641765,8106.656960268557,TN,TENNESSEE,0.1812404,265479241.61210757
1364,2048,43,81997.35775404726,3118.197534355626,TX,TEXAS,0.1812404,14861233.918286627
1365,2048,44,0.0,0.0,UT,UTAH,0.1812404,0.0
1366,2048,45,0.0,0.0,VT,VERMONT,0.1812404,0.0
1367,2048,46,4694.549856643999,89.39734689019038,VA,VIRGINIA,0.1812404,850842.093838101
1368,2048,47,0.0,0.0,WA,WASHINGTON,0.1812404,0.0
1369,2048,48,0.0,0.0,WV,WEST VIRGINIA,0.1812404,0.0
1370,2048,49,94395.170178075,1781.4164318755502,WI,WISCONSIN,0.1812404,17108218.401142385
1371,2048,50,418518.2676817243,15018.913209319837,WY,WYOMING,0.1812404,75852418.24194278
1372,2049,0,181722.22230848737,2028.9899775187853,AL,ALABAMA,0.1795042,32619902.137707178
1373,2049,2,0.0,0.0,AZ,ARIZONA,0.1795042,0.0
1374,2049,3,57529.131019027365,2364.593859947528,AR,ARKANSAS,0.1795042,10326720.640265692
1375,2049,4,0.0,0.0,CA,CALIFORNIA,0.1795042,0.0
1376,2049,5,112229.93994574422,1892.9292205208903,CO,COLORADO,0.1795042,20145745.586008858
1377,2049,6,0.0,0.0,CT,CONNECTICUT,0.1795042,0.0
1378,2049,7,674.3786585831764,24.888498713704536,DE,DELAWARE,0.1795042,121053.80160604623
1379,2049,8,0.0,0.0,DC,DISTRICT OF COLUMBIA,0.1795042,0.0
1380,2049,9,2135.343140384299,64.92805476052072,FL,FLORIDA,0.1795042,383303.0621401713
1381,2049,10,1524.7761945333937,51.94608572881912,GA,GEORGIA,0.1795042,273703.7309787612
1382,2049,12,0.0,0.0,ID,IDAHO,0.1795042,0.0
1383,2049,13,754364.0961424535,13236.759977425718,IL,ILLINOIS,0.1795042,135411523.5867742
1384,2049,14,346021.54747786454,6305.085601941939,IN,INDIANA,0.1795042,62112321.062776096
1385,2049,15,2432207.390874036,29031.493540263,IA,IOWA,0.1795042,436591441.9329312
1386,2049,16,771824.449587146,9746.399091853276,KS,KANSAS,0.1795042,138545730.36358097
1387,2049,17,58730.301032195,766.2931443752145,KY,KENTUCKY,0.1795042,10542335.702543339
1388,2049,18,608458.4813786017,12544.528336861384,LA,LOUISIANA,0.1795042,109220852.9330808
1389,2049,19,0.0,0.0,ME,MAINE,0.1795042,0.0
1390,2049,20,2461.572224747105,19.44966886654548,MD,MARYLAND,0.1795042,441862.5529454493
1391,2049,21,0.0,0.0,MA,MASSACHUSETTS,0.1795042,0.0
1392,2049,22,35470.89009831165,544.4340814717501,MI,MICHIGAN,0.1795042,6367173.750385353
1393,2049,23,562179.5208707333,10099.4086304865,MN,MINNESOTA,0.1795042,100913585.15028428
1394,2049,24,429845.9110909634,7824.277295519885,MS,MISSISSIPPI,0.1795042,77159146.39365451
1395,2049,25,1309042.2425693371,21345.683398221827,MO,MISSOURI,0.1795042,234978580.5186148
1396,2049,26,592393.259758749,13341.151956484618,MT,MONTANA,0.1795042,106337078.17838643
1397,2049,27,459562.7788478871,8464.733408316388,NE,NEBRASKA,0.1795042,82493448.9668669
1398,2049,28,0.0,0.0,NV,NEVADA,0.1795042,0.0
1399,2049,29,0.0,0.0,NH,NEW HAMPSHIRE,0.1795042,0.0
1400,2049,30,6453.626854521948,79.14882480087235,NJ,NEW JERSEY,0.1795042,1158453.1256194788
1401,2049,31,0.0,0.0,NM,NEW MEXICO,0.1795042,0.0
1402,2049,32,0.0,0.0,NY,NEW YORK,0.1795042,0.0
1403,2049,33,323505.8429030642,4009.909711391686,NC,NORTH CAROLINA,0.1795042,58070657.52564022
1404,2049,34,0.0,0.0,ND,NORTH DAKOTA,0.1795042,0.0
1405,2049,35,35150.44987479645,1252.314431336796,OH,OHIO,0.1795042,6309653.3844154375
1406,2049,36,57843.98858559395,1704.282341659234,OK,OKLAHOMA,0.1795042,10383238.895866174
1407,2049,37,0.0,0.0,OR,OREGON,0.1795042,0.0
1408,2049,38,0.0,0.0,PA,PENNSYLVANIA,0.1795042,0.0
1409,2049,39,0.0,0.0,RI,RHODE ISLAND,0.1795042,0.0
1410,2049,40,183036.43176489265,2419.9760952089923,SC,SOUTH CAROLINA,0.1795042,32855808.25481164
1411,2049,41,739983.4896948608,11456.329514847475,SD,SOUTH DAKOTA,0.1795042,132830144.33088423
1412,2049,42,192139.73751864256,3215.4242701188587,TN,TENNESSEE,0.1795042,34489889.87149392
1413,2049,43,84842.31363971184,2286.5914403166025,TX,TEXAS,0.1795042,15229551.636045562
1414,2049,44,0.0,0.0,UT,UTAH,0.1795042,0.0
1415,2049,45,1531.2183616686018,35.38008769275707,VT,VERMONT,0.1795042,274860.127036633
1416,2049,46,1655.0933796458946,36.93683552647088,VA,VIRGINIA,0.1795042,297096.2130386326
1417,2049,47,0.0,0.0,WA,WASHINGTON,0.1795042,0.0
1418,2049,48,0.0,0.0,WV,WEST VIRGINIA,0.1795042,0.0
1419,2049,49,144968.98082311102,2980.5857506592515,WI,WISCONSIN,0.1795042,26022540.927467886
1420,2049,50,435989.4719787403,15703.215766718657,WY,WYOMING,0.1795042,78261941.37596619
1421,2050,0,519085.2346501089,2921.116401141513,AL,ALABAMA,0.177768,92276743.99328057
1422,2050,2,0.0,0.0,AZ,ARIZONA,0.177768,0.0
1423,2050,3,516575.3612241009,12057.622869841403,AR,ARKANSAS,0.177768,91830568.81408598
1424,2050,4,0.0,0.0,CA,CALIFORNIA,0.177768,0.0
1425,2050,5,114896.20721881046,2057.6490895387683,CO,COLORADO,0.177768,20424868.9648735
1426,2050,6,0.0,0.0,CT,CONNECTICUT,0.177768,0.0
1427,2050,7,99900.17069475813,601.5086686988528,DE,DELAWARE,0.177768,17759053.544065766
1428,2050,8,0.0,0.0,DC,DISTRICT OF COLUMBIA,0.177768,0.0
1429,2050,9,38345.039432506725,301.45086225675675,FL,FLORIDA,0.177768,6816520.969837856
1430,2050,10,191196.458689665,1476.6200562989247,GA,GEORGIA,0.177768,33988612.06834437
1431,2050,12,0.0,0.0,ID,IDAHO,0.177768,0.0
1432,2050,13,3524184.446617375,31573.42991740044,IL,ILLINOIS,0.177768,626487220.7062775
1433,2050,14,1799094.8721939942,16541.895164164143,IN,INDIANA,0.177768,319821497.240182
1434,2050,15,12114.317565865646,203.4561106573135,IA,IOWA,0.177768,2153538.005048804
1435,2050,16,361012.7150445781,4223.153223677806,KS,KANSAS,0.177768,64176508.328044556
1436,2050,17,1693525.6210013502,9269.790103053798,KY,KENTUCKY,0.177768,301054662.594168
1437,2050,18,219440.5281710665,5912.955899940248,LA,LOUISIANA,0.177768,39009503.81191415
1438,2050,19,0.0,0.0,ME,MAINE,0.177768,0.0
1439,2050,20,214628.35305246053,1291.5665525201412,MD,MARYLAND,0.177768,38154053.06542981
1440,2050,21,0.0,0.0,MA,MASSACHUSETTS,0.177768,0.0
1441,2050,22,172737.71656580592,1606.41132530347,MI,MICHIGAN,0.177768,30707238.398470186
1442,2050,23,401640.3183600785,5520.608211767583,MN,MINNESOTA,0.177768,71398796.11423445
1443,2050,24,758685.5093751163,11005.156190479553,MS,MISSISSIPPI,0.177768,134870005.63059568
1444,2050,25,1936182.468348262,15128.296097364891,MO,MISSOURI,0.177768,344191285.03333384
1445,2050,26,991534.6899746928,17094.36033129636,MT,MONTANA,0.177768,176263138.76742122
1446,2050,27,110029.3647701878,2444.195674121033,NE,NEBRASKA,0.177768,19559700.11646675
1447,2050,28,0.0,0.0,NV,NEVADA,0.177768,0.0
1448,2050,29,0.0,0.0,NH,NEW HAMPSHIRE,0.177768,0.0
1449,2050,30,212157.6092054656,1345.09899814438,NJ,NEW JERSEY,0.177768,37714833.87323721
1450,2050,31,0.0,0.0,NM,NEW MEXICO,0.177768,0.0
1451,2050,32,1321.4090962898863,7.914310210567184,NY,NEW YORK,0.177768,234904.25222926054
1452,2050,33,1170587.1559602888,10010.318891036335,NC,NORTH CAROLINA,0.177768,208092937.54074863
1453,2050,34,53687.34481682671,1336.9281075574502,ND,NORTH DAKOTA,0.177768,9543891.913397653
1454,2050,35,1939615.4480266965,19254.011500828263,OH,OHIO,0.177768,344801558.9648098
1455,2050,36,138881.2327821185,3305.604546277358,OK,OKLAHOMA,0.177768,24688638.98921164
1456,2050,37,0.0,0.0,OR,OREGON,0.177768,0.0
1457,2050,38,478335.1157071783,5280.939867629295,PA,PENNSYLVANIA,0.177768,85032676.84903367
1458,2050,39,0.0,0.0,RI,RHODE ISLAND,0.177768,0.0
1459,2050,40,464725.07036804897,6211.749374998537,SC,SOUTH CAROLINA,0.177768,82613246.30918734
1460,2050,41,812741.9349145775,11183.247668504528,SD,SOUTH DAKOTA,0.177768,144479508.28589463
1461,2050,42,1275664.909528805,6727.148803279966,TN,TENNESSEE,0.177768,226772399.6371166
1462,2050,43,45423.10504891026,2010.121061869911,TX,TEXAS,0.177768,8074774.53833468
1463,2050,44,0.0,0.0,UT,UTAH,0.177768,0.0
1464,2050,45,6637.997638625213,133.60971647270077,VT,VERMONT,0.177768,1180023.564223127
1465,2050,46,152353.03489789547,852.8709332149152,VA,VIRGINIA,0.177768,27083494.307729088
1466,2050,47,0.0,0.0,WA,WASHINGTON,0.177768,0.0
1467,2050,48,135625.05758272402,600.1652161898123,WV,WEST VIRGINIA,0.177768,24109795.236365687
1468,2050,49,74744.20276667578,927.1982309967966,WI,WISCONSIN,0.177768,13287127.437426422
1469,2050,50,638112.6655708328,20064.90594710024,WY,WYOMING,0.177768,113436012.3331958
1470,2051,0,608770.8498522342,4450.892976729589,AL,ALABAMA,0.1819356,110757089.83037615
1471,2051,2,0.0,0.0,AZ,ARIZONA,0.1819356,0.0
1472,2051,3,733909.0186007789,13191.645285543882,AR,ARKANSAS,0.1819356,133524177.64454387
1473,2051,4,0.0,0.0,CA,CALIFORNIA,0.1819356,0.0
1474,2051,5,101801.48110101608,2065.848760738861,CO,COLORADO,0.1819356,18521313.54500202
1475,2051,6,0.0,0.0,CT,CONNECTICUT,0.1819356,0.0
1476,2051,7,27958.14323710756,361.524458116888,DE,DELAWARE,0.1819356,5086581.564729107
1477,2051,8,0.0,0.0,DC,DISTRICT OF COLUMBIA,0.1819356,0.0
1478,2051,9,32987.63777681304,395.9184941157407,FL,FLORIDA,0.1819356,6001625.671507147
1479,2051,10,265610.45171200245,2388.420678098233,GA,GEORGIA,0.1819356,48323996.89849419
1480,2051,12,0.0,0.0,ID,IDAHO,0.1819356,0.0
1481,2051,13,7471749.973191556,49709.822405711806,IL,ILLINOIS,0.1819356,1359377314.4225898
1482,2051,14,5386661.85142228,31792.92714760329,IN,INDIANA,0.1819356,980025555.9356234
1483,2051,15,5768952.206605478,44612.82613743518,IA,IOWA,0.1819356,1049577781.0800917
1484,2051,16,1626462.7453911663,12592.831560668285,KS,KANSAS,0.1819356,295911475.4603891
1485,2051,17,1943356.1571087264,9204.935692835134,KY,KENTUCKY,0.1819356,353565668.45727044
1486,2051,18,852138.4638577488,13948.87712899295,LA,LOUISIANA,0.1819356,155034322.70503783
1487,2051,19,0.0,0.0,ME,MAINE,0.1819356,0.0
1488,2051,20,50984.357221131664,492.0101069424415,MD,MARYLAND,0.1819356,9275869.621640923
1489,2051,21,0.0,0.0,MA,MASSACHUSETTS,0.1819356,0.0
1490,2051,22,331180.952852687,3011.163178410533,MI,MICHIGAN,0.1819356,60253605.365825325
1491,2051,23,1094984.2143311694,12732.678369433435,MN,MINNESOTA,0.1819356,199216610.0248699
1492,2051,24,1421671.5897253617,15429.912958964967,MS,MISSISSIPPI,0.1819356,258652673.6796375
1493,2051,25,5689123.306834453,32877.19342784668,MO,MISSOURI,0.1819356,1035054062.3029102
1494,2051,26,965516.5641191468,20281.76108455271,MT,MONTANA,0.1819356,175661835.40295544
1495,2051,27,1408050.369944104,17909.316366704537,NE,NEBRASKA,0.1819356,256174488.8860025
1496,2051,28,0.0,0.0,NV,NEVADA,0.1819356,0.0
1497,2051,29,0.0,0.0,NH,NEW HAMPSHIRE,0.1819356,0.0
1498,2051,30,18302.49465149944,281.61355998642944,NJ,NEW JERSEY,0.1819356,3329875.3459173413
1499,2051,31,0.0,0.0,NM,NEW MEXICO,0.1819356,0.0
1500,2051,32,4520.363668985528,121.5200367286154,NY,NEW YORK,0.1819356,822415.0763350836
1501,2051,33,1338351.9961849027,9830.850159756685,NC,NORTH CAROLINA,0.1819356,243493873.437098
1502,2051,34,102.96545807686655,6.099900917007649,ND,NORTH DAKOTA,0.1819356,18733.08239448956
1503,2051,35,4802929.957743529,26373.739961579024,OH,OHIO,0.1819356,873823943.6200436
1504,2051,36,176417.4613739908,4112.904564821663,OK,OKLAHOMA,0.1819356,32096616.68555384
1505,2051,37,0.0,0.0,OR,OREGON,0.1819356,0.0
1506,2051,38,412116.40479221847,2538.135213453068,PA,PENNSYLVANIA,0.1819356,74978645.37571514
1507,2051,39,0.0,0.0,RI,RHODE ISLAND,0.1819356,0.0
1508,2051,40,1212701.2716916637,7831.45298858119,SC,SOUTH CAROLINA,0.1819356,220633533.48598588
1509,2051,41,418597.4075296412,7069.964575426148,SD,SOUTH DAKOTA,0.1819356,76157770.49734978
1510,2051,42,1312713.688720358,6711.7504466363935,TN,TENNESSEE,0.1819356,238829352.5855516
1511,2051,43,134661.64347416078,3718.873029123952,TX,TEXAS,0.1819356,24499746.902457528
1512,2051,44,0.0,0.0,UT,UTAH,0.1819356,0.0
1513,2051,45,0.0,0.0,VT,VERMONT,0.1819356,0.0
1514,2051,46,129689.28774394227,551.0088437604381,VA,VIRGINIA,0.1819356,23595098.379266784
1515,2051,47,0.0,0.0,WA,WASHINGTON,0.1819356,0.0
1516,2051,48,106824.9004105519,430.3607240342856,WV,WEST VIRGINIA,0.1819356,19435252.351134006
1517,2051,49,707052.8629874673,6964.869612184538,WI,WISCONSIN,0.1819356,128638086.85934265
1518,2051,50,483479.2888944845,18968.418733418814,WY,WYOMING,0.1819356,87962094.51259138
1519,2052,0,615788.8571720651,4143.069957045294,AL,ALABAMA,0.1861032,114600276.84406425
1520,2052,2,0.0,0.0,AZ,ARIZONA,0.1861032,0.0
1521,2052,3,448486.0124834863,10719.427172058118,AR,ARKANSAS,0.1861032,83464682.07841675
1522,2052,4,0.0,0.0,CA,CALIFORNIA,0.1861032,0.0
1523,2052,5,106443.24652829806,2069.666941891147,CO,COLORADO,0.1861032,19809428.797305156
1524,2052,6,0.0,0.0,CT,CONNECTICUT,0.1861032,0.0
1525,2052,7,0.0,0.0,DE,DELAWARE,0.1861032,0.0
1526,2052,8,0.0,0.0,DC,DISTRICT OF COLUMBIA,0.1861032,0.0
1527,2052,9,665.1956774667266,14.17879451027606,FL,FLORIDA,0.1861032,123795.04420272572
1528,2052,10,119567.18279900316,1021.8473106385104,GA,GEORGIA,0.1861032,22251835.333879445
1529,2052,12,0.0,0.0,ID,IDAHO,0.1861032,0.0
1530,2052,13,11201130.170469947,57079.61096956598,IL,ILLINOIS,0.1861032,2084566168.3410027
1531,2052,14,8625478.602403343,36054.691804941365,IN,INDIANA,0.1861032,1605229169.4387898
1532,2052,15,11434458.89819095,54561.78311014636,IA,IOWA,0.1861032,2127989391.2218096
1533,2052,16,1449514.3032223023,11216.39023190671,KS,KANSAS,0.1861032,269759250.2754408
1534,2052,17,2106439.636717307,10339.972069370686,KY,KENTUCKY,0.1861032,392015156.9999283
1535,2052,18,95960.8377317782,3103.704322090003,LA,LOUISIANA,0.1861032,17858618.976564664
1536,2052,19,0.0,0.0,ME,MAINE,0.1861032,0.0
1537,2052,20,49642.43257031375,483.2509434239802,MD,MARYLAND,0.1861032,9238615.557119614
1538,2052,21,0.0,0.0,MA,MASSACHUSETTS,0.1861032,0.0
1539,2052,22,842256.9857534082,4520.530444793269,MI,MICHIGAN,0.1861032,156746720.2710637
1540,2052,23,5902001.394428794,46777.99729027695,MN,MINNESOTA,0.1861032,1098381345.9076607
1541,2052,24,255977.49323718925,6298.790424774092,MS,MISSISSIPPI,0.1861032,47638230.61941928
1542,2052,25,5980272.124010237,33695.32404808992,MO,MISSOURI,0.1861032,1112947779.149102
1543,2052,26,1212118.0507516302,20644.621261154647,MT,MONTANA,0.1861032,225579048.0226408
1544,2052,27,1978005.2626916813,20822.25584375124,NE,NEBRASKA,0.1861032,368113109.0037625
1545,2052,28,0.0,0.0,NV,NEVADA,0.1861032,0.0
1546,2052,29,0.0,0.0,NH,NEW HAMPSHIRE,0.1861032,0.0
1547,2052,30,26855.44695786967,428.401172123613,NJ,NEW JERSEY,0.1861032,4997884.616289811
1548,2052,31,0.0,0.0,NM,NEW MEXICO,0.1861032,0.0
1549,2052,32,42335.9589466418,347.7849963657126,NY,NEW YORK,0.1861032,7878857.435038667
1550,2052,33,361060.97732858703,5105.8304519291405,NC,NORTH CAROLINA,0.1861032,67194603.2759775
1551,2052,34,678397.7768961858,10324.432476022912,ND,NORTH DAKOTA,0.1861032,126251997.15326625
1552,2052,35,9980494.7140308,34702.02217776611,OH,OHIO,0.1861032,1857402003.8642168
1553,2052,36,157898.77601008624,3674.749989984717,OK,OKLAHOMA,0.1861032,29385467.49156028
1554,2052,37,0.0,0.0,OR,OREGON,0.1861032,0.0
1555,2052,38,556899.5382042673,2641.9199609595503,PA,PENNSYLVANIA,0.1861032,103640786.13833639
1556,2052,39,0.0,0.0,RI,RHODE ISLAND,0.1861032,0.0
1557,2052,40,218177.99449419224,4555.301444020458,SC,SOUTH CAROLINA,0.1861032,40603622.94495156
1558,2052,41,3015789.2293191827,22404.601778120086,SD,SOUTH DAKOTA,0.1861032,561248026.1018337
1559,2052,42,765034.6377404301,6638.429275185632,TN,TENNESSEE,0.1861032,142375394.1943348
1560,2052,43,48032.94024035067,1679.9213541693143,TX,TEXAS,0.1861032,8939083.88413803
1561,2052,44,0.0,0.0,UT,UTAH,0.1861032,0.0
1562,2052,45,41901.08587075945,298.9196197450101,VT,VERMONT,0.1861032,7797926.16402312
1563,2052,46,12972.70093344444,103.91407020630044,VA,VIRGINIA,0.1861032,2414261.156356997
1564,2052,47,0.0,0.0,WA,WASHINGTON,0.1861032,0.0
1565,2052,48,209181.1029522735,634.7771879975917,WV,WEST VIRGINIA,0.1861032,38929272.63894755
1566,2052,49,3250323.8712892337,14817.17766245607,WI,WISCONSIN,0.1861032,604895673.4833145
1567,2052,50,678688.5267957349,20191.6471755144,WY,WYOMING,0.1861032,126306106.639972
1568,2053,0,0.0,0.0,AL,ALABAMA,0.1902708,0.0
1569,2053,2,0.0,0.0,AZ,ARIZONA,0.1902708,0.0
1570,2053,3,402408.6111440504,8912.378838931028,AR,ARKANSAS,0.1902708,76566608.36926737
1571,2053,4,0.0,0.0,CA,CALIFORNIA,0.1902708,0.0
1572,2053,5,18709.081515084737,631.3492035939323,CO,COLORADO,0.1902708,3559791.9071403844
1573,2053,6,0.0,0.0,CT,CONNECTICUT,0.1902708,0.0
1574,2053,7,0.0,0.0,DE,DELAWARE,0.1902708,0.0
1575,2053,8,0.0,0.0,DC,DISTRICT OF COLUMBIA,0.1902708,0.0
1576,2053,9,0.0,0.0,FL,FLORIDA,0.1902708,0.0
1577,2053,10,0.0,0.0,GA,GEORGIA,0.1902708,0.0
1578,2053,12,0.0,0.0,ID,IDAHO,0.1902708,0.0
1579,2053,13,1718464.2413174408,27652.11809861921,IL,ILLINOIS,0.1902708,326973565.9668625
1580,2053,14,376077.3484121559,6589.206318670629,IN,INDIANA,0.1902708,71556537.94425963
1581,2053,15,4829746.631351653,40561.19577966097,IA,IOWA,0.1902708,918959755.3445839
1582,2053,16,605948.8972699062,6711.250620543217,KS,KANSAS,0.1902708,115294381.44266288
1583,2053,17,279917.7354240754,2685.947465454968,KY,KENTUCKY,0.1902708,53260171.45332716
1584,2053,18,664365.4513530011,9529.57759746894,LA,LOUISIANA,0.1902708,126409345.9212966
1585,2053,19,0.0,0.0,ME,MAINE,0.1902708,0.0
1586,2053,20,0.0,0.0,MD,MARYLAND,0.1902708,0.0
1587,2053,21,0.0,0.0,MA,MASSACHUSETTS,0.1902708,0.0
1588,2053,22,26971.10288630481,444.1773147215088,MI,MICHIGAN,0.1902708,5131813.323059524
1589,2053,23,1710751.471431442,26404.95200813316,MN,MINNESOTA,0.1902708,325506051.0704376
1590,2053,24,759411.5039143533,9036.338989663336,MS,MISSISSIPPI,0.1902708,144493834.37898713
1591,2053,25,2253442.6919135847,21369.375426064085,MO,MISSOURI,0.1902708,428764343.74455124
1592,2053,26,598900.6947389237,16490.878080354694,MT,MONTANA,0.1902708,113953314.3085308
1593,2053,27,1862413.306978796,20085.62248557285,NE,NEBRASKA,0.1902708,354362869.8495011
1594,2053,28,0.0,0.0,NV,NEVADA,0.1902708,0.0
1595,2053,29,0.0,0.0,NH,NEW HAMPSHIRE,0.1902708,0.0
1596,2053,30,660.6780903737957,13.927315859779682,NJ,NEW JERSEY,0.1902708,125707.7487978944
1597,2053,31,0.0,0.0,NM,NEW MEXICO,0.1902708,0.0
1598,2053,32,1461.0987104801372,14.768655431682951,NY,NEW YORK,0.1902708,278004.4205220241
1599,2053,33,10.698232627159776,15.150180234497103,NC,NORTH CAROLINA,0.1902708,2035.561280555792
1600,2053,34,49149.91759842378,1226.076376369966,ND,NORTH DAKOTA,0.1902708,9351794.14138617
1601,2053,35,261500.0655530716,5279.618020433287,OH,OHIO,0.1902708,49755826.67283537
1602,2053,36,68271.88198475343,2012.294023994262,OK,OKLAHOMA,0.1902708,12990145.602744622
1603,2053,37,0.0,0.0,OR,OREGON,0.1902708,0.0
1604,2053,38,2198.3107273311257,118.34090506538551,PA,PENNSYLVANIA,0.1902708,418274.34073787514
1605,2053,39,0.0,0.0,RI,RHODE ISLAND,0.1902708,0.0
1606,2053,40,0.0,0.0,SC,SOUTH CAROLINA,0.1902708,0.0
1607,2053,41,1600820.3766538478,16456.15615290047,SD,SOUTH DAKOTA,0.1902708,304589373.7222289
1608,2053,42,358657.97833839373,2862.850597558917,TN,TENNESSEE,0.1902708,68242140.46482885
1609,2053,43,56100.179689248085,2319.6628885583787,TX,TEXAS,0.1902708,10674226.069616985
1610,2053,44,0.0,0.0,UT,UTAH,0.1902708,0.0
1611,2053,45,1994.4105643802427,13.326128744444931,VT,VERMONT,0.1902708,379478.0936130803
1612,2053,46,0.0,0.0,VA,VIRGINIA,0.1902708,0.0
1613,2053,47,0.0,0.0,WA,WASHINGTON,0.1902708,0.0
1614,2053,48,0.0,0.0,WV,WEST VIRGINIA,0.1902708,0.0
1615,2053,49,274708.58108464035,4560.39159208377,WI,WISCONSIN,0.1902708,52269021.48983938
1616,2053,50,234399.1811208289,10712.252496571757,WY,WYOMING,0.1902708,44599319.711205006
1617,2054,0,49642.27112662865,524.6965016337714,AL,ALABAMA,0.1944384,9652363.770227874
1618,2054,2,0.0,0.0,AZ,ARIZONA,0.1944384,0.0
1619,2054,3,67167.70336793235,1690.789705268309,AR,ARKANSAS,0.1944384,13059980.774535378
1620,2054,4,0.0,0.0,CA,CALIFORNIA,0.1944384,0.0
1621,2054,5,68413.12644944449,1247.6116522081734,CO,COLORADO,0.1944384,13302138.845827667
1622,2054,6,0.0,0.0,CT,CONNECTICUT,0.1944384,0.0
1623,2054,7,19863.70649347593,311.9653561296571,DE,DELAWARE,0.1944384,3862267.30866107
1624,2054,8,0.0,0.0,DC,DISTRICT OF COLUMBIA,0.1944384,0.0
1625,2054,9,18680.20469067424,267.8850942627111,FL,FLORIDA,0.1944384,3632149.111727195
1626,2054,10,47856.98117750312,820.922621148868,GA,GEORGIA,0.1944384,9305234.848983822
1627,2054,12,0.0,0.0,ID,IDAHO,0.1944384,0.0
1628,2054,13,4391585.332936125,48948.86014537748,IL,ILLINOIS,0.1944384,853892825.5995674
1629,2054,14,1760724.0365430554,20630.648144286773,IN,INDIANA,0.1944384,342352364.50697327
1630,2054,15,4488336.282748936,44413.18923112635,IA,IOWA,0.1944384,872704925.4796507
1631,2054,16,915947.7850185718,7865.420978486743,KS,KANSAS,0.1944384,178095421.80255505
1632,2054,17,853576.724735385,5773.767931450567,KY,KENTUCKY,0.1944384,165968092.6347887
1633,2054,18,80912.27123047301,2445.706017999893,LA,LOUISIANA,0.1944384,15732452.558419205
1634,2054,19,0.0,0.0,ME,MAINE,0.1944384,0.0
1635,2054,20,300752.44306245464,1341.759504422833,MD,MARYLAND,0.1944384,58477823.82515478
1636,2054,21,0.0,0.0,MA,MASSACHUSETTS,0.1944384,0.0
1637,2054,22,205954.84278504856,2646.9890563770373,MI,MICHIGAN,0.1944384,40045530.10337639
1638,2054,23,1436284.5717379483,17121.669260965486,MN,MINNESOTA,0.1944384,279268874.07341194
1639,2054,24,283272.1940044492,5183.535841929748,MS,MISSISSIPPI,0.1944384,55078992.1667147
1640,2054,25,2861323.672597444,25550.43028247989,MO,MISSOURI,0.1944384,556351196.7819709
1641,2054,26,298933.9594461668,8265.420124676497,MT,MONTANA,0.1944384,58124240.78037757
1642,2054,27,1101893.8390052114,15263.564075574945,NE,NEBRASKA,0.1944384,214250475.0260309
1643,2054,28,0.0,0.0,NV,NEVADA,0.1944384,0.0
1644,2054,29,0.0,0.0,NH,NEW HAMPSHIRE,0.1944384,0.0
1645,2054,30,99159.59899871748,1055.674739368593,NJ,NEW JERSEY,0.1944384,19280433.77395223
1646,2054,31,0.0,0.0,NM,NEW MEXICO,0.1944384,0.0
1647,2054,32,0.0,0.0,NY,NEW YORK,0.1944384,0.0
1648,2054,33,6135.984796449927,76.93580485558412,NC,NORTH CAROLINA,0.1944384,1193071.0662460495
1649,2054,34,168.07538808437684,25.70633797873065,ND,NORTH DAKOTA,0.1944384,32680.3095385053
1650,2054,35,2815529.5748729217,21198.775398040227,OH,OHIO,0.1944384,547447065.6909711
1651,2054,36,50474.496600486586,1571.0546114574413,OK,OKLAHOMA,0.1944384,9814180.359804051
1652,2054,37,0.0,0.0,OR,OREGON,0.1944384,0.0
1653,2054,38,75510.31093157496,831.0690213533396,PA,PENNSYLVANIA,0.1944384,14682104.041037945
1654,2054,39,0.0,0.0,RI,RHODE ISLAND,0.1944384,0.0
1655,2054,40,5537.128554898191,188.7108923961476,SC,SOUTH CAROLINA,0.1944384,1076630.4168087165
1656,2054,41,1323978.3528099405,11900.236592572188,SD,SOUTH DAKOTA,0.1944384,257432232.55500036
1657,2054,42,565137.185390416,3473.472612465276,TN,TENNESSEE,0.1944384,109884370.10781585
1658,2054,43,19187.428223746087,781.8429274820596,TX,TEXAS,0.1944384,3730772.8439400312
1659,2054,44,0.0,0.0,UT,UTAH,0.1944384,0.0
1660,2054,45,0.0,0.0,VT,VERMONT,0.1944384,0.0
1661,2054,46,69528.42848217835,302.95818697388825,VA,VIRGINIA,0.1944384,13518996.388589187
1662,2054,47,0.0,0.0,WA,WASHINGTON,0.1944384,0.0
1663,2054,48,21131.059862306138,114.87686926833447,WV,WEST VIRGINIA,0.1944384,4108689.4699310255
1664,2054,49,124144.7604357433,1759.716829606138,WI,WISCONSIN,0.1944384,24138508.587509234
1665,2054,50,405295.19207058765,14340.602668139463,WY,WYOMING,0.1944384,78804948.67389776
1666,2055,0,744465.3611138376,4633.384287767093,AL,ALABAMA,0.198606,147855287.50937483
1667,2055,2,0.0,0.0,AZ,ARIZONA,0.198606,0.0
1668,2055,3,126772.05731883962,2494.9118869621643,AR,ARKANSAS,0.198606,25177691.215865463
1669,2055,4,0.0,0.0,CA,CALIFORNIA,0.198606,0.0
1670,2055,5,87802.57498912183,1632.5713166679552,CO,COLORADO,0.198606,17438118.20828953
1671,2055,6,0.0,0.0,CT,CONNECTICUT,0.198606,0.0
1672,2055,7,2658.017615202546,41.75313427354747,DE,DELAWARE,0.198606,527898.2464849169
1673,2055,8,0.0,0.0,DC,DISTRICT OF COLUMBIA,0.198606,0.0
1674,2055,9,57694.89607029882,544.7695427984755,FL,FLORIDA,0.198606,11458552.528937768
1675,2055,10,209862.5858566546,1813.4926352828693,GA,GEORGIA,0.198606,41679968.72664674
1676,2055,12,0.0,0.0,ID,IDAHO,0.198606,0.0
1677,2055,13,7783.574747639762,315.30986134754755,IL,ILLINOIS,0.198606,1545864.6463297426
1678,2055,14,26059.75617271391,519.605308572246,IN,INDIANA,0.198606,5175623.934438019
1679,2055,15,247813.7443002148,5009.041155503871,IA,IOWA,0.198606,49217296.50048846
1680,2055,16,3107.754041777881,83.93714477652729,KS,KANSAS,0.198606,617218.5992213378
1681,2055,17,61555.23718180204,940.725625531966,KY,KENTUCKY,0.198606,12225239.435728977
1682,2055,18,795069.4998145824,10698.33613531814,LA,LOUISIANA,0.198606,157905573.08017495
1683,2055,19,0.0,0.0,ME,MAINE,0.198606,0.0
1684,2055,20,241335.08179811644,1153.8836064395437,MD,MARYLAND,0.198606,47930595.25559671
1685,2055,21,0.0,0.0,MA,MASSACHUSETTS,0.198606,0.0
1686,2055,22,0.0,0.0,MI,MICHIGAN,0.198606,0.0
1687,2055,23,173974.14787351165,2987.783537567748,MN,MINNESOTA,0.198606,34552309.61256666
1688,2055,24,450116.2390611353,5373.733169290447,MS,MISSISSIPPI,0.198606,89395785.77497584
1689,2055,25,39515.743184114486,579.4778034496442,MO,MISSOURI,0.198606,7848063.690824241
1690,2055,26,584523.8938868775,17233.840127041873,MT,MONTANA,0.198606,116089952.46929719
1691,2055,27,102072.81071902698,4198.833891137907,NE,NEBRASKA,0.198606,20272272.645663075
1692,2055,28,0.0,0.0,NV,NEVADA,0.198606,0.0
1693,2055,29,0.0,0.0,NH,NEW HAMPSHIRE,0.198606,0.0
1694,2055,30,18153.567479879912,176.7817320480775,NJ,NEW JERSEY,0.198606,3605407.4229090298
1695,2055,31,0.0,0.0,NM,NEW MEXICO,0.198606,0.0
1696,2055,32,3887.3999994797473,45.81291654449571,NY,NEW YORK,0.198606,772060.9642966747
1697,2055,33,821313.0216299829,6450.560202089651,NC,NORTH CAROLINA,0.198606,163117693.97384438
1698,2055,34,3447.4794338025663,307.60164275558094,ND,NORTH DAKOTA,0.198606,684690.1004297925
1699,2055,35,395679.8398649576,6265.2661480782335,OH,OHIO,0.198606,78584390.27621977
1700,2055,36,656.2461838085899,15.25010895154503,OK,OKLAHOMA,0.198606,130334.42958148879
1701,2055,37,0.0,0.0,OR,OREGON,0.198606,0.0
1702,2055,38,53512.712109014414,829.6170261344407,PA,PENNSYLVANIA,0.198606,10627945.701122917
1703,2055,39,0.0,0.0,RI,RHODE ISLAND,0.198606,0.0
1704,2055,40,1274593.277079041,8613.805159295238,SC,SOUTH CAROLINA,0.198606,253141872.38756
1705,2055,41,211371.8954392936,4759.899896274818,SD,SOUTH DAKOTA,0.198606,41979726.66561635
1706,2055,42,412819.1169625244,2907.711049602858,TN,TENNESSEE,0.198606,81988353.54345913
1707,2055,43,4785.561559823574,132.12619668334736,TX,TEXAS,0.198606,950441.2391503206
1708,2055,44,0.0,0.0,UT,UTAH,0.198606,0.0
1709,2055,45,4599.19970214403,62.934513178833456,VT,VERMONT,0.198606,913428.6560440173
1710,2055,46,46608.823607706494,272.2643938574279,VA,VIRGINIA,0.198606,9256792.021432156
1711,2055,47,0.0,0.0,WA,WASHINGTON,0.198606,0.0
1712,2055,48,1053.9197036943974,16.072228558004568,WV,WEST VIRGINIA,0.198606,209314.7766719295
1713,2055,49,6193.825593795682,182.4760172017963,WI,WISCONSIN,0.198606,1230130.9258813853
1714,2055,50,445451.0387503719,16624.99222986279,WY,WYOMING,0.198606,88469249.00205636
