Unnamed: 0,Year,state_id,Production_Loss(ton),Area_Loss(km^2),State_Code,State_Name,Price,Financial_Loss($)
0,2021,0,268649.95189080905,1633.091406450584,AL,ALABAMA,0.1305084,35061075.381346464
1,2021,2,0.0,0.0,AZ,ARIZONA,0.1305084,0.0
2,2021,3,184784.0722871352,3933.6496993631454,AR,ARKANSAS,0.1305084,24115873.619678356
3,2021,4,0.0,0.0,CA,CALIFORNIA,0.1305084,0.0
4,2021,5,71388.7440381451,1348.3087711459357,CO,COLORADO,0.1305084,9316830.762427855
5,2021,6,0.0,0.0,CT,CONNECTICUT,0.1305084,0.0
6,2021,7,114488.50100806494,621.29020456243,DE,DELAWARE,0.1305084,14941711.084960941
7,2021,8,0.0,0.0,DC,DISTRICT OF COLUMBIA,0.1305084,0.0
8,2021,9,12267.814583374073,80.66907566571496,FL,FLORIDA,0.1305084,1601052.8527728168
9,2021,10,149810.0377934595,1252.8343499183477,GA,GEORGIA,0.1305084,19551468.336363927
10,2021,12,548.8568137152481,39.491823946945175,ID,IDAHO,0.1305084,71630.42458707509
11,2021,13,2224552.525359085,20931.61739738168,IL,ILLINOIS,0.1305084,290322790.8005735
12,2021,14,343149.4001847683,2884.8244262026305,IN,INDIANA,0.1305084,44783879.17907382
13,2021,15,8591380.56715433,52711.0532107682,IA,IOWA,0.1305084,1121247331.610404
14,2021,16,608055.4957627438,6297.494589923683,KS,KANSAS,0.1305084,79356349.86320245
15,2021,17,244967.2972152006,1726.674715026826,KY,KENTUCKY,0.1305084,31970290.011880286
16,2021,18,282733.397579443,4460.95544015893,LA,LOUISIANA,0.1305084,36899083.344656974
17,2021,19,0.0,0.0,ME,MAINE,0.1305084,0.0
18,2021,20,208840.88427780665,1026.5905366938,MD,MARYLAND,0.1305084,27255489.6616817
19,2021,21,0.0,0.0,MA,MASSACHUSETTS,0.1305084,0.0
20,2021,22,54701.9172121846,445.4983861087135,MI,MICHIGAN,0.1305084,7139059.692294672
21,2021,23,4291490.469681527,34669.085993896566,MN,MINNESOTA,0.1305084,560075554.8133847
22,2021,24,757557.477189936,8843.406046757207,MS,MISSISSIPPI,0.1305084,98867614.25609504
23,2021,25,1350763.8420934803,13169.567538016749,MO,MISSOURI,0.1305084,176286027.80947277
24,2021,26,711215.3785775003,11435.238418493196,MT,MONTANA,0.1305084,92819581.11354384
25,2021,27,1655592.534195919,18446.42461695025,NE,NEBRASKA,0.1305084,216068732.68985468
26,2021,28,0.0,0.0,NV,NEVADA,0.1305084,0.0
27,2021,29,0.0,0.0,NH,NEW HAMPSHIRE,0.1305084,0.0
28,2021,30,113489.73254865372,372.5236904349412,NJ,NEW JERSEY,0.1305084,14811363.411352718
29,2021,31,0.0,0.0,NM,NEW MEXICO,0.1305084,0.0
30,2021,32,940.3436395707474,8.556916470175157,NY,NEW YORK,0.1305084,122722.74385055492
31,2021,33,193217.6212377144,3746.2357420754806,NC,NORTH CAROLINA,0.1305084,25216522.599540126
32,2021,34,881051.6769109139,9508.74271175458,ND,NORTH DAKOTA,0.1305084,114984644.67096032
33,2021,35,944792.6712188036,4651.89586269992,OH,OHIO,0.1305084,123303379.85249211
34,2021,36,26242.651469861543,791.8762140399084,OK,OKLAHOMA,0.1305084,3424886.4550892785
35,2021,37,0.0,0.0,OR,OREGON,0.1305084,0.0
36,2021,38,133876.08200310322,647.0327629782882,PA,PENNSYLVANIA,0.1305084,17471953.260493796
37,2021,39,0.0,0.0,RI,RHODE ISLAND,0.1305084,0.0
38,2021,40,7212.364506272668,310.10513749585823,SC,SOUTH CAROLINA,0.1305084,941274.1519304358
39,2021,41,4104640.475538655,26351.85427359051,SD,SOUTH DAKOTA,0.1305084,535690061.03778905
40,2021,42,323239.7318686845,2691.586894330956,TN,TENNESSEE,0.1305084,42185500.222611025
41,2021,43,16429.03731063668,627.626231693689,TX,TEXAS,0.1305084,2144127.372951496
42,2021,44,0.0,0.0,UT,UTAH,0.1305084,0.0
43,2021,45,0.0,0.0,VT,VERMONT,0.1305084,0.0
44,2021,46,153238.5356555833,899.896274864594,VA,VIRGINIA,0.1305084,19998916.10675313
45,2021,47,0.0,0.0,WA,WASHINGTON,0.1305084,0.0
46,2021,48,8564.620314462738,48.50597378598664,WV,WEST VIRGINIA,0.1305084,1117754.8938480287
47,2021,49,753621.588495088,6358.991143700028,WI,WISCONSIN,0.1305084,98353947.71995236
48,2021,50,469260.2277673173,13979.234064568536,WY,WYOMING,0.1305084,61242401.50954815
49,2022,0,4073.004267594224,146.8127856300187,AL,ALABAMA,0.1309218,533245.0501211175
50,2022,2,0.0,0.0,AZ,ARIZONA,0.1309218,0.0
51,2022,3,281993.01807887404,6000.165386469675,AR,ARKANSAS,0.1309218,36919033.514318734
52,2022,4,0.0,0.0,CA,CALIFORNIA,0.1309218,0.0
53,2022,5,50078.63906250654,974.1048926788354,CO,COLORADO,0.1309218,6556385.567613669
54,2022,6,0.0,0.0,CT,CONNECTICUT,0.1309218,0.0
55,2022,7,6152.699434115334,85.28452630525122,DE,DELAWARE,0.1309218,805522.484773361
56,2022,8,0.0,0.0,DC,DISTRICT OF COLUMBIA,0.1309218,0.0
57,2022,9,0.0,0.0,FL,FLORIDA,0.1309218,0.0
58,2022,10,78.97856399981154,1.2796099847981677,GA,GEORGIA,0.1309218,10340.015760270526
59,2022,12,186.46956110405185,12.719141501159832,ID,IDAHO,0.1309218,24412.930584952457
60,2022,13,8055065.330734897,42490.79068761876,IL,ILLINOIS,0.1309218,1054583652.2174082
61,2022,14,4427984.604121502,19381.569649975085,IN,INDIANA,0.1309218,579719714.7438744
62,2022,15,1000800.6598486252,12839.0311593875,IA,IOWA,0.1309218,131026623.82856974
63,2022,16,1519.440871779162,108.02679785523615,KS,KANSAS,0.1309218,198927.9339268971
64,2022,17,2015080.1334708887,9146.882932275505,KY,KENTUCKY,0.1309218,263817918.218249
65,2022,18,101097.9456799678,2947.9970072726437,LA,LOUISIANA,0.1309218,13235925.02472361
66,2022,19,0.0,0.0,ME,MAINE,0.1309218,0.0
67,2022,20,5024.727180558699,143.01543133330148,MD,MARYLAND,0.1309218,657846.3269876699
68,2022,21,0.0,0.0,MA,MASSACHUSETTS,0.1309218,0.0
69,2022,22,477923.6714720847,1783.162512731531,MI,MICHIGAN,0.1309218,62570627.33173398
70,2022,23,1800413.846771947,19899.631458565644,MN,MINNESOTA,0.1309218,235713421.5643075
71,2022,24,183044.2195083418,4327.576770136425,MS,MISSISSIPPI,0.1309218,23964478.697627228
72,2022,25,1394749.3929971657,10563.450152998856,MO,MISSOURI,0.1309218,182603101.08009633
73,2022,26,420977.7610288067,7448.764792523533,MT,MONTANA,0.1309218,55115166.23386122
74,2022,27,4610.726131997002,130.21205248717746,NE,NEBRASKA,0.1309218,603644.5645080851
75,2022,28,0.0,0.0,NV,NEVADA,0.1309218,0.0
76,2022,29,0.0,0.0,NH,NEW HAMPSHIRE,0.1309218,0.0
77,2022,30,4100.280756471576,54.039203940370015,NJ,NEW JERSEY,0.1309218,536816.1371426204
78,2022,31,0.0,0.0,NM,NEW MEXICO,0.1309218,0.0
79,2022,32,6666.923595088952,37.97465302551039,NY,NEW YORK,0.1309218,872845.6375315168
80,2022,33,3488.339380627752,262.6515177319459,NC,NORTH CAROLINA,0.1309218,456699.6707226704
81,2022,34,459954.73031862784,4971.003954925194,ND,NORTH DAKOTA,0.1309218,60218101.211829334
82,2022,35,4228510.732288308,15736.05642173358,OH,OHIO,0.1309218,553604236.3905035
83,2022,36,3806.3535727892654,89.43935278987527,OK,OKLAHOMA,0.1309218,498334.6611860017
84,2022,37,0.0,0.0,OR,OREGON,0.1309218,0.0
85,2022,38,148409.3588882812,790.4307952462079,PA,PENNSYLVANIA,0.1309218,19430020.402499773
86,2022,39,0.0,0.0,RI,RHODE ISLAND,0.1309218,0.0
87,2022,40,0.0,0.0,SC,SOUTH CAROLINA,0.1309218,0.0
88,2022,41,1464422.738177418,12413.622587336971,SD,SOUTH DAKOTA,0.1309218,191724860.84311628
89,2022,42,987195.9817263248,5911.575260525054,TN,TENNESSEE,0.1309218,129245474.88037756
90,2022,43,53323.87297048158,1500.2997485947683,TX,TEXAS,0.1309218,6981257.432266795
91,2022,44,0.0,0.0,UT,UTAH,0.1309218,0.0
92,2022,45,0.0,0.0,VT,VERMONT,0.1309218,0.0
93,2022,46,9627.145844633022,141.71169091638956,VA,VIRGINIA,0.1309218,1260403.2628418757
94,2022,47,0.0,0.0,WA,WASHINGTON,0.1309218,0.0
95,2022,48,9141.09216644806,56.76586107131469,WV,WEST VIRGINIA,0.1309218,1196768.2403972794
96,2022,49,233025.0928089193,2361.817372934813,WI,WISCONSIN,0.1309218,30508064.59571077
97,2022,50,167840.32044717943,5242.065973825809,WY,WYOMING,0.1309218,21973956.86552154
98,2023,0,15840.139328194597,126.678725465932,AL,ALABAMA,0.1313351999999999,2080367.8666963014
99,2023,2,0.0,0.0,AZ,ARIZONA,0.1313351999999999,0.0
100,2023,3,29062.59992684548,491.8878539039388,AR,ARKANSAS,0.1313351999999999,3816942.3739122334
101,2023,4,0.0,0.0,CA,CALIFORNIA,0.1313351999999999,0.0
102,2023,5,35875.42083396585,737.6987038770458,CO,COLORADO,0.1313351999999999,4711705.570313068
103,2023,6,0.0,0.0,CT,CONNECTICUT,0.1313351999999999,0.0
104,2023,7,19831.70567409349,245.25168530475577,DE,DELAWARE,0.1313351999999999,2604601.031048201
105,2023,8,0.0,0.0,DC,DISTRICT OF COLUMBIA,0.1313351999999999,0.0
106,2023,9,1270.588114101276,10.778340465578609,FL,FLORIDA,0.1313351999999999,166872.94408311378
107,2023,10,101896.63694568416,910.6178066808436,GA,GEORGIA,0.1313351999999999,13382615.192588808
108,2023,12,197.61277845758164,13.47922350842448,ID,IDAHO,0.1313351999999999,25953.51378128216
109,2023,13,3492037.3278952693,23693.006566520675,IL,ILLINOIS,0.1313351999999999,458627420.86659044
110,2023,14,2777013.173548612,18708.749696549537,IN,INDIANA,0.1313351999999999,364719580.55064136
111,2023,15,1839392.705341012,10846.276522363029,IA,IOWA,0.1313351999999999,241577008.8345027
112,2023,16,65008.98129256339,896.3751429912816,KS,KANSAS,0.1313351999999999,8537967.559855064
113,2023,17,85875.415821292,599.0774679205638,KY,KENTUCKY,0.1313351999999999,11278464.91197254
114,2023,18,11.3121073728928,2.36662028495407,LA,LOUISIANA,0.1313351999999999,1485.6778842403494
115,2023,19,0.0,0.0,ME,MAINE,0.1313351999999999,0.0
116,2023,20,29750.268626288973,283.5918323768535,MD,MARYLAND,0.1313351999999999,3907257.4800873846
117,2023,21,0.0,0.0,MA,MASSACHUSETTS,0.1313351999999999,0.0
118,2023,22,196978.0878710319,892.4895255786735,MI,MICHIGAN,0.1313351999999999,25870156.566159528
119,2023,23,2497975.772559409,18661.52752017552,MN,MINNESOTA,0.1313351999999999,328072147.6842443
120,2023,24,10695.255361830625,132.18156675606474,MS,MISSISSIPPI,0.1313351999999999,1404663.5019970962
121,2023,25,289048.2322940619,7932.573077871633,MO,MISSOURI,0.1313351999999999,37962207.39798705
122,2023,26,322478.85979662393,5384.4057666758,MT,MONTANA,0.1313351999999999,42352825.547161534
123,2023,27,113187.81874048528,2117.2932773266184,NE,NEBRASKA,0.1313351999999999,14865544.811845371
124,2023,28,0.0,0.0,NV,NEVADA,0.1313351999999999,0.0
125,2023,29,41.32777553872563,0.462975361461127,NH,NEW HAMPSHIRE,0.1313351999999999,5427.791665933634
126,2023,30,3498.981036880209,25.00318403035636,NJ,NEW JERSEY,0.1313351999999999,459539.3742748693
127,2023,31,0.0,0.0,NM,NEW MEXICO,0.1313351999999999,0.0
128,2023,32,325.7342564516398,4.914149094255711,NY,NEW YORK,0.1313351999999999,42780.373717927374
129,2023,33,577338.3699953163,3677.726577464549,NC,NORTH CAROLINA,0.1313351999999999,75824850.2910088
130,2023,34,636789.1089945358,6585.003945253096,ND,NORTH DAKOTA,0.1313351999999999,83632824.9876191
131,2023,35,3936623.780344676,20473.26897943895,OH,OHIO,0.1313351999999999,517017271.5163237
132,2023,36,7838.253665234139,202.7634470071248,OK,OKLAHOMA,0.1313351999999999,1029438.6127742578
133,2023,37,0.0,0.0,OR,OREGON,0.1313351999999999,0.0
134,2023,38,22653.956463564733,121.88143172767954,PA,PENNSYLVANIA,0.1313351999999999,2975261.9029335645
135,2023,39,0.0,0.0,RI,RHODE ISLAND,0.1313351999999999,0.0
136,2023,40,244676.7218654812,1684.6570524378312,SC,SOUTH CAROLINA,0.1313351999999999,32134666.20154732
137,2023,41,2299123.901767414,14924.960019398935,SD,SOUTH DAKOTA,0.1313351999999999,301955897.46340346
138,2023,42,31759.572383437164,199.2146343488491,TN,TENNESSEE,0.1313351999999999,4171149.7908931933
139,2023,43,13686.6574013654,447.2855404770115,TX,TEXAS,0.1313351999999999,1797539.887139804
140,2023,44,0.0,0.0,UT,UTAH,0.1313351999999999,0.0
141,2023,45,0.0,0.0,VT,VERMONT,0.1313351999999999,0.0
142,2023,46,70559.99768562247,468.3463039712998,VA,VIRGINIA,0.1313351999999999,9267011.408040756
143,2023,47,0.0,0.0,WA,WASHINGTON,0.1313351999999999,0.0
144,2023,48,1878.117591899654,8.294711756288223,WV,WEST VIRGINIA,0.1313351999999999,246662.94955565923
145,2023,49,632746.1470108969,3402.678558912485,WI,WISCONSIN,0.1313351999999999,83101841.76690549
146,2023,50,351666.0772710609,10998.262373532703,WY,WYOMING,0.1313351999999999,46186134.5916102
147,2024,0,10063.697744477526,305.7956015512805,AL,ALABAMA,0.1317486,1325878.0886580716
148,2024,2,0.0,0.0,AZ,ARIZONA,0.1317486,0.0
149,2024,3,100363.9228490324,2696.419589959487,AR,ARKANSAS,0.1317486,13222806.32586803
150,2024,4,0.0,0.0,CA,CALIFORNIA,0.1317486,0.0
151,2024,5,20971.885325257463,412.48817976244646,CO,COLORADO,0.1317486,2763016.530963215
152,2024,6,0.0,0.0,CT,CONNECTICUT,0.1317486,0.0
153,2024,7,18468.387062170903,171.31156066304104,DE,DELAWARE,0.1317486,2433184.1396991294
154,2024,8,0.0,0.0,DC,DISTRICT OF COLUMBIA,0.1317486,0.0
155,2024,9,81.69189730343794,2.020748379771112,FL,FLORIDA,0.1317486,10762.793101071724
156,2024,10,4247.966851858049,110.64392651724452,GA,GEORGIA,0.1317486,559663.6855787054
157,2024,12,19.98520794337332,5.7531590932051415,ID,IDAHO,0.1317486,2633.0231672483146
158,2024,13,3612308.125842458,18541.276933350626,IL,ILLINOIS,0.1317486,475916538.3483677
159,2024,14,3611330.495886186,15561.378750244998,IN,INDIANA,0.1317486,475787736.97031075
160,2024,15,1398145.7424559812,8580.413330851692,IA,IOWA,0.1317486,184203744.1645361
161,2024,16,1002003.1310844684,9242.973784622329,KS,KANSAS,0.1317486,132012509.71599519
162,2024,17,416739.0677845018,1805.256946425172,KY,KENTUCKY,0.1317486,54904788.745913215
163,2024,18,169832.80705222784,4624.379512178166,LA,LOUISIANA,0.1317486,22375234.563201144
164,2024,19,0.0,0.0,ME,MAINE,0.1317486,0.0
165,2024,20,70165.09895123522,317.68462401021776,MD,MARYLAND,0.1317486,9244153.555686709
166,2024,21,0.0,0.0,MA,MASSACHUSETTS,0.1317486,0.0
167,2024,22,213038.17748889312,975.2692195648629,MI,MICHIGAN,0.1317486,28067481.630713183
168,2024,23,1720979.4212551042,12850.864110880342,MN,MINNESOTA,0.1317486,226736629.3791702
169,2024,24,116770.75210283788,2917.522811547302,MS,MISSISSIPPI,0.1317486,15384383.110495947
170,2024,25,911298.9108097736,7147.625494769993,MO,MISSOURI,0.1317486,120062355.68071252
171,2024,26,778380.7584892577,12181.854850976517,MT,MONTANA,0.1317486,102550575.1978978
172,2024,27,242585.4271954652,4429.042815358798,NE,NEBRASKA,0.1317486,31960290.413404465
173,2024,28,0.0,0.0,NV,NEVADA,0.1317486,0.0
174,2024,29,18.765996545695256,0.4493134150614003,NH,NEW HAMPSHIRE,0.1317486,2472.393772500186
175,2024,30,1513.9794069538923,5.156359858175072,NJ,NEW JERSEY,0.1317486,199464.66729500555
176,2024,31,0.0,0.0,NM,NEW MEXICO,0.1317486,0.0
177,2024,32,3788.869102982771,16.925793294522624,NY,NEW YORK,0.1317486,499178.1999012359
178,2024,33,29142.685298587086,1172.3187596663731,NC,NORTH CAROLINA,0.1317486,3839507.9883294306
179,2024,34,563440.4911539537,5813.339463961705,ND,NORTH DAKOTA,0.1317486,74232495.89284578
180,2024,35,3887961.734786412,15629.043552252097,OH,OHIO,0.1317486,512233515.4116811
181,2024,36,120116.97680942088,2744.204729663953,OK,OKLAHOMA,0.1317486,15825243.530873667
182,2024,37,0.0,0.0,OR,OREGON,0.1317486,0.0
183,2024,38,39361.78418859755,126.57483239714948,PA,PENNSYLVANIA,0.1317486,5185859.960349863
184,2024,39,0.0,0.0,RI,RHODE ISLAND,0.1317486,0.0
185,2024,40,15898.550172770843,541.3746800746981,SC,SOUTH CAROLINA,0.1317486,2094611.7272923165
186,2024,41,1274215.0681091924,9473.95342048521,SD,SOUTH DAKOTA,0.1317486,167876051.32229075
187,2024,42,235024.409191372,2311.4544573185094,TN,TENNESSEE,0.1317486,30964136.87679039
188,2024,43,72732.15175181985,2450.1826435012126,TX,TEXAS,0.1317486,9582359.168289812
189,2024,44,0.0,0.0,UT,UTAH,0.1317486,0.0
190,2024,45,0.0,0.0,VT,VERMONT,0.1317486,0.0
191,2024,46,73548.99039265304,323.54778884646726,VA,VIRGINIA,0.1317486,9689976.515645487
192,2024,47,0.0,0.0,WA,WASHINGTON,0.1317486,0.0
193,2024,48,160.54514528219875,1.4825279908685451,WV,WEST VIRGINIA,0.1317486,21151.598127726287
194,2024,49,1033363.5808009624,5288.90887930508,WI,WISCONSIN,0.1317486,136144205.06151366
195,2024,50,415672.40289946063,13621.72160364826,WY,WYOMING,0.1317486,54764257.14063987
196,2025,0,35093.18899109375,641.0848790210488,AL,ALABAMA,0.132162,4637986.043440933
197,2025,2,0.0,0.0,AZ,ARIZONA,0.132162,0.0
198,2025,3,407145.2272738684,7330.988853467758,AR,ARKANSAS,0.132162,53809127.52696899
199,2025,4,0.0,0.0,CA,CALIFORNIA,0.132162,0.0
200,2025,5,81340.62417246403,1502.926877837343,CO,COLORADO,0.132162,10750139.571881192
201,2025,6,0.0,0.0,CT,CONNECTICUT,0.132162,0.0
202,2025,7,236716.72062228585,844.2086884132684,DE,DELAWARE,0.132162,31284955.23088254
203,2025,8,0.0,0.0,DC,DISTRICT OF COLUMBIA,0.132162,0.0
204,2025,9,647.199523521424,31.18050624334452,FL,FLORIDA,0.132162,85535.18342763845
205,2025,10,421.5531414821367,55.339080297983024,GA,GEORGIA,0.132162,55713.30628456215
206,2025,12,721.3077466703056,53.24117788805721,ID,IDAHO,0.132162,95329.47441544093
207,2025,13,1705745.2042791878,15272.546533349525,IL,ILLINOIS,0.132162,225434697.68794605
208,2025,14,394704.6626330283,7642.574489340291,IN,INDIANA,0.132162,52164957.62290628
209,2025,15,5773393.391005278,36430.69886160428,IA,IOWA,0.132162,763023217.3420395
210,2025,16,523673.2826640239,4734.993919030934,KS,KANSAS,0.132162,69209708.38344273
211,2025,17,737519.3434009808,3929.228493490695,KY,KENTUCKY,0.132162,97472031.46256043
212,2025,18,346397.98055423464,6324.270244264597,LA,LOUISIANA,0.132162,45780649.90600876
213,2025,19,0.0,0.0,ME,MAINE,0.132162,0.0
214,2025,20,331387.60873403144,1446.2514042857756,MD,MARYLAND,0.132162,43796849.14550706
215,2025,21,0.0,0.0,MA,MASSACHUSETTS,0.132162,0.0
216,2025,22,201735.70919660688,1708.7752657390663,MI,MICHIGAN,0.132162,26661794.798841957
217,2025,23,1109648.894860717,11731.897388285108,MN,MINNESOTA,0.132162,146653417.24258208
218,2025,24,581502.081751596,8291.900357147133,MS,MISSISSIPPI,0.132162,76852478.12845443
219,2025,25,522543.6585977768,5639.37639295197,MO,MISSOURI,0.132162,69060415.00759937
220,2025,26,636339.5390685372,12914.19308273117,MT,MONTANA,0.132162,84099906.16237602
221,2025,27,644603.9814609147,7784.39484447933,NE,NEBRASKA,0.132162,85192151.39783742
222,2025,28,0.0,0.0,NV,NEVADA,0.132162,0.0
223,2025,29,0.0,0.0,NH,NEW HAMPSHIRE,0.132162,0.0
224,2025,30,80860.12215761794,310.7657861372759,NJ,NEW JERSEY,0.132162,10686635.464595102
225,2025,31,0.0,0.0,NM,NEW MEXICO,0.132162,0.0
226,2025,32,4516.70449789259,49.03688328724415,NY,NEW YORK,0.132162,596936.6998504804
227,2025,33,61600.02507558887,3489.6745472530665,NC,NORTH CAROLINA,0.132162,8141182.514039976
228,2025,34,282224.2470478462,3554.799562689917,ND,NORTH DAKOTA,0.132162,37299320.93833745
229,2025,35,1200422.020896203,10645.590493242762,OH,OHIO,0.132162,158650175.12568396
230,2025,36,25205.868160350143,552.5984899452806,OK,OKLAHOMA,0.132162,3331257.947808196
231,2025,37,0.0,0.0,OR,OREGON,0.132162,0.0
232,2025,38,170869.02093302124,1276.07163013296,PA,PENNSYLVANIA,0.132162,22582391.544549953
233,2025,39,0.0,0.0,RI,RHODE ISLAND,0.132162,0.0
234,2025,40,6370.341895833808,610.6394355937623,SC,SOUTH CAROLINA,0.132162,841917.1256371877
235,2025,41,1996169.7368854545,14885.688527639788,SD,SOUTH DAKOTA,0.132162,263817784.76625544
236,2025,42,888842.9160428612,7454.887030033447,TN,TENNESSEE,0.132162,117471257.47005662
237,2025,43,55127.20711239835,1592.282925194353,TX,TEXAS,0.132162,7285721.94638879
238,2025,44,0.0,0.0,UT,UTAH,0.132162,0.0
239,2025,45,0.0,0.0,VT,VERMONT,0.132162,0.0
240,2025,46,144776.23392821162,1137.4456055249293,VA,VIRGINIA,0.132162,19133916.628420305
241,2025,47,0.0,0.0,WA,WASHINGTON,0.132162,0.0
242,2025,48,14798.352274772693,75.09146829300232,WV,WEST VIRGINIA,0.132162,1955779.8333385086
243,2025,49,653434.4391309809,4921.625163659311,WI,WISCONSIN,0.132162,86359202.34442869
244,2025,50,384842.8463484752,14768.426149827854,WY,WYOMING,0.132162,50861600.25910718
245,2026,0,337816.8171596234,2024.5691130358257,AL,ALABAMA,0.1345792,45463116.99988839
246,2026,2,0.0,0.0,AZ,ARIZONA,0.1345792,0.0
247,2026,3,501714.06920462666,8670.374130478807,AR,ARKANSAS,0.1345792,67520278.0623033
248,2026,4,0.0,0.0,CA,CALIFORNIA,0.1345792,0.0
249,2026,5,68454.66769866396,1269.2455502872497,CO,COLORADO,0.1345792,9212574.415152038
250,2026,6,0.0,0.0,CT,CONNECTICUT,0.1345792,0.0
251,2026,7,205845.85778592783,963.2411472818164,DE,DELAWARE,0.1345792,27702570.86414394
252,2026,8,0.0,0.0,DC,DISTRICT OF COLUMBIA,0.1345792,0.0
253,2026,9,7398.658413084633,76.15293967749098,FL,FLORIDA,0.1345792,995705.5303061994
254,2026,10,229849.53188520105,1891.7167669795424,GA,GEORGIA,0.1345792,30932966.121484853
255,2026,12,603.8740500754755,45.24451501379024,ID,IDAHO,0.1345792,81268.88655991743
256,2026,13,3330247.846338805,18904.361440821947,IL,ILLINOIS,0.1345792,448182090.9619993
257,2026,14,2787798.8579563387,19709.374428163435,IN,INDIANA,0.1345792,375179740.0646778
258,2026,15,1016970.9586128072,9326.54781599312,IA,IOWA,0.1345792,136863138.03334472
259,2026,16,256563.79616027925,2112.4417235392666,KS,KANSAS,0.1345792,34528150.436213456
260,2026,17,2232085.908897768,10636.29305442988,KY,KENTUCKY,0.1345792,300392335.95073444
261,2026,18,468514.7408863858,7063.635336578962,LA,LOUISIANA,0.1345792,63052339.016697094
262,2026,19,0.0,0.0,ME,MAINE,0.1345792,0.0
263,2026,20,337628.50792231434,1873.591456997556,MD,MARYLAND,0.1345792,45437774.49337873
264,2026,21,0.0,0.0,MA,MASSACHUSETTS,0.1345792,0.0
265,2026,22,24301.70102847318,250.71509117841865,MI,MICHIGAN,0.1345792,3270503.483051098
266,2026,23,237251.92300732504,3693.6783827834815,MN,MINNESOTA,0.1345792,31929173.9967874
267,2026,24,862847.7599470326,9687.552595794652,MS,MISSISSIPPI,0.1345792,116121361.25546369
268,2026,25,1653539.9934583958,12409.860307551338,MO,MISSOURI,0.1345792,222532089.48763615
269,2026,26,566855.2304088417,9912.499105396264,MT,MONTANA,0.1345792,76286923.4242376
270,2026,27,105448.40319001875,2895.025351843062,NE,NEBRASKA,0.1345792,14191161.742590174
271,2026,28,0.0,0.0,NV,NEVADA,0.1345792,0.0
272,2026,29,0.0,0.0,NH,NEW HAMPSHIRE,0.1345792,0.0
273,2026,30,77985.34176196644,595.4255621114477,NJ,NEW JERSEY,0.1345792,10495204.906052034
274,2026,31,0.0,0.0,NM,NEW MEXICO,0.1345792,0.0
275,2026,32,0.0,0.0,NY,NEW YORK,0.1345792,0.0
276,2026,33,535163.1202552245,5474.658789301264,NC,NORTH CAROLINA,0.1345792,72021824.59345192
277,2026,34,112010.17139599394,2346.689841556411,ND,NORTH DAKOTA,0.1345792,15074239.258335749
278,2026,35,3020737.467868615,19452.73616060727,OH,OHIO,0.1345792,406528431.83578396
279,2026,36,15514.15256751739,380.61283501302273,OK,OKLAHOMA,0.1345792,2087882.2412144365
280,2026,37,0.0,0.0,OR,OREGON,0.1345792,0.0
281,2026,38,207005.8770942642,1739.72591866752,PA,PENNSYLVANIA,0.1345792,27858685.334644403
282,2026,39,0.0,0.0,RI,RHODE ISLAND,0.1345792,0.0
283,2026,40,314183.22445343784,2810.485896602385,SC,SOUTH CAROLINA,0.1345792,42282527.00036411
284,2026,41,394231.4477781479,3551.3504127895208,SD,SOUTH DAKOTA,0.1345792,53055352.85682492
285,2026,42,1578392.660247487,8850.340726447195,TN,TENNESSEE,0.1345792,212418821.50197864
286,2026,43,60496.44845768617,1555.464116821675,TX,TEXAS,0.1345792,8141563.636276639
287,2026,44,0.0,0.0,UT,UTAH,0.1345792,0.0
288,2026,45,0.0,0.0,VT,VERMONT,0.1345792,0.0
289,2026,46,137472.87406968256,1396.1747342058684,VA,VIRGINIA,0.1345792,18500989.413998626
290,2026,47,0.0,0.0,WA,WASHINGTON,0.1345792,0.0
291,2026,48,24490.539727135623,118.75272504494096,WV,WEST VIRGINIA,0.1345792,3295917.2440461307
292,2026,49,32402.18980959407,666.0623500086521,WI,WISCONSIN,0.1345792,4360660.782823323
293,2026,50,301030.8281419802,12221.5737444962,WY,WYOMING,0.1345792,40512488.026685186
294,2027,0,5123.555190394656,45.6670435923486,AL,ALABAMA,0.1369964,701908.6162853824
295,2027,2,0.0,0.0,AZ,ARIZONA,0.1369964,0.0
296,2027,3,271755.857938049,5957.469351335147,AR,ARKANSAS,0.1369964,37229574.21642414
297,2027,4,0.0,0.0,CA,CALIFORNIA,0.1369964,0.0
298,2027,5,73026.62052027251,1390.8024867129595,CO,COLORADO,0.1369964,10004384.11544346
299,2027,6,0.0,0.0,CT,CONNECTICUT,0.1369964,0.0
300,2027,7,337920.165687682,925.6895070061169,DE,DELAWARE,0.1369964,46293846.18661595
301,2027,8,0.0,0.0,DC,DISTRICT OF COLUMBIA,0.1369964,0.0
302,2027,9,2277.0753178859086,15.076985627018278,FL,FLORIDA,0.1369964,311951.1210792251
303,2027,10,87481.13041448858,806.2849999553466,GA,GEORGIA,0.1369964,11984599.934715442
304,2027,12,749.062929787833,51.09379429454653,ID,IDAHO,0.1369964,102618.92475438588
305,2027,13,9964597.444619462,49028.35182897605,IL,ILLINOIS,0.1369964,1365113977.3620656
306,2027,14,9377712.609135984,31292.407693957284,IN,INDIANA,0.1369964,1284712867.6862369
307,2027,15,8966400.69205019,50006.90899780243,IA,IOWA,0.1369964,1228364615.7683845
308,2027,16,370973.7606391141,3032.184051145414,KS,KANSAS,0.1369964,50822069.702020325
309,2027,17,2874685.340056412,11752.36710204764,KY,KENTUCKY,0.1369964,393821542.72050416
310,2027,18,7496.950898598117,109.0851002207739,LA,LOUISIANA,0.1369964,1027055.2840847071
311,2027,19,0.0,0.0,ME,MAINE,0.1369964,0.0
312,2027,20,592490.7322597466,1630.5742995350352,MD,MARYLAND,0.1369964,81169097.35294916
313,2027,21,0.0,0.0,MA,MASSACHUSETTS,0.1369964,0.0
314,2027,22,519867.1822763498,2119.3616907443657,MI,MICHIGAN,0.1369964,71219932.45000371
315,2027,23,4354856.029880285,32572.99521976464,MN,MINNESOTA,0.1369964,596599598.6118915
316,2027,24,14611.95841939006,288.2718896944792,MS,MISSISSIPPI,0.1369964,2001785.7004061283
317,2027,25,4141912.103455135,22820.61154057506,MO,MISSOURI,0.1369964,567427047.2897811
318,2027,26,369327.8523343796,7403.450006387353,MT,MONTANA,0.1369964,50596586.1895416
319,2027,27,711819.2963054877,8590.170460306286,NE,NEBRASKA,0.1369964,97516681.04438512
320,2027,28,0.0,0.0,NV,NEVADA,0.1369964,0.0
321,2027,29,0.0,0.0,NH,NEW HAMPSHIRE,0.1369964,0.0
322,2027,30,85888.07032648203,393.34604937245547,NJ,NEW JERSEY,0.1369964,11766356.437674861
323,2027,31,0.0,0.0,NM,NEW MEXICO,0.1369964,0.0
324,2027,32,14215.7793103531,89.97422205167663,NY,NEW YORK,0.1369964,1947510.5887128573
325,2027,33,466245.9603484933,3452.0733989644214,NC,NORTH CAROLINA,0.1369964,63874018.08228632
326,2027,34,747993.3314588341,8070.897681271452,ND,NORTH DAKOTA,0.1369964,102472393.63386703
327,2027,35,7645006.587608572,23259.58839171182,OH,OHIO,0.1369964,1047338380.4786589
328,2027,36,37740.49838736432,939.6434202491714,OK,OKLAHOMA,0.1369964,5170312.413274717
329,2027,37,0.0,0.0,OR,OREGON,0.1369964,0.0
330,2027,38,183417.44110463333,1299.1253108031287,PA,PENNSYLVANIA,0.1369964,25127529.12854679
331,2027,39,0.0,0.0,RI,RHODE ISLAND,0.1369964,0.0
332,2027,40,76779.96454339888,1044.2290082933423,SC,SOUTH CAROLINA,0.1369964,10518578.734573288
333,2027,41,3676599.569751337,23704.459074147653,SD,SOUTH DAKOTA,0.1369964,503680905.297482
334,2027,42,754274.5531524259,5237.851026258979,TN,TENNESSEE,0.1369964,103332898.39349099
335,2027,43,47535.99705175326,1542.2327744515644,TX,TEXAS,0.1369964,6512260.466500809
336,2027,44,0.0,0.0,UT,UTAH,0.1369964,0.0
337,2027,45,0.0,0.0,VT,VERMONT,0.1369964,0.0
338,2027,46,330196.490516172,1020.205473197934,VA,VIRGINIA,0.1369964,45235730.49334971
339,2027,47,0.0,0.0,WA,WASHINGTON,0.1369964,0.0
340,2027,48,67425.68153068489,226.2884118092775,WV,WEST VIRGINIA,0.1369964,9237075.63725032
341,2027,49,813115.328239002,5000.002863619464,WI,WISCONSIN,0.1369964,111393872.7535616
342,2027,50,435243.283360298,13498.864820757382,WY,WYOMING,0.1369964,59626762.94454073
343,2028,0,350835.2072004892,2327.733967705916,AL,ALABAMA,0.1394136,48911199.242566116
344,2028,2,0.0,0.0,AZ,ARIZONA,0.1394136,0.0
345,2028,3,293778.179785404,7527.455544104907,AR,ARKANSAS,0.1394136,40956673.6453304
346,2028,4,0.0,0.0,CA,CALIFORNIA,0.1394136,0.0
347,2028,5,87673.55364317476,1683.1568220517322,CO,COLORADO,0.1394136,12222885.73818811
348,2028,6,0.0,0.0,CT,CONNECTICUT,0.1394136,0.0
349,2028,7,163921.5959151979,787.4995240237517,DE,DELAWARE,0.1394136,22852899.80428303
350,2028,8,0.0,0.0,DC,DISTRICT OF COLUMBIA,0.1394136,0.0
351,2028,9,15400.389941741758,128.15353343647234,FL,FLORIDA,0.1394136,2147023.8031820087
352,2028,10,146142.40893289418,1786.8402963803164,GA,GEORGIA,0.1394136,20374239.342006933
353,2028,12,926.7362392278326,64.48108631996486,ID,IDAHO,0.1394136,129199.63536121335
354,2028,13,10730092.609173233,48633.88419761538,IL,ILLINOIS,0.1394136,1495920838.9782333
355,2028,14,8911794.85671226,31505.23345264884,IN,INDIANA,0.1394136,1242425403.4357402
356,2028,15,10165015.56248566,49872.92331758481,IA,IOWA,0.1394136,1417141413.6221507
357,2028,16,2127762.4276077766,16654.69251696241,KS,KANSAS,0.1394136,296639019.97753954
358,2028,17,2902117.962930266,11829.903168082408,KY,KENTUCKY,0.1394136,404594712.8367749
359,2028,18,137838.84117071686,3721.2960437393103,LA,LOUISIANA,0.1394136,19216609.06743785
360,2028,19,0.0,0.0,ME,MAINE,0.1394136,0.0
361,2028,20,281819.77658786066,1358.218600444567,MD,MARYLAND,0.1394136,39289509.60530937
362,2028,21,0.0,0.0,MA,MASSACHUSETTS,0.1394136,0.0
363,2028,22,694003.8642650654,2345.580212337357,MI,MICHIGAN,0.1394136,96753577.13110413
364,2028,23,4443202.140577788,32168.62355966476,MN,MINNESOTA,0.1394136,619442805.9456556
365,2028,24,722627.3480789632,9145.86466544496,MS,MISSISSIPPI,0.1394136,100744080.05414136
366,2028,25,5562760.574184818,30312.96379792008,MO,MISSOURI,0.1394136,775524477.5851725
367,2028,26,854097.1598778837,13252.619115035624,MT,MONTANA,0.1394136,119072759.80835134
368,2028,27,1342083.3568423912,13676.722269319687,NE,NEBRASKA,0.1394136,187104672.2774824
369,2028,28,0.0,0.0,NV,NEVADA,0.1394136,0.0
370,2028,29,38.91578160140367,0.7905661390683882,NH,NEW HAMPSHIRE,0.1394136,5425.3892098654505
371,2028,30,104544.05135416404,504.9423817464998,NJ,NEW JERSEY,0.1394136,14574862.557868883
372,2028,31,0.0,0.0,NM,NEW MEXICO,0.1394136,0.0
373,2028,32,23384.04034389084,93.290658020617,NY,NEW YORK,0.1394136,3260053.24688706
374,2028,33,449802.09872993967,3551.145122215719,NC,NORTH CAROLINA,0.1394136,62708529.87149631
375,2028,34,793436.3601275379,8189.712736325078,ND,NORTH DAKOTA,0.1394136,110615819.33627652
376,2028,35,9387968.037638305,26683.34756368228,OH,OHIO,0.1394136,1308810420.8120916
377,2028,36,182827.79768037944,4210.722147945216,OK,OKLAHOMA,0.1394136,25488681.454693347
378,2028,37,0.0,0.0,OR,OREGON,0.1394136,0.0
379,2028,38,792724.9781740317,3618.942302431829,PA,PENNSYLVANIA,0.1394136,110516643.01716319
380,2028,39,0.0,0.0,RI,RHODE ISLAND,0.1394136,0.0
381,2028,40,88208.7612256156,1489.906826491704,SC,SOUTH CAROLINA,0.1394136,12297500.954003483
382,2028,41,3465774.381642288,22134.683832188155,SD,SOUTH DAKOTA,0.1394136,483176083.3325253
383,2028,42,1562438.3885725136,9646.790879595694,TN,TENNESSEE,0.1394136,217825160.52909297
384,2028,43,69109.25095625353,2207.4283955957944,TX,TEXAS,0.1394136,9634769.469114747
385,2028,44,0.0,0.0,UT,UTAH,0.1394136,0.0
386,2028,45,0.0,0.0,VT,VERMONT,0.1394136,0.0
387,2028,46,165871.13022800835,777.6484312955203,VA,VIRGINIA,0.1394136,23124691.401155464
388,2028,47,0.0,0.0,WA,WASHINGTON,0.1394136,0.0
389,2028,48,55487.74812370888,263.68128739387583,WV,WEST VIRGINIA,0.1394136,7735746.7218195
390,2028,49,1024634.9596673092,4891.864395150102,WI,WISCONSIN,0.1394136,142848048.41307437
391,2028,50,443789.5310330227,13811.645557608008,WY,WYOMING,0.1394136,61870296.16362541
392,2029,0,0.0,0.0,AL,ALABAMA,0.1418307999999999,0.0
393,2029,2,0.0,0.0,AZ,ARIZONA,0.1418307999999999,0.0
394,2029,3,4067.997417578918,201.2599596208221,AR,ARKANSAS,0.1418307999999999,576967.3281331515
395,2029,4,0.0,0.0,CA,CALIFORNIA,0.1418307999999999,0.0
396,2029,5,83107.60702965637,1577.4054302711154,CO,COLORADO,0.1418307999999999,11787218.391101778
397,2029,6,0.0,0.0,CT,CONNECTICUT,0.1418307999999999,0.0
398,2029,7,0.0,0.0,DE,DELAWARE,0.1418307999999999,0.0
399,2029,8,0.0,0.0,DC,DISTRICT OF COLUMBIA,0.1418307999999999,0.0
400,2029,9,354.3510227715327,9.785859754304887,FL,FLORIDA,0.1418307999999999,50257.88904050466
401,2029,10,4770.01700812156,110.53282340527905,GA,GEORGIA,0.1418307999999999,676535.328275487
402,2029,12,676.4252458779356,51.47100795819809,ID,IDAHO,0.1418307999999999,95937.93376306423
403,2029,13,3983480.955904868,26748.17969359787,IL,ILLINOIS,0.1418307999999999,564980290.7607517
404,2029,14,1492735.2810738462,13673.619137801912,IN,INDIANA,0.1418307999999999,211715839.1029283
405,2029,15,9801442.889170822,48671.53835376131,IA,IOWA,0.1418307999999999,1390146486.125408
406,2029,16,1540267.36823851,14477.14381940671,KS,KANSAS,0.1418307999999999,218457353.05116233
407,2029,17,325.1234108650662,48.83160223806197,KY,KENTUCKY,0.1418307999999999,46112.513461721
408,2029,18,236.2437593765415,5.236777765166806,LA,LOUISIANA,0.1418307999999999,33506.64138738236
409,2029,19,0.0,0.0,ME,MAINE,0.1418307999999999,0.0
410,2029,20,0.0,0.0,MD,MARYLAND,0.1418307999999999,0.0
411,2029,21,0.0,0.0,MA,MASSACHUSETTS,0.1418307999999999,0.0
412,2029,22,391356.0508731388,2332.157809130542,MI,MICHIGAN,0.1418307999999999,55506341.78017794
413,2029,23,4187187.448530484,31176.358781360457,MN,MINNESOTA,0.1418307999999999,593872145.575037
414,2029,24,0.0,0.0,MS,MISSISSIPPI,0.1418307999999999,0.0
415,2029,25,1739217.9241140338,13339.612573866289,MO,MISSOURI,0.1418307999999999,246674669.55143252
416,2029,26,606042.0143457886,10564.683221871825,MT,MONTANA,0.1418307999999999,85955423.72827461
417,2029,27,1169982.0504581206,12197.670266724695,NE,NEBRASKA,0.1418307999999999,165939490.20211548
418,2029,28,0.0,0.0,NV,NEVADA,0.1418307999999999,0.0
419,2029,29,9.79994230070735,0.4357414696306398,NH,NEW HAMPSHIRE,0.1418307999999999,1389.933656463163
420,2029,30,0.0,0.0,NJ,NEW JERSEY,0.1418307999999999,0.0
421,2029,31,0.0,0.0,NM,NEW MEXICO,0.1418307999999999,0.0
422,2029,32,0.0,0.0,NY,NEW YORK,0.1418307999999999,0.0
423,2029,33,755.4605973947939,24.59431680366514,NC,NORTH CAROLINA,0.1418307999999999,107147.58089698145
424,2029,34,740010.3041338016,7636.925745058626,ND,NORTH DAKOTA,0.1418307999999999,104956253.4435403
425,2029,35,2395680.581490649,10478.60155871155,OH,OHIO,0.1418307999999999,339781293.41728365
426,2029,36,74719.15664373868,1736.0455618154328,OK,OKLAHOMA,0.1418307999999999,10597477.762106763
427,2029,37,0.0,0.0,OR,OREGON,0.1418307999999999,0.0
428,2029,38,0.0,0.0,PA,PENNSYLVANIA,0.1418307999999999,0.0
429,2029,39,0.0,0.0,RI,RHODE ISLAND,0.1418307999999999,0.0
430,2029,40,1078.817257554337,28.288203330249463,SC,SOUTH CAROLINA,0.1418307999999999,153009.51469273755
431,2029,41,3301113.740264342,21101.99015433481,SD,SOUTH DAKOTA,0.1418307999999999,468199602.67268354
432,2029,42,54686.18572271925,727.1301859367695,TN,TENNESSEE,0.1418307999999999,7756185.470001844
433,2029,43,7918.107596111367,273.18520125806333,TX,TEXAS,0.1418307999999999,1123031.5348425512
434,2029,44,0.0,0.0,UT,UTAH,0.1418307999999999,0.0
435,2029,45,0.0,0.0,VT,VERMONT,0.1418307999999999,0.0
436,2029,46,2127.8341072628627,18.731373634935824,VA,VIRGINIA,0.1418307999999999,301792.41370037745
437,2029,47,0.0,0.0,WA,WASHINGTON,0.1418307999999999,0.0
438,2029,48,0.0,0.0,WV,WEST VIRGINIA,0.1418307999999999,0.0
439,2029,49,824494.6741987886,4517.331778906688,WI,WISCONSIN,0.1418307999999999,116938739.23735346
440,2029,50,285585.5813147356,9905.751656966784,WY,WYOMING,0.1418307999999999,40504831.46633397
441,2030,0,277869.7708468036,2250.677316812712,AL,ALABAMA,0.144248,40082158.70510972
442,2030,2,0.0,0.0,AZ,ARIZONA,0.144248,0.0
443,2030,3,120155.18017545194,2788.1658970528533,AR,ARKANSAS,0.144248,17332144.42994859
444,2030,4,0.0,0.0,CA,CALIFORNIA,0.144248,0.0
445,2030,5,82149.63099795526,1511.242733415765,CO,COLORADO,0.144248,11849919.97219305
446,2030,6,0.0,0.0,CT,CONNECTICUT,0.144248,0.0
447,2030,7,410.8481817801766,15.654362895647534,DE,DELAWARE,0.144248,59264.02852542692
448,2030,8,0.0,0.0,DC,DISTRICT OF COLUMBIA,0.144248,0.0
449,2030,9,2791.935496026296,40.253303733564216,FL,FLORIDA,0.144248,402731.11143080104
450,2030,10,122054.67031942568,2233.3339982482034,GA,GEORGIA,0.144248,17606142.084236514
451,2030,12,655.9152043769728,44.74016159976691,ID,IDAHO,0.144248,94614.45640096958
452,2030,13,432746.9765794407,4643.104984686522,IL,ILLINOIS,0.144248,62422885.87763116
453,2030,14,95054.2574645815,1767.2051599775004,IN,INDIANA,0.144248,13711386.53075095
454,2030,15,785495.1500164852,8390.00294622915,IA,IOWA,0.144248,113306104.39957795
455,2030,16,429978.9531117068,3613.802907496951,KS,KANSAS,0.144248,62023604.028457485
456,2030,17,1372557.1560696189,8357.332091091816,KY,KENTUCKY,0.144248,197988624.64873037
457,2030,18,596679.2820612282,10141.487420766583,LA,LOUISIANA,0.144248,86069793.07876803
458,2030,19,0.0,0.0,ME,MAINE,0.144248,0.0
459,2030,20,8917.20912452697,191.6279956308612,MD,MARYLAND,0.144248,1286289.5817947662
460,2030,21,0.0,0.0,MA,MASSACHUSETTS,0.144248,0.0
461,2030,22,17107.552288715582,273.65061108337113,MI,MICHIGAN,0.144248,2467730.202542645
462,2030,23,860212.3303717984,8453.712631811382,MN,MINNESOTA,0.144248,124083908.23147117
463,2030,24,685251.147472688,8776.142383698749,MS,MISSISSIPPI,0.144248,98846107.52064028
464,2030,25,1140380.2142585972,9453.137613008865,MO,MISSOURI,0.144248,164497565.1463741
465,2030,26,780361.0123497689,11494.85557874595,MT,MONTANA,0.144248,112565515.30942945
466,2030,27,634658.0720531855,8353.014283292487,NE,NEBRASKA,0.144248,91548157.57752791
467,2030,28,0.0,0.0,NV,NEVADA,0.144248,0.0
468,2030,29,0.0,0.0,NH,NEW HAMPSHIRE,0.144248,0.0
469,2030,30,5586.7604884317,177.07429807051534,NJ,NEW JERSEY,0.144248,805879.0269352958
470,2030,31,0.0,0.0,NM,NEW MEXICO,0.144248,0.0
471,2030,32,0.0,0.0,NY,NEW YORK,0.144248,0.0
472,2030,33,530313.8835131733,6402.830977282074,NC,NORTH CAROLINA,0.144248,76496717.06900822
473,2030,34,568543.310934756,6465.087287534802,ND,NORTH DAKOTA,0.144248,82011235.51571667
474,2030,35,0.0,0.0,OH,OHIO,0.144248,0.0
475,2030,36,49828.361646905934,1398.0618721285632,OK,OKLAHOMA,0.144248,7187641.510842887
476,2030,37,0.0,0.0,OR,OREGON,0.144248,0.0
477,2030,38,9516.562026098203,281.9987902150187,PA,PENNSYLVANIA,0.144248,1372745.0391406135
478,2030,39,0.0,0.0,RI,RHODE ISLAND,0.144248,0.0
479,2030,40,259135.07750608228,3897.598188647268,SC,SOUTH CAROLINA,0.144248,37379716.66009735
480,2030,41,1963560.292777185,15152.593362800557,SD,SOUTH DAKOTA,0.144248,283239645.1125234
481,2030,42,727042.0041271083,5157.63479494368,TN,TENNESSEE,0.144248,104874355.0113271
482,2030,43,26319.60346960678,1051.502653064436,TX,TEXAS,0.144248,3796550.1612838386
483,2030,44,0.0,0.0,UT,UTAH,0.144248,0.0
484,2030,45,0.0,0.0,VT,VERMONT,0.144248,0.0
485,2030,46,26448.609002435664,339.5034320597555,VA,VIRGINIA,0.144248,3815158.9513833392
486,2030,47,0.0,0.0,WA,WASHINGTON,0.144248,0.0
487,2030,48,266.29283255573966,40.81635811124282,WV,WEST VIRGINIA,0.144248,38412.208510500335
488,2030,49,8066.9601571152125,96.79251517404332,WI,WISCONSIN,0.144248,1163642.8687435552
489,2030,50,339944.2478909595,11065.946396856554,WY,WYOMING,0.144248,49036277.869775124
490,2031,0,814.6574804124198,15.740748001096032,AL,ALABAMA,0.1406666,114595.09793418169
491,2031,2,0.0,0.0,AZ,ARIZONA,0.1406666,0.0
492,2031,3,28897.88972536716,471.8618975034507,AR,ARKANSAS,0.1406666,4064967.894842332
493,2031,4,0.0,0.0,CA,CALIFORNIA,0.1406666,0.0
494,2031,5,80519.20185444207,1508.6747693458733,CO,COLORADO,0.1406666,11326362.359578062
495,2031,6,0.0,0.0,CT,CONNECTICUT,0.1406666,0.0
496,2031,7,149356.94019946363,1149.0097065161422,DE,DELAWARE,0.1406666,21009532.96426187
497,2031,8,0.0,0.0,DC,DISTRICT OF COLUMBIA,0.1406666,0.0
498,2031,9,0.0,0.0,FL,FLORIDA,0.1406666,0.0
499,2031,10,0.0,0.0,GA,GEORGIA,0.1406666,0.0
500,2031,12,823.566245403308,56.17568652407786,ID,IDAHO,0.1406666,115848.26361564898
501,2031,13,8791607.23622263,39941.271054653655,IL,ILLINOIS,0.1406666,1236685498.4548342
502,2031,14,8310036.203493707,29311.2497573508,IN,INDIANA,0.1406666,1168944538.6223679
503,2031,15,8465095.551636813,43058.36231825515,IA,IOWA,0.1406666,1190756209.9238749
504,2031,16,1957287.9207468336,15080.59030207698,KS,KANSAS,0.1406666,275325037.03252655
505,2031,17,441464.28677829966,1787.8725838283017,KY,KENTUCKY,0.1406666,62099280.24252837
506,2031,18,4917.256134858708,144.0382634359906,LA,LOUISIANA,0.1406666,691693.7018197159
507,2031,19,0.0,0.0,ME,MAINE,0.1406666,0.0
508,2031,20,434433.9209637928,2326.842659775556,MD,MARYLAND,0.1406666,61110342.586645454
509,2031,21,0.0,0.0,MA,MASSACHUSETTS,0.1406666,0.0
510,2031,22,639367.7582611677,2635.347899361886,MI,MICHIGAN,0.1406666,89937688.70422037
511,2031,23,2231195.61485994,20100.9515388448,MN,MINNESOTA,0.1406666,313854701.0772573
512,2031,24,0.0,0.0,MS,MISSISSIPPI,0.1406666,0.0
513,2031,25,4732850.174941485,25081.431433845268,MO,MISSOURI,0.1406666,665753942.4184238
514,2031,26,830987.6434287007,12021.843235256514,MT,MONTANA,0.1406666,116892206.44312768
515,2031,27,1133900.0675045946,11557.181232519411,NE,NEBRASKA,0.1406666,159501867.2356418
516,2031,28,0.0,0.0,NV,NEVADA,0.1406666,0.0
517,2031,29,3.110594369731203,0.3948511789461679,NH,NEW HAMPSHIRE,0.1406666,437.55673396923123
518,2031,30,236734.96708794023,999.7355356166364,NJ,NEW JERSEY,0.1406666,33300702.92137245
519,2031,31,0.0,0.0,NM,NEW MEXICO,0.1406666,0.0
520,2031,32,29763.9882160739,151.1802555714554,NY,NEW YORK,0.1406666,4186799.024795181
521,2031,33,120806.22397074624,2336.390617090064,NC,NORTH CAROLINA,0.1406666,16993400.784803376
522,2031,34,237524.298713281,2525.3263720429613,ND,NORTH DAKOTA,0.1406666,33411735.517381616
523,2031,35,8636822.684907138,26402.83987784836,OH,OHIO,0.1406666,1214912481.8887587
524,2031,36,61028.68000625759,1578.8996721575877,OK,OKLAHOMA,0.1406666,8584696.918968234
525,2031,37,0.0,0.0,OR,OREGON,0.1406666,0.0
526,2031,38,1049613.7724005382,4533.432647519447,PA,PENNSYLVANIA,0.1406666,147645600.67675754
527,2031,39,0.0,0.0,RI,RHODE ISLAND,0.1406666,0.0
528,2031,40,284.9125932469636,11.497277992731144,SC,SOUTH CAROLINA,0.1406666,40077.68578923333
529,2031,41,2406256.4080807776,16015.326840129695,SD,SOUTH DAKOTA,0.1406666,338479907.6529355
530,2031,42,133647.6902334284,701.9134092925681,TN,TENNESSEE,0.1406666,18799766.18298958
531,2031,43,28707.985999469267,816.0170891811931,TX,TEXAS,0.1406666,4038254.7833929434
532,2031,44,0.0,0.0,UT,UTAH,0.1406666,0.0
533,2031,45,0.0,0.0,VT,VERMONT,0.1406666,0.0
534,2031,46,334897.4047343153,1998.1928677350063,VA,VIRGINIA,0.1406666,47108879.272800036
535,2031,47,0.0,0.0,WA,WASHINGTON,0.1406666,0.0
536,2031,48,76505.4965254701,282.2355347851322,WV,WEST VIRGINIA,0.1406666,10761768.077549692
537,2031,49,459852.0009942639,3506.7285191337387,WI,WISCONSIN,0.1406666,64685817.48305972
538,2031,50,395019.3248361325,11780.27153176658,WY,WYOMING,0.1406666,55566025.35899432
539,2032,0,65131.04749090612,546.1740086419595,AL,ALABAMA,0.1370852,8928502.671500364
540,2032,2,0.0,0.0,AZ,ARIZONA,0.1370852,0.0
541,2032,3,122093.48106776724,3059.711308327389,AR,ARKANSAS,0.1370852,16737209.270871084
542,2032,4,0.0,0.0,CA,CALIFORNIA,0.1370852,0.0
543,2032,5,79799.81445665513,1522.8752966702552,CO,COLORADO,0.1370852,10939373.524753459
544,2032,6,0.0,0.0,CT,CONNECTICUT,0.1370852,0.0
545,2032,7,104045.3596702286,957.029778146234,DE,DELAWARE,0.1370852,14263078.939465221
546,2032,8,0.0,0.0,DC,DISTRICT OF COLUMBIA,0.1370852,0.0
547,2032,9,8673.407966976385,106.88343693772774,FL,FLORIDA,0.1370852,1188995.8658345512
548,2032,10,6588.588211993915,143.0614116656737,GA,GEORGIA,0.1370852,903197.9327588282
549,2032,12,333.9170204538016,22.77657440523303,ID,IDAHO,0.1370852,45775.08153231348
550,2032,13,2873815.4150401102,28588.776039421995,IL,ILLINOIS,0.1370852,393957560.9338565
551,2032,14,196494.8762541655,2968.8782140096973,IN,INDIANA,0.1370852,26936539.410277527
552,2032,15,5383507.405095274,36597.598663319,IA,IOWA,0.1370852,737999189.3289666
553,2032,16,423070.0621577702,5009.261201957384,KS,KANSAS,0.1370852,57996644.084910356
554,2032,17,265305.5247946997,2950.440717223719,KY,KENTUCKY,0.1370852,36369460.92758636
555,2032,18,501927.38545863656,8372.97551174847,LA,LOUISIANA,0.1370852,68806816.02107428
556,2032,19,0.0,0.0,ME,MAINE,0.1370852,0.0
557,2032,20,90553.17583578732,756.6327237758618,MD,MARYLAND,0.1370852,12413500.220084071
558,2032,21,0.0,0.0,MA,MASSACHUSETTS,0.1370852,0.0
559,2032,22,36724.71563486073,253.93710087342896,MI,MICHIGAN,0.1370852,5034414.98774801
560,2032,23,335683.271869142,4870.675104366184,MN,MINNESOTA,0.1370852,46017208.4608357
561,2032,24,209490.8942798847,4982.622463923432,MS,MISSISSIPPI,0.1370852,28718101.14053685
562,2032,25,3380836.9957385515,22193.8872239674,MO,MISSOURI,0.1370852,463462715.72821844
563,2032,26,410522.8709355866,6708.0829630639455,MT,MONTANA,0.1370852,56276609.86677907
564,2032,27,299154.63362595777,5496.549859300585,NE,NEBRASKA,0.1370852,41009672.78154115
565,2032,28,0.0,0.0,NV,NEVADA,0.1370852,0.0
566,2032,29,0.0,0.0,NH,NEW HAMPSHIRE,0.1370852,0.0
567,2032,30,102944.04485238368,660.1043509969247,NJ,NEW JERSEY,0.1370852,14112104.977397988
568,2032,31,0.0,0.0,NM,NEW MEXICO,0.1370852,0.0
569,2032,32,0.0,0.0,NY,NEW YORK,0.1370852,0.0
570,2032,33,41432.87782070776,1434.766591536987,NC,NORTH CAROLINA,0.1370852,5679834.342627287
571,2032,34,424330.22843948565,5930.460173684598,ND,NORTH DAKOTA,0.1370852,58169394.23167258
572,2032,35,182943.8730284405,3032.9527073863883,OH,OHIO,0.1370852,25078897.422878366
573,2032,36,24548.16750350136,619.1958000789725,OK,OKLAHOMA,0.1370852,3365190.4518509847
574,2032,37,0.0,0.0,OR,OREGON,0.1370852,0.0
575,2032,38,63544.35112584098,859.545962007071,PA,PENNSYLVANIA,0.1370852,8710990.082956135
576,2032,39,0.0,0.0,RI,RHODE ISLAND,0.1370852,0.0
577,2032,40,0.0,0.0,SC,SOUTH CAROLINA,0.1370852,0.0
578,2032,41,1082022.7362928768,8597.736723991531,SD,SOUTH DAKOTA,0.1370852,148329303.20925626
579,2032,42,286362.42204661865,3139.361477585556,TN,TENNESSEE,0.1370852,39256049.89874512
580,2032,43,35022.959694705045,922.2108551612156,TX,TEXAS,0.1370852,4801129.43434058
581,2032,44,0.0,0.0,UT,UTAH,0.1370852,0.0
582,2032,45,0.0,0.0,VT,VERMONT,0.1370852,0.0
583,2032,46,1555.1665995719934,15.117842384696877,VA,VIRGINIA,0.1370852,213190.3243356466
584,2032,47,0.0,0.0,WA,WASHINGTON,0.1370852,0.0
585,2032,48,791.3641752309948,18.12252101225464,WV,WEST VIRGINIA,0.1370852,108484.31623437595
586,2032,49,202418.8130137633,1949.8483741394784,WI,WISCONSIN,0.1370852,27748623.465754345
587,2032,50,329110.9030263524,10065.068293448046,WY,WYOMING,0.1370852,45116233.963548124
588,2033,0,161719.13536141824,1200.5136273897604,AL,ALABAMA,0.1335038,21590119.10346371
589,2033,2,0.0,0.0,AZ,ARIZONA,0.1335038,0.0
590,2033,3,245701.9648463429,6802.6606959546425,AR,ARKANSAS,0.1335038,32802145.974453192
591,2033,4,0.0,0.0,CA,CALIFORNIA,0.1335038,0.0
592,2033,5,106656.49747850058,1939.1276472890845,CO,COLORADO,0.1335038,14239047.708070247
593,2033,6,0.0,0.0,CT,CONNECTICUT,0.1335038,0.0
594,2033,7,275245.49299871374,1148.8142441332764,DE,DELAWARE,0.1335038,36746319.24820168
595,2033,8,0.0,0.0,DC,DISTRICT OF COLUMBIA,0.1335038,0.0
596,2033,9,16963.280064053244,164.21251481903522,FL,FLORIDA,0.1335038,2264662.349015352
597,2033,10,236665.0925658836,2214.054392586668,GA,GEORGIA,0.1335038,31595689.18489721
598,2033,12,230.1774267682997,15.700467379795011,ID,IDAHO,0.1335038,30729.561147789733
599,2033,13,569139.5902313779,4559.250041408857,IL,ILLINOIS,0.1335038,75982298.02633183
600,2033,14,492095.72949420137,3507.832263582515,IN,INDIANA,0.1335038,65696649.85124797
601,2033,15,0.0,0.0,IA,IOWA,0.1335038,0.0
602,2033,16,10583.938830840088,120.94347454802002,KS,KANSAS,0.1335038,1412996.052884709
603,2033,17,1842786.907736442,10747.926149104034,KY,KENTUCKY,0.1335038,246019054.77306443
604,2033,18,64321.3047555934,1393.882116074446,LA,LOUISIANA,0.1335038,8587138.60582979
605,2033,19,0.0,0.0,ME,MAINE,0.1335038,0.0
606,2033,20,361398.5969169214,1924.0307820363528,MD,MARYLAND,0.1335038,48248086.00307729
607,2033,21,0.0,0.0,MA,MASSACHUSETTS,0.1335038,0.0
608,2033,22,3946.070857467536,87.06773172507766,MI,MICHIGAN,0.1335038,526815.4545411745
609,2033,23,20381.85223233744,328.2370661590239,MN,MINNESOTA,0.1335038,2721054.724055531
610,2033,24,198808.7897009131,2818.8990495809385,MS,MISSISSIPPI,0.1335038,26541728.898472764
611,2033,25,673526.6114755545,4515.01817108244,MO,MISSOURI,0.1335038,89918362.03311014
612,2033,26,91022.73759738728,2118.802279907149,MT,MONTANA,0.1335038,12151881.355654074
613,2033,27,30251.573989971217,479.4986979342039,NE,NEBRASKA,0.1335038,4038700.0836423193
614,2033,28,0.0,0.0,NV,NEVADA,0.1335038,0.0
615,2033,29,15.658098006657967,0.3404230196810332,NH,NEW HAMPSHIRE,0.1335038,2090.415584661264
616,2033,30,291037.1847432715,993.3629580422692,NJ,NEW JERSEY,0.1335038,38854570.10452878
617,2033,31,0.0,0.0,NM,NEW MEXICO,0.1335038,0.0
618,2033,32,12331.00608206215,124.88678682989142,NY,NEW YORK,0.1335038,1646236.169778409
619,2033,33,810655.1907415371,7217.29764130576,NC,NORTH CAROLINA,0.1335038,108225548.45372002
620,2033,34,11207.682725115244,297.8295205126576,ND,NORTH DAKOTA,0.1335038,1496268.2329972407
621,2033,35,937912.6100519876,10851.52744082221,OH,OHIO,0.1335038,125214897.50985853
622,2033,36,22963.869498553555,508.5240890867832,OK,OKLAHOMA,0.1335038,3065763.8407609942
623,2033,37,0.0,0.0,OR,OREGON,0.1335038,0.0
624,2033,38,552331.1637310418,3290.8170739267434,PA,PENNSYLVANIA,0.1335038,73738309.21651626
625,2033,39,0.0,0.0,RI,RHODE ISLAND,0.1335038,0.0
626,2033,40,362808.8804778928,3448.762913358556,SC,SOUTH CAROLINA,0.1335038,48436364.21754451
627,2033,41,28851.025026517327,490.84835134129264,SD,SOUTH DAKOTA,0.1335038,3851721.474935164
628,2033,42,815281.4193284514,6368.039334628132,TN,TENNESSEE,0.1335038,108843167.54974172
629,2033,43,41263.7823388133,1258.3103796894704,TX,TEXAS,0.1335038,5508871.744604463
630,2033,44,0.0,0.0,UT,UTAH,0.1335038,0.0
631,2033,45,0.0,0.0,VT,VERMONT,0.1335038,0.0
632,2033,46,408639.82398836064,1528.6366520579736,VA,VIRGINIA,0.1335038,54554969.3337773
633,2033,47,0.0,0.0,WA,WASHINGTON,0.1335038,0.0
634,2033,48,21993.25855762004,99.6790022888156,WV,WEST VIRGINIA,0.1335038,2936183.5918247947
635,2033,49,0.0,0.0,WI,WISCONSIN,0.1335038,0.0
636,2033,50,292014.10072790674,9044.17321482839,WY,WYOMING,0.1335038,38984992.10075832
637,2034,0,0.0,0.0,AL,ALABAMA,0.1299224,0.0
638,2034,2,0.0,0.0,AZ,ARIZONA,0.1299224,0.0
639,2034,3,100230.60633316508,2618.6142663657256,AR,ARKANSAS,0.1299224,13022200.928260006
640,2034,4,0.0,0.0,CA,CALIFORNIA,0.1299224,0.0
641,2034,5,116832.8471604481,2129.4991640722333,CO,COLORADO,0.1299224,15179203.901918601
642,2034,6,0.0,0.0,CT,CONNECTICUT,0.1299224,0.0
643,2034,7,207927.8799862332,1118.098561621156,DE,DELAWARE,0.1299224,27014489.194723383
644,2034,8,0.0,0.0,DC,DISTRICT OF COLUMBIA,0.1299224,0.0
645,2034,9,0.0,0.0,FL,FLORIDA,0.1299224,0.0
646,2034,10,2823.574120776189,93.91403807002835,GA,GEORGIA,0.1299224,366845.5263491323
647,2034,12,435.0413724556543,29.67429505577364,ID,IDAHO,0.1299224,56521.619208732496
648,2034,13,3946211.95628637,22794.056699620272,IL,ILLINOIS,0.1299224,512701328.2694202
649,2034,14,1935991.6692671592,11420.80192127134,IN,INDIANA,0.1299224,251528684.05119556
650,2034,15,7904128.25047693,45181.955501687815,IA,IOWA,0.1299224,1026923312.2097639
651,2034,16,2020504.110594748,17362.599004163138,KS,KANSAS,0.1299224,262508743.25833508
652,2034,17,159782.31012002245,921.1173208326863,KY,KENTUCKY,0.1299224,20759301.208337605
653,2034,18,52464.39337029334,1279.356279212871,LA,LOUISIANA,0.1299224,6816299.901212599
654,2034,19,0.0,0.0,ME,MAINE,0.1299224,0.0
655,2034,20,265171.20090029365,1490.9690458010195,MD,MARYLAND,0.1299224,34451678.83184831
656,2034,21,0.0,0.0,MA,MASSACHUSETTS,0.1299224,0.0
657,2034,22,212974.92107137808,1724.156172692081,MI,MICHIGAN,0.1299224,27670212.88540401
658,2034,23,2825097.136562228,30346.72760527604,MN,MINNESOTA,0.1299224,367043400.2152924
659,2034,24,98283.57059020406,2052.753226028464,MS,MISSISSIPPI,0.1299224,12769237.371648727
660,2034,25,4729696.15507033,28829.32261148892,MO,MISSOURI,0.1299224,614493475.7375094
661,2034,26,958124.2386795594,14630.181602989009,MT,MONTANA,0.1299224,124481800.5874212
662,2034,27,2226205.167077255,22782.99902980472,NE,NEBRASKA,0.1299224,289233918.1990779
663,2034,28,0.0,0.0,NV,NEVADA,0.1299224,0.0
664,2034,29,0.0,0.0,NH,NEW HAMPSHIRE,0.1299224,0.0
665,2034,30,68160.14772230599,454.46943561981874,NJ,NEW JERSEY,0.1299224,8855529.976436527
666,2034,31,0.0,0.0,NM,NEW MEXICO,0.1299224,0.0
667,2034,32,1313.5093101797445,16.781578267007017,NY,NEW YORK,0.1299224,170654.2820008968
668,2034,33,201104.98513599485,4192.064034026651,NC,NORTH CAROLINA,0.1299224,26128042.320832778
669,2034,34,643677.0014824173,7011.091359186198,ND,NORTH DAKOTA,0.1299224,83628060.85739921
670,2034,35,2086046.553475088,10716.404363282163,OH,OHIO,0.1299224,271024174.73921174
671,2034,36,148092.8393753337,3936.77688526472,OK,OKLAHOMA,0.1299224,19240577.114457853
672,2034,37,0.0,0.0,OR,OREGON,0.1299224,0.0
673,2034,38,724.6111888379867,10.09783126040935,PA,PENNSYLVANIA,0.1299224,94143.22472068443
674,2034,39,0.0,0.0,RI,RHODE ISLAND,0.1299224,0.0
675,2034,40,53946.84626845063,909.729480920082,SC,SOUTH CAROLINA,0.1299224,7008903.73962815
676,2034,41,3278545.3327638414,22056.974283473668,SD,SOUTH DAKOTA,0.1299224,425956478.14147687
677,2034,42,106893.07139848224,1163.6791998044434,TN,TENNESSEE,0.1299224,13887804.379462168
678,2034,43,62154.66928059297,1784.9576538746658,TX,TEXAS,0.1299224,8075283.804140911
679,2034,44,0.0,0.0,UT,UTAH,0.1299224,0.0
680,2034,45,0.0,0.0,VT,VERMONT,0.1299224,0.0
681,2034,46,100255.28285314082,897.6460146639018,VA,VIRGINIA,0.1299224,13025406.960958902
682,2034,47,0.0,0.0,WA,WASHINGTON,0.1299224,0.0
683,2034,48,31.41662120396728,2.5200215408245312,WV,WEST VIRGINIA,0.1299224,4081.7228267103187
684,2034,49,897298.425679187,5726.1559383519325,WI,WISCONSIN,0.1299224,116579164.98046161
685,2034,50,386891.7465277917,12664.421083903731,WY,WYOMING,0.1299224,50265904.249082364
686,2035,0,202134.15468413624,1720.6216908584174,AL,ALABAMA,0.126341,25537831.23694846
687,2035,2,0.0,0.0,AZ,ARIZONA,0.126341,0.0
688,2035,3,426363.1840277966,8704.121311858375,AR,ARKANSAS,0.126341,53867151.03325586
689,2035,4,0.0,0.0,CA,CALIFORNIA,0.126341,0.0
690,2035,5,82226.08155515719,1525.2075643706037,CO,COLORADO,0.126341,10388525.369760115
691,2035,6,0.0,0.0,CT,CONNECTICUT,0.126341,0.0
692,2035,7,184711.69888330728,1088.1828969926205,DE,DELAWARE,0.126341,23336660.748615928
693,2035,8,0.0,0.0,DC,DISTRICT OF COLUMBIA,0.126341,0.0
694,2035,9,523.4394364987367,5.539940871958185,FL,FLORIDA,0.126341,66131.8618466869
695,2035,10,14186.569747401589,171.9199929639976,GA,GEORGIA,0.126341,1792345.4084564643
696,2035,12,443.9713565957719,30.28341179959376,ID,IDAHO,0.126341,56091.78516366642
697,2035,13,494012.7804848729,4642.878975122799,IL,ILLINOIS,0.126341,62414068.699239336
698,2035,14,444763.510251352,4501.007823995635,IN,INDIANA,0.126341,56191866.64866606
699,2035,15,153309.79302565218,1314.9728886775993,IA,IOWA,0.126341,19369312.56065392
700,2035,16,44087.91935851216,394.0641048489224,KS,KANSAS,0.126341,5570111.819673786
701,2035,17,601109.6156436678,3977.144563306656,KY,KENTUCKY,0.126341,75944789.95003663
702,2035,18,99615.61509324024,2374.683634335156,LA,LOUISIANA,0.126341,12585536.426495064
703,2035,19,0.0,0.0,ME,MAINE,0.126341,0.0
704,2035,20,341624.05318851245,1965.9312104144265,MD,MARYLAND,0.126341,43161124.50388985
705,2035,21,0.0,0.0,MA,MASSACHUSETTS,0.126341,0.0
706,2035,22,99533.95457103298,882.9871461396875,MI,MICHIGAN,0.126341,12575219.35445888
707,2035,23,736943.8667554376,6004.466563921389,MN,MINNESOTA,0.126341,93106225.06974874
708,2035,24,305467.9615124272,4364.180743721813,MS,MISSISSIPPI,0.126341,38593127.72544157
709,2035,25,573206.9028616762,3775.719280526936,MO,MISSOURI,0.126341,72419533.31444705
710,2035,26,732979.8933130044,11357.85157882646,MT,MONTANA,0.126341,92605412.7010583
711,2035,27,601612.7385791308,8563.798600969207,NE,NEBRASKA,0.126341,76008355.00482598
712,2035,28,0.0,0.0,NV,NEVADA,0.126341,0.0
713,2035,29,6.565086149872547,0.3268060611625499,NH,NEW HAMPSHIRE,0.126341,829.4395492610475
714,2035,30,102114.381910326,891.955699795144,NJ,NEW JERSEY,0.126341,12901233.124932498
715,2035,31,0.0,0.0,NM,NEW MEXICO,0.126341,0.0
716,2035,32,30799.81435713927,142.72968692456502,NY,NEW YORK,0.126341,3891279.3456953326
717,2035,33,166154.10344859335,4553.934194789287,NC,NORTH CAROLINA,0.126341,20992075.583798733
718,2035,34,411453.2360615068,4506.530600115199,ND,NORTH DAKOTA,0.126341,51983413.297246836
719,2035,35,45552.52835703883,385.8665569758121,OH,OHIO,0.126341,5755151.985156642
720,2035,36,1378.7951790768532,30.21358815212535,OK,OKLAHOMA,0.126341,174198.36171974873
721,2035,37,0.0,0.0,OR,OREGON,0.126341,0.0
722,2035,38,306714.7336684101,2599.755514178695,PA,PENNSYLVANIA,0.126341,38750646.166400604
723,2035,39,0.0,0.0,RI,RHODE ISLAND,0.126341,0.0
724,2035,40,23376.18854329552,1004.1715179993004,SC,SOUTH CAROLINA,0.126341,2953371.0367484996
725,2035,41,689268.464139638,5345.295746300848,SD,SOUTH DAKOTA,0.126341,87082867.027866
726,2035,42,581135.7335643545,6601.054113132211,TN,TENNESSEE,0.126341,73421269.71425411
727,2035,43,28938.638764818428,926.0007507573102,TX,TEXAS,0.126341,3656136.5601859256
728,2035,44,0.0,0.0,UT,UTAH,0.126341,0.0
729,2035,45,0.0,0.0,VT,VERMONT,0.126341,0.0
730,2035,46,71935.45759211072,477.2899837394277,VA,VIRGINIA,0.126341,9088397.64764486
731,2035,47,0.0,0.0,WA,WASHINGTON,0.126341,0.0
732,2035,48,2498.209083705318,48.83552929355845,WV,WEST VIRGINIA,0.126341,315626.23384441354
733,2035,49,162320.0683747699,1597.064116150787,WI,WISCONSIN,0.126341,20507679.758536804
734,2035,50,157828.4029950155,6265.008153081751,WY,WYOMING,0.126341,19940198.262793254
735,2036,0,47582.843726425774,942.0284613975372,AL,ALABAMA,0.129133,6144515.35892454
736,2036,2,0.0,0.0,AZ,ARIZONA,0.129133,0.0
737,2036,3,261292.82053837573,6939.589358550153,AR,ARKANSAS,0.129133,33741525.79458208
738,2036,4,0.0,0.0,CA,CALIFORNIA,0.129133,0.0
739,2036,5,107620.95376222924,2136.8229204682007,CO,COLORADO,0.129133,13897416.622177947
740,2036,6,0.0,0.0,CT,CONNECTICUT,0.129133,0.0
741,2036,7,0.0,0.0,DE,DELAWARE,0.129133,0.0
742,2036,8,0.0,0.0,DC,DISTRICT OF COLUMBIA,0.129133,0.0
743,2036,9,775.0234393483603,35.75778879606082,FL,FLORIDA,0.129133,100081.10179337181
744,2036,10,9955.464288128956,394.833692391027,GA,GEORGIA,0.129133,1285578.9699189565
745,2036,12,288.9869128594588,70.69971717026979,ID,IDAHO,0.129133,37317.7470182805
746,2036,13,8609780.144023014,48306.89469121958,IL,ILLINOIS,0.129133,1111806739.3381238
747,2036,14,3790582.588156838,18903.558200064665,IN,INDIANA,0.129133,489489301.35645694
748,2036,15,8404496.30375068,51542.90024419928,IA,IOWA,0.129133,1085297821.1922367
749,2036,16,1985260.179011464,15587.708152135772,KS,KANSAS,0.129133,256362602.69628736
750,2036,17,1799285.9269474351,8219.825429188611,KY,KENTUCKY,0.129133,232347189.60450312
751,2036,18,310893.6930709931,6408.67603531324,LA,LOUISIANA,0.129133,40146635.267336555
752,2036,19,0.0,0.0,ME,MAINE,0.129133,0.0
753,2036,20,0.0,0.0,MD,MARYLAND,0.129133,0.0
754,2036,21,0.0,0.0,MA,MASSACHUSETTS,0.129133,0.0
755,2036,22,176156.21580411386,1246.6096050488609,MI,MICHIGAN,0.129133,22747580.615432635
756,2036,23,3366607.0199539154,30669.54417014881,MN,MINNESOTA,0.129133,434740064.307709
757,2036,24,459781.6909372362,9138.118451516768,MS,MISSISSIPPI,0.129133,59372989.09579812
758,2036,25,4796558.949642121,27830.538720598943,MO,MISSOURI,0.129133,619394046.844136
759,2036,26,729545.8906642763,13610.668923923182,MT,MONTANA,0.129133,94208449.49915
760,2036,27,2424275.3327546865,25779.16250571281,NE,NEBRASKA,0.129133,313053946.5446109
761,2036,28,0.0,0.0,NV,NEVADA,0.129133,0.0
762,2036,29,0.0,0.0,NH,NEW HAMPSHIRE,0.129133,0.0
763,2036,30,0.0,0.0,NJ,NEW JERSEY,0.129133,0.0
764,2036,31,0.0,0.0,NM,NEW MEXICO,0.129133,0.0
765,2036,32,2835.005480697551,23.16972793512638,NY,NEW YORK,0.129133,366092.76273891685
766,2036,33,122146.24944837786,3874.172051142629,NC,NORTH CAROLINA,0.129133,15773111.630017377
767,2036,34,608546.8277802608,6284.257150414553,ND,NORTH DAKOTA,0.129133,78583477.51174842
768,2036,35,996065.3597606248,4884.180170352351,OH,OHIO,0.129133,128624908.10196875
769,2036,36,77118.35266781539,2926.526726490272,OK,OKLAHOMA,0.129133,9958524.235053005
770,2036,37,0.0,0.0,OR,OREGON,0.129133,0.0
771,2036,38,1198.862505113715,11.874985851479591,PA,PENNSYLVANIA,0.129133,154812.71187284935
772,2036,39,0.0,0.0,RI,RHODE ISLAND,0.129133,0.0
773,2036,40,22897.547385214777,639.5876593966104,SC,SOUTH CAROLINA,0.129133,2956828.98649494
774,2036,41,2664872.5724613927,18471.941396816783,SD,SOUTH DAKOTA,0.129133,344122989.899657
775,2036,42,662339.84180055,6484.90189647172,TN,TENNESSEE,0.129133,85529930.79123043
776,2036,43,90944.39916585044,2641.214508256008,TX,TEXAS,0.129133,11743923.097483765
777,2036,44,0.0,0.0,UT,UTAH,0.129133,0.0
778,2036,45,0.0,0.0,VT,VERMONT,0.129133,0.0
779,2036,46,7919.091667918143,89.54405890409217,VA,VIRGINIA,0.129133,1022616.0643532735
780,2036,47,0.0,0.0,WA,WASHINGTON,0.129133,0.0
781,2036,48,0.0,0.0,WV,WEST VIRGINIA,0.129133,0.0
782,2036,49,580674.29650469,4321.083467906785,WI,WISCONSIN,0.129133,74984213.93054013
783,2036,50,366225.4996111217,12302.879412556304,WY,WYOMING,0.129133,47291797.44128298
784,2037,0,0.0,0.0,AL,ALABAMA,0.131925,0.0
785,2037,2,0.0,0.0,AZ,ARIZONA,0.131925,0.0
786,2037,3,125804.51717936214,2883.546103567693,AR,ARKANSAS,0.131925,16596760.92888735
787,2037,4,0.0,0.0,CA,CALIFORNIA,0.131925,0.0
788,2037,5,96307.11708686696,1845.1921599157256,CO,COLORADO,0.131925,12705316.421684923
789,2037,6,0.0,0.0,CT,CONNECTICUT,0.131925,0.0
790,2037,7,109819.30639761304,1005.6365657968038,DE,DELAWARE,0.131925,14487911.996505098
791,2037,8,0.0,0.0,DC,DISTRICT OF COLUMBIA,0.131925,0.0
792,2037,9,0.0,0.0,FL,FLORIDA,0.131925,0.0
793,2037,10,0.0,0.0,GA,GEORGIA,0.131925,0.0
794,2037,12,741.1545153920365,50.55435911191201,ID,IDAHO,0.131925,97776.8094430944
795,2037,13,6388072.3184075095,38249.07381098664,IL,ILLINOIS,0.131925,842746440.6059107
796,2037,14,1984954.057817668,12875.275773322395,IN,INDIANA,0.131925,261865064.07759583
797,2037,15,6979230.286128511,43337.44557553574,IA,IOWA,0.131925,920734955.4975036
798,2037,16,894109.1499605803,10576.797065859657,KS,KANSAS,0.131925,117955349.60854954
799,2037,17,0.0,0.0,KY,KENTUCKY,0.131925,0.0
800,2037,18,184462.48846037776,2964.702732875125,LA,LOUISIANA,0.131925,24335213.79013533
801,2037,19,0.0,0.0,ME,MAINE,0.131925,0.0
802,2037,20,203734.1944786543,1570.647483563278,MD,MARYLAND,0.131925,26877633.606596466
803,2037,21,0.0,0.0,MA,MASSACHUSETTS,0.131925,0.0
804,2037,22,460921.4852482497,3192.3766516048704,MI,MICHIGAN,0.131925,60807066.94137534
805,2037,23,3918458.8520108247,30023.46156570281,MN,MINNESOTA,0.131925,516942684.051528
806,2037,24,137201.8131757322,2215.7411889584364,MS,MISSISSIPPI,0.131925,18100349.203208473
807,2037,25,2940180.5362443808,23524.5467810155,MO,MISSOURI,0.131925,387883317.2440399
808,2037,26,499647.70525172056,9160.442034929392,MT,MONTANA,0.131925,65916023.51533323
809,2037,27,1688408.464520182,23369.79690268445,NE,NEBRASKA,0.131925,222743286.68182498
810,2037,28,0.0,0.0,NV,NEVADA,0.131925,0.0
811,2037,29,0.0,0.0,NH,NEW HAMPSHIRE,0.131925,0.0
812,2037,30,99233.48039389947,622.8467736306936,NJ,NEW JERSEY,0.131925,13091376.900965186
813,2037,31,0.0,0.0,NM,NEW MEXICO,0.131925,0.0
814,2037,32,55018.70966176042,345.41166860967263,NY,NEW YORK,0.131925,7258343.272127743
815,2037,33,160453.25211379954,1908.226800935705,NC,NORTH CAROLINA,0.131925,21167795.285113003
816,2037,34,445555.6997375058,4708.289451386383,ND,NORTH DAKOTA,0.131925,58779935.68787044
817,2037,35,1505610.4353201697,8204.039185811174,OH,OHIO,0.131925,198627656.67961335
818,2037,36,20573.37000550557,658.3019697609216,OK,OKLAHOMA,0.131925,2714141.837976322
819,2037,37,0.0,0.0,OR,OREGON,0.131925,0.0
820,2037,38,70938.02548535728,640.663291195189,PA,PENNSYLVANIA,0.131925,9358499.012155758
821,2037,39,0.0,0.0,RI,RHODE ISLAND,0.131925,0.0
822,2037,40,6458.380733296965,221.66962624464028,SC,SOUTH CAROLINA,0.131925,852021.8782402021
823,2037,41,1920325.164848694,13189.286139510365,SD,SOUTH DAKOTA,0.131925,253338897.37266394
824,2037,42,29067.79626762082,249.75634771333927,TN,TENNESSEE,0.131925,3834769.0226058764
825,2037,43,24774.400139557278,653.3495831201782,TX,TEXAS,0.131925,3268362.738411093
826,2037,44,0.0,0.0,UT,UTAH,0.131925,0.0
827,2037,45,0.0,0.0,VT,VERMONT,0.131925,0.0
828,2037,46,25863.59719630907,365.8072225926844,VA,VIRGINIA,0.131925,3412055.060123074
829,2037,47,0.0,0.0,WA,WASHINGTON,0.131925,0.0
830,2037,48,3854.359572745842,64.3334300870296,WV,WEST VIRGINIA,0.131925,508486.38663449517
831,2037,49,1007863.7646076968,5281.745453988336,WI,WISCONSIN,0.131925,132962427.14587039
832,2037,50,231153.4964110073,8670.947944227986,WY,WYOMING,0.131925,30494925.014022138
833,2038,0,360871.78929432447,2747.8843340327576,AL,ALABAMA,0.134717,48615564.838363506
834,2038,2,0.0,0.0,AZ,ARIZONA,0.134717,0.0
835,2038,3,345331.6215761971,7797.821660701506,AR,ARKANSAS,0.134717,46522040.06388055
836,2038,4,0.0,0.0,CA,CALIFORNIA,0.134717,0.0
837,2038,5,84258.88542098616,1761.4931898182658,CO,COLORADO,0.134717,11351104.267258992
838,2038,6,0.0,0.0,CT,CONNECTICUT,0.134717,0.0
839,2038,7,0.0,0.0,DE,DELAWARE,0.134717,0.0
840,2038,8,0.0,0.0,DC,DISTRICT OF COLUMBIA,0.134717,0.0
841,2038,9,9690.298378353216,129.20006354047945,FL,FLORIDA,0.134717,1305447.9266366102
842,2038,10,148085.7130528568,1712.6724564632573,GA,GEORGIA,0.134717,19949663.00534171
843,2038,12,0.0,0.0,ID,IDAHO,0.134717,0.0
844,2038,13,10441729.200691342,49876.605772653485,IL,ILLINOIS,0.134717,1406678432.7295356
845,2038,14,5689290.364075683,26696.112691255497,IN,INDIANA,0.134717,766444129.9771837
846,2038,15,2616254.412782315,28730.55003041496,IA,IOWA,0.134717,352453945.7267952
847,2038,16,1426470.3149883703,11621.809098092564,KS,KANSAS,0.134717,192169801.42428827
848,2038,17,1399453.9673941238,7536.874474117861,KY,KENTUCKY,0.134717,188530240.1254342
849,2038,18,270031.3333836363,5779.810547881968,LA,LOUISIANA,0.134717,36377811.13944333
850,2038,19,0.0,0.0,ME,MAINE,0.134717,0.0
851,2038,20,20877.4302727927,139.32420004601823,MD,MARYLAND,0.134717,2812544.774059814
852,2038,21,0.0,0.0,MA,MASSACHUSETTS,0.134717,0.0
853,2038,22,747892.2508885956,3719.825004168669,MI,MICHIGAN,0.134717,100753800.36295894
854,2038,23,2044947.301259621,27094.86145231204,MN,MINNESOTA,0.134717,275489165.5837924
855,2038,24,739456.2648157068,10414.306048809933,MS,MISSISSIPPI,0.134717,99617329.62717757
856,2038,25,3840257.190779936,24161.39942933464,MO,MISSOURI,0.134717,517347927.9703006
857,2038,26,498331.2169036065,9028.215928801395,MT,MONTANA,0.134717,67133686.54760316
858,2038,27,1264111.3821801883,18372.78005559049,NE,NEBRASKA,0.134717,170297293.07316846
859,2038,28,0.0,0.0,NV,NEVADA,0.134717,0.0
860,2038,29,0.0,0.0,NH,NEW HAMPSHIRE,0.134717,0.0
861,2038,30,12147.090131068984,90.04205564060312,NJ,NEW JERSEY,0.134717,1636419.5411872203
862,2038,31,0.0,0.0,NM,NEW MEXICO,0.134717,0.0
863,2038,32,158787.8943333121,819.5103093472997,NY,NEW YORK,0.134717,21391428.76090081
864,2038,33,417209.9435640045,2775.9492774578507,NC,NORTH CAROLINA,0.134717,56205271.96711199
865,2038,34,331005.1052424074,4985.188776203233,ND,NORTH DAKOTA,0.134717,44592014.762941405
866,2038,35,2356304.305083684,13144.856471270476,OH,OHIO,0.134717,317434247.06795865
867,2038,36,108378.39613968036,2425.256381778847,OK,OKLAHOMA,0.134717,14600412.39274932
868,2038,37,0.0,0.0,OR,OREGON,0.134717,0.0
869,2038,38,439395.768943477,1661.1231487455016,PA,PENNSYLVANIA,0.134717,59194079.8047584
870,2038,39,0.0,0.0,RI,RHODE ISLAND,0.134717,0.0
871,2038,40,60651.55239316561,1634.0136021266617,SC,SOUTH CAROLINA,0.134717,8170795.183750092
872,2038,41,1250716.4981771405,13555.727891895807,SD,SOUTH DAKOTA,0.134717,168492774.48492983
873,2038,42,509693.7592152596,6117.057554659882,TN,TENNESSEE,0.134717,68664414.16020212
874,2038,43,92348.76389116264,2553.730612292118,TX,TEXAS,0.134717,12440948.42512576
875,2038,44,0.0,0.0,UT,UTAH,0.134717,0.0
876,2038,45,0.0,0.0,VT,VERMONT,0.134717,0.0
877,2038,46,61781.76651031384,284.87193598311586,VA,VIRGINIA,0.134717,8323054.23896995
878,2038,47,0.0,0.0,WA,WASHINGTON,0.134717,0.0
879,2038,48,72779.1479429091,306.7969036374818,WV,WEST VIRGINIA,0.134717,9804588.473424884
880,2038,49,630910.6472525739,4232.658471331552,WI,WISCONSIN,0.134717,84994389.665925
881,2038,50,154856.81988227722,6213.040144906863,WY,WYOMING,0.134717,20861846.20408074
882,2039,0,339469.5065758972,2225.75824228935,AL,ALABAMA,0.137509,46680112.37974505
883,2039,2,0.0,0.0,AZ,ARIZONA,0.137509,0.0
884,2039,3,315042.9326035874,6115.730176040441,AR,ARKANSAS,0.137509,43321238.619386695
885,2039,4,0.0,0.0,CA,CALIFORNIA,0.137509,0.0
886,2039,5,81192.8579194477,1479.6556411523625,CO,COLORADO,0.137509,11164748.699645333
887,2039,6,0.0,0.0,CT,CONNECTICUT,0.137509,0.0
888,2039,7,260227.4551591519,1129.1154817096017,DE,DELAWARE,0.137509,35783617.131479815
889,2039,8,0.0,0.0,DC,DISTRICT OF COLUMBIA,0.137509,0.0
890,2039,9,33846.242794178455,255.29951994969133,FL,FLORIDA,0.137509,4654163.000384685
891,2039,10,272442.94751711434,2943.339763377363,GA,GEORGIA,0.137509,37463357.27013087
892,2039,12,1334.9429401277084,94.83492273221604,ID,IDAHO,0.137509,183566.66875402106
893,2039,13,6911088.985051947,46905.74848902737,IL,ILLINOIS,0.137509,950336935.2455081
894,2039,14,5142656.6345124,29015.760031588023,IN,INDIANA,0.137509,707161571.1551657
895,2039,15,806105.1697428938,16177.92414916629,IA,IOWA,0.137509,110846715.78617558
896,2039,16,159324.90651271996,2446.6019595779626,KS,KANSAS,0.137509,21908608.56965761
897,2039,17,2369584.1145581743,11125.14911225185,KY,KENTUCKY,0.137509,325839142.00877994
898,2039,18,362537.69593566464,6294.693122493657,LA,LOUISIANA,0.137509,49852196.03041731
899,2039,19,0.0,0.0,ME,MAINE,0.137509,0.0
900,2039,20,834205.7320610324,2731.385907259978,MD,MARYLAND,0.137509,114710796.0099805
901,2039,21,0.0,0.0,MA,MASSACHUSETTS,0.137509,0.0
902,2039,22,1138811.5959882291,4196.435369433902,MI,MICHIGAN,0.137509,156596843.7527454
903,2039,23,1332545.9177669303,18706.808574573413,MN,MINNESOTA,0.137509,183237056.60621282
904,2039,24,843385.5401906078,10188.993287188096,MS,MISSISSIPPI,0.137509,115973102.24607028
905,2039,25,999375.7293595152,9659.905618310731,MO,MISSOURI,0.137509,137423157.16849756
906,2039,26,866718.2884507547,12064.917365630505,MT,MONTANA,0.137509,119181565.12657483
907,2039,27,98796.2125500937,2623.958092093967,NE,NEBRASKA,0.137509,13585368.391550833
908,2039,28,0.0,0.0,NV,NEVADA,0.137509,0.0
909,2039,29,0.0,0.0,NH,NEW HAMPSHIRE,0.137509,0.0
910,2039,30,208300.52919437565,1104.9254213344657,NJ,NEW JERSEY,0.137509,28643197.4689894
911,2039,31,0.0,0.0,NM,NEW MEXICO,0.137509,0.0
912,2039,32,223575.32946978792,1196.8865366356931,NY,NEW YORK,0.137509,30743619.980061065
913,2039,33,967166.8354502708,5260.007421192364,NC,NORTH CAROLINA,0.137509,132994144.37593128
914,2039,34,381096.6318305639,5865.475670364728,ND,NORTH DAKOTA,0.137509,52404216.74638901
915,2039,35,7861207.452991733,29019.125073621068,OH,OHIO,0.137509,1080986775.6534402
916,2039,36,27686.7423157626,632.1456862208486,OK,OKLAHOMA,0.137509,3807176.249098199
917,2039,37,0.0,0.0,OR,OREGON,0.137509,0.0
918,2039,38,1664590.4955003634,6536.5687694054295,PA,PENNSYLVANIA,0.137509,228896174.44575945
919,2039,39,0.0,0.0,RI,RHODE ISLAND,0.137509,0.0
920,2039,40,118577.23487260728,1485.565661484129,SC,SOUTH CAROLINA,0.137509,16305436.990097353
921,2039,41,1877963.1733067627,16085.105522975797,SD,SOUTH DAKOTA,0.137509,258236837.9982396
922,2039,42,694279.0711708148,4563.805225495908,TN,TENNESSEE,0.137509,95469620.79762755
923,2039,43,34051.67858178144,1004.6034411301604,TX,TEXAS,0.137509,4682412.270102183
924,2039,44,0.0,0.0,UT,UTAH,0.137509,0.0
925,2039,45,0.0,0.0,VT,VERMONT,0.137509,0.0
926,2039,46,434083.6239386391,1482.563626940128,VA,VIRGINIA,0.137509,59690405.04417832
927,2039,47,0.0,0.0,WA,WASHINGTON,0.137509,0.0
928,2039,48,219512.35626483613,589.9022520257369,WV,WEST VIRGINIA,0.137509,30184924.59762135
929,2039,49,281952.84188673063,2286.777212507468,WI,WISCONSIN,0.137509,38771053.33500244
930,2039,50,240021.79633874595,7241.416284052137,WY,WYOMING,0.137509,33005157.192744616
931,2040,0,628856.3026650846,3214.571174930325,AL,ALABAMA,0.140301,88229168.12021405
932,2040,2,0.0,0.0,AZ,ARIZONA,0.140301,0.0
933,2040,3,552487.2412583441,9092.14891877352,AR,ARKANSAS,0.140301,77514512.43578695
934,2040,4,0.0,0.0,CA,CALIFORNIA,0.140301,0.0
935,2040,5,67992.35133719999,1485.59292681745,CO,COLORADO,0.140301,9539394.884960495
936,2040,6,0.0,0.0,CT,CONNECTICUT,0.140301,0.0
937,2040,7,0.0,0.0,DE,DELAWARE,0.140301,0.0
938,2040,8,0.0,0.0,DC,DISTRICT OF COLUMBIA,0.140301,0.0
939,2040,9,33287.798802263154,278.6153446146141,FL,FLORIDA,0.140301,4670311.459756323
940,2040,10,346005.0614210773,3893.958086660016,GA,GEORGIA,0.140301,48544856.12243857
941,2040,12,723.7203699517927,66.46057663717633,ID,IDAHO,0.140301,101538.69162460646
942,2040,13,10948906.608804684,50851.021810156766,IL,ILLINOIS,0.140301,1536142546.121906
943,2040,14,6386236.590442226,31023.82468876012,IN,INDIANA,0.140301,895995379.8756349
944,2040,15,9917551.44459109,49827.62253903192,IA,IOWA,0.140301,1391442385.2275746
945,2040,16,1199102.1105607783,9080.625236628814,KS,KANSAS,0.140301,168235225.21378776
946,2040,17,3362205.151513481,12536.846221230104,KY,KENTUCKY,0.140301,471720744.96249294
947,2040,18,477081.0321064018,6413.53676237731,LA,LOUISIANA,0.140301,66934945.88556028
948,2040,19,0.0,0.0,ME,MAINE,0.140301,0.0
949,2040,20,474.541908842329,6.994039350155865,MD,MARYLAND,0.140301,66578.7043524876
950,2040,21,0.0,0.0,MA,MASSACHUSETTS,0.140301,0.0
951,2040,22,553785.3767490404,4507.378783147359,MI,MICHIGAN,0.140301,77696642.14326714
952,2040,23,4105189.4978931313,33800.34271299701,MN,MINNESOTA,0.140301,575962191.7439042
953,2040,24,1087799.9815946268,11271.405952252017,MS,MISSISSIPPI,0.140301,152619425.21770775
954,2040,25,4596900.00214159,24275.97774941993,MO,MISSOURI,0.140301,644949667.2004672
955,2040,26,649358.493004723,11198.509984901186,MT,MONTANA,0.140301,91105645.92705564
956,2040,27,1866649.701888028,19013.68050405604,NE,NEBRASKA,0.140301,261892819.82459226
957,2040,28,0.0,0.0,NV,NEVADA,0.140301,0.0
958,2040,29,0.0,0.0,NH,NEW HAMPSHIRE,0.140301,0.0
959,2040,30,3124.098468789689,151.21064934464573,NJ,NEW JERSEY,0.140301,438314.13926966215
960,2040,31,0.0,0.0,NM,NEW MEXICO,0.140301,0.0
961,2040,32,6580.079794405859,112.0693394213465,NY,NEW YORK,0.140301,923191.7752349365
962,2040,33,369132.39595386834,3333.7602836271926,NC,NORTH CAROLINA,0.140301,51789644.284723684
963,2040,34,722523.509349691,8102.458870237842,ND,NORTH DAKOTA,0.140301,101370770.88527101
964,2040,35,4233496.534087731,27714.900745506413,OH,OHIO,0.140301,593963797.2290426
965,2040,36,44181.15058400818,1184.5741385092358,OK,OKLAHOMA,0.140301,6198659.608086932
966,2040,37,0.0,0.0,OR,OREGON,0.140301,0.0
967,2040,38,143595.38848991191,2284.094723301119,PA,PENNSYLVANIA,0.140301,20146576.600523133
968,2040,39,0.0,0.0,RI,RHODE ISLAND,0.140301,0.0
969,2040,40,330757.6269774442,4998.703286096112,SC,SOUTH CAROLINA,0.140301,46405625.822562404
970,2040,41,2628787.343770429,16831.1518854071,SD,SOUTH DAKOTA,0.140301,368821493.118335
971,2040,42,1445474.7810153412,7512.154596955004,TN,TENNESSEE,0.140301,202801557.2512334
972,2040,43,63767.15333482546,1601.61519252647,TX,TEXAS,0.140301,8946595.380029347
973,2040,44,0.0,0.0,UT,UTAH,0.140301,0.0
974,2040,45,0.0,0.0,VT,VERMONT,0.140301,0.0
975,2040,46,5785.112832938914,54.30808902509602,VA,VIRGINIA,0.140301,811657.1155741627
976,2040,47,0.0,0.0,WA,WASHINGTON,0.140301,0.0
977,2040,48,151349.62751423224,579.345635377817,WV,WEST VIRGINIA,0.140301,21234504.0898743
978,2040,49,228733.00098665216,2288.570340063268,WI,WISCONSIN,0.140301,32091468.771428287
979,2040,50,140257.58292335956,4941.596572484705,WY,WYOMING,0.140301,19678279.141730268
980,2041,0,90099.44331346409,1599.8206819291386,AL,ALABAMA,0.1398216,12597848.32319785
981,2041,2,0.0,0.0,AZ,ARIZONA,0.1398216,0.0
982,2041,3,510065.8883341431,10256.999611595538,AR,ARKANSAS,0.1398216,71318228.61230122
983,2041,4,0.0,0.0,CA,CALIFORNIA,0.1398216,0.0
984,2041,5,83219.96645767661,1545.669001806412,CO,COLORADO,0.1398216,11635948.862058675
985,2041,6,0.0,0.0,CT,CONNECTICUT,0.1398216,0.0
986,2041,7,98776.44822387151,951.7508722877532,DE,DELAWARE,0.1398216,13811081.032978872
987,2041,8,0.0,0.0,DC,DISTRICT OF COLUMBIA,0.1398216,0.0
988,2041,9,3052.508137340321,56.99192756210245,FL,FLORIDA,0.1398216,426806.57177594333
989,2041,10,202210.50493508505,1710.3415044206463,GA,GEORGIA,0.1398216,28273396.336831488
990,2041,12,1269.8391805542656,86.61608964786478,ID,IDAHO,0.1398216,177550.9459677863
991,2041,13,10402452.226102248,49919.17563510029,IL,ILLINOIS,0.1398216,1454487514.177178
992,2041,14,6633750.869105875,31542.78322562298,IN,INDIANA,0.1398216,927541660.519774
993,2041,15,6581613.4108814895,45806.41659267162,IA,IOWA,0.1398216,920251717.6909072
994,2041,16,881473.8718345604,8208.923108866486,KS,KANSAS,0.1398216,123249087.11810316
995,2041,17,2643225.1970163807,12894.54070202214,KY,KENTUCKY,0.1398216,369579976.2071456
996,2041,18,168103.75231542977,3977.274663783483,LA,LOUISIANA,0.1398216,23504535.614747096
997,2041,19,0.0,0.0,ME,MAINE,0.1398216,0.0
998,2041,20,118135.784089236,1698.4329910425934,MD,MARYLAND,0.1398216,16517934.348611519
999,2041,21,0.0,0.0,MA,MASSACHUSETTS,0.1398216,0.0
1000,2041,22,709481.3462953313,4514.391726489881,MI,MICHIGAN,0.1398216,99200817.00916728
1001,2041,23,2897794.839121095,30280.664086315912,MN,MINNESOTA,0.1398216,405174310.877654
1002,2041,24,695622.7244134404,10348.938510345975,MS,MISSISSIPPI,0.1398216,97263082.3238463
1003,2041,25,2268742.8075564383,21253.03638750715,MO,MISSOURI,0.1398216,317219249.3410333
1004,2041,26,761063.0667020627,11049.612714250356,MT,MONTANA,0.1398216,106413055.68718913
1005,2041,27,1015885.7708145252,12509.976316659517,NE,NEBRASKA,0.1398216,142042773.89252022
1006,2041,28,0.0,0.0,NV,NEVADA,0.1398216,0.0
1007,2041,29,0.0,0.0,NH,NEW HAMPSHIRE,0.1398216,0.0
1008,2041,30,66311.70692139628,640.437787457991,NJ,NEW JERSEY,0.1398216,9271808.960480703
1009,2041,31,0.0,0.0,NM,NEW MEXICO,0.1398216,0.0
1010,2041,32,190427.06910474013,1451.0488902872414,NY,NEW YORK,0.1398216,26625817.48553533
1011,2041,33,598786.1125644566,4653.914196707434,NC,NORTH CAROLINA,0.1398216,83723232.31654243
1012,2041,34,374008.8223746016,5769.079380437664,ND,NORTH DAKOTA,0.1398216,52294511.958532594
1013,2041,35,7099470.045699548,30463.653982731805,OH,OHIO,0.1398216,992659260.9417838
1014,2041,36,68057.44951191329,1507.2748562078982,OK,OKLAHOMA,0.1398216,9515901.482674934
1015,2041,37,0.0,0.0,OR,OREGON,0.1398216,0.0
1016,2041,38,752396.646884507,5234.1774235578205,PA,PENNSYLVANIA,0.1398216,105201303.00202678
1017,2041,39,0.0,0.0,RI,RHODE ISLAND,0.1398216,0.0
1018,2041,40,593588.0481866009,4391.97500677415,SC,SOUTH CAROLINA,0.1398216,82996430.63832763
1019,2041,41,2238391.43131983,16212.181461524377,SD,SOUTH DAKOTA,0.1398216,312975471.3534287
1020,2041,42,1180531.0447858651,7309.941380069525,TN,TENNESSEE,0.1398216,165063739.5316313
1021,2041,43,49064.78338411239,1269.458916433484,TX,TEXAS,0.1398216,6860316.516420009
1022,2041,44,0.0,0.0,UT,UTAH,0.1398216,0.0
1023,2041,45,0.0,0.0,VT,VERMONT,0.1398216,0.0
1024,2041,46,98336.6210655868,940.618892394828,VA,VIRGINIA,0.1398216,13749583.69598405
1025,2041,47,0.0,0.0,WA,WASHINGTON,0.1398216,0.0
1026,2041,48,147812.90853116216,654.8728383668397,WV,WEST VIRGINIA,0.1398216,20667437.371480744
1027,2041,49,299442.4678246209,2529.552170157823,WI,WISCONSIN,0.1398216,41868524.95918701
1028,2041,50,187455.4623153436,5869.292341186143,WY,WYOMING,0.1398216,26210322.669671047
1029,2042,0,538825.8776261909,3201.163837280941,AL,ALABAMA,0.1393422,75081183.20536421
1030,2042,2,0.0,0.0,AZ,ARIZONA,0.1393422,0.0
1031,2042,3,221374.16421626983,7067.0253321017135,AR,ARKANSAS,0.1393422,30846763.065056313
1032,2042,4,0.0,0.0,CA,CALIFORNIA,0.1393422,0.0
1033,2042,5,63119.42577735547,1429.454943608673,CO,COLORADO,0.1393422,8795199.650553422
1034,2042,6,0.0,0.0,CT,CONNECTICUT,0.1393422,0.0
1035,2042,7,178106.04526907307,1132.3272613975828,DE,DELAWARE,0.1393422,24817688.181092232
1036,2042,8,0.0,0.0,DC,DISTRICT OF COLUMBIA,0.1393422,0.0
1037,2042,9,25254.38680867781,215.5423426675977,FL,FLORIDA,0.1393422,3519001.817572145
1038,2042,10,241657.1747616008,2543.3322872146937,GA,GEORGIA,0.1393422,33673042.37706593
1039,2042,12,574.1006272478312,45.33818541483126,ID,IDAHO,0.1393422,79996.44442209274
1040,2042,13,6547841.299239283,48110.17290763263,IL,ILLINOIS,0.1393422,912390611.8868601
1041,2042,14,4050827.8899415815,30188.042409976,IN,INDIANA,0.1393422,564451270.0058179
1042,2042,15,8781518.881464545,47489.594789574985,IA,IOWA,0.1393422,1223636160.2848089
1043,2042,16,1005967.6018498822,9844.031202077573,KS,KANSAS,0.1393422,140173738.77048665
1044,2042,17,1900188.1582304072,10124.118590417324,KY,KENTUCKY,0.1393422,264776398.38177305
1045,2042,18,347670.3145646979,6776.481637254173,LA,LOUISIANA,0.1393422,48445146.50613705
1046,2042,19,0.0,0.0,ME,MAINE,0.1393422,0.0
1047,2042,20,565730.8668051619,2896.6238314174207,MD,MARYLAND,0.1393422,78830183.58853824
1048,2042,21,0.0,0.0,MA,MASSACHUSETTS,0.1393422,0.0
1049,2042,22,967993.88053888,4612.62556074672,MI,MICHIGAN,0.1393422,134882396.90082473
1050,2042,23,4368704.228500706,31718.532963728067,MN,MINNESOTA,0.1393422,608744858.3485911
1051,2042,24,944446.2690767824,13260.117543710672,MS,MISSISSIPPI,0.1393422,131601220.91495082
1052,2042,25,3252766.166448084,22816.888849678977,MO,MISSOURI,0.1393422,453247593.71844226
1053,2042,26,706589.7013282154,10642.107412755608,MT,MONTANA,0.1393422,98457763.48041646
1054,2042,27,1726729.2831904723,17607.87003945779,NE,NEBRASKA,0.1393422,240606257.12418345
1055,2042,28,0.0,0.0,NV,NEVADA,0.1393422,0.0
1056,2042,29,0.0,0.0,NH,NEW HAMPSHIRE,0.1393422,0.0
1057,2042,30,163763.89442990825,965.3805703471144,NJ,NEW JERSEY,0.1393422,22819221.33043116
1058,2042,31,0.0,0.0,NM,NEW MEXICO,0.1393422,0.0
1059,2042,32,298180.59619881795,1302.6824357437863,NY,NEW YORK,0.1393422,41549140.27165493
1060,2042,33,812401.1504243483,8630.683430239736,NC,NORTH CAROLINA,0.1393422,113201763.58265963
1061,2042,34,765560.699515542,7942.304042610138,ND,NORTH DAKOTA,0.1393422,106674912.10403456
1062,2042,35,4660862.617036098,26211.64202934292,OH,OHIO,0.1393422,649454850.9555674
1063,2042,36,70538.75446690441,1715.4932452874368,OK,OKLAHOMA,0.1393422,9829025.232678289
1064,2042,37,0.0,0.0,OR,OREGON,0.1393422,0.0
1065,2042,38,661896.0153133506,5128.957331911082,PA,PENNSYLVANIA,0.1393422,92230046.94499595
1066,2042,39,0.0,0.0,RI,RHODE ISLAND,0.1393422,0.0
1067,2042,40,209406.14916157807,3568.3655318980686,SC,SOUTH CAROLINA,0.1393422,29179113.51770244
1068,2042,41,2566077.136438614,16334.906612112763,SD,SOUTH DAKOTA,0.1393422,357562833.5610567
1069,2042,42,1214499.575118341,8988.620789543716,TN,TENNESSEE,0.1393422,169231042.69605488
1070,2042,43,37960.0679634574,1331.1906503331184,TX,TEXAS,0.1393422,5289439.382177673
1071,2042,44,0.0,0.0,UT,UTAH,0.1393422,0.0
1072,2042,45,0.0,0.0,VT,VERMONT,0.1393422,0.0
1073,2042,46,335359.8202878769,1512.8842614988766,VA,VIRGINIA,0.1393422,46729775.150517404
1074,2042,47,0.0,0.0,WA,WASHINGTON,0.1393422,0.0
1075,2042,48,60119.97712268888,449.0769868990981,WV,WEST VIRGINIA,0.1393422,8377249.876225138
1076,2042,49,360531.7516942504,1948.0802460380885,WI,WISCONSIN,0.1393422,50237287.45093058
1077,2042,50,155115.19303963322,4981.321617762224,WY,WYOMING,0.1393422,21614092.251567177
1078,2043,0,1827.590520724414,29.9167847062962,AL,ALABAMA,0.1388628,253784.3369612502
1079,2043,2,0.0,0.0,AZ,ARIZONA,0.1388628,0.0
1080,2043,3,490177.8029818626,9138.277497291898,AR,ARKANSAS,0.1388628,68067462.2199098
1081,2043,4,0.0,0.0,CA,CALIFORNIA,0.1388628,0.0
1082,2043,5,80070.8013611244,1466.1702000879852,CO,COLORADO,0.1388628,11118855.675249545
1083,2043,6,0.0,0.0,CT,CONNECTICUT,0.1388628,0.0
1084,2043,7,0.0,0.0,DE,DELAWARE,0.1388628,0.0
1085,2043,8,0.0,0.0,DC,DISTRICT OF COLUMBIA,0.1388628,0.0
1086,2043,9,0.0,0.0,FL,FLORIDA,0.1388628,0.0
1087,2043,10,367.7455179271677,18.12411415192264,GA,GEORGIA,0.1388628,51066.172306816705
1088,2043,12,1267.9854641838,86.489647129958,ID,IDAHO,0.1388628,176076.0119158622
1089,2043,13,7963181.559115745,47334.3150051373,IL,ILLINOIS,0.1388628,1105789688.207178
1090,2043,14,2923295.652176457,21708.04245066002,IN,INDIANA,0.1388628,405937019.4890489
1091,2043,15,6906424.581034575,45486.93047394593,IA,IOWA,0.1388628,959045455.311288
1092,2043,16,932022.281984983,10777.390548788651,KS,KANSAS,0.1388628,129423223.73882431
1093,2043,17,557026.2052872943,5292.154238109392,KY,KENTUCKY,0.1388628,77350218.53956851
1094,2043,18,205996.9430986339,3915.187839209891,LA,LOUISIANA,0.1388628,28605312.31011698
1095,2043,19,0.0,0.0,ME,MAINE,0.1388628,0.0
1096,2043,20,0.0,0.0,MD,MARYLAND,0.1388628,0.0
1097,2043,21,0.0,0.0,MA,MASSACHUSETTS,0.1388628,0.0
1098,2043,22,368312.388042114,2698.0893602328683,MI,MICHIGAN,0.1388628,51144889.478214465
1099,2043,23,2648393.850015426,28508.79552848412,MN,MINNESOTA,0.1388628,367763385.5159221
1100,2043,24,490075.00919748505,6801.561158841091,MS,MISSISSIPPI,0.1388628,68053187.98718853
1101,2043,25,2630893.518076483,22769.045782028115,MO,MISSOURI,0.1388628,365333240.4219511
1102,2043,26,795713.1042680112,11059.745315549357,MT,MONTANA,0.1388628,110494949.65534799
1103,2043,27,1366498.5382067035,16613.504938756763,NE,NEBRASKA,0.1388628,189755813.21128982
1104,2043,28,0.0,0.0,NV,NEVADA,0.1388628,0.0
1105,2043,29,0.0,0.0,NH,NEW HAMPSHIRE,0.1388628,0.0
1106,2043,30,0.0,0.0,NJ,NEW JERSEY,0.1388628,0.0
1107,2043,31,0.0,0.0,NM,NEW MEXICO,0.1388628,0.0
1108,2043,32,28215.53911883965,410.5050349004243,NY,NEW YORK,0.1388628,3918088.765551607
1109,2043,33,0.0,0.0,NC,NORTH CAROLINA,0.1388628,0.0
1110,2043,34,617682.141533637,7449.340220250595,ND,NORTH DAKOTA,0.1388628,85773071.68335712
1111,2043,35,637569.3840800484,7720.547340521649,OH,OHIO,0.1388628,88534669.86763096
1112,2043,36,131046.00144968892,2880.8535780933944,OK,OKLAHOMA,0.1388628,18197414.690107863
1113,2043,37,0.0,0.0,OR,OREGON,0.1388628,0.0
1114,2043,38,0.0,0.0,PA,PENNSYLVANIA,0.1388628,0.0
1115,2043,39,0.0,0.0,RI,RHODE ISLAND,0.1388628,0.0
1116,2043,40,0.0,0.0,SC,SOUTH CAROLINA,0.1388628,0.0
1117,2043,41,2233782.5547226667,16036.778857036,SD,SOUTH DAKOTA,0.1388628,310189300.13994277
1118,2043,42,710605.074625521,4956.368854873626,TN,TENNESSEE,0.1388628,98676610.3567088
1119,2043,43,40347.86298866037,1319.3914335148395,TX,TEXAS,0.1388628,5602817.228621747
1120,2043,44,0.0,0.0,UT,UTAH,0.1388628,0.0
1121,2043,45,0.0,0.0,VT,VERMONT,0.1388628,0.0
1122,2043,46,0.0,0.0,VA,VIRGINIA,0.1388628,0.0
1123,2043,47,0.0,0.0,WA,WASHINGTON,0.1388628,0.0
1124,2043,48,0.0,0.0,WV,WEST VIRGINIA,0.1388628,0.0
1125,2043,49,263798.0806617931,1700.5534180026805,WI,WISCONSIN,0.1388628,36631740.11532245
1126,2043,50,171289.63378004613,5556.817445033016,WY,WYOMING,0.1388628,23785758.15767179
1127,2044,0,167812.73665702582,1957.3504227241688,AL,ALABAMA,0.1383834,23222497.061903864
1128,2044,2,0.0,0.0,AZ,ARIZONA,0.1383834,0.0
1129,2044,3,363639.29125936725,9046.657300725332,AR,ARKANSAS,0.1383834,50321641.498061515
1130,2044,4,0.0,0.0,CA,CALIFORNIA,0.1383834,0.0
1131,2044,5,64271.88402163617,1302.169512649875,CO,COLORADO,0.1383834,8894161.835319687
1132,2044,6,0.0,0.0,CT,CONNECTICUT,0.1383834,0.0
1133,2044,7,67515.79153928341,987.1219532232784,DE,DELAWARE,0.1383834,9343064.786897272
1134,2044,8,0.0,0.0,DC,DISTRICT OF COLUMBIA,0.1383834,0.0
1135,2044,9,6536.980475626923,222.26856609603948,FL,FLORIDA,0.1383834,904609.5839508707
1136,2044,10,103863.006339503,1680.0104421988235,GA,GEORGIA,0.1383834,14372915.95148198
1137,2044,12,841.7686073677434,66.18862954207044,ID,IDAHO,0.1383834,116486.80190081337
1138,2044,13,7915424.242900105,45927.37834759325,IL,ILLINOIS,0.1383834,1095363319.1749425
1139,2044,14,3265172.9505073456,24734.768670532296,IN,INDIANA,0.1383834,451845734.4792382
1140,2044,15,7310700.801127227,43195.44320307946,IA,IOWA,0.1383834,1011679633.2427094
1141,2044,16,1112132.89030057,11218.654572397536,KS,KANSAS,0.1383834,153900730.6116199
1142,2044,17,2546868.611431229,11500.62215121124,KY,KENTUCKY,0.1383834,352444337.8031323
1143,2044,18,94939.90922632224,1623.335857748254,LA,LOUISIANA,0.1383834,13138107.43442984
1144,2044,19,0.0,0.0,ME,MAINE,0.1383834,0.0
1145,2044,20,95607.62257624362,1154.2374106986254,MD,MARYLAND,0.1383834,13230507.878017351
1146,2044,21,0.0,0.0,MA,MASSACHUSETTS,0.1383834,0.0
1147,2044,22,128106.38985506057,2308.104407263486,MI,MICHIGAN,0.1383834,17727797.789868787
1148,2044,23,2838671.4451190964,27051.298578353257,MN,MINNESOTA,0.1383834,392825006.0584939
1149,2044,24,794054.9370007719,10255.294759853354,MS,MISSISSIPPI,0.1383834,109884021.96895261
1150,2044,25,3630015.894820341,22944.827620047326,MO,MISSOURI,0.1383834,502333941.57928115
1151,2044,26,569893.9778290039,9446.011827386505,MT,MONTANA,0.1383834,78863866.29150218
1152,2044,27,1577060.1597151745,16216.422543326,NE,NEBRASKA,0.1383834,218238946.90592885
1153,2044,28,0.0,0.0,NV,NEVADA,0.1383834,0.0
1154,2044,29,0.0,0.0,NH,NEW HAMPSHIRE,0.1383834,0.0
1155,2044,30,37913.82190535608,707.8569944146018,NJ,NEW JERSEY,0.1383834,5246643.582257652
1156,2044,31,0.0,0.0,NM,NEW MEXICO,0.1383834,0.0
1157,2044,32,12887.96093533261,162.44108815740782,NY,NEW YORK,0.1383834,1783479.8532985067
1158,2044,33,176322.5679288578,2900.257804674089,NC,NORTH CAROLINA,0.1383834,24400116.4467263
1159,2044,34,595398.6847709576,6904.493190445415,ND,NORTH DAKOTA,0.1383834,82393294.35413332
1160,2044,35,1794209.5773083926,13808.929667082532,OH,OHIO,0.1383834,248288821.62049818
1161,2044,36,126089.76358057378,3231.480599606953,OK,OKLAHOMA,0.1383834,17448730.189475972
1162,2044,37,0.0,0.0,OR,OREGON,0.1383834,0.0
1163,2044,38,14763.93008744533,441.9202043513907,PA,PENNSYLVANIA,0.1383834,2043082.8428629818
1164,2044,39,0.0,0.0,RI,RHODE ISLAND,0.1383834,0.0
1165,2044,40,91523.72634935191,3023.914513317579,SC,SOUTH CAROLINA,0.1383834,12665364.432892904
1166,2044,41,2297945.002718862,15789.250087331333,SD,SOUTH DAKOTA,0.1383834,317997442.48924536
1167,2044,42,1652637.0686531663,10037.445542647574,TN,TENNESSEE,0.1383834,228697536.52625856
1168,2044,43,11338.251310289908,442.4315320979976,TX,TEXAS,0.1383834,1569025.7663723724
1169,2044,44,0.0,0.0,UT,UTAH,0.1383834,0.0
1170,2044,45,0.0,0.0,VT,VERMONT,0.1383834,0.0
1171,2044,46,2411.5685390598605,38.03918346876932,VA,VIRGINIA,0.1383834,333721.0537681363
1172,2044,47,0.0,0.0,WA,WASHINGTON,0.1383834,0.0
1173,2044,48,1868.919099886185,20.697562327139693,WV,WEST VIRGINIA,0.1383834,258627.3793671899
1174,2044,49,6847.377434966412,109.5478479215972,WI,WISCONSIN,0.1383834,947563.3705339308
1175,2044,50,155197.72286267707,4823.454338517675,WY,WYOMING,0.1383834,21476788.561994985
1176,2045,0,0.0,0.0,AL,ALABAMA,0.137904,0.0
1177,2045,2,0.0,0.0,AZ,ARIZONA,0.137904,0.0
1178,2045,3,231338.74405692823,7536.683050015793,AR,ARKANSAS,0.137904,31902538.16042663
1179,2045,4,0.0,0.0,CA,CALIFORNIA,0.137904,0.0
1180,2045,5,47580.10122531597,1326.6061654428152,CO,COLORADO,0.137904,6561486.279375974
1181,2045,6,0.0,0.0,CT,CONNECTICUT,0.137904,0.0
1182,2045,7,0.0,0.0,DE,DELAWARE,0.137904,0.0
1183,2045,8,0.0,0.0,DC,DISTRICT OF COLUMBIA,0.137904,0.0
1184,2045,9,0.0,0.0,FL,FLORIDA,0.137904,0.0
1185,2045,10,0.0,0.0,GA,GEORGIA,0.137904,0.0
1186,2045,12,468.1909865653438,55.08492245324294,ID,IDAHO,0.137904,64565.409811307174
1187,2045,13,8762578.410736993,44652.15306697832,IL,ILLINOIS,0.137904,1208394613.1542745
1188,2045,14,6427695.94869749,32955.26662738591,IN,INDIANA,0.137904,886404982.1091787
1189,2045,15,8719046.123068444,43170.94919029204,IA,IOWA,0.137904,1202391336.555631
1190,2045,16,1619695.4549147915,13333.851913529388,KS,KANSAS,0.137904,223362482.01456943
1191,2045,17,1405901.3019085876,10293.23800433035,KY,KENTUCKY,0.137904,193879413.13840184
1192,2045,18,270664.20611403463,7933.194344941022,LA,LOUISIANA,0.137904,37325676.679949835
1193,2045,19,0.0,0.0,ME,MAINE,0.137904,0.0
1194,2045,20,4245.894746015103,50.400842287102,MD,MARYLAND,0.137904,585525.8690544667
1195,2045,21,0.0,0.0,MA,MASSACHUSETTS,0.137904,0.0
1196,2045,22,1168868.3232870144,4538.3172495174185,MI,MICHIGAN,0.137904,161191617.25457245
1197,2045,23,3499754.245054706,29170.586500598474,MN,MINNESOTA,0.137904,482630109.41002417
1198,2045,24,538459.1493785281,12420.521899783704,MS,MISSISSIPPI,0.137904,74255670.53589654
1199,2045,25,3617107.944461039,22831.612532196938,MO,MISSOURI,0.137904,498813653.97295505
1200,2045,26,462941.4920697138,9372.146064077437,MT,MONTANA,0.137904,63841483.522381805
1201,2045,27,1313397.5181297883,15074.159093403976,NE,NEBRASKA,0.137904,181122771.34017032
1202,2045,28,0.0,0.0,NV,NEVADA,0.137904,0.0
1203,2045,29,0.0,0.0,NH,NEW HAMPSHIRE,0.137904,0.0
1204,2045,30,64189.90286080007,588.3264204064857,NJ,NEW JERSEY,0.137904,8852044.364115773
1205,2045,31,0.0,0.0,NM,NEW MEXICO,0.137904,0.0
1206,2045,32,98613.88838760291,1000.3091979346632,NY,NEW YORK,0.137904,13599249.664203992
1207,2045,33,95019.2404619353,1285.701140344385,NC,NORTH CAROLINA,0.137904,13103533.336662725
1208,2045,34,583254.9492235273,7593.76177656133,ND,NORTH DAKOTA,0.137904,80433190.51772131
1209,2045,35,5709072.356985642,26314.00281623287,OH,OHIO,0.137904,787303914.317748
1210,2045,36,164038.27276492707,4041.717009615831,OK,OKLAHOMA,0.137904,22621533.9673745
1211,2045,37,0.0,0.0,OR,OREGON,0.137904,0.0
1212,2045,38,191016.4572119001,1936.7520285746573,PA,PENNSYLVANIA,0.137904,26341933.51534987
1213,2045,39,0.0,0.0,RI,RHODE ISLAND,0.137904,0.0
1214,2045,40,2599.3759707211143,78.03483384822522,SC,SOUTH CAROLINA,0.137904,358464.3438663246
1215,2045,41,2293363.409266365,15481.826887740695,SD,SOUTH DAKOTA,0.137904,316263987.5914688
1216,2045,42,688909.8291623662,7199.717070410676,TN,TENNESSEE,0.137904,95003421.08080696
1217,2045,43,66710.76237378397,2545.428414426261,TX,TEXAS,0.137904,9199680.974394305
1218,2045,44,0.0,0.0,UT,UTAH,0.137904,0.0
1219,2045,45,0.0,0.0,VT,VERMONT,0.137904,0.0
1220,2045,46,10577.081260422174,87.5567522387428,VA,VIRGINIA,0.137904,1458621.8141372595
1221,2045,47,0.0,0.0,WA,WASHINGTON,0.137904,0.0
1222,2045,48,29766.10711054215,126.18530205937756,WV,WEST VIRGINIA,0.137904,4104865.234972205
1223,2045,49,279699.94169526355,1390.319906184748,WI,WISCONSIN,0.137904,38571740.75954363
1224,2045,50,106009.30616980128,4749.271371670495,WY,WYOMING,0.137904,14619107.358040275
1225,2046,0,668107.3674375599,3905.297861303428,AL,ALABAMA,0.1348728,90109511.34693252
1226,2046,2,0.0,0.0,AZ,ARIZONA,0.1348728,0.0
1227,2046,3,915828.3902383985,14784.477403560764,AR,ARKANSAS,0.1348728,123520339.31094545
1228,2046,4,0.0,0.0,CA,CALIFORNIA,0.1348728,0.0
1229,2046,5,62112.31082251425,1442.8088330094984,CO,COLORADO,0.1348728,8377261.275102799
1230,2046,6,0.0,0.0,CT,CONNECTICUT,0.1348728,0.0
1231,2046,7,0.0,0.0,DE,DELAWARE,0.1348728,0.0
1232,2046,8,0.0,0.0,DC,DISTRICT OF COLUMBIA,0.1348728,0.0
1233,2046,9,24137.17857441636,226.05473195198056,FL,FLORIDA,0.1348728,3255448.8584315428
1234,2046,10,356240.4802258472,3119.7322703656355,GA,GEORGIA,0.1348728,48047151.04140464
1235,2046,12,15.371669729370687,30.608405809313577,ID,IDAHO,0.1348728,2073.2201370754665
1236,2046,13,8513596.128712483,46852.38223321975,IL,ILLINOIS,0.1348728,1148252547.9486127
1237,2046,14,1488492.0026074552,12963.053112025642,IN,INDIANA,0.1348728,200757084.16927478
1238,2046,15,9010809.950244715,45130.28368414602,IA,IOWA,0.1348728,1215313168.2573652
1239,2046,16,1756546.3524854423,13489.794531826565,KS,KANSAS,0.1348728,236910324.88949856
1240,2046,17,2499551.345436622,13780.412006877566,KY,KENTUCKY,0.1348728,337121488.70280445
1241,2046,18,357784.9046669323,7542.887242582672,LA,LOUISIANA,0.1348728,48255451.89016222
1242,2046,19,0.0,0.0,ME,MAINE,0.1348728,0.0
1243,2046,20,3674.5003263291264,123.61479848069791,MD,MARYLAND,0.1348728,495590.14761292294
1244,2046,21,0.0,0.0,MA,MASSACHUSETTS,0.1348728,0.0
1245,2046,22,93365.39548638868,1915.9414054893,MI,MICHIGAN,0.1348728,12592452.3123566
1246,2046,23,4034709.335339857,30607.20181101228,MN,MINNESOTA,0.1348728,544172545.2434254
1247,2046,24,1364017.8335732978,16047.118777275473,MS,MISSISSIPPI,0.1348728,183968904.46396464
1248,2046,25,4470346.387059452,23585.975981431555,MO,MISSOURI,0.1348728,602928134.192592
1249,2046,26,618197.5271020725,10800.413884825886,MT,MONTANA,0.1348728,83378031.4333324
1250,2046,27,1757734.7795473412,17915.87745748096,NE,NEBRASKA,0.1348728,237070611.37493262
1251,2046,28,0.0,0.0,NV,NEVADA,0.1348728,0.0
1252,2046,29,0.0,0.0,NH,NEW HAMPSHIRE,0.1348728,0.0
1253,2046,30,388.6929189009238,16.588871595558327,NJ,NEW JERSEY,0.1348728,52424.10231234051
1254,2046,31,1.0498013207106398,0.4846537906306121,NM,NEW MEXICO,0.1348728,141.58964356794198
1255,2046,32,117.73085342288272,19.957724761917664,NY,NEW YORK,0.1348728,15878.689847533775
1256,2046,33,4408.355748631818,516.2870030374136,NC,NORTH CAROLINA,0.1348728,594567.2832140693
1257,2046,34,768529.6415341515,7953.523946415704,ND,NORTH DAKOTA,0.1348728,103653744.6367073
1258,2046,35,356427.95735723246,5954.560850663907,OH,OHIO,0.1348728,48072436.60705054
1259,2046,36,183844.29704340745,4112.467798905754,OK,OKLAHOMA,0.1348728,24795595.10627608
1260,2046,37,0.0,0.0,OR,OREGON,0.1348728,0.0
1261,2046,38,8725.251650404287,108.40963768074046,PA,PENNSYLVANIA,0.1348728,1176799.1207946474
1262,2046,39,0.0,0.0,RI,RHODE ISLAND,0.1348728,0.0
1263,2046,40,225687.74797725788,2229.620720462373,SC,SOUTH CAROLINA,0.1348728,30439138.495387103
1264,2046,41,2521333.931212878,16112.64997691564,SD,SOUTH DAKOTA,0.1348728,340059367.0376882
1265,2046,42,1740236.616557757,10904.094464003108,TN,TENNESSEE,0.1348728,234710585.13767102
1266,2046,43,40439.72670274491,1449.5694503580023,TX,TEXAS,0.1348728,5454219.171633974
1267,2046,44,0.0,0.0,UT,UTAH,0.1348728,0.0
1268,2046,45,0.0,0.0,VT,VERMONT,0.1348728,0.0
1269,2046,46,506.0353110551792,20.195430735837263,VA,VIRGINIA,0.1348728,68250.39930088297
1270,2046,47,0.0,0.0,WA,WASHINGTON,0.1348728,0.0
1271,2046,48,2810.7261959843727,87.87363165105518,WV,WEST VIRGINIA,0.1348728,379090.51208576106
1272,2046,49,210678.958007846,1392.5494877617175,WI,WISCONSIN,0.1348728,28414860.96760061
1273,2046,50,98887.6611279814,3662.504592306443,WY,WYOMING,0.1348728,13337255.741782008
1274,2047,0,587208.063437232,3404.75257653328,AL,ALABAMA,0.1318416,77418450.61646616
1275,2047,2,0.0,0.0,AZ,ARIZONA,0.1318416,0.0
1276,2047,3,520687.0780335674,10821.166604442882,AR,ARKANSAS,0.1318416,68648217.46727039
1277,2047,4,0.0,0.0,CA,CALIFORNIA,0.1318416,0.0
1278,2047,5,60822.7422722452,1255.526317100984,CO,COLORADO,0.1318416,8018967.6575604435
1279,2047,6,0.0,0.0,CT,CONNECTICUT,0.1318416,0.0
1280,2047,7,95727.99320985076,1034.4998380196782,DE,DELAWARE,0.1318416,12620931.78957586
1281,2047,8,0.0,0.0,DC,DISTRICT OF COLUMBIA,0.1318416,0.0
1282,2047,9,30199.71153337897,262.5215141323623,FL,FLORIDA,0.1318416,3981578.2880991367
1283,2047,10,392980.8337989146,3308.01869088226,GA,GEORGIA,0.1318416,51811221.89738298
1284,2047,12,749.9284202058251,63.60674473082596,ID,IDAHO,0.1318416,98871.76280540832
1285,2047,13,9751447.24580459,48711.03690675928,IL,ILLINOIS,0.1318416,1285646407.2024703
1286,2047,14,4434858.315430051,27400.339276007304,IN,INDIANA,0.1318416,584698816.0796026
1287,2047,15,6827356.430215042,45455.14815740936,IA,IOWA,0.1318416,900129595.5298395
1288,2047,16,413742.05710149824,4066.0870575589847,KS,KANSAS,0.1318416,54548414.795552894
1289,2047,17,3532619.7375866063,13964.17334250053,KY,KENTUCKY,0.1318416,465746238.3949984
1290,2047,18,21879.87836756521,946.2108966386968,LA,LOUISIANA,0.1318416,2884678.171785185
1291,2047,19,0.0,0.0,ME,MAINE,0.1318416,0.0
1292,2047,20,277149.8212701585,2244.3953037231954,MD,MARYLAND,0.1318416,36539875.875971735
1293,2047,21,0.0,0.0,MA,MASSACHUSETTS,0.1318416,0.0
1294,2047,22,704143.9120075081,4645.456135886047,MI,MICHIGAN,0.1318416,92835459.98932908
1295,2047,23,2609101.928279971,31370.74100747298,MN,MINNESOTA,0.1318416,343988172.7875166
1296,2047,24,523325.6772633389,8324.452309844728,MS,MISSISSIPPI,0.1318416,68996094.61148222
1297,2047,25,3913116.32741978,20922.793898534488,MO,MISSOURI,0.1318416,515911517.5931477
1298,2047,26,522013.0521864515,9928.278587548944,MT,MONTANA,0.1318416,68823036.02114527
1299,2047,27,1578878.1698303856,19204.33630702801,NE,NEBRASKA,0.1318416,208161824.11550978
1300,2047,28,0.0,0.0,NV,NEVADA,0.1318416,0.0
1301,2047,29,0.0,0.0,NH,NEW HAMPSHIRE,0.1318416,0.0
1302,2047,30,53865.05423171537,772.4866177175506,NJ,NEW JERSEY,0.1318416,7101654.933996125
1303,2047,31,1.698523142125134,0.8509345365251298,NM,NEW MEXICO,0.1318416,223.93600869480508
1304,2047,32,267595.71024650283,1473.089111766442,NY,NEW YORK,0.1318416,35280246.59203532
1305,2047,33,837305.2799903424,7076.920220850383,NC,NORTH CAROLINA,0.1318416,110391667.80237474
1306,2047,34,27725.32009395455,1419.6756693134146,ND,NORTH DAKOTA,0.1318416,3655350.561699118
1307,2047,35,4213386.610165329,23744.797113299934,OH,OHIO,0.1318416,555499632.1027732
1308,2047,36,9721.634985024895,217.07482520282505,OK,OKLAHOMA,0.1318416,1281715.9110416584
1309,2047,37,0.0,0.0,OR,OREGON,0.1318416,0.0
1310,2047,38,288831.21065043134,2602.079898560827,PA,PENNSYLVANIA,0.1318416,38079968.94208991
1311,2047,39,0.0,0.0,RI,RHODE ISLAND,0.1318416,0.0
1312,2047,40,647624.1635376988,5696.82618046107,SC,SOUTH CAROLINA,0.1318416,85383805.91947186
1313,2047,41,1225789.4362502666,15052.078209496263,SD,SOUTH DAKOTA,0.1318416,161610040.53833315
1314,2047,42,2307715.8837203914,11361.462184719583,TN,TENNESSEE,0.1318416,304252954.4551104
1315,2047,43,2222.3830334808817,98.0905915417093,TX,TEXAS,0.1318416,293002.534946973
1316,2047,44,0.0,0.0,UT,UTAH,0.1318416,0.0
1317,2047,45,0.0,0.0,VT,VERMONT,0.1318416,0.0
1318,2047,46,174205.088418856,1002.0344871850826,VA,VIRGINIA,0.1318416,22967477.585283443
1319,2047,47,0.0,0.0,WA,WASHINGTON,0.1318416,0.0
1320,2047,48,54368.9430103778,300.5948793149102,WV,WEST VIRGINIA,0.1318416,7168088.436797027
1321,2047,49,126224.07833534492,1224.861590137116,WI,WISCONSIN,0.1318416,16641584.446257211
1322,2047,50,101835.06541430662,3827.283619109976,WY,WYOMING,0.1318416,13426097.960326849
1323,2048,0,548940.1523438778,2827.4197547033555,AL,ALABAMA,0.1288104,70709200.59947583
1324,2048,2,0.0,0.0,AZ,ARIZONA,0.1288104,0.0
1325,2048,3,878367.3766396417,14623.354207198685,AR,ARKANSAS,0.1288104,113142853.1319029
1326,2048,4,0.0,0.0,CA,CALIFORNIA,0.1288104,0.0
1327,2048,5,73605.86474422232,1371.0750494355725,CO,COLORADO,0.1288104,9481200.880049173
1328,2048,6,0.0,0.0,CT,CONNECTICUT,0.1288104,0.0
1329,2048,7,0.0,0.0,DE,DELAWARE,0.1288104,0.0
1330,2048,8,0.0,0.0,DC,DISTRICT OF COLUMBIA,0.1288104,0.0
1331,2048,9,26885.94414860916,204.92593555323995,FL,FLORIDA,0.1288104,3463189.220160005
1332,2048,10,450653.90425187256,3482.83608689978,GA,GEORGIA,0.1288104,58048909.6682454
1333,2048,12,47.597263073209184,33.09129028882787,ID,IDAHO,0.1288104,6131.022495365304
1334,2048,13,3731124.6540949214,37884.53609507172,IL,ILLINOIS,0.1288104,480607659.14382845
1335,2048,14,1229055.5582054462,10933.39798875522,IN,INDIANA,0.1288104,158315138.0746668
1336,2048,15,3152275.1342181023,32330.410260410903,IA,IOWA,0.1288104,406045820.94868743
1337,2048,16,212084.7527415199,3160.8143955569803,KS,KANSAS,0.1288104,27318721.834536273
1338,2048,17,2423186.188641986,12932.623315082546,KY,KENTUCKY,0.1288104,312131582.23344964
1339,2048,18,780374.1316131912,11755.900016014204,LA,LOUISIANA,0.1288104,100520304.04274781
1340,2048,19,0.0,0.0,ME,MAINE,0.1288104,0.0
1341,2048,20,2179.047103480205,48.58628597966171,MD,MARYLAND,0.1288104,280683.92901812657
1342,2048,21,0.0,0.0,MA,MASSACHUSETTS,0.1288104,0.0
1343,2048,22,113547.0310539898,1628.812926591545,MI,MICHIGAN,0.1288104,14626038.488876848
1344,2048,23,612993.264105596,20873.05136560661,MN,MINNESOTA,0.1288104,78959907.54674745
1345,2048,24,1329867.1902712565,13684.92197736526,MS,MISSISSIPPI,0.1288104,171300724.72571665
1346,2048,25,1916073.423025076,18285.17183007579,MO,MISSOURI,0.1288104,246810184.04922926
1347,2048,26,468141.9399072968,9498.56667576518,MT,MONTANA,0.1288104,60301550.536234856
1348,2048,27,1525997.935276038,20598.9016523424,NE,NEBRASKA,0.1288104,196564404.44208056
1349,2048,28,0.0,0.0,NV,NEVADA,0.1288104,0.0
1350,2048,29,0.0,0.0,NH,NEW HAMPSHIRE,0.1288104,0.0
1351,2048,30,0.0,0.0,NJ,NEW JERSEY,0.1288104,0.0
1352,2048,31,4.697451000999753,1.9653472576118547,NM,NEW MEXICO,0.1288104,605.0805424191785
1353,2048,32,2299.4898407609844,39.935230958900846,NY,NEW YORK,0.1288104,296198.2061843587
1354,2048,33,571293.5225286317,4632.123833407466,NC,NORTH CAROLINA,0.1288104,73588547.15432206
1355,2048,34,30484.06926974773,1071.284808710578,ND,NORTH DAKOTA,0.1288104,3926665.1562639126
1356,2048,35,271444.9499409575,2551.76396324738,OH,OHIO,0.1288104,34964932.57987471
1357,2048,36,91596.451379423,2365.709652162458,OK,OKLAHOMA,0.1288104,11798575.540764028
1358,2048,37,0.0,0.0,OR,OREGON,0.1288104,0.0
1359,2048,38,12158.91317457638,100.13453530265888,PA,PENNSYLVANIA,0.1288104,1566194.4695824534
1360,2048,39,0.0,0.0,RI,RHODE ISLAND,0.1288104,0.0
1361,2048,40,456872.879739676,4426.553686392218,SC,SOUTH CAROLINA,0.1288104,58849978.38841956
1362,2048,41,1554270.4944008645,14673.516585036752,SD,SOUTH DAKOTA,0.1288104,200206204.0919731
1363,2048,42,2000489.025364995,10583.15031990524,TN,TENNESSEE,0.1288104,257683791.55287513
1364,2048,43,87821.39275434258,3046.9081415507026,TX,TEXAS,0.1288104,11312308.72924397
1365,2048,44,0.0,0.0,UT,UTAH,0.1288104,0.0
1366,2048,45,0.0,0.0,VT,VERMONT,0.1288104,0.0
1367,2048,46,25826.82765301868,184.01489411995783,VA,VIRGINIA,0.1288104,3326764.000716397
1368,2048,47,0.0,0.0,WA,WASHINGTON,0.1288104,0.0
1369,2048,48,11714.548678748168,60.603777196730896,WV,WEST VIRGINIA,0.1288104,1508955.701129023
1370,2048,49,13683.310773055444,230.4655067430532,WI,WISCONSIN,0.1288104,1762552.7340015809
1371,2048,50,104244.91397025716,4577.239911192512,WY,WYOMING,0.1288104,13427829.066474412
1372,2049,0,52541.458095034,502.98332252424746,AL,ALABAMA,0.1257792,6608622.566026901
1373,2049,2,0.0,0.0,AZ,ARIZONA,0.1257792,0.0
1374,2049,3,132128.8617467096,3539.9698339845627,AR,ARKANSAS,0.1257792,16619062.527411735
1375,2049,4,0.0,0.0,CA,CALIFORNIA,0.1257792,0.0
1376,2049,5,71501.18642647468,1469.2683772641574,CO,COLORADO,0.1257792,8993362.027772846
1377,2049,6,0.0,0.0,CT,CONNECTICUT,0.1257792,0.0
1378,2049,7,0.0,0.0,DE,DELAWARE,0.1257792,0.0
1379,2049,8,0.0,0.0,DC,DISTRICT OF COLUMBIA,0.1257792,0.0
1380,2049,9,0.0,0.0,FL,FLORIDA,0.1257792,0.0
1381,2049,10,6137.059390480643,82.37582919370985,GA,GEORGIA,0.1257792,771914.420487143
1382,2049,12,0.0,0.0,ID,IDAHO,0.1257792,0.0
1383,2049,13,2220239.2399015795,28808.53443357105,IL,ILLINOIS,0.1257792,279259915.40342873
1384,2049,14,531294.3780267967,7577.496272447588,IN,INDIANA,0.1257792,66825781.832708076
1385,2049,15,1634330.09449441,27016.830704135515,IA,IOWA,0.1257792,205564731.8214313
1386,2049,16,879783.9159800424,11426.828692284387,KS,KANSAS,0.1257792,110658517.12483697
1387,2049,17,300711.74035693065,3930.71716075529,KY,KENTUCKY,0.1257792,37823282.132702455
1388,2049,18,414304.7063317063,8854.705945459582,LA,LOUISIANA,0.1257792,52110914.51863696
1389,2049,19,0.0,0.0,ME,MAINE,0.1257792,0.0
1390,2049,20,0.0,0.0,MD,MARYLAND,0.1257792,0.0
1391,2049,21,0.0,0.0,MA,MASSACHUSETTS,0.1257792,0.0
1392,2049,22,112279.02042257354,1836.4096826333,MI,MICHIGAN,0.1257792,14122365.365534963
1393,2049,23,480591.0353347573,10297.9136616238,MN,MINNESOTA,0.1257792,60448355.95157751
1394,2049,24,203396.88117577764,4156.848227015098,MS,MISSISSIPPI,0.1257792,25583096.996784374
1395,2049,25,1720318.735801159,18514.931959610272,MO,MISSOURI,0.1257792,216380314.33408114
1396,2049,26,390670.0894236984,7498.954895429892,MT,MONTANA,0.1257792,49138171.311641246
1397,2049,27,1321072.769531965,19019.57345472237,NE,NEBRASKA,0.1257792,166163476.09351495
1398,2049,28,0.0,0.0,NV,NEVADA,0.1257792,0.0
1399,2049,29,0.0,0.0,NH,NEW HAMPSHIRE,0.1257792,0.0
1400,2049,30,0.0,0.0,NJ,NEW JERSEY,0.1257792,0.0
1401,2049,31,3.8442931877013056,1.6083980593510598,NM,NEW MEXICO,0.1257792,483.5321217145201
1402,2049,32,0.0,0.0,NY,NEW YORK,0.1257792,0.0
1403,2049,33,157385.3160101374,1845.8768451893127,NC,NORTH CAROLINA,0.1257792,19795799.139502276
1404,2049,34,115.0934786638366,11.0602349818343,ND,NORTH DAKOTA,0.1257792,14476.365671554438
1405,2049,35,212692.1380408554,4777.866703461907,OH,OHIO,0.1257792,26752246.969068363
1406,2049,36,74599.56090071608,1884.3510982594053,OK,OKLAHOMA,0.1257792,9383073.090443349
1407,2049,37,0.0,0.0,OR,OREGON,0.1257792,0.0
1408,2049,38,0.0,0.0,PA,PENNSYLVANIA,0.1257792,0.0
1409,2049,39,0.0,0.0,RI,RHODE ISLAND,0.1257792,0.0
1410,2049,40,197488.87541194705,2043.2384140998083,SC,SOUTH CAROLINA,0.1257792,24839992.75821437
1411,2049,41,817882.4277435632,11101.88957160802,SD,SOUTH DAKOTA,0.1257792,102872597.45564319
1412,2049,42,365339.2148407089,4547.326080043658,TN,TENNESSEE,0.1257792,45952074.1712925
1413,2049,43,112966.111650087,2880.10856105747,TX,TEXAS,0.1257792,14208787.150458623
1414,2049,44,0.0,0.0,UT,UTAH,0.1257792,0.0
1415,2049,45,0.0,0.0,VT,VERMONT,0.1257792,0.0
1416,2049,46,130.351088361386,20.544086032440475,VA,VIRGINIA,0.1257792,16395.455613224443
1417,2049,47,0.0,0.0,WA,WASHINGTON,0.1257792,0.0
1418,2049,48,0.0,0.0,WV,WEST VIRGINIA,0.1257792,0.0
1419,2049,49,25763.07196571996,372.3655304473984,WI,WISCONSIN,0.1257792,3240458.5813906845
1420,2049,50,109524.68663273088,4501.064674381853,WY,WYOMING,0.1257792,13775927.464915585
1421,2050,0,297706.311294336,1577.6852342209202,AL,ALABAMA,0.122748,36542854.29875715
1422,2050,2,0.0,0.0,AZ,ARIZONA,0.122748,0.0
1423,2050,3,533935.3963671403,12090.171575100912,AR,ARKANSAS,0.122748,65539502.03327374
1424,2050,4,0.0,0.0,CA,CALIFORNIA,0.122748,0.0
1425,2050,5,70066.59753635922,1575.0610946013255,CO,COLORADO,0.122748,8600534.714393022
1426,2050,6,0.0,0.0,CT,CONNECTICUT,0.122748,0.0
1427,2050,7,87075.08222329285,837.8415383529104,DE,DELAWARE,0.122748,10688292.192744749
1428,2050,8,0.0,0.0,DC,DISTRICT OF COLUMBIA,0.122748,0.0
1429,2050,9,9806.975750738677,88.09524683386445,FL,FLORIDA,0.122748,1203786.659451671
1430,2050,10,394197.1228751191,2404.954147393565,GA,GEORGIA,0.122748,48386908.43867511
1431,2050,12,1254.3638286141197,102.15118376437056,ID,IDAHO,0.122748,153970.65123472596
1432,2050,13,4671883.81388651,35924.28287486955,IL,ILLINOIS,0.122748,573464394.3869413
1433,2050,14,3059006.740515972,22694.77200000896,IN,INDIANA,0.122748,375486959.38485456
1434,2050,15,174179.9855102654,3763.284484120381,IA,IOWA,0.122748,21380244.861414056
1435,2050,16,621197.0376319399,7389.507520113027,KS,KANSAS,0.122748,76250693.97524536
1436,2050,17,2920063.5123666814,12352.858178589922,KY,KENTUCKY,0.122748,358431956.0159854
1437,2050,18,338151.8491429521,6436.649382526526,LA,LOUISIANA,0.122748,41507463.17859909
1438,2050,19,0.0,0.0,ME,MAINE,0.122748,0.0
1439,2050,20,144207.53405344463,1262.499245473175,MD,MARYLAND,0.122748,17701186.38999222
1440,2050,21,0.0,0.0,MA,MASSACHUSETTS,0.122748,0.0
1441,2050,22,177928.67816758712,2095.0706834882258,MI,MICHIGAN,0.122748,21840389.387714986
1442,2050,23,185791.337633427,7031.266372166372,MN,MINNESOTA,0.122748,22805515.111827895
1443,2050,24,803634.5689675095,9475.1755599559,MS,MISSISSIPPI,0.122748,98644536.07162385
1444,2050,25,2090534.3598996724,19214.92202329833,MO,MISSOURI,0.122748,256608911.60896498
1445,2050,26,494028.2223937332,8568.79312954002,MT,MONTANA,0.122748,60640976.24238596
1446,2050,27,432557.767193608,8764.811313556498,NE,NEBRASKA,0.122748,53095600.80748099
1447,2050,28,0.0,0.0,NV,NEVADA,0.122748,0.0
1448,2050,29,0.0,0.0,NH,NEW HAMPSHIRE,0.122748,0.0
1449,2050,30,159885.86351663544,1438.1475211613745,NJ,NEW JERSEY,0.122748,19625669.97493997
1450,2050,31,2.1875592446830483,0.9152439400615932,NM,NEW MEXICO,0.122748,268.5185221663548
1451,2050,32,6806.679522196748,194.65816916242628,NY,NEW YORK,0.122748,835506.2979906063
1452,2050,33,726966.5534184584,6313.715205832381,NC,NORTH CAROLINA,0.122748,89233690.49900894
1453,2050,34,5573.685415130189,90.82531316749254,ND,NORTH DAKOTA,0.122748,684158.7373364004
1454,2050,35,1369449.567764084,14385.734599661431,OH,OHIO,0.122748,168097195.5439058
1455,2050,36,95300.81108989767,2243.4718937222683,OK,OKLAHOMA,0.122748,11697983.95966276
1456,2050,37,0.0,0.0,OR,OREGON,0.122748,0.0
1457,2050,38,281032.62259546004,3627.6212098373903,PA,PENNSYLVANIA,0.122748,34496192.35834753
1458,2050,39,0.0,0.0,RI,RHODE ISLAND,0.122748,0.0
1459,2050,40,302792.6775443099,3677.3351849397945,SC,SOUTH CAROLINA,0.122748,37167195.58320895
1460,2050,41,1051996.6479969912,12277.814067173533,SD,SOUTH DAKOTA,0.122748,129130484.54833467
1461,2050,42,1683370.698360436,9003.35223517099,TN,TENNESSEE,0.122748,206630386.48234677
1462,2050,43,42819.8384525675,1488.945436141311,TX,TEXAS,0.122748,5256049.530375755
1463,2050,44,0.0,0.0,UT,UTAH,0.122748,0.0
1464,2050,45,0.0,0.0,VT,VERMONT,0.122748,0.0
1465,2050,46,163543.56302525694,650.096526627577,VA,VIRGINIA,0.122748,20074645.274224237
1466,2050,47,0.0,0.0,WA,WASHINGTON,0.122748,0.0
1467,2050,48,108476.0720701341,460.6733070668001,WV,WEST VIRGINIA,0.122748,13315220.89446482
1468,2050,49,31704.26909175291,311.8146433333584,WI,WISCONSIN,0.122748,3891635.622474486
1469,2050,50,239963.7103150554,7781.7644886763155,WY,WYOMING,0.122748,29455065.51375242
1470,2051,0,369150.9586905895,1914.689713781347,AL,ALABAMA,0.1237782,45692841.19499553
1471,2051,2,0.0,0.0,AZ,ARIZONA,0.1237782,0.0
1472,2051,3,827783.5395554143,13829.748715362892,AR,ARKANSAS,0.1237782,102461556.51579799
1473,2051,4,0.0,0.0,CA,CALIFORNIA,0.1237782,0.0
1474,2051,5,68406.58960417422,1524.6675592060865,CO,COLORADO,0.1237782,8467244.529343398
1475,2051,6,0.0,0.0,CT,CONNECTICUT,0.1237782,0.0
1476,2051,7,137247.29495172045,891.4835752766539,DE,DELAWARE,0.1237782,16988223.123993043
1477,2051,8,0.0,0.0,DC,DISTRICT OF COLUMBIA,0.1237782,0.0
1478,2051,9,12837.253604985686,109.523605857204,FL,FLORIDA,0.1237782,1588972.1441686393
1479,2051,10,290804.4040547844,2774.768884489699,GA,GEORGIA,0.1237782,35995245.68597392
1480,2051,12,27.137157451178545,36.99493063904838,ID,IDAHO,0.1237782,3358.988502423468
1481,2051,13,8696584.897633694,47213.31399479939,IL,ILLINOIS,0.1237782,1076447624.776283
1482,2051,14,5904526.359756351,31508.514987456765,IN,INDIANA,0.1237782,730851644.6631937
1483,2051,15,7239865.8525501825,48063.21942394,IA,IOWA,0.1237782,896137563.470127
1484,2051,16,1818020.309074237,13720.319978992018,KS,KANSAS,0.1237782,225031281.42065275
1485,2051,17,3420432.3170520803,12657.611440784543,KY,KENTUCKY,0.1237782,423374955.4265358
1486,2051,18,623039.3817647271,10305.62312937027,LA,LOUISIANA,0.1237782,77118693.20395075
1487,2051,19,0.0,0.0,ME,MAINE,0.1237782,0.0
1488,2051,20,204217.42221429115,966.3041080701236,MD,MARYLAND,0.1237782,25277664.930324975
1489,2051,21,0.0,0.0,MA,MASSACHUSETTS,0.1237782,0.0
1490,2051,22,640007.1972978282,3891.485686380489,MI,MICHIGAN,0.1237782,79218938.86857004
1491,2051,23,475087.217545988,9244.477075011086,MN,MINNESOTA,0.1237782,58805440.63085081
1492,2051,24,959871.3680717272,10106.02151716372,MS,MISSISSIPPI,0.1237782,118811150.17145588
1493,2051,25,5097673.208767253,26933.78577398741,MO,MISSOURI,0.1237782,630980813.9694349
1494,2051,26,625920.4218901634,12273.31793041828,MT,MONTANA,0.1237782,77475303.16480502
1495,2051,27,2131890.6701546963,24180.659903871485,NE,NEBRASKA,0.1237782,263881589.74854204
1496,2051,28,0.0,0.0,NV,NEVADA,0.1237782,0.0
1497,2051,29,0.0,0.0,NH,NEW HAMPSHIRE,0.1237782,0.0
1498,2051,30,38248.038711754525,469.4342958712193,NJ,NEW JERSEY,0.1237782,4734273.385271294
1499,2051,31,4.925239089756141,2.060650581788889,NM,NEW MEXICO,0.1237782,609.6372290996536
1500,2051,32,6632.524974158016,103.26356404830648,NY,NEW YORK,0.1237782,820962.0027563258
1501,2051,33,1404188.7161402,6693.562382199642,NC,NORTH CAROLINA,0.1237782,173807951.7441449
1502,2051,34,0.0,0.0,ND,NORTH DAKOTA,0.1237782,0.0
1503,2051,35,3426563.902302481,22987.248625730663,OH,OHIO,0.1237782,424133912.01197696
1504,2051,36,158586.20327618255,3486.42758895322,OK,OKLAHOMA,0.1237782,19629514.78635998
1505,2051,37,0.0,0.0,OR,OREGON,0.1237782,0.0
1506,2051,38,56512.43839038262,444.5481922109827,PA,PENNSYLVANIA,0.1237782,6995007.901572458
1507,2051,39,0.0,0.0,RI,RHODE ISLAND,0.1237782,0.0
1508,2051,40,608875.4036754133,4669.408611972656,SC,SOUTH CAROLINA,0.1237782,75365501.49121605
1509,2051,41,839074.63061782,9357.327896113467,SD,SOUTH DAKOTA,0.1237782,103859147.44353864
1510,2051,42,1867248.0724137807,9364.292700862468,TN,TENNESSEE,0.1237782,231124605.35684744
1511,2051,43,122025.21942765484,3434.1393880946207,TX,TEXAS,0.1237782,15104062.015360147
1512,2051,44,0.0,0.0,UT,UTAH,0.1237782,0.0
1513,2051,45,0.0,0.0,VT,VERMONT,0.1237782,0.0
1514,2051,46,164260.51954067178,695.9178985884846,VA,VIRGINIA,0.1237782,20331871.43980918
1515,2051,47,0.0,0.0,WA,WASHINGTON,0.1237782,0.0
1516,2051,48,53646.49395670967,301.8776040758774,WV,WEST VIRGINIA,0.1237782,6640266.458272402
1517,2051,49,177627.02921392838,1799.5976150488464,WI,WISCONSIN,0.1237782,21986353.94744747
1518,2051,50,115202.78499719388,6131.521900874725,WY,WYOMING,0.1237782,14259593.361939665
1519,2052,0,346088.09528388386,1954.7146808803768,AL,ALABAMA,0.1248084,43194701.43142909
1520,2052,2,0.0,0.0,AZ,ARIZONA,0.1248084,0.0
1521,2052,3,389811.7546673344,10011.671778428612,AR,ARKANSAS,0.1248084,48651781.401222534
1522,2052,4,0.0,0.0,CA,CALIFORNIA,0.1248084,0.0
1523,2052,5,63036.01926690416,1564.730080145058,CO,COLORADO,0.1248084,7867424.707071481
1524,2052,6,0.0,0.0,CT,CONNECTICUT,0.1248084,0.0
1525,2052,7,84746.15391104904,658.6207571230093,DE,DELAWARE,0.1248084,10577031.875791773
1526,2052,8,0.0,0.0,DC,DISTRICT OF COLUMBIA,0.1248084,0.0
1527,2052,9,3134.54170739896,23.22193899867363,FL,FLORIDA,0.1248084,391217.1352337324
1528,2052,10,274408.3006707097,1862.9572437509776,GA,GEORGIA,0.1248084,34248460.9534302
1529,2052,12,1887.6172524589576,142.4932873179153,ID,IDAHO,0.1248084,235590.48909179858
1530,2052,13,12228827.088324148,54664.466059245,IL,ILLINOIS,0.1248084,1526260342.7703955
1531,2052,14,9146125.596305894,33742.659822650545,IN,INDIANA,0.1248084,1141513301.8739843
1532,2052,15,11045292.00663328,54378.49761096123,IA,IOWA,0.1248084,1378545222.8806891
1533,2052,16,1633793.7108973605,12466.584201602813,KS,KANSAS,0.1248084,203911178.98716214
1534,2052,17,2860926.958499654,12787.805860527576,KY,KENTUCKY,0.1248084,357067716.2072083
1535,2052,18,111836.61172293512,3278.9653282359905,LA,LOUISIANA,0.1248084,13958148.570560776
1536,2052,19,0.0,0.0,ME,MAINE,0.1248084,0.0
1537,2052,20,227133.71799752043,1612.8477139046909,MD,MARYLAND,0.1248084,28348195.929321732
1538,2052,21,0.0,0.0,MA,MASSACHUSETTS,0.1248084,0.0
1539,2052,22,1325217.484475841,5785.010726545131,MI,MICHIGAN,0.1248084,165398273.88945457
1540,2052,23,4257777.591067758,39224.6615101738,MN,MINNESOTA,0.1248084,531406408.69702125
1541,2052,24,333180.9585729828,6404.4989604437615,MS,MISSISSIPPI,0.1248084,41583782.34996027
1542,2052,25,4693501.287674964,26675.427589994542,MO,MISSOURI,0.1248084,585788386.112652
1543,2052,26,870055.6587074336,13205.92714816637,MT,MONTANA,0.1248084,108590254.67422086
1544,2052,27,2563114.3272019546,26362.735831452388,NE,NEBRASKA,0.1248084,319898198.1951524
1545,2052,28,0.0,0.0,NV,NEVADA,0.1248084,0.0
1546,2052,29,0.0,0.0,NH,NEW HAMPSHIRE,0.1248084,0.0
1547,2052,30,77608.16720750838,535.8646989676987,NJ,NEW JERSEY,0.1248084,9686151.176101588
1548,2052,31,4.3434206282249885,1.817225942009818,NM,NEW MEXICO,0.1248084,542.0953791357557
1549,2052,32,333058.2377862509,2040.3341770463064,NY,NEW YORK,0.1248084,41568465.764921516
1550,2052,33,302970.3229590572,3117.302848427259,NC,NORTH CAROLINA,0.1248084,37813241.256003186
1551,2052,34,528621.4087687302,7925.925704727683,ND,NORTH DAKOTA,0.1248084,65976392.23417119
1552,2052,35,7943485.700359575,29658.8543446963,OH,OHIO,0.1248084,991413740.6847581
1553,2052,36,130594.32102615524,2870.1794183977163,OK,OKLAHOMA,0.1248084,16299268.256360795
1554,2052,37,0.0,0.0,OR,OREGON,0.1248084,0.0
1555,2052,38,456120.9523286061,2162.0750297877257,PA,PENNSYLVANIA,0.1248084,56927726.2666096
1556,2052,39,0.0,0.0,RI,RHODE ISLAND,0.1248084,0.0
1557,2052,40,434357.1190016952,4097.493758551811,SC,SOUTH CAROLINA,0.1248084,54211417.05121118
1558,2052,41,2585225.310787669,18188.847040790824,SD,SOUTH DAKOTA,0.1248084,322657834.6789117
1559,2052,42,1083383.262491225,9565.525250257724,TN,TENNESSEE,0.1248084,135215331.5783098
1560,2052,43,37252.214599699335,1282.5398503623633,TX,TEXAS,0.1248084,4649389.300645114
1561,2052,44,0.0,0.0,UT,UTAH,0.1248084,0.0
1562,2052,45,0.0,0.0,VT,VERMONT,0.1248084,0.0
1563,2052,46,34453.14369893909,241.03644303069888,VA,VIRGINIA,0.1248084,4300041.74003467
1564,2052,47,0.0,0.0,WA,WASHINGTON,0.1248084,0.0
1565,2052,48,184406.0513372541,535.4706028679504,WV,WEST VIRGINIA,0.1248084,23015424.217720542
1566,2052,49,585540.3988043373,2860.9616566929494,WI,WISCONSIN,0.1248084,73080360.31013125
1567,2052,50,245965.30699848937,7714.684660835834,WY,WYOMING,0.1248084,30698536.42199026
1568,2053,0,4841.942400175223,66.95413925202006,AL,ALABAMA,0.1258386,609303.2529186899
1569,2053,2,0.0,0.0,AZ,ARIZONA,0.1258386,0.0
1570,2053,3,334648.96238722507,7391.711729901477,AR,ARKANSAS,0.1258386,42111756.91826106
1571,2053,4,0.0,0.0,CA,CALIFORNIA,0.1258386,0.0
1572,2053,5,5487.92966105967,245.50053419860257,CO,COLORADO,0.1258386,690593.3854462234
1573,2053,6,0.0,0.0,CT,CONNECTICUT,0.1258386,0.0
1574,2053,7,0.0,0.0,DE,DELAWARE,0.1258386,0.0
1575,2053,8,0.0,0.0,DC,DISTRICT OF COLUMBIA,0.1258386,0.0
1576,2053,9,0.0,0.0,FL,FLORIDA,0.1258386,0.0
1577,2053,10,4732.606820515185,108.50377195871263,GA,GEORGIA,0.1258386,595544.6166440821
1578,2053,12,423.244519626292,67.17179820744173,ID,IDAHO,0.1258386,53260.49780744511
1579,2053,13,3488193.030740553,36796.56227660445,IL,ILLINOIS,0.1258386,438949327.5181481
1580,2053,14,353934.3587422215,6550.255361975546,IN,INDIANA,0.1258386,44538604.19601891
1581,2053,15,4885664.887363417,47080.20892341272,IA,IOWA,0.1258386,614805229.49497
1582,2053,16,708998.1200184305,7543.140365294664,KS,KANSAS,0.1258386,89219330.82575126
1583,2053,17,130787.78030727783,1202.7902085523378,KY,KENTUCKY,0.1258386,16458151.170975411
1584,2053,18,526020.5549574655,9205.277389342,LA,LOUISIANA,0.1258386,66193690.20707052
1585,2053,19,0.0,0.0,ME,MAINE,0.1258386,0.0
1586,2053,20,0.0,0.0,MD,MARYLAND,0.1258386,0.0
1587,2053,21,0.0,0.0,MA,MASSACHUSETTS,0.1258386,0.0
1588,2053,22,23216.23883052449,552.0315981167616,MI,MICHIGAN,0.1258386,2921498.991698839
1589,2053,23,756343.1395229108,13616.534701959328,MN,MINNESOTA,0.1258386,95177161.79716776
1590,2053,24,689569.1637261075,7723.87434275799,MS,MISSISSIPPI,0.1258386,86774418.16646415
1591,2053,25,1302832.2221833034,16867.95137581905,MO,MISSOURI,0.1258386,163946582.87443584
1592,2053,26,527597.2903800693,10852.02838420278,MT,MONTANA,0.1258386,66392104.385221384
1593,2053,27,2526996.843796867,25988.38741720831,NE,NEBRASKA,0.1258386,317993745.0278164
1594,2053,28,0.0,0.0,NV,NEVADA,0.1258386,0.0
1595,2053,29,0.0,0.0,NH,NEW HAMPSHIRE,0.1258386,0.0
1596,2053,30,214.0595707729236,12.41347851511236,NJ,NEW JERSEY,0.1258386,26936.956702665622
1597,2053,31,4.463214990807726,1.867346214031652,NM,NEW MEXICO,0.1258386,561.6447259422571
1598,2053,32,0.0,0.0,NY,NEW YORK,0.1258386,0.0
1599,2053,33,2061.036891766146,40.93012811131039,NC,NORTH CAROLINA,0.1258386,259357.9970082033
1600,2053,34,188433.41349159373,2929.5465100306496,ND,NORTH DAKOTA,0.1258386,23712196.947003264
1601,2053,35,6454.6154947070445,171.0249730462924,OH,OHIO,0.1258386,812239.7773922419
1602,2053,36,55508.97932162419,1430.860362803205,OK,OKLAHOMA,0.1258386,6985172.245262138
1603,2053,37,0.0,0.0,OR,OREGON,0.1258386,0.0
1604,2053,38,0.0,0.0,PA,PENNSYLVANIA,0.1258386,0.0
1605,2053,39,0.0,0.0,RI,RHODE ISLAND,0.1258386,0.0
1606,2053,40,0.0,0.0,SC,SOUTH CAROLINA,0.1258386,0.0
1607,2053,41,1297837.259830746,13907.15646638785,SD,SOUTH DAKOTA,0.1258386,163318023.80493733
1608,2053,42,74408.57274256062,890.1744631190525,TN,TENNESSEE,0.1258386,9363470.621921986
1609,2053,43,86970.2795769331,2711.804543396048,TX,TEXAS,0.1258386,10944218.223569853
1610,2053,44,0.0,0.0,UT,UTAH,0.1258386,0.0
1611,2053,45,0.0,0.0,VT,VERMONT,0.1258386,0.0
1612,2053,46,0.0,0.0,VA,VIRGINIA,0.1258386,0.0
1613,2053,47,0.0,0.0,WA,WASHINGTON,0.1258386,0.0
1614,2053,48,0.0,0.0,WV,WEST VIRGINIA,0.1258386,0.0
1615,2053,49,34626.63354516129,545.9120383795192,WI,WISCONSIN,0.1258386,4357367.088036134
1616,2053,50,111223.75254270948,4608.143001050368,WY,WYOMING,0.1258386,13996241.306721002
1617,2054,0,34805.23901591783,291.7376832802932,AL,ALABAMA,0.1268688,4415698.907662676
1618,2054,2,0.0,0.0,AZ,ARIZONA,0.1268688,0.0
1619,2054,3,189697.1823183972,4911.824517687999,AR,ARKANSAS,0.1268688,24066653.88411627
1620,2054,4,0.0,0.0,CA,CALIFORNIA,0.1268688,0.0
1621,2054,5,52152.21942129369,1100.408390729483,CO,COLORADO,0.1268688,6616489.495316225
1622,2054,6,0.0,0.0,CT,CONNECTICUT,0.1268688,0.0
1623,2054,7,4524.984272898102,95.43626321998184,DE,DELAWARE,0.1268688,574079.3247214548
1624,2054,8,0.0,0.0,DC,DISTRICT OF COLUMBIA,0.1268688,0.0
1625,2054,9,9795.301555469929,89.89357595369785,FL,FLORIDA,0.1268688,1242718.1539806032
1626,2054,10,152997.89322469698,1216.910004469897,GA,GEORGIA,0.1268688,19410659.115945436
1627,2054,12,0.0,0.0,ID,IDAHO,0.1268688,0.0
1628,2054,13,4922396.255896743,46417.394927172565,IL,ILLINOIS,0.1268688,624498506.1101128
1629,2054,14,1202999.735105253,14760.135272326446,IN,INDIANA,0.1268688,152623132.79312134
1630,2054,15,5650350.318651713,50791.5752859509,IA,IOWA,0.1268688,716853164.5069605
1631,2054,16,1216338.4926640878,9860.809840670718,KS,KANSAS,0.1268688,154315404.95810163
1632,2054,17,919478.6951948592,7236.980147517404,KY,KENTUCKY,0.1268688,116653158.68493755
1633,2054,18,154974.18287603106,4398.766246407692,LA,LOUISIANA,0.1268688,19661388.61246261
1634,2054,19,0.0,0.0,ME,MAINE,0.1268688,0.0
1635,2054,20,40687.44046371347,259.40635534001456,MD,MARYLAND,0.1268688,5161966.746702773
1636,2054,21,0.0,0.0,MA,MASSACHUSETTS,0.1268688,0.0
1637,2054,22,262730.89970654715,2379.614335487382,MI,MICHIGAN,0.1268688,33332353.96868999
1638,2054,23,970299.5025276216,16787.539027670846,MN,MINNESOTA,0.1268688,123100733.52627632
1639,2054,24,341272.44217232644,6237.185812646925,MS,MISSISSIPPI,0.1268688,43296825.21147245
1640,2054,25,3521831.765012232,23499.98285966902,MO,MISSOURI,0.1268688,446810569.8289839
1641,2054,26,239960.978088021,6770.786053562645,MT,MONTANA,0.1268688,30443561.336853515
1642,2054,27,1721889.9178877417,19648.54477509188,NE,NEBRASKA,0.1268688,218454107.61451635
1643,2054,28,0.0,0.0,NV,NEVADA,0.1268688,0.0
1644,2054,29,0.0,0.0,NH,NEW HAMPSHIRE,0.1268688,0.0
1645,2054,30,649.3267909607441,30.06734178502484,NJ,NEW JERSEY,0.1268688,82379.31077704046
1646,2054,31,4.810315586910767,2.0125682087946344,NM,NEW MEXICO,0.1268688,610.2789661326647
1647,2054,32,0.0,0.0,NY,NEW YORK,0.1268688,0.0
1648,2054,33,11552.3740537365,760.9613387060252,NC,NORTH CAROLINA,0.1268688,1465635.8333486852
1649,2054,34,12245.663045636493,455.6563601894801,ND,NORTH DAKOTA,0.1268688,1553592.5758042473
1650,2054,35,1364564.2340413434,13377.072037431244,OH,OHIO,0.1268688,173120626.8957444
1651,2054,36,30009.00998725048,843.1892397767606,OK,OKLAHOMA,0.1268688,3807207.086270484
1652,2054,37,0.0,0.0,OR,OREGON,0.1268688,0.0
1653,2054,38,19747.97218276946,418.8431022445391,PA,PENNSYLVANIA,0.1268688,2505401.533261342
1654,2054,39,0.0,0.0,RI,RHODE ISLAND,0.1268688,0.0
1655,2054,40,3027.815130684711,81.51880868439102,SC,SOUTH CAROLINA,0.1268688,384135.2722518125
1656,2054,41,1227382.7392698196,12523.43101478014,SD,SOUTH DAKOTA,0.1268688,155716575.27187487
1657,2054,42,512719.0021347245,3615.50781107606,TN,TENNESSEE,0.1268688,65048044.53802994
1658,2054,43,17445.359374749252,706.7722217670844,TX,TEXAS,0.1268688,2213271.809443188
1659,2054,44,0.0,0.0,UT,UTAH,0.1268688,0.0
1660,2054,45,0.0,0.0,VT,VERMONT,0.1268688,0.0
1661,2054,46,109115.25934911188,524.9101967463345,VA,VIRGINIA,0.1268688,13843322.015310604
1662,2054,47,0.0,0.0,WA,WASHINGTON,0.1268688,0.0
1663,2054,48,0.0,0.0,WV,WEST VIRGINIA,0.1268688,0.0
1664,2054,49,42866.98143820122,720.5645496504761,WI,WISCONSIN,0.1268688,5438482.494686863
1665,2054,50,76818.60614437859,3518.275132767744,WY,WYOMING,0.1268688,9745884.379209938
1666,2055,0,446575.1438369036,2397.788803740841,AL,ALABAMA,0.127899,57116514.321596146
1667,2055,2,0.0,0.0,AZ,ARIZONA,0.127899,0.0
1668,2055,3,342381.4783866932,6467.585858180768,AR,ARKANSAS,0.127899,43790248.70417968
1669,2055,4,0.0,0.0,CA,CALIFORNIA,0.127899,0.0
1670,2055,5,66689.1675929129,1479.1447734319695,CO,COLORADO,0.127899,8529477.845965968
1671,2055,6,0.0,0.0,CT,CONNECTICUT,0.127899,0.0
1672,2055,7,103598.20350885292,833.8972122113071,DE,DELAWARE,0.127899,13250106.630578782
1673,2055,8,0.0,0.0,DC,DISTRICT OF COLUMBIA,0.127899,0.0
1674,2055,9,39366.14382992536,222.47612259342435,FL,FLORIDA,0.127899,5034890.429703624
1675,2055,10,648122.6469715749,3771.062730824088,GA,GEORGIA,0.127899,82894238.42501746
1676,2055,12,156.80453738828933,36.984832289606594,ID,IDAHO,0.127899,20055.14352742482
1677,2055,13,643312.4469721755,8506.264854699066,IL,ILLINOIS,0.127899,82279018.65529428
1678,2055,14,135391.74055674375,2206.640503845076,IN,INDIANA,0.127899,17316468.22546697
1679,2055,15,54095.87504787759,1517.1631143020454,IA,IOWA,0.127899,6918808.322748496
1680,2055,16,10500.4951692881,209.1792463758844,KS,KANSAS,0.127899,1343002.831656779
1681,2055,17,862787.7069580776,6075.787754826472,KY,KENTUCKY,0.127899,110349684.93223119
1682,2055,18,521190.43348757504,7047.584092337464,LA,LOUISIANA,0.127899,66659735.252627365
1683,2055,19,0.0,0.0,ME,MAINE,0.127899,0.0
1684,2055,20,47900.21408199688,372.0301847362456,MD,MARYLAND,0.127899,6126389.480873319
1685,2055,21,0.0,0.0,MA,MASSACHUSETTS,0.127899,0.0
1686,2055,22,0.0,0.0,MI,MICHIGAN,0.127899,0.0
1687,2055,23,12187.915682956256,732.5947565688657,MN,MINNESOTA,0.127899,1558822.2279344224
1688,2055,24,761616.5472073085,8102.918628867475,MS,MISSISSIPPI,0.127899,97409994.77126755
1689,2055,25,419150.5466871834,6218.930166646824,MO,MISSOURI,0.127899,53608935.77074407
1690,2055,26,393157.69351206033,10706.782380857145,MT,MONTANA,0.127899,50284475.84249901
1691,2055,27,240248.0091525397,6679.455193446342,NE,NEBRASKA,0.127899,30727480.12260068
1692,2055,28,0.0,0.0,NV,NEVADA,0.127899,0.0
1693,2055,29,0.0,0.0,NH,NEW HAMPSHIRE,0.127899,0.0
1694,2055,30,117875.34176229544,822.7150876149374,NJ,NEW JERSEY,0.127899,15076138.336055826
1695,2055,31,2.0337694052152955,0.8509004398990179,NM,NEW MEXICO,0.127899,260.1170731576311
1696,2055,32,0.0,0.0,NY,NEW YORK,0.127899,0.0
1697,2055,33,1047946.0459688064,6311.071656929158,NC,NORTH CAROLINA,0.127899,134031251.33336438
1698,2055,34,1364.1612915465298,32.34104739555988,ND,NORTH DAKOTA,0.127899,174474.86502750963
1699,2055,35,118286.94175697913,3302.458116673397,OH,OHIO,0.127899,15128781.563775875
1700,2055,36,0.0,0.0,OK,OKLAHOMA,0.127899,0.0
1701,2055,37,0.0,0.0,OR,OREGON,0.127899,0.0
1702,2055,38,7310.49398709652,170.51790499427557,PA,PENNSYLVANIA,0.127899,935004.870455658
1703,2055,39,0.0,0.0,RI,RHODE ISLAND,0.127899,0.0
1704,2055,40,996003.5172431478,5900.249707976333,SC,SOUTH CAROLINA,0.127899,127387853.85188138
1705,2055,41,343794.03886115947,6152.565178985278,SD,SOUTH DAKOTA,0.127899,43970913.77630343
1706,2055,42,908471.7804540131,7255.416918957522,TN,TENNESSEE,0.127899,116192632.24828783
1707,2055,43,10004.343959962438,230.18469796951595,TX,TEXAS,0.127899,1279545.5881352362
1708,2055,44,0.0,0.0,UT,UTAH,0.127899,0.0
1709,2055,45,0.0,0.0,VT,VERMONT,0.127899,0.0
1710,2055,46,112329.43414386062,554.6052808405573,VA,VIRGINIA,0.127899,14366822.297565632
1711,2055,47,0.0,0.0,WA,WASHINGTON,0.127899,0.0
1712,2055,48,6790.783788123965,59.36120931733971,WV,WEST VIRGINIA,0.127899,868534.455717267
1713,2055,49,360.2783448456679,14.46795490450674,WI,WISCONSIN,0.127899,46079.24002741608
1714,2055,50,96930.96966522932,4419.899717893162,WY,WYOMING,0.127899,12397374.089213166
