Unnamed: 0,Year,state_id,Production_Loss(ton),Area_Loss(km^2),State_Code,State_Name,Price,Financial_Loss($)
0,2021,0,247446.5918909482,1785.5375072109268,AL,ALABAMA,0.145011,35882477.73669829
1,2021,2,0.0,0.0,AZ,ARIZONA,0.145011,0.0
2,2021,3,505492.62745607033,8312.234822666549,AR,ARKANSAS,0.145011,73301991.4000322
3,2021,4,0.0,0.0,CA,CALIFORNIA,0.145011,0.0
4,2021,5,149893.4504865652,1991.9210780970047,CO,COLORADO,0.145011,21736199.14850731
5,2021,6,0.0,0.0,CT,CONNECTICUT,0.145011,0.0
6,2021,7,98611.48360885945,655.6712654325972,DE,DELAWARE,0.145011,14299749.849604318
7,2021,8,0.0,0.0,DC,DISTRICT OF COLUMBIA,0.145011,0.0
8,2021,9,15308.511171820048,112.69626042881858,FL,FLORIDA,0.145011,2219902.513536797
9,2021,10,169244.82518294788,1780.2879635192091,GA,GEORGIA,0.145011,24542361.344604455
10,2021,12,0.0,0.0,ID,IDAHO,0.145011,0.0
11,2021,13,3971189.286605598,28578.351755459,IL,ILLINOIS,0.145011,575866129.6399643
12,2021,14,646742.876939516,7628.106742019859,IN,INDIANA,0.145011,93784831.32787617
13,2021,15,10329721.463697229,54787.15876947637,IA,IOWA,0.145011,1497923239.172199
14,2021,16,1480395.9346933267,11490.159237863129,KS,KANSAS,0.145011,214673694.885814
15,2021,17,171826.10700179514,1723.7730956899,KY,KENTUCKY,0.145011,24916675.602437317
16,2021,18,329037.955633306,4839.557406235404,LA,LOUISIANA,0.145011,47714122.98434134
17,2021,19,0.0,0.0,ME,MAINE,0.145011,0.0
18,2021,20,265837.97116454714,1209.2988397172594,MD,MARYLAND,0.145011,38549430.03654215
19,2021,21,0.0,0.0,MA,MASSACHUSETTS,0.145011,0.0
20,2021,22,89418.66093684679,1566.1361517185023,MI,MICHIGAN,0.145011,12966689.44111309
21,2021,23,4788892.600027788,36388.3183833634,MN,MINNESOTA,0.145011,694442104.8226296
22,2021,24,1158103.7329884437,10754.40157783667,MS,MISSISSIPPI,0.145011,167937780.4243872
23,2021,25,2779738.8415893503,19944.852580671828,MO,MISSOURI,0.145011,403092709.1577133
24,2021,26,758733.6354501487,15257.766159091649,MT,MONTANA,0.145011,110024723.21026151
25,2021,27,1979079.246385444,20353.093501008327,NE,NEBRASKA,0.145011,286988260.5975996
26,2021,28,0.0,0.0,NV,NEVADA,0.145011,0.0
27,2021,29,0.0,0.0,NH,NEW HAMPSHIRE,0.145011,0.0
28,2021,30,100873.71110766756,416.5017510312807,NJ,NEW JERSEY,0.145011,14627797.721433982
29,2021,31,0.0,0.0,NM,NEW MEXICO,0.145011,0.0
30,2021,32,594.5054021463405,11.425925564667187,NY,NEW YORK,0.145011,86209.822870643
31,2021,33,350795.9282336201,4570.5862901775945,NC,NORTH CAROLINA,0.145011,50869268.34908549
32,2021,34,707112.389676981,9703.169910078592,ND,NORTH DAKOTA,0.145011,102539074.73944868
33,2021,35,2123429.7725180844,15414.68419272152,OH,OHIO,0.145011,307920674.74261993
34,2021,36,38420.9698524159,1070.5618434261687,OK,OKLAHOMA,0.145011,5571463.259268682
35,2021,37,0.0,0.0,OR,OREGON,0.145011,0.0
36,2021,38,253558.89756507272,1023.8779050407968,PA,PENNSYLVANIA,0.145011,36768829.29480876
37,2021,39,0.0,0.0,RI,RHODE ISLAND,0.145011,0.0
38,2021,40,45758.89734737827,1012.085152165446,SC,SOUTH CAROLINA,0.145011,6635543.46324067
39,2021,41,3494277.602502549,26369.84729159924,SD,SOUTH DAKOTA,0.145011,506708689.4164972
40,2021,42,1131828.9819034636,5820.987025043703,TN,TENNESSEE,0.145011,164127652.49480316
41,2021,43,7675.999464680277,434.3083085466424,TX,TEXAS,0.145011,1113104.3583727516
42,2021,44,0.0,0.0,UT,UTAH,0.145011,0.0
43,2021,45,0.0,0.0,VT,VERMONT,0.145011,0.0
44,2021,46,180703.7189582256,1106.4763791877433,VA,VIRGINIA,0.145011,26204026.989851255
45,2021,47,0.0,0.0,WA,WASHINGTON,0.145011,0.0
46,2021,48,16646.196542234782,76.6097021716251,WV,WEST VIRGINIA,0.145011,2413881.606786008
47,2021,49,937949.6178551046,7227.900831256404,WI,WISCONSIN,0.145011,136013012.03478658
48,2021,50,517983.7599229692,18102.79887444123,WY,WYOMING,0.145011,75113343.0101897
49,2022,0,2221.8374492452404,62.85115948473364,AL,ALABAMA,0.147626,328000.9752822779
50,2022,2,0.0,0.0,AZ,ARIZONA,0.147626,0.0
51,2022,3,372897.8876730015,5913.370409938083,AR,ARKANSAS,0.147626,55049423.56561453
52,2022,4,0.0,0.0,CA,CALIFORNIA,0.147626,0.0
53,2022,5,102645.78057108268,1344.5271439712794,CO,COLORADO,0.147626,15153186.002586653
54,2022,6,0.0,0.0,CT,CONNECTICUT,0.147626,0.0
55,2022,7,5357.808355249402,58.785607253157984,DE,DELAWARE,0.147626,790951.8162520482
56,2022,8,0.0,0.0,DC,DISTRICT OF COLUMBIA,0.147626,0.0
57,2022,9,0.0,0.0,FL,FLORIDA,0.147626,0.0
58,2022,10,0.0,0.0,GA,GEORGIA,0.147626,0.0
59,2022,12,0.0,0.0,ID,IDAHO,0.147626,0.0
60,2022,13,10891338.615389904,48782.58675571837,IL,ILLINOIS,0.147626,1607844754.43555
61,2022,14,9731631.537138067,32096.84227844596,IN,INDIANA,0.147626,1436641837.3015444
62,2022,15,1335869.107891852,16334.577623841207,IA,IOWA,0.147626,197209012.92164257
63,2022,16,86280.52476487966,1483.3999763744805,KS,KANSAS,0.147626,12737248.748940125
64,2022,17,2266733.973488644,10186.567632577113,KY,KENTUCKY,0.147626,334628869.5702346
65,2022,18,63323.002899235056,2120.3200159122057,LA,LOUISIANA,0.147626,9348121.626002474
66,2022,19,0.0,0.0,ME,MAINE,0.147626,0.0
67,2022,20,36025.47269794042,473.3998220675637,MD,MARYLAND,0.147626,5318296.432506153
68,2022,21,0.0,0.0,MA,MASSACHUSETTS,0.147626,0.0
69,2022,22,543868.3863140342,2294.5888564378374,MI,MICHIGAN,0.147626,80289114.39799562
70,2022,23,2063127.300906792,18530.81322533839,MN,MINNESOTA,0.147626,304571230.9236661
71,2022,24,241445.6843406028,4215.261153490097,MS,MISSISSIPPI,0.147626,35643660.59646583
72,2022,25,1620301.1656949492,13758.777389239072,MO,MISSOURI,0.147626,239198579.88688257
73,2022,26,571591.3296513322,11295.581699049058,MT,MONTANA,0.147626,84381741.63110758
74,2022,27,52202.63738978267,1056.6608329128578,NE,NEBRASKA,0.147626,7706466.547304057
75,2022,28,0.0,0.0,NV,NEVADA,0.147626,0.0
76,2022,29,0.0,0.0,NH,NEW HAMPSHIRE,0.147626,0.0
77,2022,30,7578.425997353866,84.52237491709076,NJ,NEW JERSEY,0.147626,1118772.716285362
78,2022,31,0.0,0.0,NM,NEW MEXICO,0.147626,0.0
79,2022,32,7360.856556541231,44.7440464643297,NY,NEW YORK,0.147626,1086653.8100159557
80,2022,33,24432.993103501296,956.999558814749,NC,NORTH CAROLINA,0.147626,3606945.039897483
81,2022,34,436019.4161889817,5844.875190284667,ND,NORTH DAKOTA,0.147626,64367802.33431461
82,2022,35,7979472.240422971,25199.6860046856,OH,OHIO,0.147626,1177977568.9646816
83,2022,36,10398.242366215023,181.2315626189036,OK,OKLAHOMA,0.147626,1535050.9275548588
84,2022,37,0.0,0.0,OR,OREGON,0.147626,0.0
85,2022,38,216719.8136274052,1581.4974290992834,PA,PENNSYLVANIA,0.147626,31993479.206559323
86,2022,39,0.0,0.0,RI,RHODE ISLAND,0.147626,0.0
87,2022,40,0.0,0.0,SC,SOUTH CAROLINA,0.147626,0.0
88,2022,41,1592609.816752287,16814.911227475302,SD,SOUTH DAKOTA,0.147626,235110616.80787316
89,2022,42,1383750.8995807148,6029.745767215116,TN,TENNESSEE,0.147626,204277610.3015026
90,2022,43,43596.88854929483,1303.257301408309,TX,TEXAS,0.147626,6436034.268978199
91,2022,44,0.0,0.0,UT,UTAH,0.147626,0.0
92,2022,45,0.0,0.0,VT,VERMONT,0.147626,0.0
93,2022,46,3465.8832162891504,78.12728162864933,VA,VIRGINIA,0.147626,511654.4756879022
94,2022,47,0.0,0.0,WA,WASHINGTON,0.147626,0.0
95,2022,48,13022.12557581665,81.36337072254494,WV,WEST VIRGINIA,0.147626,1922404.3102555089
96,2022,49,249782.94540687976,2566.060259531598,WI,WISCONSIN,0.147626,36874457.09863603
97,2022,50,230829.26466093736,8665.642912879994,WY,WYOMING,0.147626,34076401.02483554
98,2023,0,19023.80307184347,140.49866832651168,AL,ALABAMA,0.1502409999999999,2858155.1973168333
99,2023,2,0.0,0.0,AZ,ARIZONA,0.1502409999999999,0.0
100,2023,3,27515.98267423083,365.7922857414534,AR,ARKANSAS,0.1502409999999999,4134028.7529591112
101,2023,4,0.0,0.0,CA,CALIFORNIA,0.1502409999999999,0.0
102,2023,5,41371.32345612202,769.0787389933229,CO,COLORADO,0.1502409999999999,6215669.007371225
103,2023,6,0.0,0.0,CT,CONNECTICUT,0.1502409999999999,0.0
104,2023,7,38118.1978342584,567.9869530317508,DE,DELAWARE,0.1502409999999999,5726916.160816813
105,2023,8,0.0,0.0,DC,DISTRICT OF COLUMBIA,0.1502409999999999,0.0
106,2023,9,68.25788864833581,1.2277914673858992,FL,FLORIDA,0.1502409999999999,10255.133448414614
107,2023,10,37811.50937681804,298.7808782899735,GA,GEORGIA,0.1502409999999999,5680838.980282515
108,2023,12,0.0,0.0,ID,IDAHO,0.1502409999999999,0.0
109,2023,13,7116875.67018367,39947.65867485737,IL,ILLINOIS,0.1502409999999999,1069246517.564064
110,2023,14,6736694.759070944,30340.111242263945,IN,INDIANA,0.1502409999999999,1012127757.297577
111,2023,15,3210118.438786896,16706.225926730225,IA,IOWA,0.1502409999999999,482291404.3617817
112,2023,16,203888.49517809783,3178.287957541863,KS,KANSAS,0.1502409999999999,30632411.404052578
113,2023,17,142924.85214174842,1163.4535634634867,KY,KENTUCKY,0.1502409999999999,21473172.710628413
114,2023,18,167.1625395013624,2.8875192597259267,LA,LOUISIANA,0.1502409999999999,25114.66709722417
115,2023,19,0.0,0.0,ME,MAINE,0.1502409999999999,0.0
116,2023,20,64874.673221819205,504.62473809663993,MD,MARYLAND,0.1502409999999999,9746835.779519333
117,2023,21,0.0,0.0,MA,MASSACHUSETTS,0.1502409999999999,0.0
118,2023,22,581425.812269659,2248.7235891328824,MI,MICHIGAN,0.1502409999999999,87353995.46120578
119,2023,23,2891720.0748028657,19144.88853158581,MN,MINNESOTA,0.1502409999999999,434454915.758457
120,2023,24,0.0,0.0,MS,MISSISSIPPI,0.1502409999999999,0.0
121,2023,25,1351926.089254979,19162.10040234916,MO,MISSOURI,0.1502409999999999,203114727.57575718
122,2023,26,389338.7944755771,7939.774804239461,MT,MONTANA,0.1502409999999999,58494649.82080513
123,2023,27,535644.6490988777,8307.348862365123,NE,NEBRASKA,0.1502409999999999,80475787.72526443
124,2023,28,0.0,0.0,NV,NEVADA,0.1502409999999999,0.0
125,2023,29,58.92565246283997,0.6126388847430906,NH,NEW HAMPSHIRE,0.1502409999999999,8853.048951669534
126,2023,30,22683.420271978484,213.82790139109915,NJ,NEW JERSEY,0.1502409999999999,3407979.745082317
127,2023,31,0.0,0.0,NM,NEW MEXICO,0.1502409999999999,0.0
128,2023,32,1.0183166245413326,1.199721784752123,NY,NEW YORK,0.1502409999999999,152.99290798771426
129,2023,33,571652.7582504235,3671.0025732178888,NC,NORTH CAROLINA,0.1502409999999999,85885682.05230181
130,2023,34,511541.79249634,6033.372999895935,ND,NORTH DAKOTA,0.1502409999999999,76854550.44644256
131,2023,35,7465335.759384836,25251.01672975416,OH,OHIO,0.1502409999999999,1121599509.8257365
132,2023,36,26962.65142187023,574.7076747416148,OK,OKLAHOMA,0.1502409999999999,4050895.7122732024
133,2023,37,0.0,0.0,OR,OREGON,0.1502409999999999,0.0
134,2023,38,53801.788073379066,401.3071886029028,PA,PENNSYLVANIA,0.1502409999999999,8083234.441932539
135,2023,39,0.0,0.0,RI,RHODE ISLAND,0.1502409999999999,0.0
136,2023,40,290260.3239385096,1881.505943857402,SC,SOUTH CAROLINA,0.1502409999999999,43609001.3288456
137,2023,41,2242259.003103953,16974.744821690318,SD,SOUTH DAKOTA,0.1502409999999999,336879234.88534075
138,2023,42,130338.44091975552,726.6410285553095,TN,TENNESSEE,0.1502409999999999,19582177.702224977
139,2023,43,28322.650176903346,832.8934350036652,TX,TEXAS,0.1502409999999999,4255223.285228132
140,2023,44,0.0,0.0,UT,UTAH,0.1502409999999999,0.0
141,2023,45,0.0,0.0,VT,VERMONT,0.1502409999999999,0.0
142,2023,46,124012.79022867924,758.3982661556931,VA,VIRGINIA,0.1502409999999999,18631805.616746984
143,2023,47,0.0,0.0,WA,WASHINGTON,0.1502409999999999,0.0
144,2023,48,3918.203358526236,25.095804173414745,WV,WEST VIRGINIA,0.1502409999999999,588674.7907883398
145,2023,49,839600.6939926646,3883.019255144615,WI,WISCONSIN,0.1502409999999999,126142447.86615184
146,2023,50,437761.7146787013,16324.39839412982,WY,WYOMING,0.1502409999999999,65769757.77504272
147,2024,0,5187.234497248293,213.20149315710665,AL,ALABAMA,0.152856,792899.916311385
148,2024,2,0.0,0.0,AZ,ARIZONA,0.152856,0.0
149,2024,3,177774.32063342782,3379.7452363819143,AR,ARKANSAS,0.152856,27173871.55474324
150,2024,4,0.0,0.0,CA,CALIFORNIA,0.152856,0.0
151,2024,5,66280.25344274301,847.9519322267486,CO,COLORADO,0.152856,10131334.420243924
152,2024,6,0.0,0.0,CT,CONNECTICUT,0.152856,0.0
153,2024,7,70660.862391211,618.9469635912769,DE,DELAWARE,0.152856,10800936.781670948
154,2024,8,0.0,0.0,DC,DISTRICT OF COLUMBIA,0.152856,0.0
155,2024,9,0.0,0.0,FL,FLORIDA,0.152856,0.0
156,2024,10,3417.3181214063943,116.34284565522066,GA,GEORGIA,0.152856,522357.5787656958
157,2024,12,0.0,0.0,ID,IDAHO,0.152856,0.0
158,2024,13,6374802.641925106,24898.36134007216,IL,ILLINOIS,0.152856,974426832.634104
159,2024,14,5138494.862823759,19039.62064629164,IN,INDIANA,0.152856,785449770.7517885
160,2024,15,1429594.5334651722,8580.094287500775,IA,IOWA,0.152856,218522102.00735232
161,2024,16,1195936.3593473686,9785.059611368804,KS,KANSAS,0.152856,182806048.14440134
162,2024,17,493426.3474086899,2323.682159694174,KY,KENTUCKY,0.152856,75423177.75950271
163,2024,18,211068.6095879285,4959.395380687872,LA,LOUISIANA,0.152856,32263103.387172397
164,2024,19,0.0,0.0,ME,MAINE,0.152856,0.0
165,2024,20,95161.6921690546,548.4634776648552,MD,MARYLAND,0.152856,14546035.618193008
166,2024,21,0.0,0.0,MA,MASSACHUSETTS,0.152856,0.0
167,2024,22,484745.381245484,2246.8506778004685,MI,MICHIGAN,0.152856,74096239.9956597
168,2024,23,2297712.772904076,16651.780555412963,MN,MINNESOTA,0.152856,351219183.61502546
169,2024,24,268404.0593660553,4305.317609256462,MS,MISSISSIPPI,0.152856,41027170.89845775
170,2024,25,1358421.0495272828,9666.112397839472,MO,MISSOURI,0.152856,207642807.94654232
171,2024,26,770681.0725169647,16755.706308912893,MT,MONTANA,0.152856,117803226.02065316
172,2024,27,412213.2261050297,6221.611915135723,NE,NEBRASKA,0.152856,63009264.889510415
173,2024,28,0.0,0.0,NV,NEVADA,0.152856,0.0
174,2024,29,0.0,0.0,NH,NEW HAMPSHIRE,0.152856,0.0
175,2024,30,37539.24179908536,133.57100483292908,NJ,NEW JERSEY,0.152856,5738098.344440991
176,2024,31,0.0,0.0,NM,NEW MEXICO,0.152856,0.0
177,2024,32,2776.916347755317,12.731955457687736,NY,NEW YORK,0.152856,424468.32525248674
178,2024,33,34875.39374159691,1495.76726073562,NC,NORTH CAROLINA,0.152856,5330913.185765537
179,2024,34,544380.2607583489,6496.69130169092,ND,NORTH DAKOTA,0.152856,83211789.13847816
180,2024,35,5318876.5146201085,20543.62880108792,OH,OHIO,0.152856,813022188.5187713
181,2024,36,213551.5735736481,3779.6735077864087,OK,OKLAHOMA,0.152856,32642639.330173552
182,2024,37,0.0,0.0,OR,OREGON,0.152856,0.0
183,2024,38,27102.879808867547,110.01535845326832,PA,PENNSYLVANIA,0.152856,4142837.7960642576
184,2024,39,0.0,0.0,RI,RHODE ISLAND,0.152856,0.0
185,2024,40,3436.217571275821,67.02471738368223,SC,SOUTH CAROLINA,0.152856,525246.4730749369
186,2024,41,1479229.2369801928,12592.198815824522,SD,SOUTH DAKOTA,0.152856,226109064.24784437
187,2024,42,429798.3323777149,2320.023221804084,TN,TENNESSEE,0.152856,65697253.89392799
188,2024,43,106259.92898326476,3197.950046710559,TX,TEXAS,0.152856,16242467.704665918
189,2024,44,0.0,0.0,UT,UTAH,0.152856,0.0
190,2024,45,0.0,0.0,VT,VERMONT,0.152856,0.0
191,2024,46,88229.17312419426,469.87814312108645,VA,VIRGINIA,0.152856,13486358.487071838
192,2024,47,0.0,0.0,WA,WASHINGTON,0.152856,0.0
193,2024,48,12100.871146343756,49.3332376273373,WV,WEST VIRGINIA,0.152856,1849690.7599455211
194,2024,49,1349629.4223965632,6479.496060989798,WI,WISCONSIN,0.152856,206298954.98984906
195,2024,50,527129.8747352287,20257.531305286,WY,WYOMING,0.152856,80574964.13252811
196,2025,0,26901.81947609801,563.8765597778963,AL,ALABAMA,0.155471,4182452.775768434
197,2025,2,0.0,0.0,AZ,ARIZONA,0.155471,0.0
198,2025,3,426579.5754037245,5789.428448524401,AR,ARKANSAS,0.155471,66320753.16759245
199,2025,4,0.0,0.0,CA,CALIFORNIA,0.155471,0.0
200,2025,5,160416.65305658453,2071.4999054197506,CO,COLORADO,0.155471,24940137.467360254
201,2025,6,0.0,0.0,CT,CONNECTICUT,0.155471,0.0
202,2025,7,211099.13889460583,934.2984003301408,DE,DELAWARE,0.155471,32819794.22308326
203,2025,8,0.0,0.0,DC,DISTRICT OF COLUMBIA,0.155471,0.0
204,2025,9,134.47794465229242,6.713584551703255,FL,FLORIDA,0.155471,20907.420533036555
205,2025,10,4030.5863602298414,248.14194166933703,GA,GEORGIA,0.155471,626639.2920112937
206,2025,12,0.0,0.0,ID,IDAHO,0.155471,0.0
207,2025,13,3835472.7486265088,22769.355311775427,IL,ILLINOIS,0.155471,596304783.7017119
208,2025,14,2251635.5703111505,18073.19348570307,IN,INDIANA,0.155471,350064033.7518449
209,2025,15,8210169.963004377,47587.3380685005,IA,IOWA,0.155471,1276443334.3182533
210,2025,16,1162788.6327607308,9693.658241905136,KS,KANSAS,0.155471,180779911.52394357
211,2025,17,361471.1587332402,2051.320544096,KY,KENTUCKY,0.155471,56198282.51941559
212,2025,18,559081.8415237739,8120.87796630616,LA,LOUISIANA,0.155471,86921012.98354265
213,2025,19,0.0,0.0,ME,MAINE,0.155471,0.0
214,2025,20,454550.0493253819,1729.7259449384924,MD,MARYLAND,0.155471,70669350.71866645
215,2025,21,0.0,0.0,MA,MASSACHUSETTS,0.155471,0.0
216,2025,22,384087.8107999954,2301.223059037832,MI,MICHIGAN,0.155471,59714516.03288608
217,2025,23,887541.6826747219,11306.655459779871,MN,MINNESOTA,0.155471,137986992.9471217
218,2025,24,581660.1710650369,6437.497695028469,MS,MISSISSIPPI,0.155471,90431288.45565236
219,2025,25,2123961.864010858,16390.790340689666,MO,MISSOURI,0.155471,330214474.9596321
220,2025,26,777041.7287966092,16788.58090405279,MT,MONTANA,0.155471,120807454.61773762
221,2025,27,866715.0289039701,10997.785499417712,NE,NEBRASKA,0.155471,134749052.25872913
222,2025,28,0.0,0.0,NV,NEVADA,0.155471,0.0
223,2025,29,15.006374139370624,0.7489306864812861,NH,NEW HAMPSHIRE,0.155471,2333.0559938220904
224,2025,30,58012.40758429314,367.155461231977,NJ,NEW JERSEY,0.155471,9019247.019537639
225,2025,31,0.0,0.0,NM,NEW MEXICO,0.155471,0.0
226,2025,32,10017.229408001793,120.95976328764723,NY,NEW YORK,0.155471,1557388.6732914469
227,2025,33,125271.928153086,3911.708635601573,NC,NORTH CAROLINA,0.155471,19476151.941888433
228,2025,34,345381.3057565427,5369.952635338254,ND,NORTH DAKOTA,0.155471,53696776.98727546
229,2025,35,2420038.99517748,16675.057817455232,OH,OHIO,0.155471,376245882.61923796
230,2025,36,48838.880923969016,831.1556860749495,OK,OKLAHOMA,0.155471,7593029.6561303865
231,2025,37,0.0,0.0,OR,OREGON,0.155471,0.0
232,2025,38,450007.93151364126,2521.663134693901,PA,PENNSYLVANIA,0.155471,69963183.12035732
233,2025,39,0.0,0.0,RI,RHODE ISLAND,0.155471,0.0
234,2025,40,1360.6297817154557,85.76464140896162,SC,SOUTH CAROLINA,0.155471,211538.4727930836
235,2025,41,2026622.1797137544,17257.320533900715,SD,SOUTH DAKOTA,0.155471,315080976.9022771
236,2025,42,925521.9571402984,5404.953945995448,TN,TENNESSEE,0.155471,143891824.19855934
237,2025,43,77154.57053559338,2230.518891394577,TX,TEXAS,0.155471,11995298.235739237
238,2025,44,0.0,0.0,UT,UTAH,0.155471,0.0
239,2025,45,0.0,0.0,VT,VERMONT,0.155471,0.0
240,2025,46,186585.18431766232,1168.5393097643755,VA,VIRGINIA,0.155471,29008585.19105128
241,2025,47,0.0,0.0,WA,WASHINGTON,0.155471,0.0
242,2025,48,22131.07090992392,78.58517860463792,WV,WEST VIRGINIA,0.155471,3440739.725436782
243,2025,49,826820.6620515051,6681.620418061754,WI,WISCONSIN,0.155471,128546635.14980954
244,2025,50,480325.4648855566,21109.13254922064,WY,WYOMING,0.155471,74676680.35122237
245,2026,0,262814.54374383204,2340.469190817061,AL,ALABAMA,0.1583452,41615421.49202583
246,2026,2,0.0,0.0,AZ,ARIZONA,0.1583452,0.0
247,2026,3,408687.7530500892,5756.237014831091,AR,ARKANSAS,0.1583452,64713743.99426698
248,2026,4,0.0,0.0,CA,CALIFORNIA,0.1583452,0.0
249,2026,5,111557.8253987098,1559.3340929513342,CO,COLORADO,0.1583452,17664646.174323782
250,2026,6,0.0,0.0,CT,CONNECTICUT,0.1583452,0.0
251,2026,7,67506.13666814199,958.198104801884,DE,DELAWARE,0.1583452,10689272.711944276
252,2026,8,0.0,0.0,DC,DISTRICT OF COLUMBIA,0.1583452,0.0
253,2026,9,17654.045713132633,158.1480534609245,FL,FLORIDA,0.1583452,2795433.3992551295
254,2026,10,120789.17475808576,1759.3569482567154,GA,GEORGIA,0.1583452,19126386.03490404
255,2026,12,0.0,0.0,ID,IDAHO,0.1583452,0.0
256,2026,13,1378752.237140488,9058.147864367638,IL,ILLINOIS,0.1583452,218318798.740458
257,2026,14,1900821.9379123845,13151.031905939708,IN,INDIANA,0.1583452,300986029.9231241
258,2026,15,163473.7822085648,3592.3302732753714,IA,IOWA,0.1583452,25885288.738571636
259,2026,16,361372.0576228057,3036.054972231509,KS,KANSAS,0.1583452,57221530.73869469
260,2026,17,1283027.573514813,8169.973450914438,KY,KENTUCKY,0.1583452,203161257.7337178
261,2026,18,565318.269857991,7746.860691894182,LA,LOUISIANA,0.1583452,89515434.50431755
262,2026,19,0.0,0.0,ME,MAINE,0.1583452,0.0
263,2026,20,200192.6467925631,1692.7706791965277,MD,MARYLAND,0.1583452,31699544.694897756
264,2026,21,0.0,0.0,MA,MASSACHUSETTS,0.1583452,0.0
265,2026,22,63313.56021412657,564.471020894872,MI,MICHIGAN,0.1583452,10025398.354817914
266,2026,23,222494.1784581943,3504.0671082358062,MN,MINNESOTA,0.1583452,35230885.18679847
267,2026,24,973945.396546918,9847.321590134636,MS,MISSISSIPPI,0.1583452,154219578.60530102
268,2026,25,1258460.098102474,8872.032614503134,MO,MISSOURI,0.1583452,199271115.92605585
269,2026,26,737472.5935069909,14842.305679765032,MT,MONTANA,0.1583452,116775245.31338318
270,2026,27,179141.61374642473,4562.881699184357,NE,NEBRASKA,0.1583452,28366214.657000374
271,2026,28,0.0,0.0,NV,NEVADA,0.1583452,0.0
272,2026,29,0.0,0.0,NH,NEW HAMPSHIRE,0.1583452,0.0
273,2026,30,30371.024268135254,336.3021733012865,NJ,NEW JERSEY,0.1583452,4809105.91194273
274,2026,31,0.0,0.0,NM,NEW MEXICO,0.1583452,0.0
275,2026,32,0.0,0.0,NY,NEW YORK,0.1583452,0.0
276,2026,33,294211.0612543278,5272.575539297618,NC,NORTH CAROLINA,0.1583452,46586909.336528786
277,2026,34,154976.79785683256,3116.119799121785,ND,NORTH DAKOTA,0.1583452,24539832.05199972
278,2026,35,1775979.9731786228,17488.683289869827,OH,OHIO,0.1583452,281217904.0489636
279,2026,36,20503.408848089224,348.9014110878649,OK,OKLAHOMA,0.1583452,3246616.374732458
280,2026,37,0.0,0.0,OR,OREGON,0.1583452,0.0
281,2026,38,95004.49876670356,1071.371493812454,PA,PENNSYLVANIA,0.1583452,15043506.358113429
282,2026,39,0.0,0.0,RI,RHODE ISLAND,0.1583452,0.0
283,2026,40,85953.0251339162,2199.8465104815823,SC,SOUTH CAROLINA,0.1583452,13610248.955434987
284,2026,41,350918.2169571667,4846.5208272813015,SD,SOUTH DAKOTA,0.1583452,55566215.24772595
285,2026,42,1858065.5710536656,9247.97948409308,TN,TENNESSEE,0.1583452,294215764.46160686
286,2026,43,66973.57167696502,1919.3262749956,TX,TEXAS,0.1583452,10604943.60190336
287,2026,44,0.0,0.0,UT,UTAH,0.1583452,0.0
288,2026,45,0.0,0.0,VT,VERMONT,0.1583452,0.0
289,2026,46,104998.37092231658,1300.5676276493632,VA,VIRGINIA,0.1583452,16625988.043368403
290,2026,47,0.0,0.0,WA,WASHINGTON,0.1583452,0.0
291,2026,48,12573.115254045051,127.8601078433426,WV,WEST VIRGINIA,0.1583452,1990892.4495248143
292,2026,49,112524.75414906238,2029.992837943957,WI,WISCONSIN,0.1583452,17817754.70068411
293,2026,50,353987.58692679554,14886.627159758342,WY,WYOMING,0.1583452,56052235.24944082
294,2027,0,2728.360005213203,194.88775400239328,AL,ALABAMA,0.1612193999999999,439864.5630244692
295,2027,2,0.0,0.0,AZ,ARIZONA,0.1612193999999999,0.0
296,2027,3,399171.8597210776,7621.565510375827,AR,ARKANSAS,0.1612193999999999,64354247.72111626
297,2027,4,0.0,0.0,CA,CALIFORNIA,0.1612193999999999,0.0
298,2027,5,122803.17087622311,1590.065440952308,CO,COLORADO,0.1612193999999999,19798253.526762154
299,2027,6,0.0,0.0,CT,CONNECTICUT,0.1612193999999999,0.0
300,2027,7,240296.4646768051,691.5778942809693,DE,DELAWARE,0.1612193999999999,38740451.85731569
301,2027,8,0.0,0.0,DC,DISTRICT OF COLUMBIA,0.1612193999999999,0.0
302,2027,9,7996.107504618583,55.3196232332896,FL,FLORIDA,0.1612193999999999,1289127.6542301045
303,2027,10,155481.8831726241,1255.4511498884576,GA,GEORGIA,0.1612193999999999,25066695.91596054
304,2027,12,0.0,0.0,ID,IDAHO,0.1612193999999999,0.0
305,2027,13,13833402.728085164,52502.38891715037,IL,ILLINOIS,0.1612193999999999,2230212887.780252
306,2027,14,11032851.818440346,33150.506870396624,IN,INDIANA,0.1612193999999999,1778709750.4578605
307,2027,15,10865170.342928533,54076.94768654513,IA,IOWA,0.1612193999999999,1751676243.584731
308,2027,16,207901.9554553864,1448.836193804813,KS,KANSAS,0.1612193999999999,33517828.517344102
309,2027,17,3185066.116389844,12568.745964607371,KY,KENTUCKY,0.1612193999999999,513494448.2447005
310,2027,18,16027.60273838184,289.1042459205822,LA,LOUISIANA,0.1612193999999999,2583960.4969202755
311,2027,19,0.0,0.0,ME,MAINE,0.1612193999999999,0.0
312,2027,20,290357.176577533,855.4218931871951,MD,MARYLAND,0.1612193999999999,46811209.79352389
313,2027,21,0.0,0.0,MA,MASSACHUSETTS,0.1612193999999999,0.0
314,2027,22,551472.291983665,2418.426835930187,MI,MICHIGAN,0.1612193999999999,88908032.03023122
315,2027,23,5276445.444603274,36015.714790263104,MN,MINNESOTA,0.1612193999999999,850665368.7116724
316,2027,24,25707.01691268706,398.0008490814032,MS,MISSISSIPPI,0.1612193999999999,4144469.8424532576
317,2027,25,5786240.139034912,28399.79277132731,MO,MISSOURI,0.1612193999999999,932854163.4711245
318,2027,26,621404.712827078,13038.495733879125,MT,MONTANA,0.1612193999999999,100182494.95915376
319,2027,27,946009.0604736792,9854.77822639219,NE,NEBRASKA,0.1612193999999999,152515013.1241302
320,2027,28,0.0,0.0,NV,NEVADA,0.1612193999999999,0.0
321,2027,29,0.0,0.0,NH,NEW HAMPSHIRE,0.1612193999999999,0.0
322,2027,30,32597.48574504723,246.4328031161723,NJ,NEW JERSEY,0.1612193999999999,5255347.0933250645
323,2027,31,0.0,0.0,NM,NEW MEXICO,0.1612193999999999,0.0
324,2027,32,10579.68330184591,101.16975532053466,NY,NEW YORK,0.1612193999999999,1705650.1941136154
325,2027,33,138777.60596042,953.2829006845832,NC,NORTH CAROLINA,0.1612193999999999,22373642.366375323
326,2027,34,691608.3561643721,8544.031844036685,ND,NORTH DAKOTA,0.1612193999999999,111500684.2158063
327,2027,35,6621371.662756852,21969.57776772159,OH,OHIO,0.1612193999999999,1067493566.6466614
328,2027,36,82474.02396820975,1552.5445687511776,OK,OKLAHOMA,0.1612193999999999,13296412.659740387
329,2027,37,0.0,0.0,OR,OREGON,0.1612193999999999,0.0
330,2027,38,119590.7555742791,1090.4906812115853,PA,PENNSYLVANIA,0.1612193999999999,19280349.85923192
331,2027,39,0.0,0.0,RI,RHODE ISLAND,0.1612193999999999,0.0
332,2027,40,125623.17704914045,1269.2603964738737,SC,SOUTH CAROLINA,0.1612193999999999,20252893.229956184
333,2027,41,3365654.238972008,25208.81937218023,SD,SOUTH DAKOTA,0.1612193999999999,542608757.0145235
334,2027,42,1165105.979139021,6716.959151109369,TN,TENNESSEE,0.1612193999999999,187837686.89320534
335,2027,43,62130.17974484708,2033.4607624424148,TX,TEXAS,0.1612193999999999,10016590.300356394
336,2027,44,0.0,0.0,UT,UTAH,0.1612193999999999,0.0
337,2027,45,0.0,0.0,VT,VERMONT,0.1612193999999999,0.0
338,2027,46,182614.55127640936,680.3199739905208,VA,VIRGINIA,0.1612193999999999,29441008.388051935
339,2027,47,0.0,0.0,WA,WASHINGTON,0.1612193999999999,0.0
340,2027,48,27218.54423561436,92.51293972414678,WV,WEST VIRGINIA,0.1612193999999999,4388157.370539203
341,2027,49,1115581.6168000926,7678.601415013838,WI,WISCONSIN,0.1612193999999999,179853398.91154075
342,2027,50,602921.2163988056,21984.943497551267,WY,WYOMING,0.1612193999999999,97202596.75508554
343,2028,0,342545.7799065098,2549.157410208821,AL,ALABAMA,0.1640936,56209570.18966686
344,2028,2,0.0,0.0,AZ,ARIZONA,0.1640936,0.0
345,2028,3,603650.456401956,9390.413428141072,AR,ARKANSAS,0.1640936,99055176.53264003
346,2028,4,0.0,0.0,CA,CALIFORNIA,0.1640936,0.0
347,2028,5,81900.29571413145,1252.099073673686,CO,COLORADO,0.1640936,13439314.364796402
348,2028,6,0.0,0.0,CT,CONNECTICUT,0.1640936,0.0
349,2028,7,159293.21002204574,691.063250164825,DE,DELAWARE,0.1640936,26138996.288073566
350,2028,8,0.0,0.0,DC,DISTRICT OF COLUMBIA,0.1640936,0.0
351,2028,9,27720.764386629813,213.53853072009727,FL,FLORIDA,0.1640936,4548800.022953878
352,2028,10,226387.04730411115,2353.039032490775,GA,GEORGIA,0.1640936,37148665.585501894
353,2028,12,0.0,0.0,ID,IDAHO,0.1640936,0.0
354,2028,13,14441266.276363073,53197.3450974323,IL,ILLINOIS,0.1640936,2369719371.8470116
355,2028,14,11429895.692199305,33598.585444428674,IN,INDIANA,0.1640936,1875572731.7574759
356,2028,15,12885543.19836394,54535.68407082758,IA,IOWA,0.1640936,2114435171.375053
357,2028,16,2945821.0517980545,18835.06387228279,KS,KANSAS,0.1640936,483390381.3453293
358,2028,17,3207848.301882077,13295.088048565549,KY,KENTUCKY,0.1640936,526387376.10971683
359,2028,18,237273.41486380933,3973.521256602461,LA,LOUISIANA,0.1640936,38935048.829295985
360,2028,19,0.0,0.0,ME,MAINE,0.1640936,0.0
361,2028,20,213106.4833798666,912.807101434586,MD,MARYLAND,0.1640936,34969410.04114248
362,2028,21,0.0,0.0,MA,MASSACHUSETTS,0.1640936,0.0
363,2028,22,723948.7877510935,2560.799402367777,MI,MICHIGAN,0.1640936,118795362.79771285
364,2028,23,5488078.700651087,36233.399155063926,MN,MINNESOTA,0.1640936,900558591.0731592
365,2028,24,1189581.8454262186,11548.932692166796,MS,MISSISSIPPI,0.1640936,195202767.51063174
366,2028,25,6641612.807698291,33681.35538517569,MO,MISSOURI,0.1640936,1089846155.4213202
367,2028,26,1036591.8239195684,20071.999030656287,MT,MONTANA,0.1640936,170098084.1175281
368,2028,27,1746440.6249441097,16378.836570531308,NE,NEBRASKA,0.1640936,286579729.3333288
369,2028,28,0.0,0.0,NV,NEVADA,0.1640936,0.0
370,2028,29,42.00298572141116,0.9265777969425262,NH,NEW HAMPSHIRE,0.1640936,6892.421137774953
371,2028,30,118401.8325217604,521.1024832959988,NJ,NEW JERSEY,0.1640936,19428982.945092745
372,2028,31,0.0,0.0,NM,NEW MEXICO,0.1640936,0.0
373,2028,32,28547.886501357178,143.32409075946697,NY,NEW YORK,0.1640936,4684525.468399105
374,2028,33,960980.6954579498,6445.682971767872,NC,NORTH CAROLINA,0.1640936,157690781.84819862
375,2028,34,819708.8368700261,9671.642748475258,ND,NORTH DAKOTA,0.1640936,134508973.99381533
376,2028,35,10613186.139921052,28763.43481264984,OH,OHIO,0.1640936,1741555921.1697493
377,2028,36,299126.216070825,5813.951570244048,OK,OKLAHOMA,0.1640936,49084697.64943953
378,2028,37,0.0,0.0,OR,OREGON,0.1640936,0.0
379,2028,38,776442.0060450395,3944.961208901288,PA,PENNSYLVANIA,0.1640936,127409163.9631523
380,2028,39,0.0,0.0,RI,RHODE ISLAND,0.1640936,0.0
381,2028,40,120589.65231586702,2272.219926285232,SC,SOUTH CAROLINA,0.1640936,19787990.171258956
382,2028,41,3205549.458992634,24359.32949293876,SD,SOUTH DAKOTA,0.1640936,526010150.70415366
383,2028,42,1955498.767989788,9666.173663507972,TN,TENNESSEE,0.1640936,320884832.6350091
384,2028,43,73762.92090129384,2522.840934102022,TX,TEXAS,0.1640936,12104023.237208553
385,2028,44,0.0,0.0,UT,UTAH,0.1640936,0.0
386,2028,45,0.0,0.0,VT,VERMONT,0.1640936,0.0
387,2028,46,47753.47428464246,259.9180764253952,VA,VIRGINIA,0.1640936,7836039.507874407
388,2028,47,0.0,0.0,WA,WASHINGTON,0.1640936,0.0
389,2028,48,61202.92866083368,350.2277993227,WV,WEST VIRGINIA,0.1640936,10043008.894499378
390,2028,49,1784117.6639082497,7898.868564207681,WI,WISCONSIN,0.1640936,292762290.2942948
391,2028,50,587471.2997928777,23235.637122478725,WY,WYOMING,0.1640936,96400280.47969258
392,2029,0,0.0,0.0,AL,ALABAMA,0.1669678,0.0
393,2029,2,0.0,0.0,AZ,ARIZONA,0.1669678,0.0
394,2029,3,11223.419289301826,388.063876489964,AR,ARKANSAS,0.1669678,1873949.6272122893
395,2029,4,0.0,0.0,CA,CALIFORNIA,0.1669678,0.0
396,2029,5,115001.23087632377,1475.9123714166903,CO,COLORADO,0.1669678,19201502.51671185
397,2029,6,0.0,0.0,CT,CONNECTICUT,0.1669678,0.0
398,2029,7,0.0,0.0,DE,DELAWARE,0.1669678,0.0
399,2029,8,0.0,0.0,DC,DISTRICT OF COLUMBIA,0.1669678,0.0
400,2029,9,0.0,0.0,FL,FLORIDA,0.1669678,0.0
401,2029,10,5102.244815413182,120.95613420201803,GA,GEORGIA,0.1669678,851910.591890945
402,2029,12,0.0,0.0,ID,IDAHO,0.1669678,0.0
403,2029,13,2826444.566170973,20220.983066691555,IL,ILLINOIS,0.1669678,471925231.03552175
404,2029,14,1517312.434262361,18420.687823560143,IN,INDIANA,0.1669678,253342319.06143102
405,2029,15,9696834.625880048,54075.56672340528,IA,IOWA,0.1669678,1619059144.4470146
406,2029,16,1746285.414742551,14061.340390011042,KS,KANSAS,0.1669678,291573433.8716513
407,2029,17,14396.110040141712,284.273784926508,KY,KENTUCKY,0.1669678,2403686.8219603733
408,2029,18,762.1508133846191,36.94131531412939,LA,LOUISIANA,0.1669678,127254.64457904043
409,2029,19,0.0,0.0,ME,MAINE,0.1669678,0.0
410,2029,20,0.0,0.0,MD,MARYLAND,0.1669678,0.0
411,2029,21,0.0,0.0,MA,MASSACHUSETTS,0.1669678,0.0
412,2029,22,179984.56778175788,1933.1769269062952,MI,MICHIGAN,0.1669678,30051627.316470996
413,2029,23,4517693.230480772,35313.95678718582,MN,MINNESOTA,0.1669678,754309299.7682674
414,2029,24,0.0,0.0,MS,MISSISSIPPI,0.1669678,0.0
415,2029,25,1496756.8951322548,12306.436109203773,MO,MISSOURI,0.1669678,249910205.9150633
416,2029,26,952365.655125314,19298.83548783056,MT,MONTANA,0.1669678,159014398.2318324
417,2029,27,1549561.8512678538,16257.74058008944,NE,NEBRASKA,0.1669678,258726933.27012074
418,2029,28,0.0,0.0,NV,NEVADA,0.1669678,0.0
419,2029,29,0.0,0.0,NH,NEW HAMPSHIRE,0.1669678,0.0
420,2029,30,0.0,0.0,NJ,NEW JERSEY,0.1669678,0.0
421,2029,31,0.0,0.0,NM,NEW MEXICO,0.1669678,0.0
422,2029,32,0.0,0.0,NY,NEW YORK,0.1669678,0.0
423,2029,33,4059.428663254448,101.94147428870876,NC,NORTH CAROLINA,0.1669678,677793.873160536
424,2029,34,777715.907381868,9252.710505819345,ND,NORTH DAKOTA,0.1669678,129853514.08055426
425,2029,35,868207.753702303,8273.638756046046,OH,OHIO,0.1669678,144962738.5786154
426,2029,36,41634.57193013613,939.5282900503528,OK,OKLAHOMA,0.1669678,6951632.879116584
427,2029,37,0.0,0.0,OR,OREGON,0.1669678,0.0
428,2029,38,0.0,0.0,PA,PENNSYLVANIA,0.1669678,0.0
429,2029,39,0.0,0.0,RI,RHODE ISLAND,0.1669678,0.0
430,2029,40,0.0,0.0,SC,SOUTH CAROLINA,0.1669678,0.0
431,2029,41,3259890.232443565,24611.5438893848,SD,SOUTH DAKOTA,0.1669678,544296700.3525907
432,2029,42,16387.190935642924,395.2953585135916,TN,TENNESSEE,0.1669678,2736133.2187042404
433,2029,43,14114.405796387266,470.6759105482441,TX,TEXAS,0.1669678,2356651.28413003
434,2029,44,0.0,0.0,UT,UTAH,0.1669678,0.0
435,2029,45,4161.030586839578,79.51050580303843,VT,VERMONT,0.1669678,694758.1228173133
436,2029,46,0.0,0.0,VA,VIRGINIA,0.1669678,0.0
437,2029,47,0.0,0.0,WA,WASHINGTON,0.1669678,0.0
438,2029,48,0.0,0.0,WV,WEST VIRGINIA,0.1669678,0.0
439,2029,49,776802.8965892713,6092.9559823530735,WI,WISCONSIN,0.1669678,129701070.67713813
440,2029,50,413256.7703255182,17481.003538902147,WY,WYOMING,0.1669678,69000573.77635705
441,2030,0,223221.786492702,1853.799597741584,AL,ALABAMA,0.169842,37912434.661493495
442,2030,2,0.0,0.0,AZ,ARIZONA,0.169842,0.0
443,2030,3,287888.58774392144,3965.697205264348,AR,ARKANSAS,0.169842,48895573.5196031
444,2030,4,0.0,0.0,CA,CALIFORNIA,0.169842,0.0
445,2030,5,74496.99265594652,1008.6836220512328,CO,COLORADO,0.169842,12652718.22667127
446,2030,6,0.0,0.0,CT,CONNECTICUT,0.169842,0.0
447,2030,7,59348.881256216846,440.3435816954313,DE,DELAWARE,0.169842,10079932.690318381
448,2030,8,0.0,0.0,DC,DISTRICT OF COLUMBIA,0.169842,0.0
449,2030,9,7824.881712240922,90.40319623359365,FL,FLORIDA,0.169842,1328993.5597704228
450,2030,10,186044.21012100705,2575.553495868302,GA,GEORGIA,0.169842,31598120.735372078
451,2030,12,0.0,0.0,ID,IDAHO,0.169842,0.0
452,2030,13,1121964.8046648058,7928.83327193903,IL,ILLINOIS,0.169842,190556746.3538799
453,2030,14,290059.8366170342,3232.503720883478,IN,INDIANA,0.169842,49264342.77071032
454,2030,15,1004819.690758798,6973.71990182362,IA,IOWA,0.169842,170660585.91785577
455,2030,16,688568.2075983753,5175.4314615491,KS,KANSAS,0.169842,116947801.51492326
456,2030,17,1143655.7122768397,6931.333752520627,KY,KENTUCKY,0.169842,194240773.484523
457,2030,18,671804.1375686515,9298.446191950943,LA,LOUISIANA,0.169842,114100558.33293489
458,2030,19,0.0,0.0,ME,MAINE,0.169842,0.0
459,2030,20,56604.59290716957,407.6198735299656,MD,MARYLAND,0.169842,9613837.268539494
460,2030,21,0.0,0.0,MA,MASSACHUSETTS,0.169842,0.0
461,2030,22,54566.22388372245,726.2624390678495,MI,MICHIGAN,0.169842,9267636.596859187
462,2030,23,879816.3915162936,8288.405894636704,MN,MINNESOTA,0.169842,149429775.56791034
463,2030,24,1001568.296787972,9502.654756014012,MS,MISSISSIPPI,0.169842,170108362.66306272
464,2030,25,473226.7556882443,3128.993695291601,MO,MISSOURI,0.169842,80373778.63960278
465,2030,26,1093063.7281268244,19972.919847200414,MT,MONTANA,0.169842,185648129.7125161
466,2030,27,859189.0900322455,10756.464169381165,NE,NEBRASKA,0.169842,145926393.42925665
467,2030,28,0.0,0.0,NV,NEVADA,0.169842,0.0
468,2030,29,0.0,0.0,NH,NEW HAMPSHIRE,0.169842,0.0
469,2030,30,438.8954756175014,31.97142563322924,NJ,NEW JERSEY,0.169842,74542.88536982768
470,2030,31,0.0,0.0,NM,NEW MEXICO,0.169842,0.0
471,2030,32,0.0,0.0,NY,NEW YORK,0.169842,0.0
472,2030,33,920139.4426983376,6945.056020845814,NC,NORTH CAROLINA,0.169842,156278323.22677103
473,2030,34,615277.6335654964,7660.940007242656,ND,NORTH DAKOTA,0.169842,104499983.84003104
474,2030,35,24650.39342840385,612.1516674244531,OH,OHIO,0.169842,4186672.120666967
475,2030,36,83968.22378184351,1618.5232465564054,OK,OKLAHOMA,0.169842,14261331.063555865
476,2030,37,0.0,0.0,OR,OREGON,0.169842,0.0
477,2030,38,37144.99071257471,404.76246151687707,PA,PENNSYLVANIA,0.169842,6308779.512605114
478,2030,39,0.0,0.0,RI,RHODE ISLAND,0.169842,0.0
479,2030,40,280462.71355511685,4783.897039060995,SC,SOUTH CAROLINA,0.169842,47634348.19562815
480,2030,41,2003548.8820461093,19090.50930648636,SD,SOUTH DAKOTA,0.169842,340286749.22447526
481,2030,42,779171.5227855335,4494.087203104986,TN,TENNESSEE,0.169842,132336049.77294056
482,2030,43,46564.42786895153,1616.386362972988,TX,TEXAS,0.169842,7908595.558118465
483,2030,44,0.0,0.0,UT,UTAH,0.169842,0.0
484,2030,45,0.0,0.0,VT,VERMONT,0.169842,0.0
485,2030,46,34640.75811447352,324.88673338489167,VA,VIRGINIA,0.169842,5883455.639678411
486,2030,47,0.0,0.0,WA,WASHINGTON,0.169842,0.0
487,2030,48,0.0,0.0,WV,WEST VIRGINIA,0.169842,0.0
488,2030,49,1940.5678494088768,32.02657565377627,WI,WISCONSIN,0.169842,329589.92467930244
489,2030,50,518214.89193675824,22388.500662781888,WY,WYOMING,0.169842,88014653.67632289
490,2031,0,407.4289170351133,17.475356209445994,AL,ALABAMA,0.1670496,68060.83761914885
491,2031,2,0.0,0.0,AZ,ARIZONA,0.1670496,0.0
492,2031,3,44304.48120406668,584.7128218299513,AR,ARKANSAS,0.1670496,7401045.863346857
493,2031,4,0.0,0.0,CA,CALIFORNIA,0.1670496,0.0
494,2031,5,71193.95350872124,973.9030142906352,CO,COLORADO,0.1670496,11892921.45605048
495,2031,6,0.0,0.0,CT,CONNECTICUT,0.1670496,0.0
496,2031,7,144361.48307451056,1104.3136626456633,DE,DELAWARE,0.1670496,24115528.003003754
497,2031,8,0.0,0.0,DC,DISTRICT OF COLUMBIA,0.1670496,0.0
498,2031,9,0.0,0.0,FL,FLORIDA,0.1670496,0.0
499,2031,10,0.0,0.0,GA,GEORGIA,0.1670496,0.0
500,2031,12,0.0,0.0,ID,IDAHO,0.1670496,0.0
501,2031,13,8913027.704658534,32913.39993193511,IL,ILLINOIS,0.1670496,1488917712.8521264
502,2031,14,8357969.992086885,28069.67308163744,IN,INDIANA,0.1670496,1396195543.990117
503,2031,15,8566360.114935156,37557.25029478836,IA,IOWA,0.1670496,1431007030.6558719
504,2031,16,1932950.52274766,12519.949231510816,KS,KANSAS,0.1670496,322898611.6447875
505,2031,17,221368.53616863384,866.2329980733543,KY,KENTUCKY,0.1670496,36979525.41955581
506,2031,18,0.0,0.0,LA,LOUISIANA,0.1670496,0.0
507,2031,19,0.0,0.0,ME,MAINE,0.1670496,0.0
508,2031,20,415092.9809984049,2263.898743089668,MD,MARYLAND,0.1670496,69341116.43859114
509,2031,21,0.0,0.0,MA,MASSACHUSETTS,0.1670496,0.0
510,2031,22,776110.528930528,3138.1720175721725,MI,MICHIGAN,0.1670496,129648953.41363311
511,2031,23,1254576.948600361,12355.41369775209,MN,MINNESOTA,0.1670496,209576577.43291083
512,2031,24,0.0,0.0,MS,MISSISSIPPI,0.1670496,0.0
513,2031,25,4989389.889646055,23775.352909068934,MO,MISSOURI,0.1670496,833475585.3094176
514,2031,26,1095594.9174078228,20041.44481075039,MT,MONTANA,0.1670496,183018692.71500984
515,2031,27,1503590.3929569123,14117.10975837298,NE,NEBRASKA,0.1670496,251174173.707295
516,2031,28,0.0,0.0,NV,NEVADA,0.1670496,0.0
517,2031,29,0.0,0.0,NH,NEW HAMPSHIRE,0.1670496,0.0
518,2031,30,202785.12761306623,1007.1517449026456,NJ,NEW JERSEY,0.1670496,33875174.453711666
519,2031,31,0.0,0.0,NM,NEW MEXICO,0.1670496,0.0
520,2031,32,25662.891659716894,149.69002877223275,NY,NEW YORK,0.1670496,4286975.786599043
521,2031,33,22708.26169580557,554.4624676134231,NC,NORTH CAROLINA,0.1670496,3793406.0329796416
522,2031,34,535100.0578435626,6340.995450172631,ND,NORTH DAKOTA,0.1670496,89388250.62274398
523,2031,35,7720483.574469753,27870.88709452257,OH,OHIO,0.1670496,1289703692.9217422
524,2031,36,53681.88177586033,998.786057114158,OK,OKLAHOMA,0.1670496,8967536.877904758
525,2031,37,0.0,0.0,OR,OREGON,0.1670496,0.0
526,2031,38,1037446.6663947497,5050.519709277118,PA,PENNSYLVANIA,0.1670496,173305050.64257637
527,2031,39,0.0,0.0,RI,RHODE ISLAND,0.1670496,0.0
528,2031,40,151.41612769292126,12.200829649323744,SC,SOUTH CAROLINA,0.1670496,25294.00356465142
529,2031,41,1928781.8755340583,17145.597921655943,SD,SOUTH DAKOTA,0.1670496,322202240.79521424
530,2031,42,135060.22425591157,643.4026476770284,TN,TENNESSEE,0.1670496,22561756.43786032
531,2031,43,35237.34258401703,1092.795993977247,TX,TEXAS,0.1670496,5886383.983723011
532,2031,44,0.0,0.0,UT,UTAH,0.1670496,0.0
533,2031,45,0.0,0.0,VT,VERMONT,0.1670496,0.0
534,2031,46,129772.15968774624,1429.3565939767118,VA,VIRGINIA,0.1670496,21678387.366974134
535,2031,47,0.0,0.0,WA,WASHINGTON,0.1670496,0.0
536,2031,48,91223.38540451272,439.172559976249,WV,WEST VIRGINIA,0.1670496,15238830.042469688
537,2031,49,962325.7627989596,5437.508532827332,WI,WISCONSIN,0.1670496,160756133.74526107
538,2031,50,649139.7831769045,23793.38046718916,WY,WYOMING,0.1670496,108438541.12378863
539,2032,0,30208.17362152577,340.5980455395446,AL,ALABAMA,0.1642572,4961910.016185682
540,2032,2,0.0,0.0,AZ,ARIZONA,0.1642572,0.0
541,2032,3,110857.50041760676,2043.3325106527743,AR,ARKANSAS,0.1642572,18209142.617594916
542,2032,4,0.0,0.0,CA,CALIFORNIA,0.1642572,0.0
543,2032,5,92955.29165518066,1318.4958980929066,CO,COLORADO,0.1642572,15268575.93246334
544,2032,6,0.0,0.0,CT,CONNECTICUT,0.1642572,0.0
545,2032,7,46268.45766057048,487.0018624543148,DE,DELAWARE,0.1642572,7599927.303643857
546,2032,8,0.0,0.0,DC,DISTRICT OF COLUMBIA,0.1642572,0.0
547,2032,9,12035.842229970807,110.51097857496607,FL,FLORIDA,0.1642572,1976973.7443367608
548,2032,10,23135.216124243845,340.2037887359154,GA,GEORGIA,0.1642572,3800125.821963146
549,2032,12,0.0,0.0,ID,IDAHO,0.1642572,0.0
550,2032,13,3757192.486097613,28285.13349959367,IL,ILLINOIS,0.1642572,617145917.6274328
551,2032,14,284630.8713582077,3526.6569248256,IN,INDIANA,0.1642572,46752669.96285939
552,2032,15,2496602.7112700944,20527.08727045116,IA,IOWA,0.1642572,410084970.86563414
553,2032,16,231947.90989507808,3237.256305113453,KS,KANSAS,0.1642572,38099114.22521781
554,2032,17,138931.7295479244,1299.025318394686,KY,KENTUCKY,0.1642572,22820536.886699326
555,2032,18,410647.18036052544,6081.407641236827,LA,LOUISIANA,0.1642572,67451756.0339149
556,2032,19,0.0,0.0,ME,MAINE,0.1642572,0.0
557,2032,20,21318.41804751089,288.79831988621714,MD,MARYLAND,0.1642572,3501703.656913606
558,2032,21,0.0,0.0,MA,MASSACHUSETTS,0.1642572,0.0
559,2032,22,4948.350215114715,68.18752172133365,MI,MICHIGAN,0.1642572,812802.1509541407
560,2032,23,240390.01975752687,3552.318662250156,MN,MINNESOTA,0.1642572,39485791.55331604
561,2032,24,191755.42488548977,3021.430155756332,MS,MISSISSIPPI,0.1642572,31497209.176500868
562,2032,25,2645778.093048404,21555.47637153586,MO,MISSOURI,0.1642572,434588101.3854703
563,2032,26,725015.446269698,14120.71067927356,MT,MONTANA,0.1642572,119089007.16101104
564,2032,27,54360.79734247309,1333.6811417945742,NE,NEBRASKA,0.1642572,8929152.36124207
565,2032,28,0.0,0.0,NV,NEVADA,0.1642572,0.0
566,2032,29,0.0,0.0,NH,NEW HAMPSHIRE,0.1642572,0.0
567,2032,30,47795.109372242485,456.17709446281015,NJ,NEW JERSEY,0.1642572,7850690.839178309
568,2032,31,0.0,0.0,NM,NEW MEXICO,0.1642572,0.0
569,2032,32,0.0,0.0,NY,NEW YORK,0.1642572,0.0
570,2032,33,20756.470179779248,652.3312502605313,NC,NORTH CAROLINA,0.1642572,3409399.6736140354
571,2032,34,440198.09888704977,6498.720096419186,ND,NORTH DAKOTA,0.1642572,72305707.16850992
572,2032,35,44466.50265726755,679.787689548763,OH,OHIO,0.1642572,7303943.220275327
573,2032,36,12102.63300990389,342.508863405943,OK,OKLAHOMA,0.1642572,1987944.610834385
574,2032,37,0.0,0.0,OR,OREGON,0.1642572,0.0
575,2032,38,46446.76552164533,667.8242684622884,PA,PENNSYLVANIA,0.1642572,7629215.653642001
576,2032,39,0.0,0.0,RI,RHODE ISLAND,0.1642572,0.0
577,2032,40,0.0,0.0,SC,SOUTH CAROLINA,0.1642572,0.0
578,2032,41,1170513.077036929,10250.882570245469,SD,SOUTH DAKOTA,0.1642572,192265200.59747025
579,2032,42,350558.3830903408,2862.4370834695887,TN,TENNESSEE,0.1642572,57581738.44294673
580,2032,43,44067.19430919853,1230.326114092281,TX,TEXAS,0.1642572,7238353.9490848845
581,2032,44,0.0,0.0,UT,UTAH,0.1642572,0.0
582,2032,45,0.0,0.0,VT,VERMONT,0.1642572,0.0
583,2032,46,0.0,0.0,VA,VIRGINIA,0.1642572,0.0
584,2032,47,0.0,0.0,WA,WASHINGTON,0.1642572,0.0
585,2032,48,0.0,0.0,WV,WEST VIRGINIA,0.1642572,0.0
586,2032,49,305976.9594542277,3976.257758760324,WI,WISCONSIN,0.1642572,50258918.62446497
587,2032,50,622696.3408661939,21700.4046035584,WY,WYOMING,0.1642572,102282357.40092658
588,2033,0,238471.90510600805,1863.3604107298847,AL,ALABAMA,0.1614648,38504818.46356057
589,2033,2,0.0,0.0,AZ,ARIZONA,0.1614648,0.0
590,2033,3,549535.3548064564,8879.670462505843,AR,ARKANSAS,0.1614648,88730616.15675351
591,2033,4,0.0,0.0,CA,CALIFORNIA,0.1614648,0.0
592,2033,5,125258.86183174378,1619.7748324844988,CO,COLORADO,0.1614648,20224897.073890142
593,2033,6,0.0,0.0,CT,CONNECTICUT,0.1614648,0.0
594,2033,7,169426.21707407426,1000.9935392236282,DE,DELAWARE,0.1614648,27356370.254621986
595,2033,8,0.0,0.0,DC,DISTRICT OF COLUMBIA,0.1614648,0.0
596,2033,9,48954.59765076147,265.9305009956941,FL,FLORIDA,0.1614648,7904444.31876067
597,2033,10,606738.2820131491,3470.359175286857,GA,GEORGIA,0.1614648,97966875.35759673
598,2033,12,0.0,0.0,ID,IDAHO,0.1614648,0.0
599,2033,13,231370.9788129721,1436.6494672249887,IL,ILLINOIS,0.1614648,37358268.819840774
600,2033,14,213401.8273602564,2135.2269562156057,IN,INDIANA,0.1614648,34456883.374358326
601,2033,15,0.0,0.0,IA,IOWA,0.1614648,0.0
602,2033,16,15347.450605760134,327.3145926844344,KS,KANSAS,0.1614648,2478073.042568939
603,2033,17,1308645.3587123333,8720.039425999212,KY,KENTUCKY,0.1614648,211300161.11541513
604,2033,18,179614.13583401983,2634.4247052060973,LA,LOUISIANA,0.1614648,29001360.519612845
605,2033,19,0.0,0.0,ME,MAINE,0.1614648,0.0
606,2033,20,173275.15648218727,978.8548619259273,MD,MARYLAND,0.1614648,27977838.48636507
607,2033,21,0.0,0.0,MA,MASSACHUSETTS,0.1614648,0.0
608,2033,22,1580.2941561872458,67.28670471514113,MI,MICHIGAN,0.1614648,255161.8798699424
609,2033,23,4217.4235235976985,65.65219440000388,MN,MINNESOTA,0.1614648,680965.4457529976
610,2033,24,487688.3847732191,5765.212884111989,MS,MISSISSIPPI,0.1614648,78744507.50973086
611,2033,25,459239.4972833413,2543.8734593212703,MO,MISSOURI,0.1614648,74151013.58095524
612,2033,26,268534.4492737186,6102.98710555463,MT,MONTANA,0.1614648,43358861.14509112
613,2033,27,9645.576085427729,137.88316291818472,NE,NEBRASKA,0.1614648,1557421.0135183712
614,2033,28,0.0,0.0,NV,NEVADA,0.1614648,0.0
615,2033,29,2.5588190347226614,0.5991445203971462,NH,NEW HAMPSHIRE,0.1614648,413.1592036776876
616,2033,30,184026.37724925688,862.4522728136777,NJ,NEW JERSEY,0.1614648,29713782.19727581
617,2033,31,0.0,0.0,NM,NEW MEXICO,0.1614648,0.0
618,2033,32,1987.5162044215376,40.67140864275818,NY,NEW YORK,0.1614648,320913.9064436827
619,2033,33,1175546.7005899427,6932.341567464448,NC,NORTH CAROLINA,0.1614648,189809412.90141496
620,2033,34,23373.14572102317,465.7774345526028,ND,NORTH DAKOTA,0.1614648,3773940.299215862
621,2033,35,1506885.7237708764,12896.926263695234,OH,OHIO,0.1614648,243309002.0115198
622,2033,36,50140.97708428214,867.8466630859472,OK,OKLAHOMA,0.1614648,8096002.836718198
623,2033,37,0.0,0.0,OR,OREGON,0.1614648,0.0
624,2033,38,378626.2076120576,3303.900082393775,PA,PENNSYLVANIA,0.1614648,61134804.88683936
625,2033,39,0.0,0.0,RI,RHODE ISLAND,0.1614648,0.0
626,2033,40,700629.1891732705,5001.6342210602415,SC,SOUTH CAROLINA,0.1614648,113126951.90402427
627,2033,41,13881.624579430709,187.0083810337378,SD,SOUTH DAKOTA,0.1614648,2241393.7363928636
628,2033,42,1108169.3016269065,7656.64543181342,TN,TENNESSEE,0.1614648,178930334.65332812
629,2033,43,61287.57556314941,1776.9279773637115,TX,TEXAS,0.1614648,9895786.130788807
630,2033,44,0.0,0.0,UT,UTAH,0.1614648,0.0
631,2033,45,3796.400087997439,91.31050420401652,VT,VERMONT,0.1614648,612984.9809284889
632,2033,46,199409.1929455456,836.2913717359872,VA,VIRGINIA,0.1614648,32197565.457113925
633,2033,47,0.0,0.0,WA,WASHINGTON,0.1614648,0.0
634,2033,48,27898.723534527144,91.94914009834254,WV,WEST VIRGINIA,0.1614648,4504661.815757718
635,2033,49,0.0,0.0,WI,WISCONSIN,0.1614648,0.0
636,2033,50,570676.2889367952,20861.2053905324,WY,WYOMING,0.1614648,92144132.85792185
637,2034,0,0.0,0.0,AL,ALABAMA,0.1586724,0.0
638,2034,2,0.0,0.0,AZ,ARIZONA,0.1586724,0.0
639,2034,3,207477.3666145876,3588.073175357372,AR,ARKANSAS,0.1586724,32920931.706416488
640,2034,4,0.0,0.0,CA,CALIFORNIA,0.1586724,0.0
641,2034,5,141642.915757172,1838.637745658779,CO,COLORADO,0.1586724,22474821.3861883
642,2034,6,0.0,0.0,CT,CONNECTICUT,0.1586724,0.0
643,2034,7,18840.1769268592,331.6164471421214,DE,DELAWARE,0.1586724,2989416.0894093737
644,2034,8,0.0,0.0,DC,DISTRICT OF COLUMBIA,0.1586724,0.0
645,2034,9,929.7360141534562,7.329454806403742,FL,FLORIDA,0.1586724,147523.44473216287
646,2034,10,2965.0994262361774,39.29059525979334,GA,GEORGIA,0.1586724,470479.4421995172
647,2034,12,0.0,0.0,ID,IDAHO,0.1586724,0.0
648,2034,13,1419742.839657426,7872.641744942008,IL,ILLINOIS,0.1586724,225274003.75125897
649,2034,14,1189274.1187296542,8913.278125985396,IN,INDIANA,0.1586724,188704978.6767192
650,2034,15,2342547.4516710863,13832.2741024245,IA,IOWA,0.1586724,371697626.27053523
651,2034,16,2678799.3091175416,18370.07866036145,KS,KANSAS,0.1586724,425051515.4960222
652,2034,17,266376.9589561523,1742.567352979113,KY,KENTUCKY,0.1586724,42266671.38227418
653,2034,18,87551.14518992446,1289.7685714741604,LA,LOUISIANA,0.1586724,13891950.33003377
654,2034,19,0.0,0.0,ME,MAINE,0.1586724,0.0
655,2034,20,65888.79511051619,987.017858795684,MD,MARYLAND,0.1586724,10454733.253293868
656,2034,21,0.0,0.0,MA,MASSACHUSETTS,0.1586724,0.0
657,2034,22,130853.46490188313,1787.716603822674,MI,MICHIGAN,0.1586724,20762833.32429756
658,2034,23,1188464.8335269657,10902.957313624642,MN,MINNESOTA,0.1586724,188576567.45132408
659,2034,24,31976.0248994388,481.9099300767365,MS,MISSISSIPPI,0.1586724,5073712.613253713
660,2034,25,3383630.9793842663,21142.861118292025,MO,MISSOURI,0.1586724,536888848.2132521
661,2034,26,1237821.5714770835,23832.456517962502,MT,MONTANA,0.1586724,196408119.51804036
662,2034,27,1525450.1063832152,14884.452697475515,NE,NEBRASKA,0.1586724,242046829.46008006
663,2034,28,0.0,0.0,NV,NEVADA,0.1586724,0.0
664,2034,29,0.0,0.0,NH,NEW HAMPSHIRE,0.1586724,0.0
665,2034,30,3277.146467024052,65.11330824338339,NJ,NEW JERSEY,0.1586724,519992.6950742272
666,2034,31,0.0,0.0,NM,NEW MEXICO,0.1586724,0.0
667,2034,32,1004.435015841867,12.861410176889992,NY,NEW YORK,0.1586724,159376.11460766706
668,2034,33,185281.10644912013,2998.433777664188,NC,NORTH CAROLINA,0.1586724,29398997.834937368
669,2034,34,682343.3384923199,9225.841272868833,ND,NORTH DAKOTA,0.1586724,108269055.14258878
670,2034,35,1648120.8455685773,11967.492059342112,OH,OHIO,0.1586724,261511290.0563955
671,2034,36,274836.59032437933,5062.866216090072,OK,OKLAHOMA,0.1586724,43608981.39458604
672,2034,37,0.0,0.0,OR,OREGON,0.1586724,0.0
673,2034,38,5953.634024750254,266.84939022538185,PA,PENNSYLVANIA,0.1586724,944677.3994287822
674,2034,39,0.0,0.0,RI,RHODE ISLAND,0.1586724,0.0
675,2034,40,23553.91783300429,592.6593243453451,SC,SOUTH CAROLINA,0.1586724,3737356.6719655893
676,2034,41,2858567.1011211425,24711.574961631253,SD,SOUTH DAKOTA,0.1586724,453575702.4959343
677,2034,42,177024.0042717811,1350.9602040658272,TN,TENNESSEE,0.1586724,28088823.615413755
678,2034,43,78290.74035732968,2400.2008305383724,TX,TEXAS,0.1586724,12422579.670274358
679,2034,44,0.0,0.0,UT,UTAH,0.1586724,0.0
680,2034,45,0.0,0.0,VT,VERMONT,0.1586724,0.0
681,2034,46,55580.754864953095,443.39075046179823,VA,VIRGINIA,0.1586724,8819131.768233784
682,2034,47,0.0,0.0,WA,WASHINGTON,0.1586724,0.0
683,2034,48,0.0,0.0,WV,WEST VIRGINIA,0.1586724,0.0
684,2034,49,1251885.7438834885,7719.027815220155,WI,WISCONSIN,0.1586724,198639715.5077784
685,2034,50,676572.5865091286,25098.284508205223,WY,WYOMING,0.1586724,107353396.07561104
686,2035,0,191594.2542051772,1466.15958719763,AL,ALABAMA,0.15588,29865712.345503017
687,2035,2,0.0,0.0,AZ,ARIZONA,0.15588,0.0
688,2035,3,493933.0210375016,6782.648047637719,AR,ARKANSAS,0.15588,76994279.31932575
689,2035,4,0.0,0.0,CA,CALIFORNIA,0.15588,0.0
690,2035,5,101137.45388158225,1292.5025778968318,CO,COLORADO,0.15588,15765306.31106104
691,2035,6,0.0,0.0,CT,CONNECTICUT,0.15588,0.0
692,2035,7,41321.23465978365,457.9769790640084,DE,DELAWARE,0.15588,6441154.058767076
693,2035,8,0.0,0.0,DC,DISTRICT OF COLUMBIA,0.15588,0.0
694,2035,9,1504.016021167634,18.212451277225018,FL,FLORIDA,0.15588,234446.01737961077
695,2035,10,16471.862943367603,189.6159753090409,GA,GEORGIA,0.15588,2567633.995612142
696,2035,12,0.0,0.0,ID,IDAHO,0.15588,0.0
697,2035,13,694394.5161570284,5558.9849256840325,IL,ILLINOIS,0.15588,108242217.17855759
698,2035,14,365600.326061726,6684.694103591881,IN,INDIANA,0.15588,56989778.826501854
699,2035,15,32699.46557024633,188.99891407826505,IA,IOWA,0.15588,5097192.693089997
700,2035,16,23359.716262485752,262.2515069400565,KS,KANSAS,0.15588,3641312.570996279
701,2035,17,654707.915233362,4172.792356214451,KY,KENTUCKY,0.15588,102055869.82657646
702,2035,18,167300.22067533724,3378.6317130587854,LA,LOUISIANA,0.15588,26078758.39887157
703,2035,19,0.0,0.0,ME,MAINE,0.15588,0.0
704,2035,20,141782.9699094355,1026.4061132322663,MD,MARYLAND,0.15588,22101129.3494828
705,2035,21,0.0,0.0,MA,MASSACHUSETTS,0.15588,0.0
706,2035,22,110780.24163485011,1635.3028884506489,MI,MICHIGAN,0.15588,17268424.066040434
707,2035,23,377205.29155499866,4598.482354221243,MN,MINNESOTA,0.15588,58798760.84759318
708,2035,24,373362.42999124527,4140.528127483138,MS,MISSISSIPPI,0.15588,58199735.587035306
709,2035,25,815637.3784101608,5040.704058833034,MO,MISSOURI,0.15588,127141554.54657586
710,2035,26,1059387.1141660402,20804.78266720797,MT,MONTANA,0.15588,165137263.35620233
711,2035,27,66693.19606055452,1928.1236369042736,NE,NEBRASKA,0.15588,10396135.401919238
712,2035,28,0.0,0.0,NV,NEVADA,0.15588,0.0
713,2035,29,0.0,0.0,NH,NEW HAMPSHIRE,0.15588,0.0
714,2035,30,113311.37690233772,810.9621509151102,NJ,NEW JERSEY,0.15588,17662977.431536403
715,2035,31,0.0,0.0,NM,NEW MEXICO,0.15588,0.0
716,2035,32,16789.476765731244,81.29111412285418,NY,NEW YORK,0.15588,2617143.6382421865
717,2035,33,247945.39766848244,4478.308283087203,NC,NORTH CAROLINA,0.15588,38649728.58856304
718,2035,34,180947.3967516604,4245.202587196913,ND,NORTH DAKOTA,0.15588,28206080.205648817
719,2035,35,988208.4923705334,7047.807814946222,OH,OHIO,0.15588,154041939.79071873
720,2035,36,4683.131902983755,95.5889495228539,OK,OKLAHOMA,0.15588,730006.6010371076
721,2035,37,0.0,0.0,OR,OREGON,0.15588,0.0
722,2035,38,460313.8740548768,2828.0941877262685,PA,PENNSYLVANIA,0.15588,71753726.6876742
723,2035,39,0.0,0.0,RI,RHODE ISLAND,0.15588,0.0
724,2035,40,11375.632251098788,895.2799659339603,SC,SOUTH CAROLINA,0.15588,1773233.555301279
725,2035,41,1102367.8955313044,10842.437875526806,SD,SOUTH DAKOTA,0.15588,171837107.5554197
726,2035,42,701674.252817576,5509.391309336719,TN,TENNESSEE,0.15588,109376982.52920374
727,2035,43,44549.6792549745,1615.606613864457,TX,TEXAS,0.15588,6944404.0022654245
728,2035,44,0.0,0.0,UT,UTAH,0.15588,0.0
729,2035,45,9497.019703524184,120.06483236504404,VT,VERMONT,0.15588,1480395.4313853497
730,2035,46,38277.39140773751,272.0179412637001,VA,VIRGINIA,0.15588,5966679.772638123
731,2035,47,0.0,0.0,WA,WASHINGTON,0.15588,0.0
732,2035,48,82.25070874519486,2.59169664624663,WV,WEST VIRGINIA,0.15588,12821.240479200975
733,2035,49,235395.4916083245,1904.3900914475728,WI,WISCONSIN,0.15588,36693449.231905624
734,2035,50,261843.1593649001,10915.083316941867,WY,WYOMING,0.15588,40816111.68180062
735,2036,0,84418.80002762433,1193.2448172888844,AL,ALABAMA,0.1580848,13345329.118606985
736,2036,2,0.0,0.0,AZ,ARIZONA,0.1580848,0.0
737,2036,3,400785.59923356026,8077.560822739215,AR,ARKANSAS,0.1580848,63358111.29771753
738,2036,4,0.0,0.0,CA,CALIFORNIA,0.1580848,0.0
739,2036,5,130608.62521625552,1745.9264188518782,CO,COLORADO,0.1580848,20647238.39558671
740,2036,6,0.0,0.0,CT,CONNECTICUT,0.1580848,0.0
741,2036,7,0.0,0.0,DE,DELAWARE,0.1580848,0.0
742,2036,8,0.0,0.0,DC,DISTRICT OF COLUMBIA,0.1580848,0.0
743,2036,9,270.7812939805,22.69014716129224,FL,FLORIDA,0.1580848,42806.40670264854
744,2036,10,17706.44523715766,499.449288627102,GA,GEORGIA,0.1580848,2799119.8540270207
745,2036,12,0.0,0.0,ID,IDAHO,0.1580848,0.0
746,2036,13,6399605.057090421,35750.8587404054,IL,ILLINOIS,0.1580848,1011680285.5291278
747,2036,14,2415382.1395138297,11991.3907111289,IN,INDIANA,0.1580848,381835202.44861585
748,2036,15,3275284.251210539,23107.83774102401,IA,IOWA,0.1580848,517772655.79576784
749,2036,16,2845939.0425721984,18336.737198106108,KS,KANSAS,0.1580848,449899704.3572175
750,2036,17,1423895.8485707478,6154.627264602518,KY,KENTUCKY,0.1580848,225096290.44213694
751,2036,18,380317.86912325816,7457.128214561548,LA,LOUISIANA,0.1580848,60122474.27677644
752,2036,19,0.0,0.0,ME,MAINE,0.1580848,0.0
753,2036,20,0.0,0.0,MD,MARYLAND,0.1580848,0.0
754,2036,21,0.0,0.0,MA,MASSACHUSETTS,0.1580848,0.0
755,2036,22,217108.2730049608,1958.297751226493,MI,MICHIGAN,0.1580848,34321517.91633463
756,2036,23,3753364.955532379,31845.172579491584,MN,MINNESOTA,0.1580848,593349948.322345
757,2036,24,414518.8826490465,7004.961822959494,MS,MISSISSIPPI,0.1580848,65529134.65979798
758,2036,25,6564846.523262134,34477.43759256047,MO,MISSOURI,0.1580848,1037802449.6605897
759,2036,26,1002227.6780615894,23325.914638260343,MT,MONTANA,0.1580848,158436962.04083073
760,2036,27,1177507.896112515,13907.572312656996,NE,NEBRASKA,0.1580848,186146100.2553677
761,2036,28,0.0,0.0,NV,NEVADA,0.1580848,0.0
762,2036,29,0.0,0.0,NH,NEW HAMPSHIRE,0.1580848,0.0
763,2036,30,0.0,0.0,NJ,NEW JERSEY,0.1580848,0.0
764,2036,31,0.0,0.0,NM,NEW MEXICO,0.1580848,0.0
765,2036,32,0.0,0.0,NY,NEW YORK,0.1580848,0.0
766,2036,33,232478.94119766675,4100.713162547168,NC,NORTH CAROLINA,0.1580848,36751386.923444904
767,2036,34,590356.2786668779,8221.457365993541,ND,NORTH DAKOTA,0.1580848,93326354.24179766
768,2036,35,943295.913545182,5235.667570626457,OH,OHIO,0.1580848,149120745.83360738
769,2036,36,129797.09027227775,3438.367570658068,OK,OKLAHOMA,0.1580848,20518947.056274973
770,2036,37,0.0,0.0,OR,OREGON,0.1580848,0.0
771,2036,38,262.94132155888593,3.933246516851479,PA,PENNSYLVANIA,0.1580848,41567.02623037217
772,2036,39,0.0,0.0,RI,RHODE ISLAND,0.1580848,0.0
773,2036,40,32779.98360394733,767.900086328862,SC,SOUTH CAROLINA,0.1580848,5182017.152033293
774,2036,41,2346103.416369507,24372.88763398832,SD,SOUTH DAKOTA,0.1580848,370883289.3560903
775,2036,42,709658.6342073082,5984.610596128006,TN,TENNESSEE,0.1580848,112186243.25693546
776,2036,43,108609.75855720416,3462.5517187905,TX,TEXAS,0.1580848,17169551.959563907
777,2036,44,0.0,0.0,UT,UTAH,0.1580848,0.0
778,2036,45,0.0,0.0,VT,VERMONT,0.1580848,0.0
779,2036,46,1217.4872967357155,17.825105232889513,VA,VIRGINIA,0.1580848,192466.23580700625
780,2036,47,0.0,0.0,WA,WASHINGTON,0.1580848,0.0
781,2036,48,0.0,0.0,WV,WEST VIRGINIA,0.1580848,0.0
782,2036,49,971523.1450354776,7173.07785976496,WI,WISCONSIN,0.1580848,153583042.07830447
783,2036,50,586452.6096202517,24111.021194211884,WY,WYOMING,0.1580848,92709243.50129555
784,2037,0,1341.9539286711072,40.49078321557972,AL,ALABAMA,0.1602896,215101.2584451203
785,2037,2,0.0,0.0,AZ,ARIZONA,0.1602896,0.0
786,2037,3,230158.4766664868,3593.050743507674,AR,ARKANSAS,0.1602896,36892010.1614805
787,2037,4,0.0,0.0,CA,CALIFORNIA,0.1602896,0.0
788,2037,5,84420.94333886793,1094.6720827714184,CO,COLORADO,0.1602896,13531799.239409806
789,2037,6,0.0,0.0,CT,CONNECTICUT,0.1602896,0.0
790,2037,7,150945.09235776815,976.8326026652328,DE,DELAWARE,0.1602896,24194928.475989714
791,2037,8,0.0,0.0,DC,DISTRICT OF COLUMBIA,0.1602896,0.0
792,2037,9,0.0,0.0,FL,FLORIDA,0.1602896,0.0
793,2037,10,0.0,0.0,GA,GEORGIA,0.1602896,0.0
794,2037,12,0.0,0.0,ID,IDAHO,0.1602896,0.0
795,2037,13,4248134.94326256,27299.961010338644,IL,ILLINOIS,0.1602896,680931850.8015785
796,2037,14,1508532.2060496146,6971.5919973734535,IN,INDIANA,0.1602896,241802023.89481032
797,2037,15,4338047.816463958,26928.29613430997,IA,IOWA,0.1602896,695343949.2818812
798,2037,16,1144726.3978022914,13372.340008957211,KS,KANSAS,0.1602896,183487736.41317016
799,2037,17,2548.4291999992715,43.289402358769244,KY,KENTUCKY,0.1602896,408486.6970962032
800,2037,18,444834.3222662978,5677.400180146139,LA,LOUISIANA,0.1602896,71302315.58233598
801,2037,19,0.0,0.0,ME,MAINE,0.1602896,0.0
802,2037,20,194301.20883250405,1243.2595987425043,MD,MARYLAND,0.1602896,31144463.043278545
803,2037,21,0.0,0.0,MA,MASSACHUSETTS,0.1602896,0.0
804,2037,22,358036.9948331809,2760.509474026973,MI,MICHIGAN,0.1602896,57389606.687012635
805,2037,23,3741493.9268386927,26578.562741686124,MN,MINNESOTA,0.1602896,599722564.9354033
806,2037,24,211026.48895375308,1978.182939334812,MS,MISSISSIPPI,0.1602896,33825351.5038015
807,2037,25,1708982.470894161,19356.501484987355,MO,MISSOURI,0.1602896,273932116.6666367
808,2037,26,606547.1765876623,13443.640210994075,MT,MONTANA,0.1602896,97223204.31636576
809,2037,27,720228.1357645942,10522.513406429633,NE,NEBRASKA,0.1602896,115445079.7904525
810,2037,28,0.0,0.0,NV,NEVADA,0.1602896,0.0
811,2037,29,11.007597804015226,0.5582937399634913,NH,NEW HAMPSHIRE,0.1602896,1764.403448966479
812,2037,30,111397.2838800062,640.6003273089642,NJ,NEW JERSEY,0.1602896,17855826.074212644
813,2037,31,0.0,0.0,NM,NEW MEXICO,0.1602896,0.0
814,2037,32,315.3709687402546,5.647890592794212,NY,NEW YORK,0.1602896,50550.686430987924
815,2037,33,55926.1006509024,1022.08221137931,NC,NORTH CAROLINA,0.1602896,8964372.302892886
816,2037,34,406891.6607282197,4876.8588693271695,ND,NORTH DAKOTA,0.1602896,65220501.54146206
817,2037,35,576432.8949218432,4956.468300759049,OH,OHIO,0.1602896,92396198.15386428
818,2037,36,41382.94731266301,1517.5377161005654,OK,OKLAHOMA,0.1602896,6633256.071567829
819,2037,37,0.0,0.0,OR,OREGON,0.1602896,0.0
820,2037,38,107936.2506629515,1185.3937713514963,PA,PENNSYLVANIA,0.1602896,17301058.44426423
821,2037,39,0.0,0.0,RI,RHODE ISLAND,0.1602896,0.0
822,2037,40,788.4252761803323,30.220695092747256,SC,SOUTH CAROLINA,0.1602896,126376.372148835
823,2037,41,1282348.2632303643,11875.398611642584,SD,SOUTH DAKOTA,0.1602896,205547090.17388982
824,2037,42,0.0,0.0,TN,TENNESSEE,0.1602896,0.0
825,2037,43,35574.38698756796,1093.1526498955593,TX,TEXAS,0.1602896,5702204.260482473
826,2037,44,0.0,0.0,UT,UTAH,0.1602896,0.0
827,2037,45,19648.887156470057,234.7990572618889,VT,VERMONT,0.1602896,3149512.2627557227
828,2037,46,7000.943974359794,93.1975416286823,VA,VIRGINIA,0.1602896,1122178.5092725419
829,2037,47,0.0,0.0,WA,WASHINGTON,0.1602896,0.0
830,2037,48,1453.4598260278592,19.97199114206412,WV,WEST VIRGINIA,0.1602896,232974.49413007515
831,2037,49,1415290.8263956122,7969.129723344165,WI,WISCONSIN,0.1602896,226856400.44662213
832,2037,50,393585.0778641982,20446.68901768913,WY,WYOMING,0.1602896,63087594.69682119
833,2038,0,376894.65536948224,2567.778993066292,AL,ALABAMA,0.1624943999999999,61243270.88747075
834,2038,2,0.0,0.0,AZ,ARIZONA,0.1624943999999999,0.0
835,2038,3,815885.2295775122,11570.25398183472,AR,ARKANSAS,0.1624943999999999,132576780.84906003
836,2038,4,0.0,0.0,CA,CALIFORNIA,0.1624943999999999,0.0
837,2038,5,106353.20178294204,1539.2177395475858,CO,COLORADO,0.1624943999999999,17281799.711798087
838,2038,6,0.0,0.0,CT,CONNECTICUT,0.1624943999999999,0.0
839,2038,7,0.0,0.0,DE,DELAWARE,0.1624943999999999,0.0
840,2038,8,0.0,0.0,DC,DISTRICT OF COLUMBIA,0.1624943999999999,0.0
841,2038,9,27098.197216822933,199.044220080354,FL,FLORIDA,0.1624943999999999,4403305.2978293095
842,2038,10,76319.45153550185,1157.0297849498108,GA,GEORGIA,0.1624943999999999,12401483.485590445
843,2038,12,0.0,0.0,ID,IDAHO,0.1624943999999999,0.0
844,2038,13,6687482.867042109,28126.816483265466,IL,ILLINOIS,0.1624943999999999,1086678515.9902866
845,2038,14,2050399.5691369807,8206.381297870825,IN,INDIANA,0.1624943999999999,333178447.747172
846,2038,15,1150631.178576341,7828.076317813335,IA,IOWA,0.1624943999999999,186971122.98405525
847,2038,16,1931458.8594111863,12363.319417003366,KS,KANSAS,0.1624943999999999,313851248.48470485
848,2038,17,824187.2930823377,3594.47962402292,KY,KENTUCKY,0.1624943999999999,133925819.67703854
849,2038,18,511121.82604552223,8104.003673818761,LA,LOUISIANA,0.1624943999999999,83054434.45017146
850,2038,19,0.0,0.0,ME,MAINE,0.1624943999999999,0.0
851,2038,20,65605.28308620163,286.5777474693636,MD,MARYLAND,0.1624943999999999,10660491.111922476
852,2038,21,0.0,0.0,MA,MASSACHUSETTS,0.1624943999999999,0.0
853,2038,22,415558.3292282248,3370.551955436493,MI,MICHIGAN,0.1624943999999999,67525901.3729428
854,2038,23,1370653.350779439,20781.760532481843,MN,MINNESOTA,0.1624943999999999,222723493.84289435
855,2038,24,969780.1619514195,10910.523710424415,MS,MISSISSIPPI,0.1624943999999999,157583845.54819867
856,2038,25,3248469.1174664497,18772.71109293355,MO,MISSOURI,0.1624943999999999,527858040.1612399
857,2038,26,863367.8767324013,18245.706687828257,MT,MONTANA,0.1624943999999999,140292445.10890543
858,2038,27,271327.8934208167,3469.714840639912,NE,NEBRASKA,0.1624943999999999,44089263.24467953
859,2038,28,0.0,0.0,NV,NEVADA,0.1624943999999999,0.0
860,2038,29,0.0,0.0,NH,NEW HAMPSHIRE,0.1624943999999999,0.0
861,2038,30,7776.147057385393,50.88466484002191,NJ,NEW JERSEY,0.1624943999999999,1263580.3504016043
862,2038,31,0.0,0.0,NM,NEW MEXICO,0.1624943999999999,0.0
863,2038,32,58142.72379543279,411.910151490581,NY,NEW YORK,0.1624943999999999,9447867.017504567
864,2038,33,192146.72153626903,2144.489614232907,NC,NORTH CAROLINA,0.1624943999999999,31222766.228003096
865,2038,34,201671.73316933305,3393.3600720723657,ND,NORTH DAKOTA,0.1624943999999999,32770527.27831085
866,2038,35,1237494.2794804852,5329.194212667744,OH,OHIO,0.1624943999999999,201085890.44761363
867,2038,36,247787.939439632,4215.442928648224,OK,OKLAHOMA,0.1624943999999999,40264152.546479315
868,2038,37,0.0,0.0,OR,OREGON,0.1624943999999999,0.0
869,2038,38,378880.511215797,1866.467865413691,PA,PENNSYLVANIA,0.1624943999999999,61565961.34170417
870,2038,39,0.0,0.0,RI,RHODE ISLAND,0.1624943999999999,0.0
871,2038,40,44345.878437465646,1488.322054793959,SC,SOUTH CAROLINA,0.1624943999999999,7205956.909168913
872,2038,41,1314752.3660933042,13963.5003290298,SD,SOUTH DAKOTA,0.1624943999999999,213639896.87691167
873,2038,42,976155.4597065364,6349.550015868028,TN,TENNESSEE,0.1624943999999999,158619795.7317377
874,2038,43,104366.25460729196,2817.8976620521817,TX,TEXAS,0.1624943999999999,16958931.922659133
875,2038,44,0.0,0.0,UT,UTAH,0.1624943999999999,0.0
876,2038,45,13257.604052820418,190.0128245974193,VT,VERMONT,0.1624943999999999,2154286.416000621
877,2038,46,25494.946996441533,131.71318177712322,VA,VIRGINIA,0.1624943999999999,4142786.1152185663
878,2038,47,0.0,0.0,WA,WASHINGTON,0.1624943999999999,0.0
879,2038,48,0.0,0.0,WV,WEST VIRGINIA,0.1624943999999999,0.0
880,2038,49,1169541.6157159875,8731.962227043517,WI,WISCONSIN,0.1624943999999999,190043963.12079984
881,2038,50,320297.29961543845,16678.810594212362,WY,WYOMING,0.1624943999999999,52046517.52263087
882,2039,0,358368.44468957215,2386.673935318089,AL,ALABAMA,0.1646992,59022996.14561678
883,2039,2,0.0,0.0,AZ,ARIZONA,0.1646992,0.0
884,2039,3,654611.2621951392,8726.293876232527,AR,ARKANSAS,0.1646992,107813951.19452965
885,2039,4,0.0,0.0,CA,CALIFORNIA,0.1646992,0.0
886,2039,5,95762.01358236172,1327.538936014475,CO,COLORADO,0.1646992,15771927.027404107
887,2039,6,0.0,0.0,CT,CONNECTICUT,0.1646992,0.0
888,2039,7,244935.32313717905,982.7385967404858,DE,DELAWARE,0.1646992,40340651.772434875
889,2039,8,0.0,0.0,DC,DISTRICT OF COLUMBIA,0.1646992,0.0
890,2039,9,52189.84857287269,319.93678653216875,FL,FLORIDA,0.1646992,8595626.308073273
891,2039,10,200874.0097260219,1899.0073684062647,GA,GEORGIA,0.1646992,33083788.702668026
892,2039,12,0.0,0.0,ID,IDAHO,0.1646992,0.0
893,2039,13,6638177.488935094,35995.20163872479,IL,ILLINOIS,0.1646992,1093302521.8856187
894,2039,14,6190938.462042257,28085.11151488925,IN,INDIANA,0.1646992,1019642611.9475901
895,2039,15,644490.711382204,6266.656539000791,IA,IOWA,0.1646992,106147104.57207988
896,2039,16,201022.0887782937,2166.8843890010903,KS,KANSAS,0.1646992,33108177.20411395
897,2039,17,2249739.949118064,10429.82095102889,KY,KENTUCKY,0.1646992,370530369.8277858
898,2039,18,698172.6028680683,9674.1587605924,LA,LOUISIANA,0.1646992,114988469.15428853
899,2039,19,0.0,0.0,ME,MAINE,0.1646992,0.0
900,2039,20,569061.0956101799,2053.430876301095,MD,MARYLAND,0.1646992,93723907.19812013
901,2039,21,0.0,0.0,MA,MASSACHUSETTS,0.1646992,0.0
902,2039,22,1007546.8249645832,4485.783733723722,MI,MICHIGAN,0.1646992,165942156.03420687
903,2039,23,896269.371654174,16690.91988969283,MN,MINNESOTA,0.1646992,147614848.49594513
904,2039,24,1247927.503896959,11301.529761315092,MS,MISSISSIPPI,0.1646992,205532661.549826
905,2039,25,1201918.309918326,8403.805178234217,MO,MISSOURI,0.1646992,197954984.10890037
906,2039,26,1257950.7843941017,22194.73176652618,MT,MONTANA,0.1646992,207183487.829081
907,2039,27,16911.70178218444,386.4557099681938,NE,NEBRASKA,0.1646992,2785343.7541643507
908,2039,28,0.0,0.0,NV,NEVADA,0.1646992,0.0
909,2039,29,10.23326127272723,0.5174430353063806,NH,NEW HAMPSHIRE,0.1646992,1685.4099450091564
910,2039,30,250343.71193771588,1132.1992085446714,NJ,NEW JERSEY,0.1646992,41231409.08117226
911,2039,31,0.0,0.0,NM,NEW MEXICO,0.1646992,0.0
912,2039,32,104684.71357042572,659.1864627998001,NY,NEW YORK,0.1646992,17241488.57727826
913,2039,33,822070.2279903585,4638.625997217853,NC,NORTH CAROLINA,0.1646992,135394308.89382964
914,2039,34,125086.27787325448,3493.482833819948,ND,NORTH DAKOTA,0.1646992,20601609.896702714
915,2039,35,9202298.575618332,32434.92739013701,OH,OHIO,0.1646992,1515611213.5654786
916,2039,36,69754.54726503178,1230.665641722895,OK,OKLAHOMA,0.1646992,11488518.130912922
917,2039,37,0.0,0.0,OR,OREGON,0.1646992,0.0
918,2039,38,1067307.052066288,5688.674905452414,PA,PENNSYLVANIA,0.1646992,175784617.62967595
919,2039,39,0.0,0.0,RI,RHODE ISLAND,0.1646992,0.0
920,2039,40,238196.69716078663,1890.9413901011123,SC,SOUTH CAROLINA,0.1646992,39230805.46502382
921,2039,41,1091413.5181009504,14429.056850240118,SD,SOUTH DAKOTA,0.1646992,179754933.30041206
922,2039,42,1038799.5911294188,5917.371966047913,TN,TENNESSEE,0.1646992,171089461.61934236
923,2039,43,42184.665081063664,1313.652153452108,TX,TEXAS,0.1646992,6947780.591119121
924,2039,44,0.0,0.0,UT,UTAH,0.1646992,0.0
925,2039,45,21190.289736704886,288.08477281509226,VT,VERMONT,0.1646992,3490023.7674035053
926,2039,46,175719.61795920387,936.7381196702308,VA,VIRGINIA,0.1646992,28940880.502186507
927,2039,47,0.0,0.0,WA,WASHINGTON,0.1646992,0.0
928,2039,48,187346.3570843983,676.9617453129804,WV,WEST VIRGINIA,0.1646992,30855795.13471473
929,2039,49,88369.40117264254,1197.2756634849293,WI,WISCONSIN,0.1646992,14554369.677613288
930,2039,50,587487.0903523725,23388.4190355146,WY,WYOMING,0.1646992,96758653.79136346
931,2040,0,643374.2014116072,3422.766061229141,AL,ALABAMA,0.166904,107381727.7124029
932,2040,2,0.0,0.0,AZ,ARIZONA,0.166904,0.0
933,2040,3,757423.773895836,9684.5159918897,AR,ARKANSAS,0.166904,126417057.55831061
934,2040,4,0.0,0.0,CA,CALIFORNIA,0.166904,0.0
935,2040,5,111294.69794214476,1593.8009987023847,CO,COLORADO,0.166904,18575530.26533573
936,2040,6,0.0,0.0,CT,CONNECTICUT,0.166904,0.0
937,2040,7,0.0,0.0,DE,DELAWARE,0.166904,0.0
938,2040,8,0.0,0.0,DC,DISTRICT OF COLUMBIA,0.166904,0.0
939,2040,9,36964.87326566891,355.0652795979929,FL,FLORIDA,0.166904,6169585.207533203
940,2040,10,203394.8776735333,2707.722268503828,GA,GEORGIA,0.166904,33947418.66322341
941,2040,12,0.0,0.0,ID,IDAHO,0.166904,0.0
942,2040,13,11853619.7702199,54720.29413710734,IL,ILLINOIS,0.166904,1978416554.1287823
943,2040,14,4634702.6311019305,28149.70043839121,IN,INDIANA,0.166904,773550407.9414366
944,2040,15,11334265.588453297,53963.15959704797,IA,IOWA,0.166904,1891734263.775209
945,2040,16,1956028.6678178727,12721.237271616805,KS,KANSAS,0.166904,326469008.7734742
946,2040,17,2854358.9603993245,10821.963136256749,KY,KENTUCKY,0.166904,476403927.9264888
947,2040,18,838422.8352968782,9740.108642068488,LA,LOUISIANA,0.166904,139936124.90239015
948,2040,19,0.0,0.0,ME,MAINE,0.166904,0.0
949,2040,20,0.0,0.0,MD,MARYLAND,0.166904,0.0
950,2040,21,0.0,0.0,MA,MASSACHUSETTS,0.166904,0.0
951,2040,22,235750.5400925607,1992.077752125412,MI,MICHIGAN,0.166904,39347708.14360875
952,2040,23,4417353.528714165,38364.47973138648,MN,MINNESOTA,0.166904,737273973.356509
953,2040,24,1535763.5276175532,13371.80080432594,MS,MISSISSIPPI,0.166904,256325075.8134801
954,2040,25,6186740.482770843,32801.15756941491,MO,MISSOURI,0.166904,1032591733.5363848
955,2040,26,1014276.6203562852,21679.01404211449,MT,MONTANA,0.166904,169286825.04394543
956,2040,27,1285855.691925652,11829.361065654184,NE,NEBRASKA,0.166904,214614458.40515903
957,2040,28,0.0,0.0,NV,NEVADA,0.166904,0.0
958,2040,29,0.0,0.0,NH,NEW HAMPSHIRE,0.166904,0.0
959,2040,30,0.0,0.0,NJ,NEW JERSEY,0.166904,0.0
960,2040,31,0.0,0.0,NM,NEW MEXICO,0.166904,0.0
961,2040,32,0.0,0.0,NY,NEW YORK,0.166904,0.0
962,2040,33,247756.52666042204,1786.815564916877,NC,NORTH CAROLINA,0.166904,41351555.32573108
963,2040,34,484067.34014415205,7390.683171603601,ND,NORTH DAKOTA,0.166904,80792775.33941956
964,2040,35,1506527.067332203,15967.726911453175,OH,OHIO,0.166904,251445393.64601403
965,2040,36,136958.19648974302,2813.4965479956973,OK,OKLAHOMA,0.166904,22858870.82692407
966,2040,37,0.0,0.0,OR,OREGON,0.166904,0.0
967,2040,38,27953.96879104493,275.3605175862282,PA,PENNSYLVANIA,0.166904,4665629.207100563
968,2040,39,0.0,0.0,RI,RHODE ISLAND,0.166904,0.0
969,2040,40,95750.7107572587,3070.5319522842087,SC,SOUTH CAROLINA,0.166904,15981176.628229506
970,2040,41,2894567.1365828607,21717.74998615964,SD,SOUTH DAKOTA,0.166904,483114833.3642258
971,2040,42,1558269.5031201993,6843.244439772059,TN,TENNESSEE,0.166904,260081413.14877373
972,2040,43,79315.50170013343,2111.704517967435,TX,TEXAS,0.166904,13238074.49575907
973,2040,44,0.0,0.0,UT,UTAH,0.166904,0.0
974,2040,45,16769.821524618208,124.45431527200545,VT,VERMONT,0.166904,2798950.2917448776
975,2040,46,4349.010053215694,37.77233654242372,VA,VIRGINIA,0.166904,725867.1739219121
976,2040,47,0.0,0.0,WA,WASHINGTON,0.166904,0.0
977,2040,48,34271.75206267601,132.51111753852146,WV,WEST VIRGINIA,0.166904,5720092.506268878
978,2040,49,288682.98879950907,4136.839267365407,WI,WISCONSIN,0.166904,48182345.56259326
979,2040,50,474299.7367615151,21715.46436335438,WY,WYOMING,0.166904,79162523.2644439
980,2041,0,124085.51258454476,1809.7753822331,AL,ALABAMA,0.1674846,20782412.44101745
981,2041,2,0.0,0.0,AZ,ARIZONA,0.1674846,0.0
982,2041,3,912342.3901238764,11953.722741172043,AR,ARKANSAS,0.1674846,152803300.2729414
983,2041,4,0.0,0.0,CA,CALIFORNIA,0.1674846,0.0
984,2041,5,121547.95912190474,1586.5781214894455,CO,COLORADO,0.1674846,20357411.314348567
985,2041,6,0.0,0.0,CT,CONNECTICUT,0.1674846,0.0
986,2041,7,6465.40248328244,145.81011863211666,DE,DELAWARE,0.1674846,1082855.3487515661
987,2041,8,0.0,0.0,DC,DISTRICT OF COLUMBIA,0.1674846,0.0
988,2041,9,110.91855998181404,26.69837922357402,FL,FLORIDA,0.1674846,18577.150651130134
989,2041,10,17656.82280758205,237.9033300040664,GA,GEORGIA,0.1674846,2957245.905198757
990,2041,12,0.0,0.0,ID,IDAHO,0.1674846,0.0
991,2041,13,9628145.74550352,54719.46610849713,IL,ILLINOIS,0.1674846,1612566138.927359
992,2041,14,5953014.034155386,35550.66745046785,IN,INDIANA,0.1674846,997038174.3049012
993,2041,15,4963282.973953467,43221.83761178385,IA,IOWA,0.1674846,831273463.5794067
994,2041,16,824733.8976050238,7189.463262341342,KS,KANSAS,0.1674846,138130226.94681838
995,2041,17,2412800.637541845,11967.801303615155,KY,KENTUCKY,0.1674846,404106949.6584409
996,2041,18,351396.28711134184,6509.287920937491,LA,LOUISIANA,0.1674846,58853466.58832825
997,2041,19,0.0,0.0,ME,MAINE,0.1674846,0.0
998,2041,20,15513.222721380094,294.3627304376881,MD,MARYLAND,0.1674846,2598225.9022012567
999,2041,21,0.0,0.0,MA,MASSACHUSETTS,0.1674846,0.0
1000,2041,22,288530.688708906,2489.588675053069,MI,MICHIGAN,0.1674846,48324446.98613564
1001,2041,23,2816333.314665976,35006.96672913921,MN,MINNESOTA,0.1674846,471692458.6735052
1002,2041,24,575417.8573401805,9455.018843915306,MS,MISSISSIPPI,0.1674846,96373629.66947721
1003,2041,25,2004974.448597452,16688.79469643963,MO,MISSOURI,0.1674846,335802343.5335648
1004,2041,26,1205553.7274918717,21944.831474771127,MT,MONTANA,0.1674846,201911683.82748514
1005,2041,27,433798.4993873444,5804.656648981789,NE,NEBRASKA,0.1674846,72654568.15048963
1006,2041,28,0.0,0.0,NV,NEVADA,0.1674846,0.0
1007,2041,29,0.3225892247928089,0.4765922330665856,NH,NEW HAMPSHIRE,0.1674846,54.028727278733676
1008,2041,30,48027.21196287432,683.8511983777427,NJ,NEW JERSEY,0.1674846,8043818.38471722
1009,2041,31,0.0,0.0,NM,NEW MEXICO,0.1674846,0.0
1010,2041,32,142963.61653830626,1074.5066783218251,NY,NEW YORK,0.1674846,23944204.13047161
1011,2041,33,660351.2866729841,7756.897989967527,NC,NORTH CAROLINA,0.1674846,110598671.10791008
1012,2041,34,208462.4734330848,3976.8114835394927,ND,NORTH DAKOTA,0.1674846,34914253.977950834
1013,2041,35,2098533.684529241,17619.97181416575,OH,OHIO,0.1674846,351472074.73990613
1014,2041,36,186590.83347653472,3188.609772172981,OK,OKLAHOMA,0.1674846,31251091.10848403
1015,2041,37,0.0,0.0,OR,OREGON,0.1674846,0.0
1016,2041,38,356369.2221447901,2995.8096247622234,PA,PENNSYLVANIA,0.1674846,59686356.62323132
1017,2041,39,0.0,0.0,RI,RHODE ISLAND,0.1674846,0.0
1018,2041,40,103951.65836608916,1671.0535740521796,SC,SOUTH CAROLINA,0.1674846,17410301.9207811
1019,2041,41,1814812.573974633,18881.23544832075,SD,SOUTH DAKOTA,0.1674846,303953158.0271118
1020,2041,42,941541.8297440184,5917.644079558277,TN,TENNESSEE,0.1674846,157693756.73794505
1021,2041,43,44770.45142395529,1197.1551572969236,TX,TEXAS,0.1674846,7498361.148560583
1022,2041,44,0.0,0.0,UT,UTAH,0.1674846,0.0
1023,2041,45,18784.21433547916,288.8110569130153,VT,VERMONT,0.1674846,3146066.6242919927
1024,2041,46,54554.52477830409,500.202822233512,VA,VIRGINIA,0.1674846,9137042.76068435
1025,2041,47,0.0,0.0,WA,WASHINGTON,0.1674846,0.0
1026,2041,48,50700.039925691,550.371751776886,WV,WEST VIRGINIA,0.1674846,8491475.906938387
1027,2041,49,913086.2387491752,9595.463432466157,WI,WISCONSIN,0.1674846,152927883.46241012
1028,2041,50,697285.2759985004,25062.724504050373,WY,WYOMING,0.1674846,116784545.53649846
1029,2042,0,361791.7966767844,2230.7631075293293,AL,ALABAMA,0.1680652,60804610.6668431
1030,2042,2,0.0,0.0,AZ,ARIZONA,0.1680652,0.0
1031,2042,3,481587.865477518,7203.6819193265255,AR,ARKANSAS,0.1680652,80938160.92905216
1032,2042,4,0.0,0.0,CA,CALIFORNIA,0.1680652,0.0
1033,2042,5,100655.17728210564,1523.4551366686496,CO,COLORADO,0.1680652,16916632.50095254
1034,2042,6,0.0,0.0,CT,CONNECTICUT,0.1680652,0.0
1035,2042,7,106435.08769230386,867.0210421246702,DE,DELAWARE,0.1680652,17888034.300024588
1036,2042,8,0.0,0.0,DC,DISTRICT OF COLUMBIA,0.1680652,0.0
1037,2042,9,17055.849807039405,269.57818426137555,FL,FLORIDA,0.1680652,2866494.8089900394
1038,2042,10,134562.37828379482,1566.5208343562983,GA,GEORGIA,0.1680652,22615253.018741634
1039,2042,12,0.0,0.0,ID,IDAHO,0.1680652,0.0
1040,2042,13,7377219.225780009,48961.319279739866,IL,ILLINOIS,0.1680652,1239853824.6245625
1041,2042,14,3616667.213522106,23881.206943391167,IN,INDIANA,0.1680652,607835898.5740355
1042,2042,15,11817540.648787702,55019.700438355256,IA,IOWA,0.1680652,1986117332.6466346
1043,2042,16,1485663.9202336022,12724.608845185016,KS,KANSAS,0.1680652,249688403.88684443
1044,2042,17,1080838.011828462,7907.711221019525,KY,KENTUCKY,0.1680652,181651256.6255528
1045,2042,18,528796.7587903865,9309.484474435249,LA,LOUISIANA,0.1680652,88872333.02545807
1046,2042,19,0.0,0.0,ME,MAINE,0.1680652,0.0
1047,2042,20,302091.72373590124,1850.141493888049,MD,MARYLAND,0.1680652,50771105.96801899
1048,2042,21,0.0,0.0,MA,MASSACHUSETTS,0.1680652,0.0
1049,2042,22,1081372.4431380115,4990.311544767128,MI,MICHIGAN,0.1680652,181741075.9304785
1050,2042,23,4948805.560864508,36680.02842958865,MN,MINNESOTA,0.1680652,831721996.3478056
1051,2042,24,999529.1269861176,10983.771786339672,MS,MISSISSIPPI,0.1680652,167986062.63274726
1052,2042,25,3787150.118079596,29150.219710958263,MO,MISSOURI,0.1680652,636488142.0250709
1053,2042,26,1143505.3392125966,21457.00065921685,MT,MONTANA,0.1680652,192183453.5358329
1054,2042,27,1248280.2796007963,11592.4710363347,NE,NEBRASKA,0.1680652,209792474.84716374
1055,2042,28,0.0,0.0,NV,NEVADA,0.1680652,0.0
1056,2042,29,870.3245596116599,11.638974728153594,NH,NEW HAMPSHIRE,0.1680652,146271.27117604553
1057,2042,30,157674.51564080664,1017.6298178394172,NJ,NEW JERSEY,0.1680652,26499599.006075297
1058,2042,31,0.0,0.0,NM,NEW MEXICO,0.1680652,0.0
1059,2042,32,198316.93776885103,1197.149327111077,NY,NEW YORK,0.1680652,33330175.809509505
1060,2042,33,1565329.1596824685,9571.410704377322,NC,NORTH CAROLINA,0.1680652,263077358.287866
1061,2042,34,698839.0638086182,8663.289136836001,ND,NORTH DAKOTA,0.1680652,117450527.02680817
1062,2042,35,2293241.1923114103,16065.33627526714,OH,OHIO,0.1680652,385414039.6340557
1063,2042,36,151893.92206027338,3433.2902706012846,OK,OKLAHOMA,0.1680652,25528082.389844257
1064,2042,37,0.0,0.0,OR,OREGON,0.1680652,0.0
1065,2042,38,476490.8120292985,3391.3413777659725,PA,PENNSYLVANIA,0.1680652,80081523.62186645
1066,2042,39,0.0,0.0,RI,RHODE ISLAND,0.1680652,0.0
1067,2042,40,576165.4540025999,5459.447350302811,SC,SOUTH CAROLINA,0.1680652,96833362.26003776
1068,2042,41,2849530.1556053315,21572.469298441378,SD,SOUTH DAKOTA,0.1680652,478906855.50784117
1069,2042,42,825689.9230445859,5696.892930290163,TN,TENNESSEE,0.1680652,138769742.05447292
1070,2042,43,50960.98136054719,1818.466791872004,TX,TEXAS,0.1680652,8564767.524556637
1071,2042,44,0.0,0.0,UT,UTAH,0.1680652,0.0
1072,2042,45,41938.179331372026,288.670021046772,VT,VERMONT,0.1680652,7048348.496962905
1073,2042,46,173935.01840422768,765.3698409237024,VA,VIRGINIA,0.1680652,29232423.655110203
1074,2042,47,0.0,0.0,WA,WASHINGTON,0.1680652,0.0
1075,2042,48,28577.66677876361,252.9360540198395,WV,WEST VIRGINIA,0.1680652,4802911.282706262
1076,2042,49,1393380.1270446335,7997.814677916797,WI,WISCONSIN,0.1680652,234178709.7277817
1077,2042,50,577652.9263751558,23229.7727793244,WY,WYOMING,0.1680652,97083354.60182583
1078,2043,0,0.0,0.0,AL,ALABAMA,0.1686458,0.0
1079,2043,2,0.0,0.0,AZ,ARIZONA,0.1686458,0.0
1080,2043,3,443104.9374831713,7039.246544524768,AR,ARKANSAS,0.1686458,74727786.66579941
1081,2043,4,0.0,0.0,CA,CALIFORNIA,0.1686458,0.0
1082,2043,5,119476.28727889952,1561.3988707589897,CO,COLORADO,0.1686458,20149174.049179833
1083,2043,6,0.0,0.0,CT,CONNECTICUT,0.1686458,0.0
1084,2043,7,0.0,0.0,DE,DELAWARE,0.1686458,0.0
1085,2043,8,0.0,0.0,DC,DISTRICT OF COLUMBIA,0.1686458,0.0
1086,2043,9,0.0,0.0,FL,FLORIDA,0.1686458,0.0
1087,2043,10,0.0,0.0,GA,GEORGIA,0.1686458,0.0
1088,2043,12,0.0,0.0,ID,IDAHO,0.1686458,0.0
1089,2043,13,8072219.561383493,46465.82543965495,IL,ILLINOIS,0.1686458,1361345925.7051685
1090,2043,14,775099.0809463896,6378.420373735404,IN,INDIANA,0.1686458,130717204.58546863
1091,2043,15,8138610.263630592,53688.28758315876,IA,IOWA,0.1686458,1372542438.7981923
1092,2043,16,562746.520728087,6872.021925153942,KS,KANSAS,0.1686458,94904837.18540484
1093,2043,17,86418.5948589562,801.1499524125699,KY,KENTUCKY,0.1686458,14574133.064864557
1094,2043,18,313063.7594049792,4808.198453304166,LA,LOUISIANA,0.1686458,52796888.15586024
1095,2043,19,0.0,0.0,ME,MAINE,0.1686458,0.0
1096,2043,20,0.0,0.0,MD,MARYLAND,0.1686458,0.0
1097,2043,21,0.0,0.0,MA,MASSACHUSETTS,0.1686458,0.0
1098,2043,22,331068.3196363258,2542.5255146709087,MI,MICHIGAN,0.1686458,55833281.619723886
1099,2043,23,3681088.5207019416,37859.8565805292,MN,MINNESOTA,0.1686458,620800118.4445956
1100,2043,24,188265.7635107143,2659.425824607343,MS,MISSISSIPPI,0.1686458,31750230.29987523
1101,2043,25,2203401.010230674,22710.28286894156,MO,MISSOURI,0.1686458,371594326.0911602
1102,2043,26,1267840.5275951806,22259.62347628073,MT,MONTANA,0.1686458,213815980.0487113
1103,2043,27,580889.6556853626,8612.496631705715,NE,NEBRASKA,0.1686458,97964600.69478254
1104,2043,28,0.0,0.0,NV,NEVADA,0.1686458,0.0
1105,2043,29,0.0,0.0,NH,NEW HAMPSHIRE,0.1686458,0.0
1106,2043,30,0.0,0.0,NJ,NEW JERSEY,0.1686458,0.0
1107,2043,31,0.0,0.0,NM,NEW MEXICO,0.1686458,0.0
1108,2043,32,15521.221827385538,140.93728231535357,NY,NEW YORK,0.1686458,2617588.872056896
1109,2043,33,0.0,0.0,NC,NORTH CAROLINA,0.1686458,0.0
1110,2043,34,701012.0052908072,9121.921346764935,ND,NORTH DAKOTA,0.1686458,118222730.44187243
1111,2043,35,1387.6070575934764,89.28666263216546,OH,OHIO,0.1686458,234014.10231349795
1112,2043,36,204135.6850760193,3642.7810208829487,OK,OKLAHOMA,0.1686458,34426625.91819333
1113,2043,37,0.0,0.0,OR,OREGON,0.1686458,0.0
1114,2043,38,0.0,0.0,PA,PENNSYLVANIA,0.1686458,0.0
1115,2043,39,0.0,0.0,RI,RHODE ISLAND,0.1686458,0.0
1116,2043,40,0.0,0.0,SC,SOUTH CAROLINA,0.1686458,0.0
1117,2043,41,2199663.564260542,21336.393088129866,SD,SOUTH DAKOTA,0.1686458,370964021.5255705
1118,2043,42,236890.04348193825,1459.9419286210752,TN,TENNESSEE,0.1686458,39950510.895046264
1119,2043,43,52203.52478989599,1683.9728166451412,TX,TEXAS,0.1686458,8803905.201011842
1120,2043,44,0.0,0.0,UT,UTAH,0.1686458,0.0
1121,2043,45,0.0,0.0,VT,VERMONT,0.1686458,0.0
1122,2043,46,0.0,0.0,VA,VIRGINIA,0.1686458,0.0
1123,2043,47,0.0,0.0,WA,WASHINGTON,0.1686458,0.0
1124,2043,48,0.0,0.0,WV,WEST VIRGINIA,0.1686458,0.0
1125,2043,49,1165241.1882858356,10081.76974453113,WI,WISCONSIN,0.1686458,196513032.39141536
1126,2043,50,614356.1733761507,23672.681232729992,WY,WYOMING,0.1686458,103608588.34395963
1127,2044,0,30223.20703176288,589.712975914324,AL,ALABAMA,0.1692264,5114564.522439918
1128,2044,2,0.0,0.0,AZ,ARIZONA,0.1692264,0.0
1129,2044,3,564397.4183899523,10353.619153408396,AR,ARKANSAS,0.1692264,95510943.28342542
1130,2044,4,0.0,0.0,CA,CALIFORNIA,0.1692264,0.0
1131,2044,5,60499.22377776193,806.5532086445882,CO,COLORADO,0.1692264,10238065.84270505
1132,2044,6,0.0,0.0,CT,CONNECTICUT,0.1692264,0.0
1133,2044,7,22315.219315529048,391.2720654226807,DE,DELAWARE,0.1692264,3776324.2299774447
1134,2044,8,0.0,0.0,DC,DISTRICT OF COLUMBIA,0.1692264,0.0
1135,2044,9,12248.479943689425,285.34908619423584,FL,FLORIDA,0.1692264,2072766.166342764
1136,2044,10,24061.394517566827,589.6785770017048,GA,GEORGIA,0.1692264,4071823.1731875706
1137,2044,12,0.0,0.0,ID,IDAHO,0.1692264,0.0
1138,2044,13,5485616.410767157,38321.01823916783,IL,ILLINOIS,0.1692264,928311116.9750471
1139,2044,14,971457.621514144,7827.785661075931,IN,INDIANA,0.1692264,164396276.04140115
1140,2044,15,4655895.0826038215,37719.90635562319,IA,IOWA,0.1692264,787900363.6067474
1141,2044,16,1164295.6954331556,9285.207346944411,KS,KANSAS,0.1692264,197029569.07364935
1142,2044,17,1587059.1744038777,7367.537293937796,KY,KENTUCKY,0.1692264,268572310.67134035
1143,2044,18,124062.31264199015,2316.000988113616,LA,LOUISIANA,0.1692264,20994618.544078484
1144,2044,19,0.0,0.0,ME,MAINE,0.1692264,0.0
1145,2044,20,7614.180297143471,132.48895653950663,MD,MARYLAND,0.1692264,1288520.3206365197
1146,2044,21,0.0,0.0,MA,MASSACHUSETTS,0.1692264,0.0
1147,2044,22,10541.09847211754,144.3999502659513,MI,MICHIGAN,0.1692264,1783832.1464819515
1148,2044,23,3139577.5100536016,33638.45341511985,MN,MINNESOTA,0.1692264,531299399.54733485
1149,2044,24,390918.0790380631,5786.618313941826,MS,MISSISSIPPI,0.1692264,66153659.21052688
1150,2044,25,1636019.4548446503,17921.32222360404,MO,MISSOURI,0.1692264,276857682.67332274
1151,2044,26,1079693.4117868566,19266.784971469788,MT,MONTANA,0.1692264,182712629.18040732
1152,2044,27,861797.8277731778,10626.22567322423,NE,NEBRASKA,0.1692264,145838943.92187488
1153,2044,28,0.0,0.0,NV,NEVADA,0.1692264,0.0
1154,2044,29,0.0,0.0,NH,NEW HAMPSHIRE,0.1692264,0.0
1155,2044,30,5950.732506172195,89.35570019085384,NJ,NEW JERSEY,0.1692264,1007021.0393824984
1156,2044,31,0.0,0.0,NM,NEW MEXICO,0.1692264,0.0
1157,2044,32,3320.1213195239097,130.31171598078635,NY,NEW YORK,0.1692264,561852.1784662809
1158,2044,33,418.8186712442279,48.88771682640373,NC,NORTH CAROLINA,0.1692264,70875.1759874442
1159,2044,34,178344.38131945586,4362.637733305252,ND,NORTH DAKOTA,0.1692264,30180577.610918764
1160,2044,35,65554.54851231072,932.4178141007452,OH,OHIO,0.1692264,11093560.2483637
1161,2044,36,82175.11552631669,2510.440841864095,OK,OKLAHOMA,0.1692264,13906198.970102679
1162,2044,37,0.0,0.0,OR,OREGON,0.1692264,0.0
1163,2044,38,27638.943551584223,254.6175751924084,PA,PENNSYLVANIA,0.1692264,4677238.917037813
1164,2044,39,0.0,0.0,RI,RHODE ISLAND,0.1692264,0.0
1165,2044,40,25404.55084120389,752.1044642591314,SC,SOUTH CAROLINA,0.1692264,4299120.682473906
1166,2044,41,1753344.128080404,20476.675869377897,SD,SOUTH DAKOTA,0.1692264,296712114.75618565
1167,2044,42,925454.7434638384,5432.258064792883,TN,TENNESSEE,0.1692264,156611374.59930888
1168,2044,43,20516.326482162927,715.0398234481099,TX,TEXAS,0.1692264,3471904.071801096
1169,2044,44,0.0,0.0,UT,UTAH,0.1692264,0.0
1170,2044,45,3.5498313733926667,0.4699908769391877,VT,VERMONT,0.1692264,600.7251839262967
1171,2044,46,0.0,0.0,VA,VIRGINIA,0.1692264,0.0
1172,2044,47,0.0,0.0,WA,WASHINGTON,0.1692264,0.0
1173,2044,48,834.9411470353583,25.118732233205,WV,WEST VIRGINIA,0.1692264,141294.08452466436
1174,2044,49,55858.51045695768,1093.4853358781756,WI,WISCONSIN,0.1692264,9452734.633993303
1175,2044,50,571384.2257277776,21452.93221744747,WY,WYOMING,0.1692264,96693295.53669918
1176,2045,0,0.0,0.0,AL,ALABAMA,0.169807,0.0
1177,2045,2,0.0,0.0,AZ,ARIZONA,0.169807,0.0
1178,2045,3,852123.703466713,17068.297172669823,AR,ARKANSAS,0.169807,144696569.71457213
1179,2045,4,0.0,0.0,CA,CALIFORNIA,0.169807,0.0
1180,2045,5,69984.88562525908,1251.6364717736535,CO,COLORADO,0.169807,11883923.473368369
1181,2045,6,0.0,0.0,CT,CONNECTICUT,0.169807,0.0
1182,2045,7,0.0,0.0,DE,DELAWARE,0.169807,0.0
1183,2045,8,0.0,0.0,DC,DISTRICT OF COLUMBIA,0.169807,0.0
1184,2045,9,0.0,0.0,FL,FLORIDA,0.169807,0.0
1185,2045,10,0.0,0.0,GA,GEORGIA,0.169807,0.0
1186,2045,12,0.0,0.0,ID,IDAHO,0.169807,0.0
1187,2045,13,13177990.574260352,53154.21981026066,IL,ILLINOIS,0.169807,2237715045.443428
1188,2045,14,4802019.514171732,30872.99625055465,IN,INDIANA,0.169807,815416527.6429594
1189,2045,15,12154371.759527007,54374.82850762097,IA,IOWA,0.169807,2063897405.3700027
1190,2045,16,1898532.346215319,14675.48751765503,KS,KANSAS,0.169807,322384082.1137847
1191,2045,17,617637.1450005465,4147.6622883150185,KY,KENTUCKY,0.169807,104879110.6811078
1192,2045,18,484887.81051526975,9426.28848659584,LA,LOUISIANA,0.169807,82337344.44016641
1193,2045,19,0.0,0.0,ME,MAINE,0.169807,0.0
1194,2045,20,0.0,0.0,MD,MARYLAND,0.169807,0.0
1195,2045,21,0.0,0.0,MA,MASSACHUSETTS,0.169807,0.0
1196,2045,22,1206660.094137831,5253.089972377074,MI,MICHIGAN,0.169807,204899330.60526267
1197,2045,23,4037890.590375111,36346.32688298987,MN,MINNESOTA,0.169807,685662087.4798266
1198,2045,24,565847.0798709963,8510.726416346739,MS,MISSISSIPPI,0.169807,96084795.09165429
1199,2045,25,6256752.425799375,33398.74514704656,MO,MISSOURI,0.169807,1062440359.1677146
1200,2045,26,858334.9347531238,19807.41651042901,MT,MONTANA,0.169807,145751280.2656237
1201,2045,27,767038.3929865446,10309.83538128642,NE,NEBRASKA,0.169807,130248488.39786619
1202,2045,28,0.0,0.0,NV,NEVADA,0.169807,0.0
1203,2045,29,0.0,0.0,NH,NEW HAMPSHIRE,0.169807,0.0
1204,2045,30,72846.53766815357,518.8204538258813,NJ,NEW JERSEY,0.169807,12369852.021816155
1205,2045,31,0.0,0.0,NM,NEW MEXICO,0.169807,0.0
1206,2045,32,47058.879046184185,702.2465233575846,NY,NEW YORK,0.169807,7990927.074195398
1207,2045,33,218.19573701172493,37.74318104000305,NC,NORTH CAROLINA,0.169807,37051.16351474998
1208,2045,34,216243.68256067383,5080.562989823296,ND,NORTH DAKOTA,0.169807,36719691.00458034
1209,2045,35,3485741.783808741,19553.706709617545,OH,OHIO,0.169807,591903355.0832108
1210,2045,36,312933.8143674431,6102.191969322756,OK,OKLAHOMA,0.169807,53138352.21629241
1211,2045,37,0.0,0.0,OR,OREGON,0.169807,0.0
1212,2045,38,350356.36423014395,3337.026030541802,PA,PENNSYLVANIA,0.169807,59492963.14082806
1213,2045,39,0.0,0.0,RI,RHODE ISLAND,0.169807,0.0
1214,2045,40,0.0,0.0,SC,SOUTH CAROLINA,0.169807,0.0
1215,2045,41,2548458.503846616,21368.57686060566,SD,SOUTH DAKOTA,0.169807,432746093.1626823
1216,2045,42,605656.6957088467,4829.542013994833,TN,TENNESSEE,0.169807,102844746.52823214
1217,2045,43,44087.18153675276,2025.186948605084,TX,TEXAS,0.169807,7486312.035211377
1218,2045,44,0.0,0.0,UT,UTAH,0.169807,0.0
1219,2045,45,0.0,0.0,VT,VERMONT,0.169807,0.0
1220,2045,46,0.0,0.0,VA,VIRGINIA,0.169807,0.0
1221,2045,47,0.0,0.0,WA,WASHINGTON,0.169807,0.0
1222,2045,48,0.0,0.0,WV,WEST VIRGINIA,0.169807,0.0
1223,2045,49,2222562.442801917,10541.22278812669,WI,WISCONSIN,0.169807,377406660.72486514
1224,2045,50,418634.28409959935,22070.89826533461,WY,WYOMING,0.169807,71087031.88010067
1225,2046,0,702852.4578132727,4256.187521932607,AL,ALABAMA,0.170139,119582614.31989242
1226,2046,2,0.0,0.0,AZ,ARIZONA,0.170139,0.0
1227,2046,3,1487984.8565249457,18346.777910522407,AR,ARKANSAS,0.170139,253164255.50429776
1228,2046,4,0.0,0.0,CA,CALIFORNIA,0.170139,0.0
1229,2046,5,60695.16374374255,1077.7512873700152,CO,COLORADO,0.170139,10326614.464196615
1230,2046,6,0.0,0.0,CT,CONNECTICUT,0.170139,0.0
1231,2046,7,3390.6021070369525,184.34704482465924,DE,DELAWARE,0.170139,576873.65188916
1232,2046,8,0.0,0.0,DC,DISTRICT OF COLUMBIA,0.170139,0.0
1233,2046,9,29859.54622003049,323.56140673295613,FL,FLORIDA,0.170139,5080273.334329768
1234,2046,10,202869.74292158583,1688.2213186180982,GA,GEORGIA,0.170139,34516055.19093569
1235,2046,12,0.0,0.0,ID,IDAHO,0.170139,0.0
1236,2046,13,8904412.474735184,50559.11604771695,IL,ILLINOIS,0.170139,1514987834.0389695
1237,2046,14,804669.6475546858,8319.601029517315,IN,INDIANA,0.170139,136905689.16530672
1238,2046,15,11504861.217119616,54533.06737289294,IA,IOWA,0.170139,1957425582.6195145
1239,2046,16,2440940.416302991,15391.382982619936,KS,KANSAS,0.170139,415299161.4893746
1240,2046,17,1687791.3041346164,10622.288906501775,KY,KENTUCKY,0.170139,287159124.6941595
1241,2046,18,535139.408437539,10070.85603945648,LA,LOUISIANA,0.170139,91048083.81215446
1242,2046,19,0.0,0.0,ME,MAINE,0.170139,0.0
1243,2046,20,15955.154808735248,400.5585855656258,MD,MARYLAND,0.170139,2714594.0840034066
1244,2046,21,0.0,0.0,MA,MASSACHUSETTS,0.170139,0.0
1245,2046,22,393482.2721355263,2855.0903383325985,MI,MICHIGAN,0.170139,66946680.29886632
1246,2046,23,5814671.286125781,42024.01893109812,MN,MINNESOTA,0.170139,989302357.9501543
1247,2046,24,1538419.7756859043,15101.884181948755,MS,MISSISSIPPI,0.170139,261745202.2154241
1248,2046,25,6941577.887498421,34117.19835901332,MO,MISSOURI,0.170139,1181033120.201094
1249,2046,26,932753.0852361616,20944.415762142336,MT,MONTANA,0.170139,158697677.16899532
1250,2046,27,1266003.233194529,11939.902634198248,NE,NEBRASKA,0.170139,215396524.092484
1251,2046,28,0.0,0.0,NV,NEVADA,0.170139,0.0
1252,2046,29,0.0,0.0,NH,NEW HAMPSHIRE,0.170139,0.0
1253,2046,30,4619.598953828089,83.73528053125645,NJ,NEW JERSEY,0.170139,785973.9464053573
1254,2046,31,0.0,0.0,NM,NEW MEXICO,0.170139,0.0
1255,2046,32,15094.140871491732,269.5451480796992,NY,NEW YORK,0.170139,2568102.033734732
1256,2046,33,5074.300699646827,158.49471971869045,NC,NORTH CAROLINA,0.170139,863336.4467372115
1257,2046,34,656564.5162168483,9407.735130820723,ND,NORTH DAKOTA,0.170139,111707230.22461836
1258,2046,35,188860.01651717344,3302.787027724045,OH,OHIO,0.170139,32132454.350215375
1259,2046,36,368897.22054985375,6238.675767989546,OK,OKLAHOMA,0.170139,62763804.20713157
1260,2046,37,0.0,0.0,OR,OREGON,0.170139,0.0
1261,2046,38,61903.736034433525,661.7463034534528,PA,PENNSYLVANIA,0.170139,10532239.745162485
1262,2046,39,0.0,0.0,RI,RHODE ISLAND,0.170139,0.0
1263,2046,40,110715.1236310307,1205.0047616769805,SC,SOUTH CAROLINA,0.170139,18836960.41945993
1264,2046,41,2824528.7485094145,22084.069876815352,SD,SOUTH DAKOTA,0.170139,480562496.74264336
1265,2046,42,1828811.336103363,9257.932505683104,TN,TENNESSEE,0.170139,311152131.9132901
1266,2046,43,49815.513478012814,1690.981949486109,TX,TEXAS,0.170139,8475561.647635624
1267,2046,44,0.0,0.0,UT,UTAH,0.170139,0.0
1268,2046,45,0.0,0.0,VT,VERMONT,0.170139,0.0
1269,2046,46,0.0,0.0,VA,VIRGINIA,0.170139,0.0
1270,2046,47,0.0,0.0,WA,WASHINGTON,0.170139,0.0
1271,2046,48,39584.89551997848,456.6791294921177,WV,WEST VIRGINIA,0.170139,6734934.53887362
1272,2046,49,1953500.7803457524,10488.235821286164,WI,WISCONSIN,0.170139,332366669.267246
1273,2046,50,409853.40071162255,18187.537172628035,WY,WYOMING,0.170139,69732047.74367476
1274,2047,0,583630.1045013429,3713.566134383656,AL,ALABAMA,0.170471,99492007.54444844
1275,2047,2,0.0,0.0,AZ,ARIZONA,0.170471,0.0
1276,2047,3,763644.8070281371,10945.784967810094,AR,ARKANSAS,0.170471,130179293.89889358
1277,2047,4,0.0,0.0,CA,CALIFORNIA,0.170471,0.0
1278,2047,5,71849.62666552451,992.1851385860788,CO,COLORADO,0.170471,12248277.70729863
1279,2047,6,0.0,0.0,CT,CONNECTICUT,0.170471,0.0
1280,2047,7,200399.072680508,927.3189787279006,DE,DELAWARE,0.170471,34162230.31891888
1281,2047,8,0.0,0.0,DC,DISTRICT OF COLUMBIA,0.170471,0.0
1282,2047,9,306.6932116930354,42.46611875330758,FL,FLORIDA,0.170471,52282.29849052344
1283,2047,10,248641.2436500884,2171.9147805129387,GA,GEORGIA,0.170471,42386121.44627422
1284,2047,12,0.0,0.0,ID,IDAHO,0.170471,0.0
1285,2047,13,11733912.362297837,52842.62786835361,IL,ILLINOIS,0.170471,2000291774.3132746
1286,2047,14,1991372.922687396,13594.884441038976,IN,INDIANA,0.170471,339471333.5034431
1287,2047,15,7665713.800048066,47362.26449168693,IA,IOWA,0.170471,1306781897.207994
1288,2047,16,608452.2897105044,4549.039368879778,KS,KANSAS,0.170471,103723470.27923939
1289,2047,17,2157280.969106363,10823.30254360332,KY,KENTUCKY,0.170471,367753844.0845309
1290,2047,18,15304.338967294809,924.6768500369732,LA,LOUISIANA,0.170471,2608945.9680937133
1291,2047,19,0.0,0.0,ME,MAINE,0.170471,0.0
1292,2047,20,281272.75239212695,1603.3242447628222,MD,MARYLAND,0.170471,47948847.37303827
1293,2047,21,0.0,0.0,MA,MASSACHUSETTS,0.170471,0.0
1294,2047,22,532430.3799362159,5272.342506196924,MI,MICHIGAN,0.170471,90763939.29810667
1295,2047,23,3231849.7654292444,34253.663419815166,MN,MINNESOTA,0.170471,550936661.3624887
1296,2047,24,691426.8756785186,10396.052703643529,MS,MISSISSIPPI,0.170471,117868230.92379273
1297,2047,25,5921388.817016158,29624.993631011494,MO,MISSOURI,0.170471,1009425073.0255616
1298,2047,26,802585.2586478922,20666.91128675709,MT,MONTANA,0.170471,136817511.62696484
1299,2047,27,599613.8417309036,9483.99986423417,NE,NEBRASKA,0.170471,102216771.21370888
1300,2047,28,0.0,0.0,NV,NEVADA,0.170471,0.0
1301,2047,29,0.0,0.0,NH,NEW HAMPSHIRE,0.170471,0.0
1302,2047,30,46039.44255970223,531.0807257819511,NJ,NEW JERSEY,0.170471,7848389.812594999
1303,2047,31,0.0,0.0,NM,NEW MEXICO,0.170471,0.0
1304,2047,32,173488.010959801,1629.2165027451338,NY,NEW YORK,0.170471,29574674.716328237
1305,2047,33,1221313.2129566723,7609.897926308463,NC,NORTH CAROLINA,0.170471,208198484.7259369
1306,2047,34,47659.42181080635,2098.154720864676,ND,NORTH DAKOTA,0.170471,8124549.29550997
1307,2047,35,2904470.9430634114,18372.487337894563,OH,OHIO,0.170471,495128066.1349628
1308,2047,36,5484.870847990984,223.7088682987037,OK,OKLAHOMA,0.170471,935011.4183278711
1309,2047,37,0.0,0.0,OR,OREGON,0.170471,0.0
1310,2047,38,334676.5288914249,3067.878173131734,PA,PENNSYLVANIA,0.170471,57052642.556650095
1311,2047,39,0.0,0.0,RI,RHODE ISLAND,0.170471,0.0
1312,2047,40,1224154.2434785548,7076.44159692969,SC,SOUTH CAROLINA,0.170471,208682798.0400327
1313,2047,41,738725.9876223286,13260.01556484388,SD,SOUTH DAKOTA,0.170471,125931357.83596598
1314,2047,42,2331572.7120876303,10006.917808274804,TN,TENNESSEE,0.170471,397465531.80229044
1315,2047,43,3415.186305257572,97.353191357418,TX,TEXAS,0.170471,582190.2246435636
1316,2047,44,0.0,0.0,UT,UTAH,0.170471,0.0
1317,2047,45,7277.767909255373,254.09129332939764,VT,VERMONT,0.170471,1240648.3732586727
1318,2047,46,71189.26111213812,500.496109475708,VA,VIRGINIA,0.170471,12135704.5310473
1319,2047,47,0.0,0.0,WA,WASHINGTON,0.170471,0.0
1320,2047,48,951.54133026744,158.9561537383857,WV,WEST VIRGINIA,0.170471,162210.20211202078
1321,2047,49,1286489.2347511572,11249.225071184836,WI,WISCONSIN,0.170471,219309106.33726454
1322,2047,50,470970.011895783,19127.92379951688,WY,WYOMING,0.170471,80286728.89788604
1323,2048,0,540338.7735153558,3760.7294365899006,AL,ALABAMA,0.170803,92291483.53274332
1324,2048,2,0.0,0.0,AZ,ARIZONA,0.170803,0.0
1325,2048,3,1199927.438091256,17221.062552863656,AR,ARKANSAS,0.170803,204951206.2083008
1326,2048,4,0.0,0.0,CA,CALIFORNIA,0.170803,0.0
1327,2048,5,112799.86777126484,1448.1244058595914,CO,COLORADO,0.170803,19266555.81493535
1328,2048,6,0.0,0.0,CT,CONNECTICUT,0.170803,0.0
1329,2048,7,0.0,0.0,DE,DELAWARE,0.170803,0.0
1330,2048,8,0.0,0.0,DC,DISTRICT OF COLUMBIA,0.170803,0.0
1331,2048,9,25297.45246852069,363.329606848828,FL,FLORIDA,0.170803,4320880.7739807395
1332,2048,10,153637.92826352245,1749.3124892834255,GA,GEORGIA,0.170803,26241819.061194427
1333,2048,12,0.0,0.0,ID,IDAHO,0.170803,0.0
1334,2048,13,4077947.766853786,33816.92623306181,IL,ILLINOIS,0.170803,696525712.4219272
1335,2048,14,999475.2877617492,8669.684705466505,IN,INDIANA,0.170803,170713377.57557008
1336,2048,15,3943431.549453906,31389.71751318156,IA,IOWA,0.170803,673549938.9413755
1337,2048,16,371045.9117937352,3410.307415466221,KS,KANSAS,0.170803,63375754.87210536
1338,2048,17,1402563.468032063,8166.352161859699,KY,KENTUCKY,0.170803,239562048.03028047
1339,2048,18,908588.93252411,13754.45603198936,LA,LOUISIANA,0.170803,155189715.44191557
1340,2048,19,0.0,0.0,ME,MAINE,0.170803,0.0
1341,2048,20,5713.600881142777,50.25368830723135,MD,MARYLAND,0.170803,975900.1713018299
1342,2048,21,0.0,0.0,MA,MASSACHUSETTS,0.170803,0.0
1343,2048,22,178274.81476280384,1828.5494411163425,MI,MICHIGAN,0.170803,30449873.185931187
1344,2048,23,1032625.5396931964,19861.16097682214,MN,MINNESOTA,0.170803,176375540.05621704
1345,2048,24,1562423.66769236,15327.81258093349,MS,MISSISSIPPI,0.170803,266866649.71285817
1346,2048,25,2032824.449719983,16323.838713621615,MO,MISSOURI,0.170803,347212514.4855223
1347,2048,26,990263.4859642024,22032.216701073987,MT,MONTANA,0.170803,169139974.19314367
1348,2048,27,1128813.063910846,13730.13123995986,NE,NEBRASKA,0.170803,192804657.75516424
1349,2048,28,0.0,0.0,NV,NEVADA,0.170803,0.0
1350,2048,29,0.0,0.0,NH,NEW HAMPSHIRE,0.170803,0.0
1351,2048,30,0.0,0.0,NJ,NEW JERSEY,0.170803,0.0
1352,2048,31,0.0,0.0,NM,NEW MEXICO,0.170803,0.0
1353,2048,32,37524.18651019207,376.93820259567485,NY,NEW YORK,0.170803,6409243.628500337
1354,2048,33,942986.6798569164,6708.614656830514,NC,NORTH CAROLINA,0.170803,161064953.8796009
1355,2048,34,193353.38744516665,4417.400948140269,ND,NORTH DAKOTA,0.170803,33025338.6357968
1356,2048,35,487327.2299125842,4476.82829557685,OH,OHIO,0.170803,83236952.85075912
1357,2048,36,95935.23395908276,3197.5565896414982,OK,OKLAHOMA,0.170803,16386025.765913215
1358,2048,37,0.0,0.0,OR,OREGON,0.170803,0.0
1359,2048,38,53528.76120165275,403.1086855352305,PA,PENNSYLVANIA,0.170803,9142872.999525895
1360,2048,39,0.0,0.0,RI,RHODE ISLAND,0.170803,0.0
1361,2048,40,415343.2086946417,4811.499906175983,SC,SOUTH CAROLINA,0.170803,70941866.0746709
1362,2048,41,1111655.0519424006,14509.822913995846,SD,SOUTH DAKOTA,0.170803,189874017.83691788
1363,2048,42,1767404.1856718091,9136.96362879945,TN,TENNESSEE,0.170803,301877937.125302
1364,2048,43,97837.80769579878,3169.7311561203283,TX,TEXAS,0.170803,16710991.06786552
1365,2048,44,0.0,0.0,UT,UTAH,0.170803,0.0
1366,2048,45,0.0,0.0,VT,VERMONT,0.170803,0.0
1367,2048,46,7665.13319422624,96.58294931515135,VA,VIRGINIA,0.170803,1309227.7449734246
1368,2048,47,0.0,0.0,WA,WASHINGTON,0.170803,0.0
1369,2048,48,0.0,0.0,WV,WEST VIRGINIA,0.170803,0.0
1370,2048,49,269577.0416822911,3158.174970400971,WI,WISCONSIN,0.170803,46044567.45046037
1371,2048,50,538307.4322763754,22663.688998819234,WY,WYOMING,0.170803,91944524.35510175
1372,2049,0,33279.30796881871,663.8145469614558,AL,ALABAMA,0.171135,5695254.36924379
1373,2049,2,0.0,0.0,AZ,ARIZONA,0.171135,0.0
1374,2049,3,83447.45580082841,2303.6332899964304,AR,ARKANSAS,0.171135,14280780.34847477
1375,2049,4,0.0,0.0,CA,CALIFORNIA,0.171135,0.0
1376,2049,5,123591.1498459116,1627.2243100011297,CO,COLORADO,0.171135,21150771.42888008
1377,2049,6,0.0,0.0,CT,CONNECTICUT,0.171135,0.0
1378,2049,7,29614.581308404064,304.4247855747201,DE,DELAWARE,0.171135,5068091.37221373
1379,2049,8,0.0,0.0,DC,DISTRICT OF COLUMBIA,0.171135,0.0
1380,2049,9,0.0,0.0,FL,FLORIDA,0.171135,0.0
1381,2049,10,967.972968384864,34.5488804874186,GA,GEORGIA,0.171135,165654.0539445437
1382,2049,12,0.0,0.0,ID,IDAHO,0.171135,0.0
1383,2049,13,1331841.5095850767,15711.772321565246,IL,ILLINOIS,0.171135,227924696.74284214
1384,2049,14,183609.8921466296,2325.4723204981306,IN,INDIANA,0.171135,31422078.892513458
1385,2049,15,2226185.539538366,24543.41033606092,IA,IOWA,0.171135,380978262.30889827
1386,2049,16,1134133.6342620864,13278.098173470176,KS,KANSAS,0.171135,194089959.49944216
1387,2049,17,107069.3891187601,758.8673799221697,KY,KENTUCKY,0.171135,18323319.90683901
1388,2049,18,712651.9282275056,13578.293514706174,LA,LOUISIANA,0.171135,121959687.7372142
1389,2049,19,0.0,0.0,ME,MAINE,0.171135,0.0
1390,2049,20,43882.7851381169,272.8882970951229,MD,MARYLAND,0.171135,7509880.434611637
1391,2049,21,0.0,0.0,MA,MASSACHUSETTS,0.171135,0.0
1392,2049,22,102240.86298568612,1072.215612201466,MI,MICHIGAN,0.171135,17496990.087055396
1393,2049,23,1022792.121497279,19490.046102177304,MN,MINNESOTA,0.171135,175035529.71243685
1394,2049,24,401386.58798282593,6334.227331440364,MS,MISSISSIPPI,0.171135,68691293.73444092
1395,2049,25,1250952.5314020151,15446.666322266008,MO,MISSOURI,0.171135,214081761.4614839
1396,2049,26,911579.6212909308,20603.74740717851,MT,MONTANA,0.171135,156003178.48962343
1397,2049,27,743628.9303163362,9723.18349251034,NE,NEBRASKA,0.171135,127260936.98968622
1398,2049,28,0.0,0.0,NV,NEVADA,0.171135,0.0
1399,2049,29,0.0,0.0,NH,NEW HAMPSHIRE,0.171135,0.0
1400,2049,30,11263.407911659206,191.39100152084384,NJ,NEW JERSEY,0.171135,1927563.3129617982
1401,2049,31,0.0,0.0,NM,NEW MEXICO,0.171135,0.0
1402,2049,32,0.0,0.0,NY,NEW YORK,0.171135,0.0
1403,2049,33,104977.54664806582,1480.638457133469,NC,NORTH CAROLINA,0.171135,17965332.445616744
1404,2049,34,669.0999582135087,8.17626458807926,ND,NORTH DAKOTA,0.171135,114506.42134886883
1405,2049,35,62635.4246864172,1563.9712247037469,OH,OHIO,0.171135,10719113.403710008
1406,2049,36,77996.93815537944,2113.570311877367,OK,OKLAHOMA,0.171135,13348006.011220861
1407,2049,37,0.0,0.0,OR,OREGON,0.171135,0.0
1408,2049,38,14669.110490562,296.28592396609093,PA,PENNSYLVANIA,0.171135,2510398.223802328
1409,2049,39,0.0,0.0,RI,RHODE ISLAND,0.171135,0.0
1410,2049,40,61670.63668101335,808.1940124359239,SC,SOUTH CAROLINA,0.171135,10554004.40840522
1411,2049,41,338549.20525416126,8521.97137408915,SD,SOUTH DAKOTA,0.171135,57937618.24117088
1412,2049,42,330566.7333402789,2950.5510768456647,TN,TENNESSEE,0.171135,56571537.91018864
1413,2049,43,82814.38915833752,2312.2973195596373,TX,TEXAS,0.171135,14172440.488612091
1414,2049,44,0.0,0.0,UT,UTAH,0.171135,0.0
1415,2049,45,0.0,0.0,VT,VERMONT,0.171135,0.0
1416,2049,46,181.08551221231585,5.062482621602338,VA,VIRGINIA,0.171135,30990.06913245467
1417,2049,47,0.0,0.0,WA,WASHINGTON,0.171135,0.0
1418,2049,48,0.0,0.0,WV,WEST VIRGINIA,0.171135,0.0
1419,2049,49,126984.6748434415,2659.034088414508,WI,WISCONSIN,0.171135,21731522.329332363
1420,2049,50,533052.9423469545,22993.77065293881,WY,WYOMING,0.171135,91224015.28854606
1421,2050,0,160754.82230689525,1441.139166583451,AL,ALABAMA,0.171467,27564147.11649641
1422,2050,2,0.0,0.0,AZ,ARIZONA,0.171467,0.0
1423,2050,3,861066.9420895247,14053.900191509132,AR,ARKANSAS,0.171467,147644565.35926455
1424,2050,4,0.0,0.0,CA,CALIFORNIA,0.171467,0.0
1425,2050,5,121016.62356787556,1658.1475987957533,CO,COLORADO,0.171467,20750357.39331292
1426,2050,6,0.0,0.0,CT,CONNECTICUT,0.171467,0.0
1427,2050,7,66226.21785190118,446.83987448612027,DE,DELAWARE,0.171467,11355610.89641194
1428,2050,8,0.0,0.0,DC,DISTRICT OF COLUMBIA,0.171467,0.0
1429,2050,9,28629.561252471925,251.7657887174569,FL,FLORIDA,0.171467,4909024.979277603
1430,2050,10,97054.92057758982,1011.1710332016822,GA,GEORGIA,0.171467,16641716.066677593
1431,2050,12,0.0,0.0,ID,IDAHO,0.171467,0.0
1432,2050,13,1121874.8297745334,9738.86764662854,IL,ILLINOIS,0.171467,192364511.43694994
1433,2050,14,979964.5793965457,6660.819273631343,IN,INDIANA,0.171467,168031586.5353875
1434,2050,15,32726.13338468076,1077.565048934194,IA,IOWA,0.171467,5611451.913071057
1435,2050,16,415770.33364081767,5742.921159637592,KS,KANSAS,0.171467,71290891.79839008
1436,2050,17,1142098.6603943142,5640.507646822232,KY,KENTUCKY,0.171467,195832231.0018319
1437,2050,18,393322.2130822438,7409.635906371183,LA,LOUISIANA,0.171467,67441779.9105731
1438,2050,19,0.0,0.0,ME,MAINE,0.171467,0.0
1439,2050,20,192306.79875320417,1110.2477490785398,MD,MARYLAND,0.171467,32974269.86181566
1440,2050,21,0.0,0.0,MA,MASSACHUSETTS,0.171467,0.0
1441,2050,22,527897.4890045567,3195.517996539187,MI,MICHIGAN,0.171467,90516998.74714433
1442,2050,23,1018778.6106200232,12614.837450642008,MN,MINNESOTA,0.171467,174686912.02718353
1443,2050,24,963907.4565288478,10950.86827004781,MS,MISSISSIPPI,0.171467,165278319.84863195
1444,2050,25,1803940.247576863,12172.94671524693,MO,MISSOURI,0.171467,309316222.431262
1445,2050,26,1250657.876835338,23745.284741045474,MT,MONTANA,0.171467,214446554.16732493
1446,2050,27,61189.61123110888,1487.9151947651317,NE,NEBRASKA,0.171467,10491999.068964547
1447,2050,28,0.0,0.0,NV,NEVADA,0.171467,0.0
1448,2050,29,0.0,0.0,NH,NEW HAMPSHIRE,0.171467,0.0
1449,2050,30,196085.1370985385,1019.5436576428416,NJ,NEW JERSEY,0.171467,33622130.2028751
1450,2050,31,0.0,0.0,NM,NEW MEXICO,0.171467,0.0
1451,2050,32,77812.75682821732,974.7849478851696,NY,NEW YORK,0.171467,13342319.975063939
1452,2050,33,870413.3105886984,7189.584635359768,NC,NORTH CAROLINA,0.171467,149247159.12671235
1453,2050,34,116834.22890398756,2230.9863620891138,ND,NORTH DAKOTA,0.171467,20033214.727480035
1454,2050,35,1982449.6651496897,17252.95849127893,OH,OHIO,0.171467,339924696.7342219
1455,2050,36,199123.40011918492,3623.184173796998,OK,OKLAHOMA,0.171467,34143092.04823628
1456,2050,37,0.0,0.0,OR,OREGON,0.171467,0.0
1457,2050,38,263783.17350203026,2993.32776904416,PA,PENNSYLVANIA,0.171467,45230109.41087262
1458,2050,39,0.0,0.0,RI,RHODE ISLAND,0.171467,0.0
1459,2050,40,75672.485408917,1606.8371257705985,SC,SOUTH CAROLINA,0.171467,12975334.05561077
1460,2050,41,777370.6380370664,9976.22695964921,SD,SOUTH DAKOTA,0.171467,133293411.19230168
1461,2050,42,1327892.873188535,7041.756542795038,TN,TENNESSEE,0.171467,227689807.28701854
1462,2050,43,65281.55011343933,2696.529624652799,TX,TEXAS,0.171467,11193631.553301102
1463,2050,44,0.0,0.0,UT,UTAH,0.171467,0.0
1464,2050,45,11509.593814737593,239.4976341834069,VT,VERMONT,0.171467,1973515.5226316107
1465,2050,46,86355.5952774236,450.9222036415039,VA,VIRGINIA,0.171467,14807134.855433995
1466,2050,47,0.0,0.0,WA,WASHINGTON,0.171467,0.0
1467,2050,48,55149.76558520812,439.9886163766601,WV,WEST VIRGINIA,0.171467,9456364.855598882
1468,2050,49,163204.0408156814,1863.9052289544368,WI,WISCONSIN,0.171467,27984107.266542442
1469,2050,50,730334.3596315035,27016.3741557521,WY,WYOMING,0.171467,125228241.64293501
1470,2051,0,680738.5959316272,4262.184944290666,AL,ALABAMA,0.1760326,119832184.96219376
1471,2051,2,0.0,0.0,AZ,ARIZONA,0.1760326,0.0
1472,2051,3,1317981.249012773,16459.608610449402,AR,ARKANSAS,0.1760326,232007666.0149659
1473,2051,4,0.0,0.0,CA,CALIFORNIA,0.1760326,0.0
1474,2051,5,96431.41101196788,1596.335631874952,CO,COLORADO,0.1760326,16975072.00210534
1475,2051,6,0.0,0.0,CT,CONNECTICUT,0.1760326,0.0
1476,2051,7,13855.828889556444,297.6283695133585,DE,DELAWARE,0.1760326,2439077.5845837337
1477,2051,8,0.0,0.0,DC,DISTRICT OF COLUMBIA,0.1760326,0.0
1478,2051,9,19029.10847222404,258.267072762087,FL,FLORIDA,0.1760326,3349743.440047626
1479,2051,10,214935.96870194803,2188.867365763527,GA,GEORGIA,0.1760326,37835737.40412254
1480,2051,12,0.0,0.0,ID,IDAHO,0.1760326,0.0
1481,2051,13,8811266.668643266,41283.09159420822,IL,ILLINOIS,0.1760326,1551070180.9746127
1482,2051,14,6040791.018337357,28188.16547345297,IN,INDIANA,0.1760326,1063376149.0145726
1483,2051,15,5955478.286503844,41968.59372682437,IA,IOWA,0.1760326,1048358327.0168167
1484,2051,16,2265522.651630099,14280.086927009144,KS,KANSAS,0.1760326,398805842.72534055
1485,2051,17,1948535.9866225992,8045.146438795125,KY,KENTUCKY,0.1760326,343005855.91874135
1486,2051,18,968420.3081640768,15894.089913009884,LA,LOUISIANA,0.1760326,170473544.73892367
1487,2051,19,0.0,0.0,ME,MAINE,0.1760326,0.0
1488,2051,20,5273.819524573166,80.95162749239574,MD,MARYLAND,0.1760326,928364.1628413784
1489,2051,21,0.0,0.0,MA,MASSACHUSETTS,0.1760326,0.0
1490,2051,22,952843.6154150848,4869.563192294488,MI,MICHIGAN,0.1760326,167731539.01491746
1491,2051,23,749168.7643298618,9752.428769415608,MN,MINNESOTA,0.1760326,131878125.42377286
1492,2051,24,1730186.5697590332,15870.646340372889,MS,MISSISSIPPI,0.1760326,304569240.359764
1493,2051,25,6916338.144440203,34490.83269078625,MO,MISSOURI,0.1760326,1217500986.0449846
1494,2051,26,1017631.9721045226,24427.08506808436,MT,MONTANA,0.1760326,179136401.8926866
1495,2051,27,800069.4746065633,11216.55824381802,NE,NEBRASKA,0.1760326,140838309.79562733
1496,2051,28,0.0,0.0,NV,NEVADA,0.1760326,0.0
1497,2051,29,0.0,0.0,NH,NEW HAMPSHIRE,0.1760326,0.0
1498,2051,30,17539.399008353572,209.86847394898865,NJ,NEW JERSEY,0.1760326,3087506.009877901
1499,2051,31,0.0,0.0,NM,NEW MEXICO,0.1760326,0.0
1500,2051,32,56473.22713392954,498.1375380974954,NY,NEW YORK,0.1760326,9941129.002776166
1501,2051,33,1828809.9152211505,11159.02990704522,NC,NORTH CAROLINA,0.1760326,321930164.2821587
1502,2051,34,543.8641696830663,23.916342937682703,ND,NORTH DAKOTA,0.1760326,95737.82383615135
1503,2051,35,4757211.792331023,24802.210598580004,OH,OHIO,0.1760326,837424360.5546901
1504,2051,36,337575.88542351004,5704.506220598127,OK,OKLAHOMA,0.1760326,59424360.808402576
1505,2051,37,0.0,0.0,OR,OREGON,0.1760326,0.0
1506,2051,38,303342.73760034004,1842.5173904256144,PA,PENNSYLVANIA,0.1760326,53398210.790905625
1507,2051,39,0.0,0.0,RI,RHODE ISLAND,0.1760326,0.0
1508,2051,40,1119780.5423326213,7406.9283168109,SC,SOUTH CAROLINA,0.1760326,197117880.2962214
1509,2051,41,773860.0124478758,10842.48193558112,SD,SOUTH DAKOTA,0.1760326,136224590.02723196
1510,2051,42,1961765.986796455,8383.353095957513,TN,TENNESSEE,0.1760326,345334767.2473456
1511,2051,43,150166.17027070487,4034.5069105972207,TX,TEXAS,0.1760326,26434141.384794883
1512,2051,44,0.0,0.0,UT,UTAH,0.1760326,0.0
1513,2051,45,0.0,0.0,VT,VERMONT,0.1760326,0.0
1514,2051,46,42295.51928352592,293.0907664775856,VA,VIRGINIA,0.1760326,7445390.227829206
1515,2051,47,0.0,0.0,WA,WASHINGTON,0.1760326,0.0
1516,2051,48,57882.56406732375,226.9168082434701,WV,WEST VIRGINIA,0.1760326,10189218.247437576
1517,2051,49,1692886.844246302,10844.640731013036,WI,WISCONSIN,0.1760326,298003272.6984716
1518,2051,50,521814.4950734857,25478.31494120341,WY,WYOMING,0.1760326,91856362.28547288
1519,2052,0,549342.144539952,3361.4445151894874,AL,ALABAMA,0.1805982,99210202.48805515
1520,2052,2,0.0,0.0,AZ,ARIZONA,0.1805982,0.0
1521,2052,3,954943.052718519,14724.390810996034,AR,ARKANSAS,0.1805982,172460996.42346963
1522,2052,4,0.0,0.0,CA,CALIFORNIA,0.1805982,0.0
1523,2052,5,107958.19791733418,1638.228342151092,CO,COLORADO,0.1805982,19497056.2191143
1524,2052,6,0.0,0.0,CT,CONNECTICUT,0.1805982,0.0
1525,2052,7,51519.14444950338,498.3838291330292,DE,DELAWARE,0.1805982,9304264.7531203
1526,2052,8,0.0,0.0,DC,DISTRICT OF COLUMBIA,0.1805982,0.0
1527,2052,9,0.0,0.0,FL,FLORIDA,0.1805982,0.0
1528,2052,10,110207.32636695064,1195.1284585504975,GA,GEORGIA,0.1805982,19903244.768683825
1529,2052,12,0.0,0.0,ID,IDAHO,0.1805982,0.0
1530,2052,13,15376667.00997222,56792.65064800457,IL,ILLINOIS,0.1805982,2776998384.000365
1531,2052,14,10571224.166612487,35869.6997722382,IN,INDIANA,0.1805982,1909144056.2867153
1532,2052,15,13329509.756454162,56946.1499968689,IA,IOWA,0.1805982,2407285468.89806
1533,2052,16,1965482.5618909176,12387.002388345554,KS,KANSAS,0.1805982,354962612.80888826
1534,2052,17,2021430.717026407,10224.311181820634,KY,KENTUCKY,0.1805982,365066748.91967845
1535,2052,18,59555.6335840229,1581.1803916400895,LA,LOUISIANA,0.1805982,10755640.225134084
1536,2052,19,0.0,0.0,ME,MAINE,0.1805982,0.0
1537,2052,20,144367.11969029324,1045.555760756899,MD,MARYLAND,0.1805982,26072441.95525152
1538,2052,21,0.0,0.0,MA,MASSACHUSETTS,0.1805982,0.0
1539,2052,22,1621924.6149861345,6634.019611452377,MI,MICHIGAN,0.1805982,292916666.0021889
1540,2052,23,6217856.388425457,44863.9273194017,MN,MINNESOTA,0.1805982,1122933671.6081383
1541,2052,24,482668.9599597853,9159.920402384796,MS,MISSISSIPPI,0.1805982,87169145.36460929
1542,2052,25,7235730.983971883,33694.98828086519,MO,MISSOURI,0.1805982,1306759991.3895507
1543,2052,26,1318184.2839914348,24188.57103787158,MT,MONTANA,0.1805982,238061708.95714194
1544,2052,27,1620772.3369506365,14880.431017531144,NE,NEBRASKA,0.1805982,292708566.6630784
1545,2052,28,0.0,0.0,NV,NEVADA,0.1805982,0.0
1546,2052,29,0.0,0.0,NH,NEW HAMPSHIRE,0.1805982,0.0
1547,2052,30,68013.15347545706,744.1419192686001,NJ,NEW JERSEY,0.1805982,12283053.093991287
1548,2052,31,0.0,0.0,NM,NEW MEXICO,0.1805982,0.0
1549,2052,32,422002.5223203485,2468.8374107830987,NY,NEW YORK,0.1805982,76212895.92651476
1550,2052,33,312348.9832975443,3533.9408058567906,NC,NORTH CAROLINA,0.1805982,56409664.15536656
1551,2052,34,675192.3472409715,8630.129923081166,ND,NORTH DAKOTA,0.1805982,121938522.56549442
1552,2052,35,8590804.695556358,34028.363804502165,OH,OHIO,0.1805982,1551483864.5690262
1553,2052,36,300344.41174020467,5072.920929603933,OK,OKLAHOMA,0.1805982,54241660.14033983
1554,2052,37,0.0,0.0,OR,OREGON,0.1805982,0.0
1555,2052,38,817497.6818019423,4452.072858301326,PA,PENNSYLVANIA,0.1805982,147638609.83760354
1556,2052,39,0.0,0.0,RI,RHODE ISLAND,0.1805982,0.0
1557,2052,40,276323.6455955297,4766.858503571129,SC,SOUTH CAROLINA,0.1805982,49903553.011990584
1558,2052,41,2658448.308289039,20243.65429417266,SD,SOUTH DAKOTA,0.1805982,480110979.2700455
1559,2052,42,1534530.2180259367,8705.57387304357,TN,TENNESSEE,0.1805982,277133395.22109175
1560,2052,43,60799.699947628,1768.9290663136428,TX,TEXAS,0.1805982,10980316.371081712
1561,2052,44,0.0,0.0,UT,UTAH,0.1805982,0.0
1562,2052,45,35938.33064618139,309.007072027365,VT,VERMONT,0.1805982,6490397.825705196
1563,2052,46,8732.25638947584,113.630100683441,VA,VIRGINIA,0.1805982,1577029.7858778357
1564,2052,47,0.0,0.0,WA,WASHINGTON,0.1805982,0.0
1565,2052,48,152878.24114804066,1090.6831527575378,WV,WEST VIRGINIA,0.1805982,27609535.170502074
1566,2052,49,3517293.3529573274,15990.09974760618,WI,WISCONSIN,0.1805982,635216848.416058
1567,2052,50,807203.1136552999,28587.528484372982,WY,WYOMING,0.1805982,145779429.36054257
1568,2053,0,0.0,0.0,AL,ALABAMA,0.1851638,0.0
1569,2053,2,0.0,0.0,AZ,ARIZONA,0.1851638,0.0
1570,2053,3,609888.0237792893,10245.108324852874,AR,ARKANSAS,0.1851638,112929184.05746357
1571,2053,4,0.0,0.0,CA,CALIFORNIA,0.1851638,0.0
1572,2053,5,28460.38402003639,752.3119400187686,CO,COLORADO,0.1851638,5269832.854609214
1573,2053,6,0.0,0.0,CT,CONNECTICUT,0.1851638,0.0
1574,2053,7,0.0,0.0,DE,DELAWARE,0.1851638,0.0
1575,2053,8,0.0,0.0,DC,DISTRICT OF COLUMBIA,0.1851638,0.0
1576,2053,9,0.0,0.0,FL,FLORIDA,0.1851638,0.0
1577,2053,10,0.0,0.0,GA,GEORGIA,0.1851638,0.0
1578,2053,12,0.0,0.0,ID,IDAHO,0.1851638,0.0
1579,2053,13,3296748.68574034,34197.432512623534,IL,ILLINOIS,0.1851638,610438514.2966871
1580,2053,14,565286.7893250966,7396.473113617906,IN,INDIANA,0.1851638,104670650.00123432
1581,2053,15,6171516.113996249,45092.04621438375,IA,IOWA,0.1851638,1142741375.4287784
1582,2053,16,1097655.6060966246,8777.708339098483,KS,KANSAS,0.1851638,203246083.11615416
1583,2053,17,343833.0190882918,2254.754035512682,KY,KENTUCKY,0.1851638,63665428.37986065
1584,2053,18,601130.3683707335,10067.93700934708,LA,LOUISIANA,0.1851638,111307583.30292481
1585,2053,19,0.0,0.0,ME,MAINE,0.1851638,0.0
1586,2053,20,313.7452066502107,41.90624680564404,MD,MARYLAND,0.1851638,58094.25469513828
1587,2053,21,0.0,0.0,MA,MASSACHUSETTS,0.1851638,0.0
1588,2053,22,223217.55186542423,2244.402275840859,MI,MICHIGAN,0.1851638,41331810.13009904
1589,2053,23,3014822.3103545653,35046.888361519275,MN,MINNESOTA,0.1851638,558235955.3100306
1590,2053,24,845032.4825518723,11029.862307420835,MS,MISSISSIPPI,0.1851638,156469425.59273836
1591,2053,25,2524251.2090988923,23103.02322520477,MO,MISSOURI,0.1851638,467399946.0313454
1592,2053,26,795559.1934042957,20986.14985930472,MT,MONTANA,0.1851638,147308763.3756743
1593,2053,27,1505092.986939452,13976.78008518274,NE,NEBRASKA,0.1851638,278688736.81505924
1594,2053,28,0.0,0.0,NV,NEVADA,0.1851638,0.0
1595,2053,29,0.0,0.0,NH,NEW HAMPSHIRE,0.1851638,0.0
1596,2053,30,5385.37400310777,112.12874783267377,NJ,NEW JERSEY,0.1851638,997176.3148366463
1597,2053,31,0.0,0.0,NM,NEW MEXICO,0.1851638,0.0
1598,2053,32,20379.04468198544,212.90945903683223,NY,NEW YORK,0.1851638,3773461.353686216
1599,2053,33,2494.3394958040744,174.71104842713223,NC,NORTH CAROLINA,0.1851638,461861.3795331664
1600,2053,34,247044.32325578903,4033.453583607468,ND,NORTH DAKOTA,0.1851638,45743665.662470266
1601,2053,35,77981.12893249333,1941.684813624876,OH,OHIO,0.1851638,14439282.161430407
1602,2053,36,168305.33750308008,3307.7587542555666,OK,OKLAHOMA,0.1851638,31164055.852352817
1603,2053,37,0.0,0.0,OR,OREGON,0.1851638,0.0
1604,2053,38,81374.39453412649,1027.5436502681669,PA,PENNSYLVANIA,0.1851638,15067592.11463809
1605,2053,39,0.0,0.0,RI,RHODE ISLAND,0.1851638,0.0
1606,2053,40,0.0,0.0,SC,SOUTH CAROLINA,0.1851638,0.0
1607,2053,41,1931505.5321143428,17248.161295623748,SD,SOUTH DAKOTA,0.1851638,357644904.0473137
1608,2053,42,440129.15558065166,2701.121587989048,TN,TENNESSEE,0.1851638,81495986.93810466
1609,2053,43,92130.41893171555,3067.550780910592,TX,TEXAS,0.1851638,17059218.46498839
1610,2053,44,0.0,0.0,UT,UTAH,0.1851638,0.0
1611,2053,45,0.0,0.0,VT,VERMONT,0.1851638,0.0
1612,2053,46,315.4791784803488,13.640794543299396,VA,VIRGINIA,0.1851638,58415.32350829961
1613,2053,47,0.0,0.0,WA,WASHINGTON,0.1851638,0.0
1614,2053,48,0.0,0.0,WV,WEST VIRGINIA,0.1851638,0.0
1615,2053,49,644865.9068918434,8317.274241885467,WI,WISCONSIN,0.1851638,119405821.81053992
1616,2053,50,371540.24249687046,16299.73050385256,WY,WYOMING,0.1851638,68795803.15364201
1617,2054,0,58746.084491322414,984.3242281785156,AL,ALABAMA,0.1897294,11145859.362887906
1618,2054,2,0.0,0.0,AZ,ARIZONA,0.1897294,0.0
1619,2054,3,334121.2684071765,6537.311346885866,AR,ARKANSAS,0.1897294,63392627.78213255
1620,2054,4,0.0,0.0,CA,CALIFORNIA,0.1897294,0.0
1621,2054,5,86076.98502604009,1160.1711120089997,CO,COLORADO,0.1897294,16331334.722799571
1622,2054,6,0.0,0.0,CT,CONNECTICUT,0.1897294,0.0
1623,2054,7,0.0,0.0,DE,DELAWARE,0.1897294,0.0
1624,2054,8,0.0,0.0,DC,DISTRICT OF COLUMBIA,0.1897294,0.0
1625,2054,9,28698.95274084894,284.7886424976219,FL,FLORIDA,0.1897294,5445035.084149624
1626,2054,10,35087.82367720311,465.409816912816,GA,GEORGIA,0.1897294,6657191.73358154
1627,2054,12,0.0,0.0,ID,IDAHO,0.1897294,0.0
1628,2054,13,4378701.406121009,35730.031918172164,IL,ILLINOIS,0.1897294,830768390.5624954
1629,2054,14,687597.9780272248,7152.676629676789,IN,INDIANA,0.1897294,130457551.81231853
1630,2054,15,7401910.379449833,49011.28619616637,IA,IOWA,0.1897294,1404360015.146789
1631,2054,16,1077031.631398881,8202.97852475144,KS,KANSAS,0.1897294,204344565.2063309
1632,2054,17,75755.8843062162,395.4997313666007,KY,KENTUCKY,0.1897294,14373118.475887816
1633,2054,18,69249.90090169635,2164.705778844915,LA,LOUISIANA,0.1897294,13138742.148138307
1634,2054,19,0.0,0.0,ME,MAINE,0.1897294,0.0
1635,2054,20,162642.65193966977,819.5751398082872,MD,MARYLAND,0.1897294,30858092.766922377
1636,2054,21,0.0,0.0,MA,MASSACHUSETTS,0.1897294,0.0
1637,2054,22,257911.3230400488,2611.871730186028,MI,MICHIGAN,0.1897294,48933360.57359464
1638,2054,23,2349209.45301731,24915.60302898136,MN,MINNESOTA,0.1897294,445714099.9953023
1639,2054,24,559999.7069440678,7334.82289877977,MS,MISSISSIPPI,0.1897294,106248408.39867382
1640,2054,25,4173811.489529812,25762.004493165667,MO,MISSOURI,0.1897294,791894749.6215974
1641,2054,26,436662.5214850028,13150.825493872144,MT,MONTANA,0.1897294,82847718.2038367
1642,2054,27,1117078.9276701163,12612.59460306121,NE,NEBRASKA,0.1897294,211942714.69949454
1643,2054,28,0.0,0.0,NV,NEVADA,0.1897294,0.0
1644,2054,29,0.0,0.0,NH,NEW HAMPSHIRE,0.1897294,0.0
1645,2054,30,6615.735716580806,137.83071442946516,NJ,NEW JERSEY,0.1897294,1255199.5680654463
1646,2054,31,0.0,0.0,NM,NEW MEXICO,0.1897294,0.0
1647,2054,32,35853.848253728,413.0700063274356,NY,NEW YORK,0.1897294,6802529.1168708615
1648,2054,33,54285.27036460669,1200.5217451117303,NC,NORTH CAROLINA,0.1897294,10299511.775114607
1649,2054,34,51021.69373595557,858.09136498519,ND,NORTH DAKOTA,0.1897294,9680315.339506608
1650,2054,35,143289.88453687428,2233.1239476111896,OH,OHIO,0.1897294,27186303.81925043
1651,2054,36,108993.95919460272,2114.954522530654,OK,OKLAHOMA,0.1897294,20679358.48161646
1652,2054,37,0.0,0.0,OR,OREGON,0.1897294,0.0
1653,2054,38,1729.1324048230117,85.08152181690922,PA,PENNSYLVANIA,0.1897294,328067.2536876271
1654,2054,39,0.0,0.0,RI,RHODE ISLAND,0.1897294,0.0
1655,2054,40,688.4008220520695,44.12632979240245,SC,SOUTH CAROLINA,0.1897294,130609.87492744593
1656,2054,41,1556614.3219914087,13724.199208770238,SD,SOUTH DAKOTA,0.1897294,295335501.3428368
1657,2054,42,822914.640433283,5872.910042834045,TN,TENNESSEE,0.1897294,156131100.98062253
1658,2054,43,40269.6408243817,1428.378558827024,TX,TEXAS,0.1897294,7640334.791825445
1659,2054,44,0.0,0.0,UT,UTAH,0.1897294,0.0
1660,2054,45,0.0,0.0,VT,VERMONT,0.1897294,0.0
1661,2054,46,8378.093261682705,84.83445185101289,VA,VIRGINIA,0.1897294,1589570.6076831026
1662,2054,47,0.0,0.0,WA,WASHINGTON,0.1897294,0.0
1663,2054,48,0.0,0.0,WV,WEST VIRGINIA,0.1897294,0.0
1664,2054,49,6509.038472060739,362.83323602150097,WI,WISCONSIN,0.1897294,1234955.9638810006
1665,2054,50,501299.6652840102,23510.237020838525,WY,WYOMING,0.1897294,95111284.71453607
1666,2055,0,665248.388996769,3815.902852897524,AL,ALABAMA,0.194295,129254435.74012722
1667,2055,2,0.0,0.0,AZ,ARIZONA,0.194295,0.0
1668,2055,3,524268.424756601,7063.4976917877,AR,ARKANSAS,0.194295,101862733.58808379
1669,2055,4,0.0,0.0,CA,CALIFORNIA,0.194295,0.0
1670,2055,5,120567.8676487316,1582.3444872201003,CO,COLORADO,0.194295,23425733.844810307
1671,2055,6,0.0,0.0,CT,CONNECTICUT,0.194295,0.0
1672,2055,7,12392.307522873323,243.555104126312,DE,DELAWARE,0.194295,2407763.3901566723
1673,2055,8,0.0,0.0,DC,DISTRICT OF COLUMBIA,0.194295,0.0
1674,2055,9,65963.32284296077,701.3471093262342,FL,FLORIDA,0.194295,12816343.811773062
1675,2055,10,233756.0871432901,2043.7505854424871,GA,GEORGIA,0.194295,45417638.95150555
1676,2055,12,0.0,0.0,ID,IDAHO,0.194295,0.0
1677,2055,13,123042.09165739486,2049.382356861164,IL,ILLINOIS,0.194295,23906463.198573533
1678,2055,14,12450.165883384376,621.4870160383963,IN,INDIANA,0.194295,2419004.980312167
1679,2055,15,1124061.1630825158,13307.065495103823,IA,IOWA,0.194295,218399463.6811174
1680,2055,16,5629.479741761953,98.7212002691912,KS,KANSAS,0.194295,1093779.7664256385
1681,2055,17,147319.2876866932,1510.039007055242,KY,KENTUCKY,0.194295,28623401.001086053
1682,2055,18,862733.5340863375,11070.787522418725,LA,LOUISIANA,0.194295,167624812.00530496
1683,2055,19,0.0,0.0,ME,MAINE,0.194295,0.0
1684,2055,20,144376.71268094936,923.1630814664306,MD,MARYLAND,0.194295,28051673.390345056
1685,2055,21,0.0,0.0,MA,MASSACHUSETTS,0.194295,0.0
1686,2055,22,10423.77916764046,166.47027095367702,MI,MICHIGAN,0.194295,2025288.173376703
1687,2055,23,481268.11755740736,8144.804874950979,MN,MINNESOTA,0.194295,93507988.90081647
1688,2055,24,1169310.234359712,10578.395228193538,MS,MISSISSIPPI,0.194295,227191131.98492026
1689,2055,25,84272.5566926919,1445.5425767118263,MO,MISSOURI,0.194295,16373736.402606571
1690,2055,26,830166.7496856747,20347.914466606973,MT,MONTANA,0.194295,161297248.63017815
1691,2055,27,463150.4407827004,7065.649116695676,NE,NEBRASKA,0.194295,89987814.89187476
1692,2055,28,0.0,0.0,NV,NEVADA,0.194295,0.0
1693,2055,29,0.0,0.0,NH,NEW HAMPSHIRE,0.194295,0.0
1694,2055,30,6695.834274823619,127.260964057764,NJ,NEW JERSEY,0.194295,1300967.120426855
1695,2055,31,0.0,0.0,NM,NEW MEXICO,0.194295,0.0
1696,2055,32,66990.04569238052,728.2564457122521,NY,NEW YORK,0.194295,13015830.927801073
1697,2055,33,697407.6700028247,7122.145560925403,NC,NORTH CAROLINA,0.194295,135502823.24319884
1698,2055,34,17288.40185101125,478.28149654577584,ND,NORTH DAKOTA,0.194295,3359050.0376422307
1699,2055,35,84064.91685565701,1358.406222568838,OH,OHIO,0.194295,16333393.020469878
1700,2055,36,7658.714821112578,129.3205602001132,OK,OKLAHOMA,0.194295,1488049.9961680684
1701,2055,37,0.0,0.0,OR,OREGON,0.194295,0.0
1702,2055,38,38206.8587042951,515.6542553707559,PA,PENNSYLVANIA,0.194295,7423401.611951016
1703,2055,39,0.0,0.0,RI,RHODE ISLAND,0.194295,0.0
1704,2055,40,898001.8772500878,7501.446124780293,SC,SOUTH CAROLINA,0.194295,174477274.74030578
1705,2055,41,688107.1226390663,8116.167840701912,SD,SOUTH DAKOTA,0.194295,133695773.3931574
1706,2055,42,1003117.0617119196,6414.06624696319,TN,TENNESSEE,0.194295,194900629.50531742
1707,2055,43,14997.043239732764,394.94329638190544,TX,TEXAS,0.194295,2913850.5162638775
1708,2055,44,0.0,0.0,UT,UTAH,0.194295,0.0
1709,2055,45,0.0,0.0,VT,VERMONT,0.194295,0.0
1710,2055,46,3522.815778561997,30.478238492135453,VA,VIRGINIA,0.194295,684465.4916957031
1711,2055,47,0.0,0.0,WA,WASHINGTON,0.194295,0.0
1712,2055,48,304.04939796790865,44.54345215784357,WV,WEST VIRGINIA,0.194295,59075.27777817481
1713,2055,49,57712.08459657304,1672.1730117149004,WI,WISCONSIN,0.194295,11213169.476691158
1714,2055,50,707397.8566003545,26583.356329640337,WY,WYOMING,0.194295,137443866.5481659
