Year,state_id,Production_Loss(ton),Area_Loss(km^2),State_Code,State_Name,Price,Financial_Loss($)
2021,0,12108.721498778035,165.51037568426676,AL,ALABAMA,0.0692027799999999,837957.1899612054
2021,2,5.4190702273435125,18.282693762182102,AZ,ARIZONA,0.0692027799999999,375.0147247474025
2021,3,40578.13214838825,684.9658624414656,AR,ARKANSAS,0.0692027799999999,2808119.5518758353
2021,4,5219.67810637459,197.31509354026565,CA,CALIFORNIA,0.0692027799999999,361216.23566625686
2021,5,523261.3218363861,11075.876772948131,CO,COLORADO,0.0692027799999999,36211138.13755257
2021,6,0.0,0.0,CT,CONNECTICUT,0.0692027799999999,0.0
2021,7,8175.345871125678,120.66095261826854,DE,DELAWARE,0.0692027799999999,565756.6617434177
2021,8,0.0,0.0,DC,DISTRICT OF COLUMBIA,0.0692027799999999,0.0
2021,9,1358.4803212738466,11.443139973876995,FL,FLORIDA,0.0692027799999999,94010.61480744318
2021,10,30117.68816074696,426.21287021202113,GA,GEORGIA,0.0692027799999999,2084227.7478967733
2021,12,112242.48837818476,2541.7728750578103,ID,IDAHO,0.0692027799999999,7767492.229888066
2021,13,210635.39332239225,2089.989547539235,IL,ILLINOIS,0.0692027799999999,14576554.784302957
2021,14,85676.93254028511,1118.1471182274634,IN,INDIANA,0.0692027799999999,5929081.913660183
2021,15,778.4566043631021,4.690511926300819,IA,IOWA,0.0692027799999999,53871.361131286714
2021,16,5356388.344430355,34592.30003951321,KS,KANSAS,0.0692027799999999,370676964.1941775
2021,17,28920.60041948597,889.722851686669,KY,KENTUCKY,0.0692027799999999,2001385.9482975923
2021,18,9013.055943901829,159.14850981021013,LA,LOUISIANA,0.0692027799999999,623728.5276135297
2021,19,0.0,0.0,ME,MAINE,0.0692027799999999,0.0
2021,20,27205.90689900429,339.51148152986093,MD,MARYLAND,0.0692027799999999,1882724.3898322734
2021,21,0.0,0.0,MA,MASSACHUSETTS,0.0692027799999999,0.0
2021,22,13049.873371416488,34.47697607702872,MI,MICHIGAN,0.0692027799999999,903087.5159499922
2021,23,1453316.9595919647,6123.957782804213,MN,MINNESOTA,0.0692027799999999,100573573.82491148
2021,24,12715.174765408525,171.1129412360321,MS,MISSISSIPPI,0.0692027799999999,879925.4419521164
2021,25,73533.24514470296,1263.590163973562,MO,MISSOURI,0.0692027799999999,5088704.986434939
2021,26,6746347.404473042,36108.968833568506,MT,MONTANA,0.0692027799999999,466865995.23531824
2021,27,1285685.8850325898,7877.114527602655,NE,NEBRASKA,0.0692027799999999,88973037.45101546
2021,28,13324.131140830365,1080.6384092232738,NV,NEVADA,0.0692027799999999,922066.9160300313
2021,29,0.0,0.0,NH,NEW HAMPSHIRE,0.0692027799999999,0.0
2021,30,5065.065154560902,76.30130088847845,NJ,NEW JERSEY,0.0692027799999999,350516.5895767435
2021,31,54044.86642523368,908.2141908262794,NM,NEW MEXICO,0.0692027799999999,3740055.0013548275
2021,32,123.10005038540154,0.988006109674648,NY,NEW YORK,0.0692027799999999,8518.865704809845
2021,33,53976.46310865741,1173.117515434132,NC,NORTH CAROLINA,0.0692027799999999,3735321.3016865286
2021,34,11519158.33095587,39814.6354621557,ND,NORTH DAKOTA,0.0692027799999999,797157779.762305
2021,35,115006.37136420544,1705.5259636790372,OH,OHIO,0.0692027799999999,7958760.616115397
2021,36,1591000.5115069416,10067.836818425953,OK,OKLAHOMA,0.0692027799999999,110101658.37770218
2021,37,1284769.581988862,6482.195626325336,OR,OREGON,0.0692027799999999,88909626.73306705
2021,38,6392.172076603688,245.6449777230351,PA,PENNSYLVANIA,0.0692027799999999,442356.07793934754
2021,39,0.0,0.0,RI,RHODE ISLAND,0.0692027799999999,0.0
2021,40,24677.93425678748,590.9500893076299,SC,SOUTH CAROLINA,0.0692027799999999,1707781.6552269252
2021,41,2785849.7682301896,16389.79928288036,SD,SOUTH DAKOTA,0.0692027799999999,192788548.62388453
2021,42,32694.717835779746,362.0022022940186,TN,TENNESSEE,0.0692027799999999,2262565.3655515383
2021,43,1762697.5877983803,9345.153462650353,TX,TEXAS,0.0692027799999999,121983573.37494181
2021,44,13723.082145945644,1622.867981016372,UT,UTAH,0.0692027799999999,949675.4346678029
2021,45,0.0,0.0,VT,VERMONT,0.0692027799999999,0.0
2021,46,7536.393760243941,239.48015306589252,VA,VIRGINIA,0.0692027799999999,521539.3993835334
2021,47,1549430.2572269272,12659.239737752654,WA,WASHINGTON,0.0692027799999999,107224881.2162183
2021,48,367.6525060130382,19.447547817328328,WV,WEST VIRGINIA,0.0692027799999999,25442.57549006892
2021,49,52567.39157089049,167.3372656882838,WI,WISCONSIN,0.0692027799999999,3637809.634054183
2021,50,104633.65480681548,1555.7795439788624,WY,WYOMING,0.0692027799999999,7240939.794191983
2022,0,10987.993487871488,96.64242440920592,AL,ALABAMA,0.06803626,747581.9818191314
2022,2,6.311258006992729,21.292729666751647,AZ,ARIZONA,0.06803626,429.39439069083915
2022,3,185220.11592924505,1376.46269562116,AR,ARKANSAS,0.06803626,12601683.964592258
2022,4,5214.885474782006,195.8196084864115,CA,CALIFORNIA,0.06803626,354801.304032492
2022,5,244229.66499332883,6723.645617403188,CO,COLORADO,0.06803626,16616472.98719902
2022,6,0.0,0.0,CT,CONNECTICUT,0.06803626,0.0
2022,7,3276.4592887464964,84.6405758693907,DE,DELAWARE,0.06803626,222918.03604857172
2022,8,0.0,0.0,DC,DISTRICT OF COLUMBIA,0.06803626,0.0
2022,9,770.3973073718762,6.6302027921809685,FL,FLORIDA,0.06803626,52414.951507652884
2022,10,6852.737136534453,110.26772610464825,GA,GEORGIA,0.06803626,466234.6055329136
2022,12,59768.28838598444,1687.7360289303774,ID,IDAHO,0.06803626,4066410.8083838173
2022,13,73643.88481407716,907.1085220014436,IL,ILLINOIS,0.06803626,5010454.494620605
2022,14,48999.87133978791,514.3700730301698,IN,INDIANA,0.06803626,3333767.9864403587
2022,15,19.39034746422166,0.3223249202802111,IA,IOWA,0.06803626,1319.2467215661254
2022,16,1310696.690206922,5866.832446307404,KS,KANSAS,0.06803626,89174900.79605758
2022,17,27730.842882809746,943.766546772662,KY,KENTUCKY,0.06803626,1886702.8363939936
2022,18,106825.03552277952,555.3227313975656,LA,LOUISIANA,0.06803626,7267975.891337064
2022,19,0.0,0.0,ME,MAINE,0.06803626,0.0
2022,20,6197.689812426004,107.71679095685197,MD,MARYLAND,0.06803626,421667.63547756686
2022,21,0.0,0.0,MA,MASSACHUSETTS,0.06803626,0.0
2022,22,18675.35163704073,71.54410708214148,MI,MICHIGAN,0.06803626,1270601.0795691288
2022,23,779037.0770111643,3341.393284240655,MN,MINNESOTA,0.06803626,53002769.1211716
2022,24,89154.31762514552,449.2732776118808,MS,MISSISSIPPI,0.06803626,6065726.334066982
2022,25,823.7337938342724,14.769392561668958,MO,MISSOURI,0.06803626,56043.76656809496
2022,26,1779573.766050224,12696.98795371026,MT,MONTANA,0.06803626,121075543.43617222
2022,27,441077.3640908992,3345.099597442881,NE,NEBRASKA,0.06803626,30009254.22340308
2022,28,9134.694239851598,744.3661876052604,NV,NEVADA,0.06803626,621490.4323230457
2022,29,0.0,0.0,NH,NEW HAMPSHIRE,0.06803626,0.0
2022,30,54.36956100625319,4.018343961926831,NJ,NEW JERSEY,0.06803626,3699.101588707304
2022,31,22799.856812781018,884.1537992086298,NM,NEW MEXICO,0.06803626,1551216.9860771406
2022,32,131.93179769400086,2.4530509991094727,NY,NEW YORK,0.06803626,8976.146090176442
2022,33,36851.46461966648,464.46099814110073,NC,NORTH CAROLINA,0.06803626,2507235.8282444305
2022,34,4672521.291010949,17386.546902375994,ND,NORTH DAKOTA,0.06803626,317900873.4107566
2022,35,47386.85149085456,490.7561079505085,OH,OHIO,0.06803626,3224024.1486131684
2022,36,282158.4656121876,2048.9883266248003,OK,OKLAHOMA,0.06803626,19197006.727591854
2022,37,1131959.2823833418,5916.054434905491,OR,OREGON,0.06803626,77014276.04564646
2022,38,731.9269185218882,49.6451447559278,PA,PENNSYLVANIA,0.06803626,49797.570129554006
2022,39,0.0,0.0,RI,RHODE ISLAND,0.06803626,0.0
2022,40,9045.230150664343,199.31411637389132,SC,SOUTH CAROLINA,0.06803626,615403.6302904384
2022,41,836127.1979597221,4707.245742002941,SD,SOUTH DAKOTA,0.06803626,56886967.433459125
2022,42,42055.12777664258,423.2902188006561,TN,TENNESSEE,0.06803626,2861273.6077448763
2022,43,607567.6326154195,6222.912179102641,TX,TEXAS,0.06803626,41336629.420207165
2022,44,10024.290280881316,1196.3528625434135,UT,UTAH,0.06803626,682015.2198655142
2022,45,0.0,0.0,VT,VERMONT,0.06803626,0.0
2022,46,2452.770059217596,49.60745311612864,VA,VIRGINIA,0.06803626,166877.30146914377
2022,47,1639381.1536713704,14892.90447083744,WA,WASHINGTON,0.06803626,111537362.41028531
2022,48,31.082939572751886,3.0280710599397787,WV,WEST VIRGINIA,0.06803626,2114.766958336036
2022,49,15278.04057606556,82.14207009178811,WI,WISCONSIN,0.06803626,1039460.7409237461
2022,50,67015.67265030276,965.1739788373432,WY,WYOMING,0.06803626,4559495.728510887
2023,0,0.0,0.0,AL,ALABAMA,0.06686974,0.0
2023,2,4.340420736104121,14.64357902520063,AZ,ARIZONA,0.06686974,290.24280611389116
2023,3,1275.1599330727784,57.81345356709137,AR,ARKANSAS,0.06686974,85269.61318299409
2023,4,927.7461241298354,36.046282367210296,CA,CALIFORNIA,0.06686974,62038.142106569816
2023,5,151558.14737070515,3274.9703099212197,CO,COLORADO,0.06686974,10134653.909560736
2023,6,0.0,0.0,CT,CONNECTICUT,0.06686974,0.0
2023,7,0.0,0.0,DE,DELAWARE,0.06686974,0.0
2023,8,0.0,0.0,DC,DISTRICT OF COLUMBIA,0.06686974,0.0
2023,9,0.0,0.0,FL,FLORIDA,0.06686974,0.0
2023,10,0.0,0.0,GA,GEORGIA,0.06686974,0.0
2023,12,17759.86708750592,534.7377960273535,ID,IDAHO,0.06686974,1187597.694576078
2023,13,2199.5195230790614,15.160555950603015,IL,ILLINOIS,0.06686974,147081.29863322084
2023,14,13542.718543833867,130.50327492028936,IN,INDIANA,0.06686974,905598.0679193492
2023,15,0.0,0.0,IA,IOWA,0.06686974,0.0
2023,16,4839804.903914468,18890.71299983341,KS,KANSAS,0.06686974,323636495.57548547
2023,17,2143.961018199324,31.96793852654711,KY,KENTUCKY,0.06686974,143366.11585712407
2023,18,0.0,0.0,LA,LOUISIANA,0.06686974,0.0
2023,19,0.0,0.0,ME,MAINE,0.06686974,0.0
2023,20,0.0,0.0,MD,MARYLAND,0.06686974,0.0
2023,21,0.0,0.0,MA,MASSACHUSETTS,0.06686974,0.0
2023,22,982.6458240434196,5.394986273899049,MI,MICHIGAN,0.06686974,65709.27076586921
2023,23,761532.1307131909,3015.488693955398,MN,MINNESOTA,0.06686974,50923455.58243709
2023,24,0.0,0.0,MS,MISSISSIPPI,0.06686974,0.0
2023,25,19830.022609153413,253.30947733395575,MO,MISSOURI,0.06686974,1326028.4560682103
2023,26,3538149.0664924253,24438.0205487968,MT,MONTANA,0.06686974,236595108.1575912
2023,27,367157.10135080735,2628.308301431108,NE,NEBRASKA,0.06686974,24551699.906482138
2023,28,5214.019468255442,433.1055433401261,NV,NEVADA,0.06686974,348660.1261971796
2023,29,0.0,0.0,NH,NEW HAMPSHIRE,0.06686974,0.0
2023,30,0.0,0.0,NJ,NEW JERSEY,0.06686974,0.0
2023,31,38439.12029953214,859.6474706543179,NM,NEW MEXICO,0.06686974,2570413.980258436
2023,32,47.4923002277898,0.2970351530045947,NY,NEW YORK,0.06686974,3175.7977682342444
2023,33,1730.676969206061,20.966170519748182,NC,NORTH CAROLINA,0.06686974,115729.9189547973
2023,34,4593837.270341781,17190.351636826774,ND,NORTH DAKOTA,0.06686974,307188703.87006456
2023,35,54557.09413323106,350.7080798647299,OH,OHIO,0.06686974,3648218.6998446863
2023,36,1518779.793893526,8559.306072577012,OK,OKLAHOMA,0.06686974,101560409.93491367
2023,37,1054215.726497983,5794.463303225798,OR,OREGON,0.06686974,70495131.53483124
2023,38,0.4005902019036585,0.2361550458609943,PA,PENNSYLVANIA,0.06686974,26.78736264784515
2023,39,0.0,0.0,RI,RHODE ISLAND,0.06686974,0.0
2023,40,253.52796778377288,5.585252662615891,SC,SOUTH CAROLINA,0.06686974,16953.34928842927
2023,41,1163497.2264373014,6305.69018106179,SD,SOUTH DAKOTA,0.06686974,77802757.02258347
2023,42,0.0,0.0,TN,TENNESSEE,0.06686974,0.0
2023,43,1230989.2995828695,8763.8731149216,TX,TEXAS,0.06686974,82315934.40588859
2023,44,3730.793915787941,463.6784693145744,UT,UTAH,0.06686974,249477.2191423215
2023,45,0.0,0.0,VT,VERMONT,0.06686974,0.0
2023,46,5.321390317181921,0.6053417941414911,VA,VIRGINIA,0.06686974,355.8399869484726
2023,47,1928518.5604784775,17096.91904251953,WA,WASHINGTON,0.06686974,128959534.72437006
2023,48,0.0,0.0,WV,WEST VIRGINIA,0.06686974,0.0
2023,49,7340.820430335623,24.68938574949125,WI,WISCONSIN,0.06686974,490878.7535632312
2023,50,3840.329895932624,77.21454977193129,WY,WYOMING,0.06686974,256801.8616552416
2024,0,6860.754289551152,59.10954102152206,AL,ALABAMA,0.06570322,450773.64845232316
2024,2,6.657485390862028,22.460821048816445,AZ,ARIZONA,0.06570322,437.4182272825939
2024,3,156154.15887808852,1058.17756999497,AR,ARKANSAS,0.06570322,10259831.054682005
2024,4,13786.73442100127,558.0130679542772,CA,CALIFORNIA,0.06570322,905832.8447446192
2024,5,590838.2100934673,11150.426031713909,CO,COLORADO,0.06570322,38819972.902177304
2024,6,0.0,0.0,CT,CONNECTICUT,0.06570322,0.0
2024,7,0.0,0.0,DE,DELAWARE,0.06570322,0.0
2024,8,0.0,0.0,DC,DISTRICT OF COLUMBIA,0.06570322,0.0
2024,9,610.6311622487427,2.4366367994643885,FL,FLORIDA,0.06570322,40120.433592084846
2024,10,633.6116897843316,3.740461305344716,GA,GEORGIA,0.06570322,41630.3282484717
2024,12,25919.18131466084,704.0990611475347,ID,IDAHO,0.06570322,1702973.6721370507
2024,13,19978.621429424456,74.58442521333748,IL,ILLINOIS,0.06570322,1312659.7590741897
2024,14,54908.75961995821,302.0226261440442,IN,INDIANA,0.06570322,3607682.313237231
2024,15,0.0,0.0,IA,IOWA,0.06570322,0.0
2024,16,10786722.415848684,41692.243768617926,KS,KANSAS,0.06570322,708722395.9674376
2024,17,6815.154200931899,70.38693881711424,KY,KENTUCKY,0.06570322,447777.5757977528
2024,18,54528.31141567255,409.80705227707455,LA,LOUISIANA,0.06570322,3582685.6411724454
2024,19,0.0,0.0,ME,MAINE,0.06570322,0.0
2024,20,0.0,0.0,MD,MARYLAND,0.06570322,0.0
2024,21,0.0,0.0,MA,MASSACHUSETTS,0.06570322,0.0
2024,22,793.7948984046848,3.1549884699466557,MI,MICHIGAN,0.06570322,52154.88084476066
2024,23,819793.7775603102,3316.126434860625,MN,MINNESOTA,0.06570322,53863090.92167613
2024,24,13209.338209231528,79.84090624071317,MS,MISSISSIPPI,0.06570322,867896.0544155452
2024,25,20290.252184531408,187.608521807545,MO,MISSOURI,0.06570322,1333134.9031357479
2024,26,7107821.576079188,37829.12480512845,MT,MONTANA,0.06570322,467006764.7338777
2024,27,538414.7800487165,3215.388484987703,NE,NEBRASKA,0.06570322,35375584.74479243
2024,28,6500.460401917053,539.0988370620655,NV,NEVADA,0.06570322,427101.17988844455
2024,29,0.0,0.0,NH,NEW HAMPSHIRE,0.06570322,0.0
2024,30,0.0,0.0,NJ,NEW JERSEY,0.06570322,0.0
2024,31,20010.501313857712,417.502319089589,NM,NEW MEXICO,0.06570322,1314754.3701346824
2024,32,230.69691905904887,0.987907425616852,NY,NEW YORK,0.06570322,15157.530426258883
2024,33,82812.83199240416,452.6650621537643,NC,NORTH CAROLINA,0.06570322,5441069.71921997
2024,34,4824188.238386842,17944.259351950503,ND,NORTH DAKOTA,0.06570322,316964701.14814323
2024,35,88114.22039687008,580.7764489530884,OH,OHIO,0.06570322,5789388.007864042
2024,36,8086092.647974171,31824.357503618347,OK,OKLAHOMA,0.06570322,531282324.19022954
2024,37,833660.8937961629,4706.425322103333,OR,OREGON,0.06570322,54774205.11048593
2024,38,0.0,0.0,PA,PENNSYLVANIA,0.06570322,0.0
2024,39,0.0,0.0,RI,RHODE ISLAND,0.06570322,0.0
2024,40,54557.30767909429,259.8517923311243,SC,SOUTH CAROLINA,0.06570322,3584590.7890472217
2024,41,256242.354632516,1556.7113780361883,SD,SOUTH DAKOTA,0.06570322,16835947.79973822
2024,42,15348.954595890944,143.41346176082,TN,TENNESSEE,0.06570322,1008475.7405838338
2024,43,5555742.029302701,31806.24513418357,TX,TEXAS,0.06570322,365030140.81452185
2024,44,3009.490688221128,357.95142157186746,UT,UTAH,0.06570322,197733.2287761442
2024,45,0.0,0.0,VT,VERMONT,0.06570322,0.0
2024,46,0.0,0.0,VA,VIRGINIA,0.06570322,0.0
2024,47,1026101.1009895316,8161.58459342794,WA,WASHINGTON,0.06570322,67418146.38055742
2024,48,20.693625065574388,0.3669104959018169,WV,WEST VIRGINIA,0.06570322,1359.6378002809483
2024,49,13680.184673148622,74.7229039398482,WI,WISCONSIN,0.06570322,898832.1832205121
2024,50,34576.52458543339,459.8857081825881,WY,WYOMING,0.06570322,2271789.0016721394
2025,0,7092.373339469556,137.09107041309258,AL,ALABAMA,0.0645367,457718.37049734493
2025,2,3.555807718428815,11.996475569777946,AZ,ARIZONA,0.0645367,229.4800959819249
2025,3,235316.7434341908,1371.6596408264174,AR,ARKANSAS,0.0645367,15186566.075989343
2025,4,8708.475350370678,370.2701967025096,CA,CALIFORNIA,0.0645367,562016.2611442673
2025,5,785867.218614154,14826.228708219884,CO,COLORADO,0.0645367,50717276.92753607
2025,6,0.0,0.0,CT,CONNECTICUT,0.0645367,0.0
2025,7,12148.53241047244,165.97213506002583,DE,DELAWARE,0.0645367,784026.1916149367
2025,8,0.0,0.0,DC,DISTRICT OF COLUMBIA,0.0645367,0.0
2025,9,778.6494730984278,11.442889079861152,FL,FLORIDA,0.0645367,50251.467450511314
2025,10,76719.12681462872,804.131112678116,GA,GEORGIA,0.0645367,4951199.271497649
2025,12,156105.43602242554,3822.591479192145,ID,IDAHO,0.0645367,10074529.69294847
2025,13,9005.32748796023,51.19510814589799,IL,ILLINOIS,0.0645367,581174.118492243
2025,14,8193.83719634801,60.31660906434912,IN,INDIANA,0.0645367,528803.2129895526
2025,15,81.18392948569499,0.984022520484588,IA,IOWA,0.0645367,5239.3429020394515
2025,16,6930321.070464965,27968.21372526597,KS,KANSAS,0.0645367,447260051.82827634
2025,17,30375.144627026573,563.4660364226493,KY,KENTUCKY,0.0645367,1960311.5962510258
2025,18,137498.44956053735,764.8387455736472,LA,LOUISIANA,0.0645367,8873696.18975353
2025,19,0.0,0.0,ME,MAINE,0.0645367,0.0
2025,20,25054.491630515637,280.9189417277897,MD,MARYLAND,0.0645367,1616934.2100110985
2025,21,0.0,0.0,MA,MASSACHUSETTS,0.0645367,0.0
2025,22,40569.549660782446,163.88977524189443,MI,MICHIGAN,0.0645367,2618224.8555930187
2025,23,68168.62085839303,471.7346359852961,MN,MINNESOTA,0.0645367,4399377.833751854
2025,24,35030.84097626939,207.99368414284484,MS,MISSISSIPPI,0.0645367,2260774.8748332052
2025,25,11134.39765219514,160.94702176706903,MO,MISSOURI,0.0645367,718577.2809604221
2025,26,8885514.394004669,46022.77442905613,MT,MONTANA,0.0645367,573441776.7915611
2025,27,1056782.112317775,6345.742202852413,NE,NEBRASKA,0.0645367,68201230.14801854
2025,28,8480.142287827828,690.87811747837,NV,NEVADA,0.0645367,547280.3987868583
2025,29,0.0,0.0,NH,NEW HAMPSHIRE,0.0645367,0.0
2025,30,2414.9913372259825,36.86491476411758,NJ,NEW JERSEY,0.0645367,155855.57143315207
2025,31,8279.267654605786,144.60202261270013,NM,NEW MEXICO,0.0645367,534316.6128449973
2025,32,403.3900133492904,2.4529522635845287,NY,NEW YORK,0.0645367,26033.46027451915
2025,33,31755.485171451903,573.160504906873,NC,NORTH CAROLINA,0.0645367,2049394.2198644402
2025,34,6652968.418728568,24537.3315521154,ND,NORTH DAKOTA,0.0645367,429360626.94896
2025,35,29925.54828824702,293.83661350349666,OH,OHIO,0.0645367,1931296.1322141115
2025,36,792935.7739646147,3611.985109338621,OK,OKLAHOMA,0.0645367,51173458.163622156
2025,37,1868588.420305112,8980.20206276141,OR,OREGON,0.0645367,120592530.30470492
2025,38,135.49233037212662,8.083090285847133,PA,PENNSYLVANIA,0.0645367,8744.227877526824
2025,39,0.0,0.0,RI,RHODE ISLAND,0.0645367,0.0
2025,40,28906.14501963637,424.850521696977,SC,SOUTH CAROLINA,0.0645367,1865507.2092887666
2025,41,2192816.434687681,12871.542223178178,SD,SOUTH DAKOTA,0.0645367,141517136.4005085
2025,42,68314.54043007421,633.9423199543643,TN,TENNESSEE,0.0645367,4408795.00137357
2025,43,362457.3724709021,3688.927939402664,TX,TEXAS,0.0645367,23391802.709942866
2025,44,12481.48113838094,1531.7734401197456,UT,UTAH,0.0645367,805513.6037833492
2025,45,0.0,0.0,VT,VERMONT,0.0645367,0.0
2025,46,6534.723984323255,147.53595200332407,VA,VIRGINIA,0.0645367,421729.5213590746
2025,47,2280181.0066733453,18245.5866699002,WA,WASHINGTON,0.0645367,147155357.5733757
2025,48,0.0,0.0,WV,WEST VIRGINIA,0.0645367,0.0
2025,49,26710.242811130207,105.79868290349626,WI,WISCONSIN,0.0645367,1723790.9272290668
2025,50,124528.00552491646,1953.7949015551085,WY,WYOMING,0.0645367,8036626.534159876
2026,0,6069.316645966539,123.4468823558326,AL,ALABAMA,0.06477892,393163.7774637348
2026,2,4.115448845677975,13.88457572662616,AZ,ARIZONA,0.06477892,266.5943315382659
2026,3,133318.541974638,1479.9981424321218,AR,ARKANSAS,0.06477892,8636231.165091718
2026,4,4560.5349782163485,169.9256920418373,CA,CALIFORNIA,0.06477892,295426.5305110786
2026,5,88712.1024958095,3155.1579082139338,CO,COLORADO,0.06477892,5746674.190607844
2026,6,0.0,0.0,CT,CONNECTICUT,0.06477892,0.0
2026,7,33816.6179419037,209.7385860961062,DE,DELAWARE,0.06477892,2190603.9883291447
2026,8,0.0,0.0,DC,DISTRICT OF COLUMBIA,0.06477892,0.0
2026,9,265.4105804157447,2.4363613771849177,FL,FLORIDA,0.06477892,17193.010755905092
2026,10,97622.3878014501,745.2332369129564,GA,GEORGIA,0.06477892,6323872.849599112
2026,12,97756.44255081203,2548.258441045531,ID,IDAHO,0.06477892,6332556.7714836495
2026,13,11715.818095212837,136.38149915254547,IL,ILLINOIS,0.06477892,758938.0431243448
2026,14,34327.6351177678,318.63307430104345,IN,INDIANA,0.06477892,2223707.1290830714
2026,15,112.69848299691807,1.4088997871181297,IA,IOWA,0.06477892,7300.486014178717
2026,16,5057657.8567949375,37874.88314662587,KS,KANSAS,0.06477892,327629613.69269073
2026,17,39831.06463795492,978.1352419257652,KY,KENTUCKY,0.06477892,2580213.349696911
2026,18,6360.836939008801,114.57715242418078,LA,LOUISIANA,0.06477892,412048.14720509603
2026,19,0.0,0.0,ME,MAINE,0.06477892,0.0
2026,20,67331.43293223022,408.083271566164,MD,MARYLAND,0.06477892,4361657.507402307
2026,21,0.0,0.0,MA,MASSACHUSETTS,0.06477892,0.0
2026,22,52981.07464169576,151.4355259704865,MI,MICHIGAN,0.06477892,3432056.7957284385
2026,23,384556.04074915696,3351.5315816127645,MN,MINNESOTA,0.06477892,24911124.99920638
2026,24,9641.05072993856,151.35022730477175,MS,MISSISSIPPI,0.06477892,624536.8539506317
2026,25,18600.44595735834,307.7192515130223,MO,MISSOURI,0.06477892,1204916.8006360396
2026,26,4513625.062334706,27102.357604085548,MT,MONTANA,0.06477892,292387756.822975
2026,27,469588.61754264287,4044.0467238975375,NE,NEBRASKA,0.06477892,30419443.488705464
2026,28,7317.659508754391,601.7461207923025,NV,NEVADA,0.06477892,474030.07990484004
2026,29,0.0,0.0,NH,NEW HAMPSHIRE,0.06477892,0.0
2026,30,12007.81017431364,94.57242130687833,NJ,NEW JERSEY,0.06477892,777852.9746570494
2026,31,155.95182599550606,2.285529304131302,NM,NEW MEXICO,0.06477892,10102.390860016807
2026,32,0.0,0.0,NY,NEW YORK,0.06477892,0.0
2026,33,90882.87372603388,1155.8783694154354,NC,NORTH CAROLINA,0.06477892,5887294.4064688515
2026,34,1871680.413616474,13749.90145028166,ND,NORTH DAKOTA,0.06477892,121245435.77922848
2026,35,100457.60632058124,1000.4925700313346,OH,OHIO,0.06477892,6507535.243232427
2026,36,153967.00059717233,2815.123060987985,OK,OKLAHOMA,0.06477892,9973816.014324179
2026,37,1720006.9347492736,8680.537790659568,OR,OREGON,0.06477892,111420191.62556842
2026,38,8666.88168407446,203.7703569703698,PA,PENNSYLVANIA,0.06477892,561431.2352621247
2026,39,0.0,0.0,RI,RHODE ISLAND,0.06477892,0.0
2026,40,50321.5970203251,549.6379335171788,SC,SOUTH CAROLINA,0.06477892,3259778.707651878
2026,41,16118.61673368645,323.92136515786615,SD,SOUTH DAKOTA,0.06477892,1044146.5839021358
2026,42,37996.216771271575,508.294283296412,TN,TENNESSEE,0.06477892,2461353.8865288594
2026,43,76481.39797020133,1954.367279864065,TX,TEXAS,0.06477892,4954382.3605998345
2026,44,7718.246865548434,917.8453816377616,UT,UTAH,0.06477892,499979.6962436128
2026,45,0.0,0.0,VT,VERMONT,0.06477892,0.0
2026,46,27442.466915616937,253.4643764271021,VA,VIRGINIA,0.06477892,1777693.3689293964
2026,47,2453806.7607020754,19509.97990468725,WA,WASHINGTON,0.06477892,158954951.8469789
2026,48,203.0703068790504,10.96970351299752,WV,WEST VIRGINIA,0.06477892,13154.675163693457
2026,49,7738.26768082138,40.54545937303939,WI,WISCONSIN,0.06477892,501276.62303451373
2026,50,35680.16223813926,455.768239327357,WY,WYOMING,0.06477892,2311322.375211444
2027,0,2915.950012073852,58.89156334097652,AL,ALABAMA,0.06502114,189598.39396805564
2027,2,4.80835127860002,16.222268809890508,AZ,ARIZONA,0.06502114,312.6444816550309
2027,3,96838.76395813053,1332.4496171382525,AR,ARKANSAS,0.06502114,6296566.82874856
2027,4,5481.905740036096,218.65556237045396,CA,CALIFORNIA,0.06502114,356439.76058969065
2027,5,423997.01937197696,9595.291299687213,CO,COLORADO,0.06502114,27568769.556168027
2027,6,0.0,0.0,CT,CONNECTICUT,0.06502114,0.0
2027,7,983.7109314393696,12.104945687229598,DE,DELAWARE,0.06502114,63962.00619264966
2027,8,0.0,0.0,DC,DISTRICT OF COLUMBIA,0.06502114,0.0
2027,9,0.0,0.0,FL,FLORIDA,0.06502114,0.0
2027,10,281.8030350274278,3.407326112078347,GA,GEORGIA,0.06502114,18323.15459294329
2027,12,217305.5244788028,5387.079258917538,ID,IDAHO,0.06502114,14129452.929909665
2027,13,340841.2256507183,2073.65554826104,IL,ILLINOIS,0.06502114,22161885.05080695
2027,14,91520.59486361848,813.7350775350836,IN,INDIANA,0.06502114,5950773.411510618
2027,15,299.6550546556229,1.4968708350563185,IA,IOWA,0.06502114,19483.913260470912
2027,16,1957877.6318758803,9646.800621433324,KS,KANSAS,0.06502114,127303435.60507008
2027,17,43127.16924925624,997.8707222778904,KY,KENTUCKY,0.06502114,2804177.7095595854
2027,18,1643.596308380884,30.615035243411317,LA,LOUISIANA,0.06502114,106868.50567071665
2027,19,0.0,0.0,ME,MAINE,0.06502114,0.0
2027,20,7560.326445773006,65.6967942493223,MD,MARYLAND,0.06502114,491581.044276309
2027,21,0.0,0.0,MA,MASSACHUSETTS,0.06502114,0.0
2027,22,55736.56661478476,182.3221973144844,MI,MICHIGAN,0.06502114,3624055.100979246
2027,23,2294551.5637064315,6772.043124684596,MN,MINNESOTA,0.06502114,149194358.4609748
2027,24,768.3323191381212,10.632444502077169,MS,MISSISSIPPI,0.06502114,49957.843289204466
2027,25,107173.82009883718,1197.0739716581238,MO,MISSOURI,0.06502114,6968563.960981307
2027,26,5414547.058203015,32833.73368673716,MT,MONTANA,0.06502114,352060022.30800635
2027,27,462349.6887202313,2706.855725523777,NE,NEBRASKA,0.06502114,30062503.839234583
2027,28,9300.651586077429,762.063529231453,NV,NEVADA,0.06502114,604738.9688695626
2027,29,0.0,0.0,NH,NEW HAMPSHIRE,0.06502114,0.0
2027,30,1165.470021704715,26.525149373738262,NJ,NEW JERSEY,0.06502114,75780.18944706532
2027,31,2008.3265803342592,112.09089433706274,NM,NEW MEXICO,0.06502114,130583.68374563512
2027,32,1463.38130730394,18.755504042448507,NY,NEW YORK,0.06502114,95150.7208555925
2027,33,77137.31936663947,507.4551145373596,NC,NORTH CAROLINA,0.06502114,5015556.441762976
2027,34,8915398.828235188,32844.65910892986,ND,NORTH DAKOTA,0.06502114,579689395.3665162
2027,35,62617.076090342525,679.9975923874886,OH,OHIO,0.06502114,4071433.670860814
2027,36,968184.6513970508,4266.237215987186,OK,OKLAHOMA,0.06502114,62952469.76433884
2027,37,2120480.149708325,10367.430521992128,OR,OREGON,0.06502114,137876036.681406
2027,38,4117.053041559806,137.59063744363368,PA,PENNSYLVANIA,0.06502114,267695.482202686
2027,39,0.0,0.0,RI,RHODE ISLAND,0.06502114,0.0
2027,40,2061.146334566346,11.172631319994284,SC,SOUTH CAROLINA,0.06502114,134018.08438032522
2027,41,1657219.3409009366,9570.638212640246,SD,SOUTH DAKOTA,0.06502114,107754290.77542754
2027,42,26536.617828546267,353.3423692710481,TN,TENNESSEE,0.06502114,1725441.1429564029
2027,43,1310765.8013084626,7708.895438495568,TX,TEXAS,0.06502114,85227486.67408974
2027,44,15588.880912667606,1837.8481481240776,UT,UTAH,0.06502114,1013606.8082658882
2027,45,0.0,0.0,VT,VERMONT,0.06502114,0.0
2027,46,3806.334449681657,54.53590453606933,VA,VIRGINIA,0.06502114,247492.205139574
2027,47,2565547.6821687594,20572.43589656831,WA,WASHINGTON,0.06502114,166814835.01897043
2027,48,0.0,0.0,WV,WEST VIRGINIA,0.06502114,0.0
2027,49,20295.422595270156,97.2202344735739,WI,WISCONSIN,0.06502114,1319631.5139262243
2027,50,95968.381179656,1298.999058160113,WY,WYOMING,0.06502114,6239973.548255778
2028,0,12374.75650445687,136.15678781761704,AL,ALABAMA,0.0652633599999999,807618.1886627089
2028,2,2.8688440847304486,9.67881862610333,AZ,ARIZONA,0.0652633599999999,187.23040428563348
2028,3,742846.9960472126,3520.328213164047,AR,ARKANSAS,0.0652633599999999,48480690.92794774
2028,4,10107.502813238763,438.3297464103029,CA,CALIFORNIA,0.0652633599999999,659649.5948014131
2028,5,540872.8563885777,10818.01881056005,CO,COLORADO,0.0652633599999999,35299179.94071599
2028,6,0.0,0.0,CT,CONNECTICUT,0.0652633599999999,0.0
2028,7,24005.022356908525,203.54056434538825,DE,DELAWARE,0.0652633599999999,1566648.4158869672
2028,8,0.0,0.0,DC,DISTRICT OF COLUMBIA,0.0652633599999999,0.0
2028,9,546.0732080126966,7.927924072987124,FL,FLORIDA,0.0652633599999999,35638.57236088745
2028,10,34425.98542972497,496.7586777994828,GA,GEORGIA,0.0652633599999999,2246755.480454892
2028,12,251287.61336862305,5661.113503922099,ID,IDAHO,0.0652633599999999,16399873.974817233
2028,13,818337.6110369619,2185.9290203262385,IL,ILLINOIS,0.0652633599999999,53407462.11064513
2028,14,398727.0753276859,1408.3445606814494,IN,INDIANA,0.0652633599999999,26022268.65885784
2028,15,477.28301615028863,1.555549614481704,IA,IOWA,0.0652633599999999,31149.09330490205
2028,16,13036789.66179057,60134.08780478626,KS,KANSAS,0.0652633599999999,850824696.9417148
2028,17,177843.8181425435,1476.1495277356598,KY,KENTUCKY,0.0652633599999999,11606685.127211329
2028,18,72138.81636119483,548.3344429139181,LA,LOUISIANA,0.0652633599999999,4708021.54215454
2028,19,0.0,0.0,ME,MAINE,0.0652633599999999,0.0
2028,20,51587.31061901955,373.71585075705286,MD,MARYLAND,0.0652633599999999,3366761.22436089
2028,21,0.0,0.0,MA,MASSACHUSETTS,0.0652633599999999,0.0
2028,22,98894.54888074046,189.25631119454343,MI,MICHIGAN,0.0652633599999999,6454190.5456413515
2028,23,2656746.6192813804,6976.733582194746,MN,MINNESOTA,0.0652633599999999,173388211.04294342
2028,24,33443.26434009544,215.80404316969103,MS,MISSISSIPPI,0.0652633599999999,2182619.800202808
2028,25,372786.0133493058,2494.41690654554,MO,MISSOURI,0.0652633599999999,24329267.792180512
2028,26,9672117.75692086,49313.80128491937,MT,MONTANA,0.0652633599999999,631234903.1323174
2028,27,671866.4117436137,4549.704435282712,NE,NEBRASKA,0.0652633599999999,43848259.50153161
2028,28,10360.186288329538,868.3416999645515,NV,NEVADA,0.0652633599999999,676140.5674023133
2028,29,0.0,0.0,NH,NEW HAMPSHIRE,0.0652633599999999,0.0
2028,30,10834.991103557217,104.64251200721618,NJ,NEW JERSEY,0.0652633599999999,707127.9249882507
2028,31,35213.012026352175,609.1245117082425,NM,NEW MEXICO,0.0652633599999999,2298119.4805601477
2028,32,4080.771286693959,22.852347329591154,NY,NEW YORK,0.0652633599999999,266324.84556117066
2028,33,5345.322762929306,137.18640273383988,NC,NORTH CAROLINA,0.0652633599999999,348853.7237932494
2028,34,12380524.786241032,39672.48460660575,ND,NORTH DAKOTA,0.0652633599999999,807994646.1133702
2028,35,545978.5774437756,2741.2052340748896,OH,OHIO,0.0652633599999999,35632396.45200095
2028,36,4976157.057419988,27877.54767835673,OK,OKLAHOMA,0.0652633599999999,324760729.45494086
2028,37,1936295.67822594,9607.675106995486,OR,OREGON,0.0652633599999999,126369161.91450348
2028,38,17285.890369882647,308.6956732679791,PA,PENNSYLVANIA,0.0652633599999999,1128135.2861301824
2028,39,0.0,0.0,RI,RHODE ISLAND,0.0652633599999999,0.0
2028,40,17812.765602367224,227.17020259769467,SC,SOUTH CAROLINA,0.0652633599999999,1162520.9341029073
2028,41,2726596.2184578786,13446.823320085114,SD,SOUTH DAKOTA,0.0652633599999999,177946830.57985488
2028,42,147062.28076654163,873.8613565647337,TN,TENNESSEE,0.0652633599999999,9597778.572087867
2028,43,4206162.464905277,30279.29672825407,TX,TEXAS,0.0652633599999999,274508295.1656
2028,44,12932.8023860186,1526.474509436492,UT,UTAH,0.0652633599999999,844038.1379275895
2028,45,0.0,0.0,VT,VERMONT,0.0652633599999999,0.0
2028,46,3862.666576517362,74.40147023660444,VA,VIRGINIA,0.0652633599999999,252090.59934321974
2028,47,2384269.748780953,19691.371660307763,WA,WASHINGTON,0.0652633599999999,155605454.95180067
2028,48,411.1784597473776,14.381709733321522,WV,WEST VIRGINIA,0.0652633599999999,26834.88784273857
2028,49,77635.63448626797,176.88297522073307,WI,WISCONSIN,0.0652633599999999,5066762.362305714
2028,50,86063.62674660402,948.5068458242904,WY,WYOMING,0.0652633599999999,5616801.455269237
2029,0,1475.191268287659,29.605683375812987,AL,ALABAMA,0.06550558,96633.2596401187
2029,2,4.075370353081074,13.749360131356376,AZ,ARIZONA,0.06550558,266.9594986933805
2029,3,16361.217966545766,185.55507803813944,AR,ARKANSAS,0.06550558,1071751.072405001
2029,4,13973.872223365706,592.0739380028343,CA,CALIFORNIA,0.06550558,915366.60483746
2029,5,327921.73465866345,8288.035977496042,CO,COLORADO,0.06550558,21480703.42342185
2029,6,0.0,0.0,CT,CONNECTICUT,0.06550558,0.0
2029,7,312.1618189614777,5.099189216019494,DE,DELAWARE,0.06550558,20448.341004926595
2029,8,0.0,0.0,DC,DISTRICT OF COLUMBIA,0.06550558,0.0
2029,9,356.28409363547064,8.224807943389724,FL,FLORIDA,0.06550558,23338.596198365813
2029,10,2581.276938956328,121.35506185243872,GA,GEORGIA,0.06550558,169088.04302695885
2029,12,199423.82936632115,4831.552955189817,ID,IDAHO,0.06550558,13063373.608461898
2029,13,135009.15765001217,674.7564159017578,IL,ILLINOIS,0.06550558,8843853.177175483
2029,14,10484.6128701694,135.21566185061965,IN,INDIANA,0.06550558,686800.6471359112
2029,15,562.5813785860034,1.5996234006068597,IA,IOWA,0.06550558,36852.21950147573
2029,16,2320089.9321260927,34327.34920077195,KS,KANSAS,0.06550558,151978836.65608034
2029,17,403.06774273690667,8.234694884389464,KY,KENTUCKY,0.06550558,26403.186267271856
2029,18,549.3250105698952,22.40976073052993,LA,LOUISIANA,0.06550558,35983.85342588711
2029,19,0.0,0.0,ME,MAINE,0.06550558,0.0
2029,20,1934.817909420857,24.704867250649603,MD,MARYLAND,0.06550558,126741.36935100069
2029,21,0.0,0.0,MA,MASSACHUSETTS,0.06550558,0.0
2029,22,28088.50701198097,118.57256723690006,MI,MICHIGAN,0.06550558,1839953.9431538805
2029,23,2077782.2834853064,5982.700287082012,MN,MINNESOTA,0.06550558,136106333.59342942
2029,24,2448.984460978136,23.2428107675236,MS,MISSISSIPPI,0.06550558,160422.14752736018
2029,25,154912.85522794948,1794.2952549942274,MO,MISSOURI,0.06550558,10147656.431162862
2029,26,6457569.990948883,35040.83396739424,MT,MONTANA,0.06550558,423006867.6477013
2029,27,1045832.4198520798,7479.397639254481,NE,NEBRASKA,0.06550558,68507859.245214
2029,28,8595.166430084313,722.6029004758536,NV,NEVADA,0.06550558,563031.3621992023
2029,29,0.0,0.0,NH,NEW HAMPSHIRE,0.06550558,0.0
2029,30,3.901982687402729,0.4140733776865998,NJ,NEW JERSEY,0.06550558,255.60163908827442
2029,31,4414.564380287102,144.12002377806178,NM,NEW MEXICO,0.06550558,289178.60017804714
2029,32,0.0,0.0,NY,NEW YORK,0.06550558,0.0
2029,33,1536.5492338873523,20.481799902489826,NC,NORTH CAROLINA,0.06550558,100652.54876434666
2029,34,12389898.62383543,37585.6403230055,ND,NORTH DAKOTA,0.06550558,811607495.4955416
2029,35,14154.659694897677,279.76617383321,OH,OHIO,0.06550558,927209.1930168952
2029,36,406059.4771847876,6433.9762222762965,OK,OKLAHOMA,0.06550558,26599161.56748628
2029,37,1955916.336621911,9765.103600261831,OR,OREGON,0.06550558,128123434.06189351
2029,38,197.03499878262025,3.5884779789915733,PA,PENNSYLVANIA,0.06550558,12906.891875554831
2029,39,0.0,0.0,RI,RHODE ISLAND,0.06550558,0.0
2029,40,2784.408715596512,47.17830686134303,SC,SOUTH CAROLINA,0.06550558,182394.30787220455
2029,41,3368373.380600931,13645.67328392959,SD,SOUTH DAKOTA,0.06550558,220647251.9528247
2029,42,19142.25353799802,224.3071945026525,TN,TENNESSEE,0.06550558,1253924.4205136122
2029,43,234650.0061034964,3479.373272442901,TX,TEXAS,0.06550558,15370884.746813068
2029,44,16038.919630992008,1875.90325021122,UT,UTAH,0.06550558,1050638.7330015174
2029,45,0.0,0.0,VT,VERMONT,0.06550558,0.0
2029,46,509.6305281439577,10.516534194294977,VA,VIRGINIA,0.06550558,33383.643331776264
2029,47,2489416.2705727527,19735.98869328403,WA,WASHINGTON,0.06550558,163070656.66530508
2029,48,146.35296479127044,3.446134339859464,WV,WEST VIRGINIA,0.06550558,9586.935843371748
2029,49,58604.86671718951,190.81446846953844,WI,WISCONSIN,0.06550558,3838945.7851321944
2029,50,187154.3337874917,2134.035950362125,WY,WYOMING,0.06550558,12259653.184263239
2030,0,5481.251444973954,74.59504633273498,AL,ALABAMA,0.0657478,360380.22375385853
2030,2,3.084042625541405,10.404848895994087,AZ,ARIZONA,0.0657478,202.76901773557117
2030,3,1350.7377932672232,12.840307874923852,AR,ARKANSAS,0.0657478,88808.03828417473
2030,4,12637.347590357656,490.0524771093367,CA,CALIFORNIA,0.0657478,830877.801901317
2030,5,1023468.5168812482,19355.84184294979,CO,COLORADO,0.0657478,67290803.35420492
2030,6,0.0,0.0,CT,CONNECTICUT,0.0657478,0.0
2030,7,624.3923177692291,22.67297883511067,DE,DELAWARE,0.0657478,41052.421230227716
2030,8,0.0,0.0,DC,DISTRICT OF COLUMBIA,0.0657478,0.0
2030,9,604.0391824351648,3.554418145371325,FL,FLORIDA,0.0657478,39714.247358910725
2030,10,64548.99074538174,680.8081146465245,GA,GEORGIA,0.0657478,4243954.133729209
2030,12,249918.5426136,5763.686413269736,ID,IDAHO,0.0657478,16431594.35605045
2030,13,12336.35165206648,139.53312897359731,IL,ILLINOIS,0.0657478,811087.9811497364
2030,14,17968.307793052507,131.48094402234966,IN,INDIANA,0.0657478,1181376.7071160574
2030,15,140.69440630567516,1.6143019912140102,IA,IOWA,0.0657478,9250.347686904268
2030,16,11972517.932917524,46188.99345181887,KS,KANSAS,0.0657478,787166714.5498748
2030,17,13745.632635389244,464.7302181240951,KY,KENTUCKY,0.0657478,903745.1053850449
2030,18,56943.47534790536,638.2553020863604,LA,LOUISIANA,0.0657478,3743908.228479012
2030,19,0.0,0.0,ME,MAINE,0.0657478,0.0
2030,20,3877.3380434278206,102.61693282126812,MD,MARYLAND,0.0657478,254926.44621168365
2030,21,0.0,0.0,MA,MASSACHUSETTS,0.0657478,0.0
2030,22,32916.43005067283,150.8130461734732,MI,MICHIGAN,0.0657478,2164182.8596856273
2030,23,153900.31504892168,1179.2307606014606,MN,MINNESOTA,0.0657478,10118607.133773493
2030,24,11496.236823653217,83.46064557812775,MS,MISSISSIPPI,0.0657478,755852.279434187
2030,25,8073.860524596004,125.22981043400908,MO,MISSOURI,0.0657478,530838.5669990332
2030,26,6716873.472183839,38017.7296749922,MT,MONTANA,0.0657478,441619653.6744486
2030,27,1582881.4448832008,8041.14819716782,NE,NEBRASKA,0.0657478,104070972.66189171
2030,28,8481.797422129479,697.4107630265834,NV,NEVADA,0.0657478,557659.5205506844
2030,29,0.0,0.0,NH,NEW HAMPSHIRE,0.0657478,0.0
2030,30,1307.5768759962446,52.27473107013542,NJ,NEW JERSEY,0.0657478,85970.30292762589
2030,31,135790.84398945564,2125.857020903644,NM,NEW MEXICO,0.0657478,8927949.252449932
2030,32,0.0,0.0,NY,NEW YORK,0.0657478,0.0
2030,33,31204.67562930013,358.6904010873633,NC,NORTH CAROLINA,0.0657478,2051638.772340099
2030,34,10176190.039473142,34813.04029363462,ND,NORTH DAKOTA,0.0657478,669062107.4772723
2030,35,27033.174082157384,272.91623776272706,OH,OHIO,0.0657478,1777371.7229188671
2030,36,3256641.880182689,18420.017604610766,OK,OKLAHOMA,0.0657478,214117039.0098754
2030,37,2394036.088438789,11835.12514823986,OR,OREGON,0.0657478,157402605.9354558
2030,38,1137.6846448818335,44.46990424934124,PA,PENNSYLVANIA,0.0657478,74800.26249476182
2030,39,0.0,0.0,RI,RHODE ISLAND,0.0657478,0.0
2030,40,77023.8286185973,659.9053619794372,SC,SOUTH CAROLINA,0.0657478,5064147.279249812
2030,41,2290043.388429793,11084.211709048748,SD,SOUTH DAKOTA,0.0657478,150565314.69380432
2030,42,10422.586249002285,152.82811891033109,TN,TENNESSEE,0.0657478,685262.1161821524
2030,43,2952790.0538804424,15852.339510909262,TX,TEXAS,0.0657478,194139449.90452054
2030,44,13927.54668957012,1655.1721671020389,UT,UTAH,0.0657478,915705.5542365182
2030,45,0.0,0.0,VT,VERMONT,0.0657478,0.0
2030,46,80.25259678792995,4.038576054932404,VA,VIRGINIA,0.0657478,5276.4316830934595
2030,47,2414832.4853097927,19248.43474564845,WA,WASHINGTON,0.0657478,158769923.27765116
2030,48,0.0,0.0,WV,WEST VIRGINIA,0.0657478,0.0
2030,49,6435.5177220308815,75.82339756324308,WI,WISCONSIN,0.0657478,423121.13208454195
2030,50,104225.91471510204,1420.625493499704,WY,WYOMING,0.0657478,6852624.595505586
2031,0,18.297603203030977,1.332853350985113,AL,ALABAMA,0.06521458,1193.2705078923198
2031,2,3.08435105108551,10.405889452682732,AZ,ARIZONA,0.06521458,201.14465836910006
2031,3,1788.2444972645053,22.094701611190345,AR,ARKANSAS,0.06521458,116619.61382641585
2031,4,4376.471134821579,174.39641522243414,CA,CALIFORNIA,0.06521458,285409.7269395126
2031,5,711625.074797066,15992.371269924655,CO,COLORADO,0.06521458,46408330.37035925
2031,6,0.0,0.0,CT,CONNECTICUT,0.06521458,0.0
2031,7,39085.68699235641,221.4099542802261,DE,DELAWARE,0.06521458,2548956.661217986
2031,8,0.0,0.0,DC,DISTRICT OF COLUMBIA,0.06521458,0.0
2031,9,0.0,0.0,FL,FLORIDA,0.06521458,0.0
2031,10,316.3627896048329,7.335568899138213,GA,GEORGIA,0.06521458,20631.466451707543
2031,12,254773.4188591797,5752.111398474863,ID,IDAHO,0.06521458,16614941.506065482
2031,13,2743.813052608856,63.16066048532415,IL,ILLINOIS,0.06521458,178936.61582440443
2031,14,12043.278254055584,99.16178058156792,IN,INDIANA,0.06521458,785397.3331613682
2031,15,118.16459969216328,1.453136646924258,IA,IOWA,0.06521458,7706.054739792557
2031,16,6012731.7905593645,41983.11457971756,KS,KANSAS,0.06521458,392117778.3739769
2031,17,11.90182339802934,0.1960529012840703,KY,KENTUCKY,0.06521458,776.1724141366561
2031,18,0.0,0.0,LA,LOUISIANA,0.06521458,0.0
2031,19,0.0,0.0,ME,MAINE,0.06521458,0.0
2031,20,77555.80095618297,486.583261413401,MD,MARYLAND,0.06521458,5057768.985921071
2031,21,0.0,0.0,MA,MASSACHUSETTS,0.06521458,0.0
2031,22,39868.93071977358,206.84524455387407,MI,MICHIGAN,0.06521458,2600035.5719391317
2031,23,376188.8084081856,2936.956338937433,MN,MINNESOTA,0.06521458,24532995.14104029
2031,24,0.0,0.0,MS,MISSISSIPPI,0.06521458,0.0
2031,25,13797.029244225823,282.60709126120986,MO,MISSOURI,0.06521458,899767.4674099043
2031,26,6552430.446169078,39031.62378136968,MT,MONTANA,0.06521458,427313999.52612907
2031,27,952822.7424947278,6791.224514442632,NE,NEBRASKA,0.06521458,62137934.96624182
2031,28,8466.284818972768,686.7812868360086,NV,NEVADA,0.06521458,552125.2086296851
2031,29,0.0,0.0,NH,NEW HAMPSHIRE,0.06521458,0.0
2031,30,20896.117096255253,122.89599951934036,NJ,NEW JERSEY,0.06521458,1362731.500063106
2031,31,59671.986807446665,1638.8412842735386,NM,NEW MEXICO,0.06521458,3891483.557413175
2031,32,1406.651395711246,20.292633719292187,NY,NEW YORK,0.06521458,91734.17997772271
2031,33,28509.265839930827,401.5638453085924,NC,NORTH CAROLINA,0.06521458,1859219.7978594361
2031,34,7821416.055692504,31748.03192363299,ND,NORTH DAKOTA,0.06521458,510070363.0772432
2031,35,63072.218176163246,333.41271210915386,OH,OHIO,0.06521458,4113228.218026852
2031,36,2828963.648182858,23334.51923599533,OK,OKLAHOMA,0.06521458,184489676.15151283
2031,37,1642604.2402730323,8701.582508852083,OR,OREGON,0.06521458,107121745.63562489
2031,38,18452.927135594186,282.9815489540337,PA,PENNSYLVANIA,0.06521458,1203399.8929183776
2031,39,0.0,0.0,RI,RHODE ISLAND,0.06521458,0.0
2031,40,0.0,0.0,SC,SOUTH CAROLINA,0.06521458,0.0
2031,41,997199.0922790626,8644.939154108748,SD,SOUTH DAKOTA,0.06521458,65031919.979360305
2031,42,0.0,0.0,TN,TENNESSEE,0.06521458,0.0
2031,43,1770530.727358997,19265.284569022257,TX,TEXAS,0.06521458,115464417.7618115
2031,44,14749.22186134395,1733.604231521923,UT,UTAH,0.06521458,961864.3090143638
2031,45,0.0,0.0,VT,VERMONT,0.06521458,0.0
2031,46,27705.846356050213,264.39459798979385,VA,VIRGINIA,0.06521458,1806825.1336543448
2031,47,1740106.8269252847,15112.510434729578,WA,WASHINGTON,0.06521458,113480335.87306511
2031,48,660.8560752684618,16.71866009328404,WV,WEST VIRGINIA,0.06521458,43097.45138908112
2031,49,20517.36655214036,96.0068449322022,WI,WISCONSIN,0.06521458,1338031.4424038816
2031,50,105715.8922508177,1263.264990473745,WY,WYOMING,0.06521458,6894217.51246233
2032,0,1585.7268571772245,80.98292241426739,AL,ALABAMA,0.06468136,102566.96971074863
2032,2,0.0,0.0,AZ,ARIZONA,0.06468136,0.0
2032,3,18404.08900317734,323.7591109831336,AR,ARKANSAS,0.06468136,1190401.5062865545
2032,4,4347.724926298126,165.07026396644153,CA,CALIFORNIA,0.06468136,281216.7611388625
2032,5,372863.9057352027,9836.826770708243,CO,COLORADO,0.06468136,24117344.51786471
2032,6,0.0,0.0,CT,CONNECTICUT,0.06468136,0.0
2032,7,20147.90932197252,200.95889209929769,DE,DELAWARE,0.06468136,1303194.1761018604
2032,8,0.0,0.0,DC,DISTRICT OF COLUMBIA,0.06468136,0.0
2032,9,0.0,0.0,FL,FLORIDA,0.06468136,0.0
2032,10,130.98569274641537,4.059744158225692,GA,GEORGIA,0.06468136,8472.33274738028
2032,12,216346.42865308104,5290.000871908742,ID,IDAHO,0.06468136,13993581.236424249
2032,13,118180.73217615605,899.52739926036,IL,ILLINOIS,0.06468136,7644090.482949532
2032,14,65242.103818907686,494.3636719969362,IN,INDIANA,0.06468136,4219948.004268142
2032,15,726.0175475828662,1.6729977139551475,IA,IOWA,0.06468136,46959.80236152449
2032,16,2888250.27236278,21997.30183163661,KS,KANSAS,0.06468136,186815955.63679498
2032,17,20531.73136536365,836.3277385875118,KY,KENTUCKY,0.06468136,1328020.3078663778
2032,18,308.1104783289351,5.507491295589021,LA,LOUISIANA,0.06468136,19929.004768566043
2032,19,0.0,0.0,ME,MAINE,0.06468136,0.0
2032,20,33280.82707996859,277.44478266486783,MD,MARYLAND,0.06468136,2152649.157457197
2032,21,0.0,0.0,MA,MASSACHUSETTS,0.06468136,0.0
2032,22,36668.61958097941,191.86966418749407,MI,MICHIGAN,0.06468136,2371776.183820378
2032,23,529829.7607958864,3296.112047503027,MN,MINNESOTA,0.06468136,34270109.49675261
2032,24,5125.240561786864,66.62005349160795,MS,MISSISSIPPI,0.06468136,331507.52986353834
2032,25,140800.74851083398,1015.8999791073852,MO,MISSOURI,0.06468136,9107183.902698716
2032,26,2834121.197277186,33557.97084745075,MT,MONTANA,0.06468136,183314813.44471666
2032,27,856700.3748004372,7209.948458678293,NE,NEBRASKA,0.06468136,55412545.354602
2032,28,10074.263145840345,838.7791699966049,NV,NEVADA,0.06468136,651617.0412708318
2032,29,0.0,0.0,NH,NEW HAMPSHIRE,0.06468136,0.0
2032,30,17784.767324082793,132.7602109696163,NJ,NEW JERSEY,0.06468136,1150342.9378052356
2032,31,5726.902088056613,92.91742547350758,NM,NEW MEXICO,0.06468136,370423.81564234145
2032,32,523.7232397678782,12.47070864801619,NY,NEW YORK,0.06468136,33875.13141179244
2032,33,2171.002340058929,88.1656030217512,NC,NORTH CAROLINA,0.06468136,140423.38391819398
2032,34,5263317.349378837,32049.485137382533,ND,NORTH DAKOTA,0.06468136,340438524.26941836
2032,35,118517.23445838374,769.9802739166972,OH,OHIO,0.06468136,7665855.908207123
2032,36,633162.6037045632,5960.4297912920265,OK,OKLAHOMA,0.06468136,40953818.30875219
2032,37,2536057.5694412026,12654.468309857526,OR,OREGON,0.06468136,164035652.6297514
2032,38,2896.250270137162,143.35479149774304,PA,PENNSYLVANIA,0.06468136,187333.406372839
2032,39,0.0,0.0,RI,RHODE ISLAND,0.06468136,0.0
2032,40,1095.9439118736273,26.800550578060637,SC,SOUTH CAROLINA,0.06468136,70887.14270370635
2032,41,1723110.341399748,12388.365534017075,SD,SOUTH DAKOTA,0.06468136,111453120.3118
2032,42,15291.963763597503,283.4061857761956,TN,TENNESSEE,0.06468136,989105.0133002049
2032,43,307816.57355656294,3565.099049299122,TX,TEXAS,0.06468136,19909994.608178526
2032,44,12905.746881261686,1608.324855594106,UT,UTAH,0.06468136,834761.2600957643
2032,45,0.0,0.0,VT,VERMONT,0.06468136,0.0
2032,46,131.84136315943945,11.156143518356494,VA,VIRGINIA,0.06468136,8527.678673406439
2032,47,2687265.4997430006,22197.014364857765,WA,WASHINGTON,0.06468136,173815987.2044569
2032,48,0.0,0.0,WV,WEST VIRGINIA,0.06468136,0.0
2032,49,27425.90484671368,150.4852615796839,WI,WISCONSIN,0.06468136,1773944.8247160322
2032,50,100431.59822761944,2064.480763790143,WY,WYOMING,0.06468136,6496052.360336014
2033,0,3191.4953436351466,32.31103515991289,AL,ALABAMA,0.06414814,204728.4901128555
2033,2,0.0,0.0,AZ,ARIZONA,0.06414814,0.0
2033,3,90164.89442259062,840.9789869089298,AR,ARKANSAS,0.06414814,5783910.270505562
2033,4,3066.8888422422715,117.4212394059092,CA,CALIFORNIA,0.06414814,196735.21481659517
2033,5,409249.0896575077,10336.82693771448,CO,COLORADO,0.06414814,26252567.89822236
2033,6,0.0,0.0,CT,CONNECTICUT,0.06414814,0.0
2033,7,28381.8705966208,219.1829616218027,DE,DELAWARE,0.06414814,1820644.2084939147
2033,8,0.0,0.0,DC,DISTRICT OF COLUMBIA,0.06414814,0.0
2033,9,323.94390670966663,1.4287932211468246,FL,FLORIDA,0.06414814,20780.399079758638
2033,10,59674.81531908487,460.2654580696095,GA,GEORGIA,0.06414814,3828028.407562801
2033,12,63250.61320787607,1668.2406415920846,ID,IDAHO,0.06414814,4057409.191144684
2033,13,32536.641070656417,452.8787266251788,IL,ILLINOIS,0.06414814,2087165.0065302178
2033,14,41683.64307552184,373.11845535912073,IN,INDIANA,0.06414814,2673928.171718606
2033,15,0.0,0.0,IA,IOWA,0.06414814,0.0
2033,16,5279633.591645487,20921.07979954751,KS,KANSAS,0.06414814,338678674.78557754
2033,17,29279.32901723145,1055.8647411008592,KY,KENTUCKY,0.06414814,1878214.4969034255
2033,18,31033.35196665912,166.69575502027033,LA,LOUISIANA,0.06414814,1990731.8066265248
2033,19,0.0,0.0,ME,MAINE,0.06414814,0.0
2033,20,40135.28667016284,307.2824703375027,MD,MARYLAND,0.06414814,2574603.9882577397
2033,21,0.0,0.0,MA,MASSACHUSETTS,0.06414814,0.0
2033,22,5450.359741567195,43.21528375712105,MI,MICHIGAN,0.06414814,349630.4397524162
2033,23,310209.8805645288,2560.9215929219195,MN,MINNESOTA,0.06414814,19899386.847836677
2033,24,5548.045060416412,74.1557576868287,MS,MISSISSIPPI,0.06414814,355896.7712619005
2033,25,25379.97111782163,321.19356212164973,MO,MISSOURI,0.06414814,1628077.9404619785
2033,26,807659.2952287442,9348.731476709658,MT,MONTANA,0.06414814,51809841.542634815
2033,27,937209.388041747,5954.64023438088,NE,NEBRASKA,0.06414814,60120239.03341632
2033,28,5897.298711671109,491.433408155038,NV,NEVADA,0.06414814,378300.743378098
2033,29,0.0,0.0,NH,NEW HAMPSHIRE,0.06414814,0.0
2033,30,23206.069313908672,152.25916486790936,NJ,NEW JERSEY,0.06414814,1488626.1831983177
2033,31,50109.64117260517,1138.8121892400618,NM,NEW MEXICO,0.06414814,3214440.2772900406
2033,32,1799.3322837039211,20.558692742471976,NY,NEW YORK,0.06414814,115423.81924155886
2033,33,86318.01548148127,591.4091567002442,NC,NORTH CAROLINA,0.06414814,5537140.141628228
2033,34,761971.3124467181,9472.55134784905,ND,NORTH DAKOTA,0.06414814,48879042.42681582
2033,35,77397.11512761276,788.1200015321732,OH,OHIO,0.06414814,4964880.976802222
2033,36,1152739.0955742411,7957.0861637229455,OK,OKLAHOMA,0.06414814,73946068.88636981
2033,37,1365874.6872563306,7393.484139804106,OR,OREGON,0.06414814,87618320.66057533
2033,38,15181.906012457108,302.2935318051249,PA,PENNSYLVANIA,0.06414814,973891.0323539404
2033,39,0.0,0.0,RI,RHODE ISLAND,0.06414814,0.0
2033,40,34653.26974281238,171.97813660170505,SC,SOUTH CAROLINA,0.06414814,2222942.7989196926
2033,41,114899.3807117739,1186.7100545534415,SD,SOUTH DAKOTA,0.06414814,7370581.559812172
2033,42,39395.46420331117,436.3228477505632,TN,TENNESSEE,0.06414814,2527145.7530789934
2033,43,2074299.22517141,16644.522352589844,TX,TEXAS,0.06414814,133062437.09818715
2033,44,9166.33935641618,1109.7901924498126,UT,UTAH,0.06414814,588003.620322895
2033,45,0.0,0.0,VT,VERMONT,0.06414814,0.0
2033,46,9446.80969411356,137.34827799806445,VA,VIRGINIA,0.06414814,605995.2708113539
2033,47,2107702.939091379,18052.1529200914,WA,WASHINGTON,0.06414814,135205223.21524525
2033,48,30.11744231960604,2.2388261248245778,WV,WEST VIRGINIA,0.06414814,1931.9779063600133
2033,49,2536.2153885994785,15.072512418598864,WI,WISCONSIN,0.06414814,162693.49981803377
2033,50,60618.01019328522,955.8335832306976,WY,WYOMING,0.06414814,3888532.604400288
2034,0,73.44416901853671,3.275915539732467,AL,ALABAMA,0.06361492,4672.144936580692
2034,2,1.8778034116789937,6.33527584641349,AZ,ARIZONA,0.06361492,119.45631380968625
2034,3,45720.78744867945,500.9061117268395,AR,ARKANSAS,0.06361492,2908524.235884748
2034,4,19513.9616198285,770.5062895260569,CA,CALIFORNIA,0.06361492,1241379.1073284606
2034,5,1195956.5138311894,22736.788842884336,CO,COLORADO,0.06361492,76080677.95085001
2034,6,0.0,0.0,CT,CONNECTICUT,0.06361492,0.0
2034,7,41031.43253817936,226.3756287268357,DE,DELAWARE,0.06361492,2610211.298401677
2034,8,0.0,0.0,DC,DISTRICT OF COLUMBIA,0.06361492,0.0
2034,9,4.097374148297106,0.348042725442262,FL,FLORIDA,0.06361492,260.6541286539885
2034,10,317.5149349194123,25.112873067686984,GA,GEORGIA,0.06361492,20198.687183703623
2034,12,294645.0916067937,6736.29897512418,ID,IDAHO,0.06361492,18743823.930958856
2034,13,52492.93630964325,545.3656060891514,IL,ILLINOIS,0.06361492,3339333.943903051
2034,14,30848.993950549582,186.86943701725727,IN,INDIANA,0.06361492,1962456.2822446958
2034,15,12.766657776901225,0.4102181036980004,IA,IOWA,0.06361492,812.1499131449492
2034,16,15625270.439164948,64552.87224742696,KS,KANSAS,0.06361492,994000328.9658431
2034,17,5460.258408907695,81.10725632437322,KY,KENTUCKY,0.06361492,347353.9018619904
2034,18,0.0,0.0,LA,LOUISIANA,0.06361492,0.0
2034,19,0.0,0.0,ME,MAINE,0.06361492,0.0
2034,20,73726.7248753653,455.7796649944849,MD,MARYLAND,0.06361492,4690119.704808374
2034,21,0.0,0.0,MA,MASSACHUSETTS,0.06361492,0.0
2034,22,3362.3368080775863,7.9634185347275634,MI,MICHIGAN,0.06361492,213894.78705891102
2034,23,420889.74663036974,3862.2686439484687,MN,MINNESOTA,0.06361492,26774867.560711242
2034,24,3186.55422429902,55.248514053303325,MS,MISSISSIPPI,0.06361492,202712.39205444424
2034,25,102989.44150745832,1142.4851133398995,MO,MISSOURI,0.06361492,6551665.082341641
2034,26,9260886.6423138,54125.13335666576,MT,MONTANA,0.06361492,589130562.8798611
2034,27,2110616.823320024,11198.70857472976,NE,NEBRASKA,0.06361492,134266720.3661575
2034,28,11888.878935022023,964.2339214465002,NV,NEVADA,0.06361492,756310.0823411113
2034,29,0.0,0.0,NH,NEW HAMPSHIRE,0.06361492,0.0
2034,30,16485.401605189814,122.39687683691838,NJ,NEW JERSEY,0.06361492,1048717.5042820217
2034,31,111546.71576515817,1809.5629756717665,NM,NEW MEXICO,0.06361492,7096035.399663276
2034,32,0.0,0.0,NY,NEW YORK,0.06361492,0.0
2034,33,61786.45131127129,635.542778059253,NC,NORTH CAROLINA,0.06361492,3930540.1572504183
2034,34,7349422.983199236,32672.60375308344,ND,NORTH DAKOTA,0.06361492,467532955.1223808
2034,35,71232.46471112313,782.5933072428303,OH,OHIO,0.06361492,4531447.544000922
2034,36,6948291.575771421,35205.23588621635,OK,OKLAHOMA,0.06361492,442015012.729373
2034,37,2585887.908702166,12211.960811232882,OR,OREGON,0.06361492,164501052.4410556
2034,38,9183.553888137529,228.77481300785783,PA,PENNSYLVANIA,0.06361492,584211.0459095578
2034,39,0.0,0.0,RI,RHODE ISLAND,0.06361492,0.0
2034,40,11561.566020648195,299.2103164723233,SC,SOUTH CAROLINA,0.06361492,735488.0974782533
2034,41,1070656.3741316926,11333.110548819168,SD,SOUTH DAKOTA,0.06361492,68109719.58787769
2034,42,7388.838893667404,87.88446361786231,TN,TENNESSEE,0.06361492,470040.3951135404
2034,43,3145984.274354279,20693.82789517471,TX,TEXAS,0.06361492,200131537.93430552
2034,44,18206.78446515041,2144.703430823003,UT,UTAH,0.06361492,1158223.137207786
2034,45,0.0,0.0,VT,VERMONT,0.06361492,0.0
2034,46,22143.589792712388,231.29406328676717,VA,VIRGINIA,0.06361492,1408662.6931762153
2034,47,2813237.5084140715,21977.959385525213,WA,WASHINGTON,0.06361492,178963879.0387605
2034,48,160.80711309520154,5.253173589619207,WV,WEST VIRGINIA,0.06361492,10229.7316349822
2034,49,5942.985535212146,46.08234079680764,WI,WISCONSIN,0.06361492,378062.5493836779
2034,50,292521.0472360585,3705.217912584878,WY,WYOMING,0.06361492,18608703.018238086
2035,0,178.9914174827872,15.255904736280833,AL,ALABAMA,0.0630817,11291.082900223937
2035,2,2.01581569140198,6.80089746409695,AZ,ARIZONA,0.0630817,127.1610807003123
2035,3,63913.5310876413,853.0666937110452,AR,ARKANSAS,0.0630817,4031774.1940112626
2035,4,6642.141838968871,255.03660878589451,CA,CALIFORNIA,0.0630817,418997.5988432826
2035,5,127843.0272021791,2754.8451458327936,CO,COLORADO,0.0630817,8064555.4890597025
2035,6,0.0,0.0,CT,CONNECTICUT,0.0630817,0.0
2035,7,19885.428509632697,187.18453855359357,DE,DELAWARE,0.0630817,1254406.635616097
2035,8,0.0,0.0,DC,DISTRICT OF COLUMBIA,0.0630817,0.0
2035,9,0.0,0.0,FL,FLORIDA,0.0630817,0.0
2035,10,606.7833804802028,55.11834583641847,GA,GEORGIA,0.0630817,38276.927172438016
2035,12,72316.25717572715,2202.389629429764,ID,IDAHO,0.0630817,4561832.440282067
2035,13,9892.305402764368,175.48464459498368,IL,ILLINOIS,0.0630817,624023.4417255612
2035,14,29582.17069271531,241.93398453258044,IN,INDIANA,0.0630817,1866093.6169866596
2035,15,65.46477421014254,0.6152920295834958,IA,IOWA,0.0630817,4129.629247291949
2035,16,2830946.2610904863,16884.09675353644,KS,KANSAS,0.0630817,178580902.75823176
2035,17,28876.174294699245,699.7895172954079,KY,KENTUCKY,0.0630817,1821558.1640059294
2035,18,14058.895611538544,214.718296993004,LA,LOUISIANA,0.0630817,886859.035298391
2035,19,0.0,0.0,ME,MAINE,0.0630817,0.0
2035,20,41935.51711547397,377.3444327088389,MD,MARYLAND,0.0630817,2645363.7100231946
2035,21,0.0,0.0,MA,MASSACHUSETTS,0.0630817,0.0
2035,22,7076.902846681437,82.21131988194242,MI,MICHIGAN,0.0630817,446423.06230350444
2035,23,589904.2332917233,4392.941002542777,MN,MINNESOTA,0.0630817,37212161.873238504
2035,24,12567.95786733869,119.24037404221087,MS,MISSISSIPPI,0.0630817,792808.147800099
2035,25,24226.088532134727,357.6258507534625,MO,MISSOURI,0.0630817,1528222.8489575633
2035,26,3519516.725238869,27308.828862758863,MT,MONTANA,0.0630817,222017098.2065008
2035,27,1111.9758213769746,76.65165607149672,NE,NEBRASKA,0.0630817,70145.32517135591
2035,28,3848.624283134941,312.1382684594184,NV,NEVADA,0.0630817,242777.7624414334
2035,29,0.0,0.0,NH,NEW HAMPSHIRE,0.0630817,0.0
2035,30,12393.00261309628,121.2510935670714,NJ,NEW JERSEY,0.0630817,781771.6729385557
2035,31,59980.47503803376,1522.8469869177272,NM,NEW MEXICO,0.0630817,3783670.332206734
2035,32,496.99561369640986,2.781774698774003,NY,NEW YORK,0.0630817,31351.328204512818
2035,33,19192.136817638297,599.9032370345287,NC,NORTH CAROLINA,0.0630817,1210672.6170892138
2035,34,3495692.543527528,18789.91166782785,ND,NORTH DAKOTA,0.0630817,220514228.3230405
2035,35,45914.52059721657,465.5313424857437,OH,OHIO,0.0630817,2896366.0139574367
2035,36,1184869.3461728864,8913.658069419984,OK,OKLAHOMA,0.0630817,74743572.63447417
2035,37,1249094.15446138,7007.277712417917,OR,OREGON,0.0630817,78794982.72348644
2035,38,4674.231642222598,198.1401885669377,PA,PENNSYLVANIA,0.0630817,294858.4781851932
2035,39,0.0,0.0,RI,RHODE ISLAND,0.0630817,0.0
2035,40,4435.986307864472,166.7544650554326,SC,SOUTH CAROLINA,0.0630817,279829.5574768143
2035,41,129991.2282459232,2249.9085676991936,SD,SOUTH DAKOTA,0.0630817,8200067.662840853
2035,42,20917.66166118154,369.0779054427169,TN,TENNESSEE,0.0630817,1319521.6576121557
2035,43,1401037.6639101426,12239.931171541604,TX,TEXAS,0.0630817,88379837.60348046
2035,44,10007.287969218542,1194.438815834659,UT,UTAH,0.0630817,631276.7374878533
2035,45,0.0,0.0,VT,VERMONT,0.0630817,0.0
2035,46,3855.106850412955,136.21842880770342,VA,VIRGINIA,0.0630817,243186.69380569493
2035,47,1568220.1795266815,14028.039107066994,WA,WASHINGTON,0.0630817,98925994.89884828
2035,48,147.1833402890956,3.548108233562842,WV,WEST VIRGINIA,0.0630817,9284.575317114644
2035,49,3479.34580882901,41.82971393570811,WI,WISCONSIN,0.0630817,219483.04850880898
2035,50,13429.355041958544,190.0201083839216,WY,WYOMING,0.0630817,847146.5459503164
2036,0,2103.965751235545,69.00435335429695,AL,ALABAMA,0.06330294,133187.21771251864
2036,2,2.015614258509829,6.800217875952431,AZ,ARIZONA,0.06330294,127.59430846959219
2036,3,648912.4574099549,3558.962780003996,AR,ARKANSAS,0.06330294,41078066.35667493
2036,4,13820.690710947105,525.5500029009839,CA,CALIFORNIA,0.06330294,874890.354833642
2036,5,795961.8467624754,18038.17112283921,CO,COLORADO,0.06330294,50386725.027894184
2036,6,0.0,0.0,CT,CONNECTICUT,0.06330294,0.0
2036,7,0.0,0.0,DE,DELAWARE,0.06330294,0.0
2036,8,0.0,0.0,DC,DISTRICT OF COLUMBIA,0.06330294,0.0
2036,9,0.0,0.0,FL,FLORIDA,0.06330294,0.0
2036,10,13298.571556589835,85.96312332759663,GA,GEORGIA,0.06330294,841838.677332513
2036,12,185248.3310348482,4497.902005727864,ID,IDAHO,0.06330294,11726763.984599134
2036,13,36352.12352230943,508.11902447409966,IL,ILLINOIS,0.06330294,2301196.2942053424
2036,14,34948.726365495575,224.1519314024775,IN,INDIANA,0.06330294,2212357.1281913845
2036,15,108.99763919652398,1.8781867472754088,IA,IOWA,0.06330294,6899.871014199206
2036,16,10500869.70179816,58353.54419971826,KS,KANSAS,0.06330294,664735924.6807469
2036,17,4341.023857882124,120.3656097198617,KY,KENTUCKY,0.06330294,274799.5728140806
2036,18,194865.45386338537,946.5237302701676,LA,LOUISIANA,0.06330294,12335556.133986654
2036,19,0.0,0.0,ME,MAINE,0.06330294,0.0
2036,20,575.1202481945434,7.868013324851509,MD,MARYLAND,0.06330294,36406.80256424429
2036,21,0.0,0.0,MA,MASSACHUSETTS,0.06330294,0.0
2036,22,2012.6161711818663,14.491544086445558,MI,MICHIGAN,0.06330294,127404.52072735543
2036,23,609427.5504116925,2591.5750897290254,MN,MINNESOTA,0.06330294,38578555.658058345
2036,24,90368.40855613118,479.2111942407324,MS,MISSISSIPPI,0.06330294,5720585.944724259
2036,25,65197.37338844271,959.317421844756,MO,MISSOURI,0.06330294,4127185.4157661856
2036,26,8260526.098514418,49140.51644312564,MT,MONTANA,0.06330294,522915587.9826923
2036,27,1962473.4381319107,11000.936017414211,NE,NEBRASKA,0.06330294,124230338.30565807
2036,28,8922.506749708025,754.6894464195592,NV,NEVADA,0.06330294,564820.9094263621
2036,29,0.0,0.0,NH,NEW HAMPSHIRE,0.06330294,0.0
2036,30,0.0,0.0,NJ,NEW JERSEY,0.06330294,0.0
2036,31,70031.71522324093,1415.8540031308344,NM,NEW MEXICO,0.06330294,4433213.4668739075
2036,32,0.0,0.0,NY,NEW YORK,0.06330294,0.0
2036,33,57203.27086039723,789.0086238126478,NC,NORTH CAROLINA,0.06330294,3621135.223079474
2036,34,7114289.3964083865,27959.776441714657,ND,NORTH DAKOTA,0.06330294,450355434.8034763
2036,35,17765.279764161918,115.51265355630584,OH,OHIO,0.06330294,1124594.4389939562
2036,36,8419064.118122267,45707.00003356042,OK,OKLAHOMA,0.06330294,532951510.7256468
2036,37,1616458.6222504168,8545.78875317036,OR,OREGON,0.06330294,102326583.1768008
2036,38,0.0,0.0,PA,PENNSYLVANIA,0.06330294,0.0
2036,39,0.0,0.0,RI,RHODE ISLAND,0.06330294,0.0
2036,40,36246.73039799457,341.29473867320274,SC,SOUTH CAROLINA,0.06330294,2294524.5995804267
2036,41,2405044.3900710763,13389.714654648162,SD,SOUTH DAKOTA,0.06330294,152246380.72200596
2036,42,9804.210114742593,146.6178152609904,TN,TENNESSEE,0.06330294,620635.3246409434
2036,43,5499470.325088822,35863.28996125454,TX,TEXAS,0.06330294,348132640.02087826
2036,44,19446.46499990581,2272.180216409145,UT,UTAH,0.06330294,1231018.4071011376
2036,45,0.0,0.0,VT,VERMONT,0.06330294,0.0
2036,46,64.56519547960374,2.2930053645955213,VA,VIRGINIA,0.06330294,4087.1666955336273
2036,47,1317323.8428820604,12205.010363811847,WA,WASHINGTON,0.06330294,83390472.18653251
2036,48,0.0,0.0,WV,WEST VIRGINIA,0.06330294,0.0
2036,49,117.52765849350294,0.6681704257669213,WI,WISCONSIN,0.06330294,7439.8463139547075
2036,50,310810.81626546365,3560.169626999949,WY,WYOMING,0.06330294,19675238.45340367
2037,0,3217.598293457312,47.18938591889283,AL,ALABAMA,0.06352418,204395.2931612751
2037,2,3.1023307366951127,10.466548767316088,AZ,ARIZONA,0.06352418,197.07301613735294
2037,3,70546.00162751121,483.9316275410673,AR,ARKANSAS,0.06352418,4481376.905666316
2037,4,17169.050426003316,686.5624829320672,CA,CALIFORNIA,0.06352418,1090649.8496905111
2037,5,774813.8305778807,18317.60069891442,CO,COLORADO,0.06352418,49219413.2401188
2037,6,0.0,0.0,CT,CONNECTICUT,0.06352418,0.0
2037,7,1708.42370069029,40.0760135632692,DE,DELAWARE,0.06352418,108526.2146789161
2037,8,0.0,0.0,DC,DISTRICT OF COLUMBIA,0.06352418,0.0
2037,9,0.0,0.0,FL,FLORIDA,0.06352418,0.0
2037,10,1516.542036793127,49.26587562199088,GA,GEORGIA,0.06352418,96337.08932281322
2037,12,125861.9356710536,3494.972166288072,ID,IDAHO,0.06352418,7995276.256716429
2037,13,20982.52235268153,227.7286321288396,IL,ILLINOIS,0.06352418,1332897.526785765
2037,14,16849.570108985106,117.77674164793426,IN,INDIANA,0.06352418,1070355.1245257896
2037,15,171.70400803910653,2.010423379825001,IA,IOWA,0.06352418,10907.35631339765
2037,16,13993246.53329542,64108.448074584645,KS,KANSAS,0.06352418,888909511.5654343
2037,17,606.6065739447423,6.450009533666639,KY,KENTUCKY,0.06352418,38534.18519244912
2037,18,3143.225198369828,69.35362377987092,LA,LOUISIANA,0.06352418,199670.80328178065
2037,19,0.0,0.0,ME,MAINE,0.06352418,0.0
2037,20,31828.305395677628,287.06559786655185,MD,MARYLAND,0.06352418,2021867.0010499968
2037,21,0.0,0.0,MA,MASSACHUSETTS,0.06352418,0.0
2037,22,12547.408278816709,174.68098108172936,MI,MICHIGAN,0.06352418,797063.8220370428
2037,23,338671.86621972726,2129.6818375251587,MN,MINNESOTA,0.06352418,21513852.590677876
2037,24,143.860105045938,1.6610966156935778,MS,MISSISSIPPI,0.06352418,9138.595207757075
2037,25,175313.81455535462,1322.05763303232,MO,MISSOURI,0.06352418,11136666.312300967
2037,26,4755750.256374095,40212.85149772886,MT,MONTANA,0.06352418,302105135.32095414
2037,27,2129133.54339019,10639.095328105152,NE,NEBRASKA,0.06352418,135251462.45435625
2037,28,8461.276231908305,707.3422678908215,NV,NEVADA,0.06352418,537495.6343854648
2037,29,0.0,0.0,NH,NEW HAMPSHIRE,0.06352418,0.0
2037,30,2241.068504281856,42.83109010772935,NJ,NEW JERSEY,0.06352418,142362.0390583314
2037,31,82213.01881928569,1480.094448931842,NM,NEW MEXICO,0.06352418,5222514.605819692
2037,32,30.567854028909995,0.4667695090037887,NY,NEW YORK,0.06352418,1941.7978615462036
2037,33,21345.18612475853,431.0117460230132,NC,NORTH CAROLINA,0.06352418,1355935.4455226634
2037,34,4238650.967666323,26804.42587593281,ND,NORTH DAKOTA,0.06352418,269256827.0272097
2037,35,55415.79999271888,332.7683222262368,OH,OHIO,0.06352418,3520243.253581473
2037,36,2482903.333288035,12377.26567302729,OK,OKLAHOMA,0.06352418,157724398.26638913
2037,37,2348748.7559046387,11893.51618578868,OR,OREGON,0.06352418,149202338.74486235
2037,38,3951.876179240945,113.4315543251598,PA,PENNSYLVANIA,0.06352418,251039.69374781405
2037,39,0.0,0.0,RI,RHODE ISLAND,0.06352418,0.0
2037,40,2043.663437459634,46.196996944558926,SC,SOUTH CAROLINA,0.06352418,129822.04406060453
2037,41,402031.26555860025,4645.511155955104,SD,SOUTH DAKOTA,0.06352418,25538706.478972323
2037,42,2724.1069314371757,20.219166409883023,TN,TENNESSEE,0.06352418,173046.6590518628
2037,43,1590450.6929678852,8379.615077749771,TX,TEXAS,0.06352418,101032076.10121667
2037,44,18635.99344943184,2202.97095012648,UT,UTAH,0.06352418,1183836.2023605292
2037,45,0.0,0.0,VT,VERMONT,0.06352418,0.0
2037,46,6901.919617412131,92.2259217566614,VA,VIRGINIA,0.06352418,438438.7841220193
2037,47,1295166.744887483,11738.726557488995,WA,WASHINGTON,0.06352418,82274405.43224655
2037,48,230.99430205784336,9.533016796305034,WV,WEST VIRGINIA,0.06352418,14673.723622896812
2037,49,14981.864943081206,51.646447315877566,WI,WISCONSIN,0.06352418,951710.6853799802
2037,50,268147.90790268366,3112.005622087888,WY,WYOMING,0.06352418,17033875.9682335
2038,0,2977.4127635501663,36.87917664982996,AL,ALABAMA,0.06374542,189796.42712586606
2038,2,2.016420629096148,6.80293838442898,AZ,ARIZONA,0.06374542,128.53757989839818
2038,3,668970.7635600062,3436.1199127685254,AR,ARKANSAS,0.06374542,42643822.290853284
2038,4,7101.26069704872,270.0699105388962,CA,CALIFORNIA,0.06374542,452672.8456628634
2038,5,1053668.2430105484,20425.929378775058,CO,COLORADO,0.06374542,67166524.69136946
2038,6,0.0,0.0,CT,CONNECTICUT,0.06374542,0.0
2038,7,3.1742217278388662,0.2671375345776074,DE,DELAWARE,0.06374542,202.34209721421422
2038,8,0.0,0.0,DC,DISTRICT OF COLUMBIA,0.06374542,0.0
2038,9,164.29259364890382,1.557749803254319,FL,FLORIDA,0.06374542,10472.900385038707
2038,10,11753.945362864197,72.14280625631145,GA,GEORGIA,0.06374542,749260.1838128306
2038,12,89777.0154067555,2517.5265437495823,ID,IDAHO,0.06374542,5722873.553450099
2038,13,41728.39793238177,466.9570310080696,IL,ILLINOIS,0.06374542,2659994.2521268073
2038,14,8590.146416300277,75.22556004387857,IN,INDIANA,0.06374542,547582.4911685559
2038,15,15.297108900037747,0.7351105227070025,IA,IOWA,0.06374542,975.1206316186441
2038,16,14172965.305556832,62569.93630382328,KS,KANSAS,0.06374542,903461626.0481485
2038,17,20127.856795405423,583.6093248917706,KY,KENTUCKY,0.06374542,1283058.6851229728
2038,18,168854.0803631595,803.0024986621921,LA,LOUISIANA,0.06374542,10763674.271463355
2038,19,0.0,0.0,ME,MAINE,0.06374542,0.0
2038,20,1963.5438657009167,30.35760106216645,MD,MARYLAND,0.06374542,125166.92840752854
2038,21,0.0,0.0,MA,MASSACHUSETTS,0.06374542,0.0
2038,22,24628.39140118316,184.3528282576723,MI,MICHIGAN,0.06374542,1569947.1537928088
2038,23,454042.6881996633,3356.896514649023,MN,MINNESOTA,0.06374542,28943141.857216578
2038,24,79572.56641081521,447.1255026145672,MS,MISSISSIPPI,0.06374542,5072386.666335308
2038,25,157068.3962327231,1530.4405041710556,MO,MISSOURI,0.06374542,10012390.886581352
2038,26,5756438.13956712,49868.568456413625,MT,MONTANA,0.06374542,366946566.91072464
2038,27,1548567.2563080173,9645.49832787694,NE,NEBRASKA,0.06374542,98714070.15160221
2038,28,4577.495252231423,371.2525143527053,NV,NEVADA,0.06374542,291794.357401498
2038,29,0.0,0.0,NH,NEW HAMPSHIRE,0.06374542,0.0
2038,30,114.49596245126592,1.6821727065375196,NJ,NEW JERSEY,0.06374542,7298.593214760175
2038,31,109427.09062684565,1632.356323238199,NM,NEW MEXICO,0.06374542,6975475.8513863385
2038,32,196.2491741104907,1.256304807581386,NY,NEW YORK,0.06374542,12509.986028326357
2038,33,298.033196374736,15.00562135993001,NC,NORTH CAROLINA,0.06374542,18998.251276850024
2038,34,7075655.163545598,39353.438804393874,ND,NORTH DAKOTA,0.06374542,451040610.1753828
2038,35,10641.662249198242,143.6095070639795,OH,OHIO,0.06374542,678357.2295732865
2038,36,10258511.811737826,45734.89398562563,OK,OKLAHOMA,0.06374542,653933144.0141885
2038,37,1496786.5609794778,9150.78083578808,OR,OREGON,0.06374542,95413287.97999242
2038,38,114.81378973989796,5.125579515123205,PA,PENNSYLVANIA,0.06374542,7318.853248761486
2038,39,0.0,0.0,RI,RHODE ISLAND,0.06374542,0.0
2038,40,19690.557492976743,167.5030890135086,SC,SOUTH CAROLINA,0.06374542,1255182.8574239495
2038,41,1716595.3460200229,12274.262181765323,SD,SOUTH DAKOTA,0.06374542,109425091.30209169
2038,42,48345.28353716145,403.39203602034553,TN,TENNESSEE,0.06374542,3081790.404095442
2038,43,5975613.528548307,31844.19090871172,TX,TEXAS,0.06374542,380917994.1349938
2038,44,14594.32622785105,1705.2425377519717,UT,UTAH,0.06374542,930321.4550113808
2038,45,0.0,0.0,VT,VERMONT,0.06374542,0.0
2038,46,33.35711094926906,0.7441044769359518,VA,VIRGINIA,0.06374542,2126.363047447755
2038,47,1653015.3990732871,15055.703581985095,WA,WASHINGTON,0.06374542,105372160.8803943
2038,48,0.0,0.0,WV,WEST VIRGINIA,0.06374542,0.0
2038,49,23984.023838011515,157.24045722835947,WI,WISCONSIN,0.06374542,1528871.6728440558
2038,50,299728.08707720245,3449.044542724308,WY,WYOMING,0.06374542,19106292.79653284
2039,0,5943.268306015236,98.05528756790656,AL,ALABAMA,0.06396666,380171.02301965246
2039,2,2.0158157454601344,6.800897646476704,AZ,ARIZONA,0.06396666,128.94500041249495
2039,3,104577.22077247422,1361.4763971205778,AR,ARKANSAS,0.06396666,6689455.524897795
2039,4,18861.50299552921,780.4441658109006,CA,CALIFORNIA,0.06396666,1206507.3492039982
2039,5,861270.4678062869,16555.426694230635,CO,COLORADO,0.06396666,55092595.1822057
2039,6,0.0,0.0,CT,CONNECTICUT,0.06396666,0.0
2039,7,20865.510092523306,177.28740664880138,DE,DELAWARE,0.06396666,1334696.9898150067
2039,8,0.0,0.0,DC,DISTRICT OF COLUMBIA,0.06396666,0.0
2039,9,174.7225880516482,3.331707459672884,FL,FLORIDA,0.06396666,11176.420384219842
2039,10,41317.27225890266,659.0151205247846,GA,GEORGIA,0.06396666,2642927.9067126582
2039,12,246808.9860240955,5770.4772339691135,ID,IDAHO,0.06396666,15787546.493948068
2039,13,217413.68298152692,1776.5574346258632,IL,ILLINOIS,0.06396666,13907227.138627117
2039,14,74285.50509617636,591.800571071343,IN,INDIANA,0.06396666,4751795.64741538
2039,15,0.0,0.0,IA,IOWA,0.06396666,0.0
2039,16,11016353.712331291,51873.285570114735,KS,KANSAS,0.06396666,704679352.3564335
2039,17,21950.137330188893,827.2747620109708,KY,KENTUCKY,0.06396666,1404076.9715535005
2039,18,81309.24461244055,656.8844724839947,LA,LOUISIANA,0.06396666,5201080.804980816
2039,19,0.0,0.0,ME,MAINE,0.06396666,0.0
2039,20,70847.59806593825,467.89134396592056,MD,MARYLAND,0.06396666,4531884.21730053
2039,21,0.0,0.0,MA,MASSACHUSETTS,0.06396666,0.0
2039,22,60708.33903811633,217.1352747609457,MI,MICHIGAN,0.06396666,3883309.6824159143
2039,23,1109944.5743443165,5936.709966114004,MN,MINNESOTA,0.06396666,70999447.20592761
2039,24,57868.34272567048,420.32134800474216,MS,MISSISSIPPI,0.06396666,3701644.6038964363
2039,25,71533.8550505927,722.8102531285941,MO,MISSOURI,0.06396666,4575781.784510545
2039,26,7424614.528250884,49332.150796057176,MT,MONTANA,0.06396666,474927793.15968466
2039,27,1268584.4014840426,7584.570032126199,NE,NEBRASKA,0.06396666,81147107.09103325
2039,28,13032.604211051026,1085.2258235015006,NV,NEVADA,0.06396666,833652.1624828692
2039,29,0.0,0.0,NH,NEW HAMPSHIRE,0.06396666,0.0
2039,30,7434.688884473106,87.82923688035865,NJ,NEW JERSEY,0.06396666,475572.2160788704
2039,31,38349.145880352975,684.2283342032667,NM,NEW MEXICO,0.06396666,2453066.7758189393
2039,32,172.9658736663945,11.273377263092094,NY,NEW YORK,0.06396666,11064.049232421208
2039,33,23463.23277820416,425.1107281456973,NC,NORTH CAROLINA,0.06396666,1500864.633624241
2039,34,4860557.537015097,23338.007204995985,ND,NORTH DAKOTA,0.06396666,310913631.3806821
2039,35,127939.65005814456,919.5526124343544,OH,OHIO,0.06396666,8183872.095788312
2039,36,3098821.175646108,22653.23499561276,OK,OKLAHOMA,0.06396666,198221240.54335487
2039,37,2897960.539666272,14476.600718365537,OR,OREGON,0.06396666,185372856.5342489
2039,38,7610.494054707266,168.88440283392734,PA,PENNSYLVANIA,0.06396666,486817.885629481
2039,39,0.0,0.0,RI,RHODE ISLAND,0.06396666,0.0
2039,40,3530.504589707288,118.6820339862076,SC,SOUTH CAROLINA,0.06396666,225834.58671824558
2039,41,1065038.2531872224,8162.776466246107,SD,SOUTH DAKOTA,0.06396666,68126939.82862097
2039,42,37694.3428305112,655.585033030153,TN,TENNESSEE,0.06396666,2411181.2117627477
2039,43,761462.9728953125,7578.460589792134,TX,TEXAS,0.06396666,48708243.08978366
2039,44,20507.869665159316,2411.531390274733,UT,UTAH,0.06396666,1311819.9261955596
2039,45,0.0,0.0,VT,VERMONT,0.06396666,0.0
2039,46,18966.312421856805,165.8461064685994,VA,VIRGINIA,0.06396666,1213211.6581426908
2039,47,2138714.775421101,18513.592518164158,WA,WASHINGTON,0.06396666,136806440.87633792
2039,48,1427.19967125294,15.851346749399632,WV,WEST VIRGINIA,0.06396666,91293.19612314859
2039,49,2127.1237256119184,15.157680954518025,WI,WISCONSIN,0.06396666,136065.00013415088
2039,50,213269.65552930525,2819.110281203414,WY,WYOMING,0.06396666,13642147.543560188
2040,0,23324.461855182897,148.38283014896862,AL,ALABAMA,0.0641879,1497148.2251142943
2040,2,2.1206679148294203,7.15464469577797,AZ,ARIZONA,0.0641879,136.12122005027936
2040,3,579901.0449896362,3924.670968141185,AR,ARKANSAS,0.0641879,37222630.28569027
2040,4,14586.98839923124,552.0167861088294,CA,CALIFORNIA,0.0641879,936308.152671015
2040,5,1220477.1027239896,22409.832055128063,CO,COLORADO,0.0641879,78339862.2219372
2040,6,0.0,0.0,CT,CONNECTICUT,0.0641879,0.0
2040,7,1641.6652761935125,40.46849898180011,DE,DELAWARE,0.0641879,105375.04658178156
2040,8,0.0,0.0,DC,DISTRICT OF COLUMBIA,0.0641879,0.0
2040,9,3268.7366021737835,15.971997862126024,FL,FLORIDA,0.0641879,209813.3381466706
2040,10,206124.0422337116,1290.1646974424768,GA,GEORGIA,0.0641879,13230669.410493258
2040,12,389508.1573141685,9011.401309536031,ID,IDAHO,0.0641879,25001710.65086612
2040,13,592461.2151045457,2276.143443601566,IL,ILLINOIS,0.0641879,38028841.22900908
2040,14,115363.74488715426,945.2692285566394,IN,INDIANA,0.0641879,7404956.520442169
2040,15,416.300470854606,2.406402698952645,IA,IOWA,0.0641879,26721.452993168365
2040,16,13510048.175570851,56569.61390518592,KS,KANSAS,0.0641879,867181621.2887243
2040,17,34415.767685047234,643.9022961024447,KY,KENTUCKY,0.0641879,2209075.854591043
2040,18,173774.11849029938,966.1756676556396,LA,LOUISIANA,0.0641879,11154195.740243489
2040,19,0.0,0.0,ME,MAINE,0.0641879,0.0
2040,20,246.8351188694192,5.663204090658464,MD,MARYLAND,0.0641879,15843.827926478394
2040,21,0.0,0.0,MA,MASSACHUSETTS,0.0641879,0.0
2040,22,44529.22181868122,188.5041939663681,MI,MICHIGAN,0.0641879,2858237.237175328
2040,23,1713386.8037611824,8618.78542920241,MN,MINNESOTA,0.0641879,109978700.8211424
2040,24,170967.59549932397,732.0964129369772,MS,MISSISSIPPI,0.0641879,10974050.923151057
2040,25,141184.9767006299,1438.1408900402266,MO,MISSOURI,0.0641879,9062367.165962363
2040,26,12851449.223663144,66148.40545009679,MT,MONTANA,0.0641879,824907537.6235676
2040,27,1516433.524666015,7018.627879881167,NE,NEBRASKA,0.0641879,97336683.43790972
2040,28,15554.167248862252,1332.5600980159809,NV,NEVADA,0.0641879,998389.3319532454
2040,29,0.0,0.0,NH,NEW HAMPSHIRE,0.0641879,0.0
2040,30,2458.296233524902,72.99697403430207,NJ,NEW JERSEY,0.0641879,157792.8728078731
2040,31,89602.35773611013,1982.506268399066,NM,NEW MEXICO,0.0641879,5751387.178129665
2040,32,3.0731263780431504,0.536399909510273,NY,NEW YORK,0.0641879,197.25752864119596
2040,33,14620.257234232293,343.9997248171404,NC,NORTH CAROLINA,0.0641879,938443.6093251791
2040,34,9695445.29828854,37786.53041173621,ND,NORTH DAKOTA,0.0641879,622330273.2620151
2040,35,118988.82505629286,1381.4178479718062,OH,OHIO,0.0641879,7637642.803830821
2040,36,7411899.280954838,43320.76009566116,OK,OKLAHOMA,0.0641879,475754249.8560011
2040,37,3278567.114936224,16054.841288871316,OR,OREGON,0.0641879,210444338.11681488
2040,38,1859.51402602124,72.23749975509566,PA,PENNSYLVANIA,0.0641879,119358.30035084876
2040,39,0.0,0.0,RI,RHODE ISLAND,0.0641879,0.0
2040,40,134922.8433813792,862.8847658138861,SC,SOUTH CAROLINA,0.0641879,8660413.978679633
2040,41,2388596.4659387963,12780.36018250942,SD,SOUTH DAKOTA,0.0641879,153318991.0960329
2040,42,55057.46187138159,714.261957905414,TN,TENNESSEE,0.0641879,3534022.8568540546
2040,43,2314534.5736510595,19729.582754502648,TX,TEXAS,0.0641879,148565113.76005685
2040,44,24139.351947411604,2821.051601762283,UT,UTAH,0.0641879,1549454.3088652615
2040,45,0.0,0.0,VT,VERMONT,0.0641879,0.0
2040,46,205.1651838819454,11.3267653699318,VA,VIRGINIA,0.0641879,13169.122306495925
2040,47,1913674.795196628,17126.14437197238,WA,WASHINGTON,0.0641879,122834766.38660164
2040,48,117.48801044396689,3.2805753014678896,WV,WEST VIRGINIA,0.0641879,7541.308665576303
2040,49,13783.430704522862,106.73109793325716,WI,WISCONSIN,0.0641879,884729.4717188431
2040,50,358912.03933499067,3918.6342313366335,WY,WYOMING,0.0641879,23037810.08963045
2041,0,7356.499408960612,165.76319319084226,AL,ALABAMA,0.06448646,474394.6048759621
2041,2,1.0633635029638775,3.587543336211765,AZ,ARIZONA,0.06448646,68.57254799933996
2041,3,545213.5122199499,3747.030890119959,AR,ARKANSAS,0.06448646,35158889.347231306
2041,4,18080.75947967632,692.8561506049671,CA,CALIFORNIA,0.06448646,1165964.1729557675
2041,5,1060349.5588554137,20331.089741896147,CO,COLORADO,0.06448646,68378189.41314727
2041,6,0.0,0.0,CT,CONNECTICUT,0.06448646,0.0
2041,7,4144.914385071926,111.88594476689356,DE,DELAWARE,0.06448646,267290.8556963653
2041,8,0.0,0.0,DC,DISTRICT OF COLUMBIA,0.06448646,0.0
2041,9,802.1509332451608,7.430043440330632,FL,FLORIDA,0.06448646,51727.87407067673
2041,10,1643.6007973473106,74.36217868382496,GA,GEORGIA,0.06448646,105989.99707410546
2041,12,426580.7214128741,9553.389199347812,ID,IDAHO,0.06448646,27508680.628162447
2041,13,440138.0638138984,2300.38861737535,IL,ILLINOIS,0.06448646,28382945.646612406
2041,14,210786.72683058787,1393.477872517925,IN,INDIANA,0.06448646,13592889.82829163
2041,15,472.4240784001461,2.96369502922501,IA,IOWA,0.06448646,30464.956434787884
2041,16,8633354.853997711,44129.48960125637,KS,KANSAS,0.06448646,556734492.4581292
2041,17,31163.430382714105,1044.5991125251066,KY,KENTUCKY,0.06448646,2009619.3068376777
2041,18,115710.61038981604,959.3090274128772,LA,LOUISIANA,0.06448646,7461767.648478455
2041,19,0.0,0.0,ME,MAINE,0.06448646,0.0
2041,20,13697.562581479282,258.69754910587227,MD,MARYLAND,0.06448646,883307.3215080603
2041,21,0.0,0.0,MA,MASSACHUSETTS,0.06448646,0.0
2041,22,82449.2085825692,230.52804523454083,MI,MICHIGAN,0.06448646,5316857.591291506
2041,23,1009907.8701172338,4930.836531334433,MN,MINNESOTA,0.06448646,65125383.47000019
2041,24,77457.76739395778,504.74662897215,MS,MISSISSIPPI,0.06448646,4994977.218739762
2041,25,129285.84059739302,1463.6939073720016,MO,MISSOURI,0.06448646,8337186.188250161
2041,26,12002008.986795723,67249.61163276795,MT,MONTANA,0.06448646,773967072.4466429
2041,27,1428573.5135540017,6701.391618237207,NE,NEBRASKA,0.06448646,92123648.7388596
2041,28,16578.783853708166,1349.0132028900464,NV,NEVADA,0.06448646,1069107.0818307975
2041,29,0.0,0.0,NH,NEW HAMPSHIRE,0.06448646,0.0
2041,30,594.6839077173973,28.917619722183275,NJ,NEW JERSEY,0.06448646,38349.06002766163
2041,31,90885.8093692776,1433.856731134454,NM,NEW MEXICO,0.06448646,5860904.110459545
2041,32,79.67385874016199,1.144337779491861,NY,NEW YORK,0.06448646,5137.885104693106
2041,33,22229.18368104416,576.4465844328464,NC,NORTH CAROLINA,0.06448646,1433481.364280307
2041,34,9516295.558926435,35488.99901161075,ND,NORTH DAKOTA,0.06448646,613672212.9088871
2041,35,332660.7485033845,2863.1293582170247,OH,OHIO,0.06448646,21452114.05193356
2041,36,3115681.634355936,22206.631638955936,OK,OKLAHOMA,0.06448646,200919279.08662868
2041,37,3586601.442002286,16611.593861368896,OR,OREGON,0.06448646,231287230.42562276
2041,38,1284.4267127931555,120.35103464100912,PA,PENNSYLVANIA,0.06448646,82828.13183746731
2041,39,0.0,0.0,RI,RHODE ISLAND,0.06448646,0.0
2041,40,39142.17561528017,538.4630396875407,SC,SOUTH CAROLINA,0.06448646,2524140.3421277395
2041,41,2497416.116086958,12637.028339144928,SD,SOUTH DAKOTA,0.06448646,161049524.47339696
2041,42,61943.656754118165,729.5226993382096,TN,TENNESSEE,0.06448646,3994527.143528171
2041,43,2907460.459395603,17727.530170712707,TX,TEXAS,0.06448646,187491832.61639616
2041,44,23701.338672681915,2769.331744085196,UT,UTAH,0.06448646,1528415.4282623555
2041,45,0.0,0.0,VT,VERMONT,0.06448646,0.0
2041,46,2833.240835977703,63.413371067185246,VA,VIRGINIA,0.06448646,182705.6718396427
2041,47,2911713.7136462806,22700.73071163045,WA,WASHINGTON,0.06448646,187766109.92650232
2041,48,44.29576285506139,2.463187415941273,WV,WEST VIRGINIA,0.06448646,2856.4769395224016
2041,49,54331.46242518361,249.46002079670973,WI,WISCONSIN,0.06448646,3503643.6784231057
2041,50,389042.3398262588,4138.231091911292,WY,WYOMING,0.06448646,25087963.285512444
2042,0,10363.23531399994,172.6190618773407,AL,ALABAMA,0.06478502,671382.4070821924
2042,2,1.0680547525358508,3.603370530857368,AZ,ARIZONA,0.06478502,69.19394850413015
2042,3,204653.19706882752,2250.272410576796,AR,ARKANSAS,0.06478502,13258461.465167932
2042,4,27439.16711886013,1064.8368662831242,CA,CALIFORNIA,0.06478502,1777646.990578696
2042,5,1149724.3603093126,23477.777247619862,CO,COLORADO,0.06478502,74484915.67712602
2042,6,0.0,0.0,CT,CONNECTICUT,0.06478502,0.0
2042,7,18867.95519700552,203.3012768206669,DE,DELAWARE,0.06478502,1222360.8547971067
2042,8,0.0,0.0,DC,DISTRICT OF COLUMBIA,0.06478502,0.0
2042,9,744.9592931122213,7.684694368060549,FL,FLORIDA,0.06478502,48262.20270346112
2042,10,104584.60472633009,952.847934950134,GA,GEORGIA,0.06478502,6775515.708887389
2042,12,372183.2960555295,8439.7098537678,ID,IDAHO,0.06478502,24111902.2786234
2042,13,165559.91078494754,1547.0866345674522,IL,ILLINOIS,0.06478502,10725802.131401042
2042,14,93441.57709224086,1116.451220982462,IN,INDIANA,0.06478502,6053614.440752366
2042,15,1200.051721264795,3.50623534099982,IA,IOWA,0.06478502,77745.37476317417
2042,16,14865754.998818394,60365.81142596559,KS,KANSAS,0.06478502,963078234.9135495
2042,17,45000.5263267905,1180.572822181067,KY,KENTUCKY,0.06478502,2915359.9980916493
2042,18,134630.76624702575,939.750484495954,LA,LOUISIANA,0.06478502,8722056.88392889
2042,19,0.0,0.0,ME,MAINE,0.06478502,0.0
2042,20,59220.12302858151,480.6804910959172,MD,MARYLAND,0.06478502,3836576.8548091133
2042,21,0.0,0.0,MA,MASSACHUSETTS,0.06478502,0.0
2042,22,48136.954376781054,250.9950000590161,MI,MICHIGAN,0.06478502,3118553.552038848
2042,23,3026577.396579834,9740.21789391831,MN,MINNESOTA,0.06478502,196076877.16897246
2042,24,47082.13777160406,374.179283287493,MS,MISSISSIPPI,0.06478502,3050217.2371761245
2042,25,97761.07786743288,1230.8207940060445,MO,MISSOURI,0.06478502,6333453.384863196
2042,26,11851971.134667993,63523.38146249365,MT,MONTANA,0.06478502,767830186.9988885
2042,27,1611952.444297918,7346.226902200122,NE,NEBRASKA,0.06478502,104430371.34288949
2042,28,16166.282071224732,1311.1478081274947,NV,NEVADA,0.06478502,1047332.9073099357
2042,29,0.0,0.0,NH,NEW HAMPSHIRE,0.06478502,0.0
2042,30,6096.423482144701,94.396914385052,NJ,NEW JERSEY,0.06478502,394956.917219214
2042,31,176484.5095399498,2947.6586356235694,NM,NEW MEXICO,0.06478502,11433552.48023584
2042,32,185.2020365692781,0.8751787803483955,NY,NEW YORK,0.06478502,11998.317643181414
2042,33,174297.0422081317,1385.124770523571,NC,NORTH CAROLINA,0.06478502,11291837.365394656
2042,34,13253459.515660422,41420.07730134093,ND,NORTH DAKOTA,0.06478502,858625639.7912507
2042,35,295792.7449416408,2807.046500442494,OH,OHIO,0.06478502,19162938.896899097
2042,36,7033689.288619085,42711.94715874797,OK,OKLAHOMA,0.06478502,455677701.2369732
2042,37,3224562.6842885134,16197.786347782125,OR,OREGON,0.06478502,208903357.992885
2042,38,8088.674480911578,230.578534755753,PA,PENNSYLVANIA,0.06478502,524024.9380193462
2042,39,0.0,0.0,RI,RHODE ISLAND,0.06478502,0.0
2042,40,92971.21558567144,838.585033885684,SC,SOUTH CAROLINA,0.06478502,6023142.061142036
2042,41,3837305.5019669095,14848.503258101817,SD,SOUTH DAKOTA,0.06478502,248599913.69103625
2042,42,72748.25532416448,759.354220143973,TN,TENNESSEE,0.06478502,4712997.176141102
2042,43,3792633.409748952,24823.00654354524,TX,TEXAS,0.06478502,245705831.30325404
2042,44,22754.919795169943,2658.749473737897,UT,UTAH,0.06478502,1474177.9340284807
2042,45,0.0,0.0,VT,VERMONT,0.06478502,0.0
2042,46,25373.514827600186,244.0901343342819,VA,VIRGINIA,0.06478502,1643823.6655763744
2042,47,2034521.1068768103,17484.967314410256,WA,WASHINGTON,0.06478502,131806490.5994363
2042,48,188.7447392582944,6.047077427990276,WV,WEST VIRGINIA,0.06478502,12227.831707743388
2042,49,33898.112634714234,219.6020579780097,WI,WISCONSIN,0.06478502,2196089.905002214
2042,50,387025.0516442593,4082.174715553872,WY,WYOMING,0.06478502,25073425.711274374
2043,0,416.9130460176548,40.82109422551805,AL,ALABAMA,0.06508358,27134.193583533717
2043,2,1.2371246898291737,4.173773525881924,AZ,ARIZONA,0.06508358,80.5165037204722
2043,3,114223.62070579996,1729.619908868232,AR,ARKANSAS,0.06508358,7434082.156095588
2043,4,17434.486099773418,687.4616405422018,CA,CALIFORNIA,0.06508358,1134698.7708334913
2043,5,1045767.7831288788,20945.569223793715,CO,COLORADO,0.06508358,68062311.17469104
2043,6,0.0,0.0,CT,CONNECTICUT,0.06508358,0.0
2043,7,0.0,0.0,DE,DELAWARE,0.06508358,0.0
2043,8,0.0,0.0,DC,DISTRICT OF COLUMBIA,0.06508358,0.0
2043,9,0.0,0.0,FL,FLORIDA,0.06508358,0.0
2043,10,71.08058687932738,3.360048194364244,GA,GEORGIA,0.06508358,4626.1790626076545
2043,12,418608.5559318174,9268.355903065512,ID,IDAHO,0.06508358,27244543.438672915
2043,13,422610.2501114764,2375.601486913437,IL,ILLINOIS,0.06508358,27504988.021950286
2043,14,109694.80738116,1099.3878232364152,IN,INDIANA,0.06508358,7139330.771776318
2043,15,1067.8943383043306,4.049406630757805,IA,IOWA,0.06508358,69502.38659857697
2043,16,12024575.836251412,58655.4119758122,KS,KANSAS,0.06508358,782602443.4047357
2043,17,33297.95305902257,940.7084597496214,KY,KENTUCKY,0.06508358,2167149.99175314
2043,18,102323.43479827554,609.0324679946141,LA,LOUISIANA,0.06508358,6659575.454568351
2043,19,0.0,0.0,ME,MAINE,0.06508358,0.0
2043,20,0.0,0.0,MD,MARYLAND,0.06508358,0.0
2043,21,0.0,0.0,MA,MASSACHUSETTS,0.06508358,0.0
2043,22,66115.29441211761,269.1541295336678,MI,MICHIGAN,0.06508358,4303020.05309461
2043,23,2528413.552027551,10227.081819545674,MN,MINNESOTA,0.06508358,164558205.6864693
2043,24,10830.147809976106,149.81512713129038,MS,MISSISSIPPI,0.06508358,704864.7914024048
2043,25,107159.430039056,1397.1503548813223,MO,MISSOURI,0.06508358,6974319.337701304
2043,26,13701544.063930718,69444.89846373079,MT,MONTANA,0.06508358,891745539.20836
2043,27,1222348.8793266255,7429.077737353984,NE,NEBRASKA,0.06508358,79554841.07556479
2043,28,15950.391676777836,1308.708199260116,NV,NEVADA,0.06508358,1038108.5927269044
2043,29,0.0,0.0,NH,NEW HAMPSHIRE,0.06508358,0.0
2043,30,0.0,0.0,NJ,NEW JERSEY,0.06508358,0.0
2043,31,112600.73126502172,2084.184243995945,NM,NEW MEXICO,0.06508358,7328458.701345543
2043,32,0.0,0.0,NY,NEW YORK,0.06508358,0.0
2043,33,0.0,0.0,NC,NORTH CAROLINA,0.06508358,0.0
2043,34,10200756.754403591,39884.77139134036,ND,NORTH DAKOTA,0.06508358,663901768.2857665
2043,35,371728.3115346452,2866.531089490666,OH,OHIO,0.06508358,24193409.302030005
2043,36,9201232.487009022,46516.28328726504,OK,OKLAHOMA,0.06508358,598849150.6668507
2043,37,3312693.9937923867,16264.80586202177,OR,OREGON,0.06508358,215601984.56050628
2043,38,7.906456359509234,0.8042549591461235,PA,PENNSYLVANIA,0.06508358,514.5804849906281
2043,39,0.0,0.0,RI,RHODE ISLAND,0.06508358,0.0
2043,40,0.0,0.0,SC,SOUTH CAROLINA,0.06508358,0.0
2043,41,3372133.9953146344,14978.31596944824,SD,SOUTH DAKOTA,0.06508358,219470552.65477964
2043,42,16166.91576995551,234.3258902792727,TN,TENNESSEE,0.06508358,1052200.755867161
2043,43,5102845.618894319,35013.242041376245,TX,TEXAS,0.06508358,332111461.0649579
2043,44,21862.49247641274,2557.383017804724,UT,UTAH,0.06508358,1422889.2780880067
2043,45,0.0,0.0,VT,VERMONT,0.06508358,0.0
2043,46,0.0,0.0,VA,VIRGINIA,0.06508358,0.0
2043,47,1872679.190497678,17108.416436342904,WA,WASHINGTON,0.06508358,121880665.90909088
2043,48,0.0,0.0,WV,WEST VIRGINIA,0.06508358,0.0
2043,49,66023.95336248617,274.2666259769491,WI,WISCONSIN,0.06508358,4297075.2505836375
2043,50,386497.9910927252,4178.429879080165,WY,WYOMING,0.06508358,25154672.92312267
2044,0,1008.3288026166738,67.56509120260054,AL,ALABAMA,0.0653821399999999,65926.69493871562
2044,2,2.5349662132571704,8.554040228149862,AZ,ARIZONA,0.0653821399999999,165.7415158504499
2044,3,476769.9736872376,3206.571932687617,AR,ARKANSAS,0.0653821399999999,31172241.167415235
2044,4,28436.91473250152,1136.3991994109774,CA,CALIFORNIA,0.0653821399999999,1859266.3402084738
2044,5,1016482.4264461682,21631.01987002521,CO,COLORADO,0.0653821399999999,66459796.31344296
2044,6,0.0,0.0,CT,CONNECTICUT,0.0653821399999999,0.0
2044,7,14215.66158782843,182.5524061860134,DE,DELAWARE,0.0653821399999999,929450.3761280192
2044,8,0.0,0.0,DC,DISTRICT OF COLUMBIA,0.0653821399999999,0.0
2044,9,95.5767904591257,1.877965815273301,FL,FLORIDA,0.0653821399999999,6249.015094549211
2044,10,17768.301353492912,373.8553889266552,GA,GEORGIA,0.0653821399999999,1161729.5666562612
2044,12,367117.7436877141,8420.058982294631,ID,IDAHO,0.0653821399999999,24002943.7142742
2044,13,643216.963824428,2632.4985640627483,IL,ILLINOIS,0.0653821399999999,42054901.57914362
2044,14,138012.6960625346,1172.5206555201312,IN,INDIANA,0.0653821399999999,9023565.415738072
2044,15,1449.1795090701985,4.606715433577362,IA,IOWA,0.0653821399999999,94750.45754715883
2044,16,13355152.622814594,58275.508159052944,KS,KANSAS,0.0653821399999999,873188458.5062296
2044,17,36114.82387363913,1063.7051150910345,KY,KENTUCKY,0.0653821399999999,2361264.470581612
2044,18,2328.578908857936,46.0981983994964,LA,LOUISIANA,0.0653821399999999,152247.47221999656
2044,19,0.0,0.0,ME,MAINE,0.0653821399999999,0.0
2044,20,30629.505152863625,253.7594999728384,MD,MARYLAND,0.0653821399999999,2002622.5940352478
2044,21,0.0,0.0,MA,MASSACHUSETTS,0.0653821399999999,0.0
2044,22,37429.567193770825,257.0637178681946,MI,MICHIGAN,0.0653821399999999,2447225.2024025274
2044,23,2397672.7744928966,9487.446966932346,MN,MINNESOTA,0.0653821399999999,156764977.01608273
2044,24,50804.49960752302,339.8936223895022,MS,MISSISSIPPI,0.0653821399999999,3321706.90596901
2044,25,224109.94167169085,1935.048634561061,MO,MISSOURI,0.0653821399999999,14652787.5817703
2044,26,10150201.764968034,63386.70548092172,MT,MONTANA,0.0653821399999999,663641912.825386
2044,27,1419571.9288179069,7482.183311670924,NE,NEBRASKA,0.0653821399999999,92814650.59004226
2044,28,15626.309679456985,1272.1028103997733,NV,NEVADA,0.0653821399999999,1021681.56714561
2044,29,0.0,0.0,NH,NEW HAMPSHIRE,0.0653821399999999,0.0
2044,30,1756.8224189181942,56.74516312871389,NJ,NEW JERSEY,0.0653821399999999,114864.80934884783
2044,31,154136.92002901703,2365.064911053295,NM,NEW MEXICO,0.0653821399999999,10077801.684505979
2044,32,107.04033727899112,1.1573785962281298,NY,NEW YORK,0.0653821399999999,6998.526317622205
2044,33,9302.729840866294,192.8327534668187,NC,NORTH CAROLINA,0.0653821399999999,608232.3848376968
2044,34,4940333.300242875,23465.486179852414,ND,NORTH DAKOTA,0.0653821399999999,323009563.4831412
2044,35,88690.9243406821,1283.9567677081225,OH,OHIO,0.0653821399999999,5798802.431971876
2044,36,9446938.526427737,45176.81589745026,OK,OKLAHOMA,0.0653821399999999,617661057.306291
2044,37,2697305.3918858166,14528.351303360356,OR,OREGON,0.0653821399999999,176355598.75503305
2044,38,153.42880429503035,3.8478594866096416,PA,PENNSYLVANIA,0.0653821399999999,10031.503562450258
2044,39,0.0,0.0,RI,RHODE ISLAND,0.0653821399999999,0.0
2044,40,16450.069085596006,332.3785719357021,SC,SOUTH CAROLINA,0.0653821399999999,1075540.7199641084
2044,41,3096052.070209381,15707.222397273494,SD,SOUTH DAKOTA,0.0653821399999999,202426509.90171924
2044,42,53863.02412559042,697.2592871763351,TN,TENNESSEE,0.0653821399999999,3521679.7842027247
2044,43,3658228.440838708,22915.057578671756,TX,TEXAS,0.0653821399999999,239182804.07089773
2044,44,20514.851458419103,2397.031890993921,UT,UTAH,0.0653821399999999,1341304.8901335597
2044,45,0.0,0.0,VT,VERMONT,0.0653821399999999,0.0
2044,46,22.06423434078856,0.4625219611883309,VA,VIRGINIA,0.0653821399999999,1442.606858662243
2044,47,2380850.318206368,19679.203629120027,WA,WASHINGTON,0.0653821399999999,155665088.82401305
2044,48,0.0,0.0,WV,WEST VIRGINIA,0.0653821399999999,0.0
2044,49,5410.821080890977,79.984056003398,WI,WISCONSIN,0.0653821399999999,353771.0614257646
2044,50,333449.03520587576,4348.373419490908,WY,WYOMING,0.0653821399999999,21801611.502695464
2045,0,3249.1984181768694,81.62691407308431,AL,ALABAMA,0.0656807,213409.62654474948
2045,2,0.1651687549752508,0.5572413051701137,AZ,ARIZONA,0.0656807,10.848399444902954
2045,3,701131.0813600997,3796.331328226013,AR,ARKANSAS,0.0656807,46050780.21548829
2045,4,11659.816609728983,433.4694177404469,CA,CALIFORNIA,0.0656807,765824.9167986263
2045,5,630950.035619504,13321.111644980008,CO,COLORADO,0.0656807,41441240.00451396
2045,6,0.0,0.0,CT,CONNECTICUT,0.0656807,0.0
2045,7,881.1015596535385,23.77758902868084,DE,DELAWARE,0.0656807,57871.36720913616
2045,8,0.0,0.0,DC,DISTRICT OF COLUMBIA,0.0656807,0.0
2045,9,0.0,0.0,FL,FLORIDA,0.0656807,0.0
2045,10,106.23668731330608,3.890942604562381,GA,GEORGIA,0.0656807,6977.699988419062
2045,12,207147.5526517366,5094.301709982549,ID,IDAHO,0.0656807,13605596.261452913
2045,13,934191.2694799176,2795.41265984845,IL,ILLINOIS,0.0656807,61358336.513329625
2045,14,200900.9343148837,1352.6537428098109,IN,INDIANA,0.0656807,13195313.99645558
2045,15,2322.1783053068125,5.192935874858974,IA,IOWA,0.0656807,152522.29661736512
2045,16,9652716.646190602,54796.78408027877,KS,KANSAS,0.0656807,633997186.2234511
2045,17,49861.93529982137,1211.6337422599036,KY,KENTUCKY,0.0656807,3274966.813846977
2045,18,80800.75830617876,659.9473937943989,LA,LOUISIANA,0.0656807,5307050.366080635
2045,19,0.0,0.0,ME,MAINE,0.0656807,0.0
2045,20,2105.261366802204,29.874949715992525,MD,MARYLAND,0.0656807,138275.0402545255
2045,21,0.0,0.0,MA,MASSACHUSETTS,0.0656807,0.0
2045,22,90292.29074170944,283.003775444303,MI,MICHIGAN,0.0656807,5930460.860518995
2045,23,419731.42357581167,2597.2406249955984,MN,MINNESOTA,0.0656807,27568253.712455813
2045,24,62043.32797670555,474.39620205574266,MS,MISSISSIPPI,0.0656807,4075049.211839604
2045,25,465285.2206760282,2076.8074576213303,MO,MISSOURI,0.0656807,30560258.993656006
2045,26,7651264.589675982,47783.36400204427,MT,MONTANA,0.0656807,502540414.1351312
2045,27,606487.3869304999,4770.822756147136,NE,NEBRASKA,0.0656807,39834516.11476608
2045,28,8674.470315646377,709.5967798030764,NV,NEVADA,0.0656807,569745.2824608749
2045,29,0.0,0.0,NH,NEW HAMPSHIRE,0.0656807,0.0
2045,30,275.01084573955376,21.871619797930588,NJ,NEW JERSEY,0.0656807,18062.904855765904
2045,31,38936.27520608794,868.1468137465854,NM,NEW MEXICO,0.0656807,2557361.8109285
2045,32,1125.8458159298484,11.650442147989809,NY,NEW YORK,0.0656807,73946.3412823436
2045,33,2857.81823438647,108.09193719046438,NC,NORTH CAROLINA,0.0656807,187703.5021072674
2045,34,5084344.584253829,23700.97775470159,ND,NORTH DAKOTA,0.0656807,333943311.33500046
2045,35,191916.3327708149,1504.4986666324958,OH,OHIO,0.0656807,12605199.07782006
2045,36,8114166.563161061,44455.01043024074,OK,OKLAHOMA,0.0656807,532944139.78501266
2045,37,2900098.164014185,14948.535841323615,OR,OREGON,0.0656807,190480477.48116645
2045,38,3773.880803314401,168.52491179213771,PA,PENNSYLVANIA,0.0656807,247871.13287825216
2045,39,0.0,0.0,RI,RHODE ISLAND,0.0656807,0.0
2045,40,2586.896579573571,120.25541091698544,SC,SOUTH CAROLINA,0.0656807,169909.17817399785
2045,41,1751158.9486672804,12855.535156890975,SD,SOUTH DAKOTA,0.0656807,115017345.55973104
2045,42,70245.20577501498,660.3923981327005,TN,TENNESSEE,0.0656807,4613754.286947026
2045,43,3613440.852681609,25408.8407372377,TX,TEXAS,0.0656807,237333324.61272493
2045,44,9933.142486733926,1165.9060511229334,UT,UTAH,0.0656807,652415.7517284249
2045,45,0.0,0.0,VT,VERMONT,0.0656807,0.0
2045,46,0.0,0.0,VA,VIRGINIA,0.0656807,0.0
2045,47,2318698.3561878,19535.58200842901,WA,WASHINGTON,0.0656807,152293731.123264
2045,48,93.64319045507142,2.4630053475768765,WV,WEST VIRGINIA,0.0656807,6150.550299322409
2045,49,63944.79051831607,269.93536989308484,WI,WISCONSIN,0.0656807,4199938.602596362
2045,50,326192.0533323564,3709.3390886810416,WY,WYOMING,0.0656807,21424522.3973065
2046,0,5029.974788385168,96.45662200007509,AL,ALABAMA,0.0646014199999999,324943.5138938808
2046,2,3.952932527904931,13.336283133145866,AZ,ARIZONA,0.0646014199999999,255.36505446684774
2046,3,520082.0924163941,3440.744800368177,AR,ARKANSAS,0.0646014199999999,33598041.68667024
2046,4,20015.07530038297,760.0766932167172,CA,CALIFORNIA,0.0646014199999999,1293002.2858116645
2046,5,1341867.796217827,23717.81811488716,CO,COLORADO,0.0646014199999999,86686565.08794211
2046,6,0.0,0.0,CT,CONNECTICUT,0.0646014199999999,0.0
2046,7,15367.811973296766,147.7664608231168,DE,DELAWARE,0.0646014199999999,992782.4757679715
2046,8,0.0,0.0,DC,DISTRICT OF COLUMBIA,0.0646014199999999,0.0
2046,9,1300.4862178865246,15.844158204517788,FL,FLORIDA,0.0646014199999999,84013.25636589876
2046,10,36513.86169563947,624.3270693147329,GA,GEORGIA,0.0646014199999999,2358847.3152219136
2046,12,287123.4219412304,6700.508738491368,ID,IDAHO,0.0646014199999999,18548580.77266261
2046,13,372436.3421196677,2312.571343187185,IL,ILLINOIS,0.0646014199999999,24059916.560536303
2046,14,42794.64247511665,439.2020207391353,IN,INDIANA,0.0646014199999999,2764594.6722848457
2046,15,1392.6182688709237,4.1223991481026125,IA,IOWA,0.0646014199999999,89965.11768700332
2046,16,15820479.757704776,59816.90088565488,KS,KANSAS,0.0646014199999999,1022025457.4289827
2046,17,24701.7592608557,631.8912455813326,KY,KENTUCKY,0.0646014199999999,1595768.724749426
2046,18,178853.01231495634,955.5886724981256,LA,LOUISIANA,0.0646014199999999,11554158.566823648
2046,19,0.0,0.0,ME,MAINE,0.0646014199999999,0.0
2046,20,38139.87627392248,387.3254966014444,MD,MARYLAND,0.0646014199999999,2463890.165919697
2046,21,0.0,0.0,MA,MASSACHUSETTS,0.0646014199999999,0.0
2046,22,22929.85315379152,249.7767869446092,MI,MICHIGAN,0.0646014199999999,1481301.074126408
2046,23,3123520.9564202325,10730.320775319384,MN,MINNESOTA,0.0646014199999999,201783889.18450484
2046,24,146686.30446769722,590.38612786174,MS,MISSISSIPPI,0.0646014199999999,9476143.56316557
2046,25,266650.0206016436,1934.445109355845,MO,MISSOURI,0.0646014199999999,17225969.9738954
2046,26,10928724.749647224,61122.50017895293,MT,MONTANA,0.0646014199999999,706011137.6163541
2046,27,1714685.668598682,8489.141847378422,NE,NEBRASKA,0.0646014199999999,110771129.04512408
2046,28,13527.786235300078,1107.6237026347396,NV,NEVADA,0.0646014199999999,873914.2002568378
2046,29,0.0,0.0,NH,NEW HAMPSHIRE,0.0646014199999999,0.0
2046,30,1509.0275918394527,39.07593377361003,NJ,NEW JERSEY,0.0646014199999999,97485.3252520089
2046,31,171456.92194931715,2718.499169321391,NM,NEW MEXICO,0.0646014199999999,11076360.626755038
2046,32,376.6214191335272,2.1594992404999047,NY,NEW YORK,0.0646014199999999,24330.27847844099
2046,33,32451.82030329806,524.8565099640326,NC,NORTH CAROLINA,0.0646014199999999,2096433.6731778819
2046,34,13828133.855151117,45764.88274762791,ND,NORTH DAKOTA,0.0646014199999999,893317082.992835
2046,35,31538.313209605603,223.2638313425101,OH,OHIO,0.0646014199999999,2037419.8177452765
2046,36,8667782.72427715,43982.83779274937,OK,OKLAHOMA,0.0646014199999999,559951072.2397714
2046,37,3089820.965770636,15899.161842408976,OR,OREGON,0.0646014199999999,199606821.93455416
2046,38,2147.5653633605307,89.09026662102244,PA,PENNSYLVANIA,0.0646014199999999,138735.77201590603
2046,39,0.0,0.0,RI,RHODE ISLAND,0.0646014199999999,0.0
2046,40,20932.223993178544,342.4737608253614,SC,SOUTH CAROLINA,0.0646014199999999,1352251.393717402
2046,41,3829463.106451192,16104.362623368572,SD,SOUTH DAKOTA,0.0646014199999999,247388754.51435775
2046,42,59952.94980789736,713.2235852609972,TN,TENNESSEE,0.0646014199999999,3873045.6907788906
2046,43,5657254.772756181,34665.079918817915,TX,TEXAS,0.0646014199999999,365466691.621826
2046,44,17823.730260053544,2084.5950441007017,UT,UTAH,0.0646014199999999,1151438.2844964263
2046,45,0.0,0.0,VT,VERMONT,0.0646014199999999,0.0
2046,46,3895.905025034533,107.89418115722556,VA,VIRGINIA,0.0646014199999999,251680.99680236596
2046,47,1985626.772319439,16550.525570867743,WA,WASHINGTON,0.0646014199999999,128274309.08185226
2046,48,0.0,0.0,WV,WEST VIRGINIA,0.0646014199999999,0.0
2046,49,39815.41924478856,249.36539199316053,WI,WISCONSIN,0.0646014199999999,2572132.621108664
2046,50,421301.9216834844,4556.223427967205,WY,WYOMING,0.0646014199999999,27216702.38948184
2047,0,53969.72600242829,268.2679918382698,AL,ALABAMA,0.0635221399999999,3428272.490887884
2047,2,4.353970468065495,14.705570220891875,AZ,ARIZONA,0.0635221399999999,276.57352162832143
2047,3,882930.2966103632,3872.76464389499,AR,ARKANSAS,0.0635221399999999,56085621.91152492
2047,4,38233.17462629912,1498.7898923854884,CA,CALIFORNIA,0.0635221399999999,2428653.071256216
2047,5,759920.9304386599,16569.906199108733,CO,COLORADO,0.0635221399999999,48271803.732254736
2047,6,0.0,0.0,CT,CONNECTICUT,0.0635221399999999,0.0
2047,7,6886.609766273869,133.52228395978992,DE,DELAWARE,0.0635221399999999,437452.1896986153
2047,8,0.0,0.0,DC,DISTRICT OF COLUMBIA,0.0635221399999999,0.0
2047,9,4554.898152235529,19.771749687689496,FL,FLORIDA,0.0635221399999999,289336.87811204605
2047,10,206081.96555157975,1296.3108249141865,GA,GEORGIA,0.0635221399999999,13090767.467242604
2047,12,408805.5786035061,9228.780252707127,ID,IDAHO,0.0635221399999999,25968205.196832873
2047,13,704425.4374136803,2509.924923542261,IL,ILLINOIS,0.0635221399999999,44746611.25495296
2047,14,153981.42897712186,806.5644851125227,IN,INDIANA,0.0635221399999999,9781229.888884775
2047,15,1206.820189823029,3.0368783862198345,IA,IOWA,0.0635221399999999,76659.8010527649
2047,16,5426447.006991771,31901.38598943953,KS,KANSAS,0.0635221399999999,344699526.48071164
2047,17,187972.23061427008,1450.2842428457484,KY,KENTUCKY,0.0635221399999999,11940398.34919193
2047,18,144566.1200501198,851.9459570582031,LA,LOUISIANA,0.0635221399999999,9183149.317080501
2047,19,0.0,0.0,ME,MAINE,0.0635221399999999,0.0
2047,20,53585.11031351153,430.8797994903023,MD,MARYLAND,0.0635221399999999,3403840.879250318
2047,21,0.0,0.0,MA,MASSACHUSETTS,0.0635221399999999,0.0
2047,22,62344.81421499216,270.01564558231473,MI,MICHIGAN,0.0635221399999999,3960276.016838716
2047,23,1817787.101922548,9023.028284585303,MN,MINNESOTA,0.0635221399999999,115469726.77851816
2047,24,197132.63431465815,598.0302875518616,MS,MISSISSIPPI,0.0635221399999999,12522286.795504497
2047,25,254919.3650799573,1887.149348001304,MO,MISSOURI,0.0635221399999999,16193023.597320132
2047,26,7123051.667738028,45364.67329458965,MT,MONTANA,0.0635221399999999,452471485.2652877
2047,27,1403317.76865234,8724.799316624358,NE,NEBRASKA,0.0635221399999999,89141747.7648214
2047,28,16269.7495748901,1320.859572949916,NV,NEVADA,0.0635221399999999,1033489.3102611076
2047,29,0.0,0.0,NH,NEW HAMPSHIRE,0.0635221399999999,0.0
2047,30,2284.1331236097494,29.87609618854779,NJ,NEW JERSEY,0.0635221399999999,145093.02405657558
2047,31,66597.93354907958,1129.7748749994023,NM,NEW MEXICO,0.0635221399999999,4230443.258615323
2047,32,562.7715234388347,3.43077024315319,NY,NEW YORK,0.0635221399999999,35748.45149989488
2047,33,50627.45211801176,704.7284130750918,NC,NORTH CAROLINA,0.0635221399999999,3215964.101283634
2047,34,4122707.9620108986,23453.19577344778,ND,NORTH DAKOTA,0.0635221399999999,261883232.34197053
2047,35,127536.83723917404,684.933898258497,OH,OHIO,0.0635221399999999,8101412.830264013
2047,36,2907502.984950063,21333.510645821603,OK,OKLAHOMA,0.0635221399999999,184690811.66041547
2047,37,3480771.2817443274,17198.759064383077,OR,OREGON,0.0635221399999999,221106040.66694224
2047,38,755.0980837667876,49.03102902495367,PA,PENNSYLVANIA,0.0635221399999999,47965.44619076553
2047,39,0.0,0.0,RI,RHODE ISLAND,0.0635221399999999,0.0
2047,40,74161.39609441154,725.7211689259666,SC,SOUTH CAROLINA,0.0635221399999999,4710890.585304655
2047,41,2070741.1139855343,13807.35705284025,SD,SOUTH DAKOTA,0.0635221399999999,131537906.94634484
2047,42,214685.1653960096,1082.343326928335,TN,TENNESSEE,0.0635221399999999,13637261.132208453
2047,43,1843986.156564516,11883.924766105092,TX,TEXAS,0.0635221399999999,117133946.7953529
2047,44,19868.03353526837,2325.075728636938,UT,UTAH,0.0635221399999999,1262060.0077520101
2047,45,0.0,0.0,VT,VERMONT,0.0635221399999999,0.0
2047,46,18314.905954986,181.94634913168443,VA,VIRGINIA,0.0635221399999999,1163402.0201594525
2047,47,2251424.6995962244,19045.241709671063,WA,WASHINGTON,0.0635221399999999,143015314.96720907
2047,48,134.121279621753,2.8131804704915275,WV,WEST VIRGINIA,0.0635221399999999,8519.670701112127
2047,49,111037.45758465955,340.2136438501156,WI,WISCONSIN,0.0635221399999999,7053336.925936795
2047,50,358430.6317602885,4011.331654171391,WY,WYOMING,0.0635221399999999,22768280.770965453
2048,0,11038.417143301684,196.53754848434227,AL,ALABAMA,0.0624428599999999,689270.3363007859
2048,2,1.8831948414435,6.365417899639775,AZ,ARIZONA,0.0624428599999999,117.59207183697848
2048,3,740115.7265875448,3582.149864733979,AR,ARKANSAS,0.0624428599999999,46214942.699104264
2048,4,32928.49475623277,1264.533443732607,CA,CALIFORNIA,0.0624428599999999,2056149.3880741738
2048,5,1206309.846317787,22626.84889449017,CO,COLORADO,0.0624428599999999,75325436.85024296
2048,6,0.0,0.0,CT,CONNECTICUT,0.0624428599999999,0.0
2048,7,57.35673181514259,7.058047625242626,DE,DELAWARE,0.0624428599999999,3581.5183747904885
2048,8,0.0,0.0,DC,DISTRICT OF COLUMBIA,0.0624428599999999,0.0
2048,9,191.07039286473548,1.1947372781169128,FL,FLORIDA,0.0624428599999999,11930.981791797656
2048,10,120684.94031914268,1034.8556477572592,GA,GEORGIA,0.0624428599999999,7535912.83245657
2048,12,276178.27869981615,6525.511420254414,ID,IDAHO,0.0624428599999999,17245361.591893576
2048,13,110363.47638160003,890.8119210345153,IL,ILLINOIS,0.0624428599999999,6891411.104809547
2048,14,66037.50419546728,516.8857671194042,IN,INDIANA,0.0624428599999999,4123570.629226969
2048,15,131.86142250455876,0.7055085070816336,IA,IOWA,0.0624428599999999,8233.804344852999
2048,16,12317820.508784989,50787.67121392076,KS,KANSAS,0.0624428599999999,769159941.5351886
2048,17,39974.786636854216,898.5768023473297,KY,KENTUCKY,0.0624428599999999,2496140.0054949545
2048,18,80949.99070553735,657.1563308840089,LA,LOUISIANA,0.0624428599999999,5054748.936627162
2048,19,0.0,0.0,ME,MAINE,0.0624428599999999,0.0
2048,20,6883.053285995824,198.43131665652032,MD,MARYLAND,0.0624428599999999,429797.53270997654
2048,21,0.0,0.0,MA,MASSACHUSETTS,0.0624428599999999,0.0
2048,22,3073.377282583967,36.75117676741934,MI,MICHIGAN,0.0624428599999999,191910.46738357077
2048,23,112780.96441654328,1538.5858849521314,MN,MINNESOTA,0.0624428599999999,7042365.971727183
2048,24,132225.41005054777,526.51573082178,MS,MISSISSIPPI,0.0624428599999999,8256532.768228933
2048,25,109370.71516941258,917.2969925930572,MO,MISSOURI,0.0624428599999999,6829420.255423496
2048,26,3776724.049006756,30256.277099100374,MT,MONTANA,0.0624428599999999,235829451.0507616
2048,27,1632423.3344053188,8431.874704017155,NE,NEBRASKA,0.0624428599999999,101933181.73100434
2048,28,14993.024891449328,1215.992127133254,NV,NEVADA,0.0624428599999999,936207.3542732841
2048,29,0.0,0.0,NH,NEW HAMPSHIRE,0.0624428599999999,0.0
2048,30,414.9859709298984,23.50435840122153,NJ,NEW JERSEY,0.0624428599999999,25912.91088473967
2048,31,156561.57971114214,2312.6900158718345,NM,NEW MEXICO,0.0624428599999999,9776152.803281674
2048,32,725.6842274757846,5.900398332619178,NY,NEW YORK,0.0624428599999999,45313.7986204785
2048,33,95358.54640721614,1114.0245069775185,NC,NORTH CAROLINA,0.0624428599999999,5954460.3631092915
2048,34,5007323.349358875,24550.246925523163,ND,NORTH DAKOTA,0.0624428599999999,312671590.8787468
2048,35,9839.153485514318,143.33848672119612,OH,OHIO,0.0624428599999999,614384.8836144817
2048,36,7836414.058460661,38400.8091153185,OK,OKLAHOMA,0.0624428599999999,489328105.95449007
2048,37,2820736.708328066,14403.103478711291,OR,OREGON,0.0624428599999999,176134867.37498996
2048,38,259.661884351559,32.646807376047455,PA,PENNSYLVANIA,0.0624428599999999,16214.030691900563
2048,39,0.0,0.0,RI,RHODE ISLAND,0.0624428599999999,0.0
2048,40,65795.59165661395,658.2242789520228,SC,SOUTH CAROLINA,0.0624428599999999,4108464.918431106
2048,41,1356936.068746775,10505.056611408249,SD,SOUTH DAKOTA,0.0624428599999999,84730968.9697051
2048,42,76883.77541947094,664.3430638793769,TN,TENNESSEE,0.0624428599999999,4800842.824789457
2048,43,4647025.34429706,28034.50524804064,TX,TEXAS,0.0624428599999999,290173552.9903926
2048,44,19556.142592864137,2284.9952579554883,UT,UTAH,0.0624428599999999,1221141.4740662503
2048,45,0.0,0.0,VT,VERMONT,0.0624428599999999,0.0
2048,46,3358.6823851802465,66.955761219701,VA,VIRGINIA,0.0624428599999999,209725.73396227587
2048,47,1997878.048012756,17475.843199635256,WA,WASHINGTON,0.0624428599999999,124753219.2491336
2048,48,0.0,0.0,WV,WEST VIRGINIA,0.0624428599999999,0.0
2048,49,2772.3137148786336,26.831045741692343,WI,WISCONSIN,0.0624428599999999,173111.19717424616
2048,50,313323.1284450794,3491.842110491191,WY,WYOMING,0.0624428599999999,19564792.24425808
2049,0,0.0,0.0,AL,ALABAMA,0.06136358,0.0
2049,2,2.296276221927777,7.747106643322862,AZ,ARIZONA,0.06136358,140.9077296463629
2049,3,83656.89533005006,1051.2506818210582,AR,ARKANSAS,0.06136358,5133486.589137153
2049,4,23150.90555806296,927.2035881817252,CA,CALIFORNIA,0.06136358,1420622.445284641
2049,5,695191.8817076206,14741.273623406974,CO,COLORADO,0.06136358,42659462.64851612
2049,6,0.0,0.0,CT,CONNECTICUT,0.06136358,0.0
2049,7,0.0,0.0,DE,DELAWARE,0.06136358,0.0
2049,8,0.0,0.0,DC,DISTRICT OF COLUMBIA,0.06136358,0.0
2049,9,0.0,0.0,FL,FLORIDA,0.06136358,0.0
2049,10,0.0,0.0,GA,GEORGIA,0.06136358,0.0
2049,12,141877.06324937643,4039.679594599653,ID,IDAHO,0.06136358,8706084.52086817
2049,13,52695.8187916406,977.6966469875764,IL,ILLINOIS,0.06136358,3233604.092086341
2049,14,41548.65035431151,360.80274775341474,IN,INDIANA,0.06136358,2549573.9299088228
2049,15,122.44338968739449,1.0421076231394606,IA,IOWA,0.06136358,7513.564738553607
2049,16,10784800.016114054,49631.8204238309,KS,KANSAS,0.06136358,661793938.572816
2049,17,25839.79888385877,516.7309699876639,KY,KENTUCKY,0.06136358,1585622.5659935784
2049,18,43419.114876620944,568.379937963172,LA,LOUISIANA,0.06136358,2664352.3292607195
2049,19,0.0,0.0,ME,MAINE,0.06136358,0.0
2049,20,1111.7068358046515,37.766623920504045,MD,MARYLAND,0.06136358,68218.31135544559
2049,21,0.0,0.0,MA,MASSACHUSETTS,0.06136358,0.0
2049,22,6263.439174449684,86.99716799050685,MI,MICHIGAN,0.06136358,384347.0508564772
2049,23,145880.17919571177,1345.777598871408,MN,MINNESOTA,0.06136358,8951730.046490394
2049,24,42116.95686939878,320.6870856872617,MS,MISSISSIPPI,0.06136358,2584447.252211902
2049,25,22690.177762993317,388.1733210433009,MO,MISSOURI,0.06136358,1392350.5383736615
2049,26,4333442.393231822,35774.30854961527,MT,MONTANA,0.06136358,265915538.97247237
2049,27,651409.7320506002,5034.034224468391,NE,NEBRASKA,0.06136358,39972833.20546557
2049,28,10596.154733690762,903.294390480073,NV,NEVADA,0.06136358,650217.9886932118
2049,29,0.0,0.0,NH,NEW HAMPSHIRE,0.06136358,0.0
2049,30,2.166937151070992,0.8334172898138631,NJ,NEW JERSEY,0.06136358,132.9710212247169
2049,31,99600.77610740854,2044.773259542569,NM,NEW MEXICO,0.06136358,6111860.192729052
2049,32,0.0,0.0,NY,NEW YORK,0.06136358,0.0
2049,33,882.8678804946312,38.0782323416607,NC,NORTH CAROLINA,0.06136358,54175.933814162745
2049,34,565039.8739335109,4598.653123880695,ND,NORTH DAKOTA,0.06136358,34672869.50730891
2049,35,28597.553902914697,329.87929715501195,OH,OHIO,0.06136358,1754848.2867258182
2049,36,4438925.892948897,27368.578516850263,OK,OKLAHOMA,0.06136358,272388384.14604104
2049,37,2527739.886277181,13049.16671998326,OR,OREGON,0.06136358,155111168.73076072
2049,38,273.4333529954843,15.3961021851394,PA,PENNSYLVANIA,0.06136358,16778.84943120664
2049,39,0.0,0.0,RI,RHODE ISLAND,0.06136358,0.0
2049,40,845.1099638509954,38.52536449816646,SC,SOUTH CAROLINA,0.06136358,51858.97287556766
2049,41,909329.449321438,7163.765217164902,SD,SOUTH DAKOTA,0.06136358,55799710.409792006
2049,42,20049.03155753849,354.6164526927112,TN,TENNESSEE,0.06136358,1230280.3519035375
2049,43,5175476.48588377,30880.381068773284,TX,TEXAS,0.06136358,317585765.3796476
2049,44,19792.89157927655,2316.252432718941,UT,UTAH,0.06136358,1214562.685856263
2049,45,0.0,0.0,VT,VERMONT,0.06136358,0.0
2049,46,0.0,0.0,VA,VIRGINIA,0.06136358,0.0
2049,47,2133510.675130242,18927.424753415275,WA,WASHINGTON,0.06136358,130919852.99420862
2049,48,0.0,0.0,WV,WEST VIRGINIA,0.06136358,0.0
2049,49,4992.840239636407,35.01763680700759,WI,WISCONSIN,0.06136358,306378.55147214787
2049,50,178515.7679892984,2438.515165849301,WY,WYOMING,0.06136358,10954366.61027275
2050,0,1596.4694374398152,87.15368491238475,AL,ALABAMA,0.0602843,96242.04250745305
2050,2,1.4610944695811676,4.929395934044807,AZ,ARIZONA,0.0602843,88.08105733257199
2050,3,247168.5012869612,1899.4878598932532,AR,ARKANSAS,0.0602843,14900380.082133554
2050,4,14593.66796491365,566.8801233280117,CA,CALIFORNIA,0.0602843,879769.0576972439
2050,5,592756.0169746985,13691.937910964409,CO,COLORADO,0.0602843,35733881.55410782
2050,6,0.0,0.0,CT,CONNECTICUT,0.0602843,0.0
2050,7,7786.141982187463,147.6322908885729,DE,DELAWARE,0.0602843,469382.1190967837
2050,8,0.0,0.0,DC,DISTRICT OF COLUMBIA,0.0602843,0.0
2050,9,83.53857575353167,0.9789580122850032,FL,FLORIDA,0.0602843,5036.064562298629
2050,10,1415.9771154457098,36.30714374328041,GA,GEORGIA,0.0602843,85361.1892206638
2050,12,240351.9913929581,5588.870478963228,ID,IDAHO,0.0602843,14489451.554730505
2050,13,20114.67809832976,192.79429371330636,IL,ILLINOIS,0.0602843,1212599.2888831408
2050,14,22320.4324028912,233.82298169894057,IN,INDIANA,0.0602843,1345571.643105614
2050,15,0.0,0.0,IA,IOWA,0.0602843,0.0
2050,16,8901246.009776827,49188.76712898629,KS,KANSAS,0.0602843,536605384.82718915
2050,17,31320.010187107,855.4005793246781,KY,KENTUCKY,0.0602843,1888104.8901226146
2050,18,153343.23362225006,960.5694103229304,LA,LOUISIANA,0.0602843,9244189.498653809
2050,19,0.0,0.0,ME,MAINE,0.0602843,0.0
2050,20,20821.44866604956,282.0260892863354,MD,MARYLAND,0.0602843,1255206.4578187314
2050,21,0.0,0.0,MA,MASSACHUSETTS,0.0602843,0.0
2050,22,18380.18125783274,247.7004590580424,MI,MICHIGAN,0.0602843,1108036.3610015663
2050,23,149823.66468900946,1439.570942930661,MN,MINNESOTA,0.0602843,9032014.749211652
2050,24,52716.32740741709,371.2638089429237,MS,MISSISSIPPI,0.0602843,3177966.896326954
2050,25,43013.18480313543,612.038938073766,MO,MISSOURI,0.0602843,2593019.7366276574
2050,26,1537122.5064417915,12621.797003848817,MT,MONTANA,0.0602843,92664354.3150889
2050,27,550339.0970022868,5431.9599648169415,NE,NEBRASKA,0.0602843,33176807.225414958
2050,28,13888.573599268038,1131.575506625975,NV,NEVADA,0.0602843,837262.9374303542
2050,29,0.0,0.0,NH,NEW HAMPSHIRE,0.0602843,0.0
2050,30,10886.477330997432,126.45919950703876,NJ,NEW JERSEY,0.0602843,656283.6653650485
2050,31,67951.24400229199,1080.6839402804392,NM,NEW MEXICO,0.0602843,4096393.1788073713
2050,32,455.1323164873562,6.012722658246213,NY,NEW YORK,0.0602843,27437.33310681873
2050,33,112126.70901737896,1349.382191161743,NC,NORTH CAROLINA,0.0602843,6759480.164416378
2050,34,971353.9083094868,9570.128078824013,ND,NORTH DAKOTA,0.0602843,58557390.414701596
2050,35,58719.201541938375,641.2193475961926,OH,OHIO,0.0602843,3539845.9615146755
2050,36,5039868.040705049,32374.24610459635,OK,OKLAHOMA,0.0602843,303824916.92627543
2050,37,2220624.5737905675,11381.97279697384,OR,OREGON,0.0602843,133868797.9937627
2050,38,1755.8669256272833,75.92333159712175,PA,PENNSYLVANIA,0.0602843,105851.20850459283
2050,39,0.0,0.0,RI,RHODE ISLAND,0.0602843,0.0
2050,40,26746.48575345037,485.5601799648599,SC,SOUTH CAROLINA,0.0602843,1612393.1711067283
2050,41,225827.0563027042,3717.492672450509,SD,SOUTH DAKOTA,0.0602843,13613826.010269111
2050,42,22536.559775292924,364.5144846698277,TN,TENNESSEE,0.0602843,1358600.7304616913
2050,43,1893021.1965959712,13655.15509953514,TX,TEXAS,0.0602843,114119457.72195052
2050,44,19965.763526840885,2365.2924329899274,UT,UTAH,0.0602843,1203622.0781811338
2050,45,0.0,0.0,VT,VERMONT,0.0602843,0.0
2050,46,16088.643698118958,154.9266123634004,VA,VIRGINIA,0.0602843,969892.6232905127
2050,47,1226462.506626645,10233.318241280833,WA,WASHINGTON,0.0602843,73936433.68823266
2050,48,0.0,0.0,WV,WEST VIRGINIA,0.0602843,0.0
2050,49,3237.9019597398537,24.090157691682315,WI,WISCONSIN,0.0602843,195194.65311154525
2050,50,73275.84879053698,814.3278563643838,WY,WYOMING,0.0602843,4417383.251243369
2051,0,25086.780755219035,200.23033530582984,AL,ALABAMA,0.0604106,1515507.4774912351
2051,2,1.4603420696455685,4.926857510102664,AZ,ARIZONA,0.0604106,88.22014063253059
2051,3,395272.4768794422,2548.680777323498,AR,ARKANSAS,0.0604106,23878647.491773233
2051,4,8698.285632999474,326.27689743441664,CA,CALIFORNIA,0.0604106,525468.6540608781
2051,5,1167718.911568151,23049.14661350077,CO,COLORADO,0.0604106,70542600.07917894
2051,6,0.0,0.0,CT,CONNECTICUT,0.0604106,0.0
2051,7,14546.738729719737,185.4094254648968,DE,DELAWARE,0.0604106,878777.214705607
2051,8,0.0,0.0,DC,DISTRICT OF COLUMBIA,0.0604106,0.0
2051,9,1581.8342867677975,8.972358517694653,FL,FLORIDA,0.0604106,95559.55836421471
2051,10,190877.4848370936,1313.4529525538692,GA,GEORGIA,0.0604106,11531023.385499727
2051,12,127841.52231385188,3299.0174005560493,ID,IDAHO,0.0604106,7722983.06789318
2051,13,43996.33502561929,289.4851790741548,IL,ILLINOIS,0.0604106,2657844.9966986766
2051,14,28086.370220083245,208.0679988958376,IN,INDIANA,0.0604106,1696714.4768173608
2051,15,3.608445924702116,0.014650331861015,IA,IOWA,0.0604106,217.98838337880966
2051,16,15907220.460077066,61348.140269556185,KS,KANSAS,0.0604106,960964732.3255316
2051,17,27301.99146764452,912.1494255438092,KY,KENTUCKY,0.0604106,1649329.6857552861
2051,18,298353.2875765912,1024.909353856739,LA,LOUISIANA,0.0604106,18023701.11447442
2051,19,0.0,0.0,ME,MAINE,0.0604106,0.0
2051,20,21607.793252492374,227.8282892781148,MD,MARYLAND,0.0604106,1305339.755059016
2051,21,0.0,0.0,MA,MASSACHUSETTS,0.0604106,0.0
2051,22,2145.6077784961103,17.070904302608675,MI,MICHIGAN,0.0604106,129617.45326361712
2051,23,1140.114109814526,6.063266098152236,MN,MINNESOTA,0.0604106,68874.97744236141
2051,24,184544.78090899216,627.1790115211151,MS,MISSISSIPPI,0.0604106,11148460.941580763
2051,25,67106.88820390063,1008.4044916690244,MO,MISSOURI,0.0604106,4053967.3805305595
2051,26,1272488.5403553676,7577.694684134785,MT,MONTANA,0.0604106,76871796.21599197
2051,27,1168780.070003612,8787.811297369872,NE,NEBRASKA,0.0604106,70606705.2969602
2051,28,9612.084075103685,780.7688370405549,NV,NEVADA,0.0604106,580671.7662274587
2051,29,0.0,0.0,NH,NEW HAMPSHIRE,0.0604106,0.0
2051,30,1732.4237905961927,36.58841441201392,NJ,NEW JERSEY,0.0604106,104656.76064419036
2051,31,190556.681086486,2793.797944803052,NM,NEW MEXICO,0.0604106,11511643.438443271
2051,32,0.0,0.0,NY,NEW YORK,0.0604106,0.0
2051,33,266712.8498833225,1500.9586521431274,NC,NORTH CAROLINA,0.0604106,16112283.289161442
2051,34,0.0,0.0,ND,NORTH DAKOTA,0.0604106,0.0
2051,35,42011.252745666585,385.7592262883341,OH,OHIO,0.0604106,2537924.985117366
2051,36,8001032.240220618,39785.42104848566,OK,OKLAHOMA,0.0604106,483347158.2510717
2051,37,2152328.687432961,11334.36838763757,OR,OREGON,0.0604106,130023467.40503764
2051,38,1.616254689177013,0.4661158992584934,PA,PENNSYLVANIA,0.0604106,97.63891552599686
2051,39,0.0,0.0,RI,RHODE ISLAND,0.0604106,0.0
2051,40,149312.50122037367,954.774533432081,SC,SOUTH CAROLINA,0.0604106,9020057.786223505
2051,41,172802.75835219066,1773.7188575812074,SD,SOUTH DAKOTA,0.0604106,10439118.31371085
2051,42,75164.50252950977,747.4048480735098,TN,TENNESSEE,0.0604106,4540732.696509203
2051,43,5293501.886786232,31122.933834203053,TX,TEXAS,0.0604106,319783625.0818884
2051,44,13082.066476244749,1553.8819233297943,UT,UTAH,0.0604106,790295.4850698311
2051,45,0.0,0.0,VT,VERMONT,0.0604106,0.0
2051,46,27480.81111749961,180.2862129115664,VA,VIRGINIA,0.0604106,1660132.2880948219
2051,47,1172337.3618685638,9240.152833272345,WA,WASHINGTON,0.0604106,70821603.43289706
2051,48,0.0,0.0,WV,WEST VIRGINIA,0.0604106,0.0
2051,49,3500.101130028823,23.45268600844852,WI,WISCONSIN,0.0604106,211443.20932571922
2051,50,63137.22979437897,875.3375281049232,WY,WYOMING,0.0604106,3814157.9342163103
2052,0,6101.23463245121,98.06950278199992,AL,ALABAMA,0.0605369,369349.83082123566
2052,2,1.4107166074771964,4.759432640232346,AZ,ARIZONA,0.0605369,85.4004101951863
2052,3,1083451.746406827,3998.1393801602567,AR,ARKANSAS,0.0605369,65588810.02705544
2052,4,20432.74282746966,806.8673771814069,CA,CALIFORNIA,0.0605369,1236934.9092722482
2052,5,1148979.4421071569,23355.801202884344,CO,COLORADO,0.0605369,69555653.58889674
2052,6,0.0,0.0,CT,CONNECTICUT,0.0605369,0.0
2052,7,1450.2190876863604,113.35119806033764,DE,DELAWARE,0.0605369,87791.76788936043
2052,8,0.0,0.0,DC,DISTRICT OF COLUMBIA,0.0605369,0.0
2052,9,0.0,0.0,FL,FLORIDA,0.0605369,0.0
2052,10,25301.755252628813,397.4959063449787,GA,GEORGIA,0.0605369,1531689.8275528653
2052,12,328769.1198101777,7641.0793311434545,ID,IDAHO,0.0605369,19902663.329036746
2052,13,839108.7383361588,2215.040002173901,IL,ILLINOIS,0.0605369,50797041.78178221
2052,14,164151.63942563345,809.8406178715858,IN,INDIANA,0.0605369,9937231.38074563
2052,15,112.51138827443864,0.27901403702717,IA,IOWA,0.0605369,6811.090660830865
2052,16,16647585.785879752,64115.96865793696,KS,KANSAS,0.0605369,1007793235.9612238
2052,17,187507.3838264116,1377.6484781099489,KY,KENTUCKY,0.0605369,11351115.743961096
2052,18,108483.08825747848,769.2377015392416,LA,LOUISIANA,0.0605369,6567229.865534148
2052,19,0.0,0.0,ME,MAINE,0.0605369,0.0
2052,20,9026.888202270757,331.1520486777111,MD,MARYLAND,0.0605369,546459.8284120446
2052,21,0.0,0.0,MA,MASSACHUSETTS,0.0605369,0.0
2052,22,25808.37639671614,220.9344793558789,MI,MICHIGAN,0.0605369,1562359.1010903653
2052,23,643680.6031081398,3690.5260576510746,MN,MINNESOTA,0.0605369,38966428.30229715
2052,24,169541.48370881297,570.6599630830281,MS,MISSISSIPPI,0.0605369,10263515.84513204
2052,25,381352.4062247562,2093.4142183838294,MO,MISSOURI,0.0605369,23085892.48038744
2052,26,8415627.617027074,50886.42066435238,MT,MONTANA,0.0605369,509456007.48920625
2052,27,2297445.5274885665,11874.752330931637,NE,NEBRASKA,0.0605369,139080230.1530226
2052,28,18860.25260747849,1529.6392057294402,NV,NEVADA,0.0605369,1141741.2260736646
2052,29,0.0,0.0,NH,NEW HAMPSHIRE,0.0605369,0.0
2052,30,390.153895672622,25.96460868588265,NJ,NEW JERSEY,0.0605369,23618.707366943952
2052,31,173201.96345480753,2603.5811813405426,NM,NEW MEXICO,0.0605369,10485109.941467337
2052,32,1340.175765923504,6.0133241918863085,NY,NEW YORK,0.0605369,81130.08632413457
2052,33,4655.340416305,211.53363530763315,NC,NORTH CAROLINA,0.0605369,281819.87724781415
2052,34,6150377.498462719,32919.69777964974,ND,NORTH DAKOTA,0.0605369,372324787.58668774
2052,35,78469.9512543456,455.611668700289,OH,OHIO,0.0605369,4750327.592089194
2052,36,5620966.555319028,34367.74373750955,OK,OKLAHOMA,0.0605369,340275890.26269245
2052,37,2702182.2628037785,13635.611333392882,OR,OREGON,0.0605369,163581737.42512608
2052,38,66.06180198854165,6.63816430673444,PA,PENNSYLVANIA,0.0605369,3999.1767008001466
2052,39,0.0,0.0,RI,RHODE ISLAND,0.0605369,0.0
2052,40,323.01910975402365,16.56844058527699,SC,SOUTH CAROLINA,0.0605369,19554.575545268355
2052,41,2841824.589535666,13589.31390815233,SD,SOUTH DAKOTA,0.0605369,172035250.99426165
2052,42,170326.27816846682,1004.6251779257972,TN,TENNESSEE,0.0605369,10311024.868856657
2052,43,3998695.699192079,24731.006881163496,TX,TEXAS,0.0605369,242068641.67242092
2052,44,24178.152863280346,2828.773278269545,UT,UTAH,0.0605369,1463670.4220691158
2052,45,0.0,0.0,VT,VERMONT,0.0605369,0.0
2052,46,268.4785305065228,27.630326725513893,VA,VIRGINIA,0.0605369,16252.85795342032
2052,47,1521428.0747484637,13375.247501396,WA,WASHINGTON,0.0605369,92102539.21824026
2052,48,0.0,0.0,WV,WEST VIRGINIA,0.0605369,0.0
2052,49,61714.24158891121,270.446426246806,WI,WISCONSIN,0.0605369,3735988.871643759
2052,50,469073.22600563,5573.46706250161,WY,WYOMING,0.0605369,28396238.97538022
2053,0,439.3118464648864,13.16809608993812,AL,ALABAMA,0.0606632,26650.062404468696
2053,2,1.0002980525228096,3.374775044047865,AZ,ARIZONA,0.0606632,60.68128081980171
2053,3,94772.02075628076,675.5191165872825,AR,ARKANSAS,0.0606632,5749174.049542411
2053,4,25572.858701271627,997.6149131764942,CA,CALIFORNIA,0.0606632,1551331.441966981
2053,5,1567169.0325049113,27359.457293280204,CO,COLORADO,0.0606632,95069488.45265193
2053,6,0.0,0.0,CT,CONNECTICUT,0.0606632,0.0
2053,7,1014.0955601905296,56.102435361510736,DE,DELAWARE,0.0606632,61518.28178695013
2053,8,0.0,0.0,DC,DISTRICT OF COLUMBIA,0.0606632,0.0
2053,9,0.0,0.0,FL,FLORIDA,0.0606632,0.0
2053,10,53.80141962742767,8.080593191859137,GA,GEORGIA,0.0606632,3263.76627914257
2053,12,340588.78431829973,7816.646928233637,ID,IDAHO,0.0606632,20661205.540857878
2053,13,85107.46448638245,910.005589295636,IL,ILLINOIS,0.0606632,5162891.139630316
2053,14,42478.38828979583,394.4847541487452,IN,INDIANA,0.0606632,2576874.9645015425
2053,15,0.0,0.0,IA,IOWA,0.0606632,0.0
2053,16,15971338.103539445,62796.82019494152,KS,KANSAS,0.0606632,968872477.642634
2053,17,44739.19916624104,844.66438929634,KY,KENTUCKY,0.0606632,2714022.986861513
2053,18,26156.70044562983,311.529925189833,LA,LOUISIANA,0.0606632,1586749.1504733316
2053,19,0.0,0.0,ME,MAINE,0.0606632,0.0
2053,20,3156.355867461619,73.44464313285347,MD,MARYLAND,0.0606632,191474.6472589977
2053,21,0.0,0.0,MA,MASSACHUSETTS,0.0606632,0.0
2053,22,15253.12565041044,219.3770047572706,MI,MICHIGAN,0.0606632,925303.4119559786
2053,23,464593.4955576013,3332.666422421816,MN,MINNESOTA,0.0606632,28183728.13970988
2053,24,6042.593415606343,126.45717486125436,MS,MISSISSIPPI,0.0606632,366563.0528896107
2053,25,42598.11714623691,550.5265274201828,MO,MISSOURI,0.0606632,2584138.100065599
2053,26,4279986.596439421,36093.426273472505,MT,MONTANA,0.0606632,259637682.8971239
2053,27,2326412.789863868,11608.984696647052,NE,NEBRASKA,0.0606632,141127644.3540698
2053,28,20116.85235333709,1631.5542901760182,NV,NEVADA,0.0606632,1220352.6376809585
2053,29,0.0,0.0,NH,NEW HAMPSHIRE,0.0606632,0.0
2053,30,323.1320619680118,25.71432935285684,NJ,NEW JERSEY,0.0606632,19602.22490157789
2053,31,168955.25173977698,2880.086365672909,NM,NEW MEXICO,0.0606632,10249366.22734044
2053,32,0.0,0.0,NY,NEW YORK,0.0606632,0.0
2053,33,2776.4464574697718,106.0848395279708,NC,NORTH CAROLINA,0.0606632,168428.12673878024
2053,34,2785682.4579935493,12392.677382769109,ND,NORTH DAKOTA,0.0606632,168988412.08575428
2053,35,70777.18224703608,706.0242004002245,OH,OHIO,0.0606632,4293570.362088399
2053,36,10274622.449409328,41201.32673062757,OK,OKLAHOMA,0.0606632,623291476.573008
2053,37,3292463.386722561,16144.620605963031,OR,OREGON,0.0606632,199731364.92142805
2053,38,791.8973423944652,33.47407847249746,PA,PENNSYLVANIA,0.0606632,48039.026861143924
2053,39,0.0,0.0,RI,RHODE ISLAND,0.0606632,0.0
2053,40,208.68363316061905,11.875546632722026,SC,SOUTH CAROLINA,0.0606632,12659.416975149266
2053,41,2189446.1008850643,14122.008990904147,SD,SOUTH DAKOTA,0.0606632,132818806.70721082
2053,42,9908.643949013742,113.15044388317992,TN,TENNESSEE,0.0606632,601090.0496078104
2053,43,5826232.804253053,32680.01467788725,TX,TEXAS,0.0606632,353437925.8509638
2053,44,26114.060448701348,3056.5698735221863,UT,UTAH,0.0606632,1584162.4718116596
2053,45,0.0,0.0,VT,VERMONT,0.0606632,0.0
2053,46,0.0,0.0,VA,VIRGINIA,0.0606632,0.0
2053,47,1543614.8719647736,15427.848093632454,WA,WASHINGTON,0.0606632,93640617.70097345
2053,48,0.0,0.0,WV,WEST VIRGINIA,0.0606632,0.0
2053,49,2256.418132480768,12.39308244003665,WI,WISCONSIN,0.0606632,136881.5444543073
2053,50,475951.29594501306,5447.936807553288,WY,WYOMING,0.0606632,28872728.656171516
2054,0,1587.5943922808913,62.51364088271811,AL,ALABAMA,0.0607894999999999,96509.06930955908
2054,2,0.9908949848641304,3.3430512613293337,AZ,ARIZONA,0.0607894999999999,60.23601068239795
2054,3,58396.84551438815,682.0706582525944,AR,ARKANSAS,0.0607894999999999,3549915.0403968925
2054,4,21212.293784653222,825.2267971388496,CA,CALIFORNIA,0.0607894999999999,1289484.733022175
2054,5,992351.7591370476,22923.221294974872,CO,COLORADO,0.0607894999999999,60324567.262061454
2054,6,0.0,0.0,CT,CONNECTICUT,0.0607894999999999,0.0
2054,7,5770.642631224436,69.30009227167912,DE,DELAWARE,0.0607894999999999,350794.4802308173
2054,8,0.0,0.0,DC,DISTRICT OF COLUMBIA,0.0607894999999999,0.0
2054,9,0.0,0.0,FL,FLORIDA,0.0607894999999999,0.0
2054,10,0.0,0.0,GA,GEORGIA,0.0607894999999999,0.0
2054,12,297715.2802636528,7636.389602003853,ID,IDAHO,0.0607894999999999,18097963.02958729
2054,13,187554.62062417343,1678.4380109975173,IL,ILLINOIS,0.0607894999999999,11401351.610433172
2054,14,37040.85506102931,339.0737498044632,IN,INDIANA,0.0607894999999999,2251695.0587324374
2054,15,25.62046002324597,0.1760897386645394,IA,IOWA,0.0607894999999999,1557.454954583108
2054,16,11197141.261508925,60292.5784881979,KS,KANSAS,0.0607894999999999,680668618.7164956
2054,17,22595.48057540425,565.0756560242468,KY,KENTUCKY,0.0607894999999999,1373567.9664385344
2054,18,20199.343112934446,392.541039911267,LA,LOUISIANA,0.0607894999999999,1227907.9681637266
2054,19,0.0,0.0,ME,MAINE,0.0607894999999999,0.0
2054,20,20087.80866103308,155.16734533993525,MD,MARYLAND,0.0607894999999999,1221127.8445998684
2054,21,0.0,0.0,MA,MASSACHUSETTS,0.0607894999999999,0.0
2054,22,3809.173624808112,121.23239669292772,MI,MICHIGAN,0.0607894999999999,231557.76006527236
2054,23,6532.455484085372,63.97546849665765,MN,MINNESOTA,0.0607894999999999,397104.70264980703
2054,24,31403.004425031853,352.3421617073805,MS,MISSISSIPPI,0.0607894999999999,1908972.9374954705
2054,25,147809.55358344392,1566.7634165244667,MO,MISSOURI,0.0607894999999999,8985268.857560748
2054,26,7468313.172383519,47147.7770896295,MT,MONTANA,0.0607894999999999,453995023.5926072
2054,27,1163792.2548240162,9720.994397591769,NE,NEBRASKA,0.0607894999999999,70746349.27462442
2054,28,21433.85266765916,1738.368093610773,NV,NEVADA,0.0607894999999999,1302953.1867406643
2054,29,0.0,0.0,NH,NEW HAMPSHIRE,0.0607894999999999,0.0
2054,30,1774.132267889333,25.91167080781069,NJ,NEW JERSEY,0.0607894999999999,107848.61349885842
2054,31,80606.77986017517,1812.2607006308829,NM,NEW MEXICO,0.0607894999999999,4900045.84431011
2054,32,0.0,0.0,NY,NEW YORK,0.0607894999999999,0.0
2054,33,71006.31580444911,524.8994196664764,NC,NORTH CAROLINA,0.0607894999999999,4316438.434594552
2054,34,351823.4351747236,3024.2828921123955,ND,NORTH DAKOTA,0.0607894999999999,21387170.712553825
2054,35,34157.94561702424,366.2143596916812,OH,OHIO,0.0607894999999999,2076444.4350860917
2054,36,6003886.292216454,38084.77512906313,OK,OKLAHOMA,0.0607894999999999,364973245.7606915
2054,37,3222546.846399917,15790.15207862264,OR,OREGON,0.0607894999999999,195897011.51922742
2054,38,524.3671809375835,43.1518632558045,PA,PENNSYLVANIA,0.0607894999999999,31876.018745605175
2054,39,0.0,0.0,RI,RHODE ISLAND,0.0607894999999999,0.0
2054,40,1435.5571983200905,31.44538804516743,SC,SOUTH CAROLINA,0.0607894999999999,87266.804307279
2054,41,685454.6948984045,7460.204698824246,SD,SOUTH DAKOTA,0.0607894999999999,41668448.17552649
2054,42,15002.47331222278,233.4526900469362,TN,TENNESSEE,0.0607894999999999,911992.8514133652
2054,43,1864479.14080598,15578.288036473308,TX,TEXAS,0.0607894999999999,113340754.73002493
2054,44,28431.562247801645,3323.3826826720974,UT,UTAH,0.0607894999999999,1728340.4532627354
2054,45,0.0,0.0,VT,VERMONT,0.0607894999999999,0.0
2054,46,4408.177484660481,58.35490930712405,VA,VIRGINIA,0.0607894999999999,267970.9052037679
2054,47,2020735.666721752,18000.799285532652,WA,WASHINGTON,0.0607894999999999,122839510.81218174
2054,48,0.0,0.0,WV,WEST VIRGINIA,0.0607894999999999,0.0
2054,49,2253.3765154663733,7.359275138822997,WI,WISCONSIN,0.0607894999999999,136981.63168694288
2054,50,100090.08143776275,1730.510018075758,WY,WYOMING,0.0607894999999999,6084426.005560868
2055,0,824.2237525060781,34.393132099863706,AL,ALABAMA,0.0609158,50208.249262909754
2055,2,0.5383962568125308,1.8164248612873133,AZ,ARIZONA,0.0609158,32.79683870074076
2055,3,2952.1410170421523,47.3725831583417,AR,ARKANSAS,0.0609158,179832.03176593632
2055,4,18463.87178666627,697.1095242482821,CA,CALIFORNIA,0.0609158,1124741.5209822052
2055,5,200947.28872793616,5434.895677243662,CO,COLORADO,0.0609158,12240864.850693213
2055,6,0.0,0.0,CT,CONNECTICUT,0.0609158,0.0
2055,7,4835.646452137122,97.57713581107856,DE,DELAWARE,0.0609158,294567.2721490945
2055,8,0.0,0.0,DC,DISTRICT OF COLUMBIA,0.0609158,0.0
2055,9,39.77267033721721,0.4314293489848719,FL,FLORIDA,0.0609158,2422.7840317278556
2055,10,5053.114493068456,93.57913356861008,GA,GEORGIA,0.0609158,307814.51183685946
2055,12,263307.7156809039,7141.752604176808,ID,IDAHO,0.0609158,16039600.146874804
2055,13,76551.65273504978,935.738051794391,IL,ILLINOIS,0.0609158,4663205.167677745
2055,14,41762.46113128628,420.0673505959015,IN,INDIANA,0.0609158,2543993.729781209
2055,15,6.368435149192806,0.2790404718833081,IA,IOWA,0.0609158,387.93832186119914
2055,16,2752827.068939912,18317.02579711062,KS,KANSAS,0.0609158,167690663.16612992
2055,17,29336.31585413238,831.1052666112794,KY,KENTUCKY,0.0609158,1787045.1493071571
2055,18,0.0,0.0,LA,LOUISIANA,0.0609158,0.0
2055,19,0.0,0.0,ME,MAINE,0.0609158,0.0
2055,20,11282.244710369028,196.9243502813859,MD,MARYLAND,0.0609158,687266.9623278977
2055,21,0.0,0.0,MA,MASSACHUSETTS,0.0609158,0.0
2055,22,9376.761864794396,201.2851196559752,MI,MICHIGAN,0.0609158,571192.9504034425
2055,23,68224.88137687447,778.6195735862486,MN,MINNESOTA,0.0609158,4155973.22897741
2055,24,2153.552089569968,16.95282144150107,MS,MISSISSIPPI,0.0609158,131185.34837782625
2055,25,35645.38566763117,567.2976925999981,MO,MISSOURI,0.0609158,2171367.184252287
2055,26,5176553.303887703,39803.52117503784,MT,MONTANA,0.0609158,315333885.7489626
2055,27,309197.6767891279,4943.717001710296,NE,NEBRASKA,0.0609158,18835023.839751158
2055,28,22778.80755280893,1847.4491205237773,NV,NEVADA,0.0609158,1387589.285125398
2055,29,0.0,0.0,NH,NEW HAMPSHIRE,0.0609158,0.0
2055,30,1025.3909694031831,18.310536271257533,NJ,NEW JERSEY,0.0609158,62462.51121397042
2055,31,2875.1631613277805,91.01964968743994,NM,NEW MEXICO,0.0609158,175142.86410281082
2055,32,0.0,0.0,NY,NEW YORK,0.0609158,0.0
2055,33,5671.058117183514,157.43939774676377,NC,NORTH CAROLINA,0.0609158,345457.0420547275
2055,34,2180676.4585714345,13232.740330796978,ND,NORTH DAKOTA,0.0609158,132837651.01504579
2055,35,67473.3462114904,862.4317443532209,OH,OHIO,0.0609158,4110192.8631499065
2055,36,215035.5768740949,2622.620862181758,OK,OKLAHOMA,0.0609158,13099064.19374699
2055,37,3271792.5278275115,16377.879510224298,OR,OREGON,0.0609158,199303859.26663512
2055,38,1781.0051358154392,83.21715853812384,PA,PENNSYLVANIA,0.0609158,108491.35265230613
2055,39,0.0,0.0,RI,RHODE ISLAND,0.0609158,0.0
2055,40,15335.268641690262,250.33425598340796,SC,SOUTH CAROLINA,0.0609158,934160.1575234756
2055,41,169666.32271146,3484.102192642088,SD,SOUTH DAKOTA,0.0609158,10335359.781026755
2055,42,23106.25658420586,450.0465814382311,TN,TENNESSEE,0.0609158,1407536.1048321675
2055,43,176582.13200562136,2238.903175307976,TX,TEXAS,0.0609158,10756641.83682803
2055,44,24660.88570218977,2932.592238585653,UT,UTAH,0.0609158,1502237.5812574516
2055,45,0.0,0.0,VT,VERMONT,0.0609158,0.0
2055,46,1423.9556398203194,24.940256568715064,VA,VIRGINIA,0.0609158,86741.3969641666
2055,47,2639445.8795168297,20920.060658876137,WA,WASHINGTON,0.0609158,160783957.3074713
2055,48,1.8482208667740936,0.4468442907535953,WV,WEST VIRGINIA,0.0609158,112.58585267623732
2055,49,14772.563179335571,70.45895211399453,WI,WISCONSIN,0.0609158,899882.5041197698
2055,50,80521.84879864304,1121.262581999364,WY,WYOMING,0.0609158,4905052.83704838
