Year,state_id,Production_Loss(ton),Area_Loss(km^2),State_Code,State_Name,Price,Financial_Loss($)
2021,0,12116.07110125618,173.00020585455664,AL,ALABAMA,0.069494,841994.245110697
2021,2,4.751646041436535,18.15183474410028,AZ,ARIZONA,0.069494,330.2108900035905
2021,3,33898.19569185103,533.5352932388766,AR,ARKANSAS,0.069494,2355721.2114094957
2021,4,4947.049018305687,205.63025005833043,CA,CALIFORNIA,0.069494,343790.2244781354
2021,5,865698.4876814785,14926.272169201256,CO,COLORADO,0.069494,60160850.702936664
2021,6,0.0,0.0,CT,CONNECTICUT,0.069494,0.0
2021,7,11545.5219495099,151.40049950796907,DE,DELAWARE,0.069494,802344.502359241
2021,8,0.0,0.0,DC,DISTRICT OF COLUMBIA,0.069494,0.0
2021,9,899.0928223651679,8.908289240245132,FL,FLORIDA,0.069494,62481.55659744498
2021,10,45784.63369553251,546.9078790157532,GA,GEORGIA,0.069494,3181757.334037336
2021,12,87125.79803428054,2624.651047131036,ID,IDAHO,0.069494,6054720.2085942915
2021,13,128236.49836763676,1868.691859571168,IL,ILLINOIS,0.069494,8911667.217560548
2021,14,110231.70008382172,1141.9810985400177,IN,INDIANA,0.069494,7660441.765625106
2021,15,1068.0047399131515,5.160041100639552,IA,IOWA,0.069494,74219.92139552455
2021,16,8651681.919446217,44120.3313235446,KS,KANSAS,0.069494,601239983.3099954
2021,17,33126.481569391915,983.4258212151096,KY,KENTUCKY,0.069494,2302091.7101833215
2021,18,5950.863734819925,99.23695604816672,LA,LOUISIANA,0.069494,413549.3243875759
2021,19,0.0,0.0,ME,MAINE,0.069494,0.0
2021,20,29633.23876557953,380.6786517755804,MD,MARYLAND,0.069494,2059332.2947751838
2021,21,0.0,0.0,MA,MASSACHUSETTS,0.069494,0.0
2021,22,47195.961082998445,128.7061750154208,MI,MICHIGAN,0.069494,3279836.119501894
2021,23,1710156.0683440147,6419.620852838052,MN,MINNESOTA,0.069494,118845585.81349896
2021,24,7540.647034708983,84.8216121229188,MS,MISSISSIPPI,0.069494,524029.72503006604
2021,25,54598.35786749641,921.8101868535648,MO,MISSOURI,0.069494,3794258.2816437953
2021,26,6336661.975961326,37778.398651536496,MT,MONTANA,0.069494,440359987.3574564
2021,27,1333921.9820116148,7615.098524574852,NE,NEBRASKA,0.069494,92699574.21791516
2021,28,9930.034848230853,1077.1908557754205,NV,NEVADA,0.069494,690077.8417429548
2021,29,0.0,0.0,NH,NEW HAMPSHIRE,0.069494,0.0
2021,30,2697.6890897730664,51.52671779936279,NJ,NEW JERSEY,0.069494,187473.2056046895
2021,31,74297.50171244031,1251.0205379085503,NM,NEW MEXICO,0.069494,5163230.584004327
2021,32,52.64190936911227,0.311148585954152,NY,NEW YORK,0.069494,3658.296849697088
2021,33,45498.853645855226,1073.8668390877624,NC,NORTH CAROLINA,0.069494,3161897.335265063
2021,34,11471814.499949276,39798.99742385343,ND,NORTH DAKOTA,0.069494,797222276.859475
2021,35,261936.37870944192,2288.935551842484,OH,OHIO,0.069494,18203006.70203396
2021,36,4588855.616272878,26178.186046938907,OK,OKLAHOMA,0.069494,318897932.19726735
2021,37,1456198.73377166,6582.653534024311,OR,OREGON,0.069494,101197074.80472773
2021,38,4044.464996008628,157.635442492623,PA,PENNSYLVANIA,0.069494,281066.0504326236
2021,39,0.0,0.0,RI,RHODE ISLAND,0.069494,0.0
2021,40,16146.84688281105,647.8266713690657,SC,SOUTH CAROLINA,0.069494,1122108.9772740712
2021,41,2893232.0388355115,16280.605555889731,SD,SOUTH DAKOTA,0.069494,201062267.30683506
2021,42,35817.385073372025,410.64925754908495,TN,TENNESSEE,0.069494,2489093.3582889154
2021,43,1972552.4945360925,11137.62923579842,TX,TEXAS,0.069494,137080563.0552912
2021,44,16109.318552676192,1663.6498812602335,UT,UTAH,0.069494,1119500.9834996792
2021,45,0.0,0.0,VT,VERMONT,0.069494,0.0
2021,46,14063.699352570113,290.7199028920061,VA,VIRGINIA,0.069494,977342.7228075074
2021,47,1355187.8833302942,14142.711982661976,WA,WASHINGTON,0.069494,94177426.76415546
2021,48,202.26354184266097,6.465521343425645,WV,WEST VIRGINIA,0.069494,14056.102576813882
2021,49,40214.635708916416,193.50201624191703,WI,WISCONSIN,0.069494,2794675.8939554375
2021,50,141868.72196096147,1994.5780707912968,WY,WYOMING,0.069494,9859024.963955056
2022,0,8202.070002928522,80.32891779547073,AL,ALABAMA,0.0683717,560789.4696192279
2022,2,6.129956416827799,23.41713900750817,AZ,ARIZONA,0.0683717,419.1155411444252
2022,3,101405.83661950672,1022.0642649833316,AR,ARKANSAS,0.0683717,6933289.439597927
2022,4,4570.995531587847,188.26147166243007,CA,CALIFORNIA,0.0683717,312526.73518706474
2022,5,579243.6076556577,13236.026270927296,CO,COLORADO,0.0683717,39603870.16955032
2022,6,0.0,0.0,CT,CONNECTICUT,0.0683717,0.0
2022,7,732.8387683366866,31.64098754763605,DE,DELAWARE,0.0683717,50105.43241708543
2022,8,0.0,0.0,DC,DISTRICT OF COLUMBIA,0.0683717,0.0
2022,9,332.12362365190376,2.056002051758541,FL,FLORIDA,0.0683717,22707.856759240865
2022,10,5206.290131048849,131.76457445506765,GA,GEORGIA,0.0683717,355962.90695303254
2022,12,64961.884678560586,2010.380814056519,ID,IDAHO,0.0683717,4441554.490677141
2022,13,35387.296320173526,682.5707660409233,IL,ILLINOIS,0.0683717,2419489.607814008
2022,14,11323.79677519697,204.57577953023105,IN,INDIANA,0.0683717,774227.2359747345
2022,15,0.0,0.0,IA,IOWA,0.0683717,0.0
2022,16,3636376.380009837,16011.285418140214,KS,KANSAS,0.0683717,248625234.94111857
2022,17,24710.41802615546,796.5555165265599,KY,KENTUCKY,0.0683717,1689493.2881588931
2022,18,59587.56437529964,480.87943170406754,LA,LOUISIANA,0.0683717,4074103.075198674
2022,19,0.0,0.0,ME,MAINE,0.0683717,0.0
2022,20,4560.587119233207,102.67247912249312,MD,MARYLAND,0.0683717,311815.094340077
2022,21,0.0,0.0,MA,MASSACHUSETTS,0.0683717,0.0
2022,22,61345.075627579565,164.85940094864833,MI,MICHIGAN,0.0683717,4194267.1072861813
2022,23,775586.4216116844,2832.1137183793144,MN,MINNESOTA,0.0683717,53028162.14250759
2022,24,49251.12910734202,352.07656713376934,MS,MISSISSIPPI,0.0683717,3367383.423988456
2022,25,1993.4124469465803,45.78700474235781,MO,MISSOURI,0.0683717,136292.99779889747
2022,26,1853780.946434625,19558.63702354128,MT,MONTANA,0.0683717,126746154.73534423
2022,27,577095.3895461214,3836.342631563624,NE,NEBRASKA,0.0683717,39456992.845430546
2022,28,6974.9995078198335,760.3974044698738,NV,NEVADA,0.0683717,476892.5738488053
2022,29,0.0,0.0,NH,NEW HAMPSHIRE,0.0683717,0.0
2022,30,262.84916882832727,24.009621153814717,NJ,NEW JERSEY,0.0683717,17971.444516379743
2022,31,18952.32332771169,600.503740737363,NM,NEW MEXICO,0.0683717,1295802.5648653053
2022,32,0.0,0.0,NY,NEW YORK,0.0683717,0.0
2022,33,26483.598822759715,345.340846282498,NC,NORTH CAROLINA,0.0683717,1810728.6736300802
2022,34,4286267.161756972,16253.872042574108,ND,NORTH DAKOTA,0.0683717,293059372.50349915
2022,35,58551.65920034968,708.9051444956975,OH,OHIO,0.0683717,4003276.4773485474
2022,36,668214.5930732207,3061.7786012981355,OK,OKLAHOMA,0.0683717,45686967.69322432
2022,37,1411120.7261055186,6414.982022504794,OR,OREGON,0.0683717,96480722.94906868
2022,38,580.4860510374979,35.55421938438003,PA,PENNSYLVANIA,0.0683717,39688.81813572049
2022,39,0.0,0.0,RI,RHODE ISLAND,0.0683717,0.0
2022,40,9121.484763305736,154.25574008626256,SC,SOUTH CAROLINA,0.0683717,623651.4197913108
2022,41,819507.3974207169,5113.0677157072805,SD,SOUTH DAKOTA,0.0683717,56031113.924230024
2022,42,29993.594746842908,332.15457566265627,TN,TENNESSEE,0.0683717,2050713.061952719
2022,43,854919.1179998583,7166.514083206861,TX,TEXAS,0.0683717,58452273.46015091
2022,44,10720.350818716992,1099.4250587534368,UT,UTAH,0.0683717,732968.6100720725
2022,45,0.0,0.0,VT,VERMONT,0.0683717,0.0
2022,46,2991.5394850062503,47.03488363724552,VA,VIRGINIA,0.0683717,204536.64020700182
2022,47,1622539.1229562454,17146.672970700638,WA,WASHINGTON,0.0683717,110935758.15302752
2022,48,46.13163720413096,3.2075353942850464,WV,WEST VIRGINIA,0.0683717,3154.0984594296806
2022,49,10816.331124354365,63.61466073690305,WI,WISCONSIN,0.0683717,739530.9467350192
2022,50,104554.24746656993,1737.183691124765,WY,WYOMING,0.0683717,7148551.641510079
2023,0,0.0,0.0,AL,ALABAMA,0.0672494,0.0
2023,2,2.9531274945455603,11.281286903904975,AZ,ARIZONA,0.0672494,198.5960521316922
2023,3,534.6375313640532,7.391107815185593,AR,ARKANSAS,0.0672494,35954.05320171375
2023,4,898.8041339308447,40.27406546316887,CA,CALIFORNIA,0.0672494,60444.03872436895
2023,5,366143.0258527027,7258.428820321662,CO,COLORADO,0.0672494,24622898.802778743
2023,6,0.0,0.0,CT,CONNECTICUT,0.0672494,0.0
2023,7,60.329100056559824,3.8664346794704874,DE,DELAWARE,0.0672494,4057.0957813436144
2023,8,0.0,0.0,DC,DISTRICT OF COLUMBIA,0.0672494,0.0
2023,9,0.0,0.0,FL,FLORIDA,0.0672494,0.0
2023,10,0.0,0.0,GA,GEORGIA,0.0672494,0.0
2023,12,21953.81002671042,745.2737342323338,ID,IDAHO,0.0672494,1476380.5520102598
2023,13,878.4042517384902,9.362848062717475,IL,ILLINOIS,0.0672494,59072.158886862424
2023,14,22543.80788109613,309.8402988900906,IN,INDIANA,0.0672494,1516057.5537189862
2023,15,0.0,0.0,IA,IOWA,0.0672494,0.0
2023,16,6922809.466396971,31953.86058857602,KS,KANSAS,0.0672494,465554782.92951643
2023,17,1261.0843099162169,24.002351363983166,KY,KENTUCKY,0.0672494,84807.16319127963
2023,18,0.0,0.0,LA,LOUISIANA,0.0672494,0.0
2023,19,0.0,0.0,ME,MAINE,0.0672494,0.0
2023,20,0.0,0.0,MD,MARYLAND,0.0672494,0.0
2023,21,0.0,0.0,MA,MASSACHUSETTS,0.0672494,0.0
2023,22,749.961478532787,2.864915821426033,MI,MICHIGAN,0.0672494,50434.45945444281
2023,23,587281.251677965,2096.1138581516625,MN,MINNESOTA,0.0672494,39494311.806592144
2023,24,0.0,0.0,MS,MISSISSIPPI,0.0672494,0.0
2023,25,21806.290920530097,320.1346379223797,MO,MISSOURI,0.0672494,1466459.9806310965
2023,26,3777486.7469688207,27830.163708411685,MT,MONTANA,0.0672494,254033717.241605
2023,27,576916.8617571624,3442.950029256214,NE,NEBRASKA,0.0672494,38797312.80305211
2023,28,4077.960267558004,444.3084979156457,NV,NEVADA,0.0672494,274240.38121711527
2023,29,0.0,0.0,NH,NEW HAMPSHIRE,0.0672494,0.0
2023,30,0.0,0.0,NJ,NEW JERSEY,0.0672494,0.0
2023,31,79422.34744912494,1317.9719003983305,NM,NEW MEXICO,0.0672494,5341105.212545183
2023,32,50.24956679547263,0.3111796639265959,NY,NEW YORK,0.0672494,3379.253217255457
2023,33,296.64362344342817,11.07550123798568,NC,NORTH CAROLINA,0.0672494,19949.10569039648
2023,34,4357018.106611578,16662.431942668445,ND,NORTH DAKOTA,0.0672494,293006853.4587647
2023,35,91799.36887861456,731.6237443965395,OH,OHIO,0.0672494,6173452.477465502
2023,36,1793016.5162718892,10593.272173517176,OK,OKLAHOMA,0.0672494,120579284.90937479
2023,37,1298270.0789032546,6415.252497071616,OR,OREGON,0.0672494,87307883.84419653
2023,38,1029.3693048010932,17.2044215462744,PA,PENNSYLVANIA,0.0672494,69224.46812629064
2023,39,0.0,0.0,RI,RHODE ISLAND,0.0672494,0.0
2023,40,0.0,0.0,SC,SOUTH CAROLINA,0.0672494,0.0
2023,41,1252894.9435179995,7625.233220776135,SD,SOUTH DAKOTA,0.0672494,84256433.21461935
2023,42,0.0,0.0,TN,TENNESSEE,0.0672494,0.0
2023,43,1881236.0660615976,12051.135480104607,TX,TEXAS,0.0672494,126511996.7010028
2023,44,4564.504989800451,471.0725273344824,UT,UTAH,0.0672494,306960.2218610865
2023,45,0.0,0.0,VT,VERMONT,0.0672494,0.0
2023,46,34.21007180917194,4.421252222906064,VA,VIRGINIA,0.0672494,2300.606803123728
2023,47,1557510.0921047945,17231.135084569807,WA,WASHINGTON,0.0672494,104741619.18799217
2023,48,0.0,0.0,WV,WEST VIRGINIA,0.0672494,0.0
2023,49,3590.80885237717,8.394041921633892,WI,WISCONSIN,0.0672494,241479.74083705325
2023,50,12529.141761982346,223.82923611695745,WY,WYOMING,0.0672494,842577.2660082555
2024,0,7623.877835996722,60.34775684540483,AL,ALABAMA,0.0661271,504144.93204873876
2024,2,4.08740904232081,15.614372960599969,AZ,ARIZONA,0.0661271,270.2885064824524
2024,3,98763.67846419947,740.7801398628192,AR,ARKANSAS,0.0661271,6530955.6421699645
2024,4,12336.24549514585,550.7056125830213,CA,CALIFORNIA,0.0661271,815760.139482059
2024,5,713783.5248163766,12214.231206698629,CO,COLORADO,0.0661271,47200434.52388501
2024,6,0.0,0.0,CT,CONNECTICUT,0.0661271,0.0
2024,7,0.0,0.0,DE,DELAWARE,0.0661271,0.0
2024,8,0.0,0.0,DC,DISTRICT OF COLUMBIA,0.0661271,0.0
2024,9,293.2542158660396,1.8396493409134191,FL,FLORIDA,0.0661271,19392.050857995186
2024,10,310.45357878061304,2.9960594470016986,GA,GEORGIA,0.0661271,20529.394849383472
2024,12,16804.28248405804,584.8569791124642,ID,IDAHO,0.0661271,1111218.4682515543
2024,13,11375.304116998988,52.47585293433375,IL,ILLINOIS,0.0661271,752215.8728752038
2024,14,48612.7766731802,235.3481964652316,IN,INDIANA,0.0661271,3214621.944345054
2024,15,0.0,0.0,IA,IOWA,0.0661271,0.0
2024,16,11075350.055764988,43490.54542034019,KS,KANSAS,0.0661271,732380780.6725769
2024,17,2758.744313866696,71.81716456225564,KY,KENTUCKY,0.0661271,182427.76111749437
2024,18,37788.00553577932,262.4541102470232,LA,LOUISIANA,0.0661271,2498811.2208650326
2024,19,0.0,0.0,ME,MAINE,0.0661271,0.0
2024,20,0.0,0.0,MD,MARYLAND,0.0661271,0.0
2024,21,0.0,0.0,MA,MASSACHUSETTS,0.0661271,0.0
2024,22,0.0,0.0,MI,MICHIGAN,0.0661271,0.0
2024,23,766451.1204681516,3543.438878791442,MN,MINNESOTA,0.0661271,50683189.88830951
2024,24,6633.63297695517,33.117006533520254,MS,MISSISSIPPI,0.0661271,438662.91123041225
2024,25,11932.554825774829,106.99603552224968,MO,MISSOURI,0.0661271,789065.2462194946
2024,26,6788311.5397294415,40283.19473780311,MT,MONTANA,0.0661271,448891356.0188427
2024,27,1034096.922089982,5218.270798056256,NE,NEBRASKA,0.0661271,68381830.57673644
2024,28,4772.020047544075,524.1551889564247,NV,NEVADA,0.0661271,315559.84688595176
2024,29,0.0,0.0,NH,NEW HAMPSHIRE,0.0661271,0.0
2024,30,0.0,0.0,NJ,NEW JERSEY,0.0661271,0.0
2024,31,25331.277016244083,664.2132752642684,NM,NEW MEXICO,0.0661271,1675083.888380874
2024,32,0.0,0.0,NY,NEW YORK,0.0661271,0.0
2024,33,17543.330490781722,109.69064411083602,NC,NORTH CAROLINA,0.0661271,1160089.569696972
2024,34,4925739.596608462,17945.25731108551,ND,NORTH DAKOTA,0.0661271,325724874.87888736
2024,35,61359.88748917713,470.2130724506361,OH,OHIO,0.0661271,4057551.4159855647
2024,36,8396556.553200081,32614.730724997844,OK,OKLAHOMA,0.0661271,555239934.849117
2024,37,1017116.9070249688,5052.985078164978,OR,OREGON,0.0661271,67258991.4225308
2024,38,0.0,0.0,PA,PENNSYLVANIA,0.0661271,0.0
2024,39,0.0,0.0,RI,RHODE ISLAND,0.0661271,0.0
2024,40,48118.32266298088,251.88344218481325,SC,SOUTH CAROLINA,0.0661271,3181925.1345672025
2024,41,153640.7667985027,1298.192014521952,SD,SOUTH DAKOTA,0.0661271,10159818.350161267
2024,42,16549.935350658256,130.51757090820496,TN,TENNESSEE,0.0661271,1094399.2299265135
2024,43,5185291.876576798,30674.583756161723,TX,TEXAS,0.0661271,342888314.4515816
2024,44,2657.1357068023112,278.066790112924,UT,UTAH,0.0661271,175708.6785972871
2024,45,0.0,0.0,VT,VERMONT,0.0661271,0.0
2024,46,0.0,0.0,VA,VIRGINIA,0.0661271,0.0
2024,47,783948.4115329933,7917.787349020352,WA,WASHINGTON,0.0661271,51840235.0042834
2024,48,0.0,0.0,WV,WEST VIRGINIA,0.0661271,0.0
2024,49,7586.924615953843,16.953486845239574,WI,WISCONSIN,0.0661271,501701.3227716413
2024,50,35275.41585629353,467.5972117951566,WY,WYOMING,0.0661271,2332660.9518707083
2025,0,7212.210335010822,164.69889880489407,AL,ALABAMA,0.0650048,468828.29038531147
2025,2,0.5988227627316995,2.287571872004423,AZ,ARIZONA,0.0650048,38.926353926821584
2025,3,181087.15581358853,1227.3643631907416,AR,ARKANSAS,0.0650048,11771534.34623116
2025,4,9308.311760493772,441.067747840164,CA,CALIFORNIA,0.0650048,605084.9443285456
2025,5,878716.9193579974,15035.666232284995,CO,COLORADO,0.0650048,57120817.59948275
2025,6,0.0,0.0,CT,CONNECTICUT,0.0650048,0.0
2025,7,16501.65002421867,198.36376639468443,DE,DELAWARE,0.0650048,1072686.45949433
2025,8,0.0,0.0,DC,DISTRICT OF COLUMBIA,0.0650048,0.0
2025,9,914.9619235927074,11.79097426367414,FL,FLORIDA,0.0650048,59476.916850759226
2025,10,67886.95714289787,806.9859222501113,GA,GEORGIA,0.0650048,4412978.071682648
2025,12,96856.78429194042,2903.077976436205,ID,IDAHO,0.0650048,6296155.8915407285
2025,13,16067.121716419824,83.36440434037426,IL,ILLINOIS,0.0650048,1044440.0337515273
2025,14,12023.194540648752,119.27328065181334,IN,INDIANA,0.0650048,781565.3564759641
2025,15,3.232985209967598,0.2641685590571747,IA,IOWA,0.0650048,210.15955697690174
2025,16,7055101.709574793,28375.270675950534,KS,KANSAS,0.0650048,458615475.61056757
2025,17,22525.74280439149,501.8412470319081,KY,KENTUCKY,0.0650048,1464281.405850908
2025,18,101650.8580162068,553.8428876178015,LA,LOUISIANA,0.0650048,6607793.69517192
2025,19,0.0,0.0,ME,MAINE,0.0650048,0.0
2025,20,24160.816236020764,293.9039686773606,MD,MARYLAND,0.0650048,1570569.0272592828
2025,21,0.0,0.0,MA,MASSACHUSETTS,0.0650048,0.0
2025,22,30993.030442989908,159.90679974581823,MI,MICHIGAN,0.0650048,2014695.7453404705
2025,23,129462.01758494729,723.716001450611,MN,MINNESOTA,0.0650048,8415652.560705982
2025,24,20364.856028920596,130.95266881114645,MS,MISSISSIPPI,0.0650048,1323813.3931887776
2025,25,7095.469134824957,96.8485409259831,MO,MISSOURI,0.0650048,461239.55201546935
2025,26,7399109.798888568,44340.46200716937,MT,MONTANA,0.0650048,480977652.6547916
2025,27,1290792.130866103,7019.430983735994,NE,NEBRASKA,0.0650048,83907684.30852486
2025,28,6996.852725990322,762.1633657611502,NV,NEVADA,0.0650048,454829.01208245574
2025,29,0.0,0.0,NH,NEW HAMPSHIRE,0.0650048,0.0
2025,30,1019.6463557479124,26.2249970723538,NJ,NEW JERSEY,0.0650048,66281.90742612189
2025,31,5232.173966969701,106.78326698352056,NM,NEW MEXICO,0.0650048,340116.422288072
2025,32,179.04742788562632,1.2852973172930509,NY,NEW YORK,0.0650048,11638.942240219563
2025,33,20139.70342695472,543.8810074083482,NC,NORTH CAROLINA,0.0650048,1309177.3933285063
2025,34,6157171.855052775,21753.44780251279,ND,NORTH DAKOTA,0.0650048,400245725.0033346
2025,35,41340.10666697115,366.2668887590017,OH,OHIO,0.0650048,2687305.3658651267
2025,36,710299.7899888502,3259.55892762492,OK,OKLAHOMA,0.0650048,46172895.78826721
2025,37,1928376.6763878143,8344.473583485973,OR,OREGON,0.0650048,125353740.1732546
2025,38,243.9960367905177,19.42398517384186,PA,PENNSYLVANIA,0.0650048,15860.913572360247
2025,39,0.0,0.0,RI,RHODE ISLAND,0.0650048,0.0
2025,40,25001.217556909454,379.5593166755664,SC,SOUTH CAROLINA,0.0650048,1625199.1470433876
2025,41,2446090.022739225,12237.618649632472,SD,SOUTH DAKOTA,0.0650048,159007592.71015877
2025,42,48456.22786012577,570.6197350962052,TN,TENNESSEE,0.0650048,3149887.400801904
2025,43,302909.2442302428,3364.988914190587,TX,TEXAS,0.0650048,19690554.839338087
2025,44,12357.03779691768,1319.1796641643764,UT,UTAH,0.0650048,803266.7705810744
2025,45,0.0,0.0,VT,VERMONT,0.0650048,0.0
2025,46,8021.981884309316,182.029792514284,VA,VIRGINIA,0.0650048,521467.3279931502
2025,47,1820347.339276994,18140.70760983409,WA,WASHINGTON,0.0650048,118331314.72023316
2025,48,0.0,0.0,WV,WEST VIRGINIA,0.0650048,0.0
2025,49,21840.466404137416,85.09686531221035,WI,WISCONSIN,0.0650048,1419735.150507672
2025,50,93771.8390137894,1873.2768327181236,WY,WYOMING,0.0650048,6095619.640723578
2026,0,7743.53591451153,155.41785617706884,AL,ALABAMA,0.06521476,504992.8362162499
2026,2,3.717509377097112,14.201313667780957,AZ,ARIZONA,0.06521476,242.43648182513763
2026,3,55573.89461641415,819.8888923362512,AR,ARKANSAS,0.06521476,3624238.199674741
2026,4,4382.080596840104,180.673684226774,CA,CALIFORNIA,0.06521476,285776.3344235841
2026,5,304486.39511256857,8389.636681300732,CO,COLORADO,0.06521476,19857007.18053133
2026,6,0.0,0.0,CT,CONNECTICUT,0.06521476,0.0
2026,7,42054.29097760402,223.3800416496783,DE,DELAWARE,0.06521476,2742560.4930746113
2026,8,0.0,0.0,DC,DISTRICT OF COLUMBIA,0.06521476,0.0
2026,9,95.18386227513976,1.127942739212731,FL,FLORIDA,0.06521476,6207.392734146293
2026,10,67586.76294378215,594.5468539399508,GA,GEORGIA,0.06521476,4407654.524555646
2026,12,62381.08685030812,2016.4318801328757,ID,IDAHO,0.06521476,4068167.607482
2026,13,10868.738973935237,93.69418796702108,IL,ILLINOIS,0.06521476,708802.2036878327
2026,14,57696.331680431664,594.7240710408178,IN,INDIANA,0.06521476,3762652.4234197475
2026,15,43.09059681951653,0.7346718941659949,IA,IOWA,0.06521476,2810.1429298415333
2026,16,4619893.314059544,37074.26749696211,KS,KANSAS,0.06521476,301285233.7019978
2026,17,39899.06602482001,1086.2309791698126,KY,KENTUCKY,0.06521476,2602008.0150327906
2026,18,5708.794914020042,145.60989112207818,LA,LOUISIANA,0.06521476,372297.69020703767
2026,19,0.0,0.0,ME,MAINE,0.06521476,0.0
2026,20,68164.37846629765,460.3335172298295,MD,MARYLAND,0.06521476,4445323.58222877
2026,21,0.0,0.0,MA,MASSACHUSETTS,0.06521476,0.0
2026,22,42795.51378771235,131.80427146098148,MI,MICHIGAN,0.06521476,2790899.160742352
2026,23,422558.6588785812,2668.3102956735115,MN,MINNESOTA,0.06521476,27557061.52468854
2026,24,11684.99027796197,196.31644020495244,MS,MISSISSIPPI,0.06521476,762033.836579623
2026,25,5983.584095543061,143.64372633776375,MO,MISSOURI,0.06521476,390218.0007306578
2026,26,4123865.060912027,28116.780571421703,MT,MONTANA,0.06521476,268936870.2197632
2026,27,363508.281249763,3549.0346816031533,NE,NEBRASKA,0.06521476,23706105.31971579
2026,28,5783.309944793979,631.582815876277,NV,NEVADA,0.06521476,377157.1700553526
2026,29,0.0,0.0,NH,NEW HAMPSHIRE,0.06521476,0.0
2026,30,1855.0961632639533,26.439352101229648,NJ,NEW JERSEY,0.06521476,120979.65106417952
2026,31,2655.1726484992137,62.15239061059111,NM,NEW MEXICO,0.06521476,173156.44703044055
2026,32,0.0,0.0,NY,NEW YORK,0.06521476,0.0
2026,33,43681.37566729396,902.1368245105732,NC,NORTH CAROLINA,0.06521476,2848670.4306124155
2026,34,2110514.7138662133,13150.0157192098,ND,NORTH DAKOTA,0.06521476,137636710.54125378
2026,35,159065.65620428498,1993.343195665172,OH,OHIO,0.06521476,10373428.593604956
2026,36,276958.1086862565,4053.307109463044,OK,OKLAHOMA,0.06521476,18061756.588028133
2026,37,1731240.096996978,7856.467867821717,OR,OREGON,0.06521476,112902407.42803462
2026,38,3343.7879336116257,109.64667515737864,PA,PENNSYLVANIA,0.06521476,218064.3275813781
2026,39,0.0,0.0,RI,RHODE ISLAND,0.06521476,0.0
2026,40,29768.84819793187,549.6820334291365,SC,SOUTH CAROLINA,0.06521476,1941368.2907045593
2026,41,25824.491801751643,344.14431161047594,SD,SOUTH DAKOTA,0.06521476,1684138.0349732009
2026,42,35599.879631821415,485.6111933121248,TN,TENNESSEE,0.06521476,2321637.606218122
2026,43,26201.388173797943,789.6396170340695,TX,TEXAS,0.06521476,1708717.241421071
2026,44,8666.392563562184,898.2295711230738,UT,UTAH,0.06521476,565176.7110984925
2026,45,0.0,0.0,VT,VERMONT,0.06521476,0.0
2026,46,32616.548817409013,277.9335403828786,VA,VIRGINIA,0.06521476,2127080.4031556123
2026,47,1916438.330598663,19349.201742164485,WA,WASHINGTON,0.06521476,124980065.78479247
2026,48,369.2489981042805,20.289969086983245,WV,WEST VIRGINIA,0.06521476,24080.484791611107
2026,49,8948.549990179446,36.36977418497814,WI,WISCONSIN,0.06521476,583577.5399575549
2026,50,14195.988483077012,189.62360970643388,WY,WYOMING,0.06521476,925787.9818866313
2027,0,4284.471378413975,108.23027132475636,AL,ALABAMA,0.06542472,280310.3402807484
2027,2,4.944585010618768,18.88888381167648,AZ,ARIZONA,0.06542472,323.49808983592993
2027,3,158398.5771321577,1810.8844260540595,AR,ARKANSAS,0.06542472,10363182.557269821
2027,4,5999.0299028965965,252.69967334722395,CA,CALIFORNIA,0.06542472,392484.851668637
2027,5,493462.0179906537,10819.069618590976,CO,COLORADO,0.06542472,32284614.357673485
2027,6,0.0,0.0,CT,CONNECTICUT,0.06542472,0.0
2027,7,296.8134037455259,6.358903643988498,DE,DELAWARE,0.06542472,19418.933832297982
2027,8,0.0,0.0,DC,DISTRICT OF COLUMBIA,0.06542472,0.0
2027,9,0.0,0.0,FL,FLORIDA,0.06542472,0.0
2027,10,3408.0082537729995,31.425799143073892,GA,GEORGIA,0.06542472,222967.98576078747
2027,12,100629.9468335112,3352.340981358439,ID,IDAHO,0.06542472,6583686.095197357
2027,13,159409.75787729846,1560.5657205423445,IL,ILLINOIS,0.06542472,10429338.774390046
2027,14,107007.52628400191,856.1726643532336,IN,INDIANA,0.06542472,7000937.445023467
2027,15,2.080600633016101,0.10255379516592,IA,IOWA,0.06542472,136.12271384690115
2027,16,1539823.263457663,7094.520354201505,KS,KANSAS,0.06542472,100742505.86120383
2027,17,19838.474905577525,734.2073451853598,KY,KENTUCKY,0.06542472,1297926.6659244362
2027,18,1459.6753480955094,40.55035068752228,LA,LOUISIANA,0.06542472,95498.85094005124
2027,19,0.0,0.0,ME,MAINE,0.06542472,0.0
2027,20,2130.6286247343423,20.917230622056483,MD,MARYLAND,0.06542472,139395.78119722946
2027,21,0.0,0.0,MA,MASSACHUSETTS,0.06542472,0.0
2027,22,58438.59083465384,187.5565435701424,MI,MICHIGAN,0.06542472,3823328.442551794
2027,23,2025170.302711621,5823.696972537426,MN,MINNESOTA,0.06542472,132496200.00722304
2027,24,5566.587513426264,70.81896735673513,MS,MISSISSIPPI,0.06542472,364192.42942140956
2027,25,86020.09663640888,986.028996745358,MO,MISSOURI,0.06542472,5627840.736809993
2027,26,4729219.598530605,36901.44144024023,MT,MONTANA,0.06542472,309407868.0523773
2027,27,559593.0414135025,3988.096538671464,NE,NEBRASKA,0.06542472,36611218.048426814
2027,28,7074.720970613503,771.4840197068069,NV,NEVADA,0.06542472,462861.6385805167
2027,29,0.0,0.0,NH,NEW HAMPSHIRE,0.06542472,0.0
2027,30,1138.4057827603815,21.06871560793081,NJ,NEW JERSEY,0.06542472,74479.87958347879
2027,31,370.5976359943023,5.882556433812194,NM,NEW MEXICO,0.06542472,24246.246567589154
2027,32,1787.259578192728,19.56199247151349,NY,NEW YORK,0.06542472,116930.95747057734
2027,33,25919.8661721942,219.4930713938778,NC,NORTH CAROLINA,0.06542472,1695799.9867532775
2027,34,8731479.781811967,33198.445752937005,ND,NORTH DAKOTA,0.06542472,571254619.9107091
2027,35,117803.12622386796,1492.9481579057565,OH,OHIO,0.06542472,7707236.54832122
2027,36,1161884.8388765198,5919.337206473227,OK,OKLAHOMA,0.06542472,76015990.25574143
2027,37,2103129.522302805,9375.152146879363,OR,OREGON,0.06542472,137596660.12039477
2027,38,1584.114959053736,62.74388313631644,PA,PENNSYLVANIA,0.06542472,103640.27764390215
2027,39,0.0,0.0,RI,RHODE ISLAND,0.06542472,0.0
2027,40,13626.25210416439,76.88866619857197,SC,SOUTH CAROLINA,0.06542472,891493.7285643661
2027,41,1454958.583654419,8425.308232816053,SD,SOUTH DAKOTA,0.06542472,95190257.94718695
2027,42,35089.72766875896,499.7796817168816,TN,TENNESSEE,0.06542472,2295735.6076048077
2027,43,1052836.221154075,7531.008899643356,TX,TEXAS,0.06542472,68881514.97486345
2027,44,14226.541606910385,1518.5512117674086,UT,UTAH,0.06542472,930767.5012004621
2027,45,0.0,0.0,VT,VERMONT,0.06542472,0.0
2027,46,5045.438811611141,87.89234671108447,VA,VIRGINIA,0.06542472,330096.4215267917
2027,47,2061051.1684801448,20851.26590929452,WA,WASHINGTON,0.06542472,134843695.6034863
2027,48,0.0,0.0,WV,WEST VIRGINIA,0.06542472,0.0
2027,49,24012.310505409263,94.36980750152564,WI,WISCONSIN,0.06542472,1570998.6913694597
2027,50,76103.88668471042,1035.039838301841,WY,WYOMING,0.06542472,4979075.477258909
2028,0,19420.28277881386,166.66971631221725,AL,ALABAMA,0.06563468,1274644.0456969587
2028,2,2.714620655094865,10.370163327507898,AZ,ARIZONA,0.06563468,178.17325801854184
2028,3,733475.3214279464,3994.231427081448,AR,ARKANSAS,0.06563468,48141418.00982041
2028,4,11741.195385773388,540.1758398206507,CA,CALIFORNIA,0.06563468,770629.601962713
2028,5,538756.6219801047,10098.341730680064,CO,COLORADO,0.06563468,35361118.481545135
2028,6,0.0,0.0,CT,CONNECTICUT,0.06563468,0.0
2028,7,19608.676800285408,190.75523521912228,DE,DELAWARE,0.06563468,1287009.2270101565
2028,8,0.0,0.0,DC,DISTRICT OF COLUMBIA,0.06563468,0.0
2028,9,40.29265078286103,3.87933162213518,FL,FLORIDA,0.06563468,2644.5952404848335
2028,10,89207.33277722928,793.1393916008115,GA,GEORGIA,0.06563468,5855094.740486955
2028,12,133206.15754231287,3937.114473263986,ID,IDAHO,0.06563468,8742943.524319291
2028,13,837697.9634115964,2161.765881207442,IL,ILLINOIS,0.06563468,54982037.76517184
2028,14,464802.7742328078,1425.6459083675086,IN,INDIANA,0.06563468,30507181.349882588
2028,15,364.11987483566895,0.9985618820730952,IA,IOWA,0.06563468,23898.891466479185
2028,16,13561579.275457546,62168.54575544425,KS,KANSAS,0.06563468,890109916.0392879
2028,17,214793.1218716321,1536.2289382544875,KY,KENTUCKY,0.06563468,14097877.820245573
2028,18,96906.36706556517,655.6184394273289,LA,LOUISIANA,0.06563468,6360418.392310909
2028,19,0.0,0.0,ME,MAINE,0.06563468,0.0
2028,20,40602.26823734392,351.3570115235024,MD,MARYLAND,0.06563468,2664916.883032232
2028,21,0.0,0.0,MA,MASSACHUSETTS,0.06563468,0.0
2028,22,111786.3351885776,206.5346058299566,MI,MICHIGAN,0.06563468,7337060.338475031
2028,23,2402650.6263847044,6213.6497560844655,MN,MINNESOTA,0.06563468,157697205.01455966
2028,24,63539.30261650444,341.710749135522,MS,MISSISSIPPI,0.06563468,4170381.794657432
2028,25,315314.3323217501,2026.7946283857773,MO,MISSOURI,0.06563468,20695555.301351726
2028,26,8209649.598253259,46507.242988933474,MT,MONTANA,0.06563468,538837724.2934812
2028,27,437330.30650939874,3108.044503896236,NE,NEBRASKA,0.06563468,28704034.722046304
2028,28,7179.492297448071,780.8330588388586,NV,NEVADA,0.06563468,471223.679505469
2028,29,0.0,0.0,NH,NEW HAMPSHIRE,0.06563468,0.0
2028,30,11880.301410899972,116.1175802149145,NJ,NEW JERSEY,0.06563468,779759.7814079683
2028,31,23905.38427053102,461.0107711063424,NM,NEW MEXICO,0.06563468,1569022.246873337
2028,32,4770.094905503765,21.996495036050906,NY,NEW YORK,0.06563468,313083.6526923699
2028,33,5857.02168250874,242.68517619439356,NC,NORTH CAROLINA,0.06563468,384423.7438845227
2028,34,10919817.259197118,36986.066303282205,ND,NORTH DAKOTA,0.06563468,716718711.4658798
2028,35,732762.4996785684,2925.2335496136907,OH,OHIO,0.06563468,48094632.182402946
2028,36,5029035.674172371,28374.496883444768,OK,OKLAHOMA,0.06563468,330079147.18288785
2028,37,1893869.490283244,8475.575091057905,OR,OREGON,0.06563468,124303517.95650384
2028,38,18814.36624389997,308.9903825452685,PA,PENNSYLVANIA,0.06563468,1234874.9078211766
2028,39,0.0,0.0,RI,RHODE ISLAND,0.06563468,0.0
2028,40,41096.48769816818,437.8120533484045,SC,SOUTH CAROLINA,0.06563468,2697354.8191932053
2028,41,2200495.515943145,11206.076103071942,SD,SOUTH DAKOTA,0.06563468,144428819.0303632
2028,42,183966.70380225647,1033.6380594939735,TN,TENNESSEE,0.06563468,12074595.734715886
2028,43,4893527.95332913,33957.3135508764,TX,TEXAS,0.06563468,321185141.2878124
2028,44,14148.810662960354,1482.4007464018318,UT,UTAH,0.06563468,928652.6602439907
2028,45,0.0,0.0,VT,VERMONT,0.06563468,0.0
2028,46,2590.1816415635603,62.17467800400419,VA,VIRGINIA,0.06563468,170005.743185899
2028,47,1934446.4109890936,20161.372578129107,WA,WASHINGTON,0.06563468,126966771.16241764
2028,48,531.9158237073474,15.476105474158832,WV,WEST VIRGINIA,0.06563468,34912.12487596816
2028,49,88641.51678948468,211.00667713541188,WI,WISCONSIN,0.06563468,5817957.589192455
2028,50,36282.65747836294,456.1364225535889,WY,WYOMING,0.06563468,2381400.6131419586
2029,0,3297.632517557551,62.67325883471453,AL,ALABAMA,0.06584464,217131.42597087062
2029,2,4.9446663128193,18.889194395439564,AZ,ARIZONA,0.06584464,325.5797732877142
2029,3,63141.51907607395,721.1560355227759,AR,ARKANSAS,0.06584464,4157530.5926172216
2029,4,13007.417679795128,599.4782659752425,CA,CALIFORNIA,0.06584464,856468.7344557454
2029,5,526086.3387504013,10609.725229919752,CO,COLORADO,0.06584464,34639965.58393822
2029,6,0.0,0.0,CT,CONNECTICUT,0.06584464,0.0
2029,7,459.7951250128316,6.391297643483671,DE,DELAWARE,0.06584464,30275.04448022489
2029,8,0.0,0.0,DC,DISTRICT OF COLUMBIA,0.06584464,0.0
2029,9,580.6685562708794,11.67280893399129,FL,FLORIDA,0.06584464,38233.9120469758
2029,10,15231.182392196097,421.9115134857069,GA,GEORGIA,0.06584464,1002891.7213884908
2029,12,114468.5828342038,3459.786968003527,ID,IDAHO,0.06584464,7537142.6280283285
2029,13,174177.65624577625,1406.848429231798,IL,ILLINOIS,0.06584464,11468665.071546888
2029,14,17292.91208213859,211.4842027036157,IN,INDIANA,0.06584464,1138645.5706000659
2029,15,355.1545151546162,1.0717753497827187,IA,IOWA,0.06584464,23385.02119473025
2029,16,3084241.1357290605,30829.52866386905,KS,KANSAS,0.06584464,203080747.25527114
2029,17,0.0,0.0,KY,KENTUCKY,0.06584464,0.0
2029,18,0.0,0.0,LA,LOUISIANA,0.06584464,0.0
2029,19,0.0,0.0,ME,MAINE,0.06584464,0.0
2029,20,4014.312630155899,115.21503647534772,MD,MARYLAND,0.06584464,264320.96998006833
2029,21,0.0,0.0,MA,MASSACHUSETTS,0.06584464,0.0
2029,22,47716.97575032421,187.66266165433484,MI,MICHIGAN,0.06584464,3141907.0901688267
2029,23,2004627.3264389825,5253.469274172883,MN,MINNESOTA,0.06584464,131993964.64353728
2029,24,8851.405065835861,99.07279189468342,MS,MISSISSIPPI,0.06584464,582817.5800541386
2029,25,102392.9212763527,1249.5009012475623,MO,MISSOURI,0.06584464,6742025.039989783
2029,26,5741413.14849977,35265.485522857234,MT,MONTANA,0.06584464,378041281.85423386
2029,27,1154829.405007141,7342.601780837967,NE,NEBRASKA,0.06584464,76039326.43410939
2029,28,6231.025760824858,680.3320282384179,NV,NEVADA,0.06584464,410279.6480522388
2029,29,0.0,0.0,NH,NEW HAMPSHIRE,0.06584464,0.0
2029,30,21.098431246324616,2.243921927986908,NJ,NEW JERSEY,0.06584464,1389.2186099789956
2029,31,4173.930011114394,153.87940539377047,NM,NEW MEXICO,0.06584464,274830.91896702326
2029,32,0.0,0.0,NY,NEW YORK,0.06584464,0.0
2029,33,950.69001961211,17.401512376150723,NC,NORTH CAROLINA,0.06584464,62597.84209295232
2029,34,11335417.943399832,35699.38553149215,ND,NORTH DAKOTA,0.06584464,746376513.7327023
2029,35,50449.95544729859,673.373725848485,OH,OHIO,0.06584464,3321859.154443415
2029,36,286054.3394134975,4004.639383807408,OK,OKLAHOMA,0.06584464,18835144.999119554
2029,37,1979513.8364098496,8824.473871184207,OR,OREGON,0.06584464,130340375.93342544
2029,38,1238.0533457154354,50.920328425735136,PA,PENNSYLVANIA,0.06584464,81519.17684942839
2029,39,0.0,0.0,RI,RHODE ISLAND,0.06584464,0.0
2029,40,16618.68734811723,273.18151357649845,SC,SOUTH CAROLINA,0.06584464,1094251.4857093336
2029,41,2665226.416381068,11566.4443305164,SD,SOUTH DAKOTA,0.06584464,175490873.90510154
2029,42,14213.488717274324,196.04408055935204,TN,TENNESSEE,0.06584464,935882.0477329895
2029,43,204845.52480755583,2682.62253763194,TX,TEXAS,0.06584464,13487979.836564582
2029,44,18157.414260484635,1853.100890145048,UT,UTAH,0.06584464,1195568.405312477
2029,45,0.0,0.0,VT,VERMONT,0.06584464,0.0
2029,46,560.0968141977803,17.32574279793548,VA,VIRGINIA,0.06584464,36879.373095999734
2029,47,1988314.103044356,19521.69863950513,WA,WASHINGTON,0.06584464,130919826.32187851
2029,48,283.99170809698035,11.485546085225888,WV,WEST VIRGINIA,0.06584464,18699.331782630754
2029,49,54872.0371926149,212.8224639829264,WI,WISCONSIN,0.06584464,3613029.535014339
2029,50,169127.07647889186,1983.1447871308212,WY,WYOMING,0.06584464,11136111.465005102
2030,0,5559.385363976797,116.0778621479546,AL,ALABAMA,0.0660546,367222.9764633418
2030,2,4.046937126562936,15.459765584501737,AZ,ARIZONA,0.0660546,267.31881312026417
2030,3,16334.995493569464,358.9100254425331,AR,ARKANSAS,0.0660546,1079001.5933295335
2030,4,12170.246064410276,528.0345753794054,CA,CALIFORNIA,0.0660546,803900.735686195
2030,5,1145814.8826427837,19438.735930339208,CO,COLORADO,0.0660546,75686343.74701603
2030,6,0.0,0.0,CT,CONNECTICUT,0.0660546,0.0
2030,7,2391.9340204346445,116.0726697562516,DE,DELAWARE,0.0660546,157998.2449462023
2030,8,0.0,0.0,DC,DISTRICT OF COLUMBIA,0.0660546,0.0
2030,9,479.8274027993741,3.173326433987484,FL,FLORIDA,0.0660546,31694.807160951543
2030,10,74642.21316246611,540.7479478201906,GA,GEORGIA,0.0660546,4930461.533561435
2030,12,121769.61543541242,3562.7284752568594,ID,IDAHO,0.0660546,8043443.239739994
2030,13,42104.01305595041,858.6805060601561,IL,ILLINOIS,0.0660546,2781163.740805582
2030,14,16063.961771733204,155.19009237365168,IN,INDIANA,0.0660546,1061098.5692471282
2030,15,49.5759941941128,1.0718753711333862,IA,IOWA,0.0660546,3274.722466094444
2030,16,12537209.60794535,52226.42032824948,KS,KANSAS,0.0660546,828140365.768987
2030,17,13542.043303747554,619.5093926930749,KY,KENTUCKY,0.0660546,894514.2536117232
2030,18,40178.81402788576,601.5080168005608,LA,LOUISIANA,0.0660546,2653995.4890863826
2030,19,0.0,0.0,ME,MAINE,0.0660546,0.0
2030,20,7353.0028720357695,193.1395828965688,MD,MARYLAND,0.0660546,485699.663511174
2030,21,0.0,0.0,MA,MASSACHUSETTS,0.0660546,0.0
2030,22,47718.85418447852,188.7135888358263,MI,MICHIGAN,0.0660546,3152049.825614055
2030,23,191953.55491561245,1248.9227358476835,MN,MINNESOTA,0.0660546,12679415.288528815
2030,24,18053.52478371564,153.84987333958048,MS,MISSISSIPPI,0.0660546,1192518.3581784233
2030,25,33016.493867811725,545.1035302879758,MO,MISSOURI,0.0660546,2180891.2958407565
2030,26,5895308.564764851,36895.76435299748,MT,MONTANA,0.0660546,389412249.1221163
2030,27,1471576.455639975,7435.873800800287,NE,NEBRASKA,0.0660546,97204394.14671628
2030,28,5615.45569897863,613.2376768296247,NV,NEVADA,0.0660546,370926.6800137538
2030,29,0.0,0.0,NH,NEW HAMPSHIRE,0.0660546,0.0
2030,30,2231.217544028308,64.22617751739838,NJ,NEW JERSEY,0.0660546,147382.1823837723
2030,31,134800.90696236334,2127.7033571609795,NM,NEW MEXICO,0.0660546,8904219.989036126
2030,32,0.0,0.0,NY,NEW YORK,0.0660546,0.0
2030,33,52459.56549573399,606.3331088247203,NC,NORTH CAROLINA,0.0660546,3465195.61499451
2030,34,7899643.480616513,29430.1552478373,ND,NORTH DAKOTA,0.0660546,521807790.25473154
2030,35,57411.3246570168,531.3281969089604,OH,OHIO,0.0660546,3792282.085689382
2030,36,3818283.977693482,19351.24102152616,OK,OKLAHOMA,0.0660546,252215220.8329519
2030,37,2144572.079590927,9549.693147604865,OR,OREGON,0.0660546,141658850.88854685
2030,38,808.8000638840255,50.19224580063506,PA,PENNSYLVANIA,0.0660546,53424.96469983375
2030,39,0.0,0.0,RI,RHODE ISLAND,0.0660546,0.0
2030,40,120391.82506831306,865.7001790054154,SC,SOUTH CAROLINA,0.0660546,7952433.848157393
2030,41,1657651.303288871,9355.861457570349,SD,SOUTH DAKOTA,0.0660546,109495493.77822506
2030,42,23061.76383530817,334.2670379750071,TN,TENNESSEE,0.0660546,1523335.5854357472
2030,43,2983154.966873472,16603.269008228046,TX,TEXAS,0.0660546,197051108.0748405
2030,44,16226.242823960609,1674.5067981427942,UT,UTAH,0.0660546,1071817.9792395886
2030,45,0.0,0.0,VT,VERMONT,0.0660546,0.0
2030,46,434.20538309801054,40.86204216420147,VA,VIRGINIA,0.0660546,28681.26289838585
2030,47,1893563.439364095,18774.27679657064,WA,WASHINGTON,0.0660546,125078575.56181955
2030,48,29.204162824475453,4.146902112338252,WV,WEST VIRGINIA,0.0660546,1929.0692937055965
2030,49,2764.343829424995,31.372095210204428,WI,WISCONSIN,0.0660546,182597.62591513628
2030,50,42103.77224387531,1011.7151369170684,WY,WYOMING,0.0660546,2781147.834060286
2031,0,48.795354816446704,0.8232496330729762,AL,ALABAMA,0.0654532,3193.8121178718498
2031,2,4.047334152420145,15.461282268969882,AZ,ARIZONA,0.0654532,264.91097174518626
2031,3,2041.9328434492847,21.755436160091712,AR,ARKANSAS,0.0654532,133651.03878885473
2031,4,4781.703377533986,208.3180901379185,CA,CALIFORNIA,0.0654532,312977.7875104075
2031,5,700728.772049972,15788.24196545094,CO,COLORADO,0.0654532,45864940.462741226
2031,6,0.0,0.0,CT,CONNECTICUT,0.0654532,0.0
2031,7,49022.60203176716,247.61024926608013,DE,DELAWARE,0.0654532,3208686.175305662
2031,8,0.0,0.0,DC,DISTRICT OF COLUMBIA,0.0654532,0.0
2031,9,0.0,0.0,FL,FLORIDA,0.0654532,0.0
2031,10,26.8339936642538,1.2414532211166192,GA,GEORGIA,0.0654532,1756.370754105137
2031,12,134340.9636485583,4014.966206283561,ID,IDAHO,0.0654532,8793045.961881816
2031,13,18270.31361446606,164.74538633592454,IL,ILLINOIS,0.0654532,1195850.49107037
2031,14,23592.48241562759,158.2714040944414,IN,INDIANA,0.0654532,1544203.4700465559
2031,15,96.42336188618351,0.9253205314615408,IA,IOWA,0.0654532,6311.217590208747
2031,16,5532989.514892093,38151.22837995274,KS,KANSAS,0.0654532,362151869.31613517
2031,17,415.4218696756665,13.125328917658289,KY,KENTUCKY,0.0654532,27190.690720255338
2031,18,0.0,0.0,LA,LOUISIANA,0.0654532,0.0
2031,19,0.0,0.0,ME,MAINE,0.0654532,0.0
2031,20,75257.60259758162,513.7692466821835,MD,MARYLAND,0.0654532,4925850.914340029
2031,21,0.0,0.0,MA,MASSACHUSETTS,0.0654532,0.0
2031,22,56648.58360178448,213.1045621907485,MI,MICHIGAN,0.0654532,3707831.0722043198
2031,23,450402.6748475481,2989.59535646219,MN,MINNESOTA,0.0654532,29480296.357331537
2031,24,0.0,0.0,MS,MISSISSIPPI,0.0654532,0.0
2031,25,10495.99566892884,149.8550562331855,MO,MISSOURI,0.0654532,686996.5037175331
2031,26,6301616.044687599,40612.3978059012,MT,MONTANA,0.0654532,412460935.2961464
2031,27,620225.7255903401,4108.68288644731,NE,NEBRASKA,0.0654532,40595758.46220965
2031,28,5905.407162072657,640.6070765953727,NV,NEVADA,0.0654532,386527.79606057407
2031,29,0.0,0.0,NH,NEW HAMPSHIRE,0.0654532,0.0
2031,30,24834.17993959858,140.96753974239078,NJ,NEW JERSEY,0.0654532,1625476.5464225337
2031,31,32413.828626037783,904.7160581247152,NM,NEW MEXICO,0.0654532,2121588.8078257763
2031,32,1174.7635336382962,13.93818482144205,NY,NEW YORK,0.0654532,76892.03251993413
2031,33,4462.537801451119,114.85255980879698,NC,NORTH CAROLINA,0.0654532,292087.3792259404
2031,34,7447220.643489677,31809.986230567123,ND,NORTH DAKOTA,0.0654532,487444422.2224586
2031,35,119920.30437422491,729.7270472758493,OH,OHIO,0.0654532,7849167.666267019
2031,36,2288169.288843126,23070.84584711724,OK,OKLAHOMA,0.0654532,149768002.0965069
2031,37,1802325.9917375413,8447.000991615567,OR,OREGON,0.0654532,117968003.60239564
2031,38,30331.625234443003,442.3548104236412,PA,PENNSYLVANIA,0.0654532,1985301.9327950447
2031,39,0.0,0.0,RI,RHODE ISLAND,0.0654532,0.0
2031,40,0.0,0.0,SC,SOUTH CAROLINA,0.0654532,0.0
2031,41,840860.1894684016,6813.62592203829,SD,SOUTH DAKOTA,0.0654532,55036990.15331318
2031,42,0.0,0.0,TN,TENNESSEE,0.0654532,0.0
2031,43,940396.3408809776,14638.127336189047,TX,TEXAS,0.0654532,61551949.77895081
2031,44,16566.63718369999,1713.4111144307683,UT,UTAH,0.0654532,1084339.4169121522
2031,45,0.0,0.0,VT,VERMONT,0.0654532,0.0
2031,46,21845.396488147428,289.3671968653076,VA,VIRGINIA,0.0654532,1429851.105418011
2031,47,1486627.331410354,15395.731167220514,WA,WASHINGTON,0.0654532,97304516.04826818
2031,48,184.2878257652982,8.344237353577215,WV,WEST VIRGINIA,0.0654532,12062.227917381219
2031,49,43628.37757157835,183.8234283155168,WI,WISCONSIN,0.0654532,2855616.922868032
2031,50,86039.34310879806,1241.5563765176369,WY,WYOMING,0.0654532,5631550.332368781
2032,0,3717.8076704732985,111.9062013408492,AL,ALABAMA,0.0648518,241106.51948400025
2032,2,0.5830245610854319,2.2272209235044107,AZ,ARIZONA,0.0648518,37.81019223060021
2032,3,12722.251510180518,237.45885617021705,AR,ARKANSAS,0.0648518,825060.9104879249
2032,4,6894.695311572765,296.61640474611244,CA,CALIFORNIA,0.0648518,447133.4014070546
2032,5,436497.54508737,11786.624001475591,CO,COLORADO,0.0648518,28307651.4944971
2032,6,0.0,0.0,CT,CONNECTICUT,0.0648518,0.0
2032,7,182.34358286466875,6.568549961714157,DE,DELAWARE,0.0648518,11825.309567222925
2032,8,0.0,0.0,DC,DISTRICT OF COLUMBIA,0.0648518,0.0
2032,9,0.0,0.0,FL,FLORIDA,0.0648518,0.0
2032,10,50.96719656498158,1.889813635156521,GA,GEORGIA,0.0648518,3305.3144381928723
2032,12,129364.83141743513,4229.172218415244,ID,IDAHO,0.0648518,8389542.174117219
2032,13,114013.06906163118,724.0102289711765,IL,ILLINOIS,0.0648518,7393952.752171093
2032,14,84009.41665876738,567.8737101384459,IN,INDIANA,0.0648518,5448161.887271051
2032,15,414.7739485551976,1.1597450329272956,IA,IOWA,0.0648518,26898.837156911963
2032,16,2791511.6710360837,22803.77540826469,KS,KANSAS,0.0648518,181034556.5876979
2032,17,23175.48515670925,764.867445032446,KY,KENTUCKY,0.0648518,1502971.928285877
2032,18,111.51501311177884,1.3765814977831397,LA,LOUISIANA,0.0648518,7231.949327322459
2032,19,0.0,0.0,ME,MAINE,0.0648518,0.0
2032,20,7257.734196474055,256.70994896923327,MD,MARYLAND,0.0648518,470677.1265628962
2032,21,0.0,0.0,MA,MASSACHUSETTS,0.0648518,0.0
2032,22,41252.486893745365,215.42878756289176,MI,MICHIGAN,0.0648518,2675298.0295357956
2032,23,528122.0855008423,3134.2285691114284,MN,MINNESOTA,0.0648518,34249667.86448353
2032,24,9463.10471134101,101.26148565934044,MS,MISSISSIPPI,0.0648518,613699.374118945
2032,25,69198.11551875046,706.686945369077,MO,MISSOURI,0.0648518,4487622.347998901
2032,26,3311351.131407606,39272.98764207173,MT,MONTANA,0.0648518,214747081.3038198
2032,27,846302.9561822945,7883.173347979584,NE,NEBRASKA,0.0648518,54884270.05374293
2032,28,6461.378052180215,701.4259758823673,NV,NEVADA,0.0648518,419031.99716438085
2032,29,0.0,0.0,NH,NEW HAMPSHIRE,0.0648518,0.0
2032,30,869.4690609196333,47.13667635706189,NJ,NEW JERSEY,0.0648518,56386.63364494787
2032,31,6718.434808341996,121.82958015996986,NM,NEW MEXICO,0.0648518,435702.5905036335
2032,32,407.5188721522088,5.131425777914546,NY,NEW YORK,0.0648518,26428.332393040615
2032,33,5980.506549499302,159.08191661853272,NC,NORTH CAROLINA,0.0648518,387846.61464681884
2032,34,6725425.947918438,31459.525710431524,ND,NORTH DAKOTA,0.0648518,436155978.489217
2032,35,162435.08878685845,1228.736350002346,OH,OHIO,0.0648518,10534207.890987586
2032,36,633939.1930271694,3718.962081018562,OK,OKLAHOMA,0.0648518,41112097.75835939
2032,37,2495485.845478188,10995.090972919945,OR,OREGON,0.0648518,161836748.95378232
2032,38,1751.289443163346,61.49119741204383,PA,PENNSYLVANIA,0.0648518,113574.27271014069
2032,39,0.0,0.0,RI,RHODE ISLAND,0.0648518,0.0
2032,40,325.39735022898753,25.34104352870406,SC,SOUTH CAROLINA,0.0648518,21102.60387758025
2032,41,1237967.7633476856,10087.323057251964,SD,SOUTH DAKOTA,0.0648518,80284437.79507144
2032,42,24996.916829713744,362.5114975066962,TN,TENNESSEE,0.0648518,1621095.0508572299
2032,43,156746.5786838043,2276.4449920792645,TX,TEXAS,0.0648518,10165297.77148634
2032,44,13047.696769928934,1375.1606370914585,UT,UTAH,0.0648518,846166.6213840772
2032,45,0.0,0.0,VT,VERMONT,0.0648518,0.0
2032,46,405.5400174831902,21.88674240348091,VA,VIRGINIA,0.0648518,26300.000105816354
2032,47,2109248.9383802265,21790.579300543064,WA,WASHINGTON,0.0648518,136788590.30204678
2032,48,0.0,0.0,WV,WEST VIRGINIA,0.0648518,0.0
2032,49,39151.5038178645,190.94682117463825,WI,WISCONSIN,0.0648518,2539045.495295385
2032,50,50273.8405767732,1249.0962528201223,WY,WYOMING,0.0648518,3260349.05431678
2033,0,4632.519067391567,64.68023513229326,AL,ALABAMA,0.0642504,297641.2030875351
2033,2,0.5988226896797495,2.287571592937566,AZ,ARIZONA,0.0642504,38.47459734099978
2033,3,78972.91853825371,994.5176083396392,AR,ARKANSAS,0.0642504,5074041.605250216
2033,4,3996.793729098016,164.60278907066134,CA,CALIFORNIA,0.0642504,256795.59581203916
2033,5,342421.2809507696,9788.728472067758,CO,COLORADO,0.0642504,22000704.269599326
2033,6,0.0,0.0,CT,CONNECTICUT,0.0642504,0.0
2033,7,25797.472856459997,192.5484964333293,DE,DELAWARE,0.0642504,1657497.9500166974
2033,8,0.0,0.0,DC,DISTRICT OF COLUMBIA,0.0642504,0.0
2033,9,748.2107773573424,3.0242770023691987,FL,FLORIDA,0.0642504,48072.841729520194
2033,10,46955.751537061726,340.1368945095701,GA,GEORGIA,0.0642504,3016925.8185568308
2033,12,42623.68553122155,1336.7103077788634,ID,IDAHO,0.0642504,2738588.844855197
2033,13,17237.147247175722,88.86042566602659,IL,ILLINOIS,0.0642504,1107493.605489939
2033,14,32339.03669157767,228.4261547801401,IN,INDIANA,0.0642504,2077796.0430485418
2033,15,0.0,0.0,IA,IOWA,0.0642504,0.0
2033,16,4591627.201924285,20555.239783659657,KS,KANSAS,0.0642504,295013884.37451607
2033,17,25969.950880198183,644.0457219521988,KY,KENTUCKY,0.0642504,1668579.7320330853
2033,18,31630.746062035032,145.69043819438605,LA,LOUISIANA,0.0642504,2032288.0867841756
2033,19,0.0,0.0,ME,MAINE,0.0642504,0.0
2033,20,27002.828288061068,208.19201690066396,MD,MARYLAND,0.0642504,1734942.5186392388
2033,21,0.0,0.0,MA,MASSACHUSETTS,0.0642504,0.0
2033,22,3243.4621338185207,28.307997296638995,MI,MICHIGAN,0.0642504,208393.7394826935
2033,23,33727.426686140694,438.7588443287968,MN,MINNESOTA,0.0642504,2167000.655555214
2033,24,4942.236122088859,53.47079793504879,MS,MISSISSIPPI,0.0642504,317540.647738658
2033,25,12377.611505847117,123.8255641994258,MO,MISSOURI,0.0642504,795266.4902952795
2033,26,1608811.97357574,15379.840590744388,MT,MONTANA,0.0642504,103366812.82703072
2033,27,802809.4358628314,5030.965649073372,NE,NEBRASKA,0.0642504,51580827.37796126
2033,28,3683.076293014492,418.9209687069651,NV,NEVADA,0.0642504,236639.1250566983
2033,29,0.0,0.0,NH,NEW HAMPSHIRE,0.0642504,0.0
2033,30,18692.528640037795,158.67109864052154,NJ,NEW JERSEY,0.0642504,1201002.4421338842
2033,31,19971.25080566107,691.4005405618635,NM,NEW MEXICO,0.0642504,1283160.852764046
2033,32,1892.079210570763,19.57769444155065,NY,NEW YORK,0.0642504,121566.84611085575
2033,33,81440.18298495669,592.2845368127879,NC,NORTH CAROLINA,0.0642504,5232564.332856661
2033,34,559927.2440990582,4942.015071696162,ND,NORTH DAKOTA,0.0642504,35975549.404262125
2033,35,84337.281377584,680.3671806639245,OH,OHIO,0.0642504,5418704.063422323
2033,36,1435547.1588823404,9632.300469255712,OK,OKLAHOMA,0.0642504,92234479.17705393
2033,37,1604328.243165481,8089.578491655146,OR,OREGON,0.0642504,103078731.3546794
2033,38,13713.812457714304,258.9679347316336,PA,PENNSYLVANIA,0.0642504,881117.9359331272
2033,39,0.0,0.0,RI,RHODE ISLAND,0.0642504,0.0
2033,40,44511.22525046606,241.48374539152653,SC,SOUTH CAROLINA,0.0642504,2859864.0268325442
2033,41,210812.9533889364,2190.4983091289823,SD,SOUTH DAKOTA,0.0642504,13544816.580420518
2033,42,50357.8374711076,489.5156752766936,TN,TENNESSEE,0.0642504,3235511.2006536517
2033,43,2110964.997378742,17654.075195827558,TX,TEXAS,0.0642504,135630345.46758312
2033,44,9913.996753827729,1056.989066590337,UT,UTAH,0.0642504,636978.257032133
2033,45,0.0,0.0,VT,VERMONT,0.0642504,0.0
2033,46,4266.086456999436,93.09997391918222,VA,VIRGINIA,0.0642504,274097.76129679655
2033,47,1596071.791682513,17496.616890376503,WA,WASHINGTON,0.0642504,102548251.04431812
2033,48,15.968173506600309,0.7185604914707031,WV,WEST VIRGINIA,0.0642504,1025.9615350684726
2033,49,2764.741488889572,12.018696828342968,WI,WISCONSIN,0.0642504,177635.74655775054
2033,50,81749.4143147705,1296.7950412362202,WY,WYOMING,0.0642504,5252432.5694897305
2034,0,342.822602678023,6.338428828964896,AL,ALABAMA,0.063649,21820.315837853483
2034,2,2.990202132764442,11.422916288812395,AZ,ARIZONA,0.063649,190.32337554832395
2034,3,66599.2340296359,845.2939417960349,AR,ARKANSAS,0.063649,4238974.646752296
2034,4,22782.893612092907,961.1996401351888,CA,CALIFORNIA,0.063649,1450108.3955161013
2034,5,1300694.061802488,22913.93453261564,CO,COLORADO,0.063649,82787876.33966656
2034,6,0.0,0.0,CT,CONNECTICUT,0.063649,0.0
2034,7,28866.958821606477,203.60647694117384,DE,DELAWARE,0.063649,1837353.0620364305
2034,8,0.0,0.0,DC,DISTRICT OF COLUMBIA,0.063649,0.0
2034,9,0.0,0.0,FL,FLORIDA,0.063649,0.0
2034,10,1083.5877853091788,36.94433567457848,GA,GEORGIA,0.063649,68969.27894714392
2034,12,163238.81097658048,5002.589721265384,ID,IDAHO,0.063649,10389987.07984837
2034,13,61326.27139683468,559.2800340367792,IL,ILLINOIS,0.063649,3903355.8481371305
2034,14,52282.252324989735,235.0380298805758,IN,INDIANA,0.063649,3327713.0782332714
2034,15,247.18547066294468,1.2770621700218556,IA,IOWA,0.063649,15733.108022225766
2034,16,14854992.007539466,64126.90092768151,KS,KANSAS,0.063649,945505386.2878795
2034,17,2547.7102588161115,54.52937452105308,KY,KENTUCKY,0.063649,162159.21026338666
2034,18,0.0,0.0,LA,LOUISIANA,0.063649,0.0
2034,19,0.0,0.0,ME,MAINE,0.063649,0.0
2034,20,33824.63400537843,280.66834446643566,MD,MARYLAND,0.063649,2152904.129808332
2034,21,0.0,0.0,MA,MASSACHUSETTS,0.063649,0.0
2034,22,995.1515588374094,14.149718897536552,MI,MICHIGAN,0.063649,63340.40156844227
2034,23,283201.34387759387,2501.528889795887,MN,MINNESOTA,0.063649,18025482.33646497
2034,24,1331.0688542165922,24.888527263078306,MS,MISSISSIPPI,0.063649,84721.20150203186
2034,25,41910.36234816545,430.5983306000829,MO,MISSOURI,0.063649,2667552.653098383
2034,26,8220647.976676213,51823.99664719534,MT,MONTANA,0.063649,523236023.06746423
2034,27,1903491.6831788216,11231.23765915545,NE,NEBRASKA,0.063649,121155342.1426488
2034,28,6904.65015674015,749.0030120583021,NV,NEVADA,0.063649,439474.07782635384
2034,29,0.0,0.0,NH,NEW HAMPSHIRE,0.063649,0.0
2034,30,10140.429746963606,106.37960922127168,NJ,NEW JERSEY,0.063649,645428.2129644864
2034,31,69853.17646407796,1240.384066015451,NM,NEW MEXICO,0.063649,4446084.828762098
2034,32,0.0,0.0,NY,NEW YORK,0.063649,0.0
2034,33,28871.78247122068,501.0394841578363,NC,NORTH CAROLINA,0.063649,1837660.082510725
2034,34,7520606.713749451,32083.98020875965,ND,NORTH DAKOTA,0.063649,478679096.72343874
2034,35,82879.06866328337,569.4279260952101,OH,OHIO,0.063649,5275169.841349322
2034,36,6586687.054814065,34778.42198054728,OK,OKLAHOMA,0.063649,419236044.3518604
2034,37,2436643.908655896,10547.444003115408,OR,OREGON,0.063649,155089948.1420391
2034,38,10079.564282722728,198.07815016341965,PA,PENNSYLVANIA,0.063649,641554.1870310189
2034,39,0.0,0.0,RI,RHODE ISLAND,0.063649,0.0
2034,40,23015.42097873954,502.3055204146078,SC,SOUTH CAROLINA,0.063649,1464908.529875793
2034,41,1231360.555667405,11004.074373917269,SD,SOUTH DAKOTA,0.063649,78374868.00767466
2034,42,3371.678721045573,49.5277089495186,TN,TENNESSEE,0.063649,214603.97891582968
2034,43,3237978.236089457,21381.68291436421,TX,TEXAS,0.063649,206094076.74885786
2034,44,20421.55667132152,2106.7402778811147,UT,UTAH,0.063649,1299811.6605729433
2034,45,0.0,0.0,VT,VERMONT,0.063649,0.0
2034,46,7635.272451088489,105.41018379076402,VA,VIRGINIA,0.063649,485977.4562393312
2034,47,2217335.856077207,21962.594515374218,WA,WASHINGTON,0.063649,141131209.90345812
2034,48,163.97875081403689,2.036604335430273,WV,WEST VIRGINIA,0.063649,10437.083510562632
2034,49,10936.035075439908,88.456519860367,WI,WISCONSIN,0.063649,696067.6965166746
2034,50,133140.58593211515,2833.3523910315344,WY,WYOMING,0.063649,8474265.153993197
2035,0,1562.745912036638,69.47790468314635,AL,ALABAMA,0.0630476,98527.37916372113
2035,2,3.055848613499334,11.673693400457536,AZ,ARIZONA,0.0630476,192.6639210444606
2035,3,17933.880719731496,306.96779149598984,AR,ARKANSAS,0.0630476,1130688.1380653433
2035,4,5730.092653721782,243.0610746573757,CA,CALIFORNIA,0.0630476,361268.58959478943
2035,5,133337.54612671936,3020.41332470154,CO,COLORADO,0.0630476,8406612.27317895
2035,6,0.0,0.0,CT,CONNECTICUT,0.0630476,0.0
2035,7,749.7134614483525,52.75116442007744,DE,DELAWARE,0.0630476,47267.634432011146
2035,8,0.0,0.0,DC,DISTRICT OF COLUMBIA,0.0630476,0.0
2035,9,0.0,0.0,FL,FLORIDA,0.0630476,0.0
2035,10,520.6370010066893,35.13883117384903,GA,GEORGIA,0.0630476,32824.91338466934
2035,12,49386.70839714381,1670.6733341861318,ID,IDAHO,0.0630476,3113713.436339764
2035,13,23134.39746139146,344.705929756975,IL,ILLINOIS,0.0630476,1458568.237386824
2035,14,25418.511188167595,155.73094985094863,IN,INDIANA,0.0630476,1602576.125987115
2035,15,0.0,0.0,IA,IOWA,0.0630476,0.0
2035,16,1635175.13473474,12928.659022256335,KS,KANSAS,0.0630476,103093867.82470198
2035,17,23369.793640484637,885.1545641694285,KY,KENTUCKY,0.0630476,1473409.4015278192
2035,18,3934.90287467557,85.98929901055774,LA,LOUISIANA,0.0630476,248086.18248139543
2035,19,0.0,0.0,ME,MAINE,0.0630476,0.0
2035,20,11080.575109087888,308.9513068525633,MD,MARYLAND,0.0630476,698603.6672477295
2035,21,0.0,0.0,MA,MASSACHUSETTS,0.0630476,0.0
2035,22,6413.069737220145,92.04796601988124,MI,MICHIGAN,0.0630476,404328.6555643608
2035,23,533632.607984923,3695.683559766277,MN,MINNESOTA,0.0630476,33644255.215190224
2035,24,6624.056646182781,75.78896730510436,MS,MISSISSIPPI,0.0630476,417630.8738058735
2035,25,2221.8786864604303,55.45690456520045,MO,MISSOURI,0.0630476,140084.1186724826
2035,26,4336597.376818116,34578.00645566481,MT,MONTANA,0.0630476,273412056.7746778
2035,27,205.8322982624588,9.376886334765,NE,NEBRASKA,0.0630476,12977.232407932197
2035,28,2354.0597166179705,255.36381688951792,NV,NEVADA,0.0630476,148417.81538944313
2035,29,0.0,0.0,NH,NEW HAMPSHIRE,0.0630476,0.0
2035,30,1030.989647965711,70.24709282491784,NJ,NEW JERSEY,0.0630476,65001.422929082946
2035,31,20486.507332197594,818.7365968962365,NM,NEW MEXICO,0.0630476,1291625.119677461
2035,32,440.26318518964337,12.676113401622572,NY,NEW YORK,0.0630476,27757.537194562556
2035,33,12004.728441052916,474.6142457342562,NC,NORTH CAROLINA,0.0630476,756869.3168601277
2035,34,3135394.034570928,17419.057065270375,ND,NORTH DAKOTA,0.0630476,197679068.93401402
2035,35,36134.903728885016,248.73359252855607,OH,OHIO,0.0630476,2278218.956337251
2035,36,905101.3874501352,5542.709680045739,OK,OKLAHOMA,0.0630476,57064470.23540114
2035,37,1362641.5765845345,7177.704768980757,OR,OREGON,0.0630476,85911281.06387109
2035,38,6181.675544689867,245.64405926611664,PA,PENNSYLVANIA,0.0630476,389739.8070713888
2035,39,0.0,0.0,RI,RHODE ISLAND,0.0630476,0.0
2035,40,4527.767766148623,154.20853947345316,SC,SOUTH CAROLINA,0.0630476,285464.8910130319
2035,41,271485.52001716464,3516.1392007559166,SD,SOUTH DAKOTA,0.0630476,17116510.47183419
2035,42,18011.544962746546,354.08856963987864,TN,TENNESSEE,0.0630476,1135584.682193259
2035,43,1429233.426771095,11756.427786841636,TX,TEXAS,0.0630476,90109737.39769329
2035,44,12971.63080591621,1338.0686416807816,UT,UTAH,0.0630476,817830.1903990827
2035,45,0.0,0.0,VT,VERMONT,0.0630476,0.0
2035,46,4206.041548228997,154.45613269478994,VA,VIRGINIA,0.0630476,265180.82511612255
2035,47,1168123.6061589816,12237.187674035264,WA,WASHINGTON,0.0630476,73647389.871669
2035,48,200.7882100827772,11.256595839438388,WV,WEST VIRGINIA,0.0630476,12659.214754014902
2035,49,5837.534935686719,42.99177554936394,WI,WISCONSIN,0.0630476,368042.56761120196
2035,50,5786.385692531187,178.36713202468437,WY,WYOMING,0.0630476,364817.7305884292
2036,0,11018.0050326269,137.69971997152533,AL,ALABAMA,0.06314854,695770.9315230411
2036,2,4.382605431042886,16.742057139600465,AZ,ARIZONA,0.06314854,276.7551343664289
2036,3,800070.4709410494,4287.13325269019,AR,ARKANSAS,0.06314854,50523282.13703969
2036,4,15011.009957348264,624.7192642874165,CA,CALIFORNIA,0.06314854,947923.3627320052
2036,5,869923.7302665561,19858.68290610946,CO,COLORADO,0.06314854,54934413.47768684
2036,6,0.0,0.0,CT,CONNECTICUT,0.06314854,0.0
2036,7,0.0,0.0,DE,DELAWARE,0.06314854,0.0
2036,8,0.0,0.0,DC,DISTRICT OF COLUMBIA,0.06314854,0.0
2036,9,693.9796193981547,3.2327985518036315,FL,FLORIDA,0.06314854,43823.79975474915
2036,10,22809.54153086335,159.62598466264302,GA,GEORGIA,0.06314854,1440389.2457433855
2036,12,105539.00422532036,3382.479183685831,ID,IDAHO,0.06314854,6664634.029882812
2036,13,38446.08007082943,635.148209571806,IL,ILLINOIS,0.06314854,2427813.825195975
2036,14,25703.986694248844,163.56606410355397,IN,INDIANA,0.06314854,1623169.231921241
2036,15,65.47077464367014,1.0427381552371466,IA,IOWA,0.06314854,4134.38383141679
2036,16,10129437.867058136,57638.40629767756,KS,KANSAS,0.06314854,639659212.3254354
2036,17,12422.492611371234,424.1969522478465,KY,KENTUCKY,0.06314854,784462.2715688809
2036,18,159316.14220400085,882.1746336172467,LA,LOUISIANA,0.06314854,10060581.778615037
2036,19,0.0,0.0,ME,MAINE,0.06314854,0.0
2036,20,74.17375835535975,5.1552306007652415,MD,MARYLAND,0.06314854,4683.96454645377
2036,21,0.0,0.0,MA,MASSACHUSETTS,0.06314854,0.0
2036,22,0.0,0.0,MI,MICHIGAN,0.06314854,0.0
2036,23,514099.4115116061,1835.4321485581825,MN,MINNESOTA,0.06314854,32464627.25181712
2036,24,102926.19396349687,502.7994025288675,MS,MISSISSIPPI,0.06314854,6499638.876551641
2036,25,58865.169393381446,1059.809545373067,MO,MISSOURI,0.06314854,3717249.504044724
2036,26,7738053.310006563,52439.75834287026,MT,MONTANA,0.06314854,488646768.9690818
2036,27,1778501.1527173975,10987.590263079355,NE,NEBRASKA,0.06314854,112309751.18242069
2036,28,5466.57466190039,611.1555774938213,NV,NEVADA,0.06314854,345206.2087000033
2036,29,0.0,0.0,NH,NEW HAMPSHIRE,0.06314854,0.0
2036,30,1.7813046859410435,0.4583925094823583,NJ,NEW JERSEY,0.06314854,112.48679021233544
2036,31,67187.88070347757,1809.9011283823208,NM,NEW MEXICO,0.06314854,4242816.5721187815
2036,32,0.0,0.0,NY,NEW YORK,0.06314854,0.0
2036,33,70641.59420152925,900.0899057141376,NC,NORTH CAROLINA,0.06314854,4460913.537099038
2036,34,5823228.329196872,23223.61805619229,ND,NORTH DAKOTA,0.06314854,367728367.07542187
2036,35,9775.58094044133,51.43234569474132,OH,OHIO,0.06314854,617313.664040697
2036,36,7306974.560029793,43005.3358875814,OK,OKLAHOMA,0.06314854,461424775.2830238
2036,37,1527242.7261410994,7734.417708072487,OR,OREGON,0.06314854,96443148.38143027
2036,38,67.77685049705465,2.111672183686768,PA,PENNSYLVANIA,0.06314854,4280.009154687275
2036,39,0.0,0.0,RI,RHODE ISLAND,0.06314854,0.0
2036,40,52705.322896023885,538.6198950578962,SC,SOUTH CAROLINA,0.06314854,3328264.19111248
2036,41,2428723.6433956786,12540.43628790219,SD,SOUTH DAKOTA,0.06314854,153370352.14391774
2036,42,25143.01125373125,337.2513210975892,TN,TENNESSEE,0.06314854,1587744.4518766978
2036,43,5254237.968436073,37957.96432132708,TX,TEXAS,0.06314854,331797456.5193041
2036,44,21861.11830413112,2233.2549995948684,UT,UTAH,0.06314854,1380497.7036731562
2036,45,0.0,0.0,VT,VERMONT,0.06314854,0.0
2036,46,0.0,0.0,VA,VIRGINIA,0.06314854,0.0
2036,47,982257.8433319252,11001.041124147663,WA,WASHINGTON,0.06314854,62028148.70995982
2036,48,0.0,0.0,WV,WEST VIRGINIA,0.06314854,0.0
2036,49,731.9333528907196,3.3012333745040205,WI,WISCONSIN,0.06314854,46220.52261235372
2036,50,293040.497935934,3514.256635755207,WY,WYOMING,0.06314854,18505079.60552725
2037,0,1142.3614987857932,13.994406915725923,AL,ALABAMA,0.06324948,72253.77077022204
2037,2,4.269964436750548,16.311755577578488,AZ,ARIZONA,0.06324948,270.07303024296505
2037,3,81736.26483155944,656.5801267688462,AR,ARKANSAS,0.06324948,5169776.247738422
2037,4,18318.100206159277,804.5724973783033,CA,CALIFORNIA,0.06324948,1158610.312627467
2037,5,1008601.3253091712,21295.066371379784,CO,COLORADO,0.06324948,63793509.353115916
2037,6,0.0,0.0,CT,CONNECTICUT,0.06324948,0.0
2037,7,6055.171737646839,90.93607520464776,DE,DELAWARE,0.06324948,382986.46371685894
2037,8,0.0,0.0,DC,DISTRICT OF COLUMBIA,0.06324948,0.0
2037,9,0.0,0.0,FL,FLORIDA,0.06324948,0.0
2037,10,2403.446346508103,57.98384991176784,GA,GEORGIA,0.06324948,152016.73162453732
2037,12,76048.50546718243,2803.647386008296,ID,IDAHO,0.06324948,4810028.425576446
2037,13,27773.054003146844,212.36388051975104,IL,ILLINOIS,0.06324948,1756631.2237109563
2037,14,6484.299524916119,40.337378640722505,IN,INDIANA,0.06324948,410128.57311519154
2037,15,131.61678530365708,1.4236781221939978,IA,IOWA,0.06324948,8324.693229727953
2037,16,13507771.968662482,65552.68536718546,KS,KANSAS,0.06324948,854359552.9764782
2037,17,70.344657226055,0.7784304535638278,KY,KENTUCKY,0.06324948,4449.262990326221
2037,18,1146.7561750881716,47.55823689487197,LA,LOUISIANA,0.06324948,72531.7317611158
2037,19,0.0,0.0,ME,MAINE,0.06324948,0.0
2037,20,31169.59946771019,302.5259819314082,MD,MARYLAND,0.06324948,1971460.9581409465
2037,21,0.0,0.0,MA,MASSACHUSETTS,0.06324948,0.0
2037,22,3894.1471191922415,50.42724807248038,MI,MICHIGAN,0.06324948,246302.7803324073
2037,23,232985.5464672261,1190.0355599357783,MN,MINNESOTA,0.06324948,14736214.661567887
2037,24,306.1785770340969,3.41031007245668,MS,MISSISSIPPI,0.06324948,19365.63578454657
2037,25,154349.64791137978,1265.9418303891832,MO,MISSOURI,0.06324948,9762534.968577856
2037,26,4068559.913308961,36621.121003963206,MT,MONTANA,0.06324948,257334298.86563686
2037,27,2125627.793157573,11112.341562283607,NE,NEBRASKA,0.06324948,134444852.59076402
2037,28,5183.292943029943,574.3069447522232,NV,NEVADA,0.06324948,327840.5833343135
2037,29,0.0,0.0,NH,NEW HAMPSHIRE,0.06324948,0.0
2037,30,2782.97920530616,51.90489711267804,NJ,NEW JERSEY,0.06324948,176021.98758642786
2037,31,48267.9675222542,955.7516195207336,NM,NEW MEXICO,0.06324948,3052923.8464394663
2037,32,0.0,0.0,NY,NEW YORK,0.06324948,0.0
2037,33,16912.373293492772,437.8395066815819,NC,NORTH CAROLINA,0.06324948,1069698.8163793052
2037,34,3569585.388202922,25020.28125217145,ND,NORTH DAKOTA,0.06324948,225774419.61943293
2037,35,45252.109341338175,326.6422289701834,OH,OHIO,0.06324948,2862172.384742782
2037,36,2839575.2234350373,17955.544040185974,OK,OKLAHOMA,0.06324948,179601656.3031499
2037,37,2214638.923187035,10521.986791895391,OR,OREGON,0.06324948,140074760.2793399
2037,38,5177.246203705024,154.3080242662789,PA,PENNSYLVANIA,0.06324948,327458.13021631684
2037,39,0.0,0.0,RI,RHODE ISLAND,0.06324948,0.0
2037,40,3091.2799678305087,71.13302982640204,SC,SOUTH CAROLINA,0.06324948,195521.8504996964
2037,41,451203.668171783,5040.235439994567,SD,SOUTH DAKOTA,0.06324948,28538397.385957822
2037,42,1118.0531204797337,9.33191294932286,TN,TENNESSEE,0.06324948,70716.2784827205
2037,43,1796795.1996731844,9912.642187034742,TX,TEXAS,0.06324948,113646362.04582508
2037,44,19377.61118227289,2020.0736422727969,UT,UTAH,0.06324948,1225623.8309209454
2037,45,0.0,0.0,VT,VERMONT,0.06324948,0.0
2037,46,4114.566961494729,82.22450123731292,VA,VIRGINIA,0.06324948,260244.22073972164
2037,47,935242.2416409624,9921.77926083919,WA,WASHINGTON,0.06324948,59153585.45782522
2037,48,296.94344359691775,10.2015262604754,WV,WEST VIRGINIA,0.06324948,18781.518396914376
2037,49,13174.827469731516,44.96119953116941,WI,WISCONSIN,0.06324948,833300.986550234
2037,50,237033.97435129783,3097.8768884602955,WY,WYOMING,0.06324948,14992275.620052924
2038,0,1583.0668205304296,22.045978911956176,AL,ALABAMA,0.06335042,100287.94796866734
2038,2,3.09594325409907,11.826859542031178,AZ,ARIZONA,0.06335042,196.1293054433428
2038,3,742943.8371303465,4156.54473233821,AR,ARKANSAS,0.06335042,47065804.11861905
2038,4,5960.065753430248,247.0874160604313,CA,CALIFORNIA,0.06335042,377572.6687074227
2038,5,1029700.2798595068,20130.57306011435,CO,COLORADO,0.06335042,65231945.2032173
2038,6,0.0,0.0,CT,CONNECTICUT,0.06335042,0.0
2038,7,0.0,0.0,DE,DELAWARE,0.06335042,0.0
2038,8,0.0,0.0,DC,DISTRICT OF COLUMBIA,0.06335042,0.0
2038,9,290.1784564896496,2.275256465837175,FL,FLORIDA,0.06335042,18382.92709357103
2038,10,47850.37937645707,237.05996691164,GA,GEORGIA,0.06335042,3031341.630657894
2038,12,60829.53001385775,2031.61700920666,ID,IDAHO,0.06335042,3853576.2747804946
2038,13,14366.904635309116,212.27561514623008,IL,ILLINOIS,0.06335042,910149.4427467794
2038,14,6088.317006299015,50.95587173238167,IN,INDIANA,0.06335042,385697.4394421853
2038,15,42.08323815689404,1.0868116258206195,IA,IOWA,0.06335042,2665.9908121992635
2038,16,13564834.348652296,62500.62670563361,KS,KANSAS,0.06335042,859337953.2175494
2038,17,1881.92588660222,50.99019435207688,KY,KENTUCKY,0.06335042,119220.79532512302
2038,18,185434.198988503,890.2655182126445,LA,LOUISIANA,0.06335042,11747334.38828524
2038,19,0.0,0.0,ME,MAINE,0.06335042,0.0
2038,20,46.23654694825127,1.1530773015425833,MD,MARYLAND,0.06335042,2929.104668521436
2038,21,0.0,0.0,MA,MASSACHUSETTS,0.06335042,0.0
2038,22,7280.117227916215,166.26233279849112,MI,MICHIGAN,0.06335042,461198.48403772793
2038,23,346854.7562530706,3037.03750233626,MN,MINNESOTA,0.06335042,21973394.48762965
2038,24,49048.35834803887,329.8014386300379,MS,MISSISSIPPI,0.06335042,3107234.1016587685
2038,25,85293.07921522226,1055.2882800364562,MO,MISSOURI,0.06335042,5403352.391377601
2038,26,6085123.041968651,52386.45544073303,MT,MONTANA,0.06335042,385495100.4603917
2038,27,1600593.7371745803,10091.527485858203,NE,NEBRASKA,0.06335042,101398285.49937929
2038,28,2366.4412614173484,256.7069427739795,NV,NEVADA,0.06335042,149915.04781611884
2038,29,0.0,0.0,NH,NEW HAMPSHIRE,0.06335042,0.0
2038,30,317.1329853207204,5.48604531250524,NJ,NEW JERSEY,0.06335042,20090.507815921475
2038,31,74646.02836512288,1173.660536693441,NM,NEW MEXICO,0.06335042,4728857.248262448
2038,32,282.1416291277345,7.594649427165647,NY,NEW YORK,0.06335042,17873.790704726216
2038,33,1589.8073020704874,18.666698395036978,NC,NORTH CAROLINA,0.06335042,100714.96030523225
2038,34,7332101.043388167,36755.84334103856,ND,NORTH DAKOTA,0.06335042,464491680.58107865
2038,35,10735.991159712205,120.08331936325452,OH,OHIO,0.06335042,680129.5490840554
2038,36,10786226.454540884,46734.10984938128,OK,OKLAHOMA,0.06335042,683311976.110276
2038,37,1478506.0507513694,8095.063846123819,OR,OREGON,0.06335042,93663979.28764057
2038,38,2.473598616512785,0.2804060842647222,PA,PENNSYLVANIA,0.06335042,156.70351126750387
2038,39,0.0,0.0,RI,RHODE ISLAND,0.06335042,0.0
2038,40,57833.4209359981,350.8327973312849,SC,SOUTH CAROLINA,0.06335042,3663771.506332273
2038,41,1638524.505016364,11444.636453846708,SD,SOUTH DAKOTA,0.06335042,103801215.57307877
2038,42,30963.825680993174,265.9139335216067,TN,TENNESSEE,0.06335042,1961571.3616977036
2038,43,6317408.419205885,34548.95472614696,TX,TEXAS,0.06335042,400210476.6682289
2038,44,18968.0643380529,1946.649672251761,UT,UTAH,0.06335042,1201634.842402673
2038,45,0.0,0.0,VT,VERMONT,0.06335042,0.0
2038,46,16.463292678448276,2.52337065807264,VA,VIRGINIA,0.06335042,1042.9565057626235
2038,47,963662.1502172148,10752.731261980036,WA,WASHINGTON,0.06335042,61048401.95436365
2038,48,0.0,0.0,WV,WEST VIRGINIA,0.06335042,0.0
2038,49,14756.092274533728,84.26939503481988,WI,WISCONSIN,0.06335042,934804.6431504671
2038,50,288019.5814215277,3486.1882067815,WY,WYOMING,0.06335042,18246161.451277982
2039,0,8555.108794763353,117.42220144535082,AL,ALABAMA,0.06345136,542833.2879756956
2039,2,2.1048685717675117,8.040840192975166,AZ,ARIZONA,0.06345136,133.5567734999062
2039,3,123713.47523387767,1436.1823964695232,AR,ARKANSAS,0.06345136,7849788.253915857
2039,4,18044.55351865461,808.9793441224481,CA,CALIFORNIA,0.06345136,1144951.4613514205
2039,5,1035999.6648359108,18922.6612918317,CO,COLORADO,0.06345136,65735587.69338272
2039,6,0.0,0.0,CT,CONNECTICUT,0.06345136,0.0
2039,7,2842.732990196158,58.71210312854226,DE,DELAWARE,0.06345136,180375.2743448129
2039,8,0.0,0.0,DC,DISTRICT OF COLUMBIA,0.06345136,0.0
2039,9,871.9633521748985,6.605712283624248,FL,FLORIDA,0.06345136,55327.26056565627
2039,10,40531.56941677417,441.2882436732508,GA,GEORGIA,0.06345136,2571783.202428728
2039,12,153999.6581208337,4717.970271079765,ID,IDAHO,0.06345136,9771487.747301942
2039,13,139996.193781383,1390.599871551929,IL,ILLINOIS,0.06345136,8882948.890252292
2039,14,67425.37475592097,506.6982948672569,IN,INDIANA,0.06345136,4278231.726772854
2039,15,0.0,0.0,IA,IOWA,0.06345136,0.0
2039,16,9662157.992581625,50193.85393195867,KS,KANSAS,0.06345136,613077065.164174
2039,17,26486.26382260824,594.6175611116986,KY,KENTUCKY,0.06345136,1680589.4608632915
2039,18,74702.33856387838,607.8087174858817,LA,LOUISIANA,0.06345136,4739964.977058531
2039,19,0.0,0.0,ME,MAINE,0.06345136,0.0
2039,20,36215.07939288904,352.8901206215846,MD,MARYLAND,0.06345136,2297896.039986784
2039,21,0.0,0.0,MA,MASSACHUSETTS,0.06345136,0.0
2039,22,19366.55748163608,210.98455145052932,MI,MICHIGAN,0.06345136,1228834.410727984
2039,23,716326.388065917,3891.005452027539,MN,MINNESOTA,0.06345136,45451883.526670195
2039,24,43904.871306728855,345.1551143847698,MS,MISSISSIPPI,0.06345136,2785823.795036923
2039,25,26048.590860936165,277.34883405750486,MO,MISSOURI,0.06345136,1652818.5162099705
2039,26,6092864.254567067,46935.165741687,MT,MONTANA,0.06345136,386600523.2476666
2039,27,1349144.7101549015,8453.229297675178,NE,NEBRASKA,0.06345136,85605066.69613431
2039,28,7616.06449181659,832.6802702138258,NV,NEVADA,0.06345136,483249.6498534715
2039,29,0.0,0.0,NH,NEW HAMPSHIRE,0.06345136,0.0
2039,30,6202.571368667086,106.8958487012694,NJ,NEW JERSEY,0.06345136,393561.588838988
2039,31,33209.263447539895,567.6276184659657,NM,NEW MEXICO,0.06345136,2107172.9303446948
2039,32,821.8322598018924,8.655565867947317,NY,NEW YORK,0.06345136,52146.3745763034
2039,33,34864.85576647239,455.9225425179573,NC,NORTH CAROLINA,0.06345136,2212222.5145865157
2039,34,2796174.682161488,16340.07069102003,ND,NORTH DAKOTA,0.06345136,177421086.38071415
2039,35,88385.96615401925,396.88285098761565,OH,OHIO,0.06345136,5608209.757386491
2039,36,3400387.74530862,22560.39445040143,OK,OKLAHOMA,0.06345136,215759226.96716556
2039,37,2804425.366045406,12940.01622446746,OR,OREGON,0.06345136,177944603.49407881
2039,38,17853.805640840987,274.65284535999024,PA,PENNSYLVANIA,0.06345136,1132848.249087032
2039,39,0.0,0.0,RI,RHODE ISLAND,0.06345136,0.0
2039,40,2340.5006612189404,72.64061524554631,SC,SOUTH CAROLINA,0.06345136,148507.95003524103
2039,41,665078.5599647312,5982.311663957781,SD,SOUTH DAKOTA,0.06345136,42200139.13660375
2039,42,45699.691273770455,575.1390436431602,TN,TENNESSEE,0.06345136,2899707.5629008673
2039,43,1509600.256107024,12494.261972260458,TX,TEXAS,0.06345136,95786189.30633897
2039,44,21613.24535046795,2231.137486906276,UT,UTAH,0.06345136,1371389.811500868
2039,45,0.0,0.0,VT,VERMONT,0.06345136,0.0
2039,46,23139.586250701566,223.84553582798944,VA,VIRGINIA,0.06345136,1468238.2174443153
2039,47,1581944.1069786577,17569.683462754252,WA,WASHINGTON,0.06345136,100376505.03178132
2039,48,1511.2999931907038,17.41014173926352,WV,WEST VIRGINIA,0.06345136,95894.0399359409
2039,49,3915.72210492658,29.30551611758071,WI,WISCONSIN,0.06345136,248457.8929396542
2039,50,200854.8268758493,2812.804189400542,WY,WYOMING,0.06345136,12744511.92783719
2040,0,26532.440984527955,165.89310418784754,AL,ALABAMA,0.0635523,1686197.6491810163
2040,2,1.9223772841436797,7.343702471373243,AZ,ARIZONA,0.0635523,122.17149787508438
2040,3,429398.7522195742,3568.8766938176523,AR,ARKANSAS,0.0635523,27289278.320684046
2040,4,13609.294068670712,579.6768622376497,CA,CALIFORNIA,0.0635523,864901.9394403818
2040,5,1378140.6260081627,24107.678873160487,CO,COLORADO,0.0635523,87584006.50625856
2040,6,0.0,0.0,CT,CONNECTICUT,0.0635523,0.0
2040,7,253.2881532933488,9.84106846824157,DE,DELAWARE,0.0635523,16097.044704544895
2040,8,0.0,0.0,DC,DISTRICT OF COLUMBIA,0.0635523,0.0
2040,9,3084.4288037611896,16.037034826834088,FL,FLORIDA,0.0635523,196022.54466527226
2040,10,215751.6096997789,1329.15075373716,GA,GEORGIA,0.0635523,13711511.025123259
2040,12,238740.2678485833,7405.64055384071,ID,IDAHO,0.0635523,15172493.12439352
2040,13,420125.3430476375,2192.024029269351,IL,ILLINOIS,0.0635523,26699931.838966373
2040,14,127104.44205560665,808.1138192262811,IN,INDIANA,0.0635523,8077779.6328505315
2040,15,165.1233814923367,1.5116844911490337,IA,IOWA,0.0635523,10493.970677615433
2040,16,13305353.393795315,57881.18006792025,KS,KANSAS,0.0635523,845585810.4884981
2040,17,22228.98561135668,792.0428453097741,KY,KENTUCKY,0.0635523,1412703.1622686232
2040,18,192823.5804765789,980.2695817807632,LA,LOUISIANA,0.0635523,12254382.033521688
2040,19,0.0,0.0,ME,MAINE,0.0635523,0.0
2040,20,208.4152672725633,2.0351015249888373,MD,MARYLAND,0.0635523,13245.269590286125
2040,21,0.0,0.0,MA,MASSACHUSETTS,0.0635523,0.0
2040,22,22788.37308152224,213.50234708338715,MI,MICHIGAN,0.0635523,1448253.522588826
2040,23,1409184.0783413595,7285.785344052167,MN,MINNESOTA,0.0635523,89556889.3019736
2040,24,123549.63546495757,605.9417772177952,MS,MISSISSIPPI,0.0635523,7851863.497959623
2040,25,77982.28570672292,910.813399957836,MO,MISSOURI,0.0635523,4955953.615919367
2040,26,9425831.527001595,57545.58520510319,MT,MONTANA,0.0635523,599033272.9534634
2040,27,2215181.502051101,10431.04920027149,NE,NEBRASKA,0.0635523,140779879.3728022
2040,28,9596.481788787974,1072.7703701658115,NV,NEVADA,0.0635523,609878.48958559
2040,29,0.0,0.0,NH,NEW HAMPSHIRE,0.0635523,0.0
2040,30,446.7430238372781,22.309191840435005,NJ,NEW JERSEY,0.0635523,28391.54667381385
2040,31,63083.34466924881,1377.7390244941962,NM,NEW MEXICO,0.0635523,4009091.6454235013
2040,32,0.0,0.0,NY,NEW YORK,0.0635523,0.0
2040,33,6410.671680629213,170.0908000063502,NC,NORTH CAROLINA,0.0635523,407412.929848852
2040,34,5675439.51843858,26310.960103483216,ND,NORTH DAKOTA,0.0635523,360687234.90766424
2040,35,85052.27036683325,841.2091014476474,OH,OHIO,0.0635523,5405267.402034097
2040,36,6093461.724734859,37386.501226717526,OK,OKLAHOMA,0.0635523,387253507.5688672
2040,37,3156301.228900316,14304.39420090861,OR,OREGON,0.0635523,200590202.5894416
2040,38,131.56985024835683,8.239330818083513,PA,PENNSYLVANIA,0.0635523,8361.566593938647
2040,39,0.0,0.0,RI,RHODE ISLAND,0.0635523,0.0
2040,40,97711.4282940661,707.9023978494085,SC,SOUTH CAROLINA,0.0635523,6209786.004372978
2040,41,1580126.7879332677,9497.066199645016,SD,SOUTH DAKOTA,0.0635523,100420691.66477141
2040,42,39258.71855804091,467.2117083869248,TN,TENNESSEE,0.0635523,2494981.859416184
2040,43,3077968.930171891,24609.05986469029,TX,TEXAS,0.0635523,195612004.8409631
2040,44,27906.281275821024,2849.3734213136586,UT,UTAH,0.0635523,1773508.3595253606
2040,45,0.0,0.0,VT,VERMONT,0.0635523,0.0
2040,46,214.0714190260121,5.923638687789387,VA,VIRGINIA,0.0635523,13604.73104336683
2040,47,1358926.8089771802,15665.903416841118,WA,WASHINGTON,0.0635523,86362924.24216045
2040,48,51.95942467288478,1.0096192721184456,WV,WEST VIRGINIA,0.0635523,3302.1409446385755
2040,49,11240.000322556452,102.89282181866623,WI,WISCONSIN,0.0635523,714327.8724992045
2040,50,327812.3876844818,4003.230690040078,WY,WYOMING,0.0635523,20833231.205840494
2041,0,7423.093591098404,179.78526586399963,AL,ALABAMA,0.0636276,472313.62977697287
2041,2,1.9224836078094325,7.344108640013185,AZ,ARIZONA,0.0636276,122.32301800425546
2041,3,424839.70490481047,4007.411065266429,AR,ARKANSAS,0.0636276,27031530.80780132
2041,4,16786.724669620835,702.8131532573285,CA,CALIFORNIA,0.0636276,1068099.0025887666
2041,5,1393130.882202051,23120.241704866872,CO,COLORADO,0.0636276,88641574.52039924
2041,6,0.0,0.0,CT,CONNECTICUT,0.0636276,0.0
2041,7,543.0939884770419,30.516259964420414,DE,DELAWARE,0.0636276,34555.76706122183
2041,8,0.0,0.0,DC,DISTRICT OF COLUMBIA,0.0636276,0.0
2041,9,525.0309986865237,7.644051577854091,FL,FLORIDA,0.0636276,33406.46237202666
2041,10,992.0117368287932,47.7698878621276,GA,GEORGIA,0.0636276,63119.32598624773
2041,12,271265.4471659817,7999.76927345348,ID,IDAHO,0.0636276,17259969.36609822
2041,13,444382.5524905664,2240.831284310583,IL,ILLINOIS,0.0636276,28274995.296848763
2041,14,185284.2889481449,1159.2825621010031,IN,INDIANA,0.0636276,11789194.623476986
2041,15,227.65544459386356,1.7464104368389255,IA,IOWA,0.0636276,14485.169566440514
2041,16,9632690.928517206,48231.51982518331,KS,KANSAS,0.0636276,612905005.3233215
2041,17,22383.537792475927,797.479880894254,KY,KENTUCKY,0.0636276,1424210.7892445414
2041,18,98709.52681316712,897.2065701862798,LA,LOUISIANA,0.0636276,6280650.288257473
2041,19,0.0,0.0,ME,MAINE,0.0636276,0.0
2041,20,3867.88419515226,128.65183309099615,MD,MARYLAND,0.0636276,246104.18841546995
2041,21,0.0,0.0,MA,MASSACHUSETTS,0.0636276,0.0
2041,22,37569.61111105812,231.05529781209864,MI,MICHIGAN,0.0636276,2390464.187929962
2041,23,602725.5221140177,3916.0678734231615,MN,MINNESOTA,0.0636276,38349978.430861875
2041,24,60654.51328855893,475.9332645784173,MS,MISSISSIPPI,0.0636276,3859301.1097191125
2041,25,121031.5906834121,1208.1432152109735,MO,MISSOURI,0.0636276,7700949.639367873
2041,26,10190507.36158789,63257.98470034775,MT,MONTANA,0.0636276,648397526.2001696
2041,27,2024998.817208456,10294.3173126538,NE,NEBRASKA,0.0636276,128845814.74181277
2041,28,10388.012591924253,1126.8713901537146,NV,NEVADA,0.0636276,660964.3099939196
2041,29,0.0,0.0,NH,NEW HAMPSHIRE,0.0636276,0.0
2041,30,1422.7443983159137,58.11346445727843,NJ,NEW JERSEY,0.0636276,90525.81147828564
2041,31,71485.36445237623,1187.420099642007,NM,NEW MEXICO,0.0636276,4548442.175230014
2041,32,142.412893330652,15.230564551313028,NY,NEW YORK,0.0636276,9061.390611685394
2041,33,12027.640047720826,466.307215332023,NC,NORTH CAROLINA,0.0636276,765289.8699003618
2041,34,5810190.955185188,27369.97820417938,ND,NORTH DAKOTA,0.0636276,369688506.0201411
2041,35,127257.09132909511,1869.7735525121343,OH,OHIO,0.0636276,8097063.3042511325
2041,36,3111875.101845565,21865.85454067988,OK,OKLAHOMA,0.0636276,198001144.23018888
2041,37,3479580.436824788,14629.052396844772,OR,OREGON,0.0636276,221397352.2021129
2041,38,2039.2100845975303,165.0555153516392,PA,PENNSYLVANIA,0.0636276,129750.04357873784
2041,39,0.0,0.0,RI,RHODE ISLAND,0.0636276,0.0
2041,40,10238.795566831312,260.8973989662412,SC,SOUTH CAROLINA,0.0636276,651469.9888081161
2041,41,1982200.4660712804,11032.043202308783,SD,SOUTH DAKOTA,0.0636276,126122658.37499702
2041,42,38201.24912983936,559.4304003676948,TN,TENNESSEE,0.0636276,2430653.7991337674
2041,43,3032532.1795645016,18522.206654784382,TX,TEXAS,0.0636276,192952744.50845832
2041,44,27026.99732801352,2777.737258914566,UT,UTAH,0.0636276,1719662.9751879133
2041,45,0.0,0.0,VT,VERMONT,0.0636276,0.0
2041,46,5840.865660635784,89.30780273213198,VA,VIRGINIA,0.0636276,371640.2639086694
2041,47,2295458.768020767,22785.714221198512,WA,WASHINGTON,0.0636276,146054532.30811816
2041,48,56.22947724801924,3.938388214617418,WV,WEST VIRGINIA,0.0636276,3577.746686546069
2041,49,48527.08512034691,230.54461480845023,WI,WISCONSIN,0.0636276,3087661.961203385
2041,50,376708.3096790649,4355.954897803372,WY,WYOMING,0.0636276,23969045.64493567
2042,0,10621.162718712663,136.0186354942856,AL,ALABAMA,0.0637029,676598.866553881
2042,2,1.9824805993658403,7.582282205135783,AZ,ARIZONA,0.0637029,126.28976337334221
2042,3,136638.91491409164,1734.4649938933326,AR,ARKANSAS,0.0637029,8704295.132880889
2042,4,26209.86312548008,1100.546508394486,CA,CALIFORNIA,0.0637029,1669644.289696145
2042,5,1459058.0265582893,25905.317572119595,CO,COLORADO,0.0637029,92946227.56004006
2042,6,0.0,0.0,CT,CONNECTICUT,0.0637029,0.0
2042,7,17962.87689460938,200.4884040496976,DE,DELAWARE,0.0637029,1144287.350529612
2042,8,0.0,0.0,DC,DISTRICT OF COLUMBIA,0.0637029,0.0
2042,9,913.1714358658976,5.889411559127155,FL,FLORIDA,0.0637029,58171.66866182169
2042,10,54583.95739016315,618.1735139995523,GA,GEORGIA,0.0637029,3477156.3792298245
2042,12,229258.3036955441,6773.781071698981,ID,IDAHO,0.0637029,14604418.794486877
2042,13,165225.544419301,1722.3458086529577,IL,ILLINOIS,0.0637029,10525346.333588291
2042,14,100108.64323839908,907.1801374561916,IN,INDIANA,0.0637029,6377210.889351413
2042,15,619.6238714832425,1.981027142237089,IA,IOWA,0.0637029,39471.83752270985
2042,16,14966613.021152064,63693.76405198417,KS,KANSAS,0.0637029,953416652.6251478
2042,17,23780.150472449724,1001.4999651186712,KY,KENTUCKY,0.0637029,1514864.5475314176
2042,18,74908.59826873377,666.0377295585048,LA,LOUISIANA,0.0637029,4771894.944653321
2042,19,0.0,0.0,ME,MAINE,0.0637029,0.0
2042,20,43894.240251775285,483.8788593435821,MD,MARYLAND,0.0637029,2796190.3973348164
2042,21,0.0,0.0,MA,MASSACHUSETTS,0.0637029,0.0
2042,22,13514.452086161711,221.361925627351,MI,MICHIGAN,0.0637029,860909.7897995509
2042,23,2029541.176445241,7799.09455559685,MN,MINNESOTA,0.0637029,129287658.60897355
2042,24,42457.47921244053,264.931490039598,MS,MISSISSIPPI,0.0637029,2704664.552522178
2042,25,71793.2170590206,1066.941045948692,MO,MISSOURI,0.0637029,4573436.126989083
2042,26,9207183.562210962,58669.209839983305,MT,MONTANA,0.0637029,586524293.7451688
2042,27,2358944.376204147,11050.76865310468,NE,NEBRASKA,0.0637029,150271597.70289516
2042,28,9603.478204218014,1041.7666265355797,NV,NEVADA,0.0637029,611769.4116954798
2042,29,0.0,0.0,NH,NEW HAMPSHIRE,0.0637029,0.0
2042,30,1284.9812810033684,27.675710074718843,NJ,NEW JERSEY,0.0637029,81857.03404562948
2042,31,112249.24896387276,2139.447431372212,NM,NEW MEXICO,0.0637029,7150602.681820691
2042,32,0.0,0.0,NY,NEW YORK,0.0637029,0.0
2042,33,125488.45506705248,1245.6599525515676,NC,NORTH CAROLINA,0.0637029,7993978.504290938
2042,34,10807387.432742285,36776.21145972124,ND,NORTH DAKOTA,0.0637029,688461920.8892386
2042,35,114852.55209047902,1127.3443828806635,OH,OHIO,0.0637029,7316440.640564577
2042,36,6750347.490521442,43841.52946764704,OK,OKLAHOMA,0.0637029,430016711.1539384
2042,37,3041320.080760856,13827.776593638286,OR,OREGON,0.0637029,193740908.97270077
2042,38,1883.1248871161647,138.54634748795905,PA,PENNSYLVANIA,0.0637029,119960.51637147235
2042,39,0.0,0.0,RI,RHODE ISLAND,0.0637029,0.0
2042,40,59526.567946136005,694.5902933671405,SC,SOUTH CAROLINA,0.0637029,3792015.005215908
2042,41,3281256.010797736,13500.405551726955,SD,SOUTH DAKOTA,0.0637029,209025523.5302471
2042,42,44057.71056991943,560.0673572584556,TN,TENNESSEE,0.0637029,2806603.9306645207
2042,43,4004648.855221568,28301.922267298723,TX,TEXAS,0.0637029,255107745.55929404
2042,44,26973.42912780389,2752.8416111415872,UT,UTAH,0.0637029,1718285.6583855788
2042,45,0.0,0.0,VT,VERMONT,0.0637029,0.0
2042,46,38617.68784559462,299.9055605177477,VA,VIRGINIA,0.0637029,2460058.70705913
2042,47,1629943.4813752917,17676.660636042212,WA,WASHINGTON,0.0637029,103832126.59970209
2042,48,189.2916634735404,4.43033633552938,WV,WEST VIRGINIA,0.0637029,12058.4279090886
2042,49,21100.018063281204,171.55179017441114,WI,WISCONSIN,0.0637029,1344132.3406833964
2042,50,378661.5763477625,4328.385186286304,WY,WYOMING,0.0637029,24121840.53192388
2043,0,0.0,0.0,AL,ALABAMA,0.0637782,0.0
2043,2,2.357312230067737,9.00520402136262,AZ,ARIZONA,0.0637782,150.34513087170615
2043,3,116312.94953650622,1712.0254361983327,AR,ARKANSAS,0.0637782,7418230.558129201
2043,4,14868.296070634162,629.8933350300213,CA,CALIFORNIA,0.0637782,948273.1604521197
2043,5,1005443.9079369054,20620.82165929571,CO,COLORADO,0.0637782,64125402.64918153
2043,6,0.0,0.0,CT,CONNECTICUT,0.0637782,0.0
2043,7,0.0,0.0,DE,DELAWARE,0.0637782,0.0
2043,8,0.0,0.0,DC,DISTRICT OF COLUMBIA,0.0637782,0.0
2043,9,0.0,0.0,FL,FLORIDA,0.0637782,0.0
2043,10,87.29658501361651,1.6593288020416848,GA,GEORGIA,0.0637782,5567.619058315436
2043,12,256525.197525547,7401.511662493821,ID,IDAHO,0.0637782,16360715.35282384
2043,13,236566.12853136667,1863.9320142840056,IL,ILLINOIS,0.0637782,15087761.858699208
2043,14,85756.77124077544,979.270966924317,IN,INDIANA,0.0637782,5469412.507548424
2043,15,388.7263792764776,2.2303349240107733,IA,IOWA,0.0637782,24792.26876277104
2043,16,9609489.128227374,59711.40336719906,KS,KANSAS,0.0637782,612875919.517911
2043,17,5.225039442746604,0.7744761681450574,KY,KENTUCKY,0.0637782,333.2436105873814
2043,18,74374.16481960427,517.6168882072939,LA,LOUISIANA,0.0637782,4743450.3586976845
2043,19,0.0,0.0,ME,MAINE,0.0637782,0.0
2043,20,0.0,0.0,MD,MARYLAND,0.0637782,0.0
2043,21,0.0,0.0,MA,MASSACHUSETTS,0.0637782,0.0
2043,22,14467.77060217382,150.6484340739819,MI,MICHIGAN,0.0637782,922728.3670195623
2043,23,1999957.191414038,8945.738460343067,MN,MINNESOTA,0.0637782,127553669.74544278
2043,24,1497.8340090546592,25.098041750950355,MS,MISSISSIPPI,0.0637782,95529.15699628985
2043,25,51881.40282068947,1025.5314543093227,MO,MISSOURI,0.0637782,3308902.485378497
2043,26,10463859.288922133,63311.49182798607,MT,MONTANA,0.0637782,667366110.5007335
2043,27,1891422.220509432,11274.54606960803,NE,NEBRASKA,0.0637782,120631504.66409464
2043,28,9865.612752646592,1070.2024722164629,NV,NEVADA,0.0637782,629211.0232608448
2043,29,0.0,0.0,NH,NEW HAMPSHIRE,0.0637782,0.0
2043,30,0.0,0.0,NJ,NEW JERSEY,0.0637782,0.0
2043,31,98327.0264790483,1691.2507173047647,NM,NEW MEXICO,0.0637782,6271120.760186038
2043,32,0.0,0.0,NY,NEW YORK,0.0637782,0.0
2043,33,0.0,0.0,NC,NORTH CAROLINA,0.0637782,0.0
2043,34,7337651.249910243,34358.108627956506,ND,NORTH DAKOTA,0.0637782,467982188.9470254
2043,35,98375.0602382482,970.312539106546,OH,OHIO,0.0637782,6274184.266887041
2043,36,8489721.974201124,45559.83062700562,OK,OKLAHOMA,0.0637782,541459186.014994
2043,37,2998074.276486364,14107.486636847643,OR,OREGON,0.0637782,191211780.82060263
2043,38,0.0,0.0,PA,PENNSYLVANIA,0.0637782,0.0
2043,39,0.0,0.0,RI,RHODE ISLAND,0.0637782,0.0
2043,40,0.0,0.0,SC,SOUTH CAROLINA,0.0637782,0.0
2043,41,2667487.8137784298,13328.90925585046,SD,SOUTH DAKOTA,0.0637782,170127571.28472343
2043,42,620.3116373391954,14.997713163494694,TN,TENNESSEE,0.0637782,39562.35966854666
2043,43,4246391.383940052,34522.029981750085,TX,TEXAS,0.0637782,270827198.9632054
2043,44,26036.988446278825,2662.31474967415,UT,UTAH,0.0637782,1660592.25652446
2043,45,0.0,0.0,VT,VERMONT,0.0637782,0.0
2043,46,0.0,0.0,VA,VIRGINIA,0.0637782,0.0
2043,47,1418686.1158978404,15108.468562005595,WA,WASHINGTON,0.0637782,90481246.83695562
2043,48,0.0,0.0,WV,WEST VIRGINIA,0.0637782,0.0
2043,49,36137.9850774098,228.6295026793264,WI,WISCONSIN,0.0637782,2304815.639864058
2043,50,364907.930139692,4374.324993347156,WY,WYOMING,0.0637782,23273170.9500353
2044,0,2726.1048763716835,105.37978839606262,AL,ALABAMA,0.0638535,174071.33772339928
2044,2,3.1658865618101792,12.094051027246262,AZ,ARIZONA,0.0638535,202.15293757454626
2044,3,194748.37011089985,2257.869209567136,AR,ARKANSAS,0.0638535,12435365.050876342
2044,4,26102.180307277697,1127.4666883951977,CA,CALIFORNIA,0.0638535,1666715.5702507563
2044,5,963472.2799660452,21649.02836875181,CO,COLORADO,0.0638535,61521077.22881186
2044,6,0.0,0.0,CT,CONNECTICUT,0.0638535,0.0
2044,7,6.496837194201087,3.84211297271838,DE,DELAWARE,0.0638535,414.84579377991906
2044,8,0.0,0.0,DC,DISTRICT OF COLUMBIA,0.0638535,0.0
2044,9,458.4436256739816,4.934339272146877,FL,FLORIDA,0.0638535,29273.230051973584
2044,10,2617.883155043514,57.70526113485169,GA,GEORGIA,0.0638535,167161.002040571
2044,12,214462.80032535165,6407.857409278877,ID,IDAHO,0.0638535,13694200.42057484
2044,13,366644.32255430566,2245.030181945321,IL,ILLINOIS,0.0638535,23411523.250221357
2044,14,71615.76241885069,853.3751935799838,IN,INDIANA,0.0638535,4572917.085612082
2044,15,513.8876443786343,2.479567497081188,IA,IOWA,0.0638535,32813.52470033112
2044,16,12036351.925537445,61954.00094006257,KS,KANSAS,0.0638535,768563197.6773052
2044,17,15171.10110135941,643.2244364999017,KY,KENTUCKY,0.0638535,968727.904175653
2044,18,7387.311854924333,103.32640646968964,LA,LOUISIANA,0.0638535,471705.7175284108
2044,19,0.0,0.0,ME,MAINE,0.0638535,0.0
2044,20,0.0,0.0,MD,MARYLAND,0.0638535,0.0
2044,21,0.0,0.0,MA,MASSACHUSETTS,0.0638535,0.0
2044,22,11160.688854090324,129.15796880857434,MI,MICHIGAN,0.0638535,712649.0457446565
2044,23,1403072.7348333574,7185.366362132164,MN,MINNESOTA,0.0638535,89591104.87368177
2044,24,32628.96833519817,321.9871029544979,MS,MISSISSIPPI,0.0638535,2083473.829591576
2044,25,84181.03031547386,1198.422135923495,MO,MISSOURI,0.0638535,5375253.41924911
2044,26,7801357.422666033,54218.60927109844,MT,MONTANA,0.0638535,498143976.1882055
2044,27,2178683.5683440696,11635.644399582352,NE,NEBRASKA,0.0638535,139116571.23125803
2044,28,9604.677544236118,1047.1600896588284,NV,NEVADA,0.0638535,613292.277570881
2044,29,0.0,0.0,NH,NEW HAMPSHIRE,0.0638535,0.0
2044,30,1235.283435843486,37.28837290932494,NJ,NEW JERSEY,0.0638535,78877.17087063202
2044,31,67582.46340503868,1219.7821316501534,NM,NEW MEXICO,0.0638535,4315376.827033637
2044,32,0.0,0.0,NY,NEW YORK,0.0638535,0.0
2044,33,3089.667378076788,80.88948255473895,NC,NORTH CAROLINA,0.0638535,197286.07592602615
2044,34,2898030.648435805,16605.58532417826,ND,NORTH DAKOTA,0.0638535,185049400.00989565
2044,35,26084.411383192288,412.3810254242668,OH,OHIO,0.0638535,1665580.9622566684
2044,36,7636210.450967846,41520.29753854394,OK,OKLAHOMA,0.0638535,487598764.0308754
2044,37,2505762.724216222,12499.377656899367,OR,OREGON,0.0638535,160001720.1107405
2044,38,9.589750780608217,0.8730202197312622,PA,PENNSYLVANIA,0.0638535,612.3391514695668
2044,39,0.0,0.0,RI,RHODE ISLAND,0.0638535,0.0
2044,40,1220.136658379593,33.47635317683212,SC,SOUTH CAROLINA,0.0638535,77909.99611584134
2044,41,2559700.843606554,14385.720253275964,SD,SOUTH DAKOTA,0.0638535,163445857.8172311
2044,42,40779.4972035231,461.53246785824086,TN,TENNESSEE,0.0638535,2603913.6246851617
2044,43,4213817.795742996,25426.376313402197,TX,TEXAS,0.0638535,269067014.6204754
2044,44,24712.563581856,2522.1052034650074,UT,UTAH,0.0638535,1577983.678674042
2044,45,0.0,0.0,VT,VERMONT,0.0638535,0.0
2044,46,0.0,0.0,VA,VIRGINIA,0.0638535,0.0
2044,47,1789038.357905339,19319.950663460848,WA,WASHINGTON,0.0638535,114236360.78650855
2044,48,0.0,0.0,WV,WEST VIRGINIA,0.0638535,0.0
2044,49,5088.797923492647,85.64992819281329,WI,WISCONSIN,0.0638535,324937.5582077377
2044,50,180898.8613985498,3202.155245286524,WY,WYOMING,0.0638535,11551025.446312299
2045,0,1089.651173695319,37.34622559482304,AL,ALABAMA,0.0639288,69660.09195293329
2045,2,0.553128042245047,2.1130127807508976,AZ,ARIZONA,0.0639288,35.36081198707515
2045,3,716956.9993466727,4122.306627765192,AR,ARKANSAS,0.0639288,45834200.61983356
2045,4,9248.89668602746,377.7336770367423,CA,CALIFORNIA,0.0639288,591270.8664617122
2045,5,1023137.8134312877,20745.61462856348,CO,COLORADO,0.0639288,65407972.647286095
2045,6,0.0,0.0,CT,CONNECTICUT,0.0639288,0.0
2045,7,0.0,0.0,DE,DELAWARE,0.0639288,0.0
2045,8,0.0,0.0,DC,DISTRICT OF COLUMBIA,0.0639288,0.0
2045,9,0.0,0.0,FL,FLORIDA,0.0639288,0.0
2045,10,44.116783676287625,1.1741151138441437,GA,GEORGIA,0.0639288,2820.333040284656
2045,12,89200.89281795628,3133.046080885205,ID,IDAHO,0.0639288,5702506.036780563
2045,13,656335.6668084395,2475.859768812246,IL,ILLINOIS,0.0639288,41958751.57626336
2045,14,99119.550064102,706.6238587379873,IN,INDIANA,0.0639288,6336593.892137964
2045,15,1184.1144969142651,2.699618088823692,IA,IOWA,0.0639288,75699.01885033266
2045,16,8809942.6858665,61464.91787809705,KS,KANSAS,0.0639288,563209063.9762222
2045,17,26723.852824435104,536.0543733314557,KY,KENTUCKY,0.0639288,1708423.8424427467
2045,18,111804.7050533984,711.4238768634607,LA,LOUISIANA,0.0639288,7147540.628417695
2045,19,0.0,0.0,ME,MAINE,0.0639288,0.0
2045,20,115.22605247794544,4.710236820564499,MD,MARYLAND,0.0639288,7366.2632636520775
2045,21,0.0,0.0,MA,MASSACHUSETTS,0.0639288,0.0
2045,22,30234.58725358188,243.4784018100837,MI,MICHIGAN,0.0639288,1932860.8816167852
2045,23,129302.56469854582,1113.4708353248395,MN,MINNESOTA,0.0639288,8266157.798100395
2045,24,64925.2388587497,479.3650442133042,MS,MISSISSIPPI,0.0639288,4150592.609953237
2045,25,288996.66919557576,1730.0301173456726,MO,MISSOURI,0.0639288,18475210.265670124
2045,26,5606652.61081379,40850.99620965569,MT,MONTANA,0.0639288,358426573.4261926
2045,27,950484.1503907264,7862.546960757202,NE,NEBRASKA,0.0639288,60763311.153498664
2045,28,5512.546245668827,604.3236776335041,NV,NEVADA,0.0639288,352410.4664301133
2045,29,0.0,0.0,NH,NEW HAMPSHIRE,0.0639288,0.0
2045,30,382.7963013345128,12.675898896231168,NJ,NEW JERSEY,0.0639288,24471.7081887538
2045,31,61895.35234312486,983.6235600628546,NM,NEW MEXICO,0.0639288,3956895.60087316
2045,32,494.5429128485793,7.324492002618896,NY,NEW YORK,0.0639288,31615.534966914252
2045,33,758.7577834228639,45.02767773013228,NC,NORTH CAROLINA,0.0639288,48506.47458488358
2045,34,3068578.980140634,16573.332362282974,ND,NORTH DAKOTA,0.0639288,196170571.90561455
2045,35,69614.98591838658,373.3088774530968,OH,OHIO,0.0639288,4450402.511779351
2045,36,7969073.320110408,43582.95157876944,OK,OKLAHOMA,0.0639288,509453294.4666742
2045,37,2552233.309059448,12074.1564445597,OR,OREGON,0.0639288,163161212.76819965
2045,38,6103.37973613697,246.6068039788098,PA,PENNSYLVANIA,0.0639288,390181.7424755531
2045,39,0.0,0.0,RI,RHODE ISLAND,0.0639288,0.0
2045,40,861.2822821022397,35.035333124847604,SC,SOUTH CAROLINA,0.0639288,55060.742756057654
2045,41,728917.1707149808,7144.806123956078,SD,SOUTH DAKOTA,0.0639288,46598800.023203865
2045,42,51956.67612019801,380.1069863410885,TN,TENNESSEE,0.0639288,3321527.956352914
2045,43,3522080.1838991293,24739.957705076267,TX,TEXAS,0.0639288,225162359.66045064
2045,44,12657.632111925985,1291.8066965506644,UT,UTAH,0.0639288,809187.2317568938
2045,45,0.0,0.0,VT,VERMONT,0.0639288,0.0
2045,46,310.5723605241692,11.42400112872638,VA,VIRGINIA,0.0639288,19854.518321477502
2045,47,1754173.4781270954,18897.05006147664,WA,WASHINGTON,0.0639288,112142205.44849145
2045,48,0.0,0.0,WV,WEST VIRGINIA,0.0639288,0.0
2045,49,45465.059554864325,202.86373143181373,WI,WISCONSIN,0.0639288,2906526.6992710102
2045,50,344248.1619032075,4204.780709939054,WY,WYOMING,0.0639288,22007371.89267777
2046,0,8891.058637885326,117.34620749268475,AL,ALABAMA,0.06307858,560835.3535745406
2046,2,4.081370540931248,15.595866718986676,AZ,ARIZONA,0.06307858,257.447058175775
2046,3,538115.200252901,3881.2312649782903,AR,ARKANSAS,0.06307858,33943542.70836863
2046,4,18269.81589631728,761.3074700498775,CA,CALIFORNIA,0.06307858,1152434.0436011213
2046,5,1535948.4276275674,25852.66634618888,CO,COLORADO,0.06307858,96885445.76797973
2046,6,0.0,0.0,CT,CONNECTICUT,0.06307858,0.0
2046,7,5722.642614261468,110.13815383107116,DE,DELAWARE,0.06307858,360976.1699551011
2046,8,0.0,0.0,DC,DISTRICT OF COLUMBIA,0.06307858,0.0
2046,9,1565.9369021844825,14.7153621720409,FL,FLORIDA,0.06307858,98777.07615939605
2046,10,20451.98826055213,379.8405333554247,GA,GEORGIA,0.06307858,1290082.3776522984
2046,12,143710.78849988588,4657.99973981565,ID,IDAHO,0.06307858,9065072.469253132
2046,13,238484.43981229755,1738.6492626482243,IL,ILLINOIS,0.06307858,15043259.815455195
2046,14,42258.75533537437,301.62242185440846,IN,INDIANA,0.06307858,2665622.2791228388
2046,15,727.4386950487525,2.1862954568461,IA,IOWA,0.06307858,45885.799920728336
2046,16,14911234.844122384,62760.37640749893,KS,KANSAS,0.06307858,940579520.0137612
2046,17,6042.423861683309,324.7415388028926,KY,KENTUCKY,0.06307858,381147.5169530995
2046,18,207842.7859845317,998.9140058101556,LA,LOUISIANA,0.06307858,13110427.80314816
2046,19,0.0,0.0,ME,MAINE,0.06307858,0.0
2046,20,25804.397170662774,301.3532220849103,MD,MARYLAND,0.06307858,1627704.7312814253
2046,21,0.0,0.0,MA,MASSACHUSETTS,0.06307858,0.0
2046,22,2915.6748492041816,62.62206390471213,MI,MICHIGAN,0.06307858,183916.6292295139
2046,23,2668443.963262806,9828.940371931338,MN,MINNESOTA,0.06307858,168321656.01218998
2046,24,115689.96710257036,597.5819883180022,MS,MISSISSIPPI,0.06307858,7297558.845076852
2046,25,127149.77073737889,1264.316662968983,MO,MISSOURI,0.06307858,8020426.985439412
2046,26,8684432.176583186,55512.52218533588,MT,MONTANA,0.06307858,547801649.8051765
2046,27,2519152.34290236,12219.61060455081,NE,NEBRASKA,0.06307858,158904552.59395394
2046,28,8337.004934620538,919.3483774238103,NV,NEVADA,0.06307858,525886.4327288563
2046,29,0.0,0.0,NH,NEW HAMPSHIRE,0.06307858,0.0
2046,30,1002.9120955202636,19.694230907032228,NJ,NEW JERSEY,0.06307858,63262.27085024259
2046,31,111923.97536454254,1787.5931188405189,NM,NEW MEXICO,0.06307858,7060005.4339503255
2046,32,0.0,0.0,NY,NEW YORK,0.06307858,0.0
2046,33,6831.378601419543,265.1595668867887,NC,NORTH CAROLINA,0.06307858,430913.6616199307
2046,34,11723210.699823916,41012.86134468384,ND,NORTH DAKOTA,0.06307858,739483483.9856988
2046,35,23853.475085374088,137.87378546198912,OH,OHIO,0.06307858,1504643.336450776
2046,36,9256683.65028068,42969.81727934934,OK,OKLAHOMA,0.06307858,583898460.1689218
2046,37,2816456.0136422706,13335.310746354016,OR,OREGON,0.06307858,177658045.97301504
2046,38,4823.971714844932,147.2661404375359,PA,PENNSYLVANIA,0.06307858,304289.2857325832
2046,39,0.0,0.0,RI,RHODE ISLAND,0.06307858,0.0
2046,40,2421.648546279206,60.44311505645034,SC,SOUTH CAROLINA,0.06307858,152754.1515583566
2046,41,3208550.861455324,15181.319755763603,SD,SOUTH DAKOTA,0.06307858,202390832.19837856
2046,42,27617.983537400654,592.6611233192323,TN,TENNESSEE,0.06307858,1742103.1840026102
2046,43,5823585.677166043,36175.84358581156,TX,TEXAS,0.06307858,367343515.0239724
2046,44,22060.28467766922,2292.947775627823,UT,UTAH,0.06307858,1391531.431863132
2046,45,0.0,0.0,VT,VERMONT,0.06307858,0.0
2046,46,4124.673618896504,82.1242173430527,VA,VIRGINIA,0.06307858,260178.55484345264
2046,47,1541272.038903182,16859.12011736253,WA,WASHINGTON,0.06307858,97221251.60771745
2046,48,14.643521863034763,4.829987559681226,WV,WEST VIRGINIA,0.06307858,923.6925653191872
2046,49,34111.32032106339,232.25521278326212,WI,WISCONSIN,0.06307858,2151693.6477778223
2046,50,380518.157112904,4654.473516666337,WY,WYOMING,0.06307858,24002545.01489888
2047,0,53810.76483606391,268.15183166541334,AL,ALABAMA,0.0622283599999999,3348555.6460939203
2047,2,4.447115807174148,17.01035195069607,AZ,ARIZONA,0.0622283599999999,276.73672341052304
2047,3,892039.0304997272,4227.291144405623,AR,ARKANSAS,0.0622283599999999,55510125.92398792
2047,4,37435.59157581042,1596.0865573567987,CA,CALIFORNIA,0.0622283599999999,2329555.4693924943
2047,5,595580.2678725881,14438.439224822972,CO,COLORADO,0.0622283599999999,37061983.31807179
2047,6,0.0,0.0,CT,CONNECTICUT,0.0622283599999999,0.0
2047,7,4082.176811743797,81.5402163434346,DE,DELAWARE,0.0622283599999999,254027.1682248448
2047,8,0.0,0.0,DC,DISTRICT OF COLUMBIA,0.0622283599999999,0.0
2047,9,4027.173306078819,20.3513895129421,FL,FLORIDA,0.0622283599999999,250604.39027306254
2047,10,185037.89815597117,1214.5141630747526,GA,GEORGIA,0.0622283599999999,11514604.94009309
2047,12,255092.3009201321,7529.009751948175,ID,IDAHO,0.0622283599999999,15873975.534886286
2047,13,446083.6647609616,2289.0148208585942,IL,ILLINOIS,0.0622283599999999,27759054.880864386
2047,14,93667.1864990974,576.4153726253973,IN,INDIANA,0.0622283599999999,5828755.401652963
2047,15,578.8366548748555,1.672920407387374,IA,IOWA,0.0622283599999999,36020.055740748205
2047,16,4913851.669417115,32027.95363979311,KS,KANSAS,0.0622283599999999,305780930.67108876
2047,17,84804.43004278619,1133.7850829768283,KY,KENTUCKY,0.0622283599999999,5277240.602297306
2047,18,122368.62999495758,771.2856109069735,LA,LOUISIANA,0.0622283599999999,7614799.160033006
2047,19,0.0,0.0,ME,MAINE,0.0622283599999999,0.0
2047,20,27379.2799608822,251.7465464642606,MD,MARYLAND,0.0622283599999999,1703767.6899465607
2047,21,0.0,0.0,MA,MASSACHUSETTS,0.0622283599999999,0.0
2047,22,15727.35564978008,190.3358605154751,MI,MICHIGAN,0.0622283599999999,978687.5492225471
2047,23,1031304.7165053572,6170.693880426149,MN,MINNESOTA,0.0622283599999999,64176401.1683932
2047,24,182293.68498221863,605.7017695576671,MS,MISSISSIPPI,0.0622283599999999,11343837.054800076
2047,25,158757.62930760445,1224.8155783700483,MO,MISSOURI,0.0622283599999999,9879226.909300145
2047,26,5232138.2701384565,39361.540267281496,MT,MONTANA,0.0622283599999999,325587383.8439526
2047,27,1546826.197762359,11103.536592489214,NE,NEBRASKA,0.0622283599999999,96256457.4917871
2047,28,10100.965716732557,1097.6401419639435,NV,NEVADA,0.0622283599999999,628566.5309684905
2047,29,0.0,0.0,NH,NEW HAMPSHIRE,0.0622283599999999,0.0
2047,30,1696.7691894121988,21.26180966155944,NJ,NEW JERSEY,0.0622283599999999,105587.16395565032
2047,31,58115.23888760776,944.1095395585578,NM,NEW MEXICO,0.0622283599999999,3616416.0069840495
2047,32,0.0,0.0,NY,NEW YORK,0.0622283599999999,0.0
2047,33,44194.45233530148,639.5983208096909,NC,NORTH CAROLINA,0.0622283599999999,2750148.2899239766
2047,34,3467151.2209489546,20105.125059348225,ND,NORTH DAKOTA,0.0622283599999999,215755134.35165074
2047,35,68874.76872565114,346.1901534023899,OH,OHIO,0.0622283599999999,4285963.903176554
2047,36,2754179.7948472835,15805.02623013487,OK,OKLAHOMA,0.0622283599999999,171388091.77848262
2047,37,3212677.085798003,14661.86775231034,OR,OREGON,0.0622283599999999,199919626.25878868
2047,38,907.686040881191,53.59439144690461,PA,PENNSYLVANIA,0.0622283599999999,56483.813718929385
2047,39,0.0,0.0,RI,RHODE ISLAND,0.0622283599999999,0.0
2047,40,62856.78601808348,684.861499422262,SC,SOUTH CAROLINA,0.0622283599999999,3911474.7087762593
2047,41,1632301.5507741873,12529.227151136118,SD,SOUTH DAKOTA,0.0622283599999999,101575448.53013425
2047,42,129771.24094044116,663.7013317289077,TN,TENNESSEE,0.0622283599999999,8075451.498888498
2047,43,2338535.8104419378,14224.298148903772,TX,TEXAS,0.0622283599999999,145523248.28507245
2047,44,25183.443886390927,2575.1798405517247,UT,UTAH,0.0622283599999999,1567124.4122021312
2047,45,0.0,0.0,VT,VERMONT,0.0622283599999999,0.0
2047,46,9727.981933323925,108.1965397279652,VA,VIRGINIA,0.0622283599999999,605356.3618203762
2047,47,1674496.9599732102,17742.583114001434,WA,WASHINGTON,0.0622283599999999,104201199.64411835
2047,48,52.41991259145733,1.886665168878104,WV,WEST VIRGINIA,0.0622283599999999,3262.0051919097345
2047,49,89687.10266137928,294.51455302386705,WI,WISCONSIN,0.0622283599999999,5581081.311769259
2047,50,334185.8442693497,4237.886715878534,WY,WYOMING,0.0622283599999999,20795837.024096996
2048,0,6606.559344287183,116.69163625039845,AL,ALABAMA,0.06137814,405498.3243519669
2048,2,2.273942512385809,8.686722104816674,AZ,ARIZONA,0.06137814,139.5703618771679
2048,3,764522.2928184795,4069.706018907484,AR,ARKANSAS,0.06137814,46924956.321733624
2048,4,31391.24507353553,1299.5117374685842,CA,CALIFORNIA,0.06137814,1926736.2348977742
2048,5,1294216.117692645,23055.92114509094,CO,COLORADO,0.06137814,79436578.06199563
2048,6,0.0,0.0,CT,CONNECTICUT,0.06137814,0.0
2048,7,355.7516106395544,25.311442879024977,DE,DELAWARE,0.06137814,21835.372163060063
2048,8,0.0,0.0,DC,DISTRICT OF COLUMBIA,0.06137814,0.0
2048,9,1445.2348602732127,11.416158441144676,FL,FLORIDA,0.06137814,88705.82758672968
2048,10,40753.79960887002,426.8316083966349,GA,GEORGIA,0.06137814,2501392.4179251688
2048,12,172447.37449136874,5250.787773789234,ID,IDAHO,0.06137814,10584499.094163658
2048,13,59323.47723882675,392.908116091192,IL,ILLINOIS,0.06137814,3641164.6912515215
2048,14,55015.84249880658,394.1005595571224,IN,INDIANA,0.06137814,3376770.0831097
2048,15,115.48924876406356,0.793417637227745,IA,IOWA,0.06137814,7088.51527913552
2048,16,10891015.550946048,48600.36745531454,KS,KANSAS,0.06137814,668470277.2281436
2048,17,20472.3244239195,375.0548800744288,KY,KENTUCKY,0.06137814,1256553.1946167506
2048,18,115867.60215952306,864.4470600080448,LA,LOUISIANA,0.06137814,7111737.906811508
2048,19,0.0,0.0,ME,MAINE,0.06137814,0.0
2048,20,5247.383506392434,182.7741051399395,MD,MARYLAND,0.06137814,322074.6394890457
2048,21,0.0,0.0,MA,MASSACHUSETTS,0.06137814,0.0
2048,22,2441.0020604754964,27.452980160638106,MI,MICHIGAN,0.06137814,149824.1662081535
2048,23,118640.16958025195,931.2133757061516,MN,MINNESOTA,0.06137814,7281912.938120445
2048,24,128590.40864973396,518.4734544307427,MS,MISSISSIPPI,0.06137814,7892640.104760582
2048,25,65047.22188559326,642.849771572702,MO,MISSOURI,0.06137814,3992477.491505007
2048,26,3555048.613814532,32151.56419864865,MT,MONTANA,0.06137814,218202271.52551425
2048,27,1750791.121565597,9751.837905447846,NE,NEBRASKA,0.06137814,107460302.57021022
2048,28,9257.02055027682,1004.1835744675044,NV,NEVADA,0.06137814,568178.7033177677
2048,29,0.0,0.0,NH,NEW HAMPSHIRE,0.06137814,0.0
2048,30,405.795374995496,7.073850447438299,NJ,NEW JERSEY,0.06137814,24906.965337826052
2048,31,119718.94339277588,1854.1129322887275,NM,NEW MEXICO,0.06137814,7348126.068213873
2048,32,0.0,0.0,NY,NEW YORK,0.06137814,0.0
2048,33,61820.6611897005,816.2147693608122,NC,NORTH CAROLINA,0.06137814,3794437.1973940036
2048,34,4644822.595866289,26582.22727985153,ND,NORTH DAKOTA,0.06137814,285090571.5642445
2048,35,13140.06616484138,104.03397510747293,OH,OHIO,0.06137814,806512.8206748973
2048,36,7446325.25077001,36501.09245805201,OK,OKLAHOMA,0.06137814,457041593.72729677
2048,37,2491430.573751736,11754.79384363116,OR,OREGON,0.06137814,152919374.5560144
2048,38,1073.796510577532,60.79099026062144,PA,PENNSYLVANIA,0.06137814,65907.63255773924
2048,39,0.0,0.0,RI,RHODE ISLAND,0.06137814,0.0
2048,40,31258.098322690046,346.0484165144189,SC,SOUTH CAROLINA,0.06137814,1918563.9349838349
2048,41,983869.5872580936,8733.617052649191,SD,SOUTH DAKOTA,0.06137814,60388085.26846948
2048,42,59828.488826697336,520.8527766295015,TN,TENNESSEE,0.06137814,3672161.3631934645
2048,43,5618729.429275555,33287.666052041524,TX,TEXAS,0.06137814,344867161.5321951
2048,44,23143.926691847748,2362.9143748273336,UT,UTAH,0.06137814,1420531.172641968
2048,45,0.0,0.0,VT,VERMONT,0.06137814,0.0
2048,46,2145.464441926249,55.88826173126079,VA,VIRGINIA,0.06137814,131684.61688157116
2048,47,1570067.6238111898,16652.743953958656,WA,WASHINGTON,0.06137814,96367830.42375055
2048,48,0.0,0.0,WV,WEST VIRGINIA,0.06137814,0.0
2048,49,4736.19326006729,35.32219307894566,WI,WISCONSIN,0.06137814,290698.7329834665
2048,50,320911.73681280186,3869.020748891472,WY,WYOMING,0.06137814,19696965.509739306
2049,0,312.92894888148504,16.04564499592342,AL,ALABAMA,0.06052792,18940.938383582616
2049,2,3.174982640219241,12.12879909363438,AZ,ARIZONA,0.06052792,192.175095248579
2049,3,62759.58975954836,741.3972940675369,AR,ARKANSAS,0.06052792,3798707.4281987622
2049,4,24380.94466644503,1065.6092176145387,CA,CALIFORNIA,0.06052792,1475727.8682950113
2049,5,1042739.088488046,18992.37703770432,CO,COLORADO,0.06052792,63114828.128877364
2049,6,0.0,0.0,CT,CONNECTICUT,0.06052792,0.0
2049,7,0.0,0.0,DE,DELAWARE,0.06052792,0.0
2049,8,0.0,0.0,DC,DISTRICT OF COLUMBIA,0.06052792,0.0
2049,9,0.0,0.0,FL,FLORIDA,0.06052792,0.0
2049,10,0.0,0.0,GA,GEORGIA,0.06052792,0.0
2049,12,79590.78494475616,3042.6364599835806,ID,IDAHO,0.06052792,4817464.663873405
2049,13,7860.577636837781,123.46787858609356,IL,ILLINOIS,0.06052792,475784.41435630625
2049,14,36693.80409800315,316.5843079487012,IN,INDIANA,0.06052792,2220999.638939607
2049,15,51.724736911348046,0.3529589615376652,IA,IOWA,0.06052792,3130.7907377911215
2049,16,9425161.93314466,50271.96357119642,KS,KANSAS,0.06052792,570485447.4764254
2049,17,15184.98520204095,382.0178960007678,KY,KENTUCKY,0.06052792,919115.5695103185
2049,18,42876.80269484487,530.6303463833615,LA,LOUISIANA,0.06052792,2595243.6833693543
2049,19,0.0,0.0,ME,MAINE,0.06052792,0.0
2049,20,0.0,0.0,MD,MARYLAND,0.06052792,0.0
2049,21,0.0,0.0,MA,MASSACHUSETTS,0.06052792,0.0
2049,22,1495.5953830602143,6.384754960077864,MI,MICHIGAN,0.06052792,90525.277698238
2049,23,25561.415807244237,480.66867686183326,MN,MINNESOTA,0.06052792,1547179.3310676145
2049,24,19589.473638633364,170.39412049886397,MS,MISSISSIPPI,0.06052792,1185710.093241309
2049,25,30719.89196762925,607.985697352736,MO,MISSOURI,0.06052792,1859411.1634253059
2049,26,4963868.934197629,40862.68773094064,MT,MONTANA,0.06052792,300452661.73959935
2049,27,611977.6871665643,5377.8415911646325,NE,NEBRASKA,0.06052792,37041736.49060283
2049,28,7350.665012595325,824.6335738032977,NV,NEVADA,0.06052792,444920.4638291688
2049,29,0.0,0.0,NH,NEW HAMPSHIRE,0.06052792,0.0
2049,30,4.446551534259438,0.5849126950606268,NJ,NEW JERSEY,0.06052792,269.1405155415325
2049,31,86778.0027755649,1492.0863321823808,NM,NEW MEXICO,0.06052792,5252492.009759171
2049,32,0.0,0.0,NY,NEW YORK,0.06052792,0.0
2049,33,2487.152148365756,47.553835042225565,NC,NORTH CAROLINA,0.06052792,150542.1462641106
2049,34,1467802.7458586632,9003.037607266275,ND,NORTH DAKOTA,0.06052792,88843047.1771135
2049,35,31519.41337427436,302.81522168430496,OH,OHIO,0.06052792,1907804.5311650087
2049,36,6141411.33293558,34150.07514441825,OK,OKLAHOMA,0.06052792,371726853.8470182
2049,37,2567318.159867397,12118.10163033636,OR,OREGON,0.06052792,155394428.195001
2049,38,27.648069385024005,1.605053052987981,PA,PENNSYLVANIA,0.06052792,1673.4801318911823
2049,39,0.0,0.0,RI,RHODE ISLAND,0.06052792,0.0
2049,40,12.606404693320272,0.7866632458908227,SC,SOUTH CAROLINA,0.06052792,763.0394547649139
2049,41,413763.3896263777,4640.254947309606,SD,SOUTH DAKOTA,0.06052792,25044237.346234217
2049,42,11125.703371075238,152.60052521642342,TN,TENNESSEE,0.06052792,673415.6835881724
2049,43,5283108.561420869,30879.25578586708,TX,TEXAS,0.06052792,319775572.35699743
2049,44,20912.064687433354,2136.0337465262246,UT,UTAH,0.06052792,1265763.7784357911
2049,45,0.0,0.0,VT,VERMONT,0.06052792,0.0
2049,46,16.051312427111604,0.714955981893625,VA,VIRGINIA,0.06052792,971.552554483217
2049,47,1730112.7087649603,18214.481465840763,WA,WASHINGTON,0.06052792,104720123.62710881
2049,48,0.0,0.0,WV,WEST VIRGINIA,0.06052792,0.0
2049,49,1144.9863119397642,8.335663498258633,WI,WISCONSIN,0.06052792,69303.63989018508
2049,50,136180.800423989,2200.9779401503256,WY,WYOMING,0.06052792,8242740.593599174
2050,0,2003.050043624076,69.96415242297789,AL,ALABAMA,0.0596777,119537.41958838451
2050,2,2.501672346819097,9.556676281724314,AZ,ARIZONA,0.0596777,149.29405181176602
2050,3,284076.8971165547,2249.42767153727,AR,ARKANSAS,0.0596777,16953055.84305262
2050,4,14844.073168865569,618.083923877686,CA,CALIFORNIA,0.0596777,885860.1453496087
2050,5,734669.9319573343,15185.004666143846,CO,COLORADO,0.0596777,43843411.798370205
2050,6,0.0,0.0,CT,CONNECTICUT,0.0596777,0.0
2050,7,2751.322441692606,81.118803173612,DE,DELAWARE,0.0596777,164192.59527859883
2050,8,0.0,0.0,DC,DISTRICT OF COLUMBIA,0.0596777,0.0
2050,9,0.0,0.0,FL,FLORIDA,0.0596777,0.0
2050,10,0.0,0.0,GA,GEORGIA,0.0596777,0.0
2050,12,151102.367664492,4670.733624317327,ID,IDAHO,0.0596777,9017441.766771253
2050,13,18797.13015540665,312.9509102942324,IL,ILLINOIS,0.0596777,1121769.4942753115
2050,14,44598.71955518756,436.10396377298855,IN,INDIANA,0.0596777,2661549.0059986166
2050,15,0.0,0.0,IA,IOWA,0.0596777,0.0
2050,16,9574708.049157497,50813.69980371602,KS,KANSAS,0.0596777,571396554.5452064
2050,17,31976.0671115468,888.0464546012793,KY,KENTUCKY,0.0596777,1908258.1402627565
2050,18,154060.06783043404,887.3781165654603,LA,LOUISIANA,0.0596777,9193950.509964295
2050,19,0.0,0.0,ME,MAINE,0.0596777,0.0
2050,20,4883.440805007165,111.4312861016676,MD,MARYLAND,0.0596777,291432.5153289761
2050,21,0.0,0.0,MA,MASSACHUSETTS,0.0596777,0.0
2050,22,5769.934925440264,152.67745860376064,MI,MICHIGAN,0.0596777,344336.4454999464
2050,23,174410.2019826921,1219.8142600193385,MN,MINNESOTA,0.0596777,10408399.710862504
2050,24,45656.32335286415,373.9142608784795,MS,MISSISSIPPI,0.0596777,2724664.368155221
2050,25,12586.142467984497,216.4745897976796,MO,MISSOURI,0.0596777,751112.0343616385
2050,26,1806658.312721685,15589.856464267768,MT,MONTANA,0.0596777,107817212.7891109
2050,27,579247.7329469967,5448.605613113352,NE,NEBRASKA,0.0596777,34568172.43249098
2050,28,8763.279377147193,950.62349286217,NV,NEVADA,0.0596777,522972.3576855771
2050,29,0.0,0.0,NH,NEW HAMPSHIRE,0.0596777,0.0
2050,30,3593.0124398111016,103.70344017449833,NJ,NEW JERSEY,0.0596777,214422.718479315
2050,31,59552.92296848132,1028.3292345890936,NM,NEW MEXICO,0.0596777,3553981.4710361375
2050,32,0.0,0.0,NY,NEW YORK,0.0596777,0.0
2050,33,51388.61996410124,691.5230143321943,NC,NORTH CAROLINA,0.0596777,3066754.6456316444
2050,34,381200.6363633483,5751.92195719275,ND,NORTH DAKOTA,0.0596777,22749177.21670099
2050,35,87003.48911579885,562.5937802367711,OH,OHIO,0.0596777,5192168.122405909
2050,36,4671794.781078298,27904.189677308525,OK,OKLAHOMA,0.0596777,278801967.40675634
2050,37,2153209.1351322527,10440.18259984543,OR,OREGON,0.0596777,128498568.80368204
2050,38,1003.7734728880472,59.41428388744828,PA,PENNSYLVANIA,0.0596777,59902.892182971016
2050,39,0.0,0.0,RI,RHODE ISLAND,0.0596777,0.0
2050,40,18904.85248072984,250.98239595175767,SC,SOUTH CAROLINA,0.0596777,1128198.1148892513
2050,41,59362.22297057733,1343.405290567326,SD,SOUTH DAKOTA,0.0596777,3542600.933771223
2050,42,20890.73504546264,347.56147792227245,TN,TENNESSEE,0.0596777,1246711.0188226057
2050,43,1835506.8360012083,13433.30789782711,TX,TEXAS,0.0596777,109538826.3068293
2050,44,23558.19784818507,2433.956672887572,UT,UTAH,0.0596777,1405899.0637246342
2050,45,0.0,0.0,VT,VERMONT,0.0596777,0.0
2050,46,2288.612802384133,44.94508564791014,VA,VIRGINIA,0.0596777,136579.14823683957
2050,47,1096361.2242050078,11314.551735870353,WA,WASHINGTON,0.0596777,65428316.2297392
2050,48,0.0,0.0,WV,WEST VIRGINIA,0.0596777,0.0
2050,49,2869.534401978692,19.058849741128267,WI,WISCONSIN,0.0596777,171247.2131809638
2050,50,60069.45604047944,899.9768990856375,WY,WYOMING,0.0596777,3584806.9767469196
2051,0,23785.00170962521,140.1686974375657,AL,ALABAMA,0.05981202,1422628.9979561372
2051,2,3.868172634895527,14.776864652369404,AZ,ARIZONA,0.05981202,231.36321900182398
2051,3,378771.6725550229,3033.829385666113,AR,ARKANSAS,0.05981202,22655098.85429448
2051,4,7643.960563387905,316.5614530467648,CA,CALIFORNIA,0.05981202,457200.7220965686
2051,5,500653.08692334377,10644.13206837071,CO,COLORADO,0.05981202,29945072.448120777
2051,6,0.0,0.0,CT,CONNECTICUT,0.05981202,0.0
2051,7,7441.419355808314,127.98551991761578,DE,DELAWARE,0.05981202,445086.323337994
2051,8,0.0,0.0,DC,DISTRICT OF COLUMBIA,0.05981202,0.0
2051,9,2146.1561156046364,11.046106588554489,FL,FLORIDA,0.05981202,128365.93250966682
2051,10,145149.91995501754,1196.0961675759538,GA,GEORGIA,0.05981202,8681709.915347908
2051,12,86504.61756052142,2877.0374899943763,ID,IDAHO,0.05981202,5174015.915622259
2051,13,26255.277338981545,234.02640832550372,IL,ILLINOIS,0.05981202,1570381.173304711
2051,14,27404.89832586673,176.0711335467036,IN,INDIANA,0.05981202,1639142.3267647072
2051,15,3.607508654999685,0.2500125788965798,IA,IOWA,0.05981202,215.77237982301426
2051,16,15224682.54824218,61364.5320459412,KS,KANSAS,0.05981202,910619017.0691122
2051,17,5054.552463758692,186.01589285667708,KY,KENTUCKY,0.05981202,302322.9930533842
2051,18,298077.4566988193,1043.0709069836375,LA,LOUISIANA,0.05981202,17828614.80161891
2051,19,0.0,0.0,ME,MAINE,0.05981202,0.0
2051,20,7710.543255359539,92.38649632069816,MD,MARYLAND,0.05981202,461183.16740042984
2051,21,0.0,0.0,MA,MASSACHUSETTS,0.05981202,0.0
2051,22,1746.1998122975915,27.37909003072272,MI,MICHIGAN,0.05981202,104443.7380971398
2051,23,0.0,0.0,MN,MINNESOTA,0.05981202,0.0
2051,24,169458.19777703873,599.3228120113397,MS,MISSISSIPPI,0.05981202,10135637.114604196
2051,25,40744.55740582877,690.4383120086561,MO,MISSOURI,0.05981202,2437014.282448578
2051,26,936055.974342462,6404.016257408452,MT,MONTANA,0.05981202,55987398.65849083
2051,27,974944.2723276272,7954.406106281617,NE,NEBRASKA,0.05981202,58313386.31534548
2051,28,6279.633714375818,682.0780827442439,NV,NEVADA,0.05981202,375597.57731692074
2051,29,0.0,0.0,NH,NEW HAMPSHIRE,0.05981202,0.0
2051,30,55.4816640775578,8.192001167755837,NJ,NEW JERSEY,0.05981202,3318.470401440169
2051,31,131751.82308420967,2017.9467357925143,NM,NEW MEXICO,0.05981202,7880342.677349211
2051,32,0.0,0.0,NY,NEW YORK,0.05981202,0.0
2051,33,179594.83429783687,1421.5035528491317,NC,NORTH CAROLINA,0.05981202,10741929.820918905
2051,34,0.0,0.0,ND,NORTH DAKOTA,0.05981202,0.0
2051,35,49561.543067334,297.3438758022741,OH,OHIO,0.05981202,2964376.005174243
2051,36,9090520.032096358,38923.754742473946,OK,OKLAHOMA,0.05981202,543722365.970148
2051,37,1882727.441702324,9377.355456108768,OR,OREGON,0.05981202,112609731.39764823
2051,38,96.76001911148424,11.474827165835793,PA,PENNSYLVANIA,0.05981202,5787.412198296478
2051,39,0.0,0.0,RI,RHODE ISLAND,0.05981202,0.0
2051,40,75407.17649525,793.8132601856844,SC,SOUTH CAROLINA,0.05981202,4510255.548677423
2051,41,100631.40569456803,1222.569388933384,SD,SOUTH DAKOTA,0.05981202,6018967.650031618
2051,42,31678.67807406679,428.6651516435869,TN,TENNESSEE,0.05981202,1894765.7265396442
2051,43,5928915.8923952365,33430.209170688075,TX,TEXAS,0.05981202,354620435.93426174
2051,44,14452.192350845864,1474.955085878241,UT,UTAH,0.05981202,864414.8179326399
2051,45,0.0,0.0,VT,VERMONT,0.05981202,0.0
2051,46,24615.494476688877,177.6124867786285,VA,VIRGINIA,0.05981202,1472302.4479496046
2051,47,909293.164583404,8924.365287628298,WA,WASHINGTON,0.05981202,54386660.94592585
2051,48,0.0,0.0,WV,WEST VIRGINIA,0.05981202,0.0
2051,49,5401.435810599212,46.563708376298784,WI,WISCONSIN,0.05981202,323070.7867322763
2051,50,76412.72006233639,1173.935757159123,WY,WYOMING,0.05981202,4570399.140622865
2052,0,3809.2202180987374,80.58910168144932,AL,ALABAMA,0.05994634,228348.81032902107
2052,2,4.891166392393255,18.68481854211895,AZ,ARIZONA,0.05994634,293.20752355497945
2052,3,1039842.7181388933,4251.643683843529,AR,ARKANSAS,0.05994634,62334765.12807826
2052,4,22655.410570500702,981.2716599947584,CA,CALIFORNIA,0.05994634,1358108.944898829
2052,5,1528393.4862348677,26245.16396169405,CO,COLORADO,0.05994634,91621595.5796207
2052,6,0.0,0.0,CT,CONNECTICUT,0.05994634,0.0
2052,7,17.793059338395985,1.4692208913139089,DE,DELAWARE,0.05994634,1066.628784739661
2052,8,0.0,0.0,DC,DISTRICT OF COLUMBIA,0.05994634,0.0
2052,9,9.70533593845295,1.3608164833382972,FL,FLORIDA,0.05994634,581.7993679807197
2052,10,23012.600865629825,445.3238066037972,GA,GEORGIA,0.05994634,1379521.1957753398
2052,12,211778.9657772056,6360.658967552943,ID,IDAHO,0.05994634,12695373.88732873
2052,13,672697.677567632,2073.659489066019,IL,ILLINOIS,0.05994634,40325763.696679644
2052,14,102897.21766281548,581.3070915839785,IN,INDIANA,0.05994634,6168311.595069142
2052,15,188.82457584135625,0.5288932057410531,IA,IOWA,0.05994634,11319.342223741727
2052,16,16421923.815026946,64238.21850519882,KS,KANSAS,0.05994634,984434228.4697025
2052,17,67245.02277663456,969.8324622210164,KY,KENTUCKY,0.05994634,4031092.9986758796
2052,18,149268.09749928888,835.5549753135283,LA,LOUISIANA,0.05994634,8948076.123845521
2052,19,0.0,0.0,ME,MAINE,0.05994634,0.0
2052,20,2017.5653068411889,97.0073885551129,MD,MARYLAND,0.05994634,120945.65585610623
2052,21,0.0,0.0,MA,MASSACHUSETTS,0.05994634,0.0
2052,22,16708.9957809467,179.08518973633775,MI,MICHIGAN,0.05994634,1001643.1421431965
2052,23,842932.0218306696,4143.646870545319,MN,MINNESOTA,0.05994634,50530689.57754874
2052,24,147664.07789123096,583.6334269536422,MS,MISSISSIPPI,0.05994634,8851921.019054215
2052,25,284185.40408614697,1606.0547248990033,MO,MISSOURI,0.05994634,17035874.856385555
2052,26,6551251.617550312,45524.68072566624,MT,MONTANA,0.05994634,392723556.891221
2052,27,2670397.9441972133,13885.445711125783,NE,NEBRASKA,0.05994634,160080583.09814718
2052,28,10975.83915318808,1190.6491081916197,NV,NEVADA,0.05994634,657961.3856623248
2052,29,0.0,0.0,NH,NEW HAMPSHIRE,0.05994634,0.0
2052,30,135.6053225677164,2.5181437389433987,NJ,NEW JERSEY,0.05994634,8129.0427724539995
2052,31,129610.95525637524,2048.358710369522,NM,NEW MEXICO,0.05994634,7769702.391523457
2052,32,0.0,0.0,NY,NEW YORK,0.05994634,0.0
2052,33,1320.6962947638954,113.28853059682535,NC,NORTH CAROLINA,0.05994634,79170.9091226567
2052,34,6064974.961329858,29856.41049041467,ND,NORTH DAKOTA,0.05994634,363573051.12336653
2052,35,66913.32058455859,380.59851954908834,OH,OHIO,0.05994634,4011208.666290948
2052,36,6052257.429723416,34624.91761458876,OK,OKLAHOMA,0.05994634,362810681.64972603
2052,37,2412120.8873071643,11275.388035198604,OR,OREGON,0.05994634,144597818.83161694
2052,38,117.39251385670688,13.858588917607436,PA,PENNSYLVANIA,0.05994634,7037.251549108862
2052,39,0.0,0.0,RI,RHODE ISLAND,0.05994634,0.0
2052,40,499.4201473804686,74.87570195855045,SC,SOUTH CAROLINA,0.05994634,29938.40995771968
2052,41,2716637.212362306,13576.90594867774,SD,SOUTH DAKOTA,0.05994634,162852457.988923
2052,42,110725.19876242468,661.3798159529575,TN,TENNESSEE,0.05994634,6637570.411579889
2052,43,4697473.26112893,28349.18981961817,TX,TEXAS,0.05994634,281596329.2525436
2052,44,28986.576490051088,2965.2214971227245,UT,UTAH,0.05994634,1737639.169708609
2052,45,0.0,0.0,VT,VERMONT,0.05994634,0.0
2052,46,33.81141752246179,3.006789850423227,VA,VIRGINIA,0.05994634,2026.870730683452
2052,47,1196132.8849984952,13272.330714723854,WA,WASHINGTON,0.05994634,71703788.6093007
2052,48,0.0,0.0,WV,WEST VIRGINIA,0.05994634,0.0
2052,49,61728.36301320289,279.2161804691989,WI,WISCONSIN,0.05994634,3700389.436832885
2052,50,392627.82972281135,5296.929901922458,WY,WYOMING,0.05994634,23536601.374025755
2053,0,131.97231150283855,3.064766274681046,AL,ALABAMA,0.06008066,7928.983576816131
2053,2,3.988535312944888,15.245457440391842,AZ,ARIZONA,0.06008066,239.63383403503542
2053,3,120075.85237808108,1114.8140872634913,AR,ARKANSAS,0.06008066,7214236.460937681
2053,4,25206.980429929223,1077.5594506573611,CA,CALIFORNIA,0.06008066,1514452.0208372315
2053,5,1692406.9147219744,27280.62968764102,CO,COLORADO,0.06008066,101680924.42505994
2053,6,0.0,0.0,CT,CONNECTICUT,0.06008066,0.0
2053,7,2193.155106610206,51.63697469274671,DE,DELAWARE,0.06008066,131766.20628751154
2053,8,0.0,0.0,DC,DISTRICT OF COLUMBIA,0.06008066,0.0
2053,9,0.0,0.0,FL,FLORIDA,0.06008066,0.0
2053,10,0.0,0.0,GA,GEORGIA,0.06008066,0.0
2053,12,232488.19103410316,6979.821079472476,ID,IDAHO,0.06008066,13968043.959535
2053,13,64228.92453281752,931.5559331712948,IL,ILLINOIS,0.06008066,3858916.1770218685
2053,14,47326.02602350203,290.01210439196285,IN,INDIANA,0.06008066,2843378.8786691776
2053,15,0.0,0.0,IA,IOWA,0.06008066,0.0
2053,16,15343897.24180872,61613.4084275582,KS,KANSAS,0.06008066,921871473.2600474
2053,17,32788.60283971662,770.1816298138926,KY,KENTUCKY,0.06008066,1969960.899088049
2053,18,28020.014311170304,229.95115472419897,LA,LOUISIANA,0.06008066,1683460.953024557
2053,19,0.0,0.0,ME,MAINE,0.06008066,0.0
2053,20,2489.2307482743904,70.55564198847206,MD,MARYLAND,0.06008066,149554.62624861926
2053,21,0.0,0.0,MA,MASSACHUSETTS,0.06008066,0.0
2053,22,6687.976950142941,80.85767072974224,MI,MICHIGAN,0.06008066,401818.069229375
2053,23,436565.1336113663,2196.045069802548,MN,MINNESOTA,0.06008066,26229121.360359073
2053,24,7739.752684895364,108.67062335759104,MS,MISSISSIPPI,0.06008066,465009.4495452855
2053,25,16240.013228258267,319.6368868899948,MO,MISSOURI,0.06008066,975710.7131624874
2053,26,4067035.2307124073,37975.00156108052,MT,MONTANA,0.06008066,244350160.9044537
2053,27,2579621.005746177,13376.68550868186,NE,NEBRASKA,0.06008066,154985332.5750941
2053,28,11398.039077956675,1236.437097774463,NV,NEVADA,0.06008066,684801.7105094285
2053,29,0.0,0.0,NH,NEW HAMPSHIRE,0.06008066,0.0
2053,30,294.7768860146165,17.70101806019141,NJ,NEW JERSEY,0.06008066,17710.389864502926
2053,31,140943.62578473255,2234.3192670079984,NM,NEW MEXICO,0.06008066,8467986.05993975
2053,32,81.86941002191355,7.311137651977504,NY,NEW YORK,0.06008066,4918.768187927181
2053,33,2395.6786359408625,114.2952002621006,NC,NORTH CAROLINA,0.06008066,143933.95359522675
2053,34,2308604.6132299234,12445.562954543282,ND,NORTH DAKOTA,0.06008066,138702488.84189853
2053,35,35150.95761057857,261.20913084490587,OH,OHIO,0.06008066,2111892.732875583
2053,36,9459637.988092571,39075.33095117331,OK,OKLAHOMA,0.06008066,568341293.6856738
2053,37,2995960.0871633645,13785.770280807994,OR,OREGON,0.06008066,179999259.37043247
2053,38,1642.5536882172255,76.22422619703703,PA,PENNSYLVANIA,0.06008066,98685.70967352513
2053,39,0.0,0.0,RI,RHODE ISLAND,0.06008066,0.0
2053,40,439.0789199851088,14.440115484710546,SC,SOUTH CAROLINA,0.06008066,26380.15130479253
2053,41,3101900.243950784,17260.183139322748,SD,SOUTH DAKOTA,0.06008066,186364213.91072413
2053,42,16961.334422275522,225.60340298765888,TN,TENNESSEE,0.06008066,1019048.166571032
2053,43,6052970.155951458,33423.08675669903,TX,TEXAS,0.06008066,363666441.92986655
2053,44,29062.969083691904,2968.4836303090947,UT,UTAH,0.06008066,1746122.3641078048
2053,45,0.0,0.0,VT,VERMONT,0.06008066,0.0
2053,46,15.399336079756711,1.3811398103760408,VA,VIRGINIA,0.06008066,925.2022752335959
2053,47,1179896.817416434,14901.161805469648,WA,WASHINGTON,0.06008066,70888979.52227886
2053,48,0.0,0.0,WV,WEST VIRGINIA,0.06008066,0.0
2053,49,1405.5086305914017,5.230854536520571,WI,WISCONSIN,0.06008066,84443.8861616276
2053,50,425710.986448892,5133.966002562848,WY,WYOMING,0.06008066,25576997.035100486
2054,0,1503.955850815854,44.223329722909725,AL,ALABAMA,0.06021498,90560.67147775964
2054,2,4.739513198146026,18.105485886364484,AZ,ARIZONA,0.06021498,285.38969243609904
2054,3,70032.25467953857,1060.367371985505,AR,ARKANSAS,0.06021498,4216990.8148833215
2054,4,18686.29269700646,780.2586621616292,CA,CALIFORNIA,0.06021498,1125194.7410243899
2054,5,1185658.1711486378,23083.236953361524,CO,COLORADO,0.06021498,71394383.0625518
2054,6,0.0,0.0,CT,CONNECTICUT,0.06021498,0.0
2054,7,549.2456940577214,11.789580367740006,DE,DELAWARE,0.06021498,33072.818482771814
2054,8,0.0,0.0,DC,DISTRICT OF COLUMBIA,0.06021498,0.0
2054,9,0.0,0.0,FL,FLORIDA,0.06021498,0.0
2054,10,0.0,0.0,GA,GEORGIA,0.06021498,0.0
2054,12,218967.59822533483,6864.010590235963,ID,IDAHO,0.06021498,13185129.547786573
2054,13,143050.9298580765,1319.9111209549835,IL,ILLINOIS,0.06021498,8613808.88038548
2054,14,43251.02766397763,304.08929351828647,IN,INDIANA,0.06021498,2604359.7657658597
2054,15,93.3508330600654,0.6316729511111139,IA,IOWA,0.06021498,5621.118545695177
2054,16,9316570.017270878,50782.58322374329,KS,KANSAS,0.06021498,560997077.2585655
2054,17,5571.862206652903,211.7466144075289,KY,KENTUCKY,0.06021498,335509.5713363604
2054,18,21164.832593774736,295.79783530147023,LA,LOUISIANA,0.06021498,1274439.971337494
2054,19,0.0,0.0,ME,MAINE,0.06021498,0.0
2054,20,2207.644199131577,34.860517997286415,MD,MARYLAND,0.06021498,132933.2512978239
2054,21,0.0,0.0,MA,MASSACHUSETTS,0.06021498,0.0
2054,22,0.0,0.0,MI,MICHIGAN,0.06021498,0.0
2054,23,9141.400622507925,144.48432773971277,MN,MINNESOTA,0.06021498,550449.2556563022
2054,24,58088.17379961563,433.6105934500874,MS,MISSISSIPPI,0.06021498,3497778.223580379
2054,25,122582.18932318594,1253.2884414239084,MO,MISSOURI,0.06021498,7381284.078451856
2054,26,6542189.214925295,46712.78539226232,MT,MONTANA,0.06021498,393937792.73294234
2054,27,968199.2724928958,9206.970763149631,NE,NEBRASKA,0.06021498,58300099.82917427
2054,28,11996.54406728242,1301.3617542828458,NV,NEVADA,0.06021498,722371.6610805297
2054,29,0.0,0.0,NH,NEW HAMPSHIRE,0.06021498,0.0
2054,30,347.1710085415966,2.8032311182248746,NJ,NEW JERSEY,0.06021498,20904.89533591207
2054,31,44347.49846285887,1172.5470206631426,NM,NEW MEXICO,0.06021498,2670383.7329910775
2054,32,0.0,0.0,NY,NEW YORK,0.06021498,0.0
2054,33,35156.712941625854,260.3472225974052,NC,NORTH CAROLINA,0.06021498,2116960.766645742
2054,34,855320.0975683717,5873.847820344788,ND,NORTH DAKOTA,0.06021498,51503082.56867755
2054,35,7661.154145272709,118.76961703107013,OH,OHIO,0.06021498,461316.24363451323
2054,36,6227200.309090897,35565.6176783276,OK,OKLAHOMA,0.06021498,374970742.0679022
2054,37,3039390.56056714,14096.936903231615,OR,OREGON,0.06021498,183016841.81673914
2054,38,59.007579240677615,3.9218852255159926,PA,PENNSYLVANIA,0.06021498,3553.140203825818
2054,39,0.0,0.0,RI,RHODE ISLAND,0.06021498,0.0
2054,40,0.0,0.0,SC,SOUTH CAROLINA,0.06021498,0.0
2054,41,653714.8765260992,7104.362077865415,SD,SOUTH DAKOTA,0.06021498,39363428.21572153
2054,42,12075.778288809786,178.46394632034946,TN,TENNESSEE,0.06021498,727142.7481451154
2054,43,2016082.1580996008,15746.437212686378,TX,TEXAS,0.06021498,121398346.8283243
2054,44,31138.346862013223,3177.908432153663,UT,UTAH,0.06021498,1874994.9335291889
2054,45,0.0,0.0,VT,VERMONT,0.06021498,0.0
2054,46,2926.018755161659,73.72757847118251,VA,VIRGINIA,0.06021498,176190.16082168423
2054,47,1748937.088829772,19027.86842478842,WA,WASHINGTON,0.06021498,105312211.82514295
2054,48,0.0,0.0,WV,WEST VIRGINIA,0.06021498,0.0
2054,49,1581.4207543976572,5.3116826393784455,WI,WISCONSIN,0.06021498,95225.21909763984
2054,50,136056.32565642905,2534.9926655457657,WY,WYOMING,0.06021498,8192628.928275363
2055,0,1164.2613461795231,28.891406327986296,AL,ALABAMA,0.0603493,70262.35725899189
2055,2,2.915077899844859,11.135933073029491,AZ,ARIZONA,0.0603493,175.92291070110736
2055,3,3101.2834129701137,100.50665638491024,AR,ARKANSAS,0.0603493,187160.28307435728
2055,4,17501.30980920974,743.5678999830502,CA,CALIFORNIA,0.0603493,1056191.7960689412
2055,5,442451.0275180516,9193.7091689705,CO,COLORADO,0.0603493,26701609.794995155
2055,6,0.0,0.0,CT,CONNECTICUT,0.0603493,0.0
2055,7,587.5158905036469,29.24253252710472,DE,DELAWARE,0.0603493,35456.17273077174
2055,8,0.0,0.0,DC,DISTRICT OF COLUMBIA,0.0603493,0.0
2055,9,0.0,0.0,FL,FLORIDA,0.0603493,0.0
2055,10,642.7382351349715,19.55135285385294,GA,GEORGIA,0.0603493,38788.80257363094
2055,12,205370.13520921013,6704.836297500307,ID,IDAHO,0.0603493,12393943.900781184
2055,13,91126.51981326344,1121.008004102761,IL,ILLINOIS,0.0603493,5499421.68216658
2055,14,49652.61269839829,330.04146829628564,IN,INDIANA,0.0603493,2996500.419519448
2055,15,88.26639327492956,0.690414921299153,IA,IOWA,0.0603493,5326.815047666706
2055,16,5734846.548215183,30997.662855941595,KS,KANSAS,0.0603493,346093974.7922026
2055,17,13317.377659690506,389.6456094781457,KY,KENTUCKY,0.0603493,803694.4195979603
2055,18,0.0,0.0,LA,LOUISIANA,0.0603493,0.0
2055,19,0.0,0.0,ME,MAINE,0.0603493,0.0
2055,20,3864.451102425905,75.94621856485136,MD,MARYLAND,0.0603493,233216.91891563166
2055,21,0.0,0.0,MA,MASSACHUSETTS,0.0603493,0.0
2055,22,2427.462161640061,62.28814533262721,MI,MICHIGAN,0.0603493,146495.64223146453
2055,23,114958.3444940118,1217.696620666375,MN,MINNESOTA,0.0603493,6937655.619372467
2055,24,8282.222701908166,87.19057669798983,MS,MISSISSIPPI,0.0603493,499826.3425042665
2055,25,30242.523894434144,430.7253748582711,MO,MISSOURI,0.0603493,1825115.1472623744
2055,26,4054908.579326551,36510.20605198684,MT,MONTANA,0.0603493,244710894.32635182
2055,27,626025.3817911103,5330.310072105685,NE,NEBRASKA,0.0603493,37780193.57332625
2055,28,11644.53111116789,1265.0667885372552,NV,NEVADA,0.0603493,702739.3013872043
2055,29,0.0,0.0,NH,NEW HAMPSHIRE,0.0603493,0.0
2055,30,991.9049633939278,16.8584292452331,NJ,NEW JERSEY,0.0603493,59860.77020734917
2055,31,16505.512104882444,473.89603831188936,NM,NEW MEXICO,0.0603493,996096.1016711821
2055,32,126.22112787608444,7.310406369241088,NY,NEW YORK,0.0603493,7617.356712532183
2055,33,1335.6352753354504,48.58999445718277,NC,NORTH CAROLINA,0.0603493,80604.6539218017
2055,34,2104021.147952333,12869.47630924954,ND,NORTH DAKOTA,0.0603493,126976203.46411973
2055,35,68477.01597207799,777.9526657585463,OH,OHIO,0.0603493,4132539.9800037267
2055,36,604432.0886557632,3245.969833176954,OK,OKLAHOMA,0.0603493,36477053.447913244
2055,37,3037331.6519336584,14116.690079121929,OR,OREGON,0.0603493,183300839.06203994
2055,38,4887.7217421421,172.8187749552985,PA,PENNSYLVANIA,0.0603493,294970.58573305624
2055,39,0.0,0.0,RI,RHODE ISLAND,0.0603493,0.0
2055,40,1984.182374892628,24.40159396654916,SC,SOUTH CAROLINA,0.0603493,119744.01739710769
2055,41,367415.63935317023,6293.461769805941,SD,SOUTH DAKOTA,0.0603493,22173276.644016277
2055,42,22674.399221221312,467.0296382705109,TN,TENNESSEE,0.0603493,1368384.1209212514
2055,43,333200.03492596693,2917.7396227588683,TX,TEXAS,0.0603493,20108388.867757656
2055,44,27040.32839941855,2822.4569637124096,UT,UTAH,0.0603493,1631864.89067503
2055,45,0.0,0.0,VT,VERMONT,0.0603493,0.0
2055,46,375.98100564576526,38.76651063767682,VA,VIRGINIA,0.0603493,22690.190504017984
2055,47,2084980.3816501896,21194.371615850207,WA,WASHINGTON,0.0603493,125827106.5463218
2055,48,86.80123596727005,1.6369243026787983,WV,WEST VIRGINIA,0.0603493,5238.39382975957
2055,49,8714.730764581112,44.46913866097916,WI,WISCONSIN,0.0603493,525927.901330935
2055,50,61829.85507773126,836.7614837063911,WY,WYOMING,0.0603493,3731388.4730425277
