Year,state_id,Production_Loss(ton),Area_Loss(km^2),State_Code,State_Name,Price,Financial_Loss($)
2021,0,14775.144869015614,203.39583035430388,AL,ALABAMA,0.07912344,1169060.2885348648
2021,2,0.8331316372780952,19.91503044232893,AZ,ARIZONA,0.07912344,65.92024111427513
2021,3,80328.19037823862,1299.3368215822368,AR,ARKANSAS,0.07912344,6355842.751701141
2021,4,5392.470654308956,274.17630142441664,CA,CALIFORNIA,0.07912344,426670.8282679754
2021,5,978590.0280156384,17615.884659992822,CO,COLORADO,0.07912344,77429409.36629368
2021,6,0.0,0.0,CT,CONNECTICUT,0.07912344,0.0
2021,7,8191.922320469033,142.7407365763496,DE,DELAWARE,0.07912344,648173.0742082923
2021,8,0.0,0.0,DC,DISTRICT OF COLUMBIA,0.07912344,0.0
2021,9,1713.3210705325694,13.435377745355096,FL,FLORIDA,0.07912344,135563.85692501953
2021,10,48538.09453931909,722.6475912543677,GA,GEORGIA,0.07912344,3840501.010996142
2021,12,144844.0175852437,3487.248305531774,ID,IDAHO,0.07912344,11460556.934764976
2021,13,132462.20012121287,1995.219074093376,IL,ILLINOIS,0.07912344,10480864.94355878
2021,14,65464.10219147135,1140.4483014423204,IN,INDIANA,0.07912344,5179744.961900752
2021,15,1982.444053237948,8.529408687826592,IA,IOWA,0.07912344,156857.7930997296
2021,16,12644298.336612716,58345.38338706072,KS,KANSAS,0.07912344,1000460380.7790761
2021,17,34099.67231112495,1092.903154162389,KY,KENTUCKY,0.07912344,2698083.3761289567
2021,18,5215.351168760639,126.2104052104198,LA,LOUISIANA,0.07912344,412656.5252803623
2021,19,0.0,0.0,ME,MAINE,0.07912344,0.0
2021,20,16289.408522568863,304.1227337781372,MD,MARYLAND,0.07912344,1288874.0378709661
2021,21,0.0,0.0,MA,MASSACHUSETTS,0.07912344,0.0
2021,22,62424.87010828012,217.3442907814756,MI,MICHIGAN,0.07912344,4939270.464520296
2021,23,1414157.5230941006,5276.325315556525,MN,MINNESOTA,0.07912344,111893007.9290847
2021,24,11689.843102002014,135.97651612528438,MS,MISSISSIPPI,0.07912344,924940.5992906702
2021,25,171123.23226244713,2122.350157078954,MO,MISSOURI,0.07912344,13539858.800523799
2021,26,5750669.439782713,39310.87260815207,MT,MONTANA,0.07912344,455012748.3784811
2021,27,2561699.688497255,10356.870400839838,NE,NEBRASKA,0.07912344,202690491.60083127
2021,28,10232.434158899649,1253.5584241925292,NV,NEVADA,0.07912344,809625.3902256468
2021,29,0.0,0.0,NH,NEW HAMPSHIRE,0.07912344,0.0
2021,30,4082.142640180525,96.30598430114908,NJ,NEW JERSEY,0.07912344,322993.1682617654
2021,31,99997.65991047915,1756.8186097896587,NM,NEW MEXICO,0.07912344,7912158.844067204
2021,32,222.66887321578983,1.7655857187487016,NY,NEW YORK,0.07912344,17618.327229757153
2021,33,83969.73288426569,1428.0241844712446,NC,NORTH CAROLINA,0.07912344,6643974.121684223
2021,34,11416031.036711872,42957.689584088446,ND,NORTH DAKOTA,0.07912344,903275646.7714096
2021,35,197501.85923373044,2308.055160876822,OH,OHIO,0.07912344,15627026.508968517
2021,36,5190197.905630274,30780.69578344834,OK,OKLAHOMA,0.07912344,410666312.5742627
2021,37,1694692.5274130546,8111.108975817193,OR,OREGON,0.07912344,134089902.5112152
2021,38,8311.547163471052,306.376988168944,PA,PENNSYLVANIA,0.07912344,657638.2032960721
2021,39,0.0,0.0,RI,RHODE ISLAND,0.07912344,0.0
2021,40,55791.60372739938,938.6987998158028,SC,SOUTH CAROLINA,0.07912344,4414423.610028661
2021,41,4096076.9803687977,19437.236606603023,SD,SOUTH DAKOTA,0.07912344,324095701.19159174
2021,42,29895.855360133908,390.88465518991165,TN,TENNESSEE,0.07912344,2365462.917836234
2021,43,2820441.733546488,16595.26438426715,TX,TEXAS,0.07912344,223163052.27776152
2021,44,13541.221174597466,1956.245540191296,UT,UTAH,0.07912344,1071428.001134992
2021,45,0.0,0.0,VT,VERMONT,0.07912344,0.0
2021,46,22181.254497899445,362.9887886407139,VA,VIRGINIA,0.07912344,1755057.1593892768
2021,47,1306552.4458101727,13933.279857123009,WA,WASHINGTON,0.07912344,103378924.05291446
2021,48,61.756007778318576,4.062370417700788,WV,WEST VIRGINIA,0.07912344,4886.347776087324
2021,49,82963.53812232334,300.9928245115299,WI,WISCONSIN,0.07912344,6564360.530809363
2021,50,145447.53502879088,2333.707562501494,WY,WYOMING,0.07912344,11508309.310998434
2022,0,10576.486474129231,95.8660886720772,AL,ALABAMA,0.07935128,839257.7396248414
2022,2,0.9489268762737292,22.68297923516184,AZ,ARIZONA,0.07935128,75.29856225872203
2022,3,187811.87165016663,1681.1752392421306,AR,ARKANSAS,0.07935128,14903112.414636433
2022,4,4641.541714329385,236.7348318743708,CA,CALIFORNIA,0.07935128,368312.27620543103
2022,5,657025.71380239,15047.663964528449,CO,COLORADO,0.07935128,52135831.38313331
2022,6,0.0,0.0,CT,CONNECTICUT,0.07935128,0.0
2022,7,201.97160323898535,3.318812852608906,DE,DELAWARE,0.07935128,16026.705240665633
2022,8,0.0,0.0,DC,DISTRICT OF COLUMBIA,0.07935128,0.0
2022,9,933.3480664357088,4.5928547698120346,FL,FLORIDA,0.07935128,74062.36375719853
2022,10,13609.40327011249,201.4287999347354,GA,GEORGIA,0.07935128,1079923.5695196118
2022,12,103683.6238609855,2919.6743326151545,ID,IDAHO,0.07935128,8227428.268407742
2022,13,103124.8732645822,1771.2945684558292,IL,ILLINOIS,0.07935128,8183090.693382376
2022,14,24849.691270478368,297.3956253216109,IN,INDIANA,0.07935128,1971854.8099172846
2022,15,512.8064701939315,3.6818010237102055,IA,IOWA,0.07935128,40691.84980217031
2022,16,4114146.763345523,19148.11315149064,KS,KANSAS,0.07935128,326462811.7793243
2022,17,16271.990378445333,810.486216036362,KY,KENTUCKY,0.07935128,1291203.2646773215
2022,18,146907.96890308833,1003.0555155860976,LA,LOUISIANA,0.07935128,11657335.374660255
2022,19,0.0,0.0,ME,MAINE,0.07935128,0.0
2022,20,1805.90478731786,70.80180357772232,MD,MARYLAND,0.07935128,143300.85643179994
2022,21,0.0,0.0,MA,MASSACHUSETTS,0.07935128,0.0
2022,22,37706.41218022431,122.55350101032931,MI,MICHIGAN,0.07935128,2992052.0707083894
2022,23,1023829.5629950344,3798.654461643589,MN,MINNESOTA,0.07935128,81242186.3254966
2022,24,67365.5032053653,456.47550932342426,MS,MISSISSIPPI,0.07935128,5345538.9071898395
2022,25,28555.425435299723,546.3346769703168,MO,MISSOURI,0.07935128,2265909.55923559
2022,26,1460831.1325548396,17257.351873292013,MT,MONTANA,0.07935128,115918820.23207618
2022,27,996052.9339608216,6339.6721151280935,NE,NEBRASKA,0.07935128,79038075.25754666
2022,28,7036.303012548058,872.0525884047009,NV,NEVADA,0.07935128,558339.6505135444
2022,29,0.0,0.0,NH,NEW HAMPSHIRE,0.07935128,0.0
2022,30,269.839253442772,12.496318136522078,NJ,NEW JERSEY,0.07935128,21412.090154928366
2022,31,20776.370599089776,862.5045819270697,NM,NEW MEXICO,0.07935128,1648631.6007921405
2022,32,221.53467997832257,1.327016414733354,NY,NEW YORK,0.07935128,17579.060420670266
2022,33,42622.44567137771,515.3287838907995,NC,NORTH CAROLINA,0.07935128,3382145.6207542806
2022,34,4733363.566999467,19332.454183209986,ND,NORTH DAKOTA,0.07935128,375598457.7467734
2022,35,49361.82484907708,715.4784630647799,OH,OHIO,0.07935128,3916923.9849100728
2022,36,784675.2684579686,3398.910117132437,OK,OKLAHOMA,0.07935128,62264986.93648343
2022,37,1683622.9197971197,8449.618438836578,OR,OREGON,0.07935128,133597633.72323878
2022,38,1432.4613437639885,106.87747885312028,PA,PENNSYLVANIA,0.07935128,113667.6411781925
2022,39,0.0,0.0,RI,RHODE ISLAND,0.07935128,0.0
2022,40,16342.831426916444,214.8611824650588,SC,SOUTH CAROLINA,0.07935128,1296824.5925500463
2022,41,1408745.6517311295,7896.841550833931,SD,SOUTH DAKOTA,0.07935128,111785770.65929933
2022,42,42635.253888357605,475.6632347323467,TN,TENNESSEE,0.07935128,3383161.9691661526
2022,43,983607.200065728,8448.314005794058,TX,TEXAS,0.07935128,78050490.3424316
2022,44,10249.129101977664,1459.790878905428,UT,UTAH,0.07935128,813281.5131271781
2022,45,0.0,0.0,VT,VERMONT,0.07935128,0.0
2022,46,2913.1633173222835,58.01261839937381,VA,VIRGINIA,0.07935128,231163.23807856935
2022,47,1428645.5700848228,16731.099832728305,WA,WASHINGTON,0.07935128,113364854.6525604
2022,48,0.9300540172727362,0.7135891897539938,WV,WEST VIRGINIA,0.07935128,73.80097673973371
2022,49,23840.776212374087,146.914742214861,WI,WISCONSIN,0.07935128,1891796.1086454357
2022,50,62479.91752077446,1211.3285579336468,WY,WYOMING,0.07935128,4957861.42956788
2023,0,0.0,0.0,AL,ALABAMA,0.07957912,0.0
2023,2,0.6353900589210473,15.188250931757684,AZ,ARIZONA,0.07957912,50.56378174568509
2023,3,73809.38709786921,684.666968592057,AR,ARKANSAS,0.07957912,5873686.0729877865
2023,4,1196.2766710412352,62.06215311939643,CA,CALIFORNIA,0.07957912,95198.64475799097
2023,5,402547.3507387503,8191.120587764286,CO,COLORADO,0.07957912,32034363.930121098
2023,6,0.0,0.0,CT,CONNECTICUT,0.07957912,0.0
2023,7,0.0,0.0,DE,DELAWARE,0.07957912,0.0
2023,8,0.0,0.0,DC,DISTRICT OF COLUMBIA,0.07957912,0.0
2023,9,0.0,0.0,FL,FLORIDA,0.07957912,0.0
2023,10,0.0,0.0,GA,GEORGIA,0.07957912,0.0
2023,12,47486.79224693864,1350.3926694386255,ID,IDAHO,0.07957912,3778957.1386341997
2023,13,24180.16478843857,256.4153875632142,IL,ILLINOIS,0.07957912,1924236.2353189276
2023,14,31541.23178807269,372.8286482726338,IN,INDIANA,0.07957912,2510023.469410851
2023,15,0.0,0.0,IA,IOWA,0.07957912,0.0
2023,16,7929246.805604372,33263.46107622351,KS,KANSAS,0.07957912,631002483.052807
2023,17,447.5365198186961,11.609345520709176,KY,KENTUCKY,0.07957912,35614.562415034394
2023,18,0.0,0.0,LA,LOUISIANA,0.07957912,0.0
2023,19,0.0,0.0,ME,MAINE,0.07957912,0.0
2023,20,0.0,0.0,MD,MARYLAND,0.07957912,0.0
2023,21,0.0,0.0,MA,MASSACHUSETTS,0.07957912,0.0
2023,22,15988.47179893424,65.680400214471,MI,MICHIGAN,0.07957912,1272348.5159040038
2023,23,597624.837791935,2305.3792590206394,MN,MINNESOTA,0.07957912,47558458.68162493
2023,24,0.0,0.0,MS,MISSISSIPPI,0.07957912,0.0
2023,25,86978.29968889155,1080.1423809927087,MO,MISSOURI,0.07957912,6921656.548338263
2023,26,3177057.1718921526,28103.674690630734,MT,MONTANA,0.07957912,252827413.92886627
2023,27,768893.9819510119,4031.005757350655,NE,NEBRASKA,0.07957912,61187906.456957415
2023,28,4258.337997756126,524.3685210918234,NV,NEVADA,0.07957912,338874.79052399454
2023,29,0.0,0.0,NH,NEW HAMPSHIRE,0.07957912,0.0
2023,30,0.0,0.0,NJ,NEW JERSEY,0.07957912,0.0
2023,31,82735.45470778825,1425.876993965148,NM,NEW MEXICO,0.07957912,6584014.678445646
2023,32,0.0,0.0,NY,NEW YORK,0.07957912,0.0
2023,33,0.0,0.0,NC,NORTH CAROLINA,0.07957912,0.0
2023,34,5439060.442569499,20736.689573067066,ND,NORTH DAKOTA,0.07957912,432835643.6464913
2023,35,55699.392056046665,482.2274445569156,OH,OHIO,0.07957912,4432508.604355184
2023,36,3202276.7058596825,17436.349795068658,OK,OKLAHOMA,0.07957912,254834362.24881238
2023,37,1525136.0761476883,8138.059176614312,OR,OREGON,0.07957912,121368986.82008603
2023,38,459.5513448894481,8.630315702313988,PA,PENNSYLVANIA,0.07957912,36570.69162111878
2023,39,0.0,0.0,RI,RHODE ISLAND,0.07957912,0.0
2023,40,0.0,0.0,SC,SOUTH CAROLINA,0.07957912,0.0
2023,41,2075388.361711,10936.781584239978,SD,SOUTH DAKOTA,0.07957912,165157579.48320308
2023,42,0.0,0.0,TN,TENNESSEE,0.07957912,0.0
2023,43,2328877.7976181963,15023.555804206111,TX,TEXAS,0.07957912,185330045.7219942
2023,44,4869.193907129789,704.1833374892868,UT,UTAH,0.07957912,387486.1662387504
2023,45,0.0,0.0,VT,VERMONT,0.07957912,0.0
2023,46,89.21040508769508,4.696535587099268,VA,VIRGINIA,0.07957912,7099.2855317222975
2023,47,1514227.0337793357,18449.70163103941,WA,WASHINGTON,0.07957912,120500854.82836981
2023,48,0.0,0.0,WV,WEST VIRGINIA,0.07957912,0.0
2023,49,19994.02540017978,71.07157902052433,WI,WISCONSIN,0.07957912,1591106.9466039548
2023,50,6537.365247131711,133.6983290943397,WY,WYOMING,0.07957912,520237.7734853241
2024,0,4081.629170035475,35.51181362718431,AL,ALABAMA,0.07980696,325742.41590785433
2024,2,1.0024641701556551,23.96272518376345,AZ,ARIZONA,0.07980696,80.00361792904556
2024,3,187345.61717774783,1794.1910956044396,AR,ARKANSAS,0.07980696,14951484.176279832
2024,4,9740.568667846474,540.2113306949167,CA,CALIFORNIA,0.07980696,777365.1740520768
2024,5,914772.8670596466,16299.376408293236,CO,COLORADO,0.07980696,73005241.61051454
2024,6,0.0,0.0,CT,CONNECTICUT,0.07980696,0.0
2024,7,0.0,0.0,DE,DELAWARE,0.07980696,0.0
2024,8,0.0,0.0,DC,DISTRICT OF COLUMBIA,0.07980696,0.0
2024,9,440.5425492651133,2.187216394123285,FL,FLORIDA,0.07980696,35158.36160749892
2024,10,35.79071492751284,0.7927954291235237,GA,GEORGIA,0.07980696,2856.34815459142
2024,12,48205.31292875024,1405.892578335004,ID,IDAHO,0.07980696,3847119.480692253
2024,13,20689.68361856686,93.70290308042613,IL,ILLINOIS,0.07980696,1651180.752959621
2024,14,33029.35379311253,260.59192350856176,IN,INDIANA,0.07980696,2635972.3169927797
2024,15,0.0,0.0,IA,IOWA,0.07980696,0.0
2024,16,11786021.783479096,48330.54491005379,KS,KANSAS,0.07980696,940606569.0332447
2024,17,4465.950200254468,117.37792830581792,KY,KENTUCKY,0.07980696,356413.9089937002
2024,18,64452.3840702771,468.8010212559688,LA,LOUISIANA,0.07980696,5143748.837401241
2024,19,0.0,0.0,ME,MAINE,0.07980696,0.0
2024,20,0.0,0.0,MD,MARYLAND,0.07980696,0.0
2024,21,0.0,0.0,MA,MASSACHUSETTS,0.07980696,0.0
2024,22,5440.551532722011,10.900645146059455,MI,MICHIGAN,0.07980696,434193.87854988425
2024,23,763572.0356236185,2592.429755333214,MN,MINNESOTA,0.07980696,60938362.904132694
2024,24,9519.951558333656,52.09417894700183,MS,MISSISSIPPI,0.07980696,759758.3932178717
2024,25,47517.23273524136,400.5301743632072,MO,MISSOURI,0.07980696,3792205.8922120975
2024,26,6287006.239210813,43320.4193271768,MT,MONTANA,0.07980696,501746855.45244783
2024,27,1690221.743875119,6665.93513940553,NE,NEBRASKA,0.07980696,134891459.10457185
2024,28,4893.415679850897,610.9996665976822,NV,NEVADA,0.07980696,390528.6294252333
2024,29,0.0,0.0,NH,NEW HAMPSHIRE,0.07980696,0.0
2024,30,0.0,0.0,NJ,NEW JERSEY,0.07980696,0.0
2024,31,24134.20144364509,820.4458816707827,NM,NEW MEXICO,0.07980696,1926077.249244926
2024,32,0.0,0.0,NY,NEW YORK,0.07980696,0.0
2024,33,71426.86034860107,382.3295342642347,NC,NORTH CAROLINA,0.07980696,5700360.586766392
2024,34,4788045.868565611,19482.01482365714,ND,NORTH DAKOTA,0.07980696,382119385.11078095
2024,35,86944.07732760384,723.4016430819702,OH,OHIO,0.07980696,6938742.501520986
2024,36,9824503.297704402,40124.50813826324,OK,OKLAHOMA,0.07980696,784063741.6997633
2024,37,1431683.1098336263,7338.601814324278,OR,OREGON,0.07980696,114258276.6791678
2024,38,95.5831759885004,1.6485669453400416,PA,PENNSYLVANIA,0.07980696,7628.202702787212
2024,39,0.0,0.0,RI,RHODE ISLAND,0.07980696,0.0
2024,40,71852.20299393378,330.70546618227604,SC,SOUTH CAROLINA,0.07980696,5734305.890248753
2024,41,633749.7291462567,5296.045677697827,SD,SOUTH DAKOTA,0.07980696,50577639.28398614
2024,42,2733.768008353725,45.89102699002273,TN,TENNESSEE,0.07980696,218173.71409196535
2024,43,6461428.810077192,39328.21759254333,TX,TEXAS,0.07980696,515666990.58867806
2024,44,3978.118241981758,609.8148146499454,UT,UTAH,0.07980696,317481.5234131084
2024,45,0.0,0.0,VT,VERMONT,0.07980696,0.0
2024,46,0.0,0.0,VA,VIRGINIA,0.07980696,0.0
2024,47,865293.3691047102,9102.530338865005,WA,WASHINGTON,0.07980696,69056433.29640484
2024,48,0.0,0.0,WV,WEST VIRGINIA,0.07980696,0.0
2024,49,26692.647877835418,88.53588852463788,WI,WISCONSIN,0.07980696,2130259.081480496
2024,50,59878.9036238396,976.7242769506408,WY,WYOMING,0.07980696,4778753.266351622
2025,0,4180.665906709737,132.34763727069665,AL,ALABAMA,0.0800348,334598.7597103325
2025,2,0.1545666900714658,3.694734661859655,AZ,ARIZONA,0.0800348,12.370714126531754
2025,3,296820.65530756005,1895.673307998484,AR,ARKANSAS,0.0800348,23755981.783409506
2025,4,6074.848873363499,313.72642231027874,CA,CALIFORNIA,0.0800348,486199.31460987293
2025,5,1078590.2073640134,19292.43056147208,CO,COLORADO,0.0800348,86324751.52833734
2025,6,0.0,0.0,CT,CONNECTICUT,0.0800348,0.0
2025,7,22890.89626099295,228.32349913801903,DE,DELAWARE,0.0800348,1832068.3040693188
2025,8,0.0,0.0,DC,DISTRICT OF COLUMBIA,0.0800348,0.0
2025,9,484.7577108835717,10.829639284889186,FL,FLORIDA,0.0800348,38797.486439024484
2025,10,69734.97536708244,896.905934153524,GA,GEORGIA,0.0800348,5581224.80650937
2025,12,255704.24322417637,6400.859991164521,ID,IDAHO,0.0800348,20465237.96559831
2025,13,27580.17506023949,167.23436596113794,IL,ILLINOIS,0.0800348,2207373.7949112556
2025,14,13633.791376826886,120.16219940218448,IN,INDIANA,0.0800348,1091177.7660860645
2025,15,282.87732515972857,2.274481544208183,IA,IOWA,0.0800348,22640.030143693846
2025,16,8181552.8216769,36193.058893759735,KS,KANSAS,0.0800348,654808943.7723464
2025,17,8279.483375335267,264.6058818800686,KY,KENTUCKY,0.0800348,662646.796048283
2025,18,145251.1687833468,836.9333268684252,LA,LOUISIANA,0.0800348,11625148.243341405
2025,19,0.0,0.0,ME,MAINE,0.0800348,0.0
2025,20,24232.605734948767,294.961313798647,MD,MARYLAND,0.0800348,1939451.753475478
2025,21,0.0,0.0,MA,MASSACHUSETTS,0.0800348,0.0
2025,22,96839.0750723776,252.7948090314676,MI,MICHIGAN,0.0800348,7750496.005602728
2025,23,68705.28662339662,398.8418819036904,MN,MINNESOTA,0.0800348,5498813.873846224
2025,24,27390.649439698187,164.3135952549514,MS,MISSISSIPPI,0.0800348,2192205.1497763563
2025,25,61134.29686170624,889.6033867435717,MO,MISSOURI,0.0800348,4892871.2224672865
2025,26,7724364.751059253,52904.94324310736,MT,MONTANA,0.0800348,618217987.978077
2025,27,2027543.745714508,8341.121322178245,NE,NEBRASKA,0.0800348,162274058.17951152
2025,28,7387.93765781728,910.3996694097258,NV,NEVADA,0.0800348,591292.1128558745
2025,29,0.0,0.0,NH,NEW HAMPSHIRE,0.0800348,0.0
2025,30,3853.9967431389928,57.59332084842169,NJ,NEW JERSEY,0.0800348,308453.85853778064
2025,31,13652.78755477017,239.2996290301205,NM,NEW MEXICO,0.0800348,1092698.1213885196
2025,32,2904.358416457821,30.26689691686761,NY,NEW YORK,0.0800348,232449.74498951843
2025,33,20314.796939646443,626.5261543922752,NC,NORTH CAROLINA,0.0800348,1625890.710105215
2025,34,7954514.165813575,29088.317702998847,ND,NORTH DAKOTA,0.0800348,636637950.3580563
2025,35,62067.67546514396,906.79214715073,OH,OHIO,0.0800348,4967573.9923177045
2025,36,1445045.5593746218,6634.314592631125,OK,OKLAHOMA,0.0800348,115653932.33543599
2025,37,2783660.795303704,13106.22371570963,OR,OREGON,0.0800348,222789735.01997292
2025,38,504.6896316982324,26.779887910075185,PA,PENNSYLVANIA,0.0800348,40392.73373504169
2025,39,0.0,0.0,RI,RHODE ISLAND,0.0800348,0.0
2025,40,28923.704653219444,492.46874676185,SC,SOUTH CAROLINA,0.0800348,2314902.9171794876
2025,41,3974416.7299997727,17749.949865444978,SD,SOUTH DAKOTA,0.0800348,318091648.1021858
2025,42,38164.03757241431,526.4836788787849,TN,TENNESSEE,0.0800348,3054451.114300665
2025,43,1093520.7995813638,9949.789517159448,TX,TEXAS,0.0800348,87519718.49033453
2025,44,13475.186128145057,2007.0012630969163,UT,UTAH,0.0800348,1078483.8267288639
2025,45,0.0,0.0,VT,VERMONT,0.0800348,0.0
2025,46,1355.7746313689297,52.76465069754382,VA,VIRGINIA,0.0800348,108509.15146668602
2025,47,1943443.3767327988,20477.71414079521,WA,WASHINGTON,0.0800348,155543101.96813422
2025,48,0.0,0.0,WV,WEST VIRGINIA,0.0800348,0.0
2025,49,52524.35948321891,189.83985748586372,WI,WISCONSIN,0.0800348,4203776.606367528
2025,50,153435.82001961308,2883.137972536964,WY,WYOMING,0.0800348,12280205.16810573
2026,0,5095.517990730422,174.75961472513166,AL,ALABAMA,0.08144346,414996.61565733346
2026,2,0.7491039949289939,17.906448628239332,AZ,ARIZONA,0.08144346,61.00962124683972
2026,3,63510.68873678408,830.4283127571969,AR,ARKANSAS,0.08144346,5172530.237706725
2026,4,5263.4910527417305,266.20709436030097,CA,CALIFORNIA,0.08144346,428676.923014329
2026,5,456497.4788105283,11198.836819294203,CO,COLORADO,0.08144346,37178734.155606106
2026,6,0.0,0.0,CT,CONNECTICUT,0.08144346,0.0
2026,7,35418.291960494804,241.6178086081411,DE,DELAWARE,0.08144346,2884588.2445528796
2026,8,0.0,0.0,DC,DISTRICT OF COLUMBIA,0.08144346,0.0
2026,9,479.37861692210936,4.625434248355725,FL,FLORIDA,0.08144346,39042.25321215114
2026,10,23879.846766619867,320.5269531412842,GA,GEORGIA,0.08144346,1944857.344943334
2026,12,176847.16302627887,4931.146719348913,ID,IDAHO,0.08144346,14403044.84804422
2026,13,27523.77805321028,318.84625274937105,IL,ILLINOIS,0.08144346,2241631.7169255093
2026,14,46338.58906972207,680.7430085633391,IN,INDIANA,0.08144346,3773975.025356346
2026,15,396.2915395447429,2.993693178363252,IA,IOWA,0.08144346,32275.354149250685
2026,16,7140715.415249751,45708.376551828886,KS,KANSAS,0.08144346,581564570.2932764
2026,17,36469.478448140464,1220.1480335902413,KY,KENTUCKY,0.08144346,2970200.50921199
2026,18,8678.548956842305,220.96363386411764,LA,LOUISIANA,0.08144346,706811.0548246279
2026,19,0.0,0.0,ME,MAINE,0.08144346,0.0
2026,20,53419.8244889461,441.9055586071783,MD,MARYLAND,0.08144346,4350695.338972501
2026,21,0.0,0.0,MA,MASSACHUSETTS,0.08144346,0.0
2026,22,79057.26740163851,244.16504550468957,MI,MICHIGAN,0.08144346,6438697.39533465
2026,23,610300.2403057354,3548.8118807905125,MN,MINNESOTA,0.08144346,49704963.209330544
2026,24,16091.728843462488,176.46871650447508,MS,MISSISSIPPI,0.08144346,1310566.0743933832
2026,25,38632.88833525488,571.9548662510466,MO,MISSOURI,0.08144346,3146396.095816797
2026,26,4351939.442250244,32570.38633377629,MT,MONTANA,0.08144346,354437005.88733006
2026,27,1016512.3996440342,6165.4253102712055,NE,NEBRASKA,0.08144346,82788286.95991291
2026,28,7363.88968186699,916.6944495659128,NV,NEVADA,0.08144346,599740.6547495469
2026,29,0.0,0.0,NH,NEW HAMPSHIRE,0.08144346,0.0
2026,30,4127.3420656283015,41.95496349742093,NJ,NEW JERSEY,0.08144346,336145.01842831593
2026,31,0.0,0.0,NM,NEW MEXICO,0.08144346,0.0
2026,32,0.2049542148448125,0.4951081121538092,NY,NEW YORK,0.08144346,16.69218039854489
2026,33,51154.20150560703,981.272618401111,NC,NORTH CAROLINA,0.08144346,4166175.164153846
2026,34,3352920.8798741354,18587.48839900912,ND,NORTH DAKOTA,0.08144346,273073477.5631939
2026,35,220596.3120726345,2709.212994442464,OH,OHIO,0.08144346,17966126.918435123
2026,36,883500.6978226599,11532.035550831006,OK,OKLAHOMA,0.08144346,71955353.74309188
2026,37,2657702.3122214503,12815.125444307405,OR,OREGON,0.08144346,216452471.95731518
2026,38,5760.432058362676,197.7625049144191,PA,PENNSYLVANIA,0.08144346,469149.51792797825
2026,39,0.0,0.0,RI,RHODE ISLAND,0.08144346,0.0
2026,40,21222.857899304166,475.12636696252383,SC,SOUTH CAROLINA,0.08144346,1728462.9784076628
2026,41,140237.53830837316,1669.3511922417924,SD,SOUTH DAKOTA,0.08144346,11421430.341716455
2026,42,33465.39957254872,561.3044371205835,TN,TENNESSEE,0.08144346,2725537.931470888
2026,43,123716.55420789732,2390.0557928698204,TX,TEXAS,0.08144346,10075904.233968716
2026,44,10427.44372438937,1491.8891805050298,UT,UTAH,0.08144346,849247.0958695567
2026,45,0.0,0.0,VT,VERMONT,0.08144346,0.0
2026,46,27571.395673182626,391.2788140156214,VA,VIRGINIA,0.08144346,2245509.8606530223
2026,47,2131004.597528138,22698.59794784568,WA,WASHINGTON,0.08144346,173556387.698599
2026,48,150.9957310796052,4.584269937105662,WV,WEST VIRGINIA,0.08144346,12297.614784352583
2026,49,19588.195592729928,81.27712167381895,WI,WISCONSIN,0.08144346,1595330.424228676
2026,50,39370.44938423094,732.6391288807781,WY,WYOMING,0.08144346,3206465.619606637
2027,0,2455.502738483587,99.55853722431917,AL,ALABAMA,0.08285212,203443.6075491708
2027,2,1.0545085668762155,25.20678518420805,AZ,ARIZONA,0.08285212,87.36827032385624
2027,3,80259.95745950003,1439.397123374583,AR,ARKANSAS,0.08285212,6649707.626629392
2027,4,8682.079024814506,448.3347869952359,CA,CALIFORNIA,0.08285212,719328.6532134144
2027,5,683702.4979878957,15480.615385253472,CO,COLORADO,0.08285212,56646201.40759289
2027,6,0.0,0.0,CT,CONNECTICUT,0.08285212,0.0
2027,7,202.13526640328092,7.2968286507966225,DE,DELAWARE,0.08285212,16747.3353482766
2027,8,0.0,0.0,DC,DISTRICT OF COLUMBIA,0.08285212,0.0
2027,9,0.0,0.0,FL,FLORIDA,0.08285212,0.0
2027,10,156.98280241990335,3.6551226866251856,GA,GEORGIA,0.08285212,13006.357984030123
2027,12,238212.52252196887,6841.372722819782,ID,IDAHO,0.08285212,19736412.50149287
2027,13,212026.1550430787,1742.1664942243128,IL,ILLINOIS,0.08285212,17566816.44076776
2027,14,68311.60791552132,599.2861615702188,IN,INDIANA,0.08285212,5659761.536409723
2027,15,814.0562482229441,3.843790282910295,IA,IOWA,0.08285212,67446.28596451716
2027,16,3713619.86604911,17362.585943523663,KS,KANSAS,0.08285212,307681278.7762848
2027,17,16400.352272552293,752.256628228083,KY,KENTUCKY,0.08285212,1358803.9545277753
2027,18,1616.0151606373047,54.84904607668422,LA,LOUISIANA,0.08285212,133890.28201094124
2027,19,0.0,0.0,ME,MAINE,0.08285212,0.0
2027,20,4087.263428532373,51.26598687823698,MD,MARYLAND,0.08285212,338638.4400523756
2027,21,0.0,0.0,MA,MASSACHUSETTS,0.08285212,0.0
2027,22,85568.10309520834,306.5486827734471,MI,MICHIGAN,0.08285212,7089498.745816573
2027,23,2222676.792021116,6916.650321553183,MN,MINNESOTA,0.08285212,184153484.29374853
2027,24,4168.02914697399,40.01361845106737,MS,MISSISSIPPI,0.08285212,345330.0510485866
2027,25,149215.50514829572,1799.772491942536,MO,MISSOURI,0.08285212,12362820.938407216
2027,26,4436842.63056683,40722.54800699744,MT,MONTANA,0.08285212,367601818.0488387
2027,27,1265219.223765219,5876.697052406924,NE,NEBRASKA,0.08285212,104826094.95370279
2027,28,9418.389899067744,1164.5454556721384,NV,NEVADA,0.08285212,780333.5701243486
2027,29,0.0,0.0,NH,NEW HAMPSHIRE,0.08285212,0.0
2027,30,846.6748811915768,20.481719595614354,NJ,NEW JERSEY,0.08285212,70148.80885747027
2027,31,24178.97999142082,502.2680735158559,NM,NEW MEXICO,0.08285212,2003279.7517267969
2027,32,3390.039762927497,30.10950936964564,NY,NEW YORK,0.08285212,280871.9812428406
2027,33,1513.3184549097653,21.41658718561349,NC,NORTH CAROLINA,0.08285212,125381.64222439846
2027,34,9771290.559942242,40342.30768411319,ND,NORTH DAKOTA,0.08285212,809572138.0272018
2027,35,147373.9418251938,2072.29215954577,OH,OHIO,0.08285212,12210243.512973975
2027,36,1423119.9973346023,8695.833801321576,OK,OKLAHOMA,0.08285212,117908508.79356615
2027,37,3048408.566017208,14586.023319366412,OR,OREGON,0.08285212,252567112.32068565
2027,38,4047.235915894522,115.02330653634355,PA,PENNSYLVANIA,0.08285212,335322.07577200286
2027,39,0.0,0.0,RI,RHODE ISLAND,0.08285212,0.0
2027,40,0.0,0.0,SC,SOUTH CAROLINA,0.08285212,0.0
2027,41,2401023.6789684766,13207.45066281041,SD,SOUTH DAKOTA,0.08285212,198929901.97273773
2027,42,16043.96914940231,346.9782614470324,TN,TENNESSEE,0.08285212,1329276.8572425782
2027,43,1881846.6978593848,11787.072273772275,TX,TEXAS,0.08285212,155914988.4326495
2027,44,14643.483903131211,2134.8246868309016,UT,UTAH,0.08285212,1213243.6855602956
2027,45,0.0,0.0,VT,VERMONT,0.08285212,0.0
2027,46,14.509786924095067,3.6293481547403017,VA,VIRGINIA,0.08285212,1202.1666074095554
2027,47,2293596.880454134,24256.605155822363,WA,WASHINGTON,0.08285212,190029363.97101158
2027,48,0.0,0.0,WV,WEST VIRGINIA,0.08285212,0.0
2027,49,62503.13597119385,281.5660967463725,WI,WISCONSIN,0.08285212,5178517.321861669
2027,50,143087.47523471454,2385.271694989344,WY,WYOMING,0.08285212,11855100.668643598
2028,0,10307.169131080673,143.74265607122203,AL,ALABAMA,0.08426078,868490.1105767796
2028,2,0.4677640721892526,11.181349165794838,AZ,ARIZONA,0.08426078,39.41416557864273
2028,3,927755.6900559833,4576.133822079546,AR,ARKANSAS,0.08426078,78173418.09355539
2028,4,12910.694855675303,724.4117004591737,CA,CALIFORNIA,0.08426078,1087865.2188811884
2028,5,757765.5930466055,15458.973154361378,CO,COLORADO,0.08426078,63849919.92726955
2028,6,0.0,0.0,CT,CONNECTICUT,0.08426078,0.0
2028,7,10873.475795666462,170.74120382317116,DE,DELAWARE,0.08426078,916207.5518539767
2028,8,0.0,0.0,DC,DISTRICT OF COLUMBIA,0.08426078,0.0
2028,9,15.42337181492531,0.5641768176793023,FL,FLORIDA,0.08426078,1299.5853393556222
2028,10,63869.44315428195,848.4272003576498,GA,GEORGIA,0.08426078,5381689.098345458
2028,12,338009.14648220176,8328.398132864053,ID,IDAHO,0.08426078,28480914.329724573
2028,13,880555.1450130111,2510.20412969334,IL,ILLINOIS,0.08426078,74196263.35180941
2028,14,375663.5136349037,1634.2021296738455,IN,INDIANA,0.08426078,31653700.676417623
2028,15,2665.282234292384,6.802004236432731,IA,IOWA,0.08426078,224578.75998161902
2028,16,14802324.49349185,68313.63291865842,KS,KANSAS,0.08426078,1247255407.6347282
2028,17,211795.91207993703,1842.4188770461408,KY,KENTUCKY,0.08426078,17846088.752666917
2028,18,119259.397106697,683.0072619639044,LA,LOUISIANA,0.08426078,10048889.822540032
2028,19,0.0,0.0,ME,MAINE,0.08426078,0.0
2028,20,13736.21318749802,302.77225299757504,MD,MARYLAND,0.08426078,1157424.0374248694
2028,21,0.0,0.0,MA,MASSACHUSETTS,0.08426078,0.0
2028,22,162418.08026290458,315.9191432388971,MI,MICHIGAN,0.08426078,13685474.129054945
2028,23,2791354.333124744,7396.636997814252,MN,MINNESOTA,0.08426078,235201693.36547074
2028,24,34037.77706979391,230.58848850419636,MS,MISSISSIPPI,0.08426078,2868049.645366949
2028,25,580218.3768014458,3996.41830445742,MO,MISSOURI,0.08426078,48889652.99962373
2028,26,8602867.855884446,55883.041397470144,MT,MONTANA,0.08426078,724884355.7737509
2028,27,1478414.3837315685,7159.25287750051,NE,NEBRASKA,0.08426078,124572349.13644128
2028,28,9444.02341158343,1197.3910426910013,NV,NEVADA,0.08426078,795760.7789982808
2028,29,0.0,0.0,NH,NEW HAMPSHIRE,0.08426078,0.0
2028,30,7274.5448366135715,107.4927791026792,NJ,NEW JERSEY,0.08426078,612958.8220780321
2028,31,60417.79067191971,1168.0585603348184,NM,NEW MEXICO,0.08426078,5090850.167892679
2028,32,5248.528850985,29.36018847912859,NY,NEW YORK,0.08426078,442245.1348364998
2028,33,5263.897694421472,193.57481213774315,NC,NORTH CAROLINA,0.08426078,443540.1255721548
2028,34,12646499.781997714,43285.16194996299,ND,NORTH DAKOTA,0.08426078,1065603935.9009573
2028,35,697736.8907448085,3278.282372600564,OH,OHIO,0.08426078,58791854.64893234
2028,36,5959872.275787,35130.104952248075,OK,OKLAHOMA,0.08426078,502183486.6581877
2028,37,2829503.5259962496,13495.981630350636,OR,OREGON,0.08426078,238416174.11319426
2028,38,25013.03446792173,428.02826908745857,PA,PENNSYLVANIA,0.08426078,2107617.79443397
2028,39,0.0,0.0,RI,RHODE ISLAND,0.08426078,0.0
2028,40,19784.74109622325,272.1353003329017,SC,SOUTH CAROLINA,0.08426078,1667077.716865826
2028,41,3686585.8912534257,16496.10985820876,SD,SOUTH DAKOTA,0.08426078,310634602.7340088
2028,42,155891.31523572988,1025.736308352563,TN,TENNESSEE,0.08426078,13135523.816988481
2028,43,6291328.694962051,43039.44118899915,TX,TEXAS,0.08426078,530112263.0738844
2028,44,13945.905897183891,1991.3602223889889,UT,UTAH,0.08426078,1175092.9087033144
2028,45,0.0,0.0,VT,VERMONT,0.08426078,0.0
2028,46,676.5033877165778,29.588647708518582,VA,VIRGINIA,0.08426078,57002.70312164126
2028,47,2218741.1061415584,23113.938780910208,WA,WASHINGTON,0.08426078,186952856.22155046
2028,48,33.188241180458775,1.393683209301919,WV,WEST VIRGINIA,0.08426078,2796.467088693577
2028,49,168347.11212425402,425.1436843364103,WI,WISCONSIN,0.08426078,14185058.9783371
2028,50,133437.8986091025,1832.873605597076,WY,WYOMING,0.08426078,11243581.418363892
2029,0,471.7283278587832,22.6396821835864,AL,ALABAMA,0.08566944,40412.70167979835
2029,2,0.2794683007599653,6.680360543603836,AZ,ARIZONA,0.08566944,23.941892823857803
2029,3,31167.20431776124,377.7916897898789,AR,ARKANSAS,0.08566944,2670076.9402681873
2029,4,17540.924291634634,905.4918041795012,CA,CALIFORNIA,0.08566944,1502721.1611467358
2029,5,457266.52792863536,10660.919945090503,CO,COLORADO,0.08566944,39173767.37839055
2029,6,0.0,0.0,CT,CONNECTICUT,0.08566944,0.0
2029,7,0.0,0.0,DE,DELAWARE,0.08566944,0.0
2029,8,0.0,0.0,DC,DISTRICT OF COLUMBIA,0.08566944,0.0
2029,9,257.4003999504813,7.7275201702830385,FL,FLORIDA,0.08566944,22051.348119533763
2029,10,7049.311883502516,247.9211529179861,GA,GEORGIA,0.08566944,603910.6014450057
2029,12,289319.8989089094,7387.565691797087,ID,IDAHO,0.08566944,24785873.720382884
2029,13,96026.7175741275,605.5031454498032,IL,ILLINOIS,0.08566944,8226555.1196136605
2029,14,9411.570702723517,136.09818398044993,IN,INDIANA,0.08566944,806283.99162273
2029,15,2088.882604219284,6.260706430563654,IA,IOWA,0.08566944,178953.40292920772
2029,16,3221403.703140565,30939.491347382194,KS,KANSAS,0.08566944,275975851.26197845
2029,17,1267.171664299565,70.05505212805515,KY,KENTUCKY,0.08566944,108557.88686441172
2029,18,951.2595584482904,16.652907844017456,LA,LOUISIANA,0.08566944,81493.8736669123
2029,19,0.0,0.0,ME,MAINE,0.08566944,0.0
2029,20,175.24315365018631,4.2137741126237165,MD,MARYLAND,0.08566944,15012.982837045418
2029,21,0.0,0.0,MA,MASSACHUSETTS,0.08566944,0.0
2029,22,89072.864716988,332.02832331003515,MI,MICHIGAN,0.08566944,7630822.4395001205
2029,23,2187726.403811705,5948.55570309148,MN,MINNESOTA,0.08566944,187421295.8877626
2029,24,1284.5020689261564,18.620629839268048,MS,MISSISSIPPI,0.08566944,110042.57292374523
2029,25,176471.71778254985,2587.460621245885,MO,MISSOURI,0.08566944,15118233.238269089
2029,26,6222134.524336847,43258.77982289984,MT,MONTANA,0.08566944,533046780.304604
2029,27,2069388.4396217973,10594.412271739291,NE,NEBRASKA,0.08566944,177283348.76487318
2029,28,9374.001023382256,1183.3095442562562,NV,NEVADA,0.08566944,803065.4182325847
2029,29,0.0,0.0,NH,NEW HAMPSHIRE,0.08566944,0.0
2029,30,0.0,0.0,NJ,NEW JERSEY,0.08566944,0.0
2029,31,5464.076566448962,159.3319689337753,NM,NEW MEXICO,0.08566944,468104.3795648053
2029,32,0.0,0.0,NY,NEW YORK,0.08566944,0.0
2029,33,2585.638110683196,31.27188435212403,NC,NORTH CAROLINA,0.08566944,221510.1689848874
2029,34,12333067.55949869,40345.77964777864,ND,NORTH DAKOTA,0.08566944,1056566991.3044194
2029,35,22182.27652351804,658.3168338707436,OH,OHIO,0.08566944,1900343.2076949375
2029,36,502076.7603814303,6127.438740093453,OK,OKLAHOMA,0.08566944,43012634.898891315
2029,37,2999749.0312429974,14160.341517133971,OR,OREGON,0.08566944,256986819.64713007
2029,38,129.23603091899088,1.978705925895022,PA,PENNSYLVANIA,0.08566944,11071.578396652634
2029,39,0.0,0.0,RI,RHODE ISLAND,0.08566944,0.0
2029,40,5356.427620883374,76.16786579273808,SC,SOUTH CAROLINA,0.08566944,458882.154681611
2029,41,4280064.036641764,17159.041885057104,SD,SOUTH DAKOTA,0.08566944,366670689.18323946
2029,42,12781.923188835595,251.900612313413,TN,TENNESSEE,0.08566944,1095020.2017105597
2029,43,355491.4872030415,5306.007607256587,TX,TEXAS,0.08566944,30454756.63345173
2029,44,15768.356940480757,2245.925071837051,UT,UTAH,0.08566944,1350866.3088110997
2029,45,0.0,0.0,VT,VERMONT,0.08566944,0.0
2029,46,191.1889950530856,9.03891037955021,VA,VIRGINIA,0.08566944,16379.054140360613
2029,47,2209201.676670455,22836.404010561066,WA,WASHINGTON,0.08566944,189261070.48741895
2029,48,122.5265614275234,4.492715090402734,WV,WEST VIRGINIA,0.08566944,10496.781902621531
2029,49,79756.4266628136,335.68262543367166,WI,WISCONSIN,0.08566944,6832688.408604309
2029,50,215010.8768554176,3019.4528830907866,WY,WYOMING,0.08566944,18419861.414112587
2030,0,2989.117988395222,51.20949547519318,AL,ALABAMA,0.0870781,260286.715105278
2030,2,0.3305168238884516,7.900615358870669,AZ,ARIZONA,0.0870781,28.780777042240977
2030,3,21270.7805095703,471.9955690915864,AR,ARKANSAS,0.0870781,1852219.1522904136
2030,4,15346.325831546008,787.0943273711322,CA,CALIFORNIA,0.0870781,1336328.8953919467
2030,5,1492046.9583015605,25976.62354698285,CO,COLORADO,0.0870781,129924614.23967911
2030,6,0.0,0.0,CT,CONNECTICUT,0.0870781,0.0
2030,7,2352.961952674196,99.10075797904008,DE,DELAWARE,0.0870781,204891.4562111589
2030,8,0.0,0.0,DC,DISTRICT OF COLUMBIA,0.0870781,0.0
2030,9,1081.384132189205,10.161063180235756,FL,FLORIDA,0.0870781,94164.87560118483
2030,10,129362.47359602911,889.0802290836168,GA,GEORGIA,0.0870781,11264638.412042383
2030,12,308710.8634253771,7679.899522685151,ID,IDAHO,0.0870781,26881955.436441336
2030,13,28806.915429302477,401.7851618763582,IL,ILLINOIS,0.0870781,2508451.462444344
2030,14,12009.562287855792,121.78026255815544,IN,INDIANA,0.0870781,1045769.8658581354
2030,15,450.8608801307729,3.150959504692051,IA,IOWA,0.0870781,39260.10880611546
2030,16,13077041.979894262,52932.416277216136,KS,KANSAS,0.0870781,1138723969.2294307
2030,17,13021.776513386818,922.2277921529512,KY,KENTUCKY,0.0870781,1133911.5574103487
2030,18,70709.91224155501,762.187862807885,LA,LOUISIANA,0.0870781,6157284.809161351
2030,19,0.0,0.0,ME,MAINE,0.0870781,0.0
2030,20,1787.5544464457537,94.1551580161135,MD,MARYLAND,0.0870781,155656.844843048
2030,21,0.0,0.0,MA,MASSACHUSETTS,0.0870781,0.0
2030,22,51688.20460716372,306.7462819071648,MI,MICHIGAN,0.0870781,4500910.649603063
2030,23,360482.2963874152,1910.067511803439,MN,MINNESOTA,0.0870781,31390113.453052983
2030,24,7490.229208793806,57.53452969036813,MS,MISSISSIPPI,0.0870781,652234.928066268
2030,25,15391.862325262076,264.6396291274509,MO,MISSOURI,0.0870781,1340294.1267454037
2030,26,6460969.722874521,45719.94420029,MT,MONTANA,0.0870781,562608967.6254399
2030,27,2507089.720647314,10178.806853392294,NE,NEBRASKA,0.0870781,218312609.4034989
2030,28,9387.797554784893,1158.2248792174078,NV,NEVADA,0.0870781,817471.5742553144
2030,29,0.0,0.0,NH,NEW HAMPSHIRE,0.0870781,0.0
2030,30,571.4337517736947,17.24005746567935,NJ,NEW JERSEY,0.0870781,49759.36538032496
2030,31,205460.98611575368,3199.460168153234,NM,NEW MEXICO,0.0870781,17891152.295086212
2030,32,0.0,0.0,NY,NEW YORK,0.0870781,0.0
2030,33,16308.865779768705,242.19660453264217,NC,NORTH CAROLINA,0.0870781,1420145.0452572773
2030,34,9276992.603488576,33390.901129343445,ND,NORTH DAKOTA,0.0870781,807822889.6258385
2030,35,54068.85943338333,429.40877180863856,OH,OHIO,0.0870781,4708213.548626097
2030,36,5051046.549555508,26392.954236738213,OK,OKLAHOMA,0.0870781,439835536.54684955
2030,37,3166003.7554875454,15253.957652259582,OR,OREGON,0.0870781,275689591.62072
2030,38,264.9972478489367,17.59824321721414,PA,PENNSYLVANIA,0.0870781,23075.4568479145
2030,39,0.0,0.0,RI,RHODE ISLAND,0.0870781,0.0
2030,40,188450.72366518885,1329.2962610614009,SC,SOUTH CAROLINA,0.0870781,16409930.960389683
2030,41,2601833.6467429674,13521.63118088751,SD,SOUTH DAKOTA,0.0870781,226562730.47444883
2030,42,11586.01465886953,283.0044107482997,TN,TENNESSEE,0.0870781,1008888.1430665068
2030,43,4718395.997926162,26999.051661655423,TX,TEXAS,0.0870781,410868958.5470141
2030,44,14100.672203124472,2035.3539822630637,UT,UTAH,0.0870781,1227859.744170893
2030,45,0.0,0.0,VT,VERMONT,0.0870781,0.0
2030,46,145.40810381890702,6.625644297980674,VA,VIRGINIA,0.0870781,12661.861405153168
2030,47,1934494.4577938237,20461.844578059397,WA,WASHINGTON,0.0870781,168452101.84521636
2030,48,0.0,0.0,WV,WEST VIRGINIA,0.0870781,0.0
2030,49,4723.444417441094,37.03404278264231,WI,WISCONSIN,0.0870781,411308.5653263773
2030,50,88717.9001892475,1825.8725449882331,WY,WYOMING,0.0870781,7725386.184469313
2031,0,0.0,0.0,AL,ALABAMA,0.08681562,0.0
2031,2,0.3109807481841852,7.433628480728335,AZ,ARIZONA,0.08681562,26.99798646167391
2031,3,2161.640032025884,23.21526370464972,AR,ARKANSAS,0.08681562,187664.11959714696
2031,4,13597.846518061173,686.4919748239563,CA,CALIFORNIA,0.08681562,1180505.4761303219
2031,5,857496.3099968306,19351.886549507468,CO,COLORADO,0.08681562,74444073.80008705
2031,6,0.0,0.0,CT,CONNECTICUT,0.08681562,0.0
2031,7,33596.40277596632,261.3772806672499,DE,DELAWARE,0.08681562,2916692.5367652373
2031,8,0.0,0.0,DC,DISTRICT OF COLUMBIA,0.08681562,0.0
2031,9,0.0,0.0,FL,FLORIDA,0.08681562,0.0
2031,10,0.0,0.0,GA,GEORGIA,0.08681562,0.0
2031,12,334008.5140118055,8056.639656179138,ID,IDAHO,0.08681562,28997156.229213584
2031,13,4676.661540482828,60.571440950494186,IL,ILLINOIS,0.08681562,406007.2711671718
2031,14,17641.832371204524,145.6264811463759,IN,INDIANA,0.08681562,1531586.615242191
2031,15,0.0,0.0,IA,IOWA,0.08681562,0.0
2031,16,5455849.332790332,34271.389633543164,KS,KANSAS,0.08681562,473652942.452779
2031,17,135.37342624591457,4.781328770835248,KY,KENTUCKY,0.08681562,11752.527931063345
2031,18,0.0,0.0,LA,LOUISIANA,0.08681562,0.0
2031,19,0.0,0.0,ME,MAINE,0.08681562,0.0
2031,20,51149.02138905133,432.1705480470876,MD,MARYLAND,0.08681562,4440534.004283752
2031,21,0.0,0.0,MA,MASSACHUSETTS,0.08681562,0.0
2031,22,87146.72880572063,314.9008413586153,MI,MICHIGAN,0.08681562,7565697.292240496
2031,23,582383.3151690398,4307.069436192946,MN,MINNESOTA,0.08681562,50559968.58405559
2031,24,0.0,0.0,MS,MISSISSIPPI,0.08681562,0.0
2031,25,16364.668457956352,381.3015613453189,MO,MISSOURI,0.08681562,1420708.8382719245
2031,26,6484129.523792952,48238.107098565706,MT,MONTANA,0.08681562,562923724.7683899
2031,27,1588378.1414819332,9195.201593754424,NE,NEBRASKA,0.08681562,137896033.14720175
2031,28,10063.440010927688,1232.8552332860688,NV,NEVADA,0.08681562,873663.783881494
2031,29,0.0,0.0,NH,NEW HAMPSHIRE,0.08681562,0.0
2031,30,22768.48484022053,145.0750943109579,NJ,NEW JERSEY,0.08681562,1976660.1278643464
2031,31,60132.42895991056,2003.992172415704,NM,NEW MEXICO,0.08681562,5220434.1022605905
2031,32,5367.719348457291,33.63317304214239,NY,NEW YORK,0.08681562,466001.88322231575
2031,33,9932.27094339878,110.85143743175531,NC,NORTH CAROLINA,0.08681562,862276.2599591501
2031,34,7530067.475161777,36555.76521607283,ND,NORTH DAKOTA,0.08681562,653727476.4980042
2031,35,139841.27015154035,664.6853114175794,OH,OHIO,0.08681562,12140406.569793468
2031,36,2026190.7709149225,20017.255851018617,OK,OKLAHOMA,0.08681562,175905008.01525694
2031,37,2704139.260718344,13809.85988590842,OR,OREGON,0.08681562,234761526.48560464
2031,38,21523.4252668693,456.4046071673222,PA,PENNSYLVANIA,0.08681562,1868569.5090669235
2031,39,0.0,0.0,RI,RHODE ISLAND,0.08681562,0.0
2031,40,0.0,0.0,SC,SOUTH CAROLINA,0.08681562,0.0
2031,41,1131663.4122172366,10085.122486286777,SD,SOUTH DAKOTA,0.08681562,98246060.76295497
2031,42,0.0,0.0,TN,TENNESSEE,0.08681562,0.0
2031,43,1545976.4128735445,19071.50111928796,TX,TEXAS,0.08681562,134214900.78899273
2031,44,13627.48572732707,1956.0180161899889,UT,UTAH,0.08681562,1183078.6224590505
2031,45,0.0,0.0,VT,VERMONT,0.08681562,0.0
2031,46,33250.999061588765,399.70214274589546,VA,VIRGINIA,0.08681562,2886706.0991512467
2031,47,1523454.846161435,16328.39953653013,WA,WASHINGTON,0.08681562,132259677.01150958
2031,48,15.942043366867642,2.8153057928535725,WV,WEST VIRGINIA,0.08681562,1384.0183789615016
2031,49,49476.9253562429,238.9298365747753,WI,WISCONSIN,0.08681562,4295369.950495948
2031,50,149820.9475519171,2290.883052275796,WY,WYOMING,0.08681562,13006798.450707166
2032,0,594.3554971576052,60.64557943042315,AL,ALABAMA,0.08655314,51443.33455525181
2032,2,0.0,0.0,AZ,ARIZONA,0.08655314,0.0
2032,3,19100.11942795513,299.9644402575363,AR,ARKANSAS,0.08655314,1653175.3108645205
2032,4,16906.647984751165,861.8170086847724,CA,CALIFORNIA,0.08655314,1463323.4699548855
2032,5,608110.0624922458,15394.956425482633,CO,COLORADO,0.08655314,52633835.3743001
2032,6,0.0,0.0,CT,CONNECTICUT,0.08655314,0.0
2032,7,13812.74788964198,161.32674763459474,DE,DELAWARE,0.08655314,1195536.701876887
2032,8,0.0,0.0,DC,DISTRICT OF COLUMBIA,0.08655314,0.0
2032,9,0.0,0.0,FL,FLORIDA,0.08655314,0.0
2032,10,112.71015214317744,3.8962860649780193,GA,GEORGIA,0.08655314,9755.417577869737
2032,12,309683.36093887244,8593.601198064918,ID,IDAHO,0.08655314,26804067.29501276
2032,13,100778.46449694526,535.537625324215,IL,ILLINOIS,0.08655314,8722692.546589132
2032,14,44730.00417899861,422.6608037839141,IN,INDIANA,0.08655314,3871522.313905452
2032,15,1956.2236318068533,9.937553723500734,IA,IOWA,0.08655314,169317.297875087
2032,16,2228753.2251932584,19423.32174598115,KS,KANSAS,0.08655314,192905589.9256036
2032,17,21714.88569797025,1258.053317639933,KY,KENTUCKY,0.08655314,1879491.5419004166
2032,18,0.0,0.0,LA,LOUISIANA,0.08655314,0.0
2032,19,0.0,0.0,ME,MAINE,0.08655314,0.0
2032,20,6146.543296081984,115.48164668795889,MD,MARYLAND,0.08655314,532002.6224218454
2032,21,0.0,0.0,MA,MASSACHUSETTS,0.08655314,0.0
2032,22,42452.86963009834,294.47606130498804,MI,MICHIGAN,0.08655314,3674429.16849565
2032,23,375977.5307206795,2037.876980386346,MN,MINNESOTA,0.08655314,32542035.853321277
2032,24,4113.03264649803,64.40523227629006,MS,MISSISSIPPI,0.08655314,355995.89047691453
2032,25,185051.68799915575,1816.132912901324,MO,MISSOURI,0.08655314,16016804.65862725
2032,26,3374753.361923273,42227.840922271,MT,MONTANA,0.08655314,292095500.2000157
2032,27,2168350.337571623,11336.320971192068,NE,NEBRASKA,0.08655314,187677530.33688393
2032,28,11037.893688811497,1355.9200613076998,NV,NEVADA,0.08655314,955364.3577528178
2032,29,0.0,0.0,NH,NEW HAMPSHIRE,0.08655314,0.0
2032,30,14727.326195719264,135.6079359499097,NJ,NEW JERSEY,0.08655314,1274696.326043757
2032,31,5507.253484299261,114.52884913355086,NM,NEW MEXICO,0.08655314,476670.08184204175
2032,32,780.5776032104536,18.361267366096023,NY,NEW YORK,0.08655314,67561.44257153885
2032,33,2571.5260605548747,97.71923281994044,NC,NORTH CAROLINA,0.08655314,222573.65513285453
2032,34,6966146.410473842,33788.87339555459,ND,NORTH DAKOTA,0.08655314,602941845.52624
2032,35,136494.7969468409,636.2304913336397,OH,OHIO,0.08655314,11814053.269411495
2032,36,643115.8003239877,6259.944158778669,OK,OKLAHOMA,0.08655314,55663691.901654154
2032,37,3542400.0138517306,16682.234258533597,OR,OREGON,0.08655314,306605844.3349108
2032,38,4680.742098617,153.75920331660592,PA,PENNSYLVANIA,0.08655314,405132.926165491
2032,39,0.0,0.0,RI,RHODE ISLAND,0.08655314,0.0
2032,40,284.8750464390349,4.725932119068228,SC,SOUTH CAROLINA,0.08655314,24656.82977694429
2032,41,1905940.3444868263,14527.00834261222,SD,SOUTH DAKOTA,0.08655314,164965121.4680165
2032,42,15168.390049315483,342.67650328051,TN,TENNESSEE,0.08655314,1312871.78751301
2032,43,120785.19047292582,2039.1576626876788,TX,TEXAS,0.08655314,10454337.500929816
2032,44,11034.807890322343,1631.7894703308812,UT,UTAH,0.08655314,955097.2722041743
2032,45,0.0,0.0,VT,VERMONT,0.08655314,0.0
2032,46,194.17116312927848,3.75093009323696,VA,VIRGINIA,0.08655314,16806.12386629128
2032,47,2295176.729760086,25544.520628528157,WA,WASHINGTON,0.08655314,198654752.81566688
2032,48,0.0,0.0,WV,WEST VIRGINIA,0.08655314,0.0
2032,49,56342.55033438586,321.9612872656484,WI,WISCONSIN,0.08655314,4876624.647049146
2032,50,114024.79648326874,2453.5191192015827,WY,WYOMING,0.08655314,9869204.173487866
2033,0,4933.711013831709,71.9016068795321,AL,ALABAMA,0.08629066,425733.1796328074
2033,2,0.1662020060113033,3.972863184148183,AZ,ARIZONA,0.08629066,14.34168079203933
2033,3,200379.78254102104,1870.480316270095,AR,ARKANSAS,0.08629066,17290903.686121184
2033,4,11227.772610447126,577.7103760319168,CA,CALIFORNIA,0.08629066,968851.9088854054
2033,5,465005.6307685806,12703.25985287517,CO,COLORADO,0.08629066,40125642.78273713
2033,6,0.0,0.0,CT,CONNECTICUT,0.08629066,0.0
2033,7,18319.732520317284,228.24006921915108,DE,DELAWARE,0.08629066,1580821.8102016419
2033,8,0.0,0.0,DC,DISTRICT OF COLUMBIA,0.08629066,0.0
2033,9,243.6579706145621,1.161540472255678,FL,FLORIDA,0.08629066,21025.40709859117
2033,10,27726.06126695218,265.28916850387293,GA,GEORGIA,0.08629066,2392500.1259257398
2033,12,123435.11799236404,3331.066020931143,ID,IDAHO,0.08629066,10651297.79873897
2033,13,9126.304489181426,78.34795341512957,IL,ILLINOIS,0.08629066,787514.8377324281
2033,14,18431.412056593337,195.1927547057019,IN,INDIANA,0.08629066,1590458.7110953964
2033,15,0.0,0.0,IA,IOWA,0.08629066,0.0
2033,16,3744941.392013839,17693.056583613936,KS,KANSAS,0.08629066,323153464.3781929
2033,17,32055.36436488709,1113.5276500009793,KY,KENTUCKY,0.08629066,2766078.5475865877
2033,18,17330.02451366097,95.44598447151051,LA,LOUISIANA,0.08629066,1495419.2530999843
2033,19,0.0,0.0,ME,MAINE,0.08629066,0.0
2033,20,17774.8907706983,181.6158142063712,MD,MARYLAND,0.08629066,1533807.0560314653
2033,21,0.0,0.0,MA,MASSACHUSETTS,0.08629066,0.0
2033,22,4874.556457186736,18.106329713864422,MI,MICHIGAN,0.08629066,420628.69389790524
2033,23,29887.600445522134,470.64394715662905,MN,MINNESOTA,0.08629066,2579020.768260399
2033,24,3277.7411109141995,36.1377433789676,MS,MISSISSIPPI,0.08629066,282838.4437699195
2033,25,7793.221959612151,82.10283851193999,MO,MISSOURI,0.08629066,672482.266421426
2033,26,1505866.9901841537,17803.6235292458,MT,MONTANA,0.08629066,129942256.45520414
2033,27,1362915.226193496,7290.156321781226,NE,NEBRASKA,0.08629066,117606854.39228606
2033,28,6677.881205031425,857.988125134249,NV,NEVADA,0.08629066,576238.7765837571
2033,29,0.0,0.0,NH,NEW HAMPSHIRE,0.08629066,0.0
2033,30,19317.171818784947,170.36270324567775,NJ,NEW JERSEY,0.08629066,1666891.5055763538
2033,31,86830.86533355185,2422.948021273689,NM,NEW MEXICO,0.08629066,7492692.67800331
2033,32,1295.63008451662,16.84026886459559,NY,NEW YORK,0.08629066,111800.77510879493
2033,33,31792.739000812,294.06377307539,NC,NORTH CAROLINA,0.08629066,2743416.431587808
2033,34,472586.6558913916,7777.671099297077,ND,NORTH DAKOTA,0.08629066,40779814.44406108
2033,35,91296.04685962394,612.6776649188828,OH,OHIO,0.08629066,7877996.138907878
2033,36,2039277.1082442196,13897.948664464442,OK,OKLAHOMA,0.08629066,175970567.59328514
2033,37,2387565.318804574,12010.207963264123,OR,OREGON,0.08629066,206024587.1527571
2033,38,36385.149808099086,608.5482806649654,PA,PENNSYLVANIA,0.08629066,3139698.5911397436
2033,39,0.0,0.0,RI,RHODE ISLAND,0.08629066,0.0
2033,40,33046.357924618154,172.3518317578022,SC,SOUTH CAROLINA,0.08629066,2851592.035911531
2033,41,271811.9215308531,3045.2926357130127,SD,SOUTH DAKOTA,0.08629066,23454830.104765527
2033,42,40635.59221072224,587.4490480244826,TN,TENNESSEE,0.08629066,3506472.071354082
2033,43,3488060.493300721,28724.254257116467,TX,TEXAS,0.08629066,300987042.0868448
2033,44,9669.302255643426,1385.5714705193927,UT,UTAH,0.08629066,834370.4733789599
2033,45,0.0,0.0,VT,VERMONT,0.08629066,0.0
2033,46,8460.87655726072,147.74441174476613,VA,VIRGINIA,0.08629066,730094.6223045554
2033,47,1873060.4073161653,20835.509127112127,WA,WASHINGTON,0.08629066,161627618.76718074
2033,48,0.0,0.0,WV,WEST VIRGINIA,0.08629066,0.0
2033,49,777.9868469174044,3.680110504374639,WI,WISCONSIN,0.08629066,67132.9984918218
2033,50,93352.73982272611,1823.3425163843835,WY,WYOMING,0.08629066,8055469.53211132
2034,0,134.71314428060134,11.83047539942353,AL,ALABAMA,0.08602818,11589.126624537543
2034,2,1.0605963287881637,25.352305961930757,AZ,ARIZONA,0.08602818,91.24117188032731
2034,3,94637.26177327632,1270.4597026370373,AR,ARKANSAS,0.08602818,8141471.390538533
2034,4,31189.404480064484,1600.3304229681066,CA,CALIFORNIA,0.08602818,2683167.702703794
2034,5,1707938.7006693552,31087.078699844984,CO,COLORADO,0.08602818,146930857.9701494
2034,6,0.0,0.0,CT,CONNECTICUT,0.08602818,0.0
2034,7,25918.22112235729,242.4139390622377,DE,DELAWARE,0.08602818,2229697.391993955
2034,8,0.0,0.0,DC,DISTRICT OF COLUMBIA,0.08602818,0.0
2034,9,0.0,0.0,FL,FLORIDA,0.08602818,0.0
2034,10,717.252643901289,47.17669019505883,GA,GEORGIA,0.08602818,61703.939555016
2034,12,398516.502739121,9712.072818901754,ID,IDAHO,0.08602818,34283649.43061159
2034,13,48822.352578262966,457.061588722529,IL,ILLINOIS,0.08602818,4200098.13562627
2034,14,70588.21742202742,466.8025715655099,IN,INDIANA,0.08602818,6072575.874261311
2034,15,41.93043648928209,1.1133607880177585,IA,IOWA,0.08602818,3607.1991377785275
2034,16,16776196.911138644,77816.10472820791,KS,KANSAS,0.08602818,1443225687.5868793
2034,17,9540.602956810975,184.3947978302598,KY,KENTUCKY,0.08602818,820760.7084770668
2034,18,446.8303465182324,10.259611926157316,LA,LOUISIANA,0.08602818,38440.00147973286
2034,19,0.0,0.0,ME,MAINE,0.08602818,0.0
2034,20,40340.44495706968,304.37954046869703,MD,MARYLAND,0.08602818,3470415.0600468824
2034,21,0.0,0.0,MA,MASSACHUSETTS,0.08602818,0.0
2034,22,4844.071446437791,14.37534339530227,MI,MICHIGAN,0.08602818,416726.6503270106
2034,23,160322.55714856955,1871.3049847781156,MN,MINNESOTA,0.08602818,13792257.804437427
2034,24,928.7892839860928,23.766195934314062,MS,MISSISSIPPI,0.08602818,79902.0517048267
2034,25,189071.0953230006,2251.622327458088,MO,MISSOURI,0.08602818,16265442.221244253
2034,26,8382594.469415117,61557.32745611726,MT,MONTANA,0.08602818,721139345.8818482
2034,27,3324775.610411606,18356.37866523609,NE,NEBRASKA,0.08602818,286024394.6720995
2034,28,12175.952227575995,1491.6555777853189,NV,NEVADA,0.08602818,1047475.0099053086
2034,29,0.0,0.0,NH,NEW HAMPSHIRE,0.08602818,0.0
2034,30,12371.686107833302,146.8752155177194,NJ,NEW JERSEY,0.08602818,1064313.6393881827
2034,31,120451.0185542332,2399.210002431608,NM,NEW MEXICO,0.08602818,10362181.905366914
2034,32,0.0,0.0,NY,NEW YORK,0.08602818,0.0
2034,33,17799.574887734714,408.8693697202286,NC,NORTH CAROLINA,0.08602818,1531265.0323655219
2034,34,7884053.039606262,35284.546604734714,ND,NORTH DAKOTA,0.08602818,678250734.0207946
2034,35,133061.95326840374,841.3454060653512,OH,OHIO,0.08602818,11447077.666925825
2034,36,7354136.376738741,40608.443477857385,OK,OKLAHOMA,0.08602818,632662967.9626282
2034,37,3642023.19394618,16795.682249375855,OR,OREGON,0.08602818,313316626.8929769
2034,38,6849.708338594028,136.621174731994,PA,PENNSYLVANIA,0.08602818,589267.941900068
2034,39,0.0,0.0,RI,RHODE ISLAND,0.08602818,0.0
2034,40,10544.092191316857,335.3128071500928,SC,SOUTH CAROLINA,0.08602818,907089.0609712009
2034,41,2085824.9353331288,17932.868873502397,SD,SOUTH DAKOTA,0.08602818,179439722.98532674
2034,42,21680.4234377771,336.3026150227664,TN,TENNESSEE,0.08602818,1865127.3699813068
2034,43,4564257.7062567575,33426.43845368711,TX,TEXAS,0.08602818,392654783.52024347
2034,44,18039.418529599327,2569.3674426625494,UT,UTAH,0.08602818,1551898.3443597062
2034,45,0.0,0.0,VT,VERMONT,0.08602818,0.0
2034,46,10208.172605652466,158.69388210900934,VA,VIRGINIA,0.08602818,878190.5103901393
2034,47,2485722.898398416,25564.797411986463,WA,WASHINGTON,0.08602818,213842216.93354064
2034,48,139.9915359329029,3.440129522836857,WV,WEST VIRGINIA,0.08602818,12043.21705171224
2034,49,16149.01895895964,86.71761843812126,WI,WISCONSIN,0.08602818,1389270.7098247923
2034,50,266286.6232666207,5230.476572431122,WY,WYOMING,0.08602818,22908153.55797303
2035,0,248.2545553887768,19.91234380437401,AL,ALABAMA,0.0857657,21291.725721107214
2035,2,1.263734175575114,30.208076913047456,AZ,ARIZONA,0.0857657,108.38504618212255
2035,3,29123.05507958316,712.6747516971774,AR,ARKANSAS,0.0857657,2497759.2050390053
2035,4,10303.248906714638,518.4437122593088,CA,CALIFORNIA,0.0857657,883665.3547586157
2035,5,97509.0052594744,2290.2846926091097,CO,COLORADO,0.0857657,8362928.092382505
2035,6,0.0,0.0,CT,CONNECTICUT,0.0857657,0.0
2035,7,396.2086877788284,34.00471873063472,DE,DELAWARE,0.0857657,33981.11545343266
2035,8,0.0,0.0,DC,DISTRICT OF COLUMBIA,0.0857657,0.0
2035,9,0.0,0.0,FL,FLORIDA,0.0857657,0.0
2035,10,191.0039836348912,17.577634869829463,GA,GEORGIA,0.0857657,16381.590359234988
2035,12,173094.54765812773,4821.62702039999,ID,IDAHO,0.0857657,14845575.046082685
2035,13,15485.098293983514,288.5739722485343,IL,ILLINOIS,0.0857657,1328090.2947523019
2035,14,22133.079707422097,248.2020250614057,IN,INDIANA,0.0857657,1898259.0742628514
2035,15,0.0,0.0,IA,IOWA,0.0857657,0.0
2035,16,1323759.146015404,12077.943718323037,KS,KANSAS,0.0857657,113533129.78941333
2035,17,15770.691994606424,928.235287165041,KY,KENTUCKY,0.0857657,1352584.4384018162
2035,18,10124.389289412102,185.1748956291893,LA,LOUISIANA,0.0857657,868325.3344789315
2035,19,0.0,0.0,ME,MAINE,0.0857657,0.0
2035,20,6800.174501999721,295.6017192916762,MD,MARYLAND,0.0857657,583221.7262861575
2035,21,0.0,0.0,MA,MASSACHUSETTS,0.0857657,0.0
2035,22,9554.81317990849,141.9419373896394,MI,MICHIGAN,0.0857657,819475.2407440776
2035,23,143697.11827571283,1813.536968731875,MN,MINNESOTA,0.0857657,12324283.936899303
2035,24,2140.526751569756,21.595448668910286,MS,MISSISSIPPI,0.0857657,183583.77521710622
2035,25,21182.471869648856,412.9400238086144,MO,MISSOURI,0.0857657,1816729.5276307429
2035,26,4630481.865701542,41101.46173291003,MT,MONTANA,0.0857657,397136518.54919875
2035,27,73557.40792037234,1278.7443546102363,NE,NEBRASKA,0.0857657,6308702.5804762775
2035,28,4455.642971751745,545.8533810917058,NV,NEVADA,0.0857657,382141.33842236863
2035,29,0.0,0.0,NH,NEW HAMPSHIRE,0.0857657,0.0
2035,30,622.8380697265345,41.81855242790834,NJ,NEW JERSEY,0.0857657,53418.143036745045
2035,31,94109.17790365548,2812.3646909276404,NM,NEW MEXICO,0.0857657,8071339.519331546
2035,32,500.2132182731609,3.135141510023964,NY,NEW YORK,0.0857657,42901.13681445044
2035,33,30466.857514044303,744.1986213423279,NC,NORTH CAROLINA,0.0857657,2613011.3614922697
2035,34,3398255.1741050463,20082.208361259167,ND,NORTH DAKOTA,0.0857657,291453733.78574115
2035,35,44625.25985270055,321.31204085236914,OH,OHIO,0.0857657,3827316.6489487593
2035,36,1441986.6932830762,10746.325722729607,OK,OKLAHOMA,0.0857657,123672998.14010832
2035,37,2490112.768332711,12842.54020820877,OR,OREGON,0.0857657,213566264.65499276
2035,38,7108.004920241324,283.9954076692436,PA,PENNSYLVANIA,0.0857657,609623.0175879414
2035,39,0.0,0.0,RI,RHODE ISLAND,0.0857657,0.0
2035,40,4632.218780383631,158.23609116455782,SC,SOUTH CAROLINA,0.0857657,397285.4862527484
2035,41,371199.6281077436,4428.072231882945,SD,SOUTH DAKOTA,0.0857657,31836195.944400307
2035,42,19046.713135962447,524.424404326691,TN,TENNESSEE,0.0857657,1633554.6848050146
2035,43,2174215.03476582,17668.677519077293,TX,TEXAS,0.0857657,186473074.40721488
2035,44,13032.220287788652,1865.9233482673692,UT,UTAH,0.0857657,1117717.495536395
2035,45,0.0,0.0,VT,VERMONT,0.0857657,0.0
2035,46,3488.721122793588,161.50791338867717,VA,VIRGINIA,0.0857657,299212.6092011781
2035,47,1358779.941842875,15133.550543539372,WA,WASHINGTON,0.0857657,116536712.85811347
2035,48,101.55092650060192,4.767096807440194,WV,WEST VIRGINIA,0.0857657,8709.586296972673
2035,49,7317.617425610601,50.85245361137318,WI,WISCONSIN,0.0857657,627600.5808396911
2035,50,42292.49432933969,852.1241561784813,WY,WYOMING,0.0857657,3627245.3809018484
2036,0,2348.0087388118427,83.42657928433908,AL,ALABAMA,0.08668652,203540.70649718758
2036,2,1.6039827267737952,38.341317750255314,AZ,ARIZONA,0.08668652,139.04368072413112
2036,3,868770.8687249566,4841.833004968064,AR,ARKANSAS,0.08668652,75310723.28714333
2036,4,22703.910389008703,1162.132761318846,CA,CALIFORNIA,0.08668652,1968122.9820150107
2036,5,1098414.8103673854,25519.4997883909,CO,COLORADO,0.08668652,95217757.42720856
2036,6,0.0,0.0,CT,CONNECTICUT,0.08668652,0.0
2036,7,0.0,0.0,DE,DELAWARE,0.08668652,0.0
2036,8,0.0,0.0,DC,DISTRICT OF COLUMBIA,0.08668652,0.0
2036,9,0.0,0.0,FL,FLORIDA,0.08668652,0.0
2036,10,11158.306681173664,81.87226986391047,GA,GEORGIA,0.08668652,967274.7752836945
2036,12,290191.39699782146,7351.241333462101,ID,IDAHO,0.08668652,25155682.33967959
2036,13,46990.28352762492,872.1835139385407,IL,ILLINOIS,0.08668652,4073424.1528231283
2036,14,6349.611418184599,67.1223631363855,IN,INDIANA,0.08668652,550425.7171946876
2036,15,1.3775100467449513,0.1758039892757281,IA,IOWA,0.08668652,119.41155221735715
2036,16,10023569.493476506,60363.64355117552,KS,KANSAS,0.08668652,868908357.3676411
2036,17,11968.753997188458,524.6287734045787,KY,KENTUCKY,0.08668652,1037529.6327523573
2036,18,280591.6248361069,1315.1916887175162,LA,LOUISIANA,0.08668652,24323511.49818768
2036,19,0.0,0.0,ME,MAINE,0.08668652,0.0
2036,20,143.31997470975386,2.80313102960499,MD,MARYLAND,0.08668652,12423.909854076574
2036,21,0.0,0.0,MA,MASSACHUSETTS,0.08668652,0.0
2036,22,1240.4876262103232,3.1654630234192247,MI,MICHIGAN,0.08668652,107533.55541923371
2036,23,568505.6656723891,2959.691299318955,MN,MINNESOTA,0.08668652,49281777.75742288
2036,24,114005.58822843993,603.6797136697132,MS,MISSISSIPPI,0.08668652,9882747.704076422
2036,25,148452.05342799038,2528.9926746035344,MO,MISSOURI,0.08668652,12868791.898526557
2036,26,8009240.346987424,62487.27646303849,MT,MONTANA,0.08668652,694293173.5239323
2036,27,3628389.286181639,18464.026661755102,NE,NEBRASKA,0.08668652,314532440.42437035
2036,28,9526.249715833375,1221.4589757324782,NV,NEVADA,0.08668652,825797.4365165842
2036,29,0.0,0.0,NH,NEW HAMPSHIRE,0.08668652,0.0
2036,30,0.0,0.0,NJ,NEW JERSEY,0.08668652,0.0
2036,31,129010.7197898891,3189.0267128840283,NM,NEW MEXICO,0.08668652,11183490.341280617
2036,32,0.0,0.0,NY,NEW YORK,0.08668652,0.0
2036,33,45255.64562261135,673.1666045515158,NC,NORTH CAROLINA,0.08668652,3923054.4293774115
2036,34,5797973.492734478,27062.249548575117,ND,NORTH DAKOTA,0.08668652,502606145.13739717
2036,35,5890.84932020674,35.11423998137902,OH,OHIO,0.08668652,510657.22741308797
2036,36,9368963.161151877,52490.38359467944,OK,OKLAHOMA,0.08668652,812162812.4484553
2036,37,2915312.308198703,14332.11724910179,OR,OREGON,0.08668652,252718278.71091303
2036,38,0.0,0.0,PA,PENNSYLVANIA,0.08668652,0.0
2036,39,0.0,0.0,RI,RHODE ISLAND,0.08668652,0.0
2036,40,56825.975965189646,434.1421960334703,SC,SOUTH CAROLINA,0.08668652,4926046.102025932
2036,41,3269012.6825751094,16587.978790991037,SD,SOUTH DAKOTA,0.08668652,283379333.2883009
2036,42,23918.9118454515,329.1789566820697,TN,TENNESSEE,0.08668652,2073447.2300689684
2036,43,7648994.198176047,51152.63675343381,TX,TEXAS,0.08668652,663064688.5400718
2036,44,18927.934942532785,2696.819452905459,UT,UTAH,0.08668652,1640796.8109545673
2036,45,0.0,0.0,VT,VERMONT,0.08668652,0.0
2036,46,596.7739419545763,23.609439061754674,VA,VIRGINIA,0.08668652,51732.25625472422
2036,47,1283207.4662837093,14301.232552043675,WA,WASHINGTON,0.08668652,111236789.6901521
2036,48,0.0,0.0,WV,WEST VIRGINIA,0.08668652,0.0
2036,49,801.1070395182655,3.107648484731993,WI,WISCONSIN,0.08668652,69445.18140334092
2036,50,383562.1897511413,6038.462031059515,WY,WYOMING,0.08668652,33249671.433106106
2037,0,2848.0579522723024,60.418600282202966,AL,ALABAMA,0.08760734,249510.7813644234
2037,2,1.603782417514347,38.33652959335273,AZ,ARIZONA,0.08760734,140.50311153720136
2037,3,108798.62561736425,907.8015446616492,AR,ARKANSAS,0.08760734,9531558.18599314
2037,4,26738.181750634627,1440.5766900234405,CA,CALIFORNIA,0.08760734,2342460.979609643
2037,5,1058327.380292974,24776.42447077437,CO,COLORADO,0.08760734,92717246.63663588
2037,6,0.0,0.0,CT,CONNECTICUT,0.08760734,0.0
2037,7,3566.352759820133,71.28060554843515,DE,DELAWARE,0.08760734,312438.67878950073
2037,8,0.0,0.0,DC,DISTRICT OF COLUMBIA,0.08760734,0.0
2037,9,100.22642086838648,2.3291043530197184,FL,FLORIDA,0.08760734,8780.57012999983
2037,10,12285.90572608165,256.5181961586363,GA,GEORGIA,0.08760734,1076335.520152782
2037,12,214152.79061486127,6387.853034774788,ID,IDAHO,0.08760734,18761356.339344963
2037,13,47596.20759461923,377.4030282776527,IL,ILLINOIS,0.08760734,4169777.1414523893
2037,14,12269.7195261886,109.23686397103371,IN,INDIANA,0.08760734,1074917.4902354437
2037,15,459.8745166573224,7.399714238541907,IA,IOWA,0.08760734,40288.38313813371
2037,16,14777268.88933339,76633.47983378357,KS,KANSAS,0.08760734,1294597219.8592527
2037,17,999.558514005641,13.904825687451437,KY,KENTUCKY,0.08760734,87568.66258638696
2037,18,1764.6876386308757,71.8820166477573,LA,LOUISIANA,0.08760734,154599.58995133225
2037,19,0.0,0.0,ME,MAINE,0.08760734,0.0
2037,20,29416.571097887518,378.0855682722246,MD,MARYLAND,0.08760734,2577107.545806805
2037,21,0.0,0.0,MA,MASSACHUSETTS,0.08760734,0.0
2037,22,2578.6328317119346,10.106363924835128,MI,MICHIGAN,0.08760734,225907.16322295024
2037,23,292881.0506834767,1705.0020862060292,MN,MINNESOTA,0.08760734,25658529.786784574
2037,24,1272.450296108885,27.050231089558903,MS,MISSISSIPPI,0.08760734,111475.98572431177
2037,25,303196.35983067146,2875.579429352308,MO,MISSOURI,0.08760734,26562226.582447976
2037,26,4317963.411541079,47443.999481964,MT,MONTANA,0.08760734,378285288.7024393
2037,27,4381469.152364586,19629.70757244609,NE,NEBRASKA,0.08760734,383848857.7307161
2037,28,10053.00610439782,1271.877375619761,NV,NEVADA,0.08760734,880717.1238100554
2037,29,0.0,0.0,NH,NEW HAMPSHIRE,0.08760734,0.0
2037,30,6250.715837422047,126.15450797508814,NJ,NEW JERSEY,0.08760734,547608.587612418
2037,31,23780.76664657644,611.725401484462,NM,NEW MEXICO,0.08760734,2083369.7090672823
2037,32,0.0,0.0,NY,NEW YORK,0.08760734,0.0
2037,33,72385.68740691707,837.5238368987225,NC,NORTH CAROLINA,0.08760734,6341517.527791504
2037,34,5400199.177284621,31295.76064461843,ND,NORTH DAKOTA,0.08760734,473097085.392094
2037,35,66390.94701774705,447.055143065593,OH,OHIO,0.08760734,5816334.268305752
2037,36,2083960.7653832524,16292.64103525961,OK,OKLAHOMA,0.08760734,182570259.31959084
2037,37,3694689.596674584,17734.466961748767,OR,OREGON,0.08760734,323681927.6903332
2037,38,12275.650600020312,311.54490117195184,PA,PENNSYLVANIA,0.08760734,1075437.0958371835
2037,39,0.0,0.0,RI,RHODE ISLAND,0.08760734,0.0
2037,40,5530.927326838529,133.7628611458986,SC,SOUTH CAROLINA,0.08760734,484549.83083763416
2037,41,452887.7455440707,5807.390397824374,SD,SOUTH DAKOTA,0.08760734,39676290.70571289
2037,42,306.2181543636721,1.9918574977986392,TN,TENNESSEE,0.08760734,26826.95796351071
2037,43,1852220.6602061808,13272.118638430778,TX,TEXAS,0.08760734,162268125.13370737
2037,44,19107.83872521981,2755.5989149484785,UT,UTAH,0.08760734,1673986.9238654987
2037,45,0.0,0.0,VT,VERMONT,0.08760734,0.0
2037,46,11375.36005803906,189.8931629114106,VA,VIRGINIA,0.08760734,996565.0362270477
2037,47,1159770.9794561402,13103.190460090334,WA,WASHINGTON,0.08760734,101604450.5193471
2037,48,155.5848357856235,7.276168745917875,WV,WEST VIRGINIA,0.08760734,13630.373607515288
2037,49,22656.87389316439,101.57282898294704,WI,WISCONSIN,0.08760734,1984908.4544955764
2037,50,319100.4457645137,4775.937448935208,WY,WYOMING,0.08760734,27955541.24624331
2038,0,7022.951191165422,61.26312816284539,AL,ALABAMA,0.08852816,621728.946723683
2038,2,1.325708709720889,31.689505151920454,AZ,ARIZONA,0.08852816,117.36255276756442
2038,3,1006702.7839762327,5086.239054235702,AR,ARKANSAS,0.08852816,89121545.13229336
2038,4,11769.32197268672,592.2142646013579,CA,CALIFORNIA,0.08852816,1041916.4186895255
2038,5,1567485.7139322544,30371.61169248951,CO,COLORADO,0.08852816,138766626.08070883
2038,6,0.0,0.0,CT,CONNECTICUT,0.08852816,0.0
2038,7,0.0,0.0,DE,DELAWARE,0.08852816,0.0
2038,8,0.0,0.0,DC,DISTRICT OF COLUMBIA,0.08852816,0.0
2038,9,2343.134334097125,11.480608600761084,FL,FLORIDA,0.08852816,207433.3712304437
2038,10,17480.528418748963,110.71329954066802,GA,GEORGIA,0.08852816,1547519.0167395552
2038,12,189805.4920856012,5439.537834916959,ID,IDAHO,0.08852816,16803130.972232837
2038,13,21259.276693333097,183.15362247975557,IL,ILLINOIS,0.08852816,1882044.6485916632
2038,14,9163.65529934147,74.37790898683916,IN,INDIANA,0.08852816,811241.5425249495
2038,15,33.13107465828644,1.205943056028466,IA,IOWA,0.08852816,2933.033078320727
2038,16,16120310.179672342,74947.4500231749,KS,KANSAS,0.08852816,1427101398.835662
2038,17,10332.134670293894,270.6975015288172,KY,KENTUCKY,0.08852816,914684.871233325
2038,18,223080.5111869052,1055.5429767845787,LA,LOUISIANA,0.08852816,19748907.187236134
2038,19,0.0,0.0,ME,MAINE,0.08852816,0.0
2038,20,0.0,0.0,MD,MARYLAND,0.08852816,0.0
2038,21,0.0,0.0,MA,MASSACHUSETTS,0.08852816,0.0
2038,22,11335.359298805084,147.11387659881606,MI,MICHIGAN,0.08852816,1003498.5016621043
2038,23,390091.8223293228,3513.918051006719,MN,MINNESOTA,0.08852816,34534111.26186186
2038,24,75857.07904797047,449.8780974737104,MS,MISSISSIPPI,0.08852816,6715487.631091378
2038,25,178170.22199930676,2134.205098307797,MO,MISSOURI,0.08852816,15773081.920390148
2038,26,6730208.392828502,65019.64114483066,MT,MONTANA,0.08852816,595812965.4336644
2038,27,3194048.8511864203,17581.710449872113,NE,NEBRASKA,0.08852816,282763267.7456476
2038,28,4714.01898075847,577.5065945568443,NV,NEVADA,0.08852816,417323.4265716228
2038,29,0.0,0.0,NH,NEW HAMPSHIRE,0.08852816,0.0
2038,30,240.8404013577173,4.661078385851045,NJ,NEW JERSEY,0.08852816,21321.157585860212
2038,31,184922.46316578944,2983.519474007364,NM,NEW MEXICO,0.08852816,16370845.406735111
2038,32,456.3551006483918,2.0891361877548293,NY,NEW YORK,0.08852816,40400.277367016926
2038,33,1045.0661780953103,21.265713878463337,NC,NORTH CAROLINA,0.08852816,92517.78582501013
2038,34,7536351.872381674,42664.55783067519,ND,NORTH DAKOTA,0.08852816,667179364.3745043
2038,35,7367.770457436014,82.42729494771451,OH,OHIO,0.08852816,652255.1618991686
2038,36,12931098.9045794,56343.70263221456,OK,OKLAHOMA,0.08852816,1144766392.8004298
2038,37,2768841.786538989,14746.941822620727,OR,OREGON,0.08852816,245120468.6934094
2038,38,7.871877094419862,0.3541971903121063,PA,PENNSYLVANIA,0.08852816,696.8827949151365
2038,39,0.0,0.0,RI,RHODE ISLAND,0.08852816,0.0
2038,40,42715.36738133565,290.1048074272218,SC,SOUTH CAROLINA,0.08852816,3781512.8779936633
2038,41,2247232.41274764,15871.46369532593,SD,SOUTH DAKOTA,0.08852816,198943350.59290913
2038,42,94964.10606999608,703.8317029086412,TN,TENNESSEE,0.08852816,8406997.576421583
2038,43,8845567.785102438,47534.01300984398,TX,TEXAS,0.08852816,783081840.1703942
2038,44,16709.278367714458,2409.5471537700832,UT,UTAH,0.08852816,1479241.6688215642
2038,45,0.0,0.0,VT,VERMONT,0.08852816,0.0
2038,46,24.755754262417167,1.0277344718782622,VA,VIRGINIA,0.08852816,2191.581374263949
2038,47,1273748.550098123,14724.21919588012,WA,WASHINGTON,0.08852816,112762615.44285464
2038,48,0.0,0.0,WV,WEST VIRGINIA,0.08852816,0.0
2038,49,25476.479696908427,148.30302925549876,WI,WISCONSIN,0.08852816,2255385.8708446603
2038,50,407515.5673088397,6252.43382922671,WY,WYOMING,0.08852816,36076603.34520773
2039,0,14764.45444517834,110.96754593637483,AL,ALABAMA,0.08944898,1320665.3903776684
2039,2,1.603969914153245,38.34101147965307,AZ,ARIZONA,0.08944898,143.47347277169533
2039,3,365254.2874959944,3512.736027373494,AR,ARKANSAS,0.08944898,32671623.457143452
2039,4,26762.558257504512,1395.1730713697511,CA,CALIFORNIA,0.08944898,2393883.5383243556
2039,5,1056503.2484445863,20877.48575981986,CO,COLORADO,0.08944898,94503137.94005482
2039,6,0.0,0.0,CT,CONNECTICUT,0.08944898,0.0
2039,7,15451.949629605686,167.04954581684186,DE,DELAWARE,0.08944898,1382161.1333796063
2039,8,0.0,0.0,DC,DISTRICT OF COLUMBIA,0.08944898,0.0
2039,9,1385.8356653871176,14.399044711897991,FL,FLORIDA,0.08944898,123961.58671649896
2039,10,50479.684230865954,649.6200459448403,GA,GEORGIA,0.08944898,4515356.265173044
2039,12,399128.64548468194,9928.470203062096,ID,IDAHO,0.08944898,35701650.22738641
2039,13,77787.1768245979,633.745317259079,IL,ILLINOIS,0.08944898,6957983.624039922
2039,14,55933.82876366617,448.9058566241551,IN,INDIANA,0.08944898,5003223.9304046
2039,15,0.0,0.0,IA,IOWA,0.08944898,0.0
2039,16,13211135.536667198,62538.362085040906,KS,KANSAS,0.08944898,1181722598.3966334
2039,17,30785.716754682056,896.4295438433724,KY,KENTUCKY,0.08944898,2753750.96227522
2039,18,162656.15574951086,1189.58372248534,LA,LOUISIANA,0.08944898,14549427.22251488
2039,19,0.0,0.0,ME,MAINE,0.08944898,0.0
2039,20,57835.5123819086,514.4001025939091,MD,MARYLAND,0.08944898,5173327.590339094
2039,21,0.0,0.0,MA,MASSACHUSETTS,0.08944898,0.0
2039,22,37209.03432731265,311.8431812562428,MI,MICHIGAN,0.08944898,3328310.1673631025
2039,23,621921.6830884758,3261.450417032301,MN,MINNESOTA,0.08944898,55630260.19214741
2039,24,108038.45163417768,647.4900160883439,MS,MISSISSIPPI,0.08944898,9663929.299456526
2039,25,78262.70082569153,938.418120068224,MO,MISSOURI,0.08944898,7000518.760903265
2039,26,6694122.660849059,57241.27272054661,MT,MONTANA,0.08944898,598782444.0078342
2039,27,3200301.931372646,15488.180678259145,NE,NEBRASKA,0.08944898,286263743.4533132
2039,28,14634.791400199469,1804.0543473197251,NV,NEVADA,0.08944898,1309067.1632606143
2039,29,0.0,0.0,NH,NEW HAMPSHIRE,0.08944898,0.0
2039,30,15818.476230842243,162.3184799532658,NJ,NEW JERSEY,0.08944898,1414946.5640030832
2039,31,52039.10877930098,949.9683537435076,NM,NEW MEXICO,0.08944898,4654845.200417518
2039,32,1237.5947269053374,14.709673474273917,NY,NEW YORK,0.08944898,110701.585975061
2039,33,35512.299825479204,434.6255946422659,NC,NORTH CAROLINA,0.08944898,3176538.9968432924
2039,34,2320008.0969321034,15956.982613994463,ND,NORTH DAKOTA,0.08944898,207522357.86231774
2039,35,147732.93425548167,622.289076697904,OH,OHIO,0.08944898,13214560.281559894
2039,36,4490484.703085033,29982.625012127093,OK,OKLAHOMA,0.08944898,401669276.39655906
2039,37,4320202.333337773,20544.01347171616,OR,OREGON,0.08944898,386437692.11068374
2039,38,18429.130163814923,409.8254253783712,PA,PENNSYLVANIA,0.08944898,1648466.8954404779
2039,39,0.0,0.0,RI,RHODE ISLAND,0.08944898,0.0
2039,40,6337.686322356637,210.9149567080306,SC,SOUTH CAROLINA,0.08944898,566899.5770947523
2039,41,1172093.2408482437,10873.589437751143,SD,SOUTH DAKOTA,0.08944898,104842544.85876973
2039,42,73481.49163287404,1072.2133624669343,TN,TENNESSEE,0.08944898,6572844.475439117
2039,43,1891171.5661249915,16795.934547265464,TX,TEXAS,0.08944898,169163367.59488302
2039,44,21930.3467016824,3134.1490635063856,UT,UTAH,0.08944898,1961647.1435118548
2039,45,0.0,0.0,VT,VERMONT,0.08944898,0.0
2039,46,35048.52937017431,382.3623612877886,VA,VIRGINIA,0.08944898,3135055.2026621336
2039,47,1920855.2795566216,21541.59216450844,WA,WASHINGTON,0.08944898,171818545.48395464
2039,48,2200.7875095357117,24.43597163198627,WV,WEST VIRGINIA,0.08944898,196858.19792470968
2039,49,5530.555787565617,52.581489096105855,WI,WISCONSIN,0.08944898,494702.5740308411
2039,50,302027.0783668749,4438.16438801167,WY,WYOMING,0.08944898,27016014.09229702
2040,0,37809.600892933406,274.6512494425282,AL,ALABAMA,0.0903698,3416846.0707742134
2040,2,1.050308634963804,25.106390758946947,AZ,ARIZONA,0.0903698,94.91618127995197
2040,3,473037.6560694282,4430.194246586892,AR,ARKANSAS,0.0903698,42748318.371463016
2040,4,18513.763387306044,960.279066347344,CA,CALIFORNIA,0.0903698,1673085.0945581698
2040,5,1808932.6187767591,33955.57566974059,CO,COLORADO,0.0903698,163472878.97233197
2040,6,0.0,0.0,CT,CONNECTICUT,0.0903698,0.0
2040,7,0.0,0.0,DE,DELAWARE,0.0903698,0.0
2040,8,0.0,0.0,DC,DISTRICT OF COLUMBIA,0.0903698,0.0
2040,9,7288.246242976285,36.21405553278622,FL,FLORIDA,0.0903698,658637.3553285183
2040,10,277327.71097925655,1748.7026146708415,GA,GEORGIA,0.0903698,25062049.77565322
2040,12,521910.37984835246,12844.187280093734,ID,IDAHO,0.0903698,47164936.64481964
2040,13,346967.3228459871,2543.2029107148524,IL,ILLINOIS,0.0903698,31355367.572127283
2040,14,80261.38169569221,796.7147970131424,IN,INDIANA,0.0903698,7253205.011563366
2040,15,1639.3829522642832,5.228589341719294,IA,IOWA,0.0903698,148150.7095195328
2040,16,15718179.76387029,70059.90457616828,KS,KANSAS,0.0903698,1420448761.6250052
2040,17,33714.6446005105,935.64878292213,KY,KENTUCKY,0.0903698,3046785.689619214
2040,18,313648.2396609276,1446.4334735837067,LA,LOUISIANA,0.0903698,28344328.688510094
2040,19,0.0,0.0,ME,MAINE,0.0903698,0.0
2040,20,0.0,0.0,MD,MARYLAND,0.0903698,0.0
2040,21,0.0,0.0,MA,MASSACHUSETTS,0.0903698,0.0
2040,22,26159.508849404625,310.1350174960788,MI,MICHIGAN,0.0903698,2364029.5828189263
2040,23,1361470.0363471354,7296.785397002548,MN,MINNESOTA,0.0903698,123035774.89068337
2040,24,195330.6322309841,891.3790953320533,MS,MISSISSIPPI,0.0903698,17651990.168587588
2040,25,213772.27591211372,2775.3510570549333,MO,MISSOURI,0.0903698,19318557.819722533
2040,26,9991854.79614481,71291.14408241218,MT,MONTANA,0.0903698,902961919.5566472
2040,27,5330200.527280031,20173.155396789974,NE,NEBRASKA,0.0903698,481689155.610191
2040,28,17554.54775786799,2211.387591930444,NV,NEVADA,0.0903698,1586400.9699689785
2040,29,0.0,0.0,NH,NEW HAMPSHIRE,0.0903698,0.0
2040,30,0.0,0.0,NJ,NEW JERSEY,0.0903698,0.0
2040,31,98280.95435070364,2877.030405408226,NM,NEW MEXICO,0.0903698,8881630.188482217
2040,32,0.0,0.0,NY,NEW YORK,0.0903698,0.0
2040,33,21907.76317767485,411.0877511473338,NC,NORTH CAROLINA,0.0903698,1979800.1768138406
2040,34,6653042.869543592,33490.956020341095,ND,NORTH DAKOTA,0.0903698,601234153.5120806
2040,35,60153.22146876134,819.8168611125018,OH,OHIO,0.0903698,5436034.593487669
2040,36,7756495.201936763,47884.26198324651,OK,OKLAHOMA,0.0903698,700952920.0999849
2040,37,4714602.284653686,22427.26505493094,OR,OREGON,0.0903698,426057665.54369664
2040,38,71.29849426104748,11.8227505090111,PA,PENNSYLVANIA,0.0903698,6443.230666672009
2040,39,0.0,0.0,RI,RHODE ISLAND,0.0903698,0.0
2040,40,192849.53283041707,1200.330404501026,SC,SOUTH CAROLINA,0.0903698,17427773.711978223
2040,41,3155284.5027667955,16888.387591849976,SD,SOUTH DAKOTA,0.0903698,285142429.4581348
2040,42,71048.28615400431,915.422484197952,TN,TENNESSEE,0.0903698,6420619.410080139
2040,43,3028514.945783416,27976.484988514283,TX,TEXAS,0.0903698,273686289.94745815
2040,44,24597.180640097908,3503.5875493093668,UT,UTAH,0.0903698,2222842.29500952
2040,45,0.0,0.0,VT,VERMONT,0.0903698,0.0
2040,46,14.283436305881253,0.1687663091781711,VA,VIRGINIA,0.0903698,1290.7912822752276
2040,47,1744632.8695624126,20590.31747991324,WA,WASHINGTON,0.0903698,157662123.4957813
2040,48,52.38297715224449,7.454584648776827,WV,WEST VIRGINIA,0.0903698,4733.839168652905
2040,49,6429.055755103181,47.55466426623048,WI,WISCONSIN,0.0903698,580992.4827775235
2040,50,575130.7718800125,7898.752893881076,WY,WYOMING,0.0903698,51974452.82864235
2041,0,3900.977845235172,140.7917863715896,AL,ALABAMA,0.09157888,357247.1819714504
2041,2,0.8748206367187832,20.911556868433685,AZ,ARIZONA,0.09157888,80.11509411159304
2041,3,546082.3285328939,4408.328397695164,AR,ARKANSAS,0.09157888,50009608.03483447
2041,4,25306.26905966067,1325.188901784909,CA,CALIFORNIA,0.09157888,2317519.777462377
2041,5,1754418.6795583705,32662.44193585811,CO,COLORADO,0.09157888,160667697.72503448
2041,6,0.0,0.0,CT,CONNECTICUT,0.09157888,0.0
2041,7,999.3283801598756,56.23683402420733,DE,DELAWARE,0.09157888,91517.37380725563
2041,8,0.0,0.0,DC,DISTRICT OF COLUMBIA,0.09157888,0.0
2041,9,420.9455578638771,4.537788957903605,FL,FLORIDA,0.09157888,38549.722730149064
2041,10,2311.25587595426,129.3217439065226,GA,GEORGIA,0.09157888,211662.22451331004
2041,12,559198.6721225341,13253.722157736474,ID,IDAHO,0.09157888,51210788.0904689
2041,13,208259.9666975228,2785.308164919068,IL,ILLINOIS,0.09157888,19072214.498996437
2041,14,58162.25869692839,852.7216331753621,IN,INDIANA,0.09157888,5326434.509734961
2041,15,316.78094446821046,5.516445801649991,IA,IOWA,0.09157888,29010.444099740907
2041,16,9699142.123553948,49488.55994493121,KS,KANSAS,0.09157888,888236572.6358923
2041,17,22602.278395477417,811.7881929528035,KY,KENTUCKY,0.09157888,2069891.340906019
2041,18,163137.7557901659,1384.9318837625729,LA,LOUISIANA,0.09157888,14939972.960976908
2041,19,0.0,0.0,ME,MAINE,0.09157888,0.0
2041,20,4409.69955634438,191.79310613985888,MD,MARYLAND,0.09157888,403835.34650651517
2041,21,0.0,0.0,MA,MASSACHUSETTS,0.09157888,0.0
2041,22,28063.820125066417,199.0333584867849,MI,MICHIGAN,0.09157888,2570053.2155750426
2041,23,949901.583213046,6360.584275922607,MN,MINNESOTA,0.09157888,86990923.10087755
2041,24,83236.8871484925,590.3481456353983,MS,MISSISSIPPI,0.09157888,7622740.899745337
2041,25,234945.59793807688,3141.529106029042,MO,MISSOURI,0.09157888,21516054.72009939
2041,26,11280045.510358073,79260.79795829774,MT,MONTANA,0.09157888,1033013934.1876206
2041,27,4545197.718960321,18269.21200589899,NE,NEBRASKA,0.09157888,416244116.48094094
2041,28,18304.32794015761,2242.4539620469864,NV,NEVADA,0.09157888,1676289.851912341
2041,29,0.0,0.0,NH,NEW HAMPSHIRE,0.09157888,0.0
2041,30,2112.0732585997225,72.5068442720106,NJ,NEW JERSEY,0.09157888,193421.30350051293
2041,31,103896.58175194968,1794.8325945771244,NM,NEW MEXICO,0.09157888,9514732.59267199
2041,32,260.3355627119176,2.923183027053092,NY,NEW YORK,0.09157888,23841.239257327175
2041,33,18233.347584550727,558.4007165007301,NC,NORTH CAROLINA,0.09157888,1669789.550443861
2041,34,8058004.373831181,35737.31041413035,ND,NORTH DAKOTA,0.09157888,737943015.5905608
2041,35,167583.47311338384,2223.068631163272,OH,OHIO,0.09157888,15347106.774233805
2041,36,4792514.808992085,33689.59464142409,OK,OKLAHOMA,0.09157888,438893138.5909091
2041,37,5101023.065342031,22865.59558931692,OR,OREGON,0.09157888,467145979.17819005
2041,38,1179.5721566135485,102.03446509625454,PA,PENNSYLVANIA,0.09157888,108023.89698185337
2041,39,0.0,0.0,RI,RHODE ISLAND,0.09157888,0.0
2041,40,30315.971713605468,639.3343720567391,SC,SOUTH CAROLINA,0.09157888,2776302.7356436695
2041,41,3593403.5453355974,18214.083584080538,SD,SOUTH DAKOTA,0.09157888,329079872.06986326
2041,42,94199.37616506728,1149.9964003247587,TN,TENNESSEE,0.09157888,8626673.365895558
2041,43,5019238.0717722345,32393.74659240865,TX,TEXAS,0.09157888,459656201.0662609
2041,44,24131.29613338272,3437.318794549476,UT,UTAH,0.09157888,2209917.07284352
2041,45,0.0,0.0,VT,VERMONT,0.09157888,0.0
2041,46,5217.444278945139,161.21152299418614,VA,VIRGINIA,0.09157888,477807.70352820336
2041,47,2604361.6166095342,26767.041623314137,WA,WASHINGTON,0.09157888,238504519.96409056
2041,48,46.1491534685731,14.294219472884842,WV,WEST VIRGINIA,0.09157888,4226.287787600039
2041,49,59416.19888267167,363.14128483727103,WI,WISCONSIN,0.09157888,5441268.947532323
2041,50,645718.0469940726,8491.827606492576,WY,WYOMING,0.09157888,59134135.53950454
2042,0,23826.76485641632,225.35642929018047,AL,ALABAMA,0.09278796,2210836.9044265635
2042,2,1.0017677881490568,23.94607899216496,AZ,ARIZONA,0.09278796,92.95198945606316
2042,3,199955.3794833303,2150.075497080873,AR,ARKANSAS,0.09278796,18553451.753284074
2042,4,38974.86939441894,2004.3617321747224,CA,CALIFORNIA,0.09278796,3616398.622374569
2042,5,1834518.2867046816,36375.71329073298,CO,COLORADO,0.09278796,170221209.40602255
2042,6,0.0,0.0,CT,CONNECTICUT,0.09278796,0.0
2042,7,9957.919116666251,135.91842817890858,DE,DELAWARE,0.09278796,923975.0006804635
2042,8,0.0,0.0,DC,DISTRICT OF COLUMBIA,0.09278796,0.0
2042,9,1572.663261614829,10.672707946885442,FL,FLORIDA,0.09278796,145924.2158121863
2042,10,166946.88571154198,1411.6680369410687,GA,GEORGIA,0.09278796,15490660.95352713
2042,12,502028.8661478511,12081.860459212552,ID,IDAHO,0.09278796,46582234.35097216
2042,13,94052.16644707612,1371.2335057267435,IL,ILLINOIS,0.09278796,8726908.658204641
2042,14,38217.351115739264,568.2661076493289,IN,INDIANA,0.09278796,3546110.0466331705
2042,15,3393.8345312075926,12.1657004678893,IA,IOWA,0.09278796,314906.9827283089
2042,16,16458028.237158222,74170.66339474882,KS,KANSAS,0.09278796,1527106865.7483077
2042,17,13751.261411230364,594.9930877180019,KY,KENTUCKY,0.09278796,1275951.4937747866
2042,18,165357.1272587322,1098.059076845021,LA,LOUISIANA,0.09278796,15343150.509798154
2042,19,0.0,0.0,ME,MAINE,0.09278796,0.0
2042,20,28672.336229348155,394.6598344089364,MD,MARYLAND,0.09278796,2660447.5871553076
2042,21,0.0,0.0,MA,MASSACHUSETTS,0.09278796,0.0
2042,22,4534.235132876565,53.73296815701409,MI,MICHIGAN,0.09278796,420722.4281399455
2042,23,2890110.9579036413,11313.074511298491,MN,MINNESOTA,0.09278796,268167499.95752475
2042,24,48541.0282238754,348.3968244261996,MS,MISSISSIPPI,0.09278796,4504022.985195822
2042,25,162344.47415112524,2680.178456793694,MO,MISSOURI,0.09278796,15063612.573755642
2042,26,9938490.754138816,72256.38073071999,MT,MONTANA,0.09278796,922172282.5554024
2042,27,5755487.104221507,20919.135060864108,NE,NEBRASKA,0.09278796,534039907.20702106
2042,28,17169.24931439712,2103.376066818374,NV,NEVADA,0.09278796,1593099.6186143074
2042,29,0.0,0.0,NH,NEW HAMPSHIRE,0.09278796,0.0
2042,30,10535.052285475414,135.26958391768832,NJ,NEW JERSEY,0.09278796,977526.0100626013
2042,31,178128.1776564589,3876.1033342407895,NM,NEW MEXICO,0.09278796,16528150.2232604
2042,32,1541.8915435197302,17.45745321919539,NY,NEW YORK,0.09278796,143068.97086444698
2042,33,148222.88627851987,1846.8180616941968,NC,NORTH CAROLINA,0.09278796,13753299.24309585
2042,34,12022943.607390525,41961.37398056288,ND,NORTH DAKOTA,0.09278796,1115584410.5248077
2042,35,42454.17112353077,713.3885299496557,OH,OHIO,0.09278796,3939235.932043328
2042,36,7518030.832716117,50574.41072098364,OK,OKLAHOMA,0.09278796,697582744.1848297
2042,37,4735264.790325571,22337.644091159764,OR,OREGON,0.09278796,439375559.9541375
2042,38,14438.973624439956,240.9520907820517,PA,PENNSYLVANIA,0.09278796,1339762.9071055895
2042,39,0.0,0.0,RI,RHODE ISLAND,0.09278796,0.0
2042,40,174726.50743883083,1446.473745009608,SC,SOUTH CAROLINA,0.09278796,16212516.183173938
2042,41,5735883.208825063,22073.77754184212,SD,SOUTH DAKOTA,0.09278796,532220901.7451316
2042,42,35693.25396380359,686.1450788832929,TN,TENNESSEE,0.09278796,3311904.221063249
2042,43,5284731.429479924,37002.16223997081,TX,TEXAS,0.09278796,490359448.48932606
2042,44,24037.26635301082,3423.6452509096325,UT,UTAH,0.09278796,2230368.9088725136
2042,45,0.0,0.0,VT,VERMONT,0.09278796,0.0
2042,46,51397.51458792037,450.92187822193296,VA,VIRGINIA,0.09278796,4769070.527683372
2042,47,2063204.4775973712,23053.53155328756,WA,WASHINGTON,0.09278796,191440534.53912577
2042,48,0.1584634050713017,4.770434971625409,WV,WEST VIRGINIA,0.09278796,14.703496091219737
2042,49,38088.36991174442,265.5566426065219,WI,WISCONSIN,0.09278796,3534142.1438361444
2042,50,640621.4030521826,8669.100524644613,WY,WYOMING,0.09278796,59441953.12154981
2043,0,131.8001125838925,7.2429478390605695,AL,ALABAMA,0.09399704,12388.820454552648
2043,2,0.7099937397225341,16.97156404554773,AZ,ARIZONA,0.09399704,66.73730995244863
2043,3,68130.53285331592,1376.978869684055,AR,ARKANSAS,0.09399704,6404068.421834451
2043,4,26095.683865639487,1347.855918276701,CA,CALIFORNIA,0.09399704,2452917.0401458694
2043,5,1571422.7207712876,32460.896296666724,CO,COLORADO,0.09399704,147709084.34124756
2043,6,0.0,0.0,CT,CONNECTICUT,0.09399704,0.0
2043,7,0.0,0.0,DE,DELAWARE,0.09399704,0.0
2043,8,0.0,0.0,DC,DISTRICT OF COLUMBIA,0.09399704,0.0
2043,9,0.0,0.0,FL,FLORIDA,0.09399704,0.0
2043,10,3.4830580856537883,0.9996117096667372,GA,GEORGIA,0.09399704,327.39715019952257
2043,12,550871.6753342221,12949.097636931996,ID,IDAHO,0.09399704,51780306.9012579
2043,13,139050.00957572847,1744.425009271582,IL,ILLINOIS,0.09399704,13070289.312090132
2043,14,39841.5266237263,629.9636773327455,IN,INDIANA,0.09399704,3744985.571711466
2043,15,2179.404856746325,13.382836383811316,IA,IOWA,0.09399704,204857.6054957786
2043,16,9303118.794989582,63803.5457439417,KS,KANSAS,0.09399704,874465629.4973875
2043,17,188.1857898310752,20.99366608224991,KY,KENTUCKY,0.09399704,17688.90721418317
2043,18,93140.60418288564,656.9209346590517,LA,LOUISIANA,0.09399704,8754941.09700287
2043,19,0.0,0.0,ME,MAINE,0.09399704,0.0
2043,20,0.0,0.0,MD,MARYLAND,0.09399704,0.0
2043,21,0.0,0.0,MA,MASSACHUSETTS,0.09399704,0.0
2043,22,875.7362286346624,1.4386919187199083,MI,MICHIGAN,0.09399704,82316.61331242151
2043,23,2395359.9242389062,10755.03484771803,MN,MINNESOTA,0.09399704,225156742.61308146
2043,24,2769.9956539492587,26.09173997712776,MS,MISSISSIPPI,0.09399704,260371.39228409465
2043,25,193897.84160782385,3515.410246425581,MO,MISSOURI,0.09399704,18225823.173524283
2043,26,12591270.580293464,85130.54267284657,MT,MONTANA,0.09399704,1183542164.386668
2043,27,4564160.817907246,21233.86613741428,NE,NEBRASKA,0.09399704,429017606.9672601
2043,28,17150.051426495942,2101.0241656254125,NV,NEVADA,0.09399704,1612054.0699383963
2043,29,0.0,0.0,NH,NEW HAMPSHIRE,0.09399704,0.0
2043,30,0.0,0.0,NJ,NEW JERSEY,0.09399704,0.0
2043,31,161430.74079205646,3128.8655704597463,NM,NEW MEXICO,0.09399704,15174011.799460564
2043,32,14.707407801740304,0.470037879199802,NY,NEW YORK,0.09399704,1382.4527994364955
2043,33,0.0,0.0,NC,NORTH CAROLINA,0.09399704,0.0
2043,34,8105839.252918338,42591.08999341017,ND,NORTH DAKOTA,0.09399704,761924896.4901352
2043,35,29383.832194452472,234.06875883624147,OH,OHIO,0.09399704,2761993.250135237
2043,36,9791224.958550476,52139.89926769343,OK,OKLAHOMA,0.09399704,920346164.0778675
2043,37,4785151.2548054885,22913.357743809967,OR,OREGON,0.09399704,449790053.9040017
2043,38,0.0,0.0,PA,PENNSYLVANIA,0.09399704,0.0
2043,39,0.0,0.0,RI,RHODE ISLAND,0.09399704,0.0
2043,40,0.0,0.0,SC,SOUTH CAROLINA,0.09399704,0.0
2043,41,4169962.971590013,20982.739989371243,SD,SOUTH DAKOTA,0.09399704,391964176.2390653
2043,42,697.7900572681965,39.501110970345046,TN,TENNESSEE,0.09399704,65590.19992464095
2043,43,5282777.209908432,42313.69091746792,TX,TEXAS,0.09399704,496565420.7108513
2043,44,23560.375613648168,3358.4938733180093,UT,UTAH,0.09399704,2214605.5689711114
2043,45,8.962809565531556,0.2525245195836177,VT,VERMONT,0.09399704,842.4775692436523
2043,46,0.0,0.0,VA,VIRGINIA,0.09399704,0.0
2043,47,2089131.725706266,22995.421619093275,WA,WASHINGTON,0.09399704,196372198.38648093
2043,48,0.0,0.0,WV,WEST VIRGINIA,0.09399704,0.0
2043,49,34736.93511260122,250.7818854043475,WI,WISCONSIN,0.09399704,3265169.0792565816
2043,50,634478.072553971,8839.651519870902,WY,WYOMING,0.09399704,59639060.76497851
2044,0,482.0691219038628,58.2985493848138,AL,ALABAMA,0.09520612,45895.930668273795
2044,2,0.7099992767134178,16.97169640079278,AZ,ARIZONA,0.09520612,67.59627633869086
2044,3,241064.85484760927,2271.87146583042,AR,ARKANSAS,0.09520612,22950849.49840407
2044,4,40740.669211347726,2163.106563207267,CA,CALIFORNIA,0.09520612,3878761.0418158774
2044,5,1153523.2542873302,22967.14552331733,CO,COLORADO,0.09520612,109822473.37047008
2044,6,0.0,0.0,CT,CONNECTICUT,0.09520612,0.0
2044,7,503.38872819372654,28.958982388263266,DE,DELAWARE,0.09520612,47925.68766305931
2044,8,0.0,0.0,DC,DISTRICT OF COLUMBIA,0.09520612,0.0
2044,9,132.59437110316537,5.589850404942617,FL,FLORIDA,0.09520612,12623.795606572496
2044,10,2477.591230071436,175.1782677331111,GA,GEORGIA,0.09520612,235881.84796112872
2044,12,485497.369666412,12115.668697342471,ID,IDAHO,0.09520612,46222320.83614478
2044,13,207692.02648556852,1852.739144905141,IL,ILLINOIS,0.09520612,19773551.996628217
2044,14,30595.050177344376,399.1624256129454,IN,INDIANA,0.09520612,2912836.01859027
2044,15,1853.460708303523,12.815166062576314,IA,IOWA,0.09520612,176460.80261003022
2044,16,13167498.73237338,69066.25071955574,KS,KANSAS,0.09520612,1253626464.414188
2044,17,16744.886795232775,479.221942139198,KY,KENTUCKY,0.09520612,1594215.701613347
2044,18,220.76560107217549,13.6896380836544,LA,LOUISIANA,0.09520612,21018.23630754967
2044,19,0.0,0.0,ME,MAINE,0.09520612,0.0
2044,20,221.07453488013155,29.404332696186124,MD,MARYLAND,0.09520612,21047.64869674199
2044,21,0.0,0.0,MA,MASSACHUSETTS,0.09520612,0.0
2044,22,11595.887727597556,124.91503721766908,MI,MICHIGAN,0.09520612,1103999.4785001802
2044,23,2119048.037897641,10077.862985078664,MN,MINNESOTA,0.09520612,201746341.78184736
2044,24,29967.525301558184,268.9649722915122,MS,MISSISSIPPI,0.09520612,2853091.809963185
2044,25,70044.17922174365,1915.4379288972443,MO,MISSOURI,0.09520612,6668634.532286832
2044,26,9073426.319569172,72214.50755288405,MT,MONTANA,0.09520612,863845714.992061
2044,27,5078180.659231309,21373.202157416075,NE,NEBRASKA,0.09520612,483473877.2244551
2044,28,15995.352314428605,1960.457403783631,NV,NEVADA,0.09520612,1522855.4318897675
2044,29,0.0,0.0,NH,NEW HAMPSHIRE,0.09520612,0.0
2044,30,119.79451151560674,14.44579529737352,NJ,NEW JERSEY,0.09520612,11405.170638696238
2044,31,135707.70634128188,2563.261069942408,NM,NEW MEXICO,0.09520612,12920204.174852846
2044,32,799.7996466621582,16.13848139193018,NY,NEW YORK,0.09520612,76145.82113607504
2044,33,865.4372349233998,26.543199492222897,NC,NORTH CAROLINA,0.09520612,82394.9212405854
2044,34,3662392.187482724,19840.95399520472,ND,NORTH DAKOTA,0.09520612,348682150.08854276
2044,35,24870.425476070923,327.40849758366073,OH,OHIO,0.09520612,2367816.7123258654
2044,36,6625554.923489888,39045.1117870905,OK,OKLAHOMA,0.09520612,630793377.1123692
2044,37,4387851.828763814,22187.444367307075,OR,OREGON,0.09520612,417750347.75150716
2044,38,0.0,0.0,PA,PENNSYLVANIA,0.09520612,0.0
2044,39,0.0,0.0,RI,RHODE ISLAND,0.09520612,0.0
2044,40,3425.187150125237,59.53718831855628,SC,SOUTH CAROLINA,0.09520612,326098.77883728134
2044,41,4174501.3500938457,21823.682452487978,SD,SOUTH DAKOTA,0.09520612,397438076.4771967
2044,42,66472.80021041774,661.4507408048463,TN,TENNESSEE,0.09520612,6328617.393569057
2044,43,5119895.953969377,30975.46828437373,TX,TEXAS,0.09520612,487445428.58112305
2044,44,22673.61132701089,3229.4188781982057,UT,UTAH,0.09520612,2158666.5608327584
2044,45,43.07907016510303,0.7576045013299384,VT,VERMONT,0.09520612,4101.39112362722
2044,46,9.750887371241136,1.3413136866335622,VA,VIRGINIA,0.09520612,928.3441531728682
2044,47,2086673.7668680984,23275.48961174712,WA,WASHINGTON,0.09520612,198664113.04929623
2044,48,0.0,0.0,WV,WEST VIRGINIA,0.09520612,0.0
2044,49,2254.206374154137,42.02411891580182,WI,WISCONSIN,0.09520612,214614.24256248368
2044,50,462021.2495777202,8742.983675906973,WY,WYOMING,0.09520612,43987250.52984638
2045,0,535.379704871095,15.128475727264684,AL,ALABAMA,0.0964152,51618.741321087604
2045,2,0.0,0.0,AZ,ARIZONA,0.0964152,0.0
2045,3,666432.4515608274,4322.870920932419,AR,ARKANSAS,0.0964152,64254218.1037275
2045,4,20698.041040642136,1041.4937395730367,CA,CALIFORNIA,0.0964152,1995605.7665417197
2045,5,1297414.1329360856,26888.8528670265,CO,COLORADO,0.0964152,125090443.10985927
2045,6,0.0,0.0,CT,CONNECTICUT,0.0964152,0.0
2045,7,0.0,0.0,DE,DELAWARE,0.0964152,0.0
2045,8,0.0,0.0,DC,DISTRICT OF COLUMBIA,0.0964152,0.0
2045,9,0.0,0.0,FL,FLORIDA,0.0964152,0.0
2045,10,36.476527884375656,1.6947262811987869,GA,GEORGIA,0.0964152,3516.8917312776557
2045,12,332956.06543220056,8580.993469166267,ID,IDAHO,0.0964152,32102025.639858704
2045,13,599449.9080560057,2876.851261095881,IL,ILLINOIS,0.0964152,57796082.7752014
2045,14,71530.1867387856,555.9467193303794,IN,INDIANA,0.0964152,6896597.260457363
2045,15,3178.36666596158,11.143121540272842,IA,IOWA,0.0964152,306442.85777201894
2045,16,8689486.16572779,68837.88589867181,KS,KANSAS,0.0964152,837798546.5658782
2045,17,17459.391824719605,425.133711181867,KY,KENTUCKY,0.0964152,1683350.7546587058
2045,18,130192.89986399484,775.9029129913582,LA,LOUISIANA,0.0964152,12552574.478967035
2045,19,0.0,0.0,ME,MAINE,0.0964152,0.0
2045,20,150.45196618653017,8.099824177806463,MD,MARYLAND,0.0964152,14505.856410267545
2045,21,0.0,0.0,MA,MASSACHUSETTS,0.0964152,0.0
2045,22,42265.32193924463,296.4089805040436,MI,MICHIGAN,0.0964152,4075019.46783666
2045,23,402737.30928972,2668.261519515652,MN,MINNESOTA,0.0964152,38829998.22263022
2045,24,51891.156268080405,369.8859324721252,MS,MISSISSIPPI,0.0964152,5003096.209818226
2045,25,890446.1261909765,6120.463873419511,MO,MISSOURI,0.0964152,85852541.34592824
2045,26,6908921.810418534,59075.96323177957,MT,MONTANA,0.0964152,666125078.1358651
2045,27,2097901.93206276,14922.116714676004,NE,NEBRASKA,0.0964152,202269634.36021742
2045,28,11688.0866437128,1435.932525187381,NV,NEVADA,0.0964152,1126909.2113708984
2045,29,0.0,0.0,NH,NEW HAMPSHIRE,0.0964152,0.0
2045,30,1466.6909222734478,27.8209736752134,NJ,NEW JERSEY,0.0964152,141411.29860917892
2045,31,95979.30178906552,1821.492934367759,NM,NEW MEXICO,0.0964152,9253863.57785311
2045,32,6813.77632521404,58.61561303580728,NY,NEW YORK,0.0964152,656951.6071507768
2045,33,1853.493945095995,31.99989783709963,NC,NORTH CAROLINA,0.0964152,178704.98941521937
2045,34,3164682.119244933,20157.18149872468,ND,NORTH DAKOTA,0.0964152,305123459.4634241
2045,35,103335.06730286822,506.7770416217089,OH,OHIO,0.0964152,9963071.1810195
2045,36,9104971.548983458,53738.41277398697,OK,OKLAHOMA,0.0964152,877857652.88955
2045,37,4586327.782167671,22123.69014921117,OR,OREGON,0.0964152,442191710.3832525
2045,38,8289.745428895909,414.5359110182024,PA,PENNSYLVANIA,0.0964152,799257.4634760849
2045,39,0.0,0.0,RI,RHODE ISLAND,0.0964152,0.0
2045,40,1786.3513226225175,29.298285975486184,SC,SOUTH CAROLINA,0.0964152,172231.42004091456
2045,41,2405383.41819076,17314.38981158538,SD,SOUTH DAKOTA,0.0964152,231915523.3415458
2045,42,63357.0322991423,684.0293179347705,TN,TENNESSEE,0.0964152,6108580.940528265
2045,43,5052633.61413124,36024.79264958019,TX,TEXAS,0.0964152,487150680.43318635
2045,44,14447.761956442188,2057.8051963987355,UT,UTAH,0.0964152,1392983.8585827649
2045,45,33.66321084638531,0.8600814040788627,VT,VERMONT,0.0964152,3245.64520639641
2045,46,30.209257626977934,7.256340663764919,VA,VIRGINIA,0.0964152,2912.631615956603
2045,47,2162483.486908325,23820.117975589717,WA,WASHINGTON,0.0964152,208496277.88696358
2045,48,0.0,0.0,WV,WEST VIRGINIA,0.0964152,0.0
2045,49,57129.99353719225,288.859759876404,WI,WISCONSIN,0.0964152,5508199.752887098
2045,50,544831.6929692978,8119.016092960077,WY,WYOMING,0.0964152,52530056.64397344
2046,0,5852.644423734631,114.44406528966417,AL,ALABAMA,0.09672064,566071.5143560447
2046,2,0.7433244033669487,17.768294299736812,AZ,ARIZONA,0.09672064,71.89481202126943
2046,3,593458.003499633,4542.570739619321,AR,ARKANSAS,0.09672064,57399637.91160675
2046,4,31493.125151199467,1606.4310247323654,CA,CALIFORNIA,0.09672064,3046035.220224109
2046,5,1998357.0192617704,36554.72976842686,CO,COLORADO,0.09672064,193282369.85149077
2046,6,0.0,0.0,CT,CONNECTICUT,0.09672064,0.0
2046,7,22132.78124222161,214.57657005462303,DE,DELAWARE,0.09672064,2140696.766727669
2046,8,0.0,0.0,DC,DISTRICT OF COLUMBIA,0.09672064,0.0
2046,9,859.5044907433285,7.699012741136361,FL,FLORIDA,0.09672064,83131.8244275688
2046,10,21170.8871376595,563.7014726217316,GA,GEORGIA,0.09672064,2047661.753322195
2046,12,437262.56412450335,10970.704617636557,ID,IDAHO,0.09672064,42292315.050163
2046,13,190778.78730390617,1638.240181151109,IL,ILLINOIS,0.09672064,18452246.406457677
2046,14,40685.00943500863,413.369455881536,IN,INDIANA,0.09672064,3935080.150960073
2046,15,5010.873103002834,14.849086191790756,IA,IOWA,0.09672064,484654.85348122
2046,16,16532563.391169673,75100.18925584189,KS,KANSAS,0.09672064,1599040112.034501
2046,17,13733.083719369648,762.6932080761951,KY,KENTUCKY,0.09672064,1328272.6465110127
2046,18,225304.47513394192,1266.9677227099814,LA,LOUISIANA,0.09672064,21791593.02981895
2046,19,0.0,0.0,ME,MAINE,0.09672064,0.0
2046,20,52294.971499658444,500.0209630672543,MD,MARYLAND,0.09672064,5058003.112228724
2046,21,0.0,0.0,MA,MASSACHUSETTS,0.09672064,0.0
2046,22,37392.462724820754,168.04914170965384,MI,MICHIGAN,0.09672064,3616622.9259208073
2046,23,3424998.375057591,13351.104074240677,MN,MINNESOTA,0.09672064,331268034.83453023
2046,24,135851.1809608721,871.2545489462806,MS,MISSISSIPPI,0.09672064,13139613.167291362
2046,25,584920.4950128773,5485.961576705463,MO,MISSOURI,0.09672064,56573884.62676229
2046,26,10907468.922408937,79464.83440710942,MT,MONTANA,0.09672064,1054977374.9555027
2046,27,5830796.103092576,22333.71304174312,NE,NEBRASKA,0.09672064,563958330.80062
2046,28,14752.818637161748,1828.5028512399629,NV,NEVADA,0.09672064,1426902.060390212
2046,29,0.0,0.0,NH,NEW HAMPSHIRE,0.09672064,0.0
2046,30,1669.7390611935955,41.453392783935776,NJ,NEW JERSEY,0.09672064,161498.2306316437
2046,31,247382.47811635467,4194.986162572486,NM,NEW MEXICO,0.09672064,23926991.608199816
2046,32,2287.405851854208,44.72200564904969,NY,NEW YORK,0.09672064,221239.35793108417
2046,33,9992.606987151212,291.5422596668636,NC,NORTH CAROLINA,0.09672064,966491.3430657369
2046,34,12474624.085289016,48354.2541098762,ND,NORTH DAKOTA,0.09672064,1206553625.2885683
2046,35,21646.78192953944,165.81507425958227,OH,OHIO,0.09672064,2093690.6021654892
2046,36,9626262.24328366,48820.242877919816,OK,OKLAHOMA,0.09672064,931058244.9782312
2046,37,5007880.710187775,23754.61690461769,OR,OREGON,0.09672064,484365427.3330161
2046,38,9737.626098633396,458.2240497677634,PA,PENNSYLVANIA,0.09672064,941829.4283405251
2046,39,0.0,0.0,RI,RHODE ISLAND,0.09672064,0.0
2046,40,4311.230329719993,123.70639474908369,SC,SOUTH CAROLINA,0.09672064,416984.95667792874
2046,41,6048691.7080719145,25005.730127928968,SD,SOUTH DAKOTA,0.09672064,585033333.1674087
2046,42,33226.83071376165,775.7438827541869,TN,TENNESSEE,0.09672064,3213720.3318066834
2046,43,8246431.077067431,52220.06719052848,TX,TEXAS,0.09672064,797600091.4898512
2046,44,20373.42417918804,2911.701357166617,UT,UTAH,0.09672064,1970530.6256025422
2046,45,0.0,0.0,VT,VERMONT,0.09672064,0.0
2046,46,8455.908751051196,153.78481489936385,VA,VIRGINIA,0.09672064,817860.9061832724
2046,47,2053517.98643332,22048.99052892861,WA,WASHINGTON,0.09672064,198617573.89934203
2046,48,0.0,0.0,WV,WEST VIRGINIA,0.09672064,0.0
2046,49,58069.42628281909,350.24471962841005,WI,WISCONSIN,0.09672064,5616512.074507084
2046,50,729244.7623991529,10035.141652831546,WY,WYOMING,0.09672064,70533020.135894
2047,0,83661.01461155132,527.8575472097602,AL,ALABAMA,0.09702608,8117300.296581547
2047,2,0.6030773461545221,14.41585359425893,AZ,ARIZONA,0.09702608,58.51423083417636
2047,3,961833.3246402527,5214.1088790704125,AR,ARKANSAS,0.09702608,93322917.10321113
2047,4,52167.62448987383,2699.617554848506,CA,CALIFORNIA,0.09702608,5061620.107164457
2047,5,915850.1899862528,20756.527338383574,CO,COLORADO,0.09702608,88861353.80162136
2047,6,0.0,0.0,CT,CONNECTICUT,0.09702608,0.0
2047,7,15452.192148265804,173.86005413856404,DE,DELAWARE,0.09702608,1499265.6315530096
2047,8,0.0,0.0,DC,DISTRICT OF COLUMBIA,0.09702608,0.0
2047,9,9252.499459094808,53.2371998507175,FL,FLORIDA,0.09702608,897733.7527180895
2047,10,292822.2065277286,1802.3938077851396,GA,GEORGIA,0.09702608,28411390.836335912
2047,12,604615.1906083527,14468.724807176792,ID,IDAHO,0.09702608,58663441.85318127
2047,13,489722.3837893022,2582.843394769748,IL,ILLINOIS,0.09702608,47515843.187331535
2047,14,91891.2955425548,587.6803645541078,IN,INDIANA,0.09702608,8915852.192615565
2047,15,3774.434799733657,14.144590940441564,IA,IOWA,0.09702608,366218.6128337418
2047,16,7054421.642880365,38839.45386962258,KS,KANSAS,0.09702608,684462878.6758418
2047,17,86332.44985925064,1180.264317571752,KY,KENTUCKY,0.09702608,8376499.186639642
2047,18,163604.54801390696,989.8649292213198,LA,LOUISIANA,0.09702608,15873907.963961178
2047,19,0.0,0.0,ME,MAINE,0.09702608,0.0
2047,20,39777.73157092028,347.95535635132995,MD,MARYLAND,0.09702608,3859477.365618637
2047,21,0.0,0.0,MA,MASSACHUSETTS,0.09702608,0.0
2047,22,61756.553145893326,231.6118605931908,MI,MICHIGAN,0.09702608,5991996.266057698
2047,23,1549279.1209222942,8235.35916494192,MN,MINNESOTA,0.09702608,150320479.92893618
2047,24,236408.24325179376,939.6862153931486,MS,MISSISSIPPI,0.09702608,22937765.122408
2047,25,573602.8632883284,5453.5045669250085,MO,MISSOURI,0.09702608,55654437.30164242
2047,26,7422680.243523963,63367.33507159021,MT,MONTANA,0.09702608,720193567.1225755
2047,27,3852592.119042332,21885.747832019108,NE,NEBRASKA,0.09702608,373801911.1495708
2047,28,17444.122637398734,2137.050338676237,NV,NEVADA,0.09702608,1692534.8385460607
2047,29,0.0,0.0,NH,NEW HAMPSHIRE,0.09702608,0.0
2047,30,4358.254274895895,95.8529837700018,NJ,NEW JERSEY,0.09702608,422864.3279363911
2047,31,124876.23734362469,2657.609125440544,NM,NEW MEXICO,0.09702608,12116251.794601517
2047,32,4188.82661048514,48.20022951349723,NY,NEW YORK,0.09702608,406425.42581506004
2047,33,97414.10517279796,1170.9702122019585,NC,NORTH CAROLINA,0.09702608,9451708.761624308
2047,34,4778527.689148531,26770.741479773635,ND,NORTH DAKOTA,0.09702608,463641809.8495405
2047,35,146410.79996154722,635.7673814772891,OH,OHIO,0.09702608,14205665.989933077
2047,36,2863833.198995399,15683.141521638585,OK,OKLAHOMA,0.09702608,277866509.0723835
2047,37,5602346.573153376,26026.85169532925,OR,OREGON,0.09702608,543573726.7945052
2047,38,3287.8427312926115,146.84975735997202,PA,PENNSYLVANIA,0.09702608,319006.4918738154
2047,39,0.0,0.0,RI,RHODE ISLAND,0.09702608,0.0
2047,40,74489.45592721643,843.0431113725807,SC,SOUTH CAROLINA,0.09702608,7227419.909950577
2047,41,3644465.114114451,21657.28788041501,SD,SOUTH DAKOTA,0.09702608,353608163.7192779
2047,42,222200.7874172224,1229.098901473432,TN,TENNESSEE,0.09702608,21559271.376006417
2047,43,3739032.197438712,23570.8772905155,TX,TEXAS,0.09702608,362783637.1112643
2047,44,23823.346407423887,3393.1764781703478,UT,UTAH,0.09702608,2311485.914394423
2047,45,71.64716471183333,0.9520568299023696,VT,VERMONT,0.09702608,6951.643535103517
2047,46,18953.84141442246,253.5277628955004,VA,VIRGINIA,0.09702608,1839016.9333830667
2047,47,2288062.9490131065,24427.56840133548,WA,WASHINGTON,0.09702608,222001778.73598158
2047,48,622.4727188542336,34.06685127608556,WV,WEST VIRGINIA,0.09702608,60396.08781736837
2047,49,133203.04185345757,535.7246549387571,WI,WISCONSIN,0.09702608,12924168.995116923
2047,50,693239.4215216653,9666.203473101888,WY,WYOMING,0.09702608,67262303.57171482
2048,0,6014.13734619408,162.18390765333086,AL,ALABAMA,0.09733152,585365.129393836
2048,2,0.5799982882743808,13.864175900485469,AZ,ARIZONA,0.09733152,56.45211499514366
2048,3,877116.7652971338,5028.426973453495,AR,ARKANSAS,0.09733152,85371107.9838533
2048,4,44508.86143162598,2268.322125210324,CA,CALIFORNIA,0.09733152,4332115.136609533
2048,5,2230317.32199425,38263.15745936262,CO,COLORADO,0.09733152,217080175.03202984
2048,6,0.0,0.0,CT,CONNECTICUT,0.09733152,0.0
2048,7,17.943696553920695,8.813654145136443,DE,DELAWARE,0.09733152,1746.487260011863
2048,8,0.0,0.0,DC,DISTRICT OF COLUMBIA,0.09733152,0.0
2048,9,65.19969936020995,4.57427546022511,FL,FLORIDA,0.09733152,6345.985842272262
2048,10,59197.542058791645,893.0878698723469,GA,GEORGIA,0.09733152,5761786.74884612
2048,12,518330.3555364589,12654.723595816104,ID,IDAHO,0.09733152,50449881.36650396
2048,13,58748.35078917346,408.2587766744588,IL,ILLINOIS,0.09733152,5718066.279803453
2048,14,40608.1986785784,309.02513103389646,IN,INDIANA,0.09733152,3952457.7018480278
2048,15,2830.2175373209693,11.224342663035593,IA,IOWA,0.09733152,275469.3748381067
2048,16,13690618.322770951,60850.21692464248,KS,KANSAS,0.09733152,1332528691.0951474
2048,17,39338.65394812475,778.8510257643019,KY,KENTUCKY,0.09733152,3828890.9835249833
2048,18,225738.1932997742,1232.4226822837488,LA,LOUISIANA,0.09733152,21971441.47592084
2048,19,0.0,0.0,ME,MAINE,0.09733152,0.0
2048,20,1898.2673449877425,75.84425448593079,MD,MARYLAND,0.09733152,184761.24605402138
2048,21,0.0,0.0,MA,MASSACHUSETTS,0.09733152,0.0
2048,22,7602.5959508136975,19.413779709229612,MI,MICHIGAN,0.09733152,739972.2198385425
2048,23,649622.803518739,4122.161144014583,MN,MINNESOTA,0.09733152,63228774.89314022
2048,24,126662.54771678896,718.465220799338,MS,MISSISSIPPI,0.09733152,12328258.2963476
2048,25,76137.13717761586,725.685250592571,MO,MISSOURI,0.09733152,7410543.289945862
2048,26,6456192.2313896585,65017.00450894606,MT,MONTANA,0.09733152,628391003.2933472
2048,27,4810268.919293717,21988.41828507112,NE,NEBRASKA,0.09733152,468190785.52361476
2048,28,17682.693197285997,2166.2772196379774,NV,NEVADA,0.09733152,1721083.406585506
2048,29,0.0,0.0,NH,NEW HAMPSHIRE,0.09733152,0.0
2048,30,379.1084295400912,18.95656058666961,NJ,NEW JERSEY,0.09733152,36899.19969194998
2048,31,293168.04168785264,4522.967041802756,NM,NEW MEXICO,0.09733152,28534491.112902064
2048,32,1211.3674923968915,23.05673604717623,NY,NEW YORK,0.09733152,117904.23931357791
2048,33,48398.00472197165,592.5265097256382,NC,NORTH CAROLINA,0.09733152,4710651.364556679
2048,34,5964889.811606866,35192.18081795033,ND,NORTH DAKOTA,0.09733152,580571791.99621
2048,35,24892.114446833457,212.66158527295724,OH,OHIO,0.09733152,2422787.33512426
2048,36,9735416.57161506,47467.89259833027,OK,OKLAHOMA,0.09733152,947562892.7484828
2048,37,5199599.695795863,24992.14724504921,OR,OREGON,0.09733152,506084941.783349
2048,38,2583.7529880316188,149.3589268574388,PA,PENNSYLVANIA,0.09733152,251480.6056296593
2048,39,0.0,0.0,RI,RHODE ISLAND,0.09733152,0.0
2048,40,28269.952081248208,429.03734186085615,SC,SOUTH CAROLINA,0.09733152,2751557.4063950516
2048,41,2380282.611281846,18185.135631126643,SD,SOUTH DAKOTA,0.09733152,231676524.58563122
2048,42,94455.52126724074,820.798346567572,TN,TENNESSEE,0.09733152,9193499.457332866
2048,43,8467824.47306212,48398.962251257486,TX,TEXAS,0.09733152,824186227.0563353
2048,44,22224.817591164887,3165.994784311871,UT,UTAH,0.09733152,2163175.277870817
2048,45,223.040682898366,11.377683594002574,VT,VERMONT,0.09733152,21708.888688335966
2048,46,8824.757696689738,117.540441124212,VA,VIRGINIA,0.09733152,858927.0802505112
2048,47,2214200.19309859,24532.291068875373,WA,WASHINGTON,0.09733152,215511470.3785793
2048,48,0.0,0.0,WV,WEST VIRGINIA,0.09733152,0.0
2048,49,11756.680478613578,100.17860724836,WI,WISCONSIN,0.09733152,1144295.581137787
2048,50,640783.2948669855,9491.881824475222,WY,WYOMING,0.09733152,62368412.080011904
2049,0,0.0,0.0,AL,ALABAMA,0.09763696,0.0
2049,2,0.6030620813012987,14.415488705923108,AZ,ARIZONA,0.09763696,58.881148309531646
2049,3,78920.36248709747,1193.3368870865283,AR,ARKANSAS,0.09763696,7705544.275338236
2049,4,34004.9110428977,1763.1369428004828,CA,CALIFORNIA,0.09763696,3320136.139298961
2049,5,1429729.44813857,31536.27452550636,CO,COLORADO,0.09763696,139594436.93872762
2049,6,0.0,0.0,CT,CONNECTICUT,0.09763696,0.0
2049,7,0.0,0.0,DE,DELAWARE,0.09763696,0.0
2049,8,0.0,0.0,DC,DISTRICT OF COLUMBIA,0.09763696,0.0
2049,9,0.0,0.0,FL,FLORIDA,0.09763696,0.0
2049,10,0.0,0.0,GA,GEORGIA,0.09763696,0.0
2049,12,398573.5598936779,11238.481586599122,ID,IDAHO,0.09763696,38915510.72439663
2049,13,13711.778313816589,164.8918391785145,IL,ILLINOIS,0.09763696,1338776.3507549777
2049,14,19893.52856967821,193.68253379309252,IN,INDIANA,0.09763696,1942343.6532165285
2049,15,2156.7319702852155,9.255705897596176,IA,IOWA,0.09763696,210576.75311345875
2049,16,13316999.220080504,67075.70061853356,KS,KANSAS,0.09763696,1300231320.1710312
2049,17,2093.699693737885,49.27463484512235,KY,KENTUCKY,0.09763696,204422.4732494981
2049,18,37656.25054717864,623.3801733944011,LA,LOUISIANA,0.09763696,3676641.828424859
2049,19,0.0,0.0,ME,MAINE,0.09763696,0.0
2049,20,0.0,0.0,MD,MARYLAND,0.09763696,0.0
2049,21,0.0,0.0,MA,MASSACHUSETTS,0.09763696,0.0
2049,22,22534.29808027262,41.78250814864771,MI,MICHIGAN,0.09763696,2200180.3602916542
2049,23,348284.11725863296,1894.9766739686756,MN,MINNESOTA,0.09763696,34005402.425416455
2049,24,22038.859301322023,258.1027887724855,MS,MISSISSIPPI,0.09763696,2151807.2240488064
2049,25,115782.82640487092,2057.098590080308,MO,MISSOURI,0.09763696,11304683.190379325
2049,26,9074675.657580797,77904.36685945632,MT,MONTANA,0.09763696,886023744.1921899
2049,27,2921832.571618817,19844.760845294837,NE,NEBRASKA,0.09763696,285278849.9218435
2049,28,16896.662224909596,2085.800683338048,NV,NEVADA,0.09763696,1649738.7337870093
2049,29,0.0,0.0,NH,NEW HAMPSHIRE,0.09763696,0.0
2049,30,118.200998731201,3.330415489163985,NJ,NEW JERSEY,0.09763696,11540.786185078321
2049,31,154467.79873048974,4171.766668978757,NM,NEW MEXICO,0.09763696,15081766.285936875
2049,32,0.0,0.0,NY,NEW YORK,0.09763696,0.0
2049,33,3305.3814606523806,59.72175957129505,NC,NORTH CAROLINA,0.09763696,322727.397458458
2049,34,1987364.8051468595,11452.506878787044,ND,NORTH DAKOTA,0.09763696,194040257.9855317
2049,35,40828.31647644051,300.1511947175616,OH,OHIO,0.09763696,3986352.702677563
2049,36,6176250.521348863,35092.955758340555,OK,OKLAHOMA,0.09763696,603030325.102918
2049,37,5567152.386837957,26804.83732975161,OR,OREGON,0.09763696,543559834.9076022
2049,38,11.019562386130644,1.942599339744352,PA,PENNSYLVANIA,0.09763696,1075.9165719121422
2049,39,0.0,0.0,RI,RHODE ISLAND,0.09763696,0.0
2049,40,178.4285392750384,4.624256603233628,SC,SOUTH CAROLINA,0.09763696,17421.22015205535
2049,41,1818182.8571717285,15452.612222256355,SD,SOUTH DAKOTA,0.09763696,177521846.89836177
2049,42,14948.417752392534,345.5287530084332,TN,TENNESSEE,0.09763696,1459518.0661536397
2049,43,7835398.749668915,48684.2574982938,TX,TEXAS,0.09763696,765024514.3054738
2049,44,22331.23208701809,3235.427874578667,UT,UTAH,0.09763696,2180353.6140309013
2049,45,6.691956604631991,0.4489773623911858,VT,VERMONT,0.09763696,653.3822993281894
2049,46,0.0,0.0,VA,VIRGINIA,0.09763696,0.0
2049,47,2420468.3223403078,27528.1172176428,WA,WASHINGTON,0.09763696,236327168.76960772
2049,48,0.0,0.0,WV,WEST VIRGINIA,0.09763696,0.0
2049,49,6442.552468744477,52.83151066694517,WI,WISCONSIN,0.09763696,629031.2376887057
2049,50,552797.6503684752,9112.721225136582,WY,WYOMING,0.09763696,53973482.077120796
2050,0,289.93700798698114,9.229745340598702,AL,ALABAMA,0.0979424,28397.1264110641
2050,2,0.5799983427857437,13.86417720351539,AZ,ARIZONA,0.0979424,56.80642968845842
2050,3,255784.9614416301,2766.930253120232,AR,ARKANSAS,0.0979424,25052193.00750071
2050,4,25933.685680818548,1332.4329382089006,CA,CALIFORNIA,0.0979424,2540007.4164250023
2050,5,953346.488514966,24340.743565096796,CO,COLORADO,0.0979424,93373043.1167282
2050,6,0.0,0.0,CT,CONNECTICUT,0.0979424,0.0
2050,7,4528.464226261006,93.19530667698828,DE,DELAWARE,0.0979424,443528.6546341459
2050,8,0.0,0.0,DC,DISTRICT OF COLUMBIA,0.0979424,0.0
2050,9,0.0,0.0,FL,FLORIDA,0.0979424,0.0
2050,10,0.0,0.0,GA,GEORGIA,0.0979424,0.0
2050,12,456111.9480986246,12098.377718352624,ID,IDAHO,0.0979424,44672698.865454726
2050,13,26249.25551079712,354.1334721386416,IL,ILLINOIS,0.0979424,2570915.082940696
2050,14,37994.14451289387,408.5417731367245,IN,INDIANA,0.0979424,3721237.6995396568
2050,15,0.0,0.0,IA,IOWA,0.0979424,0.0
2050,16,9311126.06342331,56624.584149669885,KS,KANSAS,0.0979424,911954033.3542311
2050,17,38989.376392785205,1224.018741540327,KY,KENTUCKY,0.0979424,3818713.0984127256
2050,18,141491.16587399162,1040.59774530806,LA,LOUISIANA,0.0979424,13857984.364496836
2050,19,0.0,0.0,ME,MAINE,0.0979424,0.0
2050,20,7339.400365180321,179.83613737136187,MD,MARYLAND,0.0979424,718838.4863266371
2050,21,0.0,0.0,MA,MASSACHUSETTS,0.0979424,0.0
2050,22,24415.035376305383,69.41676191009985,MI,MICHIGAN,0.0979424,2391267.1608402524
2050,23,413455.1198175972,3709.304613685812,MN,MINNESOTA,0.0979424,40494786.72722303
2050,24,14902.042883158543,248.27155363668987,MS,MISSISSIPPI,0.0979424,1459541.8448794673
2050,25,74325.09141242274,1183.8323823556611,MO,MISSOURI,0.0979424,7279577.833152073
2050,26,3783041.1144146696,37714.34853091504,MT,MONTANA,0.0979424,370520126.0444473
2050,27,1484473.3415734142,12007.444429557638,NE,NEBRASKA,0.0979424,145392881.80971995
2050,28,18831.71697849769,2310.639960445312,NV,NEVADA,0.0979424,1844423.5569948123
2050,29,0.0,0.0,NH,NEW HAMPSHIRE,0.0979424,0.0
2050,30,6097.366967615237,138.7539070516126,NJ,NEW JERSEY,0.0979424,597190.7544889585
2050,31,81779.94179310153,1688.8880724961134,NM,NEW MEXICO,0.0979424,8009723.771076668
2050,32,1620.0391276162493,36.34150939342974,NY,NEW YORK,0.0979424,158670.52025264173
2050,33,57453.4587922349,829.2638796202772,NC,NORTH CAROLINA,0.0979424,5627129.642412588
2050,34,1331165.561040952,11681.396407545251,ND,NORTH DAKOTA,0.0979424,130377549.84569736
2050,35,110254.9900673964,915.1394865353916,OH,OHIO,0.0979424,10798638.339176966
2050,36,6506934.855668874,35028.064464028226,OK,OKLAHOMA,0.0979424,637304816.4078631
2050,37,5058303.1446745545,24950.251462464003,OR,OREGON,0.0979424,495422349.9169731
2050,38,2161.5408835125754,162.45273444777644,PA,PENNSYLVANIA,0.0979424,211706.50182934207
2050,39,0.0,0.0,RI,RHODE ISLAND,0.0979424,0.0
2050,40,16356.402227447075,271.2525942197953,SC,SOUTH CAROLINA,0.0979424,1601985.2895215123
2050,41,789203.24182246,11728.580526158925,SD,SOUTH DAKOTA,0.0979424,77296459.5918721
2050,42,24428.60136379396,418.82825276087294,TN,TENNESSEE,0.0979424,2392595.8462132537
2050,43,3664531.324346981,26779.907977695,TX,TEXAS,0.0979424,358912992.7817218
2050,44,24571.395432867703,3502.9214462991367,UT,UTAH,0.0979424,2406581.440044102
2050,45,783.1890706064296,11.378820111694198,VT,VERMONT,0.0979424,76707.41722896317
2050,46,2676.0148012144364,83.02213743607766,VA,VIRGINIA,0.0979424,262095.31206646483
2050,47,1357528.1352897198,15284.56300934112,WA,WASHINGTON,0.0979424,132959563.63779986
2050,48,0.0,0.0,WV,WEST VIRGINIA,0.0979424,0.0
2050,49,10212.146653890031,70.35832068447675,WI,WISCONSIN,0.0979424,1000202.152433959
2050,50,384883.7219352608,5885.054455252332,WY,WYOMING,0.0979424,37696435.44727209
2051,0,45398.26687887604,361.0502097891399,AL,ALABAMA,0.09942992,4513946.043905295
2051,2,0.4467821104138119,10.679800084232102,AZ,ARIZONA,0.09942992,44.42350949587649
2051,3,381738.00942926994,3548.9316700451727,AR,ARKANSAS,0.09942992,37956179.738511555
2051,4,17265.811319026296,907.6005375815516,CA,CALIFORNIA,0.09942992,1716738.238185879
2051,5,1229194.6994161997,26265.5313093947,CO,COLORADO,0.09942992,122218730.6273768
2051,6,0.0,0.0,CT,CONNECTICUT,0.09942992,0.0
2051,7,2627.033015475635,59.17440405738711,DE,DELAWARE,0.09942992,261205.68256610117
2051,8,0.0,0.0,DC,DISTRICT OF COLUMBIA,0.09942992,0.0
2051,9,9125.561897986976,42.847237599750684,FL,FLORIDA,0.09942992,907353.8894718933
2051,10,179763.36527746206,1956.3047047448197,GA,GEORGIA,0.09942992,17873857.028468832
2051,12,424664.36110562057,10805.690643786034,ID,IDAHO,0.09942992,42224343.45158297
2051,13,28814.79399680599,173.06690174274138,IL,ILLINOIS,0.09942992,2865052.6619189
2051,14,15580.767918129666,174.16350419530514,IN,INDIANA,0.09942992,1549194.5076381993
2051,15,3036.572079220944,15.33988042037698,IA,IOWA,0.09942992,301926.11891117215
2051,16,17901690.38301652,76616.02162210683,KS,KANSAS,0.09942992,1779963642.6481018
2051,17,11422.07961475801,393.1076068199299,KY,KENTUCKY,0.09942992,1135696.4623290198
2051,18,416354.2341989653,1488.832278794647,LA,LOUISIANA,0.09942992,41398068.19806439
2051,19,0.0,0.0,ME,MAINE,0.09942992,0.0
2051,20,888.9057820957188,30.591409752516256,MD,MARYLAND,0.09942992,88383.83080131476
2051,21,0.0,0.0,MA,MASSACHUSETTS,0.09942992,0.0
2051,22,8377.580556707684,19.930632997260247,MI,MICHIGAN,0.09942992,832982.1645470005
2051,23,122155.75160679844,1114.9659566551904,MN,MINNESOTA,0.09942992,12145936.60980384
2051,24,265875.70658899506,1125.5658302186655,MS,MISSISSIPPI,0.09942992,26436000.236087255
2051,25,181014.13927820048,3620.195990695678,MO,MISSOURI,0.09942992,17998221.38730033
2051,26,2290369.923410888,18062.962294793964,MT,MONTANA,0.09942992,227731298.2551507
2051,27,3655723.116623826,21415.05472368483,NE,NEBRASKA,0.09942992,363488257.0280577
2051,28,16081.54854755414,2019.548761252916,NV,NEVADA,0.09942992,1598987.0855594245
2051,29,0.0,0.0,NH,NEW HAMPSHIRE,0.09942992,0.0
2051,30,2442.9121641861198,39.640868962767605,NJ,NEW JERSEY,0.09942992,242898.56105205274
2051,31,335692.71247037774,5189.801143601359,NM,NEW MEXICO,0.09942992,33377899.54551266
2051,32,54.53815675024939,0.9439213666198104,NY,NEW YORK,0.09942992,5422.724562624758
2051,33,310925.4745252502,2280.903057214392,NC,NORTH CAROLINA,0.09942992,30915295.058007665
2051,34,61086.55947807158,782.1666829372913,ND,NORTH DAKOTA,0.09942992,6073831.721979899
2051,35,71038.64736736746,607.5897415234285,OH,OHIO,0.09942992,7063367.024645558
2051,36,12158102.327742592,52004.69086357551,OK,OKLAHOMA,0.09942992,1208879141.7992597
2051,37,4837273.985653947,24642.23287951508,OR,OREGON,0.09942992,480969765.4116531
2051,38,187.9013956651484,14.548157555499628,PA,PENNSYLVANIA,0.09942992,18683.020738874056
2051,39,0.0,0.0,RI,RHODE ISLAND,0.09942992,0.0
2051,40,186791.20549941057,1664.3972832784607,SC,SOUTH CAROLINA,0.09942992,18572634.619509954
2051,41,555024.2133007913,5469.494257674895,SD,SOUTH DAKOTA,0.09942992,55186013.12656063
2051,42,38835.07459589203,761.7011033943093,TN,TENNESSEE,0.09942992,3861368.3602635767
2051,43,8804801.104851391,50053.82275722172,TX,TEXAS,0.09942992,875460669.4712855
2051,44,20013.838319087004,2875.028016295277,UT,UTAH,0.09942992,1989974.3429597556
2051,45,0.0,0.0,VT,VERMONT,0.09942992,0.0
2051,46,18751.463557775016,186.88800671611307,VA,VIRGINIA,0.09942992,1864456.5214324854
2051,47,1254896.335997318,14034.020651600376,WA,WASHINGTON,0.09942992,124774242.29650646
2051,48,0.0,0.0,WV,WEST VIRGINIA,0.09942992,0.0
2051,49,13686.330086853137,103.94513816582486,WI,WISCONSIN,0.09942992,1360830.7056294004
2051,50,372914.7349300304,6472.0148624032245,WY,WYOMING,0.09942992,37078882.26091413
2052,0,8000.662053007689,144.60352940425486,AL,ALABAMA,0.10091744,807406.3326946803
2052,2,0.4467820889251426,10.679799570570776,AZ,ARIZONA,0.10091744,45.08810465217774
2052,3,1239636.010333885,5640.7427248395925,AR,ARKANSAS,0.10091744,125100892.69470921
2052,4,33066.99174247448,1750.397684655271,CA,CALIFORNIA,0.10091744,3337036.1551516633
2052,5,2265209.872665451,40162.87615231372,CO,COLORADO,0.10091744,228599181.4121233
2052,6,0.0,0.0,CT,CONNECTICUT,0.10091744,0.0
2052,7,150.40362566808398,11.723354511825306,DE,DELAWARE,0.10091744,15178.348869141326
2052,8,0.0,0.0,DC,DISTRICT OF COLUMBIA,0.10091744,0.0
2052,9,0.0,0.0,FL,FLORIDA,0.10091744,0.0
2052,10,2623.946395459536,296.61465692818115,GA,GEORGIA,0.10091744,264801.95292700396
2052,12,587266.6600937494,14301.817251150836,ID,IDAHO,0.10091744,59265447.93401135
2052,13,677156.7227785466,2852.83935347557,IL,ILLINOIS,0.10091744,68336922.9416006
2052,14,118813.30863964529,629.415472448504,IN,INDIANA,0.10091744,11990334.945842884
2052,15,8613.258917096633,23.12011238234436,IA,IOWA,0.10091744,869228.0399705644
2052,16,20010250.447151717,82518.32017082039,KS,KANSAS,0.10091744,2019383248.8854067
2052,17,92894.09454913742,1174.2473320114227,KY,KENTUCKY,0.10091744,9374634.213016901
2052,18,167378.66471855628,1124.123859931786,LA,LOUISIANA,0.10091744,16891426.35401502
2052,19,0.0,0.0,ME,MAINE,0.10091744,0.0
2052,20,1386.669349905217,77.65976283180439,MD,MARYLAND,0.10091744,139939.12091889873
2052,21,0.0,0.0,MA,MASSACHUSETTS,0.10091744,0.0
2052,22,88797.98169252757,153.6650428211836,MI,MICHIGAN,0.10091744,8961264.989576748
2052,23,1861118.918145684,8450.643319964418,MN,MINNESOTA,0.10091744,187819356.75483197
2052,24,171613.01741216643,856.6278498582133,MS,MISSISSIPPI,0.10091744,17318746.38791126
2052,25,2111078.4173586355,10307.775503288918,MO,MISSOURI,0.10091744,213044629.51908505
2052,26,10166417.068764836,77592.78400058154,MT,MONTANA,0.10091744,1025968784.5520511
2052,27,6414774.0119233,24965.463937445977,NE,NEBRASKA,0.10091744,647362571.4618288
2052,28,22934.52938615676,2809.6709023925505,NV,NEVADA,0.10091744,2314493.9932557116
2052,29,0.0,0.0,NH,NEW HAMPSHIRE,0.10091744,0.0
2052,30,183.02188313656723,22.96994129554159,NJ,NEW JERSEY,0.10091744,18470.099910121535
2052,31,334685.8178914452,5195.058785516584,NM,NEW MEXICO,0.10091744,33775635.94591084
2052,32,5766.824389690246,78.04152614310357,NY,NEW YORK,0.10091744,581973.154337102
2052,33,630.5496688460898,46.26068996593793,NC,NORTH CAROLINA,0.10091744,63633.45837279514
2052,34,5560070.06918777,34487.69956963285,ND,NORTH DAKOTA,0.10091744,561108037.6030526
2052,35,129361.32268996284,740.7021966431057,OH,OHIO,0.10091744,13054813.520884963
2052,36,9284217.367947306,51744.71193959935,OK,OKLAHOMA,0.10091744,936939449.1767801
2052,37,5434011.714782403,26246.38393334696,OR,OREGON,0.10091744,548386551.1858503
2052,38,882.9075497125659,56.39099050305252,PA,PENNSYLVANIA,0.10091744,89100.7696736649
2052,39,0.0,0.0,RI,RHODE ISLAND,0.10091744,0.0
2052,40,1723.658883092763,185.7678506734818,SC,SOUTH CAROLINA,0.10091744,173947.24191498093
2052,41,6647123.243060837,28570.80137434495,SD,SOUTH DAKOTA,0.10091744,670810661.0541974
2052,42,195678.64681128645,1311.1259322807132,TN,TENNESSEE,0.10091744,19747388.09885919
2052,43,7105680.388303626,46921.22612974606,TX,TEXAS,0.10091744,717087074.2458079
2052,44,28768.84340657825,4099.89546220201,UT,UTAH,0.10091744,2903278.028352756
2052,45,1391.4237845807395,14.62912811163934,VT,VERMONT,0.10091744,140418.9262949997
2052,46,63.70652711020374,2.43565683176166,VA,VIRGINIA,0.10091744,6429.099627252359
2052,47,1784049.1029452845,21174.201621811942,WA,WASHINGTON,0.10091744,180041668.30353457
2052,48,0.0,0.0,WV,WEST VIRGINIA,0.10091744,0.0
2052,49,212324.2929488289,742.076682405816,WI,WISCONSIN,0.10091744,21427224.094205864
2052,50,932556.4756900936,12962.04683637265,WY,WYOMING,0.10091744,94111212.18206649
2053,0,174.34269349653934,5.76581360631732,AL,ALABAMA,0.10240496,17853.55655380537
2053,2,0.5425203904565569,12.968310898413389,AZ,ARIZONA,0.10240496,55.556778883888086
2053,3,98706.57018553544,1050.5860726449948,AR,ARKANSAS,0.10240496,10108042.37158695
2053,4,36647.78648471658,1947.302409423697,CA,CALIFORNIA,0.10240496,3752915.109055942
2053,5,2416845.1760116136,40700.73523270286,CO,COLORADO,0.10240496,247496933.57566223
2053,6,0.0,0.0,CT,CONNECTICUT,0.10240496,0.0
2053,7,1223.7585362155528,56.97765874542033,DE,DELAWARE,0.10240496,125318.94395081225
2053,8,0.0,0.0,DC,DISTRICT OF COLUMBIA,0.10240496,0.0
2053,9,0.0,0.0,FL,FLORIDA,0.10240496,0.0
2053,10,0.0,0.0,GA,GEORGIA,0.10240496,0.0
2053,12,639245.7950941799,15338.36742913582,ID,IDAHO,0.10240496,65461940.07678769
2053,13,78241.80233287172,1370.3644817529898,IL,ILLINOIS,0.10240496,8012348.6382256355
2053,14,35470.49292415354,669.574890669372,IN,INDIANA,0.10240496,3632354.409078227
2053,15,2552.777129784671,23.490910401068064,IA,IOWA,0.10240496,261417.03986451405
2053,16,19464989.292120747,80062.52638152082,KS,KANSAS,0.10240496,1993311449.8600535
2053,17,32537.175422857366,921.0078623899814,KY,KENTUCKY,0.10240496,3331968.147690692
2053,18,35395.74555900662,491.5846078378362,LA,LOUISIANA,0.10240496,3624699.9081402505
2053,19,0.0,0.0,ME,MAINE,0.10240496,0.0
2053,20,2637.817095927258,81.07067162855274,MD,MARYLAND,0.10240496,270125.554195747
2053,21,0.0,0.0,MA,MASSACHUSETTS,0.10240496,0.0
2053,22,13868.022766002468,100.92764291885088,MI,MICHIGAN,0.10240496,1420154.3166315723
2053,23,1445492.4366870746,8011.975136203249,MN,MINNESOTA,0.10240496,148025595.15924242
2053,24,15089.03857493604,157.2262828654431,MS,MISSISSIPPI,0.10240496,1545192.3917047821
2053,25,450843.0929245633,6245.490872657349,MO,MISSOURI,0.10240496,46168568.897216186
2053,26,7265266.425083272,67005.745482448,MT,MONTANA,0.10240496,743999317.6499954
2053,27,5972482.442731347,24603.58772954935,NE,NEBRASKA,0.10240496,611611825.648606
2053,28,24379.691799317647,2986.7153367091496,NV,NEVADA,0.10240496,2496601.3635214516
2053,29,0.0,0.0,NH,NEW HAMPSHIRE,0.10240496,0.0
2053,30,936.202251691685,57.29770799753963,NJ,NEW JERSEY,0.10240496,95871.75413639694
2053,31,343288.20949213044,5299.399602466575,NM,NEW MEXICO,0.10240496,35154415.36151324
2053,32,40.886823909785534,5.27896121089291,NY,NEW YORK,0.10240496,4187.013567008631
2053,33,7085.438615630555,205.77970628353435,NC,NORTH CAROLINA,0.10240496,725584.0580161025
2053,34,3328228.8680255325,18056.865751640977,ND,NORTH DAKOTA,0.10240496,340827144.1009999
2053,35,104316.75192686576,891.256991631233,OH,OHIO,0.10240496,10682552.80840061
2053,36,12737096.787115138,52298.99327733621,OK,OKLAHOMA,0.10240496,1304341887.0006542
2053,37,5958275.237387256,28542.19018626521,OR,OREGON,0.10240496,610156937.3536325
2053,38,3914.6880831145095,194.2201208043126,PA,PENNSYLVANIA,0.10240496,400883.47656381805
2053,39,0.0,0.0,RI,RHODE ISLAND,0.10240496,0.0
2053,40,4406.938551377081,133.86644875557968,SC,SOUTH CAROLINA,0.10240496,451292.366076228
2053,41,6802476.257859338,31866.920319987625,SD,SOUTH DAKOTA,0.10240496,696607309.0870352
2053,42,15814.255982220711,200.3582717043244,TN,TENNESSEE,0.10240496,1619458.2512890727
2053,43,9318727.68945224,51314.40206223878,TX,TEXAS,0.10240496,954283936.2892491
2053,44,28426.619353322527,4048.9353339688314,UT,UTAH,0.10240496,2911026.8178122193
2053,45,0.0,0.0,VT,VERMONT,0.10240496,0.0
2053,46,143.20434938294872,7.358954540307813,VA,VIRGINIA,0.10240496,14664.835670386889
2053,47,1877483.7231215388,23813.31394760472,WA,WASHINGTON,0.10240496,192263645.56691223
2053,48,0.0,0.0,WV,WEST VIRGINIA,0.10240496,0.0
2053,49,37047.59068031302,153.72741774398298,WI,WISCONSIN,0.10240496,3793857.0417138278
2053,50,903719.0296347915,12738.961615149274,WY,WYOMING,0.10240496,92545311.08098964
2054,0,671.0647545305756,33.14447855571585,AL,ALABAMA,0.10389248,69718.58158877274
2054,2,0.6686457217254649,15.98318837921022,AZ,ARIZONA,0.10389248,69.46726227144842
2054,3,79627.92365901955,971.7360240825474,AR,ARKANSAS,0.10389248,8272742.466186214
2054,4,31643.33245015306,1623.604318560635,CA,CALIFORNIA,0.10389248,3287504.283710878
2054,5,1787272.6471234497,37875.1419925848,CO,COLORADO,0.10389248,185684187.74582005
2054,6,0.0,0.0,CT,CONNECTICUT,0.10389248,0.0
2054,7,0.0,0.0,DE,DELAWARE,0.10389248,0.0
2054,8,0.0,0.0,DC,DISTRICT OF COLUMBIA,0.10389248,0.0
2054,9,0.0,0.0,FL,FLORIDA,0.10389248,0.0
2054,10,481.4301854964907,54.792931997077325,GA,GEORGIA,0.10389248,50016.975918090444
2054,12,591526.9029911031,14941.121830285643,ID,IDAHO,0.10389248,61455196.938465126
2054,13,89344.33832266057,1190.153604815177,IL,ILLINOIS,0.10389248,9282204.882300247
2054,14,26428.5220756143,280.40262408094367,IN,INDIANA,0.10389248,2745724.701170317
2054,15,10331.76256139046,34.32220427750657,IA,IOWA,0.10389248,1073392.435274007
2054,16,12169726.129652422,74906.9100808471,KS,KANSAS,0.10389248,1264343028.5303917
2054,17,1087.9409567802363,33.323561438251815,KY,KENTUCKY,0.10389248,113028.88409347156
2054,18,24314.734084080108,342.69801356680483,LA,LOUISIANA,0.10389248,2526118.024535611
2054,19,0.0,0.0,ME,MAINE,0.10389248,0.0
2054,20,2481.4690046262485,50.90156880484288,MD,MARYLAND,0.10389248,257805.96893375242
2054,21,0.0,0.0,MA,MASSACHUSETTS,0.10389248,0.0
2054,22,71881.02242977152,148.38228873911595,MI,MICHIGAN,0.10389248,7467897.685164588
2054,23,355853.14644002257,3221.905687256998,MN,MINNESOTA,0.10389248,36970465.89945712
2054,24,23863.08137741044,307.0499661126478,MS,MISSISSIPPI,0.10389248,2479194.704740986
2054,25,1150106.645958359,11867.917433374325,MO,MISSOURI,0.10389248,119487431.71309589
2054,26,11846848.921400974,92210.04343047636,MT,MONTANA,0.10389248,1230798514.6296723
2054,27,4225955.947710082,22794.04802767027,NE,NEBRASKA,0.10389248,439045043.7783507
2054,28,25910.99265366931,3174.312447634726,NV,NEVADA,0.10389248,2691957.2860514857
2054,29,0.0,0.0,NH,NEW HAMPSHIRE,0.10389248,0.0
2054,30,515.8372368677044,4.720552443921252,NJ,NEW JERSEY,0.10389248,53591.60981453324
2054,31,154320.75782432253,3272.782885608546,NM,NEW MEXICO,0.10389248,16032766.24584827
2054,32,0.0,0.0,NY,NEW YORK,0.10389248,0.0
2054,33,3666.4527597510414,75.20962779443437,NC,NORTH CAROLINA,0.10389248,380916.87001337984
2054,34,2267621.704414426,11630.997677818155,ND,NORTH DAKOTA,0.10389248,235588842.57344162
2054,35,12770.30086574567,146.01460933839826,OH,OHIO,0.10389248,1326738.2272884648
2054,36,8212882.907240628,50795.54655063053,OK,OKLAHOMA,0.10389248,853256773.1828388
2054,37,5964738.554699057,28944.338309920287,OR,OREGON,0.10389248,619691480.9993006
2054,38,39.00527355499312,4.747981115288368,PA,PENNSYLVANIA,0.10389248,4052.354602706651
2054,39,0.0,0.0,RI,RHODE ISLAND,0.10389248,0.0
2054,40,0.0,0.0,SC,SOUTH CAROLINA,0.10389248,0.0
2054,41,2783434.3021677714,22028.245201164435,SD,SOUTH DAKOTA,0.10389248,289177892.56927913
2054,42,4575.373764117097,115.63421622599758,TN,TENNESSEE,0.10389248,475346.92728106026
2054,43,3230678.1262284108,23128.291184367485,TX,TEXAS,0.10389248,335643162.61562264
2054,44,30519.297874113923,4348.192479319952,UT,UTAH,0.10389248,3170725.5440004235
2054,45,0.0,0.0,VT,VERMONT,0.10389248,0.0
2054,46,441.48855249214415,26.03979737386344,VA,VIRGINIA,0.10389248,45867.34061001903
2054,47,2504828.55667577,27962.13417187853,WA,WASHINGTON,0.10389248,260232850.72786626
2054,48,10.987550339705615,0.8153705939368441,WV,WEST VIRGINIA,0.10389248,1141.5238539168588
2054,49,0.0,0.0,WI,WISCONSIN,0.10389248,0.0
2054,50,280174.7937705502,6115.512534198781,WY,WYOMING,0.10389248,29108054.158311017
2055,0,240.83367026909644,13.926066453291256,AL,ALABAMA,0.10538,25379.052172957385
2055,2,0.5556014480062073,13.280998170943633,AZ,ARIZONA,0.10538,58.54928059089413
2055,3,13494.644120828048,275.84100925441646,AR,ARKANSAS,0.10538,1422065.5974528599
2055,4,33238.685226210444,1766.2475169078243,CA,CALIFORNIA,0.10538,3502692.6491380567
2055,5,701089.4960865226,16476.915149496675,CO,COLORADO,0.10538,73880811.09759775
2055,6,0.0,0.0,CT,CONNECTICUT,0.10538,0.0
2055,7,1417.129547896814,71.00401898987278,DE,DELAWARE,0.10538,149337.11175736628
2055,8,0.0,0.0,DC,DISTRICT OF COLUMBIA,0.10538,0.0
2055,9,0.0,0.0,FL,FLORIDA,0.10538,0.0
2055,10,542.0909819692708,24.14660323988703,GA,GEORGIA,0.10538,57125.547679921765
2055,12,566169.4647675998,15183.465605259364,ID,IDAHO,0.10538,59662938.19720967
2055,13,35753.0356019918,413.6881206051703,IL,ILLINOIS,0.10538,3767654.891737896
2055,14,38265.259807822,453.6105236949774,IN,INDIANA,0.10538,4032393.078548283
2055,15,2081.198952859086,40.08113458527646,IA,IOWA,0.10538,219316.7456522905
2055,16,8070006.949435992,44710.2484241248,KS,KANSAS,0.10538,850417332.3315649
2055,17,8887.725472356638,394.346730385365,KY,KENTUCKY,0.10538,936588.5102769425
2055,18,0.0,0.0,LA,LOUISIANA,0.10538,0.0
2055,19,0.0,0.0,ME,MAINE,0.10538,0.0
2055,20,7094.627759054566,188.19795266502317,MD,MARYLAND,0.10538,747631.8732491701
2055,21,0.0,0.0,MA,MASSACHUSETTS,0.10538,0.0
2055,22,37560.4800703849,255.8530341350421,MI,MICHIGAN,0.10538,3958123.3898171615
2055,23,870173.5581755892,6283.1429697928925,MN,MINNESOTA,0.10538,91698889.5605436
2055,24,1696.5990383651656,42.27667467173266,MS,MISSISSIPPI,0.10538,178787.60666292117
2055,25,66008.36213797187,1440.6919159504373,MO,MISSOURI,0.10538,6955961.202099476
2055,26,8253435.270514922,75258.84277487847,MT,MONTANA,0.10538,869747008.8068625
2055,27,1559611.0328987697,16324.237233444535,NE,NEBRASKA,0.10538,164351810.64687234
2055,28,26906.3380492876,3296.7144417574555,NV,NEVADA,0.10538,2835389.903633927
2055,29,0.0,0.0,NH,NEW HAMPSHIRE,0.10538,0.0
2055,30,342.6085136656084,15.702087748913357,NJ,NEW JERSEY,0.10538,36104.08517008182
2055,31,12772.589863473544,428.5383698934722,NM,NEW MEXICO,0.10538,1345975.5198128421
2055,32,435.4899846960794,19.468030639772167,NY,NEW YORK,0.10538,45891.934587272845
2055,33,1537.1238692636089,63.215735251345286,NC,NORTH CAROLINA,0.10538,161982.1133429991
2055,34,2886254.146516873,15355.226807641197,ND,NORTH DAKOTA,0.10538,304153461.95994806
2055,35,99125.48212702828,1013.122717444528,OH,OHIO,0.10538,10445843.306546241
2055,36,833661.2200963654,5934.915943193,OK,OKLAHOMA,0.10538,87851219.373755
2055,37,5996744.449642607,29102.18039648041,OR,OREGON,0.10538,631936930.1033379
2055,38,2895.6261390187165,177.00276152758084,PA,PENNSYLVANIA,0.10538,305141.08252979233
2055,39,0.0,0.0,RI,RHODE ISLAND,0.10538,0.0
2055,40,85.04102575077842,8.150910607390236,SC,SOUTH CAROLINA,0.10538,8961.623293617029
2055,41,2093331.82279478,21229.91377454264,SD,SOUTH DAKOTA,0.10538,220595307.48611394
2055,42,8085.283886624006,330.9480626431794,TN,TENNESSEE,0.10538,852027.2159724379
2055,43,684288.1855403169,5430.58473586714,TX,TEXAS,0.10538,72110288.99223858
2055,44,25987.35268199073,3754.049364147936,UT,UTAH,0.10538,2738547.225628183
2055,45,0.0,0.0,VT,VERMONT,0.10538,0.0
2055,46,1262.0194639549727,33.32531249899825,VA,VIRGINIA,0.10538,132991.61111157504
2055,47,2808429.1716198213,29533.470169093023,WA,WASHINGTON,0.10538,295952266.1052968
2055,48,27.673821986962185,3.352731306469046,WV,WEST VIRGINIA,0.10538,2916.2673609860753
2055,49,17932.424438811464,87.36049821068099,WI,WISCONSIN,0.10538,1889718.8873619519
2055,50,295341.1442180402,5167.113544351377,WY,WYOMING,0.10538,31123049.77769708
