Year,state_id,Production_Loss(ton),Area_Loss(km^2),State_Code,State_Name,Price,Financial_Loss($)
2021,0,14833.36290177971,213.9568870140964,AL,ALABAMA,0.07901176,1172010.109588322
2021,2,0.0,0.0,AZ,ARIZONA,0.07901176,0.0
2021,3,94547.5771845338,1407.9755593624866,AR,ARKANSAS,0.07901176,7470370.47708586
2021,4,5625.779355287519,260.2393088439838,CA,CALIFORNIA,0.07901176,444502.7282329322
2021,5,826048.5351238067,16603.510720371072,CO,COLORADO,0.07901176,65267548.60555378
2021,6,0.0,0.0,CT,CONNECTICUT,0.07901176,0.0
2021,7,3924.73652346251,67.81582626169292,DE,DELAWARE,0.07901176,310100.3402550542
2021,8,0.0,0.0,DC,DISTRICT OF COLUMBIA,0.07901176,0.0
2021,9,1864.885455131214,15.589199807086192,FL,FLORIDA,0.07901176,147347.88200831827
2021,10,36358.40466114544,643.4144400814766,GA,GEORGIA,0.07901176,2872741.543069305
2021,12,151270.4873278433,3742.0728971553153,ID,IDAHO,0.07901176,11952147.439830594
2021,13,211257.49193763395,2335.551258199033,IL,ILLINOIS,0.07901176,16691826.25117827
2021,14,19756.78478063695,533.4517735079289,IN,INDIANA,0.07901176,1561018.3374593395
2021,15,1493.348590994221,8.543766517877957,IA,IOWA,0.07901176,117992.10046797355
2021,16,10584652.50324724,54025.230291831744,KS,KANSAS,0.07901176,836312023.2699702
2021,17,37376.00112327486,985.4611152816516,KY,KENTUCKY,0.07901176,2953143.630511923
2021,18,20870.279042403123,397.9186357015552,LA,LOUISIANA,0.07901176,1648997.4788313855
2021,19,0.0,0.0,ME,MAINE,0.07901176,0.0
2021,20,13485.43485191986,269.7959283177646,MD,MARYLAND,0.07901176,1065507.9420155275
2021,21,0.0,0.0,MA,MASSACHUSETTS,0.07901176,0.0
2021,22,15145.835451195766,48.73941750652863,MI,MICHIGAN,0.07901176,1196699.1156693716
2021,23,1079731.7459570323,5442.934852296685,MN,MINNESOTA,0.07901176,85311505.575938
2021,24,20591.142472645857,221.68915990043968,MS,MISSISSIPPI,0.07901176,1626942.4071745009
2021,25,219088.224988911,2562.393656031964,MO,MISSOURI,0.07901176,17310546.251649838
2021,26,7037780.981749755,39479.68465617342,MT,MONTANA,0.07901176,556067461.862576
2021,27,2526531.7408130737,10585.35697132732,NE,NEBRASKA,0.07901176,199625719.5375048
2021,28,10354.650171577076,1262.541220823917,NV,NEVADA,0.07901176,818139.1342406067
2021,29,0.0,0.0,NH,NEW HAMPSHIRE,0.07901176,0.0
2021,30,1363.04087186568,26.01272674842382,NJ,NEW JERSEY,0.07901176,107696.25823804186
2021,31,73815.8933701576,1411.617902261856,NM,NEW MEXICO,0.07901176,5832323.651148483
2021,32,66.26750521910557,0.4101914003930372,NY,NEW YORK,0.07901176,5235.912218170717
2021,33,58171.830410416514,1163.028644857529,NC,NORTH CAROLINA,0.07901176,4596258.703148531
2021,34,13266321.19149803,43498.77018697144,ND,NORTH DAKOTA,0.07901176,1048195386.0655564
2021,35,75990.02620586162,1515.4420409265003,OH,OHIO,0.07901176,6004105.71297125
2021,36,2758465.035512898,18501.062042945232,OK,OKLAHOMA,0.07901176,217951177.35433656
2021,37,1798912.1150419058,8280.467009526197,OR,OREGON,0.07901176,142135212.29478344
2021,38,7855.804072316631,265.9985582472098,PA,PENNSYLVANIA,0.07901176,620700.9059689044
2021,39,0.0,0.0,RI,RHODE ISLAND,0.07901176,0.0
2021,40,33428.307011574856,759.7723464484097,SC,SOUTH CAROLINA,0.07901176,2641229.37080487
2021,41,3984804.625936324,19358.63374815847,SD,SOUTH DAKOTA,0.07901176,314846426.7513706
2021,42,28302.04290681414,408.13836943740864,TN,TENNESSEE,0.07901176,2236194.2216629013
2021,43,2965822.1795045426,15726.206019819672,TX,TEXAS,0.07901176,234334830.24968985
2021,44,14390.349128359589,2055.1442449878814,UT,UTAH,0.07901176,1137006.811646157
2021,45,0.0,0.0,VT,VERMONT,0.07901176,0.0
2021,46,15278.68261760857,369.69674449800095,VA,VIRGINIA,0.07901176,1207195.6040986602
2021,47,1389709.244106446,14317.816479628473,WA,WASHINGTON,0.07901176,109803373.26511993
2021,48,496.135096575298,19.74507769016213,WV,WEST VIRGINIA,0.07901176,39200.50717818427
2021,49,69364.86158469513,266.25081973136787,WI,WISCONSIN,0.07901176,5480639.795963151
2021,50,197148.4828052135,2401.114905680897,WY,WYOMING,0.07901176,15577048.607769657
2022,0,12106.397217526424,87.08736166268665,AL,ALABAMA,0.07928652,959874.1051153532
2022,2,0.0,0.0,AZ,ARIZONA,0.07928652,0.0
2022,3,249718.28910681317,2119.244688747002,AR,ARKANSAS,0.07928652,19799294.123633124
2022,4,5217.401547217086,246.39473213415917,CA,CALIFORNIA,0.07928652,413669.6121214584
2022,5,516747.5165215919,14173.11668889362,CO,COLORADO,0.07928652,40971112.30363952
2022,6,0.0,0.0,CT,CONNECTICUT,0.07928652,0.0
2022,7,372.9970019663767,14.874184065591038,DE,DELAWARE,0.07928652,29573.634256347163
2022,8,0.0,0.0,DC,DISTRICT OF COLUMBIA,0.07928652,0.0
2022,9,756.5348342641114,3.91348988188273,FL,FLORIDA,0.07928652,59983.014267578146
2022,10,13865.419971590589,246.25672233708428,GA,GEORGIA,0.07928652,1099340.8978859168
2022,12,116795.20824996108,3748.318400836977,ID,IDAHO,0.07928652,9260285.614814704
2022,13,103648.10103112558,1501.8772525079544,IL,ILLINOIS,0.07928652,8217897.235366358
2022,14,11418.024937845805,209.43894507399625,IN,INDIANA,0.07928652,905295.4625950102
2022,15,708.0149158448247,3.7114164136364782,IA,IOWA,0.07928652,56136.03878542902
2022,16,4551112.72627937,19875.533334986696,KS,KANSAS,0.07928652,360841890.19440377
2022,17,8209.852896307568,427.2245488863104,KY,KENTUCKY,0.07928652,650930.6658601479
2022,18,159684.99214313368,1025.0253229385542,LA,LOUISIANA,0.07928652,12660867.32325641
2022,19,0.0,0.0,ME,MAINE,0.07928652,0.0
2022,20,1273.2017201632837,63.070926736338414,MD,MARYLAND,0.07928652,100947.73364976059
2022,21,0.0,0.0,MA,MASSACHUSETTS,0.07928652,0.0
2022,22,36571.37225836256,148.7256359512347,MI,MICHIGAN,0.07928652,2899616.837990108
2022,23,607341.2348920286,2495.964497107965,MN,MINNESOTA,0.07928652,48153972.96709152
2022,24,64422.31378142418,453.7230635218328,MS,MISSISSIPPI,0.07928652,5107821.070077164
2022,25,14842.285066032937,338.5951149772312,MO,MISSOURI,0.07928652,1176793.1317337218
2022,26,2320785.924370522,19453.21906910747,MT,MONTANA,0.07928652,184007039.60832188
2022,27,994994.693790498,5485.226829018102,NE,NEBRASKA,0.07928652,78889666.68911418
2022,28,7239.798541953388,890.483162718078,NV,NEVADA,0.07928652,574018.4318925581
2022,29,0.0,0.0,NH,NEW HAMPSHIRE,0.07928652,0.0
2022,30,305.451434647252,18.230937037654844,NJ,NEW JERSEY,0.07928652,24218.181282188038
2022,31,56284.86484137493,1502.8597549881558,NM,NEW MEXICO,0.07928652,4462631.06194297
2022,32,150.77299782396045,1.7654423469115497,NY,NEW YORK,0.07928652,11954.266307429396
2022,33,38415.28915835898,432.4871639293459,NC,NORTH CAROLINA,0.07928652,3045814.5921600126
2022,34,5734664.100925455,20375.823970402063,ND,NORTH DAKOTA,0.07928652,454681559.9313081
2022,35,20347.42318955665,267.89209921872987,OH,OHIO,0.07928652,1613276.3756672472
2022,36,562796.1158156549,3262.230888477675,OK,OKLAHOMA,0.07928652,44622145.49254023
2022,37,1986033.8868265415,9239.416084963495,OR,OREGON,0.07928652,157465715.4885503
2022,38,371.0208522797001,25.4670905926678,PA,PENNSYLVANIA,0.07928652,29416.95222469149
2022,39,0.0,0.0,RI,RHODE ISLAND,0.07928652,0.0
2022,40,6115.3241758298645,114.66978318545178,SC,SOUTH CAROLINA,0.07928652,484862.77257341804
2022,41,904788.7997134086,5138.7263218920025,SD,SOUTH DAKOTA,0.07928652,71737555.26425317
2022,42,17842.061874346473,324.0917192469691,TN,TENNESSEE,0.07928652,1414634.995641609
2022,43,1154362.906263632,8814.276623570211,TX,TEXAS,0.07928652,91525417.65472959
2022,44,9498.621483885558,1342.0153595080565,UT,UTAH,0.07928652,753112.642254522
2022,45,0.0,0.0,VT,VERMONT,0.07928652,0.0
2022,46,2307.549190264277,48.01165791006465,VA,VIRGINIA,0.07928652,182957.5450248724
2022,47,1592952.392425734,18102.2657594164,WA,WASHINGTON,0.07928652,126299651.7211108
2022,48,0.0,0.0,WV,WEST VIRGINIA,0.07928652,0.0
2022,49,13644.492928949769,103.76489562321768,WI,WISCONSIN,0.07928652,1081824.3615010343
2022,50,100889.57165447754,1424.0380808004284,WY,WYOMING,0.07928652,7999183.040774167
2023,0,0.0,0.0,AL,ALABAMA,0.07956128,0.0
2023,2,0.0,0.0,AZ,ARIZONA,0.07956128,0.0
2023,3,36327.67766165887,491.6493893241619,AR,ARKANSAS,0.07956128,2890276.5341889863
2023,4,1272.072247272784,58.494812914556846,CA,CALIFORNIA,0.07956128,101207.69624549919
2023,5,359866.88696144614,8328.039435359613,CO,COLORADO,0.07956128,28631470.156267967
2023,6,0.0,0.0,CT,CONNECTICUT,0.07956128,0.0
2023,7,0.0,0.0,DE,DELAWARE,0.07956128,0.0
2023,8,0.0,0.0,DC,DISTRICT OF COLUMBIA,0.07956128,0.0
2023,9,0.0,0.0,FL,FLORIDA,0.07956128,0.0
2023,10,0.0,0.0,GA,GEORGIA,0.07956128,0.0
2023,12,86172.49018153694,2448.7544165996146,ID,IDAHO,0.07956128,6855993.619630511
2023,13,5524.983425841292,38.405067898338274,IL,ILLINOIS,0.07956128,439574.75333871826
2023,14,9669.57034173503,171.74115187079747,IN,INDIANA,0.07956128,769323.3934384765
2023,15,218.71050308236497,0.9999502533215076,IA,IOWA,0.07956128,17400.8875746769
2023,16,7519714.642225562,32699.802966830383,KS,KANSAS,0.07956128,598278122.1702077
2023,17,559.7172487881282,10.578109449793365,KY,KENTUCKY,0.07956128,44531.82075166193
2023,18,0.0,0.0,LA,LOUISIANA,0.07956128,0.0
2023,19,0.0,0.0,ME,MAINE,0.07956128,0.0
2023,20,764.673714436321,26.97729924969824,MD,MARYLAND,0.07956128,60838.41950290818
2023,21,0.0,0.0,MA,MASSACHUSETTS,0.07956128,0.0
2023,22,22650.70717116534,126.95481321553405,MI,MICHIGAN,0.07956128,1802119.2554430934
2023,23,537632.0221491444,2467.450881541536,MN,MINNESOTA,0.07956128,42774691.85117428
2023,24,0.0,0.0,MS,MISSISSIPPI,0.07956128,0.0
2023,25,38610.16931625438,472.1826837291678,MO,MISSOURI,0.07956128,3071874.4918179237
2023,26,3889227.877984423,28652.058014640173,MT,MONTANA,0.07956128,309431948.1841245
2023,27,961292.3808581628,4257.249290063824,NE,NEBRASKA,0.07956128,76481652.27532293
2023,28,4033.8604769182393,492.1957719716078,NV,NEVADA,0.07956128,320939.10288502555
2023,29,0.0,0.0,NH,NEW HAMPSHIRE,0.07956128,0.0
2023,30,55.70566609349749,3.9589983908877526,NJ,NEW JERSEY,0.07956128,4432.01409765126
2023,31,87589.46238510094,1650.209694442121,NM,NEW MEXICO,0.07956128,6968729.741870482
2023,32,58.93353816158358,0.4101914007498047,NY,NEW YORK,0.07956128,4688.827731064436
2023,33,3406.440902740001,70.47266198012815,NC,NORTH CAROLINA,0.07956128,271020.79846635
2023,34,5593322.385694228,20059.045549179536,ND,NORTH DAKOTA,0.07956128,445011888.4584865
2023,35,35340.35939856616,299.5262195480045,OH,OHIO,0.07956128,2811724.2294099536
2023,36,1796729.3736391272,13148.320692459229,OK,OKLAHOMA,0.07956128,142950088.78032723
2023,37,1871744.5062233384,9106.089741956775,OR,OREGON,0.07956128,148918388.74809676
2023,38,1158.113631456428,35.263601556179125,PA,PENNSYLVANIA,0.07956128,92141.00290412168
2023,39,0.0,0.0,RI,RHODE ISLAND,0.07956128,0.0
2023,40,0.0,0.0,SC,SOUTH CAROLINA,0.07956128,0.0
2023,41,1912971.3624750967,10528.00226721711,SD,SOUTH DAKOTA,0.07956128,152198450.20186266
2023,42,0.0,0.0,TN,TENNESSEE,0.07956128,0.0
2023,43,2259460.0550208944,14055.430098537588,TX,TEXAS,0.07956128,179765534.0863328
2023,44,5983.748006962509,853.2904797860607,UT,UTAH,0.07956128,476074.6506313861
2023,45,0.0,0.0,VT,VERMONT,0.07956128,0.0
2023,46,0.0,0.0,VA,VIRGINIA,0.07956128,0.0
2023,47,1757251.260596851,20646.730615410157,WA,WASHINGTON,0.07956128,139809159.574699
2023,48,20.278336911976712,0.3828799659575274,WV,WEST VIRGINIA,0.07956128,1613.3704409881145
2023,49,12570.28303943139,47.44282225675296,WI,WISCONSIN,0.07956128,1000107.8085794518
2023,50,18860.75621044763,262.17762708214013,WY,WYOMING,0.07956128,1500585.905871163
2024,0,10568.698081060636,86.19800180838514,AL,ALABAMA,0.07983604,843763.0027474802
2024,2,0.0,0.0,AZ,ARIZONA,0.07983604,0.0
2024,3,268629.1416072977,2221.978671683764,AR,ARKANSAS,0.07983604,21446286.894525886
2024,4,13167.067094245842,649.3489208908029,CA,CALIFORNIA,0.07983604,1051206.4952188947
2024,5,860039.9604409651,16606.916711474012,CO,COLORADO,0.07983604,68662184.6833633
2024,6,0.0,0.0,CT,CONNECTICUT,0.07983604,0.0
2024,7,0.0,0.0,DE,DELAWARE,0.07983604,0.0
2024,8,0.0,0.0,DC,DISTRICT OF COLUMBIA,0.07983604,0.0
2024,9,671.9307182346698,3.514179628771073,FL,FLORIDA,0.07983604,53644.28769821183
2024,10,0.0,0.0,GA,GEORGIA,0.07983604,0.0
2024,12,55823.05995328877,1737.447129230375,ID,IDAHO,0.07983604,4456692.047353161
2024,13,18962.793785708356,96.247980534305,IL,ILLINOIS,0.07983604,1513914.3631875638
2024,14,27890.62197037342,215.3724317619164,IN,INDIANA,0.07983604,2226676.8112516114
2024,15,0.0,0.0,IA,IOWA,0.07983604,0.0
2024,16,14177836.21487621,51704.21432815008,KS,KANSAS,0.07983604,1131902299.1643057
2024,17,1993.566420597661,59.20233240643378,KY,KENTUCKY,0.07983604,159158.44849749166
2024,18,123128.29659000233,901.7760305162528,LA,LOUISIANA,0.07983604,9830075.611691289
2024,19,0.0,0.0,ME,MAINE,0.07983604,0.0
2024,20,0.0,0.0,MD,MARYLAND,0.07983604,0.0
2024,21,0.0,0.0,MA,MASSACHUSETTS,0.07983604,0.0
2024,22,4213.567099735497,8.080390645637372,MI,MICHIGAN,0.07983604,336394.51151716715
2024,23,606931.6573321637,3041.2613040792053,MN,MINNESOTA,0.07983604,48455020.072036915
2024,24,23783.6962264318,149.9541208983776,MS,MISSISSIPPI,0.07983604,1898796.123281258
2024,25,67408.17768194631,526.465726730702,MO,MISSOURI,0.07983604,5381601.969742972
2024,26,7938872.852120887,45273.54868070365,MT,MONTANA,0.07983604,633808170.5768372
2024,27,1822682.4124258903,6945.688344036014,NE,NEBRASKA,0.07983604,145515745.98572987
2024,28,5812.142647248917,721.4230401918255,NV,NEVADA,0.07983604,464018.45287147036
2024,29,0.0,0.0,NH,NEW HAMPSHIRE,0.07983604,0.0
2024,30,0.0,0.0,NJ,NEW JERSEY,0.07983604,0.0
2024,31,54406.486094054286,1151.3941441532916,NM,NEW MEXICO,0.07983604,4343598.400064362
2024,32,0.0,0.0,NY,NEW YORK,0.07983604,0.0
2024,33,30557.280926242,208.3965409684365,NC,NORTH CAROLINA,0.07983604,2439572.3023186936
2024,34,5211895.569620302,19389.522921551288,ND,NORTH DAKOTA,0.07983604,416097103.1720292
2024,35,39868.97365137218,307.7191889821393,OH,OHIO,0.07983604,3182980.9751898954
2024,36,10013846.543775257,40050.02895486135,OK,OKLAHOMA,0.07983604,799465853.2227031
2024,37,1727819.2873722543,8736.039754344763,OR,OREGON,0.07983604,137942249.7394228
2024,38,0.0,0.0,PA,PENNSYLVANIA,0.07983604,0.0
2024,39,0.0,0.0,RI,RHODE ISLAND,0.07983604,0.0
2024,40,40147.58662611027,194.64520582779005,SC,SOUTH CAROLINA,0.07983604,3205224.3317856044
2024,41,248354.91527035023,2286.2343299863564,SD,SOUTH DAKOTA,0.07983604,19827672.949720293
2024,42,6218.096719416736,78.20883118285417,TN,TENNESSEE,0.07983604,496428.2184152233
2024,43,7328437.161830979,40696.80492689325,TX,TEXAS,0.07983604,585073402.3894246
2024,44,4209.624695282979,599.0206407067641,UT,UTAH,0.07983604,336079.7655575997
2024,45,0.0,0.0,VT,VERMONT,0.07983604,0.0
2024,46,0.0,0.0,VA,VIRGINIA,0.07983604,0.0
2024,47,921497.58130789,9503.021336224205,WA,WASHINGTON,0.07983604,73568717.76119997
2024,48,0.0,0.0,WV,WEST VIRGINIA,0.07983604,0.0
2024,49,16939.593389113732,59.33268820884837,WI,WISCONSIN,0.07983604,1352390.0553970195
2024,50,70883.9875894639,888.8319928972442,WY,WYOMING,0.07983604,5659096.868551943
2025,0,6592.84014013038,161.8154198148931,AL,ALABAMA,0.0801108,528157.6978979568
2025,2,0.0,0.0,AZ,ARIZONA,0.0801108,0.0
2025,3,539538.1181170176,3385.049090108338,AR,ARKANSAS,0.0801108,43222830.27284876
2025,4,8879.553377867092,426.6245540471013,CA,CALIFORNIA,0.0801108,711348.1247436351
2025,5,976659.6527876824,19771.03484192284,CO,COLORADO,0.0801108,78240986.11254346
2025,6,0.0,0.0,CT,CONNECTICUT,0.0801108,0.0
2025,7,3877.288443329008,142.22596493300586,DE,DELAWARE,0.0801108,310612.67902584147
2025,8,0.0,0.0,DC,DISTRICT OF COLUMBIA,0.0801108,0.0
2025,9,297.07414911659407,6.984990715529589,FL,FLORIDA,0.0801108,23798.847745049643
2025,10,103519.78604302516,996.744817693178,GA,GEORGIA,0.0801108,8293052.87573558
2025,12,306656.4389589277,8062.5495871935855,ID,IDAHO,0.0801108,24566492.65015086
2025,13,20971.32068701717,142.33444215122591,IL,ILLINOIS,0.0801108,1680029.2772934951
2025,14,3783.6228937800215,63.96416401440517,IN,INDIANA,0.0801108,303109.05691903253
2025,15,89.34675387952507,1.4075654653178489,IA,IOWA,0.0801108,7157.6399306918565
2025,16,9115174.509630974,37147.21232623997,KS,KANSAS,0.0801108,730223922.106145
2025,17,25576.65872623449,855.2957381930798,KY,KENTUCKY,0.0801108,2048966.591885626
2025,18,229564.3967787311,1113.2302558388767,LA,LOUISIANA,0.0801108,18390587.477461573
2025,19,0.0,0.0,ME,MAINE,0.0801108,0.0
2025,20,14731.770022309363,306.3726391475749,MD,MARYLAND,0.0801108,1180173.881903221
2025,21,0.0,0.0,MA,MASSACHUSETTS,0.0801108,0.0
2025,22,35513.42820349935,207.96213560525132,MI,MICHIGAN,0.0801108,2845009.144124896
2025,23,38864.66768729643,217.75019311501796,MN,MINNESOTA,0.0801108,3113479.6201634663
2025,24,60429.54208258095,348.97121571288267,MS,MISSISSIPPI,0.0801108,4841058.9598692255
2025,25,30708.619553516397,332.15533811474296,MO,MISSOURI,0.0801108,2460092.0793278413
2025,26,9828759.33048314,56070.961043050695,MT,MONTANA,0.0801108,787389772.9724687
2025,27,2365579.027122792,9586.665321418095,NE,NEBRASKA,0.0801108,189508428.32602853
2025,28,8989.37259844265,1101.2982191751737,NV,NEVADA,0.0801108,720145.8303593193
2025,29,0.0,0.0,NH,NEW HAMPSHIRE,0.0801108,0.0
2025,30,300.468791723482,16.051230674939248,NJ,NEW JERSEY,0.0801108,24070.795280001523
2025,31,10412.596537944208,266.8576804884334,NM,NEW MEXICO,0.0801108,834161.4387319407
2025,32,1871.4619305007063,17.797271232409727,NY,NEW YORK,0.0801108,149924.31242195598
2025,33,14672.46911865691,515.4669478922065,NC,NORTH CAROLINA,0.0801108,1175423.2390709
2025,34,8485195.627637127,29456.85573010188,ND,NORTH DAKOTA,0.0801108,679755809.8865124
2025,35,13552.786334977038,267.40383065173955,OH,OHIO,0.0801108,1085724.5555240784
2025,36,1204731.7544233191,5947.410338652529,OK,OKLAHOMA,0.0801108,96512024.63225563
2025,37,3142824.870380597,13833.637167368795,OR,OREGON,0.0801108,251774214.62608594
2025,38,97.10831942928472,6.45274039588378,PA,PENNSYLVANIA,0.0801108,7779.425156135542
2025,39,0.0,0.0,RI,RHODE ISLAND,0.0801108,0.0
2025,40,35818.679690679826,437.91863718247794,SC,SOUTH CAROLINA,0.0801108,2869463.0849641133
2025,41,2979590.6559475684,15629.050166525503,SD,SOUTH DAKOTA,0.0801108,238697391.12048444
2025,42,55765.94044626704,656.1756231264128,TN,TENNESSEE,0.0801108,4467454.10190281
2025,43,921824.0767182908,7949.748882589049,TX,TEXAS,0.0801108,73848064.24516365
2025,44,14514.247343245494,2225.0931941061963,UT,UTAH,0.0801108,1162747.966065271
2025,45,0.0,0.0,VT,VERMONT,0.0801108,0.0
2025,46,15359.141012397587,282.31829318076643,VA,VIRGINIA,0.0801108,1230433.0738159805
2025,47,2193859.037580977,22853.987250517683,WA,WASHINGTON,0.0801108,175751802.5878421
2025,48,0.0,0.0,WV,WEST VIRGINIA,0.0801108,0.0
2025,49,41892.746575057,169.6527191632223,WI,WISCONSIN,0.0801108,3356061.442325076
2025,50,177411.58524610032,2693.3150099037325,WY,WYOMING,0.0801108,14212584.023333294
2026,0,14663.40275137038,232.2888747860356,AL,ALABAMA,0.0817141399999999,1198207.3453018628
2026,2,0.0,0.0,AZ,ARIZONA,0.0817141399999999,0.0
2026,3,168946.36083199095,2067.054612788079,AR,ARKANSAS,0.0817141399999999,13805306.581515808
2026,4,5240.505751356461,242.72970084132783,CA,CALIFORNIA,0.0817141399999999,428223.4206371465
2026,5,249406.99084042571,9195.305036098727,CO,COLORADO,0.0817141399999999,20380077.76651324
2026,6,0.0,0.0,CT,CONNECTICUT,0.0817141399999999,0.0
2026,7,41840.125697874304,236.91667094774567,DE,DELAWARE,0.0817141399999999,3418929.8888936946
2026,8,0.0,0.0,DC,DISTRICT OF COLUMBIA,0.0817141399999999,0.0
2026,9,800.9706804700525,7.283389083922731,FL,FLORIDA,0.0817141399999999,65450.630319825046
2026,10,56138.89843911183,633.8712373688929,GA,GEORGIA,0.0817141399999999,4587341.806499359
2026,12,260967.3881047304,7176.801071498105,ID,IDAHO,0.0817141399999999,21324725.687024247
2026,13,14393.977415143798,151.6170057077658,IL,ILLINOIS,0.0817141399999999,1176191.4856578968
2026,14,14181.44913094697,253.0577319065054,IN,INDIANA,0.0817141399999999,1158824.9196890774
2026,15,118.75998040214247,2.7996692848852245,IA,IOWA,0.0817141399999999,9704.369664977914
2026,16,5271971.940427566,37567.86207501369,KS,KANSAS,0.0817141399999999,430794653.2161692
2026,17,39310.78573386669,1189.9453457459058,KY,KENTUCKY,0.0817141399999999,3212247.048967181
2026,18,9690.274107376466,242.05139747101404,LA,LOUISIANA,0.0817141399999999,791832.4150485345
2026,19,0.0,0.0,ME,MAINE,0.0817141399999999,0.0
2026,20,64994.83734856237,423.1078367116909,MD,MARYLAND,0.0817141399999999,5310997.2383776475
2026,21,0.0,0.0,MA,MASSACHUSETTS,0.0817141399999999,0.0
2026,22,28008.66774261724,83.2943440721049,MI,MICHIGAN,0.0817141399999999,2288704.197133706
2026,23,134392.47868905953,2058.300625216556,MN,MINNESOTA,0.0817141399999999,10981765.818544813
2026,24,14906.296203663307,167.83778176611978,MS,MISSISSIPPI,0.0817141399999999,1218055.1748676104
2026,25,45827.21080423668,644.38699355625,MO,MISSOURI,0.0817141399999999,3744731.1194669036
2026,26,4843337.943073169,32561.60856221564,MT,MONTANA,0.0817141399999999,395769194.7475925
2026,27,1013850.678847174,6607.120009099282,NE,NEBRASKA,0.0817141399999999,82845936.31041291
2026,28,7362.480947892374,912.5683367306516,NV,NEVADA,0.0817141399999999,601618.7989234094
2026,29,0.0,0.0,NH,NEW HAMPSHIRE,0.0817141399999999,0.0
2026,30,18417.475508084888,123.67428066221672,NJ,NEW JERSEY,0.0817141399999999,1504968.172114218
2026,31,1201.508685283948,89.13852034152708,NM,NEW MEXICO,0.0817141399999999,98180.24892050834
2026,32,0.0,0.0,NY,NEW YORK,0.0817141399999999,0.0
2026,33,58321.48588058699,923.6188119010084,NC,NORTH CAROLINA,0.0817141399999999,4765690.062254302
2026,34,2289403.314200325,14578.123582111337,ND,NORTH DAKOTA,0.0817141399999999,187076622.93302912
2026,35,44706.6593914423,493.4896077797694,OH,OHIO,0.0817141399999999,3653166.224444626
2026,36,340672.2859681233,4934.255202321276,OK,OKLAHOMA,0.0817141399999999,27837742.86971923
2026,37,2985696.334563918,13781.291776067172,OR,OREGON,0.0817141399999999,243973608.28004253
2026,38,2715.4734984400748,106.57003225576094,PA,PENNSYLVANIA,0.0817141399999999,221892.58161782176
2026,39,0.0,0.0,RI,RHODE ISLAND,0.0817141399999999,0.0
2026,40,28151.047200218287,469.165377908453,SC,SOUTH CAROLINA,0.0817141399999999,2300338.612065242
2026,41,56282.50295506139,1069.5696547713635,SD,SOUTH DAKOTA,0.0817141399999999,4599076.326020294
2026,42,36780.01411027808,615.4095189027386,TN,TENNESSEE,0.0817141399999999,3005447.2222092347
2026,43,176882.57688091247,4067.0417498774505,TX,TEXAS,0.0817141399999999,14453807.650807627
2026,44,11136.030069622018,1597.347412780916,UT,UTAH,0.0817141399999999,909971.1201533021
2026,45,0.0,0.0,VT,VERMONT,0.0817141399999999,0.0
2026,46,44171.20908264245,396.9072687614615,VA,VIRGINIA,0.0817141399999999,3609412.3629483115
2026,47,2350406.0152825685,24650.1267859182,WA,WASHINGTON,0.0817141399999999,192061406.18964168
2026,48,408.6723541882893,14.787384785302526,WV,WEST VIRGINIA,0.0817141399999999,33394.309964271415
2026,49,14028.763868648966,54.98209094787184,WI,WISCONSIN,0.0817141399999999,1146348.3747897218
2026,50,33380.637851437175,459.2021907253952,WY,WYOMING,0.0817141399999999,2727670.1146816327
2027,0,5634.752487543915,106.43187354340306,AL,ALABAMA,0.08331748,469473.37768589036
2027,2,0.0,0.0,AZ,ARIZONA,0.08331748,0.0
2027,3,76388.39544044647,1236.9459002661993,AR,ARKANSAS,0.08331748,6364488.609341491
2027,4,10391.144212853467,490.7420059318648,CA,CALIFORNIA,0.08331748,865763.9501315345
2027,5,538707.7263340985,13774.443496398064,CO,COLORADO,0.08331748,44883770.21468672
2027,6,0.0,0.0,CT,CONNECTICUT,0.08331748,0.0
2027,7,826.8459962409398,14.341099361793392,DE,DELAWARE,0.08331748,68890.72475488458
2027,8,0.0,0.0,DC,DISTRICT OF COLUMBIA,0.08331748,0.0
2027,9,0.0,0.0,FL,FLORIDA,0.08331748,0.0
2027,10,143.05873043277552,4.332243755139971,GA,GEORGIA,0.08331748,11919.292911658165
2027,12,351889.2780846263,9379.969418428693,ID,IDAHO,0.08331748,29318527.889030293
2027,13,198167.62993703957,1631.1741969659615,IL,ILLINOIS,0.08331748,16510827.543926697
2027,14,36928.27650114421,506.7926421447343,IN,INDIANA,0.08331748,3076770.9388185525
2027,15,428.3179296961911,4.445152123959832,IA,IOWA,0.08331748,35686.3705411038
2027,16,5399927.690856973,23694.360957193014,KS,KANSAS,0.08331748,449908367.384422
2027,17,22342.46939496863,1001.94313328176,KY,KENTUCKY,0.08331748,1861518.2469659108
2027,18,2012.6626661969128,26.185324995721945,LA,LOUISIANA,0.08331748,167689.98143760796
2027,19,0.0,0.0,ME,MAINE,0.08331748,0.0
2027,20,7631.646244052454,88.84400782809897,MD,MARYLAND,0.08331748,635849.5333059154
2027,21,0.0,0.0,MA,MASSACHUSETTS,0.08331748,0.0
2027,22,56379.08927581239,255.2293928776995,MI,MICHIGAN,0.08331748,4697363.643155713
2027,23,2076775.6891505567,6604.805515338781,MN,MINNESOTA,0.08331748,173031716.94528773
2027,24,3103.652204691401,29.976168574087005,MS,MISSISSIPPI,0.08331748,258588.48049133172
2027,25,121571.12985417907,1668.0387894356509,MO,MISSOURI,0.08331748,10129000.180202967
2027,26,6201218.718760555,41693.4954487618,MT,MONTANA,0.08331748,516669916.57595813
2027,27,1633356.546802285,7005.791528258952,NE,NEBRASKA,0.08331748,136087151.42106843
2027,28,9504.85258397593,1171.960381958109,NV,NEVADA,0.08331748,791920.3650683628
2027,29,0.0,0.0,NH,NEW HAMPSHIRE,0.08331748,0.0
2027,30,3170.200694287396,50.0665074125837,NJ,NEW JERSEY,0.08331748,264133.13294227625
2027,31,406.0194713758341,6.789339798400321,NM,NEW MEXICO,0.08331748,33828.51918596663
2027,32,837.0548666246958,14.431210444705266,NY,NEW YORK,0.08331748,69741.30210890576
2027,33,112401.41430855692,768.510100342683,NC,NORTH CAROLINA,0.08331748,9365002.588624906
2027,34,11083858.812016938,38712.03247080414,ND,NORTH DAKOTA,0.08331748,923479184.893045
2027,35,20464.851704930217,254.6568256749302,OH,OHIO,0.08331748,1705079.8726284893
2027,36,1324562.4391019978,8954.426778779705,OK,OKLAHOMA,0.08331748,110359204.52863193
2027,37,3427019.797286468,15286.255429031888,OR,OREGON,0.08331748,285530653.4200193
2027,38,2532.440998716433,95.88341800139166,PA,PENNSYLVANIA,0.08331748,210996.60226173644
2027,39,0.0,0.0,RI,RHODE ISLAND,0.08331748,0.0
2027,40,3596.749011910428,22.654879169728865,SC,SOUTH CAROLINA,0.08331748,299672.06386486685
2027,41,2520040.475856323,13061.136520502974,SD,SOUTH DAKOTA,0.08331748,209963421.94634965
2027,42,24059.35044120313,388.3637011320831,TN,TENNESSEE,0.08331748,2004564.4491979328
2027,43,1451184.622708399,9406.749789443376,TX,TEXAS,0.08331748,120909045.77881458
2027,44,17573.043829582457,2543.284755958237,UT,UTAH,0.08331748,1464141.7278103598
2027,45,0.0,0.0,VT,VERMONT,0.08331748,0.0
2027,46,19478.967450623724,206.0526729804181,VA,VIRGINIA,0.08331748,1622938.480987993
2027,47,2505599.0549477427,26233.637395210302,WA,WASHINGTON,0.08331748,208760199.14862746
2027,48,0.0,0.0,WV,WEST VIRGINIA,0.08331748,0.0
2027,49,42509.5222955284,156.9116536371795,WI,WISCONSIN,0.08331748,3541786.2736672414
2027,50,168861.0138629665,2041.589002284372,WY,WYOMING,0.08331748,14069074.145307435
2028,0,26050.694444964694,252.9595061465422,AL,ALABAMA,0.08492082,2212246.3338358467
2028,2,0.0,0.0,AZ,ARIZONA,0.08492082,0.0
2028,3,956706.0894882884,4628.304574821672,AR,ARKANSAS,0.08492082,81244265.61833882
2028,4,14438.012197559789,740.9227526123237,CA,CALIFORNIA,0.08492082,1226087.8349867791
2028,5,730620.736256578,16319.468712118574,CO,COLORADO,0.08492082,62044912.03191233
2028,6,0.0,0.0,CT,CONNECTICUT,0.08492082,0.0
2028,7,32871.21047748048,237.2802397596245,DE,DELAWARE,0.08492082,2791450.148140234
2028,8,0.0,0.0,DC,DISTRICT OF COLUMBIA,0.08492082,0.0
2028,9,189.1043602907833,6.167178783663951,FL,FLORIDA,0.08492082,16058.897341468753
2028,10,103896.19322649724,1022.7460476440464,GA,GEORGIA,0.08492082,8822949.923672592
2028,12,404777.30055638496,10188.11713931388,ID,IDAHO,0.08492082,34374020.280634664
2028,13,941455.7813945912,2599.7661949653684,IL,ILLINOIS,0.08492082,79949196.94976942
2028,14,351591.51095876866,1655.65859189276,IN,INDIANA,0.08492082,29857439.41565762
2028,15,3484.79666533434,8.238268839402311,IA,IOWA,0.08492082,295931.79035345773
2028,16,16517066.659279304,70968.82814607097,KS,KANSAS,0.08492082,1402642844.700659
2028,17,217077.7644004547,1861.033537278705,KY,KENTUCKY,0.08492082,18434421.75665342
2028,18,163351.9127704522,910.513680348384,LA,LOUISIANA,0.08492082,13871978.381035272
2028,19,0.0,0.0,ME,MAINE,0.08492082,0.0
2028,20,53892.84532693605,390.0412513457942,MD,MARYLAND,0.08492082,4576624.6172965765
2028,21,0.0,0.0,MA,MASSACHUSETTS,0.08492082,0.0
2028,22,138325.86117993764,320.73848207937635,MI,MICHIGAN,0.08492082,11746745.55860647
2028,23,2536080.506747931,7040.890220726775,MN,MINNESOTA,0.08492082,215366036.2190498
2028,24,58204.81805273952,369.98704454526666,MS,MISSISSIPPI,0.08492082,4942800.876989443
2028,25,693524.1837126679,4263.275347890689,MO,MISSOURI,0.08492082,58894642.3707104
2028,26,10792408.150750227,58443.53030670961,MT,MONTANA,0.08492082,916500149.9363928
2028,27,1565272.208411239,7597.457553720968,NE,NEBRASKA,0.08492082,132924199.46149331
2028,28,10641.389432767017,1306.339792903454,NV,NEVADA,0.08492082,903675.5165699099
2028,29,0.0,0.0,NH,NEW HAMPSHIRE,0.08492082,0.0
2028,30,13921.569663962244,138.87140611876356,NJ,NEW JERSEY,0.08492082,1182231.111550798
2028,31,62694.09055147028,1286.6964126621267,NM,NEW MEXICO,0.08492082,5324033.578785108
2028,32,4995.933603640038,26.627095817572403,NY,NEW YORK,0.08492082,424258.778286667
2028,33,12418.332250925116,345.2462426517318,NC,NORTH CAROLINA,0.08492082,1054574.9577810066
2028,34,13766916.563748602,42657.49029570543,ND,NORTH DAKOTA,0.08492082,1169097843.4651134
2028,35,460331.86813836754,3109.768329799688,OH,OHIO,0.08492082,39091759.714442044
2028,36,7189637.277965799,41995.937371705295,OK,OKLAHOMA,0.08492082,610549893.1474236
2028,37,3076247.4114953475,14159.360391527636,OR,OREGON,0.08492082,261237452.7070623
2028,38,24646.50966191389,407.7242145610672,PA,PENNSYLVANIA,0.08492082,2093001.8106276502
2028,39,0.0,0.0,RI,RHODE ISLAND,0.08492082,0.0
2028,40,57377.27164726021,556.4417787708705,SC,SOUTH CAROLINA,0.08492082,4872524.957648087
2028,41,3639263.3834968847,16997.314230750366,SD,SOUTH DAKOTA,0.08492082,309049230.7225299
2028,42,165666.349877894,978.5909094185696,TN,TENNESSEE,0.08492082,14068522.278037658
2028,43,6125612.423806152,42574.14092037439,TX,TEXAS,0.08492082,520192030.03180593
2028,44,15044.141246004425,2144.974013612579,UT,UTAH,0.08492082,1277560.8108065175
2028,45,0.0,0.0,VT,VERMONT,0.08492082,0.0
2028,46,6766.797333418863,163.72037086552768,VA,VIRGINIA,0.08492082,574641.9783277432
2028,47,2194089.3477123943,24532.834996801703,WA,WASHINGTON,0.08492082,186323866.56100163
2028,48,336.45264714368705,10.088363130838164,WV,WEST VIRGINIA,0.08492082,28571.83468661256
2028,49,150365.44021713207,367.9099870974932,WI,WISCONSIN,0.08492082,12769156.482899832
2028,50,128917.16708338604,1407.2757985841777,WY,WYOMING,0.08492082,10947751.54079815
2029,0,7882.959568273863,127.68548776802312,AL,ALABAMA,0.08652416,682066.4549588587
2029,2,0.0,0.0,AZ,ARIZONA,0.08652416,0.0
2029,3,59436.588145230045,744.0401152428658,AR,ARKANSAS,0.08652416,5142700.862531988
2029,4,21736.30155857848,1022.3007434150564,CA,CALIFORNIA,0.08652416,1880715.233862694
2029,5,508573.9604036733,14598.460364539678,CO,COLORADO,0.08652416,44003934.721801095
2029,6,0.0,0.0,CT,CONNECTICUT,0.08652416,0.0
2029,7,323.0723896670463,10.853381687850312,DE,DELAWARE,0.08652416,27953.567135133864
2029,8,0.0,0.0,DC,DISTRICT OF COLUMBIA,0.08652416,0.0
2029,9,1134.057593300921,17.76150698823805,FL,FLORIDA,0.08652416,98123.38065198383
2029,10,19697.83570378157,456.4081177014824,GA,GEORGIA,0.08652416,1704338.6880877092
2029,12,379359.8837424934,9936.458051331916,ID,IDAHO,0.08652416,32823795.2785169
2029,13,174999.9493395181,1218.8810327087604,IL,ILLINOIS,0.08652416,15141723.616644358
2029,14,13527.38880378467,189.0479529898229,IN,INDIANA,0.08652416,1170445.9532408735
2029,15,2453.1665859563004,7.99015134075707,IA,IOWA,0.08652416,212258.1781899367
2029,16,4877250.750540108,50302.904069568205,KS,KANSAS,0.08652416,422000024.2998525
2029,17,2842.4337428238277,52.574628645443326,KY,KENTUCKY,0.08652416,245939.19195348772
2029,18,1716.6469383432914,76.38407252529389,LA,LOUISIANA,0.08652416,148531.43435672508
2029,19,0.0,0.0,ME,MAINE,0.08652416,0.0
2029,20,1655.8700656102906,36.69723884493454,MD,MARYLAND,0.08652416,143272.7664960753
2029,21,0.0,0.0,MA,MASSACHUSETTS,0.08652416,0.0
2029,22,59269.91847612248,292.65614046885,MI,MICHIGAN,0.08652416,5128279.909414978
2029,23,1984408.34001157,5785.239042335715,MN,MINNESOTA,0.08652416,171699264.71649548
2029,24,4108.866317152445,38.50566869141956,MS,MISSISSIPPI,0.08652416,355516.20664390887
2029,25,247465.23840827704,3324.080056522076,MO,MISSOURI,0.08652416,21411721.88247591
2029,26,7641103.315939192,44340.18886900512,MT,MONTANA,0.08652416,661140045.8848532
2029,27,2417310.41774719,11227.980345849934,NE,NEBRASKA,0.08652416,209155753.35482472
2029,28,9059.881222532767,1144.6369247184605,NV,NEVADA,0.08652416,783898.6124794208
2029,29,0.0,0.0,NH,NEW HAMPSHIRE,0.08652416,0.0
2029,30,146.3299102022237,18.533506425858,NJ,NEW JERSEY,0.08652416,12661.072563122836
2029,31,8494.491854561013,283.7179283603999,NM,NEW MEXICO,0.08652416,734978.7723427338
2029,32,0.0,0.0,NY,NEW YORK,0.08652416,0.0
2029,33,2619.5046302791898,38.20650748492048,NC,NORTH CAROLINA,0.08652416,226650.43775101748
2029,34,13912912.192174992,41081.07701466126,ND,NORTH DAKOTA,0.08652416,1203803040.5816998
2029,35,14688.891934347916,462.2990595129487,OH,OHIO,0.08652416,1270944.0359502286
2029,36,550629.5896855443,7660.573852151297,OK,OKLAHOMA,0.08652416,47642762.71868638
2029,37,3416460.465309795,15308.964476707062,OR,OREGON,0.08652416,295606371.93413913
2029,38,176.96779170432075,13.078320668270845,PA,PENNSYLVANIA,0.08652416,15311.989524271323
2029,39,0.0,0.0,RI,RHODE ISLAND,0.08652416,0.0
2029,40,1189.7638843631837,15.50773277118737,SC,SOUTH CAROLINA,0.08652416,102943.32069286161
2029,41,4558485.717326797,17856.919976864843,SD,SOUTH DAKOTA,0.08652416,394419147.56369853
2029,42,2332.9184206807463,58.9064250370169,TN,TENNESSEE,0.08652416,201853.80669792823
2029,43,630655.1760467339,7927.484938055911,TX,TEXAS,0.08652416,54566909.35709577
2029,44,17041.956185205458,2407.7774859656256,UT,UTAH,0.08652416,1474540.9436817064
2029,45,0.0,0.0,VT,VERMONT,0.08652416,0.0
2029,46,914.1767431253528,25.03047406692416,VA,VIRGINIA,0.08652416,79098.37479045693
2029,47,2512286.96707186,25904.91786597553,WA,WASHINGTON,0.08652416,217373519.50484037
2029,48,276.3229242778788,4.149119722965443,WV,WEST VIRGINIA,0.08652416,23908.608911887073
2029,49,86664.0184591116,328.397861517145,WI,WISCONSIN,0.08652416,7498531.399399126
2029,50,230752.26635637344,2883.296936937239,WY,WYOMING,0.08652416,19965646.01458147
2030,0,16529.241585819804,204.53450519595188,AL,ALABAMA,0.0881275,1456680.7378543348
2030,2,0.0,0.0,AZ,ARIZONA,0.0881275,0.0
2030,3,36440.04725390447,884.9576990437895,AR,ARKANSAS,0.0881275,3211370.264368466
2030,4,17493.514942424543,836.4868214618931,CA,CALIFORNIA,0.0881275,1541659.7380885188
2030,5,1387548.1311942397,26172.16120867268,CO,COLORADO,0.0881275,122281147.93182035
2030,6,0.0,0.0,CT,CONNECTICUT,0.0881275,0.0
2030,7,2179.390948969404,80.56525402850411,DE,DELAWARE,0.0881275,192064.27585530112
2030,8,0.0,0.0,DC,DISTRICT OF COLUMBIA,0.0881275,0.0
2030,9,1202.1785388661497,7.260651189807646,FL,FLORIDA,0.0881275,105944.9891839266
2030,10,50571.06889730214,622.0907477477544,GA,GEORGIA,0.0881275,4456701.874246994
2030,12,398547.93642701855,10113.809640282308,ID,IDAHO,0.0881275,35123033.26747207
2030,13,37541.18751073271,588.9560014864062,IL,ILLINOIS,0.0881275,3308411.0023520966
2030,14,7846.588845980867,138.0292603748999,IN,INDIANA,0.0881275,691500.2585241789
2030,15,1651.82699309657,7.682773662980723,IA,IOWA,0.0881275,145571.38333411797
2030,16,15648251.892907145,59479.38590780488,KS,KANSAS,0.0881275,1379041318.6921744
2030,17,5857.910642485859,339.04982108519914,KY,KENTUCKY,0.0881275,516243.0201456725
2030,18,87995.64274255824,853.9437800463611,LA,LOUISIANA,0.0881275,7754836.005794801
2030,19,0.0,0.0,ME,MAINE,0.0881275,0.0
2030,20,3251.398387861482,96.8735493222113,MD,MARYLAND,0.0881275,286537.61142626277
2030,21,0.0,0.0,MA,MASSACHUSETTS,0.0881275,0.0
2030,22,49726.580284296855,293.1861515769251,MI,MICHIGAN,0.0881275,4382279.204004371
2030,23,898658.6046760185,4412.212363641672,MN,MINNESOTA,0.0881275,79196536.18358582
2030,24,27640.553682014644,170.5483948718661,MS,MISSISSIPPI,0.0881275,2435892.8946117456
2030,25,94562.00550421534,1589.0519178055436,MO,MISSOURI,0.0881275,8333513.140072738
2030,26,8007531.035991877,47300.53683998453,MT,MONTANA,0.0881275,705683691.3743742
2030,27,3276004.3981756256,11260.260192937734,NE,NEBRASKA,0.0881275,288706077.60022247
2030,28,9723.568269575531,1201.7344835842207,NV,NEVADA,0.0881275,856913.7626770176
2030,29,0.0,0.0,NH,NEW HAMPSHIRE,0.0881275,0.0
2030,30,2135.337989673151,48.08289511448777,NJ,NEW JERSEY,0.0881275,188181.99868492057
2030,31,182875.52979807573,3116.023754875131,NM,NEW MEXICO,0.0881275,16116363.252279919
2030,32,0.0,0.0,NY,NEW YORK,0.0881275,0.0
2030,33,80160.69233250908,757.2784618810311,NC,NORTH CAROLINA,0.0881275,7064361.413533193
2030,34,10179353.63281509,34823.99846975584,ND,NORTH DAKOTA,0.0881275,897080987.2759117
2030,35,38341.64038942135,404.2244135531158,OH,OHIO,0.0881275,3378952.9134187303
2030,36,5541309.046802385,27830.852216930845,OK,OKLAHOMA,0.0881275,488341713.02207714
2030,37,3745292.521827478,16904.849152505056,OR,OREGON,0.0881275,330063266.7173511
2030,38,2213.361989455463,101.73024311947025,PA,PENNSYLVANIA,0.0881275,195058.0587257363
2030,39,0.0,0.0,RI,RHODE ISLAND,0.0881275,0.0
2030,40,77763.53904383509,754.933593872344,SC,SOUTH CAROLINA,0.0881275,6853106.287085577
2030,41,3214897.885084649,15599.179920468565,SD,SOUTH DAKOTA,0.0881275,283320913.3677974
2030,42,24164.41033104984,378.1213060882833,TN,TENNESSEE,0.0881275,2129549.0714495946
2030,43,4435030.780473652,23072.81754577905,TX,TEXAS,0.0881275,390848175.10619175
2030,44,17053.146208580416,2414.075493329832,UT,UTAH,0.0881275,1502851.1424966706
2030,45,0.0,0.0,VT,VERMONT,0.0881275,0.0
2030,46,322.8509289224333,25.5031236245356,VA,VIRGINIA,0.0881275,28452.04523861174
2030,47,2306079.540118375,24252.49160486737,WA,WASHINGTON,0.0881275,203229024.67178208
2030,48,0.0,0.0,WV,WEST VIRGINIA,0.0881275,0.0
2030,49,13383.036479204846,131.93817123534853,WI,WISCONSIN,0.0881275,1179413.5473211252
2030,50,167003.83383616369,2316.0370743529,WY,WYOMING,0.0881275,14717630.366396517
2031,0,40.395381816763575,5.930415852033711,AL,ALABAMA,0.08786874,3549.4913020579265
2031,2,0.0,0.0,AZ,ARIZONA,0.08786874,0.0
2031,3,3780.3050944608894,36.28505274162289,AR,ARKANSAS,0.08786874,332170.6454658593
2031,4,15303.990797896848,761.8123575614783,CA,CALIFORNIA,0.08786874,1344742.3883827906
2031,5,971388.724547436,21229.561292465645,CO,COLORADO,0.08786874,85354703.27619027
2031,6,0.0,0.0,CT,CONNECTICUT,0.08786874,0.0
2031,7,33008.96993674333,243.9493731758222,DE,DELAWARE,0.08786874,2900456.5970395156
2031,8,0.0,0.0,DC,DISTRICT OF COLUMBIA,0.08786874,0.0
2031,9,0.0,0.0,FL,FLORIDA,0.08786874,0.0
2031,10,8.329420635098854,0.8174919796872616,GA,GEORGIA,0.08786874,731.895696136136
2031,12,437352.5128447625,10918.948736143251,ID,IDAHO,0.08786874,38429614.23950309
2031,13,16205.780205035033,192.39464024706692,IL,ILLINOIS,0.08786874,1423981.48733337
2031,14,2478.052860150126,55.8630065912851,IN,INDIANA,0.08786874,217743.38247478777
2031,15,661.9763296432048,4.959143566881786,IA,IOWA,0.08786874,58167.02599557306
2031,16,6101694.418538455,45349.165916459926,KS,KANSAS,0.08786874,536148200.42200667
2031,17,0.0,0.0,KY,KENTUCKY,0.08786874,0.0
2031,18,0.0,0.0,LA,LOUISIANA,0.08786874,0.0
2031,19,0.0,0.0,ME,MAINE,0.08786874,0.0
2031,20,63900.45479921751,487.0063005171377,MD,MARYLAND,0.08786874,5614852.448634195
2031,21,0.0,0.0,MA,MASSACHUSETTS,0.08786874,0.0
2031,22,49145.74346908224,297.3409521331471,MI,MICHIGAN,0.08786874,4318374.554991486
2031,23,230760.4067795608,2545.424172401936,MN,MINNESOTA,0.08786874,20276626.185607467
2031,24,0.0,0.0,MS,MISSISSIPPI,0.08786874,0.0
2031,25,44469.095920377615,679.8983310699771,MO,MISSOURI,0.08786874,3907443.4274627212
2031,26,7053685.515164396,47704.47843461116,MT,MONTANA,0.08786874,619798458.5737463
2031,27,2090830.1358934375,11092.88315566894,NE,NEBRASKA,0.08786874,183718609.59498513
2031,28,9096.177269366704,1109.0957747680118,NV,NEVADA,0.08786874,799269.6354758929
2031,29,0.0,0.0,NH,NEW HAMPSHIRE,0.08786874,0.0
2031,30,23928.468808838257,143.04185469496252,NJ,NEW JERSEY,0.08786874,2102564.4043619186
2031,31,60375.80855570924,1812.1790418850028,NM,NEW MEXICO,0.08786874,5305146.224271391
2031,32,1884.7382332540917,18.63088254386261,NY,NEW YORK,0.08786874,165609.57378586315
2031,33,29893.64490303608,410.275132027266,NC,NORTH CAROLINA,0.08786874,2626716.9116372024
2031,34,9077062.518753624,35278.26370902733,ND,NORTH DAKOTA,0.08786874,797590046.4241073
2031,35,70654.30509504674,601.313826290504,OH,OHIO,0.08786874,6208304.764277338
2031,36,4021415.478394984,31312.432688495926,OK,OKLAHOMA,0.08786874,353356711.1030645
2031,37,3133494.2266977844,14684.9861501773,OR,OREGON,0.08786874,275336189.49720865
2031,38,27756.031973078752,478.4935712408615,PA,PENNSYLVANIA,0.08786874,2438887.556874144
2031,39,0.0,0.0,RI,RHODE ISLAND,0.08786874,0.0
2031,40,0.0,0.0,SC,SOUTH CAROLINA,0.08786874,0.0
2031,41,1845901.1484365533,12705.562373408253,SD,SOUTH DAKOTA,0.08786874,162197008.0776729
2031,42,0.0,0.0,TN,TENNESSEE,0.08786874,0.0
2031,43,3048269.630660968,30483.448835111143,TX,TEXAS,0.08786874,267847611.6264446
2031,44,15861.237957058072,2256.1554163211595,UT,UTAH,0.08786874,1393706.9941268668
2031,45,0.0,0.0,VT,VERMONT,0.08786874,0.0
2031,46,31919.18950417053,337.92068854258343,VA,VIRGINIA,0.08786874,2804698.963552689
2031,47,1737124.442177361,19578.780158682515,WA,WASHINGTON,0.08786874,152638935.95732757
2031,48,19.51464457455976,3.3816838028516627,WV,WEST VIRGINIA,0.08786874,1714.727230314402
2031,49,49447.50211333481,253.41559506952916,WI,WISCONSIN,0.08786874,4344889.706846067
2031,50,245942.8130554676,2830.0732653094046,WY,WYOMING,0.08786874,21610685.095239487
2032,0,5009.412776931219,145.63735116720034,AL,ALABAMA,0.08760998,438874.55319868855
2032,2,0.0,0.0,AZ,ARIZONA,0.08760998,0.0
2032,3,22937.15951297391,384.6714622419185,AR,ARKANSAS,0.08760998,2009524.0861884542
2032,4,21152.08290136752,982.254343610779,CA,CALIFORNIA,0.08760998,1853133.5599471508
2032,5,613750.6111374504,15773.03782684089,CO,COLORADO,0.08760998,53770678.766739815
2032,6,0.0,0.0,CT,CONNECTICUT,0.08760998,0.0
2032,7,22997.861500587915,232.10333237432795,DE,DELAWARE,0.08760998,2014842.1861092772
2032,8,0.0,0.0,DC,DISTRICT OF COLUMBIA,0.08760998,0.0
2032,9,0.0,0.0,FL,FLORIDA,0.08760998,0.0
2032,10,36.67342307212106,3.927963647846657,GA,GEORGIA,0.08760998,3212.957861880065
2032,12,355557.0334632999,9598.432988274464,ID,IDAHO,0.08760998,31150344.59057904
2032,13,168290.2858086804,1207.4566481439133,IL,ILLINOIS,0.08760998,14743908.573892776
2032,14,83708.71329650015,820.3651537254311,IN,INDIANA,0.08760998,7333718.697732112
2032,15,3719.7695549291634,11.666682770269544,IA,IOWA,0.08760998,325888.9363119529
2032,16,3492046.996720701,26135.80740062474,KS,KANSAS,0.08760998,305938167.54176074
2032,17,23156.49825988158,1312.1375825045295,KY,KENTUCKY,0.08760998,2028740.3494182604
2032,18,0.0,0.0,LA,LOUISIANA,0.08760998,0.0
2032,19,0.0,0.0,ME,MAINE,0.08760998,0.0
2032,20,31021.57918467936,313.07291049594176,MD,MARYLAND,0.08760998,2717799.9319381756
2032,21,0.0,0.0,MA,MASSACHUSETTS,0.08760998,0.0
2032,22,30999.414839038254,305.6009757286471,MI,MICHIGAN,0.08760998,2715858.1140598445
2032,23,657305.4550044162,4139.51955609888,MN,MINNESOTA,0.08760998,57586517.76682781
2032,24,5777.664099008715,89.85521758184686,MS,MISSISSIPPI,0.08760998,506181.0361608716
2032,25,375869.5259899095,2163.07493909261,MO,MISSOURI,0.08760998,32929921.65458545
2032,26,3661321.339664885,43582.45315527788,MT,MONTANA,0.08760998,320768289.3416138
2032,27,1367172.7817076931,9651.25101563839,NE,NEBRASKA,0.08760998,119777980.06195536
2032,28,10461.398247209076,1312.2723404258434,NV,NEVADA,0.08760998,916522.8912100223
2032,29,0.0,0.0,NH,NEW HAMPSHIRE,0.08760998,0.0
2032,30,25405.428272975063,163.16797312468952,NJ,NEW JERSEY,0.08760998,2225769.06288678
2032,31,6363.069219455814,110.1928239873351,NM,NEW MEXICO,0.08760998,557468.3670551395
2032,32,1360.1467640614885,19.024344709256603,NY,NEW YORK,0.08760998,119162.43079649172
2032,33,6834.809818891807,266.96376626574806,NC,NORTH CAROLINA,0.08760998,598797.5515369148
2032,34,6262696.481848778,35162.75462062275,ND,NORTH DAKOTA,0.08760998,548674713.5208418
2032,35,181188.9765636554,1619.6524937432248,OH,OHIO,0.08760998,15873962.61296232
2032,36,800572.8387899534,7255.224901814988,OK,OKLAHOMA,0.08760998,70138170.39493103
2032,37,3745645.040486175,17587.505966395936,OR,OREGON,0.08760998,328155887.084093
2032,38,10384.175343709114,251.3196128602084,PA,PENNSYLVANIA,0.08760998,909757.3941788486
2032,39,0.0,0.0,RI,RHODE ISLAND,0.08760998,0.0
2032,40,1371.240977727226,24.13550167808563,SC,SOUTH CAROLINA,0.08760998,120134.39463386271
2032,41,2121914.677306178,14771.815195861684,SD,SOUTH DAKOTA,0.08760998,185900902.44050074
2032,42,24400.620607168457,452.0680906298911,TN,TENNESSEE,0.08760998,2137737.883381617
2032,43,167995.99405567147,3334.5965503685884,TX,TEXAS,0.08760998,14718125.679297497
2032,44,12872.426330852411,1847.7044766340452,UT,UTAH,0.08760998,1127753.0133974531
2032,45,0.0,0.0,VT,VERMONT,0.08760998,0.0
2032,46,1239.5272624955703,39.26566762618969,VA,VIRGINIA,0.08760998,108594.95867669168
2032,47,2461507.272095351,27391.416543512158,WA,WASHINGTON,0.08760998,215652602.8781283
2032,48,0.0,0.0,WV,WEST VIRGINIA,0.08760998,0.0
2032,49,60062.33029096533,301.7093072971024,WI,WISCONSIN,0.08760998,5262059.555544866
2032,50,127765.29146337882,2842.0102641109142,WY,WYOMING,0.08760998,11193514.629800789
2033,0,8969.678821222667,74.58906188816906,AL,ALABAMA,0.08735122,783512.3880419618
2033,2,0.0,0.0,AZ,ARIZONA,0.08735122,0.0
2033,3,165721.71361192118,1754.6361393046311,AR,ARKANSAS,0.08735122,14475993.86449192
2033,4,12248.211004804514,609.7616444257991,CA,CALIFORNIA,0.08735122,1069896.1740871002
2033,5,489853.8883743373,14369.270704832688,CO,COLORADO,0.08735122,42789334.77124218
2033,6,0.0,0.0,CT,CONNECTICUT,0.08735122,0.0
2033,7,22629.19268779872,240.23190839822848,DE,DELAWARE,0.08735122,1976687.5888942971
2033,8,0.0,0.0,DC,DISTRICT OF COLUMBIA,0.08735122,0.0
2033,9,876.3717661539093,5.876954287098289,FL,FLORIDA,0.08735122,76552.14294709869
2033,10,41986.935910602,422.4295005685651,GA,GEORGIA,0.08735122,3667610.075852895
2033,12,200234.4794451071,5633.750284777439,ID,IDAHO,0.08735122,17490726.065595027
2033,13,22462.878133978986,347.150352257268,IL,ILLINOIS,0.08735122,1962159.8097143876
2033,14,14457.5678873168,264.59604561365126,IN,INDIANA,0.08735122,1262886.193189945
2033,15,0.0,0.0,IA,IOWA,0.08735122,0.0
2033,16,5508494.291947358,23167.30153515029,KS,KANSAS,0.08735122,481173696.7646379
2033,17,20206.99029922238,1020.8471134750896,KY,KENTUCKY,0.08735122,1765105.2551652398
2033,18,63288.03993701398,314.09565970287633,LA,LOUISIANA,0.08735122,5528287.499906894
2033,19,0.0,0.0,ME,MAINE,0.08735122,0.0
2033,20,26277.911423749,332.2401602733264,MD,MARYLAND,0.08735122,2295407.621916412
2033,21,0.0,0.0,MA,MASSACHUSETTS,0.08735122,0.0
2033,22,6786.877176571961,44.08425388453605,MI,MICHIGAN,0.08735122,592842.0013637162
2033,23,150572.19735710474,2119.5758912179954,MN,MINNESOTA,0.08735122,13152665.137223875
2033,24,7587.820765809749,105.35205283789846,MS,MISSISSIPPI,0.08735122,662805.4010348158
2033,25,22099.5424464534,324.2759154739992,MO,MISSOURI,0.08735122,1930421.994139489
2033,26,1253496.525443947,16362.617716531764,MT,MONTANA,0.08735122,109494450.7632898
2033,27,2267561.7141515613,9847.215596995384,NE,NEBRASKA,0.08735122,198074282.15643013
2033,28,7383.37923726127,936.5692185866856,NV,NEVADA,0.08735122,644947.1840974414
2033,29,0.0,0.0,NH,NEW HAMPSHIRE,0.08735122,0.0
2033,30,29452.04762445968,198.85642766383847,NJ,NEW JERSEY,0.08735122,2572672.2914946545
2033,31,42440.246715799,1506.6819898085794,NM,NEW MEXICO,0.08735122,3707207.327726036
2033,32,3116.677908323457,26.796702384825835,NY,NEW YORK,0.08735122,272245.6176391021
2033,33,81859.20589510654,560.2485184162565,NC,NORTH CAROLINA,0.08735122,7150501.503168748
2033,34,815611.1602047444,6715.113586088459,ND,NORTH DAKOTA,0.08735122,71244629.88949987
2033,35,71207.65638067409,684.0396539555475,OH,OHIO,0.08735122,6220075.658192666
2033,36,2852052.583445285,18028.85167430009,OK,OKLAHOMA,0.08735122,249130272.6680974
2033,37,2764237.434577834,13035.675106655204,OR,OREGON,0.08735122,241459512.28004393
2033,38,37676.38197362615,656.9454606079566,PA,PENNSYLVANIA,0.08735122,3291077.930582252
2033,39,0.0,0.0,RI,RHODE ISLAND,0.08735122,0.0
2033,40,16361.69460606538,87.06805398221618,SC,SOUTH CAROLINA,0.08735122,1429213.9851072303
2033,41,196988.06187607825,2321.774002946959,SD,SOUTH DAKOTA,0.08735122,17207147.53031092
2033,42,40688.66430700901,584.8095458390828,TN,TENNESSEE,0.08735122,3554204.4673876907
2033,43,3594474.176503498,27528.755894010385,TX,TEXAS,0.08735122,313981704.57607585
2033,44,9622.94967309453,1359.5811020551544,UT,UTAH,0.08735122,840576.3939434083
2033,45,0.0,0.0,VT,VERMONT,0.08735122,0.0
2033,46,6554.86571920883,147.00086454958196,VA,VIRGINIA,0.08735122,572575.5175090687
2033,47,2053071.8633663105,23244.95854475533,WA,WASHINGTON,0.08735122,179338332.01272053
2033,48,80.34465411381449,7.848204001255157,WV,WEST VIRGINIA,0.08735122,7018.203557319714
2033,49,5984.148563174102,33.48383068923233,WI,WISCONSIN,0.08735122,522722.6776545048
2033,50,148160.81139592835,2210.9121868792927,WY,WYOMING,0.08735122,12942027.631624244
2034,0,1129.7434573790592,33.13098845005506,AL,ALABAMA,0.08709246,98392.13687204741
2034,2,0.0,0.0,AZ,ARIZONA,0.08709246,0.0
2034,3,63486.58280313003,1186.456182947306,AR,ARKANSAS,0.08709246,5529202.67331829
2034,4,35657.2797722332,1684.8218247180555,CA,CALIFORNIA,0.08709246,3105480.2122720294
2034,5,1556413.6788801395,30323.50033172037,CO,COLORADO,0.08709246,135551896.0713214
2034,6,0.0,0.0,CT,CONNECTICUT,0.08709246,0.0
2034,7,35692.15420830171,234.25411517505395,DE,DELAWARE,0.08709246,3108517.5127003486
2034,8,0.0,0.0,DC,DISTRICT OF COLUMBIA,0.08709246,0.0
2034,9,0.0,0.0,FL,FLORIDA,0.08709246,0.0
2034,10,864.0970182155179,73.44586894107522,GA,GEORGIA,0.08709246,75256.33499505426
2034,12,473311.9854900531,12224.303363682093,ID,IDAHO,0.08709246,41221905.163813025
2034,13,60833.863914414615,711.5954613138341,IL,ILLINOIS,0.08709246,5298170.859611598
2034,14,23319.577947320337,257.1106656339571,IN,INDIANA,0.08709246,2030959.4095938785
2034,15,2937.1423988090223,13.365537401085945,IA,IOWA,0.08709246,255802.95688257882
2034,16,18179674.164113447,76662.79715703172,KS,KANSAS,0.08709246,1583312544.9510837
2034,17,2521.0018738881645,50.83166900759277,KY,KENTUCKY,0.08709246,219560.25486152997
2034,18,304.8492502820899,15.219604087438352,LA,LOUISIANA,0.08709246,26550.071136222898
2034,19,0.0,0.0,ME,MAINE,0.08709246,0.0
2034,20,49895.40454424264,373.2165277838232,MD,MARYLAND,0.08709246,4345513.52445327
2034,21,0.0,0.0,MA,MASSACHUSETTS,0.08709246,0.0
2034,22,1588.638259096925,3.812386289920114,MI,MICHIGAN,0.08709246,138358.41403486856
2034,23,265267.4696295766,3418.4042865343977,MN,MINNESOTA,0.08709246,23102796.48801511
2034,24,7073.754596272738,193.944491196052,MS,MISSISSIPPI,0.08709246,616070.6892256995
2034,25,240460.3804472216,2877.3794293121973,MO,MISSOURI,0.08709246,20942286.06568443
2034,26,10120087.373202164,61633.10894027822,MT,MONTANA,0.08709246,881383304.7471144
2034,27,4329702.81554784,17967.11278341974,NE,NEBRASKA,0.08709246,377084469.27498764
2034,28,12285.049654841128,1497.914592197492,NV,NEVADA,0.08709246,1069935.1956622647
2034,29,0.0,0.0,NH,NEW HAMPSHIRE,0.08709246,0.0
2034,30,22426.054533882925,174.69450072434026,NJ,NEW JERSEY,0.08709246,1953140.2574500171
2034,31,126336.39320915854,2502.7699224996363,NM,NEW MEXICO,0.08709246,11002947.272112912
2034,32,0.0,0.0,NY,NEW YORK,0.08709246,0.0
2034,33,68148.16403854596,995.0766019529736,NC,NORTH CAROLINA,0.08709246,5935191.250600503
2034,34,8913903.291058166,35481.93402469609,ND,NORTH DAKOTA,0.08709246,776333765.8203517
2034,35,62306.06206541901,520.4070154816274,OH,OHIO,0.08709246,5426388.218190023
2034,36,9249389.744066384,41712.97701581402,OK,OKLAHOMA,0.08709246,805552106.3095117
2034,37,3962146.5598184336,17010.97684241767,OR,OREGON,0.08709246,345073090.77512455
2034,38,15846.668540340652,326.87973741502293,PA,PENNSYLVANIA,0.08709246,1380125.3459828766
2034,39,0.0,0.0,RI,RHODE ISLAND,0.08709246,0.0
2034,40,11737.4485963072,350.07389772057496,SC,SOUTH CAROLINA,0.08709246,1022243.2723759409
2034,41,1911725.1454388625,14985.014043100138,SD,SOUTH DAKOTA,0.08709246,166496845.76012832
2034,42,8183.361779600356,158.54457400083456,TN,TENNESSEE,0.08709246,712709.1084553729
2034,43,4788349.910656071,30586.507974161945,TX,TEXAS,0.08709246,417029173.0598175
2034,44,18801.93821890011,2656.437033636144,UT,UTAH,0.08709246,1637507.052252029
2034,45,0.0,0.0,VT,VERMONT,0.08709246,0.0
2034,46,17047.499802615417,215.03943809449515,VA,VIRGINIA,0.08709246,1484708.6946592908
2034,47,2791985.7868230366,28460.531979777017,WA,WASHINGTON,0.08709246,243160910.45945385
2034,48,294.2072216352786,7.216909584858673,WV,WEST VIRGINIA,0.08709246,25623.230681981637
2034,49,17577.661540207322,106.63967822818788,WI,WISCONSIN,0.08709246,1530881.7845840445
2034,50,366279.2990795255,5126.502687991834,WY,WYOMING,0.08709246,31900165.203911614
2035,0,1986.7696806525623,101.7043443450902,AL,ALABAMA,0.0868337,172518.5624188804
2035,2,0.0,0.0,AZ,ARIZONA,0.0868337,0.0
2035,3,145050.80891248217,2049.2577628452,AR,ARKANSAS,0.0868337,12595298.425863802
2035,4,11983.71016875704,562.854253053755,CA,CALIFORNIA,0.0868337,1040589.8936807982
2035,5,89519.66664116565,2639.32030071781,CO,COLORADO,0.0868337,7773323.877218985
2035,6,0.0,0.0,CT,CONNECTICUT,0.0868337,0.0
2035,7,14831.0885992348,201.16716199530003,DE,DELAWARE,0.0868337,1287838.2980993749
2035,8,0.0,0.0,DC,DISTRICT OF COLUMBIA,0.0868337,0.0
2035,9,0.0,0.0,FL,FLORIDA,0.0868337,0.0
2035,10,277.565272583208,15.317590787409902,GA,GEORGIA,0.0868337,24102.019609908508
2035,12,240437.778975132,6698.777846294501,ID,IDAHO,0.0868337,20878101.96819292
2035,13,20855.99859750328,440.6734974895029,IL,ILLINOIS,0.0868337,1811003.5254160205
2035,14,11931.91418375427,226.88016755804352,IN,INDIANA,0.0868337,1036092.2566578633
2035,15,76.24037905902269,0.73251663647497,IA,IOWA,0.0868337,6620.234203097458
2035,16,1698680.3246236143,13682.977597251966,KS,KANSAS,0.0868337,147502697.70426953
2035,17,26438.78313077073,1345.7409983155312,KY,KENTUCKY,0.0868337,2295777.3627424063
2035,18,31491.510778131607,300.8546310587735,LA,LOUISIANA,0.0868337,2734524.3994550467
2035,19,0.0,0.0,ME,MAINE,0.0868337,0.0
2035,20,35521.183455215134,408.5585102768785,MD,MARYLAND,0.0868337,3084435.7877951143
2035,21,0.0,0.0,MA,MASSACHUSETTS,0.0868337,0.0
2035,22,5013.043867183584,101.53063247812476,MI,MICHIGAN,0.0868337,435301.1472498592
2035,23,261490.5467830518,3344.0731190229103,MN,MINNESOTA,0.0868337,22706191.692195483
2035,24,18321.11737022981,226.46632293296005,MS,MISSISSIPPI,0.0868337,1590890.4093913243
2035,25,54165.38971462265,956.116005784362,MO,MISSOURI,0.0868337,4703381.200862629
2035,26,4452255.667464395,35091.43729365511,MT,MONTANA,0.0868337,386605832.9519031
2035,27,30232.911345390123,571.99971451433,NE,NEBRASKA,0.0868337,2625235.553892202
2035,28,4384.2995990696345,541.6660761029824,NV,NEVADA,0.0868337,380704.9560957329
2035,29,0.0,0.0,NH,NEW HAMPSHIRE,0.0868337,0.0
2035,30,3216.4451854828994,129.93008606774376,NJ,NEW JERSEY,0.0868337,279295.83630266646
2035,31,60373.76733435663,2109.635290588478,NM,NEW MEXICO,0.0868337,5242477.600581323
2035,32,423.2025543188525,2.9657523311358043,NY,NEW YORK,0.0868337,36748.24364095694
2035,33,23920.577899975804,739.7539815430359,NC,NORTH CAROLINA,0.0868337,2077112.2851931287
2035,34,2716035.334974147,16277.725598255613,ND,NORTH DAKOTA,0.0868337,235843397.46654457
2035,35,42446.95653010854,546.968782369005,OH,OHIO,0.0868337,3685826.289248486
2035,36,734642.420499,6682.304527988662,OK,OKLAHOMA,0.0868337,63791719.54888401
2035,37,2599563.8039816967,13120.789020943508,OR,OREGON,0.0868337,225729743.48580545
2035,38,5169.089107325426,301.5973515306459,PA,PENNSYLVANIA,0.0868337,448851.13281876384
2035,39,0.0,0.0,RI,RHODE ISLAND,0.0868337,0.0
2035,40,3321.724040474435,96.92283372781802,SC,SOUTH CAROLINA,0.0868337,288437.58881334495
2035,41,289958.91359887226,4373.738232436605,SD,SOUTH DAKOTA,0.0868337,25178205.31577039
2035,42,19626.29186344683,460.9405507140469,TN,TENNESSEE,0.0868337,1704223.5397829828
2035,43,1815283.3170499208,16349.864257476946,TX,TEXAS,0.0868337,157627766.9677177
2035,44,12759.21191866663,1802.7450947990465,UT,UTAH,0.0868337,1107929.5799819224
2035,45,0.0,0.0,VT,VERMONT,0.0868337,0.0
2035,46,9964.9709972727,245.76345338479933,VA,VIRGINIA,0.0868337,865295.3020858784
2035,47,1729354.9424868198,19968.526785348506,WA,WASHINGTON,0.0868337,150166288.26941776
2035,48,350.86375763278465,15.814423190292326,WV,WEST VIRGINIA,0.0868337,30466.79827115793
2035,49,7731.662365810362,73.1283660215573,WI,WISCONSIN,0.0868337,671368.8503740672
2035,50,30610.60808133698,418.3409812019969,WY,WYOMING,0.0868337,2658032.358952391
2036,0,5833.848481749261,149.06211736483104,AL,ALABAMA,0.0878558,512537.4254428667
2036,2,0.0,0.0,AZ,ARIZONA,0.0878558,0.0
2036,3,890204.5782586219,4779.097082529327,AR,ARKANSAS,0.0878558,78209635.38657382
2036,4,24403.88712170841,1178.6850970821315,CA,CALIFORNIA,0.0878558,2144023.0261873896
2036,5,747765.7176013961,19940.26292651796,CO,COLORADO,0.0878558,65695555.332444735
2036,6,0.0,0.0,CT,CONNECTICUT,0.0878558,0.0
2036,7,0.0,0.0,DE,DELAWARE,0.0878558,0.0
2036,8,0.0,0.0,DC,DISTRICT OF COLUMBIA,0.0878558,0.0
2036,9,0.0,0.0,FL,FLORIDA,0.0878558,0.0
2036,10,9324.66142848578,83.86961704691586,GA,GEORGIA,0.0878558,819225.5895287611
2036,12,394919.5532964035,10172.099684772907,ID,IDAHO,0.0878558,34695973.29049816
2036,13,11834.501905684245,195.72618782232536,IL,ILLINOIS,0.0878558,1039729.6325254138
2036,14,3574.112696528344,79.61942864076468,IN,INDIANA,0.0878558,314006.53024365485
2036,15,1128.2957533127349,13.073433252521792,IA,IOWA,0.0878558,99127.32604389297
2036,16,13351971.05500735,71361.36604345738,KS,KANSAS,0.0878558,1173048098.6145146
2036,17,2671.061550775152,113.91919062612106,KY,KENTUCKY,0.0878558,234668.24939259162
2036,18,243495.58633526025,1150.911645107058,LA,LOUISIANA,0.0878558,21392499.533953357
2036,19,0.0,0.0,ME,MAINE,0.0878558,0.0
2036,20,211.8198274779105,9.319593769871672,MD,MARYLAND,0.0878558,18609.60039893381
2036,21,0.0,0.0,MA,MASSACHUSETTS,0.0878558,0.0
2036,22,8771.43161177751,95.40375216649444,MI,MICHIGAN,0.0878558,770621.1413980026
2036,23,732408.6384268625,3850.830065555425,MN,MINNESOTA,0.0878558,64346346.855902754
2036,24,156542.6653365466,692.0198375497857,MS,MISSISSIPPI,0.0878558,13753181.09727457
2036,25,112830.3983620956,1972.2012939493177,MO,MISSOURI,0.0878558,9912804.912420599
2036,26,9768480.529503284,63356.826351115655,MT,MONTANA,0.0878558,858217671.7039347
2036,27,4493609.934541073,19641.387430090588,NE,NEBRASKA,0.0878558,394789695.68705356
2036,28,10014.616535843536,1272.7754470539646,NV,NEVADA,0.0878558,879842.1474497626
2036,29,0.0,0.0,NH,NEW HAMPSHIRE,0.0878558,0.0
2036,30,0.0,0.0,NJ,NEW JERSEY,0.0878558,0.0
2036,31,78400.15880783071,2307.1371746805853,NM,NEW MEXICO,0.0878558,6887908.672189013
2036,32,0.0,0.0,NY,NEW YORK,0.0878558,0.0
2036,33,39978.09159511789,649.40866370851,NC,NORTH CAROLINA,0.0878558,3512307.219562358
2036,34,6867620.5345296245,26688.731956799333,ND,NORTH DAKOTA,0.0878558,603360296.1575278
2036,35,15866.811820251,172.7769532196016,OH,OHIO,0.0878558,1393991.4459176078
2036,36,9318440.616244957,55311.54515565379,OK,OKLAHOMA,0.0878558,818679055.0926937
2036,37,2779939.97981795,13611.605458778446,OR,OREGON,0.0878558,244233850.87888986
2036,38,312.2412664679482,20.468763788246765,PA,PENNSYLVANIA,0.0878558,27432.206258554765
2036,39,0.0,0.0,RI,RHODE ISLAND,0.0878558,0.0
2036,40,50039.1060772916,519.8624953858789,SC,SOUTH CAROLINA,0.0878558,4396225.695705315
2036,41,3701218.104739953,19111.114146297143,SD,SOUTH DAKOTA,0.0878558,325173477.5664123
2036,42,17753.88076837793,255.46227366687185,TN,TENNESSEE,0.0878558,1559781.3980104576
2036,43,7643071.357465381,50108.3407159808,TX,TEXAS,0.0878558,671488148.567207
2036,44,19986.31409861988,2824.5860771399302,UT,UTAH,0.0878558,1755913.6141855286
2036,45,0.0,0.0,VT,VERMONT,0.0878558,0.0
2036,46,147.41129446746746,13.195584974858182,VA,VIRGINIA,0.0878558,12950.937204474927
2036,47,1480483.4679488202,16803.865095796624,WA,WASHINGTON,0.0878558,130069059.46341795
2036,48,0.0,0.0,WV,WEST VIRGINIA,0.0878558,0.0
2036,49,10036.199990566294,45.245073958014686,WI,WISCONSIN,0.0878558,881738.3791311942
2036,50,502210.2995304344,5627.421827283981,WY,WYOMING,0.0878558,44122087.63348594
2037,0,5979.0088831557005,91.18545253000944,AL,ALABAMA,0.0888779,531401.753616224
2037,2,0.0,0.0,AZ,ARIZONA,0.0888779,0.0
2037,3,113690.6747771332,1007.5013478370138,AR,ARKANSAS,0.0888779,10104588.423774567
2037,4,29899.40560300925,1479.090429460502,CA,CALIFORNIA,0.0888779,2657396.3812436955
2037,5,1524625.310714341,32240.24801333201,CO,COLORADO,0.0888779,135505495.9031381
2037,6,0.0,0.0,CT,CONNECTICUT,0.0888779,0.0
2037,7,3596.7252564808405,95.55161097179838,DE,DELAWARE,0.0888779,319669.38767297845
2037,8,0.0,0.0,DC,DISTRICT OF COLUMBIA,0.0888779,0.0
2037,9,0.0,0.0,FL,FLORIDA,0.0888779,0.0
2037,10,5504.8731034728,140.1395207594736,GA,GEORGIA,0.0888779,489261.56120314513
2037,12,259162.2692536364,7382.919525015695,ID,IDAHO,0.0888779,23033798.25049777
2037,13,38773.40400723479,411.8384765861703,IL,ILLINOIS,0.0888779,3446098.724014613
2037,14,24097.70023343802,250.38887289725844,IN,INDIANA,0.0888779,2141752.991577481
2037,15,693.8654394022354,6.147197866279958,IA,IOWA,0.0888779,61669.30313664794
2037,16,16197478.07105922,77129.04187357699,KS,KANSAS,0.0888779,1439597836.251794
2037,17,9031.897073037082,122.77058743638838,KY,KENTUCKY,0.0888779,802736.0448676825
2037,18,0.0,0.0,LA,LOUISIANA,0.0888779,0.0
2037,19,0.0,0.0,ME,MAINE,0.0888779,0.0
2037,20,33108.12666670818,382.72434162927567,MD,MARYLAND,0.0888779,2942580.771071023
2037,21,0.0,0.0,MA,MASSACHUSETTS,0.0888779,0.0
2037,22,9844.889981719783,120.57939015751532,MI,MICHIGAN,0.0888779,874993.1473062927
2037,23,221822.8413051611,1831.952756086685,MN,MINNESOTA,0.0888779,19715148.307235975
2037,24,211.07076004080096,6.2499146108953925,MS,MISSISSIPPI,0.0888779,18759.5259038303
2037,25,383610.07353109785,3174.256602580688,MO,MISSOURI,0.0888779,34094457.75428956
2037,26,4858460.03926622,50057.54802208646,MT,MONTANA,0.0888779,431809725.52389914
2037,27,5182971.198817942,18959.99427416869,NE,NEBRASKA,0.0888779,460651595.9114212
2037,28,9402.323119663595,1188.5954267548084,NV,NEVADA,0.0888779,835658.7339971489
2037,29,0.0,0.0,NH,NEW HAMPSHIRE,0.0888779,0.0
2037,30,4175.954818226966,93.11381152616056,NJ,NEW JERSEY,0.0888779,371150.0947388945
2037,31,36803.8219836945,790.1579890356167,NM,NEW MEXICO,0.0888779,3271046.4098846014
2037,32,0.0,0.0,NY,NEW YORK,0.0888779,0.0
2037,33,53466.72582606682,709.2600519622165,NC,NORTH CAROLINA,0.0888779,4752010.311296583
2037,34,4645377.178124043,27061.917698698257,ND,NORTH DAKOTA,0.0888779,412871368.2995909
2037,35,49237.681243755294,499.87009574364697,OH,OHIO,0.0888779,4376141.7098143585
2037,36,2029869.1340157893,18353.748741510677,OK,OKLAHOMA,0.0888779,180410505.9061419
2037,37,3657367.491906216,17065.428797257424,OR,OREGON,0.0888779,325059142.20889145
2037,38,15073.918815161993,415.6803009767682,PA,PENNSYLVANIA,0.0888779,1339738.249062086
2037,39,0.0,0.0,RI,RHODE ISLAND,0.0888779,0.0
2037,40,9623.102384236678,166.1041688435926,SC,SOUTH CAROLINA,0.0888779,855281.131395949
2037,41,617932.9258887072,6714.058986887569,SD,SOUTH DAKOTA,0.0888779,54920580.793843925
2037,42,11129.02138244841,99.42540999145284,TN,TENNESSEE,0.0888779,989124.0495271116
2037,43,1327293.1105306228,10898.657296267353,TX,TEXAS,0.0888779,117967024.34842962
2037,44,19668.58118710921,2852.683647214379,UT,UTAH,0.0888779,1748102.1918897736
2037,45,0.0,0.0,VT,VERMONT,0.0888779,0.0
2037,46,17741.305523440515,266.15673370648744,VA,VIRGINIA,0.0888779,1576809.9781817936
2037,47,1320982.433350577,15327.786371848746,WA,WASHINGTON,0.0888779,117406144.61308925
2037,48,181.65719943899012,9.661080154898274,WV,WEST VIRGINIA,0.0888779,16145.31040601862
2037,49,35870.16529557733,116.53354316682235,WI,WISCONSIN,0.0888779,3188064.9641237925
2037,50,396556.31784112303,4753.04193259551,WY,WYOMING,0.0888779,35245092.76145155
2038,0,4132.704948146276,66.96453928468021,AL,ALABAMA,0.0899,371530.1748383502
2038,2,0.0,0.0,AZ,ARIZONA,0.0899,0.0
2038,3,1009921.3048484158,4894.9310318800735,AR,ARKANSAS,0.0899,90791925.30587257
2038,4,13087.044000520567,602.5882586344951,CA,CALIFORNIA,0.0899,1176525.2556467988
2038,5,1442534.9470920474,30211.75047793744,CO,COLORADO,0.0899,129683891.74357505
2038,6,0.0,0.0,CT,CONNECTICUT,0.0899,0.0
2038,7,0.0,0.0,DE,DELAWARE,0.0899,0.0
2038,8,0.0,0.0,DC,DISTRICT OF COLUMBIA,0.0899,0.0
2038,9,109.71659743841656,1.126995370384185,FL,FLORIDA,0.0899,9863.522109713647
2038,10,6559.223921517235,58.540608427711234,GA,GEORGIA,0.0899,589674.2305443994
2038,12,232635.81864886108,6302.790167276169,ID,IDAHO,0.0899,20913960.09653261
2038,13,65374.4862778652,513.4699961030553,IL,ILLINOIS,0.0899,5877166.316380081
2038,14,11495.61140701776,153.61576144462862,IN,INDIANA,0.0899,1033455.4654908966
2038,15,446.1590959998068,4.931861941036537,IA,IOWA,0.0899,40109.70273038263
2038,16,18624473.450126804,77111.27338421514,KS,KANSAS,0.0899,1674340163.1663995
2038,17,23016.152937081253,675.6955491761435,KY,KENTUCKY,0.0899,2069152.1490436047
2038,18,253831.30508198825,1141.482041127198,LA,LOUISIANA,0.0899,22819434.326870743
2038,19,0.0,0.0,ME,MAINE,0.0899,0.0
2038,20,42.33968522713876,1.846107542112486,MD,MARYLAND,0.0899,3806.337701919774
2038,21,0.0,0.0,MA,MASSACHUSETTS,0.0899,0.0
2038,22,16768.258662311015,182.2314326942635,MI,MICHIGAN,0.0899,1507466.45374176
2038,23,385241.97346602415,3789.5230964180455,MN,MINNESOTA,0.0899,34633253.41459557
2038,24,110475.61447180102,627.624558185892,MS,MISSISSIPPI,0.0899,9931757.74101491
2038,25,296314.5213266144,3170.57244879219,MO,MISSOURI,0.0899,26638675.467262637
2038,26,6583136.874417484,60938.74898289191,MT,MONTANA,0.0899,591824005.0101318
2038,27,3967718.847302548,18195.270386398828,NE,NEBRASKA,0.0899,356697924.37249905
2038,28,4572.835746646515,557.5652996994506,NV,NEVADA,0.0899,411097.9336235217
2038,29,0.0,0.0,NH,NEW HAMPSHIRE,0.0899,0.0
2038,30,614.423939535935,20.04392205327483,NJ,NEW JERSEY,0.0899,55236.71216428056
2038,31,177592.6659311624,2953.4179368615173,NM,NEW MEXICO,0.0899,15965580.667211497
2038,32,3054.259277467484,26.258684364020997,NY,NEW YORK,0.0899,274577.9090443268
2038,33,6707.682049035377,168.24014939146636,NC,NORTH CAROLINA,0.0899,603020.6162082803
2038,34,7345722.986263637,40830.928963646526,ND,NORTH DAKOTA,0.0899,660380496.465101
2038,35,11611.315581509096,188.4878940384961,OH,OHIO,0.0899,1043857.2707776678
2038,36,13184088.116710529,57718.61800523204,OK,OKLAHOMA,0.0899,1185249521.6922765
2038,37,2787466.250684976,14425.258225909609,OR,OREGON,0.0899,250593215.93657935
2038,38,369.9506404583573,16.378063641392718,PA,PENNSYLVANIA,0.0899,33258.56257720632
2038,39,0.0,0.0,RI,RHODE ISLAND,0.0899,0.0
2038,40,19572.76640987856,144.24673266282213,SC,SOUTH CAROLINA,0.0899,1759591.7002480824
2038,41,2421470.9596446306,16858.03066558292,SD,SOUTH DAKOTA,0.0899,217690239.27205226
2038,42,42200.60929172809,466.7384113771368,TN,TENNESSEE,0.0899,3793834.7753263554
2038,43,9072238.435141014,46834.08428607919,TX,TEXAS,0.0899,815594235.3191772
2038,44,18185.48148687274,2569.376818442544,UT,UTAH,0.0899,1634874.7856698593
2038,45,0.0,0.0,VT,VERMONT,0.0899,0.0
2038,46,46.196762567772765,2.942142545838045,VA,VIRGINIA,0.0899,4153.088954842771
2038,47,1376727.353239358,16815.334879527698,WA,WASHINGTON,0.0899,123767789.05621827
2038,48,0.0,0.0,WV,WEST VIRGINIA,0.0899,0.0
2038,49,46723.61735102076,268.2801422325618,WI,WISCONSIN,0.0899,4200453.1998567665
2038,50,474524.13581541984,5634.449099986923,WY,WYOMING,0.0899,42659719.80980624
2039,0,19240.12622902072,225.9108174484593,AL,ALABAMA,0.0909221,1749352.6810076449
2039,2,0.0,0.0,AZ,ARIZONA,0.0909221,0.0
2039,3,181563.99208113464,1899.0571690619176,AR,ARKANSAS,0.0909221,16508179.444400134
2039,4,28348.67466834552,1406.4676574386158,CA,CALIFORNIA,0.0909221,2577521.0330627784
2039,5,1192780.6358725931,24590.72828162292,CO,COLORADO,0.0909221,108450120.25287151
2039,6,0.0,0.0,CT,CONNECTICUT,0.0909221,0.0
2039,7,19018.16395622188,166.7010732123729,DE,DELAWARE,0.0909221,1729171.4050440018
2039,8,0.0,0.0,DC,DISTRICT OF COLUMBIA,0.0909221,0.0
2039,9,1071.248149550867,11.81932795767009,FL,FLORIDA,0.0909221,97400.1313782789
2039,10,64496.54536769695,869.6919682830834,GA,GEORGIA,0.0909221,5864161.347576279
2039,12,531147.3639199388,13583.29906905154,ID,IDAHO,0.0909221,48293033.73706507
2039,13,229244.2757146278,2180.791741203678,IL,ILLINOIS,0.0909221,20843370.96095296
2039,14,83974.0292780047,849.2427177157746,IN,INDIANA,0.0909221,7635095.087417672
2039,15,0.0,0.0,IA,IOWA,0.0909221,0.0
2039,16,12234728.024766542,57455.38539059354,KS,KANSAS,0.0909221,1112407164.9406261
2039,17,38534.28356178157,1228.9214690578851,KY,KENTUCKY,0.0909221,3503617.9834326603
2039,18,88214.27077730195,752.6480024353882,LA,LOUISIANA,0.0909221,8020626.749040926
2039,19,0.0,0.0,ME,MAINE,0.0909221,0.0
2039,20,73621.0654471517,508.78295916375606,MD,MARYLAND,0.0909221,6693781.874692473
2039,21,0.0,0.0,MA,MASSACHUSETTS,0.0909221,0.0
2039,22,51021.048531145054,316.7254785963124,MI,MICHIGAN,0.0909221,4638940.876653624
2039,23,541309.6325397543,4045.4330559341433,MN,MINNESOTA,0.0909221,49217008.54074279
2039,24,102528.25945657984,631.7375299794908,MS,MISSISSIPPI,0.0909221,9322084.659137098
2039,25,77476.54557043497,756.2374023312617,MO,MISSOURI,0.0909221,7044330.224009646
2039,26,8386842.197656291,59107.18095823681,MT,MONTANA,0.0909221,762549304.9795251
2039,27,3420201.6263719173,16069.746002857875,NE,NEBRASKA,0.0909221,310971914.2931501
2039,28,15752.88258348831,1940.879754176181,NV,NEVADA,0.0909221,1432285.1655441825
2039,29,0.0,0.0,NH,NEW HAMPSHIRE,0.0909221,0.0
2039,30,14001.18431703499,152.46927679720858,NJ,NEW JERSEY,0.0909221,1273017.080591887
2039,31,32986.50640981947,931.012564461864,NM,NEW MEXICO,0.0909221,2999202.434444247
2039,32,3860.9366052439104,30.420408455484885,NY,NEW YORK,0.0909221,351044.46411564737
2039,33,39507.71126167166,531.7823838207834,NC,NORTH CAROLINA,0.0909221,3592124.074104837
2039,34,4121048.366835716,20986.73500324877,ND,NORTH DAKOTA,0.0909221,374694371.7142737
2039,35,214650.79407583867,1884.27866011711,OH,OHIO,0.0909221,19516500.964042813
2039,36,3794003.147384238,28445.10255845271,OK,OKLAHOMA,0.0909221,344958733.56678444
2039,37,4368504.609076084,19460.93575478957,OR,OREGON,0.0909221,397193612.91687655
2039,38,45788.59640530604,656.9046188306876,PA,PENNSYLVANIA,0.0909221,4163195.3412228767
2039,39,0.0,0.0,RI,RHODE ISLAND,0.0909221,0.0
2039,40,6743.82191025405,238.8863888562429,SC,SOUTH CAROLINA,0.0909221,613162.4501063098
2039,41,1332155.5336293622,11303.971817548692,SD,SOUTH DAKOTA,0.0909221,121122378.64420225
2039,42,25645.70443065658,613.6088049526544,TN,TENNESSEE,0.0909221,2331761.302814601
2039,43,1603558.9339726288,16173.84195935056,TX,TEXAS,0.0909221,145798945.75055277
2039,44,23630.29651257793,3351.4522059143937,UT,UTAH,0.0909221,2148516.1825462617
2039,45,0.0,0.0,VT,VERMONT,0.0909221,0.0
2039,46,37808.44253230122,362.4747765757232,VA,VIRGINIA,0.0909221,3437622.9927661447
2039,47,2274810.750440535,24745.98455176553,WA,WASHINGTON,0.0909221,206830570.5326294
2039,48,3452.67660801295,53.498227272935125,WV,WEST VIRGINIA,0.0909221,313924.60782141425
2039,49,18042.141759789654,133.97410560970923,WI,WISCONSIN,0.0909221,1640429.417297771
2039,50,388464.106355198,5046.538265532028,WY,WYOMING,0.0909221,35319972.32443795
2040,0,48629.07995978428,314.25861376189266,AL,ALABAMA,0.0919442,4471161.8536383975
2040,2,0.0,0.0,AZ,ARIZONA,0.0919442,0.0
2040,3,541685.2131106798,3900.217397503038,AR,ARKANSAS,0.0919442,49804813.57129096
2040,4,23367.11573735923,1084.6131684809543,CA,CALIFORNIA,0.0919442,2148470.7627789048
2040,5,1570678.5281922182,33201.7293540853,CO,COLORADO,0.0919442,144414780.73181093
2040,6,0.0,0.0,CT,CONNECTICUT,0.0919442,0.0
2040,7,0.0,0.0,DE,DELAWARE,0.0919442,0.0
2040,8,0.0,0.0,DC,DISTRICT OF COLUMBIA,0.0919442,0.0
2040,9,8245.501676877691,38.56938130122771,FL,FLORIDA,0.0919442,758126.0552791778
2040,10,266909.6704075636,1763.8253916608337,GA,GEORGIA,0.0919442,24540796.117887113
2040,12,673561.0008211846,17244.583495110513,ID,IDAHO,0.0919442,61930027.37170317
2040,13,572826.4528140224,2862.3214229583327,IL,ILLINOIS,0.0919442,52668069.942823045
2040,14,87952.46129068376,1041.3508925604128,IN,INDIANA,0.0919442,8086718.691402886
2040,15,2277.650995476193,11.406831141910091,IA,IOWA,0.0919442,209416.7986582622
2040,16,16479846.192614973,69985.62408581795,KS,KANSAS,0.0919442,1515226274.3030298
2040,17,43210.923426436566,965.4016543988832,KY,KENTUCKY,0.0919442,3972993.785704969
2040,18,237157.6389051572,1301.550063339115,LA,LOUISIANA,0.0919442,21805269.383023553
2040,19,0.0,0.0,ME,MAINE,0.0919442,0.0
2040,20,862.6960528862303,11.200386917210976,MD,MARYLAND,0.0919442,79319.89842578214
2040,21,0.0,0.0,MA,MASSACHUSETTS,0.0919442,0.0
2040,22,63126.54191052623,319.50907209682515,MI,MICHIGAN,0.0919442,5804119.394729806
2040,23,1393144.6932306252,8616.859998996142,MN,MINNESOTA,0.0919442,128091574.30333525
2040,24,199665.8482340016,922.1979205010996,MS,MISSISSIPPI,0.0919442,18358116.68319669
2040,25,172936.5785908884,1811.6295790925824,MO,MISSOURI,0.0919442,15900515.369276363
2040,26,13062817.018453076,76175.65690235274,MT,MONTANA,0.0919442,1201050260.5080535
2040,27,5327212.36551863,18251.61262918498,NE,NEBRASKA,0.0919442,489806279.177718
2040,28,18213.40652643489,2285.8061223558525,NV,NEVADA,0.0919442,1674617.092347835
2040,29,0.0,0.0,NH,NEW HAMPSHIRE,0.0919442,0.0
2040,30,334.5054808838744,22.83492522459277,NJ,NEW JERSEY,0.0919442,30755.838835483126
2040,31,113361.83998383187,2841.378757134473,NM,NEW MEXICO,0.0919442,10422963.687841434
2040,32,0.2434514721119775,0.0569214658568811,NY,NEW YORK,0.0919442,22.383950842158086
2040,33,28251.899008170105,431.2965990574581,NC,NORTH CAROLINA,0.0919442,2597598.252786994
2040,34,8345415.133382888,38024.553858585976,ND,NORTH DAKOTA,0.0919442,767312518.1067829
2040,35,86606.85060621926,2131.051927331343,OH,OHIO,0.0919442,7962997.593508345
2040,36,7453809.387791623,48303.63912083856,OK,OKLAHOMA,0.0919442,685334541.1129906
2040,37,4669051.882910373,21065.281293687705,OR,OREGON,0.0919442,429292240.1326879
2040,38,2701.059831536924,164.9420927582513,PA,PENNSYLVANIA,0.0919442,248346.78536279727
2040,39,0.0,0.0,RI,RHODE ISLAND,0.0919442,0.0
2040,40,164657.4133513302,1149.1031378036373,SC,SOUTH CAROLINA,0.0919442,15139294.144657377
2040,41,3129633.628425246,16660.42237328089,SD,SOUTH DAKOTA,0.0919442,287751660.25865656
2040,42,58024.60502846353,756.8981754778189,TN,TENNESSEE,0.0919442,5335025.889658056
2040,43,3378386.785768188,30512.235634292992,TX,TEXAS,0.0919442,310623070.30802745
2040,44,26280.07215468959,3712.9950587643184,UT,UTAH,0.0919442,2416300.210205211
2040,45,0.0,0.0,VT,VERMONT,0.0919442,0.0
2040,46,767.8616050882692,26.93393016845111,VA,VIRGINIA,0.0919442,70600.42099055684
2040,47,2121641.0530019607,24316.804373354447,WA,WASHINGTON,0.0919442,195072589.3054229
2040,48,786.5700336171319,48.82704451476,WV,WEST VIRGINIA,0.0919442,72320.5524849003
2040,49,14143.826759969455,112.92769614339436,WI,WISCONSIN,0.0919442,1300442.8363839837
2040,50,609692.2354409262,6826.741234387133,WY,WYOMING,0.0919442,56057664.83382761
2041,0,10281.198977319696,254.75000318167332,AL,ALABAMA,0.09329496,959184.047341082
2041,2,0.0,0.0,AZ,ARIZONA,0.09329496,0.0
2041,3,552436.9398224175,4937.149191977379,AR,ARKANSAS,0.09329496,51539582.20325485
2041,4,29884.17098340621,1433.041598923689,CA,CALIFORNIA,0.09329496,2788042.536530043
2041,5,1647951.7751638,32518.653456271863,CO,COLORADO,0.09329496,153745594.9458357
2041,6,0.0,0.0,CT,CONNECTICUT,0.09329496,0.0
2041,7,4079.8471695223066,135.05421900784725,DE,DELAWARE,0.09329496,380629.1784866968
2041,8,0.0,0.0,DC,DISTRICT OF COLUMBIA,0.09329496,0.0
2041,9,996.9042749039896,8.109696088670981,FL,FLORIDA,0.09329496,93006.14445099671
2041,10,4272.759481285771,214.68906605790897,GA,GEORGIA,0.09329496,398626.9248961767
2041,12,673081.059868993,17604.766300728916,ID,IDAHO,0.09329496,62795070.55723531
2041,13,466239.9399877719,2957.6008892440245,IL,ILLINOIS,0.09329496,43497836.55156158
2041,14,84160.55306278553,1168.1872049480871,IN,INDIANA,0.09329496,7851755.431570454
2041,15,875.0475396715913,7.335259063630975,IA,IOWA,0.09329496,81637.52521175952
2041,16,11032005.172799729,57598.56361377929,KS,KANSAS,0.09329496,1029230481.3161438
2041,17,23772.369215602987,766.4252479303876,KY,KENTUCKY,0.09329496,2217842.2350749117
2041,18,154811.82600674574,1319.823246430136,LA,LOUISIANA,0.09329496,14443163.114826305
2041,19,0.0,0.0,ME,MAINE,0.09329496,0.0
2041,20,7061.896625674272,155.9980025150241,MD,MARYLAND,0.09329496,658839.3632164161
2041,21,0.0,0.0,MA,MASSACHUSETTS,0.09329496,0.0
2041,22,113414.00089035256,390.7372020314717,MI,MICHIGAN,0.09329496,10580954.676505405
2041,23,967456.0294909676,6327.775284724539,MN,MINNESOTA,0.09329496,90258771.57311864
2041,24,124622.94887145008,818.7734540279876,MS,MISSISSIPPI,0.09329496,11626693.03004398
2041,25,216771.2767888921,2780.529474882528,MO,MISSOURI,0.09329496,20223667.597168617
2041,26,12603331.78391855,78941.51407531367,MT,MONTANA,0.09329496,1175827334.6474097
2041,27,4640812.369582378,17061.752519618276,NE,NEBRASKA,0.09329496,432964404.38769317
2041,28,19617.72330597745,2397.3647751833487,NV,NEVADA,0.09329496,1830234.7111222341
2041,29,0.0,0.0,NH,NEW HAMPSHIRE,0.09329496,0.0
2041,30,4815.707569989388,127.76927959336813,NJ,NEW JERSEY,0.09329496,449281.24511385715
2041,31,125344.28495098725,2346.864497806274,NM,NEW MEXICO,0.09329496,11693990.050730957
2041,32,6173.896777809528,84.31661948720675,NY,NEW YORK,0.09329496,575993.4529298688
2041,33,18315.802631484275,546.5634084611407,NC,NORTH CAROLINA,0.09329496,1708772.07387222
2041,34,6843045.995898042,32642.8234291816,ND,NORTH DAKOTA,0.09329496,638421702.4654679
2041,35,97596.82419601388,2247.7593614197667,OH,OHIO,0.09329496,9105291.809494147
2041,36,4205209.601842506,31454.64266951229,OK,OKLAHOMA,0.09329496,392324861.5955125
2041,37,5095975.166341137,21663.448483626515,OR,OREGON,0.09329496,475428799.3047897
2041,38,1720.2373780558476,76.67787862062858,PA,PENNSYLVANIA,0.09329496,160489.47737622517
2041,39,0.0,0.0,RI,RHODE ISLAND,0.09329496,0.0
2041,40,18616.12517975336,477.3833137885841,SC,SOUTH CAROLINA,0.09329496,1736790.6540000825
2041,41,4040645.7838227935,19925.22456827124,SD,SOUTH DAKOTA,0.09329496,376971886.77591616
2041,42,66459.6018112743,1009.263504550682,TN,TENNESSEE,0.09329496,6200345.892598764
2041,43,4565649.729250402,29360.8616632757,TX,TEXAS,0.09329496,425952108.8644271
2041,44,25556.652772149795,3658.526719033992,UT,UTAH,0.09329496,2384306.898111604
2041,45,50.86345911006813,0.7649623455057016,VT,VERMONT,0.09329496,4745.304383135442
2041,46,1435.7563135043383,72.8041192086962,VA,VIRGINIA,0.09329496,133948.8278381347
2041,47,3052291.123267616,31087.82595352386,WA,WASHINGTON,0.09329496,284763378.25360733
2041,48,28.697913903064848,4.484059794035195,WV,WEST VIRGINIA,0.09329496,2677.3707296698785
2041,49,88770.25805720918,414.9016065040406,WI,WISCONSIN,0.09329496,8281817.6746370075
2041,50,675683.2910572852,7391.404839111575,WY,WYOMING,0.09329496,63037845.61185778
2042,0,10498.217741541528,165.19310080154645,AL,ALABAMA,0.09464572,993611.3768649718
2042,2,0.0,0.0,AZ,ARIZONA,0.09464572,0.0
2042,3,185931.41936594475,2446.801879271063,AR,ARKANSAS,0.09464572,17597613.056511786
2042,4,43131.25385276584,2046.361319678841,CA,CALIFORNIA,0.09464572,4082188.5753977974
2042,5,1699955.0090899891,34480.75934473971,CO,COLORADO,0.09464572,160893465.80292857
2042,6,0.0,0.0,CT,CONNECTICUT,0.09464572,0.0
2042,7,17362.48481109373,211.40511056214035,DE,DELAWARE,0.09464572,1643284.8759350304
2042,8,0.0,0.0,DC,DISTRICT OF COLUMBIA,0.09464572,0.0
2042,9,779.1839168950378,11.89395793373577,FL,FLORIDA,0.09464572,73746.42282695102
2042,10,97211.8733391224,1216.3013723069726,GA,GEORGIA,0.09464572,9200687.744730044
2042,12,654545.0368621033,16746.681609622377,ID,IDAHO,0.09464572,61949886.2862403
2042,13,159724.8329400881,2025.0468214482407,IL,ILLINOIS,0.09464572,15117271.815494355
2042,14,18849.241329668985,399.8436723501395,IN,INDIANA,0.09464572,1784000.0171002783
2042,15,2650.5184191285566,13.10456297024066,IA,IOWA,0.09464572,250860.22415168403
2042,16,18391268.99549961,78796.38706654261,KS,KANSAS,0.09464572,1740654895.7927375
2042,17,28438.04173078821,892.2043076296366,KY,KENTUCKY,0.09464572,2691538.9350004965
2042,18,130432.89663183484,1176.0214688565773,LA,LOUISIANA,0.09464572,12344915.413405582
2042,19,0.0,0.0,ME,MAINE,0.09464572,0.0
2042,20,42660.97226177101,444.99028455698647,MD,MARYLAND,0.09464572,4037678.435615346
2042,21,0.0,0.0,MA,MASSACHUSETTS,0.09464572,0.0
2042,22,69608.44256100575,395.38050004169713,MI,MICHIGAN,0.09464572,6588141.164265034
2042,23,2843585.935530614,11436.445831148008,MN,MINNESOTA,0.09464572,269133238.25016856
2042,24,59004.21311136339,494.2103049049747,MS,MISSISSIPPI,0.09464572,5584496.232958429
2042,25,281076.9817343687,3301.978363885588,MO,MISSOURI,0.09464572,26602733.311676178
2042,26,12461656.4933647,75376.36689277833,MT,MONTANA,0.09464572,1179442451.2071772
2042,27,5625794.3270171285,19138.237434828054,NE,NEBRASKA,0.09464572,532457354.6524516
2042,28,18986.29343518892,2314.99642145164,NV,NEVADA,0.09464572,1796971.4123047288
2042,29,0.0,0.0,NH,NEW HAMPSHIRE,0.09464572,0.0
2042,30,5492.523298093274,138.81067759674818,NJ,NEW JERSEY,0.09464572,519843.8221648126
2042,31,191679.8637260912,4418.112564369936,NM,NEW MEXICO,0.09464572,18141678.711857785
2042,32,6453.086230333557,54.66888578513601,NY,NEW YORK,0.09464572,610756.9924920053
2042,33,199495.9132069144,1717.0988869383225,NC,NORTH CAROLINA,0.09464572,18881434.342525925
2042,34,11646655.382028695,39717.36734745639,ND,NORTH DAKOTA,0.09464572,1102306084.2239811
2042,35,89991.82256962413,1724.848467702113,OH,OHIO,0.09464572,8517340.841214325
2042,36,8650633.11720002,54956.27898432896,OK,OKLAHOMA,0.09464572,818745399.8332403
2042,37,4725795.518725903,21123.289249895388,OR,OREGON,0.09464572,447276319.44258654
2042,38,2977.1631883780337,154.83463671879107,PA,PENNSYLVANIA,0.09464572,281775.7535215346
2042,39,0.0,0.0,RI,RHODE ISLAND,0.09464572,0.0
2042,40,93204.85685788625,1080.5758678161212,SC,SOUTH CAROLINA,0.09464572,8821440.78481158
2042,41,5970206.30104102,22729.171188289474,SD,SOUTH DAKOTA,0.09464572,565054473.9105642
2042,42,61113.92248003435,745.6249608759797,TN,TENNESSEE,0.09464572,5784171.195147037
2042,43,5396378.263591621,38407.45970093216,TX,TEXAS,0.09464572,510744106.1499788
2042,44,25683.25264326345,3628.6654424391327,UT,UTAH,0.09464572,2430809.9383635726
2042,45,19.6526356932818,0.7922852389525827,VT,VERMONT,0.09464572,1860.037855088355
2042,46,47788.26048782207,424.4017347634797,VA,VIRGINIA,0.09464572,4522954.321417471
2042,47,2462884.44613634,26565.759166690597,WA,WASHINGTON,0.09464572,233101471.68137515
2042,48,147.67645381568113,22.82236675455768,WV,WEST VIRGINIA,0.09464572,13976.944298431888
2042,49,52721.38008418878,331.66577447100093,WI,WISCONSIN,0.09464572,4989852.977461708
2042,50,718400.8490415226,7626.41100346869,WY,WYOMING,0.09464572,67993565.60614622
2043,0,685.9146054713221,38.60912291285188,AL,ALABAMA,0.09599648,65845.38770583567
2043,2,0.0,0.0,AZ,ARIZONA,0.09599648,0.0
2043,3,162010.82621775023,2251.737263875937,AR,ARKANSAS,0.09599648,15552469.038795734
2043,4,31913.136598566245,1533.6236352486187,CA,CALIFORNIA,0.09599648,3063548.7792215324
2043,5,1105149.7307161682,28570.21731543802,CO,COLORADO,0.09599648,106090484.02170002
2043,6,0.0,0.0,CT,CONNECTICUT,0.09599648,0.0
2043,7,0.0,0.0,DE,DELAWARE,0.09599648,0.0
2043,8,0.0,0.0,DC,DISTRICT OF COLUMBIA,0.09599648,0.0
2043,9,0.0,0.0,FL,FLORIDA,0.09599648,0.0
2043,10,0.0,0.0,GA,GEORGIA,0.09599648,0.0
2043,12,721880.4327568945,17756.223559777067,ID,IDAHO,0.09599648,69297980.52553856
2043,13,312022.8392546517,2613.584656835156,IL,ILLINOIS,0.09599648,29953094.24805238
2043,14,14453.92543507348,387.5449179638839,IN,INDIANA,0.09599648,1387525.9639495225
2043,15,4057.966264486376,14.174742405686136,IA,IOWA,0.09599648,389550.4773494411
2043,16,13033398.62921634,71189.42611903671,KS,KANSAS,0.09599648,1251160390.8415937
2043,17,2387.864988227224,201.3231909287668,KY,KENTUCKY,0.09599648,229226.63358505492
2043,18,155767.6103076936,1023.8277913228144,LA,LOUISIANA,0.09599648,14953142.287550302
2043,19,0.0,0.0,ME,MAINE,0.09599648,0.0
2043,20,0.0,0.0,MD,MARYLAND,0.09599648,0.0
2043,21,0.0,0.0,MA,MASSACHUSETTS,0.09599648,0.0
2043,22,76262.32337837805,366.8272394047354,MI,MICHIGAN,0.09599648,7320914.600946001
2043,23,1890348.4182508537,11548.733469869589,MN,MINNESOTA,0.09599648,181466794.12564972
2043,24,9303.629307123896,160.38519483083385,MS,MISSISSIPPI,0.09599648,893115.6647087329
2043,25,366276.684999407,3985.0971057890806,MO,MISSOURI,0.09599648,35161272.466011874
2043,26,15173274.544270342,85581.74138295293,MT,MONTANA,0.09599648,1456580946.323557
2043,27,4280406.874098433,19576.699430309964,NE,NEBRASKA,0.09599648,410903992.8812527
2043,28,18574.58822880652,2264.7972563159205,NV,NEVADA,0.09599648,1783095.0874148603
2043,29,0.0,0.0,NH,NEW HAMPSHIRE,0.09599648,0.0
2043,30,0.0,0.0,NJ,NEW JERSEY,0.09599648,0.0
2043,31,166738.31427907845,3491.6905597887403,NM,NEW MEXICO,0.09599648,16006291.25192527
2043,32,430.9114674289104,6.53574730262678,NY,NEW YORK,0.09599648,41365.98406481004
2043,33,0.0,0.0,NC,NORTH CAROLINA,0.09599648,0.0
2043,34,9209976.660722792,41490.61991128482,ND,NORTH DAKOTA,0.09599648,884125340.3115422
2043,35,91788.93710362702,1962.9150060831764,OH,OHIO,0.09599648,8811414.864889588
2043,36,9648316.722906798,55171.22659446587,OK,OKLAHOMA,0.09599648,926204443.3241879
2043,37,4808090.644658579,21398.48113661177,OR,OREGON,0.09599648,461559777.40815437
2043,38,0.0,0.0,PA,PENNSYLVANIA,0.09599648,0.0
2043,39,0.0,0.0,RI,RHODE ISLAND,0.09599648,0.0
2043,40,0.0,0.0,SC,SOUTH CAROLINA,0.09599648,0.0
2043,41,4465444.058524244,22725.49683231981,SD,SOUTH DAKOTA,0.09599648,428666911.25524145
2043,42,5916.172177311305,131.9089308652653,TN,TENNESSEE,0.09599648,567931.7040958211
2043,43,5800685.760992695,46759.58886931419,TX,TEXAS,0.09599648,556845414.64142
2043,44,25102.199372901552,3555.075472755903,UT,UTAH,0.09599648,2409722.780056756
2043,45,65.82265590829164,0.8035892695566551,VT,VERMONT,0.09599648,6318.7432714472
2043,46,0.0,0.0,VA,VIRGINIA,0.09599648,0.0
2043,47,2523530.265548247,26869.811382059925,WA,WASHINGTON,0.09599648,242250022.66609696
2043,48,0.0,0.0,WV,WEST VIRGINIA,0.09599648,0.0
2043,49,40226.56067582928,267.9151406901388,WI,WISCONSIN,0.09599648,3861608.2273860313
2043,50,660057.264330013,7778.441982691082,WY,WYOMING,0.09599648,63363173.9741108
2044,0,5355.357264501963,179.37053526362996,AL,ALABAMA,0.09734724,521329.24891321606
2044,2,0.0,0.0,AZ,ARIZONA,0.09734724,0.0
2044,3,506866.2105851061,3606.762603824475,AR,ARKANSAS,0.09734724,49342026.649718866
2044,4,46154.91810403798,2244.9379234174976,CA,CALIFORNIA,0.09734724,4493053.88985413
2044,5,975923.9039062508,24547.844720760164,CO,COLORADO,0.09734724,95003498.49529874
2044,6,0.0,0.0,CT,CONNECTICUT,0.09734724,0.0
2044,7,3290.371710815446,127.15514444278514,DE,DELAWARE,0.09734724,320308.60462196183
2044,8,0.0,0.0,DC,DISTRICT OF COLUMBIA,0.09734724,0.0
2044,9,0.0,0.0,FL,FLORIDA,0.09734724,0.0
2044,10,1828.9925071116195,112.88032304366509,GA,GEORGIA,0.09734724,178047.37254799652
2044,12,611404.8516161053,16067.654879949843,ID,IDAHO,0.09734724,59518574.82743739
2044,13,613285.3813990935,3198.49053617802,IL,ILLINOIS,0.09734724,59701639.211549096
2044,14,57813.357758308826,808.867638328135,IN,INDIANA,0.09734724,5627970.812903952
2044,15,3692.0814511402505,15.81613984780902,IA,IOWA,0.09734724,359413.9391236983
2044,16,14351079.887906428,76261.56707900699,KS,KANSAS,0.09734724,1397038018.1072004
2044,17,23966.77510276714,549.8530889851113,KY,KENTUCKY,0.09734724,2333099.4079550975
2044,18,259.47536551093987,20.242353199186248,LA,LOUISIANA,0.09734724,25259.210680481185
2044,19,0.0,0.0,ME,MAINE,0.09734724,0.0
2044,20,5649.448766168457,120.117285259638,MD,MARYLAND,0.09734724,549958.2449079048
2044,21,0.0,0.0,MA,MASSACHUSETTS,0.09734724,0.0
2044,22,113062.26642574673,475.92375061185845,MI,MICHIGAN,0.09734724,11006299.58469111
2044,23,2096061.323235127,10815.943385223907,MN,MINNESOTA,0.09734724,204045784.6876875
2044,24,70563.57444054174,506.2376282169439,MS,MISSISSIPPI,0.09734724,6869169.216321281
2044,25,314343.2420853456,3785.406504964993,MO,MISSOURI,0.09734724,30600447.02966024
2044,26,10540461.435161358,74109.73991270525,MT,MONTANA,0.09734724,1026084829.0393971
2044,27,4493127.742408859,20027.13510550781,NE,NEBRASKA,0.09734724,437393584.6909333
2044,28,17373.006609079686,2129.390500176798,NV,NEVADA,0.09734724,1691214.2438956662
2044,29,0.0,0.0,NH,NEW HAMPSHIRE,0.09734724,0.0
2044,30,5569.467082326016,136.1880615541732,NJ,NEW JERSEY,0.09734724,542172.2487352904
2044,31,202587.32675109527,3668.968783675335,NM,NEW MEXICO,0.09734724,19721317.118197292
2044,32,3920.726168217755,93.46496341861416,NY,NEW YORK,0.09734724,381671.8712717742
2044,33,27532.737014592203,404.42307323606497,NC,NORTH CAROLINA,0.09734724,2680235.958016391
2044,34,4675838.002349312,24458.67281704259,ND,NORTH DAKOTA,0.09734724,455179924.2158191
2044,35,17212.535162587614,295.2128396796669,OH,OHIO,0.09734724,1675592.7914808553
2044,36,10299038.969844636,49789.24515208193,OK,OKLAHOMA,0.09734724,1002583018.3668184
2044,37,4237001.009956606,20962.977885672022,OR,OREGON,0.09734724,412460354.1964881
2044,38,97.05991845103117,3.1359303265707594,PA,PENNSYLVANIA,0.09734724,9448.51517583296
2044,39,0.0,0.0,RI,RHODE ISLAND,0.09734724,0.0
2044,40,6024.5157363604085,154.3590846529546,SC,SOUTH CAROLINA,0.09734724,586469.9792712535
2044,41,4027969.9784707744,24607.98725629296,SD,SOUTH DAKOTA,0.09734724,392111760.2069893
2044,42,64660.063855566,688.229097902898,TN,TENNESSEE,0.09734724,6294478.754563108
2044,43,5857851.487290449,34721.926817647225,TX,TEXAS,0.09734724,570245674.6176203
2044,44,23874.61321486822,3373.1313213210256,UT,UTAH,0.09734724,2324127.702534948
2044,45,149.03189173694398,1.827029813598366,VT,VERMONT,0.09734724,14507.843332570303
2044,46,250.84256887765108,6.324311485478009,VA,VIRGINIA,0.09734724,24418.83175474923
2044,47,2446280.9043030245,27220.37009218596,WA,WASHINGTON,0.09734724,238138694.29860353
2044,48,0.0,0.0,WV,WEST VIRGINIA,0.09734724,0.0
2044,49,8724.22491138173,132.43693077809098,WI,WISCONSIN,0.09734724,849279.2162622561
2044,50,387223.5550949619,6518.154410038276,WY,WYOMING,0.09734724,37695144.35148248
2045,0,5997.702609325382,184.2976686809141,AL,ALABAMA,0.098698,591961.2521351965
2045,2,0.0,0.0,AZ,ARIZONA,0.098698,0.0
2045,3,901970.1358975356,4818.01819909327,AR,ARKANSAS,0.098698,89022648.47281496
2045,4,27506.12698526656,1272.0209338191266,CA,CALIFORNIA,0.098698,2714799.721191839
2045,5,861799.7346518784,20278.49184902861,CO,COLORADO,0.098698,85057910.21067108
2045,6,0.0,0.0,CT,CONNECTICUT,0.098698,0.0
2045,7,20.70946517439781,11.501748042022305,DE,DELAWARE,0.098698,2043.982793782715
2045,8,0.0,0.0,DC,DISTRICT OF COLUMBIA,0.098698,0.0
2045,9,0.0,0.0,FL,FLORIDA,0.098698,0.0
2045,10,262.0933623018149,14.188379818419511,GA,GEORGIA,0.098698,25868.09067246453
2045,12,466540.2521969726,12738.72522098783,ID,IDAHO,0.098698,46046589.8113368
2045,13,1002113.3831109768,3467.916380161236,IL,ILLINOIS,0.098698,98906586.68628718
2045,14,70324.18494696848,784.4635014965638,IN,INDIANA,0.098698,6940856.405895894
2045,15,4541.644602160419,17.443517111964756,IA,IOWA,0.098698,448251.23894402897
2045,16,10170226.167095248,70551.87115772368,KS,KANSAS,0.098698,1003780982.2399666
2045,17,53813.12837074456,1231.2139531881476,KY,KENTUCKY,0.098698,5311248.1439357465
2045,18,154166.88214244132,1044.1088832082078,LA,LOUISIANA,0.098698,15215962.933694674
2045,19,0.0,0.0,ME,MAINE,0.098698,0.0
2045,20,48.04468884456433,6.379618443813617,MD,MARYLAND,0.098698,4741.91469958081
2045,21,0.0,0.0,MA,MASSACHUSETTS,0.098698,0.0
2045,22,218728.75845823507,534.1526973830736,MI,MICHIGAN,0.098698,21588091.002310883
2045,23,609296.3800101858,4875.356658984626,MN,MINNESOTA,0.098698,60136334.1142453
2045,24,73033.86851302738,668.8275821685686,MS,MISSISSIPPI,0.098698,7208296.754498776
2045,25,1331602.6729559083,6511.712732269165,MO,MISSOURI,0.098698,131426520.61540224
2045,26,7108204.054848624,51581.82515284587,MT,MONTANA,0.098698,701565523.8054495
2045,27,2032104.638724164,15781.297248356164,NE,NEBRASKA,0.098698,200564663.63279754
2045,28,12775.522568403703,1561.960714267761,NV,NEVADA,0.098698,1260918.5264563088
2045,29,0.0,0.0,NH,NEW HAMPSHIRE,0.098698,0.0
2045,30,3630.03950794025,124.30351303566854,NJ,NEW JERSEY,0.098698,358277.6393546868
2045,31,101566.69307762502,2039.7395238134004,NM,NEW MEXICO,0.098698,10024429.473375434
2045,32,34661.817118679384,300.6079657315804,NY,NEW YORK,0.098698,3421052.0259794174
2045,33,2243.952607938357,150.5418093919091,NC,NORTH CAROLINA,0.098698,221473.6344982999
2045,34,5385649.223936659,24673.99740736168,ND,NORTH DAKOTA,0.098698,531552807.10410035
2045,35,130255.4139534848,1317.9495992959492,OH,OHIO,0.098698,12855948.84638104
2045,36,10300882.58923928,54364.760196808085,OK,OKLAHOMA,0.098698,1016676509.7927384
2045,37,4329667.784411021,19981.48624282015,OR,OREGON,0.098698,427329550.98579884
2045,38,15419.318933300396,503.2740811762098,PA,PENNSYLVANIA,0.098698,1521855.9400788825
2045,39,0.0,0.0,RI,RHODE ISLAND,0.098698,0.0
2045,40,8417.194893710255,223.4797832718134,SC,SOUTH CAROLINA,0.098698,830760.3016194147
2045,41,2642290.6516361646,19588.551785357267,SD,SOUTH DAKOTA,0.098698,260788802.73518616
2045,42,77819.98867793965,715.6968944553769,TN,TENNESSEE,0.098698,7680677.2425352875
2045,43,5306867.892034501,36413.16057915769,TX,TEXAS,0.098698,523777247.20802116
2045,44,15935.57195610152,2300.377334663277,UT,UTAH,0.098698,1572809.0809233077
2045,45,123.4192021555458,3.825406431201749,VT,VERMONT,0.098698,12181.22841434806
2045,46,1799.6732435120189,84.93633866557983,VA,VIRGINIA,0.098698,177624.14978814923
2045,47,2519167.234148829,27132.601505673425,WA,WASHINGTON,0.098698,248636767.6760211
2045,48,0.0,0.0,WV,WEST VIRGINIA,0.098698,0.0
2045,49,74879.75309957589,394.56724047539217,WI,WISCONSIN,0.098698,7390481.871421941
2045,50,595446.5593158483,7166.737142704214,WY,WYOMING,0.098698,58769384.51135559
2046,0,14445.505030298626,259.8724160911186,AL,ALABAMA,0.0985349,1423386.393609972
2046,2,0.0,0.0,AZ,ARIZONA,0.0985349,0.0
2046,3,799936.9055701293,5078.241229038093,AR,ARKANSAS,0.0985349,78821702.99666212
2046,4,38562.62333882766,1865.177145931983,CA,CALIFORNIA,0.0985349,3799764.23442905
2046,5,1838455.3479996405,35686.98954406817,CO,COLORADO,0.0985349,181152013.86960977
2046,6,0.0,0.0,CT,CONNECTICUT,0.0985349,0.0
2046,7,25015.164276391908,226.9930252794271,DE,DELAWARE,0.0985349,2464866.710457849
2046,8,0.0,0.0,DC,DISTRICT OF COLUMBIA,0.0985349,0.0
2046,9,4705.479712348588,41.93774280850676,FL,FLORIDA,0.0985349,463653.97290829686
2046,10,43208.81534731474,777.6128894798828,GA,GEORGIA,0.0985349,4257576.299366123
2046,12,563005.0128837836,14832.99238710359,ID,IDAHO,0.0985349,55475642.644002326
2046,13,350239.0692326545,2829.6093542203025,IL,ILLINOIS,0.0985349,34510771.66293269
2046,14,14818.428585130609,326.20419924278514,IN,INDIANA,0.0985349,1460132.3787929858
2046,15,5508.225706610119,16.298529496551968,IA,IOWA,0.0985349,542752.4691782574
2046,16,18701863.09141945,79347.42067285173,KS,KANSAS,0.0985349,1842786209.5267065
2046,17,11374.452774525134,425.2953403402112,KY,KENTUCKY,0.0985349,1120780.5666925565
2046,18,217199.6917340812,1379.893532126575,LA,LOUISIANA,0.0985349,21401749.905048516
2046,19,0.0,0.0,ME,MAINE,0.0985349,0.0
2046,20,51916.28687149129,448.3256741814802,MD,MARYLAND,0.0985349,5115566.135253707
2046,21,0.0,0.0,MA,MASSACHUSETTS,0.0985349,0.0
2046,22,144531.53216712942,522.7221704842666,MI,MICHIGAN,0.0985349,14241400.06893488
2046,23,4141470.4140976206,15283.79573444144,MN,MINNESOTA,0.0985349,408079373.1060676
2046,24,188704.8917101951,1108.623122798677,MS,MISSISSIPPI,0.0985349,18594017.634174902
2046,25,849787.2862548792,5974.79234750756,MO,MISSOURI,0.0985349,83733705.2723959
2046,26,12279559.596841402,80620.3676821853,MT,MONTANA,0.0985349,1209965176.9188077
2046,27,5838130.795613177,21331.93735708598,NE,NEBRASKA,0.0985349,575259634.1326648
2046,28,16035.37825505903,1958.4985363283456,NV,NEVADA,0.0985349,1580044.3928244158
2046,29,0.0,0.0,NH,NEW HAMPSHIRE,0.0985349,0.0
2046,30,13007.450174386026,189.6259425215873,NJ,NEW JERSEY,0.0985349,1281687.8021881096
2046,31,259791.6814523922,4364.6117810797805,NM,NEW MEXICO,0.0985349,25598547.352743316
2046,32,8370.160289041532,187.2381158037064,NY,NEW YORK,0.0985349,824752.9070646784
2046,33,17224.995619428388,532.4831498137347,NC,NORTH CAROLINA,0.0985349,1697263.2208608142
2046,34,14817436.97579042,50304.24935039882,ND,NORTH DAKOTA,0.0985349,1460034670.6658115
2046,35,41262.8192303634,595.2018012329415,OH,OHIO,0.0985349,4065827.7665819344
2046,36,11093398.283078294,53576.63365241067,OK,OKLAHOMA,0.0985349,1093086890.4832914
2046,37,4792217.008940024,21974.918140814403,OR,OREGON,0.0985349,472200623.7542044
2046,38,4037.134597566426,189.27069669733123,PA,PENNSYLVANIA,0.0985349,397798.65385774797
2046,39,0.0,0.0,RI,RHODE ISLAND,0.0985349,0.0
2046,40,34055.59510895691,518.0621706605413,SC,SOUTH CAROLINA,0.0985349,3355664.658501558
2046,41,6661093.008030976,27141.62024024767,SD,SOUTH DAKOTA,0.0985349,656350133.4370314
2046,42,21981.08638403628,563.0713397181278,TN,TENNESSEE,0.0985349,2165904.1487423764
2046,43,8021882.007422497,49584.55043941777,TX,TEXAS,0.0985349,790435341.413175
2046,44,22831.77177126577,3233.82305445894,UT,UTAH,0.0985349,2249726.348304495
2046,45,0.0,0.0,VT,VERMONT,0.0985349,0.0
2046,46,12495.09625992748,200.10224127532356,VA,VIRGINIA,0.0985349,1231203.0604623284
2046,47,2484804.7387236697,26495.91384051466,WA,WASHINGTON,0.0985349,244839986.4496629
2046,48,0.0,0.0,WV,WEST VIRGINIA,0.0985349,0.0
2046,49,55904.62519242053,375.3705498925655,WI,WISCONSIN,0.0985349,5508556.652872637
2046,50,781994.0856936367,8847.130998177605,WY,WYOMING,0.0985349,77053709.03441392
2047,0,107998.21445965706,574.2822976314222,AL,ALABAMA,0.0983718,10623978.753182491
2047,2,0.0,0.0,AZ,ARIZONA,0.0983718,0.0
2047,3,1153281.4005511128,5224.258769822909,AR,ARKANSAS,0.0983718,113450367.27873397
2047,4,59592.19201436948,2851.6080541180263,CA,CALIFORNIA,0.0983718,5862191.194399151
2047,5,939895.2518250408,23000.15256122345,CO,COLORADO,0.0983718,92459187.73348254
2047,6,0.0,0.0,CT,CONNECTICUT,0.0983718,0.0
2047,7,11786.223803245157,148.1745516978579,DE,DELAWARE,0.0983718,1159432.050728072
2047,8,0.0,0.0,DC,DISTRICT OF COLUMBIA,0.0983718,0.0
2047,9,13380.259086819837,56.026307864790695,FL,FLORIDA,0.0983718,1316240.1708368235
2047,10,398527.3070332075,2329.0084752417392,GA,GEORGIA,0.0983718,39203848.54200928
2047,12,783558.6110571651,19464.978603951276,ID,IDAHO,0.0983718,77080070.97519322
2047,13,584210.1309941957,3270.89120528444,IL,ILLINOIS,0.0983718,57469802.164134815
2047,14,98009.42393051012,872.7539861839429,IN,INDIANA,0.0983718,9641363.449007355
2047,15,1955.947865953232,7.950304520863991,IA,IOWA,0.0983718,192410.11227997814
2047,16,6934021.531130157,38293.450888323874,KS,KANSAS,0.0983718,682112179.2560296
2047,17,232119.81909984365,2068.246269297505,KY,KENTUCKY,0.0983718,22834044.420525998
2047,18,110211.85659674816,1075.6226523871703,LA,LOUISIANA,0.0983718,10841738.71476399
2047,19,0.0,0.0,ME,MAINE,0.0983718,0.0
2047,20,54832.89511340321,447.7716990596554,MD,MARYLAND,0.0983718,5394010.591516677
2047,21,0.0,0.0,MA,MASSACHUSETTS,0.0983718,0.0
2047,22,185334.30380326888,564.4725935934737,MI,MICHIGAN,0.0983718,18231669.066874404
2047,23,1504633.9507803833,9278.219034634734,MN,MINNESOTA,0.0983718,148013550.0793777
2047,24,346216.3183416819,1196.449323664669,MS,MISSISSIPPI,0.0983718,34057922.42464426
2047,25,699697.2994959712,5917.418021714445,MO,MISSOURI,0.0983718,68830482.80655777
2047,26,8332931.519043605,59342.75437065522,MT,MONTANA,0.0983718,819725472.8050536
2047,27,4139078.9905890143,18876.94895282246,NE,NEBRASKA,0.0983718,407168650.64642435
2047,28,18999.843372288346,2316.648563614256,NV,NEVADA,0.0983718,1869048.7922500747
2047,29,0.0,0.0,NH,NEW HAMPSHIRE,0.0983718,0.0
2047,30,3325.913801362987,51.46392847665875,NJ,NEW JERSEY,0.0983718,327176.1272849195
2047,31,121054.65688204391,2315.4066627631764,NM,NEW MEXICO,0.0983718,11908364.495869046
2047,32,26684.68267536201,225.97342190958145,NY,NEW YORK,0.0983718,2625020.2672041766
2047,33,114216.59589614088,1408.0398696865536,NC,NORTH CAROLINA,0.0983718,11235692.12817599
2047,34,3777738.020933463,21302.558104769225,ND,NORTH DAKOTA,0.0983718,371622889.0476624
2047,35,164104.09908646904,944.3554746022954,OH,OHIO,0.0983718,16143215.614514316
2047,36,3095516.279288648,21333.667759047006,OK,OKLAHOMA,0.0983718,304511508.322927
2047,37,5374976.273455257,23448.775649880365,OR,OREGON,0.0983718,528746090.97708577
2047,38,10707.512990067888,259.17971922514806,PA,PENNSYLVANIA,0.0983718,1053317.3263563602
2047,39,0.0,0.0,RI,RHODE ISLAND,0.0983718,0.0
2047,40,105237.72614856108,1001.5367477324938,SC,SOUTH CAROLINA,0.0983718,10352424.54914102
2047,41,3192774.3764493875,22801.942394586848,SD,SOUTH DAKOTA,0.0983718,314078962.4052038
2047,42,256937.43159242853,1477.3341355494504,TN,TENNESSEE,0.0983718,25275397.63312406
2047,43,3647665.12649226,20373.594524089694,TX,TEXAS,0.0983718,358827384.2902713
2047,44,25104.776653861925,3547.716480437981,UT,UTAH,0.0983718,2469602.068038374
2047,45,244.31410616789483,7.292097642817713,VT,VERMONT,0.0983718,24033.618389126917
2047,46,23982.92985098324,271.56768587226884,VA,VIRGINIA,0.0983718,2359243.978714953
2047,47,2697806.2198894317,28635.249242368765,WA,WASHINGTON,0.0983718,265388053.9017192
2047,48,94.42035406400431,14.96294820171728,WV,WEST VIRGINIA,0.0983718,9288.30018591342
2047,49,144519.91325638225,513.7114175519292,WI,WISCONSIN,0.0983718,14216684.002874183
2047,50,714330.7015166171,8244.02201265245,WY,WYOMING,0.0983718,70269996.90345235
2048,0,15197.729903896528,257.54274083536336,AL,ALABAMA,0.0982087,1492549.296812803
2048,2,0.0,0.0,AZ,ARIZONA,0.0982087,0.0
2048,3,919833.2563252908,5059.938815339056,AR,ARKANSAS,0.0982087,90335628.32047358
2048,4,52195.88321165305,2450.777593135195,CA,CALIFORNIA,0.0982087,5126089.835568271
2048,5,1632643.2169507393,33535.47863789086,CO,COLORADO,0.0982087,160339767.90055007
2048,6,0.0,0.0,CT,CONNECTICUT,0.0982087,0.0
2048,7,1403.0817610863448,116.22080428713085,DE,DELAWARE,0.0982087,137794.83575000052
2048,8,0.0,0.0,DC,DISTRICT OF COLUMBIA,0.0982087,0.0
2048,9,0.0,0.0,FL,FLORIDA,0.0982087,0.0
2048,10,70727.42459849111,1311.289270669698,GA,GEORGIA,0.0982087,6946048.424165835
2048,12,677359.0127122267,17389.358702835525,ID,IDAHO,0.0982087,66522548.07175126
2048,13,131787.47916556525,881.407716817165,IL,ILLINOIS,0.0982087,12942677.005127247
2048,14,31707.46343941658,451.7885241806557,IN,INDIANA,0.0982087,3113948.764682631
2048,15,802.673188246765,5.810085742257245,IA,IOWA,0.0982087,78829.49034257006
2048,16,14803480.354801487,62941.45967482674,KS,KANSAS,0.0982087,1453830561.1205928
2048,17,46837.66346650868,994.6000289091108,KY,KENTUCKY,0.0982087,4599866.040083311
2048,18,163432.26255304433,1188.8082681614665,LA,LOUISIANA,0.0982087,16050470.043393163
2048,19,0.0,0.0,ME,MAINE,0.0982087,0.0
2048,20,5649.434243778402,216.12440924351185,MD,MARYLAND,0.0982087,554823.59281696
2048,21,0.0,0.0,MA,MASSACHUSETTS,0.0982087,0.0
2048,22,59074.72183684837,154.88071783312793,MI,MICHIGAN,0.0982087,5801651.63445849
2048,23,108233.33626731916,726.7337444352942,MN,MINNESOTA,0.0982087,10629455.251476267
2048,24,176495.7654727662,1043.503228533228,MS,MISSISSIPPI,0.0982087,17333419.68258525
2048,25,142471.0260493319,1829.880231087057,MO,MISSOURI,0.0982087,13991894.255971022
2048,26,4944256.273203296,47414.27928637109,MT,MONTANA,0.0982087,485568981.0581405
2048,27,4808407.54834696,20650.53518437359,NE,NEBRASKA,0.0982087,472227454.3933421
2048,28,19580.5583858396,2387.4550737339605,NV,NEVADA,0.0982087,1922981.1843474056
2048,29,0.0,0.0,NH,NEW HAMPSHIRE,0.0982087,0.0
2048,30,2567.184618777861,128.26966924573946,NJ,NEW JERSEY,0.0982087,252119.8640701693
2048,31,250212.4595734426,4107.160877022772,NM,NEW MEXICO,0.0982087,24573040.378510352
2048,32,11287.6733418065,228.72324950861275,NY,NEW YORK,0.0982087,1108547.724923472
2048,33,99400.14685762554,1432.8063120375064,NC,NORTH CAROLINA,0.0982087,9761959.20269649
2048,34,4857263.008716533,27603.09568319812,ND,NORTH DAKOTA,0.0982087,477025485.64413935
2048,35,16231.70013704332,186.30024692745437,OH,OHIO,0.0982087,1594094.1692488464
2048,36,9600531.56775378,46335.20590701138,OK,OKLAHOMA,0.0982087,942855724.5780606
2048,37,4651894.104285581,21642.530545673388,OR,OREGON,0.0982087,456856472.5195513
2048,38,1617.400750439425,124.55020027885264,PA,PENNSYLVANIA,0.0982087,158842.82507968036
2048,39,0.0,0.0,RI,RHODE ISLAND,0.0982087,0.0
2048,40,151842.06668338843,1252.5320958307434,SC,SOUTH CAROLINA,0.0982087,14912211.97428889
2048,41,1181093.6798138036,13231.830376417594,SD,SOUTH DAKOTA,0.0982087,115993674.8727299
2048,42,80691.36737206644,844.6057229144244,TN,TENNESSEE,0.0982087,7924594.290833061
2048,43,7421389.721579623,42411.61588999037,TX,TEXAS,0.0982087,728845036.7496967
2048,44,24454.498200614893,3455.1162976921846,UT,UTAH,0.0982087,2401644.477434728
2048,45,187.989808680954,5.882762352416615,VT,VERMONT,0.0982087,18462.234723805206
2048,46,3727.003776730093,159.16443265308894,VA,VIRGINIA,0.0982087,366024.19580775267
2048,47,2370784.397904644,26118.37585232485,WA,WASHINGTON,0.0982087,232831653.6984978
2048,48,0.0,0.0,WV,WEST VIRGINIA,0.0982087,0.0
2048,49,6665.245262219036,48.84190699952066,WI,WISCONSIN,0.0982087,654585.0723836906
2048,50,696888.3798861831,7842.73148786968,WY,WYOMING,0.0982087,68440501.83372818
2049,0,0.0,0.0,AL,ALABAMA,0.0980456,0.0
2049,2,0.0,0.0,AZ,ARIZONA,0.0980456,0.0
2049,3,48356.76524299774,831.4371361964713,AR,ARKANSAS,0.0980456,4741168.062308859
2049,4,39665.67072382173,1895.077052664048,CA,CALIFORNIA,0.0980456,3889044.485519536
2049,5,1340127.3060773988,28453.686925689035,CO,COLORADO,0.0980456,131393585.80074221
2049,6,0.0,0.0,CT,CONNECTICUT,0.0980456,0.0
2049,7,0.0,0.0,DE,DELAWARE,0.0980456,0.0
2049,8,0.0,0.0,DC,DISTRICT OF COLUMBIA,0.0980456,0.0
2049,9,0.0,0.0,FL,FLORIDA,0.0980456,0.0
2049,10,0.0,0.0,GA,GEORGIA,0.0980456,0.0
2049,12,438527.8853497155,13098.799442215728,ID,IDAHO,0.0980456,42995729.63584406
2049,13,27074.84282614217,421.1215819249134,IL,ILLINOIS,0.0980456,2654569.2097948045
2049,14,25877.91830861901,374.6579436389119,IN,INDIANA,0.0980456,2537216.027319536
2049,15,841.7101796108892,7.961079958247836,IA,IOWA,0.0980456,82525.9795860574
2049,16,14759741.358970197,68695.71261452281,KS,KANSAS,0.0980456,1447127697.3850484
2049,17,9223.961063173165,252.32956796141207,KY,KENTUCKY,0.0980456,904368.7968154509
2049,18,54635.6535562241,661.2616914904514,LA,LOUISIANA,0.0980456,5356785.434312126
2049,19,0.0,0.0,ME,MAINE,0.0980456,0.0
2049,20,224.46884331030697,9.722995521503368,MD,MARYLAND,0.0980456,22008.182423665032
2049,21,0.0,0.0,MA,MASSACHUSETTS,0.0980456,0.0
2049,22,24218.98503790796,75.70360316085494,MI,MICHIGAN,0.0980456,2374564.919432709
2049,23,171531.1992694541,1241.1171810814776,MN,MINNESOTA,0.0980456,16817879.35109319
2049,24,56726.098844661625,516.2864319032752,MS,MISSISSIPPI,0.0980456,5561744.396884155
2049,25,94310.4675158378,1938.353771217364,MO,MISSOURI,0.0980456,9246726.373870825
2049,26,7804823.085727118,62147.42638894008,MT,MONTANA,0.0980456,765228562.3339666
2049,27,2415445.618212005,17012.376334236884,NE,NEBRASKA,0.0980456,236823814.90496695
2049,28,17812.04730614421,2183.3811298147266,NV,NEVADA,0.0980456,1746392.8653592928
2049,29,0.0,0.0,NH,NEW HAMPSHIRE,0.0980456,0.0
2049,30,0.0,0.0,NJ,NEW JERSEY,0.0980456,0.0
2049,31,184235.39470943203,3951.492878786815,NM,NEW MEXICO,0.0980456,18063469.815523088
2049,32,29.487274571329564,3.88974609375,NY,NEW YORK,0.0980456,2891.0975277107495
2049,33,311.76617565752235,6.564829850757049,NC,NORTH CAROLINA,0.0980456,30567.301752047173
2049,34,717306.0313674626,4032.727425586248,ND,NORTH DAKOTA,0.0980456,70328700.2290417
2049,35,30438.71258743045,348.6928075793421,OH,OHIO,0.0980456,2984381.838862171
2049,36,5202141.202649859,32316.01585704396,OK,OKLAHOMA,0.0980456,510047055.49852693
2049,37,5045103.112177963,22822.89262047049,OR,OREGON,0.0980456,494650161.6953557
2049,38,67.49531676388318,5.936809570511349,PA,PENNSYLVANIA,0.0980456,6617.6188293049845
2049,39,0.0,0.0,RI,RHODE ISLAND,0.0980456,0.0
2049,40,0.0,0.0,SC,SOUTH CAROLINA,0.0980456,0.0
2049,41,1741356.8066600603,13606.682324263162,SD,SOUTH DAKOTA,0.0980456,170732372.92306963
2049,42,8177.685121594772,215.43852959756987,TN,TENNESSEE,0.0980456,801786.0443578323
2049,43,7828684.042701535,46855.87392019322,TX,TEXAS,0.0980456,767568024.1770976
2049,44,24215.525676757115,3455.238784368636,UT,UTAH,0.0980456,2374225.7442930574
2049,45,0.0,0.0,VT,VERMONT,0.0980456,0.0
2049,46,0.0,0.0,VA,VIRGINIA,0.0980456,0.0
2049,47,2704829.684375242,30806.37058101268,WA,WASHINGTON,0.0980456,265196649.3023812
2049,48,168.7360689598577,4.484059907392375,WV,WEST VIRGINIA,0.0980456,16543.829122810625
2049,49,11320.724908529952,71.76150410643102,WI,WISCONSIN,0.0980456,1109947.2660917642
2049,50,467191.33725200855,6671.283817541896,WY,WYOMING,0.0980456,45806054.97567553
2050,0,5403.042680666253,150.22605802951406,AL,ALABAMA,0.0978825,528863.3251903144
2050,2,0.0,0.0,AZ,ARIZONA,0.0978825,0.0
2050,3,272503.39714960346,2635.970433082079,AR,ARKANSAS,0.0978825,26673313.77149606
2050,4,29485.673084205417,1395.834439000248,CA,CALIFORNIA,0.0978825,2886131.3956647366
2050,5,796864.3440715491,21379.7676129478,CO,COLORADO,0.0978825,77999074.15858342
2050,6,0.0,0.0,CT,CONNECTICUT,0.0978825,0.0
2050,7,7567.503956745217,134.26060605073187,DE,DELAWARE,0.0978825,740726.2060461136
2050,8,0.0,0.0,DC,DISTRICT OF COLUMBIA,0.0978825,0.0
2050,9,586.774186303934,7.819918492843547,FL,FLORIDA,0.0978825,57434.924290894814
2050,10,48.35413740558793,1.9641780573638563,GA,GEORGIA,0.0978825,4733.02385460246
2050,12,618307.1690538584,16783.358254405517,ID,IDAHO,0.0978825,60521451.47491429
2050,13,20965.060719620524,218.0625099190568,IL,ILLINOIS,0.0978825,2052112.5558882556
2050,14,15573.96762165656,263.2730493847022,IN,INDIANA,0.0978825,1524418.8857267983
2050,15,0.0,0.0,IA,IOWA,0.0978825,0.0
2050,16,9505428.6313397,53955.06495069056,KS,KANSAS,0.0978825,930415118.0071082
2050,17,44886.44850710877,1198.6271072986617,KY,KENTUCKY,0.0978825,4393597.795997074
2050,18,166039.80695993043,1251.616103210843,LA,LOUISIANA,0.0978825,16252391.40475539
2050,19,0.0,0.0,ME,MAINE,0.0978825,0.0
2050,20,19845.199449852957,281.4422568966169,MD,MARYLAND,0.0978825,1942497.7351502322
2050,21,0.0,0.0,MA,MASSACHUSETTS,0.0978825,0.0
2050,22,126184.17831701729,501.54035070668107,MI,MICHIGAN,0.0978825,12351222.834115444
2050,23,241178.2445349249,2494.8160414013646,MN,MINNESOTA,0.0978825,23607129.520689785
2050,24,28030.870451503957,405.1868505295769,MS,MISSISSIPPI,0.0978825,2743731.6769693363
2050,25,81712.45618271816,1337.40242570793,MO,MISSOURI,0.0978825,7998219.49230491
2050,26,3413377.129731116,29756.27616173873,MT,MONTANA,0.0978825,334109886.9009059
2050,27,2332387.7075840114,14194.503884425358,NE,NEBRASKA,0.0978825,228299939.787592
2050,28,20089.22907495156,2449.8211732339614,NV,NEVADA,0.0978825,1966383.964928946
2050,29,0.0,0.0,NH,NEW HAMPSHIRE,0.0978825,0.0
2050,30,18506.788621708976,200.20505225747303,NJ,NEW JERSEY,0.0978825,1811490.737264429
2050,31,73488.45954685559,1698.9274995884873,NM,NEW MEXICO,0.0978825,7193234.141595093
2050,32,9239.724322682425,299.146288482937,NY,NEW YORK,0.0978825,904407.3160149625
2050,33,155136.63180583017,1996.4373199871052,NC,NORTH CAROLINA,0.0978825,15185161.362734172
2050,34,624070.9511157243,5966.090302760735,ND,NORTH DAKOTA,0.0978825,61085624.87258489
2050,35,76463.41703157304,1151.0045470837456,OH,OHIO,0.0978825,7484430.417592948
2050,36,6374920.272138139,40839.86329972977,OK,OKLAHOMA,0.0978825,623993133.5375613
2050,37,4462470.530572344,21427.705542702643,OR,OREGON,0.0978825,436797771.70874745
2050,38,5837.581839393522,137.66570882467846,PA,PENNSYLVANIA,0.0978825,571397.1043944365
2050,39,0.0,0.0,RI,RHODE ISLAND,0.0978825,0.0
2050,40,57526.83631626685,873.5899655824757,SC,SOUTH CAROLINA,0.0978825,5630870.55572699
2050,41,330725.3457520999,7033.488762122379,SD,SOUTH DAKOTA,0.0978825,32372223.655579913
2050,42,33361.74477857533,532.7418665344412,TN,TENNESSEE,0.0978825,3265530.9832888995
2050,43,3196005.231966425,24815.1862503752,TX,TEXAS,0.0978825,312832982.1179536
2050,44,26160.30469325047,3722.7895926129354,UT,UTAH,0.0978825,2560636.024137089
2050,45,330.5503513724807,12.928232150802216,VT,VERMONT,0.0978825,32355.09476821684
2050,46,13051.828883470647,210.49675309562508,VA,VIRGINIA,0.0978825,1277545.6406863155
2050,47,1678807.447004686,19231.007844288804,WA,WASHINGTON,0.0978825,164325869.93143618
2050,48,0.0,0.0,WV,WEST VIRGINIA,0.0978825,0.0
2050,49,8862.413005463957,66.69818720616908,WI,WISCONSIN,0.0978825,867475.1410073258
2050,50,249430.723550616,3148.4489051869123,WY,WYOMING,0.0978825,24414902.79794317
2051,0,69411.37206006683,442.90946882533774,AL,ALABAMA,0.0992614,6889869.966603118
2051,2,0.0,0.0,AZ,ARIZONA,0.0992614,0.0
2051,3,473671.2264929527,3593.552236836644,AR,ARKANSAS,0.0992614,47017269.08140757
2051,4,22073.13903150514,1065.446419226433,CA,CALIFORNIA,0.0992614,2191010.682661844
2051,5,1381438.4493366852,30028.2837050652,CO,COLORADO,0.0992614,137123514.49498844
2051,6,0.0,0.0,CT,CONNECTICUT,0.0992614,0.0
2051,7,2075.2826416689986,39.36329292219977,DE,DELAWARE,0.0992614,205995.46040776314
2051,8,0.0,0.0,DC,DISTRICT OF COLUMBIA,0.0992614,0.0
2051,9,10827.601401196938,46.87245420871199,FL,FLORIDA,0.0992614,1074762.8737247698
2051,10,224280.7054040149,2265.4593193461733,GA,GEORGIA,0.0992614,22262416.811390087
2051,12,584794.2120199886,15865.975162218969,ID,IDAHO,0.0992614,58047492.19700089
2051,13,63029.30625263284,369.65206894525176,IL,ILLINOIS,0.0992614,6256377.17966509
2051,14,6675.165612777527,112.19195459733352,IN,INDIANA,0.0992614,662586.2839561552
2051,15,2768.839138709435,8.599873113266506,IA,IOWA,0.0992614,274838.8492830927
2051,16,19033541.47489333,80104.5446327521,KS,KANSAS,0.0992614,1889295973.7559772
2051,17,7600.058202781084,242.46572121437907,KY,KENTUCKY,0.0992614,754392.4172895342
2051,18,464319.0461881631,1692.0862745656675,LA,LOUISIANA,0.0992614,46088958.571301736
2051,19,0.0,0.0,ME,MAINE,0.0992614,0.0
2051,20,7734.449007828093,90.089534398342,MD,MARYLAND,0.0992614,767732.2367456275
2051,21,0.0,0.0,MA,MASSACHUSETTS,0.0992614,0.0
2051,22,23692.01613396567,252.69557109315707,MI,MICHIGAN,0.0992614,2351702.6902800202
2051,23,121176.6404249432,1196.2794426524906,MN,MINNESOTA,0.0992614,12028162.975876456
2051,24,341573.4971866036,1331.3203402679453,MS,MISSISSIPPI,0.0992614,33905063.533638336
2051,25,129102.42014022903,2711.1452860922877,MO,MISSOURI,0.0992614,12814886.96650733
2051,26,2654524.5680981777,17756.95246477699,MT,MONTANA,0.0992614,263491824.96382043
2051,27,4028523.09961264,21167.38173425744,NE,NEBRASKA,0.0992614,399876842.79989016
2051,28,19113.980890414445,2330.818637331612,NV,NEVADA,0.0992614,1897280.5027557844
2051,29,0.0,0.0,NH,NEW HAMPSHIRE,0.0992614,0.0
2051,30,2308.262216506197,52.18854436709205,NJ,NEW JERSEY,0.0992614,229121.33917750823
2051,31,286888.4386928581,4706.935794058914,NM,NEW MEXICO,0.0992614,28476948.068467263
2051,32,3857.647885181672,45.38367256942514,NY,NEW YORK,0.0992614,382915.529790172
2051,33,294067.65100669244,2048.403469362504,NC,NORTH CAROLINA,0.0992614,29189566.733635698
2051,34,4244.637208982712,40.18450138292143,ND,NORTH DAKOTA,0.0992614,421328.6318557165
2051,35,43356.433918236624,469.0622736929411,OH,OHIO,0.0992614,4303620.3297316525
2051,36,11320312.854042305,51786.06584969272,OK,OKLAHOMA,0.0992614,1123670102.3302348
2051,37,4309927.053723525,20325.18927261458,OR,OREGON,0.0992614,427809393.2504723
2051,38,341.06068762236714,28.476377081240223,PA,PENNSYLVANIA,0.0992614,33854.161338358834
2051,39,0.0,0.0,RI,RHODE ISLAND,0.0992614,0.0
2051,40,245557.52143199887,1827.333144036167,SC,SOUTH CAROLINA,0.0992614,24374383.357870214
2051,41,434271.1151217215,3916.643988729868,SD,SOUTH DAKOTA,0.0992614,43106358.86654325
2051,42,48354.72889035258,834.4884950153696,TN,TENNESSEE,0.0992614,4799758.086276843
2051,43,8663602.898846598,47351.3706501402,TX,TEXAS,0.0992614,859961352.7835717
2051,44,22964.48782657971,3251.413815952317,UT,UTAH,0.0992614,2279487.211949259
2051,45,421.0422040472301,7.23822729557348,VT,VERMONT,0.0992614,41793.23863281372
2051,46,28765.625924674656,228.8071942636411,VA,VIRGINIA,0.0992614,2855316.301159501
2051,47,1623287.3332505848,17953.941109674066,WA,WASHINGTON,0.0992614,161129773.3007196
2051,48,0.0,0.0,WV,WEST VIRGINIA,0.0992614,0.0
2051,49,11623.571710933373,59.70277466367849,WI,WISCONSIN,0.0992614,1153772.0010276418
2051,50,378714.4641627373,5040.687279262363,WY,WYOMING,0.0992614,37591727.913043134
2052,0,2834.2661191447432,124.91509346548482,AL,ALABAMA,0.1006403,285241.3925105627
2052,2,0.0,0.0,AZ,ARIZONA,0.1006403,0.0
2052,3,1229523.3999646895,5262.777697027104,AR,ARKANSAS,0.1006403,123739603.82946634
2052,4,39849.35233950591,1950.764748573049,CA,CALIFORNIA,0.1006403,4010450.774253577
2052,5,1843670.9646411145,38118.10256335858,CO,COLORADO,0.1006403,185547598.98277116
2052,6,0.0,0.0,CT,CONNECTICUT,0.1006403,0.0
2052,7,28.35784486853978,5.873418789943346,DE,DELAWARE,0.1006403,2853.9420149233038
2052,8,0.0,0.0,DC,DISTRICT OF COLUMBIA,0.1006403,0.0
2052,9,0.0,0.0,FL,FLORIDA,0.1006403,0.0
2052,10,15630.43930918744,292.57077036015164,GA,GEORGIA,0.1006403,1573052.1012084167
2052,12,748353.3028017537,19458.5807533769,ID,IDAHO,0.1006403,75314500.89995934
2052,13,954767.3757341031,3100.9363503982327,IL,ILLINOIS,0.1006403,96088075.12409286
2052,14,118931.93006807158,845.2578441091056,IN,INDIANA,0.1006403,11969345.121629745
2052,15,6843.746255053382,19.177091580748108,IA,IOWA,0.1006403,688756.6762324489
2052,16,22862338.31332477,86910.32542914923,KS,KANSAS,0.1006403,2300872586.554499
2052,17,143634.3353644948,1775.4618619919602,KY,KENTUCKY,0.1006403,14455402.601383366
2052,18,143723.4878323846,1175.4690965951138,LA,LOUISIANA,0.1006403,14464374.932497535
2052,19,0.0,0.0,ME,MAINE,0.1006403,0.0
2052,20,532.4764580211121,25.719523036135318,MD,MARYLAND,0.1006403,53588.59047818213
2052,21,0.0,0.0,MA,MASSACHUSETTS,0.1006403,0.0
2052,22,210353.0607310157,391.4335491351122,MI,MICHIGAN,0.1006403,21169995.137887638
2052,23,1092267.8589513586,6227.304231016819,MN,MINNESOTA,0.1006403,109926165.00522241
2052,24,209026.8604144749,903.2928378504428,MS,MISSISSIPPI,0.1006403,21036525.94017088
2052,25,1804260.1706297435,8981.0398442822,MO,MISSOURI,0.1006403,181581284.85022858
2052,26,11713492.341738695,75125.93610030145,MT,MONTANA,0.1006403,1178849383.3202848
2052,27,6367678.7003177805,23440.94604916025,NE,NEBRASKA,0.1006403,640845094.7035916
2052,28,26549.413505350145,3237.1667206308434,NV,NEVADA,0.1006403,2671940.9400024903
2052,29,0.0,0.0,NH,NEW HAMPSHIRE,0.1006403,0.0
2052,30,126.3224125771652,18.971870677215414,NJ,NEW JERSEY,0.1006403,12713.125498489679
2052,31,270600.34671823547,4510.141178848302,NM,NEW MEXICO,0.1006403,27233300.073827237
2052,32,32350.25792308932,358.8556688683139,NY,NEW YORK,0.1006403,3255739.662457086
2052,33,6396.694315326315,202.1575405439017,NC,NORTH CAROLINA,0.1006403,643765.2349027349
2052,34,5571193.115054378,33091.84651215341,ND,NORTH DAKOTA,0.1006403,560686546.4570072
2052,35,137000.64693786818,918.8240154061044,OH,OHIO,0.1006403,13787786.208021134
2052,36,8128012.097661247,46815.42317785175,OK,OKLAHOMA,0.1006403,818005575.9122572
2052,37,4896105.634990623,22082.48744691917,OR,OREGON,0.1006403,492745539.93714684
2052,38,550.4034405895752,28.056762410680054,PA,PENNSYLVANIA,0.1006403,55392.76738196703
2052,39,0.0,0.0,RI,RHODE ISLAND,0.1006403,0.0
2052,40,1844.4102085751065,153.80091024742214,SC,SOUTH CAROLINA,0.1006403,185621.9967140613
2052,41,5173912.420319766,26619.03896906404,SD,SOUTH DAKOTA,0.1006403,520704098.1547074
2052,42,179258.51768009373,1144.320017647101,TN,TENNESSEE,0.1006403,18040630.99687994
2052,43,6130752.014669175,36642.59776017857,TX,TEXAS,0.1006403,617000721.9819102
2052,44,30822.60352248373,4395.445399813911,UT,UTAH,0.1006403,3101996.065283819
2052,45,1141.2222678134071,21.67698963999448,VT,VERMONT,0.1006403,114852.95139942164
2052,46,0.3290907378989756,0.0153934974435907,VA,VIRGINIA,0.1006403,33.119790589374276
2052,47,1999917.229957628,23321.620586099823,WA,WASHINGTON,0.1006403,201272269.99810466
2052,48,0.0,0.0,WV,WEST VIRGINIA,0.1006403,0.0
2052,49,143308.7430673592,564.197465537565,WI,WISCONSIN,0.1006403,14422634.894921951
2052,50,919389.3300843474,11081.576653177312,WY,WYOMING,0.1006403,92527617.99648775
2053,0,674.7691649006812,17.607708885955198,AL,ALABAMA,0.1020191999999999,68839.4103878355
2053,2,0.0,0.0,AZ,ARIZONA,0.1020191999999999,0.0
2053,3,70495.5279677755,754.6135305606762,AR,ARKANSAS,0.1020191999999999,7191897.366850075
2053,4,43932.94521712369,2084.017362727718,CA,CALIFORNIA,0.1020191999999999,4482003.924694781
2053,5,2031720.601971669,38707.56718298049,CO,COLORADO,0.1020191999999999,207274510.43666786
2053,6,0.0,0.0,CT,CONNECTICUT,0.1020191999999999,0.0
2053,7,490.2628856517911,21.772419457637877,DE,DELAWARE,0.1020191999999999,50016.227383887155
2053,8,0.0,0.0,DC,DISTRICT OF COLUMBIA,0.1020191999999999,0.0
2053,9,0.0,0.0,FL,FLORIDA,0.1020191999999999,0.0
2053,10,205.7142674518909,19.767511587802858,GA,GEORGIA,0.1020191999999999,20986.804994027923
2053,12,801761.1007405444,20501.57670928713,ID,IDAHO,0.1020191999999999,81795026.08866967
2053,13,27308.95759665254,510.9666013055412,IL,ILLINOIS,0.1020191999999999,2786038.006844412
2053,14,30187.403862870768,398.8286077790604,IN,INDIANA,0.1020191999999999,3079694.7921669823
2053,15,2359.1665933791915,14.710647708193694,IA,IOWA,0.1020191999999999,240680.28852327017
2053,16,20204537.2950216,82609.54556018108,KS,KANSAS,0.1020191999999999,2061250731.2082658
2053,17,28560.23651350826,734.5879682322887,KY,KENTUCKY,0.1020191999999999,2913692.4809188982
2053,18,35421.39900993795,352.22874963973754,LA,LOUISIANA,0.1020191999999999,3613662.789874658
2053,19,0.0,0.0,ME,MAINE,0.1020191999999999,0.0
2053,20,958.5367929275752,40.3454478636161,MD,MARYLAND,0.1020191999999999,97789.15678503677
2053,21,0.0,0.0,MA,MASSACHUSETTS,0.1020191999999999,0.0
2053,22,55466.15566764528,293.3709675543047,MI,MICHIGAN,0.1020191999999999,5658612.8282886315
2053,23,620392.8858615251,4484.7626398086695,MN,MINNESOTA,0.1020191999999999,63291985.90128403
2053,24,5419.947769206887,81.188130429185,MS,MISSISSIPPI,0.1020191999999999,552938.7354562706
2053,25,341974.7503001464,4314.790685882177,MO,MISSOURI,0.1020191999999999,34887990.44582066
2053,26,8687094.893530702,70532.1078043952,MT,MONTANA,0.1020191999999999,886250471.3620865
2053,27,6473364.314864714,23797.04173198201,NE,NEBRASKA,0.1020191999999999,660407448.7110455
2053,28,29017.48884165353,3538.098842580772,NV,NEVADA,0.1020191999999999,2960340.9976344164
2053,29,0.0,0.0,NH,NEW HAMPSHIRE,0.1020191999999999,0.0
2053,30,853.8876461580204,95.2209384450218,NJ,NEW JERSEY,0.1020191999999999,87112.93455092423
2053,31,279196.4231741877,4794.523978951956,NM,NEW MEXICO,0.1020191999999999,28483395.735092063
2053,32,4414.868512345629,185.21908619836103,NY,NEW YORK,0.1020191999999999,450401.3537346907
2053,33,4017.8346488381903,183.4821464885025,NC,NORTH CAROLINA,0.1020191999999999,409896.27660675265
2053,34,2317945.5230511986,11101.157773879626,ND,NORTH DAKOTA,0.1020191999999999,236474947.9052646
2053,35,99636.30807588922,1208.93498550483,OH,OHIO,0.1020191999999999,10164816.440855747
2053,36,12387242.582639553,51953.341841796486,OK,OKLAHOMA,0.1020191999999999,1263736578.4868197
2053,37,5534307.56207021,25190.48261144675,OR,OREGON,0.1020191999999999,564605630.0363526
2053,38,9403.183470085023,508.6408798270724,PA,PENNSYLVANIA,0.1020191999999999,959305.2550712969
2053,39,0.0,0.0,RI,RHODE ISLAND,0.1020191999999999,0.0
2053,40,4648.842760087082,122.93818117238764,SC,SOUTH CAROLINA,0.1020191999999999,474271.21930987557
2053,41,4844941.722338343,28056.81957332405,SD,SOUTH DAKOTA,0.1020191999999999,494277078.5595793
2053,42,10680.766511114569,143.34466334527923,TN,TENNESSEE,0.1020191999999999,1089643.2548506984
2053,43,8820218.708247319,48312.84093651412,TX,TEXAS,0.1020191999999999,899831656.4404238
2053,44,31202.312405287124,4417.717286993232,UT,UTAH,0.1020191999999999,3183234.949737465
2053,45,62.20608118663388,3.607485226119082,VT,VERMONT,0.1020191999999999,6346.214637795433
2053,46,8.195990240802507,0.1524054508019873,VA,VIRGINIA,0.1020191999999999,836.1483675744781
2053,47,1911924.134943468,24427.15611564153,WA,WASHINGTON,0.1020191999999999,195052970.70762447
2053,48,0.0,0.0,WV,WEST VIRGINIA,0.1020191999999999,0.0
2053,49,6027.746849328858,26.3982317958152,WI,WISCONSIN,0.1020191999999999,614945.9113710499
2053,50,861026.1336541938,10410.0993894475,WY,WYOMING,0.1020191999999999,87841197.33449385
2054,0,4431.909161095288,108.06052127957702,AL,ALABAMA,0.1033980999999999,458250.9866298463
2054,2,0.0,0.0,AZ,ARIZONA,0.1033980999999999,0.0
2054,3,16903.058963871124,318.31893830217587,AR,ARKANSAS,0.1033980999999999,1747744.1810522412
2054,4,42305.1727813956,1981.2097865341448,CA,CALIFORNIA,0.1033980999999999,4374274.4857680155
2054,5,1377127.35725458,31604.745026572844,CO,COLORADO,0.1033980999999999,142392352.1981446
2054,6,0.0,0.0,CT,CONNECTICUT,0.1033980999999999,0.0
2054,7,8244.916746481156,89.20166709561953,DE,DELAWARE,0.1033980999999999,852508.7262443324
2054,8,0.0,0.0,DC,DISTRICT OF COLUMBIA,0.1033980999999999,0.0
2054,9,0.0,0.0,FL,FLORIDA,0.1033980999999999,0.0
2054,10,0.0,0.0,GA,GEORGIA,0.1033980999999999,0.0
2054,12,729997.6686220681,19925.31663349204,ID,IDAHO,0.1033980999999999,75480371.93995139
2054,13,145021.08322731784,2017.4304568762875,IL,ILLINOIS,0.1033980999999999,14994904.465646518
2054,14,36110.05286099311,471.3140470187956,IN,INDIANA,0.1033980999999999,3733710.8567262487
2054,15,3668.069478763184,20.982827886279605,IA,IOWA,0.1033980999999999,379271.4147721032
2054,16,11339697.83151786,72372.40217431953,KS,KANSAS,0.1033980999999999,1172503210.3530657
2054,17,9071.494928640608,316.2303660499926,KY,KENTUCKY,0.1033980999999999,937975.3397810735
2054,18,14642.383419033991,362.57655649729503,LA,LOUISIANA,0.1033980999999999,1513994.624999617
2054,19,0.0,0.0,ME,MAINE,0.1033980999999999,0.0
2054,20,11254.42229616827,183.848950842126,MD,MARYLAND,0.1033980999999999,1163685.882021435
2054,21,0.0,0.0,MA,MASSACHUSETTS,0.1033980999999999,0.0
2054,22,128235.01321145549,516.2344458524362,MI,MICHIGAN,0.1033980999999999,13259256.719539383
2054,23,61838.08842708849,806.9066975750792,MN,MINNESOTA,0.1033980999999999,6393940.850992932
2054,24,12307.908751302131,249.60593986673365,MS,MISSISSIPPI,0.1033980999999999,1272614.3798580116
2054,25,552634.4002609944,7287.244891939037,MO,MISSOURI,0.1033980999999999,57141346.98162627
2054,26,11767983.079984862,80103.04168541054,MT,MONTANA,0.1033980999999999,1216787091.3025815
2054,27,2554406.692901611,15490.047967628809,NE,NEBRASKA,0.1033980999999999,264120798.67330977
2054,28,31617.024317157306,3855.059883121434,NV,NEVADA,0.1033980999999999,3269140.2420478594
2054,29,0.0,0.0,NH,NEW HAMPSHIRE,0.1033980999999999,0.0
2054,30,4846.955934733026,108.11621067504956,NJ,NEW JERSEY,0.1033980999999999,501166.0344351184
2054,31,60666.95994325771,1939.399513187209,NM,NEW MEXICO,0.1033980999999999,6272848.390908949
2054,32,2223.26970089176,129.4738454953774,NY,NEW YORK,0.1033980999999999,229881.86285977604
2054,33,55179.6394882849,466.0968646595785,NC,NORTH CAROLINA,0.1033980999999999,5705469.8817736255
2054,34,767190.0137236686,6451.370714940954,ND,NORTH DAKOTA,0.1033980999999999,79325989.7580012
2054,35,89178.67023751284,1125.176486766296,OH,OHIO,0.1033980999999999,9220905.063085368
2054,36,7148461.011842132,48631.19318505012,OK,OKLAHOMA,0.1033980999999999,739137286.5485531
2054,37,5580692.056838783,25022.24087603769,OR,OREGON,0.1033980999999999,577032955.3622216
2054,38,1346.8539090020402,87.85588205198022,PA,PENNSYLVANIA,0.1033980999999999,139262.13516838368
2054,39,0.0,0.0,RI,RHODE ISLAND,0.1033980999999999,0.0
2054,40,232.6261862599972,47.51501202253614,SC,SOUTH CAROLINA,0.1033980999999999,24053.105669529796
2054,41,1741869.1755659396,16967.05704742285,SD,SOUTH DAKOTA,0.1033980999999999,180105963.2020844
2054,42,11751.215705238512,202.7694080716048,TN,TENNESSEE,0.1033980999999999,1215053.376611821
2054,43,1942277.7931916467,17947.086518055836,TX,TEXAS,0.1033980999999999,200827833.48820898
2054,44,33669.84605823231,4761.671078149755,UT,UTAH,0.1033980999999999,3481398.1097137067
2054,45,0.0,0.0,VT,VERMONT,0.1033980999999999,0.0
2054,46,8391.937066898161,114.99586548251776,VA,VIRGINIA,0.1033980999999999,867710.348036842
2054,47,2870670.732160205,31880.083118210023,WA,WASHINGTON,0.1033980999999999,296821899.43097377
2054,48,0.0,0.0,WV,WEST VIRGINIA,0.1033980999999999,0.0
2054,49,5431.4557657571895,21.628518520634263,WI,WISCONSIN,0.1033980999999999,561602.2064133378
2054,50,222768.16131237493,4914.484214867758,WY,WYOMING,0.1033980999999999,23033804.62019305
2055,0,2326.977990071423,100.02072576033927,AL,ALABAMA,0.104777,243813.77286571346
2055,2,0.0,0.0,AZ,ARIZONA,0.104777,0.0
2055,3,1753.456698494867,14.51924907739214,AR,ARKANSAS,0.104777,183721.93249819666
2055,4,40563.29044447797,1923.694774442296,CA,CALIFORNIA,0.104777,4250099.882901068
2055,5,182188.4136944198,4314.274508711592,CO,COLORADO,0.104777,19089155.421660222
2055,6,0.0,0.0,CT,CONNECTICUT,0.104777,0.0
2055,7,3798.227906370365,76.01936305521888,DE,DELAWARE,0.104777,397966.9253457677
2055,8,0.0,0.0,DC,DISTRICT OF COLUMBIA,0.104777,0.0
2055,9,0.0,0.0,FL,FLORIDA,0.104777,0.0
2055,10,1062.604896423878,31.184579740618936,GA,GEORGIA,0.104777,111336.55323260465
2055,12,635100.6630665488,19051.96091329781,ID,IDAHO,0.104777,66543942.17412377
2055,13,73151.49158478832,1189.874272551844,IL,ILLINOIS,0.104777,7664593.833779366
2055,14,27368.9425483699,499.3310370798605,IN,INDIANA,0.104777,2867635.6933905534
2055,15,424.8493704848679,5.033269030794548,IA,IOWA,0.104777,44514.442491293004
2055,16,4570442.5768944975,34086.44088067158,KS,KANSAS,0.104777,478877261.8792748
2055,17,12802.619840107502,487.0966384332456,KY,KENTUCKY,0.104777,1341420.0989869437
2055,18,0.0,0.0,LA,LOUISIANA,0.104777,0.0
2055,19,0.0,0.0,ME,MAINE,0.104777,0.0
2055,20,19495.041127204702,278.88900449971766,MD,MARYLAND,0.104777,2042631.9241851268
2055,21,0.0,0.0,MA,MASSACHUSETTS,0.104777,0.0
2055,22,201140.0371079919,684.6928127706965,MI,MICHIGAN,0.104777,21074849.668064065
2055,23,327858.1108442201,3762.175838457719,MN,MINNESOTA,0.104777,34351989.27992485
2055,24,472.535903657183,6.058204683173087,MS,MISSISSIPPI,0.104777,49510.89437748866
2055,25,144039.0744956537,3225.4720107881744,MO,MISSOURI,0.104777,15091982.108431108
2055,26,6990639.070157281,62884.12189507282,MT,MONTANA,0.104777,732458189.8538694
2055,27,1393529.6279055134,13373.4319818426,NE,NEBRASKA,0.104777,146009853.82305595
2055,28,32520.1559498042,4003.700531060282,NV,NEVADA,0.104777,3407364.3799526347
2055,29,0.0,0.0,NH,NEW HAMPSHIRE,0.104777,0.0
2055,30,1137.7610549292397,32.89292057617729,NJ,NEW JERSEY,0.104777,119211.19005232093
2055,31,3223.0347254772964,60.62207517188389,NM,NEW MEXICO,0.104777,337699.90943133464
2055,32,603.3115158750563,37.83740901234758,NY,NEW YORK,0.104777,63213.17069884078
2055,33,13047.173669524267,483.4207066558432,NC,NORTH CAROLINA,0.104777,1367043.7155717441
2055,34,2498452.2497980846,12802.578625293025,ND,NORTH DAKOTA,0.104777,261780331.3770939
2055,35,190885.5470589673,3111.052318336022,OH,OHIO,0.104777,20000414.964197416
2055,36,464888.6609733796,4362.563327480647,OK,OKLAHOMA,0.104777,48709639.230807796
2055,37,5661011.434031351,25796.380441326837,OR,OREGON,0.104777,593143795.0235027
2055,38,11824.769307940827,683.5914158511233,PA,PENNSYLVANIA,0.104777,1238963.853778116
2055,39,0.0,0.0,RI,RHODE ISLAND,0.104777,0.0
2055,40,3024.563346630846,117.70318744717426,SC,SOUTH CAROLINA,0.104777,316904.6737699401
2055,41,818408.4964414509,11784.255177802976,SD,SOUTH DAKOTA,0.104777,85750387.03164591
2055,42,8049.384091043279,256.50624597618094,TN,TENNESSEE,0.104777,843390.3169072417
2055,43,202133.643012234,2029.6722836869096,TX,TEXAS,0.104777,21178956.71389284
2055,44,28537.65401765541,4065.186447910984,UT,UTAH,0.104777,2990089.7750078808
2055,45,0.0,0.0,VT,VERMONT,0.104777,0.0
2055,46,2277.3514402552046,45.19023631362459,VA,VIRGINIA,0.104777,238614.05185561956
2055,47,3355684.572786998,34288.30510847776,WA,WASHINGTON,0.104777,351598562.48290324
2055,48,361.02937447788617,19.92424013442545,WV,WEST VIRGINIA,0.104777,37827.57476966948
2055,49,22529.891277887516,98.36548058387228,WI,WISCONSIN,0.104777,2360614.41842322
2055,50,217344.9533360772,3003.0370422450683,WY,WYOMING,0.104777,22772752.175694156
