,Year,state_id,Production_Loss(ton),Area_Loss(km^2),State_Code,State_Name
0,2021,0,400354.7319144772,1617.6243653014335,AL,ALABAMA
1,2021,2,326.18361353825253,27.273135222587836,AZ,ARIZONA
2,2021,3,23640.26265935178,216.40377321190667,AR,ARKANSAS
3,2021,4,10794.790547921824,106.60576123984605,CA,CALIFORNIA
4,2021,5,141300.27075625584,1596.8322929251733,CO,COLORADO
5,2021,6,4630.828511469593,73.99659714885622,CT,CONNECTICUT
6,2021,7,8764.317973477044,115.43838751964267,DE,DELAWARE
7,2021,8,0.0,0.0,DC,DISTRICT OF COLUMBIA
8,2021,9,289413.3006444159,684.5425629886696,FL,FLORIDA
9,2021,10,865540.6835042682,2162.4612099127867,GA,GEORGIA
10,2021,12,3427.780638053874,107.88523831002595,ID,IDAHO
11,2021,13,5817105.314713191,30786.48146533512,IL,ILLINOIS
12,2021,14,1508919.649461301,18477.50120579145,IN,INDIANA
13,2021,15,28892822.05339402,56560.50205305248,IA,IOWA
14,2021,16,1602423.7472096754,6130.235414064478,KS,KANSAS
15,2021,17,975503.1005847916,6698.537720751443,KY,KENTUCKY
16,2021,18,263822.2148824959,1550.0218876372255,LA,LOUISIANA
17,2021,19,5827.322466727472,100.5888524848436,ME,MAINE
18,2021,20,164261.65098507365,1528.5972197430308,MD,MARYLAND
19,2021,21,13624.618796881045,135.67804260525554,MA,MASSACHUSETTS
20,2021,22,572384.6257099421,6206.470234229424,MI,MICHIGAN
21,2021,23,15877433.122449946,32676.015153306485,MN,MINNESOTA
22,2021,24,407614.3108592086,2345.888763846302,MS,MISSISSIPPI
23,2021,25,2020426.8225939437,10428.352032364564,MO,MISSOURI
24,2021,26,15585.347614955052,75.9281054569926,MT,MONTANA
25,2021,27,4038582.4664282966,17192.620435209625,NE,NEBRASKA
26,2021,28,0.0,0.0,NV,NEVADA
27,2021,29,1753.7104453716595,27.236842804196243,NH,NEW HAMPSHIRE
28,2021,30,22387.84476214569,381.9339905804042,NJ,NEW JERSEY
29,2021,31,3781.3009692746623,80.84539168711774,NM,NEW MEXICO
30,2021,32,317626.00746214547,3559.8256502709078,NY,NEW YORK
31,2021,33,186034.952976946,1711.6201268959576,NC,NORTH CAROLINA
32,2021,34,1367482.3002224376,4371.744560885699,ND,NORTH DAKOTA
33,2021,35,954347.670460377,11647.560132824625,OH,OHIO
34,2021,36,129794.07332285606,465.0748698533104,OK,OKLAHOMA
35,2021,37,58278.48200587899,147.4018947520128,OR,OREGON
36,2021,38,183291.0525708723,1856.1313170403655,PA,PENNSYLVANIA
37,2021,39,3662.8133089856274,28.50493590386733,RI,RHODE ISLAND
38,2021,40,186687.38767290636,1452.9301460291258,SC,SOUTH CAROLINA
39,2021,41,6963593.643371902,18119.32513068052,SD,SOUTH DAKOTA
40,2021,42,488807.6317941586,3439.1947206526647,TN,TENNESSEE
41,2021,43,108594.58308333514,510.90136269082376,TX,TEXAS
42,2021,44,2009.6823890608664,118.12278182389711,UT,UTAH
43,2021,45,4458.165793943454,48.96701060426446,VT,VERMONT
44,2021,46,93995.28693530009,1328.5077924232576,VA,VIRGINIA
45,2021,47,112845.46012247312,601.1802921098028,WA,WASHINGTON
46,2021,48,18399.88343072223,233.4288026283063,WV,WEST VIRGINIA
47,2021,49,2978642.821582853,17448.95221353314,WI,WISCONSIN
48,2021,50,21504.58928393636,289.4608871996535,WY,WYOMING
49,2022,0,97601.83406435816,767.2321222875794,AL,ALABAMA
50,2022,2,3526.48600238294,251.80564459445125,AZ,ARIZONA
51,2022,3,22675.55135835145,168.9719116753882,AR,ARKANSAS
52,2022,4,2588.2585806557045,23.401522534411512,CA,CALIFORNIA
53,2022,5,45416.20076172471,999.6567638180516,CO,COLORADO
54,2022,6,4752.893937722184,88.7124122654704,CT,CONNECTICUT
55,2022,7,4447.146098960664,292.1382770237315,DE,DELAWARE
56,2022,8,0.0,0.0,DC,DISTRICT OF COLUMBIA
57,2022,9,1673.0700474470627,27.20109378877827,FL,FLORIDA
58,2022,10,5638.014414858682,102.1145837571152,GA,GEORGIA
59,2022,12,527.338384747494,16.977975058726717,ID,IDAHO
60,2022,13,4932018.736335948,26629.278844800392,IL,ILLINOIS
61,2022,14,1918622.6506966,14389.628096862292,IN,INDIANA
62,2022,15,1852381.631772646,7525.654861123527,IA,IOWA
63,2022,16,250070.60731402828,1150.9941438366457,KS,KANSAS
64,2022,17,543753.0412603791,4676.21786402332,KY,KENTUCKY
65,2022,18,366664.2940635428,1816.8431697902327,LA,LOUISIANA
66,2022,19,3676.026243733359,111.6486681337488,ME,MAINE
67,2022,20,22914.863796560072,261.5146255282376,MD,MARYLAND
68,2022,21,5811.4078556300665,118.80968772300967,MA,MASSACHUSETTS
69,2022,22,1314531.792186606,10191.320729318328,MI,MICHIGAN
70,2022,23,4522966.748978925,14227.465113844486,MN,MINNESOTA
71,2022,24,207661.5768734105,1685.279544088526,MS,MISSISSIPPI
72,2022,25,248535.5036923776,1944.3131066179567,MO,MISSOURI
73,2022,26,7.237464953191421,0.034233323291012,MT,MONTANA
74,2022,27,572.5999741201344,2.5117495900171147,NE,NEBRASKA
75,2022,28,0.0,0.0,NV,NEVADA
76,2022,29,1088.7343228665322,22.40117846246921,NH,NEW HAMPSHIRE
77,2022,30,32359.51894967102,206.93373528418775,NJ,NEW JERSEY
78,2022,31,11051.06213182294,167.70637110642937,NM,NEW MEXICO
79,2022,32,270514.00408593315,2964.422801164099,NY,NEW YORK
80,2022,33,8722.397806589372,73.36620741394697,NC,NORTH CAROLINA
81,2022,34,909076.7045778882,2986.4336195479736,ND,NORTH DAKOTA
82,2022,35,756350.3988125976,8827.51211881583,OH,OHIO
83,2022,36,7758.611889290945,37.07264769864139,OK,OKLAHOMA
84,2022,37,48335.58396069261,286.77179059191326,OR,OREGON
85,2022,38,136790.40383496328,1153.692073324998,PA,PENNSYLVANIA
86,2022,39,0.0,0.0,RI,RHODE ISLAND
87,2022,40,2691.028204711321,34.19538053487665,SC,SOUTH CAROLINA
88,2022,41,423490.04051358055,1587.404255122185,SD,SOUTH DAKOTA
89,2022,42,256401.45640025276,1654.2293470150971,TN,TENNESSEE
90,2022,43,623561.4546097538,3257.0662579992736,TX,TEXAS
91,2022,44,196.96324243894895,11.829267121633183,UT,UTAH
92,2022,45,13349.214031032294,177.62006596193794,VT,VERMONT
93,2022,46,33824.42362792889,383.91434715290114,VA,VIRGINIA
94,2022,47,124193.07377076472,619.0354800127517,WA,WASHINGTON
95,2022,48,2095.701186972496,23.53992117654997,WV,WEST VIRGINIA
96,2022,49,401482.43245316367,4937.468542487289,WI,WISCONSIN
97,2022,50,320.05759571594496,3.9138229574127728,WY,WYOMING
98,2023,0,124.42212779587504,0.7613339089003975,AL,ALABAMA
99,2023,2,0.0,0.0,AZ,ARIZONA
100,2023,3,1983.5807260513143,11.6603932939795,AR,ARKANSAS
101,2023,4,3429.498290727044,31.51127575500918,CA,CALIFORNIA
102,2023,5,140132.59823292776,1199.8003398969406,CO,COLORADO
103,2023,6,577.3959333513237,29.908166611597373,CT,CONNECTICUT
104,2023,7,132.75448352929817,28.548488806773484,DE,DELAWARE
105,2023,8,0.0,0.0,DC,DISTRICT OF COLUMBIA
106,2023,9,365.71472982191335,4.243074061804711,FL,FLORIDA
107,2023,10,0.0,0.0,GA,GEORGIA
108,2023,12,4.5287751867281045,0.1388374508106607,ID,IDAHO
109,2023,13,6498596.945796479,26929.250090637757,IL,ILLINOIS
110,2023,14,2292592.772425096,20189.566960134835,IN,INDIANA
111,2023,15,2630163.20629197,11311.241364768546,IA,IOWA
112,2023,16,1404607.2970898012,5995.099851811567,KS,KANSAS
113,2023,17,6083.717609634581,151.11907484198696,KY,KENTUCKY
114,2023,18,0.0,0.0,LA,LOUISIANA
115,2023,19,433.7227493821992,2.828650207831336,ME,MAINE
116,2023,20,14011.545874711146,133.9396727884755,MD,MARYLAND
117,2023,21,3845.9066215621024,57.06284967031646,MA,MASSACHUSETTS
118,2023,22,799302.5050727592,5506.224252244481,MI,MICHIGAN
119,2023,23,4712541.964891194,17307.769527891884,MN,MINNESOTA
120,2023,24,0.0,0.0,MS,MISSISSIPPI
121,2023,25,428662.15093501646,3136.7907593414075,MO,MISSOURI
122,2023,26,3231.197166952265,17.208596886464935,MT,MONTANA
123,2023,27,85935.85636530776,339.847968997125,NE,NEBRASKA
124,2023,28,0.0,0.0,NV,NEVADA
125,2023,29,1407.527705072061,19.79277465441942,NH,NEW HAMPSHIRE
126,2023,30,598.9714826020661,24.72279659465363,NJ,NEW JERSEY
127,2023,31,7536.051873239919,99.08361133783914,NM,NEW MEXICO
128,2023,32,171360.03120197673,2356.742842617072,NY,NEW YORK
129,2023,33,4232.590199306102,113.50148989174204,NC,NORTH CAROLINA
130,2023,34,599518.1618146922,2021.418914277194,ND,NORTH DAKOTA
131,2023,35,1127572.7556782432,12434.081462470149,OH,OHIO
132,2023,36,137199.7103390624,435.6284138941325,OK,OKLAHOMA
133,2023,37,20761.34873326643,75.6130670015127,OR,OREGON
134,2023,38,98796.1766109791,1442.6803568853677,PA,PENNSYLVANIA
135,2023,39,0.0,0.0,RI,RHODE ISLAND
136,2023,40,2569.581736733107,42.05108561988112,SC,SOUTH CAROLINA
137,2023,41,696427.4493642736,2870.988916232297,SD,SOUTH DAKOTA
138,2023,42,91.3457719706767,3.997649916863502,TN,TENNESSEE
139,2023,43,186194.93703602886,849.5761478504913,TX,TEXAS
140,2023,44,27.38070846845601,1.541795249898945,UT,UTAH
141,2023,45,2271.007854208354,48.18044093374817,VT,VERMONT
142,2023,46,9867.571238817342,172.55749567433344,VA,VIRGINIA
143,2023,47,62697.32608163928,375.0416613608055,WA,WASHINGTON
144,2023,48,4431.741267248796,83.6363503699395,WV,WEST VIRGINIA
145,2023,49,484829.75545276864,3666.2470169011895,WI,WISCONSIN
146,2023,50,75.87776545545793,1.0357649083105631,WY,WYOMING
147,2024,0,166055.25193705948,898.6189381822801,AL,ALABAMA
148,2024,2,41.699062644732194,2.9087404075266097,AZ,ARIZONA
149,2024,3,112485.93316787544,343.96687850694707,AR,ARKANSAS
150,2024,4,31376.919039842945,328.02113387388806,CA,CALIFORNIA
151,2024,5,53811.30653544203,488.9413502682132,CO,COLORADO
152,2024,6,0.0,0.0,CT,CONNECTICUT
153,2024,7,160.88399054499405,7.491673795173118,DE,DELAWARE
154,2024,8,0.0,0.0,DC,DISTRICT OF COLUMBIA
155,2024,9,8083.290054283605,40.71610605066022,FL,FLORIDA
156,2024,10,0.0287925636517473,0.0001013853507107,GA,GEORGIA
157,2024,12,72.86294609391189,2.466538856997466,ID,IDAHO
158,2024,13,2243505.5526490784,10605.146309991218,IL,ILLINOIS
159,2024,14,1284396.594869751,10436.358439600865,IN,INDIANA
160,2024,15,522032.6893394857,3097.581117752341,IA,IOWA
161,2024,16,1187301.200203304,4182.817408106067,KS,KANSAS
162,2024,17,119223.27791970687,754.567513593465,KY,KENTUCKY
163,2024,18,398208.2243144519,1287.2561353610859,LA,LOUISIANA
164,2024,19,2214.7141126525253,16.582789935778393,ME,MAINE
165,2024,20,1567.763518644947,18.36966392689185,MD,MARYLAND
166,2024,21,567.8403718623874,2.845167046155499,MA,MASSACHUSETTS
167,2024,22,1236868.144531101,7786.064780286277,MI,MICHIGAN
168,2024,23,1966143.189245784,7571.329103764225,MN,MINNESOTA
169,2024,24,552497.0757911793,1857.1372961623515,MS,MISSISSIPPI
170,2024,25,305437.2967928094,1792.185837932456,MO,MISSOURI
171,2024,26,15326.01360610783,75.4578407305653,MT,MONTANA
172,2024,27,218548.06878525787,1725.3037134518522,NE,NEBRASKA
173,2024,28,0.0,0.0,NV,NEVADA
174,2024,29,437.8350693527801,1.3975870230677827,NH,NEW HAMPSHIRE
175,2024,30,0.0,0.0,NJ,NEW JERSEY
176,2024,31,2140.290868900737,34.743152608863184,NM,NEW MEXICO
177,2024,32,90479.96657943516,1218.4356110134015,NY,NEW YORK
178,2024,33,75281.8576614112,361.2192167687412,NC,NORTH CAROLINA
179,2024,34,966499.1682316274,2902.3586059253644,ND,NORTH DAKOTA
180,2024,35,206753.27890710364,3676.713673055832,OH,OHIO
181,2024,36,193408.2868306409,808.654493498293,OK,OKLAHOMA
182,2024,37,666.0232872876746,2.492456697619412,OR,OREGON
183,2024,38,2603.408201749593,16.712334504180994,PA,PENNSYLVANIA
184,2024,39,0.0,0.0,RI,RHODE ISLAND
185,2024,40,170097.45947762954,754.9447908302056,SC,SOUTH CAROLINA
186,2024,41,52549.34349368198,222.5512571171175,SD,SOUTH DAKOTA
187,2024,42,220054.67015766515,929.3582530534349,TN,TENNESSEE
188,2024,43,1478010.7166535414,6366.840981530298,TX,TEXAS
189,2024,44,18.014852647196683,1.0144081651895809,UT,UTAH
190,2024,45,773.3331274097964,9.537898362359064,VT,VERMONT
191,2024,46,1090.2117536844323,29.12568125364477,VA,VIRGINIA
192,2024,47,16154.98670297211,83.1358949879841,WA,WASHINGTON
193,2024,48,3223.643421055622,52.76051227741628,WV,WEST VIRGINIA
194,2024,49,1360516.2192159407,9048.500199111802,WI,WISCONSIN
195,2024,50,820.8965627518844,22.76218142782284,WY,WYOMING
196,2025,0,217965.0653777593,1798.1653043847373,AL,ALABAMA
197,2025,2,81.35489136545922,8.12825839250139,AZ,ARIZONA
198,2025,3,64780.63349608777,230.39060954868984,AR,ARKANSAS
199,2025,4,28870.49366372502,307.1819762614731,CA,CALIFORNIA
200,2025,5,62892.53472850111,722.6324087050677,CO,COLORADO
201,2025,6,145.46390884861944,7.515833961144136,CT,CONNECTICUT
202,2025,7,47220.05026884984,549.1453695359864,DE,DELAWARE
203,2025,8,0.0,0.0,DC,DISTRICT OF COLUMBIA
204,2025,9,24178.167981978648,239.91808557449053,FL,FLORIDA
205,2025,10,347807.023571382,1994.4199940999144,GA,GEORGIA
206,2025,12,2255.28969658665,75.3646460418241,ID,IDAHO
207,2025,13,1736756.42833458,11818.027359135236,IL,ILLINOIS
208,2025,14,506361.1863589112,9980.37756218665,IN,INDIANA
209,2025,15,7991283.458205732,32419.73410367883,IA,IOWA
210,2025,16,1126074.139763052,4423.019780436428,KS,KANSAS
211,2025,17,387598.0618812788,2571.635097679654,KY,KENTUCKY
212,2025,18,534258.8079660624,1868.117858506859,LA,LOUISIANA
213,2025,19,1971.9988485340136,41.47464455658074,ME,MAINE
214,2025,20,128672.11464235836,1723.117252491816,MD,MARYLAND
215,2025,21,1551.5022947819125,24.70937914397208,MA,MASSACHUSETTS
216,2025,22,1098323.1158071675,7062.779519501356,MI,MICHIGAN
217,2025,23,2372532.640220006,10845.6148264621,MN,MINNESOTA
218,2025,24,496689.4247161276,2191.487851428157,MS,MISSISSIPPI
219,2025,25,399411.4573730962,1763.7976677356585,MO,MISSOURI
220,2025,26,36209.19627477927,173.09175817629992,MT,MONTANA
221,2025,27,525176.5149364758,3705.012719560169,NE,NEBRASKA
222,2025,28,0.0,0.0,NV,NEVADA
223,2025,29,500.5224159836096,7.33688329844844,NH,NEW HAMPSHIRE
224,2025,30,6976.247817961646,136.30763942175736,NJ,NEW JERSEY
225,2025,31,669.3242128494078,11.293212666517816,NM,NEW MEXICO
226,2025,32,177454.83424834718,3241.793018021073,NY,NEW YORK
227,2025,33,215434.70449142612,2243.140353395643,NC,NORTH CAROLINA
228,2025,34,307146.4170622057,1403.4499551493295,ND,NORTH DAKOTA
229,2025,35,466936.8815731115,9601.039847904918,OH,OHIO
230,2025,36,13141.74010282913,76.01356360432663,OK,OKLAHOMA
231,2025,37,65210.10089435375,208.6356588210584,OR,OREGON
232,2025,38,181207.58349854287,2214.5930546384743,PA,PENNSYLVANIA
233,2025,39,206.3778650379424,5.316402475218714,RI,RHODE ISLAND
234,2025,40,284667.9449165764,1730.2838378574927,SC,SOUTH CAROLINA
235,2025,41,646096.4929536551,2826.1848452104464,SD,SOUTH DAKOTA
236,2025,42,528339.5485932876,2895.145426627992,TN,TENNESSEE
237,2025,43,203738.3009415071,1120.126414996761,TX,TEXAS
238,2025,44,883.1853955255168,50.19967723799823,UT,UTAH
239,2025,45,5550.881676793087,58.13415519203279,VT,VERMONT
240,2025,46,169656.302165194,1615.0425623209387,VA,VIRGINIA
241,2025,47,123660.81468590134,643.4571710902272,WA,WASHINGTON
242,2025,48,8487.513115771202,103.69341235500808,WV,WEST VIRGINIA
243,2025,49,1967502.8307515609,12400.657910099915,WI,WISCONSIN
244,2025,50,16123.614993714124,214.5618021894483,WY,WYOMING
245,2026,0,242126.15517948847,1445.0267360762282,AL,ALABAMA
246,2026,2,154.2722257317947,10.857105476336784,AZ,ARIZONA
247,2026,3,22131.861782975488,160.7019439365344,AR,ARKANSAS
248,2026,4,11083.706475361032,99.18922621404909,CA,CALIFORNIA
249,2026,5,39507.13324894427,566.5080106397796,CO,COLORADO
250,2026,6,1283.1472288985933,45.25622341707812,CT,CONNECTICUT
251,2026,7,104811.86374220208,567.7552986377614,DE,DELAWARE
252,2026,8,0.0,0.0,DC,DISTRICT OF COLUMBIA
253,2026,9,138862.83720413115,548.5193311657172,FL,FLORIDA
254,2026,10,543106.4882587265,1843.2515194973107,GA,GEORGIA
255,2026,12,1506.7973544697038,46.62032892348583,ID,IDAHO
256,2026,13,297556.7767453084,3908.762340573002,IL,ILLINOIS
257,2026,14,570511.5059660571,9491.287216019256,IN,INDIANA
258,2026,15,295119.5983143364,3074.663228158969,IA,IOWA
259,2026,16,839317.211452698,3638.2895942370064,KS,KANSAS
260,2026,17,935628.6897696392,5751.499394457227,KY,KENTUCKY
261,2026,18,305619.4537865948,1771.893825001378,LA,LOUISIANA
262,2026,19,2542.6637300911752,55.71608328844157,ME,MAINE
263,2026,20,223527.88009254172,1387.15389328554,MD,MARYLAND
264,2026,21,3348.9596357274986,65.83107737831361,MA,MASSACHUSETTS
265,2026,22,143688.52055960702,3553.953280764428,MI,MICHIGAN
266,2026,23,365775.4922772087,3117.235681675158,MN,MINNESOTA
267,2026,24,257017.49071786425,1918.385841825365,MS,MISSISSIPPI
268,2026,25,381688.5969035059,2963.9895432652,MO,MISSOURI
269,2026,26,8982.812940925613,41.57759111722882,MT,MONTANA
270,2026,27,292.35269664158653,3.977398084472764,NE,NEBRASKA
271,2026,28,0.0,0.0,NV,NEVADA
272,2026,29,878.1986615534307,16.771076518615892,NH,NEW HAMPSHIRE
273,2026,30,11554.075276704089,263.5293160553707,NJ,NEW JERSEY
274,2026,31,1127.3262194439833,22.64829975181042,NM,NEW MEXICO
275,2026,32,155168.3007360921,1611.6290663419134,NY,NEW YORK
276,2026,33,226219.7063577781,2043.6873204542655,NC,NORTH CAROLINA
277,2026,34,195996.286196766,1532.7881672749968,ND,NORTH DAKOTA
278,2026,35,227123.9169970281,6254.935599238631,OH,OHIO
279,2026,36,71880.9753403368,289.5678856278743,OK,OKLAHOMA
280,2026,37,38690.55382463405,139.3817430190645,OR,OREGON
281,2026,38,156368.25895721326,2326.957387655781,PA,PENNSYLVANIA
282,2026,39,428.9777032598487,10.562783887757918,RI,RHODE ISLAND
283,2026,40,250455.7890123465,1506.920160166665,SC,SOUTH CAROLINA
284,2026,41,831.3892578277138,6.350747138382635,SD,SOUTH DAKOTA
285,2026,42,586579.1966462163,3276.527692964585,TN,TENNESSEE
286,2026,43,326556.6159320711,2074.603762972053,TX,TEXAS
287,2026,44,125.5445900614941,8.898323469047792,UT,UTAH
288,2026,45,11923.665677616598,139.92991092681143,VT,VERMONT
289,2026,46,147594.86557683226,1402.794176313526,VA,VIRGINIA
290,2026,47,127872.5187936778,664.7611026840227,WA,WASHINGTON
291,2026,48,16078.02913360131,213.51918950192535,WV,WEST VIRGINIA
292,2026,49,289575.81702017173,4879.070432674447,WI,WISCONSIN
293,2026,50,1420.464923300602,20.28796924584161,WY,WYOMING
294,2027,0,34357.5236935575,542.5390238712771,AL,ALABAMA
295,2027,2,1542.6984076019648,115.49071791527771,AZ,ARIZONA
296,2027,3,41498.00487076053,275.93857398211526,AR,ARKANSAS
297,2027,4,35040.051780529284,348.91647368909577,CA,CALIFORNIA
298,2027,5,7593.834433860215,107.0201379499833,CO,COLORADO
299,2027,6,69.05120755821835,4.682574530797873,CT,CONNECTICUT
300,2027,7,8877.095150075293,145.7849586864641,DE,DELAWARE
301,2027,8,0.0,0.0,DC,DISTRICT OF COLUMBIA
302,2027,9,17110.526222826888,63.05218735714192,FL,FLORIDA
303,2027,10,229283.04406140745,986.0757557941386,GA,GEORGIA
304,2027,12,4029.654673977564,136.35710967143254,ID,IDAHO
305,2027,13,5787351.715941519,36598.49298264968,IL,ILLINOIS
306,2027,14,1349129.9334034796,15574.075278157758,IN,INDIANA
307,2027,15,15657098.883606784,52595.427641744594,IA,IOWA
308,2027,16,147.83852019187805,16.59482423697313,KS,KANSAS
309,2027,17,481533.32715936186,4531.091668252633,KY,KENTUCKY
310,2027,18,758.940284434819,22.152724005863185,LA,LOUISIANA
311,2027,19,3854.340558099414,43.56012876339783,ME,MAINE
312,2027,20,25870.15724465734,190.76774100408144,MD,MARYLAND
313,2027,21,1259.3429783824736,24.21310285430529,MA,MASSACHUSETTS
314,2027,22,816459.131279813,7206.833875622097,MI,MICHIGAN
315,2027,23,11616202.545732722,31283.22334349948,MN,MINNESOTA
316,2027,24,22027.81302288328,384.48412433476295,MS,MISSISSIPPI
317,2027,25,1131936.6817716996,6016.92717009276,MO,MISSOURI
318,2027,26,6584.210196310338,36.819426783491096,MT,MONTANA
319,2027,27,542753.2435761628,3735.9555645506,NE,NEBRASKA
320,2027,28,0.0,0.0,NV,NEVADA
321,2027,29,642.1462935843524,13.378840682865494,NH,NEW HAMPSHIRE
322,2027,30,985.2661001332292,42.29059848413091,NJ,NEW JERSEY
323,2027,31,2021.7853623748852,31.98512540414663,NM,NEW MEXICO
324,2027,32,109816.28741441004,2661.882017141148,NY,NEW YORK
325,2027,33,21726.73717719282,336.6351622215713,NC,NORTH CAROLINA
326,2027,34,1143967.2258237926,3499.3339791490803,ND,NORTH DAKOTA
327,2027,35,257800.2076705418,7610.998101078638,OH,OHIO
328,2027,36,13853.032224195598,131.8145142061383,OK,OKLAHOMA
329,2027,37,86080.4764553833,246.4137411811227,OR,OREGON
330,2027,38,71780.97332176384,1130.6251864403785,PA,PENNSYLVANIA
331,2027,39,0.0,0.0,RI,RHODE ISLAND
332,2027,40,142983.0519181312,566.8325161842047,SC,SOUTH CAROLINA
333,2027,41,3222744.754084342,14182.278641428948,SD,SOUTH DAKOTA
334,2027,42,183702.6444182288,2052.4656242598603,TN,TENNESSEE
335,2027,43,76644.31614826019,763.8922017180876,TX,TEXAS
336,2027,44,1735.563206627292,105.432500056634,UT,UTAH
337,2027,45,12770.026864090592,137.25165895575424,VT,VERMONT
338,2027,46,4777.243875803743,179.3719178907243,VA,VIRGINIA
339,2027,47,123354.97819156328,647.9851463082401,WA,WASHINGTON
340,2027,48,1700.761863827329,40.75113742451305,WV,WEST VIRGINIA
341,2027,49,2645542.953085197,13713.143398771786,WI,WISCONSIN
342,2027,50,541.5151453537986,17.977222123753418,WY,WYOMING
343,2028,0,339471.88153995737,1177.1469655000517,AL,ALABAMA
344,2028,2,427.1679596232906,30.85797284375157,AZ,ARIZONA
345,2028,3,103622.34421601416,317.8891435359204,AR,ARKANSAS
346,2028,4,24363.06046494133,251.69358722502125,CA,CALIFORNIA
347,2028,5,12060.44344192368,113.15140059431684,CO,COLORADO
348,2028,6,11481.045774651086,72.48023397972727,CT,CONNECTICUT
349,2028,7,44107.44243822211,384.1495804630517,DE,DELAWARE
350,2028,8,0.0,0.0,DC,DISTRICT OF COLUMBIA
351,2028,9,125320.78378138637,449.35213128775047,FL,FLORIDA
352,2028,10,551357.5709231517,1668.2249967854414,GA,GEORGIA
353,2028,12,4812.011699960722,150.774550047171,ID,IDAHO
354,2028,13,22381448.763613936,48034.59786298234,IL,ILLINOIS
355,2028,14,9055463.127274169,24892.684176914598,IN,INDIANA
356,2028,15,34473137.05173941,55939.91552331157,IA,IOWA
357,2028,16,965922.8933216804,4340.368413278442,KS,KANSAS
358,2028,17,1329055.3409841168,5308.157094622786,KY,KENTUCKY
359,2028,18,277551.89086440473,944.6464285819811,LA,LOUISIANA
360,2028,19,2336.5575871237647,46.97048534048567,ME,MAINE
361,2028,20,70012.92886762475,908.3758150394868,MD,MARYLAND
362,2028,21,8222.304136964853,80.87430657326615,MA,MASSACHUSETTS
363,2028,22,4455847.328028352,9637.954422867044,MI,MICHIGAN
364,2028,23,18827490.956263684,31296.37465941973,MN,MINNESOTA
365,2028,24,488070.7676163007,1624.5640572167586,MS,MISSISSIPPI
366,2028,25,3025830.0479247263,11918.848833957163,MO,MISSOURI
367,2028,26,60664.97430586835,208.20747523049363,MT,MONTANA
368,2028,27,2261136.9758523293,9802.3634766224,NE,NEBRASKA
369,2028,28,0.0,0.0,NV,NEVADA
370,2028,29,2322.8201273231207,19.47265851414678,NH,NEW HAMPSHIRE
371,2028,30,23626.700776575388,288.3410893719576,NJ,NEW JERSEY
372,2028,31,284.50328806275564,5.441955665429462,NM,NEW MEXICO
373,2028,32,460201.3984929936,3225.3095307707213,NY,NEW YORK
374,2028,33,57342.30026952516,683.2660594898869,NC,NORTH CAROLINA
375,2028,34,1641373.7981987635,4061.674179747218,ND,NORTH DAKOTA
376,2028,35,3939917.0228819,14541.768981253856,OH,OHIO
377,2028,36,61236.92588518966,442.7039471715213,OK,OKLAHOMA
378,2028,37,79579.53406824535,215.7864490655266,OR,OREGON
379,2028,38,237970.3348371097,2363.7243394638813,PA,PENNSYLVANIA
380,2028,39,0.0,0.0,RI,RHODE ISLAND
381,2028,40,363078.0466869384,1334.7529979415117,SC,SOUTH CAROLINA
382,2028,41,5416526.934458196,14021.062282081326,SD,SOUTH DAKOTA
383,2028,42,515620.77696175495,2236.5457577785155,TN,TENNESSEE
384,2028,43,929886.6412772816,4172.847544566542,TX,TEXAS
385,2028,44,1599.1274539393148,90.74529531035007,UT,UTAH
386,2028,45,13817.337814845689,213.5897294410049,VT,VERMONT
387,2028,46,44482.31031014035,661.7431565276895,VA,VIRGINIA
388,2028,47,128210.41332029432,628.3981030222352,WA,WASHINGTON
389,2028,48,5354.736376145845,113.48925395926634,WV,WEST VIRGINIA
390,2028,49,7591733.04972202,15660.30823580994,WI,WISCONSIN
391,2028,50,3580.9341015015098,43.216999186068136,WY,WYOMING
392,2029,0,25233.022919650422,409.2493012075564,AL,ALABAMA
393,2029,2,3439.9303572886133,246.6236031518904,AZ,ARIZONA
394,2029,3,0.0,0.0,AR,ARKANSAS
395,2029,4,38178.46277474779,386.92144159613065,CA,CALIFORNIA
396,2029,5,372193.8177149368,3720.236325378544,CO,COLORADO
397,2029,6,142.25412505144087,2.86829629646698,CT,CONNECTICUT
398,2029,7,0.0,0.0,DE,DELAWARE
399,2029,8,0.0,0.0,DC,DISTRICT OF COLUMBIA
400,2029,9,52892.79705298917,275.04960203447496,FL,FLORIDA
401,2029,10,73260.02445138863,710.4282508511636,GA,GEORGIA
402,2029,12,2722.532361484264,86.96518835573744,ID,IDAHO
403,2029,13,4105997.2029875736,30246.781565368725,IL,ILLINOIS
404,2029,14,97815.30820577858,3749.48006342932,IN,INDIANA
405,2029,15,28436881.554310564,55855.54558394023,IA,IOWA
406,2029,16,1603052.466425125,7276.582141470496,KS,KANSAS
407,2029,17,1506.2446191675112,41.7048618333464,KY,KENTUCKY
408,2029,18,323.5053206835438,16.9480545283087,LA,LOUISIANA
409,2029,19,2681.3136382165208,28.56041195663964,ME,MAINE
410,2029,20,76069.30899703,864.4824383767439,MD,MARYLAND
411,2029,21,1069.6953289841751,18.377284797058863,MA,MASSACHUSETTS
412,2029,22,1308782.4795842993,7138.84903039011,MI,MICHIGAN
413,2029,23,15910919.849909114,31577.952627464863,MN,MINNESOTA
414,2029,24,9840.280294759808,194.17844693239823,MS,MISSISSIPPI
415,2029,25,1742014.808270126,8438.694423142226,MO,MISSOURI
416,2029,26,21038.186417582336,88.8847802895784,MT,MONTANA
417,2029,27,2930928.035171797,15383.397945358956,NE,NEBRASKA
418,2029,28,0.0,0.0,NV,NEVADA
419,2029,29,594.9646215202996,8.95493048713333,NH,NEW HAMPSHIRE
420,2029,30,0.0,0.0,NJ,NEW JERSEY
421,2029,31,11814.105513958646,177.43430398856057,NM,NEW MEXICO
422,2029,32,79583.03677459751,386.2415962367108,NY,NEW YORK
423,2029,33,6848.968110529751,89.33219220596253,NC,NORTH CAROLINA
424,2029,34,1684434.7954790385,4260.823807065197,ND,NORTH DAKOTA
425,2029,35,428978.8149027738,7121.296600452474,OH,OHIO
426,2029,36,128799.1760058488,567.749429503215,OK,OKLAHOMA
427,2029,37,66189.65420343484,175.69706838951424,OR,OREGON
428,2029,38,49373.50454807302,402.0739745345501,PA,PENNSYLVANIA
429,2029,39,613.46936679442,12.233262965907253,RI,RHODE ISLAND
430,2029,40,139247.73796660767,833.4685338284297,SC,SOUTH CAROLINA
431,2029,41,6376884.353301201,18127.49030130874,SD,SOUTH DAKOTA
432,2029,42,2254.673154996318,54.15726000307031,TN,TENNESSEE
433,2029,43,243370.78112370125,1250.8629590407556,TX,TEXAS
434,2029,44,2629.93594415982,156.80461948153567,UT,UTAH
435,2029,45,14575.12295079538,160.38404668107736,VT,VERMONT
436,2029,46,25112.92044399243,473.7508226964382,VA,VIRGINIA
437,2029,47,113390.91621344416,585.3361776073793,WA,WASHINGTON
438,2029,48,7068.040728419484,141.4249580821359,WV,WEST VIRGINIA
439,2029,49,3123888.742931728,12293.049819247766,WI,WISCONSIN
440,2029,50,19205.958842688888,282.22022035303786,WY,WYOMING
441,2030,0,143167.38394230924,688.1600498197606,AL,ALABAMA
442,2030,2,324.87895193148273,25.218609906036303,AZ,ARIZONA
443,2030,3,40184.10028015963,127.47517207564404,AR,ARKANSAS
444,2030,4,43576.86715409164,390.4105710919743,CA,CALIFORNIA
445,2030,5,250546.0493966,2428.707971243188,CO,COLORADO
446,2030,6,0.0,0.0,CT,CONNECTICUT
447,2030,7,7925.688504637237,147.99285045172832,DE,DELAWARE
448,2030,8,0.0,0.0,DC,DISTRICT OF COLUMBIA
449,2030,9,165554.45184522442,504.2180571611451,FL,FLORIDA
450,2030,10,684868.0662969653,1578.3743746339724,GA,GEORGIA
451,2030,12,5270.190501085186,166.5311645885356,ID,IDAHO
452,2030,13,1250232.1197035357,13267.039713316688,IL,ILLINOIS
453,2030,14,572294.5516036141,13727.831635871216,IN,INDIANA
454,2030,15,2426411.77661383,10931.79510928339,IA,IOWA
455,2030,16,2167393.289606762,7873.337358865399,KS,KANSAS
456,2030,17,438650.1177833895,2933.505278064954,KY,KENTUCKY
457,2030,18,766840.3354726367,1899.3428009415186,LA,LOUISIANA
458,2030,19,196.4318653027494,7.821696604963953,ME,MAINE
459,2030,20,35885.71055648565,628.1457738176086,MD,MARYLAND
460,2030,21,573.4152254057592,11.144494777023494,MA,MASSACHUSETTS
461,2030,22,78240.64741544181,1438.8410798648329,MI,MICHIGAN
462,2030,23,1669215.5606525587,9106.946801700113,MN,MINNESOTA
463,2030,24,464077.5875286551,1367.5548995480394,MS,MISSISSIPPI
464,2030,25,479935.4546930241,2815.795155344332,MO,MISSOURI
465,2030,26,32817.48592982712,166.53274784253767,MT,MONTANA
466,2030,27,1876593.7440356116,10699.600624262725,NE,NEBRASKA
467,2030,28,0.0,0.0,NV,NEVADA
468,2030,29,168.92520808444277,6.260029451123215,NH,NEW HAMPSHIRE
469,2030,30,4180.927238339202,129.67991812927562,NJ,NEW JERSEY
470,2030,31,6288.87517293141,131.83279587948036,NM,NEW MEXICO
471,2030,32,47881.69541976933,490.4923922745588,NY,NEW YORK
472,2030,33,492922.1335980554,2292.4587226446392,NC,NORTH CAROLINA
473,2030,34,612267.6409385131,2749.366471223613,ND,NORTH DAKOTA
474,2030,35,520141.6678047234,12773.845573453254,OH,OHIO
475,2030,36,60899.93678974743,224.9080246288888,OK,OKLAHOMA
476,2030,37,86401.3579437944,215.71492995095485,OR,OREGON
477,2030,38,158425.89919545432,1969.2852309555988,PA,PENNSYLVANIA
478,2030,39,0.0,0.0,RI,RHODE ISLAND
479,2030,40,795889.5921176763,1817.9045318908284,SC,SOUTH CAROLINA
480,2030,41,1809930.8287762988,11136.430913366934,SD,SOUTH DAKOTA
481,2030,42,243695.4557386908,1149.539706068776,TN,TENNESSEE
482,2030,43,747740.2028098195,3548.900982953135,TX,TEXAS
483,2030,44,3054.711110344814,177.9480977226631,UT,UTAH
484,2030,45,3912.209541656137,76.48571474288966,VT,VERMONT
485,2030,46,21433.381865584524,521.4100106773285,VA,VIRGINIA
486,2030,47,128929.71167936726,651.9657849192904,WA,WASHINGTON
487,2030,48,7177.747374913845,83.27621315782304,WV,WEST VIRGINIA
488,2030,49,44125.473697650894,365.1624152308104,WI,WISCONSIN
489,2030,50,1558.8928016750665,20.895406053072428,WY,WYOMING
490,2031,0,6925.127336561076,82.77032194386908,AL,ALABAMA
491,2031,2,2143.150850155047,153.19174772077608,AZ,ARIZONA
492,2031,3,57.29934585130464,0.702697916574767,AR,ARKANSAS
493,2031,4,19635.482288282703,177.45694814631037,CA,CALIFORNIA
494,2031,5,98931.31025330404,1051.5579756324144,CO,COLORADO
495,2031,6,4774.69711359106,60.851516045176425,CT,CONNECTICUT
496,2031,7,131955.29185963332,599.1305045638351,DE,DELAWARE
497,2031,8,0.0,0.0,DC,DISTRICT OF COLUMBIA
498,2031,9,4507.065921540051,51.887228738303655,FL,FLORIDA
499,2031,10,73920.48928297893,298.17586494655734,GA,GEORGIA
500,2031,12,6058.123699494281,186.55071584018103,ID,IDAHO
501,2031,13,9253706.356596302,36933.78751044578,IL,ILLINOIS
502,2031,14,2693290.03157714,19697.723978588478,IN,INDIANA
503,2031,15,7841069.346107487,28111.04586015824,IA,IOWA
504,2031,16,2202193.714942938,9535.316938162325,KS,KANSAS
505,2031,17,68799.25010094374,441.5993454598303,KY,KENTUCKY
506,2031,18,0.0,0.0,LA,LOUISIANA
507,2031,19,902.1310698523914,24.145756582293654,ME,MAINE
508,2031,20,264090.5057383054,1894.1913162229257,MD,MARYLAND
509,2031,21,4308.097200212816,87.19598600710613,MA,MASSACHUSETTS
510,2031,22,2733260.8010517294,9834.517751745145,MI,MICHIGAN
511,2031,23,1043298.2060977208,4559.97351711901,MN,MINNESOTA
512,2031,24,38.74845506846535,0.5409429089641667,MS,MISSISSIPPI
513,2031,25,2341993.21906766,8581.225421889765,MO,MISSOURI
514,2031,26,22056.18451901782,102.47721535999796,MT,MONTANA
515,2031,27,786430.0153177748,5834.422547787972,NE,NEBRASKA
516,2031,28,0.0,0.0,NV,NEVADA
517,2031,29,1202.8298108153865,19.424880453873183,NH,NEW HAMPSHIRE
518,2031,30,133911.91024000972,502.2574132445717,NJ,NEW JERSEY
519,2031,31,956.6515561194376,21.923329073975133,NM,NEW MEXICO
520,2031,32,408004.90387802245,3727.1976609066937,NY,NEW YORK
521,2031,33,35912.86983875038,519.472743857157,NC,NORTH CAROLINA
522,2031,34,763265.0599645854,1969.7075848808013,ND,NORTH DAKOTA
523,2031,35,2578525.3189589754,12847.90401210282,OH,OHIO
524,2031,36,184698.12631490335,657.0128937626862,OK,OKLAHOMA
525,2031,37,55605.35259742419,144.73194700470864,OR,OREGON
526,2031,38,591958.3799778788,4127.63160615303,PA,PENNSYLVANIA
527,2031,39,489.3469282438607,9.029449585067873,RI,RHODE ISLAND
528,2031,40,9074.119184944351,47.54976997907171,SC,SOUTH CAROLINA
529,2031,41,886362.3283280329,3913.0114858995066,SD,SOUTH DAKOTA
530,2031,42,0.0,0.0,TN,TENNESSEE
531,2031,43,275841.8392560557,1531.6839703297271,TX,TEXAS
532,2031,44,1214.5078083949916,76.09697464238215,UT,UTAH
533,2031,45,2769.2858176217915,56.12929581919031,VT,VERMONT
534,2031,46,105516.42500250868,1177.1539064280587,VA,VIRGINIA
535,2031,47,95854.32461826524,534.5135118353403,WA,WASHINGTON
536,2031,48,13751.122098943197,171.01146864303016,WV,WEST VIRGINIA
537,2031,49,3008623.9276328404,12066.756262156236,WI,WISCONSIN
538,2031,50,3923.233430681112,54.17574766712853,WY,WYOMING
539,2032,0,6725.147509472055,46.65640398138588,AL,ALABAMA
540,2032,2,668.2188009028611,46.44360821297921,AZ,ARIZONA
541,2032,3,916.5216283606206,20.13810870943562,AR,ARKANSAS
542,2032,4,28386.69611191887,289.0360480147776,CA,CALIFORNIA
543,2032,5,222677.82138100555,2981.7020026741748,CO,COLORADO
544,2032,6,185.73525444311005,11.938818910829209,CT,CONNECTICUT
545,2032,7,2252.5502861688137,209.7411698492681,DE,DELAWARE
546,2032,8,0.0,0.0,DC,DISTRICT OF COLUMBIA
547,2032,9,95062.72924316165,371.34132402697367,FL,FLORIDA
548,2032,10,131447.56722381714,770.558619545981,GA,GEORGIA
549,2032,12,7278.33119436629,223.7818174749229,ID,IDAHO
550,2032,13,1651712.43430688,20979.475089520198,IL,ILLINOIS
551,2032,14,242108.32386306897,3668.636371924236,IN,INDIANA
552,2032,15,1774705.2755272444,14772.263760632952,IA,IOWA
553,2032,16,1542814.1627966014,7177.69271049611,KS,KANSAS
554,2032,17,335279.9866356598,4389.78285955274,KY,KENTUCKY
555,2032,18,56836.485219260045,392.03141443141516,LA,LOUISIANA
556,2032,19,3396.2575536704726,75.2403450857788,ME,MAINE
557,2032,20,3981.329119707131,251.87162979532545,MD,MARYLAND
558,2032,21,279.11353482256914,10.830383663478266,MA,MASSACHUSETTS
559,2032,22,67951.19014772019,889.4740400562454,MI,MICHIGAN
560,2032,23,373749.5582168556,2158.852546266019,MN,MINNESOTA
561,2032,24,4432.707282694575,51.285978130427,MS,MISSISSIPPI
562,2032,25,1586940.5817728215,10286.848930242137,MO,MISSOURI
563,2032,26,24849.448035765272,114.65254283350234,MT,MONTANA
564,2032,27,797582.3940908258,5489.738245024981,NE,NEBRASKA
565,2032,28,0.0,0.0,NV,NEVADA
566,2032,29,543.4889843655814,3.992283273976616,NH,NEW HAMPSHIRE
567,2032,30,1579.110617583383,91.09926472277816,NJ,NEW JERSEY
568,2032,31,1727.347540614574,28.427653543966635,NM,NEW MEXICO
569,2032,32,44842.4344465079,549.1985018633696,NY,NEW YORK
570,2032,33,15586.256192398409,193.8749919034959,NC,NORTH CAROLINA
571,2032,34,308682.9726403236,2188.1776614594514,ND,NORTH DAKOTA
572,2032,35,83977.45685391687,2549.961914625521,OH,OHIO
573,2032,36,67866.10005170516,357.1248920558732,OK,OKLAHOMA
574,2032,37,99223.55173596126,308.9867039794549,OR,OREGON
575,2032,38,30245.283252738063,900.0529641651252,PA,PENNSYLVANIA
576,2032,39,315.6523401528183,7.434034897564143,RI,RHODE ISLAND
577,2032,40,528.2762631891384,8.373089887580784,SC,SOUTH CAROLINA
578,2032,41,567860.1786819412,4689.632526732034,SD,SOUTH DAKOTA
579,2032,42,57246.25698871213,1137.844590736035,TN,TENNESSEE
580,2032,43,149899.827687144,767.6834664438107,TX,TEXAS
581,2032,44,3471.0136751932164,210.09048441948752,UT,UTAH
582,2032,45,899.474996003794,11.45765923796623,VT,VERMONT
583,2032,46,19744.786805322743,611.5428825087043,VA,VIRGINIA
584,2032,47,141591.4250222156,652.2247538661989,WA,WASHINGTON
585,2032,48,3812.361748622425,91.4460343788873,WV,WEST VIRGINIA
586,2032,49,171745.9978838,2784.3197605448577,WI,WISCONSIN
587,2032,50,10916.926664100316,165.79466658073412,WY,WYOMING
588,2033,0,85964.79623835404,429.1750063844101,AL,ALABAMA
589,2033,2,29.66391007973876,2.3814273638338985,AZ,ARIZONA
590,2033,3,21684.215345047654,137.51901797932155,AR,ARKANSAS
591,2033,4,5094.067258549604,48.6467229537506,CA,CALIFORNIA
592,2033,5,27731.47643434883,262.07089949751776,CO,COLORADO
593,2033,6,7420.501257025022,69.25013787478164,CT,CONNECTICUT
594,2033,7,50356.3067290619,390.6984730136053,DE,DELAWARE
595,2033,8,0.0,0.0,DC,DISTRICT OF COLUMBIA
596,2033,9,170123.0186124749,518.2344495022364,FL,FLORIDA
597,2033,10,463081.4182339104,1503.9004861463957,GA,GEORGIA
598,2033,12,64.50235822144012,2.12365363209837,ID,IDAHO
599,2033,13,326032.16887362936,1800.681704325105,IL,ILLINOIS
600,2033,14,215862.03305015655,3550.591696107469,IN,INDIANA
601,2033,15,0.0,0.0,IA,IOWA
602,2033,16,29018.46096690288,168.57213170990826,KS,KANSAS
603,2033,17,563738.8378622667,4264.493961885606,KY,KENTUCKY
604,2033,18,26531.123399137177,255.02677111237813,LA,LOUISIANA
605,2033,19,475.8226443051293,5.105682152155668,ME,MAINE
606,2033,20,38689.02618661731,300.3552754366027,MD,MARYLAND
607,2033,21,1137.8762046243523,27.01339154728855,MA,MASSACHUSETTS
608,2033,22,52477.37234473671,713.6545121221109,MI,MICHIGAN
609,2033,23,7093.162589396514,216.05601943863127,MN,MINNESOTA
610,2033,24,44459.919441448765,419.0161481438257,MS,MISSISSIPPI
611,2033,25,66247.0916601142,429.7482824013862,MO,MISSOURI
612,2033,26,714.8134208545854,3.1057050304716447,MT,MONTANA
613,2033,27,1301.5426496575317,23.97058805350062,NE,NEBRASKA
614,2033,28,0.0,0.0,NV,NEVADA
615,2033,29,406.82012604185513,1.847561899885124,NH,NEW HAMPSHIRE
616,2033,30,41529.24871617038,282.5787635173532,NJ,NEW JERSEY
617,2033,31,5444.450285447923,94.63194013496845,NM,NEW MEXICO
618,2033,32,38894.63860229749,1028.8056308987316,NY,NEW YORK
619,2033,33,284030.8191070104,2122.8067380450248,NC,NORTH CAROLINA
620,2033,34,2328.8990573137976,11.616785427988871,ND,NORTH DAKOTA
621,2033,35,93601.69454924324,3458.1156013524715,OH,OHIO
622,2033,36,7823.690518910743,38.57101675751946,OK,OKLAHOMA
623,2033,37,9373.83857801546,25.851193570250206,OR,OREGON
624,2033,38,22711.7254050112,628.9240363277277,PA,PENNSYLVANIA
625,2033,39,0.0,0.0,RI,RHODE ISLAND
626,2033,40,203447.4633299033,1027.980717453106,SC,SOUTH CAROLINA
627,2033,41,24.02613666498033,0.4261165909304755,SD,SOUTH DAKOTA
628,2033,42,282670.31366475124,1677.0639575721434,TN,TENNESSEE
629,2033,43,225710.98729763372,1454.9875384156942,TX,TEXAS
630,2033,44,1612.4142513447475,91.55025993903566,UT,UTAH
631,2033,45,2199.1225497080304,65.49492404008238,VT,VERMONT
632,2033,46,18842.17185682678,287.28156077641995,VA,VIRGINIA
633,2033,47,43225.09573798455,201.5592964688032,WA,WASHINGTON
634,2033,48,790.0853282231403,24.646882702798983,WV,WEST VIRGINIA
635,2033,49,14088.092421712085,139.15908463249156,WI,WISCONSIN
636,2033,50,80.17903241345438,0.9386165925323716,WY,WYOMING
637,2034,0,29690.350237984043,430.4453485787759,AL,ALABAMA
638,2034,2,1504.6506294225271,116.71684099591413,AZ,ARIZONA
639,2034,3,21449.853642138165,101.54960020181557,AR,ARKANSAS
640,2034,4,35580.24251829686,335.6512548863235,CA,CALIFORNIA
641,2034,5,460923.9050406321,4110.681849298806,CO,COLORADO
642,2034,6,1412.7355365885312,57.26878351713207,CT,CONNECTICUT
643,2034,7,29698.0488855578,395.9034397807383,DE,DELAWARE
644,2034,8,0.0,0.0,DC,DISTRICT OF COLUMBIA
645,2034,9,9883.377306984321,97.13045216683025,FL,FLORIDA
646,2034,10,15367.477823031692,200.03589879893053,GA,GEORGIA
647,2034,12,6804.646302054273,211.3914511091073,ID,IDAHO
648,2034,13,1303815.1939437762,10654.302613805292,IL,ILLINOIS
649,2034,14,192079.382772529,2319.7603269413844,IN,INDIANA
650,2034,15,2395575.43320225,13028.808894208403,IA,IOWA
651,2034,16,2842157.834486972,10982.731960779603,KS,KANSAS
652,2034,17,894.7517121238014,19.947756041922585,KY,KENTUCKY
653,2034,18,148.492710501717,3.250215054581859,LA,LOUISIANA
654,2034,19,1327.0747525862223,25.60323530272604,ME,MAINE
655,2034,20,35997.80106738188,943.9111047512988,MD,MARYLAND
656,2034,21,473.7465823536194,13.447086976640556,MA,MASSACHUSETTS
657,2034,22,82590.97441092608,1091.4627138303454,MI,MICHIGAN
658,2034,23,348616.56413269066,3442.368206040209,MN,MINNESOTA
659,2034,24,196.65053413419943,19.95622647423341,MS,MISSISSIPPI
660,2034,25,1353719.471308003,6323.774968081653,MO,MISSOURI
661,2034,26,25920.48441905886,100.3167865067825,MT,MONTANA
662,2034,27,3230717.69374646,16331.525286211014,NE,NEBRASKA
663,2034,28,0.0,0.0,NV,NEVADA
664,2034,29,0.0530197427668953,0.0008282777282189,NH,NEW HAMPSHIRE
665,2034,30,18323.273298563778,408.3114613257387,NJ,NEW JERSEY
666,2034,31,30142.00752367379,410.0426307089688,NM,NEW MEXICO
667,2034,32,87455.64125807786,976.2879968022733,NY,NEW YORK
668,2034,33,21222.675267616163,468.6783035243332,NC,NORTH CAROLINA
669,2034,34,337231.876967659,1950.178526322912,ND,NORTH DAKOTA
670,2034,35,27251.218456498933,1760.635214927244,OH,OHIO
671,2034,36,298592.6925360542,1153.7118629448064,OK,OKLAHOMA
672,2034,37,82762.46304135222,206.37748433428823,OR,OREGON
673,2034,38,40183.4060759251,1454.5917258896518,PA,PENNSYLVANIA
674,2034,39,505.1965061260096,15.988085078680866,RI,RHODE ISLAND
675,2034,40,132631.65574858955,1055.2458372872195,SC,SOUTH CAROLINA
676,2034,41,1981682.1530496024,12550.298264254869,SD,SOUTH DAKOTA
677,2034,42,1022.4982492090032,18.39730431336064,TN,TENNESSEE
678,2034,43,684389.3627358265,4274.527300135999,TX,TEXAS
679,2034,44,4374.540736173602,254.0025873100544,UT,UTAH
680,2034,45,1696.3679904477926,21.73195241828965,VT,VERMONT
681,2034,46,23658.387970753363,448.6661491059157,VA,VIRGINIA
682,2034,47,124964.7835653104,596.580334112938,WA,WASHINGTON
683,2034,48,208.8129761874233,10.241994717715944,WV,WEST VIRGINIA
684,2034,49,428725.43720583344,4393.0882886127165,WI,WISCONSIN
685,2034,50,25388.169423779294,345.8009841855249,WY,WYOMING
686,2035,0,62873.071210913,524.0298637868335,AL,ALABAMA
687,2035,2,499.69532684942817,38.35679527200049,AZ,ARIZONA
688,2035,3,5835.6490706517,46.94680132874926,AR,ARKANSAS
689,2035,4,2436.679211936354,20.519556263129765,CA,CALIFORNIA
690,2035,5,50696.8177380728,547.2515124245023,CO,COLORADO
691,2035,6,2355.568884292702,81.34633093226813,CT,CONNECTICUT
692,2035,7,6718.255102236884,452.602028500997,DE,DELAWARE
693,2035,8,0.0,0.0,DC,DISTRICT OF COLUMBIA
694,2035,9,5094.455267493309,46.35607853771666,FL,FLORIDA
695,2035,10,60709.12046854,416.8519269692047,GA,GEORGIA
696,2035,12,928.8212037811552,28.713553729047263,ID,IDAHO
697,2035,13,135940.80986199644,2219.7073377650345,IL,ILLINOIS
698,2035,14,414850.0583144504,9260.673520087174,IN,INDIANA
699,2035,15,14633.91944821781,50.60344192611924,IA,IOWA
700,2035,16,88092.60681656734,713.0087297085145,KS,KANSAS
701,2035,17,310803.9830810728,3724.873920708536,KY,KENTUCKY
702,2035,18,82986.60029513015,375.73568902119166,LA,LOUISIANA
703,2035,19,687.7257035533648,10.41915774172955,ME,MAINE
704,2035,20,25291.101714965527,826.141784985932,MD,MARYLAND
705,2035,21,2856.979998919326,89.58039570616464,MA,MASSACHUSETTS
706,2035,22,407019.8954978669,5885.3308060333775,MI,MICHIGAN
707,2035,23,154645.86399796372,786.8337757205886,MN,MINNESOTA
708,2035,24,23504.37131590262,215.8267747625329,MS,MISSISSIPPI
709,2035,25,172526.31900515797,1843.827832789255,MO,MISSOURI
710,2035,26,4.650081606289139,0.0942183376446511,MT,MONTANA
711,2035,27,16184.95672456227,65.60514083070076,NE,NEBRASKA
712,2035,28,0.0,0.0,NV,NEVADA
713,2035,29,682.6297046197393,11.45593224336483,NH,NEW HAMPSHIRE
714,2035,30,9042.086824115013,282.429155470138,NJ,NEW JERSEY
715,2035,31,22568.888877293142,314.45168540505495,NM,NEW MEXICO
716,2035,32,175621.6080035249,3381.1814554561734,NY,NEW YORK
717,2035,33,9152.99701046995,401.2877525050135,NC,NORTH CAROLINA
718,2035,34,121540.12682448277,519.1586619491262,ND,NORTH DAKOTA
719,2035,35,193231.40317406275,3184.0917004855924,OH,OHIO
720,2035,36,152934.24987541835,536.2998289892038,OK,OKLAHOMA
721,2035,37,1931.602314483763,9.458702327280884,OR,OREGON
722,2035,38,78526.04389315349,1979.8853659935996,PA,PENNSYLVANIA
723,2035,39,951.6133513469256,27.40912137640771,RI,RHODE ISLAND
724,2035,40,717.496593075193,20.32663471660477,SC,SOUTH CAROLINA
725,2035,41,5762.081205045433,65.60379165436343,SD,SOUTH DAKOTA
726,2035,42,163423.7318749184,1789.0166000399065,TN,TENNESSEE
727,2035,43,488648.19492406485,2484.3996126412358,TX,TEXAS
728,2035,44,3192.167366154158,183.56519175984863,UT,UTAH
729,2035,45,3366.5062878699546,94.46115066212133,VT,VERMONT
730,2035,46,18525.75536094796,519.7112861341466,VA,VIRGINIA
731,2035,47,12489.368335875488,67.61710261168417,WA,WASHINGTON
732,2035,48,3913.5464303625386,83.63660597874993,WV,WEST VIRGINIA
733,2035,49,419289.4036574882,5526.070135546783,WI,WISCONSIN
734,2035,50,741.2282201922551,8.425376404341293,WY,WYOMING
735,2036,0,96580.72181969568,731.6653122456103,AL,ALABAMA
736,2036,2,4291.110079332029,303.3513500678432,AZ,ARIZONA
737,2036,3,171969.44104856497,420.6866047360584,AR,ARKANSAS
738,2036,4,14829.266533412443,134.1602709666687,CA,CALIFORNIA
739,2036,5,398848.5425834875,3643.548272203586,CO,COLORADO
740,2036,6,550.1621873115855,23.325691729746048,CT,CONNECTICUT
741,2036,7,0.0,0.0,DE,DELAWARE
742,2036,8,0.0,0.0,DC,DISTRICT OF COLUMBIA
743,2036,9,67977.37701681106,324.5609828911774,FL,FLORIDA
744,2036,10,399451.2875889186,1221.1790715803058,GA,GEORGIA
745,2036,12,2010.934260591863,61.989151722007,ID,IDAHO
746,2036,13,4308860.09175522,23299.72711475617,IL,ILLINOIS
747,2036,14,833228.1008065573,7333.920424434529,IN,INDIANA
748,2036,15,5156570.480219174,19234.27090703563,IA,IOWA
749,2036,16,2056036.2078250176,8951.971549422795,KS,KANSAS
750,2036,17,690070.933278654,3444.935646492376,KY,KENTUCKY
751,2036,18,710758.9051662356,1966.779576935585,LA,LOUISIANA
752,2036,19,73.99640503886891,0.9857535613699424,ME,MAINE
753,2036,20,0.0,0.0,MD,MARYLAND
754,2036,21,585.3969696809019,6.292221929851588,MA,MASSACHUSETTS
755,2036,22,197531.6373917044,3219.0771250040334,MI,MICHIGAN
756,2036,23,5516139.567897649,22655.960166005683,MN,MINNESOTA
757,2036,24,465218.4409921632,2126.44950638262,MS,MISSISSIPPI
758,2036,25,3826868.944809332,12536.284854979813,MO,MISSOURI
759,2036,26,8695.08904035021,40.02526495614766,MT,MONTANA
760,2036,27,2011300.4273588136,9651.26686460878,NE,NEBRASKA
761,2036,28,0.0,0.0,NV,NEVADA
762,2036,29,340.7202443055603,1.3587830034530215,NH,NEW HAMPSHIRE
763,2036,30,0.0,0.0,NJ,NEW JERSEY
764,2036,31,28110.856782361232,526.9389465159079,NM,NEW MEXICO
765,2036,32,131.96061438299847,1.0841516151977555,NY,NEW YORK
766,2036,33,408510.5803996646,2555.806229221057,NC,NORTH CAROLINA
767,2036,34,325319.7499217362,1332.0166567922124,ND,NORTH DAKOTA
768,2036,35,63168.1278470303,970.8376832127664,OH,OHIO
769,2036,36,376233.1110926117,1473.557051965549,OK,OKLAHOMA
770,2036,37,8214.982074768152,24.834194432842395,OR,OREGON
771,2036,38,6289.509150845995,151.4660431331503,PA,PENNSYLVANIA
772,2036,39,19.310732074767586,2.001838674150391,RI,RHODE ISLAND
773,2036,40,411189.3494130836,1417.8084396674649,SC,SOUTH CAROLINA
774,2036,41,3322978.1890820954,11902.00136294997,SD,SOUTH DAKOTA
775,2036,42,421311.23450004886,2400.302692260753,TN,TENNESSEE
776,2036,43,1673104.4627587479,6788.053307639098,TX,TEXAS
777,2036,44,4671.214879968769,263.25596224589856,UT,UTAH
778,2036,45,621.0080302625652,10.324110515148188,VT,VERMONT
779,2036,46,0.0,0.0,VA,VIRGINIA
780,2036,47,7164.357733596624,44.82018141993596,WA,WASHINGTON
781,2036,48,0.0,0.0,WV,WEST VIRGINIA
782,2036,49,1401154.4564776118,11594.753290939316,WI,WISCONSIN
783,2036,50,14676.006788461022,181.72854926315156,WY,WYOMING
784,2037,0,14239.958120212335,125.75690676433706,AL,ALABAMA
785,2037,2,3829.1343295052607,287.6675113476593,AZ,ARIZONA
786,2037,3,1557.4171058657555,35.66894502827273,AR,ARKANSAS
787,2037,4,28152.29064596288,315.1264769068476,CA,CALIFORNIA
788,2037,5,242129.5393752531,3077.264369467935,CO,COLORADO
789,2037,6,209.4306472094203,5.299307320276522,CT,CONNECTICUT
790,2037,7,80095.90416451576,540.8954643727916,DE,DELAWARE
791,2037,8,0.0,0.0,DC,DISTRICT OF COLUMBIA
792,2037,9,3666.26791667023,33.01193913224047,FL,FLORIDA
793,2037,10,0.0,0.0,GA,GEORGIA
794,2037,12,1178.4561805865674,36.13159145928808,ID,IDAHO
795,2037,13,6144993.761239274,26971.344126042077,IL,ILLINOIS
796,2037,14,60547.25257461829,2147.265007449613,IN,INDIANA
797,2037,15,8033036.213418413,29150.99549235714,IA,IOWA
798,2037,16,2297234.021450353,10428.033716155576,KS,KANSAS
799,2037,17,96.90691117082666,7.654387213716955,KY,KENTUCKY
800,2037,18,21768.72192871192,213.48424532298384,LA,LOUISIANA
801,2037,19,371.0977425027879,4.660644457452142,ME,MAINE
802,2037,20,120424.53593990978,1130.792964648337,MD,MARYLAND
803,2037,21,1809.9621973646704,39.61065268277802,MA,MASSACHUSETTS
804,2037,22,219411.9154854472,2694.598986637461,MI,MICHIGAN
805,2037,23,1906375.0992078208,12717.172131376914,MN,MINNESOTA
806,2037,24,960.452042662455,9.207295073721196,MS,MISSISSIPPI
807,2037,25,1776309.0346007731,9453.01232506014,MO,MISSOURI
808,2037,26,6336.282270774367,28.29982468250129,MT,MONTANA
809,2037,27,2170924.4703557445,11415.541473311008,NE,NEBRASKA
810,2037,28,0.0,0.0,NV,NEVADA
811,2037,29,161.91706228479296,0.8766256716370484,NH,NEW HAMPSHIRE
812,2037,30,16779.197565848463,189.01283132924627,NJ,NEW JERSEY
813,2037,31,17549.380572592894,258.28043227500257,NM,NEW MEXICO
814,2037,32,11471.237648523256,497.125815346009,NY,NEW YORK
815,2037,33,4694.618865333241,98.688354041718,NC,NORTH CAROLINA
816,2037,34,58569.01785729377,238.24333370532835,ND,NORTH DAKOTA
817,2037,35,24505.789774665216,1016.395616539102,OH,OHIO
818,2037,36,178241.0082466188,583.5682213774264,OK,OKLAHOMA
819,2037,37,10586.683058931883,34.83601388885925,OR,OREGON
820,2037,38,78998.01306343867,1015.2690895350094,PA,PENNSYLVANIA
821,2037,39,211.77248823576195,10.609144534930646,RI,RHODE ISLAND
822,2037,40,2.6269011801670694,0.5307442313928222,SC,SOUTH CAROLINA
823,2037,41,44088.26807589892,252.45601412996476,SD,SOUTH DAKOTA
824,2037,42,41.50350886236414,7.335828484748106,TN,TENNESSEE
825,2037,43,174892.51374976474,943.3085319314591,TX,TEXAS
826,2037,44,2164.483368266639,139.11362824175615,UT,UTAH
827,2037,45,3027.0295011711214,29.050178437207748,VT,VERMONT
828,2037,46,1936.926856063249,45.95073629545229,VA,VIRGINIA
829,2037,47,1409.6737485219508,10.60231389919642,WA,WASHINGTON
830,2037,48,1810.6630113206525,50.234529132771705,WV,WEST VIRGINIA
831,2037,49,388532.2580895017,6396.254190291736,WI,WISCONSIN
832,2037,50,1451.748714605921,31.984652706807044,WY,WYOMING
833,2038,0,189863.9625152037,1023.7169466666678,AL,ALABAMA
834,2038,2,1697.765932716237,136.40198793378084,AZ,ARIZONA
835,2038,3,128327.5213942396,406.5204186296687,AR,ARKANSAS
836,2038,4,6763.423259772146,56.893050350176495,CA,CALIFORNIA
837,2038,5,301863.1968804056,3021.501502113607,CO,COLORADO
838,2038,6,110.04168172786504,3.116996486591379,CT,CONNECTICUT
839,2038,7,0.0,0.0,DE,DELAWARE
840,2038,8,0.0,0.0,DC,DISTRICT OF COLUMBIA
841,2038,9,289195.6533196534,652.381829882776,FL,FLORIDA
842,2038,10,764681.6951336955,1629.5896876677218,GA,GEORGIA
843,2038,12,171.00939893856105,5.986455136198332,ID,IDAHO
844,2038,13,2630608.912548405,22855.07985143761,IL,ILLINOIS
845,2038,14,138016.77735392706,2682.217015734795,IN,INDIANA
846,2038,15,3383084.874561348,20302.369271051797,IA,IOWA
847,2038,16,2194671.0128618646,8458.696956776463,KS,KANSAS
848,2038,17,72986.33303246765,732.32384399611,KY,KENTUCKY
849,2038,18,600830.6312649106,1565.4466919250647,LA,LOUISIANA
850,2038,19,505.8572132346484,11.08603399967676,ME,MAINE
851,2038,20,0.0,0.0,MD,MARYLAND
852,2038,21,474.9936143262655,16.33443131598287,MA,MASSACHUSETTS
853,2038,22,330245.2340774337,3343.6834808218887,MI,MICHIGAN
854,2038,23,4477289.485225299,24540.9364799781,MN,MINNESOTA
855,2038,24,489031.0054332244,1978.2867981173547,MS,MISSISSIPPI
856,2038,25,527932.8144015735,4896.23564053625,MO,MISSOURI
857,2038,26,28467.98173095831,139.04848813886517,MT,MONTANA
858,2038,27,1141765.7208058075,6850.24826810714,NE,NEBRASKA
859,2038,28,0.0,0.0,NV,NEVADA
860,2038,29,312.35299032071794,1.849709522464361,NH,NEW HAMPSHIRE
861,2038,30,92.56323354088391,3.7481001819742175,NJ,NEW JERSEY
862,2038,31,26847.07172689785,372.817551008966,NM,NEW MEXICO
863,2038,32,73018.51808619456,1647.886575560498,NY,NEW YORK
864,2038,33,89472.610628008,570.5837631297294,NC,NORTH CAROLINA
865,2038,34,343027.3655838381,2463.6255163314618,ND,NORTH DAKOTA
866,2038,35,32812.46554064582,1330.8461486658646,OH,OHIO
867,2038,36,315696.59313555097,1384.1586277003062,OK,OKLAHOMA
868,2038,37,4094.919693188077,10.310453917713328,OR,OREGON
869,2038,38,6797.445471015644,206.38389194113304,PA,PENNSYLVANIA
870,2038,39,0.0,0.0,RI,RHODE ISLAND
871,2038,40,463036.1513028171,1066.504872620036,SC,SOUTH CAROLINA
872,2038,41,1748611.082942582,8914.785315077437,SD,SOUTH DAKOTA
873,2038,42,263396.8850216146,1144.3361599805191,TN,TENNESSEE
874,2038,43,1725851.957564616,6995.250216394321,TX,TEXAS
875,2038,44,1796.8033415540212,123.1353475836716,UT,UTAH
876,2038,45,2040.9574118303688,31.27688910139249,VT,VERMONT
877,2038,46,3572.864765068532,47.98869530148119,VA,VIRGINIA
878,2038,47,1128.6651794054592,20.775347077275576,WA,WASHINGTON
879,2038,48,1281.619866188494,27.8736650213472,WV,WEST VIRGINIA
880,2038,49,586907.2366651922,5717.140002470776,WI,WISCONSIN
881,2038,50,20532.93954547999,240.8789630274839,WY,WYOMING
882,2039,0,132707.86929614737,1341.6923691475636,AL,ALABAMA
883,2039,2,2307.389645997472,183.06881319119935,AZ,ARIZONA
884,2039,3,2096.7249637422874,20.183253015507145,AR,ARKANSAS
885,2039,4,17529.173100370925,172.08450491410983,CA,CALIFORNIA
886,2039,5,118985.94016378188,1544.3288841495742,CO,COLORADO
887,2039,6,13764.766832105784,85.77143543816855,CT,CONNECTICUT
888,2039,7,7991.3993358799,60.819569198948,DE,DELAWARE
889,2039,8,0.0,0.0,DC,DISTRICT OF COLUMBIA
890,2039,9,95173.42409103406,602.0793708555722,FL,FLORIDA
891,2039,10,298922.60228172044,1532.9719570889629,GA,GEORGIA
892,2039,12,2762.391346252495,86.50254771724153,ID,IDAHO
893,2039,13,2072811.647035718,15887.016766641596,IL,ILLINOIS
894,2039,14,295426.92282583326,5562.959180119199,IN,INDIANA
895,2039,15,739646.4164061758,3623.0244992520174,IA,IOWA
896,2039,16,251866.59620790428,1233.4985236079824,KS,KANSAS
897,2039,17,338289.058930789,3673.414426239808,KY,KENTUCKY
898,2039,18,340060.64933835703,1486.9331475139927,LA,LOUISIANA
899,2039,19,446.9630970555726,11.715799044698247,ME,MAINE
900,2039,20,248731.3081682445,1163.7173632832478,MD,MARYLAND
901,2039,21,6644.533476542466,106.96529154796244,MA,MASSACHUSETTS
902,2039,22,216826.62428025264,3427.1598485040654,MI,MICHIGAN
903,2039,23,2669016.488279426,12172.850089936632,MN,MINNESOTA
904,2039,24,370973.6682584536,1747.9718500648569,MS,MISSISSIPPI
905,2039,25,76826.5311895557,695.9850512393671,MO,MISSOURI
906,2039,26,18685.4160342324,81.51388091397395,MT,MONTANA
907,2039,27,330689.4455572736,1260.3483950894192,NE,NEBRASKA
908,2039,28,0.0,0.0,NV,NEVADA
909,2039,29,1075.147696023186,13.553846090212788,NH,NEW HAMPSHIRE
910,2039,30,88845.32532866052,449.9392834511731,NJ,NEW JERSEY
911,2039,31,5435.850321847165,121.26180945756734,NM,NEW MEXICO
912,2039,32,68109.94045523297,1465.8362158189598,NY,NEW YORK
913,2039,33,75714.51654540247,2105.826217197464,NC,NORTH CAROLINA
914,2039,34,204176.20142082055,1733.465813254681,ND,NORTH DAKOTA
915,2039,35,529270.9070762589,5664.888986706663,OH,OHIO
916,2039,36,115598.80355421176,430.45977689252857,OK,OKLAHOMA
917,2039,37,35740.82085363186,107.19209482630517,OR,OREGON
918,2039,38,597650.1645448004,2908.5211947826983,PA,PENNSYLVANIA
919,2039,39,473.07080098861024,13.020716336937022,RI,RHODE ISLAND
920,2039,40,5711.168526132362,420.72868044814055,SC,SOUTH CAROLINA
921,2039,41,1118009.508709745,6286.037054193909,SD,SOUTH DAKOTA
922,2039,42,168439.63930063142,2054.827004827941,TN,TENNESSEE
923,2039,43,173986.47610279892,993.1519380192708,TX,TEXAS
924,2039,44,5403.511605537016,310.5099833715502,UT,UTAH
925,2039,45,1017.2915256462531,10.880232505620764,VT,VERMONT
926,2039,46,100341.699996958,1314.401186458532,VA,VIRGINIA
927,2039,47,13126.330800739628,106.30916368990992,WA,WASHINGTON
928,2039,48,18261.48238003432,90.33304339410272,WV,WEST VIRGINIA
929,2039,49,345366.7932846889,3599.452582825933,WI,WISCONSIN
930,2039,50,17330.80059993005,234.64965268411137,WY,WYOMING
931,2040,0,316773.4855933244,1394.50508089319,AL,ALABAMA
932,2040,2,6221.490884421828,477.2105467354961,AZ,ARIZONA
933,2040,3,50423.47644232863,252.2714892025516,AR,ARKANSAS
934,2040,4,10501.552075141606,99.232247899528,CA,CALIFORNIA
935,2040,5,410675.1110409525,3683.1314574648304,CO,COLORADO
936,2040,6,1410.7205668586012,42.75708463461709,CT,CONNECTICUT
937,2040,7,0.0,0.0,DE,DELAWARE
938,2040,8,0.0,0.0,DC,DISTRICT OF COLUMBIA
939,2040,9,280157.943860515,805.4931075617394,FL,FLORIDA
940,2040,10,756354.7344566998,1862.239342246652,GA,GEORGIA
941,2040,12,5388.8718312928295,169.38612061308908,ID,IDAHO
942,2040,13,10895748.402684191,40786.22244228917,IL,ILLINOIS
943,2040,14,709136.6528641167,5850.995710844743,IN,INDIANA
944,2040,15,21103275.76180443,48198.72841166953,IA,IOWA
945,2040,16,2345716.205531028,9133.84552786313,KS,KANSAS
946,2040,17,406517.1620853955,3489.9805214851453,KY,KENTUCKY
947,2040,18,852814.0526071888,2005.3624476608604,LA,LOUISIANA
948,2040,19,806.6149525867683,11.300060024188843,ME,MAINE
949,2040,20,1413.6164394253778,49.10895253514944,MD,MARYLAND
950,2040,21,0.0,0.0,MA,MASSACHUSETTS
951,2040,22,360622.84056722536,3898.8120594763577,MI,MICHIGAN
952,2040,23,8524110.331762102,29302.190426812216,MN,MINNESOTA
953,2040,24,777884.6670875776,2529.253805696864,MS,MISSISSIPPI
954,2040,25,2652670.918526219,12474.161825665651,MO,MISSOURI
955,2040,26,27791.72573866639,123.69963604319926,MT,MONTANA
956,2040,27,5875655.75999239,19100.133494052723,NE,NEBRASKA
957,2040,28,0.0,0.0,NV,NEVADA
958,2040,29,553.1839225447738,1.8512529019750272,NH,NEW HAMPSHIRE
959,2040,30,17132.523415035823,231.3927768155156,NJ,NEW JERSEY
960,2040,31,42248.22329518612,669.8561247420056,NM,NEW MEXICO
961,2040,32,24624.45738775364,221.3567994765796,NY,NEW YORK
962,2040,33,67496.07611857534,852.21187461718,NC,NORTH CAROLINA
963,2040,34,757665.0551549492,3196.1427307023623,ND,NORTH DAKOTA
964,2040,35,74449.5879094745,1416.4563447028536,OH,OHIO
965,2040,36,235259.1550150899,1135.1812577773755,OK,OKLAHOMA
966,2040,37,47518.131891142926,131.37280710449585,OR,OREGON
967,2040,38,22665.070054447664,649.6892867370584,PA,PENNSYLVANIA
968,2040,39,0.0,0.0,RI,RHODE ISLAND
969,2040,40,474420.9292529889,1766.3328503485775,SC,SOUTH CAROLINA
970,2040,41,6555777.769897981,16942.97613727497,SD,SOUTH DAKOTA
971,2040,42,313883.15109344985,1996.2091666340248,TN,TENNESSEE
972,2040,43,512627.2460255478,3736.4887619160345,TX,TEXAS
973,2040,44,6361.2740290646325,360.4952265478396,UT,UTAH
974,2040,45,0.2586772548996329,0.4540185735145715,VT,VERMONT
975,2040,46,1507.9003692540994,34.49525021286297,VA,VIRGINIA
976,2040,47,7688.962796033081,88.4037340852924,WA,WASHINGTON
977,2040,48,1102.2053336406966,49.326100037266,WV,WEST VIRGINIA
978,2040,49,731834.8775195638,9336.135785764229,WI,WISCONSIN
979,2040,50,29544.555446138205,357.2351786728645,WY,WYOMING
980,2041,0,72831.05688588061,593.9342903246642,AL,ALABAMA
981,2041,2,2949.7337544393595,207.1341537453397,AZ,ARIZONA
982,2041,3,83849.29546188733,331.1429806718599,AR,ARKANSAS
983,2041,4,10906.764450299795,134.11290422589758,CA,CALIFORNIA
984,2041,5,387205.5141653164,3525.124441738614,CO,COLORADO
985,2041,6,42.22806408640782,3.045002601318585,CT,CONNECTICUT
986,2041,7,0.0,0.0,DE,DELAWARE
987,2041,8,0.0,0.0,DC,DISTRICT OF COLUMBIA
988,2041,9,147779.08553893366,625.0213793133939,FL,FLORIDA
989,2041,10,78085.22823838,647.3269312125274,GA,GEORGIA
990,2041,12,6545.232010593073,202.86561634865052,ID,IDAHO
991,2041,13,12555641.83329549,43695.8384884018,IL,ILLINOIS
992,2041,14,1839119.839806937,13454.445428124836,IN,INDIANA
993,2041,15,14614179.498377092,38780.1188887514,IA,IOWA
994,2041,16,1421751.9641757505,6067.203075227373,KS,KANSAS
995,2041,17,696746.9686829953,4062.4542585612103,KY,KENTUCKY
996,2041,18,15447.040162937456,287.9954834379144,LA,LOUISIANA
997,2041,19,334.0978849932277,4.156105258654969,ME,MAINE
998,2041,20,3009.120476751374,46.77178148946776,MD,MARYLAND
999,2041,21,5.710004242309824,0.6495372272414079,MA,MASSACHUSETTS
1000,2041,22,663725.5710297135,6236.09335509265,MI,MICHIGAN
1001,2041,23,9200292.335050836,28120.01687673701,MN,MINNESOTA
1002,2041,24,302189.68049171555,1626.4993028257504,MS,MISSISSIPPI
1003,2041,25,1115838.4027015574,7695.797139239195,MO,MISSOURI
1004,2041,26,23720.370397620267,108.1054884203885,MT,MONTANA
1005,2041,27,1513718.414902216,6066.913793566701,NE,NEBRASKA
1006,2041,28,0.0,0.0,NV,NEVADA
1007,2041,29,545.3249676342655,2.196091723520641,NH,NEW HAMPSHIRE
1008,2041,30,158.00552403316544,27.89802348671891,NJ,NEW JERSEY
1009,2041,31,34085.21762755647,451.1523070151468,NM,NEW MEXICO
1010,2041,32,49614.68338485267,1085.3371742953348,NY,NEW YORK
1011,2041,33,4033.0188405219774,168.3774931410446,NC,NORTH CAROLINA
1012,2041,34,212146.90677582065,978.5161154203956,ND,NORTH DAKOTA
1013,2041,35,46558.88426727526,1532.687018961446,OH,OHIO
1014,2041,36,203066.8459069577,926.5613289858084,OK,OKLAHOMA
1015,2041,37,68247.818435991,165.4936472415814,OR,OREGON
1016,2041,38,41058.45916229736,1134.7882635233375,PA,PENNSYLVANIA
1017,2041,39,46.822208200436265,3.1648258076159705,RI,RHODE ISLAND
1018,2041,40,21036.4153537037,298.1243779504948,SC,SOUTH CAROLINA
1019,2041,41,2950894.389810866,12423.119948562462,SD,SOUTH DAKOTA
1020,2041,42,225175.83216410928,1706.1563058436136,TN,TENNESSEE
1021,2041,43,491711.88843633654,2280.2724775231113,TX,TEXAS
1022,2041,44,6177.538807465535,349.79320870549464,UT,UTAH
1023,2041,45,1521.221236669356,12.108117622206748,VT,VERMONT
1024,2041,46,5304.747734133794,187.19298288263084,VA,VIRGINIA
1025,2041,47,51282.84271349113,265.9171007193084,WA,WASHINGTON
1026,2041,48,592.5962318947727,17.065313687033086,WV,WEST VIRGINIA
1027,2041,49,3423244.1794594475,16408.227008905946,WI,WISCONSIN
1028,2041,50,33718.77365466196,398.68236572222656,WY,WYOMING
1029,2042,0,185934.87949147585,1080.4180610310357,AL,ALABAMA
1030,2042,2,6972.969196899016,486.8487528420671,AZ,ARIZONA
1031,2042,3,58010.66590374576,203.83489996380692,AR,ARKANSAS
1032,2042,4,33008.99325678361,315.2955988080645,CA,CALIFORNIA
1033,2042,5,485464.46194727113,4159.512251116534,CO,COLORADO
1034,2042,6,40.233407250014125,3.860696651033493,CT,CONNECTICUT
1035,2042,7,53471.80646648664,409.57300510986056,DE,DELAWARE
1036,2042,8,0.0,0.0,DC,DISTRICT OF COLUMBIA
1037,2042,9,52602.68103603014,435.4560840669568,FL,FLORIDA
1038,2042,10,228515.33317807497,1583.7346375253055,GA,GEORGIA
1039,2042,12,4251.330381563261,132.99477462134294,ID,IDAHO
1040,2042,13,10884520.071618954,40812.25927135708,IL,ILLINOIS
1041,2042,14,1436923.3938488024,12085.528155443784,IN,INDIANA
1042,2042,15,21756693.837555423,48828.81532326007,IA,IOWA
1043,2042,16,3117021.0632600463,11245.499267811294,KS,KANSAS
1044,2042,17,586605.3424444476,4483.304473500944,KY,KENTUCKY
1045,2042,18,258424.83488777466,1254.0015655818243,LA,LOUISIANA
1046,2042,19,1779.8735372696594,43.74989926424525,ME,MAINE
1047,2042,20,96453.95966282632,851.0725580919166,MD,MARYLAND
1048,2042,21,0.0,0.0,MA,MASSACHUSETTS
1049,2042,22,933102.957218676,7191.051348288369,MI,MICHIGAN
1050,2042,23,10046246.41201825,25716.8684732159,MN,MINNESOTA
1051,2042,24,289998.04918166937,1529.914355649535,MS,MISSISSIPPI
1052,2042,25,3936400.60522278,12518.228091658862,MO,MISSOURI
1053,2042,26,36897.49426062311,133.7851888534827,MT,MONTANA
1054,2042,27,5763167.916856067,18715.10770836701,NE,NEBRASKA
1055,2042,28,0.0,0.0,NV,NEVADA
1056,2042,29,425.4881260164653,3.591803206258413,NH,NEW HAMPSHIRE
1057,2042,30,5069.444103503747,96.44139818405657,NJ,NEW JERSEY
1058,2042,31,59703.56203346955,784.3510268392356,NM,NEW MEXICO
1059,2042,32,12469.939375373267,94.1638331479973,NY,NEW YORK
1060,2042,33,564047.4113514345,3680.369847540494,NC,NORTH CAROLINA
1061,2042,34,1524928.7147258266,3865.5820055926943,ND,NORTH DAKOTA
1062,2042,35,70109.8974807453,1668.7408319933309,OH,OHIO
1063,2042,36,356835.73254428245,1349.7592026974426,OK,OKLAHOMA
1064,2042,37,42866.098289418354,126.32191590514842,OR,OREGON
1065,2042,38,19783.127613068733,779.7650001100931,PA,PENNSYLVANIA
1066,2042,39,0.0,0.0,RI,RHODE ISLAND
1067,2042,40,119857.98036261593,1628.2233298519443,SC,SOUTH CAROLINA
1068,2042,41,6352401.825634839,17013.715718353236,SD,SOUTH DAKOTA
1069,2042,42,309677.5633746625,1896.981332660777,TN,TENNESSEE
1070,2042,43,923783.286148616,5827.531693665043,TX,TEXAS
1071,2042,44,6218.806459521244,352.5701838787616,UT,UTAH
1072,2042,45,710.036597981811,52.844745966821534,VT,VERMONT
1073,2042,46,279624.57131276885,1092.2972134465824,VA,VIRGINIA
1074,2042,47,13127.697857439452,89.77174022017167,WA,WASHINGTON
1075,2042,48,1055.163994318453,96.28782403170804,WV,WEST VIRGINIA
1076,2042,49,1499050.606427878,11065.93679741603,WI,WISCONSIN
1077,2042,50,36385.164706296775,423.0092325794518,WY,WYOMING
1078,2043,0,7366.74224395263,115.13479700761732,AL,ALABAMA
1079,2043,2,6443.40636076252,452.32751970564834,AZ,ARIZONA
1080,2043,3,32343.466702196256,174.66354112931,AR,ARKANSAS
1081,2043,4,6601.065722098068,79.1263721944297,CA,CALIFORNIA
1082,2043,5,350345.67604683083,3167.1151107775486,CO,COLORADO
1083,2043,6,2661.568299400105,57.269783597264194,CT,CONNECTICUT
1084,2043,7,0.0,0.0,DE,DELAWARE
1085,2043,8,0.0,0.0,DC,DISTRICT OF COLUMBIA
1086,2043,9,715.9244878583224,10.420943241750171,FL,FLORIDA
1087,2043,10,621.0613733004504,9.753527790568054,GA,GEORGIA
1088,2043,12,6002.821386450283,188.4414523131753,ID,IDAHO
1089,2043,13,14988196.296978269,39939.90042317352,IL,ILLINOIS
1090,2043,14,1219466.34843386,6430.00072516649,IN,INDIANA
1091,2043,15,18758343.11506558,47925.61854683515,IA,IOWA
1092,2043,16,2102374.0955572883,9218.372729703577,KS,KANSAS
1093,2043,17,50228.760507599945,369.19057464517726,KY,KENTUCKY
1094,2043,18,52986.59035359067,496.3075763254818,LA,LOUISIANA
1095,2043,19,226.07568682879355,2.8534900415490125,ME,MAINE
1096,2043,20,0.0,0.0,MD,MARYLAND
1097,2043,21,906.9122657581528,26.441596301982585,MA,MASSACHUSETTS
1098,2043,22,264357.9167987258,2987.652553134047,MI,MICHIGAN
1099,2043,23,8943825.884618673,27704.78742362833,MN,MINNESOTA
1100,2043,24,4138.311351114886,59.29440870757444,MS,MISSISSIPPI
1101,2043,25,2464225.3422744297,11545.741494372343,MO,MISSOURI
1102,2043,26,32366.824103537478,152.636136362557,MT,MONTANA
1103,2043,27,3163850.084179594,15539.79199013668,NE,NEBRASKA
1104,2043,28,0.0,0.0,NV,NEVADA
1105,2043,29,79.4789637562686,1.44880761167246,NH,NEW HAMPSHIRE
1106,2043,30,0.0,0.0,NJ,NEW JERSEY
1107,2043,31,59389.37818064349,750.8313523745812,NM,NEW MEXICO
1108,2043,32,6921.856386203496,34.82120225352385,NY,NEW YORK
1109,2043,33,0.0,0.0,NC,NORTH CAROLINA
1110,2043,34,493806.7478644652,2467.062749874196,ND,NORTH DAKOTA
1111,2043,35,7124.95178430084,141.8078926758955,OH,OHIO
1112,2043,36,280373.3109697092,1119.737157199757,OK,OKLAHOMA
1113,2043,37,54279.314225859984,153.0147455512626,OR,OREGON
1114,2043,38,0.0,0.0,PA,PENNSYLVANIA
1115,2043,39,85.61832251711505,2.6013866817546183,RI,RHODE ISLAND
1116,2043,40,0.0,0.0,SC,SOUTH CAROLINA
1117,2043,41,4818894.355332468,15909.045191478604,SD,SOUTH DAKOTA
1118,2043,42,7859.687530317893,111.80582128643724,TN,TENNESSEE
1119,2043,43,713209.5557021609,3903.7008895692024,TX,TEXAS
1120,2043,44,6311.452624926003,355.93137872210355,UT,UTAH
1121,2043,45,29.18766340377956,1.9036246047183625,VT,VERMONT
1122,2043,46,0.0,0.0,VA,VIRGINIA
1123,2043,47,22551.703239174385,119.52556063529822,WA,WASHINGTON
1124,2043,48,441.3142867616966,5.530299081635382,WV,WEST VIRGINIA
1125,2043,49,1808570.6503355363,13680.67839280305,WI,WISCONSIN
1126,2043,50,23747.515697260307,280.8102744732602,WY,WYOMING
1127,2044,0,23740.58038605388,400.8256555350591,AL,ALABAMA
1128,2044,2,8282.996042924171,576.0365862333102,AZ,ARIZONA
1129,2044,3,9668.85694862226,96.5776689327299,AR,ARKANSAS
1130,2044,4,37218.07996621644,367.07430766829646,CA,CALIFORNIA
1131,2044,5,414788.502011464,3745.9467194375943,CO,COLORADO
1132,2044,6,120.4413915404992,4.383785504265541,CT,CONNECTICUT
1133,2044,7,470.2172913047849,44.47608202123506,DE,DELAWARE
1134,2044,8,0.0,0.0,DC,DISTRICT OF COLUMBIA
1135,2044,9,314951.8294586275,735.0791014651682,FL,FLORIDA
1136,2044,10,381659.15812541975,1533.8670224031223,GA,GEORGIA
1137,2044,12,4607.161155017571,144.71241937084793,ID,IDAHO
1138,2044,13,4538918.706045067,29517.11410381286,IL,ILLINOIS
1139,2044,14,589253.1418359572,4460.255057778555,IN,INDIANA
1140,2044,15,7852084.636201897,35328.34196209636,IA,IOWA
1141,2044,16,2194413.024099927,8821.00923322091,KS,KANSAS
1142,2044,17,264176.2729482944,3017.316844924165,KY,KENTUCKY
1143,2044,18,22725.362148337717,330.1099952741757,LA,LOUISIANA
1144,2044,19,224.7073003691532,4.715098641815738,ME,MAINE
1145,2044,20,0.0,0.0,MD,MARYLAND
1146,2044,21,0.0,0.0,MA,MASSACHUSETTS
1147,2044,22,33286.29369994775,321.7002581800076,MI,MICHIGAN
1148,2044,23,8196834.010762485,24997.6250302664,MN,MINNESOTA
1149,2044,24,56214.70177996743,962.8116609645818,MS,MISSISSIPPI
1150,2044,25,496238.6053996105,4076.527093059089,MO,MISSOURI
1151,2044,26,20472.840439028587,93.43246102373784,MT,MONTANA
1152,2044,27,3369955.3050583177,15723.315992622747,NE,NEBRASKA
1153,2044,28,0.0,0.0,NV,NEVADA
1154,2044,29,324.6891481587633,2.157128455174869,NH,NEW HAMPSHIRE
1155,2044,30,63.92110455058213,8.63690390300382,NJ,NEW JERSEY
1156,2044,31,51824.61072881743,734.6120017253514,NM,NEW MEXICO
1157,2044,32,10793.501570759176,435.3397663839141,NY,NEW YORK
1158,2044,33,6997.147012076667,79.00964635552616,NC,NORTH CAROLINA
1159,2044,34,450984.50547672017,2453.955549955669,ND,NORTH DAKOTA
1160,2044,35,15884.172804890844,487.8387032169229,OH,OHIO
1161,2044,36,289575.40416422265,1166.324354219718,OK,OKLAHOMA
1162,2044,37,15457.13095209824,39.18174012942866,OR,OREGON
1163,2044,38,8363.895115062829,152.75760379026968,PA,PENNSYLVANIA
1164,2044,39,0.0,0.0,RI,RHODE ISLAND
1165,2044,40,69804.86645307447,412.2478981587223,SC,SOUTH CAROLINA
1166,2044,41,3788665.345532388,15608.581668097033,SD,SOUTH DAKOTA
1167,2044,42,100828.14718362143,1375.036307841788,TN,TENNESSEE
1168,2044,43,271296.85145816806,1402.7040746717234,TX,TEXAS
1169,2044,44,5662.992232469098,322.32810933224044,UT,UTAH
1170,2044,45,1989.118574826786,23.714082351526656,VT,VERMONT
1171,2044,46,709.7729247615728,13.494067655555938,VA,VIRGINIA
1172,2044,47,27871.54942107846,162.64599309606234,WA,WASHINGTON
1173,2044,48,584.0834203270803,20.345004522977053,WV,WEST VIRGINIA
1174,2044,49,47157.599524984624,496.4667257005715,WI,WISCONSIN
1175,2044,50,25769.846102119085,345.04598054518794,WY,WYOMING
1176,2045,0,0.0,0.0,AL,ALABAMA
1177,2045,2,4219.51628876196,297.3136351479108,AZ,ARIZONA
1178,2045,3,133163.27900693312,414.2478379158847,AR,ARKANSAS
1179,2045,4,3960.5430971106985,33.53508855934275,CA,CALIFORNIA
1180,2045,5,302274.7018851497,2809.309223488064,CO,COLORADO
1181,2045,6,4.619330159749385,0.338882259575643,CT,CONNECTICUT
1182,2045,7,0.0,0.0,DE,DELAWARE
1183,2045,8,0.0,0.0,DC,DISTRICT OF COLUMBIA
1184,2045,9,319.1988333962023,6.2846601543928,FL,FLORIDA
1185,2045,10,0.0,0.0,GA,GEORGIA
1186,2045,12,612.7784265481573,20.95744718337744,ID,IDAHO
1187,2045,13,13901976.949408254,37238.52056124112,IL,ILLINOIS
1188,2045,14,398562.8676053853,3411.985436389404,IN,INDIANA
1189,2045,15,22409066.373310786,47053.37469643263,IA,IOWA
1190,2045,16,2454961.347727085,9936.710867565627,KS,KANSAS
1191,2045,17,89231.5468785875,1431.3270330247474,KY,KENTUCKY
1192,2045,18,440201.27590051666,1668.7482009531961,LA,LOUISIANA
1193,2045,19,2786.826977086079,36.82673319015706,ME,MAINE
1194,2045,20,1623.9972459420185,95.33300004975948,MD,MARYLAND
1195,2045,21,563.4628704317977,10.637698680314308,MA,MASSACHUSETTS
1196,2045,22,445313.3175686746,4432.44599117094,MI,MICHIGAN
1197,2045,23,5303971.580356691,27149.347370424483,MN,MINNESOTA
1198,2045,24,258612.31317742867,1104.1139244514022,MS,MISSISSIPPI
1199,2045,25,4646853.908501793,12518.536295021591,MO,MISSOURI
1200,2045,26,5915.541486069866,38.410883246940784,MT,MONTANA
1201,2045,27,2465640.9211049657,12686.192009399598,NE,NEBRASKA
1202,2045,28,0.0,0.0,NV,NEVADA
1203,2045,29,447.5304729592572,1.845086693166046,NH,NEW HAMPSHIRE
1204,2045,30,376.7159623650098,22.445544907182672,NJ,NEW JERSEY
1205,2045,31,25891.45716354856,377.4986637245312,NM,NEW MEXICO
1206,2045,32,19436.39809154248,411.67070239750143,NY,NEW YORK
1207,2045,33,1130.9611064882238,25.53520745238701,NC,NORTH CAROLINA
1208,2045,34,393384.6966638129,2633.4013320306303,ND,NORTH DAKOTA
1209,2045,35,152070.55437165248,2047.151701142639,OH,OHIO
1210,2045,36,224655.33901386475,1053.5911972588929,OK,OKLAHOMA
1211,2045,37,27546.912136991847,77.64526431968204,OR,OREGON
1212,2045,38,16072.328340926406,545.4491438483524,PA,PENNSYLVANIA
1213,2045,39,0.0,0.0,RI,RHODE ISLAND
1214,2045,40,2134.038996834445,82.13139876671198,SC,SOUTH CAROLINA
1215,2045,41,1259524.3044630731,10855.905801703731,SD,SOUTH DAKOTA
1216,2045,42,84249.84121677699,405.6778094386598,TN,TENNESSEE
1217,2045,43,1363579.006971349,5755.36110736028,TX,TEXAS
1218,2045,44,3140.1892018277244,180.441308297068,UT,UTAH
1219,2045,45,2592.252102226683,28.992036795943854,VT,VERMONT
1220,2045,46,42.0337593128973,1.250971291344208,VA,VIRGINIA
1221,2045,47,58929.80132746938,319.89863397142227,WA,WASHINGTON
1222,2045,48,236.39542659185295,7.415813770222535,WV,WEST VIRGINIA
1223,2045,49,2916839.914632342,14531.887464409168,WI,WISCONSIN
1224,2045,50,21145.90159431092,272.9532289090916,WY,WYOMING
1225,2046,0,417697.232760101,1519.0229960679353,AL,ALABAMA
1226,2046,2,7861.524822071377,547.0443889363244,AZ,ARIZONA
1227,2046,3,164773.28336329106,417.3698304637706,AR,ARKANSAS
1228,2046,4,7946.361973060593,74.72941654356691,CA,CALIFORNIA
1229,2046,5,344303.89750525134,3442.139187555933,CO,COLORADO
1230,2046,6,0.0,0.0,CT,CONNECTICUT
1231,2046,7,0.0,0.0,DE,DELAWARE
1232,2046,8,0.0,0.0,DC,DISTRICT OF COLUMBIA
1233,2046,9,65668.52115113285,511.0996260380878,FL,FLORIDA
1234,2046,10,138446.27290158294,1337.6973981739816,GA,GEORGIA
1235,2046,12,753.314414210196,23.623279528728823,ID,IDAHO
1236,2046,13,11425790.675971547,38046.500242788825,IL,ILLINOIS
1237,2046,14,333560.3861196553,4037.905171389401,IN,INDIANA
1238,2046,15,23524316.450543374,45087.78128239247,IA,IOWA
1239,2046,16,3564020.53966551,13166.67559233534,KS,KANSAS
1240,2046,17,792306.6600916579,4458.041683327547,KY,KENTUCKY
1241,2046,18,768369.7535597045,1836.9349339230218,LA,LOUISIANA
1242,2046,19,991.390342146812,37.29289063110949,ME,MAINE
1243,2046,20,0.0,0.0,MD,MARYLAND
1244,2046,21,0.0,0.0,MA,MASSACHUSETTS
1245,2046,22,190595.10844440883,2182.6729285446518,MI,MICHIGAN
1246,2046,23,10223301.846509738,26420.69253554174,MN,MINNESOTA
1247,2046,24,912417.340364332,2332.9659196470648,MS,MISSISSIPPI
1248,2046,25,6371299.301714495,12681.754504849428,MO,MISSOURI
1249,2046,26,18318.90066905464,74.51876309969234,MT,MONTANA
1250,2046,27,5136782.463137357,16055.961602709354,NE,NEBRASKA
1251,2046,28,0.0,0.0,NV,NEVADA
1252,2046,29,199.94311415480735,0.9250627688262868,NH,NEW HAMPSHIRE
1253,2046,30,669.229985778115,52.09180115207126,NJ,NEW JERSEY
1254,2046,31,34089.14914073868,516.2373537556169,NM,NEW MEXICO
1255,2046,32,32756.76845531981,641.8417656085057,NY,NEW YORK
1256,2046,33,4064.513579814943,88.7372781887797,NC,NORTH CAROLINA
1257,2046,34,1235636.1796791423,3634.135346028151,ND,NORTH DAKOTA
1258,2046,35,5647.150793260921,231.5219398530321,OH,OHIO
1259,2046,36,460565.0269023476,1690.3764761628297,OK,OKLAHOMA
1260,2046,37,15478.90865373857,43.67338297309685,OR,OREGON
1261,2046,38,4643.05453080111,190.1679688374485,PA,PENNSYLVANIA
1262,2046,39,0.0,0.0,RI,RHODE ISLAND
1263,2046,40,62681.5166376724,569.7220122668185,SC,SOUTH CAROLINA
1264,2046,41,5725466.2430515615,15617.971095577695,SD,SOUTH DAKOTA
1265,2046,42,755097.2937812691,3066.354061705218,TN,TENNESSEE
1266,2046,43,1964609.5512112486,8007.983765731069,TX,TEXAS
1267,2046,44,4605.262260561733,261.5661034681172,UT,UTAH
1268,2046,45,2111.5628406436117,31.72940546594325,VT,VERMONT
1269,2046,46,80.26830341456602,8.309319402761336,VA,VIRGINIA
1270,2046,47,12287.83922662594,85.63225266079245,WA,WASHINGTON
1271,2046,48,0.0401734192626113,0.044464040771484,WV,WEST VIRGINIA
1272,2046,49,2108949.2444275306,12073.213117253848,WI,WISCONSIN
1273,2046,50,28261.57819135049,342.7302864527665,WY,WYOMING
1274,2047,0,332940.91330436186,1399.5644869018083,AL,ALABAMA
1275,2047,2,6006.638148110994,420.8909807781537,AZ,ARIZONA
1276,2047,3,30018.966199689134,196.7989698666802,AR,ARKANSAS
1277,2047,4,44540.30811687741,407.9130223691742,CA,CALIFORNIA
1278,2047,5,106411.03110368636,1223.5745897396737,CO,COLORADO
1279,2047,6,0.0,0.0,CT,CONNECTICUT
1280,2047,7,17021.183839657406,253.29479129093724,DE,DELAWARE
1281,2047,8,0.0,0.0,DC,DISTRICT OF COLUMBIA
1282,2047,9,90892.39188999865,325.70445658127113,FL,FLORIDA
1283,2047,10,459285.6564227882,1740.0635148261313,GA,GEORGIA
1284,2047,12,4762.365326879558,150.00626917943893,ID,IDAHO
1285,2047,13,4206741.307674055,26834.83509808872,IL,ILLINOIS
1286,2047,14,295268.6857898616,3103.006302885423,IN,INDIANA
1287,2047,15,7219838.86917833,27870.09584889876,IA,IOWA
1288,2047,16,403184.5476268702,2138.640406795705,KS,KANSAS
1289,2047,17,235136.2842915601,2166.014348645992,KY,KENTUCKY
1290,2047,18,157408.48916566858,1181.5795311917498,LA,LOUISIANA
1291,2047,19,213.07173533033165,4.129128351182782,ME,MAINE
1292,2047,20,63169.25056874658,840.7765734517866,MD,MARYLAND
1293,2047,21,570.5747788211005,11.408136074742892,MA,MASSACHUSETTS
1294,2047,22,278853.10833771015,3158.483794130633,MI,MICHIGAN
1295,2047,23,7994296.018781261,23810.075868223183,MN,MINNESOTA
1296,2047,24,632399.2245817458,2307.9846725889365,MS,MISSISSIPPI
1297,2047,25,2389777.578514504,8344.360994479099,MO,MISSOURI
1298,2047,26,1402.5169532621258,10.20438490676006,MT,MONTANA
1299,2047,27,966894.9644709924,5873.75161323498,NE,NEBRASKA
1300,2047,28,0.0,0.0,NV,NEVADA
1301,2047,29,361.9263514889009,3.4019846232033637,NH,NEW HAMPSHIRE
1302,2047,30,9565.757894088882,118.82584828979864,NJ,NEW JERSEY
1303,2047,31,15964.605261972156,208.68744023531625,NM,NEW MEXICO
1304,2047,32,11947.301324066637,198.29496481378155,NY,NEW YORK
1305,2047,33,39000.23341238537,773.3289136846539,NC,NORTH CAROLINA
1306,2047,34,96552.60178487084,902.896385808918,ND,NORTH DAKOTA
1307,2047,35,218965.81224245045,1960.2285425485568,OH,OHIO
1308,2047,36,214555.96188182072,695.518757326192,OK,OKLAHOMA
1309,2047,37,40248.75379710083,97.52640793904146,OR,OREGON
1310,2047,38,1717.0514343760678,65.72245845717396,PA,PENNSYLVANIA
1311,2047,39,2.4895847500548083,0.4300233759351762,RI,RHODE ISLAND
1312,2047,40,129792.0908141757,855.2712793572389,SC,SOUTH CAROLINA
1313,2047,41,523651.3969703474,3745.807400782413,SD,SOUTH DAKOTA
1314,2047,42,377798.21574506897,2077.712358777315,TN,TENNESSEE
1315,2047,43,161540.6139404666,796.4688659029746,TX,TEXAS
1316,2047,44,5658.351139248058,328.4773384309009,UT,UTAH
1317,2047,45,30.134865451892928,2.529481607893585,VT,VERMONT
1318,2047,46,6610.758910941587,158.58533842427238,VA,VIRGINIA
1319,2047,47,33388.29239654581,194.01683312542443,WA,WASHINGTON
1320,2047,48,4.924805201328465,0.5145499224487693,WV,WEST VIRGINIA
1321,2047,49,3780641.024736125,15106.112861947691,WI,WISCONSIN
1322,2047,50,14744.929641141383,201.2458996096716,WY,WYOMING
1323,2048,0,229430.190409985,984.8237737606378,AL,ALABAMA
1324,2048,2,1081.4176521548025,90.33977780748052,AZ,ARIZONA
1325,2048,3,92394.00440024646,336.11789587763667,AR,ARKANSAS
1326,2048,4,38926.391745901245,367.44455157159416,CA,CALIFORNIA
1327,2048,5,302263.15709607635,3273.032743170269,CO,COLORADO
1328,2048,6,0.0,0.0,CT,CONNECTICUT
1329,2048,7,0.0,0.0,DE,DELAWARE
1330,2048,8,0.0,0.0,DC,DISTRICT OF COLUMBIA
1331,2048,9,264837.00957258197,761.8023039024748,FL,FLORIDA
1332,2048,10,551665.5886681422,1452.586051705788,GA,GEORGIA
1333,2048,12,1575.986302020394,49.38610136967846,ID,IDAHO
1334,2048,13,2715332.146746845,19158.359896215952,IL,ILLINOIS
1335,2048,14,323699.55618729733,3864.065867768364,IN,INDIANA
1336,2048,15,982633.2498008526,7255.837849576443,IA,IOWA
1337,2048,16,1751963.009370281,6303.005432940556,KS,KANSAS
1338,2048,17,107894.28522332969,1177.2322617712948,KY,KENTUCKY
1339,2048,18,698318.4188288476,1811.0811631548384,LA,LOUISIANA
1340,2048,19,1908.167971999308,60.50312257491917,ME,MAINE
1341,2048,20,0.0,0.0,MD,MARYLAND
1342,2048,21,154.42821365256916,4.800197160461089,MA,MASSACHUSETTS
1343,2048,22,8065.876870687073,78.64094863781305,MI,MICHIGAN
1344,2048,23,69475.07131377397,650.0689683627185,MN,MINNESOTA
1345,2048,24,542889.3237589977,2162.307719234552,MS,MISSISSIPPI
1346,2048,25,505320.6297229436,4956.742537556162,MO,MISSOURI
1347,2048,26,2347.8887543039355,15.73652661557967,MT,MONTANA
1348,2048,27,1138882.1778884237,6763.328323367161,NE,NEBRASKA
1349,2048,28,0.0,0.0,NV,NEVADA
1350,2048,29,92.88407321019277,1.3875232297033846,NH,NEW HAMPSHIRE
1351,2048,30,0.0,0.0,NJ,NEW JERSEY
1352,2048,31,20825.57230914604,378.6466844776452,NM,NEW MEXICO
1353,2048,32,5191.289695074531,144.15403290209204,NY,NEW YORK
1354,2048,33,163621.37562615093,1592.4848385295577,NC,NORTH CAROLINA
1355,2048,34,395627.6301927461,2222.7469312233325,ND,NORTH DAKOTA
1356,2048,35,6502.092722614617,110.70636715471876,OH,OHIO
1357,2048,36,280942.37072562496,1021.9646356798236,OK,OKLAHOMA
1358,2048,37,8391.575337930524,19.059322377233244,OR,OREGON
1359,2048,38,2339.695217684298,36.45120097495803,PA,PENNSYLVANIA
1360,2048,39,104.21646074996951,7.0520673458568695,RI,RHODE ISLAND
1361,2048,40,215731.1539546324,1005.0159313446547,SC,SOUTH CAROLINA
1362,2048,41,1179034.6017334429,5218.191434456714,SD,SOUTH DAKOTA
1363,2048,42,309504.725807458,1677.387226301698,TN,TENNESSEE
1364,2048,43,1603931.5964912302,6803.668614409991,TX,TEXAS
1365,2048,44,4721.226155297893,268.6633174204718,UT,UTAH
1366,2048,45,2849.6916588102727,49.43681751710295,VT,VERMONT
1367,2048,46,7630.985329536663,137.78960846684882,VA,VIRGINIA
1368,2048,47,2690.016229814661,15.57583832961872,WA,WASHINGTON
1369,2048,48,0.0,0.0,WV,WEST VIRGINIA
1370,2048,49,51483.73136369309,547.6463142093589,WI,WISCONSIN
1371,2048,50,8870.043333556021,191.88510660474105,WY,WYOMING
1372,2049,0,32710.31929806911,153.3027221125345,AL,ALABAMA
1373,2049,2,6528.547110447097,459.9237370214192,AZ,ARIZONA
1374,2049,3,65503.49910951533,178.74872039165157,AR,ARKANSAS
1375,2049,4,30521.101099870008,275.2684710659876,CA,CALIFORNIA
1376,2049,5,225001.26165780617,2105.184353895007,CO,COLORADO
1377,2049,6,0.0,0.0,CT,CONNECTICUT
1378,2049,7,0.0,0.0,DE,DELAWARE
1379,2049,8,0.0,0.0,DC,DISTRICT OF COLUMBIA
1380,2049,9,161.73165443724005,5.265330488149174,FL,FLORIDA
1381,2049,10,26470.05079553864,112.08726523977371,GA,GEORGIA
1382,2049,12,224.25774158617352,7.077974350188739,ID,IDAHO
1383,2049,13,1127619.4239001814,10375.751326764295,IL,ILLINOIS
1384,2049,14,109927.36121128323,1258.754920074028,IN,INDIANA
1385,2049,15,2629563.328669257,12324.574307303616,IA,IOWA
1386,2049,16,2098869.1769464137,8655.961638215853,KS,KANSAS
1387,2049,17,135734.27515716047,2440.9602350622868,KY,KENTUCKY
1388,2049,18,732083.2656530059,1759.3729957837745,LA,LOUISIANA
1389,2049,19,1598.8872581332794,46.364719364974206,ME,MAINE
1390,2049,20,2922.5154130146825,121.87548870460644,MD,MARYLAND
1391,2049,21,0.0,0.0,MA,MASSACHUSETTS
1392,2049,22,6892.324880921224,66.92454628136436,MI,MICHIGAN
1393,2049,23,1676175.414026769,13433.637790095196,MN,MINNESOTA
1394,2049,24,320543.37365379406,1065.0554257160366,MS,MISSISSIPPI
1395,2049,25,1426733.4225441618,7699.9728835485985,MO,MISSOURI
1396,2049,26,3324.850587395804,16.4745416071297,MT,MONTANA
1397,2049,27,1097729.6122379426,6338.816752196672,NE,NEBRASKA
1398,2049,28,0.0,0.0,NV,NEVADA
1399,2049,29,400.7523349581729,1.3786354198242985,NH,NEW HAMPSHIRE
1400,2049,30,0.0,0.0,NJ,NEW JERSEY
1401,2049,31,55775.04012759106,778.2634999926736,NM,NEW MEXICO
1402,2049,32,3245.3811257657103,64.27618609374046,NY,NEW YORK
1403,2049,33,1299.056405917593,13.8007398419884,NC,NORTH CAROLINA
1404,2049,34,1122.2890626961778,11.578217005294963,ND,NORTH DAKOTA
1405,2049,35,5394.983894655039,206.91297707168425,OH,OHIO
1406,2049,36,401147.15797365794,1372.3445914362171,OK,OKLAHOMA
1407,2049,37,29638.69615034903,80.20140119948658,OR,OREGON
1408,2049,38,3024.249404431662,152.46471730993446,PA,PENNSYLVANIA
1409,2049,39,0.0,0.0,RI,RHODE ISLAND
1410,2049,40,0.0,0.0,SC,SOUTH CAROLINA
1411,2049,41,733410.4597774107,5589.3883369187615,SD,SOUTH DAKOTA
1412,2049,42,182035.01176725517,1364.6738882816155,TN,TENNESSEE
1413,2049,43,1823967.089323185,7468.992090705644,TX,TEXAS
1414,2049,44,4525.407104143882,260.02850558256364,UT,UTAH
1415,2049,45,2823.9671029713472,26.1256503202622,VT,VERMONT
1416,2049,46,2104.9675655012006,74.40532775376477,VA,VIRGINIA
1417,2049,47,23205.114482922243,114.9765393177506,WA,WASHINGTON
1418,2049,48,5614.5620085893215,124.08302933344032,WV,WEST VIRGINIA
1419,2049,49,64662.97001627751,693.1637355135656,WI,WISCONSIN
1420,2049,50,5528.617451071133,67.49617590278076,WY,WYOMING
1421,2050,0,35507.20933674335,453.2948453162862,AL,ALABAMA
1422,2050,2,5275.309069638635,378.6001306380837,AZ,ARIZONA
1423,2050,3,89539.27207541498,337.96068759994967,AR,ARKANSAS
1424,2050,4,4437.910423925077,60.78294306735316,CA,CALIFORNIA
1425,2050,5,161135.30581596453,1500.1555713591874,CO,COLORADO
1426,2050,6,0.0,0.0,CT,CONNECTICUT
1427,2050,7,4169.145160467232,91.90782140516964,DE,DELAWARE
1428,2050,8,0.0,0.0,DC,DISTRICT OF COLUMBIA
1429,2050,9,65985.47934352259,415.268938040411,FL,FLORIDA
1430,2050,10,193993.68255133228,1027.6598943367767,GA,GEORGIA
1431,2050,12,1071.9686528707048,32.86326584655812,ID,IDAHO
1432,2050,13,747866.0824722574,9673.227011335268,IL,ILLINOIS
1433,2050,14,204112.05970996927,3110.557601105152,IN,INDIANA
1434,2050,15,0.0,0.0,IA,IOWA
1435,2050,16,606300.7787667061,2577.763664294649,KS,KANSAS
1436,2050,17,489857.58232825977,4099.267630874239,KY,KENTUCKY
1437,2050,18,522834.31209926127,1688.7294420134679,LA,LOUISIANA
1438,2050,19,349.98728854625193,6.989681729929124,ME,MAINE
1439,2050,20,32217.096754871767,554.2776257770693,MD,MARYLAND
1440,2050,21,224.5879091635533,4.998393959575884,MA,MASSACHUSETTS
1441,2050,22,47233.572924526,734.2433903384068,MI,MICHIGAN
1442,2050,23,86807.36326510806,630.8175431458321,MN,MINNESOTA
1443,2050,24,322012.3856495116,1423.3241112825128,MS,MISSISSIPPI
1444,2050,25,190529.68272875188,1937.2708022498064,MO,MISSOURI
1445,2050,26,2432.0129888574043,19.016118499640317,MT,MONTANA
1446,2050,27,19158.439331632537,140.00393958522957,NE,NEBRASKA
1447,2050,28,0.0,0.0,NV,NEVADA
1448,2050,29,366.0005893471412,2.425696659263959,NH,NEW HAMPSHIRE
1449,2050,30,2047.3162237677277,105.93833355033362,NJ,NEW JERSEY
1450,2050,31,15659.32108095536,237.35841343364297,NM,NEW MEXICO
1451,2050,32,13900.092382338344,294.83355350288014,NY,NEW YORK
1452,2050,33,237970.83492822992,1945.4600114451412,NC,NORTH CAROLINA
1453,2050,34,10457.444687185443,82.83000537838787,ND,NORTH DAKOTA
1454,2050,35,14487.805327606857,368.2457199197054,OH,OHIO
1455,2050,36,262970.5410883876,970.114671928017,OK,OKLAHOMA
1456,2050,37,11183.092559535196,25.454911371565583,OR,OREGON
1457,2050,38,10170.277945591684,325.3781000077157,PA,PENNSYLVANIA
1458,2050,39,0.0,0.0,RI,RHODE ISLAND
1459,2050,40,244395.01616642627,1357.149917621343,SC,SOUTH CAROLINA
1460,2050,41,27814.404817642357,705.9097385780717,SD,SOUTH DAKOTA
1461,2050,42,408356.9908496797,2831.635503221146,TN,TENNESSEE
1462,2050,43,213967.8467360338,1265.8637220660491,TX,TEXAS
1463,2050,44,4904.86202209604,284.7257662888064,UT,UTAH
1464,2050,45,1289.217901364857,13.437873681756304,VT,VERMONT
1465,2050,46,40073.34611631249,632.1383338329244,VA,VIRGINIA
1466,2050,47,12035.116459652194,93.76092165059258,WA,WASHINGTON
1467,2050,48,3611.304033907066,63.52615075420778,WV,WEST VIRGINIA
1468,2050,49,65642.37158430443,937.4277941748616,WI,WISCONSIN
1469,2050,50,4063.481363353673,49.25070066515524,WY,WYOMING
1470,2051,0,578350.6179028356,1654.8994470129096,AL,ALABAMA
1471,2051,2,7633.754129310785,531.6304391303001,AZ,ARIZONA
1472,2051,3,134937.13466114417,380.9833474238323,AR,ARKANSAS
1473,2051,4,4478.997685732203,37.757623188245006,CA,CALIFORNIA
1474,2051,5,305172.23515755055,2830.759288832926,CO,COLORADO
1475,2051,6,0.0,0.0,CT,CONNECTICUT
1476,2051,7,615.0919449284372,24.60962615396445,DE,DELAWARE
1477,2051,8,0.0,0.0,DC,DISTRICT OF COLUMBIA
1478,2051,9,329313.6865321582,763.0139353186523,FL,FLORIDA
1479,2051,10,727099.7428767029,1758.3019749161151,GA,GEORGIA
1480,2051,12,491.3391323261867,15.23064793307364,ID,IDAHO
1481,2051,13,7597358.929669579,31779.388701754877,IL,ILLINOIS
1482,2051,14,2004543.0581236256,15143.200924898498,IN,INDIANA
1483,2051,15,5677717.302368449,22828.68991328398,IA,IOWA
1484,2051,16,2843552.813369016,11176.102121557782,KS,KANSAS
1485,2051,17,815748.510230112,4971.635865035543,KY,KENTUCKY
1486,2051,18,825008.8560387052,1668.0961745517072,LA,LOUISIANA
1487,2051,19,260.1408590712361,5.455978018381377,ME,MAINE
1488,2051,20,0.0,0.0,MD,MARYLAND
1489,2051,21,132.7353291627548,2.200842167607312,MA,MASSACHUSETTS
1490,2051,22,183272.0873297919,2237.9821703982184,MI,MICHIGAN
1491,2051,23,414861.6201941968,2216.623533677609,MN,MINNESOTA
1492,2051,24,1047436.6188511258,2291.2480141300057,MS,MISSISSIPPI
1493,2051,25,2402988.0875634337,10703.261058912758,MO,MISSOURI
1494,2051,26,243.53226871197975,1.3767814907147151,MT,MONTANA
1495,2051,27,958394.2294871924,5247.72622364678,NE,NEBRASKA
1496,2051,28,0.0,0.0,NV,NEVADA
1497,2051,29,297.7521973440122,1.5023259540147127,NH,NEW HAMPSHIRE
1498,2051,30,0.0,0.0,NJ,NEW JERSEY
1499,2051,31,70134.69228846807,910.6470535065118,NM,NEW MEXICO
1500,2051,32,2362.4710613121665,43.38638969142552,NY,NEW YORK
1501,2051,33,977726.4249279884,3746.2187161473503,NC,NORTH CAROLINA
1502,2051,34,2189.368201701563,10.726113302637064,ND,NORTH DAKOTA
1503,2051,35,383950.4295195584,5032.028723589854,OH,OHIO
1504,2051,36,501826.5654391184,1812.4473271140985,OK,OKLAHOMA
1505,2051,37,6935.265651049342,15.66873566801304,OR,OREGON
1506,2051,38,7341.559160110702,152.25507655247532,PA,PENNSYLVANIA
1507,2051,39,0.0,0.0,RI,RHODE ISLAND
1508,2051,40,508574.3871147031,1714.7040887753983,SC,SOUTH CAROLINA
1509,2051,41,208754.38467354007,1061.5530695805444,SD,SOUTH DAKOTA
1510,2051,42,777397.2324191299,3012.836745767297,TN,TENNESSEE
1511,2051,43,1966196.440717339,8056.7917503325025,TX,TEXAS
1512,2051,44,1834.4453026439364,108.69669491445488,UT,UTAH
1513,2051,45,0.0,0.0,VT,VERMONT
1514,2051,46,117136.64951051991,556.6129584325646,VA,VIRGINIA
1515,2051,47,429.48134712510745,1.8796051579602304,WA,WASHINGTON
1516,2051,48,482.0575177336527,9.913345485116764,WV,WEST VIRGINIA
1517,2051,49,387685.2748728065,5165.139143605101,WI,WISCONSIN
1518,2051,50,13436.91007979697,163.09472915109603,WY,WYOMING
1519,2052,0,205798.08240146763,1163.4197500795185,AL,ALABAMA
1520,2052,2,7102.676780561423,516.5983310952035,AZ,ARIZONA
1521,2052,3,181327.0796091939,412.7759831690612,AR,ARKANSAS
1522,2052,4,25790.24334832268,248.0279714527324,CA,CALIFORNIA
1523,2052,5,419265.21052374656,3718.308750203201,CO,COLORADO
1524,2052,6,30.308128004258016,2.248938478577853,CT,CONNECTICUT
1525,2052,7,8582.886036219377,388.4085353910707,DE,DELAWARE
1526,2052,8,0.0,0.0,DC,DISTRICT OF COLUMBIA
1527,2052,9,3017.1212811259606,116.84525778347725,FL,FLORIDA
1528,2052,10,69389.93014324186,641.7203003617155,GA,GEORGIA
1529,2052,12,4114.784591035978,128.6841071260122,ID,IDAHO
1530,2052,13,20321843.366730623,39713.267160216434,IL,ILLINOIS
1531,2052,14,4910786.136200747,21423.73776949008,IN,INDIANA
1532,2052,15,22270555.79920424,44849.25909395545,IA,IOWA
1533,2052,16,3461073.749282232,13099.704803407654,KS,KANSAS
1534,2052,17,871266.7952518066,5328.900345509623,KY,KENTUCKY
1535,2052,18,521556.491098437,1414.896316858201,LA,LOUISIANA
1536,2052,19,150.99793809519684,5.680752234498474,ME,MAINE
1537,2052,20,22335.94408682185,711.4154509020821,MD,MARYLAND
1538,2052,21,356.72288350797254,6.885748539252495,MA,MASSACHUSETTS
1539,2052,22,1727334.3055401524,9597.752154229322,MI,MICHIGAN
1540,2052,23,6867665.210509134,26614.817367276148,MN,MINNESOTA
1541,2052,24,662314.1037039191,1946.3662819158835,MS,MISSISSIPPI
1542,2052,25,5836938.731449729,12697.297666901108,MO,MISSOURI
1543,2052,26,22356.26390397427,94.21788416083578,MT,MONTANA
1544,2052,27,4289299.803436892,15093.088348926229,NE,NEBRASKA
1545,2052,28,0.0,0.0,NV,NEVADA
1546,2052,29,262.2333409291959,2.108123749044143,NH,NEW HAMPSHIRE
1547,2052,30,1187.6279912772936,53.40832434968869,NJ,NEW JERSEY
1548,2052,31,68786.14213740436,865.3696487145531,NM,NEW MEXICO
1549,2052,32,49466.06544456677,770.6898085893798,NY,NEW YORK
1550,2052,33,49238.68626250365,1074.3643242239682,NC,NORTH CAROLINA
1551,2052,34,379556.528651629,2551.8159703361225,ND,NORTH DAKOTA
1552,2052,35,829129.373108233,7310.768191772919,OH,OHIO
1553,2052,36,483434.3326805604,1794.6788678727642,OK,OKLAHOMA
1554,2052,37,37691.2460656359,85.52504322275823,OR,OREGON
1555,2052,38,7996.358348357554,159.98233457786856,PA,PENNSYLVANIA
1556,2052,39,0.0,0.0,RI,RHODE ISLAND
1557,2052,40,213825.8973864388,1652.8885483660174,SC,SOUTH CAROLINA
1558,2052,41,3903386.813534456,15094.279950539778,SD,SOUTH DAKOTA
1559,2052,42,783030.378959277,2908.298622804488,TN,TENNESSEE
1560,2052,43,972615.272148231,4919.355961466396,TX,TEXAS
1561,2052,44,5640.254438708446,324.2749338925033,UT,UTAH
1562,2052,45,510.65460102953455,12.26959757951665,VT,VERMONT
1563,2052,46,42640.981277868574,966.1842466872464,VA,VIRGINIA
1564,2052,47,3685.967088003116,17.704611812919016,WA,WASHINGTON
1565,2052,48,2517.7803722150443,55.98182240183729,WV,WEST VIRGINIA
1566,2052,49,4709835.36420917,14944.946725949663,WI,WISCONSIN
1567,2052,50,26648.25549814848,344.153921645334,WY,WYOMING
1568,2053,0,2655.5270396976,100.72681571171314,AL,ALABAMA
1569,2053,2,4414.60049583639,326.001790683467,AZ,ARIZONA
1570,2053,3,17317.79174040548,88.95235617206964,AR,ARKANSAS
1571,2053,4,42159.4402280621,398.7325167303024,CA,CALIFORNIA
1572,2053,5,355655.2792431376,3095.712660152553,CO,COLORADO
1573,2053,6,0.0,0.0,CT,CONNECTICUT
1574,2053,7,2024.92400224993,63.55645395730988,DE,DELAWARE
1575,2053,8,0.0,0.0,DC,DISTRICT OF COLUMBIA
1576,2053,9,43.60226135199534,1.1478285762897287,FL,FLORIDA
1577,2053,10,65.40508418672124,7.390691822260662,GA,GEORGIA
1578,2053,12,5202.277695517037,162.9303037222971,ID,IDAHO
1579,2053,13,889670.1801367098,9394.553014132827,IL,ILLINOIS
1580,2053,14,285079.4278196993,3640.320775428477,IN,INDIANA
1581,2053,15,3980540.208555662,11326.731229358837,IA,IOWA
1582,2053,16,2212632.4009104315,8701.678524423289,KS,KANSAS
1583,2053,17,89411.87441281296,1010.055714262343,KY,KENTUCKY
1584,2053,18,176633.80722976662,812.8372068420483,LA,LOUISIANA
1585,2053,19,524.0961978895522,10.335085263658382,ME,MAINE
1586,2053,20,285.9070992201434,52.76249083131107,MD,MARYLAND
1587,2053,21,246.8778928331608,6.624928620465043,MA,MASSACHUSETTS
1588,2053,22,29814.97182733543,253.3232637127069,MI,MICHIGAN
1589,2053,23,1511816.6323508034,9003.36159662415,MN,MINNESOTA
1590,2053,24,137041.80826926636,732.2465872227303,MS,MISSISSIPPI
1591,2053,25,584716.6575871789,2887.001497238905,MO,MISSOURI
1592,2053,26,11012.959293473514,49.14677747006206,MT,MONTANA
1593,2053,27,3302645.577749976,11794.248730850652,NE,NEBRASKA
1594,2053,28,0.0,0.0,NV,NEVADA
1595,2053,29,43.94058263235421,1.561291577489449,NH,NEW HAMPSHIRE
1596,2053,30,2804.566911154631,174.22254203526737,NJ,NEW JERSEY
1597,2053,31,40769.45993850925,660.9392127722592,NM,NEW MEXICO
1598,2053,32,9117.44019789682,71.1485649260991,NY,NEW YORK
1599,2053,33,1957.003702566061,64.31480061339116,NC,NORTH CAROLINA
1600,2053,34,43711.9417877835,344.3610643793644,ND,NORTH DAKOTA
1601,2053,35,3278.752499662693,152.7091788040807,OH,OHIO
1602,2053,36,325960.7272350336,1243.780819246137,OK,OKLAHOMA
1603,2053,37,51713.01937428968,136.11004503464113,OR,OREGON
1604,2053,38,1372.3071963090763,151.28751317712226,PA,PENNSYLVANIA
1605,2053,39,6.043811707500887,0.4300723380781167,RI,RHODE ISLAND
1606,2053,40,0.0,0.0,SC,SOUTH CAROLINA
1607,2053,41,1916495.2365794957,6618.419186395204,SD,SOUTH DAKOTA
1608,2053,42,33898.25113353507,469.3985488795496,TN,TENNESSEE
1609,2053,43,1404363.430478195,6175.100559925551,TX,TEXAS
1610,2053,44,5052.403409526627,293.7441016736368,UT,UTAH
1611,2053,45,1220.3916514657662,9.4889970381475,VT,VERMONT
1612,2053,46,1090.8797430090638,11.933974568602292,VA,VIRGINIA
1613,2053,47,45810.31209121878,259.62823923513656,WA,WASHINGTON
1614,2053,48,0.0,0.0,WV,WEST VIRGINIA
1615,2053,49,224241.8871858469,2708.880765300726,WI,WISCONSIN
1616,2053,50,25971.35189898527,301.857638721624,WY,WYOMING
1617,2054,0,12438.089537766444,62.78238385990005,AL,ALABAMA
1618,2054,2,3577.3504881226563,260.7865798691437,AZ,ARIZONA
1619,2054,3,5014.693540924244,35.24569844669976,AR,ARKANSAS
1620,2054,4,46178.696115073646,451.2108927387754,CA,CALIFORNIA
1621,2054,5,275393.4621650154,2859.5989820664627,CO,COLORADO
1622,2054,6,0.0,0.0,CT,CONNECTICUT
1623,2054,7,1481.243343614682,27.34575329474123,DE,DELAWARE
1624,2054,8,0.0,0.0,DC,DISTRICT OF COLUMBIA
1625,2054,9,49380.06949103071,383.36127462086137,FL,FLORIDA
1626,2054,10,176613.40944230842,710.0867686070385,GA,GEORGIA
1627,2054,12,4178.783812860617,144.22581947788817,ID,IDAHO
1628,2054,13,1203880.8610294643,13682.19273116706,IL,ILLINOIS
1629,2054,14,41705.21841360601,852.8986573822021,IN,INDIANA
1630,2054,15,6812693.758233074,27554.06181674916,IA,IOWA
1631,2054,16,2385022.804646896,9188.102903663,KS,KANSAS
1632,2054,17,5455.83515258928,169.17925045276206,KY,KENTUCKY
1633,2054,18,73620.49216680808,614.9962102595375,LA,LOUISIANA
1634,2054,19,116.5760018621203,1.8789747826559091,ME,MAINE
1635,2054,20,1692.4629288492786,75.75362127042968,MD,MARYLAND
1636,2054,21,0.0,0.0,MA,MASSACHUSETTS
1637,2054,22,3886.5300494430217,17.216963871709748,MI,MICHIGAN
1638,2054,23,581557.1599176337,4465.285957974021,MN,MINNESOTA
1639,2054,24,58514.24070111621,439.3387517492356,MS,MISSISSIPPI
1640,2054,25,2179804.716023559,9353.883649051617,MO,MISSOURI
1641,2054,26,1137.1601870714794,8.610143286782932,MT,MONTANA
1642,2054,27,2464457.490711033,11270.430420557346,NE,NEBRASKA
1643,2054,28,0.0,0.0,NV,NEVADA
1644,2054,29,0.0,0.0,NH,NEW HAMPSHIRE
1645,2054,30,0.0,0.0,NJ,NEW JERSEY
1646,2054,31,48108.80850234366,795.8712955532183,NM,NEW MEXICO
1647,2054,32,2.853827003205028,0.4166470759851018,NY,NEW YORK
1648,2054,33,125599.53698567036,1110.2913445214044,NC,NORTH CAROLINA
1649,2054,34,3194.7136454022334,9.952766558399116,ND,NORTH DAKOTA
1650,2054,35,1383.176017938226,11.561139484975367,OH,OHIO
1651,2054,36,326551.3070435171,1183.132566443254,OK,OKLAHOMA
1652,2054,37,47434.68424579391,116.41221016216308,OR,OREGON
1653,2054,38,0.0389439634987122,0.0028656593197879,PA,PENNSYLVANIA
1654,2054,39,0.0,0.0,RI,RHODE ISLAND
1655,2054,40,13329.484487317026,102.21169059233232,SC,SOUTH CAROLINA
1656,2054,41,978916.5524869856,6368.697514813304,SD,SOUTH DAKOTA
1657,2054,42,30574.601952504643,343.69286030762777,TN,TENNESSEE
1658,2054,43,608960.6493490844,2923.5470683868352,TX,TEXAS
1659,2054,44,5267.8623548162,306.01246198046385,UT,UTAH
1660,2054,45,0.0,0.0,VT,VERMONT
1661,2054,46,14330.8467926238,344.2868515620469,VA,VIRGINIA
1662,2054,47,46188.30168911288,226.25499545862272,WA,WASHINGTON
1663,2054,48,0.0,0.0,WV,WEST VIRGINIA
1664,2054,49,11552.166871251347,224.19525209542329,WI,WISCONSIN
1665,2054,50,1400.8551340536117,17.611189917503857,WY,WYOMING
1666,2055,0,79832.18779621861,891.8944911685369,AL,ALABAMA
1667,2055,2,3470.592426331536,258.26932234637013,AZ,ARIZONA
1668,2055,3,800.584647527367,10.29452656557733,AR,ARKANSAS
1669,2055,4,34317.77551189253,319.41325395448763,CA,CALIFORNIA
1670,2055,5,72690.5547442997,1136.0773980320537,CO,COLORADO
1671,2055,6,0.0,0.0,CT,CONNECTICUT
1672,2055,7,906.792740604684,97.08285646234312,DE,DELAWARE
1673,2055,8,0.0,0.0,DC,DISTRICT OF COLUMBIA
1674,2055,9,176820.8850273908,653.7514359001705,FL,FLORIDA
1675,2055,10,269715.3755503274,1152.5289924272631,GA,GEORGIA
1676,2055,12,4399.004621722289,138.7264755194226,ID,IDAHO
1677,2055,13,96032.52010526707,4283.756708814813,IL,ILLINOIS
1678,2055,14,35140.4710080966,2425.022195796143,IN,INDIANA
1679,2055,15,2708543.025049509,19856.381374260774,IA,IOWA
1680,2055,16,979815.6728314206,4633.509795876203,KS,KANSAS
1681,2055,17,6630.835852970613,216.18732751086293,KY,KENTUCKY
1682,2055,18,4090.7294967258736,83.42201067348073,LA,LOUISIANA
1683,2055,19,69.44156294637142,2.436407241508077,ME,MAINE
1684,2055,20,40.266573210653455,18.918216531690213,MD,MARYLAND
1685,2055,21,266.37742297938087,4.482553646401575,MA,MASSACHUSETTS
1686,2055,22,17892.414756303653,240.50001929684237,MI,MICHIGAN
1687,2055,23,810209.9839372702,9566.484353156424,MN,MINNESOTA
1688,2055,24,71065.96445451591,627.5074591253086,MS,MISSISSIPPI
1689,2055,25,27768.850976789818,1023.1726185303602,MO,MISSOURI
1690,2055,26,2412.042167129374,17.909469575537514,MT,MONTANA
1691,2055,27,686125.7260734733,5346.536051335648,NE,NEBRASKA
1692,2055,28,0.0,0.0,NV,NEVADA
1693,2055,29,0.0,0.0,NH,NEW HAMPSHIRE
1694,2055,30,0.0,0.0,NJ,NEW JERSEY
1695,2055,31,22470.323426843548,316.8409725995251,NM,NEW MEXICO
1696,2055,32,8197.111468493586,80.12282505774763,NY,NEW YORK
1697,2055,33,27910.307738781517,307.19325314942955,NC,NORTH CAROLINA
1698,2055,34,35630.77685379651,210.26291907848952,ND,NORTH DAKOTA
1699,2055,35,4556.899526361314,144.26504772192268,OH,OHIO
1700,2055,36,116485.71828377328,449.7897262409883,OK,OKLAHOMA
1701,2055,37,50870.20329953577,132.68092292533015,OR,OREGON
1702,2055,38,1218.421808768147,37.14817506696546,PA,PENNSYLVANIA
1703,2055,39,0.0,0.0,RI,RHODE ISLAND
1704,2055,40,139026.7234192441,840.1074307965757,SC,SOUTH CAROLINA
1705,2055,41,752914.856352556,6646.685665953781,SD,SOUTH DAKOTA
1706,2055,42,37455.7550272069,488.2969425888572,TN,TENNESSEE
1707,2055,43,28634.450486585847,179.7587740988655,TX,TEXAS
1708,2055,44,5122.849719707723,296.81808664446,UT,UTAH
1709,2055,45,1009.0847007852668,9.422746339388263,VT,VERMONT
1710,2055,46,244.19021847691417,8.588886559444585,VA,VIRGINIA
1711,2055,47,57209.41372537594,282.5958832782869,WA,WASHINGTON
1712,2055,48,0.0,0.0,WV,WEST VIRGINIA
1713,2055,49,51673.58358504421,654.1650562562893,WI,WISCONSIN
1714,2055,50,914.8210342666172,12.35591209537368,WY,WYOMING
