,Year,state_id,Production_Loss(ton),Area_Loss(km^2),State_Code,State_Name
0,2021,0,519446.9420758266,1773.601392383274,AL,ALABAMA
1,2021,2,187.70697721337012,16.97735802747954,AZ,ARIZONA
2,2021,3,31883.37508827837,314.7870683766637,AR,ARKANSAS
3,2021,4,10084.735510850362,114.71531685596013,CA,CALIFORNIA
4,2021,5,271838.07393350994,2767.818996346464,CO,COLORADO
5,2021,6,3946.467798486107,87.99391818762054,CT,CONNECTICUT
6,2021,7,3215.120974726581,42.750040386651264,DE,DELAWARE
7,2021,8,0.0,0.0,DC,DISTRICT OF COLUMBIA
8,2021,9,312088.47680511593,682.8496375502191,FL,FLORIDA
9,2021,10,970916.0408964282,2136.775081232877,GA,GEORGIA
10,2021,12,2193.108567054437,77.36565802140566,ID,IDAHO
11,2021,13,8263178.207926077,37165.88684344274,IL,ILLINOIS
12,2021,14,1322210.2130431992,21242.86491484356,IN,INDIANA
13,2021,15,30834703.757341933,56528.1458814361,IA,IOWA
14,2021,16,2069468.666815039,8165.471694996357,KS,KANSAS
15,2021,17,798488.9090032136,6436.257977740313,KY,KENTUCKY
16,2021,18,236362.36957282474,1459.826154606755,LA,LOUISIANA
17,2021,19,3344.6274113201343,77.6486033632187,ME,MAINE
18,2021,20,231502.1909506866,1502.8357814093222,MD,MARYLAND
19,2021,21,11365.475147756366,149.56216277784168,MA,MASSACHUSETTS
20,2021,22,1260894.319843453,9929.230208181223,MI,MICHIGAN
21,2021,23,16829133.391425245,32782.610832662074,MN,MINNESOTA
22,2021,24,656845.5630876608,2452.346743288468,MS,MISSISSIPPI
23,2021,25,3391050.0857532853,12736.087316960056,MO,MISSOURI
24,2021,26,11045.731402033132,58.357394780221554,MT,MONTANA
25,2021,27,5017082.024852384,19125.999986990373,NE,NEBRASKA
26,2021,28,0.0,0.0,NV,NEVADA
27,2021,29,536.737092684534,13.358545103820235,NH,NEW HAMPSHIRE
28,2021,30,21309.46862190341,341.86309313248,NJ,NEW JERSEY
29,2021,31,6055.576423188418,108.94382382912042,NM,NEW MEXICO
30,2021,32,354594.53648071934,4448.522423440903,NY,NEW YORK
31,2021,33,279841.16185558,2326.82069172112,NC,NORTH CAROLINA
32,2021,34,1191861.3641553365,4121.770225668107,ND,NORTH DAKOTA
33,2021,35,1118937.7018645732,12572.73153679276,OH,OHIO
34,2021,36,144489.48460540318,597.1169909827656,OK,OKLAHOMA
35,2021,37,39603.72663239113,111.4615875136818,OR,OREGON
36,2021,38,443615.4670967264,3799.064764856033,PA,PENNSYLVANIA
37,2021,39,2572.454169439752,32.17486462939287,RI,RHODE ISLAND
38,2021,40,460568.7115240535,1912.350405361129,SC,SOUTH CAROLINA
39,2021,41,6622042.018836899,18157.299304999848,SD,SOUTH DAKOTA
40,2021,42,431877.3258014008,3077.965956537499,TN,TENNESSEE
41,2021,43,153461.6490425937,727.667095690827,TX,TEXAS
42,2021,44,2238.183413529551,132.0530743186311,UT,UTAH
43,2021,45,7335.518617449705,85.41723473501685,VT,VERMONT
44,2021,46,111367.52117108724,1608.4206770981575,VA,VIRGINIA
45,2021,47,101005.2846589327,540.6804428004913,WA,WASHINGTON
46,2021,48,27696.002662921863,344.61332988157204,WV,WEST VIRGINIA
47,2021,49,4040804.889549024,18216.291362874945,WI,WISCONSIN
48,2021,50,14116.95271559383,180.9230836228024,WY,WYOMING
49,2022,0,106080.17519504704,771.2332799301546,AL,ALABAMA
50,2022,2,2242.639270899685,180.5301553279796,AZ,ARIZONA
51,2022,3,22219.016336161974,129.4095704709245,AR,ARKANSAS
52,2022,4,2540.5279038811696,27.59148757203763,CA,CALIFORNIA
53,2022,5,130351.01284101336,1579.344801599339,CO,COLORADO
54,2022,6,6751.104668467598,98.04832840702534,CT,CONNECTICUT
55,2022,7,878.8876382810464,37.79481209115335,DE,DELAWARE
56,2022,8,0.0,0.0,DC,DISTRICT OF COLUMBIA
57,2022,9,5185.247753405837,45.857430944070884,FL,FLORIDA
58,2022,10,16251.459052776609,196.29901300497843,GA,GEORGIA
59,2022,12,258.50611927614983,8.774850995361877,ID,IDAHO
60,2022,13,8000756.86621636,38437.50629822019,IL,ILLINOIS
61,2022,14,1741996.25780058,16437.615797255796,IN,INDIANA
62,2022,15,3261586.591540773,14814.864878895682,IA,IOWA
63,2022,16,582585.9864485994,2830.8502721696777,KS,KANSAS
64,2022,17,571450.8949459291,5663.6971341394,KY,KENTUCKY
65,2022,18,539358.1550992195,2139.772409164479,LA,LOUISIANA
66,2022,19,3078.0691061402704,95.56013805672475,ME,MAINE
67,2022,20,131029.72241759182,878.1857843696207,MD,MARYLAND
68,2022,21,6616.315312303344,128.6219931663242,MA,MASSACHUSETTS
69,2022,22,1662644.369469833,10333.737665639015,MI,MICHIGAN
70,2022,23,5469105.111859626,16004.461653905517,MN,MINNESOTA
71,2022,24,286563.52502836613,1473.2059226550136,MS,MISSISSIPPI
72,2022,25,614711.3890641702,5247.132624925487,MO,MISSOURI
73,2022,26,0.0,0.0,MT,MONTANA
74,2022,27,116974.46957511596,668.7468460019097,NE,NEBRASKA
75,2022,28,0.0,0.0,NV,NEVADA
76,2022,29,722.8747323196466,9.544599476476398,NH,NEW HAMPSHIRE
77,2022,30,25220.383618721684,191.0830037686883,NJ,NEW JERSEY
78,2022,31,14693.60526333142,199.7942837262492,NM,NEW MEXICO
79,2022,32,367866.43387199286,4116.612491264661,NY,NEW YORK
80,2022,33,20145.016045843604,230.85172311075823,NC,NORTH CAROLINA
81,2022,34,637834.2931434338,2230.135540835646,ND,NORTH DAKOTA
82,2022,35,886238.9579422825,11863.276907611717,OH,OHIO
83,2022,36,3891.925119465863,16.13874566260569,OK,OKLAHOMA
84,2022,37,30783.255913468274,171.8958807373695,OR,OREGON
85,2022,38,536604.286672078,3403.877377086411,PA,PENNSYLVANIA
86,2022,39,385.7759922683617,7.700269702870607,RI,RHODE ISLAND
87,2022,40,23929.037132716046,247.31513473581853,SC,SOUTH CAROLINA
88,2022,41,563439.3196421326,2495.626313899329,SD,SOUTH DAKOTA
89,2022,42,277868.3455724408,2064.872172504322,TN,TENNESSEE
90,2022,43,357127.9849965937,2039.599243901483,TX,TEXAS
91,2022,44,318.0633315972377,18.148874825139806,UT,UTAH
92,2022,45,13048.979498518873,175.29872899577214,VT,VERMONT
93,2022,46,41991.97975533125,415.6416222911437,VA,VIRGINIA
94,2022,47,79928.80994292753,423.01729979865314,WA,WASHINGTON
95,2022,48,30166.148481370183,224.87823381494127,WV,WEST VIRGINIA
96,2022,49,926945.8768732433,7780.059867053223,WI,WISCONSIN
97,2022,50,214.99734876258097,2.6957637880504026,WY,WYOMING
98,2023,0,481.1312938046824,4.212432252567932,AL,ALABAMA
99,2023,2,20.393584581765964,1.5651213850315449,AZ,ARIZONA
100,2023,3,7549.731497807213,29.06996823535066,AR,ARKANSAS
101,2023,4,2135.0482050213973,22.525495145852044,CA,CALIFORNIA
102,2023,5,176568.35573891137,1752.2535592794206,CO,COLORADO
103,2023,6,1016.6074766370568,52.005720902562686,CT,CONNECTICUT
104,2023,7,0.0,0.0,DE,DELAWARE
105,2023,8,0.0,0.0,DC,DISTRICT OF COLUMBIA
106,2023,9,677.8926032892989,9.122128279816259,FL,FLORIDA
107,2023,10,930.9796771182856,3.355851533582023,GA,GEORGIA
108,2023,12,0.0019933292574802,6.766248809916854e-05,ID,IDAHO
109,2023,13,10415962.742916152,38377.58480157949,IL,ILLINOIS
110,2023,14,3219808.022355886,21255.31741674188,IN,INDIANA
111,2023,15,2182761.479028664,11910.661341101804,IA,IOWA
112,2023,16,1617762.5501185106,6932.899013055958,KS,KANSAS
113,2023,17,9391.77225487884,227.3147087700568,KY,KENTUCKY
114,2023,18,0.0,0.0,LA,LOUISIANA
115,2023,19,337.6552305916953,3.094610896362748,ME,MAINE
116,2023,20,8165.31132382878,65.15013584200139,MD,MARYLAND
117,2023,21,5510.88914989178,64.59159812365493,MA,MASSACHUSETTS
118,2023,22,1027571.5854511368,5723.122496811596,MI,MICHIGAN
119,2023,23,4586857.948532128,17854.632179715038,MN,MINNESOTA
120,2023,24,0.0,0.0,MS,MISSISSIPPI
121,2023,25,1013546.5603987484,5480.678305710819,MO,MISSOURI
122,2023,26,1628.3828061756135,8.216631254910121,MT,MONTANA
123,2023,27,426342.1067923498,2001.9284934395976,NE,NEBRASKA
124,2023,28,0.0,0.0,NV,NEVADA
125,2023,29,2253.046739437421,19.31869938849212,NH,NEW HAMPSHIRE
126,2023,30,9037.381236736308,173.83065313153,NJ,NEW JERSEY
127,2023,31,8967.57867868543,108.79020028645294,NM,NEW MEXICO
128,2023,32,150495.7026905596,2029.871347431589,NY,NEW YORK
129,2023,33,5442.901362795795,160.91483418468033,NC,NORTH CAROLINA
130,2023,34,768662.1873907417,2482.704025365277,ND,NORTH DAKOTA
131,2023,35,1306923.200262617,13754.029752956689,OH,OHIO
132,2023,36,141169.66111690606,481.9654674277456,OK,OKLAHOMA
133,2023,37,11790.84771735814,49.175591211427566,OR,OREGON
134,2023,38,69491.60960344809,995.8970149220444,PA,PENNSYLVANIA
135,2023,39,0.0,0.0,RI,RHODE ISLAND
136,2023,40,1895.069968821836,19.67126064484341,SC,SOUTH CAROLINA
137,2023,41,935851.6903522428,3735.146136725279,SD,SOUTH DAKOTA
138,2023,42,43.39591614124001,5.576130870626326,TN,TENNESSEE
139,2023,43,179249.26806419142,769.7212568131238,TX,TEXAS
140,2023,44,8.206621426196785,0.4609926425554893,UT,UTAH
141,2023,45,6190.6395761035565,115.66323583791498,VT,VERMONT
142,2023,46,1752.5296626104046,47.563358414664975,VA,VIRGINIA
143,2023,47,40030.978338726265,249.20963329335572,WA,WASHINGTON
144,2023,48,5582.043252693104,121.8463632089352,WV,WEST VIRGINIA
145,2023,49,1371386.2157512507,5995.8130055310985,WI,WISCONSIN
146,2023,50,136.37139507438206,1.5949722924537033,WY,WYOMING
147,2024,0,92729.45924829831,428.14477373768887,AL,ALABAMA
148,2024,2,73.85877425135277,11.419105697309991,AZ,ARIZONA
149,2024,3,90045.0604735269,276.86398299583936,AR,ARKANSAS
150,2024,4,23003.83571808324,280.776559337689,CA,CALIFORNIA
151,2024,5,193919.6505622702,2091.9142266333474,CO,COLORADO
152,2024,6,0.0,0.0,CT,CONNECTICUT
153,2024,7,330.352352568304,20.91231702710366,DE,DELAWARE
154,2024,8,0.0,0.0,DC,DISTRICT OF COLUMBIA
155,2024,9,7551.860101804156,37.84141504829827,FL,FLORIDA
156,2024,10,3648.933256180561,23.03928635052878,GA,GEORGIA
157,2024,12,0.0,0.0,ID,IDAHO
158,2024,13,4985605.916318037,22246.6282577894,IL,ILLINOIS
159,2024,14,1218374.8354966922,10847.385410187211,IN,INDIANA
160,2024,15,856842.340867609,6009.188052267071,IA,IOWA
161,2024,16,1490022.9649757282,5267.98873516478,KS,KANSAS
162,2024,17,144233.38344876363,979.214964787855,KY,KENTUCKY
163,2024,18,433500.853261954,1345.3627781067612,LA,LOUISIANA
164,2024,19,1055.3905686192545,6.797190904923991,ME,MAINE
165,2024,20,95.25554109001762,1.4918322500161756,MD,MARYLAND
166,2024,21,0.0,0.0,MA,MASSACHUSETTS
167,2024,22,1500053.5189604557,9133.851413262191,MI,MICHIGAN
168,2024,23,3855191.4547457313,14269.531269708894,MN,MINNESOTA
169,2024,24,462677.9584458402,1492.8280221108537,MS,MISSISSIPPI
170,2024,25,533036.5548917045,3058.267126960379,MO,MISSOURI
171,2024,26,11445.49621320107,61.95187011810163,MT,MONTANA
172,2024,27,294585.9348638378,1541.1967072469995,NE,NEBRASKA
173,2024,28,0.0,0.0,NV,NEVADA
174,2024,29,135.66318546419112,0.4520708661071722,NH,NEW HAMPSHIRE
175,2024,30,0.0,0.0,NJ,NEW JERSEY
176,2024,31,6548.112191893895,133.09068009712283,NM,NEW MEXICO
177,2024,32,37722.6412441089,451.0567318985956,NY,NEW YORK
178,2024,33,257213.42384917464,742.4707807058891,NC,NORTH CAROLINA
179,2024,34,706278.572949021,2312.8055080921463,ND,NORTH DAKOTA
180,2024,35,507138.8291298583,8147.371871174708,OH,OHIO
181,2024,36,219281.8432390497,923.6890174623866,OK,OKLAHOMA
182,2024,37,646.1347235270597,2.492456697619412,OR,OREGON
183,2024,38,7488.498731402045,212.2803476709795,PA,PENNSYLVANIA
184,2024,39,0.0,0.0,RI,RHODE ISLAND
185,2024,40,285158.4715612827,825.4617189492901,SC,SOUTH CAROLINA
186,2024,41,43054.66733986252,238.691683098634,SD,SOUTH DAKOTA
187,2024,42,107143.17286551931,572.427114794061,TN,TENNESSEE
188,2024,43,1335715.2952977438,6365.676972183497,TX,TEXAS
189,2024,44,9.515297541294734,0.5345052403978195,UT,UTAH
190,2024,45,0.0,0.0,VT,VERMONT
191,2024,46,1550.6101903377466,51.07959902194037,VA,VIRGINIA
192,2024,47,12798.484417420192,69.91464690606561,WA,WASHINGTON
193,2024,48,2196.113594725009,33.896759329716915,WV,WEST VIRGINIA
194,2024,49,2546279.997784452,11443.383463989758,WI,WISCONSIN
195,2024,50,413.85977741457634,12.646624152446464,WY,WYOMING
196,2025,0,182371.50377109303,1576.6137780543388,AL,ALABAMA
197,2025,2,340.0880121523466,26.253930424605414,AZ,ARIZONA
198,2025,3,65498.14002667022,231.45039930311253,AR,ARKANSAS
199,2025,4,20030.04945892173,246.67204963704165,CA,CALIFORNIA
200,2025,5,107112.81615511392,1157.716328812605,CO,COLORADO
201,2025,6,117.7174353511464,11.498677835870303,CT,CONNECTICUT
202,2025,7,44557.608621765525,495.5520976544571,DE,DELAWARE
203,2025,8,0.0,0.0,DC,DISTRICT OF COLUMBIA
204,2025,9,30282.316255861682,333.46262322553,FL,FLORIDA
205,2025,10,269147.9461367078,1938.600887737332,GA,GEORGIA
206,2025,12,1780.8476545237609,63.45025630841512,ID,IDAHO
207,2025,13,3737629.6200978025,20599.871411492662,IL,ILLINOIS
208,2025,14,809349.3669866368,9825.037128947251,IN,INDIANA
209,2025,15,13157006.64644408,46270.636420676165,IA,IOWA
210,2025,16,1189303.5637581856,4914.200929274809,KS,KANSAS
211,2025,17,145245.01163991675,1643.636389254762,KY,KENTUCKY
212,2025,18,538220.5035851304,1906.0590352359307,LA,LOUISIANA
213,2025,19,1193.5852683495004,16.953050973183462,ME,MAINE
214,2025,20,224918.4746394704,1725.946441104588,MD,MARYLAND
215,2025,21,808.0600173413461,19.79754387153347,MA,MASSACHUSETTS
216,2025,22,1504661.0212505788,9660.60679745786,MI,MICHIGAN
217,2025,23,3363384.331512667,13265.30179853718,MN,MINNESOTA
218,2025,24,450480.7636948298,1958.1630406005916,MS,MISSISSIPPI
219,2025,25,1264629.9031033148,3992.7716697412807,MO,MISSOURI
220,2025,26,30171.342915940928,164.76833318349486,MT,MONTANA
221,2025,27,659539.5708380302,4998.5351118815925,NE,NEBRASKA
222,2025,28,0.0,0.0,NV,NEVADA
223,2025,29,582.5135727423251,3.788879429817972,NH,NEW HAMPSHIRE
224,2025,30,8005.335483916888,185.11757398857796,NJ,NEW JERSEY
225,2025,31,723.7108370908156,8.698868372545018,NM,NEW MEXICO
226,2025,32,118111.97852610916,2169.6324645431723,NY,NEW YORK
227,2025,33,217049.1609396041,2273.47505437326,NC,NORTH CAROLINA
228,2025,34,702963.4565172212,2379.2038504174507,ND,NORTH DAKOTA
229,2025,35,586768.0249954688,11364.06904602387,OH,OHIO
230,2025,36,65912.47921333888,245.0999001258904,OK,OKLAHOMA
231,2025,37,48623.69666123259,157.93712575957693,OR,OREGON
232,2025,38,234711.00774887,3346.971735364152,PA,PENNSYLVANIA
233,2025,39,170.99089731815255,2.821642313981409,RI,RHODE ISLAND
234,2025,40,94509.64938111712,1149.461954616649,SC,SOUTH CAROLINA
235,2025,41,1221319.7589267818,5310.483463882461,SD,SOUTH DAKOTA
236,2025,42,268281.5919057575,1912.9168951836305,TN,TENNESSEE
237,2025,43,128912.91022834621,762.7260734303259,TX,TEXAS
238,2025,44,858.5749872826857,50.19641936671637,UT,UTAH
239,2025,45,5604.071887259124,75.22400987043254,VT,VERMONT
240,2025,46,159017.62305502448,1524.0447881817486,VA,VIRGINIA
241,2025,47,102676.9521432288,555.0556557456845,WA,WASHINGTON
242,2025,48,23730.195010294352,263.6207189755978,WV,WEST VIRGINIA
243,2025,49,2157738.606127563,14172.67221145606,WI,WISCONSIN
244,2025,50,16623.126937397574,230.48713157181203,WY,WYOMING
245,2026,0,99306.43646503628,1180.6352159647895,AL,ALABAMA
246,2026,2,15.821337138121304,1.5194687297776972,AZ,ARIZONA
247,2026,3,11478.554543969583,81.92360097384537,AR,ARKANSAS
248,2026,4,9592.558437952768,100.93648565665688,CA,CALIFORNIA
249,2026,5,49028.96199457668,522.1676136136406,CO,COLORADO
250,2026,6,3080.923987266895,85.9660144410536,CT,CONNECTICUT
251,2026,7,105091.9965130291,489.9671508756349,DE,DELAWARE
252,2026,8,0.0,0.0,DC,DISTRICT OF COLUMBIA
253,2026,9,96423.39445842663,406.8991409024993,FL,FLORIDA
254,2026,10,418082.8160712984,1444.3005397735942,GA,GEORGIA
255,2026,12,1121.0952601401082,39.56886775357778,ID,IDAHO
256,2026,13,747003.1383835558,15343.83897957979,IL,ILLINOIS
257,2026,14,537976.3947093477,9504.217316140486,IN,INDIANA
258,2026,15,400629.4983700507,4159.182250624262,IA,IOWA
259,2026,16,1089741.481726518,4363.207443414007,KS,KANSAS
260,2026,17,843477.8602029278,5821.873827114302,KY,KENTUCKY
261,2026,18,208648.39144768895,1649.5961064210644,LA,LOUISIANA
262,2026,19,1654.8045337732533,49.8451343427143,ME,MAINE
263,2026,20,235264.0139948255,1834.6277014702216,MD,MARYLAND
264,2026,21,3891.613581396471,83.44968436856324,MA,MASSACHUSETTS
265,2026,22,217570.9998340277,3934.115655171417,MI,MICHIGAN
266,2026,23,370251.1291212882,2660.527160547883,MN,MINNESOTA
267,2026,24,203112.16374774065,1750.097518155825,MS,MISSISSIPPI
268,2026,25,432167.12064898,3276.216450547872,MO,MISSOURI
269,2026,26,4804.926206820439,29.292077131799253,MT,MONTANA
270,2026,27,29531.85900803338,462.414827573449,NE,NEBRASKA
271,2026,28,0.0,0.0,NV,NEVADA
272,2026,29,721.0624078916964,9.468643709889978,NH,NEW HAMPSHIRE
273,2026,30,12559.049743892963,268.6401326241336,NJ,NEW JERSEY
274,2026,31,1934.03279520216,33.1130966432344,NM,NEW MEXICO
275,2026,32,127208.02486992229,1680.8155234142887,NY,NEW YORK
276,2026,33,47575.15728422319,791.3382462804902,NC,NORTH CAROLINA
277,2026,34,248354.25843081952,1228.502406459497,ND,NORTH DAKOTA
278,2026,35,446685.7554563804,9619.560266924978,OH,OHIO
279,2026,36,44857.50200179324,218.83798112998528,OK,OKLAHOMA
280,2026,37,28769.4845104217,110.37448568460532,OR,OREGON
281,2026,38,183594.6015695922,2776.8359698644454,PA,PENNSYLVANIA
282,2026,39,845.9285493941854,19.168937252414917,RI,RHODE ISLAND
283,2026,40,104796.3036878467,1008.6872451568048,SC,SOUTH CAROLINA
284,2026,41,0.3060396058197855,0.1239329987429809,SD,SOUTH DAKOTA
285,2026,42,345605.8469400796,2979.4696386081755,TN,TENNESSEE
286,2026,43,214493.66951945162,1602.829554118774,TX,TEXAS
287,2026,44,178.85372326712374,12.186403440356552,UT,UTAH
288,2026,45,12718.40303753833,143.56463485895475,VT,VERMONT
289,2026,46,151259.93554646516,1361.016325321188,VA,VIRGINIA
290,2026,47,121515.39749825362,619.8918573164062,WA,WASHINGTON
291,2026,48,14096.152682343556,220.65732429230803,WV,WEST VIRGINIA
292,2026,49,503282.7197212927,8077.024774659683,WI,WISCONSIN
293,2026,50,1202.316098438677,17.52887094576397,WY,WYOMING
294,2027,0,17855.978188335015,368.8668775274038,AL,ALABAMA
295,2027,2,1087.6197118378266,86.03503375846151,AZ,ARIZONA
296,2027,3,32831.945184314216,244.39562280293853,AR,ARKANSAS
297,2027,4,27394.671503120728,324.634121119041,CA,CALIFORNIA
298,2027,5,13612.564153537876,170.84857381683543,CO,COLORADO
299,2027,6,273.29810454821074,15.576929625212362,CT,CONNECTICUT
300,2027,7,2455.9198561525727,77.077471339316,DE,DELAWARE
301,2027,8,0.0,0.0,DC,DISTRICT OF COLUMBIA
302,2027,9,15210.11451283729,59.95333052108356,FL,FLORIDA
303,2027,10,185737.42460398836,770.5506550744165,GA,GEORGIA
304,2027,12,3391.676755227589,127.68836501083042,ID,IDAHO
305,2027,13,8413581.911876429,42609.06300089309,IL,ILLINOIS
306,2027,14,1021257.0480490476,12272.260455568785,IN,INDIANA
307,2027,15,15064491.666437205,53067.77617536699,IA,IOWA
308,2027,16,19604.656872030024,77.04609674078058,KS,KANSAS
309,2027,17,370135.21060234826,3906.0870059399113,KY,KENTUCKY
310,2027,18,1044.4816130188967,48.34377977529998,LA,LOUISIANA
311,2027,19,7877.02505230425,47.71243526895554,ME,MAINE
312,2027,20,12867.64885317273,120.59021511970144,MD,MARYLAND
313,2027,21,1072.6930946011305,30.39392562974124,MA,MASSACHUSETTS
314,2027,22,1052642.6490129656,8908.342360251416,MI,MICHIGAN
315,2027,23,13342402.85788757,31319.97296522864,MN,MINNESOTA
316,2027,24,18452.50448550565,223.98676145813653,MS,MISSISSIPPI
317,2027,25,929113.5847702472,6317.298756804298,MO,MISSOURI
318,2027,26,3800.482508289874,24.890610168704107,MT,MONTANA
319,2027,27,786394.7453596969,5525.743984254848,NE,NEBRASKA
320,2027,28,0.0,0.0,NV,NEVADA
321,2027,29,252.62828552030751,1.9821916910762192,NH,NEW HAMPSHIRE
322,2027,30,858.1398687770276,72.32778650362346,NJ,NEW JERSEY
323,2027,31,1149.062744092878,18.739801659213107,NM,NEW MEXICO
324,2027,32,74992.39619043548,2012.5974106148053,NY,NEW YORK
325,2027,33,1142.7678739321218,27.379315454695043,NC,NORTH CAROLINA
326,2027,34,783924.812287981,2703.7032588683032,ND,NORTH DAKOTA
327,2027,35,333366.0225476718,8680.053145872615,OH,OHIO
328,2027,36,5078.192668137133,53.43479920758494,OK,OKLAHOMA
329,2027,37,83130.87393100574,251.39212038625465,OR,OREGON
330,2027,38,70792.2667280967,1189.912408326433,PA,PENNSYLVANIA
331,2027,39,0.0,0.0,RI,RHODE ISLAND
332,2027,40,122846.97872212953,468.7963175823653,SC,SOUTH CAROLINA
333,2027,41,1997114.146187822,11720.479855992686,SD,SOUTH DAKOTA
334,2027,42,174787.645338103,1929.5820181274664,TN,TENNESSEE
335,2027,43,151473.15285918175,1073.1516155347672,TX,TEXAS
336,2027,44,1650.674106722146,108.96133024195096,UT,UTAH
337,2027,45,12482.998332641857,126.95223739671718,VT,VERMONT
338,2027,46,5079.463231070014,57.32724251216074,VA,VIRGINIA
339,2027,47,123011.2314742768,625.9120235708515,WA,WASHINGTON
340,2027,48,3225.218783454202,47.7877428931418,WV,WEST VIRGINIA
341,2027,49,3307970.992639469,14882.71159608277,WI,WISCONSIN
342,2027,50,613.6718172356168,9.511606267273494,WY,WYOMING
343,2028,0,239380.06463041695,1036.50317544057,AL,ALABAMA
344,2028,2,120.64172253272,9.258742086559238,AZ,ARIZONA
345,2028,3,99125.78224150468,306.4883702369525,AR,ARKANSAS
346,2028,4,19423.63801405749,241.1009914588874,CA,CALIFORNIA
347,2028,5,11745.761729057123,129.03581442973072,CO,COLORADO
348,2028,6,7290.426477210015,55.46227780111321,CT,CONNECTICUT
349,2028,7,30184.64520784222,396.6501258969352,DE,DELAWARE
350,2028,8,0.0,0.0,DC,DISTRICT OF COLUMBIA
351,2028,9,119733.96233935136,437.10758947595536,FL,FLORIDA
352,2028,10,621533.2245655783,1665.927421835211,GA,GEORGIA
353,2028,12,4392.6676275412,151.41621318214317,ID,IDAHO
354,2028,13,23261552.211718515,48034.59786298234,IL,ILLINOIS
355,2028,14,8051455.791466057,24724.39995467152,IN,INDIANA
356,2028,15,35277313.590635054,55939.91552331157,IA,IOWA
357,2028,16,1168517.16682534,5314.048679128313,KS,KANSAS
358,2028,17,1126055.0993045913,5036.385762235217,KY,KENTUCKY
359,2028,18,180928.93151285875,562.9598070642908,LA,LOUISIANA
360,2028,19,1766.21686646598,38.92280953172017,ME,MAINE
361,2028,20,67919.17520217334,978.9477107425964,MD,MARYLAND
362,2028,21,6407.194915968996,72.5618808080129,MA,MASSACHUSETTS
363,2028,22,4610978.206561264,9637.954422867044,MI,MICHIGAN
364,2028,23,18717983.3142031,31317.226866446512,MN,MINNESOTA
365,2028,24,467023.7140333368,1556.0388603395709,MS,MISSISSIPPI
366,2028,25,3729299.1532851034,11850.587880305013,MO,MISSOURI
367,2028,26,55293.23199149432,205.684133249884,MT,MONTANA
368,2028,27,2540922.1670411355,9727.779683476474,NE,NEBRASKA
369,2028,28,0.0,0.0,NV,NEVADA
370,2028,29,1590.0629262424363,18.03284875236904,NH,NEW HAMPSHIRE
371,2028,30,18846.14488740518,232.85838689187403,NJ,NEW JERSEY
372,2028,31,369.8915504746652,9.165960016215385,NM,NEW MEXICO
373,2028,32,480682.6067105316,3247.232085750463,NY,NEW YORK
374,2028,33,93708.84501335744,924.8677414440716,NC,NORTH CAROLINA
375,2028,34,1700041.7483538142,4058.874269299262,ND,NORTH DAKOTA
376,2028,35,4651291.082022461,14622.59883018805,OH,OHIO
377,2028,36,61751.788583563,488.79895722703634,OK,OKLAHOMA
378,2028,37,70469.22707201084,191.28353748360016,OR,OREGON
379,2028,38,304587.84423442715,2574.771424857141,PA,PENNSYLVANIA
380,2028,39,0.0,0.0,RI,RHODE ISLAND
381,2028,40,151436.4240094579,748.6748682917487,SC,SOUTH CAROLINA
382,2028,41,4626780.59437774,13320.030880854232,SD,SOUTH DAKOTA
383,2028,42,500821.8436864585,2065.6106891354702,TN,TENNESSEE
384,2028,43,819357.1525954406,3988.6854624494536,TX,TEXAS
385,2028,44,1550.8632870201477,88.08841407339719,UT,UTAH
386,2028,45,14834.92593591606,225.7340784840472,VT,VERMONT
387,2028,46,30155.343355589102,518.7465418153927,VA,VIRGINIA
388,2028,47,116546.86680160915,586.1022394187898,WA,WASHINGTON
389,2028,48,6184.46061115143,116.67837433637976,WV,WEST VIRGINIA
390,2028,49,7925953.690900292,15733.927062114226,WI,WISCONSIN
391,2028,50,3235.825902064461,38.67217239895236,WY,WYOMING
392,2029,0,23050.45373100429,298.63805481093897,AL,ALABAMA
393,2029,2,2479.182879824637,192.48613957503048,AZ,ARIZONA
394,2029,3,1.5268191785501255,0.1162197278139137,AR,ARKANSAS
395,2029,4,31112.01706530972,365.7579282695722,CA,CALIFORNIA
396,2029,5,306173.6748814423,3514.38529783397,CO,COLORADO
397,2029,6,5704.850447638102,45.62402925142296,CT,CONNECTICUT
398,2029,7,0.0,0.0,DE,DELAWARE
399,2029,8,0.0,0.0,DC,DISTRICT OF COLUMBIA
400,2029,9,55806.609877187366,338.22782704036956,FL,FLORIDA
401,2029,10,13559.684933954351,257.1883953607369,GA,GEORGIA
402,2029,12,2385.808991732357,82.3007455490688,ID,IDAHO
403,2029,13,4529175.253376419,21325.382006446394,IL,ILLINOIS
404,2029,14,187675.54770777872,5041.9946284833,IN,INDIANA
405,2029,15,27533261.60157041,55818.50309657043,IA,IOWA
406,2029,16,1897094.0232785165,8257.892451898791,KS,KANSAS
407,2029,17,412.1219276311274,9.480439388298723,KY,KENTUCKY
408,2029,18,358.9739895467821,4.156682888413408,LA,LOUISIANA
409,2029,19,1909.8842293540304,29.93663324324785,ME,MAINE
410,2029,20,5770.36068383612,56.34158849786797,MD,MARYLAND
411,2029,21,5285.56923942683,61.12569194175418,MA,MASSACHUSETTS
412,2029,22,1574020.0988150863,8162.223661475209,MI,MICHIGAN
413,2029,23,15691341.662208635,31302.473404713543,MN,MINNESOTA
414,2029,24,13032.157478892424,151.88304615465543,MS,MISSISSIPPI
415,2029,25,1887672.1733884143,7226.3322494061795,MO,MISSOURI
416,2029,26,19559.63502253184,92.07788110457604,MT,MONTANA
417,2029,27,3437069.691050628,15583.5382359856,NE,NEBRASKA
418,2029,28,0.0,0.0,NV,NEVADA
419,2029,29,1091.935409476525,15.277414029242545,NH,NEW HAMPSHIRE
420,2029,30,0.0,0.0,NJ,NEW JERSEY
421,2029,31,14118.452975001555,193.9922775566286,NM,NEW MEXICO
422,2029,32,17332.52786525118,99.88109141393733,NY,NEW YORK
423,2029,33,437.9202174139429,9.231558870421926,NC,NORTH CAROLINA
424,2029,34,1704330.657072093,4256.696362712531,ND,NORTH DAKOTA
425,2029,35,367661.92520123546,4277.427437664564,OH,OHIO
426,2029,36,155820.68361765865,565.7134529342044,OK,OKLAHOMA
427,2029,37,44558.18933081839,129.54837205127285,OR,OREGON
428,2029,38,2721.730352969741,20.360915435892977,PA,PENNSYLVANIA
429,2029,39,600.2368947770215,8.50981925221558,RI,RHODE ISLAND
430,2029,40,14396.400631698823,183.7210166143508,SC,SOUTH CAROLINA
431,2029,41,6206132.774697982,18105.34610209851,SD,SOUTH DAKOTA
432,2029,42,24.4997708644719,4.079816609620778,TN,TENNESSEE
433,2029,43,258439.76681243023,1181.6544826208944,TX,TEXAS
434,2029,44,2324.6329021774227,136.5649159232161,UT,UTAH
435,2029,45,12914.258636028022,131.87198547818602,VT,VERMONT
436,2029,46,13772.389192987115,332.3294267498822,VA,VIRGINIA
437,2029,47,104757.2208475164,568.0718870088153,WA,WASHINGTON
438,2029,48,2742.950964045923,50.96867400588738,WV,WEST VIRGINIA
439,2029,49,3051464.5235148566,11293.288472392293,WI,WISCONSIN
440,2029,50,13130.372904966667,214.05004722555884,WY,WYOMING
441,2030,0,90040.9397995272,433.6290956020337,AL,ALABAMA
442,2030,2,315.20471574196665,24.230171455048367,AZ,ARIZONA
443,2030,3,32804.24570011902,86.06025702651893,AR,ARKANSAS
444,2030,4,35569.576003579066,385.9777286392707,CA,CALIFORNIA
445,2030,5,210367.5891533841,2684.967144401854,CO,COLORADO
446,2030,6,417.65158105095617,7.703083178349113,CT,CONNECTICUT
447,2030,7,6674.788500207231,202.3622099654659,DE,DELAWARE
448,2030,8,0.0,0.0,DC,DISTRICT OF COLUMBIA
449,2030,9,176137.30418220122,572.274588008184,FL,FLORIDA
450,2030,10,710720.2881590985,1725.328667597134,GA,GEORGIA
451,2030,12,4526.940170181358,159.44701767057504,ID,IDAHO
452,2030,13,894282.6212971051,13845.381851656752,IL,ILLINOIS
453,2030,14,541483.3800866405,12190.964267064104,IN,INDIANA
454,2030,15,1125689.799372613,6998.052534555231,IA,IOWA
455,2030,16,2013304.247990185,7495.143523414418,KS,KANSAS
456,2030,17,369796.2933612512,2482.9147328080803,KY,KENTUCKY
457,2030,18,699151.110015626,1884.5066657970958,LA,LOUISIANA
458,2030,19,174.8744075258544,1.93244826075939,ME,MAINE
459,2030,20,6207.061821986716,32.797677724209684,MD,MARYLAND
460,2030,21,933.2511801551548,15.085615716419449,MA,MASSACHUSETTS
461,2030,22,199222.5559862129,4099.14950149094,MI,MICHIGAN
462,2030,23,677312.2331998558,4276.201609177932,MN,MINNESOTA
463,2030,24,372485.1192812986,1256.281470001123,MS,MISSISSIPPI
464,2030,25,200315.27702985797,1000.613465764322,MO,MISSOURI
465,2030,26,26386.95694914504,146.60205499060714,MT,MONTANA
466,2030,27,1927238.9290113056,9118.259905581574,NE,NEBRASKA
467,2030,28,0.0,0.0,NV,NEVADA
468,2030,29,230.8493202659879,0.943443753516126,NH,NEW HAMPSHIRE
469,2030,30,4573.942245217757,53.35286832084736,NJ,NEW JERSEY
470,2030,31,8157.108236321384,152.24008136509138,NM,NEW MEXICO
471,2030,32,24246.969809158803,277.24780074797053,NY,NEW YORK
472,2030,33,414324.2951056681,2049.4078522102086,NC,NORTH CAROLINA
473,2030,34,574380.420798282,2335.820822492517,ND,NORTH DAKOTA
474,2030,35,524474.2853800977,10408.640657761876,OH,OHIO
475,2030,36,149596.59142907851,511.7297801090965,OK,OKLAHOMA
476,2030,37,83149.72616693932,210.61242267355615,OR,OREGON
477,2030,38,106574.68406626028,1038.2165383548231,PA,PENNSYLVANIA
478,2030,39,157.1066222924558,2.706089595787996,RI,RHODE ISLAND
479,2030,40,777296.8529312086,1725.8740976183303,SC,SOUTH CAROLINA
480,2030,41,2006754.425010224,9156.997520574636,SD,SOUTH DAKOTA
481,2030,42,59767.08923766806,429.0655800404873,TN,TENNESSEE
482,2030,43,661886.8109748979,3314.3221862831124,TX,TEXAS
483,2030,44,3023.948484330819,178.65119339819208,UT,UTAH
484,2030,45,5458.733338766228,77.98580121963914,VT,VERMONT
485,2030,46,8989.927668871831,167.9938206779131,VA,VIRGINIA
486,2030,47,129014.69343943396,646.7124676506828,WA,WASHINGTON
487,2030,48,3056.789608780525,23.879125855571825,WV,WEST VIRGINIA
488,2030,49,33015.91867297786,322.6502274195425,WI,WISCONSIN
489,2030,50,1133.9562112660758,14.88376140093388,WY,WYOMING
490,2031,0,1878.7613182545383,20.32660750383482,AL,ALABAMA
491,2031,2,1399.914109614533,118.8701806969096,AZ,ARIZONA
492,2031,3,49.44104033561325,0.6889725557005002,AR,ARKANSAS
493,2031,4,16144.827477230085,174.36307067506132,CA,CALIFORNIA
494,2031,5,52850.52742148774,643.3055032443406,CO,COLORADO
495,2031,6,2504.3613063740663,45.64485773527407,CT,CONNECTICUT
496,2031,7,139249.01221036984,621.878336614944,DE,DELAWARE
497,2031,8,0.0,0.0,DC,DISTRICT OF COLUMBIA
498,2031,9,2408.5343744054276,51.121498494049874,FL,FLORIDA
499,2031,10,18740.87130705412,92.98039737054654,GA,GEORGIA
500,2031,12,4901.1085136016845,168.4570199184421,ID,IDAHO
501,2031,13,6225242.700454388,26088.60902954315,IL,ILLINOIS
502,2031,14,2591587.22052793,18579.87967728234,IN,INDIANA
503,2031,15,7112652.602359533,25607.60236676628,IA,IOWA
504,2031,16,1852709.9473257335,8582.526528082537,KS,KANSAS
505,2031,17,15371.810178883596,117.91980952247228,KY,KENTUCKY
506,2031,18,0.0,0.0,LA,LOUISIANA
507,2031,19,741.1745374425641,14.841059220612165,ME,MAINE
508,2031,20,228460.42459433468,1861.24660617626,MD,MARYLAND
509,2031,21,1830.0404976729424,43.95778329238096,MA,MASSACHUSETTS
510,2031,22,2799676.2123011337,10264.091549794784,MI,MICHIGAN
511,2031,23,1500431.1304105711,5843.692417408357,MN,MINNESOTA
512,2031,24,28.72889516525996,1.6128857381982953,MS,MISSISSIPPI
513,2031,25,1618793.071061609,7237.467048843428,MO,MISSOURI
514,2031,26,12025.646936267734,52.56331136424976,MT,MONTANA
515,2031,27,857371.9121776317,5504.8092148039,NE,NEBRASKA
516,2031,28,0.0,0.0,NV,NEVADA
517,2031,29,300.25639537715654,2.86505739113114,NH,NEW HAMPSHIRE
518,2031,30,110008.97692661607,494.112487552542,NJ,NEW JERSEY
519,2031,31,1948.894323076551,32.920253180593456,NM,NEW MEXICO
520,2031,32,406993.1327505122,3716.588356244328,NY,NEW YORK
521,2031,33,28053.057118779543,441.8007748489166,NC,NORTH CAROLINA
522,2031,34,765414.4986533266,2206.349079351138,ND,NORTH DAKOTA
523,2031,35,2165302.9353379994,12964.536081277496,OH,OHIO
524,2031,36,151609.6663596027,553.6425536547387,OK,OKLAHOMA
525,2031,37,44705.315924743234,121.7638498904872,OR,OREGON
526,2031,38,383493.62311039417,3861.803628566981,PA,PENNSYLVANIA
527,2031,39,498.3459149522092,11.673648910563951,RI,RHODE ISLAND
528,2031,40,2726.6561842019382,15.934544185391232,SC,SOUTH CAROLINA
529,2031,41,574330.710461386,2589.9659395116937,SD,SOUTH DAKOTA
530,2031,42,0.0,0.0,TN,TENNESSEE
531,2031,43,307936.05452664464,2249.3371909719785,TX,TEXAS
532,2031,44,1135.3759237289244,66.73225364904461,UT,UTAH
533,2031,45,3276.5822748329733,73.14334437625884,VT,VERMONT
534,2031,46,67532.51003293497,1001.1258622773048,VA,VIRGINIA
535,2031,47,90813.08090968098,486.766755446096,WA,WASHINGTON
536,2031,48,13043.86615992989,191.69722999134885,WV,WEST VIRGINIA
537,2031,49,2449978.3672199235,10939.36757955161,WI,WISCONSIN
538,2031,50,6101.111321035855,73.27989541122791,WY,WYOMING
539,2032,0,1229.9910007076237,57.18795045579189,AL,ALABAMA
540,2032,2,529.8539960582044,42.44567781604753,AZ,ARIZONA
541,2032,3,1.277616239066202,0.0499053279058838,AR,ARKANSAS
542,2032,4,21701.69367782382,255.6153374079705,CA,CALIFORNIA
543,2032,5,191283.4315185685,3038.7652794422397,CO,COLORADO
544,2032,6,165.65033678552638,10.101057346177107,CT,CONNECTICUT
545,2032,7,12980.227093022651,306.7608720334431,DE,DELAWARE
546,2032,8,0.0,0.0,DC,DISTRICT OF COLUMBIA
547,2032,9,67662.21270201684,344.3317670145313,FL,FLORIDA
548,2032,10,56229.5226552104,507.2556809781332,GA,GEORGIA
549,2032,12,6564.568119345292,223.7818174749229,ID,IDAHO
550,2032,13,625124.5026857452,10918.450067971666,IL,ILLINOIS
551,2032,14,187939.5807865521,2830.7676981464874,IN,INDIANA
552,2032,15,566542.6749042254,5897.426455409325,IA,IOWA
553,2032,16,1273623.7496930356,6557.220050355072,KS,KANSAS
554,2032,17,258991.4671083473,3820.3933904549976,KY,KENTUCKY
555,2032,18,74261.89081469495,501.9493740978635,LA,LOUISIANA
556,2032,19,2516.707451199133,65.55818210655512,ME,MAINE
557,2032,20,16012.672208307244,899.9800166106683,MD,MARYLAND
558,2032,21,1442.64545873593,16.945476528156288,MA,MASSACHUSETTS
559,2032,22,141222.06237940394,1983.587870184802,MI,MICHIGAN
560,2032,23,226372.19888061823,1882.2642379881704,MN,MINNESOTA
561,2032,24,9426.30957286246,131.51691955090263,MS,MISSISSIPPI
562,2032,25,849141.3748165886,7874.837906315834,MO,MISSOURI
563,2032,26,14723.246425256437,68.62122650240588,MT,MONTANA
564,2032,27,601730.1699712081,3664.379268367049,NE,NEBRASKA
565,2032,28,0.0,0.0,NV,NEVADA
566,2032,29,470.83906233371056,2.215873248167511,NH,NEW HAMPSHIRE
567,2032,30,9549.583659719614,154.93667680737744,NJ,NEW JERSEY
568,2032,31,4369.840105175586,55.27423274796031,NM,NEW MEXICO
569,2032,32,39192.804317003625,473.7033947288408,NY,NEW YORK
570,2032,33,11559.890655791472,130.60515632511266,NC,NORTH CAROLINA
571,2032,34,294374.1617347417,2295.1754989307283,ND,NORTH DAKOTA
572,2032,35,121154.53002219523,4009.3446693904993,OH,OHIO
573,2032,36,107841.0041686166,382.4648208639181,OK,OKLAHOMA
574,2032,37,94049.63040522902,287.4042230036677,OR,OREGON
575,2032,38,26450.82067449283,1013.818883052325,PA,PENNSYLVANIA
576,2032,39,435.88841492416736,9.173256121887873,RI,RHODE ISLAND
577,2032,40,0.0,0.0,SC,SOUTH CAROLINA
578,2032,41,351031.7566853088,3991.088519813787,SD,SOUTH DAKOTA
579,2032,42,39266.827663329655,894.6329742041241,TN,TENNESSEE
580,2032,43,158523.47916924063,825.487762865715,TX,TEXAS
581,2032,44,3404.052183645644,203.70037357363643,UT,UTAH
582,2032,45,3159.020660809684,20.00259519869097,VT,VERMONT
583,2032,46,5109.037257580774,260.3717420910265,VA,VIRGINIA
584,2032,47,147258.54444332258,653.1645808273447,WA,WASHINGTON
585,2032,48,3277.7814041445868,74.09581583185656,WV,WEST VIRGINIA
586,2032,49,205516.618645731,3865.155837872149,WI,WISCONSIN
587,2032,50,10359.124691470624,168.89098087672443,WY,WYOMING
588,2033,0,67673.52753985961,453.86836308856186,AL,ALABAMA
589,2033,2,4.969744703541291,0.7847079579698159,AZ,ARIZONA
590,2033,3,7896.84047052795,69.32982442878745,AR,ARKANSAS
591,2033,4,5084.051255026933,54.573831985593046,CA,CALIFORNIA
592,2033,5,20782.59780432353,230.85955354895745,CO,COLORADO
593,2033,6,6176.719766384131,73.290835138971,CT,CONNECTICUT
594,2033,7,20805.312812072083,109.36994432468798,DE,DELAWARE
595,2033,8,0.0,0.0,DC,DISTRICT OF COLUMBIA
596,2033,9,168423.03877482214,510.55532564935424,FL,FLORIDA
597,2033,10,415907.6126171951,1436.8100061041646,GA,GEORGIA
598,2033,12,59.95056545837839,2.034989656948882,ID,IDAHO
599,2033,13,76264.07060176316,546.0985824647339,IL,ILLINOIS
600,2033,14,167147.8885235118,2594.7887959164773,IN,INDIANA
601,2033,15,0.0,0.0,IA,IOWA
602,2033,16,725.7542914085066,10.510271591356812,KS,KANSAS
603,2033,17,314219.7375048922,3118.295029638975,KY,KENTUCKY
604,2033,18,3723.486498514956,33.17618458001578,LA,LOUISIANA
605,2033,19,563.1457472465103,5.760346903891839,ME,MAINE
606,2033,20,35953.24486255041,285.98253980916064,MD,MARYLAND
607,2033,21,1748.0525391297977,38.916350239926345,MA,MASSACHUSETTS
608,2033,22,61699.285261681005,862.141159594038,MI,MICHIGAN
609,2033,23,7972.6931298885565,203.01537738500124,MN,MINNESOTA
610,2033,24,15417.220302603984,116.84032039718558,MS,MISSISSIPPI
611,2033,25,12712.411618644492,79.89776364394497,MO,MISSOURI
612,2033,26,115.94923306378658,1.1182111623687132,MT,MONTANA
613,2033,27,1115.098828091814,16.83947594364446,NE,NEBRASKA
614,2033,28,0.0,0.0,NV,NEVADA
615,2033,29,471.36610835465456,3.171167711200112,NH,NEW HAMPSHIRE
616,2033,30,48361.16087258759,328.4498627250267,NJ,NEW JERSEY
617,2033,31,5438.450944607146,89.7675195337519,NM,NEW MEXICO
618,2033,32,23849.20698091118,617.3900430765216,NY,NEW YORK
619,2033,33,122705.60473547188,1001.9652139697372,NC,NORTH CAROLINA
620,2033,34,956.4120456159026,12.539027902380507,ND,NORTH DAKOTA
621,2033,35,178801.11071919202,3878.317188331339,OH,OHIO
622,2033,36,431.7824014801038,10.563472704518484,OK,OKLAHOMA
623,2033,37,7151.598944975203,20.91226634624766,OR,OREGON
624,2033,38,93663.64344682488,1304.8313897949593,PA,PENNSYLVANIA
625,2033,39,0.0,0.0,RI,RHODE ISLAND
626,2033,40,182419.664339388,918.9788777767008,SC,SOUTH CAROLINA
627,2033,41,0.0,0.0,SD,SOUTH DAKOTA
628,2033,42,237137.31917926687,1600.8314830497288,TN,TENNESSEE
629,2033,43,209934.09683170856,1262.194313647282,TX,TEXAS
630,2033,44,1440.861030301433,82.92497786509631,UT,UTAH
631,2033,45,2461.328267634751,53.216442760678376,VT,VERMONT
632,2033,46,23623.06966058246,350.2121768792524,VA,VIRGINIA
633,2033,47,35504.711487557404,159.98863008046993,WA,WASHINGTON
634,2033,48,1355.7388120412948,38.3070198173933,WV,WEST VIRGINIA
635,2033,49,3404.770741946849,115.05508072388888,WI,WISCONSIN
636,2033,50,49.88012035487414,0.581804603580496,WY,WYOMING
637,2034,0,25026.56932985533,470.76845474037646,AL,ALABAMA
638,2034,2,962.7697650150436,84.37010166344393,AZ,ARIZONA
639,2034,3,17962.567785322528,123.0023164312737,AR,ARKANSAS
640,2034,4,30328.054724783,329.61480508891964,CA,CALIFORNIA
641,2034,5,393488.6295811496,4148.782370337935,CO,COLORADO
642,2034,6,2200.879006760006,68.55066765785548,CT,CONNECTICUT
643,2034,7,24493.395752080025,489.4927077524248,DE,DELAWARE
644,2034,8,0.0,0.0,DC,DISTRICT OF COLUMBIA
645,2034,9,15174.464794181453,162.74867514323873,FL,FLORIDA
646,2034,10,29462.02193835703,199.8115559197767,GA,GEORGIA
647,2034,12,6162.414500885092,213.03160489065425,ID,IDAHO
648,2034,13,278059.117039232,1668.651951794583,IL,ILLINOIS
649,2034,14,71614.66547134897,1477.3707666726334,IN,INDIANA
650,2034,15,135970.17941699384,936.8182765228072,IA,IOWA
651,2034,16,2540101.6868351097,9972.970650641912,KS,KANSAS
652,2034,17,845.5642247194658,107.97130107922726,KY,KENTUCKY
653,2034,18,1028.2913582162173,11.121191737381324,LA,LOUISIANA
654,2034,19,259.506614959579,4.132394309985682,ME,MAINE
655,2034,20,69925.03373157131,870.9736230074008,MD,MARYLAND
656,2034,21,1431.2256467863974,23.732165162117692,MA,MASSACHUSETTS
657,2034,22,69076.87741583309,1106.4365758022166,MI,MICHIGAN
658,2034,23,95173.33373223012,1163.41136949283,MN,MINNESOTA
659,2034,24,1624.5265661871606,42.36695811030951,MS,MISSISSIPPI
660,2034,25,549696.0397035723,3380.0229026611487,MO,MISSOURI
661,2034,26,20773.623379168785,82.04730567930945,MT,MONTANA
662,2034,27,1386232.6413870663,7462.3429692542895,NE,NEBRASKA
663,2034,28,0.0,0.0,NV,NEVADA
664,2034,29,0.0183610079873988,0.0008083364759023,NH,NEW HAMPSHIRE
665,2034,30,7184.796311361211,306.3997579974583,NJ,NEW JERSEY
666,2034,31,31801.15042630385,411.4624835473035,NM,NEW MEXICO
667,2034,32,50662.89242274921,866.4024105289816,NY,NEW YORK
668,2034,33,51540.75459521404,750.1532513410591,NC,NORTH CAROLINA
669,2034,34,302364.9577481092,1572.5836445871096,ND,NORTH DAKOTA
670,2034,35,67636.23050335335,2967.347122471513,OH,OHIO
671,2034,36,269994.72642953595,1084.4005071977372,OK,OKLAHOMA
672,2034,37,79212.84792654736,203.53368629718392,OR,OREGON
673,2034,38,29453.10275294481,676.5627443946908,PA,PENNSYLVANIA
674,2034,39,1310.4839367628645,27.926016202053617,RI,RHODE ISLAND
675,2034,40,66442.75038370417,739.0439969426543,SC,SOUTH CAROLINA
676,2034,41,1154684.7571974955,8629.593321088541,SD,SOUTH DAKOTA
677,2034,42,37.46126933306908,1.6238078197997825,TN,TENNESSEE
678,2034,43,1056695.5431975867,5905.487571080467,TX,TEXAS
679,2034,44,4613.841075149368,261.6325791690448,UT,UTAH
680,2034,45,1095.763575808601,21.2865873230256,VT,VERMONT
681,2034,46,55665.83776076988,775.0536266790491,VA,VIRGINIA
682,2034,47,130222.0118946156,606.6815689772848,WA,WASHINGTON
683,2034,48,399.03086595352,12.2368680211008,WV,WEST VIRGINIA
684,2034,49,341651.8658773588,4775.189359487516,WI,WISCONSIN
685,2034,50,23894.768264582606,313.54355063691554,WY,WYOMING
686,2035,0,68527.50952537663,461.9305929635589,AL,ALABAMA
687,2035,2,535.0216766034114,44.22663889117107,AZ,ARIZONA
688,2035,3,5076.857641259816,41.17896283306207,AR,ARKANSAS
689,2035,4,2348.214350713103,23.62948255264373,CA,CALIFORNIA
690,2035,5,35817.48238703272,441.706803276746,CO,COLORADO
691,2035,6,2537.5480158632854,75.68772693073008,CT,CONNECTICUT
692,2035,7,7868.450031171325,326.4906992050136,DE,DELAWARE
693,2035,8,0.0,0.0,DC,DISTRICT OF COLUMBIA
694,2035,9,7340.244893904166,56.030423868524935,FL,FLORIDA
695,2035,10,28751.05005491336,341.19333789613955,GA,GEORGIA
696,2035,12,761.198006377676,25.83847572256247,ID,IDAHO
697,2035,13,209214.57623438712,2966.1841631356774,IL,ILLINOIS
698,2035,14,593346.9927106203,13509.405694815883,IN,INDIANA
699,2035,15,0.0,0.0,IA,IOWA
700,2035,16,89920.4661236581,768.661997152698,KS,KANSAS
701,2035,17,287569.41673623223,3049.5345271438323,KY,KENTUCKY
702,2035,18,90685.00885013331,424.8187919715769,LA,LOUISIANA
703,2035,19,588.3340087052682,13.72458181942904,ME,MAINE
704,2035,20,41150.51997445471,1418.0522531768197,MD,MARYLAND
705,2035,21,3921.256640200382,87.67088112763098,MA,MASSACHUSETTS
706,2035,22,572031.9206348145,6885.943273107628,MI,MICHIGAN
707,2035,23,43454.96120805266,595.4986337789761,MN,MINNESOTA
708,2035,24,14365.235051402877,142.1181104462063,MS,MISSISSIPPI
709,2035,25,232131.6749367809,2228.377204849741,MO,MISSOURI
710,2035,26,0.0,0.0,MT,MONTANA
711,2035,27,8629.792408730551,68.41808486547109,NE,NEBRASKA
712,2035,28,0.0,0.0,NV,NEVADA
713,2035,29,560.7570783554221,9.93463867341408,NH,NEW HAMPSHIRE
714,2035,30,14907.163041562128,356.6849225605316,NJ,NEW JERSEY
715,2035,31,24234.09323818196,362.74697077563576,NM,NEW MEXICO
716,2035,32,123325.20875733488,2697.2909225692997,NY,NEW YORK
717,2035,33,39436.93399741788,957.884883235724,NC,NORTH CAROLINA
718,2035,34,68237.89648616347,461.3719155822913,ND,NORTH DAKOTA
719,2035,35,267263.28840890434,3966.170336100847,OH,OHIO
720,2035,36,140111.19489287163,498.43704637562905,OK,OKLAHOMA
721,2035,37,2141.2236619666883,25.826540862653417,OR,OREGON
722,2035,38,88444.97004289526,2142.281932652003,PA,PENNSYLVANIA
723,2035,39,1539.7293009579096,30.38391892792592,RI,RHODE ISLAND
724,2035,40,159.7666760154196,8.061671407351113,SC,SOUTH CAROLINA
725,2035,41,1143.55643812375,10.600345521706464,SD,SOUTH DAKOTA
726,2035,42,176089.20830658352,1926.5252821766032,TN,TENNESSEE
727,2035,43,532381.7722923105,2751.3935754045747,TX,TEXAS
728,2035,44,3536.2138943501004,201.72752682605187,UT,UTAH
729,2035,45,4828.480836736189,100.90628513974312,VT,VERMONT
730,2035,46,15450.678620946655,430.5367703200435,VA,VIRGINIA
731,2035,47,13228.983158947798,69.59866682470167,WA,WASHINGTON
732,2035,48,4446.505685348051,130.63950243120198,WV,WEST VIRGINIA
733,2035,49,433502.6194498576,4335.484191379519,WI,WISCONSIN
734,2035,50,1659.5720559141632,19.44128229004634,WY,WYOMING
735,2036,0,68437.71996847686,504.5495358839396,AL,ALABAMA
736,2036,2,3358.2361370267085,270.81834590099254,AZ,ARIZONA
737,2036,3,161133.5146982129,410.81167462889215,AR,ARKANSAS
738,2036,4,11461.713122632673,123.5958094157864,CA,CALIFORNIA
739,2036,5,292824.98730106826,3118.6893273953574,CO,COLORADO
740,2036,6,237.03758305585956,13.844554679568397,CT,CONNECTICUT
741,2036,7,0.0,0.0,DE,DELAWARE
742,2036,8,0.0,0.0,DC,DISTRICT OF COLUMBIA
743,2036,9,59944.63667004391,314.8031093474329,FL,FLORIDA
744,2036,10,408387.87254126975,1259.4072178950294,GA,GEORGIA
745,2036,12,1366.557015452814,46.387041903851824,ID,IDAHO
746,2036,13,1347228.3362677535,8447.974981328767,IL,ILLINOIS
747,2036,14,417798.3080864612,6258.13622589468,IN,INDIANA
748,2036,15,326652.58176739834,3016.9503779350885,IA,IOWA
749,2036,16,1945791.6798331572,8178.055298414376,KS,KANSAS
750,2036,17,432623.6255979111,2535.438979189162,KY,KENTUCKY
751,2036,18,711997.0532212664,1984.996684073081,LA,LOUISIANA
752,2036,19,334.65954748273,2.18798809739861,ME,MAINE
753,2036,20,0.0,0.0,MD,MARYLAND
754,2036,21,486.02779427970574,3.3322585844002024,MA,MASSACHUSETTS
755,2036,22,190844.7814344609,3057.6627580331383,MI,MICHIGAN
756,2036,23,3054862.579413514,14790.060657118323,MN,MINNESOTA
757,2036,24,564752.7332239896,2063.759072118494,MS,MISSISSIPPI
758,2036,25,2837092.4426141423,9184.870181641205,MO,MISSOURI
759,2036,26,9278.760671322463,40.5214060300408,MT,MONTANA
760,2036,27,852830.6904899224,4314.943670837771,NE,NEBRASKA
761,2036,28,0.0,0.0,NV,NEVADA
762,2036,29,0.0,0.0,NH,NEW HAMPSHIRE
763,2036,30,0.0,0.0,NJ,NEW JERSEY
764,2036,31,27583.059364514127,524.6965309623381,NM,NEW MEXICO
765,2036,32,6.911008802742075,0.0528356831147419,NY,NEW YORK
766,2036,33,270374.3811436293,1850.238723609938,NC,NORTH CAROLINA
767,2036,34,157585.06953058706,656.4196318721572,ND,NORTH DAKOTA
768,2036,35,77429.33719814703,1803.5540273917563,OH,OHIO
769,2036,36,309680.1549951989,1382.8257027482648,OK,OKLAHOMA
770,2036,37,10055.905402160934,32.018726023966565,OR,OREGON
771,2036,38,1536.4002840475775,54.54561404468285,PA,PENNSYLVANIA
772,2036,39,0.0,0.0,RI,RHODE ISLAND
773,2036,40,402599.6023014896,1306.0636964842895,SC,SOUTH CAROLINA
774,2036,41,934456.776010624,4465.2483263182185,SD,SOUTH DAKOTA
775,2036,42,397625.0415332948,2059.8627861162777,TN,TENNESSEE
776,2036,43,1613141.5100664888,6774.617232417139,TX,TEXAS
777,2036,44,4341.15957468783,245.0688171192329,UT,UTAH
778,2036,45,0.0,0.0,VT,VERMONT
779,2036,46,77.5394246411521,7.855336955216244,VA,VIRGINIA
780,2036,47,10766.092574275392,57.385465721784826,WA,WASHINGTON
781,2036,48,13.43797429817726,1.338733472192863,WV,WEST VIRGINIA
782,2036,49,970747.6301687284,8866.293465087107,WI,WISCONSIN
783,2036,50,11835.149178730522,144.1308888612789,WY,WYOMING
784,2037,0,5815.882395291285,86.86400139415301,AL,ALABAMA
785,2037,2,2432.219017869221,192.17849835342827,AZ,ARIZONA
786,2037,3,3679.436526388805,44.59710328610934,AR,ARKANSAS
787,2037,4,23779.25921738454,305.7598188518918,CA,CALIFORNIA
788,2037,5,124677.56788668332,2231.783935320321,CO,COLORADO
789,2037,6,148.43992165103515,2.388205383116355,CT,CONNECTICUT
790,2037,7,29724.35817082716,243.13852963684656,DE,DELAWARE
791,2037,8,0.0,0.0,DC,DISTRICT OF COLUMBIA
792,2037,9,2665.9328739788957,33.33864327137409,FL,FLORIDA
793,2037,10,11.352546466545748,2.992728937093672,GA,GEORGIA
794,2037,12,697.8748193151229,24.66452338281808,ID,IDAHO
795,2037,13,1093021.9087221797,5891.417414138138,IL,ILLINOIS
796,2037,14,101834.4924247022,2150.575756297608,IN,INDIANA
797,2037,15,785640.2158126219,4124.920967622312,IA,IOWA
798,2037,16,1739098.912436825,8677.108425082319,KS,KANSAS
799,2037,17,761.5058404391664,36.2170672161532,KY,KENTUCKY
800,2037,18,14448.994947473535,133.06272067733028,LA,LOUISIANA
801,2037,19,572.7074199984811,4.939986407990926,ME,MAINE
802,2037,20,152035.3053504557,1196.091497994756,MD,MARYLAND
803,2037,21,2534.9171825832664,36.87938023861544,MA,MASSACHUSETTS
804,2037,22,254520.64010957783,2289.5472379343614,MI,MICHIGAN
805,2037,23,109948.01830923778,896.3293141516128,MN,MINNESOTA
806,2037,24,1175.7995482479314,11.849791827011549,MS,MISSISSIPPI
807,2037,25,507101.5930946845,3813.5993767652008,MO,MISSOURI
808,2037,26,4737.634100156975,17.1505592212345,MT,MONTANA
809,2037,27,1308760.4292469271,6863.490352685146,NE,NEBRASKA
810,2037,28,0.0,0.0,NV,NEVADA
811,2037,29,473.6174939318144,4.091845162996992,NH,NEW HAMPSHIRE
812,2037,30,44081.35331489518,286.00616363046106,NJ,NEW JERSEY
813,2037,31,11435.832281903871,172.76611295183432,NM,NEW MEXICO
814,2037,32,10315.003185318878,598.5809928769856,NY,NEW YORK
815,2037,33,18076.555579723117,318.95383419964145,NC,NORTH CAROLINA
816,2037,34,40195.55771201683,152.24161258953967,ND,NORTH DAKOTA
817,2037,35,35220.50728762668,808.8825653529062,OH,OHIO
818,2037,36,79010.89683146769,273.4110983810106,OK,OKLAHOMA
819,2037,37,15951.42306418768,51.5602417584206,OR,OREGON
820,2037,38,62828.88444610778,1110.0914519885282,PA,PENNSYLVANIA
821,2037,39,971.7933320322572,16.816863868210827,RI,RHODE ISLAND
822,2037,40,204.42523244092305,11.433832795305529,SC,SOUTH CAROLINA
823,2037,41,343.9634819066066,3.476260896294868,SD,SOUTH DAKOTA
824,2037,42,77.32026146350074,5.5029847299688495,TN,TENNESSEE
825,2037,43,128581.27488331293,762.3993149513201,TX,TEXAS
826,2037,44,2195.6815922486617,135.03617391380988,UT,UTAH
827,2037,45,3035.1517808193603,22.36945898871768,VT,VERMONT
828,2037,46,2556.50906813366,80.32117811257606,VA,VIRGINIA
829,2037,47,2076.7014760030493,15.877417990379938,WA,WASHINGTON
830,2037,48,1114.1141641818956,39.16156806575394,WV,WEST VIRGINIA
831,2037,49,251186.745353783,3770.2052765426743,WI,WISCONSIN
832,2037,50,2797.5066471438267,71.62211512527611,WY,WYOMING
833,2038,0,283747.89263382915,1127.5549534843558,AL,ALABAMA
834,2038,2,1493.554148062273,129.6326045150705,AZ,ARIZONA
835,2038,3,135967.10970490152,404.6769704613742,AR,ARKANSAS
836,2038,4,6162.940626372557,62.108627117942106,CA,CALIFORNIA
837,2038,5,227402.0721407898,2834.1274962018856,CO,COLORADO
838,2038,6,0.0,0.0,CT,CONNECTICUT
839,2038,7,0.0,0.0,DE,DELAWARE
840,2038,8,0.0,0.0,DC,DISTRICT OF COLUMBIA
841,2038,9,306766.46050594334,676.7108173934785,FL,FLORIDA
842,2038,10,651494.7571498909,1376.5932234873894,GA,GEORGIA
843,2038,12,120.07491299648916,4.587832622336828,ID,IDAHO
844,2038,13,583475.0813526819,10048.005408532752,IL,ILLINOIS
845,2038,14,149978.30030649973,2763.635450891382,IN,INDIANA
846,2038,15,911101.4182676908,4629.816634939287,IA,IOWA
847,2038,16,1773603.4220154218,7720.139680102306,KS,KANSAS
848,2038,17,134743.54174959962,1130.0120872083114,KY,KENTUCKY
849,2038,18,449091.0568445696,1218.1341656549287,LA,LOUISIANA
850,2038,19,354.86725430055253,10.30263812731974,ME,MAINE
851,2038,20,1909.080325206093,22.026666212836723,MD,MARYLAND
852,2038,21,498.53385763029553,14.35690423274206,MA,MASSACHUSETTS
853,2038,22,300206.3547815621,4830.8751153545645,MI,MICHIGAN
854,2038,23,1810333.7675786384,14258.598358184769,MN,MINNESOTA
855,2038,24,510278.84319901926,1797.630138418289,MS,MISSISSIPPI
856,2038,25,161723.81633581468,2135.0302976730186,MO,MISSOURI
857,2038,26,23606.840092373983,120.75272607040122,MT,MONTANA
858,2038,27,849177.7600186949,4888.31416953333,NE,NEBRASKA
859,2038,28,0.0,0.0,NV,NEVADA
860,2038,29,281.54634038774867,1.849617302821451,NH,NEW HAMPSHIRE
861,2038,30,14.375688507084664,0.7693260432128709,NJ,NEW JERSEY
862,2038,31,29175.66278638527,385.0765942881411,NM,NEW MEXICO
863,2038,32,70721.27363620988,1173.7778942091109,NY,NEW YORK
864,2038,33,121559.08797561932,681.3370447740406,NC,NORTH CAROLINA
865,2038,34,223944.20319444215,1383.2586659681615,ND,NORTH DAKOTA
866,2038,35,31239.830106057085,1770.7995832371212,OH,OHIO
867,2038,36,273867.51827895665,1255.7843661252036,OK,OKLAHOMA
868,2038,37,2815.47202505025,8.142104252203572,OR,OREGON
869,2038,38,9376.57628022796,235.6220918070053,PA,PENNSYLVANIA
870,2038,39,0.0,0.0,RI,RHODE ISLAND
871,2038,40,416163.0571895171,1005.9781884326084,SC,SOUTH CAROLINA
872,2038,41,1368891.6937402538,8723.634890027472,SD,SOUTH DAKOTA
873,2038,42,389060.531505566,1523.9390398787084,TN,TENNESSEE
874,2038,43,1765916.1662766426,7157.1030620674155,TX,TEXAS
875,2038,44,1969.6178624036415,118.91875571229806,UT,UTAH
876,2038,45,2493.453614394958,43.74588658505834,VT,VERMONT
877,2038,46,6614.216053688982,95.58221384866816,VA,VIRGINIA
878,2038,47,3812.997734992815,41.26640453959163,WA,WASHINGTON
879,2038,48,1433.4110641309476,27.502170421217222,WV,WEST VIRGINIA
880,2038,49,589806.22267622,6457.3509842459625,WI,WISCONSIN
881,2038,50,10961.579031590123,167.3674273007581,WY,WYOMING
882,2039,0,149760.21441793878,1261.7868568206866,AL,ALABAMA
883,2039,2,1877.410068563748,155.23151001341265,AZ,ARIZONA
884,2039,3,3589.382351044312,30.194349216445524,AR,ARKANSAS
885,2039,4,15894.111461836084,200.7255776318412,CA,CALIFORNIA
886,2039,5,64894.08744618318,847.1117864482334,CO,COLORADO
887,2039,6,7438.629987424161,86.81438322443596,CT,CONNECTICUT
888,2039,7,38134.15128003423,308.0979591213624,DE,DELAWARE
889,2039,8,0.0,0.0,DC,DISTRICT OF COLUMBIA
890,2039,9,127768.05158241924,622.516367411806,FL,FLORIDA
891,2039,10,365599.4237381022,1609.1146298835888,GA,GEORGIA
892,2039,12,2912.651042969257,98.86869646008049,ID,IDAHO
893,2039,13,1451068.4725466864,16127.624338076384,IL,ILLINOIS
894,2039,14,364937.6487767339,5599.7403944898615,IN,INDIANA
895,2039,15,72153.13070402305,720.1163264214565,IA,IOWA
896,2039,16,372860.8661335599,1840.01872664148,KS,KANSAS
897,2039,17,442711.0493627288,3804.682622989076,KY,KENTUCKY
898,2039,18,360751.5462328672,1618.6786082308397,LA,LOUISIANA
899,2039,19,1120.8729685453925,19.815708498048263,ME,MAINE
900,2039,20,302276.80652792635,1664.6998716745943,MD,MARYLAND
901,2039,21,12529.056087017008,107.94805326548448,MA,MASSACHUSETTS
902,2039,22,424721.7544411306,5350.864671156993,MI,MICHIGAN
903,2039,23,999288.0483983584,6120.916806122911,MN,MINNESOTA
904,2039,24,493876.1866968759,2200.090560496872,MS,MISSISSIPPI
905,2039,25,114344.56382241107,1044.93028686263,MO,MISSOURI
906,2039,26,12870.498907167068,55.35056062434974,MT,MONTANA
907,2039,27,215390.6835992923,911.2302893233776,NE,NEBRASKA
908,2039,28,0.0,0.0,NV,NEVADA
909,2039,29,2658.575567775349,20.808761296877677,NH,NEW HAMPSHIRE
910,2039,30,102040.25319053068,522.4161441827698,NJ,NEW JERSEY
911,2039,31,10193.754700862582,160.64604265242883,NM,NEW MEXICO
912,2039,32,51848.41153631919,894.9131898559566,NY,NEW YORK
913,2039,33,103331.29689831012,2202.860911171393,NC,NORTH CAROLINA
914,2039,34,31836.77042135412,488.0884379678809,ND,NORTH DAKOTA
915,2039,35,411284.6337136837,6044.137797946993,OH,OHIO
916,2039,36,32034.43261034512,206.46337154745717,OK,OKLAHOMA
917,2039,37,38608.126606556674,120.56885539365864,OR,OREGON
918,2039,38,575770.1157048997,2820.812108698231,PA,PENNSYLVANIA
919,2039,39,1310.8697444857492,18.87579919640921,RI,RHODE ISLAND
920,2039,40,11327.338020541774,358.12753090668105,SC,SOUTH CAROLINA
921,2039,41,619725.0503756206,4075.677212619706,SD,SOUTH DAKOTA
922,2039,42,205055.2436630629,2226.5556920075724,TN,TENNESSEE
923,2039,43,195772.47943838628,1364.6420093718184,TX,TEXAS
924,2039,44,4938.724115455548,286.97972045516457,UT,UTAH
925,2039,45,1042.6992715855413,13.659801053949138,VT,VERMONT
926,2039,46,121730.3757192705,1402.5998170587504,VA,VIRGINIA
927,2039,47,13867.007331707238,101.20751015034708,WA,WASHINGTON
928,2039,48,16622.203259359216,89.13516950670275,WV,WEST VIRGINIA
929,2039,49,194822.0593075074,2373.628380337912,WI,WISCONSIN
930,2039,50,5658.839524467427,81.12884741976472,WY,WYOMING
931,2040,0,323089.4787940236,1349.1031211083657,AL,ALABAMA
932,2040,2,3273.899777729981,262.22897564300666,AZ,ARIZONA
933,2040,3,34461.67487293792,221.09054030111284,AR,ARKANSAS
934,2040,4,9199.501554254131,105.4059827706541,CA,CALIFORNIA
935,2040,5,359667.4837576437,3704.844178574782,CO,COLORADO
936,2040,6,2386.7437987089324,69.64322047847331,CT,CONNECTICUT
937,2040,7,0.0,0.0,DE,DELAWARE
938,2040,8,0.0,0.0,DC,DISTRICT OF COLUMBIA
939,2040,9,305462.6092070952,788.4185518499874,FL,FLORIDA
940,2040,10,795906.2990896585,1856.316410134248,GA,GEORGIA
941,2040,12,5103.098384161441,177.117478346081,ID,IDAHO
942,2040,13,3577571.732854797,29414.17204419728,IL,ILLINOIS
943,2040,14,172265.81487555464,2758.183983432129,IN,INDIANA
944,2040,15,15049743.827613324,40924.00285730783,IA,IOWA
945,2040,16,2127046.15126858,8520.233852050093,KS,KANSAS
946,2040,17,221927.85938538244,2655.5511315159283,KY,KENTUCKY
947,2040,18,868446.1228618614,1966.8495616019213,LA,LOUISIANA
948,2040,19,802.6740263422985,12.84967611301678,ME,MAINE
949,2040,20,1835.5319155804864,55.23752713970964,MD,MARYLAND
950,2040,21,0.0,0.0,MA,MASSACHUSETTS
951,2040,22,151160.64217139006,2307.439692496076,MI,MICHIGAN
952,2040,23,7502984.017707006,28906.77395941693,MN,MINNESOTA
953,2040,24,856888.4302532482,2493.9168368543938,MS,MISSISSIPPI
954,2040,25,1619557.1145365385,7369.825714460569,MO,MISSOURI
955,2040,26,23992.92905434153,120.95209081810152,MT,MONTANA
956,2040,27,5409036.866474973,18869.947846358235,NE,NEBRASKA
957,2040,28,0.0,0.0,NV,NEVADA
958,2040,29,501.45169139549375,1.8512529019750272,NH,NEW HAMPSHIRE
959,2040,30,6392.568717577338,66.68800981933178,NJ,NEW JERSEY
960,2040,31,39926.552835141214,589.1474419803328,NM,NEW MEXICO
961,2040,32,8342.652863866178,69.0281017751885,NY,NEW YORK
962,2040,33,91126.72334688272,873.557243106986,NC,NORTH CAROLINA
963,2040,34,640802.5069373847,2923.7142022409,ND,NORTH DAKOTA
964,2040,35,94091.86689793848,1827.284049166816,OH,OHIO
965,2040,36,179045.80386574694,719.7165033340707,OK,OKLAHOMA
966,2040,37,48044.42769499255,137.50315914506612,OR,OREGON
967,2040,38,41955.612442191086,902.6391519876136,PA,PENNSYLVANIA
968,2040,39,9.596813683318988,0.948656549992132,RI,RHODE ISLAND
969,2040,40,555448.7201872874,1730.290377073269,SC,SOUTH CAROLINA
970,2040,41,5320163.771280869,16425.060798186794,SD,SOUTH DAKOTA
971,2040,42,238506.77663801293,1645.9843129729388,TN,TENNESSEE
972,2040,43,684578.1608855606,4738.705928331543,TX,TEXAS
973,2040,44,6406.840156772717,361.3087036717768,UT,UTAH
974,2040,45,215.01614242339744,5.037224274886455,VT,VERMONT
975,2040,46,86.7284449566231,6.795776342169376,VA,VIRGINIA
976,2040,47,8779.110918642771,82.77147481357504,WA,WASHINGTON
977,2040,48,1703.890596998277,71.28650915959294,WV,WEST VIRGINIA
978,2040,49,483820.4950427452,6762.743797633402,WI,WISCONSIN
979,2040,50,27722.353506689917,333.15818010699405,WY,WYOMING
980,2041,0,87057.23144727052,596.0156243593029,AL,ALABAMA
981,2041,2,1803.3494192629696,150.59081651364767,AZ,ARIZONA
982,2041,3,79687.16067164109,300.2248251464616,AR,ARKANSAS
983,2041,4,8835.135320971476,126.37739927974992,CA,CALIFORNIA
984,2041,5,278925.5805192936,2924.3086058521594,CO,COLORADO
985,2041,6,97.62651873766548,5.922933731951358,CT,CONNECTICUT
986,2041,7,0.0,0.0,DE,DELAWARE
987,2041,8,0.0,0.0,DC,DISTRICT OF COLUMBIA
988,2041,9,189337.05818846842,686.0545991124911,FL,FLORIDA
989,2041,10,105692.93735379272,625.843056169858,GA,GEORGIA
990,2041,12,6028.587627987082,205.9325232631544,ID,IDAHO
991,2041,13,7016451.840806002,38096.28329596773,IL,ILLINOIS
992,2041,14,571272.0261310431,6765.067385954075,IN,INDIANA
993,2041,15,6830065.375962112,25827.68955899,IA,IOWA
994,2041,16,697324.6129769434,2910.5628708959,KS,KANSAS
995,2041,17,420388.42591585015,3155.795117110225,KY,KENTUCKY
996,2041,18,37447.27239747132,464.6644345559215,LA,LOUISIANA
997,2041,19,381.0690157605866,4.411965889361575,ME,MAINE
998,2041,20,2472.172622466541,78.82308929137292,MD,MARYLAND
999,2041,21,107.32167729347502,7.822248876798357,MA,MASSACHUSETTS
1000,2041,22,500394.393885933,5711.709711610943,MI,MICHIGAN
1001,2041,23,6954447.322349222,26311.26839252704,MN,MINNESOTA
1002,2041,24,280588.55612138315,1218.582517783365,MS,MISSISSIPPI
1003,2041,25,379165.09162009705,3078.604394423617,MO,MISSOURI
1004,2041,26,22367.550454670047,102.9151895533222,MT,MONTANA
1005,2041,27,784501.0805033515,3346.993380680666,NE,NEBRASKA
1006,2041,28,0.0,0.0,NV,NEVADA
1007,2041,29,545.1169603276555,2.196091723520641,NH,NEW HAMPSHIRE
1008,2041,30,1821.646778725604,38.11480729135685,NJ,NEW JERSEY
1009,2041,31,28662.0904887608,341.0871876539834,NM,NEW MEXICO
1010,2041,32,39786.98038590864,798.8231538495959,NY,NEW YORK
1011,2041,33,60502.06886739023,1051.6063684648525,NC,NORTH CAROLINA
1012,2041,34,103610.36500154607,653.5826854025952,ND,NORTH DAKOTA
1013,2041,35,102411.07759597004,2653.486041284425,OH,OHIO
1014,2041,36,90787.42252589265,522.2995308680051,OK,OKLAHOMA
1015,2041,37,62903.68529531612,155.4746465284621,OR,OREGON
1016,2041,38,47876.27665083957,1028.49236550767,PA,PENNSYLVANIA
1017,2041,39,51.17873116616737,3.1648258076159705,RI,RHODE ISLAND
1018,2041,40,7439.7007601182595,137.09782935598,SC,SOUTH CAROLINA
1019,2041,41,760934.6105649672,5064.035716749599,SD,SOUTH DAKOTA
1020,2041,42,269014.02985406376,1836.7952747678928,TN,TENNESSEE
1021,2041,43,440607.83223078534,2014.4652452150353,TX,TEXAS
1022,2041,44,5835.352639816803,333.44576331149665,UT,UTAH
1023,2041,45,2116.252470882241,28.91551103061725,VT,VERMONT
1024,2041,46,10836.24893746528,313.0444017968049,VA,VIRGINIA
1025,2041,47,46393.86333839483,231.4461974785347,WA,WASHINGTON
1026,2041,48,921.232565044898,37.843107698978976,WV,WEST VIRGINIA
1027,2041,49,2402893.746744603,15008.243775323836,WI,WISCONSIN
1028,2041,50,31744.24619172795,390.8988494714084,WY,WYOMING
1029,2042,0,246099.1814630858,1189.404737424093,AL,ALABAMA
1030,2042,2,5781.296455046283,454.7186931484092,AZ,ARIZONA
1031,2042,3,59108.32611077063,212.14184033528733,AR,ARKANSAS
1032,2042,4,23687.75276728802,267.5656762253856,CA,CALIFORNIA
1033,2042,5,419552.8663513919,4155.853056155045,CO,COLORADO
1034,2042,6,156.66382851661285,10.100110400505937,CT,CONNECTICUT
1035,2042,7,36213.88299025053,347.93434854950215,DE,DELAWARE
1036,2042,8,0.0,0.0,DC,DISTRICT OF COLUMBIA
1037,2042,9,60985.50592207029,459.2370815334653,FL,FLORIDA
1038,2042,10,275921.4995273258,1713.6962258727344,GA,GEORGIA
1039,2042,12,3944.432882830736,137.93395476853934,ID,IDAHO
1040,2042,13,9644726.429320017,36546.55871547212,IL,ILLINOIS
1041,2042,14,854713.4078382251,7741.8696655936255,IN,INDIANA
1042,2042,15,16365247.474980362,45017.70089737819,IA,IOWA
1043,2042,16,2975208.8579005017,11228.630909396195,KS,KANSAS
1044,2042,17,341774.8446308885,3354.582899687673,KY,KENTUCKY
1045,2042,18,366755.30312366015,1390.352245106297,LA,LOUISIANA
1046,2042,19,4400.121163647888,64.74827305660965,ME,MAINE
1047,2042,20,179284.84370723672,1264.4642648935342,MD,MARYLAND
1048,2042,21,172.93501140978907,13.10063704973124,MA,MASSACHUSETTS
1049,2042,22,585140.4368249975,5535.553793324459,MI,MICHIGAN
1050,2042,23,5095709.971813241,15871.185984074193,MN,MINNESOTA
1051,2042,24,385628.6363965164,1706.7370872712954,MS,MISSISSIPPI
1052,2042,25,3209500.643628843,11514.980230493353,MO,MISSOURI
1053,2042,26,32439.597251837564,126.01514247213898,MT,MONTANA
1054,2042,27,5486221.837472821,18623.077931554177,NE,NEBRASKA
1055,2042,28,0.0,0.0,NV,NEVADA
1056,2042,29,459.8411003966712,2.927625987176496,NH,NEW HAMPSHIRE
1057,2042,30,18888.55459665177,234.3974641220689,NJ,NEW JERSEY
1058,2042,31,36453.18049697748,635.9859260859535,NM,NEW MEXICO
1059,2042,32,23186.64817266703,293.5485091392304,NY,NEW YORK
1060,2042,33,656654.108645815,3747.8131860600847,NC,NORTH CAROLINA
1061,2042,34,1340821.0879407995,3510.9919602335863,ND,NORTH DAKOTA
1062,2042,35,36316.00169211582,1246.9851208397051,OH,OHIO
1063,2042,36,334191.4303249721,1395.7195119777753,OK,OKLAHOMA
1064,2042,37,41530.1007316856,127.694532755867,OR,OREGON
1065,2042,38,246618.32016315844,1861.3856784614331,PA,PENNSYLVANIA
1066,2042,39,176.76744883889404,5.66637297375183,RI,RHODE ISLAND
1067,2042,40,222690.03618802625,1733.675318771291,SC,SOUTH CAROLINA
1068,2042,41,5920007.105197623,16976.780816201193,SD,SOUTH DAKOTA
1069,2042,42,167752.48443334026,1383.384432224646,TN,TENNESSEE
1070,2042,43,790693.1796885536,5502.704346021532,TX,TEXAS
1071,2042,44,6240.360427227979,351.4674330884436,UT,UTAH
1072,2042,45,1857.9280339959903,56.52115101751347,VT,VERMONT
1073,2042,46,236080.7514370473,1037.8187117954838,VA,VIRGINIA
1074,2042,47,6024.859008959525,37.07690591270468,WA,WASHINGTON
1075,2042,48,1017.459625586194,37.66058796054646,WV,WEST VIRGINIA
1076,2042,49,989803.8045719548,8209.241311457552,WI,WISCONSIN
1077,2042,50,35979.78028436465,434.3379745937776,WY,WYOMING
1078,2043,0,9649.164532503331,106.5262705267106,AL,ALABAMA
1079,2043,2,3821.616816857153,311.1196248857816,AZ,ARIZONA
1080,2043,3,8113.802126760868,104.76603181908877,AR,ARKANSAS
1081,2043,4,7446.926508185141,98.95089297406396,CA,CALIFORNIA
1082,2043,5,290586.5147680216,3039.296883329853,CO,COLORADO
1083,2043,6,250.49234982214747,3.922354917924753,CT,CONNECTICUT
1084,2043,7,0.0,0.0,DE,DELAWARE
1085,2043,8,0.0,0.0,DC,DISTRICT OF COLUMBIA
1086,2043,9,819.84992833799,12.660180641131372,FL,FLORIDA
1087,2043,10,2088.041842456868,18.439201644443703,GA,GEORGIA
1088,2043,12,5568.032869773903,192.12408581097975,ID,IDAHO
1089,2043,13,12506976.935786512,35221.19687025287,IL,ILLINOIS
1090,2043,14,508786.3631117416,2792.7671873246904,IN,INDIANA
1091,2043,15,13366012.471282262,46344.31160618484,IA,IOWA
1092,2043,16,1701552.7363217585,7936.390154654913,KS,KANSAS
1093,2043,17,18857.776715731645,151.27134459524714,KY,KENTUCKY
1094,2043,18,57330.240398570735,499.20345238038345,LA,LOUISIANA
1095,2043,19,561.5177071852739,12.267103277158192,ME,MAINE
1096,2043,20,0.0,0.0,MD,MARYLAND
1097,2043,21,2361.605146173597,46.08901843989535,MA,MASSACHUSETTS
1098,2043,22,262567.3300309779,3410.164718254497,MI,MICHIGAN
1099,2043,23,5865889.054204538,25355.882023749746,MN,MINNESOTA
1100,2043,24,13812.347123794068,96.644492790937,MS,MISSISSIPPI
1101,2043,25,2303897.638154992,10798.33773848934,MO,MISSOURI
1102,2043,26,31841.406384987826,153.30042552561756,MT,MONTANA
1103,2043,27,2596665.580623083,15018.387839798144,NE,NEBRASKA
1104,2043,28,0.0,0.0,NV,NEVADA
1105,2043,29,105.89457633008465,3.6025221576542164,NH,NEW HAMPSHIRE
1106,2043,30,0.0,0.0,NJ,NEW JERSEY
1107,2043,31,59143.60408507443,694.3103455089949,NM,NEW MEXICO
1108,2043,32,2388.4602828812126,25.564311215110983,NY,NEW YORK
1109,2043,33,0.0,0.0,NC,NORTH CAROLINA
1110,2043,34,663268.3937076686,3039.906168469718,ND,NORTH DAKOTA
1111,2043,35,2049.7930921812804,147.2007879230528,OH,OHIO
1112,2043,36,265761.1899328786,1117.8561066981993,OK,OKLAHOMA
1113,2043,37,53543.14151647606,161.39111430223076,OR,OREGON
1114,2043,38,0.0,0.0,PA,PENNSYLVANIA
1115,2043,39,0.0,0.0,RI,RHODE ISLAND
1116,2043,40,0.0,0.0,SC,SOUTH CAROLINA
1117,2043,41,2849116.8749043928,14550.373387766473,SD,SOUTH DAKOTA
1118,2043,42,5060.8137895732825,56.86244459571737,TN,TENNESSEE
1119,2043,43,364543.5591749661,2469.327949537743,TX,TEXAS
1120,2043,44,6103.066374104112,344.7768903417792,UT,UTAH
1121,2043,45,490.4973692040913,6.4579775878941765,VT,VERMONT
1122,2043,46,0.0,0.0,VA,VIRGINIA
1123,2043,47,19109.116889766927,98.9630337551624,WA,WASHINGTON
1124,2043,48,481.1266890383122,7.400808105187871,WV,WEST VIRGINIA
1125,2043,49,903927.3606602612,10105.607366228236,WI,WISCONSIN
1126,2043,50,24618.1161076282,292.3141629428091,WY,WYOMING
1127,2044,0,9624.796506494087,287.3964058424343,AL,ALABAMA
1128,2044,2,7584.771324179258,588.2691816318015,AZ,ARIZONA
1129,2044,3,2556.3435465411944,43.62160712843618,AR,ARKANSAS
1130,2044,4,33185.33752970064,381.19108417338657,CA,CALIFORNIA
1131,2044,5,342076.5472211723,3668.703399867679,CO,COLORADO
1132,2044,6,373.4865888963267,20.619880820927555,CT,CONNECTICUT
1133,2044,7,2938.693547183626,221.9431688535572,DE,DELAWARE
1134,2044,8,0.0,0.0,DC,DISTRICT OF COLUMBIA
1135,2044,9,329023.9322461642,726.8872896733351,FL,FLORIDA
1136,2044,10,213274.04414313237,1199.3783074932871,GA,GEORGIA
1137,2044,12,4141.501713956152,144.55937419097828,ID,IDAHO
1138,2044,13,1989262.2768109,14085.133613531349,IL,ILLINOIS
1139,2044,14,119130.21599476604,1314.97552714249,IN,INDIANA
1140,2044,15,5528926.867330158,22283.69510415244,IA,IOWA
1141,2044,16,1972906.9124179524,8314.301162286378,KS,KANSAS
1142,2044,17,181091.90901359305,2338.8789893905778,KY,KENTUCKY
1143,2044,18,239.86726302939024,5.015278643907022,LA,LOUISIANA
1144,2044,19,584.081937292231,23.4788791637299,ME,MAINE
1145,2044,20,223.54242584316137,33.6975134149203,MD,MARYLAND
1146,2044,21,1045.2582033407298,33.09079662054424,MA,MASSACHUSETTS
1147,2044,22,35807.64087338365,483.3801103052213,MI,MICHIGAN
1148,2044,23,8019757.986007294,24445.599281617837,MN,MINNESOTA
1149,2044,24,27305.84775322053,546.0900997422096,MS,MISSISSIPPI
1150,2044,25,136019.67012761018,1567.6388902725605,MO,MISSOURI
1151,2044,26,17928.52605833643,93.39011407057158,MT,MONTANA
1152,2044,27,2751296.15470662,13678.40727938998,NE,NEBRASKA
1153,2044,28,0.0,0.0,NV,NEVADA
1154,2044,29,286.16940496374286,2.886157393147001,NH,NEW HAMPSHIRE
1155,2044,30,634.4704509505316,41.34978157362153,NJ,NEW JERSEY
1156,2044,31,43682.8770433795,602.1156511079103,NM,NEW MEXICO
1157,2044,32,50511.23905034899,1655.662767602209,NY,NEW YORK
1158,2044,33,1278.3139268575223,81.69560455964745,NC,NORTH CAROLINA
1159,2044,34,309266.6750358474,1829.586691736695,ND,NORTH DAKOTA
1160,2044,35,38028.02530610943,1148.6166258024257,OH,OHIO
1161,2044,36,241528.01890519317,958.2983228615108,OK,OKLAHOMA
1162,2044,37,13143.574918894456,37.9056789881516,OR,OREGON
1163,2044,38,27646.54691739292,381.179560049677,PA,PENNSYLVANIA
1164,2044,39,24.706281868774603,2.544272683904013,RI,RHODE ISLAND
1165,2044,40,90978.48063209363,474.9077444011744,SC,SOUTH CAROLINA
1166,2044,41,2816750.2847425565,14810.499156321654,SD,SOUTH DAKOTA
1167,2044,42,68553.22254656133,881.0477428807469,TN,TENNESSEE
1168,2044,43,238383.29538570432,1213.3305533859584,TX,TEXAS
1169,2044,44,5786.040292684809,326.1120053524781,UT,UTAH
1170,2044,45,1937.982593253592,31.32987305061053,VT,VERMONT
1171,2044,46,870.6386580782096,28.869635758668103,VA,VIRGINIA
1172,2044,47,29246.61413321021,163.65094329361338,WA,WASHINGTON
1173,2044,48,681.123432074878,16.686047715123294,WV,WEST VIRGINIA
1174,2044,49,95106.6907714068,1299.632428718931,WI,WISCONSIN
1175,2044,50,28149.533339507598,348.1003731252491,WY,WYOMING
1176,2045,0,0.0,0.0,AL,ALABAMA
1177,2045,2,2469.0349378396745,189.4879914862067,AZ,ARIZONA
1178,2045,3,116667.91457196858,395.96520415039134,AR,ARKANSAS
1179,2045,4,2896.779333477225,29.962744914759444,CA,CALIFORNIA
1180,2045,5,236387.067298691,2519.604558445216,CO,COLORADO
1181,2045,6,834.6012827098498,27.412700811213675,CT,CONNECTICUT
1182,2045,7,0.0,0.0,DE,DELAWARE
1183,2045,8,0.0,0.0,DC,DISTRICT OF COLUMBIA
1184,2045,9,167.59711340004475,2.9302081555636077,FL,FLORIDA
1185,2045,10,0.0,0.0,GA,GEORGIA
1186,2045,12,637.1051505308892,22.933029618699027,ID,IDAHO
1187,2045,13,11999501.582611792,36800.83428376718,IL,ILLINOIS
1188,2045,14,296436.0339408816,3155.715399314623,IN,INDIANA
1189,2045,15,15118736.271633448,46827.70468307932,IA,IOWA
1190,2045,16,1405474.0620419544,6280.7062134687,KS,KANSAS
1191,2045,17,48975.3428714477,717.2004221252351,KY,KENTUCKY
1192,2045,18,341239.77429396956,1286.3580910271933,LA,LOUISIANA
1193,2045,19,8069.471288135446,94.73876501419248,ME,MAINE
1194,2045,20,992.935607237574,53.11769940611059,MD,MARYLAND
1195,2045,21,3299.088115514108,50.75500886071247,MA,MASSACHUSETTS
1196,2045,22,270174.5962779961,3350.3535811489564,MI,MICHIGAN
1197,2045,23,3492610.4832524727,21748.56894958901,MN,MINNESOTA
1198,2045,24,178741.25925565293,1000.2398714742078,MS,MISSISSIPPI
1199,2045,25,2967599.6457071,11815.381400894492,MO,MISSOURI
1200,2045,26,5248.2288860906,24.954424508883687,MT,MONTANA
1201,2045,27,778159.6757359752,7495.509859565508,NE,NEBRASKA
1202,2045,28,0.0,0.0,NV,NEVADA
1203,2045,29,648.6410361733192,9.255897283223751,NH,NEW HAMPSHIRE
1204,2045,30,2181.7932592415823,74.76785225287213,NJ,NEW JERSEY
1205,2045,31,11281.321848530515,155.7348778408379,NM,NEW MEXICO
1206,2045,32,31027.77162646107,584.1613414491669,NY,NEW YORK
1207,2045,33,0.000583997160042,4.469789473318728e-05,NC,NORTH CAROLINA
1208,2045,34,141038.67729684393,1202.867667531672,ND,NORTH DAKOTA
1209,2045,35,141968.70786639172,1899.3632211314657,OH,OHIO
1210,2045,36,196447.64328703648,961.2536850925876,OK,OKLAHOMA
1211,2045,37,30521.19380872753,86.90620847890408,OR,OREGON
1212,2045,38,15964.90352936749,434.4170364486535,PA,PENNSYLVANIA
1213,2045,39,1018.8838633564598,11.53345567306718,RI,RHODE ISLAND
1214,2045,40,4068.13943935864,108.29441959206274,SC,SOUTH CAROLINA
1215,2045,41,1192116.6816700215,11184.28673707333,SD,SOUTH DAKOTA
1216,2045,42,69998.90426417565,452.36194784859646,TN,TENNESSEE
1217,2045,43,1288646.0208165667,5875.962532083564,TX,TEXAS
1218,2045,44,2629.9207528257857,150.60986717841513,UT,UTAH
1219,2045,45,2268.985733763488,21.75722321072227,VT,VERMONT
1220,2045,46,0.0,0.0,VA,VIRGINIA
1221,2045,47,67896.17626432439,338.0111992438069,WA,WASHINGTON
1222,2045,48,425.02292780892304,12.007732859572164,WV,WEST VIRGINIA
1223,2045,49,1865591.7887979855,13458.300688467432,WI,WISCONSIN
1224,2045,50,19384.138549197694,257.3705392586261,WY,WYOMING
1225,2046,0,289965.09874107025,1301.5623566636962,AL,ALABAMA
1226,2046,2,6847.778598905529,529.5500343117078,AZ,ARIZONA
1227,2046,3,172175.15997920302,415.8489666703182,AR,ARKANSAS
1228,2046,4,7288.621221053896,80.33094721587725,CA,CALIFORNIA
1229,2046,5,276377.776314265,3130.509598216384,CO,COLORADO
1230,2046,6,0.0,0.0,CT,CONNECTICUT
1231,2046,7,60.0786914341262,23.16054663183114,DE,DELAWARE
1232,2046,8,0.0,0.0,DC,DISTRICT OF COLUMBIA
1233,2046,9,67691.45508395764,528.1966469162668,FL,FLORIDA
1234,2046,10,199780.0368928446,1260.3156904867217,GA,GEORGIA
1235,2046,12,608.2106953831336,21.082672875747843,ID,IDAHO
1236,2046,13,8245372.373128701,34440.27132445662,IL,ILLINOIS
1237,2046,14,143823.94361058844,2949.699263432846,IN,INDIANA
1238,2046,15,20517233.79523107,44310.017962565136,IA,IOWA
1239,2046,16,2939590.3472934053,12407.465707673276,KS,KANSAS
1240,2046,17,448209.9824676709,2921.733332825721,KY,KENTUCKY
1241,2046,18,765276.9270924327,1836.9349339230218,LA,LOUISIANA
1242,2046,19,807.1172165089357,19.32090770716295,ME,MAINE
1243,2046,20,911.66323913956,159.37845727093935,MD,MARYLAND
1244,2046,21,0.0,0.0,MA,MASSACHUSETTS
1245,2046,22,206064.56558995615,1827.716913965941,MI,MICHIGAN
1246,2046,23,9344991.53768349,27635.00694811423,MN,MINNESOTA
1247,2046,24,973566.9416996012,2345.405014564743,MS,MISSISSIPPI
1248,2046,25,4843106.196387781,12661.454660884016,MO,MISSOURI
1249,2046,26,19093.2278492771,82.15621760608396,MT,MONTANA
1250,2046,27,4865624.578840779,16033.585388663438,NE,NEBRASKA
1251,2046,28,0.0,0.0,NV,NEVADA
1252,2046,29,384.108096995133,1.851901689639279,NH,NEW HAMPSHIRE
1253,2046,30,679.1115012705493,79.75940081850248,NJ,NEW JERSEY
1254,2046,31,31198.365449218654,434.2175626179946,NM,NEW MEXICO
1255,2046,32,35598.47072076073,781.0548109586396,NY,NEW YORK
1256,2046,33,94.20812910156326,10.908834466284254,NC,NORTH CAROLINA
1257,2046,34,1158143.2758298488,3516.7944141435078,ND,NORTH DAKOTA
1258,2046,35,9242.29768868165,330.7105169875188,OH,OHIO
1259,2046,36,415945.3756306008,1708.61348761831,OK,OKLAHOMA
1260,2046,37,15541.045795603151,45.81739483027752,OR,OREGON
1261,2046,38,13025.104300863304,497.2325048440209,PA,PENNSYLVANIA
1262,2046,39,0.0,0.0,RI,RHODE ISLAND
1263,2046,40,27871.120281476877,324.06219251420856,SC,SOUTH CAROLINA
1264,2046,41,4811269.917513218,15579.232368792853,SD,SOUTH DAKOTA
1265,2046,42,633877.6710942566,2296.3166105002874,TN,TENNESSEE
1266,2046,43,1763140.4539966,7870.885431574164,TX,TEXAS
1267,2046,44,4446.115676409395,255.6730820959992,UT,UTAH
1268,2046,45,587.7685901093064,10.277822606590544,VT,VERMONT
1269,2046,46,675.0416385131265,64.2826570685578,VA,VIRGINIA
1270,2046,47,9790.856030564028,64.58623910982536,WA,WASHINGTON
1271,2046,48,11.23897708371362,1.3597455651367116,WV,WEST VIRGINIA
1272,2046,49,2375758.0991063467,12506.484927315438,WI,WISCONSIN
1273,2046,50,27397.216409582183,343.3230194294048,WY,WYOMING
1274,2047,0,285988.2460439637,1072.2315210705742,AL,ALABAMA
1275,2047,2,5045.810972979556,399.87692632789657,AZ,ARIZONA
1276,2047,3,21012.12693600791,141.6267694176512,AR,ARKANSAS
1277,2047,4,37661.87600692987,412.3709224478114,CA,CALIFORNIA
1278,2047,5,57718.404926336094,754.6029363784355,CO,COLORADO
1279,2047,6,0.0,0.0,CT,CONNECTICUT
1280,2047,7,27170.56826035768,327.9938197194046,DE,DELAWARE
1281,2047,8,0.0,0.0,DC,DISTRICT OF COLUMBIA
1282,2047,9,64937.294856465815,372.21101330016995,FL,FLORIDA
1283,2047,10,364579.7668758711,1542.3978949097068,GA,GEORGIA
1284,2047,12,4412.547419212035,150.5665666614752,ID,IDAHO
1285,2047,13,6739383.056761391,31616.766959764485,IL,ILLINOIS
1286,2047,14,140942.434567253,1506.509115368274,IN,INDIANA
1287,2047,15,8777734.861624658,28732.25071284199,IA,IOWA
1288,2047,16,203784.01085744725,1927.1247338314731,KS,KANSAS
1289,2047,17,69791.85606857091,1154.2255972138291,KY,KENTUCKY
1290,2047,18,95547.30061822537,816.5400888627477,LA,LOUISIANA
1291,2047,19,231.4727677700868,7.1713350633301,ME,MAINE
1292,2047,20,55791.634580555954,618.784421842566,MD,MARYLAND
1293,2047,21,369.2706599991512,7.690686597665072,MA,MASSACHUSETTS
1294,2047,22,803436.7463343045,5602.400907338685,MI,MICHIGAN
1295,2047,23,9092905.203522095,25761.75484549919,MN,MINNESOTA
1296,2047,24,476485.8834625466,2130.3884791314013,MS,MISSISSIPPI
1297,2047,25,2063769.555614191,7574.366190119379,MO,MISSOURI
1298,2047,26,3266.9080536954543,17.53764880314895,MT,MONTANA
1299,2047,27,807352.8843466328,5168.21908250203,NE,NEBRASKA
1300,2047,28,0.0,0.0,NV,NEVADA
1301,2047,29,327.6653572898182,2.1643883599271585,NH,NEW HAMPSHIRE
1302,2047,30,6273.401999858101,94.34853025507998,NJ,NEW JERSEY
1303,2047,31,16778.17074984045,201.980862257154,NM,NEW MEXICO
1304,2047,32,11425.08574887508,276.884041814073,NY,NEW YORK
1305,2047,33,19918.781883162585,417.18603433715367,NC,NORTH CAROLINA
1306,2047,34,81068.65601885997,482.0812361497436,ND,NORTH DAKOTA
1307,2047,35,266197.0077302805,1950.1072755357852,OH,OHIO
1308,2047,36,187470.95467452845,630.9433049015616,OK,OKLAHOMA
1309,2047,37,43131.72881647482,114.01838022198326,OR,OREGON
1310,2047,38,2675.3483579186404,102.30416430527228,PA,PENNSYLVANIA
1311,2047,39,87.05209514567284,5.210932757732515,RI,RHODE ISLAND
1312,2047,40,56440.72813813009,587.5125806579825,SC,SOUTH CAROLINA
1313,2047,41,345563.618515121,2432.0990273401067,SD,SOUTH DAKOTA
1314,2047,42,308738.2693711561,1804.363875710405,TN,TENNESSEE
1315,2047,43,135514.69890182387,702.2606543196375,TX,TEXAS
1316,2047,44,5672.62483633085,326.89203111180666,UT,UTAH
1317,2047,45,1716.8330371202846,14.894720429138223,VT,VERMONT
1318,2047,46,14645.85901315644,296.1856353381505,VA,VIRGINIA
1319,2047,47,35882.23392893738,193.77512151975543,WA,WASHINGTON
1320,2047,48,64.33406224492114,3.6836029086215376,WV,WEST VIRGINIA
1321,2047,49,2628289.636742699,13663.934401005485,WI,WISCONSIN
1322,2047,50,16730.57413008025,244.32087843992537,WY,WYOMING
1323,2048,0,129493.57336814856,663.2285879448398,AL,ALABAMA
1324,2048,2,687.6152174055405,55.01266391363256,AZ,ARIZONA
1325,2048,3,88888.53297884027,321.53515153811446,AR,ARKANSAS
1326,2048,4,32463.256649360548,359.45437030916287,CA,CALIFORNIA
1327,2048,5,240822.787561037,3165.089672935051,CO,COLORADO
1328,2048,6,2.7204216929815224,0.4744305492244283,CT,CONNECTICUT
1329,2048,7,0.0,0.0,DE,DELAWARE
1330,2048,8,0.0,0.0,DC,DISTRICT OF COLUMBIA
1331,2048,9,268857.0834942973,749.2983214095093,FL,FLORIDA
1332,2048,10,563228.8270541771,1532.724290642702,GA,GEORGIA
1333,2048,12,1603.754980386509,55.39163030451754,ID,IDAHO
1334,2048,13,3130811.176503556,19705.577856358155,IL,ILLINOIS
1335,2048,14,216833.09091518272,2220.089535216368,IN,INDIANA
1336,2048,15,644267.0552743975,3941.357399515168,IA,IOWA
1337,2048,16,1616121.970367501,6451.060869505277,KS,KANSAS
1338,2048,17,165093.17496863057,1081.882737585622,KY,KENTUCKY
1339,2048,18,663072.0587764557,1805.763042805638,LA,LOUISIANA
1340,2048,19,1226.1546079800653,43.33713490656434,ME,MAINE
1341,2048,20,0.0,0.0,MD,MARYLAND
1342,2048,21,282.2084278882238,5.890290514735454,MA,MASSACHUSETTS
1343,2048,22,5239.397977797499,123.1695836146882,MI,MICHIGAN
1344,2048,23,254136.3271189173,1960.7365032714335,MN,MINNESOTA
1345,2048,24,425349.5090417453,1973.1666088707696,MS,MISSISSIPPI
1346,2048,25,429112.424417776,2551.3594042601926,MO,MISSOURI
1347,2048,26,1419.5049123046913,13.601682145410004,MT,MONTANA
1348,2048,27,1692375.2344465074,8849.496010667819,NE,NEBRASKA
1349,2048,28,0.0,0.0,NV,NEVADA
1350,2048,29,58.94366187595256,1.681774945787596,NH,NEW HAMPSHIRE
1351,2048,30,0.0,0.0,NJ,NEW JERSEY
1352,2048,31,16623.4583015847,310.0290031396491,NM,NEW MEXICO
1353,2048,32,6803.797655479855,220.3855748629337,NY,NEW YORK
1354,2048,33,65411.75410147126,891.7116158800345,NC,NORTH CAROLINA
1355,2048,34,278158.40641708195,1260.3637344997658,ND,NORTH DAKOTA
1356,2048,35,22714.468960050574,599.4764154049847,OH,OHIO
1357,2048,36,273476.7929321406,1027.5119601214235,OK,OKLAHOMA
1358,2048,37,10094.774651458289,48.25589676677481,OR,OREGON
1359,2048,38,1678.362403219757,77.08999438174413,PA,PENNSYLVANIA
1360,2048,39,2.831291682769006,0.4318303922585559,RI,RHODE ISLAND
1361,2048,40,152528.97674371357,955.6522792807764,SC,SOUTH CAROLINA
1362,2048,41,187348.47058865824,1243.497921890148,SD,SOUTH DAKOTA
1363,2048,42,202898.10694464683,1239.5021075648751,TN,TENNESSEE
1364,2048,43,1607074.6762317894,6940.1112689074125,TX,TEXAS
1365,2048,44,4911.763779411172,283.8547168368989,UT,UTAH
1366,2048,45,2291.1391180029077,24.355239575937407,VT,VERMONT
1367,2048,46,6749.276089840256,189.6325653176649,VA,VIRGINIA
1368,2048,47,3737.972153721044,17.51645000092491,WA,WASHINGTON
1369,2048,48,6.807664704538735,1.5771898248701612,WV,WEST VIRGINIA
1370,2048,49,94427.4691510881,1548.2740808955111,WI,WISCONSIN
1371,2048,50,5328.356141168199,152.79107691775283,WY,WYOMING
1372,2049,0,13360.66996156368,127.720001285868,AL,ALABAMA
1373,2049,2,4690.04358645856,369.9293017720553,AZ,ARIZONA
1374,2049,3,42348.701278402776,111.42955964343112,AR,ARKANSAS
1375,2049,4,25992.519681697057,279.8517599911597,CA,CALIFORNIA
1376,2049,5,189157.3091616157,2169.328632913159,CO,COLORADO
1377,2049,6,0.0,0.0,CT,CONNECTICUT
1378,2049,7,0.0,0.0,DE,DELAWARE
1379,2049,8,0.0,0.0,DC,DISTRICT OF COLUMBIA
1380,2049,9,593.9905846447,7.506986437120342,FL,FLORIDA
1381,2049,10,1655.514273668958,13.05473018852173,GA,GEORGIA
1382,2049,12,517.7970853798766,17.93087582359572,ID,IDAHO
1383,2049,13,148332.12362321824,3015.28019746084,IL,ILLINOIS
1384,2049,14,79373.58788969448,1097.1821386138568,IN,INDIANA
1385,2049,15,1803392.089927374,8227.520603610557,IA,IOWA
1386,2049,16,1837421.641206746,7400.861759876656,KS,KANSAS
1387,2049,17,14830.374976657586,500.1971620438349,KY,KENTUCKY
1388,2049,18,602672.8290632027,1611.4440011857785,LA,LOUISIANA
1389,2049,19,1313.79528275505,14.6475013741029,ME,MAINE
1390,2049,20,0.0,0.0,MD,MARYLAND
1391,2049,21,276.2820257325096,5.475541506433538,MA,MASSACHUSETTS
1392,2049,22,5934.072165692879,119.31505018009308,MI,MICHIGAN
1393,2049,23,797753.0370516113,6110.918905038952,MN,MINNESOTA
1394,2049,24,235570.23650406595,741.1108599646083,MS,MISSISSIPPI
1395,2049,25,472540.83725969214,3254.4880780380686,MO,MISSOURI
1396,2049,26,3840.830878521482,15.720761536512068,MT,MONTANA
1397,2049,27,1062411.0952981573,5268.472884169986,NE,NEBRASKA
1398,2049,28,0.0,0.0,NV,NEVADA
1399,2049,29,168.23966475480043,2.4130238080463853,NH,NEW HAMPSHIRE
1400,2049,30,171.4017788543002,5.062958073121918,NJ,NEW JERSEY
1401,2049,31,63598.468037162354,800.831100259736,NM,NEW MEXICO
1402,2049,32,1149.3427817491538,22.540428156349755,NY,NEW YORK
1403,2049,33,387.4755325467319,21.5013669332294,NC,NORTH CAROLINA
1404,2049,34,509.6107365546694,3.591980803516132,ND,NORTH DAKOTA
1405,2049,35,4512.459073424358,278.60959166328234,OH,OHIO
1406,2049,36,380771.23479789554,1345.3150671999356,OK,OKLAHOMA
1407,2049,37,29275.44162589981,79.99434579779413,OR,OREGON
1408,2049,38,721.2371941332071,31.621237863908565,PA,PENNSYLVANIA
1409,2049,39,0.0,0.0,RI,RHODE ISLAND
1410,2049,40,0.0,0.0,SC,SOUTH CAROLINA
1411,2049,41,0.0,0.0,SD,SOUTH DAKOTA
1412,2049,42,103768.66361272872,580.6786997271724,TN,TENNESSEE
1413,2049,43,1744949.0392537287,7433.958761054413,TX,TEXAS
1414,2049,44,5242.235908902952,297.5248054462797,UT,UTAH
1415,2049,45,2912.684200863776,10.672571488363683,VT,VERMONT
1416,2049,46,245.3998548592643,9.070691945542604,VA,VIRGINIA
1417,2049,47,23402.402988747774,110.11482605148024,WA,WASHINGTON
1418,2049,48,820.1243579273721,51.93504811999861,WV,WEST VIRGINIA
1419,2049,49,63098.086715988495,617.7743370160476,WI,WISCONSIN
1420,2049,50,2276.594575867187,28.33911602844867,WY,WYOMING
1421,2050,0,1442.8451126961072,60.29533389323801,AL,ALABAMA
1422,2050,2,3324.7279463800205,275.7390614015712,AZ,ARIZONA
1423,2050,3,75052.7705400234,305.8554388547343,AR,ARKANSAS
1424,2050,4,3997.517949049784,64.38702454800392,CA,CALIFORNIA
1425,2050,5,122971.044336853,1338.5837003492893,CO,COLORADO
1426,2050,6,4.622117457063387,0.055744038227772,CT,CONNECTICUT
1427,2050,7,4976.249607441378,75.79087847145766,DE,DELAWARE
1428,2050,8,0.0,0.0,DC,DISTRICT OF COLUMBIA
1429,2050,9,100236.32977773141,456.47995285396746,FL,FLORIDA
1430,2050,10,239570.5316518142,1111.4999981303238,GA,GEORGIA
1431,2050,12,917.0097860682364,31.127573856786302,ID,IDAHO
1432,2050,13,80745.96277289432,815.7762199834065,IL,ILLINOIS
1433,2050,14,92617.322873294,1260.123425042411,IN,INDIANA
1434,2050,15,0.0,0.0,IA,IOWA
1435,2050,16,365847.51174319466,1626.7023726851264,KS,KANSAS
1436,2050,17,353798.1250861211,3567.658838713429,KY,KENTUCKY
1437,2050,18,285607.21889679687,1352.0287655277116,LA,LOUISIANA
1438,2050,19,361.4613320547865,5.616072403923791,ME,MAINE
1439,2050,20,62630.816489902034,953.6665505400324,MD,MARYLAND
1440,2050,21,213.2269010801568,4.61967460020124,MA,MASSACHUSETTS
1441,2050,22,128574.4036232052,2202.149709006576,MI,MICHIGAN
1442,2050,23,41183.44791817304,795.5704923368066,MN,MINNESOTA
1443,2050,24,203031.77222924985,1010.478148250731,MS,MISSISSIPPI
1444,2050,25,130882.106376196,1104.0764079617572,MO,MISSOURI
1445,2050,26,5394.2970937537,32.051849060435764,MT,MONTANA
1446,2050,27,44454.5881767083,243.94524576719,NE,NEBRASKA
1447,2050,28,0.0,0.0,NV,NEVADA
1448,2050,29,358.40020435163683,2.425696659263959,NH,NEW HAMPSHIRE
1449,2050,30,22633.04062621635,255.52213369343175,NJ,NEW JERSEY
1450,2050,31,13009.820501683056,191.625068502342,NM,NEW MEXICO
1451,2050,32,15119.251645824012,296.75231667227104,NY,NEW YORK
1452,2050,33,206351.6340003423,1985.80567504044,NC,NORTH CAROLINA
1453,2050,34,19101.56199895737,120.7480723466215,ND,NORTH DAKOTA
1454,2050,35,9098.819525412777,178.7930898988019,OH,OHIO
1455,2050,36,240490.1310045555,877.5531400469106,OK,OKLAHOMA
1456,2050,37,8490.767621077403,19.66233411109636,OR,OREGON
1457,2050,38,11328.679354680577,210.7639941447735,PA,PENNSYLVANIA
1458,2050,39,0.0,0.0,RI,RHODE ISLAND
1459,2050,40,151653.2427616537,1016.7525930806064,SC,SOUTH CAROLINA
1460,2050,41,344.01776577367764,19.40035479791587,SD,SOUTH DAKOTA
1461,2050,42,138174.53826577973,1487.9597640722636,TN,TENNESSEE
1462,2050,43,155775.52092475828,1182.188093154467,TX,TEXAS
1463,2050,44,4241.187043664608,245.57921987453912,UT,UTAH
1464,2050,45,1370.3393244985696,23.079958149854864,VT,VERMONT
1465,2050,46,62953.8084909239,790.4940557301962,VA,VIRGINIA
1466,2050,47,7961.379261035523,71.72408201555949,WA,WASHINGTON
1467,2050,48,2289.797522543784,38.97899854218575,WV,WEST VIRGINIA
1468,2050,49,169374.58252818004,3281.5664453072923,WI,WISCONSIN
1469,2050,50,4986.0080944521,59.76949565222949,WY,WYOMING
1470,2051,0,447092.09602087626,1542.1632690189565,AL,ALABAMA
1471,2051,2,5705.412265139235,440.3134966754676,AZ,ARIZONA
1472,2051,3,130713.63035932586,355.1194720338151,AR,ARKANSAS
1473,2051,4,3386.661512424224,34.0308159581906,CA,CALIFORNIA
1474,2051,5,294110.5905266972,2982.762081225126,CO,COLORADO
1475,2051,6,465.06283658788647,7.234563424189402,CT,CONNECTICUT
1476,2051,7,61.363873686321725,12.294364103816983,DE,DELAWARE
1477,2051,8,0.0,0.0,DC,DISTRICT OF COLUMBIA
1478,2051,9,317421.34678837255,763.186404273732,FL,FLORIDA
1479,2051,10,662998.1870826524,1674.5778394891493,GA,GEORGIA
1480,2051,12,389.1238412616789,13.208599221461862,ID,IDAHO
1481,2051,13,3570140.1637168545,15501.58722335786,IL,ILLINOIS
1482,2051,14,1178061.2403272951,8997.650770756089,IN,INDIANA
1483,2051,15,1510848.912017913,7549.394246669224,IA,IOWA
1484,2051,16,2704121.7205138705,10922.339042675674,KS,KANSAS
1485,2051,17,544978.8275916273,3983.4003685436624,KY,KENTUCKY
1486,2051,18,817169.5197638439,1668.0961745517072,LA,LOUISIANA
1487,2051,19,378.1445517557505,9.014849235511887,ME,MAINE
1488,2051,20,100.5974102636723,4.448888330969178,MD,MARYLAND
1489,2051,21,754.8414672648224,14.5743233086544,MA,MASSACHUSETTS
1490,2051,22,250266.4836294573,3019.3689936885908,MI,MICHIGAN
1491,2051,23,19697.06927142445,175.99192984815784,MN,MINNESOTA
1492,2051,24,1061315.680432713,2282.186073331288,MS,MISSISSIPPI
1493,2051,25,1861537.377828125,8887.662986686211,MO,MISSOURI
1494,2051,26,588.6729710198318,2.703226242951514,MT,MONTANA
1495,2051,27,995490.250757324,5255.782364183394,NE,NEBRASKA
1496,2051,28,0.0,0.0,NV,NEVADA
1497,2051,29,388.8973737420435,3.4399806117321523,NH,NEW HAMPSHIRE
1498,2051,30,4.957108579639584,2.7367286644628908,NJ,NEW JERSEY
1499,2051,31,77535.51613680388,894.1932693488976,NM,NEW MEXICO
1500,2051,32,5759.011396906544,74.93149483782828,NY,NEW YORK
1501,2051,33,637429.3163981319,3641.20454863911,NC,NORTH CAROLINA
1502,2051,34,1002.110502940928,5.077216423226082,ND,NORTH DAKOTA
1503,2051,35,319181.46847216936,5064.642227530551,OH,OHIO
1504,2051,36,492960.3150625394,1812.9233984661437,OK,OKLAHOMA
1505,2051,37,7699.245529863425,18.23792042886016,OR,OREGON
1506,2051,38,5937.27747310644,147.38175249998608,PA,PENNSYLVANIA
1507,2051,39,0.0,0.0,RI,RHODE ISLAND
1508,2051,40,279100.8308763164,1381.9087701116166,SC,SOUTH CAROLINA
1509,2051,41,26885.226198336284,193.51088173159445,SD,SOUTH DAKOTA
1510,2051,42,598034.6755158749,2830.089110288201,TN,TENNESSEE
1511,2051,43,1958999.6963181898,8071.297148437301,TX,TEXAS
1512,2051,44,2283.3645033691528,135.12218549766186,UT,UTAH
1513,2051,45,0.0,0.0,VT,VERMONT
1514,2051,46,37749.208181552014,409.11953876966425,VA,VIRGINIA
1515,2051,47,893.2093565347062,4.144627041465983,WA,WASHINGTON
1516,2051,48,589.9337120408092,12.49872370476877,WV,WEST VIRGINIA
1517,2051,49,522801.14021701313,6624.520330663451,WI,WISCONSIN
1518,2051,50,13329.416841412529,157.9912682986768,WY,WYOMING
1519,2052,0,211695.09907804464,893.3543687067594,AL,ALABAMA
1520,2052,2,4163.5701511354255,339.5854156254673,AZ,ARIZONA
1521,2052,3,178985.6129325194,408.7876967523151,AR,ARKANSAS
1522,2052,4,19628.810116310982,230.14697494005387,CA,CALIFORNIA
1523,2052,5,362179.5119907296,3683.5897431538897,CO,COLORADO
1524,2052,6,688.9363092716077,22.35906861382943,CT,CONNECTICUT
1525,2052,7,4311.357588441961,181.54876014990856,DE,DELAWARE
1526,2052,8,0.0,0.0,DC,DISTRICT OF COLUMBIA
1527,2052,9,1725.9234087662433,96.53976561615592,FL,FLORIDA
1528,2052,10,71589.3417265993,461.6985199227244,GA,GEORGIA
1529,2052,12,3795.002815393015,132.57125546905164,ID,IDAHO
1530,2052,13,17953543.915610902,39713.267160216434,IL,ILLINOIS
1531,2052,14,2982743.3600609247,16017.685992500674,IN,INDIANA
1532,2052,15,21132553.67101062,44824.26086600889,IA,IOWA
1533,2052,16,3295463.564470211,13004.58174802892,KS,KANSAS
1534,2052,17,693241.9635004536,4267.863784892903,KY,KENTUCKY
1535,2052,18,441476.09432761435,1367.2169232867902,LA,LOUISIANA
1536,2052,19,124.20425634010704,4.8270147597534105,ME,MAINE
1537,2052,20,16067.42099925056,774.3650455002426,MD,MARYLAND
1538,2052,21,582.0714672743167,13.800660375108286,MA,MASSACHUSETTS
1539,2052,22,2405673.3123260248,9334.408017245296,MI,MICHIGAN
1540,2052,23,7075634.35899043,25249.205856914858,MN,MINNESOTA
1541,2052,24,683399.1092070311,1826.5111722883173,MS,MISSISSIPPI
1542,2052,25,5933859.627678964,12681.197326522144,MO,MISSOURI
1543,2052,26,21690.739833178857,96.73535723221744,MT,MONTANA
1544,2052,27,3845388.348759212,15274.597620705046,NE,NEBRASKA
1545,2052,28,0.0,0.0,NV,NEVADA
1546,2052,29,125.50111592299764,1.455248106688203,NH,NEW HAMPSHIRE
1547,2052,30,5620.636043374853,203.8397143404415,NJ,NEW JERSEY
1548,2052,31,71953.21256258851,868.6648795178211,NM,NEW MEXICO
1549,2052,32,60124.121544234295,1092.208222249375,NY,NEW YORK
1550,2052,33,14647.276787617428,434.8350324087067,NC,NORTH CAROLINA
1551,2052,34,569542.1062405172,2689.48685286191,ND,NORTH DAKOTA
1552,2052,35,430065.1329556361,3417.6192676551595,OH,OHIO
1553,2052,36,494987.9425387426,1809.1605827722376,OK,OKLAHOMA
1554,2052,37,37241.52134517927,85.87968835979096,OR,OREGON
1555,2052,38,25940.673334315004,676.9749683519451,PA,PENNSYLVANIA
1556,2052,39,0.0,0.0,RI,RHODE ISLAND
1557,2052,40,101230.7434169032,1016.0911200535022,SC,SOUTH CAROLINA
1558,2052,41,3308322.8727960624,14647.201872018726,SD,SOUTH DAKOTA
1559,2052,42,686675.7864263973,2688.570287150033,TN,TENNESSEE
1560,2052,43,1006439.6138114866,5176.989387682452,TX,TEXAS
1561,2052,44,5768.927038434037,333.6986439395151,UT,UTAH
1562,2052,45,749.8992506776804,12.26959757951665,VT,VERMONT
1563,2052,46,12616.098332744168,385.5453485748793,VA,VIRGINIA
1564,2052,47,1882.2229744337217,10.51819524228856,WA,WASHINGTON
1565,2052,48,343.30900302102305,28.18415723785784,WV,WEST VIRGINIA
1566,2052,49,5991802.32537669,15319.819183710622,WI,WISCONSIN
1567,2052,50,28163.79161309079,344.83498442050336,WY,WYOMING
1568,2053,0,1591.3381952576349,82.49379398958627,AL,ALABAMA
1569,2053,2,3763.3568109721728,311.77066762156,AZ,ARIZONA
1570,2053,3,5756.0015377499685,28.52648882444845,AR,ARKANSAS
1571,2053,4,34484.31655801719,385.0132131762999,CA,CALIFORNIA
1572,2053,5,316108.6367794827,3126.730626311355,CO,COLORADO
1573,2053,6,86.03743000388276,8.376131564256568,CT,CONNECTICUT
1574,2053,7,513.4418806736185,13.048414798436747,DE,DELAWARE
1575,2053,8,0.0,0.0,DC,DISTRICT OF COLUMBIA
1576,2053,9,1230.4558691309394,64.41643789260854,FL,FLORIDA
1577,2053,10,1285.5207456564071,43.56795532225832,GA,GEORGIA
1578,2053,12,4947.709942182613,173.7326549967507,ID,IDAHO
1579,2053,13,531813.178480087,3871.94134591408,IL,ILLINOIS
1580,2053,14,41245.855374808736,871.8264573775455,IN,INDIANA
1581,2053,15,6797321.485548643,15503.945232360282,IA,IOWA
1582,2053,16,2041767.1719519969,7536.398767280048,KS,KANSAS
1583,2053,17,11.751231262389464,12.148132804385677,KY,KENTUCKY
1584,2053,18,192003.34137758246,861.4542002468246,LA,LOUISIANA
1585,2053,19,110.01209916145102,2.3661707218345853,ME,MAINE
1586,2053,20,4533.088551679317,169.95443705492522,MD,MARYLAND
1587,2053,21,451.5305173411373,12.936071869676656,MA,MASSACHUSETTS
1588,2053,22,20878.49796140104,235.0756999730773,MI,MICHIGAN
1589,2053,23,2907984.3488171417,14831.48838756708,MN,MINNESOTA
1590,2053,24,106860.46706615666,604.2552175804092,MS,MISSISSIPPI
1591,2053,25,669877.1633401689,3460.698215226204,MO,MISSOURI
1592,2053,26,7415.865020473496,34.873012921240736,MT,MONTANA
1593,2053,27,3489521.910065094,11956.108043442073,NE,NEBRASKA
1594,2053,28,0.0,0.0,NV,NEVADA
1595,2053,29,52.91502999216449,1.561291577489449,NH,NEW HAMPSHIRE
1596,2053,30,3578.3601793659395,149.30308094893562,NJ,NEW JERSEY
1597,2053,31,53910.72901298458,751.6120238074587,NM,NEW MEXICO
1598,2053,32,8184.418037625507,139.1841479206609,NY,NEW YORK
1599,2053,33,3158.412840471398,131.2004464995581,NC,NORTH CAROLINA
1600,2053,34,119863.7515508961,687.6706644211391,ND,NORTH DAKOTA
1601,2053,35,11859.61626184662,898.6189720430599,OH,OHIO
1602,2053,36,303497.74416008336,1192.2190187595727,OK,OKLAHOMA
1603,2053,37,52450.893358086,140.16109845403363,OR,OREGON
1604,2053,38,6744.895068490392,360.9651813092863,PA,PENNSYLVANIA
1605,2053,39,292.7522642653979,13.00097220531658,RI,RHODE ISLAND
1606,2053,40,510.6992298564349,24.029994676645583,SC,SOUTH CAROLINA
1607,2053,41,2320006.629549119,7790.868643603377,SD,SOUTH DAKOTA
1608,2053,42,601.2663495801752,22.12784416139765,TN,TENNESSEE
1609,2053,43,1394250.0736069637,6147.478038479497,TX,TEXAS
1610,2053,44,4809.580896528323,276.51643658271445,UT,UTAH
1611,2053,45,0.0,0.0,VT,VERMONT
1612,2053,46,275.97256515289604,6.594092660039528,VA,VIRGINIA
1613,2053,47,52664.64033396941,264.9911959645141,WA,WASHINGTON
1614,2053,48,0.9217976408155162,0.2188900583253123,WV,WEST VIRGINIA
1615,2053,49,472421.08702574833,5033.4952599341605,WI,WISCONSIN
1616,2053,50,25185.155267306043,298.2747654442132,WY,WYOMING
1617,2054,0,461.15702671966994,5.339251703664234,AL,ALABAMA
1618,2054,2,3694.9048218398702,300.1382975103672,AZ,ARIZONA
1619,2054,3,1202.8817790216556,11.669015918142916,AR,ARKANSAS
1620,2054,4,36612.46110077198,392.3944038156643,CA,CALIFORNIA
1621,2054,5,276927.3380792019,2875.2462358125563,CO,COLORADO
1622,2054,6,0.0,0.0,CT,CONNECTICUT
1623,2054,7,0.0,0.0,DE,DELAWARE
1624,2054,8,0.0,0.0,DC,DISTRICT OF COLUMBIA
1625,2054,9,13500.087300073319,117.3863306207892,FL,FLORIDA
1626,2054,10,11923.903734532629,76.3557731404717,GA,GEORGIA
1627,2054,12,4347.834765811925,149.81818909485057,ID,IDAHO
1628,2054,13,1094388.6440806766,10240.546764798944,IL,ILLINOIS
1629,2054,14,7921.039990104851,116.21102620553866,IN,INDIANA
1630,2054,15,6268417.220210342,24643.6876203564,IA,IOWA
1631,2054,16,2392023.029701928,9138.245796757952,KS,KANSAS
1632,2054,17,0.0,0.0,KY,KENTUCKY
1633,2054,18,33646.88260805752,266.62702997984786,LA,LOUISIANA
1634,2054,19,66.21841245672881,0.9513775614380222,ME,MAINE
1635,2054,20,0.0,0.0,MD,MARYLAND
1636,2054,21,0.0,0.0,MA,MASSACHUSETTS
1637,2054,22,2138.296232448392,6.259805855595704,MI,MICHIGAN
1638,2054,23,410237.80333162047,2629.6913288837645,MN,MINNESOTA
1639,2054,24,26267.69657393628,292.6246397825545,MS,MISSISSIPPI
1640,2054,25,2527412.7806644933,9363.519662433326,MO,MISSOURI
1641,2054,26,1759.5726830908625,12.072611875072642,MT,MONTANA
1642,2054,27,2311245.813060382,10513.18667253471,NE,NEBRASKA
1643,2054,28,0.0,0.0,NV,NEVADA
1644,2054,29,0.0,0.0,NH,NEW HAMPSHIRE
1645,2054,30,0.0,0.0,NJ,NEW JERSEY
1646,2054,31,62037.36242286138,801.4158113529888,NM,NEW MEXICO
1647,2054,32,4719.0026208926565,15.717849761293694,NY,NEW YORK
1648,2054,33,24885.056469583466,335.48423142233395,NC,NORTH CAROLINA
1649,2054,34,5314.777738465166,18.763955192514533,ND,NORTH DAKOTA
1650,2054,35,0.0,0.0,OH,OHIO
1651,2054,36,304325.82369300385,1146.7845199443923,OK,OKLAHOMA
1652,2054,37,47244.43479307824,120.423481813636,OR,OREGON
1653,2054,38,0.0,0.0,PA,PENNSYLVANIA
1654,2054,39,0.0,0.0,RI,RHODE ISLAND
1655,2054,40,12772.06444714494,68.83596361601329,SC,SOUTH CAROLINA
1656,2054,41,794399.4741958985,5824.6154143872,SD,SOUTH DAKOTA
1657,2054,42,703.2843679250273,14.185923429050789,TN,TENNESSEE
1658,2054,43,560874.3220073199,2826.5373263190113,TX,TEXAS
1659,2054,44,5089.09072626293,295.49490838733,UT,UTAH
1660,2054,45,2260.8195176543154,9.8202436381749,VT,VERMONT
1661,2054,46,134.35373238020497,28.56674774915856,VA,VIRGINIA
1662,2054,47,61414.60623092699,291.8143661827578,WA,WASHINGTON
1663,2054,48,0.0,0.0,WV,WEST VIRGINIA
1664,2054,49,9026.14345284943,70.16265631333061,WI,WISCONSIN
1665,2054,50,2461.6064570857634,36.728758212201726,WY,WYOMING
1666,2055,0,43438.23497906242,512.6726721104114,AL,ALABAMA
1667,2055,2,3092.6550909204634,267.1052116835162,AZ,ARIZONA
1668,2055,3,1678.2279408253055,17.46208226626722,AR,ARKANSAS
1669,2055,4,27094.57691831234,294.97224395355653,CA,CALIFORNIA
1670,2055,5,69504.18495281096,1070.2361097767575,CO,COLORADO
1671,2055,6,0.0,0.0,CT,CONNECTICUT
1672,2055,7,0.0,0.0,DE,DELAWARE
1673,2055,8,0.0,0.0,DC,DISTRICT OF COLUMBIA
1674,2055,9,139854.1127532568,641.2105022818533,FL,FLORIDA
1675,2055,10,229002.65888628075,1026.632356051618,GA,GEORGIA
1676,2055,12,4045.486649720519,142.1722399233939,ID,IDAHO
1677,2055,13,120287.7921244839,4176.921816427324,IL,ILLINOIS
1678,2055,14,10623.748360349628,835.2307306228439,IN,INDIANA
1679,2055,15,2819081.246329808,13706.883107316136,IA,IOWA
1680,2055,16,940726.2331356028,4632.282707544588,KS,KANSAS
1681,2055,17,0.0,0.0,KY,KENTUCKY
1682,2055,18,787.8923653500779,12.957261667979148,LA,LOUISIANA
1683,2055,19,3.175186814196272,0.089267425680542,ME,MAINE
1684,2055,20,273.320917859963,13.213737481695786,MD,MARYLAND
1685,2055,21,380.6935265650428,6.350003704414274,MA,MASSACHUSETTS
1686,2055,22,12587.922989582908,259.1608744187213,MI,MICHIGAN
1687,2055,23,1699047.684160589,10296.367021961332,MN,MINNESOTA
1688,2055,24,23494.800722267664,173.94716772339746,MS,MISSISSIPPI
1689,2055,25,126030.98339906214,2127.578874741699,MO,MISSOURI
1690,2055,26,1933.925302058436,12.983923541658854,MT,MONTANA
1691,2055,27,951273.501968192,7632.488500069565,NE,NEBRASKA
1692,2055,28,0.0,0.0,NV,NEVADA
1693,2055,29,0.0,0.0,NH,NEW HAMPSHIRE
1694,2055,30,0.0,0.0,NJ,NEW JERSEY
1695,2055,31,21238.90643906397,289.0095039339594,NM,NEW MEXICO
1696,2055,32,12702.182722984662,200.00186567694828,NY,NEW YORK
1697,2055,33,17446.818053001494,218.171415721416,NC,NORTH CAROLINA
1698,2055,34,44459.86372608664,189.7737261513971,ND,NORTH DAKOTA
1699,2055,35,14109.0352991587,521.7364974798596,OH,OHIO
1700,2055,36,82362.05086709507,358.814580948041,OK,OKLAHOMA
1701,2055,37,50832.13793077305,158.66239233624714,OR,OREGON
1702,2055,38,2896.55282256892,65.83012837732558,PA,PENNSYLVANIA
1703,2055,39,0.0,0.0,RI,RHODE ISLAND
1704,2055,40,64051.88334830289,345.7052951055549,SC,SOUTH CAROLINA
1705,2055,41,1126455.561929895,8305.506796125823,SD,SOUTH DAKOTA
1706,2055,42,16581.4071636633,196.59303502621415,TN,TENNESSEE
1707,2055,43,27052.05723783691,145.73932281342726,TX,TEXAS
1708,2055,44,4939.504378269773,288.2749155619084,UT,UTAH
1709,2055,45,5.4567011433643735,0.9106410028877864,VT,VERMONT
1710,2055,46,32.90568999711065,2.7132531126737947,VA,VIRGINIA
1711,2055,47,67741.97174348524,328.6232936935223,WA,WASHINGTON
1712,2055,48,0.0,0.0,WV,WEST VIRGINIA
1713,2055,49,76961.5903168486,1402.4853546487402,WI,WISCONSIN
1714,2055,50,2964.3055381619706,35.50120022623974,WY,WYOMING
