,Year,state_id,Production_Loss(ton),Area_Loss(km^2),State_Code,State_Name
0,2021,0,578436.2725519922,1818.308574987985,AL,ALABAMA
1,2021,2,997.6832000841652,125.64066136045189,AZ,ARIZONA
2,2021,3,8920.440481912026,177.39651161822786,AR,ARKANSAS
3,2021,4,9052.93372100524,96.62410469164612,CA,CALIFORNIA
4,2021,5,280915.8773907057,2720.4653057191504,CO,COLORADO
5,2021,6,12868.95978935016,106.78563039478202,CT,CONNECTICUT
6,2021,7,18027.033862330456,145.7541620968055,DE,DELAWARE
7,2021,8,0.0,0.0,DC,DISTRICT OF COLUMBIA
8,2021,9,315841.4793119703,670.1910953290466,FL,FLORIDA
9,2021,10,905821.9773539912,2139.6714171876547,GA,GEORGIA
10,2021,12,3407.591257129437,97.90265881353172,ID,IDAHO
11,2021,13,8877490.29644775,38834.54190467118,IL,ILLINOIS
12,2021,14,1875415.7574723016,20403.017369298075,IN,INDIANA
13,2021,15,28265430.16862044,56457.07080547512,IA,IOWA
14,2021,16,2504805.345197739,9359.52658004151,KS,KANSAS
15,2021,17,1064937.543855684,7024.694047759679,KY,KENTUCKY
16,2021,18,479092.161208578,1866.2123808357676,LA,LOUISIANA
17,2021,19,5282.50558010204,95.01298936871994,ME,MAINE
18,2021,20,154699.71791742693,1743.6512804456383,MD,MARYLAND
19,2021,21,19354.697372091057,149.50645469814094,MA,MASSACHUSETTS
20,2021,22,1262427.4375154302,7990.935428109575,MI,MICHIGAN
21,2021,23,15121816.037785243,32874.82004962311,MN,MINNESOTA
22,2021,24,769466.8761619644,2702.767946934207,MS,MISSISSIPPI
23,2021,25,3181337.4917170918,13295.279298293728,MO,MISSOURI
24,2021,26,10422.997342244173,43.836002672309206,MT,MONTANA
25,2021,27,5020713.661601964,19362.490717816003,NE,NEBRASKA
26,2021,28,0.0,0.0,NV,NEVADA
27,2021,29,725.004556744753,20.74296027679168,NH,NEW HAMPSHIRE
28,2021,30,3017.9971757161065,42.8027088127685,NJ,NEW JERSEY
29,2021,31,6953.303765605453,139.9670284690322,NM,NEW MEXICO
30,2021,32,426540.3603535924,3677.1501361774335,NY,NEW YORK
31,2021,33,274308.8937978208,2261.2424801042885,NC,NORTH CAROLINA
32,2021,34,1553708.087800464,4411.035862165062,ND,NORTH DAKOTA
33,2021,35,1513859.8791992404,13601.8698126015,OH,OHIO
34,2021,36,108157.60406486117,451.2871853478259,OK,OKLAHOMA
35,2021,37,30486.03326529544,84.03372461119721,OR,OREGON
36,2021,38,383446.6297015311,3275.053572120128,PA,PENNSYLVANIA
37,2021,39,7375.526461892142,32.17486462939287,RI,RHODE ISLAND
38,2021,40,337135.6135871395,1812.3423918128124,SC,SOUTH CAROLINA
39,2021,41,7404923.976751245,18135.730842253557,SD,SOUTH DAKOTA
40,2021,42,471462.0585280304,3220.225457603002,TN,TENNESSEE
41,2021,43,136542.5995840144,657.9070453446067,TX,TEXAS
42,2021,44,1047.024936720888,92.43491474122416,UT,UTAH
43,2021,45,10958.1295345142,116.1575943966649,VT,VERMONT
44,2021,46,178228.27845158314,2027.6808075350816,VA,VIRGINIA
45,2021,47,96203.82246042108,557.4806011880049,WA,WASHINGTON
46,2021,48,27591.18509680073,375.70734887060473,WV,WEST VIRGINIA
47,2021,49,4206898.400663279,17739.689353854475,WI,WISCONSIN
48,2021,50,13870.853557839668,254.8779862960083,WY,WYOMING
49,2022,0,124559.71903824288,868.7536384968842,AL,ALABAMA
50,2022,2,1699.0819664884746,219.214274338236,AZ,ARIZONA
51,2022,3,43852.86663850832,187.81791560308884,AR,ARKANSAS
52,2022,4,3054.4503902646943,29.38106161738344,CA,CALIFORNIA
53,2022,5,161089.17807989378,1820.317282906876,CO,COLORADO
54,2022,6,6341.310099906918,73.87449158266485,CT,CONNECTICUT
55,2022,7,2572.6434489525136,129.37160154454327,DE,DELAWARE
56,2022,8,0.0,0.0,DC,DISTRICT OF COLUMBIA
57,2022,9,4434.1547944476,51.613158205945865,FL,FLORIDA
58,2022,10,2647.640133215241,75.07966319636405,GA,GEORGIA
59,2022,12,303.9988168439988,8.797175819358008,ID,IDAHO
60,2022,13,10207872.56871299,42054.15557456414,IL,ILLINOIS
61,2022,14,2280232.1094680484,17189.62397964252,IN,INDIANA
62,2022,15,3496029.4738436462,13749.12423758808,IA,IOWA
63,2022,16,966835.1729802302,3692.893300737736,KS,KANSAS
64,2022,17,945443.6645264569,6984.583809264771,KY,KENTUCKY
65,2022,18,611776.965828655,2229.3328910912246,LA,LOUISIANA
66,2022,19,3419.93230496739,99.9661915308254,ME,MAINE
67,2022,20,131284.66026256696,891.3802544171251,MD,MARYLAND
68,2022,21,8384.829670457666,106.88437497953848,MA,MASSACHUSETTS
69,2022,22,2106283.5272698347,10301.732379803228,MI,MICHIGAN
70,2022,23,6514575.129321757,19600.204515378195,MN,MINNESOTA
71,2022,24,450585.7724420304,2182.655450095848,MS,MISSISSIPPI
72,2022,25,820559.2523215944,4087.9814116937696,MO,MISSOURI
73,2022,26,0.0,0.0,MT,MONTANA
74,2022,27,260544.78698032023,1477.2716363615775,NE,NEBRASKA
75,2022,28,0.0,0.0,NV,NEVADA
76,2022,29,730.5513058772674,9.987586144094749,NH,NEW HAMPSHIRE
77,2022,30,11908.180103120378,157.64083012452355,NJ,NEW JERSEY
78,2022,31,18592.24447579433,282.9248628987308,NM,NEW MEXICO
79,2022,32,460090.53303786064,3582.910940875828,NY,NEW YORK
80,2022,33,7496.907565442529,101.24160275994367,NC,NORTH CAROLINA
81,2022,34,589956.2941662788,1783.86870558049,ND,NORTH DAKOTA
82,2022,35,1363302.9301397102,14264.006049172382,OH,OHIO
83,2022,36,4659.612920470843,29.276506176313013,OK,OKLAHOMA
84,2022,37,17142.399603601076,175.3776752862969,OR,OREGON
85,2022,38,377500.1132029277,2478.9118811456383,PA,PENNSYLVANIA
86,2022,39,923.579055946836,10.117632768191369,RI,RHODE ISLAND
87,2022,40,2951.690498485784,64.2942851930386,SC,SOUTH CAROLINA
88,2022,41,213271.73648087,1010.6619954973784,SD,SOUTH DAKOTA
89,2022,42,425700.66222912224,2597.725138436448,TN,TENNESSEE
90,2022,43,643792.3224871752,3625.0273913327405,TX,TEXAS
91,2022,44,168.66186041105527,14.75323271824164,UT,UTAH
92,2022,45,14042.458754707275,176.46020019627628,VT,VERMONT
93,2022,46,44148.22216447325,457.523030512605,VA,VIRGINIA
94,2022,47,75370.76585776905,431.53824280999805,WA,WASHINGTON
95,2022,48,18365.553532230257,140.76252179881809,WV,WEST VIRGINIA
96,2022,49,792250.4394843711,5182.042749395318,WI,WISCONSIN
97,2022,50,81.12650690538285,1.1395261345158825,WY,WYOMING
98,2023,0,345.57100332409607,2.608162138722923,AL,ALABAMA
99,2023,2,49.53321715396812,6.941015036904499,AZ,ARIZONA
100,2023,3,3721.9277828590302,14.875182222904462,AR,ARKANSAS
101,2023,4,3224.421997296035,30.390577823433524,CA,CALIFORNIA
102,2023,5,198648.63685865825,1927.8294949153817,CO,COLORADO
103,2023,6,1413.5469143625091,43.139206352330746,CT,CONNECTICUT
104,2023,7,0.0,0.0,DE,DELAWARE
105,2023,8,0.0,0.0,DC,DISTRICT OF COLUMBIA
106,2023,9,5704.3605583095,47.78402859362983,FL,FLORIDA
107,2023,10,53629.9895260092,163.73261830684558,GA,GEORGIA
108,2023,12,9.6002765445449,0.2664036664589578,ID,IDAHO
109,2023,13,7096324.855499873,27511.03766419713,IL,ILLINOIS
110,2023,14,3481823.7665839023,20564.318098371903,IN,INDIANA
111,2023,15,4610961.777578459,20239.389881516385,IA,IOWA
112,2023,16,1854939.590654,7696.515920717491,KS,KANSAS
113,2023,17,6634.149912359108,196.67790042202768,KY,KENTUCKY
114,2023,18,0.0,0.0,LA,LOUISIANA
115,2023,19,698.0929108520531,5.844200466815922,ME,MAINE
116,2023,20,62998.79882080586,374.440005077008,MD,MARYLAND
117,2023,21,7585.984083264561,58.70683998666468,MA,MASSACHUSETTS
118,2023,22,1174186.2063512402,5565.4635207164665,MI,MICHIGAN
119,2023,23,7051228.085203711,22857.141136553517,MN,MINNESOTA
120,2023,24,0.0,0.0,MS,MISSISSIPPI
121,2023,25,482696.396346337,2791.221854540233,MO,MISSOURI
122,2023,26,659.638870349007,3.541991109451786,MT,MONTANA
123,2023,27,344106.7028940808,1304.5506286838838,NE,NEBRASKA
124,2023,28,0.0,0.0,NV,NEVADA
125,2023,29,2627.233230180396,17.585445007453583,NH,NEW HAMPSHIRE
126,2023,30,11020.76745111487,104.1706153896357,NJ,NEW JERSEY
127,2023,31,9877.907707325629,140.66904190636657,NM,NEW MEXICO
128,2023,32,262017.34650100305,2741.470794004739,NY,NEW YORK
129,2023,33,10724.31177775482,229.7420274011568,NC,NORTH CAROLINA
130,2023,34,820737.456064423,2919.353261910618,ND,NORTH DAKOTA
131,2023,35,1669086.0846015266,14120.99834367884,OH,OHIO
132,2023,36,103912.7750975948,374.6398643942108,OK,OKLAHOMA
133,2023,37,9896.5774177026,43.11229211464606,OR,OREGON
134,2023,38,157040.545146875,1396.7731988735572,PA,PENNSYLVANIA
135,2023,39,0.0,0.0,RI,RHODE ISLAND
136,2023,40,19503.957709741404,107.68904914522486,SC,SOUTH CAROLINA
137,2023,41,1060718.0282925654,3680.654079618721,SD,SOUTH DAKOTA
138,2023,42,131.03025337402312,3.67565739640646,TN,TENNESSEE
139,2023,43,186599.1176538458,856.5069891987581,TX,TEXAS
140,2023,44,37.13928607896399,3.233027226824412,UT,UTAH
141,2023,45,7509.18797163447,104.4405239834873,VT,VERMONT
142,2023,46,2570.683354294304,34.990564671280865,VA,VIRGINIA
143,2023,47,52772.15618513338,351.9246757994081,WA,WASHINGTON
144,2023,48,5036.215647680509,92.76612451454048,WV,WEST VIRGINIA
145,2023,49,2663874.5730362297,10880.595372315944,WI,WISCONSIN
146,2023,50,781.8182616949578,10.711896000352144,WY,WYOMING
147,2024,0,212442.6434921004,888.9774784914056,AL,ALABAMA
148,2024,2,138.1701731115499,17.538286274218997,AZ,ARIZONA
149,2024,3,86745.23077540121,286.0982231442297,AR,ARKANSAS
150,2024,4,29603.60292912381,326.86104551435767,CA,CALIFORNIA
151,2024,5,185606.0500216216,1869.56325870937,CO,COLORADO
152,2024,6,0.0,0.0,CT,CONNECTICUT
153,2024,7,0.0,0.0,DE,DELAWARE
154,2024,8,0.0,0.0,DC,DISTRICT OF COLUMBIA
155,2024,9,10842.272596079223,47.89200842302981,FL,FLORIDA
156,2024,10,288.3407910133891,2.5976655772773736,GA,GEORGIA
157,2024,12,8.364044981643602,0.4628059372988893,ID,IDAHO
158,2024,13,4444349.205957275,18057.45680203732,IL,ILLINOIS
159,2024,14,1165594.1335101384,10310.386395351885,IN,INDIANA
160,2024,15,590477.9690207639,4637.34494848217,IA,IOWA
161,2024,16,1722390.9399845405,5625.632186620968,KS,KANSAS
162,2024,17,97736.7940257451,642.498427162003,KY,KENTUCKY
163,2024,18,653961.7503521825,1880.1628976572579,LA,LOUISIANA
164,2024,19,437.0965022671497,5.806393863148519,ME,MAINE
165,2024,20,773.0809649941887,11.903905060535426,MD,MARYLAND
166,2024,21,12.009535414503688,0.0867626723035009,MA,MASSACHUSETTS
167,2024,22,1476766.512787372,9591.18948573396,MI,MICHIGAN
168,2024,23,2034642.836493614,8021.51160720531,MN,MINNESOTA
169,2024,24,845023.0647958088,2393.450925342222,MS,MISSISSIPPI
170,2024,25,454600.067002968,2791.930130141781,MO,MISSOURI
171,2024,26,13257.310133658742,61.61721643991828,MT,MONTANA
172,2024,27,29890.838485287568,160.17989719418696,NE,NEBRASKA
173,2024,28,0.0,0.0,NV,NEVADA
174,2024,29,0.0,0.0,NH,NEW HAMPSHIRE
175,2024,30,0.0,0.0,NJ,NEW JERSEY
176,2024,31,3854.567781127418,71.63145134649537,NM,NEW MEXICO
177,2024,32,69993.14282537495,572.9965695042846,NY,NEW YORK
178,2024,33,149873.47791874854,565.2428048415259,NC,NORTH CAROLINA
179,2024,34,751484.3756825589,2259.070240194389,ND,NORTH DAKOTA
180,2024,35,589719.1071599692,8296.316131888438,OH,OHIO
181,2024,36,200643.07799528068,917.5637971508418,OK,OKLAHOMA
182,2024,37,868.03957980242,3.5861164054318126,OR,OREGON
183,2024,38,1398.2662783983487,19.4253805492434,PA,PENNSYLVANIA
184,2024,39,0.0,0.0,RI,RHODE ISLAND
185,2024,40,131746.43662988223,541.1982570359362,SC,SOUTH CAROLINA
186,2024,41,61248.40200177027,418.8570314905061,SD,SOUTH DAKOTA
187,2024,42,135711.82816063095,597.9444142822583,TN,TENNESSEE
188,2024,43,1241609.7032955894,6090.2327609714885,TX,TEXAS
189,2024,44,4.335331295041359,0.3773967028976243,UT,UTAH
190,2024,45,308.0184135650522,1.981595222298272,VT,VERMONT
191,2024,46,966.0581221130124,29.735083685653134,VA,VIRGINIA
192,2024,47,8238.874828807731,45.549131089108194,WA,WASHINGTON
193,2024,48,2898.537131391216,45.3586181721622,WV,WEST VIRGINIA
194,2024,49,3013429.739208614,13065.23458202013,WI,WISCONSIN
195,2024,50,158.33665842047236,3.4091717233553136,WY,WYOMING
196,2025,0,182904.01416723945,1690.3369992965086,AL,ALABAMA
197,2025,2,273.4912779589884,34.154034607345665,AZ,ARIZONA
198,2025,3,114845.99233551016,398.51539361217294,AR,ARKANSAS
199,2025,4,26425.97000472789,293.22089955426657,CA,CALIFORNIA
200,2025,5,118176.45323749076,1195.9602525227438,CO,COLORADO
201,2025,6,191.7945317516509,6.061198914965236,CT,CONNECTICUT
202,2025,7,38506.991035712366,526.2669070328681,DE,DELAWARE
203,2025,8,0.0,0.0,DC,DISTRICT OF COLUMBIA
204,2025,9,34130.86821966076,323.87493656601174,FL,FLORIDA
205,2025,10,277247.2220269189,1834.3572739804692,GA,GEORGIA
206,2025,12,1970.2587722991868,57.52383195256469,ID,IDAHO
207,2025,13,3159046.6582001867,17827.876427076146,IL,ILLINOIS
208,2025,14,430124.5477934595,6327.965692950943,IN,INDIANA
209,2025,15,7081559.215482531,27230.4816864696,IA,IOWA
210,2025,16,1321474.4632788356,4351.228746232969,KS,KANSAS
211,2025,17,596316.2166385003,3711.936985527656,KY,KENTUCKY
212,2025,18,677279.6520602982,2029.4457913279025,LA,LOUISIANA
213,2025,19,1023.5582848600952,13.34558363423992,ME,MAINE
214,2025,20,165131.4683441236,1567.234303049274,MD,MARYLAND
215,2025,21,1749.311206824439,35.40534622140908,MA,MASSACHUSETTS
216,2025,22,1371727.678517352,8990.084939551307,MI,MICHIGAN
217,2025,23,1761682.1348014164,6510.910987995172,MN,MINNESOTA
218,2025,24,705132.8011799497,2636.508705039525,MS,MISSISSIPPI
219,2025,25,518471.7035670569,1991.438143204116,MO,MISSOURI
220,2025,26,35025.81282421703,164.509262423483,MT,MONTANA
221,2025,27,693723.117089324,4708.007961364536,NE,NEBRASKA
222,2025,28,0.0,0.0,NV,NEVADA
223,2025,29,649.5139522311822,3.788879429817972,NH,NEW HAMPSHIRE
224,2025,30,1237.2323497566022,50.40962381327002,NJ,NEW JERSEY
225,2025,31,1149.731763375011,15.866121454147626,NM,NEW MEXICO
226,2025,32,195855.99807730436,3667.6220799982593,NY,NEW YORK
227,2025,33,96402.5986714294,1422.6370565268523,NC,NORTH CAROLINA
228,2025,34,454313.1054317301,1691.6043832258033,ND,NORTH DAKOTA
229,2025,35,361563.20145296,8528.059327359493,OH,OHIO
230,2025,36,45038.99964555064,223.92686239774508,OK,OKLAHOMA
231,2025,37,45410.92382619258,146.6798289177703,OR,OREGON
232,2025,38,208981.63283176025,3090.090346082022,PA,PENNSYLVANIA
233,2025,39,226.3580959662756,7.811162636456016,RI,RHODE ISLAND
234,2025,40,124369.79721687744,1177.5642616157202,SC,SOUTH CAROLINA
235,2025,41,431004.78060886206,2029.749619757436,SD,SOUTH DAKOTA
236,2025,42,659756.9606338091,2834.6800272404816,TN,TENNESSEE
237,2025,43,200936.5511966929,1117.8649793473571,TX,TEXAS
238,2025,44,389.6445085008462,35.426612128762514,UT,UTAH
239,2025,45,6285.059425223668,93.756200731682,VT,VERMONT
240,2025,46,267913.44584997627,1799.8645065641058,VA,VIRGINIA
241,2025,47,102980.04437430152,591.6531527555014,WA,WASHINGTON
242,2025,48,11285.177429562264,105.19919056443764,WV,WEST VIRGINIA
243,2025,49,2245306.561507965,13976.018130935136,WI,WISCONSIN
244,2025,50,9940.382458739648,175.8298460294105,WY,WYOMING
245,2026,0,187378.0165534244,1403.2607014635637,AL,ALABAMA
246,2026,2,65.19463236634283,9.724054131694103,AZ,ARIZONA
247,2026,3,19111.068770023576,159.1294434172708,AR,ARKANSAS
248,2026,4,10730.142237247092,101.32184964966804,CA,CALIFORNIA
249,2026,5,60288.62649333719,641.8133174739786,CO,COLORADO
250,2026,6,1839.167463054457,55.64979231431517,CT,CONNECTICUT
251,2026,7,163173.71080785207,638.0816424198787,DE,DELAWARE
252,2026,8,0.0,0.0,DC,DISTRICT OF COLUMBIA
253,2026,9,112501.54357614696,501.4010682456702,FL,FLORIDA
254,2026,10,669032.5306857715,1883.8352181903683,GA,GEORGIA
255,2026,12,1391.97605059738,39.52460068295581,ID,IDAHO
256,2026,13,704365.3935399151,10044.226356408832,IL,ILLINOIS
257,2026,14,504415.9206031133,7313.379947668824,IN,INDIANA
258,2026,15,487735.9545629227,4161.6326206464855,IA,IOWA
259,2026,16,1341884.641559836,4921.578434875402,KS,KANSAS
260,2026,17,918311.41727705,6032.860578764674,KY,KENTUCKY
261,2026,18,230346.64344476807,1717.3618731715208,LA,LOUISIANA
262,2026,19,1272.4673794450723,32.98704929540677,ME,MAINE
263,2026,20,347314.15612632176,1774.592199009019,MD,MARYLAND
264,2026,21,5277.135611308713,93.64677237379428,MA,MASSACHUSETTS
265,2026,22,244362.0079498097,4322.743844788947,MI,MICHIGAN
266,2026,23,400554.8991423872,3363.85478395606,MN,MINNESOTA
267,2026,24,261268.6017051996,1858.7740410984827,MS,MISSISSIPPI
268,2026,25,445261.10988466407,3383.0001451241915,MO,MISSOURI
269,2026,26,7380.515464080195,29.79007828208242,MT,MONTANA
270,2026,27,3034.031607132313,43.539466482620114,NE,NEBRASKA
271,2026,28,0.0,0.0,NV,NEVADA
272,2026,29,941.8282424549056,14.822071864137996,NH,NEW HAMPSHIRE
273,2026,30,49818.25269373169,427.3284267413444,NJ,NEW JERSEY
274,2026,31,4421.009171628429,69.41518018215713,NM,NEW MEXICO
275,2026,32,146486.5046257261,1641.679060354899,NY,NEW YORK
276,2026,33,147975.94982256892,1593.2260745904614,NC,NORTH CAROLINA
277,2026,34,137544.94625755103,773.7611180571932,ND,NORTH DAKOTA
278,2026,35,201961.8429950397,5835.0686788275625,OH,OHIO
279,2026,36,38936.64920019833,246.30118516118105,OK,OKLAHOMA
280,2026,37,23664.503919403032,80.88309588970691,OR,OREGON
281,2026,38,167264.68060539142,2528.6210171271928,PA,PENNSYLVANIA
282,2026,39,342.7433403579821,12.873118870591838,RI,RHODE ISLAND
283,2026,40,284496.4989935907,1550.1332865695458,SC,SOUTH CAROLINA
284,2026,41,0.0,0.0,SD,SOUTH DAKOTA
285,2026,42,482847.9705284545,3156.967334510329,TN,TENNESSEE
286,2026,43,281662.4638862055,2455.19105894563,TX,TEXAS
287,2026,44,190.94174602236023,18.64736271039218,UT,UTAH
288,2026,45,14828.699414352235,180.40276242034145,VT,VERMONT
289,2026,46,273355.06113607174,1525.7014617211962,VA,VIRGINIA
290,2026,47,110995.6708286268,616.9373191071338,WA,WASHINGTON
291,2026,48,21587.371299385228,245.624271140118,WV,WEST VIRGINIA
292,2026,49,741452.9857720652,8332.975913970631,WI,WISCONSIN
293,2026,50,901.7146549849886,14.763722486886598,WY,WYOMING
294,2027,0,24082.6535813376,464.2603965205611,AL,ALABAMA
295,2027,2,1054.1701568425394,137.55157726273106,AZ,ARIZONA
296,2027,3,40138.46321841965,262.00152842263753,AR,ARKANSAS
297,2027,4,32822.74035840584,340.4837439489205,CA,CALIFORNIA
298,2027,5,19596.242531385487,221.85350802721305,CO,COLORADO
299,2027,6,353.6777077937124,15.273653375555988,CT,CONNECTICUT
300,2027,7,84.58274507043184,10.01074214105835,DE,DELAWARE
301,2027,8,0.0,0.0,DC,DISTRICT OF COLUMBIA
302,2027,9,51977.122973815975,195.8454105909733,FL,FLORIDA
303,2027,10,269262.4100283811,1052.26219225722,GA,GEORGIA
304,2027,12,4893.911136227109,142.4979962592216,ID,IDAHO
305,2027,13,9139459.0769143,39613.655584479726,IL,ILLINOIS
306,2027,14,1587534.3283677157,13777.541145499428,IN,INDIANA
307,2027,15,16366884.715170885,52685.54816042359,IA,IOWA
308,2027,16,199231.3447537775,666.8356689668805,KS,KANSAS
309,2027,17,517610.321118935,4261.886792379952,KY,KENTUCKY
310,2027,18,5851.901764967517,77.01007057385709,LA,LOUISIANA
311,2027,19,4541.906132866585,41.65366687750464,ME,MAINE
312,2027,20,56712.73767029094,497.9006550187976,MD,MARYLAND
313,2027,21,1940.5111573997503,37.167466526618526,MA,MASSACHUSETTS
314,2027,22,1760624.1106966825,9493.429960627696,MI,MICHIGAN
315,2027,23,14825251.204613384,31380.535090779544,MN,MINNESOTA
316,2027,24,8873.063229850675,181.62120384006104,MS,MISSISSIPPI
317,2027,25,1194992.856633447,6428.805758294464,MO,MISSOURI
318,2027,26,1123.821025980376,7.558513882243551,MT,MONTANA
319,2027,27,431888.2622399196,3266.1822769191854,NE,NEBRASKA
320,2027,28,0.0,0.0,NV,NEVADA
321,2027,29,260.00048727232235,6.243777935272183,NH,NEW HAMPSHIRE
322,2027,30,8473.110515055492,164.71028383798753,NJ,NEW JERSEY
323,2027,31,2374.4285192019943,44.04681528758009,NM,NEW MEXICO
324,2027,32,144636.71358545448,3008.031749683705,NY,NEW YORK
325,2027,33,184417.66821350064,1457.87225861322,NC,NORTH CAROLINA
326,2027,34,1137540.6463016532,3141.8486169234807,ND,NORTH DAKOTA
327,2027,35,198335.228270802,6159.439974499218,OH,OHIO
328,2027,36,8640.908469414031,110.0608734660905,OK,OKLAHOMA
329,2027,37,65987.70808980778,191.0177243097752,OR,OREGON
330,2027,38,100313.88418829572,1675.8331009110736,PA,PENNSYLVANIA
331,2027,39,0.0,0.0,RI,RHODE ISLAND
332,2027,40,92740.9836731088,464.7449630641086,SC,SOUTH CAROLINA
333,2027,41,3993477.810523164,14535.12869868685,SD,SOUTH DAKOTA
334,2027,42,174761.6688120055,2120.2405116797217,TN,TENNESSEE
335,2027,43,73078.39841054134,684.7890637069947,TX,TEXAS
336,2027,44,1406.8107591220833,128.38692744146914,UT,UTAH
337,2027,45,10663.453415264818,126.6046828507175,VT,VERMONT
338,2027,46,58518.89039426264,432.5163778166942,VA,VIRGINIA
339,2027,47,100537.9560879246,600.1354157935507,WA,WASHINGTON
340,2027,48,5970.753732283347,101.72542281005838,WV,WEST VIRGINIA
341,2027,49,3911574.686957427,15594.118642653772,WI,WISCONSIN
342,2027,50,558.5745053390742,25.44778578779412,WY,WYOMING
343,2028,0,337687.15893949405,1187.9523355552706,AL,ALABAMA
344,2028,2,157.11801224666877,20.90788780364183,AZ,ARIZONA
345,2028,3,96858.68858462467,308.9930411654438,AR,ARKANSAS
346,2028,4,21830.52289007604,250.6132249162909,CA,CALIFORNIA
347,2028,5,100179.6028546806,958.4243891595256,CO,COLORADO
348,2028,6,14631.632953848684,75.12296971736097,CT,CONNECTICUT
349,2028,7,111096.07983887372,438.9203339162752,DE,DELAWARE
350,2028,8,0.0,0.0,DC,DISTRICT OF COLUMBIA
351,2028,9,149918.0960572348,470.2261625010549,FL,FLORIDA
352,2028,10,660120.516191496,1737.115486725576,GA,GEORGIA
353,2028,12,5174.226111297601,144.94202558276746,ID,IDAHO
354,2028,13,22608437.434962016,48034.59786298234,IL,ILLINOIS
355,2028,14,10740437.702456435,24957.658929108344,IN,INDIANA
356,2028,15,32481356.27010489,55939.91552331157,IA,IOWA
357,2028,16,2452527.278948907,9507.159151474672,KS,KANSAS
358,2028,17,1462246.5175935696,5419.150924876349,KY,KENTUCKY
359,2028,18,346901.4866861362,1183.9604908305896,LA,LOUISIANA
360,2028,19,2078.783087948924,48.39444364984416,ME,MAINE
361,2028,20,200986.6914060964,1205.629370024771,MD,MARYLAND
362,2028,21,13284.341030950343,78.59781215813548,MA,MASSACHUSETTS
363,2028,22,4880249.488554144,9637.954422867044,MI,MICHIGAN
364,2028,23,19322622.156409863,31317.226866446512,MN,MINNESOTA
365,2028,24,548661.5378977725,1664.9938813316978,MS,MISSISSIPPI
366,2028,25,3943996.5318976818,12541.008804349804,MO,MISSOURI
367,2028,26,62057.077006039806,199.8081379537209,MT,MONTANA
368,2028,27,3154641.2284290893,11756.381187289411,NE,NEBRASKA
369,2028,28,0.0,0.0,NV,NEVADA
370,2028,29,2790.975044811348,24.736475341947816,NH,NEW HAMPSHIRE
371,2028,30,34873.1432302234,317.78754097569816,NJ,NEW JERSEY
372,2028,31,1298.041430848201,34.629853123625466,NM,NEW MEXICO
373,2028,32,661669.7818511121,3282.182254235248,NY,NEW YORK
374,2028,33,64647.42018223189,765.5555078489929,NC,NORTH CAROLINA
375,2028,34,1827706.058803556,4062.0912326034695,ND,NORTH DAKOTA
376,2028,35,5197399.536615694,14663.515806427073,OH,OHIO
377,2028,36,85028.43267482055,544.7421050019531,OK,OKLAHOMA
378,2028,37,45268.951862584574,113.83640037779791,OR,OREGON
379,2028,38,329017.41702762345,2518.571433660114,PA,PENNSYLVANIA
380,2028,39,0.0,0.0,RI,RHODE ISLAND
381,2028,40,395560.2772721808,1450.8371149565278,SC,SOUTH CAROLINA
382,2028,41,6196064.519292194,14936.2514550283,SD,SOUTH DAKOTA
383,2028,42,587986.4971105772,2241.1398625528072,TN,TENNESSEE
384,2028,43,868430.9092431711,4298.845931254524,TX,TEXAS
385,2028,44,1021.0533294778664,92.53905953322986,UT,UTAH
386,2028,45,17376.53523043793,249.79439285396023,VT,VERMONT
387,2028,46,162457.2832250939,1252.5896692572069,VA,VIRGINIA
388,2028,47,90653.46810978514,503.8944794205122,WA,WASHINGTON
389,2028,48,7960.865560628284,119.9644837025941,WV,WEST VIRGINIA
390,2028,49,8345000.124079986,15725.374333542406,WI,WISCONSIN
391,2028,50,2544.307781896961,35.11228768677496,WY,WYOMING
392,2029,0,15637.133585839729,289.0805491790578,AL,ALABAMA
393,2029,2,2144.1152737933667,267.7605948159647,AZ,ARIZONA
394,2029,3,99.47460442588914,2.5229893205758622,AR,ARKANSAS
395,2029,4,35720.10547182674,377.6213670276751,CA,CALIFORNIA
396,2029,5,415268.3676546832,4284.918520869479,CO,COLORADO
397,2029,6,888.8203540700774,7.78151397166819,CT,CONNECTICUT
398,2029,7,264.09483573703056,9.788386337358094,DE,DELAWARE
399,2029,8,0.0,0.0,DC,DISTRICT OF COLUMBIA
400,2029,9,114971.6453422553,419.3688063581942,FL,FLORIDA
401,2029,10,32237.40728402413,334.1224010027489,GA,GEORGIA
402,2029,12,2184.530550949164,63.01555466217624,ID,IDAHO
403,2029,13,6942120.736530412,34894.33800116293,IL,ILLINOIS
404,2029,14,317785.60476590274,4705.936084814042,IN,INDIANA
405,2029,15,28790502.271192502,55537.868184830535,IA,IOWA
406,2029,16,2866358.7813426037,10172.930201073885,KS,KANSAS
407,2029,17,3293.455955680123,92.35627202884596,KY,KENTUCKY
408,2029,18,908.6553142542195,13.835813412578831,LA,LOUISIANA
409,2029,19,1160.6761485803884,17.082376624502153,ME,MAINE
410,2029,20,21080.0895302298,549.1763302391754,MD,MARYLAND
411,2029,21,987.6481677369662,10.870373869153356,MA,MASSACHUSETTS
412,2029,22,2293592.709139108,8343.226565816727,MI,MICHIGAN
413,2029,23,15962132.893147426,31503.764014060445,MN,MINNESOTA
414,2029,24,6225.450814549773,137.4268614003609,MS,MISSISSIPPI
415,2029,25,1190094.1974267208,7137.602500498878,MO,MISSOURI
416,2029,26,16844.63675717625,63.70602728388574,MT,MONTANA
417,2029,27,4775888.912446996,17851.436035290106,NE,NEBRASKA
418,2029,28,0.0,0.0,NV,NEVADA
419,2029,29,444.7068936749546,1.8503556799880128,NH,NEW HAMPSHIRE
420,2029,30,690.9786922783522,11.317690999518716,NJ,NEW JERSEY
421,2029,31,17281.472366203307,286.29870085402746,NM,NEW MEXICO
422,2029,32,62700.72368865181,227.81068570166963,NY,NEW YORK
423,2029,33,1898.3073347117356,50.58129189783583,NC,NORTH CAROLINA
424,2029,34,1851813.57826752,4251.243562364961,ND,NORTH DAKOTA
425,2029,35,645526.922060844,7715.524441735479,OH,OHIO
426,2029,36,168062.77639298025,601.1105673726332,OK,OKLAHOMA
427,2029,37,30693.12630104537,85.75015930330883,OR,OREGON
428,2029,38,24768.30453166164,243.4378843663574,PA,PENNSYLVANIA
429,2029,39,92.4261324043971,1.2223447098539084,RI,RHODE ISLAND
430,2029,40,4922.7121673172205,59.66983266492577,SC,SOUTH CAROLINA
431,2029,41,7066515.298088515,18250.867106228405,SD,SOUTH DAKOTA
432,2029,42,940.6635357820792,44.99888185441671,TN,TENNESSEE
433,2029,43,320784.6283282753,1807.6222246177936,TX,TEXAS
434,2029,44,1478.1264004862014,132.3285830119985,UT,UTAH
435,2029,45,20383.87723317534,155.54013037604005,VT,VERMONT
436,2029,46,38044.16228496954,605.4410083357203,VA,VIRGINIA
437,2029,47,85407.85563575261,474.1877609868089,WA,WASHINGTON
438,2029,48,5315.568800132749,116.70610546489488,WV,WEST VIRGINIA
439,2029,49,3958399.739488293,11811.15668611273,WI,WISCONSIN
440,2029,50,14494.210162632804,214.55253231680075,WY,WYOMING
441,2030,0,177009.86586919634,807.5893688411841,AL,ALABAMA
442,2030,2,271.4337484219975,34.22729809280067,AZ,ARIZONA
443,2030,3,22862.523223807453,88.14564182309357,AR,ARKANSAS
444,2030,4,40861.91907487894,396.9361732177965,CA,CALIFORNIA
445,2030,5,326962.6995409178,3442.970890135379,CO,COLORADO
446,2030,6,0.0,0.0,CT,CONNECTICUT
447,2030,7,5004.23707726545,128.72190680305656,DE,DELAWARE
448,2030,8,0.0,0.0,DC,DISTRICT OF COLUMBIA
449,2030,9,181107.73670104274,558.6898987777837,FL,FLORIDA
450,2030,10,663310.6344700252,1676.1190822689134,GA,GEORGIA
451,2030,12,5833.365976156245,168.54847533560127,ID,IDAHO
452,2030,13,1663201.285435706,17145.309767644238,IL,ILLINOIS
453,2030,14,515277.766584216,8260.147560074936,IN,INDIANA
454,2030,15,6290004.530864827,23492.123954252,IA,IOWA
455,2030,16,2984829.9561648173,10950.5726315286,KS,KANSAS
456,2030,17,286691.394432041,2469.0544188502204,KY,KENTUCKY
457,2030,18,679055.6252775341,1819.1768445049277,LA,LOUISIANA
458,2030,19,611.850905098715,5.502977813786254,ME,MAINE
459,2030,20,28041.04982404736,534.8416172477326,MD,MARYLAND
460,2030,21,1480.666222753511,16.33230693635822,MA,MASSACHUSETTS
461,2030,22,194260.33391021207,3547.6667059887022,MI,MICHIGAN
462,2030,23,1878613.840409563,12162.292139321624,MN,MINNESOTA
463,2030,24,499757.6672635017,1498.6680113632965,MS,MISSISSIPPI
464,2030,25,1319652.0669014286,6010.029910525052,MO,MISSOURI
465,2030,26,26347.67406148435,129.051661020293,MT,MONTANA
466,2030,27,4652773.943724105,18067.54226772381,NE,NEBRASKA
467,2030,28,0.0,0.0,NV,NEVADA
468,2030,29,201.42452870613567,1.8992914164815224,NH,NEW HAMPSHIRE
469,2030,30,17081.168952248467,211.9921252377036,NJ,NEW JERSEY
470,2030,31,13200.064315077256,229.91110174015324,NM,NEW MEXICO
471,2030,32,8681.52647678457,89.55542959346548,NY,NEW YORK
472,2030,33,532957.7349740271,2298.0309511642336,NC,NORTH CAROLINA
473,2030,34,591077.3857404446,2689.639880154943,ND,NORTH DAKOTA
474,2030,35,539340.5787364567,13019.226514021242,OH,OHIO
475,2030,36,131849.00219725902,523.9234139927759,OK,OKLAHOMA
476,2030,37,77253.92529780442,205.15006776444392,OR,OREGON
477,2030,38,259081.9610099502,3082.202826636198,PA,PENNSYLVANIA
478,2030,39,0.0,0.0,RI,RHODE ISLAND
479,2030,40,605782.3127514936,1698.0456122854391,SC,SOUTH CAROLINA
480,2030,41,3612622.7294562655,14986.2072103974,SD,SOUTH DAKOTA
481,2030,42,210781.1860719638,1128.708781088908,TN,TENNESSEE
482,2030,43,763646.7634434527,3590.4980762050723,TX,TEXAS
483,2030,44,1984.7303528421903,179.72170951468797,UT,UTAH
484,2030,45,6647.96975265907,86.41372525071493,VT,VERMONT
485,2030,46,31386.73368850622,523.2699351570752,VA,VIRGINIA
486,2030,47,122075.04047641756,645.3344019282667,WA,WASHINGTON
487,2030,48,8531.602579378288,139.64481343943484,WV,WEST VIRGINIA
488,2030,49,166706.209259233,1763.2556490697343,WI,WISCONSIN
489,2030,50,2138.5477911156904,32.076184544066145,WY,WYOMING
490,2031,0,7101.425828685588,106.79461633451344,AL,ALABAMA
491,2031,2,1324.8031127288991,170.26798403762152,AZ,ARIZONA
492,2031,3,189.9053896679508,1.2679795712665691,AR,ARKANSAS
493,2031,4,17696.627396598647,166.4274177325987,CA,CALIFORNIA
494,2031,5,155115.84454200233,1859.7156276882845,CO,COLORADO
495,2031,6,18155.29895863399,102.94381667023268,CT,CONNECTICUT
496,2031,7,190936.84825677268,626.767628681304,DE,DELAWARE
497,2031,8,0.0,0.0,DC,DISTRICT OF COLUMBIA
498,2031,9,7840.850361011689,127.8617317938861,FL,FLORIDA
499,2031,10,59570.33415830365,260.51973793954204,GA,GEORGIA
500,2031,12,6547.203563312978,184.4546501956737,ID,IDAHO
501,2031,13,13329016.227610756,39984.978816005234,IL,ILLINOIS
502,2031,14,5222991.056839294,22368.47074457064,IN,INDIANA
503,2031,15,13562292.306384915,45435.83602632678,IA,IOWA
504,2031,16,2575399.469807719,9538.195796057564,KS,KANSAS
505,2031,17,85070.54384660246,619.818030770238,KY,KENTUCKY
506,2031,18,0.0,0.0,LA,LOUISIANA
507,2031,19,2513.235093290405,57.43955807593646,ME,MAINE
508,2031,20,570371.8297017793,1965.5787007768067,MD,MARYLAND
509,2031,21,10464.056226189912,111.36569898264194,MA,MASSACHUSETTS
510,2031,22,2561279.767201904,10148.093405059431,MI,MICHIGAN
511,2031,23,4814220.401341216,15199.42288636776,MN,MINNESOTA
512,2031,24,1499.552422466863,24.42498835379795,MS,MISSISSIPPI
513,2031,25,1590416.6069377128,6651.07302940846,MO,MISSOURI
514,2031,26,14314.12830290966,63.5036255261507,MT,MONTANA
515,2031,27,2181877.040772934,12297.08180604755,NE,NEBRASKA
516,2031,28,0.0,0.0,NV,NEVADA
517,2031,29,847.0302417258737,10.109859533733603,NH,NEW HAMPSHIRE
518,2031,30,143246.002470367,463.35327061771386,NJ,NEW JERSEY
519,2031,31,1060.1544603277391,25.536088553457382,NM,NEW MEXICO
520,2031,32,453710.9300114525,3729.758677978704,NY,NEW YORK
521,2031,33,81135.14813742138,1023.2076941098226,NC,NORTH CAROLINA
522,2031,34,624300.0668487397,1521.661015920562,ND,NORTH DAKOTA
523,2031,35,2935473.570099072,13235.59792549576,OH,OHIO
524,2031,36,225207.90277459176,840.6528162031221,OK,OKLAHOMA
525,2031,37,26567.05030468302,65.63769190164506,OR,OREGON
526,2031,38,701683.7609441504,4394.401959758266,PA,PENNSYLVANIA
527,2031,39,3020.9346080880514,26.8536062320592,RI,RHODE ISLAND
528,2031,40,1417.6788150312543,8.904650460717262,SC,SOUTH CAROLINA
529,2031,41,1553566.6938530002,5643.935672140591,SD,SOUTH DAKOTA
530,2031,42,0.0,0.0,TN,TENNESSEE
531,2031,43,257729.44190883276,2133.720965469472,TX,TEXAS
532,2031,44,1168.9759177140336,108.91228948167677,UT,UTAH
533,2031,45,4068.0221306790686,97.49898474950332,VT,VERMONT
534,2031,46,157538.62186678383,1383.7168388860837,VA,VIRGINIA
535,2031,47,60785.93014135464,337.62994664302414,WA,WASHINGTON
536,2031,48,17453.9319450209,194.38166009573948,WV,WEST VIRGINIA
537,2031,49,2723909.938120109,11362.838082176688,WI,WISCONSIN
538,2031,50,6508.999793165958,90.4038166891722,WY,WYOMING
539,2032,0,94.27719753982775,7.071275209079986,AL,ALABAMA
540,2032,2,264.6076735805502,33.16051036107689,AZ,ARIZONA
541,2032,3,92.14246611991656,3.73836213448258,AR,ARKANSAS
542,2032,4,23830.39494132801,254.89364277821835,CA,CALIFORNIA
543,2032,5,248646.4378933324,3201.48035143184,CO,COLORADO
544,2032,6,115.01025618850645,5.456972904396177,CT,CONNECTICUT
545,2032,7,38809.99196278593,565.2562170712282,DE,DELAWARE
546,2032,8,0.0,0.0,DC,DISTRICT OF COLUMBIA
547,2032,9,64088.29519024779,298.5263457105623,FL,FLORIDA
548,2032,10,25515.972868929668,233.7576546571285,GA,GEORGIA
549,2032,12,8191.036041584486,228.51498994639533,ID,IDAHO
550,2032,13,2619167.0200608224,31836.662329972663,IL,ILLINOIS
551,2032,14,447220.6993315238,5693.1833109639065,IN,INDIANA
552,2032,15,1247046.8650520365,15067.58716281761,IA,IOWA
553,2032,16,2016346.7503807768,7435.419050403238,KS,KANSAS
554,2032,17,173995.45325760942,3459.6514220839726,KY,KENTUCKY
555,2032,18,100760.7785240548,935.278359679136,LA,LOUISIANA
556,2032,19,2673.0265990595144,63.28582079746553,ME,MAINE
557,2032,20,44758.09258967656,631.8300006842244,MD,MARYLAND
558,2032,21,1629.0978561732816,26.63285701677399,MA,MASSACHUSETTS
559,2032,22,298648.5511798049,3070.157013516116,MI,MICHIGAN
560,2032,23,431849.4845041498,3599.1876706375942,MN,MINNESOTA
561,2032,24,10885.314536727848,179.75816185837024,MS,MISSISSIPPI
562,2032,25,2350577.677711984,11221.035548015352,MO,MISSOURI
563,2032,26,17186.64349477129,77.21557547847117,MT,MONTANA
564,2032,27,676440.5362796534,4102.9214435151625,NE,NEBRASKA
565,2032,28,0.0,0.0,NV,NEVADA
566,2032,29,433.7957490086677,3.175954259093997,NH,NEW HAMPSHIRE
567,2032,30,48718.751684658,285.1752574341423,NJ,NEW JERSEY
568,2032,31,4655.889944535504,72.43851782515773,NM,NEW MEXICO
569,2032,32,29984.626762317646,729.3276225703728,NY,NEW YORK
570,2032,33,31595.01660975637,553.2395742169989,NC,NORTH CAROLINA
571,2032,34,381197.42190418567,2228.3765631149445,ND,NORTH DAKOTA
572,2032,35,55027.94971137701,1053.3810808866533,OH,OHIO
573,2032,36,139600.47218511844,517.6891554384792,OK,OKLAHOMA
574,2032,37,89436.54960234334,284.08932178769584,OR,OREGON
575,2032,38,70884.87486946349,1885.2089584216665,PA,PENNSYLVANIA
576,2032,39,307.6581620544458,5.184065333769809,RI,RHODE ISLAND
577,2032,40,581.7404537073662,8.984461989161103,SC,SOUTH CAROLINA
578,2032,41,437569.3155073684,2894.120359085856,SD,SOUTH DAKOTA
579,2032,42,22511.85341953582,787.3222848760602,TN,TENNESSEE
580,2032,43,183577.4364027484,1104.0523991138934,TX,TEXAS
581,2032,44,2298.2948665315907,211.87035892308,UT,UTAH
582,2032,45,3503.151335352032,53.47718328221696,VT,VERMONT
583,2032,46,28584.4200243971,718.1220285977131,VA,VIRGINIA
584,2032,47,138106.83454825115,646.1076154932102,WA,WASHINGTON
585,2032,48,4795.31282326717,85.10438867629625,WV,WEST VIRGINIA
586,2032,49,390297.7181551243,5313.442273226711,WI,WISCONSIN
587,2032,50,13558.964792558245,215.26451721670315,WY,WYOMING
588,2033,0,71614.0042853226,347.8348689894664,AL,ALABAMA
589,2033,2,12.810198787235551,1.599760989661184,AZ,ARIZONA
590,2033,3,12546.79242332888,112.97112579262956,AR,ARKANSAS
591,2033,4,2344.049981397109,24.57315998772588,CA,CALIFORNIA
592,2033,5,59642.182508700185,578.4221046934185,CO,COLORADO
593,2033,6,16279.503526740522,79.4999148819788,CT,CONNECTICUT
594,2033,7,122204.92060975933,616.5322664038761,DE,DELAWARE
595,2033,8,0.0,0.0,DC,DISTRICT OF COLUMBIA
596,2033,9,170874.57104057574,520.4349665772103,FL,FLORIDA
597,2033,10,362611.5161268003,1281.726801523317,GA,GEORGIA
598,2033,12,52.81601884354998,1.4656224747694628,ID,IDAHO
599,2033,13,134926.82882879677,1976.7592845513204,IL,ILLINOIS
600,2033,14,190949.5237539884,3814.912722448079,IN,INDIANA
601,2033,15,0.0,0.0,IA,IOWA
602,2033,16,6371.858097736222,42.117069792615005,KS,KANSAS
603,2033,17,123499.91930585328,1999.8007522887972,KY,KENTUCKY
604,2033,18,2905.7176930094124,42.15534947217473,LA,LOUISIANA
605,2033,19,520.3926416904261,9.45391198490047,ME,MAINE
606,2033,20,155811.69460939284,1119.205613412179,MD,MARYLAND
607,2033,21,5085.855866306161,46.19366105740445,MA,MASSACHUSETTS
608,2033,22,98328.11862020126,1651.0235774187445,MI,MICHIGAN
609,2033,23,11487.505221029463,399.8405954939985,MN,MINNESOTA
610,2033,24,5561.850236614024,115.40624537547974,MS,MISSISSIPPI
611,2033,25,24744.94688896482,269.9429448244966,MO,MISSOURI
612,2033,26,25.537314648780868,0.8072498092943738,MT,MONTANA
613,2033,27,13552.278077693802,74.79985202194811,NE,NEBRASKA
614,2033,28,0.0,0.0,NV,NEVADA
615,2033,29,780.9829274421245,9.704907789263482,NH,NEW HAMPSHIRE
616,2033,30,100021.81194260246,378.3033282045524,NJ,NEW JERSEY
617,2033,31,5415.717004928275,109.11138804424748,NM,NEW MEXICO
618,2033,32,68254.16295466313,1556.3360233772269,NY,NEW YORK
619,2033,33,301018.20694185724,2152.7381558490933,NC,NORTH CAROLINA
620,2033,34,500.4583569645063,4.49144736016761,ND,NORTH DAKOTA
621,2033,35,161465.1595710799,2188.541058726175,OH,OHIO
622,2033,36,1944.8595267159308,18.55164558392573,OK,OKLAHOMA
623,2033,37,9690.819329060749,30.246052504241657,OR,OREGON
624,2033,38,198184.04937402808,2085.257411175467,PA,PENNSYLVANIA
625,2033,39,0.0,0.0,RI,RHODE ISLAND
626,2033,40,136667.40574273508,887.234954650209,SC,SOUTH CAROLINA
627,2033,41,2218.013962378697,43.11362175285586,SD,SOUTH DAKOTA
628,2033,42,77601.89085267101,800.1602399263145,TN,TENNESSEE
629,2033,43,201374.6006510778,1521.4840979670903,TX,TEXAS
630,2033,44,819.5161645262789,71.89335184404432,UT,UTAH
631,2033,45,2658.2272482431663,69.59419980162625,VT,VERMONT
632,2033,46,50193.54441896134,504.8212963010127,VA,VIRGINIA
633,2033,47,56091.10003568228,282.47853595072894,WA,WASHINGTON
634,2033,48,694.9368297087836,25.08136828690481,WV,WEST VIRGINIA
635,2033,49,18835.238484572008,369.3101931583175,WI,WISCONSIN
636,2033,50,33.29024032249442,0.4538028225810619,WY,WYOMING
637,2034,0,31653.73470343173,692.4756164274029,AL,ALABAMA
638,2034,2,544.5594401755795,72.95297259380517,AZ,ARIZONA
639,2034,3,25671.1866941242,156.84944949931582,AR,ARKANSAS
640,2034,4,30966.59548159349,307.606742632825,CA,CALIFORNIA
641,2034,5,405715.7635118792,4165.825646417207,CO,COLORADO
642,2034,6,5011.96471685596,81.69315440273542,CT,CONNECTICUT
643,2034,7,124745.40722334928,547.0049291540612,DE,DELAWARE
644,2034,8,0.0,0.0,DC,DISTRICT OF COLUMBIA
645,2034,9,14263.838804525189,174.72519647339902,FL,FLORIDA
646,2034,10,2458.569559344618,90.32957666515232,GA,GEORGIA
647,2034,12,7525.553638780117,209.6696026651117,ID,IDAHO
648,2034,13,1578039.5811210242,15934.904062249254,IL,ILLINOIS
649,2034,14,83503.1069264369,1290.6415270592097,IN,INDIANA
650,2034,15,3717490.7555863415,25141.282933555056,IA,IOWA
651,2034,16,3222443.737633236,12296.664127255106,KS,KANSAS
652,2034,17,58.690054410656224,20.078503416935565,KY,KENTUCKY
653,2034,18,6233.2625318777245,93.23513481596076,LA,LOUISIANA
654,2034,19,1156.8572942110627,38.046900012678506,ME,MAINE
655,2034,20,178796.65728382824,1526.8310018356312,MD,MARYLAND
656,2034,21,6501.437285773805,76.4979375817158,MA,MASSACHUSETTS
657,2034,22,152221.9301160835,1550.6074370341091,MI,MICHIGAN
658,2034,23,1267261.064836355,9585.935750989647,MN,MINNESOTA
659,2034,24,15013.267783068975,201.47231368005828,MS,MISSISSIPPI
660,2034,25,1709233.019657736,7658.343292974713,MO,MISSOURI
661,2034,26,21865.539926554426,76.85933340126651,MT,MONTANA
662,2034,27,3136427.4412352657,15489.85185120913,NE,NEBRASKA
663,2034,28,0.0,0.0,NV,NEVADA
664,2034,29,128.00943461508726,0.809390007763113,NH,NEW HAMPSHIRE
665,2034,30,49949.512725369816,397.1224386621445,NJ,NEW JERSEY
666,2034,31,26119.45147288007,386.8109839994421,NM,NEW MEXICO
667,2034,32,43814.16243465152,692.0783325167864,NY,NEW YORK
668,2034,33,260453.9364611688,2326.575868541293,NC,NORTH CAROLINA
669,2034,34,320695.6246385034,1840.689019621421,ND,NORTH DAKOTA
670,2034,35,5672.018324921618,348.7852139480122,OH,OHIO
671,2034,36,273254.9663618731,1121.0197912404874,OK,OKLAHOMA
672,2034,37,78160.1398546077,203.39413342139653,OR,OREGON
673,2034,38,67784.22100584622,1884.0596193789247,PA,PENNSYLVANIA
674,2034,39,2538.5386267364133,27.926016202053617,RI,RHODE ISLAND
675,2034,40,1788.8050496678193,64.06693049231774,SC,SOUTH CAROLINA
676,2034,41,1911820.8983201853,10645.000248573931,SD,SOUTH DAKOTA
677,2034,42,6912.691548921933,176.09748184007515,TN,TENNESSEE
678,2034,43,926800.5852102395,5787.154439819858,TX,TEXAS
679,2034,44,2919.9059657030907,256.73130006887703,UT,UTAH
680,2034,45,4417.838117412262,45.19505753322609,VT,VERMONT
681,2034,46,74046.40757442036,849.2502908181247,VA,VIRGINIA
682,2034,47,123688.52476239894,596.9490350017129,WA,WASHINGTON
683,2034,48,69.97189796114561,1.94545262667199,WV,WEST VIRGINIA
684,2034,49,548216.2370416357,6228.436826192232,WI,WISCONSIN
685,2034,50,17047.539369344162,316.6182193602456,WY,WYOMING
686,2035,0,46673.62863870947,483.761062534122,AL,ALABAMA
687,2035,2,132.4177389513663,16.719734353053372,AZ,ARIZONA
688,2035,3,10265.629211711028,71.61458151609328,AR,ARKANSAS
689,2035,4,1773.33817942013,15.782893651010072,CA,CALIFORNIA
690,2035,5,30113.54810750068,311.2110511529557,CO,COLORADO
691,2035,6,2659.1258414769395,74.31744941370273,CT,CONNECTICUT
692,2035,7,17648.46875312791,453.2176290500832,DE,DELAWARE
693,2035,8,0.0,0.0,DC,DISTRICT OF COLUMBIA
694,2035,9,3253.7843505213878,26.94540687785132,FL,FLORIDA
695,2035,10,9106.473667069904,169.70009168556706,GA,GEORGIA
696,2035,12,814.4639729882427,22.601035251019763,ID,IDAHO
697,2035,13,275559.4880015615,4974.662312050988,IL,ILLINOIS
698,2035,14,264569.4402124348,8775.572881245742,IN,INDIANA
699,2035,15,129.5055374282818,48.395740395455576,IA,IOWA
700,2035,16,176595.89469124936,1218.8891703405898,KS,KANSAS
701,2035,17,334089.6150320696,3694.748109800156,KY,KENTUCKY
702,2035,18,153492.5153307624,892.0102027765842,LA,LOUISIANA
703,2035,19,658.194263225947,15.429036211339762,ME,MAINE
704,2035,20,81501.16490829874,1473.850201527158,MD,MARYLAND
705,2035,21,2540.4826226075925,79.52364453250442,MA,MASSACHUSETTS
706,2035,22,572020.0297996739,7019.509547525513,MI,MICHIGAN
707,2035,23,54647.77128560024,496.748091585302,MN,MINNESOTA
708,2035,24,57522.63521468848,460.0448540352207,MS,MISSISSIPPI
709,2035,25,156303.12936942658,2151.9768930472346,MO,MISSOURI
710,2035,26,14.359475570236889,0.6197607409405109,MT,MONTANA
711,2035,27,24145.399316128805,153.79580598411985,NE,NEBRASKA
712,2035,28,0.0,0.0,NV,NEVADA
713,2035,29,550.3213370302158,7.184751585337157,NH,NEW HAMPSHIRE
714,2035,30,19041.997557993225,336.9049621955449,NJ,NEW JERSEY
715,2035,31,18884.535895041296,329.8633738616588,NM,NEW MEXICO
716,2035,32,158598.47770068567,2577.409609796356,NY,NEW YORK
717,2035,33,35653.04343472473,1141.47595236042,NC,NORTH CAROLINA
718,2035,34,34090.956026477645,241.57438399874255,ND,NORTH DAKOTA
719,2035,35,328780.7151289219,6528.44772456866,OH,OHIO
720,2035,36,151209.2195617651,596.0433529584649,OK,OKLAHOMA
721,2035,37,2639.002463234347,11.804373176700482,OR,OREGON
722,2035,38,143609.27643845193,3402.4826481240634,PA,PENNSYLVANIA
723,2035,39,1153.8096207866092,28.832183972459266,RI,RHODE ISLAND
724,2035,40,398.10609744157546,4.882653029271209,SC,SOUTH CAROLINA
725,2035,41,354.85946187499326,2.640137070553334,SD,SOUTH DAKOTA
726,2035,42,135508.4152724709,1684.9686999954952,TN,TENNESSEE
727,2035,43,587520.9590449092,3119.394297957127,TX,TEXAS
728,2035,44,1875.8522545741607,166.92024008864996,UT,UTAH
729,2035,45,5790.992687602945,116.59900214983465,VT,VERMONT
730,2035,46,40505.66398349508,985.336892744534,VA,VIRGINIA
731,2035,47,17657.794709117534,92.88883849045344,WA,WASHINGTON
732,2035,48,5832.775908026835,167.2980027238327,WV,WEST VIRGINIA
733,2035,49,495148.3160227437,5054.698050879983,WI,WISCONSIN
734,2035,50,45.42663242991631,0.6192425713165826,WY,WYOMING
735,2036,0,85045.42844191872,676.9615699620786,AL,ALABAMA
736,2036,2,1739.7633492573625,228.57811871863723,AZ,ARIZONA
737,2036,3,122310.9899000298,394.6892720972671,AR,ARKANSAS
738,2036,4,10392.745885960612,100.50743840316738,CA,CALIFORNIA
739,2036,5,301796.0933059248,3214.767504233222,CO,COLORADO
740,2036,6,176.1166807576379,10.533672950430338,CT,CONNECTICUT
741,2036,7,0.0,0.0,DE,DELAWARE
742,2036,8,0.0,0.0,DC,DISTRICT OF COLUMBIA
743,2036,9,41872.35993991186,187.05866185764387,FL,FLORIDA
744,2036,10,308429.3130863031,1023.71469430968,GA,GEORGIA
745,2036,12,1479.2156060133325,41.43819494175246,ID,IDAHO
746,2036,13,4237958.325689934,20804.70027035876,IL,ILLINOIS
747,2036,14,944179.0107854428,7387.38167812559,IN,INDIANA
748,2036,15,4607845.390837071,23553.694179100592,IA,IOWA
749,2036,16,2017041.7830285595,9484.668362739489,KS,KANSAS
750,2036,17,460914.0100720915,2913.6789501761896,KY,KENTUCKY
751,2036,18,631756.9978975679,1970.153052718737,LA,LOUISIANA
752,2036,19,262.49651101984256,5.761038527919505,ME,MAINE
753,2036,20,0.0,0.0,MD,MARYLAND
754,2036,21,552.0702628646817,10.433223689122192,MA,MASSACHUSETTS
755,2036,22,541252.2875567862,4167.211252523681,MI,MICHIGAN
756,2036,23,4261800.373464077,16670.095161857294,MN,MINNESOTA
757,2036,24,668064.4324131715,2259.521063550023,MS,MISSISSIPPI
758,2036,25,3266918.0712852683,12012.858791433511,MO,MISSOURI
759,2036,26,10124.867212139585,41.022380020973486,MT,MONTANA
760,2036,27,2251937.4011413557,10366.19757878865,NE,NEBRASKA
761,2036,28,0.0,0.0,NV,NEVADA
762,2036,29,0.0,0.0,NH,NEW HAMPSHIRE
763,2036,30,0.0,0.0,NJ,NEW JERSEY
764,2036,31,13146.533775511962,397.7776423466761,NM,NEW MEXICO
765,2036,32,86.21202915336707,2.9328556408763564,NY,NEW YORK
766,2036,33,264569.3843979677,1639.2500358163957,NC,NORTH CAROLINA
767,2036,34,251874.76551570403,961.845193216344,ND,NORTH DAKOTA
768,2036,35,288813.6138830224,6393.593434940936,OH,OHIO
769,2036,36,299555.95717307145,1452.6919341709345,OK,OKLAHOMA
770,2036,37,1973.151537578453,5.804871568658492,OR,OREGON
771,2036,38,3037.6024730503623,130.38653866064436,PA,PENNSYLVANIA
772,2036,39,0.0,0.0,RI,RHODE ISLAND
773,2036,40,343363.4082399857,1527.4989080748303,SC,SOUTH CAROLINA
774,2036,41,2956893.494591635,11747.419838392976,SD,SOUTH DAKOTA
775,2036,42,388814.9570297703,2034.9887600648144,TN,TENNESSEE
776,2036,43,1529605.7603066578,6872.633021558622,TX,TEXAS
777,2036,44,2932.166283551652,255.77360626998205,UT,UTAH
778,2036,45,0.0,0.0,VT,VERMONT
779,2036,46,2285.055634911592,53.02100153047448,VA,VIRGINIA
780,2036,47,19568.45244811949,98.2999073185155,WA,WASHINGTON
781,2036,48,25.70708159433948,0.2036201890813199,WV,WEST VIRGINIA
782,2036,49,1297392.748089689,10899.83727624098,WI,WISCONSIN
783,2036,50,12026.15923486121,167.08462428577252,WY,WYOMING
784,2037,0,2770.421769845064,119.27772811418534,AL,ALABAMA
785,2037,2,1415.5213264241468,179.50607806056297,AZ,ARIZONA
786,2037,3,715.5883201999598,18.50162182702168,AR,ARKANSAS
787,2037,4,28736.174223860125,348.2401325455955,CA,CALIFORNIA
788,2037,5,219070.77876609808,3294.8942792768985,CO,COLORADO
789,2037,6,4723.853234362745,68.21637898664504,CT,CONNECTICUT
790,2037,7,12394.883356459664,252.6538898852978,DE,DELAWARE
791,2037,8,0.0,0.0,DC,DISTRICT OF COLUMBIA
792,2037,9,3475.695092934251,36.326802971840685,FL,FLORIDA
793,2037,10,25.629117507996128,1.746035434172006,GA,GEORGIA
794,2037,12,829.6393916137054,23.02216127882892,ID,IDAHO
795,2037,13,8294954.746885801,32092.60407302884,IL,ILLINOIS
796,2037,14,696231.616893132,7276.631594051366,IN,INDIANA
797,2037,15,4055913.476966149,19379.51335735927,IA,IOWA
798,2037,16,2128666.1320425337,9901.911138419133,KS,KANSAS
799,2037,17,8039.223597797843,167.4293696097797,KY,KENTUCKY
800,2037,18,2336.663532595137,26.85138683275873,LA,LOUISIANA
801,2037,19,562.815549252564,9.018587480116391,ME,MAINE
802,2037,20,48662.42142278551,705.5478753489442,MD,MARYLAND
803,2037,21,8049.23398126247,84.28971521745098,MA,MASSACHUSETTS
804,2037,22,398846.8504672088,4757.915251859631,MI,MICHIGAN
805,2037,23,2772243.8224910395,12537.934360905643,MN,MINNESOTA
806,2037,24,1450.9728687786987,55.95266806255184,MS,MISSISSIPPI
807,2037,25,1700531.5377015288,9735.846482371324,MO,MISSOURI
808,2037,26,6513.666081635112,20.430259239118683,MT,MONTANA
809,2037,27,2343285.4757168414,11167.170962700928,NE,NEBRASKA
810,2037,28,0.0,0.0,NV,NEVADA
811,2037,29,759.4850531800412,11.958961051865526,NH,NEW HAMPSHIRE
812,2037,30,7497.205395502899,121.37071436251094,NJ,NEW JERSEY
813,2037,31,9637.636697446884,183.99394595213772,NM,NEW MEXICO
814,2037,32,20865.02149924424,430.00944953266463,NY,NEW YORK
815,2037,33,12740.689857539486,292.17970776008934,NC,NORTH CAROLINA
816,2037,34,39068.32463482169,211.38599085025191,ND,NORTH DAKOTA
817,2037,35,201587.20124932248,5807.390251680397,OH,OHIO
818,2037,36,52772.55778048902,210.99472254094223,OK,OKLAHOMA
819,2037,37,9944.66186539906,33.315897831936084,OR,OREGON
820,2037,38,40738.97438374777,894.532306324837,PA,PENNSYLVANIA
821,2037,39,1257.405334073138,19.58903790270277,RI,RHODE ISLAND
822,2037,40,19.64758439107173,2.097059731715635,SC,SOUTH CAROLINA
823,2037,41,20907.91507909009,92.48118428445734,SD,SOUTH DAKOTA
824,2037,42,1287.5650503175234,103.71588841782427,TN,TENNESSEE
825,2037,43,122636.52268798783,916.0372378747826,TX,TEXAS
826,2037,44,1308.782527946115,117.93227571573496,UT,UTAH
827,2037,45,321.5207267171531,11.018964161842092,VT,VERMONT
828,2037,46,30845.27077881969,530.3624950807969,VA,VIRGINIA
829,2037,47,1052.0306298958594,7.935846832783043,WA,WASHINGTON
830,2037,48,1177.806104355342,56.87042397116472,WV,WEST VIRGINIA
831,2037,49,641935.6409766332,7542.916451819231,WI,WISCONSIN
832,2037,50,7726.199932453752,182.4568058441083,WY,WYOMING
833,2038,0,233099.92510380084,1130.8403046458425,AL,ALABAMA
834,2038,2,874.118686763584,117.74554970021283,AZ,ARIZONA
835,2038,3,113695.74248919295,409.27638246436425,AR,ARKANSAS
836,2038,4,6166.907321469293,54.80509804460186,CA,CALIFORNIA
837,2038,5,281505.21859836497,3231.49082650518,CO,COLORADO
838,2038,6,910.9057080712572,13.284343791128824,CT,CONNECTICUT
839,2038,7,0.0,0.0,DE,DELAWARE
840,2038,8,0.0,0.0,DC,DISTRICT OF COLUMBIA
841,2038,9,223274.8878334433,530.5088390455513,FL,FLORIDA
842,2038,10,573696.1298870791,1309.129619265076,GA,GEORGIA
843,2038,12,43.86277074350067,1.6078438499401615,ID,IDAHO
844,2038,13,4393724.140934078,32650.29511755628,IL,ILLINOIS
845,2038,14,288800.52070670616,5389.645240147996,IN,INDIANA
846,2038,15,3411011.5910662087,20437.93534881037,IA,IOWA
847,2038,16,2365965.160202113,8765.8125473617,KS,KANSAS
848,2038,17,244149.28790510123,2542.2223708371303,KY,KENTUCKY
849,2038,18,409220.9285882521,1271.4195022452848,LA,LOUISIANA
850,2038,19,246.37873338645187,5.93136001398906,ME,MAINE
851,2038,20,1186.7318176967622,26.339989353936645,MD,MARYLAND
852,2038,21,320.8645909108328,14.48150472550397,MA,MASSACHUSETTS
853,2038,22,261890.72014723235,3905.4959283317567,MI,MICHIGAN
854,2038,23,2176155.663258566,14449.56760205758,MN,MINNESOTA
855,2038,24,579967.6141286675,2101.5068566196705,MS,MISSISSIPPI
856,2038,25,613679.268359005,5637.407319971721,MO,MISSOURI
857,2038,26,27327.985900510303,121.96870670007034,MT,MONTANA
858,2038,27,1479429.7752969554,8949.355951011166,NE,NEBRASKA
859,2038,28,0.0,0.0,NV,NEVADA
860,2038,29,264.35412820509845,2.2326483801652013,NH,NEW HAMPSHIRE
861,2038,30,2518.3170743050127,54.49673853235898,NJ,NEW JERSEY
862,2038,31,22056.537003003272,334.96415870754026,NM,NEW MEXICO
863,2038,32,77251.91907329085,1720.778827334385,NY,NEW YORK
864,2038,33,44040.46049652225,374.0213290646151,NC,NORTH CAROLINA
865,2038,34,413687.0545483689,2834.567546640621,ND,NORTH DAKOTA
866,2038,35,24530.040226604197,905.3233751291624,OH,OHIO
867,2038,36,289880.10954758537,1328.8698855604457,OK,OKLAHOMA
868,2038,37,3802.961669403017,10.49467773255462,OR,OREGON
869,2038,38,20915.657929570567,486.8583217968508,PA,PENNSYLVANIA
870,2038,39,1.731078863107422,0.4304686719325208,RI,RHODE ISLAND
871,2038,40,199438.81302068997,580.8766348763867,SC,SOUTH CAROLINA
872,2038,41,2563867.5116478777,13089.285282786894,SD,SOUTH DAKOTA
873,2038,42,350935.6889941064,1813.127456647791,TN,TENNESSEE
874,2038,43,1594854.8839113978,6710.111447977386,TX,TEXAS
875,2038,44,677.6901996529036,65.19553486422035,UT,UTAH
876,2038,45,2416.3358719081198,30.002612846130305,VT,VERMONT
877,2038,46,6030.559448736782,76.5283224579065,VA,VIRGINIA
878,2038,47,974.159208778766,24.708675048095625,WA,WASHINGTON
879,2038,48,1592.9265387162693,38.14549823243552,WV,WEST VIRGINIA
880,2038,49,727288.6473664067,8038.696506170531,WI,WISCONSIN
881,2038,50,12114.991145088292,204.2024641438896,WY,WYOMING
882,2039,0,121997.11901903347,1422.7135371858813,AL,ALABAMA
883,2039,2,1254.8018693077638,175.49089159320877,AZ,ARIZONA
884,2039,3,1900.828995836965,22.024453681060955,AR,ARKANSAS
885,2039,4,14126.353596681103,144.2750219170116,CA,CALIFORNIA
886,2039,5,121800.13158451834,1699.7192725555465,CO,COLORADO
887,2039,6,17350.968693919483,107.25633432908263,CT,CONNECTICUT
888,2039,7,33486.03880844483,244.27689917608816,DE,DELAWARE
889,2039,8,0.0,0.0,DC,DISTRICT OF COLUMBIA
890,2039,9,72735.65834270435,534.06747401557,FL,FLORIDA
891,2039,10,282115.42938828934,1525.0927715995422,GA,GEORGIA
892,2039,12,2599.3959743312494,73.65669192370301,ID,IDAHO
893,2039,13,3102515.243572101,30227.950152684432,IL,ILLINOIS
894,2039,14,632200.8526258297,9083.285219799403,IN,INDIANA
895,2039,15,1696877.7774785636,10782.03074893738,IA,IOWA
896,2039,16,523554.5044715464,2260.1783489565646,KS,KANSAS
897,2039,17,611088.7815489599,4628.359872939506,KY,KENTUCKY
898,2039,18,257323.44270371745,1276.5902589192638,LA,LOUISIANA
899,2039,19,1114.926073040431,18.475280878919463,ME,MAINE
900,2039,20,409667.9542696741,1846.5127385220255,MD,MARYLAND
901,2039,21,12252.59544597764,91.79188664162298,MA,MASSACHUSETTS
902,2039,22,372127.90454467386,5476.276480874757,MI,MICHIGAN
903,2039,23,1451369.8476975565,11258.1908673979,MN,MINNESOTA
904,2039,24,320083.63206354674,1997.5867811358569,MS,MISSISSIPPI
905,2039,25,59242.547643014914,668.5713343241093,MO,MISSOURI
906,2039,26,14918.690360389566,62.12533947543339,MT,MONTANA
907,2039,27,310297.4087472993,1353.5326803471248,NE,NEBRASKA
908,2039,28,0.0,0.0,NV,NEVADA
909,2039,29,3718.378868050058,21.966080488310443,NH,NEW HAMPSHIRE
910,2039,30,84161.71179752267,474.92878818139553,NJ,NEW JERSEY
911,2039,31,4000.797879793577,85.74740445213794,NM,NEW MEXICO
912,2039,32,124774.10504107102,2066.42818663737,NY,NEW YORK
913,2039,33,171001.29936871646,3032.443068637621,NC,NORTH CAROLINA
914,2039,34,193483.535210641,1568.0618756114784,ND,NORTH DAKOTA
915,2039,35,1126093.9864831846,10056.007759656097,OH,OHIO
916,2039,36,20563.853482188875,165.9184919323247,OK,OKLAHOMA
917,2039,37,31532.01767389202,102.50448738137727,OR,OREGON
918,2039,38,716185.8715162037,3086.4257722695297,PA,PENNSYLVANIA
919,2039,39,5010.931339063608,34.83324693399135,RI,RHODE ISLAND
920,2039,40,3542.1103062347865,185.3087578262604,SC,SOUTH CAROLINA
921,2039,41,1090197.784740065,6894.364142599688,SD,SOUTH DAKOTA
922,2039,42,202790.88751305395,2172.9527351180864,TN,TENNESSEE
923,2039,43,104560.06243332798,782.5462847534858,TX,TEXAS
924,2039,44,2871.470575184698,257.3820929633996,UT,UTAH
925,2039,45,1096.9477730730096,17.09243804933812,VT,VERMONT
926,2039,46,227615.8611815602,1429.3475436519216,VA,VIRGINIA
927,2039,47,11051.674122010132,93.05281645835142,WA,WASHINGTON
928,2039,48,19187.76299015328,89.16274944869252,WV,WEST VIRGINIA
929,2039,49,268532.5676208672,3536.84913336322,WI,WISCONSIN
930,2039,50,9006.16911194181,149.39617481911998,WY,WYOMING
931,2040,0,297271.6713459155,1246.3761203323827,AL,ALABAMA
932,2040,2,2646.868079408062,368.6694585492501,AZ,ARIZONA
933,2040,3,31015.02305964728,202.1272826492636,AR,ARKANSAS
934,2040,4,10414.69608078972,100.79234618827954,CA,CALIFORNIA
935,2040,5,392321.3118909408,3905.396754018063,CO,COLORADO
936,2040,6,352.6681387461484,24.55658862807242,CT,CONNECTICUT
937,2040,7,0.0,0.0,DE,DELAWARE
938,2040,8,0.0,0.0,DC,DISTRICT OF COLUMBIA
939,2040,9,304423.41393494303,788.1289014333508,FL,FLORIDA
940,2040,10,705016.3188402969,1902.3522140424325,GA,GEORGIA
941,2040,12,6144.578250721312,173.6883581986247,ID,IDAHO
942,2040,13,9969660.241177857,43006.6730844117,IL,ILLINOIS
943,2040,14,832407.3581093424,7367.139943649441,IN,INDIANA
944,2040,15,19932875.14745276,47956.53352206781,IA,IOWA
945,2040,16,2459245.419502384,8733.492039351804,KS,KANSAS
946,2040,17,386459.79699679214,3721.258980637191,KY,KENTUCKY
947,2040,18,758719.3258437064,1943.5083842564893,LA,LOUISIANA
948,2040,19,605.6950316613868,11.98130775166068,ME,MAINE
949,2040,20,4932.996548873405,51.784196222375975,MD,MARYLAND
950,2040,21,1157.9632362352936,16.11122319768822,MA,MASSACHUSETTS
951,2040,22,122356.04527339993,1977.6429261251988,MI,MICHIGAN
952,2040,23,6916517.897132583,26404.255088326598,MN,MINNESOTA
953,2040,24,744285.4989793072,2483.911256845875,MS,MISSISSIPPI
954,2040,25,1927970.85259404,8686.340978040542,MO,MISSOURI
955,2040,26,30594.048629177443,129.98911360972613,MT,MONTANA
956,2040,27,5796800.176893584,19062.75259382948,NE,NEBRASKA
957,2040,28,0.0,0.0,NV,NEVADA
958,2040,29,442.8918268182254,2.94718929150542,NH,NEW HAMPSHIRE
959,2040,30,630.2055644114159,42.85367465131196,NJ,NEW JERSEY
960,2040,31,32968.3496931585,608.3661182005612,NM,NEW MEXICO
961,2040,32,43530.02707462536,689.4422015937275,NY,NEW YORK
962,2040,33,110059.142304419,990.2165886528436,NC,NORTH CAROLINA
963,2040,34,669028.5351099836,2953.2168115149047,ND,NORTH DAKOTA
964,2040,35,31321.64061963417,545.9304795399346,OH,OHIO
965,2040,36,145394.4170693524,717.2572410864877,OK,OKLAHOMA
966,2040,37,43844.95148649093,130.7998777542278,OR,OREGON
967,2040,38,39488.91995483168,755.479892785714,PA,PENNSYLVANIA
968,2040,39,463.02113829093184,9.254572635851623,RI,RHODE ISLAND
969,2040,40,484648.5029320362,1707.0224832372128,SC,SOUTH CAROLINA
970,2040,41,6591208.131755166,16865.737106002198,SD,SOUTH DAKOTA
971,2040,42,248239.27951462544,2017.3238328471448,TN,TENNESSEE
972,2040,43,593059.9475104187,4378.556774598466,TX,TEXAS
973,2040,44,4147.083425506671,365.0854485858168,UT,UTAH
974,2040,45,3005.23874663654,42.786578355816864,VT,VERMONT
975,2040,46,3946.060830124211,100.2905232459867,VA,VIRGINIA
976,2040,47,11188.81208092925,115.6800853472126,WA,WASHINGTON
977,2040,48,781.5061538609541,47.48816454346685,WV,WEST VIRGINIA
978,2040,49,690706.7392039396,9344.97527434108,WI,WISCONSIN
979,2040,50,25447.77216755324,361.4646086721454,WY,WYOMING
980,2041,0,85301.35981366503,695.0727461119147,AL,ALABAMA
981,2041,2,953.5401526662016,119.68377311709403,AZ,ARIZONA
982,2041,3,82455.71840034632,346.20466296378936,AR,ARKANSAS
983,2041,4,11680.793574398178,137.60483471555034,CA,CALIFORNIA
984,2041,5,338219.4073165393,3370.37532562714,CO,COLORADO
985,2041,6,738.8310976012281,19.96418390273636,CT,CONNECTICUT
986,2041,7,7767.939960092161,157.69646613533962,DE,DELAWARE
987,2041,8,0.0,0.0,DC,DISTRICT OF COLUMBIA
988,2041,9,136444.02793243597,530.8144760147507,FL,FLORIDA
989,2041,10,22902.036523838306,237.24312854065076,GA,GEORGIA
990,2041,12,7329.584548962134,205.30754343499743,ID,IDAHO
991,2041,13,18515149.118321657,44061.31002926925,IL,ILLINOIS
992,2041,14,3957516.194720241,19492.867928771306,IN,INDIANA
993,2041,15,17401106.1254571,39771.1506175104,IA,IOWA
994,2041,16,1615123.2539656537,6818.629439083526,KS,KANSAS
995,2041,17,854532.0102274907,4842.079060325408,KY,KENTUCKY
996,2041,18,3479.411828746878,121.80601453817776,LA,LOUISIANA
997,2041,19,37.73378758187549,1.0685553757662334,ME,MAINE
998,2041,20,1258.223080801327,77.91301731540982,MD,MARYLAND
999,2041,21,351.28279826543513,7.589629328151181,MA,MASSACHUSETTS
1000,2041,22,1267815.757743027,10443.732289244832,MI,MICHIGAN
1001,2041,23,10735307.682874182,28930.568871844567,MN,MINNESOTA
1002,2041,24,356339.40367080807,1583.621402060211,MS,MISSISSIPPI
1003,2041,25,1332155.07099082,7939.61418448192,MO,MISSOURI
1004,2041,26,23538.33724081688,96.44690375788376,MT,MONTANA
1005,2041,27,1730952.7166534618,6607.067297068027,NE,NEBRASKA
1006,2041,28,0.0,0.0,NV,NEVADA
1007,2041,29,320.9814234773567,2.196091723520641,NH,NEW HAMPSHIRE
1008,2041,30,10682.673032844825,217.660138096741,NJ,NEW JERSEY
1009,2041,31,27807.25055484681,391.9265102013208,NM,NEW MEXICO
1010,2041,32,108631.8882348845,1637.7249659289612,NY,NEW YORK
1011,2041,33,91452.18228527752,1255.2886672148252,NC,NORTH CAROLINA
1012,2041,34,186568.8265291805,1012.7350786142975,ND,NORTH DAKOTA
1013,2041,35,417600.8201841356,7282.467664318018,OH,OHIO
1014,2041,36,173552.27847465395,811.4552156758582,OK,OKLAHOMA
1015,2041,37,62930.732018970506,165.68116066667193,OR,OREGON
1016,2041,38,36450.86184180976,614.0990666960613,PA,PENNSYLVANIA
1017,2041,39,0.0,0.0,RI,RHODE ISLAND
1018,2041,40,13046.480201463311,192.42704693498047,SC,SOUTH CAROLINA
1019,2041,41,2969534.516180496,10563.219291308458,SD,SOUTH DAKOTA
1020,2041,42,495107.4078085805,2471.7919222568858,TN,TENNESSEE
1021,2041,43,445319.1566526866,2250.8164142903015,TX,TEXAS
1022,2041,44,3957.239445063831,347.2161148051639,UT,UTAH
1023,2041,45,1190.5197856915274,13.212512931593148,VT,VERMONT
1024,2041,46,16370.618932386904,329.1636145342815,VA,VIRGINIA
1025,2041,47,58262.667079567545,296.2062907667892,WA,WASHINGTON
1026,2041,48,477.80556132486697,21.9683840960657,WV,WEST VIRGINIA
1027,2041,49,3922172.453815338,16994.769316372363,WI,WISCONSIN
1028,2041,50,29010.257218775216,400.2080117429499,WY,WYOMING
1029,2042,0,151363.9688644023,1253.7407523796164,AL,ALABAMA
1030,2042,2,3979.703813190215,501.47572205007816,AZ,ARIZONA
1031,2042,3,55444.53682495673,220.64270422325396,AR,ARKANSAS
1032,2042,4,31392.16027698684,312.9542276441639,CA,CALIFORNIA
1033,2042,5,443379.8039129632,4159.398248002275,CO,COLORADO
1034,2042,6,250.2759717957701,10.777654827904,CT,CONNECTICUT
1035,2042,7,127289.26409575692,619.3770159505118,DE,DELAWARE
1036,2042,8,0.0,0.0,DC,DISTRICT OF COLUMBIA
1037,2042,9,65848.35839740261,482.6240862176212,FL,FLORIDA
1038,2042,10,251894.62877927008,1595.8400066312372,GA,GEORGIA
1039,2042,12,4460.25393128613,129.98702891339275,ID,IDAHO
1040,2042,13,12509567.6926277,41014.14670692879,IL,ILLINOIS
1041,2042,14,1630657.8266418437,15929.348119263936,IN,INDIANA
1042,2042,15,21980701.50308285,49227.12801136776,IA,IOWA
1043,2042,16,3442566.881876475,11647.020602514393,KS,KANSAS
1044,2042,17,807128.1523826525,5388.046680578998,KY,KENTUCKY
1045,2042,18,366339.6566207463,1669.114380689439,LA,LOUISIANA
1046,2042,19,4890.447201647571,83.24568851574493,ME,MAINE
1047,2042,20,318992.49356592,1858.9302202842564,MD,MARYLAND
1048,2042,21,19.56353107848751,6.081223577001843,MA,MASSACHUSETTS
1049,2042,22,1303615.9341433928,9444.797549031264,MI,MICHIGAN
1050,2042,23,8690294.129385632,23844.949135631825,MN,MINNESOTA
1051,2042,24,319779.7878768573,1619.1289889078992,MS,MISSISSIPPI
1052,2042,25,3756417.956617225,12291.899962692936,MO,MISSOURI
1053,2042,26,38115.09563791396,127.02234576523496,MT,MONTANA
1054,2042,27,5635390.16964872,18673.500895076388,NE,NEBRASKA
1055,2042,28,0.0,0.0,NV,NEVADA
1056,2042,29,345.5780433189777,2.1960917235206407,NH,NEW HAMPSHIRE
1057,2042,30,27208.50870018677,343.4913660863143,NJ,NEW JERSEY
1058,2042,31,49580.36793954283,752.736486404097,NM,NEW MEXICO
1059,2042,32,33076.14896078498,541.8449678075503,NY,NEW YORK
1060,2042,33,1003849.5162637992,4013.832421702568,NC,NORTH CAROLINA
1061,2042,34,1490740.257056543,3672.969968024856,ND,NORTH DAKOTA
1062,2042,35,648326.5418629879,8599.52435261472,OH,OHIO
1063,2042,36,335679.8964112526,1396.3740525911824,OK,OKLAHOMA
1064,2042,37,39501.43689803778,124.89000636412322,OR,OREGON
1065,2042,38,168155.4941222647,2346.9728605510545,PA,PENNSYLVANIA
1066,2042,39,3.807501506371354,3.013718262169039,RI,RHODE ISLAND
1067,2042,40,177638.7889044875,1527.4824233735008,SC,SOUTH CAROLINA
1068,2042,41,6747652.018538902,17013.314741901246,SD,SOUTH DAKOTA
1069,2042,42,438582.846842774,2462.5515145579293,TN,TENNESSEE
1070,2042,43,861889.6894652364,5953.189958093215,TX,TEXAS
1071,2042,44,4098.54814982557,357.6724423485374,UT,UTAH
1072,2042,45,3941.469811645383,68.60892809278802,VT,VERMONT
1073,2042,46,361263.6107162464,1322.6865412958057,VA,VIRGINIA
1074,2042,47,22074.48272499925,126.83633147753486,WA,WASHINGTON
1075,2042,48,1988.2344951563775,69.43773262489628,WV,WEST VIRGINIA
1076,2042,49,2421873.223340771,12980.42074608748,WI,WISCONSIN
1077,2042,50,30450.04600131011,425.4057651550205,WY,WYOMING
1078,2043,0,15626.202640037403,240.25286077482247,AL,ALABAMA
1079,2043,2,2990.7216073995105,391.7788950727698,AZ,ARIZONA
1080,2043,3,19110.33328339139,223.8580643454754,AR,ARKANSAS
1081,2043,4,6945.577355896068,82.23571049885021,CA,CALIFORNIA
1082,2043,5,316630.8807616966,3143.553205420256,CO,COLORADO
1083,2043,6,200.53558999214687,3.3552433015892937,CT,CONNECTICUT
1084,2043,7,0.0,0.0,DE,DELAWARE
1085,2043,8,0.0,0.0,DC,DISTRICT OF COLUMBIA
1086,2043,9,1458.7549675448952,16.880785458756943,FL,FLORIDA
1087,2043,10,619.5906705174044,10.26034961176488,GA,GEORGIA
1088,2043,12,6876.428725956463,195.0393979886433,ID,IDAHO
1089,2043,13,13879503.427485574,39403.29246422292,IL,ILLINOIS
1090,2043,14,878616.0040210391,6211.789332852617,IN,INDIANA
1091,2043,15,14810951.79262732,45751.98221842371,IA,IOWA
1092,2043,16,2559872.774651224,10072.451212082062,KS,KANSAS
1093,2043,17,143100.05293875444,1036.2979775743884,KY,KENTUCKY
1094,2043,18,120518.37522710826,1255.366929716705,LA,LOUISIANA
1095,2043,19,790.3710107560623,14.101503266039812,ME,MAINE
1096,2043,20,0.0,0.0,MD,MARYLAND
1097,2043,21,133.8869758608473,1.3301414757283498,MA,MASSACHUSETTS
1098,2043,22,143211.39154179458,1568.0652964949036,MI,MICHIGAN
1099,2043,23,7973135.321215271,26107.661246555417,MN,MINNESOTA
1100,2043,24,23938.36424039209,397.99100570593606,MS,MISSISSIPPI
1101,2043,25,3613846.2968342975,12089.301099511418,MO,MISSOURI
1102,2043,26,29925.15705392373,124.40407832980648,MT,MONTANA
1103,2043,27,3108325.3060894227,15124.3714878223,NE,NEBRASKA
1104,2043,28,0.0,0.0,NV,NEVADA
1105,2043,29,481.095231385194,3.952262438118077,NH,NEW HAMPSHIRE
1106,2043,30,0.0,0.0,NJ,NEW JERSEY
1107,2043,31,46818.940446675086,692.8741144997844,NM,NEW MEXICO
1108,2043,32,17035.87417496643,256.5513060502992,NY,NEW YORK
1109,2043,33,0.0,0.0,NC,NORTH CAROLINA
1110,2043,34,543679.8765289037,2100.387541103736,ND,NORTH DAKOTA
1111,2043,35,45989.95230064934,1974.6420198089147,OH,OHIO
1112,2043,36,254460.13142959855,1050.4166102184636,OK,OKLAHOMA
1113,2043,37,52778.08615176682,164.6276986051328,OR,OREGON
1114,2043,38,0.0,0.0,PA,PENNSYLVANIA
1115,2043,39,0.0,0.0,RI,RHODE ISLAND
1116,2043,40,46.37458140655804,0.7300836173565675,SC,SOUTH CAROLINA
1117,2043,41,3318492.480698913,15236.661315058926,SD,SOUTH DAKOTA
1118,2043,42,115898.13826487964,1179.029515063677,TN,TENNESSEE
1119,2043,43,417666.624610948,3178.434065934247,TX,TEXAS
1120,2043,44,4052.354707159273,355.7256675955057,UT,UTAH
1121,2043,45,5953.654147030358,85.76745114036035,VT,VERMONT
1122,2043,46,0.0,0.0,VA,VIRGINIA
1123,2043,47,19106.89827389921,105.79579177309192,WA,WASHINGTON
1124,2043,48,2256.390361792122,29.2519546606786,WV,WEST VIRGINIA
1125,2043,49,921241.3709506862,9678.82840405926,WI,WISCONSIN
1126,2043,50,20306.049912057104,286.75105189502096,WY,WYOMING
1127,2044,0,9056.686685449702,427.30183165092535,AL,ALABAMA
1128,2044,2,4865.761947760584,607.6456101409576,AZ,ARIZONA
1129,2044,3,18913.611421357356,186.74211129273883,AR,ARKANSAS
1130,2044,4,33867.874612915555,353.9688119904332,CA,CALIFORNIA
1131,2044,5,362374.9181696549,3745.810875337053,CO,COLORADO
1132,2044,6,350.4214726363352,9.809037063372568,CT,CONNECTICUT
1133,2044,7,11867.755967733,238.7746761780727,DE,DELAWARE
1134,2044,8,0.0,0.0,DC,DISTRICT OF COLUMBIA
1135,2044,9,305836.2048642318,695.4403003835964,FL,FLORIDA
1136,2044,10,272458.44212086813,1355.014934915587,GA,GEORGIA
1137,2044,12,4771.13729006282,135.2081304797691,ID,IDAHO
1138,2044,13,5101732.003654966,29165.5100517505,IL,ILLINOIS
1139,2044,14,911612.6046782231,6701.29456794697,IN,INDIANA
1140,2044,15,8232976.289233187,34455.837387501146,IA,IOWA
1141,2044,16,1838742.3011589504,8777.040577636995,KS,KANSAS
1142,2044,17,517784.50197526976,3890.360383357328,KY,KENTUCKY
1143,2044,18,1184.6966129855325,43.44884796808347,LA,LOUISIANA
1144,2044,19,253.1424487727541,8.560130517292107,ME,MAINE
1145,2044,20,36754.87168830579,394.7874852076221,MD,MARYLAND
1146,2044,21,527.8286980259091,6.946010317857205,MA,MASSACHUSETTS
1147,2044,22,34791.687536025434,375.1528900518758,MI,MICHIGAN
1148,2044,23,6450545.586965222,23594.03456870532,MN,MINNESOTA
1149,2044,24,92675.08746535287,1214.2300053511976,MS,MISSISSIPPI
1150,2044,25,549162.8138333695,3862.197558156999,MO,MISSOURI
1151,2044,26,21889.429339021623,95.71884719987678,MT,MONTANA
1152,2044,27,3251958.1199533497,15549.182253517836,NE,NEBRASKA
1153,2044,28,0.0,0.0,NV,NEVADA
1154,2044,29,306.0379713340572,1.850571402327704,NH,NEW HAMPSHIRE
1155,2044,30,5749.8829184735605,230.38201121146147,NJ,NEW JERSEY
1156,2044,31,40349.535810942725,703.3116772393042,NM,NEW MEXICO
1157,2044,32,37569.2977436736,1084.815657177753,NY,NEW YORK
1158,2044,33,180885.0712049852,1559.5675888153655,NC,NORTH CAROLINA
1159,2044,34,461494.0447011789,2671.5838969669185,ND,NORTH DAKOTA
1160,2044,35,15435.870752146328,407.9607121446418,OH,OHIO
1161,2044,36,255977.69447121237,1264.1794377273957,OK,OKLAHOMA
1162,2044,37,10546.978568757411,29.587006253724827,OR,OREGON
1163,2044,38,21104.78065982333,384.4983271316543,PA,PENNSYLVANIA
1164,2044,39,271.0587210506506,2.9789291647878,RI,RHODE ISLAND
1165,2044,40,186716.68338188896,933.1821953330592,SC,SOUTH CAROLINA
1166,2044,41,3705812.0204549073,15134.799217697882,SD,SOUTH DAKOTA
1167,2044,42,153538.12253645927,2017.4908921717144,TN,TENNESSEE
1168,2044,43,244698.53931387066,1340.5630719994717,TX,TEXAS
1169,2044,44,3664.243280057376,320.8405340004504,UT,UTAH
1170,2044,45,2493.5619538973697,43.83315076896661,VT,VERMONT
1171,2044,46,2788.371544847053,40.91980553034223,VA,VIRGINIA
1172,2044,47,27199.17377879732,162.6227738862163,WA,WASHINGTON
1173,2044,48,994.680531831024,20.970872341581742,WV,WEST VIRGINIA
1174,2044,49,54725.44536069759,707.6432349532239,WI,WISCONSIN
1175,2044,50,20970.33396919941,332.96034370643883,WY,WYOMING
1176,2045,0,12.697487512763985,1.5867386831651409,AL,ALABAMA
1177,2045,2,2563.651624416542,320.1529750964508,AZ,ARIZONA
1178,2045,3,138087.1683447353,423.19099801492047,AR,ARKANSAS
1179,2045,4,4480.163463868799,40.5791883101983,CA,CALIFORNIA
1180,2045,5,273480.6655075712,2811.884617910106,CO,COLORADO
1181,2045,6,1540.1088439837524,36.970596046736944,CT,CONNECTICUT
1182,2045,7,0.0,0.0,DE,DELAWARE
1183,2045,8,0.0,0.0,DC,DISTRICT OF COLUMBIA
1184,2045,9,148.73932126883955,1.5737504339749897,FL,FLORIDA
1185,2045,10,0.0,0.0,GA,GEORGIA
1186,2045,12,908.5276887218748,27.35141477231968,ID,IDAHO
1187,2045,13,17636218.625794917,38485.13243026169,IL,ILLINOIS
1188,2045,14,1196731.0712838492,10402.439793037714,IN,INDIANA
1189,2045,15,20827215.430590063,47078.87189089156,IA,IOWA
1190,2045,16,2936402.285861996,10325.43944007856,KS,KANSAS
1191,2045,17,92591.97030187324,1584.9432612986395,KY,KENTUCKY
1192,2045,18,498358.079512454,1669.3458382312479,LA,LOUISIANA
1193,2045,19,8748.97879991863,99.79209835004724,ME,MAINE
1194,2045,20,84.28658673554827,17.21267109215655,MD,MARYLAND
1195,2045,21,2410.190681157909,50.01188513905676,MA,MASSACHUSETTS
1196,2045,22,1383017.3007311595,9245.113951908126,MI,MICHIGAN
1197,2045,23,6884414.407715292,26776.520781543324,MN,MINNESOTA
1198,2045,24,200142.95955435687,933.4132326294892,MS,MISSISSIPPI
1199,2045,25,4827966.671322985,12782.546834554096,MO,MISSOURI
1200,2045,26,4911.522302339539,22.197191781989478,MT,MONTANA
1201,2045,27,2476648.0584411705,12659.92126239066,NE,NEBRASKA
1202,2045,28,0.0,0.0,NV,NEVADA
1203,2045,29,378.512249594409,1.845086693166046,NH,NEW HAMPSHIRE
1204,2045,30,1076.5240140947733,85.68735424871281,NJ,NEW JERSEY
1205,2045,31,17782.14794906442,299.2081445711823,NM,NEW MEXICO
1206,2045,32,34708.56894487982,550.8072805868946,NY,NEW YORK
1207,2045,33,2626.1640449692813,84.42223952022452,NC,NORTH CAROLINA
1208,2045,34,315278.9495163773,1641.5843415115555,ND,NORTH DAKOTA
1209,2045,35,763526.3412555059,5606.815370865063,OH,OHIO
1210,2045,36,287151.24489363807,1172.5844537956475,OK,OKLAHOMA
1211,2045,37,25458.04551603789,73.70735351034365,OR,OREGON
1212,2045,38,17515.052189191065,632.3105581401899,PA,PENNSYLVANIA
1213,2045,39,1064.391240897375,17.226201705498504,RI,RHODE ISLAND
1214,2045,40,373.5961024814076,20.73891843368778,SC,SOUTH CAROLINA
1215,2045,41,2368463.4011924965,12281.33514959419,SD,SOUTH DAKOTA
1216,2045,42,129131.25505559212,483.65188366861184,TN,TENNESSEE
1217,2045,43,1412141.5705804944,6186.236946557278,TX,TEXAS
1218,2045,44,2054.1404842380903,181.04565128272935,UT,UTAH
1219,2045,45,85.1962011822138,2.276762986092552,VT,VERMONT
1220,2045,46,853.0134493065091,30.75751670644859,VA,VIRGINIA
1221,2045,47,58699.43846250818,321.0642309741962,WA,WASHINGTON
1222,2045,48,296.3756237212418,9.658492538869254,WV,WEST VIRGINIA
1223,2045,49,3345860.620845482,14303.706825838535,WI,WISCONSIN
1224,2045,50,13789.675959397746,223.97907762754016,WY,WYOMING
1225,2046,0,446595.6090091661,1594.9704659627505,AL,ALABAMA
1226,2046,2,3948.7299793428942,494.7922593773389,AZ,ARIZONA
1227,2046,3,137973.5968935166,410.543832646734,AR,ARKANSAS
1228,2046,4,8477.796670658448,81.26782557706657,CA,CALIFORNIA
1229,2046,5,309960.6731373745,3367.184103298434,CO,COLORADO
1230,2046,6,5.056545386400267,2.820798332130558,CT,CONNECTICUT
1231,2046,7,8082.048566219709,132.82218365494964,DE,DELAWARE
1232,2046,8,0.0,0.0,DC,DISTRICT OF COLUMBIA
1233,2046,9,98572.53423201505,584.3023954990208,FL,FLORIDA
1234,2046,10,257420.86443070276,1576.0032219688164,GA,GEORGIA
1235,2046,12,842.4534963861488,23.377741581641004,ID,IDAHO
1236,2046,13,13704861.073821733,39748.48217045239,IL,ILLINOIS
1237,2046,14,451081.4451734797,5294.253404509085,IN,INDIANA
1238,2046,15,22437350.22907134,43959.750069745074,IA,IOWA
1239,2046,16,3763653.576210252,13095.102031711767,KS,KANSAS
1240,2046,17,669324.8748177813,4305.46427780249,KY,KENTUCKY
1241,2046,18,645102.6212037032,1834.3823066495327,LA,LOUISIANA
1242,2046,19,115.9158235620458,1.620613002898306,ME,MAINE
1243,2046,20,22818.08005262009,237.9894897291716,MD,MARYLAND
1244,2046,21,91.8437947826794,3.2248263244214126,MA,MASSACHUSETTS
1245,2046,22,268616.6254242196,3565.4785190466546,MI,MICHIGAN
1246,2046,23,9495595.13545904,26309.50039517365,MN,MINNESOTA
1247,2046,24,766097.3821525513,2313.330933077816,MS,MISSISSIPPI
1248,2046,25,6265613.63794933,12782.521325243182,MO,MISSOURI
1249,2046,26,15345.493703068329,59.42349848273081,MT,MONTANA
1250,2046,27,5119179.306507878,16055.961602709354,NE,NEBRASKA
1251,2046,28,0.0,0.0,NV,NEVADA
1252,2046,29,364.64559703066783,1.851901689639279,NH,NEW HAMPSHIRE
1253,2046,30,244.4232526144785,17.16357962586742,NJ,NEW JERSEY
1254,2046,31,33913.42567222456,577.1829090845696,NM,NEW MEXICO
1255,2046,32,14016.625640009808,334.51948019780133,NY,NEW YORK
1256,2046,33,3779.356365246897,102.6634121176011,NC,NORTH CAROLINA
1257,2046,34,1209019.055254946,3541.5638143756187,ND,NORTH DAKOTA
1258,2046,35,77662.09107658404,2131.545479856672,OH,OHIO
1259,2046,36,421541.48053393705,1723.2355380582926,OK,OKLAHOMA
1260,2046,37,16023.033291539135,52.38391458191629,OR,OREGON
1261,2046,38,3176.0057654382795,211.8599478891381,PA,PENNSYLVANIA
1262,2046,39,13.05308724522478,2.125714829729004,RI,RHODE ISLAND
1263,2046,40,56687.2300511454,640.442012663318,SC,SOUTH CAROLINA
1264,2046,41,5847356.804818671,15612.658894269722,SD,SOUTH DAKOTA
1265,2046,42,688299.2302483981,3041.023407788786,TN,TENNESSEE
1266,2046,43,1595971.7931686295,8013.159566080634,TX,TEXAS
1267,2046,44,2740.1632241507477,241.77353542059117,UT,UTAH
1268,2046,45,0.0,0.0,VT,VERMONT
1269,2046,46,1767.3654307365964,154.65370449379475,VA,VIRGINIA
1270,2046,47,7283.379283105512,58.56827653595504,WA,WASHINGTON
1271,2046,48,0.0,0.0,WV,WEST VIRGINIA
1272,2046,49,982863.2068320676,10125.82326043916,WI,WISCONSIN
1273,2046,50,23003.804784585147,337.62769225546606,WY,WYOMING
1274,2047,0,395063.6059299437,1355.77373053999,AL,ALABAMA
1275,2047,2,4174.346740210424,521.2995997295462,AZ,ARIZONA
1276,2047,3,23277.387512085268,122.51743864332818,AR,ARKANSAS
1277,2047,4,41156.3821588993,404.3817603090866,CA,CALIFORNIA
1278,2047,5,120714.95707524465,1351.141256525215,CO,COLORADO
1279,2047,6,124.18782309146567,15.814042790752808,CT,CONNECTICUT
1280,2047,7,46297.20418798883,482.0323607239269,DE,DELAWARE
1281,2047,8,0.0,0.0,DC,DISTRICT OF COLUMBIA
1282,2047,9,93239.81198751002,420.72144831314523,FL,FLORIDA
1283,2047,10,523371.5723092562,1670.355665128334,GA,GEORGIA
1284,2047,12,4739.428222275202,133.49395708259055,ID,IDAHO
1285,2047,13,6819491.161832025,33205.786849034106,IL,ILLINOIS
1286,2047,14,447617.2871525602,4413.024428537972,IN,INDIANA
1287,2047,15,6811339.11003679,29891.41268663904,IA,IOWA
1288,2047,16,472509.4312761952,2302.4837244118357,KS,KANSAS
1289,2047,17,378073.394024434,2999.3218929044447,KY,KENTUCKY
1290,2047,18,59064.66372496208,722.7237807197944,LA,LOUISIANA
1291,2047,19,123.57882041907158,4.741938266228734,ME,MAINE
1292,2047,20,181242.2303636057,1388.5182917079255,MD,MARYLAND
1293,2047,21,246.749645765308,6.079706669832632,MA,MASSACHUSETTS
1294,2047,22,821291.2793771407,6334.831719937814,MI,MICHIGAN
1295,2047,23,8796975.559925389,26140.41682558817,MN,MINNESOTA
1296,2047,24,676557.5618869709,2293.4661415428545,MS,MISSISSIPPI
1297,2047,25,2239777.650712488,8371.320799042516,MO,MISSOURI
1298,2047,26,1956.622913462385,10.344916962382252,MT,MONTANA
1299,2047,27,670595.4814999243,4476.197523399063,NE,NEBRASKA
1300,2047,28,0.0,0.0,NV,NEVADA
1301,2047,29,269.7793474120005,2.1643883599271585,NH,NEW HAMPSHIRE
1302,2047,30,2349.497150403594,60.15243713546465,NJ,NEW JERSEY
1303,2047,31,19036.58716479315,280.42719218223885,NM,NEW MEXICO
1304,2047,32,28568.383432834875,656.8593741542668,NY,NEW YORK
1305,2047,33,101870.55100443622,1154.9934822884884,NC,NORTH CAROLINA
1306,2047,34,63766.86532337048,527.6867741505023,ND,NORTH DAKOTA
1307,2047,35,358256.652675002,3103.8450872873964,OH,OHIO
1308,2047,36,168568.03017050386,591.0570378969112,OK,OKLAHOMA
1309,2047,37,37197.57785710519,103.38466547910444,OR,OREGON
1310,2047,38,72956.70891139455,901.7908541774144,PA,PENNSYLVANIA
1311,2047,39,0.0,0.0,RI,RHODE ISLAND
1312,2047,40,132652.30226377508,979.2331042678538,SC,SOUTH CAROLINA
1313,2047,41,982698.5586430464,6014.40334925871,SD,SOUTH DAKOTA
1314,2047,42,475785.3286964759,2472.312351557848,TN,TENNESSEE
1315,2047,43,158787.13389375102,861.1939221347333,TX,TEXAS
1316,2047,44,3557.056141514642,319.4864409627221,UT,UTAH
1317,2047,45,667.1640368583465,10.232460067138286,VT,VERMONT
1318,2047,46,54118.01638778001,664.7006112654976,VA,VIRGINIA
1319,2047,47,24315.858058626887,156.2435517370079,WA,WASHINGTON
1320,2047,48,1.3727346348944467,0.2358411402831937,WV,WEST VIRGINIA
1321,2047,49,2984707.883367076,14664.164261012946,WI,WISCONSIN
1322,2047,50,10353.473304412868,180.67425276351997,WY,WYOMING
1323,2048,0,216243.40732191317,794.0733465996061,AL,ALABAMA
1324,2048,2,542.7695236619695,69.36657755501919,AZ,ARIZONA
1325,2048,3,100304.31038224888,354.8304641917364,AR,ARKANSAS
1326,2048,4,34830.98780885444,367.028209241584,CA,CALIFORNIA
1327,2048,5,277331.3434458297,3292.1415529989163,CO,COLORADO
1328,2048,6,146.01489697569,5.503720295664951,CT,CONNECTICUT
1329,2048,7,338.9919779751248,60.491070930239374,DE,DELAWARE
1330,2048,8,0.0,0.0,DC,DISTRICT OF COLUMBIA
1331,2048,9,283125.36811415316,757.8594270556732,FL,FLORIDA
1332,2048,10,565216.4694509476,1468.0938341173594,GA,GEORGIA
1333,2048,12,1621.1482766054023,45.62719082026671,ID,IDAHO
1334,2048,13,4436435.253548331,22815.51660872935,IL,ILLINOIS
1335,2048,14,259967.4364918449,3002.6734643353493,IN,INDIANA
1336,2048,15,1026946.2171740024,5782.243893470243,IA,IOWA
1337,2048,16,2229805.0848728567,7763.717122775453,KS,KANSAS
1338,2048,17,196284.7303246987,1294.415540836923,KY,KENTUCKY
1339,2048,18,659447.9581210143,1809.5306909305164,LA,LOUISIANA
1340,2048,19,995.1478058917104,26.115118080958407,ME,MAINE
1341,2048,20,815.9851539844942,58.83040275623743,MD,MARYLAND
1342,2048,21,191.6952767188909,2.991402262897385,MA,MASSACHUSETTS
1343,2048,22,12528.248369096884,161.4313973015589,MI,MICHIGAN
1344,2048,23,59031.43033804446,1177.216654650581,MN,MINNESOTA
1345,2048,24,454846.7809143934,1983.9147166263156,MS,MISSISSIPPI
1346,2048,25,804699.818824603,5903.562799873049,MO,MISSOURI
1347,2048,26,3461.8989164843915,17.528542382423545,MT,MONTANA
1348,2048,27,1343164.1950019903,7479.607806036965,NE,NEBRASKA
1349,2048,28,0.0,0.0,NV,NEVADA
1350,2048,29,12.504954974552218,0.3821583597656251,NH,NEW HAMPSHIRE
1351,2048,30,347.4310545935732,11.552856299090593,NJ,NEW JERSEY
1352,2048,31,16335.537658638905,327.395136212185,NM,NEW MEXICO
1353,2048,32,11623.445722843002,144.29631122707772,NY,NEW YORK
1354,2048,33,279603.11969708174,2288.5953420313103,NC,NORTH CAROLINA
1355,2048,34,309018.9015190818,1901.1087576175496,ND,NORTH DAKOTA
1356,2048,35,8530.23898309546,166.66233232443503,OH,OHIO
1357,2048,36,275382.65376212227,1079.4328322912654,OK,OKLAHOMA
1358,2048,37,5530.579879050725,17.87653028759075,OR,OREGON
1359,2048,38,765.503512548125,30.02702040315455,PA,PENNSYLVANIA
1360,2048,39,79.39428189555622,5.744704868565321,RI,RHODE ISLAND
1361,2048,40,381015.0008505941,1427.6169910211224,SC,SOUTH CAROLINA
1362,2048,41,771034.8699004753,3480.439768674333,SD,SOUTH DAKOTA
1363,2048,42,286816.23949779104,1691.737135012807,TN,TENNESSEE
1364,2048,43,1591913.1497340843,7072.362697789779,TX,TEXAS
1365,2048,44,3021.735452207745,267.328739622858,UT,UTAH
1366,2048,45,3540.3239858945744,62.46644164455704,VT,VERMONT
1367,2048,46,17322.684732522725,239.0119298156319,VA,VIRGINIA
1368,2048,47,2129.8353248981675,14.403257525621632,WA,WASHINGTON
1369,2048,48,0.6893657410543035,0.1522541302783203,WV,WEST VIRGINIA
1370,2048,49,66786.20686838283,523.747886829506,WI,WISCONSIN
1371,2048,50,8386.10889979282,183.32715876618988,WY,WYOMING
1372,2049,0,37021.61324734586,284.4840422342605,AL,ALABAMA
1373,2049,2,3931.5782853439305,492.1851372918738,AZ,ARIZONA
1374,2049,3,39957.04993357172,126.71699026520182,AR,ARKANSAS
1375,2049,4,23048.257307211257,227.32796052064063,CA,CALIFORNIA
1376,2049,5,174116.75892629754,1904.884393054459,CO,COLORADO
1377,2049,6,90.64864756548408,12.939185039341924,CT,CONNECTICUT
1378,2049,7,0.0,0.0,DE,DELAWARE
1379,2049,8,0.0,0.0,DC,DISTRICT OF COLUMBIA
1380,2049,9,571.5936590731482,10.35337335784632,FL,FLORIDA
1381,2049,10,7977.490711536984,54.69015672069288,GA,GEORGIA
1382,2049,12,259.5135609909221,7.2013929831100905,ID,IDAHO
1383,2049,13,914319.8677276672,8534.05052373638,IL,ILLINOIS
1384,2049,14,253557.1005703804,2835.6081329357303,IN,INDIANA
1385,2049,15,1448875.0995204854,8116.067227705473,IA,IOWA
1386,2049,16,2568953.389310044,9148.56987846764,KS,KANSAS
1387,2049,17,84097.76458901199,1872.620290013533,KY,KENTUCKY
1388,2049,18,655075.0913021847,1777.1658881725737,LA,LOUISIANA
1389,2049,19,676.020302051836,14.792430429490729,ME,MAINE
1390,2049,20,936.4415117618876,101.63524103544846,MD,MARYLAND
1391,2049,21,51.30469350148903,3.898899597440426,MA,MASSACHUSETTS
1392,2049,22,60816.17583434208,1056.8449948992022,MI,MICHIGAN
1393,2049,23,197708.5760192175,3807.254610723102,MN,MINNESOTA
1394,2049,24,359402.777515466,1045.8252311330943,MS,MISSISSIPPI
1395,2049,25,625526.0857600874,4984.342021966329,MO,MISSOURI
1396,2049,26,1346.215351590607,8.729860609133166,MT,MONTANA
1397,2049,27,1125881.3662394704,4705.02878284148,NE,NEBRASKA
1398,2049,28,0.0,0.0,NV,NEVADA
1399,2049,29,605.346263709193,2.506326384240218,NH,NEW HAMPSHIRE
1400,2049,30,181.16069753313835,5.062958073121918,NJ,NEW JERSEY
1401,2049,31,56490.06048103651,828.4576007069747,NM,NEW MEXICO
1402,2049,32,543.341367695885,38.54726712140412,NY,NEW YORK
1403,2049,33,4855.801420319132,153.79298319133903,NC,NORTH CAROLINA
1404,2049,34,25.49671920986296,0.1969942345312252,ND,NORTH DAKOTA
1405,2049,35,3189.532828905678,88.10606062026304,OH,OHIO
1406,2049,36,322731.6362028671,1196.173229010987,OK,OKLAHOMA
1407,2049,37,14447.65232101868,41.640623304724926,OR,OREGON
1408,2049,38,3172.804989870613,196.25246660419324,PA,PENNSYLVANIA
1409,2049,39,0.0,0.0,RI,RHODE ISLAND
1410,2049,40,681.8135118997401,7.004119522823835,SC,SOUTH CAROLINA
1411,2049,41,220539.1933920408,2177.896945203546,SD,SOUTH DAKOTA
1412,2049,42,84056.74018289166,715.2272258747062,TN,TENNESSEE
1413,2049,43,1653432.316869636,7327.409537957967,TX,TEXAS
1414,2049,44,3057.491560447192,268.1212776409927,UT,UTAH
1415,2049,45,2248.531917991309,16.308987114768115,VT,VERMONT
1416,2049,46,1049.10129919648,23.183416323394415,VA,VIRGINIA
1417,2049,47,15636.437718235102,83.81535857106314,WA,WASHINGTON
1418,2049,48,1973.3998363471128,69.10925649670735,WV,WEST VIRGINIA
1419,2049,49,112887.05401832492,1291.5164921394205,WI,WISCONSIN
1420,2049,50,1674.6554289243008,28.01363434949543,WY,WYOMING
1421,2050,0,17762.382182998,353.36817191756165,AL,ALABAMA
1422,2050,2,3290.4442446763405,416.690369466542,AZ,ARIZONA
1423,2050,3,84420.4863492834,307.15266945607,AR,ARKANSAS
1424,2050,4,3276.952669733706,47.688633837763824,CA,CALIFORNIA
1425,2050,5,85109.10391217668,925.0462262567788,CO,COLORADO
1426,2050,6,0.7936360205819738,0.0460546772011607,CT,CONNECTICUT
1427,2050,7,71880.34481963451,534.2856906368287,DE,DELAWARE
1428,2050,8,0.0,0.0,DC,DISTRICT OF COLUMBIA
1429,2050,9,147760.233509159,499.9905492158017,FL,FLORIDA
1430,2050,10,338560.45360119524,1353.2931416844096,GA,GEORGIA
1431,2050,12,1094.9148676875516,30.577272627162245,ID,IDAHO
1432,2050,13,1127303.0220382437,10012.524847453478,IL,ILLINOIS
1433,2050,14,257830.97130071977,4109.745693769882,IN,INDIANA
1434,2050,15,0.0,0.0,IA,IOWA
1435,2050,16,412554.73052378406,1892.645475462651,KS,KANSAS
1436,2050,17,543206.6107039413,4416.859998510747,KY,KENTUCKY
1437,2050,18,347997.99600880663,1518.6264325040186,LA,LOUISIANA
1438,2050,19,101.29843356189048,4.056562396974025,ME,MAINE
1439,2050,20,135555.00189057985,1133.3440196560207,MD,MARYLAND
1440,2050,21,114.54617904034092,1.709405984428772,MA,MASSACHUSETTS
1441,2050,22,111968.3212593734,1704.138343919221,MI,MICHIGAN
1442,2050,23,9217.686721193197,142.1860547678382,MN,MINNESOTA
1443,2050,24,251320.08370396,1510.6409557734328,MS,MISSISSIPPI
1444,2050,25,163312.58922824656,1617.8955915937293,MO,MISSOURI
1445,2050,26,3569.696736472208,21.41369606627768,MT,MONTANA
1446,2050,27,3984.304548978148,39.98559623732823,NE,NEBRASKA
1447,2050,28,0.0,0.0,NV,NEVADA
1448,2050,29,131.99343112044227,1.3856381736572203,NH,NEW HAMPSHIRE
1449,2050,30,40273.292385673056,299.6802357152483,NJ,NEW JERSEY
1450,2050,31,11790.141684407892,179.01516487674013,NM,NEW MEXICO
1451,2050,32,16593.608673592295,293.0823237820885,NY,NEW YORK
1452,2050,33,873045.0028956769,3737.4031984643752,NC,NORTH CAROLINA
1453,2050,34,1885.1052132480493,15.282139871493888,ND,NORTH DAKOTA
1454,2050,35,11871.261937433192,442.47695940646895,OH,OHIO
1455,2050,36,233139.67582136116,921.7696034885564,OK,OKLAHOMA
1456,2050,37,8613.133004477895,20.80071185857989,OR,OREGON
1457,2050,38,74562.39485562543,1014.8044869049152,PA,PENNSYLVANIA
1458,2050,39,0.0,0.0,RI,RHODE ISLAND
1459,2050,40,429664.4890765159,1695.5620644402638,SC,SOUTH CAROLINA
1460,2050,41,8943.133516819133,160.50790001908632,SD,SOUTH DAKOTA
1461,2050,42,460785.9637346525,2698.2774232381817,TN,TENNESSEE
1462,2050,43,317847.878994489,2055.1899820563385,TX,TEXAS
1463,2050,44,3242.6060849022347,284.19060379552195,UT,UTAH
1464,2050,45,1518.5918842406468,15.862405926543747,VT,VERMONT
1465,2050,46,174077.14522722206,969.84526389895,VA,VIRGINIA
1466,2050,47,4726.797074445755,61.51464019129541,WA,WASHINGTON
1467,2050,48,2198.0135313556666,59.32671581462749,WV,WEST VIRGINIA
1468,2050,49,115148.10409456184,1980.826923213389,WI,WISCONSIN
1469,2050,50,2690.741738844077,39.07601959300676,WY,WYOMING
1470,2051,0,523285.42473191663,1575.1325662836966,AL,ALABAMA
1471,2051,2,4456.33828939349,565.8957410809498,AZ,ARIZONA
1472,2051,3,115444.76728980994,350.8362207318859,AR,ARKANSAS
1473,2051,4,5387.982527240047,55.04153712396384,CA,CALIFORNIA
1474,2051,5,307518.9940058479,3003.618684171121,CO,COLORADO
1475,2051,6,0.0,0.0,CT,CONNECTICUT
1476,2051,7,17752.15738956631,252.96557458547252,DE,DELAWARE
1477,2051,8,0.0,0.0,DC,DISTRICT OF COLUMBIA
1478,2051,9,355670.61019828485,765.654670388257,FL,FLORIDA
1479,2051,10,728560.7519313281,1729.0368103152482,GA,GEORGIA
1480,2051,12,600.9024128531785,16.674796824552082,ID,IDAHO
1481,2051,13,6599145.022012387,26654.121408046383,IL,ILLINOIS
1482,2051,14,1850993.9394011549,15801.229434558494,IN,INDIANA
1483,2051,15,960262.7392423732,5510.780277057671,IA,IOWA
1484,2051,16,2826062.3485021247,10233.61028222879,KS,KANSAS
1485,2051,17,718757.4050949853,4321.367743838035,KY,KENTUCKY
1486,2051,18,752957.0573073151,1668.0961745517072,LA,LOUISIANA
1487,2051,19,201.93028284550672,4.523651849280139,ME,MAINE
1488,2051,20,62758.2390429473,527.8468958850868,MD,MARYLAND
1489,2051,21,575.6829133076001,7.923743108972779,MA,MASSACHUSETTS
1490,2051,22,186115.77775721945,2211.9831573133724,MI,MICHIGAN
1491,2051,23,16043.91025544192,374.22626480650393,MN,MINNESOTA
1492,2051,24,1015289.563232902,2291.2480141300057,MS,MISSISSIPPI
1493,2051,25,1906128.595244123,8887.32085235133,MO,MISSOURI
1494,2051,26,281.9045746913323,1.1849054804996395,MT,MONTANA
1495,2051,27,891415.2411556079,4598.0086356637685,NE,NEBRASKA
1496,2051,28,0.0,0.0,NV,NEVADA
1497,2051,29,51.725833493136136,1.443469379976961,NH,NEW HAMPSHIRE
1498,2051,30,0.0,0.0,NJ,NEW JERSEY
1499,2051,31,62083.07062619628,864.5051158751421,NM,NEW MEXICO
1500,2051,32,18820.00697771215,572.6268609871718,NY,NEW YORK
1501,2051,33,1000151.3651133578,3796.483207852659,NC,NORTH CAROLINA
1502,2051,34,650.7581691181522,2.133239827963682,ND,NORTH DAKOTA
1503,2051,35,510911.31436758384,7852.238607793917,OH,OHIO
1504,2051,36,448332.3109654669,1716.8167087885251,OK,OKLAHOMA
1505,2051,37,7421.39171960002,18.23076716157463,OR,OREGON
1506,2051,38,10104.880700656417,305.1288170432868,PA,PENNSYLVANIA
1507,2051,39,0.0,0.0,RI,RHODE ISLAND
1508,2051,40,531776.9770216596,1698.3390006015552,SC,SOUTH CAROLINA
1509,2051,41,44466.4754414588,222.59179619103472,SD,SOUTH DAKOTA
1510,2051,42,779141.8508522625,3190.1213007555334,TN,TENNESSEE
1511,2051,43,1779578.5927358435,8036.655494151511,TX,TEXAS
1512,2051,44,1713.4932692758612,150.8904883800048,UT,UTAH
1513,2051,45,465.5699241454834,23.15740344089422,VT,VERMONT
1514,2051,46,105284.95597035362,572.8822516876379,VA,VIRGINIA
1515,2051,47,783.3795565836663,4.372760882799222,WA,WASHINGTON
1516,2051,48,2097.3337016997866,35.526167128395926,WV,WEST VIRGINIA
1517,2051,49,234934.67510057765,4022.033399955313,WI,WISCONSIN
1518,2051,50,10841.711971582024,157.33016169207042,WY,WYOMING
1519,2052,0,184494.39012007977,1032.244443733185,AL,ALABAMA
1520,2052,2,3105.938511006676,410.310855043904,AZ,ARIZONA
1521,2052,3,164074.75487452833,404.6907851423275,AR,ARKANSAS
1522,2052,4,23044.22324257058,234.9576630808848,CA,CALIFORNIA
1523,2052,5,382437.2721312202,3715.960894136596,CO,COLORADO
1524,2052,6,1157.5703842428825,17.78852017959653,CT,CONNECTICUT
1525,2052,7,23867.67005751653,477.8395367606447,DE,DELAWARE
1526,2052,8,0.0,0.0,DC,DISTRICT OF COLUMBIA
1527,2052,9,2983.2222960822564,67.21549464281722,FL,FLORIDA
1528,2052,10,115427.9032443837,838.6439588682135,GA,GEORGIA
1529,2052,12,4284.672946560075,121.0861089523681,ID,IDAHO
1530,2052,13,19943919.980934232,39713.267160216434,IL,ILLINOIS
1531,2052,14,4872817.791464848,21122.96087358597,IN,INDIANA
1532,2052,15,18191641.888431106,44837.46045066291,IA,IOWA
1533,2052,16,3907250.7521114056,13453.029486565854,KS,KANSAS
1534,2052,17,1129166.1865786386,5548.520389099608,KY,KENTUCKY
1535,2052,18,374872.3610393771,1108.7472344086113,LA,LOUISIANA
1536,2052,19,126.37233920258488,5.327490664724851,ME,MAINE
1537,2052,20,74730.39072426251,1380.7995011127346,MD,MARYLAND
1538,2052,21,1375.0300209404436,26.087874596823703,MA,MASSACHUSETTS
1539,2052,22,2035910.825036238,9875.861998193928,MI,MICHIGAN
1540,2052,23,6379711.621550329,25501.324445177608,MN,MINNESOTA
1541,2052,24,674458.6071750863,1845.920083065078,MS,MISSISSIPPI
1542,2052,25,5748469.781360457,12664.224900515235,MO,MISSOURI
1543,2052,26,22687.193499438567,89.55637355301886,MT,MONTANA
1544,2052,27,3826051.291906843,15345.198222896248,NE,NEBRASKA
1545,2052,28,0.0,0.0,NV,NEVADA
1546,2052,29,214.6904574267033,2.108123749044143,NH,NEW HAMPSHIRE
1547,2052,30,12412.323420656548,241.72156632794903,NJ,NEW JERSEY
1548,2052,31,61117.54631261083,901.0897836136415,NM,NEW MEXICO
1549,2052,32,125323.86678506115,1750.9893841843189,NY,NEW YORK
1550,2052,33,101842.21872682494,1313.5627789479208,NC,NORTH CAROLINA
1551,2052,34,297464.3900989526,2237.1613699086306,ND,NORTH DAKOTA
1552,2052,35,1491288.2395125572,10994.22198479159,OH,OHIO
1553,2052,36,459678.2777603419,1787.273593794963,OK,OKLAHOMA
1554,2052,37,29317.019151970315,71.35272863811363,OR,OREGON
1555,2052,38,89192.36213873993,1297.7161546632285,PA,PENNSYLVANIA
1556,2052,39,389.6092615921441,7.891170113488487,RI,RHODE ISLAND
1557,2052,40,169364.17613072554,1358.008456611004,SC,SOUTH CAROLINA
1558,2052,41,3872520.4599831672,14622.095960405512,SD,SOUTH DAKOTA
1559,2052,42,798074.715390471,2934.602332973387,TN,TENNESSEE
1560,2052,43,584461.7321014103,3416.6290262077,TX,TEXAS
1561,2052,44,3591.7343543937027,323.8584841623823,UT,UTAH
1562,2052,45,613.789292688814,9.974825284900191,VT,VERMONT
1563,2052,46,63929.55518802599,1021.5416148774532,VA,VIRGINIA
1564,2052,47,2231.7124979324444,11.673438948889888,WA,WASHINGTON
1565,2052,48,3053.349111679646,64.9776402865094,WV,WEST VIRGINIA
1566,2052,49,5444737.344498905,15293.418743681115,WI,WISCONSIN
1567,2052,50,19052.978732065458,338.66734163206854,WY,WYOMING
1568,2053,0,1635.653258933511,94.15213878876284,AL,ALABAMA
1569,2053,2,2393.2212479800755,324.21081353674754,AZ,ARIZONA
1570,2053,3,6353.13287994951,44.40261951123432,AR,ARKANSAS
1571,2053,4,39085.7007005122,391.28424769714354,CA,CALIFORNIA
1572,2053,5,307385.41863574024,2954.336512256674,CO,COLORADO
1573,2053,6,49.20313236180406,13.098265601054225,CT,CONNECTICUT
1574,2053,7,3895.918831236758,189.28791571899333,DE,DELAWARE
1575,2053,8,0.0,0.0,DC,DISTRICT OF COLUMBIA
1576,2053,9,87.71757018470952,4.04368694282361,FL,FLORIDA
1577,2053,10,495.9931387032939,14.126078890546925,GA,GEORGIA
1578,2053,12,5818.488293300713,168.51001564480387,ID,IDAHO
1579,2053,13,880512.927735282,6782.243399969704,IL,ILLINOIS
1580,2053,14,149205.83541951672,2961.3140190387,IN,INDIANA
1581,2053,15,1334314.3163185555,4315.938138722639,IA,IOWA
1582,2053,16,2170512.460032456,7716.15561341661,KS,KANSAS
1583,2053,17,6536.964158338337,205.4244292776573,KY,KENTUCKY
1584,2053,18,93064.10057388064,527.5484765444096,LA,LOUISIANA
1585,2053,19,223.53848717022368,5.194987295522546,ME,MAINE
1586,2053,20,2923.807959589401,211.42781412646252,MD,MARYLAND
1587,2053,21,402.9807654341888,14.890588417678146,MA,MASSACHUSETTS
1588,2053,22,37406.8562336799,240.34338144998011,MI,MICHIGAN
1589,2053,23,996181.3658580332,8306.518089206073,MN,MINNESOTA
1590,2053,24,67650.35036560804,344.46546999483246,MS,MISSISSIPPI
1591,2053,25,561742.7678870306,2912.8291653084902,MO,MISSOURI
1592,2053,26,8935.801621700759,36.705467313408825,MT,MONTANA
1593,2053,27,2767807.4343575854,9883.174329806694,NE,NEBRASKA
1594,2053,28,0.0,0.0,NV,NEVADA
1595,2053,29,14.260808486727882,0.383456827734375,NH,NEW HAMPSHIRE
1596,2053,30,4870.960975154978,270.63730022540426,NJ,NEW JERSEY
1597,2053,31,43363.14122927787,723.9368798687124,NM,NEW MEXICO
1598,2053,32,7949.984109468412,79.06921379222932,NY,NEW YORK
1599,2053,33,2412.179185656238,137.53451914794277,NC,NORTH CAROLINA
1600,2053,34,12495.644110521072,74.72081198073606,ND,NORTH DAKOTA
1601,2053,35,6467.901106774696,852.233986448556,OH,OHIO
1602,2053,36,273522.61595186434,1139.7271121745623,OK,OKLAHOMA
1603,2053,37,42666.570165094025,120.2287632436534,OR,OREGON
1604,2053,38,24283.279318420893,1402.2589863749308,PA,PENNSYLVANIA
1605,2053,39,277.63506995692313,13.00097220531658,RI,RHODE ISLAND
1606,2053,40,0.0,0.0,SC,SOUTH CAROLINA
1607,2053,41,672112.282377082,2195.102306280978,SD,SOUTH DAKOTA
1608,2053,42,4061.777184701184,163.89430350704492,TN,TENNESSEE
1609,2053,43,1123171.8471025734,5591.3056285942075,TX,TEXAS
1610,2053,44,3189.7985862153987,284.8805903698151,UT,UTAH
1611,2053,45,1688.0250249486528,15.40889001535876,VT,VERMONT
1612,2053,46,51.264299292338,10.546721838987734,VA,VIRGINIA
1613,2053,47,30763.88958456058,192.2084869806552,WA,WASHINGTON
1614,2053,48,0.0,0.0,WV,WEST VIRGINIA
1615,2053,49,320964.81913437287,3128.3613337431025,WI,WISCONSIN
1616,2053,50,13470.142741696398,197.95729733399236,WY,WYOMING
1617,2054,0,31.803183959028885,1.5911738509602082,AL,ALABAMA
1618,2054,2,1761.9698086579083,243.3613139313454,AZ,ARIZONA
1619,2054,3,101.2962167261064,1.203719679457251,AR,ARKANSAS
1620,2054,4,42837.90612289832,417.0395693484504,CA,CALIFORNIA
1621,2054,5,245003.7681293781,2570.042100183437,CO,COLORADO
1622,2054,6,23.43240935171059,1.6948810637867853,CT,CONNECTICUT
1623,2054,7,3430.3076193680995,57.17176896920871,DE,DELAWARE
1624,2054,8,0.0,0.0,DC,DISTRICT OF COLUMBIA
1625,2054,9,34845.298711056006,288.9910324861217,FL,FLORIDA
1626,2054,10,7018.90342419934,34.10113964598263,GA,GEORGIA
1627,2054,12,4369.649172371005,128.32763151020748,ID,IDAHO
1628,2054,13,1549771.0464505337,17560.653123775654,IL,ILLINOIS
1629,2054,14,95797.2821691106,1490.059447426361,IN,INDIANA
1630,2054,15,2259577.45535702,16444.841731488475,IA,IOWA
1631,2054,16,2513689.134898353,8991.538129121443,KS,KANSAS
1632,2054,17,27603.824152298803,445.6604667302008,KY,KENTUCKY
1633,2054,18,33290.26424428771,351.42521989405043,LA,LOUISIANA
1634,2054,19,85.63826410096651,2.7523616178706654,ME,MAINE
1635,2054,20,7190.370549228241,142.27311759526398,MD,MARYLAND
1636,2054,21,0.0,0.0,MA,MASSACHUSETTS
1637,2054,22,20188.179920214643,384.22319031682383,MI,MICHIGAN
1638,2054,23,365658.5935583696,1615.433834684112,MN,MINNESOTA
1639,2054,24,6164.286245918909,55.11372938911072,MS,MISSISSIPPI
1640,2054,25,1010069.4215324664,5515.370598771879,MO,MISSOURI
1641,2054,26,818.7364686979467,3.5189759953384465,MT,MONTANA
1642,2054,27,1389952.151705984,8801.16731694118,NE,NEBRASKA
1643,2054,28,0.0,0.0,NV,NEVADA
1644,2054,29,0.0,0.0,NH,NEW HAMPSHIRE
1645,2054,30,2559.258196147944,101.72034245690426,NJ,NEW JERSEY
1646,2054,31,40968.19976251556,705.8041197781127,NM,NEW MEXICO
1647,2054,32,0.0,0.0,NY,NEW YORK
1648,2054,33,124080.1413956544,943.1281975604396,NC,NORTH CAROLINA
1649,2054,34,1809.7799503251565,8.420031682054749,ND,NORTH DAKOTA
1650,2054,35,25046.65126186672,833.3416252873898,OH,OHIO
1651,2054,36,273234.6170690229,1185.27728378805,OK,OKLAHOMA
1652,2054,37,40819.94201231125,102.74485527189984,OR,OREGON
1653,2054,38,3025.7377774873185,80.74850288284627,PA,PENNSYLVANIA
1654,2054,39,0.0,0.0,RI,RHODE ISLAND
1655,2054,40,1870.236673321292,19.92171494831919,SC,SOUTH CAROLINA
1656,2054,41,460583.1476711594,2806.089658252745,SD,SOUTH DAKOTA
1657,2054,42,5322.297883963791,133.9748973234696,TN,TENNESSEE
1658,2054,43,419408.566545091,2335.244154421225,TX,TEXAS
1659,2054,44,3215.707589051528,286.9695027467433,UT,UTAH
1660,2054,45,0.0,0.0,VT,VERMONT
1661,2054,46,47563.678782057774,356.26205071114003,VA,VIRGINIA
1662,2054,47,35153.05927785131,187.7956172447265,WA,WASHINGTON
1663,2054,48,0.0,0.0,WV,WEST VIRGINIA
1664,2054,49,23808.409030588504,146.87066782047293,WI,WISCONSIN
1665,2054,50,692.8584277147713,10.705339981136817,WY,WYOMING
1666,2055,0,22513.10844147524,362.4335475504404,AL,ALABAMA
1667,2055,2,1928.6777307550967,244.63332382262672,AZ,ARIZONA
1668,2055,3,0.0,0.0,AR,ARKANSAS
1669,2055,4,30486.68828485174,301.7660224247405,CA,CALIFORNIA
1670,2055,5,16892.577130179183,288.72290109832625,CO,COLORADO
1671,2055,6,0.0,0.0,CT,CONNECTICUT
1672,2055,7,0.0,0.0,DE,DELAWARE
1673,2055,8,0.0,0.0,DC,DISTRICT OF COLUMBIA
1674,2055,9,141472.1640918037,601.0442475159178,FL,FLORIDA
1675,2055,10,155432.74512692456,812.108603444653,GA,GEORGIA
1676,2055,12,4468.1439784466,129.37383609407536,ID,IDAHO
1677,2055,13,11151.766615605764,1193.0533559121104,IL,ILLINOIS
1678,2055,14,8467.820092336162,611.5273914033073,IN,INDIANA
1679,2055,15,1360807.3950377367,12495.316645880215,IA,IOWA
1680,2055,16,508961.2822775594,2872.273948383184,KS,KANSAS
1681,2055,17,442.3870777653639,11.093970575440304,KY,KENTUCKY
1682,2055,18,337.1163465657451,10.248555978912064,LA,LOUISIANA
1683,2055,19,22.22798415920586,0.5259114750029982,ME,MAINE
1684,2055,20,170.2093640824907,15.95270664955719,MD,MARYLAND
1685,2055,21,234.92542845248545,4.79962940760763,MA,MASSACHUSETTS
1686,2055,22,14947.674242456407,236.35946009849712,MI,MICHIGAN
1687,2055,23,464783.1894767141,5514.366685566756,MN,MINNESOTA
1688,2055,24,11138.810111627316,138.86665409886456,MS,MISSISSIPPI
1689,2055,25,17751.772292455775,720.8348526175083,MO,MISSOURI
1690,2055,26,681.090181232256,5.730341364727907,MT,MONTANA
1691,2055,27,310148.0404959802,3173.6858692858614,NE,NEBRASKA
1692,2055,28,0.0,0.0,NV,NEVADA
1693,2055,29,0.0,0.0,NH,NEW HAMPSHIRE
1694,2055,30,0.0,0.0,NJ,NEW JERSEY
1695,2055,31,10119.311575177457,165.2730007149266,NM,NEW MEXICO
1696,2055,32,8702.495898883873,90.84589945704067,NY,NEW YORK
1697,2055,33,123264.67096485967,1033.345070531899,NC,NORTH CAROLINA
1698,2055,34,27981.40090639512,169.8529360907798,ND,NORTH DAKOTA
1699,2055,35,3363.4101538766254,121.88744013328537,OH,OHIO
1700,2055,36,36794.71564092543,235.8952840623785,OK,OKLAHOMA
1701,2055,37,41608.37758589396,122.79008794077504,OR,OREGON
1702,2055,38,984.8712894748352,37.22015886987509,PA,PENNSYLVANIA
1703,2055,39,0.0,0.0,RI,RHODE ISLAND
1704,2055,40,204428.0583269444,989.8830007904083,SC,SOUTH CAROLINA
1705,2055,41,328052.70896236406,4048.1558862541,SD,SOUTH DAKOTA
1706,2055,42,4348.319869232417,72.93763838189687,TN,TENNESSEE
1707,2055,43,14013.12614164064,132.7448670656384,TX,TEXAS
1708,2055,44,2757.294388176211,247.0015248678274,UT,UTAH
1709,2055,45,72.02018832644409,5.491007889252177,VT,VERMONT
1710,2055,46,1161.453936822655,47.99691545174113,VA,VIRGINIA
1711,2055,47,44986.66883965604,243.65150277196344,WA,WASHINGTON
1712,2055,48,0.0,0.0,WV,WEST VIRGINIA
1713,2055,49,40437.67093447313,373.3881740497214,WI,WISCONSIN
1714,2055,50,297.79108984103016,4.109600658719298,WY,WYOMING
