Unnamed: 0,Year,state_id,Production_Loss(ton),Area_Loss(km^2),State_Code,State_Name,Price,Financial_Loss($)
0,2021,0,76610.21556743243,732.9011052108488,AL,ALABAMA,0.06074972,4654049.144861162
1,2021,2,0.0,0.0,AZ,ARIZONA,0.06074972,0.0
2,2021,3,3130.9292515841585,27.186088667042245,AR,ARKANSAS,0.06074972,190203.07537354718
3,2021,4,2983.8065850436983,50.44574575489448,CA,CALIFORNIA,0.06074972,181265.41457556083
4,2021,5,187472.1786801137,2235.138002590936,CO,COLORADO,0.06074972,11388882.362606877
5,2021,6,2980.296412116613,57.70072694099283,CT,CONNECTICUT,0.06074972,181052.17255308884
6,2021,7,10468.031569973353,165.24761015353462,DE,DELAWARE,0.06074972,635929.9868270416
7,2021,8,0.0,0.0,DC,DISTRICT OF COLUMBIA,0.06074972,0.0
8,2021,9,24533.28822972364,74.76111643189167,FL,FLORIDA,0.06074972,1490390.3906350068
9,2021,10,244034.0020737617,1003.147522865978,GA,GEORGIA,0.06074972,14824997.296460442
10,2021,12,6461.602773340581,286.9633016846456,ID,IDAHO,0.06074972,392540.55923166376
11,2021,13,4345467.208992459,26561.649542975312,IL,ILLINOIS,0.06074972,263985916.21547338
12,2021,14,1584055.3655801008,19168.645001122102,IN,INDIANA,0.06074972,96230919.92348877
13,2021,15,25121580.660550527,56492.98788298301,IA,IOWA,0.06074972,1526128991.0858595
14,2021,16,2585391.980104018,9552.124112577443,KS,KANSAS,0.06074972,157061838.88156468
15,2021,17,129916.8493814746,4242.29583180384,KY,KENTUCKY,0.06074972,7892412.223206755
16,2021,18,110637.4483464058,1074.761075886233,LA,LOUISIANA,0.06074972,6721194.008558616
17,2021,19,0.0,0.0,ME,MAINE,0.06074972,0.0
18,2021,20,131672.8155595494,1016.46957814819,MD,MARYLAND,0.06074972,7999086.67685427
19,2021,21,8032.119383274175,83.62445263797716,MA,MASSACHUSETTS,0.06074972,487949.00354047876
20,2021,22,86740.42493248849,1089.8958157157467,MI,MICHIGAN,0.06074972,5269456.5273296945
21,2021,23,12443234.406170458,31467.38674142612,MN,MINNESOTA,0.06074972,755923006.0692216
22,2021,24,159765.85692475305,1180.9026813755304,MS,MISSISSIPPI,0.06074972,9705731.073738808
23,2021,25,1090021.1883288675,9680.285302471642,MO,MISSOURI,0.06074972,66218481.98504596
24,2021,26,0.0,0.0,MT,MONTANA,0.06074972,0.0
25,2021,27,4646165.825870832,20967.95499563696,NE,NEBRASKA,0.06074972,282253272.99522185
26,2021,28,0.0,0.0,NV,NEVADA,0.06074972,0.0
27,2021,29,16.319941545420754,0.7737410514782166,NH,NEW HAMPSHIRE,0.06074972,991.431879300678
28,2021,30,48921.50103236142,427.7652642146604,NJ,NEW JERSEY,0.06074972,2971967.4896956673
29,2021,31,0.0,0.0,NM,NEW MEXICO,0.06074972,0.0
30,2021,32,183833.26033797069,1344.2158879100748,NY,NEW YORK,0.06074972,11167819.092218824
31,2021,33,70283.2550865201,1584.4634919591128,NC,NORTH CAROLINA,0.06074972,4269688.067194672
32,2021,34,3459429.235908868,10461.250236690255,ND,NORTH DAKOTA,0.06074972,210159357.44127765
33,2021,35,848662.8884537243,9423.824846684814,OH,OHIO,0.06074972,51556032.84795499
34,2021,36,168835.94144335846,496.5258665049118,OK,OKLAHOMA,0.06074972,10256736.168620422
35,2021,37,1433.4228128069935,3.4448671249724283,OR,OREGON,0.06074972,87080.03451963727
36,2021,38,201693.55581261305,1646.839334805645,PA,PENNSYLVANIA,0.06074972,12252827.041420614
37,2021,39,1073.9048284901544,11.242659973835604,RI,RHODE ISLAND,0.06074972,65239.4176374249
38,2021,40,36519.12706551201,445.9150561581291,SC,SOUTH CAROLINA,0.06074972,2218526.743874276
39,2021,41,13911167.284591025,31476.284697485426,SD,SOUTH DAKOTA,0.06074972,845099517.412065
40,2021,42,84082.08992462407,2544.9230233317176,TN,TENNESSEE,0.06074972,5107963.419935733
41,2021,43,404774.9165596617,1885.3363431995167,TX,TEXAS,0.06074972,24589962.84402281
42,2021,44,0.0,0.0,UT,UTAH,0.06074972,0.0
43,2021,45,599.1992684904714,24.121359570136967,VT,VERMONT,0.06074972,36401.18778500096
44,2021,46,111810.2211364845,1214.0183760570376,VA,VIRGINIA,0.06074972,6792439.627179516
45,2021,47,54652.131636489736,285.43566634588814,WA,WASHINGTON,0.06074972,3320101.694319893
46,2021,48,16165.781646779316,146.15117266147513,WV,WEST VIRGINIA,0.06074972,982066.7086229824
47,2021,49,1497729.318102676,11434.946961495934,WI,WISCONSIN,0.06074972,90986636.7105285
48,2021,50,43129.73170878669,674.6106899929548,WY,WYOMING,0.06074972,2620119.124983913
49,2022,0,7617.61082441868,268.9948414227544,AL,ALABAMA,0.06091384,464017.92694090755
50,2022,2,0.0,0.0,AZ,ARIZONA,0.06091384,0.0
51,2022,3,22060.658511415262,179.96516365626672,AR,ARKANSAS,0.06091384,1343799.4228589875
52,2022,4,1384.6898906612437,20.69242442125089,CA,CALIFORNIA,0.06091384,84346.77844935648
53,2022,5,75406.01237062835,1292.871258919679,CO,COLORADO,0.06091384,4593269.772582475
54,2022,6,3914.822525899918,65.99741996501277,CT,CONNECTICUT,0.06091384,238466.87297106348
55,2022,7,6073.787840446426,181.25920592246948,DE,DELAWARE,0.06091384,369977.74070689915
56,2022,8,0.0,0.0,DC,DISTRICT OF COLUMBIA,0.06091384,0.0
57,2022,9,0.0,0.0,FL,FLORIDA,0.06091384,0.0
58,2022,10,10.736278256535108,3.3393414668097483,GA,GEORGIA,0.06091384,653.9879359140585
59,2022,12,3288.315870161628,143.717919977411,ID,IDAHO,0.06091384,200303.94678448618
60,2022,13,4521066.361419442,30350.372110503813,IL,ILLINOIS,0.06091384,275395512.9688861
61,2022,14,2107404.043331616,17053.48895879177,IN,INDIANA,0.06091384,128370072.71085513
62,2022,15,1645853.1658621666,8506.262898815143,IA,IOWA,0.06091384,100255236.40882148
63,2022,16,888284.6073930014,3157.978151687977,KS,KANSAS,0.06091384,54108826.4492001
64,2022,17,153075.25071976197,3782.791663538285,KY,KENTUCKY,0.06091384,9324401.330303464
65,2022,18,199539.25314484816,1466.604799373643,LA,LOUISIANA,0.06091384,12154702.139784778
66,2022,19,213.02045574904395,8.431659775360288,ME,MAINE,0.06091384,12975.893958224342
67,2022,20,20115.31948463369,241.15144923834012,MD,MARYLAND,0.06091384,1225301.3526358588
68,2022,21,4546.491488715097,67.13733268619598,MA,MASSACHUSETTS,0.06091384,276944.25510495325
69,2022,22,226706.91051527573,2051.926915007407,MI,MICHIGAN,0.06091384,13809588.474021822
70,2022,23,2870040.450685937,13376.380857204704,MN,MINNESOTA,0.06091384,174825184.80661103
71,2022,24,76935.36248898975,930.4664038478076,MS,MISSISSIPPI,0.06091384,4686428.360996323
72,2022,25,250436.185493475,2023.6164808815383,MO,MISSOURI,0.06091384,15255029.733359857
73,2022,26,0.0,0.0,MT,MONTANA,0.06091384,0.0
74,2022,27,133443.49701876764,1658.8308207548962,NE,NEBRASKA,0.06091384,8128555.826441688
75,2022,28,0.0,0.0,NV,NEVADA,0.06091384,0.0
76,2022,29,237.0311341237129,10.224254182546762,NH,NEW HAMPSHIRE,0.06091384,14438.476579030386
77,2022,30,20719.060384074342,145.55745874599222,NJ,NEW JERSEY,0.06091384,1262077.529185843
78,2022,31,9.462597762132328,2.4301349245889208,NM,NEW MEXICO,0.06091384,576.4031660668866
79,2022,32,157515.24569231653,1212.3535760893706,NY,NEW YORK,0.06091384,9594858.473662458
80,2022,33,14409.604348498058,444.31444637760615,NC,NORTH CAROLINA,0.06091384,877744.3337477149
81,2022,34,1769636.5673808686,5783.094294410979,ND,NORTH DAKOTA,0.06091384,107795358.72358745
82,2022,35,871651.6554552377,8990.043198645184,OH,OHIO,0.06091384,53095649.47613548
83,2022,36,119565.20952655068,461.7198999583956,OK,OKLAHOMA,0.06091384,7283176.042666784
84,2022,37,3380.7787680970187,16.54579005882529,OR,OREGON,0.06091384,205936.2169552589
85,2022,38,133030.0504515886,1191.6735274988685,PA,PENNSYLVANIA,0.06091384,8103371.208399996
86,2022,39,225.1290947612017,1.7458212228453085,RI,RHODE ISLAND,0.06091384,13713.477657628679
87,2022,40,10.886736843724597,1.4186320597135769,SC,SOUTH CAROLINA,0.06091384,663.1529462207451
88,2022,41,4967228.176511011,16634.755732964386,SD,SOUTH DAKOTA,0.06091384,302572942.3874835
89,2022,42,199089.8492678463,1271.918149645705,TN,TENNESSEE,0.06091384,12127327.223925706
90,2022,43,659684.9828074989,3399.913850422219,TX,TEXAS,0.06091384,40183945.49313874
91,2022,44,0.0,0.0,UT,UTAH,0.06091384,0.0
92,2022,45,1271.31067665214,32.75008283381487,VT,VERMONT,0.06091384,77440.41514788018
93,2022,46,18754.24236951535,223.260439903152,VA,VIRGINIA,0.06091384,1142392.9190178788
94,2022,47,68758.32554134956,322.7263179291915,WA,WASHINGTON,0.06091384,4188333.6406936804
95,2022,48,3585.239034403262,34.22427732568816,WV,WEST VIRGINIA,0.06091384,218390.67690339478
96,2022,49,151809.60404136032,1717.684712049666,WI,WISCONSIN,0.06091384,9247305.931038775
97,2022,50,6513.21109831287,212.4939307050284,WY,WYOMING,0.06091384,396744.6987288544
98,2023,0,476.4710270326661,18.12299559853169,AL,ALABAMA,0.06107796,29101.878330260097
99,2023,2,0.0,0.0,AZ,ARIZONA,0.06107796,0.0
100,2023,3,1975.1330698313664,8.462271468345351,AR,ARKANSAS,0.06107796,120637.0986338374
101,2023,4,1682.582625366861,24.966574403456573,CA,CALIFORNIA,0.06107796,102768.71428885212
102,2023,5,168524.65680717648,1656.5408336280232,CO,COLORADO,0.06107796,10293142.247482453
103,2023,6,7589.799286907836,77.07198518719059,CT,CONNECTICUT,0.06107796,463569.45725378534
104,2023,7,4747.762141110066,78.61053995892834,DE,DELAWARE,0.06107796,289983.62614423496
105,2023,8,0.0,0.0,DC,DISTRICT OF COLUMBIA,0.06107796,0.0
106,2023,9,0.0,0.0,FL,FLORIDA,0.06107796,0.0
107,2023,10,504.4476152149376,3.740581550309828,GA,GEORGIA,0.06107796,30810.63126419335
108,2023,12,2234.1271157408364,109.6735663801838,ID,IDAHO,0.06107796,136455.9266101342
109,2023,13,4719720.91247252,27792.19593979901,IL,ILLINOIS,0.06107796,288270925.1031601
110,2023,14,2100841.952988846,17220.460368952976,IN,INDIANA,0.06107796,128315140.77097464
111,2023,15,2840097.636690147,13115.227877247326,IA,IOWA,0.06107796,173467369.84985536
112,2023,16,1865335.162769688,6456.285589974777,KS,KANSAS,0.06107796,113930866.45824051
113,2023,17,35218.07326622575,318.81315059190536,KY,KENTUCKY,0.06107796,2151048.070231606
114,2023,18,45.40525298646711,0.1179018702098812,LA,LOUISIANA,0.06107796,2773.2602256973187
115,2023,19,32.71557022391239,0.4523090307284795,ME,MAINE,0.06107796,1998.2002895133116
116,2023,20,82761.37109460047,630.3582274398095,MD,MARYLAND,0.06107796,5054895.713261164
117,2023,21,6091.6929943314135,49.19607999958069,MA,MASSACHUSETTS,0.06107796,372068.1810400543
118,2023,22,135747.5870055151,1219.7283752919143,MI,MICHIGAN,0.06107796,8291185.689219371
119,2023,23,2657877.4381848653,13182.981863051356,MN,MINNESOTA,0.06107796,162337731.8543577
120,2023,24,936.6884234219629,10.57117342410346,MS,MISSISSIPPI,0.06107796,57211.01805822971
121,2023,25,458431.5320650591,5529.269308201041,MO,MISSOURI,0.06107796,28000062.778208397
122,2023,26,0.0,0.0,MT,MONTANA,0.06107796,0.0
123,2023,27,553998.9121043546,3229.5639192630056,NE,NEBRASKA,0.06107796,33837123.39355329
124,2023,28,0.0,0.0,NV,NEVADA,0.06107796,0.0
125,2023,29,56.96957676403152,2.40850772117595,NH,NEW HAMPSHIRE,0.06107796,3479.585530810447
126,2023,30,14191.341458019748,85.07593523776804,NJ,NEW JERSEY,0.06107796,866778.1859192719
127,2023,31,0.0,0.0,NM,NEW MEXICO,0.06107796,0.0
128,2023,32,92994.10912693715,646.0465545864195,NY,NEW YORK,0.06107796,5679890.477490703
129,2023,33,55256.7903743201,909.104816201871,NC,NORTH CAROLINA,0.06107796,3374972.0322111086
130,2023,34,2177086.145270603,7115.901541738331,ND,NORTH DAKOTA,0.06107796,132971980.49739206
131,2023,35,886474.4297720237,8752.379898392846,OH,OHIO,0.06107796,54144049.76263847
132,2023,36,176460.2773959033,521.2016583815303,OK,OKLAHOMA,0.06107796,10777833.764375888
133,2023,37,2555.606647967737,6.00422689548136,OR,OREGON,0.06107796,156091.24062030754
134,2023,38,159349.65848053867,1409.8633468544888,PA,PENNSYLVANIA,0.06107796,9732752.066688001
135,2023,39,1499.9612258096652,11.31619352746424,RI,RHODE ISLAND,0.06107796,91614.5717515537
136,2023,40,1001.4341825470178,37.89347565351341,SC,SOUTH CAROLINA,0.06107796,61165.556944239455
137,2023,41,4953391.671936978,16944.5851541616,SD,SOUTH DAKOTA,0.06107796,302543058.4028998
138,2023,42,76782.51131271354,530.5205074562698,TN,TENNESSEE,0.06107796,4689719.1546574645
139,2023,43,418921.3583015053,1837.2610998665723,TX,TEXAS,0.06107796,25586861.965485007
140,2023,44,0.0,0.0,UT,UTAH,0.06107796,0.0
141,2023,45,225.86787921246048,2.619192165957635,VT,VERMONT,0.06107796,13795.549291823492
142,2023,46,89374.1857104718,643.5076335515296,VA,VIRGINIA,0.06107796,5458792.939856768
143,2023,47,56768.66616815695,302.7272647441021,WA,WASHINGTON,0.06107796,3467314.3214720436
144,2023,48,21003.122456350407,150.30895087793007,WV,WEST VIRGINIA,0.06107796,1282827.873264072
145,2023,49,479551.60339029663,2932.962744546204,WI,WISCONSIN,0.06107796,29290033.649808403
146,2023,50,20117.252584456623,312.7424144309437,WY,WYOMING,0.06107796,1228720.7486633381
147,2024,0,41327.07237349784,533.7515215224332,AL,ALABAMA,0.06124208,2530955.8724635444
148,2024,2,0.0,0.0,AZ,ARIZONA,0.06124208,0.0
149,2024,3,49213.89530640819,182.41377666060865,AR,ARKANSAS,0.06124208,3013961.3134666746
150,2024,4,9645.781240545615,145.9780018099696,CA,CALIFORNIA,0.06124208,590727.7063959938
151,2024,5,193381.6426672024,1960.167570434188,CO,COLORADO,0.06124208,11843094.030756222
152,2024,6,0.0,0.0,CT,CONNECTICUT,0.06124208,0.0
153,2024,7,2020.3664258708177,64.53760394302388,DE,DELAWARE,0.06124208,123731.44228249468
154,2024,8,0.0,0.0,DC,DISTRICT OF COLUMBIA,0.06124208,0.0
155,2024,9,198.49475218358253,1.6093782833321026,FL,FLORIDA,0.06124208,12156.231492807137
156,2024,10,247.4786947689496,2.373049568967745,GA,GEORGIA,0.06124208,15156.110023335592
157,2024,12,3342.555078903987,149.2418664899696,ID,IDAHO,0.06124208,204705.0255466443
158,2024,13,1918616.4929139875,12669.821541469795,IL,ILLINOIS,0.06124208,117500064.74835785
159,2024,14,1477264.321539735,9968.568765200538,IN,INDIANA,0.06124208,90470739.76088215
160,2024,15,552136.5563667318,3049.259969602492,IA,IOWA,0.06124208,33813991.15593589
161,2024,16,2208123.297986904,7231.119741094486,KS,KANSAS,0.06124208,135230063.66517782
162,2024,17,149198.70567769912,840.2165393549001,KY,KENTUCKY,0.06124208,9137239.069010103
163,2024,18,231232.912097038,1062.0937959660268,LA,LOUISIANA,0.06124208,14161184.501279768
164,2024,19,16.15647055228677,0.551328353493314,ME,MAINE,0.06124208,989.4558620807906
165,2024,20,3327.7440854122788,26.21057315606072,MD,MARYLAND,0.06124208,203797.9694983456
166,2024,21,184.44865750197428,1.664786468041439,MA,MASSACHUSETTS,0.06124208,11296.01943862851
167,2024,22,273320.7010945322,1596.7675962808355,MI,MICHIGAN,0.06124208,16738728.242087428
168,2024,23,1198416.230163062,5262.002848667177,MN,MINNESOTA,0.06124208,73393502.64094466
169,2024,24,427683.5792641456,1550.1441482570262,MS,MISSISSIPPI,0.06124208,26192231.975981142
170,2024,25,415748.65445357375,2365.57044780885,MO,MISSOURI,0.06124208,25461312.355938118
171,2024,26,0.0,0.0,MT,MONTANA,0.06124208,0.0
172,2024,27,924746.7315278526,5059.655835704788,NE,NEBRASKA,0.06124208,56633413.31196726
173,2024,28,0.0,0.0,NV,NEVADA,0.06124208,0.0
174,2024,29,0.2483393388943623,0.4326427707860072,NH,NEW HAMPSHIRE,0.06124208,15.208817659715647
175,2024,30,2143.318146729359,13.33637413951324,NJ,NEW JERSEY,0.06124208,131261.26140745112
176,2024,31,0.0,0.0,NM,NEW MEXICO,0.06124208,0.0
177,2024,32,16245.43456810818,115.29561554088906,NY,NEW YORK,0.06124208,994904.2034548465
178,2024,33,18865.35824705764,189.58228916661744,NC,NORTH CAROLINA,0.06124208,1155353.7789949637
179,2024,34,2416365.311041041,7374.576844295982,ND,NORTH DAKOTA,0.06124208,147983237.6880003
180,2024,35,459524.67008317314,4841.792646511714,OH,OHIO,0.06124208,28142246.607207295
181,2024,36,235965.56317709884,742.8221951281758,OK,OKLAHOMA,0.06124208,14451021.897336941
182,2024,37,3300.4389278625126,8.145609776954798,OR,OREGON,0.06124208,202125.7448552702
183,2024,38,1304.425056502863,7.371407083339385,PA,PENNSYLVANIA,0.06124208,79885.70366435286
184,2024,39,0.0,0.0,RI,RHODE ISLAND,0.06124208,0.0
185,2024,40,31748.88808219813,273.3618203718986,SC,SOUTH CAROLINA,0.06124208,1944367.9438410243
186,2024,41,2723290.5845743185,10986.360526713,SD,SOUTH DAKOTA,0.06124208,166779979.84374717
187,2024,42,242513.55901391507,1067.4356257261124,TN,TENNESSEE,0.06124208,14852034.782214906
188,2024,43,2196395.850758564,9930.856267561605,TX,TEXAS,0.06124208,134511850.40382403
189,2024,44,0.0,0.0,UT,UTAH,0.06124208,0.0
190,2024,45,275.4304461777794,5.024009991082689,VT,VERMONT,0.06124208,16867.93341925526
191,2024,46,2447.060479883268,14.124657020736134,VA,VIRGINIA,0.06124208,149863.0736738495
192,2024,47,54658.18938466787,287.5973664896431,WA,WASHINGTON,0.06124208,3347381.2069509807
193,2024,48,8261.573591901977,51.8054858127726,WV,WEST VIRGINIA,0.06124208,505955.95084114827
194,2024,49,1087766.4264548072,7545.982820667181,WI,WISCONSIN,0.06124208,66617078.51025942
195,2024,50,17665.813568088102,340.8375228556952,WY,WYOMING,0.06124208,1081891.167801937
196,2025,0,14980.233251437636,517.6527267036453,AL,ALABAMA,0.0614062,919879.1990844298
197,2025,2,0.0,0.0,AZ,ARIZONA,0.0614062,0.0
198,2025,3,36040.7014571754,190.06388703841867,AR,ARKANSAS,0.0614062,2213122.521819604
199,2025,4,6975.248624566764,109.85554242888608,CA,CALIFORNIA,0.0614062,428323.5120898717
200,2025,5,144154.19056539997,2203.28738382368,CO,COLORADO,0.0614062,8851961.056697063
201,2025,6,3877.184505513916,63.92624958765462,CT,CONNECTICUT,0.0614062,238083.16718248866
202,2025,7,44508.98042726632,503.7821451106506,DE,DELAWARE,0.0614062,2733127.353912801
203,2025,8,0.0,0.0,DC,DISTRICT OF COLUMBIA,0.0614062,0.0
204,2025,9,1126.3567482257306,25.47860227508472,FL,FLORIDA,0.0614062,69165.28775289886
205,2025,10,84441.5401908549,743.5895640652304,GA,GEORGIA,0.0614062,5185234.105267674
206,2025,12,7357.651103841456,401.8039068854753,ID,IDAHO,0.0614062,451805.3952127092
207,2025,13,1449502.9279662815,10426.544234290992,IL,ILLINOIS,0.0614062,89008466.69528309
208,2025,14,681643.9648326864,8573.526722990588,IN,INDIANA,0.0614062,41857165.6333089
209,2025,15,7648114.878919987,34235.262114587305,IA,IOWA,0.0614062,469641671.8779365
210,2025,16,2447874.094565835,7001.690309867572,KS,KANSAS,0.0614062,150314646.22572857
211,2025,17,166561.47721816172,2149.1832917008064,KY,KENTUCKY,0.0614062,10227907.382353881
212,2025,18,367406.17210951634,1948.9378673919705,LA,LOUISIANA,0.0614062,22561016.88579138
213,2025,19,57.16916625983978,4.267026210550402,ME,MAINE,0.0614062,3510.5412571849733
214,2025,20,141758.30446298412,1287.1746657253868,MD,MARYLAND,0.0614062,8704838.795514895
215,2025,21,4477.976710287338,62.4632310246247,MA,MASSACHUSETTS,0.0614062,274975.53346724634
216,2025,22,229699.6191469709,1520.1195764883385,MI,MICHIGAN,0.0614062,14104980.753262725
217,2025,23,1485314.5679261575,9625.24754238052,MN,MINNESOTA,0.0614062,91207523.42098722
218,2025,24,336582.38079329184,1740.463369529832,MS,MISSISSIPPI,0.0614062,20668244.99146904
219,2025,25,602106.1811701,3167.077365364797,MO,MISSOURI,0.0614062,36973052.582167394
220,2025,26,0.0,0.0,MT,MONTANA,0.0614062,0.0
221,2025,27,1845316.322875265,10180.01559048441,NE,NEBRASKA,0.0614062,113313863.18574311
222,2025,28,0.0,0.0,NV,NEVADA,0.0614062,0.0
223,2025,29,275.19184282917286,10.39594262483893,NH,NEW HAMPSHIRE,0.0614062,16898.485339136754
224,2025,30,45470.47354038711,394.9910563540237,NJ,NEW JERSEY,0.0614062,2792168.992315719
225,2025,31,0.0,0.0,NM,NEW MEXICO,0.0614062,0.0
226,2025,32,226127.0341729213,2031.437913334261,NY,NEW YORK,0.0614062,13885601.88582924
227,2025,33,168762.69954606803,2251.3061511858664,NC,NORTH CAROLINA,0.0614062,10363076.080865763
228,2025,34,2371900.979314849,9046.136324714467,ND,NORTH DAKOTA,0.0614062,145649425.91600347
229,2025,35,488760.332960402,7048.503070677448,OH,OHIO,0.0614062,30012914.757833038
230,2025,36,194000.65767600096,582.8018884175647,OK,OKLAHOMA,0.0614062,11912843.18538405
231,2025,37,6091.991173946158,23.857909481950507,OR,OREGON,0.0614062,374086.02842557256
232,2025,38,303689.78869363863,3296.551348513186,PA,PENNSYLVANIA,0.0614062,18648435.902479313
233,2025,39,1231.7731924460525,10.011866566290434,RI,RHODE ISLAND,0.0614062,75638.5110099808
234,2025,40,90473.2924301195,774.8368700914411,SC,SOUTH CAROLINA,0.0614062,5555621.089622404
235,2025,41,7312288.069535177,22367.950449221666,SD,SOUTH DAKOTA,0.0614062,449019823.655491
236,2025,42,360945.39501268254,3368.534426445711,TN,TENNESSEE,0.0614062,22164285.11522779
237,2025,43,440795.0848400103,2208.0510352924016,TX,TEXAS,0.0614062,27067551.138702642
238,2025,44,0.0,0.0,UT,UTAH,0.0614062,0.0
239,2025,45,780.5128991629068,23.877880501735405,VT,VERMONT,0.0614062,47928.331188577286
240,2025,46,181463.90350362417,1325.6862720128854,VA,VIRGINIA,0.0614062,11143008.751324248
241,2025,47,91879.88829264697,426.49326910857,WA,WASHINGTON,0.0614062,5641994.7964759385
242,2025,48,20608.959554339865,185.0543616518844,WV,WEST VIRGINIA,0.0614062,1265517.8921857045
243,2025,49,1661476.856974916,9921.400178167874,WI,WISCONSIN,0.0614062,102024980.17477308
244,2025,50,53710.41404713474,940.488733416682,WY,WYOMING,0.0614062,3298152.4270611657
245,2026,0,183082.8149941541,1167.0666020618078,AL,ALABAMA,0.06254916,11451676.288319744
246,2026,2,0.0,0.0,AZ,ARIZONA,0.06254916,0.0
247,2026,3,18568.6446268493,188.66458214187696,AR,ARKANSAS,0.06254916,1161453.1237479371
248,2026,4,4863.707039957319,71.24225612763516,CA,CALIFORNIA,0.06254916,304220.7898354167
249,2026,5,95030.25613865176,1453.8729317244906,CO,COLORADO,0.06254916,5944062.6960575115
250,2026,6,8126.024049564578,108.78498580867551,CT,CONNECTICUT,0.06254916,508275.9784400627
251,2026,7,64552.112629657386,526.7454141343687,DE,DELAWARE,0.06254916,4037680.4212104613
252,2026,8,0.0,0.0,DC,DISTRICT OF COLUMBIA,0.06254916,0.0
253,2026,9,12676.25172181102,54.60045703481965,FL,FLORIDA,0.06254916,792888.8971478331
254,2026,10,213571.5203677516,1021.9824622359112,GA,GEORGIA,0.06254916,13358719.198925754
255,2026,12,5759.036574036642,267.30339946426216,ID,IDAHO,0.06254916,360222.9001152698
256,2026,13,960416.9679712966,7691.880600258775,IL,ILLINOIS,0.06254916,60073274.59635152
257,2026,14,993452.0158169536,15301.90245798324,IN,INDIANA,0.06254916,62139589.08965717
258,2026,15,490402.3972019681,4846.099162318877,IA,IOWA,0.06254916,30674258.00696946
259,2026,16,1425974.3346181228,4693.173966571105,KS,KANSAS,0.06254916,89193496.8119225
260,2026,17,601153.8858016201,6904.357251400377,KY,KENTUCKY,0.06254916,37601670.58762727
261,2026,18,224319.2254660737,1999.967624344764,LA,LOUISIANA,0.06254916,14030979.12475352
262,2026,19,206.86615253058247,9.887526052458597,ME,MAINE,0.06254916,12939.30407321981
263,2026,20,193062.96607741184,1334.3503262656045,MD,MARYLAND,0.06254916,12075926.355250606
264,2026,21,8218.923988129587,102.8945756295233,MA,MASSACHUSETTS,0.06254916,514086.7915613557
265,2026,22,107386.76670127572,1514.525289465175,MI,MICHIGAN,0.06254916,6716952.052280768
266,2026,23,265294.693834841,2518.6015474637,MN,MINNESOTA,0.06254916,16593960.251826486
267,2026,24,197593.11562697432,2000.497244327016,MS,MISSISSIPPI,0.06254916,12359283.404250119
268,2026,25,511450.139619212,3903.717159551136,MO,MISSOURI,0.06254916,31990776.615064435
269,2026,26,0.0,0.0,MT,MONTANA,0.06254916,0.0
270,2026,27,416636.1215508767,4006.190633653228,NE,NEBRASKA,0.06254916,26060239.428665236
271,2026,28,0.0,0.0,NV,NEVADA,0.06254916,0.0
272,2026,29,6.330622540972534,3.077598969940836,NH,NEW HAMPSHIRE,0.06254916,395.9751222148976
273,2026,30,33917.2245763467,282.60515047255296,NJ,NEW JERSEY,0.06254916,2121493.9067818425
274,2026,31,0.0,0.0,NM,NEW MEXICO,0.06254916,0.0
275,2026,32,146567.45962349034,1485.42134034179,NY,NEW YORK,0.06254916,9167671.482783237
276,2026,33,245777.88036868148,2133.7009443335287,NC,NORTH CAROLINA,0.06254916,15373199.963641519
277,2026,34,1120002.1518415683,4901.873487404222,ND,NORTH DAKOTA,0.06254916,70055193.79588255
278,2026,35,420030.2320129706,8289.295042853362,OH,OHIO,0.06254916,26272538.187016424
279,2026,36,169111.43744112033,487.7215985311495,OK,OKLAHOMA,0.06254916,10577778.358334627
280,2026,37,4472.210203860591,10.572067939844544,OR,OREGON,0.06254916,279732.99159490876
281,2026,38,288519.81394355884,2967.172727278879,PA,PENNSYLVANIA,0.06254916,18046672.005525894
282,2026,39,1500.1225448463542,14.1027947468965,RI,RHODE ISLAND,0.06254916,93831.4050772018
283,2026,40,119655.41326437816,857.5393609259324,SC,SOUTH CAROLINA,0.06254916,7484345.589139713
284,2026,41,1796046.1692375585,8307.002972663891,SD,SOUTH DAKOTA,0.06254916,112341179.20702714
285,2026,42,657746.7651715105,4269.424744094435,TN,TENNESSEE,0.06254916,41141507.65419524
286,2026,43,600103.0943941227,3963.608959093339,TX,TEXAS,0.06254916,37535944.46775309
287,2026,44,0.0,0.0,UT,UTAH,0.06254916,0.0
288,2026,45,957.1397553430955,37.00763080734189,VT,VERMONT,0.06254916,59868.28769931614
289,2026,46,211456.9613045952,1458.6386901580015,VA,VIRGINIA,0.06254916,13226455.305754935
290,2026,47,100713.49955602948,440.1600981777229,WA,WASHINGTON,0.06254916,6299544.797890018
291,2026,48,44554.26453522906,337.7433491039252,WV,WEST VIRGINIA,0.06254916,2786831.821096368
292,2026,49,280913.2878172136,4352.015356991491,WI,WISCONSIN,0.06254916,17570890.18580495
293,2026,50,18233.1366253808,386.7131313646061,WY,WYOMING,0.06254916,1140467.3800828038
294,2027,0,2617.927219672251,189.4612608099617,AL,ALABAMA,0.06369212,166741.33462663137
295,2027,2,0.0,0.0,AZ,ARIZONA,0.06369212,0.0
296,2027,3,50079.91189687025,476.8183480656402,AR,ARKANSAS,0.06369212,3189695.7581248884
297,2027,4,10839.049829141462,160.09811010731443,CA,CALIFORNIA,0.06369212,690362.0624036576
298,2027,5,215282.12431880092,2182.322435647826,CO,COLORADO,0.06369212,13711774.895967988
299,2027,6,3726.3692507566434,82.94909315003211,CT,CONNECTICUT,0.06369212,237340.35748350224
300,2027,7,15074.751775380137,229.1039638955569,DE,DELAWARE,0.06369212,960142.8990477248
301,2027,8,0.0,0.0,DC,DISTRICT OF COLUMBIA,0.06369212,0.0
302,2027,9,553.244609272195,2.736314131236442,FL,FLORIDA,0.06369212,35237.32204311776
303,2027,10,111518.599432296,594.0273583249078,GA,GEORGIA,0.06369212,7102856.01727373
304,2027,12,15930.852304774491,827.4731323935817,ID,IDAHO,0.06369212,1014669.7566979736
305,2027,13,4385970.889645623,34673.00000564432,IL,ILLINOIS,0.06369212,279351784.2198158
306,2027,14,1216952.735115698,12279.120471624356,IN,INDIANA,0.06369212,77510299.63931726
307,2027,15,14577276.038451692,53598.34566933256,IA,IOWA,0.06369212,928457614.7141899
308,2027,16,283341.855211628,1150.988676117512,KS,KANSAS,0.06369212,18046643.44316164
309,2027,17,677786.4321109548,6772.300884433795,KY,KENTUCKY,0.06369212,43169654.76838279
310,2027,18,3791.993036540006,156.17438565744837,LA,LOUISIANA,0.06369212,241520.07552247046
311,2027,19,681.4020335207979,15.046740641977165,ME,MAINE,0.06369212,43399.94008725068
312,2027,20,35677.15893947424,345.9535441193351,MD,MARYLAND,0.06369212,2272353.8884320664
313,2027,21,6925.926872079619,99.0905029562303,MA,MASSACHUSETTS,0.06369212,441126.9654477198
314,2027,22,310958.40194301604,2458.7657020225515,MI,MICHIGAN,0.06369212,19805599.851562813
315,2027,23,9465139.358787062,31057.558123554743,MN,MINNESOTA,0.06369212,602854791.8565886
316,2027,24,8335.657277555954,137.99795507638302,MS,MISSISSIPPI,0.06369212,530915.6836009672
317,2027,25,1287913.3733559072,7982.246307440571,MO,MISSOURI,0.06369212,82029933.12538925
318,2027,26,0.0,0.0,MT,MONTANA,0.06369212,0.0
319,2027,27,1803447.4362256504,10144.718350205516,NE,NEBRASKA,0.06369212,114865390.52177648
320,2027,28,0.0,0.0,NV,NEVADA,0.06369212,0.0
321,2027,29,0.0,0.0,NH,NEW HAMPSHIRE,0.06369212,0.0
322,2027,30,12373.272047739752,185.8672489137641,NJ,NEW JERSEY,0.06369212,788079.9280572861
323,2027,31,0.0,0.0,NM,NEW MEXICO,0.06369212,0.0
324,2027,32,197105.9526594156,2706.104429349495,NY,NEW YORK,0.06369212,12554095.989497818
325,2027,33,25809.31741768668,493.5089500683256,NC,NORTH CAROLINA,0.06369212,1643850.1420853904
326,2027,34,3349834.4829755137,10931.773954996414,ND,NORTH DAKOTA,0.06369212,213358059.86981437
327,2027,35,371733.27366765833,4560.497293894346,OH,OHIO,0.06369212,23676480.274433337
328,2027,36,180212.5167715973,684.8301639173036,OK,OKLAHOMA,0.06369212,11478117.243718589
329,2027,37,4990.325314015444,23.21062151776936,OR,OREGON,0.06369212,317844.39873930934
330,2027,38,114244.05008979992,1579.0428019006622,PA,PENNSYLVANIA,0.06369212,7276445.747605547
331,2027,39,1890.1020725168185,15.64733143034845,RI,RHODE ISLAND,0.06369212,120384.60801498992
332,2027,40,96662.86333497603,495.879785377413,SC,SOUTH CAROLINA,0.06369212,6156662.691074894
333,2027,41,10230920.530563952,32668.322775417004,SD,SOUTH DAKOTA,0.06369212,651629018.1431429
334,2027,42,129831.69961386888,2803.160973761092,TN,TENNESSEE,0.06369212,8269256.191610491
335,2027,43,511671.68164359976,4201.540976523854,TX,TEXAS,0.06369212,32589454.147845954
336,2027,44,5.643219925800605,1.0738927966049512,UT,UTAH,0.06369212,359.42864070048324
337,2027,45,1085.4453667961586,45.730254273496975,VT,VERMONT,0.06369212,69134.31655542496
338,2027,46,18242.357328427534,247.30059492653697,VA,VIRGINIA,0.06369212,1161894.412045086
339,2027,47,99881.5454723745,456.02628595783534,WA,WASHINGTON,0.06369212,6361667.380011934
340,2027,48,14338.056760062698,176.32263940134973,WV,WEST VIRGINIA,0.06369212,913221.2317287247
341,2027,49,2530823.3536733435,13664.55535105249,WI,WISCONSIN,0.06369212,161193504.74096507
342,2027,50,34625.56779704051,574.2557691964648,WY,WYOMING,0.06369212,2205375.81919724
343,2028,0,310393.3923423136,1315.1242857699854,AL,ALABAMA,0.06483508,20124380.42398529
344,2028,2,0.0,0.0,AZ,ARIZONA,0.06483508,0.0
345,2028,3,185315.35238970508,721.7709736795305,AR,ARKANSAS,0.06483508,12014935.697414719
346,2028,4,14592.579894767572,225.84869805013005,CA,CALIFORNIA,0.06483508,946111.0848836472
347,2028,5,167496.9223723899,1875.3904293659443,CO,COLORADO,0.06483508,10859676.36176769
348,2028,6,14105.232362293782,108.81180963519652,CT,CONNECTICUT,0.06483508,914513.8686279063
349,2028,7,34945.440975075304,417.1492263399555,DE,DELAWARE,0.06483508,2265690.4612542856
350,2028,8,0.0,0.0,DC,DISTRICT OF COLUMBIA,0.06483508,0.0
351,2028,9,21811.854346217813,87.12601971259494,FL,FLORIDA,0.06483508,1414173.3214853797
352,2028,10,331608.5618512336,1238.7908524439824,GA,GEORGIA,0.06483508,21499867.63630968
353,2028,12,20242.9478109406,894.3740070328107,ID,IDAHO,0.06483508,1312453.1407581589
354,2028,13,18522689.62640685,47390.44757538529,IL,ILLINOIS,0.06483508,1200920063.7432582
355,2028,14,6540446.119540737,26540.867204035458,IN,INDIANA,0.06483508,424050347.3961133
356,2028,15,31364663.2691744,56732.72412460382,IA,IOWA,0.06483508,2033530452.2299838
357,2028,16,2608606.995107702,10675.6174800116,KS,KANSAS,0.06483508,169129243.21636745
358,2028,17,1624531.145316693,8029.5719205185105,KY,KENTUCKY,0.06483508,105326606.76909943
359,2028,18,525789.7090897973,2080.148866480238,LA,LOUISIANA,0.06483508,34089617.85201374
360,2028,19,322.81477501067724,17.571344324156197,ME,MAINE,0.06483508,20929.72176299926
361,2028,20,80929.42907671121,1066.8437900346394,MD,MARYLAND,0.06483508,5247066.008542897
362,2028,21,10171.403699168695,96.0988729443473,MA,MASSACHUSETTS,0.06483508,659463.7725478983
363,2028,22,932072.8851742916,2925.9327363947705,MI,MICHIGAN,0.06483508,60431020.07610601
364,2028,23,15511979.637929391,32162.82187038552,MN,MINNESOTA,0.06483508,1005720440.7835232
365,2028,24,796789.8127631922,2787.6749003122013,MS,MISSISSIPPI,0.06483508,51659931.25368659
366,2028,25,2708810.9940551585,13727.735547970582,MO,MISSOURI,0.06483508,175625977.50444573
367,2028,26,0.0,0.0,MT,MONTANA,0.06483508,0.0
368,2028,27,3566697.7319356864,18035.684934265577,NE,NEBRASKA,0.06483508,231247132.7858688
369,2028,28,0.0,0.0,NV,NEVADA,0.06483508,0.0
370,2028,29,159.14291304218182,8.864731620605276,NH,NEW HAMPSHIRE,0.06483508,10318.043498522902
371,2028,30,30670.59709949632,367.687282719953,NJ,NEW JERSEY,0.06483508,1988530.616593612
372,2028,31,0.0,0.0,NM,NEW MEXICO,0.06483508,0.0
373,2028,32,413081.1167232491,3147.4087308897606,NY,NEW YORK,0.06483508,26782147.249241192
374,2028,33,112344.31789130768,2017.2024360539835,NC,NORTH CAROLINA,0.06483508,7283852.838028365
375,2028,34,5537304.045856205,13708.671194245731,ND,NORTH DAKOTA,0.06483508,359011550.7974107
376,2028,35,2479247.9784996714,15302.317324800966,OH,OHIO,0.06483508,160742241.02586448
377,2028,36,289515.88486579724,1065.115407315821,OK,OKLAHOMA,0.06483508,18770785.556544755
378,2028,37,4481.296525527881,9.762995373290677,OR,OREGON,0.06483508,290545.21873632225
379,2028,38,572182.5054203175,5864.530817041583,PA,PENNSYLVANIA,0.06483508,37097498.51352672
380,2028,39,972.8403686370682,7.240621655918613,RI,RHODE ISLAND,0.06483508,63074.18312781381
381,2028,40,187079.9249907437,1002.2247517395926,SC,SOUTH CAROLINA,0.06483508,12129341.903168868
382,2028,41,14828413.162987355,34129.731449776045,SD,SOUTH DAKOTA,0.06483508,961401353.6953382
383,2028,42,773526.7059499002,4374.578813342352,TN,TENNESSEE,0.06483508,50151665.86239825
384,2028,43,2515686.6315853605,12876.29887193111,TX,TEXAS,0.06483508,163104744.0137674
385,2028,44,0.0,0.0,UT,UTAH,0.06483508,0.0
386,2028,45,1475.5059745253516,45.74948915492544,VT,VERMONT,0.06483508,95664.54789882913
387,2028,46,69815.87602479727,915.577549210618,VA,VIRGINIA,0.06483508,4526517.907337813
388,2028,47,93808.81856951008,445.8190881818128,WA,WASHINGTON,0.06483508,6082102.256659673
389,2028,48,26703.121695776448,422.733134628316,WV,WEST VIRGINIA,0.06483508,1731299.0313954018
390,2028,49,5759231.598592956,16448.48043223751,WI,WISCONSIN,0.06483508,373400241.43330216
391,2028,50,29648.84901515449,468.7815222281378,WY,WYOMING,0.06483508,1922285.4978054625
392,2029,0,2522.0703513357794,152.01737353317122,AL,ALABAMA,0.06597804,166401.2585232461
393,2029,2,0.0,0.0,AZ,ARIZONA,0.06597804,0.0
394,2029,3,0.0,0.0,AR,ARKANSAS,0.06597804,0.0
395,2029,4,14305.80433206706,211.8144508039433,CA,CALIFORNIA,0.06597804,943868.9304532938
396,2029,5,459780.21907604055,4601.85123970741,CO,COLORADO,0.06597804,30335397.68540777
397,2029,6,1542.1144202576784,25.452409428511032,CT,CONNECTICUT,0.06597804,101745.68690433793
398,2029,7,1798.593830042513,15.908683191411018,DE,DELAWARE,0.06597804,118667.69566229814
399,2029,8,0.0,0.0,DC,DISTRICT OF COLUMBIA,0.06597804,0.0
400,2029,9,1140.9339582934094,7.209104404304886,FL,FLORIDA,0.06597804,75276.5863376409
401,2029,10,20651.55908913849,263.23706492642924,GA,GEORGIA,0.06597804,1362549.3916455428
402,2029,12,8644.119878156946,406.94696139665785,ID,IDAHO,0.06597804,570322.0870858341
403,2029,13,2562788.439850641,26253.333402240067,IL,ILLINOIS,0.06597804,169087758.19600317
404,2029,14,51810.556776736594,1385.3707018952737,IN,INDIANA,0.06597804,3418358.987437798
405,2029,15,25737437.91134742,56808.19927621053,IA,IOWA,0.06597804,1698105708.0123966
406,2029,16,2853511.756493196,8993.21937164155,KS,KANSAS,0.06597804,188269112.81037834
407,2029,17,2182.915040378499,24.36860432976248,KY,KENTUCKY,0.06597804,144024.4558506942
408,2029,18,256.92281992079006,5.623082058286541,LA,LOUISIANA,0.06597804,16951.264089646684
409,2029,19,863.6219118846964,20.38546084636106,ME,MAINE,0.06597804,56980.08104720497
410,2029,20,29851.817669621687,728.8376778533615,MD,MARYLAND,0.06597804,1969564.4202790065
411,2029,21,2789.3612160745643,33.365905475280854,MA,MASSACHUSETTS,0.06597804,184036.58588861625
412,2029,22,367023.0487654191,2435.489926742769,MI,MICHIGAN,0.06597804,24215461.392366774
413,2029,23,12703607.401200492,31802.64909993032,MN,MINNESOTA,0.06597804,838159117.2607021
414,2029,24,2612.492727522172,214.03723223867456,MS,MISSISSIPPI,0.06597804,172367.14967616697
415,2029,25,1246622.5620971362,7720.659977243728,MO,MISSOURI,0.06597804,82249713.26694734
416,2029,26,0.0,0.0,MT,MONTANA,0.06597804,0.0
417,2029,27,4354288.870026564,23074.40151718172,NE,NEBRASKA,0.06597804,287287445.23816746
418,2029,28,0.0,0.0,NV,NEVADA,0.06597804,0.0
419,2029,29,127.31738050236264,4.527966752942443,NH,NEW HAMPSHIRE,0.06597804,8400.151223480103
420,2029,30,0.0,0.0,NJ,NEW JERSEY,0.06597804,0.0
421,2029,31,2.182619572398921,0.5605289565624231,NM,NEW MEXICO,0.06597804,144.0049614525189
422,2029,32,9655.345024929931,87.27631860044137,NY,NEW YORK,0.06597804,637040.740268628
423,2029,33,6592.437388042672,100.06147869358917,NC,NORTH CAROLINA,0.06597804,434956.0976857749
424,2029,34,5400389.847859587,13729.617999104808,ND,NORTH DAKOTA,0.06597804,356307137.3976737
425,2029,35,170745.76602946973,1848.5647119628168,OH,OHIO,0.06597804,11265470.980922995
426,2029,36,146546.91157009374,514.614548312831,OK,OKLAHOMA,0.06597804,9668877.993448108
427,2029,37,4355.095869991765,9.453178791641683,OR,OREGON,0.06597804,287340.6895141514
428,2029,38,3203.6421410591943,146.14549809524527,PA,PENNSYLVANIA,0.06597804,211370.02932848915
429,2029,39,2232.7044287350686,19.17180737698988,RI,RHODE ISLAND,0.06597804,147309.46210725952
430,2029,40,43756.53659699243,384.4026371689815,SC,SOUTH CAROLINA,0.06597804,2886970.5218578307
431,2029,41,15537401.121091314,36056.7570593084,SD,SOUTH DAKOTA,0.06597804,1025127272.6634076
432,2029,42,3672.3057044495786,72.02435584121918,TN,TENNESSEE,0.06597804,242291.53266040247
433,2029,43,531869.3804232865,2771.260890498364,TX,TEXAS,0.06597804,35091699.25634281
434,2029,44,0.0,0.0,UT,UTAH,0.06597804,0.0
435,2029,45,881.3249069301012,20.54238865467286,VT,VERMONT,0.06597804,58148.089962430495
436,2029,46,8973.755177720446,157.68683804303842,VA,VIRGINIA,0.06597804,592070.7780658468
437,2029,47,85037.21729585888,411.589548212577,WA,WASHINGTON,0.06597804,5610588.924234869
438,2029,48,9005.540092455649,145.90026282337902,WV,WEST VIRGINIA,0.06597804,594167.8844416426
439,2029,49,3087545.7779495167,14264.563196300518,WI,WISCONSIN,0.06597804,203710218.83938435
440,2029,50,53314.5013176672,993.6427019679292,WY,WYOMING,0.06597804,3517586.3005170994
441,2030,0,93662.88256570732,829.9306439123536,AL,ALABAMA,0.067121,6286746.3406928405
442,2030,2,0.0,0.0,AZ,ARIZONA,0.067121,0.0
443,2030,3,137173.64956829743,595.4769667996486,AR,ARKANSAS,0.067121,9207232.532673692
444,2030,4,18516.177850975284,284.1972255159748,CA,CALIFORNIA,0.067121,1242824.373535312
445,2030,5,320030.64954794326,3545.073028898014,CO,COLORADO,0.067121,21480777.228307497
446,2030,6,67.49990180118299,1.5667125222044516,CT,CONNECTICUT,0.067121,4530.660908797204
447,2030,7,14680.057392038503,233.9408114427715,DE,DELAWARE,0.067121,985340.1322110164
448,2030,8,0.0,0.0,DC,DISTRICT OF COLUMBIA,0.067121,0.0
449,2030,9,18252.94682693356,66.85109863782627,FL,FLORIDA,0.067121,1225156.0439706075
450,2030,10,292437.5045957082,1192.723568741112,GA,GEORGIA,0.067121,19628697.745968528
451,2030,12,16208.72656035106,718.4429541707282,ID,IDAHO,0.067121,1087945.9354573234
452,2030,13,1310730.7580525668,12067.649711701908,IL,ILLINOIS,0.067121,87977559.21124634
453,2030,14,351744.343804421,6094.651572381911,IN,INDIANA,0.067121,23609432.10049654
454,2030,15,2218831.1580341887,12146.631053300876,IA,IOWA,0.067121,148930166.15841278
455,2030,16,2869095.605639881,8730.638619440371,KS,KANSAS,0.067121,192576566.14615446
456,2030,17,380533.94624615257,3939.5445616600778,KY,KENTUCKY,0.067121,25541819.005988006
457,2030,18,1095603.1743738193,3660.2380979711,LA,LOUISIANA,0.067121,73537980.66714513
458,2030,19,176.60690743699178,16.231434887821056,ME,MAINE,0.067121,11854.032234078326
459,2030,20,54543.393632094245,974.895618243849,MD,MARYLAND,0.067121,3661007.1239797976
460,2030,21,2866.846996893502,36.56023218572923,MA,MASSACHUSETTS,0.067121,192425.63727848875
461,2030,22,196418.9347765726,2143.445641306816,MI,MICHIGAN,0.067121,13183835.321138328
462,2030,23,860726.6326896923,6923.715830119136,MN,MINNESOTA,0.067121,57772832.31276483
463,2030,24,679745.4238052834,2260.8742893508024,MS,MISSISSIPPI,0.067121,45625192.59123443
464,2030,25,515531.3198520186,4981.429544839013,MO,MISSOURI,0.067121,34602977.71978734
465,2030,26,0.0,0.0,MT,MONTANA,0.067121,0.0
466,2030,27,3978654.299771049,21286.270976096654,NE,NEBRASKA,0.067121,267051255.25493258
467,2030,28,0.0,0.0,NV,NEVADA,0.067121,0.0
468,2030,29,0.0,0.0,NH,NEW HAMPSHIRE,0.067121,0.0
469,2030,30,20546.54381945356,266.22090547078915,NJ,NEW JERSEY,0.067121,1379104.5677055423
470,2030,31,0.0,0.0,NM,NEW MEXICO,0.067121,0.0
471,2030,32,111053.08038822116,950.3949582180486,NY,NEW YORK,0.067121,7453993.808737792
472,2030,33,479906.9882172799,2489.0414771759074,NC,NORTH CAROLINA,0.067121,32211836.956132043
473,2030,34,3459373.398916987,12031.130680292848,ND,NORTH DAKOTA,0.067121,232196601.90870708
474,2030,35,388669.920505036,6495.578496285904,OH,OHIO,0.067121,26087913.734218523
475,2030,36,226736.7401097779,796.322372406295,OK,OKLAHOMA,0.067121,15218796.732908402
476,2030,37,5271.572717187151,25.46996716699796,OR,OREGON,0.067121,353833.2323503188
477,2030,38,131330.3360880218,1706.1319990090306,PA,PENNSYLVANIA,0.067121,8815023.488564113
478,2030,39,0.0,0.0,RI,RHODE ISLAND,0.067121,0.0
479,2030,40,395944.49209646,1284.7780459254918,SC,SOUTH CAROLINA,0.067121,26576190.254006494
480,2030,41,8685338.699498631,32967.82965601459,SD,SOUTH DAKOTA,0.067121,582968618.8490475
481,2030,42,347437.60492364655,2674.990508410303,TN,TENNESSEE,0.067121,23320359.480080083
482,2030,43,1635374.5093929558,8256.267256424055,TX,TEXAS,0.067121,109767972.44496459
483,2030,44,5.644349087815282,1.0741076737441917,UT,UTAH,0.067121,378.85435512324955
484,2030,45,1036.8695535471254,30.82516054452585,VT,VERMONT,0.067121,69595.7213036366
485,2030,46,79213.79029012157,839.1954236078194,VA,VIRGINIA,0.067121,5316908.81806325
486,2030,47,93002.12475996547,432.8169878673902,WA,WASHINGTON,0.067121,6242395.616013643
487,2030,48,19590.71011006779,259.6732620981524,WV,WEST VIRGINIA,0.067121,1314948.05329786
488,2030,49,98458.45066724892,1066.177194652225,WI,WISCONSIN,0.067121,6608629.667236415
489,2030,50,34723.26207290671,556.2154193071832,WY,WYOMING,0.067121,2330660.0735955713
490,2031,0,575.8764350504703,17.810245773730518,AL,ALABAMA,0.0662312,38140.98734511471
491,2031,2,0.0,0.0,AZ,ARIZONA,0.0662312,0.0
492,2031,3,0.0,0.0,AR,ARKANSAS,0.0662312,0.0
493,2031,4,10046.900879033345,148.65569651363728,CA,CALIFORNIA,0.0662312,665418.3014994332
494,2031,5,194654.4467772759,2483.935955428881,CO,COLORADO,0.0662312,12892197.595395118
495,2031,6,8970.35265722093,133.79087900693364,CT,CONNECTICUT,0.0662312,594117.2209109309
496,2031,7,105813.62104742348,633.1042131079153,DE,DELAWARE,0.0662312,7008163.098316114
497,2031,8,0.0,0.0,DC,DISTRICT OF COLUMBIA,0.0662312,0.0
498,2031,9,43.505606742688016,0.3659655434333859,FL,FLORIDA,0.0662312,2881.428541296319
499,2031,10,7048.954729315806,61.05646534751767,GA,GEORGIA,0.0662312,466860.730468261
500,2031,12,15922.55522662517,688.5470492766095,ID,IDAHO,0.0662312,1054569.939725657
501,2031,13,9028300.825817196,37069.22621394519,IL,ILLINOIS,0.0662312,597955197.654864
502,2031,14,2974937.2285073954,23194.40375394568,IN,INDIANA,0.0662312,197033662.568719
503,2031,15,9182714.672994375,34753.347798105446,IA,IOWA,0.0662312,608182212.0500251
504,2031,16,3434431.2055863906,10606.362062840062,KS,KANSAS,0.0662312,227466500.06343335
505,2031,17,55822.52101685885,731.6925404838906,KY,KENTUCKY,0.0662312,3697192.5539717823
506,2031,18,1.1636512700362378,0.0504834567052496,LA,LOUISIANA,0.0662312,77.07001999602407
507,2031,19,289.6372939040912,15.919173807558677,ME,MAINE,0.0662312,19183.025540020648
508,2031,20,217155.22377331107,1762.6120296675265,MD,MARYLAND,0.0662312,14382451.056774922
509,2031,21,12857.3204411856,149.9811812603461,MA,MASSACHUSETTS,0.0662312,851555.7616042518
510,2031,22,594760.4131164986,3376.890851024428,MI,MICHIGAN,0.0662312,39391695.873201445
511,2031,23,813611.372219466,5778.014084224757,MN,MINNESOTA,0.0662312,53886457.5157419
512,2031,24,0.0,0.0,MS,MISSISSIPPI,0.0662312,0.0
513,2031,25,2431106.4076699447,12073.552837727011,MO,MISSOURI,0.0662312,161015094.70766965
514,2031,26,0.0,0.0,MT,MONTANA,0.0662312,0.0
515,2031,27,2809568.425167598,19135.284710176697,NE,NEBRASKA,0.0662312,186081088.2809602
516,2031,28,0.0,0.0,NV,NEVADA,0.0662312,0.0
517,2031,29,445.7144216808202,18.052615761078,NH,NEW HAMPSHIRE,0.0662312,29520.20100522674
518,2031,30,127811.34155689352,788.4147600711565,NJ,NEW JERSEY,0.0662312,8465098.524922926
519,2031,31,0.0,0.0,NM,NEW MEXICO,0.0662312,0.0
520,2031,32,637312.9465777802,3777.892771769612,NY,NEW YORK,0.0662312,42210001.22738227
521,2031,33,25506.092370925893,484.8807579913813,NC,NORTH CAROLINA,0.0662312,1689299.105037267
522,2031,34,4436500.109984875,11568.544024369843,ND,NORTH DAKOTA,0.0662312,293834726.0844303
523,2031,35,2568510.735803227,16052.032679543365,OH,OHIO,0.0662312,170115548.2451307
524,2031,36,172386.42006801552,498.9756237660144,OK,OKLAHOMA,0.0662312,11417359.464808749
525,2031,37,3865.598341709061,9.372480151357866,OR,OREGON,0.0662312,256023.21688940117
526,2031,38,1155267.269771914,8566.692892841838,PA,PENNSYLVANIA,0.0662312,76514737.5977176
527,2031,39,873.5756844928084,17.96213333818012,RI,RHODE ISLAND,0.0662312,57857.96587478009
528,2031,40,750.9626701858025,4.138895106176275,SC,SOUTH CAROLINA,0.0662312,49737.15880160993
529,2031,41,7166764.819534554,26340.207435553857,SD,SOUTH DAKOTA,0.0662312,474663434.115557
530,2031,42,3546.2287490101908,37.412978130960894,TN,TENNESSEE,0.0662312,234870.98552144377
531,2031,43,478819.2500494203,2378.782638289807,TX,TEXAS,0.0662312,31712773.513873167
532,2031,44,0.0,0.0,UT,UTAH,0.0662312,0.0
533,2031,45,3262.4212236033245,63.98900779631752,VT,VERMONT,0.0662312,216074.07254471653
534,2031,46,99596.5979277714,1061.7163970878055,VA,VIRGINIA,0.0662312,6596402.196673814
535,2031,47,77892.19757956923,397.9792775797464,WA,WASHINGTON,0.0662312,5158893.716331965
536,2031,48,36883.99619238851,459.8754771113286,WV,WEST VIRGINIA,0.0662312,2442871.3286173223
537,2031,49,2153484.27015154,12747.602700057018,WI,WISCONSIN,0.0662312,142627847.39326072
538,2031,50,56222.14374265903,892.8809237000038,WY,WYOMING,0.0662312,3723660.0466487985
539,2032,0,4089.079123538998,71.02015759001054,AL,ALABAMA,0.0653414,267186.15464281105
540,2032,2,0.0,0.0,AZ,ARIZONA,0.0653414,0.0
541,2032,3,22397.183196001904,234.8159127158192,AR,ARKANSAS,0.0653414,1463463.306083239
542,2032,4,13489.915109342284,200.2969571069079,CA,CALIFORNIA,0.0653414,881449.9391255779
543,2032,5,259508.55700029503,3228.1571522691183,CO,COLORADO,0.0653414,16956652.426379073
544,2032,6,285.898006996923,7.464936569091597,CT,CONNECTICUT,0.0653414,18680.976034388743
545,2032,7,2185.8727764208224,35.07912832096158,DE,DELAWARE,0.0653414,142827.98743322352
546,2032,8,0.0,0.0,DC,DISTRICT OF COLUMBIA,0.0653414,0.0
547,2032,9,12053.602521761351,64.54888818278349,FL,FLORIDA,0.0653414,787599.2638154172
548,2032,10,69564.09633462949,462.1732947985312,GA,GEORGIA,0.0653414,4545415.444239559
549,2032,12,19051.477922797185,822.2863939236836,ID,IDAHO,0.0653414,1244850.2395446599
550,2032,13,1941171.2022156063,21850.35660409801,IL,ILLINOIS,0.0653414,126838843.99245082
551,2032,14,443518.7878015524,8321.261980711744,IN,INDIANA,0.0653414,28980138.521256354
552,2032,15,1673339.515420895,17885.157120582175,IA,IOWA,0.0653414,109338346.61292286
553,2032,16,1726857.0861243082,7020.87134145377,KS,KANSAS,0.0653414,112835259.60728286
554,2032,17,35346.15775952199,1884.0115898232496,KY,KENTUCKY,0.0653414,2309567.43262803
555,2032,18,64144.66420467469,812.9302904473037,LA,LOUISIANA,0.0653414,4191302.1616633306
556,2032,19,217.66441756457303,10.978912309717336,ME,MAINE,0.0653414,14222.497773853791
557,2032,20,15472.691333275165,420.8785249825396,MD,MARYLAND,0.0653414,1011007.3134840658
558,2032,21,1023.2099110556736,16.719195223398557,MA,MASSACHUSETTS,0.0653414,66857.96808225318
559,2032,22,81454.67105207793,1187.341331439247,MI,MICHIGAN,0.0653414,5322362.243082245
560,2032,23,290530.38232272223,2593.1213003994435,MN,MINNESOTA,0.0653414,18983661.923501924
561,2032,24,3393.511433912616,71.31900197429245,MS,MISSISSIPPI,0.0653414,221736.7880078578
562,2032,25,1253805.9695446626,11388.829476848305,MO,MISSOURI,0.0653414,81925437.37840562
563,2032,26,0.0,0.0,MT,MONTANA,0.0653414,0.0
564,2032,27,983547.4279115956,8010.081405279493,NE,NEBRASKA,0.0653414,64266365.90614273
565,2032,28,0.0,0.0,NV,NEVADA,0.0653414,0.0
566,2032,29,15.369223604771232,2.6222694461008853,NH,NEW HAMPSHIRE,0.0653414,1004.2465872487988
567,2032,30,3221.961889698246,97.53352139288543,NJ,NEW JERSEY,0.0653414,210527.50061952896
568,2032,31,0.0,0.0,NM,NEW MEXICO,0.0653414,0.0
569,2032,32,28952.889436838694,281.6815461110604,NY,NEW YORK,0.0653414,1891822.3298482518
570,2032,33,14382.678454809386,492.5126703229536,NC,NORTH CAROLINA,0.0653414,939784.345987082
571,2032,34,1739123.970865914,10154.752663617424,ND,NORTH DAKOTA,0.0653414,113636795.02993801
572,2032,35,139189.3927109422,3475.59179340872,OH,OHIO,0.0653414,9094829.784882756
573,2032,36,115828.00054490058,433.919451309617,OK,OKLAHOMA,0.0653414,7568363.714804566
574,2032,37,5366.915152303725,21.778172672989623,OR,OREGON,0.0653414,350681.7497327386
575,2032,38,70325.1309161204,1073.7069028955923,PA,PENNSYLVANIA,0.0653414,4595142.509242589
576,2032,39,6.443157463942059,1.723620265717759,RI,RHODE ISLAND,0.0653414,421.00492911442365
577,2032,40,0.0,0.0,SC,SOUTH CAROLINA,0.0653414,0.0
578,2032,41,3658499.301599757,19237.9850268988,SD,SOUTH DAKOTA,0.0653414,239051466.26555032
579,2032,42,14547.627630964613,643.7988437401863,TN,TENNESSEE,0.0653414,950562.356085911
580,2032,43,302479.47821942624,1516.300924963769,TX,TEXAS,0.0653414,19764432.578126814
581,2032,44,5.6432198872730845,1.0738927892732455,UT,UTAH,0.0653414,368.7358879422655
582,2032,45,508.6552593899384,7.742441550342168,VT,VERMONT,0.0653414,33236.24676590171
583,2032,46,6949.916923636832,202.7636405391165,VA,VIRGINIA,0.0653414,454117.3016741236
584,2032,47,95488.5232179884,398.6726136988207,WA,WASHINGTON,0.0653414,6239353.790995867
585,2032,48,3477.31367440288,56.393031822851846,WV,WEST VIRGINIA,0.0653414,227212.5437246283
586,2032,49,372195.3901514764,5601.387114294789,WI,WISCONSIN,0.0653414,24319767.866043676
587,2032,50,42131.35486349998,671.7808071873646,WY,WYOMING,0.0653414,2752921.7106778976
588,2033,0,144760.73757458205,982.082015972018,AL,ALABAMA,0.0644516,9330061.15386193
589,2033,2,0.0,0.0,AZ,ARIZONA,0.0644516,0.0
590,2033,3,74698.53633739967,409.4603065288313,AR,ARKANSAS,0.0644516,4814440.184603548
591,2033,4,3669.811691912028,54.84282219538635,CA,CALIFORNIA,0.0644516,236525.23524243725
592,2033,5,255693.4706105996,2814.1626513617766,CO,COLORADO,0.0644516,16479853.29040612
593,2033,6,10803.507301519729,121.78962208670949,CT,CONNECTICUT,0.0644516,696303.331194629
594,2033,7,36152.23210779077,480.5370877903373,DE,DELAWARE,0.0644516,2330069.2029184876
595,2033,8,0.0,0.0,DC,DISTRICT OF COLUMBIA,0.0644516,0.0
596,2033,9,13059.760741551569,52.37689135498553,FL,FLORIDA,0.0644516,841722.475410185
597,2033,10,263589.6723375979,1258.3119273619882,GA,GEORGIA,0.0644516,16988776.12563392
598,2033,12,3902.974839215265,179.7662103544492,ID,IDAHO,0.0644516,251552.97314716657
599,2033,13,497421.7168703039,2062.519071515,IL,ILLINOIS,0.0644516,32059625.52703808
600,2033,14,242093.05109221968,3292.374629265781,IN,INDIANA,0.0644516,15603284.491775306
601,2033,15,0.0,0.0,IA,IOWA,0.0644516,0.0
602,2033,16,898362.1718060682,2766.063194712965,KS,KANSAS,0.0644516,57900879.352375984
603,2033,17,692583.3292995156,5972.040784452154,KY,KENTUCKY,0.0644516,44638103.706680655
604,2033,18,36570.05748445985,308.34204118993057,LA,LOUISIANA,0.0644516,2356998.7169654127
605,2033,19,1151.8917506660132,23.555180252200323,ME,MAINE,0.0644516,74241.26635722561
606,2033,20,34907.869321056394,447.69047591756623,MD,MARYLAND,0.0644516,2249868.0303329984
607,2033,21,12346.492099848592,128.5294224501181,MA,MASSACHUSETTS,0.0644516,795751.1702226015
608,2033,22,50340.7492727266,671.9234659065501,MI,MICHIGAN,0.0644516,3244541.835826066
609,2033,23,23015.071341987463,147.74992236278715,MN,MINNESOTA,0.0644516,1483358.1721052392
610,2033,24,136130.63484482066,1172.4153994669782,MS,MISSISSIPPI,0.0644516,8773837.224764442
611,2033,25,195404.0136719873,1099.3003518130297,MO,MISSOURI,0.0644516,12594101.327581458
612,2033,26,0.0,0.0,MT,MONTANA,0.0644516,0.0
613,2033,27,344882.17040273454,2552.17962883779,NE,NEBRASKA,0.0644516,22228207.693928882
614,2033,28,0.0,0.0,NV,NEVADA,0.0644516,0.0
615,2033,29,992.2151858934658,21.54963606909224,NH,NEW HAMPSHIRE,0.0644516,63949.85627513129
616,2033,30,36840.45218677071,422.8377287495186,NJ,NEW JERSEY,0.0644516,2374426.088160871
617,2033,31,0.0,0.0,NM,NEW MEXICO,0.0644516,0.0
618,2033,32,178036.61707111367,2389.38925906562,NY,NEW YORK,0.0644516,11474744.82882059
619,2033,33,318280.6177782429,2669.271283497843,NC,NORTH CAROLINA,0.0644516,20513695.0647962
620,2033,34,207319.5456133889,982.9174637589284,ND,NORTH DAKOTA,0.0644516,13362076.426055895
621,2033,35,84881.64225103555,1862.760419248024,OH,OHIO,0.0644516,5470757.653706842
622,2033,36,151574.00543432747,586.3633558092608,OK,OKLAHOMA,0.0644516,9769187.168651098
623,2033,37,3632.020796865917,8.186808999429717,OR,OREGON,0.0644516,234089.55159128332
624,2033,38,131493.8540626055,1767.456552166011,PA,PENNSYLVANIA,0.0644516,8474989.284501424
625,2033,39,334.25179624929103,11.559659682488988,RI,RHODE ISLAND,0.0644516,21543.063071140805
626,2033,40,127169.86526498751,820.9839647040681,SC,SOUTH CAROLINA,0.0644516,8196301.288112869
627,2033,41,230709.1291027096,2897.4257899878075,SD,SOUTH DAKOTA,0.0644516,14869572.505276198
628,2033,42,509749.5207424308,3225.893605782544,TN,TENNESSEE,0.0644516,32854172.211082853
629,2033,43,516424.09740246594,3028.4436765035634,TX,TEXAS,0.0644516,33284359.35614477
630,2033,44,0.0,0.0,UT,UTAH,0.0644516,0.0
631,2033,45,4342.620345236599,63.3016391504259,VT,VERMONT,0.0644516,279888.82944305113
632,2033,46,39488.83365798325,432.28242916457657,VA,VIRGINIA,0.0644516,2545118.5113908728
633,2033,47,65952.5263067649,314.2550791089145,WA,WASHINGTON,0.0644516,4250745.844513089
634,2033,48,5691.322267869373,81.39746673169674,WV,WEST VIRGINIA,0.0644516,366814.82627980964
635,2033,49,28448.187213127727,245.80811889060965,WI,WISCONSIN,0.0644516,1833531.1829856231
636,2033,50,19437.362651074352,423.8073812740338,WY,WYOMING,0.0644516,1252769.1226419837
637,2034,0,5125.109051117093,167.97281420130696,AL,ALABAMA,0.0635618,325761.15648529446
638,2034,2,0.0,0.0,AZ,ARIZONA,0.0635618,0.0
639,2034,3,59019.911168910025,480.15799350858686,AR,ARKANSAS,0.0635618,3751411.7897360255
640,2034,4,18759.2331958284,277.72691371200824,CA,CALIFORNIA,0.0635618,1192370.6285466056
641,2034,5,523564.85182983975,4931.120416126538,CO,COLORADO,0.0635618,33278724.39903791
642,2034,6,2562.736543077386,57.269099416439474,CT,CONNECTICUT,0.0635618,162892.1476037762
643,2034,7,20072.78907521173,419.09340742810826,DE,DELAWARE,0.0635618,1275862.604640793
644,2034,8,0.0,0.0,DC,DISTRICT OF COLUMBIA,0.0635618,0.0
645,2034,9,30.39815321125345,0.3433675089893395,FL,FLORIDA,0.0635618,1932.1613347830496
646,2034,10,1625.8556263576306,39.42466624009951,GA,GEORGIA,0.0635618,103342.31015141845
647,2034,12,17798.92762981441,777.5155498129548,ID,IDAHO,0.0635618,1131331.8782207374
648,2034,13,908252.460954709,9348.621476473392,IL,ILLINOIS,0.0635618,57730161.272711016
649,2034,14,236656.5481727358,2878.8820695017,IN,INDIANA,0.0635618,15042316.1836458
650,2034,15,2601985.138175233,19672.42767011564,IA,IOWA,0.0635618,165386858.9556665
651,2034,16,3488122.025703077,11317.744240373162,KS,KANSAS,0.0635618,221711314.57333386
652,2034,17,754.9783319975326,24.69871388085521,KY,KENTUCKY,0.0635618,47987.781742760766
653,2034,18,66143.17300233452,627.320547884825,LA,LOUISIANA,0.0635618,4204179.133739786
654,2034,19,0.0,0.0,ME,MAINE,0.0635618,0.0
655,2034,20,33349.152409458824,650.6228258437474,MD,MARYLAND,0.0635618,2119732.15561954
656,2034,21,489.5956488177691,11.574683477364523,MA,MASSACHUSETTS,0.0635618,31119.580711025275
657,2034,22,29265.104843615893,400.530009965741,MI,MICHIGAN,0.0635618,1860142.7410489446
658,2034,23,487244.07246726425,4321.625253139153,MN,MINNESOTA,0.0635618,30970110.285349756
659,2034,24,2155.751975297978,68.0721078530578,MS,MISSISSIPPI,0.0635618,137023.475903495
660,2034,25,1251187.2300241808,9252.154206482755,MO,MISSOURI,0.0635618,79527712.47735098
661,2034,26,0.0,0.0,MT,MONTANA,0.0635618,0.0
662,2034,27,4673954.298302066,23406.144084903943,NE,NEBRASKA,0.0635618,297084948.31781626
663,2034,28,0.0,0.0,NV,NEVADA,0.0635618,0.0
664,2034,29,0.0,0.0,NH,NEW HAMPSHIRE,0.0635618,0.0
665,2034,30,12125.386652209392,506.2461943270855,NJ,NEW JERSEY,0.0635618,770711.4013104029
666,2034,31,0.0,0.0,NM,NEW MEXICO,0.0635618,0.0
667,2034,32,18505.771892786688,486.12077084061593,NY,NEW YORK,0.0635618,1176260.171894929
668,2034,33,30597.613166140807,819.567795289702,NC,NORTH CAROLINA,0.0635618,1944839.3685436088
669,2034,34,1737966.040507012,8795.838321929536,ND,NORTH DAKOTA,0.0635618,110468249.8734986
670,2034,35,32091.634810397893,1150.7488339649262,OH,OHIO,0.0635618,2039802.073491549
671,2034,36,188507.5892395533,679.7064142586296,OK,OKLAHOMA,0.0635618,11981881.685726637
672,2034,37,3836.0651834447735,8.187565217825409,OR,OREGON,0.0635618,243827.20797708
673,2034,38,27712.22985846997,679.2599719385162,PA,PENNSYLVANIA,0.0635618,1761439.2118180967
674,2034,39,642.5544293962726,10.629969287828114,RI,RHODE ISLAND,0.0635618,40841.91613039999
675,2034,40,51447.41541630928,536.8602802764464,SC,SOUTH CAROLINA,0.0635618,3270090.3292083675
676,2034,41,6091525.11971974,30696.766382840367,SD,SOUTH DAKOTA,0.0635618,387188301.35460216
677,2034,42,2894.280321159326,117.27563004549408,TN,TENNESSEE,0.0635618,183965.66691746484
678,2034,43,1057489.3705635993,5890.354890787226,TX,TEXAS,0.0635618,67215927.87388939
679,2034,44,0.0,0.0,UT,UTAH,0.0635618,0.0
680,2034,45,18.794223305964486,3.0576279393602714,VT,VERMONT,0.0635618,1194.5946629290536
681,2034,46,20588.86124587956,325.541698641081,VA,VIRGINIA,0.0635618,1308665.0807383475
682,2034,47,83752.87647199695,375.75150084125806,WA,WASHINGTON,0.0635618,5323483.583737776
683,2034,48,3942.044758458002,45.39556655104988,WV,WEST VIRGINIA,0.0635618,250563.46052815585
684,2034,49,556285.851621269,5106.533741693029,WI,WISCONSIN,0.0635618,35358530.04358078
685,2034,50,66241.81559638644,1178.4856324099335,WY,WYOMING,0.0635618,4210449.034574396
686,2035,0,25480.733843022022,321.0883905085035,AL,ALABAMA,0.062672,1596928.5514098764
687,2035,2,0.0,0.0,AZ,ARIZONA,0.062672,0.0
688,2035,3,18402.413739929925,211.3186280027268,AR,ARKANSAS,0.062672,1153316.0739088885
689,2035,4,8289.142330860608,121.19307913836748,CA,CALIFORNIA,0.062672,519497.12815969606
690,2035,5,123408.63684356876,1624.0186576073338,CO,COLORADO,0.062672,7734266.088260142
691,2035,6,1325.7459922371986,37.509990444888686,CT,CONNECTICUT,0.062672,83087.15282548971
692,2035,7,3729.123608209623,73.5796112950236,DE,DELAWARE,0.062672,233711.6347737135
693,2035,8,0.0,0.0,DC,DISTRICT OF COLUMBIA,0.062672,0.0
694,2035,9,0.0,0.0,FL,FLORIDA,0.062672,0.0
695,2035,10,10771.277258938557,136.7529337963311,GA,GEORGIA,0.062672,675057.4883721973
696,2035,12,3840.5510658229578,166.6702197469761,ID,IDAHO,0.062672,240695.0163972564
697,2035,13,394338.0450680276,3750.401084127213,IL,ILLINOIS,0.062672,24713953.96050343
698,2035,14,136492.5865810652,2318.748055957347,IN,INDIANA,0.062672,8554263.38620852
699,2035,15,58362.45478612303,227.0338760589009,IA,IOWA,0.062672,3657691.766355903
700,2035,16,377697.3024411056,1798.0679897652813,KS,KANSAS,0.062672,23671045.33858897
701,2035,17,169482.53756002928,4137.48281524439,KY,KENTUCKY,0.062672,10621809.593962155
702,2035,18,161445.0799605666,943.114108004924,LA,LOUISIANA,0.062672,10118086.05128863
703,2035,19,656.0219774759319,13.176298150626188,ME,MAINE,0.062672,41114.2093723716
704,2035,20,32918.35110118038,635.2538309389481,MD,MARYLAND,0.062672,2063058.9002131769
705,2035,21,2886.499747493004,80.14426291863813,MA,MASSACHUSETTS,0.062672,180902.71217488157
706,2035,22,49172.6079891661,739.3767953166662,MI,MICHIGAN,0.062672,3081745.6878970177
707,2035,23,256251.4949597896,1548.2213499854493,MN,MINNESOTA,0.062672,16059793.692119936
708,2035,24,20211.97157938998,200.9546148481209,MS,MISSISSIPPI,0.062672,1266724.682823529
709,2035,25,231439.80335727576,1616.382143856491,MO,MISSOURI,0.062672,14504795.356007187
710,2035,26,0.0,0.0,MT,MONTANA,0.062672,0.0
711,2035,27,702997.4852255213,5886.717465160893,NE,NEBRASKA,0.062672,44058258.39405387
712,2035,28,0.0,0.0,NV,NEVADA,0.062672,0.0
713,2035,29,138.5393839631753,5.010525858730911,NH,NEW HAMPSHIRE,0.062672,8682.540271740125
714,2035,30,6827.260808725761,187.2536379240329,NJ,NEW JERSEY,0.062672,427878.089404461
715,2035,31,0.0,0.0,NM,NEW MEXICO,0.062672,0.0
716,2035,32,85946.0851558351,1631.9608754564715,NY,NEW YORK,0.062672,5386413.0488864975
717,2035,33,21180.36740141972,1171.5707031412944,NC,NORTH CAROLINA,0.062672,1327415.985781777
718,2035,34,664441.8141435718,3807.1193604968967,ND,NORTH DAKOTA,0.062672,41641897.37600593
719,2035,35,17218.049965550264,410.5381855656515,OH,OHIO,0.062672,1079089.6274409664
720,2035,36,116945.6651645294,352.9595731690774,OK,OKLAHOMA,0.062672,7329218.727191387
721,2035,37,3424.799656060612,8.18750403238998,OR,OREGON,0.062672,214639.0440446307
722,2035,38,99725.4862112205,1862.0438357253213,PA,PENNSYLVANIA,0.062672,6249995.671829612
723,2035,39,240.4494611503281,7.981578233691648,RI,RHODE ISLAND,0.062672,15069.448629213364
724,2035,40,0.0,0.0,SC,SOUTH CAROLINA,0.062672,0.0
725,2035,41,2791879.5646457262,13713.942737080655,SD,SOUTH DAKOTA,0.062672,174972676.07547697
726,2035,42,192439.9787026132,2548.772388960453,TN,TENNESSEE,0.062672,12060598.345250176
727,2035,43,827496.2298800361,4315.298287198024,TX,TEXAS,0.062672,51860843.71904163
728,2035,44,0.0,0.0,UT,UTAH,0.062672,0.0
729,2035,45,655.9537810636491,25.343994256828964,VT,VERMONT,0.062672,41109.93536682102
730,2035,46,28917.327425434163,483.01355538732753,VA,VIRGINIA,0.062672,1812306.74440681
731,2035,47,59934.1821303066,337.2756007167508,WA,WASHINGTON,0.062672,3756195.062470576
732,2035,48,6490.2894836600735,101.58053028470071,WV,WEST VIRGINIA,0.062672,406759.4225199442
733,2035,49,295009.7704183256,3819.123717132812,WI,WISCONSIN,0.062672,18488852.331657305
734,2035,50,35970.48835991808,829.7831795422895,WY,WYOMING,0.062672,2254342.446492786
735,2036,0,74327.31635820553,781.3620349877544,AL,ALABAMA,0.0641018,4764514.7677304195
736,2036,2,0.0,0.0,AZ,ARIZONA,0.0641018,0.0
737,2036,3,337306.2913775056,1154.5250273784268,AR,ARKANSAS,0.0641018,21621940.42862259
738,2036,4,15046.53817874229,226.37948980982625,CA,CALIFORNIA,0.0641018,964510.1810261025
739,2036,5,443078.7357011808,4411.173370423833,CO,COLORADO,0.0641018,28402144.50016995
740,2036,6,1819.9260841757064,27.38914088055951,CT,CONNECTICUT,0.0641018,116660.53786261429
741,2036,7,0.0,0.0,DE,DELAWARE,0.0641018,0.0
742,2036,8,0.0,0.0,DC,DISTRICT OF COLUMBIA,0.0641018,0.0
743,2036,9,338.3582670098082,2.942529667947144,FL,FLORIDA,0.0641018,21689.37396020932
744,2036,10,69851.45424508414,442.147883418518,GA,GEORGIA,0.0641018,4477603.949727534
745,2036,12,5879.342724211032,262.2345779485922,ID,IDAHO,0.0641018,376876.4514388307
746,2036,13,6092986.807601881,29018.16816689863,IL,ILLINOIS,0.0641018,390571421.74353427
747,2036,14,865202.8060056646,6062.058062756394,IN,INDIANA,0.0641018,55461057.23001391
748,2036,15,7709901.805057187,33869.71968300844,IA,IOWA,0.0641018,494218583.5274148
749,2036,16,3510771.92073962,11292.77014555336,KS,KANSAS,0.0641018,225046799.508867
750,2036,17,478207.5828915746,3864.058892110989,KY,KENTUCKY,0.0641018,30653966.836999137
751,2036,18,1009333.4594049267,3742.204832411504,LA,LOUISIANA,0.0641018,64700091.54808274
752,2036,19,0.0,0.0,ME,MAINE,0.0641018,0.0
753,2036,20,277.4607264438138,6.677326181426362,MD,MARYLAND,0.0641018,17785.731994356065
754,2036,21,86.3539016567283,2.9962713446953697,MA,MASSACHUSETTS,0.0641018,5535.4405332192655
755,2036,22,79932.3385815623,686.7340103046197,MI,MICHIGAN,0.0641018,5123806.781287591
756,2036,23,4378336.706888704,23873.26769018115,MN,MINNESOTA,0.0641018,280659263.9176383
757,2036,24,770917.1737595143,3348.183581913328,MS,MISSISSIPPI,0.0641018,49417178.48889764
758,2036,25,4671258.265518642,18369.55210934386,MO,MISSOURI,0.0641018,299436063.0846229
759,2036,26,0.0,0.0,MT,MONTANA,0.0641018,0.0
760,2036,27,5050008.191840237,24792.95392808725,NE,NEBRASKA,0.0641018,323714615.11170447
761,2036,28,0.0,0.0,NV,NEVADA,0.0641018,0.0
762,2036,29,0.0,0.0,NH,NEW HAMPSHIRE,0.0641018,0.0
763,2036,30,73.64581190185443,14.150391317384292,NJ,NEW JERSEY,0.0641018,4720.829105370292
764,2036,31,2.824283683154296,0.7253177814284764,NM,NEW MEXICO,0.0641018,181.04166780082008
765,2036,32,828.1614556097581,7.130615295193358,NY,NEW YORK,0.0641018,53086.639995205594
766,2036,33,253508.09300033032,2038.368572421741,NC,NORTH CAROLINA,0.0641018,16250325.075888574
767,2036,34,2609766.159359619,10835.954308830404,ND,NORTH DAKOTA,0.0641018,167290708.39403844
768,2036,35,64109.9703896438,599.9891570995917,OH,OHIO,0.0641018,4109564.4999228693
769,2036,36,281787.769138679,947.0601499720516,OK,OKLAHOMA,0.0641018,18063103.219773777
770,2036,37,3487.313227727472,8.187082183741564,OR,OREGON,0.0641018,223543.05506114088
771,2036,38,1909.2740288302084,20.825664423327385,PA,PENNSYLVANIA,0.0641018,122387.90194126825
772,2036,39,68.24437193731114,1.984336034953587,RI,RHODE ISLAND,0.0641018,4374.5870810511315
773,2036,40,142037.59027136635,803.7131247693453,SC,SOUTH CAROLINA,0.0641018,9104865.204057071
774,2036,41,11444526.69768452,33906.30751848372,SD,SOUTH DAKOTA,0.0641018,733614761.4696336
775,2036,42,433280.2828250037,3490.403042933283,TN,TENNESSEE,0.0641018,27774046.033591826
776,2036,43,2915945.416356387,13212.174750398235,TX,TEXAS,0.0641018,186917349.89019385
777,2036,44,0.0,0.0,UT,UTAH,0.0641018,0.0
778,2036,45,84.82104548776277,1.0027287037338726,VT,VERMONT,0.0641018,5437.1816936474725
779,2036,46,1083.7261011766975,16.225047566310042,VA,VIRGINIA,0.0641018,69468.79379240843
780,2036,47,73794.53282649124,379.45618116420815,WA,WASHINGTON,0.0641018,4730362.384337176
781,2036,48,0.0,0.0,WV,WEST VIRGINIA,0.0641018,0.0
782,2036,49,1519136.064453962,11684.711920285336,WI,WISCONSIN,0.0641018,97379356.17641498
783,2036,50,68234.55019923451,1064.7234331643474,WY,WYOMING,0.0641018,4373957.489961291
784,2037,0,5994.029351859537,125.90894438789232,AL,ALABAMA,0.0655316,392798.3338743184
785,2037,2,0.0,0.0,AZ,ARIZONA,0.0655316,0.0
786,2037,3,67879.16306897753,422.9715147493215,AR,ARKANSAS,0.0655316,4448230.162571008
787,2037,4,22115.520248952613,334.9449023486119,CA,CALIFORNIA,0.0655316,1449265.426746263
788,2037,5,211761.13798125464,3139.6787482571085,CO,COLORADO,0.0655316,13877046.189732386
789,2037,6,1141.5669372797092,42.432227586578016,CT,CONNECTICUT,0.0655316,74808.70790703899
790,2037,7,42669.67897201451,494.0105479738999,DE,DELAWARE,0.0655316,2796212.3345224657
791,2037,8,0.0,0.0,DC,DISTRICT OF COLUMBIA,0.0655316,0.0
792,2037,9,6.082617943573471,0.3604637158420813,FL,FLORIDA,0.0655316,398.60368603107923
793,2037,10,9.488956625655195,1.998895378336764,GA,GEORGIA,0.0655316,621.8265100097859
794,2037,12,7120.04807330202,315.993541195067,ID,IDAHO,0.0655316,466588.14232039865
795,2037,13,6056980.189370083,31076.903193525523,IL,ILLINOIS,0.0655316,396923602.9777245
796,2037,14,134769.678319504,2356.2574310674854,IN,INDIANA,0.0655316,8831672.651762407
797,2037,15,8967184.522631047,37098.53847005127,IA,IOWA,0.0655316,587633949.2632488
798,2037,16,3036073.2683710456,10942.55217871036,KS,KANSAS,0.0655316,198958738.993584
799,2037,17,108.8722272563898,3.7259083769788095,KY,KENTUCKY,0.0655316,7134.571247674833
800,2037,18,263472.63711163995,1533.4784313820585,LA,LOUISIANA,0.0655316,17265783.466145143
801,2037,19,90.0540644453099,1.7697515572722893,ME,MAINE,0.0655316,5901.38692960427
802,2037,20,68774.23293932137,980.9269208470616,MD,MARYLAND,0.0655316,4506885.523286432
803,2037,21,3021.79892055165,51.41636988864198,MA,MASSACHUSETTS,0.0655316,198023.3181420225
804,2037,22,128812.50513094444,1160.3782314966704,MI,MICHIGAN,0.0655316,8441289.561238999
805,2037,23,1939383.9639095503,16287.446737049146,MN,MINNESOTA,0.0655316,127090934.16933508
806,2037,24,485.8029010397484,28.24450678531713,MS,MISSISSIPPI,0.0655316,31835.441389776373
807,2037,25,2346809.91550198,16049.668978361746,MO,MISSOURI,0.0655316,153790208.65870956
808,2037,26,0.0,0.0,MT,MONTANA,0.0655316,0.0
809,2037,27,3579680.986858857,22006.691498799926,NE,NEBRASKA,0.0655316,234582222.55843982
810,2037,28,0.0,0.0,NV,NEVADA,0.0655316,0.0
811,2037,29,0.0,0.0,NH,NEW HAMPSHIRE,0.0655316,0.0
812,2037,30,11958.392198137337,193.9088426038441,NJ,NEW JERSEY,0.0655316,783652.5741714566
813,2037,31,0.0,0.0,NM,NEW MEXICO,0.0655316,0.0
814,2037,32,67704.46294449898,918.5653837166332,NY,NEW YORK,0.0655316,4436781.78389373
815,2037,33,24277.247847819795,650.6483597633778,NC,NORTH CAROLINA,0.0655316,1590926.8950641875
816,2037,34,1691098.456820644,8073.332383648221,ND,NORTH DAKOTA,0.0655316,110820387.6329877
817,2037,35,52145.31868875319,1011.9054417416684,OH,OHIO,0.0655316,3417166.1661838987
818,2037,36,134045.5356770748,417.0670420004223,OK,OKLAHOMA,0.0655316,8784218.425775794
819,2037,37,3563.0028101770577,8.186929970706528,OR,OREGON,0.0655316,233489.27495539884
820,2037,38,54511.874660794725,836.2743306629143,PA,PENNSYLVANIA,0.0655316,3572250.3655213355
821,2037,39,46.69053045048281,2.0295170816374486,RI,RHODE ISLAND,0.0655316,3059.705165268859
822,2037,40,0.0,0.0,SC,SOUTH CAROLINA,0.0655316,0.0
823,2037,41,4680625.264427412,20928.960656688432,SD,SOUTH DAKOTA,0.0655316,306728862.5783514
824,2037,42,1793.7965548225914,36.31450887080885,TN,TENNESSEE,0.0655316,117550.35831201212
825,2037,43,461194.8012231744,2555.868090240155,TX,TEXAS,0.0655316,30222833.235836573
826,2037,44,0.0,0.0,UT,UTAH,0.0655316,0.0
827,2037,45,1186.110910314112,44.42767342628324,VT,VERMONT,0.0655316,77727.74573034025
828,2037,46,5268.971137179276,164.11599486784576,VA,VIRGINIA,0.0655316,345284.10897317744
829,2037,47,52133.44078362924,351.91697590689387,WA,WASHINGTON,0.0655316,3416387.7880564774
830,2037,48,2586.6861188800563,46.753801802951486,WV,WEST VIRGINIA,0.0655316,169509.68006800028
831,2037,49,1069127.0221825617,10518.73820673375,WI,WISCONSIN,0.0655316,70061604.36685875
832,2037,50,5375.008985102135,235.65683308716365,WY,WYOMING,0.0655316,352232.93880811904
833,2038,0,96463.91706727192,883.6517191120279,AL,ALABAMA,0.0669614,6459358.936308422
834,2038,2,0.0,0.0,AZ,ARIZONA,0.0669614,0.0
835,2038,3,339491.1848577848,1168.717886990553,AR,ARKANSAS,0.0669614,22732805.025736075
836,2038,4,14374.255979864623,210.1617119104309,CA,CALIFORNIA,0.0669614,962520.304370107
837,2038,5,360565.0913868845,4039.452273869432,CO,COLORADO,0.0669614,24143943.31039373
838,2038,6,102.75991327956343,13.787455042589263,CT,CONNECTICUT,0.0669614,6880.94765707816
839,2038,7,1328.5348117245424,47.79733476659018,DE,DELAWARE,0.0669614,88960.55094181177
840,2038,8,0.0,0.0,DC,DISTRICT OF COLUMBIA,0.0669614,0.0
841,2038,9,4353.893810697258,18.62675282152374,FL,FLORIDA,0.0669614,291542.8250156234
842,2038,10,305214.3954383935,1072.732806514623,GA,GEORGIA,0.0669614,20437583.218708444
843,2038,12,7632.840072123448,333.38642772845617,ID,IDAHO,0.0669614,511105.65720548714
844,2038,13,3676308.296947994,29210.677112652425,IL,ILLINOIS,0.0669614,246170750.3952534
845,2038,14,151266.03855779755,2384.776106854926,IN,INDIANA,0.0669614,10128985.714284105
846,2038,15,3396097.946431748,25157.212410480737,IA,IOWA,0.0669614,227407473.03019485
847,2038,16,2600225.4752514604,9610.833959198722,KS,KANSAS,0.0669614,174114738.13850316
848,2038,17,70493.94692333852,1343.8178258975283,KY,KENTUCKY,0.0669614,4720373.37751244
849,2038,18,980577.9682757088,3301.733904554292,LA,LOUISIANA,0.0669614,65660873.56489705
850,2038,19,23.51304653969849,1.02996825967925,ME,MAINE,0.0669614,1574.4665145633667
851,2038,20,1135.4179068802375,48.66369405720106,MD,MARYLAND,0.0669614,76029.17262977034
852,2038,21,3271.798129633961,62.128534555632754,MA,MASSACHUSETTS,0.0669614,219084.18327767152
853,2038,22,99422.7339650784,1156.2749460246102,MI,MICHIGAN,0.0669614,6657485.458129201
854,2038,23,2998609.863079262,23398.02574358236,MN,MINNESOTA,0.0669614,200791114.4855957
855,2038,24,719169.6205664972,2926.52407107132,MS,MISSISSIPPI,0.0669614,48156604.63060145
856,2038,25,825217.55452623,8074.954057128072,MO,MISSOURI,0.0669614,55257722.755652696
857,2038,26,0.0,0.0,MT,MONTANA,0.0669614,0.0
858,2038,27,1596230.063659342,12325.76681712086,NE,NEBRASKA,0.0669614,106885799.78471868
859,2038,28,0.0,0.0,NV,NEVADA,0.0669614,0.0
860,2038,29,9.169320547573244,1.2423551546909084,NH,NEW HAMPSHIRE,0.0669614,613.9905409142712
861,2038,30,111.52728525915325,2.731840731754064,NJ,NEW JERSEY,0.0669614,7468.023159152264
862,2038,31,0.0,0.0,NM,NEW MEXICO,0.0669614,0.0
863,2038,32,93243.59718333354,1562.8489621081842,NY,NEW YORK,0.0669614,6243721.808432071
864,2038,33,39365.465810605085,691.14404095235,NC,NORTH CAROLINA,0.0669614,2635966.7023302517
865,2038,34,2116580.356740226,11140.718203315886,ND,NORTH DAKOTA,0.0669614,141729183.89982498
866,2038,35,42261.735377047706,1027.986517568638,OH,OHIO,0.0669614,2829904.967276642
867,2038,36,276148.43054178427,961.33659804616,OK,OKLAHOMA,0.0669614,18491285.516880635
868,2038,37,3428.3774877730475,8.186958413901305,OR,OREGON,0.0669614,229568.95630976613
869,2038,38,19252.1515049214,424.131316078067,PA,PENNSYLVANIA,0.0669614,1289151.017781644
870,2038,39,0.0,0.0,RI,RHODE ISLAND,0.0669614,0.0
871,2038,40,170445.70943112488,561.6144846344777,SC,SOUTH CAROLINA,0.0669614,11413283.327501325
872,2038,41,7170840.346036942,31095.9345381589,SD,SOUTH DAKOTA,0.0669614,480169508.7471181
873,2038,42,279105.34037243994,1785.0852794837142,TN,TENNESSEE,0.0669614,18689284.3388151
874,2038,43,2978657.3944616527,13613.384598710662,TX,TEXAS,0.0669614,199455069.2535045
875,2038,44,0.0,0.0,UT,UTAH,0.0669614,0.0
876,2038,45,273.88627126954447,18.11822949995808,VT,VERMONT,0.0669614,18339.808164988477
877,2038,46,5629.473450309352,101.99711705786969,VA,VIRGINIA,0.0669614,376957.42349554464
878,2038,47,62165.45200149753,386.2630198290096,WA,WASHINGTON,0.0669614,4162685.697653077
879,2038,48,3886.554563891252,67.8782551043611,WV,WEST VIRGINIA,0.0669614,260249.1347745477
880,2038,49,1320266.2259780304,12720.954275054382,WI,WISCONSIN,0.0669614,88406874.86420529
881,2038,50,67491.3575444444,1055.8235622163622,WY,WYOMING,0.0669614,4519315.789076559
882,2039,0,46653.16930705281,1006.6459518733402,AL,ALABAMA,0.0683912,3190666.2327125105
883,2039,2,0.0,0.0,AZ,ARIZONA,0.0683912,0.0
884,2039,3,21566.79485936297,258.0909094138513,AR,ARKANSAS,0.0683912,1474978.9805856647
885,2039,4,20702.05958152013,314.33216642671067,CA,CALIFORNIA,0.0683912,1415838.6972516594
886,2039,5,239909.8140922627,3120.819078802338,CO,COLORADO,0.0683912,16407720.077546757
887,2039,6,11239.688531910288,91.88995360559082,CT,CONNECTICUT,0.0683912,768695.7863235829
888,2039,7,7715.832881940048,100.10593159201572,DE,DELAWARE,0.0683912,527695.0697953382
889,2039,8,0.0,0.0,DC,DISTRICT OF COLUMBIA,0.0683912,0.0
890,2039,9,5046.919266611045,42.941639238446605,FL,FLORIDA,0.0683912,345164.8649466493
891,2039,10,95647.5285356866,846.2340339458177,GA,GEORGIA,0.0683912,6541449.253589849
892,2039,12,12957.287850691044,578.9480687229219,ID,IDAHO,0.0683912,886164.4648541814
893,2039,13,4040327.69814264,29774.18587067636,IL,ILLINOIS,0.0683912,276322859.6692129
894,2039,14,376519.7353766846,4931.214586364484,IN,INDIANA,0.0683912,25750636.52609391
895,2039,15,2045613.3691613409,13772.06336817588,IA,IOWA,0.0683912,139901953.0529871
896,2039,16,1649748.201335898,6473.313339818488,KS,KANSAS,0.0683912,112828259.18720366
897,2039,17,395525.865174997,5830.516216924147,KY,KENTUCKY,0.0683912,27050488.550356258
898,2039,18,320861.34550247,2547.5010652678766,LA,LOUISIANA,0.0683912,21944092.45252852
899,2039,19,87.8919414594357,3.6781175744551455,ME,MAINE,0.0683912,6011.035346740558
900,2039,20,265182.0223729521,1269.2917566763772,MD,MARYLAND,0.0683912,18136116.72851304
901,2039,21,9010.555593912251,111.79647143965438,MA,MASSACHUSETTS,0.0683912,616242.7097343715
902,2039,22,243380.597461771,2592.539494653041,MI,MICHIGAN,0.0683912,16645091.11712747
903,2039,23,2045354.2021471628,14478.623646858432,MN,MINNESOTA,0.0683912,139884228.30988702
904,2039,24,436118.1684784873,2861.063636069467,MS,MISSISSIPPI,0.0683912,29826644.88404592
905,2039,25,409183.4472714816,3782.0474900458366,MO,MISSOURI,0.0683912,27984546.979033355
906,2039,26,0.0,0.0,MT,MONTANA,0.0683912,0.0
907,2039,27,1096953.9955860295,6844.260762786024,NE,NEBRASKA,0.0683912,75022000.10292326
908,2039,28,0.0,0.0,NV,NEVADA,0.0683912,0.0
909,2039,29,131.27169813749015,7.830367761102988,NH,NEW HAMPSHIRE,0.0683912,8977.828961660716
910,2039,30,66812.67393038311,549.1639548849546,NJ,NEW JERSEY,0.0683912,4569398.945307618
911,2039,31,0.0,0.0,NM,NEW MEXICO,0.0683912,0.0
912,2039,32,188783.2857943001,2549.621721138361,NY,NEW YORK,0.0683912,12911115.455415137
913,2039,33,135163.82867308613,2355.1589638268165,NC,NORTH CAROLINA,0.0683912,9244016.439546768
914,2039,34,1066864.4283130642,7732.485030614585,ND,NORTH DAKOTA,0.0683912,72964138.48964442
915,2039,35,429939.35559606383,4538.300792819511,OH,OHIO,0.0683912,29404068.45644152
916,2039,36,133163.02511061082,528.1964474830642,OK,OKLAHOMA,0.0683912,9107179.082944807
917,2039,37,3597.294099417011,8.18719627629056,OR,OREGON,0.0683912,246023.26021204866
918,2039,38,514440.3839250885,5039.293111234909,PA,PENNSYLVANIA,0.0683912,35183195.185097516
919,2039,39,65.9125355149234,2.349453875494857,RI,RHODE ISLAND,0.0683912,4507.83739890823
920,2039,40,799.6793301448109,58.89543273718287,SC,SOUTH CAROLINA,0.0683912,54691.02900379979
921,2039,41,4757035.184687987,22177.095897399013,SD,SOUTH DAKOTA,0.0683912,325339344.7230331
922,2039,42,154822.9344857341,3567.3499314566943,TN,TENNESSEE,0.0683912,10588526.277000738
923,2039,43,470997.66783174337,2595.4561085224104,TX,TEXAS,0.0683912,32212095.700214326
924,2039,44,0.0,0.0,UT,UTAH,0.0683912,0.0
925,2039,45,1085.3421216924962,36.14645704125255,VT,VERMONT,0.0683912,74227.85011309585
926,2039,46,110487.9462479616,1149.2233980295923,VA,VIRGINIA,0.0683912,7556403.229433592
927,2039,47,102477.37647750284,600.5573113629266,WA,WASHINGTON,0.0683912,7008550.750148192
928,2039,48,34984.755770900425,567.9687435047251,WV,WEST VIRGINIA,0.0683912,2392649.428878805
929,2039,49,392419.22094850335,5775.678881493375,WI,WISCONSIN,0.0683912,26838021.423733283
930,2039,50,61890.995027852,1003.3562682315402,WY,WYOMING,0.0683912,4232799.419148832
931,2040,0,327016.56887509266,1755.5822792025472,AL,ALABAMA,0.069821,22832623.855427846
932,2040,2,0.0,0.0,AZ,ARIZONA,0.069821,0.0
933,2040,3,115169.03786753854,772.9991190805097,AR,ARKANSAS,0.069821,8041217.392949408
934,2040,4,14189.005795900464,208.4557287998654,CA,CALIFORNIA,0.069821,990690.5736755662
935,2040,5,479257.4179263276,4768.026008143971,CO,COLORADO,0.069821,33462232.17703412
936,2040,6,201.4252432069514,5.71393499105902,CT,CONNECTICUT,0.069821,14063.711905952552
937,2040,7,0.0,0.0,DE,DELAWARE,0.069821,0.0
938,2040,8,0.0,0.0,DC,DISTRICT OF COLUMBIA,0.069821,0.0
939,2040,9,19138.875946560827,93.57968454911308,FL,FLORIDA,0.069821,1336295.4574648233
940,2040,10,475507.50612101273,1902.877098127399,GA,GEORGIA,0.069821,33200409.58487523
941,2040,12,24768.60863797311,1142.1726815735988,ID,IDAHO,0.069821,1729369.0237119205
942,2040,13,12946061.506250309,45473.80068177919,IL,ILLINOIS,0.069821,903906960.4279027
943,2040,14,881873.455494677,7608.055843875173,IN,INDIANA,0.069821,61573286.53609383
944,2040,15,23520701.50426132,56182.62430031672,IA,IOWA,0.069821,1642238899.7290294
945,2040,16,3483518.5816307906,10656.13117742154,KS,KANSAS,0.069821,243222750.8880434
946,2040,17,509456.8299905333,5568.219146434389,KY,KENTUCKY,0.069821,35570785.326769024
947,2040,18,1098164.6641408382,3661.1607932685697,LA,LOUISIANA,0.069821,76674955.01497746
948,2040,19,398.3443851778617,12.67378241655995,ME,MAINE,0.069821,27812.803317503476
949,2040,20,18180.6747751574,204.77607908286203,MD,MARYLAND,0.069821,1269392.8934762648
950,2040,21,0.0,0.0,MA,MASSACHUSETTS,0.069821,0.0
951,2040,22,479952.2143941448,4234.956100299261,MI,MICHIGAN,0.069821,33510743.56121358
952,2040,23,7938634.3399906205,33331.050793414324,MN,MINNESOTA,0.069821,554283388.252485
953,2040,24,997255.1684886762,3857.8331961076215,MS,MISSISSIPPI,0.069821,69629353.11904785
954,2040,25,3328416.609236612,17144.517272784506,MO,MISSOURI,0.069821,232393376.07350945
955,2040,26,0.0,0.0,MT,MONTANA,0.069821,0.0
956,2040,27,7856189.375736088,25321.74503582456,NE,NEBRASKA,0.069821,548526998.4032693
957,2040,28,0.0,0.0,NV,NEVADA,0.069821,0.0
958,2040,29,18.34273991967821,2.811520287704769,NH,NEW HAMPSHIRE,0.069821,1280.7084439318521
959,2040,30,12145.910157104234,268.0118521328345,NJ,NEW JERSEY,0.069821,848039.5930791746
960,2040,31,0.0,0.0,NM,NEW MEXICO,0.069821,0.0
961,2040,32,10359.89542902164,172.15783581019028,NY,NEW YORK,0.069821,723338.2587497198
962,2040,33,56574.0000277675,1038.921891778496,NC,NORTH CAROLINA,0.069821,3950053.2559387544
963,2040,34,2751347.249255141,11835.47272918812,ND,NORTH DAKOTA,0.069821,192101816.29024318
964,2040,35,114314.13575318616,1906.1572287448173,OH,OHIO,0.069821,7981527.27242321
965,2040,36,148070.91868937053,624.3691777546601,OK,OKLAHOMA,0.069821,10338459.61381054
966,2040,37,3668.1434366845215,8.187306805060292,OR,OREGON,0.069821,256113.44289274994
967,2040,38,120621.45011212643,1711.6128271046423,PA,PENNSYLVANIA,0.069821,8421910.26827878
968,2040,39,0.0,0.0,RI,RHODE ISLAND,0.069821,0.0
969,2040,40,331638.5270754186,1521.940074965815,SC,SOUTH CAROLINA,0.069821,23155333.5989328
970,2040,41,14865346.491971407,34471.751622267366,SD,SOUTH DAKOTA,0.069821,1037913357.4159355
971,2040,42,408427.61107838433,3136.5264534583152,TN,TENNESSEE,0.069821,28516824.23310387
972,2040,43,904988.931287299,7474.009241849564,TX,TEXAS,0.069821,63187232.1714105
973,2040,44,5.643784890108267,1.074000308115811,UT,UTAH,0.069821,394.05470481224927
974,2040,45,1014.2311325025164,23.713309533077982,VT,VERMONT,0.069821,70814.63190245819
975,2040,46,2987.93787026312,76.6584629578175,VA,VIRGINIA,0.069821,208620.8100396413
976,2040,47,92558.49567354414,561.1519968524003,WA,WASHINGTON,0.069821,6462526.726422525
977,2040,48,7697.516168918595,134.4808353966976,WV,WEST VIRGINIA,0.069821,537448.2764300653
978,2040,49,1610779.42402894,15783.94980107763,WI,WISCONSIN,0.069821,112466230.16512461
979,2040,50,68440.43838761075,1062.122239829089,WY,WYOMING,0.069821,4778579.84866137
980,2041,0,68756.98372704277,1044.9608863933342,AL,ALABAMA,0.07000204,4813129.125139797
981,2041,2,0.0,0.0,AZ,ARIZONA,0.07000204,0.0
982,2041,3,196035.4740208384,1162.9505831205645,AR,ARKANSAS,0.07000204,13722883.093825689
983,2041,4,12483.60425986825,185.57996968367704,CA,CALIFORNIA,0.07000204,873877.7647434677
984,2041,5,490504.8156178196,4770.916275830159,CO,COLORADO,0.07000204,34336337.72307123
985,2041,6,6821.240782605908,125.7664146417856,CT,CONNECTICUT,0.07000204,477500.7701136101
986,2041,7,0.0,0.0,DE,DELAWARE,0.07000204,0.0
987,2041,8,0.0,0.0,DC,DISTRICT OF COLUMBIA,0.07000204,0.0
988,2041,9,4492.574689606259,43.89237151050333,FL,FLORIDA,0.07000204,314489.39312480495
989,2041,10,11915.713405902845,341.2772499389133,GA,GEORGIA,0.07000204,834124.2464685473
990,2041,12,28686.45287314917,1275.8574901165389,ID,IDAHO,0.07000204,2008110.2214843032
991,2041,13,17125488.651807994,47633.537433744525,IL,ILLINOIS,0.07000204,1198819141.6234093
992,2041,14,2806823.441964808,20443.7995187028,IN,INDIANA,0.07000204,196483366.85735816
993,2041,15,20128070.338827804,51171.53056129688,IA,IOWA,0.07000204,1409005984.9814374
994,2041,16,2334199.496586098,8212.34738710937,KS,KANSAS,0.07000204,163398726.52799988
995,2041,17,883094.6470293717,7209.493530400828,KY,KENTUCKY,0.07000204,61818426.805135965
996,2041,18,100519.90126912756,1587.1640955753228,LA,LOUISIANA,0.07000204,7036598.149437519
997,2041,19,577.3173114966587,22.13721346341682,ME,MAINE,0.07000204,40413.389532081565
998,2041,20,40640.93593421672,504.00112437997257,MD,MARYLAND,0.07000204,2844948.4229044765
999,2041,21,6937.846194312479,95.64653552624154,MA,MASSACHUSETTS,0.07000204,485663.38680810994
1000,2041,22,628913.3291026959,4559.191143387934,MI,MICHIGAN,0.07000204,44025216.02038009
1001,2041,23,8559166.435042331,31623.91850926313,MN,MINNESOTA,0.07000204,599159111.1524906
1002,2041,24,313826.6694157985,3065.2755811440315,MS,MISSISSIPPI,0.07000204,21968507.065511502
1003,2041,25,2669412.993681892,14922.730972467349,MO,MISSOURI,0.07000204,186864355.16023955
1004,2041,26,0.0,0.0,MT,MONTANA,0.07000204,0.0
1005,2041,27,3434827.7479563565,18373.178939871446,NE,NEBRASKA,0.07000204,240444949.4055508
1006,2041,28,0.0,0.0,NV,NEVADA,0.07000204,0.0
1007,2041,29,641.1811463209749,17.086529433525403,NH,NEW HAMPSHIRE,0.07000204,44883.98825200674
1008,2041,30,11289.8078244312,167.37433604344818,NJ,NEW JERSEY,0.07000204,790309.5789181459
1009,2041,31,6.868536807772852,1.763941741684263,NM,NEW MEXICO,0.07000204,480.8115883591875
1010,2041,32,433699.6336772319,4342.4867791432725,NY,NEW YORK,0.07000204,30359859.104658935
1011,2041,33,27618.78317267693,1231.149816008978,NC,NORTH CAROLINA,0.07000204,1933371.1644050572
1012,2041,34,1342687.3335276195,8498.982314495519,ND,NORTH DAKOTA,0.07000204,93990852.42909376
1013,2041,35,452359.6544893582,7809.879517780035,OH,OHIO,0.07000204,31666098.627950232
1014,2041,36,259450.437008971,970.8285228857716,OK,OKLAHOMA,0.07000204,18162059.86951947
1015,2041,37,3810.9547134312616,8.187306787838429,OR,OREGON,0.07000204,266774.6042878037
1016,2041,38,643095.9610902787,6255.111389711385,PA,PENNSYLVANIA,0.07000204,45018029.19208014
1017,2041,39,1252.3219385569023,25.491561982000533,RI,RHODE ISLAND,0.07000204,87665.09043573782
1018,2041,40,9939.070218140529,239.9164150098868,SC,SOUTH CAROLINA,0.07000204,695755.1909730821
1019,2041,41,9182572.170400932,33526.26272562836,SD,SOUTH DAKOTA,0.07000204,642798784.3752929
1020,2041,42,355290.386139811,3745.0501212847857,TN,TENNESSEE,0.07000204,24871051.822174497
1021,2041,43,1083915.3124484725,5859.856958389428,TX,TEXAS,0.07000204,75876283.05863047
1022,2041,44,5.643219582031199,1.0738927311863613,UT,UTAH,0.07000204,395.0368829101313
1023,2041,45,4200.152646219978,81.04258455682731,VT,VERMONT,0.07000204,294019.25354679674
1024,2041,46,11085.600388215404,286.7209034274839,VA,VIRGINIA,0.07000204,776014.6417998703
1025,2041,47,151827.10752706084,678.1278445592801,WA,WASHINGTON,0.07000204,10628207.254193613
1026,2041,48,31500.67828904586,567.5657190267066,WV,WEST VIRGINIA,0.07000204,2205111.7416169196
1027,2041,49,4764611.619421524,19457.670903610506,WI,WISCONSIN,0.07000204,333532533.1672103
1028,2041,50,73483.34582022172,1139.8090096382082,WY,WYOMING,0.07000204,5143984.113440994
1029,2042,0,101604.0987036755,832.9252264910572,AL,ALABAMA,0.07018308,7130888.587647953
1030,2042,2,0.0,0.0,AZ,ARIZONA,0.07018308,0.0
1031,2042,3,180552.49263860736,911.8577889345008,AR,ARKANSAS,0.07018308,12671730.03505479
1032,2042,4,22367.928820224835,337.2191990640495,CA,CALIFORNIA,0.07018308,1569850.1378241451
1033,2042,5,525086.3041682779,4757.431400020768,CO,COLORADO,0.07018308,36852174.09234658
1034,2042,6,1395.4756419865234,48.8758099443304,CT,CONNECTICUT,0.07018308,97938.77861959153
1035,2042,7,15428.630769550868,260.15134419314813,DE,DELAWARE,0.07018308,1082828.82758985
1036,2042,8,0.0,0.0,DC,DISTRICT OF COLUMBIA,0.07018308,0.0
1037,2042,9,1461.298016826253,22.97386601147411,FL,FLORIDA,0.07018308,102558.39561875825
1038,2042,10,47389.62507958201,617.8998571309105,GA,GEORGIA,0.07018308,3325949.84813031
1039,2042,12,20230.96146927456,895.2891443134808,ID,IDAHO,0.07018308,1419871.1872750137
1040,2042,13,13169628.033836886,46547.74765493747,IL,ILLINOIS,0.07018308,924285057.8690168
1041,2042,14,1609335.5039325953,12683.593367826405,IN,INDIANA,0.07018308,112948122.41934164
1042,2042,15,23259318.105080944,56634.553488738384,IA,IOWA,0.07018308,1632410583.3143442
1043,2042,16,3800474.300970278,10094.083894455976,KS,KANSAS,0.07018308,266728991.9029411
1044,2042,17,673647.0284211175,7290.700171740995,KY,KENTUCKY,0.07018308,47278623.28744155
1045,2042,18,457048.38417849626,2535.1639177429565,LA,LOUISIANA,0.07018308,32077063.310670134
1046,2042,19,2208.87992248857,46.70079288551896,ME,MAINE,0.07018308,155025.9963104091
1047,2042,20,40606.44185985316,592.5633929303292,MD,MARYLAND,0.07018308,2849885.1575654233
1048,2042,21,2998.67184022697,55.153528531399466,MA,MASSACHUSETTS,0.07018308,210456.0256563966
1049,2042,22,473384.2910556276,3376.5622541335583,MI,MICHIGAN,0.07018308,33223567.569900393
1050,2042,23,9123267.865673613,30028.429046229267,MN,MINNESOTA,0.07018308,640299038.4780004
1051,2042,24,418156.1000799874,3115.801810981826,MS,MISSISSIPPI,0.07018308,29347483.024401758
1052,2042,25,4874449.071780396,17084.76237158392,MO,MISSOURI,0.07018308,342103849.16068923
1053,2042,26,0.0,0.0,MT,MONTANA,0.07018308,0.0
1054,2042,27,7320653.131344638,24107.827149728364,NE,NEBRASKA,0.07018308,513785984.3694112
1055,2042,28,0.0,0.0,NV,NEVADA,0.07018308,0.0
1056,2042,29,503.8529069992346,10.216486910841432,NH,NEW HAMPSHIRE,0.07018308,35361.94888015984
1057,2042,30,4274.45236841963,140.4001845015586,NJ,NEW JERSEY,0.07018308,299994.2325289844
1058,2042,31,7.189085900767102,1.8462634851961728,NM,NEW MEXICO,0.07018308,504.5521909004096
1059,2042,32,27330.605208956,478.7916683910199,NY,NEW YORK,0.07018308,1918146.0518285756
1060,2042,33,396389.44781360455,4113.233640080181,NC,NORTH CAROLINA,0.07018308,27819832.32705803
1061,2042,34,4627475.745362268,11585.763490511594,ND,NORTH DAKOTA,0.07018308,324770500.43481964
1062,2042,35,180184.14756687748,3294.390763782366,OH,OHIO,0.07018308,12645878.443417966
1063,2042,36,224636.3684925157,897.7818711214602,OK,OKLAHOMA,0.07018308,15765672.220819708
1064,2042,37,3511.7770622181524,7.985354176435656,OR,OREGON,0.07018308,246467.33049982155
1065,2042,38,116239.04955022864,1674.9497406779478,PA,PENNSYLVANIA,0.07018308,8158014.51370766
1066,2042,39,21.50104151637956,0.4184618067956519,RI,RHODE ISLAND,0.07018308,1509.0093168273877
1067,2042,40,32651.08186201169,1063.067374463824,SC,SOUTH CAROLINA,0.07018308,2291553.4904081156
1068,2042,41,15418961.400324374,34011.2584246683,SD,SOUTH DAKOTA,0.07018308,1082150201.4758775
1069,2042,42,362179.7620107727,3733.046003957714,TN,TENNESSEE,0.07018308,25418891.21158302
1070,2042,43,1881743.3252369235,12143.385728158451,TX,TEXAS,0.07018308,132066542.334569
1071,2042,44,0.0,0.0,UT,UTAH,0.07018308,0.0
1072,2042,45,1889.6132753791333,32.1378622647174,VT,VERMONT,0.07018308,132618.87967499573
1073,2042,46,211360.78037863868,1014.1099263037828,VA,VIRGINIA,0.07018308,14833950.558176428
1074,2042,47,124564.77414074547,662.6623486326964,WA,WASHINGTON,0.07018308,8742339.50870187
1075,2042,48,16685.01286683615,264.6759954133489,WV,WEST VIRGINIA,0.07018308,1171005.592834191
1076,2042,49,1827286.802292468,13910.623166532872,WI,WISCONSIN,0.07018308,128244615.82823646
1077,2042,50,73484.6813560053,1113.0837462687746,WY,WYOMING,0.07018308,5157381.270383027
1078,2043,0,87.08230154663957,17.298951260685552,AL,ALABAMA,0.07036412,6127.469515903933
1079,2043,2,0.0,0.0,AZ,ARIZONA,0.07036412,0.0
1080,2043,3,104877.10944017592,679.5708584835932,AR,ARKANSAS,0.07036412,7379585.513901671
1081,2043,4,14524.03656322445,213.36170711551588,CA,CALIFORNIA,0.07036412,1021971.0516191128
1082,2043,5,370902.0741425837,3766.6797185210494,CO,COLORADO,0.07036412,26098198.05321766
1083,2043,6,1387.845119970097,38.940393522517496,CT,CONNECTICUT,0.07036412,97654.5005629903
1084,2043,7,0.0,0.0,DE,DELAWARE,0.07036412,0.0
1085,2043,8,0.0,0.0,DC,DISTRICT OF COLUMBIA,0.07036412,0.0
1086,2043,9,0.0,0.0,FL,FLORIDA,0.07036412,0.0
1087,2043,10,0.0,0.0,GA,GEORGIA,0.07036412,0.0
1088,2043,12,29067.284056425466,1298.633762978504,ID,IDAHO,0.07036412,2045293.8634204085
1089,2043,13,17127837.251022395,46974.11804373614,IL,ILLINOIS,0.07036412,1205185195.6714098
1090,2043,14,1302117.3812678794,12773.04730852149,IN,INDIANA,0.07036412,91622343.66961883
1091,2043,15,20187819.411530584,55765.016290815794,IA,IOWA,0.07036412,1420498147.6112673
1092,2043,16,2721485.859860302,9225.95976900898,KS,KANSAS,0.07036412,191494957.6215135
1093,2043,17,28662.945661563783,583.0752869640519,KY,KENTUCKY,0.07036412,2016842.9480837535
1094,2043,18,171153.76838612824,1551.77078170485,LA,LOUISIANA,0.07036412,12043084.297173735
1095,2043,19,144.86160243734923,4.443001873797973,ME,MAINE,0.07036412,10193.059177293935
1096,2043,20,0.0,0.0,MD,MARYLAND,0.07036412,0.0
1097,2043,21,351.2538538699385,9.958812173724429,MA,MASSACHUSETTS,0.07036412,24715.668324166818
1098,2043,22,237905.17395888752,2499.452045519047,MI,MICHIGAN,0.07036412,16739988.209064037
1099,2043,23,7746202.688464654,31721.160939379508,MN,MINNESOTA,0.07036412,545054735.5154495
1100,2043,24,13122.820562800556,401.4152181085585,MS,MISSISSIPPI,0.07036412,923375.7208193659
1101,2043,25,3646869.3140610633,16692.22860257995,MO,MISSOURI,0.07036412,256608750.03891036
1102,2043,26,0.0,0.0,MT,MONTANA,0.07036412,0.0
1103,2043,27,4242594.162849459,22284.643575240047,NE,NEBRASKA,0.07036412,298526404.7860389
1104,2043,28,0.0,0.0,NV,NEVADA,0.07036412,0.0
1105,2043,29,0.0,0.0,NH,NEW HAMPSHIRE,0.07036412,0.0
1106,2043,30,0.0,0.0,NJ,NEW JERSEY,0.07036412,0.0
1107,2043,31,7.574645222546219,1.945280816050688,NM,NEW MEXICO,0.07036412,532.9832453966688
1108,2043,32,7273.530891144679,86.0363808846499,NY,NEW YORK,0.07036412,511795.60044821113
1109,2043,33,0.0,0.0,NC,NORTH CAROLINA,0.07036412,0.0
1110,2043,34,2060902.5383769404,9783.707019023434,ND,NORTH DAKOTA,0.07036412,145013593.51865965
1111,2043,35,35031.09828958161,1262.8168260610146,OH,OHIO,0.07036412,2464932.4037799155
1112,2043,36,203325.05603171303,935.5760089470804,OK,OKLAHOMA,0.07036412,14306788.64162218
1113,2043,37,4071.3460103044417,20.679369775328404,OR,OREGON,0.07036412,286476.67923058296
1114,2043,38,0.0,0.0,PA,PENNSYLVANIA,0.07036412,0.0
1115,2043,39,966.9789201580186,15.829776108265978,RI,RHODE ISLAND,0.07036412,68040.62077546924
1116,2043,40,0.0,0.0,SC,SOUTH CAROLINA,0.07036412,0.0
1117,2043,41,11552820.464610774,32591.208311301605,SD,SOUTH DAKOTA,0.07036412,812904045.5103283
1118,2043,42,58875.89039696302,764.562473369347,TN,TENNESSEE,0.07036412,4142750.216998754
1119,2043,43,1540302.5445947803,8326.439160084605,TX,TEXAS,0.07036412,108382033.08417247
1120,2043,44,0.0,0.0,UT,UTAH,0.07036412,0.0
1121,2043,45,0.0,0.0,VT,VERMONT,0.07036412,0.0
1122,2043,46,0.0,0.0,VA,VIRGINIA,0.07036412,0.0
1123,2043,47,127162.55833194696,641.8785817524807,WA,WASHINGTON,0.07036412,8947681.513976116
1124,2043,48,1923.3133365991312,19.806310374370387,WV,WEST VIRGINIA,0.07036412,135332.25041406165
1125,2043,49,1975867.058188425,16846.32568780045,WI,WISCONSIN,0.07036412,139030146.7864173
1126,2043,50,62743.2818434494,965.5192525938168,WY,WYOMING,0.07036412,4414875.812826294
1127,2044,0,21696.59412806061,276.8655406189321,AL,ALABAMA,0.07054516,1530589.704219096
1128,2044,2,0.0,0.0,AZ,ARIZONA,0.07054516,0.0
1129,2044,3,32803.30595077347,362.1056679835999,AR,ARKANSAS,0.07054516,2314114.4668262666
1130,2044,4,23797.131362167624,353.8378770589703,CA,CALIFORNIA,0.07054516,1678772.4394851327
1131,2044,5,453690.3981098309,4281.216363934043,CO,COLORADO,0.07054516,32005661.725121718
1132,2044,6,41.47068623212297,0.8255996951861426,CT,CONNECTICUT,0.07054516,2925.556195554912
1133,2044,7,3157.581432622472,131.1492038259849,DE,DELAWARE,0.07054516,222752.0873773815
1134,2044,8,0.0,0.0,DC,DISTRICT OF COLUMBIA,0.07054516,0.0
1135,2044,9,19864.61011815712,87.22588707864955,FL,FLORIDA,0.07054516,1401352.099123013
1136,2044,10,191591.72936982592,1341.454003706082,GA,GEORGIA,0.07054516,13515869.203071069
1137,2044,12,25590.19761750986,1144.073720728327,ID,IDAHO,0.07054516,1805264.5853588518
1138,2044,13,7204582.830176028,41576.45415304339,IL,ILLINOIS,0.07054516,508248448.4880207
1139,2044,14,909908.8736731012,9676.99805594738,IN,INDIANA,0.07054516,64189667.0786887
1140,2044,15,9861745.531183258,46781.118779656186,IA,IOWA,0.07054516,695698416.3766079
1141,2044,16,1811579.8562056136,6341.66790596413,KS,KANSAS,0.07054516,127798190.808802
1142,2044,17,169240.28122488956,2486.3625134537333,KY,KENTUCKY,0.07054516,11939082.71745483
1143,2044,18,50280.34509723599,778.9428644298032,LA,LOUISIANA,0.07054516,3547034.9897397286
1144,2044,19,52.16132080719538,1.0299829408552326,ME,MAINE,0.07054516,3679.728722154927
1145,2044,20,0.0,0.0,MD,MARYLAND,0.07054516,0.0
1146,2044,21,0.0,0.0,MA,MASSACHUSETTS,0.07054516,0.0
1147,2044,22,146339.09958692393,2347.6539378094303,MI,MICHIGAN,0.07054516,10323515.194615481
1148,2044,23,6911660.90940156,26514.14331443264,MN,MINNESOTA,0.07054516,487584224.7194785
1149,2044,24,69903.89921051616,1064.4730114531842,MS,MISSISSIPPI,0.07054516,4931381.754429735
1150,2044,25,825575.7833419044,9571.089181959936,MO,MISSOURI,0.07054516,58240375.72797998
1151,2044,26,0.0,0.0,MT,MONTANA,0.07054516,0.0
1152,2044,27,4748209.246617404,21812.58591676168,NE,NEBRASKA,0.07054516,334963181.0161042
1153,2044,28,0.0,0.0,NV,NEVADA,0.07054516,0.0
1154,2044,29,0.0,0.0,NH,NEW HAMPSHIRE,0.07054516,0.0
1155,2044,30,4489.717031168594,105.66279634262447,NJ,NEW JERSEY,0.07054516,316727.8063185134
1156,2044,31,7.895156689748463,2.0275928967032524,NM,NEW MEXICO,0.07054516,556.9650919033757
1157,2044,32,18327.46606823932,298.59135883410147,NY,NEW YORK,0.07054516,1292914.0261785137
1158,2044,33,13175.448925385845,357.8901411876761,NC,NORTH CAROLINA,0.07054516,929464.1525131724
1159,2044,34,807329.8555944181,5732.887000405951,ND,NORTH DAKOTA,0.07054516,56953213.83568512
1160,2044,35,42710.5209351356,901.8402269357616,OH,OHIO,0.07054516,3013020.5330524906
1161,2044,36,148636.02751739664,532.0231781254828,OK,OKLAHOMA,0.07054516,10485552.342979148
1162,2044,37,3354.4841181406287,7.877843535265445,OR,OREGON,0.07054516,236642.61883168953
1163,2044,38,11813.67284279921,164.0036415486114,PA,PENNSYLVANIA,0.07054516,833397.440882925
1164,2044,39,0.0,0.0,RI,RHODE ISLAND,0.07054516,0.0
1165,2044,40,36759.31997005427,268.46131190048555,SC,SOUTH CAROLINA,0.07054516,2593192.108778673
1166,2044,41,9602663.859994464,31188.926256752864,SD,SOUTH DAKOTA,0.07054516,677421458.4295269
1167,2044,42,94242.26725693542,1179.6955376508545,TN,TENNESSEE,0.07054516,6648335.82240327
1168,2044,43,454159.5102529009,3157.7546692218266,TX,TEXAS,0.07054516,32038755.316312533
1169,2044,44,5.643783984155406,1.0740001357149007,UT,UTAH,0.07054516,398.14164416768057
1170,2044,45,393.695997150516,18.207549600309456,VT,VERMONT,0.07054516,27773.347110342696
1171,2044,46,2171.0755323917774,81.0821464883181,VA,VIRGINIA,0.07054516,153158.8708046631
1172,2044,47,117612.4009550673,651.0287036105518,WA,WASHINGTON,0.07054516,8296985.643359375
1173,2044,48,1255.4693157582878,19.071042430132582,WV,WEST VIRGINIA,0.07054516,88567.28375525893
1174,2044,49,99263.45687502096,979.833629157862,WI,WISCONSIN,0.07054516,7002556.447401453
1175,2044,50,57449.68451526215,953.343060199523,WY,WYOMING,0.07054516,4052797.186078691
1176,2045,0,1608.0420421047,143.59258113830404,AL,ALABAMA,0.0707262,113730.70307830544
1177,2045,2,0.0,0.0,AZ,ARIZONA,0.0707262,0.0
1178,2045,3,393060.64380929305,1248.947460664635,AR,ARKANSAS,0.0707262,27799685.706184823
1179,2045,4,14090.860684084008,206.0182737671248,CA,CALIFORNIA,0.0707262,996593.0309146624
1180,2045,5,337142.14861594554,3398.667591831813,CO,COLORADO,0.0707262,23844783.031441085
1181,2045,6,6079.684657102669,77.6691089345335,CT,CONNECTICUT,0.0707262,429992.9929951748
1182,2045,7,0.0,0.0,DE,DELAWARE,0.0707262,0.0
1183,2045,8,0.0,0.0,DC,DISTRICT OF COLUMBIA,0.0707262,0.0
1184,2045,9,0.0,0.0,FL,FLORIDA,0.0707262,0.0
1185,2045,10,88.30812089132455,11.44751609794455,GA,GEORGIA,0.0707262,6245.697819783999
1186,2045,12,16593.65248382746,741.6714948230191,ID,IDAHO,0.0707262,1173605.984301678
1187,2045,13,13357711.608563231,41987.17306031434,IL,ILLINOIS,0.0707262,944740182.7695647
1188,2045,14,604246.5558332236,5272.162890326908,IN,INDIANA,0.0707262,42736062.75717174
1189,2045,15,24779775.394847702,55473.43336662756,IA,IOWA,0.0707262,1752579350.5310776
1190,2045,16,2375075.690026233,7638.628807656092,KS,KANSAS,0.0707262,167980078.26793337
1191,2045,17,126123.51595265216,2595.9648619693007,KY,KENTUCKY,0.0707262,8920237.013970468
1192,2045,18,904490.3609668048,3478.126394247912,LA,LOUISIANA,0.0707262,63971166.167810425
1193,2045,19,305.4349984254248,12.7919258028052,ME,MAINE,0.0707262,21602.25678563628
1194,2045,20,1855.5980169751288,70.69351012737968,MD,MARYLAND,0.0707262,131239.39646818637
1195,2045,21,3033.254005623585,51.93361605325045,MA,MASSACHUSETTS,0.0707262,214530.52945253477
1196,2045,22,472632.89795253146,3294.0752030595395,MI,MICHIGAN,0.0707262,33427528.86717033
1197,2045,23,3949781.166336228,27874.80068899582,MN,MINNESOTA,0.0707262,279353012.72652936
1198,2045,24,682596.1168773344,3247.5715403464715,MS,MISSISSIPPI,0.0707262,48277429.48148973
1199,2045,25,4921642.584778764,15933.99071053754,MO,MISSOURI,0.0707262,348089077.7795799
1200,2045,26,0.0,0.0,MT,MONTANA,0.0707262,0.0
1201,2045,27,2931542.633198063,19209.565725153985,NE,NEBRASKA,0.0707262,207336870.58409286
1202,2045,28,0.0,0.0,NV,NEVADA,0.0707262,0.0
1203,2045,29,0.0,0.0,NH,NEW HAMPSHIRE,0.0707262,0.0
1204,2045,30,2589.5471355305904,83.07410330588118,NJ,NEW JERSEY,0.0707262,183148.82861696367
1205,2045,31,3.5941834013733733,0.9230394050995792,NM,NEW MEXICO,0.0707262,254.2029340822135
1206,2045,32,32798.776635417016,762.4717132215685,NY,NEW YORK,0.0707262,2319732.8360718307
1207,2045,33,12317.527224171028,308.88879163739875,NC,NORTH CAROLINA,0.0707262,871171.893962165
1208,2045,34,1119461.403564847,7177.259649114838,ND,NORTH DAKOTA,0.0707262,79175251.12080808
1209,2045,35,210290.22288405697,2452.4698109252586,OH,OHIO,0.0707262,14873028.361742392
1210,2045,36,320191.5192990374,969.9879758467044,OK,OKLAHOMA,0.0707262,22645929.43224758
1211,2045,37,3503.239176459964,7.877523725904908,OR,OREGON,0.0707262,247770.79464214272
1212,2045,38,194378.4163783926,3383.6041348291983,PA,PENNSYLVANIA,0.0707262,13747646.752461473
1213,2045,39,478.61031748562704,8.291341728570526,RI,RHODE ISLAND,0.0707262,33850.289036551956
1214,2045,40,0.0,0.0,SC,SOUTH CAROLINA,0.0707262,0.0
1215,2045,41,3708936.668283343,24844.62498703637,SD,SOUTH DAKOTA,0.0707262,262318996.5883414
1216,2045,42,82763.44894692341,685.8430842916418,TN,TENNESSEE,0.0707262,5853544.242909894
1217,2045,43,2672191.330294004,12070.58924502078,TX,TEXAS,0.0707262,188993938.46463978
1218,2045,44,0.0,0.0,UT,UTAH,0.0707262,0.0
1219,2045,45,0.0,0.0,VT,VERMONT,0.0707262,0.0
1220,2045,46,1619.797532999864,43.429348361857706,VA,VIRGINIA,0.0707262,114562.12427845497
1221,2045,47,118795.95141118702,648.8027311327075,WA,WASHINGTON,0.0707262,8401986.218697896
1222,2045,48,6511.8477061712,95.40689203859728,WV,WEST VIRGINIA,0.0707262,460558.24323620554
1223,2045,49,2916223.770934401,17408.646746496084,WI,WISCONSIN,0.0707262,206253425.66786066
1224,2045,50,51400.07295622554,873.0353046008386,WY,WYOMING,0.0707262,3635331.8399165985
1225,2046,0,388683.7952366808,2211.7627346957474,AL,ALABAMA,0.06951562,27019595.00983091
1226,2046,2,0.0,0.0,AZ,ARIZONA,0.06951562,0.0
1227,2046,3,378993.63011333055,1327.3071948791617,AR,ARKANSAS,0.06951562,26345977.173378844
1228,2046,4,18910.399224983725,277.9548684923543,CA,CALIFORNIA,0.06951562,1314568.1265722632
1229,2046,5,455343.8264313424,4397.229811736522,CO,COLORADO,0.06951562,31653508.407547157
1230,2046,6,0.0,0.0,CT,CONNECTICUT,0.06951562,0.0
1231,2046,7,19.52622811062715,18.46412016752827,DE,DELAWARE,0.06951562,1357.377853371675
1232,2046,8,0.0,0.0,DC,DISTRICT OF COLUMBIA,0.06951562,0.0
1233,2046,9,8989.18393997925,57.22373592318127,FL,FLORIDA,0.06951562,624888.6948817003
1234,2046,10,42256.64019797642,465.74459956914296,GA,GEORGIA,0.06951562,2937496.5424792534
1235,2046,12,14923.255629126012,644.2215138265791,ID,IDAHO,0.06951562,1037399.3674771849
1236,2046,13,11620266.071689092,44900.3017125285,IL,ILLINOIS,0.06951562,807790000.5384316
1237,2046,14,354427.2016136444,3914.996506089202,IN,INDIANA,0.06951562,24638226.665037494
1238,2046,15,26554169.284096748,54751.61057585884,IA,IOWA,0.06951562,1845929541.3689415
1239,2046,16,3198119.271125959,8157.048584987792,KS,KANSAS,0.06951562,222319243.96626917
1240,2046,17,1143274.2643458666,7466.449774640799,KY,KENTUCKY,0.06951562,79475419.31604682
1241,2046,18,1240058.7221453593,4194.592448928612,LA,LOUISIANA,0.06951562,86203450.90634239
1242,2046,19,0.0,0.0,ME,MAINE,0.06951562,0.0
1243,2046,20,1087.8064786343466,32.61114917638788,MD,MARYLAND,0.06951562,75619.54180228335
1244,2046,21,0.0,0.0,MA,MASSACHUSETTS,0.06951562,0.0
1245,2046,22,182738.56671197488,1687.96646641502,MI,MICHIGAN,0.06951562,12703184.762894295
1246,2046,23,9064215.734505558,31288.298870644583,MN,MINNESOTA,0.06951562,630104576.5979092
1247,2046,24,1403233.9541153917,5000.874656051868,MS,MISSISSIPPI,0.06951562,97546678.32538301
1248,2046,25,6597549.077022935,16762.903575863522,MO,MISSOURI,0.06951562,458632714.56967705
1249,2046,26,0.0,0.0,MT,MONTANA,0.06951562,0.0
1250,2046,27,7114191.508382135,22988.98937906876,NE,NEBRASKA,0.06951562,494547433.50391936
1251,2046,28,0.0,0.0,NV,NEVADA,0.06951562,0.0
1252,2046,29,0.0,0.0,NH,NEW HAMPSHIRE,0.06951562,0.0
1253,2046,30,0.0,0.0,NJ,NEW JERSEY,0.06951562,0.0
1254,2046,31,8.343999354708261,2.142862325160769,NM,NEW MEXICO,0.06951562,580.0382884221447
1255,2046,32,22618.43130120837,1283.949064409726,NY,NEW YORK,0.06951562,1572334.2753309065
1256,2046,33,21725.5838711807,809.6655011213606,NC,NORTH CAROLINA,0.06951562,1510267.4326671266
1257,2046,34,2932134.296410472,9273.591704175564,ND,NORTH DAKOTA,0.06951562,203829133.53823772
1258,2046,35,157379.43139598827,3232.005685709572,OH,OHIO,0.06951562,10940328.74873959
1259,2046,36,250256.48415849,955.82344341282,OK,OKLAHOMA,0.06951562,17396734.65529761
1260,2046,37,3439.96155416119,7.877435242896487,OR,OREGON,0.06951562,239131.06021367872
1261,2046,38,52488.0102805722,721.5936261181306,PA,PENNSYLVANIA,0.06951562,3648736.5772203505
1262,2046,39,0.0,0.0,RI,RHODE ISLAND,0.06951562,0.0
1263,2046,40,8422.71877825192,136.63802704013384,SC,SOUTH CAROLINA,0.06951562,585510.5179558247
1264,2046,41,12935634.42599383,31863.96134379073,SD,SOUTH DAKOTA,0.06951562,899228647.2163051
1265,2046,42,859569.8785094676,4873.470342566422,TN,TENNESSEE,0.06951562,59753533.03791032
1266,2046,43,3285091.371167335,15687.427897417076,TX,TEXAS,0.06951562,228365163.4233474
1267,2046,44,0.0,0.0,UT,UTAH,0.06951562,0.0
1268,2046,45,0.0,0.0,VT,VERMONT,0.06951562,0.0
1269,2046,46,7281.594592997791,121.74242752710867,VA,VIRGINIA,0.06951562,506184.56272088905
1270,2046,47,117980.9228322702,654.2150417628789,WA,WASHINGTON,0.06951562,8201516.998857418
1271,2046,48,2976.0336994563427,151.40659340003683,WV,WEST VIRGINIA,0.06951562,206880.8277586013
1272,2046,49,2611903.118007811,16071.95510285937,WI,WISCONSIN,0.06951562,181568064.62824613
1273,2046,50,71535.16346962162,1116.675256300896,WY,WYOMING,0.06951562,4972811.240392097
1274,2047,0,299416.5267798596,1867.769700480908,AL,ALABAMA,0.06830504,20451657.838359382
1275,2047,2,0.0,0.0,AZ,ARIZONA,0.06830504,0.0
1276,2047,3,86077.57171299127,678.6520089032349,AR,ARKANSAS,0.06830504,5879531.978958737
1277,2047,4,27819.810651790744,417.92476986731424,CA,CALIFORNIA,0.06830504,1900233.2793629926
1278,2047,5,260001.30334280987,3232.9131092957423,CO,COLORADO,0.06830504,17759399.424882762
1279,2047,6,2730.284074300337,74.4929309299426,CT,CONNECTICUT,0.06830504,186492.16290644748
1280,2047,7,1772.2912072202198,60.97453153432679,DE,DELAWARE,0.06830504,121056.4218008254
1281,2047,8,0.0,0.0,DC,DISTRICT OF COLUMBIA,0.06830504,0.0
1282,2047,9,11256.93069856249,50.39110776811201,FL,FLORIDA,0.06830504,768905.1016425388
1283,2047,10,294429.6617990859,1975.2128743654644,GA,GEORGIA,0.06830504,20111029.826373033
1284,2047,12,26813.912168499755,1190.031264491626,ID,IDAHO,0.06830504,1831525.3432258626
1285,2047,13,4773493.751498117,34949.7192333704,IL,ILLINOIS,0.06830504,326053681.635829
1286,2047,14,276361.709758186,3947.681931396241,IN,INDIANA,0.06830504,18876897.63950129
1287,2047,15,10376902.462696984,45021.31157357503,IA,IOWA,0.06830504,708794737.790616
1288,2047,16,1638467.8664535552,5772.1106777642,KS,KANSAS,0.06830504,111915613.15682474
1289,2047,17,659423.0474436211,5179.930757942054,KY,KENTUCKY,0.06830504,45041917.63255843
1290,2047,18,290028.330157025,2993.678455458623,LA,LOUISIANA,0.06830504,19810396.6925088
1291,2047,19,26.618544918830302,1.768592251503457,ME,MAINE,0.06830504,1818.1807754225006
1292,2047,20,4445.1076198901,108.34652253104932,MD,MARYLAND,0.06830504,303623.2537808981
1293,2047,21,2396.737966506937,49.81698338043138,MA,MASSACHUSETTS,0.06830504,163709.282671775
1294,2047,22,58951.33156026903,1092.5072327891369,MI,MICHIGAN,0.06830504,4026673.0602774383
1295,2047,23,6989479.155847939,27782.259810811804,MN,MINNESOTA,0.06830504,477416653.31935966
1296,2047,24,799103.3503326967,4099.091615848607,MS,MISSISSIPPI,0.06830504,54582786.30860886
1297,2047,25,2659327.631310936,13674.315242867027,MO,MISSOURI,0.06830504,181645480.22979873
1298,2047,26,0.0,0.0,MT,MONTANA,0.06830504,0.0
1299,2047,27,1902267.7356635584,15060.642827477272,NE,NEBRASKA,0.06830504,129934473.77520877
1300,2047,28,0.0,0.0,NV,NEVADA,0.06830504,0.0
1301,2047,29,58.01479644450479,4.820871651243841,NH,NEW HAMPSHIRE,0.06830504,3962.7029917337572
1302,2047,30,2839.0640918407084,59.57417557448972,NJ,NEW JERSEY,0.06830504,193922.38635574328
1303,2047,31,0.0,0.0,NM,NEW MEXICO,0.06830504,0.0
1304,2047,32,8671.893308645243,256.9603134860333,NY,NEW YORK,0.06830504,592334.0193227456
1305,2047,33,25697.519432105066,731.7488635893106,NC,NORTH CAROLINA,0.06830504,1755270.0927107136
1306,2047,34,532894.4829994706,5161.401681364232,ND,NORTH DAKOTA,0.06830504,36399378.97705815
1307,2047,35,89704.84800000388,1554.7931253411134,OH,OHIO,0.06830504,6127293.230834185
1308,2047,36,123729.6952236989,379.2811843058009,OK,OKLAHOMA,0.06830504,8451361.781442562
1309,2047,37,3277.904626178348,7.877435268208591,OR,OREGON,0.06830504,223897.4066072971
1310,2047,38,44050.312467268086,604.8226441027597,PA,PENNSYLVANIA,0.06830504,3008858.3550892454
1311,2047,39,411.8638958962858,7.89624323113003,RI,RHODE ISLAND,0.06830504,28132.379883751633
1312,2047,40,120266.8911713265,1068.562216095834,SC,SOUTH CAROLINA,0.06830504,8214834.812133104
1313,2047,41,3780200.2394621866,24223.311069217805,SD,SOUTH DAKOTA,0.06830504,258206728.56447423
1314,2047,42,743982.0709720692,3876.547691837567,TN,TENNESSEE,0.06830504,50817725.11703002
1315,2047,43,268921.7588333098,1281.7648247220757,TX,TEXAS,0.06830504,18368711.49397958
1316,2047,44,5.643220549150551,1.0738929152271253,UT,UTAH,0.06830504,385.46040533855034
1317,2047,45,177.78902715062094,12.513881298599088,VT,VERMONT,0.06830504,12143.886611084248
1318,2047,46,7235.289509922353,141.4599695167514,VA,VIRGINIA,0.06830504,494206.73938682675
1319,2047,47,129000.2034378958,661.7801710618402,WA,WASHINGTON,0.06830504,8811364.05583361
1320,2047,48,623.1699246756658,17.39883216108933,WV,WEST VIRGINIA,0.06830504,42565.64663176834
1321,2047,49,3855033.1596916537,18302.47853048536,WI,WISCONSIN,0.06830504,263318194.1740648
1322,2047,50,69387.05752308233,1191.148951757286,WY,WYOMING,0.06830504,4739485.7395964395
1323,2048,0,234492.53762793372,1487.3370883813282,AL,ALABAMA,0.06709446,15733150.186175892
1324,2048,2,0.0,0.0,AZ,ARIZONA,0.06709446,0.0
1325,2048,3,332972.5068254764,1222.678159118114,AR,ARKANSAS,0.06709446,22340610.54030165
1326,2048,4,24427.239373772365,361.6849045529245,CA,CALIFORNIA,0.06709446,1638932.4350739948
1327,2048,5,280081.2545748795,4021.137693067391,CO,COLORADO,0.06709446,18791900.531824067
1328,2048,6,2746.522414325744,49.64488462871887,CT,CONNECTICUT,0.06709446,184276.43826708206
1329,2048,7,0.0,0.0,DE,DELAWARE,0.06709446,0.0
1330,2048,8,0.0,0.0,DC,DISTRICT OF COLUMBIA,0.06709446,0.0
1331,2048,9,7463.559007435022,48.02682109185649,FL,FLORIDA,0.06709446,500763.46128198877
1332,2048,10,248263.1040324004,1344.377368534016,GA,GEORGIA,0.06709446,16657078.902977725
1333,2048,12,19206.74160437068,866.0525392774817,ID,IDAHO,0.06709446,1288665.9563047844
1334,2048,13,3447765.228945781,24358.064802573143,IL,ILLINOIS,0.06709446,231325946.24289355
1335,2048,14,255410.077408586,3804.419342448688,IN,INDIANA,0.06709446,17136601.222287275
1336,2048,15,3741898.593124999,30750.230330735256,IA,IOWA,0.06709446,251060665.4804815
1337,2048,16,1416582.004852413,4430.313162256598,KS,KANSAS,0.06709446,95044804.66129002
1338,2048,17,276942.4661085383,3744.066925620156,KY,KENTUCKY,0.06709446,18581305.21462068
1339,2048,18,1167309.9213566878,3983.180183790887,LA,LOUISIANA,0.06709446,78320028.82606943
1340,2048,19,26.62857182974744,2.330368887000935,ME,MAINE,0.06709446,1786.6296474881165
1341,2048,20,365.5198672214749,23.09280799909443,MD,MARYLAND,0.06709446,24524.358110496556
1342,2048,21,1265.69671120803,29.68344318129762,MA,MASSACHUSETTS,0.06709446,84921.23736227871
1343,2048,22,17578.05548402571,280.5938806922714,MI,MICHIGAN,0.06709446,1179390.1405507436
1344,2048,23,350017.564467096,2528.8868915284133,MN,MINNESOTA,0.06709446,23484239.478434995
1345,2048,24,886163.258499705,3563.735409432005,MS,MISSISSIPPI,0.06709446,59456645.30087811
1346,2048,25,997958.203964345,9130.826037793677,MO,MISSOURI,0.06709446,66957466.797557585
1347,2048,26,0.0,0.0,MT,MONTANA,0.06709446,0.0
1348,2048,27,2268052.207494555,18268.856657115408,NE,NEBRASKA,0.06709446,152173738.11365512
1349,2048,28,0.0,0.0,NV,NEVADA,0.06709446,0.0
1350,2048,29,0.0,0.0,NH,NEW HAMPSHIRE,0.06709446,0.0
1351,2048,30,0.0,0.0,NJ,NEW JERSEY,0.06709446,0.0
1352,2048,31,0.0,0.0,NM,NEW MEXICO,0.06709446,0.0
1353,2048,32,1868.3419285848,53.92037276990196,NY,NEW YORK,0.06709446,125355.3927937557
1354,2048,33,54500.39444954741,1569.8068828168548,NC,NORTH CAROLINA,0.06709446,3656674.5353793805
1355,2048,34,1201864.303252322,7598.443559497453,ND,NORTH DAKOTA,0.06709446,80638436.41999078
1356,2048,35,6355.60978890002,242.9253935665244,OH,OHIO,0.06709446,426426.20675696083
1357,2048,36,261327.7152859128,904.0343853219258,OK,OKLAHOMA,0.06709446,17533641.94014206
1358,2048,37,3295.9525024920213,7.55408592867128,OR,OREGON,0.06709446,221140.1533403508
1359,2048,38,6411.121583015849,128.5480208394332,PA,PENNSYLVANIA,0.06709446,430150.7406067935
1360,2048,39,165.43571194849088,4.535890325097408,RI,RHODE ISLAND,0.06709446,11099.819757899542
1361,2048,40,29315.323838797565,382.6668866528194,SC,SOUTH CAROLINA,0.06709446,1966895.8226892496
1362,2048,41,5432682.1101978,25266.633215106547,SD,SOUTH DAKOTA,0.06709446,364502872.5353819
1363,2048,42,575713.1831964792,3479.2378025482603,TN,TENNESSEE,0.06709446,38627165.14144884
1364,2048,43,2869800.289612882,14157.449247851217,TX,TEXAS,0.06709446,192547700.73941988
1365,2048,44,0.0,0.0,UT,UTAH,0.06709446,0.0
1366,2048,45,213.91622799421464,12.734911000946472,VT,VERMONT,0.06709446,14352.593802508713
1367,2048,46,8276.368566847243,145.14421421578402,VA,VIRGINIA,0.06709446,555298.4797535896
1368,2048,47,111158.44118789984,604.7399588358344,WA,WASHINGTON,0.06709446,7458115.585943898
1369,2048,48,151.45022498480978,4.19552444739831,WV,WEST VIRGINIA,0.06709446,10161.47106223432
1370,2048,49,45553.77967944084,297.6059504356387,WI,WISCONSIN,0.06709446,3056406.2485510563
1371,2048,50,31365.41783038669,951.8507307958322,WY,WYOMING,0.06709446,2104445.7720041666
1372,2049,0,11062.565955636192,83.39917268033642,AL,ALABAMA,0.06588388,728844.7679132202
1373,2049,2,0.0,0.0,AZ,ARIZONA,0.06588388,0.0
1374,2049,3,208089.0509520553,798.2351927140701,AR,ARKANSAS,0.06588388,13709714.062239097
1375,2049,4,15721.504886759049,238.7501947380588,CA,CALIFORNIA,0.06588388,1035793.7413786468
1376,2049,5,251208.7154406969,2821.241514951177,CO,COLORADO,0.06588388,16550604.863049023
1377,2049,6,0.0,0.0,CT,CONNECTICUT,0.06588388,0.0
1378,2049,7,356.7533024871969,22.77229530172504,DE,DELAWARE,0.06588388,23504.29177067018
1379,2049,8,0.0,0.0,DC,DISTRICT OF COLUMBIA,0.06588388,0.0
1380,2049,9,0.0,0.0,FL,FLORIDA,0.06588388,0.0
1381,2049,10,7488.253447436611,49.67085273378164,GA,GEORGIA,0.06588388,493355.19154050003
1382,2049,12,16606.343469995943,720.3121547265375,ID,IDAHO,0.06588388,1094090.3404159965
1383,2049,13,1949708.3430375413,16659.440714080407,IL,ILLINOIS,0.06588388,128454350.5076842
1384,2049,14,155541.20396923058,3101.842327376197,IN,INDIANA,0.06588388,10247658.017364314
1385,2049,15,3270202.152569969,24701.48588699843,IA,IOWA,0.06588388,215453606.19566157
1386,2049,16,2093477.319791369,7396.900048817442,KS,KANSAS,0.06588388,137926408.51985618
1387,2049,17,40754.131082734224,502.5185567525326,KY,KENTUCKY,0.06588388,2685040.281759132
1388,2049,18,1104932.7998290742,3694.881943927922,LA,LOUISIANA,0.06588388,72797259.99200274
1389,2049,19,129.38273903242657,2.0331410339561864,ME,MAINE,0.06588388,8524.23685248371
1390,2049,20,2142.7213216211057,54.11161896123559,MD,MARYLAND,0.06588388,141170.79442712633
1391,2049,21,0.0,0.0,MA,MASSACHUSETTS,0.06588388,0.0
1392,2049,22,14602.538672849478,142.65099919065275,MI,MICHIGAN,0.06588388,962071.9056173743
1393,2049,23,876214.6178400872,8814.638043104775,MN,MINNESOTA,0.06588388,57728418.73602217
1394,2049,24,658553.3055669824,2378.195857358804,MS,MISSISSIPPI,0.06588388,43388046.957578406
1395,2049,25,2074101.6031764909,13304.098301049513,MO,MISSOURI,0.06588388,136649861.13148755
1396,2049,26,0.0,0.0,MT,MONTANA,0.06588388,0.0
1397,2049,27,1327449.0872177484,11127.158539826763,NE,NEBRASKA,0.06588388,87457496.36836368
1398,2049,28,0.0,0.0,NV,NEVADA,0.06588388,0.0
1399,2049,29,0.0,0.0,NH,NEW HAMPSHIRE,0.06588388,0.0
1400,2049,30,853.384953772831,49.77538577432047,NJ,NEW JERSEY,0.06588388,56224.31188817475
1401,2049,31,0.0,0.0,NM,NEW MEXICO,0.06588388,0.0
1402,2049,32,0.0,0.0,NY,NEW YORK,0.06588388,0.0
1403,2049,33,72.152317005656,9.29903723705702,NC,NORTH CAROLINA,0.06588388,4753.6745953226
1404,2049,34,68237.06375557622,417.4141949947528,ND,NORTH DAKOTA,0.06588388,4495722.520024734
1405,2049,35,16565.623780008686,548.4072453864361,OH,OHIO,0.06588388,1091407.5692472386
1406,2049,36,205288.41391971143,729.4300827718828,OK,OKLAHOMA,0.06588388,13525197.2280766
1407,2049,37,3324.499001069572,7.500372926137119,OR,OREGON,0.06588388,219030.89324658757
1408,2049,38,17308.108274544455,493.5381413054539,PA,PENNSYLVANIA,0.06588388,1140325.328587094
1409,2049,39,0.0,0.0,RI,RHODE ISLAND,0.06588388,0.0
1410,2049,40,0.0,0.0,SC,SOUTH CAROLINA,0.06588388,0.0
1411,2049,41,3362637.209035303,20595.00935759129,SD,SOUTH DAKOTA,0.06588388,221543586.36361685
1412,2049,42,168312.87310949364,1146.2194504837398,TN,TENNESSEE,0.06588388,11089105.134401107
1413,2049,43,2800989.0322505613,13372.298809647182,TX,TEXAS,0.06588388,184540025.28211212
1414,2049,44,0.0,0.0,UT,UTAH,0.06588388,0.0
1415,2049,45,177.1195534096738,5.748551478692956,VT,VERMONT,0.06588388,11669.323402496542
1416,2049,46,4320.859229479441,114.664368035812,VA,VIRGINIA,0.06588388,284674.97097191593
1417,2049,47,128419.42569655152,632.1325418704455,WA,WASHINGTON,0.06588388,8460770.032260517
1418,2049,48,4053.7499421873217,101.75796156664236,WV,WEST VIRGINIA,0.06588388,267076.77474107646
1419,2049,49,61719.91405054272,538.8940175449275,WI,WISCONSIN,0.06588388,4066347.4109162707
1420,2049,50,55328.539543777006,1129.2108647429288,WY,WYOMING,0.06588388,3645258.8598774592
1421,2050,0,20663.88092297029,396.6161181298455,AL,ALABAMA,0.0646733,1336401.3700955343
1422,2050,2,0.0,0.0,AZ,ARIZONA,0.0646733,0.0
1423,2050,3,232523.8629789304,1048.392983324386,AR,ARKANSAS,0.0646733,15038085.54759526
1424,2050,4,10718.52802219017,166.30666748650208,CA,CALIFORNIA,0.0646733,693202.5783375116
1425,2050,5,228366.291716762,2827.1594312349544,CO,COLORADO,0.0646733,14769201.694085665
1426,2050,6,4868.788168460763,72.45027463626931,CT,CONNECTICUT,0.0646733,314880.5978553135
1427,2050,7,23470.95410191336,472.3512958625027,DE,DELAWARE,0.0646733,1517944.0559192735
1428,2050,8,0.0,0.0,DC,DISTRICT OF COLUMBIA,0.0646733,0.0
1429,2050,9,644.9968963814615,10.675872586146614,FL,FLORIDA,0.0646733,41714.077778747174
1430,2050,10,17829.874858783907,235.08642809525875,GA,GEORGIA,0.0646733,1153116.8457045893
1431,2050,12,19369.048549825384,836.11867805447,ID,IDAHO,0.0646733,1252660.287577422
1432,2050,13,2743975.7279314324,19278.976735556967,IL,ILLINOIS,0.0646733,177461965.4452279
1433,2050,14,334299.538740405,5785.94697597702,IN,INDIANA,0.0646733,21620254.35881984
1434,2050,15,2890.634101414254,75.6984750951287,IA,IOWA,0.0646733,186946.84643099448
1435,2050,16,900572.7047073881,3721.5059244772096,KS,KANSAS,0.0646733,58243008.703352325
1436,2050,17,245435.2717978188,4202.585400786155,KY,KENTUCKY,0.0646733,15873108.963561876
1437,2050,18,836387.6210176535,3674.12736944629,LA,LOUISIANA,0.0646733,54091947.53036101
1438,2050,19,46.63167763639317,1.029924041291292,ME,MAINE,0.0646733,3015.8244772817466
1439,2050,20,54739.00282622505,681.188276680655,MD,MARYLAND,0.0646733,3540151.951481301
1440,2050,21,1830.8120667315247,36.19479514826176,MA,MASSACHUSETTS,0.0646733,118404.65803534792
1441,2050,22,21618.90618713404,444.0796810663293,MI,MICHIGAN,0.0646733,1398166.0055123759
1442,2050,23,432367.5652666952,2341.0925108462206,MN,MINNESOTA,0.0646733,27962637.25876256
1443,2050,24,327880.8134400733,2023.5384044347009,MS,MISSISSIPPI,0.0646733,21205134.21185389
1444,2050,25,667301.0266705028,6579.931511272449,MO,MISSOURI,0.0646733,43156559.48816944
1445,2050,26,0.0,0.0,MT,MONTANA,0.0646733,0.0
1446,2050,27,992098.024719717,10111.762802001867,NE,NEBRASKA,0.0646733,64162253.182105675
1447,2050,28,0.0,0.0,NV,NEVADA,0.0646733,0.0
1448,2050,29,0.0,0.0,NH,NEW HAMPSHIRE,0.0646733,0.0
1449,2050,30,6649.4581966719015,195.82678297719528,NJ,NEW JERSEY,0.0646733,430042.4047908209
1450,2050,31,0.0,0.0,NM,NEW MEXICO,0.0646733,0.0
1451,2050,32,6929.601365454915,201.40952906159333,NY,NEW YORK,0.0646733,448160.1879884754
1452,2050,33,125207.63241425969,1993.9557769939952,NC,NORTH CAROLINA,0.0646733,8097590.773417141
1453,2050,34,191495.85695431105,1541.2019967107287,ND,NORTH DAKOTA,0.0646733,12384669.005563244
1454,2050,35,63473.15154731238,1806.8737929147724,OH,OHIO,0.0646733,4105018.1719647977
1455,2050,36,230574.4683432116,928.97540285496,OK,OKLAHOMA,0.0646733,14912011.763501028
1456,2050,37,3008.103562646054,7.460027671913096,OR,OREGON,0.0646733,194543.98413807704
1457,2050,38,90912.45906368124,1360.5926597612624,PA,PENNSYLVANIA,0.0646733,5879608.738763176
1458,2050,39,413.56351871899136,4.535932179236514,RI,RHODE ISLAND,0.0646733,26746.517515168947
1459,2050,40,64514.35248294051,498.8972697702259,SC,SOUTH CAROLINA,0.0646733,4172356.0724349567
1460,2050,41,1361487.8056168123,12419.17095088214,SD,SOUTH DAKOTA,0.0646733,88051909.29899779
1461,2050,42,266067.9464276911,2567.676587777816,TN,TENNESSEE,0.0646733,17207492.119701996
1462,2050,43,754373.4690912026,4920.193563989703,TX,TEXAS,0.0646733,48787821.678576075
1463,2050,44,5.643220136550324,1.073892836710176,UT,UTAH,0.0646733,364.9656688571601
1464,2050,45,229.4700938867408,11.294578740087626,VT,VERMONT,0.0646733,14840.588222965356
1465,2050,46,28076.751848345204,446.3522996887452,VA,VIRGINIA,0.0646733,1815816.195313584
1466,2050,47,74936.81660386754,527.2104520296182,WA,WASHINGTON,0.0646733,4846411.221266907
1467,2050,48,8436.33478890603,141.61151330054628,WV,WEST VIRGINIA,0.0646733,545605.6107033564
1468,2050,49,31325.31441028131,444.40411666606377,WI,WISCONSIN,0.0646733,2025911.4564504463
1469,2050,50,53920.84657127861,971.5736333721986,WY,WYOMING,0.0646733,3487239.086558273
1470,2051,0,268767.92768551246,1276.800662338665,AL,ALABAMA,0.06581654,17689375.06323064
1471,2051,2,0.0,0.0,AZ,ARIZONA,0.06581654,0.0
1472,2051,3,309711.1839188824,1258.6716747538287,AR,ARKANSAS,0.06581654,20384118.52484448
1473,2051,4,8338.167803474531,121.90986595962572,CA,CALIFORNIA,0.06581654,548789.3547640936
1474,2051,5,336848.1130039172,3542.615431950557,CO,COLORADO,0.06581654,22170177.30344684
1475,2051,6,199.13869562299683,7.560109053292806,CT,CONNECTICUT,0.06581654,13106.619926018797
1476,2051,7,1117.0933321728849,103.80111139229092,DE,DELAWARE,0.06581654,73523.21798068997
1477,2051,8,0.0,0.0,DC,DISTRICT OF COLUMBIA,0.06581654,0.0
1478,2051,9,12838.461003277404,53.03225944016448,FL,FLORIDA,0.06581654,844983.0821606475
1479,2051,10,345005.2106674961,1600.6601914953362,GA,GEORGIA,0.06581654,22707049.248105686
1480,2051,12,16115.006142734708,698.7668529298817,ID,IDAHO,0.06581654,1060633.9463935448
1481,2051,13,11503406.547808783,42058.73044841016,IL,ILLINOIS,0.06581654,757114417.1901187
1482,2051,14,2155168.9336953177,15838.245137629405,IN,INDIANA,0.06581654,141845762.33131525
1483,2051,15,9887584.26515644,44679.69772782813,IA,IOWA,0.06581654,650766585.2910396
1484,2051,16,2375857.638445288,7661.096163443606,KS,KANSAS,0.06581654,156370729.29503983
1485,2051,17,576117.4396935162,5488.7982080384245,KY,KENTUCKY,0.06581654,37918056.51428591
1486,2051,18,1403709.554353132,3986.306912953012,LA,LOUISIANA,0.06581654,92387306.0324651
1487,2051,19,0.0,0.0,ME,MAINE,0.06581654,0.0
1488,2051,20,3959.056194545269,63.70209121317373,MD,MARYLAND,0.06581654,260571.3803905365
1489,2051,21,42.40029249776709,0.9089479630441132,MA,MASSACHUSETTS,0.06581654,2790.640547190988
1490,2051,22,118432.8537533421,1515.999437525776,MI,MICHIGAN,0.06581654,7794840.656370992
1491,2051,23,581671.0574004136,5053.381639753786,MN,MINNESOTA,0.06581654,38283576.41623662
1492,2051,24,961485.5417245209,2700.175736033834,MS,MISSISSIPPI,0.06581654,63281651.6163336
1493,2051,25,3853945.243311653,17515.474320466823,MO,MISSOURI,0.06581654,253653341.26423118
1494,2051,26,0.0,0.0,MT,MONTANA,0.06581654,0.0
1495,2051,27,3872676.063591514,24642.319529883745,NE,NEBRASKA,0.06581654,254886139.04641342
1496,2051,28,0.0,0.0,NV,NEVADA,0.06581654,0.0
1497,2051,29,0.0,0.0,NH,NEW HAMPSHIRE,0.06581654,0.0
1498,2051,30,472.60202319167706,12.012037882627329,NJ,NEW JERSEY,0.06581654,31105.029963475943
1499,2051,31,0.0,0.0,NM,NEW MEXICO,0.06581654,0.0
1500,2051,32,2792.7718600840662,60.72700334979199,NY,NEW YORK,0.06581654,183810.58084009736
1501,2051,33,554731.8831505692,3439.283226857015,NC,NORTH CAROLINA,0.06581654,36510533.17665477
1502,2051,34,49404.08814227022,266.0683834297802,ND,NORTH DAKOTA,0.06581654,3251606.1433792543
1503,2051,35,465054.7597739796,4528.911042091732,OH,OHIO,0.06581654,30608295.19885452
1504,2051,36,251330.3681532966,960.1335278210686,OK,OKLAHOMA,0.06581654,16541695.228776174
1505,2051,37,2933.420796367862,7.6214065160798175,OR,OREGON,0.06581654,193067.60718097724
1506,2051,38,10944.373922924797,146.78520653270323,PA,PENNSYLVANIA,0.06581654,720320.8240731368
1507,2051,39,306.2435808291576,3.5992523377868886,RI,RHODE ISLAND,0.06581654,20155.892887385486
1508,2051,40,226998.74496469315,1404.6740153963974,SC,SOUTH CAROLINA,0.06581654,14940271.977918528
1509,2051,41,2506705.3723754543,11966.343494770246,SD,SOUTH DAKOTA,0.06581654,164982674.409164
1510,2051,42,592469.0155147542,3504.2340912144587,TN,TENNESSEE,0.06581654,38994260.658387445
1511,2051,43,2899928.966320188,14552.817152201438,TX,TEXAS,0.06581654,190863290.8089713
1512,2051,44,0.0,0.0,UT,UTAH,0.06581654,0.0
1513,2051,45,0.0,0.0,VT,VERMONT,0.06581654,0.0
1514,2051,46,88285.37633513263,545.7997869973952,VA,VIRGINIA,0.06581654,5810638.00297631
1515,2051,47,69624.75125605402,520.9541315639,WA,WASHINGTON,0.06581654,4582460.22603413
1516,2051,48,1260.832294260092,47.994254059615926,WV,WEST VIRGINIA,0.06581654,82983.61912846113
1517,2051,49,254282.427934904,4105.152739646093,WI,WISCONSIN,0.06581654,16735989.589474728
1518,2051,50,116140.3959187454,1824.908844539542,WY,WYOMING,0.06581654,7643959.013601944
1519,2052,0,125660.85705260187,944.214150037883,AL,ALABAMA,0.06695978,8414223.34285367
1520,2052,2,0.0,0.0,AZ,ARIZONA,0.06695978,0.0
1521,2052,3,417190.8861224258,1336.1012112410808,AR,ARKANSAS,0.06695978,27935009.952762682
1522,2052,4,17210.36127653758,260.3808069720453,CA,CALIFORNIA,0.06695978,1152402.0047974754
1523,2052,5,544289.495393394,5286.194404671146,CO,COLORADO,0.06695978,36445504.86785267
1524,2052,6,143.39565605790096,20.51662794100169,CT,CONNECTICUT,0.06695978,9601.741582592715
1525,2052,7,7174.045573355868,221.5652438904516,DE,DELAWARE,0.06695978,480372.5133018828
1526,2052,8,0.0,0.0,DC,DISTRICT OF COLUMBIA,0.06695978,0.0
1527,2052,9,0.0,0.0,FL,FLORIDA,0.06695978,0.0
1528,2052,10,6954.328941413057,135.3082340350366,GA,GEORGIA,0.06695978,465660.33596465114
1529,2052,12,23098.22083506892,1061.7106440540113,ID,IDAHO,0.06695978,1546651.7855076313
1530,2052,13,20284964.940605126,45668.12621274551,IL,ILLINOIS,0.06695978,1358276789.7306323
1531,2052,14,3238154.353798438,17708.43520752909,IN,INDIANA,0.06695978,216826103.13638556
1532,2052,15,24297177.383846164,55564.57799091413,IA,IOWA,0.06695978,1626933652.2433147
1533,2052,16,2909126.4479005253,7476.979823204402,KS,KANSAS,0.06695978,194794466.94360062
1534,2052,17,962366.2381742956,6190.997153288256,KY,KENTUCKY,0.06695978,64439831.58757844
1535,2052,18,829675.4336045858,2988.177922313792,LA,LOUISIANA,0.06695978,55554884.50556767
1536,2052,19,31.626781830781383,0.5884692258032438,ME,MAINE,0.06695978,2117.7223534971185
1537,2052,20,40693.653903605766,683.2068555244252,MD,MARYLAND,0.06695978,2724838.1127815833
1538,2052,21,754.1819370032126,14.722722585044108,MA,MASSACHUSETTS,0.06695978,50499.85658170898
1539,2052,22,473167.3929439565,3602.838259553529,MI,MICHIGAN,0.06695978,31683184.534700878
1540,2052,23,5583624.351012534,31024.99566711574,MN,MINNESOTA,0.06695978,373878258.14644206
1541,2052,24,500655.6872647591,2268.070138313958,MS,MISSISSIPPI,0.06695978,33523794.674997065
1542,2052,25,7543772.833608127,18848.95508973743,MO,MISSOURI,0.06695978,505129369.3083768
1543,2052,26,0.0,0.0,MT,MONTANA,0.06695978,0.0
1544,2052,27,7866252.239367186,28057.397079388986,NE,NEBRASKA,0.06695978,526722519.3725341
1545,2052,28,0.0,0.0,NV,NEVADA,0.06695978,0.0
1546,2052,29,0.0,0.0,NH,NEW HAMPSHIRE,0.06695978,0.0
1547,2052,30,3393.318709305629,95.30091721875964,NJ,NEW JERSEY,0.06695978,227215.87424498887
1548,2052,31,0.0,0.0,NM,NEW MEXICO,0.06695978,0.0
1549,2052,32,11971.374072537865,376.5141027132662,NY,NEW YORK,0.06695978,801600.5741948395
1550,2052,33,86687.85537491825,1623.759236453235,NC,NORTH CAROLINA,0.06695978,5804599.724576344
1551,2052,34,1011947.3595669108,6633.801385598905,ND,NORTH DAKOTA,0.06695978,67759772.56818123
1552,2052,35,401564.50221942726,5139.698026566377,OH,OHIO,0.06695978,26888670.72442236
1553,2052,36,229800.2153563239,863.7079036460768,OK,OKLAHOMA,0.06695978,15387371.86421207
1554,2052,37,4239.360572097599,10.36917753518296,OR,OREGON,0.06695978,283866.6512483294
1555,2052,38,31573.947950104663,830.9078839166567,PA,PENNSYLVANIA,0.06695978,2114184.608470459
1556,2052,39,249.5239932896097,3.599972293862879,RI,RHODE ISLAND,0.06695978,16708.07169539374
1557,2052,40,65357.565693983415,1162.0940655774334,SC,SOUTH CAROLINA,0.06695978,4376328.2202046765
1558,2052,41,10105105.680792078,30841.33032799261,SD,SOUTH DAKOTA,0.06695978,676635653.2625878
1559,2052,42,720428.5361869324,3374.0472699972183,TN,TENNESSEE,0.06695978,48239736.288799025
1560,2052,43,1740551.4908669852,9934.38085097849,TX,TEXAS,0.06695978,116546944.90712532
1561,2052,44,5.643784232166491,1.0740001829108847,UT,UTAH,0.06695978,377.90655055333707
1562,2052,45,328.1389402829889,17.060853778610504,VT,VERMONT,0.06695978,21972.111250782076
1563,2052,46,34146.331213178615,491.2075014993542,VA,VIRGINIA,0.06695978,2286430.825841573
1564,2052,47,65352.13054458202,420.7788952367523,WA,WASHINGTON,0.06695978,4375964.283796492
1565,2052,48,4526.567988113205,144.9882454776216,WV,WEST VIRGINIA,0.06695978,303097.9966391028
1566,2052,49,4264787.127364758,19179.48825487784,WI,WISCONSIN,0.06695978,285569207.7951762
1567,2052,50,124117.11148712458,2187.247798510413,WY,WYOMING,0.06695978,8310854.479413334
1568,2053,0,5.2185674801378585,1.1235595098740072,AL,ALABAMA,0.06810302,355.40020547117814
1569,2053,2,0.0,0.0,AZ,ARIZONA,0.06810302,0.0
1570,2053,3,169252.59747302724,831.1828981058127,AR,ARKANSAS,0.06810302,11526613.030757522
1571,2053,4,27807.366060063898,414.6371527704248,CA,CALIFORNIA,0.06810302,1893765.606935853
1572,2053,5,569809.3472496503,5258.819590224073,CO,COLORADO,0.06810302,38805737.37192988
1573,2053,6,88.98123850665658,22.93807987171933,CT,CONNECTICUT,0.06810302,6059.891065643603
1574,2053,7,856.64098233196,34.12665394393441,DE,DELAWARE,0.06810302,58339.83795257312
1575,2053,8,0.0,0.0,DC,DISTRICT OF COLUMBIA,0.06810302,0.0
1576,2053,9,0.0,0.0,FL,FLORIDA,0.06810302,0.0
1577,2053,10,0.0,0.0,GA,GEORGIA,0.06810302,0.0
1578,2053,12,28322.571093616087,1257.0599959144688,ID,IDAHO,0.06810302,1928852.6256399583
1579,2053,13,1477713.47394133,19958.789806527588,IL,ILLINOIS,0.06810302,100636750.27009588
1580,2053,14,367453.121100372,5041.641993699088,IN,INDIANA,0.06810302,25024667.255361058
1581,2053,15,8171754.694993475,33471.14069177849,IA,IOWA,0.06810302,556521173.4282346
1582,2053,16,1778078.7653894862,5858.127885084688,KS,KANSAS,0.06810302,121092533.7208955
1583,2053,17,97751.57542924832,1961.561933698632,KY,KENTUCKY,0.06810302,6657177.496489607
1584,2053,18,437849.4142674487,2313.4219934543216,LA,LOUISIANA,0.06810302,29818867.416844346
1585,2053,19,0.0,0.0,ME,MAINE,0.06810302,0.0
1586,2053,20,2319.8685905585858,53.57406474342467,MD,MARYLAND,0.06810302,157990.0570201832
1587,2053,21,27.318926377754245,1.6494341397594297,MA,MASSACHUSETTS,0.06810302,1860.5013894827248
1588,2053,22,30287.04176185849,507.0315040618256,MI,MICHIGAN,0.06810302,2062639.010848684
1589,2053,23,2830691.1413241955,18884.693614366723,MN,MINNESOTA,0.06810302,192778615.41142452
1590,2053,24,165341.12448542897,1185.275873865385,MS,MISSISSIPPI,0.06810302,11260229.907653658
1591,2053,25,812073.809550061,6862.177378112062,MO,MISSOURI,0.06810302,55304678.893263996
1592,2053,26,0.0,0.0,MT,MONTANA,0.06810302,0.0
1593,2053,27,7461433.716474332,27467.23622366332,NE,NEBRASKA,0.06810302,508146169.62172574
1594,2053,28,0.0,0.0,NV,NEVADA,0.06810302,0.0
1595,2053,29,0.0,0.0,NH,NEW HAMPSHIRE,0.06810302,0.0
1596,2053,30,894.31952427428,27.292858314243908,NJ,NEW JERSEY,0.06810302,60905.86044804177
1597,2053,31,0.0,0.0,NM,NEW MEXICO,0.06810302,0.0
1598,2053,32,802.99699144483,13.13721211286205,NY,NEW YORK,0.06810302,54686.520168307085
1599,2053,33,4165.411839975868,267.9839993784269,NC,NORTH CAROLINA,0.06810302,283677.12584611337
1600,2053,34,481332.3531943041,3690.433192449813,ND,NORTH DAKOTA,0.06810302,32780186.876238756
1601,2053,35,12186.687900081804,692.7833480978858,OH,OHIO,0.06810302,829950.2497930292
1602,2053,36,178213.98663261105,655.5782799441342,OK,OKLAHOMA,0.06810302,12136910.695920441
1603,2053,37,7041.656090027909,15.150626130768435,OR,OREGON,0.06810302,479558.04553229245
1604,2053,38,2682.5884095461315,57.859000853134845,PA,PENNSYLVANIA,0.06810302,182692.3721070884
1605,2053,39,238.0466051419168,3.5996123842478744,RI,RHODE ISLAND,0.06810302,16211.692710912062
1606,2053,40,0.0,0.0,SC,SOUTH CAROLINA,0.06810302,0.0
1607,2053,41,9590720.25472823,30270.752849552428,SD,SOUTH DAKOTA,0.06810302,653157013.3221617
1608,2053,42,90746.62678282108,1181.4543334634232,TN,TENNESSEE,0.06810302,6180119.338723
1609,2053,43,2696307.575584973,13782.332578487556,TX,TEXAS,0.06810302,183626688.74621496
1610,2053,44,0.0,0.0,UT,UTAH,0.06810302,0.0
1611,2053,45,27.64029512679666,2.492327614455486,VT,VERMONT,0.06810302,1882.3875718261354
1612,2053,46,152.69007696338895,4.764156430316967,VA,VIRGINIA,0.06810302,10398.655365239216
1613,2053,47,106727.3189711945,645.5411854383826,WA,WASHINGTON,0.06810302,7268452.738441639
1614,2053,48,507.2691841478056,12.99608399532828,WV,WEST VIRGINIA,0.06810302,34546.56339340169
1615,2053,49,881010.4435514229,6943.076428486833,WI,WISCONSIN,0.06810302,59999471.85739143
1616,2053,50,142114.92724161624,2167.38003973842,WY,WYOMING,0.06810302,9678455.732234336
1617,2054,0,6188.521563734575,41.21899779701975,AL,ALABAMA,0.0692462599999999,428531.97321797034
1618,2054,2,0.0,0.0,AZ,ARIZONA,0.0692462599999999,0.0
1619,2054,3,60577.80040819251,488.20494170806336,AR,ARKANSAS,0.0692462599999999,4194786.117293799
1620,2054,4,21947.795307787263,321.85148402327115,CA,CALIFORNIA,0.0692462599999999,1519802.7403098147
1621,2054,5,269565.75889801263,3378.836986581973,CO,COLORADO,0.0692462599999999,18666420.62774907
1622,2054,6,167.7299805947424,2.2849313626028027,CT,CONNECTICUT,0.0692462599999999,11614.67384605847
1623,2054,7,174.67089933660327,11.397186061407757,DE,DELAWARE,0.0692462599999999,12095.306509896242
1624,2054,8,0.0,0.0,DC,DISTRICT OF COLUMBIA,0.0692462599999999,0.0
1625,2054,9,0.0,0.0,FL,FLORIDA,0.0692462599999999,0.0
1626,2054,10,34777.674212815626,326.99068029792926,GA,GEORGIA,0.0692462599999999,2408223.870735923
1627,2054,12,31726.244575561926,1405.4114138862008,ID,IDAHO,0.0692462599999999,2196923.7807029476
1628,2054,13,3135817.152582717,31400.651291245515,IL,ILLINOIS,0.0692462599999999,217143609.8602022
1629,2054,14,132338.77453926063,2121.869972873027,IN,INDIANA,0.0692462599999999,9163965.18982701
1630,2054,15,8112672.711875391,37372.09270201574,IA,IOWA,0.0692462599999999,561772243.9014276
1631,2054,16,1854285.328961118,6198.443943986973,KS,KANSAS,0.0692462599999999,128402324.00342694
1632,2054,17,30249.988159122247,621.2595581181283,KY,KENTUCKY,0.0692462599999999,2094698.5450634977
1633,2054,18,67549.28365551875,919.3959431486256,LA,LOUISIANA,0.0692462599999999,4677535.258823796
1634,2054,19,27.78920297806515,0.4413959929753696,ME,MAINE,0.0692462599999999,1924.2983746118712
1635,2054,20,2600.7796777570165,42.67741562958291,MD,MARYLAND,0.0692462599999999,180094.26576867834
1636,2054,21,151.34481687623708,2.962875143065417,MA,MASSACHUSETTS,0.0692462599999999,10480.062539064287
1637,2054,22,35562.3994929242,381.5361756153033,MI,MICHIGAN,0.0692462599999999,2462563.1615108945
1638,2054,23,978502.1872955112,7450.58130864078,MN,MINNESOTA,0.0692462599999999,67757616.87203358
1639,2054,24,120133.41634958403,856.6883252178782,MS,MISSISSIPPI,0.0692462599999999,8318789.783231535
1640,2054,25,3531857.075976074,17167.694038028065,MO,MISSOURI,0.0692462599999999,244567893.36587867
1641,2054,26,0.0,0.0,MT,MONTANA,0.0692462599999999,0.0
1642,2054,27,4667646.6626713695,24664.71339210322,NE,NEBRASKA,0.0692462599999999,323217074.39147353
1643,2054,28,0.0,0.0,NV,NEVADA,0.0692462599999999,0.0
1644,2054,29,0.0,0.0,NH,NEW HAMPSHIRE,0.0692462599999999,0.0
1645,2054,30,72.84503190626879,1.6580143946190278,NJ,NEW JERSEY,0.0692462599999999,5044.246019089777
1646,2054,31,0.0,0.0,NM,NEW MEXICO,0.0692462599999999,0.0
1647,2054,32,216.50246318996284,2.601085259187148,NY,NEW YORK,0.0692462599999999,14991.985856692576
1648,2054,33,80567.89634672111,1462.281730014036,NC,NORTH CAROLINA,0.0692462599999999,5579025.498078093
1649,2054,34,180974.02629213643,1118.75639620636,ND,NORTH DAKOTA,0.0692462599999999,12531774.477872098
1650,2054,35,2720.3842969220204,36.70975410442421,OH,OHIO,0.0692462599999999,188376.43832457918
1651,2054,36,120794.52346926744,413.3514969045378,OK,OKLAHOMA,0.0692462599999999,8364568.9787289845
1652,2054,37,7006.78222846811,15.150246834954975,OR,OREGON,0.0692462599999999,485193.4639558815
1653,2054,38,3678.759039089851,90.22194545513278,PA,PENNSYLVANIA,0.0692462599999999,254740.3048981656
1654,2054,39,0.0,0.0,RI,RHODE ISLAND,0.0692462599999999,0.0
1655,2054,40,4427.397366760039,115.45510485160948,SC,SOUTH CAROLINA,0.0692462599999999,306580.70918198064
1656,2054,41,5140351.48860397,24340.247422255907,SD,SOUTH DAKOTA,0.0692462599999999,355950115.671257
1657,2054,42,117663.7769175448,1131.3713374873864,TN,TENNESSEE,0.0692462599999999,8147776.489014296
1658,2054,43,959777.1315763576,5399.4030376304345,TX,TEXAS,0.0692462599999999,66460976.79519058
1659,2054,44,19.98004963819788,3.802161118012078,UT,UTAH,0.0692462599999999,1383.5437120595545
1660,2054,45,0.0,0.0,VT,VERMONT,0.0692462599999999,0.0
1661,2054,46,7173.2745387882405,137.79415398224046,VA,VIRGINIA,0.0692462599999999,496722.4337643099
1662,2054,47,150890.8235347909,750.6068902805813,WA,WASHINGTON,0.0692462599999999,10448625.198104236
1663,2054,48,46.473386132706366,0.7503696569160005,WV,WEST VIRGINIA,0.0692462599999999,3218.108179225775
1664,2054,49,44164.35955599909,415.14938315993993,WI,WISCONSIN,0.0692462599999999,3058216.7245481936
1665,2054,50,48980.99470378198,1089.190418193721,WY,WYOMING,0.0692462599999999,3391750.694316705
1666,2055,0,32515.350959539774,871.3504224686951,AL,ALABAMA,0.0703895,2288739.296366525
1667,2055,2,0.0,0.0,AZ,ARIZONA,0.0703895,0.0
1668,2055,3,6974.467219122024,90.22932826364608,AR,ARKANSAS,0.0703895,490929.2603203897
1669,2055,4,23906.482316281763,371.8890842131625,CA,CALIFORNIA,0.0703895,1682765.3370019149
1670,2055,5,71722.2703307034,1121.0042491935508,CO,COLORADO,0.0703895,5048494.747443046
1671,2055,6,4667.0661944153,58.20988236529978,CT,CONNECTICUT,0.0703895,328512.45589179575
1672,2055,7,198.36294813456533,7.265629639617102,DE,DELAWARE,0.0703895,13962.668737717984
1673,2055,8,0.0,0.0,DC,DISTRICT OF COLUMBIA,0.0703895,0.0
1674,2055,9,1865.247448888539,11.492498156340192,FL,FLORIDA,0.0703895,131293.83530353982
1675,2055,10,56290.5085948338,539.3132594608777,GA,GEORGIA,0.0703895,3962260.7547360533
1676,2055,12,31657.70459775484,1387.7452467677888,ID,IDAHO,0.0703895,2228369.997783664
1677,2055,13,1307872.4336465085,21620.450936851004,IL,ILLINOIS,0.0703895,92060486.6681609
1678,2055,14,170444.97320529725,3991.931544781307,IN,INDIANA,0.0703895,11997536.44143427
1679,2055,15,2792885.513433464,27020.01188707909,IA,IOWA,0.0703895,196589814.8478248
1680,2055,16,673101.4119162292,2598.6403997597417,KS,KANSAS,0.0703895,47379271.8340774
1681,2055,17,13617.348626412895,648.8066093638582,KY,KENTUCKY,0.0703895,958518.3611388904
1682,2055,18,58411.54302873863,1177.8913670518923,LA,LOUISIANA,0.0703895,4111559.308021398
1683,2055,19,0.0,0.0,ME,MAINE,0.0703895,0.0
1684,2055,20,2785.358119722332,43.16430884493556,MD,MARYLAND,0.0703895,196059.96536819506
1685,2055,21,3590.368404152381,62.66823670423479,MA,MASSACHUSETTS,0.0703895,252724.23678408403
1686,2055,22,59890.44361602917,677.0661454863323,MI,MICHIGAN,0.0703895,4215658.380910485
1687,2055,23,897371.9310664367,6760.719165587316,MN,MINNESOTA,0.0703895,63165561.54180094
1688,2055,24,104730.7755134249,1331.101155059184,MS,MISSISSIPPI,0.0703895,7371946.923002222
1689,2055,25,491908.9675540915,8869.932174840353,MO,MISSOURI,0.0703895,34625226.27164872
1690,2055,26,0.0,0.0,MT,MONTANA,0.0703895,0.0
1691,2055,27,1861633.4380211688,18096.06735126632,NE,NEBRASKA,0.0703895,131039446.88559105
1692,2055,28,0.0,0.0,NV,NEVADA,0.0703895,0.0
1693,2055,29,0.0,0.0,NH,NEW HAMPSHIRE,0.0703895,0.0
1694,2055,30,99.89476320065816,3.315771210828504,NJ,NEW JERSEY,0.0703895,7031.542434312727
1695,2055,31,0.0,0.0,NM,NEW MEXICO,0.0703895,0.0
1696,2055,32,38197.24043766831,708.0695619766634,NY,NEW YORK,0.0703895,2688684.6557872533
1697,2055,33,44471.41104693115,1112.4368718150315,NC,NORTH CAROLINA,0.0703895,3130320.38788796
1698,2055,34,183407.09930428315,1311.028667475192,ND,NORTH DAKOTA,0.0703895,12909934.016478837
1699,2055,35,20681.905190812027,925.1687314364996,OH,OHIO,0.0703895,1455788.9654286632
1700,2055,36,87206.82437056683,299.49006021609614,OK,OKLAHOMA,0.0703895,6138444.764032014
1701,2055,37,7105.58225898735,15.150348403973233,OR,OREGON,0.0703895,500158.38241899
1702,2055,38,35250.62530534816,613.3110832674524,PA,PENNSYLVANIA,0.0703895,2481273.8899308043
1703,2055,39,331.98224181128325,3.599972231502236,RI,RHODE ISLAND,0.0703895,23368.06400997532
1704,2055,40,24524.29346381352,405.3388399683727,SC,SOUTH CAROLINA,0.0703895,1726252.7547711018
1705,2055,41,3024843.681007813,21069.59701396039,SD,SOUTH DAKOTA,0.0703895,212917234.28429943
1706,2055,42,97692.62460529844,2182.215327553129,TN,TENNESSEE,0.0703895,6876534.9996546535
1707,2055,43,116371.88959220836,893.7173963045091,TX,TEXAS,0.0703895,8191359.122450749
1708,2055,44,0.0,0.0,UT,UTAH,0.0703895,0.0
1709,2055,45,194.9937362581985,5.372578836825234,VT,VERMONT,0.0703895,13725.511598346462
1710,2055,46,9646.502976973208,194.6342951288772,VA,VIRGINIA,0.0703895,679012.5212976555
1711,2055,47,164104.0140283701,814.5163049199655,WA,WASHINGTON,0.0703895,11551199.495449955
1712,2055,48,443.39235190505656,8.602848620317943,WV,WEST VIRGINIA,0.0703895,31210.165954420976
1713,2055,49,222202.61846883903,3014.164352042707,WI,WISCONSIN,0.0703895,15640731.212712346
1714,2055,50,30565.21932112771,552.0825441186357,WY,WYOMING,0.0703895,2151470.505404519
