Unnamed: 0,Year,state_id,Production_Loss(ton),Area_Loss(km^2),State_Code,State_Name,Price,Financial_Loss($)
0,2021,0,236284.09591418627,1785.5375072109268,AL,ALABAMA,0.145011,34263793.03261206
1,2021,2,0.0,0.0,AZ,ARIZONA,0.145011,0.0
2,2021,3,317774.2674204488,7558.782184035713,AR,ARKANSAS,0.145011,46080764.29290671
3,2021,4,0.0,0.0,CA,CALIFORNIA,0.145011,0.0
4,2021,5,65753.88103279383,1889.2935902560887,CO,COLORADO,0.145011,9535036.042446466
5,2021,6,0.0,0.0,CT,CONNECTICUT,0.145011,0.0
6,2021,7,95868.38425246412,655.6712654325972,DE,DELAWARE,0.145011,13901970.268834073
7,2021,8,0.0,0.0,DC,DISTRICT OF COLUMBIA,0.145011,0.0
8,2021,9,17307.206973138214,112.69626042881858,FL,FLORIDA,0.145011,2509735.3903817455
9,2021,10,164124.93984933576,1780.2879635192091,GA,GEORGIA,0.145011,23799921.652492028
10,2021,12,0.0,0.0,ID,IDAHO,0.145011,0.0
11,2021,13,4125782.938424199,28823.946582281824,IL,ILLINOIS,0.145011,598283909.6838316
12,2021,14,816649.4095111366,8294.293950576965,IN,INDIANA,0.145011,118423147.52261943
13,2021,15,9298094.367058337,54125.29346063829,IA,IOWA,0.145011,1348325962.2614963
14,2021,16,1242506.9507473125,11437.20687959284,KS,KANSAS,0.145011,180177175.43481854
15,2021,17,201084.6337061585,1831.684016160079,KY,KENTUCKY,0.145011,29159483.81836375
16,2021,18,269035.0181974072,4757.962864530186,LA,LOUISIANA,0.145011,39013037.023824215
17,2021,19,0.0,0.0,ME,MAINE,0.145011,0.0
18,2021,20,270128.4463892044,1220.7156864839326,MD,MARYLAND,0.145011,39171596.13934492
19,2021,21,0.0,0.0,MA,MASSACHUSETTS,0.145011,0.0
20,2021,22,66572.10835790998,1241.0373108818044,MI,MICHIGAN,0.145011,9653688.005088884
21,2021,23,4834870.1507922,36388.3183833634,MN,MINNESOTA,0.145011,701109355.4365277
22,2021,24,1064153.2002683375,10754.40157783667,MS,MISSISSIPPI,0.145011,154313919.72411188
23,2021,25,3106066.672833735,20113.695357618413,MO,MISSOURI,0.145011,450413834.29429275
24,2021,26,610588.264390627,15181.712374276873,MT,MONTANA,0.145011,88542014.80754922
25,2021,27,1526386.418693752,19983.539149811106,NE,NEBRASKA,0.145011,221342820.96119967
26,2021,28,0.0,0.0,NV,NEVADA,0.145011,0.0
27,2021,29,0.0,0.0,NH,NEW HAMPSHIRE,0.145011,0.0
28,2021,30,104862.44543991292,416.5017510312807,NJ,NEW JERSEY,0.145011,15206208.075687211
29,2021,31,0.0,0.0,NM,NEW MEXICO,0.145011,0.0
30,2021,32,627.0232022291796,11.425925564667187,NY,NEW YORK,0.145011,90925.26157845555
31,2021,33,316330.6649924643,4540.934199320895,NC,NORTH CAROLINA,0.145011,45871426.06122224
32,2021,34,457573.5252670735,9142.369113044588,ND,NORTH DAKOTA,0.145011,66353194.47250359
33,2021,35,2158354.467687976,15414.68419272152,OH,OHIO,0.145011,312985139.7139011
34,2021,36,30324.982659902165,1005.1854286830834,OK,OKLAHOMA,0.145011,4397456.060495073
35,2021,37,0.0,0.0,OR,OREGON,0.145011,0.0
36,2021,38,256922.9839785156,1023.8779050407968,PA,PENNSYLVANIA,0.145011,37256658.829708524
37,2021,39,0.0,0.0,RI,RHODE ISLAND,0.145011,0.0
38,2021,40,63056.80984992828,1397.128987328341,SC,SOUTH CAROLINA,0.145011,9143931.05314795
39,2021,41,3076851.098995023,26369.84729159924,SD,SOUTH DAKOTA,0.145011,446177254.71636724
40,2021,42,1057563.0825526258,5776.454081320702,TN,TENNESSEE,0.145011,153358280.1640388
41,2021,43,3063.809711235732,273.23181872269,TX,TEXAS,0.145011,444286.1100360047
42,2021,44,0.0,0.0,UT,UTAH,0.145011,0.0
43,2021,45,0.0,0.0,VT,VERMONT,0.145011,0.0
44,2021,46,174103.3645022692,1106.4763791877433,VA,VIRGINIA,0.145011,25246902.989838555
45,2021,47,0.0,0.0,WA,WASHINGTON,0.145011,0.0
46,2021,48,17935.65703970167,76.6097021716251,WV,WEST VIRGINIA,0.145011,2600867.562984179
47,2021,49,1045611.0157196856,7379.614672434531,WI,WISCONSIN,0.145011,151625099.00052732
48,2021,50,456993.5881544086,18060.793379781186,WY,WYOMING,0.145011,66269097.21185895
49,2022,0,1874.510287675504,49.918328738063664,AL,ALABAMA,0.147626,276726.45572838397
50,2022,2,0.0,0.0,AZ,ARIZONA,0.147626,0.0
51,2022,3,237120.0788103165,5504.575205742058,AR,ARKANSAS,0.147626,35005088.75445179
52,2022,4,0.0,0.0,CA,CALIFORNIA,0.147626,0.0
53,2022,5,45008.56794646328,1292.6944371575305,CO,COLORADO,0.147626,6644434.851664589
54,2022,6,0.0,0.0,CT,CONNECTICUT,0.147626,0.0
55,2022,7,5111.869925547049,58.785607253157984,DE,DELAWARE,0.147626,754644.9096288087
56,2022,8,0.0,0.0,DC,DISTRICT OF COLUMBIA,0.147626,0.0
57,2022,9,0.0,0.0,FL,FLORIDA,0.147626,0.0
58,2022,10,0.0,0.0,GA,GEORGIA,0.147626,0.0
59,2022,12,0.0,0.0,ID,IDAHO,0.147626,0.0
60,2022,13,11153727.498450104,48782.58675571837,IL,ILLINOIS,0.147626,1646580175.6861951
61,2022,14,10415602.819563352,32096.84227844596,IN,INDIANA,0.147626,1537613781.8408592
62,2022,15,1040470.5494588346,14844.3552291839,IA,IOWA,0.147626,153600505.33440992
63,2022,16,59181.67392445212,1189.6314590401869,KS,KANSAS,0.147626,8736753.79477117
64,2022,17,2435621.096904236,10377.58073526372,KY,KENTUCKY,0.147626,359561000.0515847
65,2022,18,41154.54960953902,1341.724996525502,LA,LOUISIANA,0.147626,6075481.540657807
66,2022,19,0.0,0.0,ME,MAINE,0.147626,0.0
67,2022,20,37720.00377029191,491.8347164695121,MD,MARYLAND,0.147626,5568453.276593113
68,2022,21,0.0,0.0,MA,MASSACHUSETTS,0.147626,0.0
69,2022,22,505626.8541456012,2294.5888564378374,MI,MICHIGAN,0.147626,74643669.97009853
70,2022,23,2086541.5907914764,18539.05875424939,MN,MINNESOTA,0.147626,308027788.88218254
71,2022,24,206453.4434027472,3833.632202274132,MS,MISSISSIPPI,0.147626,30477896.03577396
72,2022,25,1845822.023423066,13888.926961597585,MO,MISSOURI,0.147626,272491322.0298535
73,2022,26,464475.2526003952,10607.944325597811,MT,MONTANA,0.147626,68568623.64038594
74,2022,27,30849.180018672523,863.9157556644184,NE,NEBRASKA,0.147626,4554141.04943655
75,2022,28,0.0,0.0,NV,NEVADA,0.147626,0.0
76,2022,29,0.0,0.0,NH,NEW HAMPSHIRE,0.147626,0.0
77,2022,30,8505.53879161565,98.97704075822192,NJ,NEW JERSEY,0.147626,1255638.669651052
78,2022,31,0.0,0.0,NM,NEW MEXICO,0.147626,0.0
79,2022,32,7488.196608740032,44.7440464643297,NY,NEW YORK,0.147626,1105452.512561856
80,2022,33,17551.308091707324,865.5910246486288,NC,NORTH CAROLINA,0.147626,2591029.408346385
81,2022,34,282131.36101753765,5822.175937628405,ND,NORTH DAKOTA,0.147626,41649924.30157501
82,2022,35,8036566.588973178,25199.6860046856,OH,OHIO,0.147626,1186406179.2637544
83,2022,36,9004.596785918615,181.2315626189036,OK,OKLAHOMA,0.147626,1329312.6051180216
84,2022,37,0.0,0.0,OR,OREGON,0.147626,0.0
85,2022,38,221916.0328132423,1581.4974290992834,PA,PENNSYLVANIA,0.147626,32760576.260087706
86,2022,39,0.0,0.0,RI,RHODE ISLAND,0.147626,0.0
87,2022,40,0.0,0.0,SC,SOUTH CAROLINA,0.147626,0.0
88,2022,41,1328038.0804146114,16574.026774247915,SD,SOUTH DAKOTA,0.147626,196052949.65928742
89,2022,42,1306750.8434111564,6016.122619256197,TN,TENNESSEE,0.147626,192910400.0094154
90,2022,43,24305.379487304308,1256.425294918422,TX,TEXAS,0.147626,3588105.9521927857
91,2022,44,0.0,0.0,UT,UTAH,0.147626,0.0
92,2022,45,0.0,0.0,VT,VERMONT,0.147626,0.0
93,2022,46,2999.8382458506803,78.12728162864933,VA,VIRGINIA,0.147626,442854.1208819526
94,2022,47,0.0,0.0,WA,WASHINGTON,0.147626,0.0
95,2022,48,14391.5977120278,81.36337072254494,WV,WEST VIRGINIA,0.147626,2124574.0038358164
96,2022,49,287697.5012496344,2585.946968668366,WI,WISCONSIN,0.147626,42471631.319478534
97,2022,50,201691.8254954844,8633.109281995447,WY,WYOMING,0.147626,29774957.43059638
98,2023,0,18145.45926018932,140.49866832651168,AL,ALABAMA,0.1502409999999999,2726191.944710102
99,2023,2,0.0,0.0,AZ,ARIZONA,0.1502409999999999,0.0
100,2023,3,18919.244979958454,364.1785076685196,AR,ARKANSAS,0.1502409999999999,2842446.285033936
101,2023,4,0.0,0.0,CA,CALIFORNIA,0.1502409999999999,0.0
102,2023,5,14511.645496432471,465.11882559755975,CO,COLORADO,0.1502409999999999,2180244.1310295095
103,2023,6,0.0,0.0,CT,CONNECTICUT,0.1502409999999999,0.0
104,2023,7,35741.93898711435,567.9869530317508,DE,DELAWARE,0.1502409999999999,5369904.655363043
105,2023,8,0.0,0.0,DC,DISTRICT OF COLUMBIA,0.1502409999999999,0.0
106,2023,9,90.03307126238938,1.2277914673858992,FL,FLORIDA,0.1502409999999999,13526.658659532633
107,2023,10,36952.25297107529,298.7808782899735,GA,GEORGIA,0.1502409999999999,5551743.43862732
108,2023,12,0.0,0.0,ID,IDAHO,0.1502409999999999,0.0
109,2023,13,7332145.962397385,40074.46322993335,IL,ILLINOIS,0.1502409999999999,1101588941.5365448
110,2023,14,7389955.093270803,30834.942803005983,IN,INDIANA,0.1502409999999999,1110274243.168098
111,2023,15,2893704.8551694,16706.225926730225,IA,IOWA,0.1502409999999999,434753111.14550555
112,2023,16,147872.45052852613,2282.592216809354,KS,KANSAS,0.1502409999999999,22216504.83985628
113,2023,17,163651.15515305454,1350.657021218281,KY,KENTUCKY,0.1502409999999999,24587113.201350052
114,2023,18,123.18536491714352,2.8875192597259267,LA,LOUISIANA,0.1502409999999999,18507.492410516545
115,2023,19,0.0,0.0,ME,MAINE,0.1502409999999999,0.0
116,2023,20,66660.18058556945,504.62473809663993,MD,MARYLAND,0.1502409999999999,10015092.191356534
117,2023,21,0.0,0.0,MA,MASSACHUSETTS,0.1502409999999999,0.0
118,2023,22,543948.6689328614,2248.7235891328824,MI,MICHIGAN,0.1502409999999999,81723391.96914199
119,2023,23,2915910.120494629,19144.88853158581,MN,MINNESOTA,0.1502409999999999,438089252.4132333
120,2023,24,0.0,0.0,MS,MISSISSIPPI,0.1502409999999999,0.0
121,2023,25,1684001.460822347,21262.922036000207,MO,MISSOURI,0.1502409999999999,253006063.4754101
122,2023,26,314575.6571067292,7482.657752128916,MT,MONTANA,0.1502409999999999,47262161.29937207
123,2023,27,367348.3202827732,6722.21446565534,NE,NEBRASKA,0.1502409999999999,55190778.98760409
124,2023,28,0.0,0.0,NV,NEVADA,0.1502409999999999,0.0
125,2023,29,61.52481908915725,0.6126388847430906,NH,NEW HAMPSHIRE,0.1502409999999999,9243.550344774068
126,2023,30,24731.19723656224,213.82790139109915,NJ,NEW JERSEY,0.1502409999999999,3715639.8040183447
127,2023,31,0.0,0.0,NM,NEW MEXICO,0.1502409999999999,0.0
128,2023,32,12.744656556833275,4.770658283931063,NY,NEW YORK,0.1502409999999999,1914.7699457551869
129,2023,33,544417.2328942247,3556.5629959303365,NC,NORTH CAROLINA,0.1502409999999999,81793789.48726115
130,2023,34,352083.2513594115,6033.372999895935,ND,NORTH DAKOTA,0.1502409999999999,52897339.767489314
131,2023,35,7522546.406777333,25251.01672975416,OH,OHIO,0.1502409999999999,1130194894.7006323
132,2023,36,22629.699755354253,555.8909134684208,OK,OKLAHOMA,0.1502409999999999,3399908.720944176
133,2023,37,0.0,0.0,OR,OREGON,0.1502409999999999,0.0
134,2023,38,55120.33597264464,401.3071886029028,PA,PENNSYLVANIA,0.1502409999999999,8281334.396866098
135,2023,39,0.0,0.0,RI,RHODE ISLAND,0.1502409999999999,0.0
136,2023,40,318211.2923288565,1881.505943857402,SC,SOUTH CAROLINA,0.1502409999999999,47808382.77077969
137,2023,41,1973554.057622225,16974.744821690318,SD,SOUTH DAKOTA,0.1502409999999999,296508735.17122054
138,2023,42,121049.01971108971,726.6410285553095,TN,TENNESSEE,0.1502409999999999,18186525.77041382
139,2023,43,17351.793699442343,819.5599034588205,TX,TEXAS,0.1502409999999999,2606950.837197915
140,2023,44,0.0,0.0,UT,UTAH,0.1502409999999999,0.0
141,2023,45,0.0,0.0,VT,VERMONT,0.1502409999999999,0.0
142,2023,46,119491.49291692767,757.796058444346,VA,VIRGINIA,0.1502409999999999,17952521.38733212
143,2023,47,0.0,0.0,WA,WASHINGTON,0.1502409999999999,0.0
144,2023,48,4340.604793546676,25.095804173414745,WV,WEST VIRGINIA,0.1502409999999999,652136.8047872457
145,2023,49,896667.3473448867,3883.019255144615,WI,WISCONSIN,0.1502409999999999,134716198.93244305
146,2023,50,382839.6082864202,16197.279540397964,WY,WYOMING,0.1502409999999999,57518205.588560015
147,2024,0,3911.75506248471,195.38079570666508,AL,ALABAMA,0.152856,597935.2318311628
148,2024,2,0.0,0.0,AZ,ARIZONA,0.152856,0.0
149,2024,3,106234.28865030548,2593.898072723543,AR,ARKANSAS,0.152856,16238548.425931094
150,2024,4,0.0,0.0,CA,CALIFORNIA,0.152856,0.0
151,2024,5,29439.633364036512,847.9519322267486,CO,COLORADO,0.152856,4500024.597493165
152,2024,6,0.0,0.0,CT,CONNECTICUT,0.152856,0.0
153,2024,7,68071.40467515586,618.9469635912769,DE,DELAWARE,0.152856,10405122.633025624
154,2024,8,0.0,0.0,DC,DISTRICT OF COLUMBIA,0.152856,0.0
155,2024,9,0.0,0.0,FL,FLORIDA,0.152856,0.0
156,2024,10,3082.730660643372,116.34284565522066,GA,GEORGIA,0.152856,471213.8778633033
157,2024,12,0.0,0.0,ID,IDAHO,0.152856,0.0
158,2024,13,6508724.470522787,24898.36134007216,IL,ILLINOIS,0.152856,994897587.666231
159,2024,14,5545948.773278252,19294.690486972908,IN,INDIANA,0.152856,847731545.6882205
160,2024,15,1267088.747107985,8580.094287500775,IA,IOWA,0.152856,193682117.52793816
161,2024,16,994339.4327028076,9687.274025007971,KS,KANSAS,0.152856,151990748.32522035
162,2024,17,531594.2987388121,2365.057196852979,KY,KENTUCKY,0.152856,81257378.12801985
163,2024,18,152019.26595218317,4390.6800109738415,LA,LOUISIANA,0.152856,23237056.916386906
164,2024,19,0.0,0.0,ME,MAINE,0.152856,0.0
165,2024,20,97102.3135936252,548.4634776648552,MD,MARYLAND,0.152856,14842671.24666717
166,2024,21,0.0,0.0,MA,MASSACHUSETTS,0.152856,0.0
167,2024,22,447299.4517789909,2246.8506778004685,MI,MICHIGAN,0.152856,68372405.00112943
168,2024,23,2318752.7142868675,16651.780555412963,MN,MINNESOTA,0.152856,354435264.8950334
169,2024,24,231788.1463878404,4080.414877667594,MS,MISSISSIPPI,0.152856,35430208.90425973
170,2024,25,1516802.9360604763,9721.615276800165,MO,MISSOURI,0.152856,231852429.59446016
171,2024,26,609472.7281603836,16190.283761603114,MT,MONTANA,0.152856,93161563.3356836
172,2024,27,277596.9314917227,5618.545673258203,NE,NEBRASKA,0.152856,42432356.56009876
173,2024,28,0.0,0.0,NV,NEVADA,0.152856,0.0
174,2024,29,0.0,0.0,NH,NEW HAMPSHIRE,0.152856,0.0
175,2024,30,38818.418300625686,133.57100483292908,NJ,NEW JERSEY,0.152856,5933628.14776044
176,2024,31,0.0,0.0,NM,NEW MEXICO,0.152856,0.0
177,2024,32,2813.151065012445,12.731955457687736,NY,NEW YORK,0.152856,430007.0191935423
178,2024,33,24588.4045185314,1156.7161734385377,NC,NORTH CAROLINA,0.152856,3758485.1610846356
179,2024,34,373255.6539491696,6433.961964648761,ND,NORTH DAKOTA,0.152856,57054366.24005427
180,2024,35,5365421.741534337,20543.62880108792,OH,OHIO,0.152856,820136905.7239726
181,2024,36,184486.4085274989,3779.6735077864087,OK,OKLAHOMA,0.152856,28199854.46187937
182,2024,37,0.0,0.0,OR,OREGON,0.152856,0.0
183,2024,38,27464.349834561617,110.01535845326832,PA,PENNSYLVANIA,0.152856,4198090.65831175
184,2024,39,0.0,0.0,RI,RHODE ISLAND,0.152856,0.0
185,2024,40,4668.407708131597,147.88378262136916,SC,SOUTH CAROLINA,0.152856,713594.1286341634
186,2024,41,1280309.2121012248,12503.762515666524,SD,SOUTH DAKOTA,0.152856,195702944.92494482
187,2024,42,400139.02045574354,2320.023221804084,TN,TENNESSEE,0.152856,61163650.11078313
188,2024,43,57979.83611456,3063.1043623339924,TX,TEXAS,0.152856,8862565.829127183
189,2024,44,0.0,0.0,UT,UTAH,0.152856,0.0
190,2024,45,0.0,0.0,VT,VERMONT,0.152856,0.0
191,2024,46,85426.25536287477,469.87814312108645,VA,VIRGINIA,0.152856,13057915.689747587
192,2024,47,0.0,0.0,WA,WASHINGTON,0.152856,0.0
193,2024,48,12931.226301492236,49.3332376273373,WV,WEST VIRGINIA,0.152856,1976615.527540897
194,2024,49,1445008.4230183845,6491.832556020497,WI,WISCONSIN,0.152856,220878207.50889817
195,2024,50,459106.4510438343,20019.991317198364,WY,WYOMING,0.152856,70177175.68075633
196,2025,0,23631.277872527106,480.5058527018616,AL,ALABAMA,0.155471,3673978.402119661
197,2025,2,0.0,0.0,AZ,ARIZONA,0.155471,0.0
198,2025,3,290749.6689733807,5698.191909819152,AR,ARKANSAS,0.155471,45203141.78496047
199,2025,4,0.0,0.0,CA,CALIFORNIA,0.155471,0.0
200,2025,5,70417.04563987763,2071.4999054197506,CO,COLORADO,0.155471,10947808.502677415
201,2025,6,0.0,0.0,CT,CONNECTICUT,0.155471,0.0
202,2025,7,207190.3610119333,934.2984003301408,DE,DELAWARE,0.155471,32212092.61688628
203,2025,8,0.0,0.0,DC,DISTRICT OF COLUMBIA,0.155471,0.0
204,2025,9,274.9485687374519,13.635043962597944,FL,FLORIDA,0.155471,42746.528930180386
205,2025,10,3332.7236623169456,239.44473666136088,GA,GEORGIA,0.155471,518141.8805040778
206,2025,12,0.0,0.0,ID,IDAHO,0.155471,0.0
207,2025,13,3957943.205926669,22769.355311775427,IL,ILLINOIS,0.155471,615345388.1686251
208,2025,14,2646118.9464710164,19179.34682621774,IN,INDIANA,0.155471,411394758.7267954
209,2025,15,7308923.937039357,47541.88208797175,IA,IOWA,0.155471,1136325713.4154458
210,2025,16,961960.8488735472,9693.658241905136,KS,KANSAS,0.155471,149557015.13521925
211,2025,17,397113.96785798017,2286.057406884124,KY,KENTUCKY,0.155471,61739705.696848035
212,2025,18,457625.4742119023,8108.622343443622,LA,LOUISIANA,0.155471,71147490.10119866
213,2025,19,0.0,0.0,ME,MAINE,0.155471,0.0
214,2025,20,460670.31688025175,1729.7259449384924,MD,MARYLAND,0.155471,71620874.83568962
215,2025,21,0.0,0.0,MA,MASSACHUSETTS,0.155471,0.0
216,2025,22,346217.4806818621,2255.0861625224534,MI,MICHIGAN,0.155471,53826777.93908978
217,2025,23,901842.7127959924,11370.901418848956,MN,MINNESOTA,0.155471,140210388.40110573
218,2025,24,525643.1285865097,6362.477781024486,MS,MISSISSIPPI,0.155471,81722262.84447324
219,2025,25,2395604.2628286537,16787.327302338723,MO,MISSOURI,0.155471,372446990.3462336
220,2025,26,617055.8900889714,16201.633150475782,MT,MONTANA,0.155471,95934296.28802247
221,2025,27,622646.1345890581,10762.219031052657,NE,NEBRASKA,0.155471,96803417.19069546
222,2025,28,0.0,0.0,NV,NEVADA,0.155471,0.0
223,2025,29,18.18376900313828,0.7489306864812861,NH,NEW HAMPSHIRE,0.155471,2827.0487506869117
224,2025,30,61528.56469494449,367.155461231977,NJ,NEW JERSEY,0.155471,9565907.481687715
225,2025,31,0.0,0.0,NM,NEW MEXICO,0.155471,0.0
226,2025,32,10361.476828343692,120.95976328764723,NY,NEW YORK,0.155471,1610909.163979422
227,2025,33,95686.84181216393,3880.0431391178304,NC,NORTH CAROLINA,0.155471,14876528.983378936
228,2025,34,206741.71593982624,5107.476103993308,ND,NORTH DAKOTA,0.155471,32142341.318880726
229,2025,35,2457935.502800076,16766.860724657072,OH,OHIO,0.155471,382137690.5558306
230,2025,36,42447.4089767103,831.1556860749495,OK,OKLAHOMA,0.155471,6599341.121018127
231,2025,37,0.0,0.0,OR,OREGON,0.155471,0.0
232,2025,38,458322.0318346868,2536.635835699417,PA,PENNSYLVANIA,0.155471,71255784.6113706
233,2025,39,0.0,0.0,RI,RHODE ISLAND,0.155471,0.0
234,2025,40,3280.2367610784,206.0390256877632,SC,SOUTH CAROLINA,0.155471,509981.6894816199
235,2025,41,1755697.112399422,17024.500805815635,SD,SOUTH DAKOTA,0.155471,272959985.76185054
236,2025,42,857871.5357582781,5185.411450749118,TN,TENNESSEE,0.155471,133374145.53587526
237,2025,43,45568.24620158553,2201.584755865515,TX,TEXAS,0.155471,7084540.805206703
238,2025,44,0.0,0.0,UT,UTAH,0.155471,0.0
239,2025,45,0.0,0.0,VT,VERMONT,0.155471,0.0
240,2025,46,179656.96592419542,1159.1890952141566,VA,VIRGINIA,0.155471,27931448.149200585
241,2025,47,0.0,0.0,WA,WASHINGTON,0.155471,0.0
242,2025,48,23453.7817497344,78.58517860463792,WV,WEST VIRGINIA,0.155471,3646382.902412957
243,2025,49,925754.9216845756,6781.268477633465,WI,WISCONSIN,0.155471,143928043.42922264
244,2025,50,411259.1036542616,20125.47854343101,WY,WYOMING,0.155471,63938864.104231715
245,2026,0,248337.61184662627,2306.272176387423,AL,ALABAMA,0.1583452,39323068.81537641
246,2026,2,0.0,0.0,AZ,ARIZONA,0.1583452,0.0
247,2026,3,277019.4218751732,5491.018465050654,AR,ARKANSAS,0.1583452,43864695.760708675
248,2026,4,0.0,0.0,CA,CALIFORNIA,0.1583452,0.0
249,2026,5,48760.192531792345,1412.6963010433822,CO,COLORADO,0.1583452,7720942.438485164
250,2026,6,0.0,0.0,CT,CONNECTICUT,0.1583452,0.0
251,2026,7,63497.37077713242,958.198104801884,DE,DELAWARE,0.1583452,10054503.875179188
252,2026,8,0.0,0.0,DC,DISTRICT OF COLUMBIA,0.1583452,0.0
253,2026,9,20496.20628784488,160.51805828829265,FL,FLORIDA,0.1583452,3245475.883890055
254,2026,10,115740.8057670152,1752.2816557548854,GA,GEORGIA,0.1583452,18327001.037339173
255,2026,12,0.0,0.0,ID,IDAHO,0.1583452,0.0
256,2026,13,1427904.2341354084,9159.635905492056,IL,ILLINOIS,0.1583452,226101781.53501806
257,2026,14,2190123.379901488,14027.06784772905,IN,INDIANA,0.1583452,346795524.61517704
258,2026,15,102294.10464622948,2638.967649272434,IA,IOWA,0.1583452,16197780.459028134
259,2026,16,300730.76207548764,2802.6472947753773,KS,KANSAS,0.1583452,47619272.666995496
260,2026,17,1419279.0382649817,8467.382559913924,KY,KENTUCKY,0.1583452,224736023.1698762
261,2026,18,468760.20980581496,7711.345402671766,LA,LOUISIANA,0.1583452,74225929.17374372
262,2026,19,0.0,0.0,ME,MAINE,0.1583452,0.0
263,2026,20,206212.02228149932,1713.362514825225,MD,MARYLAND,0.1583452,32652683.910568465
264,2026,21,0.0,0.0,MA,MASSACHUSETTS,0.1583452,0.0
265,2026,22,54920.55809933761,476.1589774942343,MI,MICHIGAN,0.1583452,8696406.756351234
266,2026,23,226922.0249786688,3513.901528809107,MN,MINNESOTA,0.1583452,35932013.4296523
267,2026,24,888599.7718760268,9696.577952919028,MS,MISSISSIPPI,0.1583452,140705508.59766382
268,2026,25,1404881.4316914456,9129.108463634662,MO,MISSOURI,0.1583452,222456231.27746826
269,2026,26,594505.3015027333,14520.214532022184,MT,MONTANA,0.1583452,94137060.86751059
270,2026,27,97189.6364901678,2832.285819267612,NE,NEBRASKA,0.1583452,15389512.427962918
271,2026,28,0.0,0.0,NV,NEVADA,0.1583452,0.0
272,2026,29,0.0,0.0,NH,NEW HAMPSHIRE,0.1583452,0.0
273,2026,30,33591.707065588445,336.3021733012865,NJ,NEW JERSEY,0.1583452,5319085.573642015
274,2026,31,0.0,0.0,NM,NEW MEXICO,0.1583452,0.0
275,2026,32,0.0,0.0,NY,NEW YORK,0.1583452,0.0
276,2026,33,254339.316300369,5261.980288199049,NC,NORTH CAROLINA,0.1583452,40273409.90744519
277,2026,34,76004.17921565304,2832.0563436003886,ND,NORTH DAKOTA,0.1583452,12034896.958738424
278,2026,35,1815837.882803284,17769.130291396003,OH,OHIO,0.1583452,287529212.72006255
279,2026,36,17820.405388342726,348.9014110878649,OK,OKLAHOMA,0.1583452,2821775.6552982065
280,2026,37,0.0,0.0,OR,OREGON,0.1583452,0.0
281,2026,38,98525.7778308211,1083.302521311145,PA,PENNSYLVANIA,0.1583452,15601083.995776933
282,2026,39,0.0,0.0,RI,RHODE ISLAND,0.1583452,0.0
283,2026,40,121052.1001210232,2465.68666045269,SC,SOUTH CAROLINA,0.1583452,19168019.004083443
284,2026,41,276874.6272827697,4450.168655440159,SD,SOUTH DAKOTA,0.1583452,43841768.23201563
285,2026,42,1740078.3718783748,9216.425945236324,TN,TENNESSEE,0.1583452,275533057.8107556
286,2026,43,34756.059635261474,1780.7642268119878,TX,TEXAS,0.1583452,5503455.214157405
287,2026,44,0.0,0.0,UT,UTAH,0.1583452,0.0
288,2026,45,0.0,0.0,VT,VERMONT,0.1583452,0.0
289,2026,46,97311.80696345336,1277.731602898367,VA,VIRGINIA,0.1583452,15408857.535989415
290,2026,47,0.0,0.0,WA,WASHINGTON,0.1583452,0.0
291,2026,48,14725.199828091489,127.8601078433426,WV,WEST VIRGINIA,0.1583452,2331664.7118191123
292,2026,49,143345.8181749872,2173.9836916576105,WI,WISCONSIN,0.1583452,22698122.248081982
293,2026,50,304935.1463216696,14412.15551682298,WY,WYOMING,0.1583452,48285016.73133404
294,2027,0,1878.517635871798,88.75940302286833,AL,ALABAMA,0.1612193999999999,302853.4861446695
295,2027,2,0.0,0.0,AZ,ARIZONA,0.1612193999999999,0.0
296,2027,3,230381.65838889865,6694.226954958653,AR,ARKANSAS,0.1612193999999999,37141992.73646318
297,2027,4,0.0,0.0,CA,CALIFORNIA,0.1612193999999999,0.0
298,2027,5,53721.13034296533,1589.6568153124545,CO,COLORADO,0.1612193999999999,8660888.40121466
299,2027,6,0.0,0.0,CT,CONNECTICUT,0.1612193999999999,0.0
300,2027,7,237403.1445380192,691.5778942809693,DE,DELAWARE,0.1612193999999999,38273992.52053271
301,2027,8,0.0,0.0,DC,DISTRICT OF COLUMBIA,0.1612193999999999,0.0
302,2027,9,8977.214581873515,55.3196232332896,FL,FLORIDA,0.1612193999999999,1447301.1485608981
303,2027,10,151871.36281799886,1255.4511498884576,GA,GEORGIA,0.1612193999999999,24484609.99070007
304,2027,12,0.0,0.0,ID,IDAHO,0.1612193999999999,0.0
305,2027,13,14115799.462291729,52502.38891715037,IL,ILLINOIS,0.1612193999999999,2275740719.8309937
306,2027,14,11739276.285386108,33150.506870396624,IN,INDIANA,0.1612193999999999,1892599079.164176
307,2027,15,9840960.513393171,54076.94768654513,IA,IOWA,0.1612193999999999,1586553749.3929381
308,2027,16,177885.7784088787,1448.836193804813,KS,KANSAS,0.1612193999999999,28678638.46361236
309,2027,17,3391003.62261012,12568.745964607371,KY,KENTUCKY,0.1612193999999999,546695569.4350297
310,2027,18,12429.646806278151,289.1042459205822,LA,LOUISIANA,0.1612193999999999,2003900.2003200785
311,2027,19,0.0,0.0,ME,MAINE,0.1612193999999999,0.0
312,2027,20,293383.9051028921,855.4218931871951,MD,MARYLAND,0.1612193999999999,47299177.15034518
313,2027,21,0.0,0.0,MA,MASSACHUSETTS,0.1612193999999999,0.0
314,2027,22,511166.88067490415,2418.426835930187,MI,MICHIGAN,0.1612193999999999,82410017.80227959
315,2027,23,5321952.201404736,36015.714790263104,MN,MINNESOTA,0.1612193999999999,858001940.7391503
316,2027,24,22230.07851461637,398.0008490814032,MS,MISSISSIPPI,0.1612193999999999,3583919.92007934
317,2027,25,6249233.421562183,28402.851305307293,MO,MISSOURI,0.1612193999999999,1007497662.6842015
318,2027,26,497633.8441257868,12368.793839706968,MT,MONTANA,0.1612193999999999,80228229.76965281
319,2027,27,726175.7608902244,9772.411936670263,NE,NEBRASKA,0.1612193999999999,117073620.46526536
320,2027,28,0.0,0.0,NV,NEVADA,0.1612193999999999,0.0
321,2027,29,0.0,0.0,NH,NEW HAMPSHIRE,0.1612193999999999,0.0
322,2027,30,34957.51179523092,246.4328031161723,NJ,NEW JERSEY,0.1612193999999999,5635829.077120049
323,2027,31,0.0,0.0,NM,NEW MEXICO,0.1612193999999999,0.0
324,2027,32,10867.609024740175,101.16975532053466,NY,NEW YORK,0.1612193999999999,1752069.406403195
325,2027,33,131565.0578315173,953.2829006845832,NC,NORTH CAROLINA,0.1612193999999999,21210839.684562508
326,2027,34,466430.288487773,8487.804277115445,ND,NORTH DAKOTA,0.1612193999999999,75197611.25182563
327,2027,35,6671147.629423181,21969.57776772159,OH,OHIO,0.1612193999999999,1075518418.1270268
328,2027,36,70626.15483826568,1538.7446187853768,OK,OKLAHOMA,0.1612193999999999,11386306.307332281
329,2027,37,0.0,0.0,OR,OREGON,0.1612193999999999,0.0
330,2027,38,123173.70708303714,1090.4906812115853,PA,PENNSYLVANIA,0.1612193999999999,19857991.151702985
331,2027,39,0.0,0.0,RI,RHODE ISLAND,0.1612193999999999,0.0
332,2027,40,144478.84813366886,1269.2603964738737,SC,SOUTH CAROLINA,0.1612193999999999,23292793.208801202
333,2027,41,2966606.4473136044,25208.81937218023,SD,SOUTH DAKOTA,0.1612193999999999,478274511.47203064
334,2027,42,1079621.061073422,6651.250940633188,TN,TENNESSEE,0.1612193999999999,174055859.69362032
335,2027,43,35259.09393606094,1893.963510498623,TX,TEXAS,0.1612193999999999,5684449.968915381
336,2027,44,0.0,0.0,UT,UTAH,0.1612193999999999,0.0
337,2027,45,0.0,0.0,VT,VERMONT,0.1612193999999999,0.0
338,2027,46,178556.30560911293,680.3199739905208,VA,VIRGINIA,0.1612193999999999,28786740.4565178
339,2027,47,0.0,0.0,WA,WASHINGTON,0.1612193999999999,0.0
340,2027,48,28775.68096761181,92.51293972414678,WV,WEST VIRGINIA,0.1612193999999999,4639198.020189792
341,2027,49,1228429.9073667482,7678.601415013838,WI,WISCONSIN,0.1612193999999999,198046732.60772258
342,2027,50,528993.6240321841,21895.135642569403,WY,WYOMING,0.1612193999999999,85284034.67029426
343,2028,0,326609.42504380154,2549.157410208821,AL,ALABAMA,0.1640936,53594516.34936756
344,2028,2,0.0,0.0,AZ,ARIZONA,0.1640936,0.0
345,2028,3,386434.96899330674,9006.102791759435,AR,ARKANSAS,0.1640936,63411505.22800008
346,2028,4,0.0,0.0,CA,CALIFORNIA,0.1640936,0.0
347,2028,5,33469.42625675002,1021.1942844105788,CO,COLORADO,0.1640936,5492118.644404635
348,2028,6,0.0,0.0,CT,CONNECTICUT,0.1640936,0.0
349,2028,7,156402.0429743257,691.063250164825,DE,DELAWARE,0.1640936,25664574.279011816
350,2028,8,0.0,0.0,DC,DISTRICT OF COLUMBIA,0.1640936,0.0
351,2028,9,31507.922568684,213.53853072009727,FL,FLORIDA,0.1640936,5170248.442816605
352,2028,10,219620.00159087047,2353.039032490775,GA,GEORGIA,0.1640936,36038236.693051666
353,2028,12,0.0,0.0,ID,IDAHO,0.1640936,0.0
354,2028,13,14727400.99963596,53197.3450974323,IL,ILLINOIS,0.1640936,2416672248.673864
355,2028,14,12145868.540080776,33598.585444428674,IN,INDIANA,0.1640936,1993059293.868599
356,2028,15,11852644.965838991,54535.68407082758,IA,IOWA,0.1640936,1944943181.966397
357,2028,16,2556008.8527833363,18733.69105012889,KS,KANSAS,0.1640936,419424694.28508765
358,2028,17,3426264.202336074,13382.424445244496,KY,KENTUCKY,0.1640936,562228027.5124547
359,2028,18,188220.7048794656,3839.457545622352,LA,LOUISIANA,0.1640936,30885813.05820908
360,2028,19,0.0,0.0,ME,MAINE,0.1640936,0.0
361,2028,20,216336.25726578909,912.807101434586,MD,MARYLAND,0.1640936,35499395.26526949
362,2028,21,0.0,0.0,MA,MASSACHUSETTS,0.1640936,0.0
363,2028,22,681270.6005683237,2560.799402367777,MI,MICHIGAN,0.1640936,111792145.4214183
364,2028,23,5533860.5070942445,36233.399155063926,MN,MINNESOTA,0.1640936,908071092.5069201
365,2028,24,1088724.6749533657,11538.16114933954,MS,MISSISSIPPI,0.1640936,178652751.32192764
366,2028,25,7194347.340374284,34107.45178119774,MO,MISSOURI,0.1640936,1180546354.7324417
367,2028,26,842182.3217575052,19777.887596215,MT,MONTANA,0.1640936,138196729.03354737
368,2028,27,1380648.426295438,16378.836570531308,NE,NEBRASKA,0.1640936,226555570.6051531
369,2028,28,0.0,0.0,NV,NEVADA,0.1640936,0.0
370,2028,29,45.93406183570241,0.9265777969425262,NH,NEW HAMPSHIRE,0.1640936,7537.4855692430165
371,2028,30,123392.3022150918,521.1024832959988,NJ,NEW JERSEY,0.1640936,20247887.082762387
372,2028,31,0.0,0.0,NM,NEW MEXICO,0.1640936,0.0
373,2028,32,28955.782045923224,143.32409075946697,NY,NEW YORK,0.1640936,4751458.516730907
374,2028,33,912212.5924906788,6445.682971767872,NC,NORTH CAROLINA,0.1640936,149688248.26712847
375,2028,34,564092.9412348617,9671.642748475258,ND,NORTH DAKOTA,0.1640936,92564041.4618169
376,2028,35,10678354.792117324,28763.43481264984,OH,OHIO,0.1640936,1752249679.9157832
377,2028,36,254595.1966687108,5735.065394659024,OK,OKLAHOMA,0.1640936,41777442.36407676
378,2028,37,0.0,0.0,OR,OREGON,0.1640936,0.0
379,2028,38,789403.698390471,3944.961208901288,PA,PENNSYLVANIA,0.1640936,129536094.72220661
380,2028,39,0.0,0.0,RI,RHODE ISLAND,0.1640936,0.0
381,2028,40,158481.2079967957,2746.994931746606,SC,SOUTH CAROLINA,0.1640936,26005751.952542998
382,2028,41,2819948.8286368973,24359.32949293876,SD,SOUTH DAKOTA,0.1640936,462735555.1068115
383,2028,42,1832397.219284986,9561.588735181644,TN,TENNESSEE,0.1640936,300684656.3424628
384,2028,43,38284.31735468583,2125.0000196310675,TX,TEXAS,0.1640936,6282211.458272874
385,2028,44,0.0,0.0,UT,UTAH,0.1640936,0.0
386,2028,45,0.0,0.0,VT,VERMONT,0.1640936,0.0
387,2028,46,46203.01060897201,259.9180764253952,VA,VIRGINIA,0.1640936,7581618.341664409
388,2028,47,0.0,0.0,WA,WASHINGTON,0.1640936,0.0
389,2028,48,67097.80750176264,350.2277993227,WV,WEST VIRGINIA,0.1640936,11010320.785071239
390,2028,49,1900203.1027407227,7898.868564207681,WI,WISCONSIN,0.1640936,311811167.85989505
391,2028,50,509683.42900844687,22817.093110838025,WY,WYOMING,0.1640936,83635788.72634049
392,2029,0,0.0,0.0,AL,ALABAMA,0.1669678,0.0
393,2029,2,0.0,0.0,AZ,ARIZONA,0.1669678,0.0
394,2029,3,5339.873416826793,176.3701043844448,AR,ARKANSAS,0.1669678,891586.9166860526
395,2029,4,0.0,0.0,CA,CALIFORNIA,0.1669678,0.0
396,2029,5,50877.87095657166,1475.9123714166903,CO,COLORADO,0.1669678,8494966.182302665
397,2029,6,0.0,0.0,CT,CONNECTICUT,0.1669678,0.0
398,2029,7,0.0,0.0,DE,DELAWARE,0.1669678,0.0
399,2029,8,0.0,0.0,DC,DISTRICT OF COLUMBIA,0.1669678,0.0
400,2029,9,0.0,0.0,FL,FLORIDA,0.1669678,0.0
401,2029,10,4754.390114262948,120.95613420201803,GA,GEORGIA,0.1669678,793830.0577202332
402,2029,12,0.0,0.0,ID,IDAHO,0.1669678,0.0
403,2029,13,2937012.989444702,20818.623602248004,IL,ILLINOIS,0.1669678,490386597.41900516
404,2029,14,1916069.225337372,18875.047034897245,IN,INDIANA,0.1669678,319921863.20228523
405,2029,15,8672650.951593505,54075.56672340528,IA,IOWA,0.1669678,1448053449.5554743
406,2029,16,1461998.7790171732,13310.552777836065,KS,KANSAS,0.1669678,244106719.7351836
407,2029,17,19614.00948531658,345.73914052489243,KY,KENTUCKY,0.1669678,3274908.0129424413
408,2029,18,302.4092964416396,36.94131531412939,LA,LOUISIANA,0.1669678,50492.614926408394
409,2029,19,0.0,0.0,ME,MAINE,0.1669678,0.0
410,2029,20,0.0,0.0,MD,MARYLAND,0.1669678,0.0
411,2029,21,0.0,0.0,MA,MASSACHUSETTS,0.1669678,0.0
412,2029,22,150778.64884532552,1658.0222537187196,MI,MICHIGAN,0.1669678,25175179.284676544
413,2029,23,4562313.298486372,35313.95678718582,MN,MINNESOTA,0.1669678,761759414.3590128
414,2029,24,0.0,0.0,MS,MISSISSIPPI,0.1669678,0.0
415,2029,25,1706686.5923346772,13504.95627344465,MO,MISSOURI,0.1669678,284961705.6116179
416,2029,26,765099.046570009,19219.226367395,MT,MONTANA,0.1669678,127746904.58789195
417,2029,27,1187045.9797920466,16227.265815529909,NE,NEBRASKA,0.1669678,198198455.74472246
418,2029,28,0.0,0.0,NV,NEVADA,0.1669678,0.0
419,2029,29,1.043535859655889,0.6127001415329518,NH,NEW HAMPSHIRE,0.1669678,174.23688670785253
420,2029,30,0.0,0.0,NJ,NEW JERSEY,0.1669678,0.0
421,2029,31,0.0,0.0,NM,NEW MEXICO,0.1669678,0.0
422,2029,32,0.0,0.0,NY,NEW YORK,0.1669678,0.0
423,2029,33,3288.138431246092,101.94147428870876,NC,NORTH CAROLINA,0.1669678,549013.2399606112
424,2029,34,533172.1473912736,9252.710505819345,ND,NORTH DAKOTA,0.1669678,89022580.4711967
425,2029,35,886953.1465944353,8273.638756046046,OH,OHIO,0.1669678,148092615.58995035
426,2029,36,34548.790865348536,915.39366139458,OK,OKLAHOMA,0.1669678,5768535.60344734
427,2029,37,0.0,0.0,OR,OREGON,0.1669678,0.0
428,2029,38,0.0,0.0,PA,PENNSYLVANIA,0.1669678,0.0
429,2029,39,0.0,0.0,RI,RHODE ISLAND,0.1669678,0.0
430,2029,40,6.672400645413141,2.034594154819109,SC,SOUTH CAROLINA,0.1669678,1114.0760564832124
431,2029,41,2870297.126421264,24611.5438893848,SD,SOUTH DAKOTA,0.1669678,479247196.5448803
432,2029,42,12350.777129499333,215.0843013178616,TN,TENNESSEE,0.1669678,2062182.0856028188
433,2029,43,8065.414756512646,417.9567914229445,TX,TEXAS,0.1669678,1346664.5579824522
434,2029,44,0.0,0.0,UT,UTAH,0.1669678,0.0
435,2029,45,5212.241046688137,79.51050580303843,VT,VERMONT,0.1669678,870276.4206352156
436,2029,46,0.0,0.0,VA,VIRGINIA,0.1669678,0.0
437,2029,47,0.0,0.0,WA,WASHINGTON,0.1669678,0.0
438,2029,48,0.0,0.0,WV,WEST VIRGINIA,0.1669678,0.0
439,2029,49,867515.8289621808,6222.74533483922,WI,WISCONSIN,0.1669678,144847209.4269916
440,2029,50,355809.29529191577,16862.7460824136,WY,WYOMING,0.1669678,59408695.25444154
441,2030,0,211735.86595169225,1828.4814204102424,AL,ALABAMA,0.169842,35961642.944967315
442,2030,2,0.0,0.0,AZ,ARIZONA,0.169842,0.0
443,2030,3,194582.0567910709,3939.137716989145,AR,ARKANSAS,0.169842,33048205.689509064
444,2030,4,0.0,0.0,CA,CALIFORNIA,0.169842,0.0
445,2030,5,32090.398226934223,942.3128018000992,CO,COLORADO,0.169842,5450297.415658962
446,2030,6,0.0,0.0,CT,CONNECTICUT,0.169842,0.0
447,2030,7,57506.63765149732,440.3435816954313,DE,DELAWARE,0.169842,9767042.352005608
448,2030,8,0.0,0.0,DC,DISTRICT OF COLUMBIA,0.169842,0.0
449,2030,9,9855.778954213005,146.97294942321096,FL,FLORIDA,0.169842,1673925.209141445
450,2030,10,178755.13426699492,2515.982466095524,GA,GEORGIA,0.169842,30360129.51417495
451,2030,12,0.0,0.0,ID,IDAHO,0.169842,0.0
452,2030,13,1165116.01858551,8121.790953064376,IL,ILLINOIS,0.169842,197885634.8286002
453,2030,14,363009.06112455775,3592.191521662442,IN,INDIANA,0.169842,61654184.95951713
454,2030,15,872738.4107043903,6973.71990182362,IA,IOWA,0.169842,148227637.15085503
455,2030,16,581346.5163497842,5175.4314615491,KS,KANSAS,0.169842,98737055.02988005
456,2030,17,1258277.6232230803,7093.697025035108,KY,KENTUCKY,0.169842,213708388.0834544
457,2030,18,557279.4525379294,9110.151432916073,LA,LOUISIANA,0.169842,94649456.77794701
458,2030,19,0.0,0.0,ME,MAINE,0.169842,0.0
459,2030,20,58046.869178729045,407.6198735299656,MD,MARYLAND,0.169842,9858796.355053697
460,2030,21,0.0,0.0,MA,MASSACHUSETTS,0.169842,0.0
461,2030,22,43010.31864604335,633.9465528231533,MI,MICHIGAN,0.169842,7304958.539481295
462,2030,23,890288.999751769,8288.405894636704,MN,MINNESOTA,0.169842,151208464.29583997
463,2030,24,918602.4502559012,9469.594555963156,MS,MISSISSIPPI,0.169842,156017277.35636276
464,2030,25,525241.1957605489,3229.7062289902738,MO,MISSOURI,0.169842,89208015.17036316
465,2030,26,898700.0828081251,19972.919847200414,MT,MONTANA,0.169842,152637019.46429756
466,2030,27,631021.2050011035,9699.965983285936,NE,NEBRASKA,0.169842,107173903.4997974
467,2030,28,0.0,0.0,NV,NEVADA,0.169842,0.0
468,2030,29,0.0,0.0,NH,NEW HAMPSHIRE,0.169842,0.0
469,2030,30,745.0779172478942,31.97142563322924,NJ,NEW JERSEY,0.169842,126545.52362121684
470,2030,31,0.0,0.0,NM,NEW MEXICO,0.169842,0.0
471,2030,32,0.0,0.0,NY,NEW YORK,0.169842,0.0
472,2030,33,867649.3613404231,6932.1411984841725,NC,NORTH CAROLINA,0.169842,147363302.82878014
473,2030,34,415103.1830428346,7515.520268478222,ND,NORTH DAKOTA,0.169842,70501954.81436111
474,2030,35,26156.202888049567,667.5770242705098,OH,OHIO,0.169842,4442421.810912115
475,2030,36,71522.00449986591,1618.5232465564054,OK,OKLAHOMA,0.169842,12147440.288266227
476,2030,37,0.0,0.0,OR,OREGON,0.169842,0.0
477,2030,38,38480.96009164463,411.69319654413664,PA,PENNSYLVANIA,0.169842,6535683.223885107
478,2030,39,0.0,0.0,RI,RHODE ISLAND,0.169842,0.0
479,2030,40,352905.2591829608,4941.013997833149,SC,SOUTH CAROLINA,0.169842,59938135.030152425
480,2030,41,1712115.7018352011,17957.682797152764,SD,SOUTH DAKOTA,0.169842,290789155.0310942
481,2030,42,723503.3473097663,4287.121352790797,TN,TENNESSEE,0.169842,122881255.51378532
482,2030,43,24160.703530458173,1507.0818909910977,TX,TEXAS,0.169842,4103502.2090200773
483,2030,44,0.0,0.0,UT,UTAH,0.169842,0.0
484,2030,45,0.0,0.0,VT,VERMONT,0.169842,0.0
485,2030,46,32702.743314779145,324.88673338489167,VA,VIRGINIA,0.169842,5554299.33006872
486,2030,47,0.0,0.0,WA,WASHINGTON,0.169842,0.0
487,2030,48,28.750001895047728,2.7152947520476105,WV,WEST VIRGINIA,0.169842,4882.957821858696
488,2030,49,2449.073208869489,35.527290226864466,WI,WISCONSIN,0.169842,415955.49194081174
489,2030,50,443124.126821978,22169.49531679602,WY,WYOMING,0.169842,75261087.94769838
490,2031,0,298.1796895097126,17.475356209445994,AL,ALABAMA,0.1670496,49810.79786072169
491,2031,2,0.0,0.0,AZ,ARIZONA,0.1670496,0.0
492,2031,3,30538.26267271292,584.7128218299513,AR,ARKANSAS,0.1670496,5101404.564171624
493,2031,4,0.0,0.0,CA,CALIFORNIA,0.1670496,0.0
494,2031,5,31656.944180090097,909.2214550724136,CO,COLORADO,0.1670496,5288279.862506378
495,2031,6,0.0,0.0,CT,CONNECTICUT,0.1670496,0.0
496,2031,7,139741.42077047887,1104.3136626456633,DE,DELAWARE,0.1670496,23343748.443140186
497,2031,8,0.0,0.0,DC,DISTRICT OF COLUMBIA,0.1670496,0.0
498,2031,9,0.0,0.0,FL,FLORIDA,0.1670496,0.0
499,2031,10,0.0,0.0,GA,GEORGIA,0.1670496,0.0
500,2031,12,0.0,0.0,ID,IDAHO,0.1670496,0.0
501,2031,13,9090060.347250858,32913.39993193511,IL,ILLINOIS,0.1670496,1518490944.984117
502,2031,14,8956123.858076336,28069.67308163744,IN,INDIANA,0.1670496,1496116908.0421085
503,2031,15,7855031.044640515,37557.25029478836,IA,IOWA,0.1670496,1312179793.99478
504,2031,16,1673569.2246042034,12519.949231510816,KS,KANSAS,0.1670496,279569069.5424423
505,2031,17,235561.66760205384,866.2329980733543,KY,KENTUCKY,0.1670496,39350482.34825605
506,2031,18,0.0,0.0,LA,LOUISIANA,0.1670496,0.0
507,2031,19,0.0,0.0,ME,MAINE,0.1670496,0.0
508,2031,20,423122.7415294651,2296.3640380008,MD,MARYLAND,0.1670496,70682484.72340053
509,2031,21,0.0,0.0,MA,MASSACHUSETTS,0.1670496,0.0
510,2031,22,723809.8713101619,3138.1720175721725,MI,MICHIGAN,0.1670496,120912149.47841403
511,2031,23,1270188.322957342,12355.41369775209,MN,MINNESOTA,0.1670496,212184451.27469477
512,2031,24,0.0,0.0,MS,MISSISSIPPI,0.1670496,0.0
513,2031,25,5376958.008353556,23775.352909068934,MO,MISSOURI,0.1670496,898218684.512258
514,2031,26,900775.6560906852,20004.96153879646,MT,MONTANA,0.1670496,150474213.0396865
515,2031,27,1188309.8420555887,14117.10975837298,NE,NEBRASKA,0.1670496,198506683.79144928
516,2031,28,0.0,0.0,NV,NEVADA,0.1670496,0.0
517,2031,29,0.0,0.0,NH,NEW HAMPSHIRE,0.1670496,0.0
518,2031,30,212430.37095892755,1007.1517449026456,NJ,NEW JERSEY,0.1670496,35486408.49654046
519,2031,31,0.0,0.0,NM,NEW MEXICO,0.1670496,0.0
520,2031,32,26088.90444988088,149.69002877223275,NY,NEW YORK,0.1670496,4358141.052790821
521,2031,33,18513.19302263404,554.4624676134231,NC,NORTH CAROLINA,0.1670496,3092621.4891538075
522,2031,34,367511.23416933103,6340.995450172631,ND,NORTH DAKOTA,0.1670496,61392604.663493074
523,2031,35,7783630.001845168,27870.88709452257,OH,OHIO,0.1670496,1300252278.3562346
524,2031,36,46050.77578593843,964.6326242578024,OK,OKLAHOMA,0.1670496,7692763.6747306995
525,2031,37,0.0,0.0,OR,OREGON,0.1670496,0.0
526,2031,38,1054040.8175637089,5050.519709277118,PA,PENNSYLVANIA,0.1670496,176077096.95769054
527,2031,39,0.0,0.0,RI,RHODE ISLAND,0.1670496,0.0
528,2031,40,332.6672180642309,12.200829649323744,SC,SOUTH CAROLINA,0.1670496,55571.92571074254
529,2031,41,1660201.638981159,16865.431919437047,SD,SOUTH DAKOTA,0.1670496,277336019.711147
530,2031,42,126834.92735391068,643.4026476770284,TN,TENNESSEE,0.1670496,21187723.880499836
531,2031,43,18943.69683273842,1034.2944928959582,TX,TEXAS,0.1670496,3164536.97843022
532,2031,44,0.0,0.0,UT,UTAH,0.1670496,0.0
533,2031,45,1075.6056773581834,116.43992406494355,VT,VERMONT,0.1670496,179679.49816041358
534,2031,46,121245.75971965064,1429.3565939767118,VA,VIRGINIA,0.1670496,20254055.66286375
535,2031,47,0.0,0.0,WA,WASHINGTON,0.1670496,0.0
536,2031,48,98615.34297135111,439.172559976249,WV,WEST VIRGINIA,0.1670496,16473653.597227015
537,2031,49,1042592.5126102562,5469.860286374078,WI,WISCONSIN,0.1670496,174164662.19453824
538,2031,50,569093.0321048086,23663.53242837224,WY,WYOMING,0.1670496,95066763.37589543
539,2032,0,28088.46130158526,329.34795032605035,AL,ALABAMA,0.1642572,4613732.00570675
540,2032,2,0.0,0.0,AZ,ARIZONA,0.1642572,0.0
541,2032,3,66752.30973389593,1718.1583356618785,AR,ARKANSAS,0.1642572,10964547.490422491
542,2032,4,0.0,0.0,CA,CALIFORNIA,0.1642572,0.0
543,2032,5,39627.41937817529,1195.0912536137416,CO,COLORADO,0.1642572,6509088.9502848135
544,2032,6,0.0,0.0,CT,CONNECTICUT,0.1642572,0.0
545,2032,7,44231.01212057054,487.0018624543148,DE,DELAWARE,0.1642572,7265262.204090979
546,2032,8,0.0,0.0,DC,DISTRICT OF COLUMBIA,0.1642572,0.0
547,2032,9,13995.781521983588,110.51097857496607,FL,FLORIDA,0.1642572,2298907.8846127624
548,2032,10,22156.83261321613,340.2037887359154,GA,GEORGIA,0.1642572,3639419.2859155647
549,2032,12,0.0,0.0,ID,IDAHO,0.1642572,0.0
550,2032,13,3909822.223142607,28494.663383828112,IL,ILLINOIS,0.1642572,642216450.8711798
551,2032,14,367602.4348725999,4225.694438767479,IN,INDIANA,0.1642572,60381346.665355615
552,2032,15,2118020.21431514,19598.036304689853,IA,IOWA,0.1642572,347900069.9468048
553,2032,16,170198.73192846737,2791.7222414459648,KS,KANSAS,0.1642572,27956367.15012065
554,2032,17,161854.39540243996,1523.863268434185,KY,KENTUCKY,0.1642572,26585749.796497658
555,2032,18,335218.7940934534,5971.21158095354,LA,LOUISIANA,0.1642572,55062100.50516719
556,2032,19,0.0,0.0,ME,MAINE,0.1642572,0.0
557,2032,20,22354.05819659817,296.7231516571431,MD,MARYLAND,0.1642572,3671815.0080102645
558,2032,21,0.0,0.0,MA,MASSACHUSETTS,0.1642572,0.0
559,2032,22,4001.757593645916,56.29556838023116,MI,MICHIGAN,0.1642572,657317.497411016
560,2032,23,244878.46327130144,3552.318662250156,MN,MINNESOTA,0.1642572,40223050.717246816
561,2032,24,166875.2774814195,2549.497094042081,MS,MISSISSIPPI,0.1642572,27410465.828321017
562,2032,25,3005407.5137001174,22499.271726239807,MO,MISSOURI,0.1642572,493659823.0593429
563,2032,26,589510.3263135355,13541.68489288294,MT,MONTANA,0.1642572,96831315.57134765
564,2032,27,28964.950253517607,1026.1026584799451,NE,NEBRASKA,0.1642572,4757701.626782091
565,2032,28,0.0,0.0,NV,NEVADA,0.1642572,0.0
566,2032,29,0.0,0.0,NH,NEW HAMPSHIRE,0.1642572,0.0
567,2032,30,52345.51569687622,477.7262324416702,NJ,NEW JERSEY,0.1642572,8598127.840924935
568,2032,31,0.0,0.0,NM,NEW MEXICO,0.1642572,0.0
569,2032,32,0.0,0.0,NY,NEW YORK,0.1642572,0.0
570,2032,33,15849.525333076308,630.7848090754129,NC,NORTH CAROLINA,0.1642572,2603398.6525401818
571,2032,34,275892.2496530932,5894.16149909817,ND,NORTH DAKOTA,0.1642572,45317288.42971806
572,2032,35,46060.22622248633,748.4782667727101,OH,OHIO,0.1642572,7565723.790672181
573,2032,36,9741.494662353767,275.9491503863214,OK,OKLAHOMA,0.1642572,1600110.6370531751
574,2032,37,0.0,0.0,OR,OREGON,0.1642572,0.0
575,2032,38,48675.47012624798,685.3929038845008,PA,PENNSYLVANIA,0.1642572,7995296.431621139
576,2032,39,0.0,0.0,RI,RHODE ISLAND,0.1642572,0.0
577,2032,40,0.0,0.0,SC,SOUTH CAROLINA,0.1642572,0.0
578,2032,41,1009933.8782163246,10066.237339605716,SD,SOUTH DAKOTA,0.1642572,165888911.02095446
579,2032,42,314414.02723288187,2808.6559009704883,TN,TENNESSEE,0.1642572,51644767.753996916
580,2032,43,23570.47037208784,1160.29281840824,TX,TEXAS,0.1642572,3871619.4660021067
581,2032,44,0.0,0.0,UT,UTAH,0.1642572,0.0
582,2032,45,0.0,0.0,VT,VERMONT,0.1642572,0.0
583,2032,46,0.0,0.0,VA,VIRGINIA,0.1642572,0.0
584,2032,47,0.0,0.0,WA,WASHINGTON,0.1642572,0.0
585,2032,48,0.0,0.0,WV,WEST VIRGINIA,0.1642572,0.0
586,2032,49,367651.9084148005,4403.249854241639,WI,WISCONSIN,0.1642572,60389473.05087156
587,2032,50,549747.6280111296,21581.94187170996,WY,WYOMING,0.1642572,90300006.08374971
588,2033,0,227125.45784374603,1777.270138677667,AL,ALABAMA,0.1614648,36672766.625648886
589,2033,2,0.0,0.0,AZ,ARIZONA,0.1614648,0.0
590,2033,3,346215.29342037544,8387.348604580204,AR,ARKANSAS,0.1614648,55901583.10906224
591,2033,4,0.0,0.0,CA,CALIFORNIA,0.1614648,0.0
592,2033,5,54885.168525912966,1619.7748324844988,CO,COLORADO,0.1614648,8862022.75900283
593,2033,6,0.0,0.0,CT,CONNECTICUT,0.1614648,0.0
594,2033,7,165238.41004643426,1000.9935392236282,DE,DELAWARE,0.1614648,26680186.830465496
595,2033,8,0.0,0.0,DC,DISTRICT OF COLUMBIA,0.1614648,0.0
596,2033,9,53670.94026727842,265.9305009956941,FL,FLORIDA,0.1614648,8665967.636068055
597,2033,10,596757.963430983,3470.359175286857,GA,GEORGIA,0.1614648,96355405.21379098
598,2033,12,0.0,0.0,ID,IDAHO,0.1614648,0.0
599,2033,13,239098.3437217223,1436.6494672249887,IL,ILLINOIS,0.1614648,38605966.249359146
600,2033,14,260906.6016667133,2253.127009429864,IN,INDIANA,0.1614648,42127232.256795526
601,2033,15,0.0,0.0,IA,IOWA,0.1614648,0.0
602,2033,16,9950.91035789968,190.4136861242414,KS,KANSAS,0.1614648,1606721.7507562004
603,2033,17,1452465.32714079,8897.462917173194,KY,KENTUCKY,0.1614648,234522023.5537222
604,2033,18,146834.33387476797,2632.884383186654,LA,LOUISIANA,0.1614648,23708576.352222633
605,2033,19,0.0,0.0,ME,MAINE,0.1614648,0.0
606,2033,20,176750.3947242197,988.9545525259938,MD,MARYLAND,0.1614648,28538967.134067185
607,2033,21,0.0,0.0,MA,MASSACHUSETTS,0.1614648,0.0
608,2033,22,751.6132975367517,35.19276315313024,MI,MICHIGAN,0.1614648,121359.0907641121
609,2033,23,4300.376713932575,65.65219440000388,MN,MINNESOTA,0.1614648,694359.4660397804
610,2033,24,437444.2422369999,5654.138452971267,MS,MISSISSIPPI,0.1614648,70631847.08394875
611,2033,25,500707.8302510933,2543.8734593212703,MO,MISSOURI,0.1614648,80846689.66992673
612,2033,26,211944.8659374062,5509.300830230703,MT,MONTANA,0.1614648,34221635.3896101
613,2033,27,6643.876877205275,115.50849686804996,NE,NEBRASKA,0.1614648,1072752.2512025742
614,2033,28,0.0,0.0,NV,NEVADA,0.1614648,0.0
615,2033,29,5.100734803602027,0.5991445203971462,NH,NEW HAMPSHIRE,0.1614648,823.5891249166405
616,2033,30,192406.8311037781,880.2455050990649,NJ,NEW JERSEY,0.1614648,31066930.502805308
617,2033,31,0.0,0.0,NM,NEW MEXICO,0.1614648,0.0
618,2033,32,2103.265666278914,40.67140864275818,NY,NEW YORK,0.1614648,339603.3701525916
619,2033,33,1123096.5337345172,6932.341567464448,NC,NORTH CAROLINA,0.1614648,181340557.20013705
620,2033,34,11351.660638907302,446.337658108321,ND,NORTH DAKOTA,0.1614648,1832893.6147290396
621,2033,35,1536309.0914353975,13099.481914269343,OH,OHIO,0.1614648,248059840.1867982
622,2033,36,43467.35661273101,867.8466630859472,OK,OKLAHOMA,0.1614648,7018448.04200329
623,2033,37,0.0,0.0,OR,OREGON,0.1614648,0.0
624,2033,38,389503.04329104256,3324.890941634288,PA,PENNSYLVANIA,0.1614648,62891030.98437953
625,2033,39,0.0,0.0,RI,RHODE ISLAND,0.1614648,0.0
626,2033,40,774931.6491093349,5001.6342210602415,SC,SOUTH CAROLINA,0.1614648,125124183.73710895
627,2033,41,10975.39049019031,179.09017496970966,SD,SOUTH DAKOTA,0.1614648,1772139.2304204802
628,2033,42,1010463.960569712,7594.031059046461,TN,TENNESSEE,0.1614648,163154361.30059645
629,2033,43,34491.84933258091,1713.2612816680144,TX,TEXAS,0.1614648,5569219.554115309
630,2033,44,0.0,0.0,UT,UTAH,0.1614648,0.0
631,2033,45,5003.6186328157,91.31050420401652,VT,VERMONT,0.1614648,807908.2818238604
632,2033,46,194420.5464766824,836.2913717359872,VA,VIRGINIA,0.1614648,31392074.652748227
633,2033,47,0.0,0.0,WA,WASHINGTON,0.1614648,0.0
634,2033,48,29446.370641511665,91.94914009834254,WV,WEST VIRGINIA,0.1614648,4754552.346357552
635,2033,49,0.0,0.0,WI,WISCONSIN,0.1614648,0.0
636,2033,50,500422.3068152594,20810.847315213712,WY,WYOMING,0.1614648,80800587.68546449
637,2034,0,0.0,0.0,AL,ALABAMA,0.1586724,0.0
638,2034,2,0.0,0.0,AZ,ARIZONA,0.1586724,0.0
639,2034,3,125018.34375328229,3353.1655084405256,AR,ARKANSAS,0.1586724,19836960.64735831
640,2034,4,0.0,0.0,CA,CALIFORNIA,0.1586724,0.0
641,2034,5,61888.35168230845,1829.372573879699,CO,COLORADO,0.1586724,9819973.293475918
642,2034,6,0.0,0.0,CT,CONNECTICUT,0.1586724,0.0
643,2034,7,17452.809642850658,331.6164471421214,DE,DELAWARE,0.1586724,2769279.192774256
644,2034,8,0.0,0.0,DC,DISTRICT OF COLUMBIA,0.1586724,0.0
645,2034,9,1059.725691643804,7.329454806403742,FL,FLORIDA,0.1586724,168149.21883478234
646,2034,10,2852.104592511719,39.29059525979334,GA,GEORGIA,0.1586724,452550.28074485646
647,2034,12,0.0,0.0,ID,IDAHO,0.1586724,0.0
648,2034,13,1462087.7379411624,7872.641744942008,IL,ILLINOIS,0.1586724,231992970.3896953
649,2034,14,1388767.4049963048,9662.613845291746,IN,INDIANA,0.1586724,220359057.19253564
650,2034,15,2081220.289893485,13720.901762143072,IA,IOWA,0.1586724,330232218.326095
651,2034,16,2298375.885593374,18314.653128475547,KS,KANSAS,0.1586724,364688817.86922604
652,2034,17,294928.7314324127,1742.567352979113,KY,KENTUCKY,0.1586724,46797049.64533635
653,2034,18,71427.5503636703,1289.7685714741604,LA,LOUISIANA,0.1586724,11333580.84232444
654,2034,19,0.0,0.0,ME,MAINE,0.1586724,0.0
655,2034,20,69381.1479858031,987.017858795684,MD,MARYLAND,0.1586724,11008873.265662543
656,2034,21,0.0,0.0,MA,MASSACHUSETTS,0.1586724,0.0
657,2034,22,106059.08134679352,1161.334920177321,MI,MICHIGAN,0.1586724,16828648.97909096
658,2034,23,1202262.894533716,10976.612357430176,MN,MINNESOTA,0.1586724,190765938.9066116
659,2034,24,28147.90460490661,437.86168077719685,MS,MISSISSIPPI,0.1586724,4466295.578631583
660,2034,25,3729376.205082167,21297.32382049359,MO,MISSOURI,0.1586724,591749072.9632796
661,2034,26,1006100.8989062498,23754.043853011743,MT,MONTANA,0.1586724,159640444.27161202
662,2034,27,1193032.315018984,14884.452697475515,NE,NEBRASKA,0.1586724,189301300.70161822
663,2034,28,0.0,0.0,NV,NEVADA,0.1586724,0.0
664,2034,29,0.0,0.0,NH,NEW HAMPSHIRE,0.1586724,0.0
665,2034,30,3921.262353052314,72.73138964935222,NJ,NEW JERSEY,0.1586724,622196.108588458
666,2034,31,0.0,0.0,NM,NEW MEXICO,0.1586724,0.0
667,2034,32,1041.0381568783175,12.861410176889992,NY,NEW YORK,0.1586724,165184.02284345913
668,2034,33,164598.41486664268,2529.186181854108,NC,NORTH CAROLINA,0.1586724,26117225.523085874
669,2034,34,441034.27167003136,8895.431625868596,ND,NORTH DAKOTA,0.1586724,69979966.36813588
670,2034,35,1675350.693146929,12021.740580729083,OH,OHIO,0.1586724,265831915.32328677
671,2034,36,235903.851326134,5062.866216090072,OK,OKLAHOMA,0.1586724,37431430.25916086
672,2034,37,0.0,0.0,OR,OREGON,0.1586724,0.0
673,2034,38,6830.403025891017,266.84939022538185,PA,PENNSYLVANIA,0.1586724,1083796.4410853898
674,2034,39,0.0,0.0,RI,RHODE ISLAND,0.1586724,0.0
675,2034,40,34778.16920946696,933.07251506619,SC,SOUTH CAROLINA,0.1586724,5518335.576072225
676,2034,41,2467390.5342517523,24711.574961631253,SD,SOUTH DAKOTA,0.1586724,391506777.80700773
677,2034,42,159815.44305091817,1290.9276772282274,TN,TENNESSEE,0.1586724,25358299.905952506
678,2034,43,41872.3376969076,2186.651630640584,TX,TEXAS,0.1586724,6643984.3159788
679,2034,44,0.0,0.0,UT,UTAH,0.1586724,0.0
680,2034,45,151.99674980858072,13.32893487660905,VT,VERMONT,0.1586724,24117.689084327045
681,2034,46,52975.87556630466,430.934545378436,VA,VIRGINIA,0.1586724,8405809.31820692
682,2034,47,0.0,0.0,WA,WASHINGTON,0.1586724,0.0
683,2034,48,0.0,0.0,WV,WEST VIRGINIA,0.1586724,0.0
684,2034,49,1365837.7587443343,7774.766276260143,WI,WISCONSIN,0.1586724,216720755.19058448
685,2034,50,592821.8635694603,24688.03352967297,WY,WYOMING,0.1586724,94064467.86503884
686,2035,0,182428.38654499632,1466.15958719763,AL,ALABAMA,0.15588,28436936.894634023
687,2035,2,0.0,0.0,AZ,ARIZONA,0.15588,0.0
688,2035,3,334245.37308611907,6782.648047637719,AR,ARKANSAS,0.15588,52102168.75666424
689,2035,4,0.0,0.0,CA,CALIFORNIA,0.15588,0.0
690,2035,5,44982.624093054925,1292.5025778968318,CO,COLORADO,0.15588,7011891.443625402
691,2035,6,0.0,0.0,CT,CONNECTICUT,0.15588,0.0
692,2035,7,39405.21908498872,457.9769790640084,DE,DELAWARE,0.15588,6142485.550968042
693,2035,8,0.0,0.0,DC,DISTRICT OF COLUMBIA,0.15588,0.0
694,2035,9,1827.0183085637896,18.212451277225018,FL,FLORIDA,0.15588,284795.6139389235
695,2035,10,15926.551133763352,189.6159753090409,GA,GEORGIA,0.15588,2482630.7907310314
696,2035,12,0.0,0.0,ID,IDAHO,0.15588,0.0
697,2035,13,724468.8245462031,5618.7676789611805,IL,ILLINOIS,0.15588,112930200.37026213
698,2035,14,524047.1101559839,7935.541231140956,IN,INDIANA,0.15588,81688463.53111476
699,2035,15,29119.85255857054,188.99891407826505,IA,IOWA,0.15588,4539202.6168299755
700,2035,16,18315.07785787928,147.63265546516723,KS,KANSAS,0.15588,2854954.336486222
701,2035,17,724020.9774589601,4285.150116482064,KY,KENTUCKY,0.15588,112860389.96630271
702,2035,18,127118.72531925685,2957.901906364504,LA,LOUISIANA,0.15588,19815266.902765755
703,2035,19,0.0,0.0,ME,MAINE,0.15588,0.0
704,2035,20,145571.52202343443,1099.7789912142105,MD,MARYLAND,0.15588,22691688.853012957
705,2035,21,0.0,0.0,MA,MASSACHUSETTS,0.15588,0.0
706,2035,22,85846.26928507065,1406.7369941469717,MI,MICHIGAN,0.15588,13381716.456156813
707,2035,23,383054.5116829579,4644.514424796462,MN,MINNESOTA,0.15588,59710537.28113947
708,2035,24,337850.4737022718,4043.81813922666,MS,MISSISSIPPI,0.15588,52664131.840710126
709,2035,25,897807.1866361401,5040.704058833034,MO,MISSOURI,0.15588,139950184.2528415
710,2035,26,859119.7163024545,20145.72957155527,MT,MONTANA,0.15588,133919581.37722659
711,2035,27,33118.59699774075,1036.704848407871,NE,NEBRASKA,0.15588,5162526.900007828
712,2035,28,0.0,0.0,NV,NEVADA,0.15588,0.0
713,2035,29,0.0,0.0,NH,NEW HAMPSHIRE,0.15588,0.0
714,2035,30,121219.645918403,851.6132015216489,NJ,NEW JERSEY,0.15588,18895718.405760657
715,2035,31,0.0,0.0,NM,NEW MEXICO,0.15588,0.0
716,2035,32,17020.82854398302,81.29111412285418,NY,NEW YORK,0.15588,2653206.753436073
717,2035,33,214199.79051883088,4423.283281976516,NC,NORTH CAROLINA,0.15588,33389463.346075352
718,2035,34,77780.25649181697,3501.233701937283,ND,NORTH DAKOTA,0.15588,12124386.38194443
719,2035,35,1004176.548314826,7047.807814946222,OH,OHIO,0.15588,156531040.35131508
720,2035,36,3948.0661390371474,95.5889495228539,OK,OKLAHOMA,0.15588,615424.5497531105
721,2035,37,0.0,0.0,OR,OREGON,0.15588,0.0
722,2035,38,469605.951934502,2828.0941877262685,PA,PENNSYLVANIA,0.15588,73202175.78755017
723,2035,39,0.0,0.0,RI,RHODE ISLAND,0.15588,0.0
724,2035,40,33372.372963353184,1958.182385691876,SC,SOUTH CAROLINA,0.15588,5202085.497527494
725,2035,41,932925.0523619126,10623.615980588012,SD,SOUTH DAKOTA,0.15588,145424357.16217494
726,2035,42,631437.8143840905,5468.10453764778,TN,TENNESSEE,0.15588,98428526.50619201
727,2035,43,20589.725994579618,1377.020937781654,TX,TEXAS,0.15588,3209526.4880350707
728,2035,44,0.0,0.0,UT,UTAH,0.15588,0.0
729,2035,45,11084.399966891531,120.06483236504404,VT,VERMONT,0.15588,1727836.2668390516
730,2035,46,36699.12232208805,262.08290871774966,VA,VIRGINIA,0.15588,5720659.187567085
731,2035,47,0.0,0.0,WA,WASHINGTON,0.15588,0.0
732,2035,48,125.87299615816195,2.59169664624663,WV,WEST VIRGINIA,0.15588,19621.082641134286
733,2035,49,263825.9674071466,1948.677575139173,WI,WISCONSIN,0.15588,41125191.799426004
734,2035,50,226643.8566266596,10208.776214845877,WY,WYOMING,0.15588,35329244.3709637
735,2036,0,77200.45193402012,1122.0991305640289,AL,ALABAMA,0.1580848,12204218.003899183
736,2036,2,0.0,0.0,AZ,ARIZONA,0.1580848,0.0
737,2036,3,231538.53388332616,6316.678052977502,AR,ARKANSAS,0.1580848,36602722.82123884
738,2036,4,0.0,0.0,CA,CALIFORNIA,0.1580848,0.0
739,2036,5,54928.99874130672,1698.6489435236692,CO,COLORADO,0.1580848,8683439.780219724
740,2036,6,0.0,0.0,CT,CONNECTICUT,0.1580848,0.0
741,2036,7,0.0,0.0,DE,DELAWARE,0.1580848,0.0
742,2036,8,0.0,0.0,DC,DISTRICT OF COLUMBIA,0.1580848,0.0
743,2036,9,673.1966153940314,22.69014716129224,FL,FLORIDA,0.1580848,106422.15230524237
744,2036,10,16315.376721346463,482.7434200155384,GA,GEORGIA,0.1580848,2579213.0659187115
745,2036,12,0.0,0.0,ID,IDAHO,0.1580848,0.0
746,2036,13,6591943.026335191,35790.35723178477,IL,ILLINOIS,0.1580848,1042085994.9295933
747,2036,14,2670914.0330129364,11991.3907111289,IN,INDIANA,0.1580848,422230910.72604346
748,2036,15,2837964.321512625,23046.19590712516,IA,IOWA,0.1580848,448639022.17345905
749,2036,16,2466048.788210023,18336.737198106108,KS,KANSAS,0.1580848,389844829.4744239
750,2036,17,1524738.73251133,6154.627264602518,KY,KENTUCKY,0.1580848,241038017.58130708
751,2036,18,290323.127417922,6933.644641319377,LA,LOUISIANA,0.1580848,45895673.53323672
752,2036,19,0.0,0.0,ME,MAINE,0.1580848,0.0
753,2036,20,0.0,0.0,MD,MARYLAND,0.1580848,0.0
754,2036,21,0.0,0.0,MA,MASSACHUSETTS,0.1580848,0.0
755,2036,22,184928.06025770144,1889.8423909191936,MI,MICHIGAN,0.1580848,29234315.42022668
756,2036,23,3793602.127897686,31845.172579491584,MN,MINNESOTA,0.1580848,599710833.6682801
757,2036,24,356798.36560983816,6265.317987386764,MS,MISSISSIPPI,0.1580848,56404398.267758146
758,2036,25,7126933.810720731,34522.23864911457,MO,MISSOURI,0.1580848,1126659906.0810246
759,2036,26,777447.9316886299,22746.683196344376,MT,MONTANA,0.1580848,122902700.79141071
760,2036,27,868611.5299110215,13696.618396218231,NE,NEBRASKA,0.1580848,137314279.98367783
761,2036,28,0.0,0.0,NV,NEVADA,0.1580848,0.0
762,2036,29,0.0,0.0,NH,NEW HAMPSHIRE,0.1580848,0.0
763,2036,30,0.0,0.0,NJ,NEW JERSEY,0.1580848,0.0
764,2036,31,0.0,0.0,NM,NEW MEXICO,0.1580848,0.0
765,2036,32,0.0,0.0,NY,NEW YORK,0.1580848,0.0
766,2036,33,202421.1732971936,3777.269285256486,NC,NORTH CAROLINA,0.1580848,31999710.69645219
767,2036,34,373067.9396857811,8221.457365993541,ND,NORTH DAKOTA,0.1580848,58976370.63163876
768,2036,35,955158.2450486294,5235.667570626457,OH,OHIO,0.1580848,150996000.13686356
769,2036,36,104496.24672704937,3078.5190074084826,OK,OKLAHOMA,0.1580848,16519268.264596254
770,2036,37,0.0,0.0,OR,OREGON,0.1580848,0.0
771,2036,38,275.86452373261994,3.933246516851479,PA,PENNSYLVANIA,0.1580848,43609.98806136648
772,2036,39,0.0,0.0,RI,RHODE ISLAND,0.1580848,0.0
773,2036,40,45155.80320506936,923.1878207008928,SC,SOUTH CAROLINA,0.1580848,7138446.118512748
774,2036,41,1960374.5766633167,24358.958090961693,SD,SOUTH DAKOTA,0.1580848,309905422.8769051
775,2036,42,633971.5999814068,5859.713933674092,TN,TENNESSEE,0.1580848,100221273.58874069
776,2036,43,54561.66327176829,3249.46191349548,TX,TEXAS,0.1580848,8625369.625984835
777,2036,44,0.0,0.0,UT,UTAH,0.1580848,0.0
778,2036,45,0.0,0.0,VT,VERMONT,0.1580848,0.0
779,2036,46,1111.1569538881242,17.825105232889513,VA,VIRGINIA,0.1580848,175657.02482401335
780,2036,47,0.0,0.0,WA,WASHINGTON,0.1580848,0.0
781,2036,48,0.0,0.0,WV,WEST VIRGINIA,0.1580848,0.0
782,2036,49,1077264.914618177,7198.537058409788,WI,WISCONSIN,0.1580848,170299208.5744316
783,2036,50,507673.3221177396,22792.74619438043,WY,WYOMING,0.1580848,80255435.59231845
784,2037,0,1088.8210748864471,40.49078321557972,AL,ALABAMA,0.1602896,174526.69456511864
785,2037,2,0.0,0.0,AZ,ARIZONA,0.1602896,0.0
786,2037,3,147612.68005644763,3334.2532733299577,AR,ARKANSAS,0.1602896,23660777.441175967
787,2037,4,0.0,0.0,CA,CALIFORNIA,0.1602896,0.0
788,2037,5,36866.77350689739,1093.4367266120378,CO,COLORADO,0.1602896,5909360.37871118
789,2037,6,0.0,0.0,CT,CONNECTICUT,0.1602896,0.0
790,2037,7,146858.36624219088,976.8326026652328,DE,DELAWARE,0.1602896,23539868.781614278
791,2037,8,0.0,0.0,DC,DISTRICT OF COLUMBIA,0.1602896,0.0
792,2037,9,0.0,0.0,FL,FLORIDA,0.1602896,0.0
793,2037,10,0.0,0.0,GA,GEORGIA,0.1602896,0.0
794,2037,12,0.0,0.0,ID,IDAHO,0.1602896,0.0
795,2037,13,4395161.79229798,27435.13548289565,IL,ILLINOIS,0.1602896,704498725.6227262
796,2037,14,1658531.3609704126,7168.489875734627,IN,INDIANA,0.1602896,265845328.43740308
797,2037,15,3832603.892998545,26440.904314567106,IA,IOWA,0.1602896,614326544.9671797
798,2037,16,887256.551593485,11407.361912290373,KS,KANSAS,0.1602896,142217997.75229907
799,2037,17,3257.7212481188526,43.289402358769244,KY,KENTUCKY,0.1602896,522178.8357724717
800,2037,18,374116.4233494625,5627.2734042030415,LA,LOUISIANA,0.1602896,59966971.85211601
801,2037,19,0.0,0.0,ME,MAINE,0.1602896,0.0
802,2037,20,198700.2186332935,1243.2595987425043,MD,MARYLAND,0.1602896,31849578.56464316
803,2037,21,0.0,0.0,MA,MASSACHUSETTS,0.1602896,0.0
804,2037,22,312030.4470561863,2760.509474026973,MI,MICHIGAN,0.1602896,50015235.54645728
805,2037,23,3775076.605895928,26578.562741686124,MN,MINNESOTA,0.1602896,605105519.128416
806,2037,24,193745.06798177224,1978.182939334812,MS,MISSISSIPPI,0.1602896,31055319.448771082
807,2037,25,2029226.9831703145,19923.75299572389,MO,MISSOURI,0.1602896,325263981.4415765
808,2037,26,479017.5107203415,12653.409949619652,MT,MONTANA,0.1602896,76781525.18635926
809,2037,27,497787.15584723593,9503.375209369782,NE,NEBRASKA,0.1602896,79790104.0958911
810,2037,28,0.0,0.0,NV,NEVADA,0.1602896,0.0
811,2037,29,13.376201059101584,0.5582937399634913,NH,NEW HAMPSHIRE,0.1602896,2144.065917282969
812,2037,30,117532.15489185216,640.6003273089642,NJ,NEW JERSEY,0.1602896,18839182.094753027
813,2037,31,0.0,0.0,NM,NEW MEXICO,0.1602896,0.0
814,2037,32,331.44467551759953,5.647890592794212,NY,NEW YORK,0.1602896,53127.13446084583
815,2037,33,48846.9195879851,869.443087667645,NC,NORTH CAROLINA,0.1602896,7829653.201990298
816,2037,34,277999.11577086104,4876.8588693271695,ND,NORTH DAKOTA,0.1602896,44560367.067265004
817,2037,35,587662.6510659861,4956.468300759049,OH,OHIO,0.1602896,94196211.27430649
818,2037,36,30391.958356169303,1305.412974117427,OK,OKLAHOMA,0.1602896,4871514.848127035
819,2037,37,0.0,0.0,OR,OREGON,0.1602896,0.0
820,2037,38,111891.37653293116,1205.2464503696158,PA,PENNSYLVANIA,0.1602896,17935023.987912923
821,2037,39,0.0,0.0,RI,RHODE ISLAND,0.1602896,0.0
822,2037,40,1277.817594058185,38.81611094562789,SC,SOUTH CAROLINA,0.1602896,204820.87102454886
823,2037,41,1096816.6225416567,11524.122934646548,SD,SOUTH DAKOTA,0.1602896,175808297.70055315
824,2037,42,0.0,0.0,TN,TENNESSEE,0.1602896,0.0
825,2037,43,18378.40377186431,982.0748514024896,TX,TEXAS,0.1602896,2945866.9892306216
826,2037,44,0.0,0.0,UT,UTAH,0.1602896,0.0
827,2037,45,22753.171583583407,234.7990572618889,VT,VERMONT,0.1602896,3647096.771863951
828,2037,46,6488.397884427854,77.82868445933312,VA,VIRGINIA,0.1602896,1040022.701535787
829,2037,47,0.0,0.0,WA,WASHINGTON,0.1602896,0.0
830,2037,48,1789.619514728343,19.97199114206412,WV,WEST VIRGINIA,0.1602896,286857.3961680002
831,2037,49,1532912.2043859742,8027.582300419619,WI,WISCONSIN,0.1602896,245709884.07614607
832,2037,50,325726.6606887772,19797.621799769924,WY,WYOMING,0.1602896,52210596.151139826
833,2038,0,360990.00243707537,2541.304208681019,AL,ALABAMA,0.1624943999999999,58658853.85201106
834,2038,2,0.0,0.0,AZ,ARIZONA,0.1624943999999999,0.0
835,2038,3,545819.6457187502,11338.120738943097,AR,ARKANSAS,0.1624943999999999,88692635.83928083
836,2038,4,0.0,0.0,CA,CALIFORNIA,0.1624943999999999,0.0
837,2038,5,42314.50730083534,1320.4098247977809,CO,COLORADO,0.1624943999999999,6875870.475144854
838,2038,6,0.0,0.0,CT,CONNECTICUT,0.1624943999999999,0.0
839,2038,7,0.0,0.0,DE,DELAWARE,0.1624943999999999,0.0
840,2038,8,0.0,0.0,DC,DISTRICT OF COLUMBIA,0.1624943999999999,0.0
841,2038,9,30628.29524702802,199.044220080354,FL,FLORIDA,0.1624943999999999,4976926.459188667
842,2038,10,72996.57752760124,1154.400846881027,GA,GEORGIA,0.1624943999999999,11861535.06740104
843,2038,12,0.0,0.0,ID,IDAHO,0.1624943999999999,0.0
844,2038,13,6838769.7185992,28126.816483265466,IL,ILLINOIS,0.1624943999999999,1111261782.161945
845,2038,14,2225274.377433772,8206.381297870825,IN,INDIANA,0.1624943999999999,361594624.7964741
846,2038,15,1002829.956871929,7755.594518724889,IA,IOWA,0.1624943999999999,162954252.1439299
847,2038,16,1675331.957708157,12354.26899958387,KS,KANSAS,0.1624943999999999,272232061.26861215
848,2038,17,883082.4423689354,3594.47962402292,KY,KENTUCKY,0.1624943999999999,143495951.62327465
849,2038,18,410344.1601248208,8022.394371314703,LA,LOUISIANA,0.1624943999999999,66678628.092986636
850,2038,19,0.0,0.0,ME,MAINE,0.1624943999999999,0.0
851,2038,20,66619.27752556169,286.5777474693636,MD,MARYLAND,0.1624943999999999,10825259.529949624
852,2038,21,0.0,0.0,MA,MASSACHUSETTS,0.1624943999999999,0.0
853,2038,22,359459.6973070899,3349.335739755077,MI,MICHIGAN,0.1624943999999999,58410187.838097155
854,2038,23,1396999.9126378796,20907.105043184783,MN,MINNESOTA,0.1624943999999999,227004662.6041445
855,2038,24,874565.8109656626,10866.839819327262,MS,MISSISSIPPI,0.1624943999999999,142112046.71337867
856,2038,25,3555934.960791928,18900.239212960405,MO,MISSOURI,0.1624943999999999,577819517.8929075
857,2038,26,689071.95035117,17659.746050165217,MT,MONTANA,0.1624943999999999,111970333.1291431
858,2038,27,197885.68369599868,3062.8361823447804,NE,NEBRASKA,0.1624943999999999,32155315.440771066
859,2038,28,0.0,0.0,NV,NEVADA,0.1624943999999999,0.0
860,2038,29,0.0,0.0,NH,NEW HAMPSHIRE,0.1624943999999999,0.0
861,2038,30,8263.456916538786,50.88466484002191,NJ,NEW JERSEY,0.1624943999999999,1342765.473578819
862,2038,31,0.0,0.0,NM,NEW MEXICO,0.1624943999999999,0.0
863,2038,32,59315.00624051388,411.910151490581,NY,NEW YORK,0.1624943999999999,9638356.350048553
864,2038,33,175921.4912887955,2144.489614232907,NC,NORTH CAROLINA,0.1624943999999999,28586257.174078032
865,2038,34,119092.94355063164,2841.9373793256145,ND,NORTH DAKOTA,0.1624943999999999,19351936.406493746
866,2038,35,1249568.5121440678,5329.194212667744,OH,OHIO,0.1624943999999999,203047885.63974288
867,2038,36,215371.76798689205,4215.442928648224,OK,OKLAHOMA,0.1624943999999999,34996706.21596921
868,2038,37,0.0,0.0,OR,OREGON,0.1624943999999999,0.0
869,2038,38,385013.0384988383,1866.467865413691,PA,PENNSYLVANIA,0.1624943999999999,62562462.683045596
870,2038,39,0.0,0.0,RI,RHODE ISLAND,0.1624943999999999,0.0
871,2038,40,68861.79842114297,1700.5488447070584,SC,SOUTH CAROLINA,0.1624943999999999,11189656.617364567
872,2038,41,1104139.1296009612,12660.781035844228,SD,SOUTH DAKOTA,0.1624943999999999,179416425.38103032
873,2038,42,894982.4426802904,6349.550015868028,TN,TENNESSEE,0.1624943999999999,145429635.0338681
874,2038,43,58390.62944035316,2804.794363086124,TX,TEXAS,0.1624943999999999,9488150.296532515
875,2038,44,0.0,0.0,UT,UTAH,0.1624943999999999,0.0
876,2038,45,15769.76853605206,190.0128245974193,VT,VERMONT,0.1624943999999999,2562499.0764046563
877,2038,46,24709.25133894452,131.71318177712322,VA,VIRGINIA,0.1624943999999999,4015114.970770984
878,2038,47,0.0,0.0,WA,WASHINGTON,0.1624943999999999,0.0
879,2038,48,0.0,0.0,WV,WEST VIRGINIA,0.1624943999999999,0.0
880,2038,49,1298578.8994597276,8827.674312785717,WI,WISCONSIN,0.1624943999999999,211011799.12036863
881,2038,50,266817.14582109824,15122.218659732556,WY,WYOMING,0.1624943999999999,43356292.01991184
882,2039,0,343724.8930075656,2303.786870745334,AL,ALABAMA,0.1646992,56611214.89843164
883,2039,2,0.0,0.0,AZ,ARIZONA,0.1646992,0.0
884,2039,3,451337.3675129714,8472.02181744415,AR,ARKANSAS,0.1646992,74334903.35949238
885,2039,4,0.0,0.0,CA,CALIFORNIA,0.1646992,0.0
886,2039,5,38409.60130643608,1250.9661390524652,CO,COLORADO,0.1646992,6326030.607488978
887,2039,6,0.0,0.0,CT,CONNECTICUT,0.1646992,0.0
888,2039,7,240823.888407086,982.7385967404858,DE,DELAWARE,0.1646992,39663501.76153633
889,2039,8,0.0,0.0,DC,DISTRICT OF COLUMBIA,0.1646992,0.0
890,2039,9,57864.00590068364,319.93678653216875,FL,FLORIDA,0.1646992,9530155.480637874
891,2039,10,195471.30689234115,1872.9160920315749,GA,GEORGIA,0.1646992,32193967.86812307
892,2039,12,0.0,0.0,ID,IDAHO,0.1646992,0.0
893,2039,13,6831979.827963361,36137.712895532924,IL,ILLINOIS,0.1646992,1125221612.0817032
894,2039,14,6791072.050109761,28170.82598047844,IN,INDIANA,0.1646992,1118484133.7954376
895,2039,15,526480.0614371735,6215.009433706569,IA,IOWA,0.1646992,86710844.93465331
896,2039,16,158878.7989842508,1925.613837080268,KS,KANSAS,0.1646992,26167211.08966692
897,2039,17,2422008.670058565,10617.07571012764,KY,KENTUCKY,0.1646992,398902890.3517096
898,2039,18,577488.3501712313,9664.890072175762,LA,LOUISIANA,0.1646992,95111869.28252165
899,2039,19,0.0,0.0,ME,MAINE,0.1646992,0.0
900,2039,20,576326.7242522018,2053.430876301095,MD,MARYLAND,0.1646992,94920550.42295823
901,2039,21,0.0,0.0,MA,MASSACHUSETTS,0.1646992,0.0
902,2039,22,932923.7688654194,4456.660557892858,MI,MICHIGAN,0.1646992,153651798.39311948
903,2039,23,917411.6986095709,16902.395865355957,MN,MINNESOTA,0.1646992,151096972.8316374
904,2039,24,1149197.2552687249,11301.529761315092,MS,MISSISSIPPI,0.1646992,189271868.58495477
905,2039,25,1343161.6436799988,8966.754165033184,MO,MISSOURI,0.1646992,221217648.18478087
906,2039,26,1042173.9443574778,22064.041151564583,MT,MONTANA,0.1646992,171645214.8965211
907,2039,27,10367.779409314417,249.9035666666809,NE,NEBRASKA,0.1646992,1707564.9744905569
908,2039,28,0.0,0.0,NV,NEVADA,0.1646992,0.0
909,2039,29,12.428552335508275,0.5174430353063806,NH,NEW HAMPSHIRE,0.1646992,2046.9726268163445
910,2039,30,261186.50393770443,1132.1992085446714,NJ,NEW JERSEY,0.1646992,43017208.24933677
911,2039,31,0.0,0.0,NM,NEW MEXICO,0.1646992,0.0
912,2039,32,106560.73608547891,659.1864627998001,NY,NEW YORK,0.1646992,17550467.984689508
913,2039,33,786974.3364843983,4638.625997217853,NC,NORTH CAROLINA,0.1646992,129614043.63951121
914,2039,34,52119.08895128372,2115.1787411628256,ND,NORTH DAKOTA,0.1646992,8583972.255005267
915,2039,35,9275918.950051583,32515.9204537204,OH,OHIO,0.1646992,1527736430.3383358
916,2039,36,60310.24905216639,1226.90373939734,OK,OKLAHOMA,0.1646992,9933049.770692563
917,2039,37,0.0,0.0,OR,OREGON,0.1646992,0.0
918,2039,38,1085997.946620911,5688.674905452414,PA,PENNSYLVANIA,0.1646992,178862993.0101067
919,2039,39,0.0,0.0,RI,RHODE ISLAND,0.1646992,0.0
920,2039,40,266569.1900501264,1958.617906689848,SC,SOUTH CAROLINA,0.1646992,43903732.34590378
921,2039,41,870898.7485572486,13115.915052362008,SD,SOUTH DAKOTA,0.1646992,143436327.16838
922,2039,42,963612.058110265,5874.669916506304,TN,TENNESSEE,0.1646992,158706135.08111414
923,2039,43,22097.024472757283,1193.035707900987,TX,TEXAS,0.1646992,3639362.2530435463
924,2039,44,0.0,0.0,UT,UTAH,0.1646992,0.0
925,2039,45,24999.06599146176,288.08477281509226,VT,VERMONT,0.1646992,4117326.1695409585
926,2039,46,170131.7864080519,936.7381196702308,VA,VIRGINIA,0.1646992,28020569.115977023
927,2039,47,0.0,0.0,WA,WASHINGTON,0.1646992,0.0
928,2039,48,198740.67665663443,676.9617453129804,WV,WEST VIRGINIA,0.1646992,32732430.45280636
929,2039,49,106641.36823679256,1274.9954526301244,WI,WISCONSIN,0.1646992,17563748.035505146
930,2039,50,508751.37716760807,23324.29719301848,WY,WYOMING,0.1646992,83790944.81840332
931,2040,0,621976.3801765059,3422.766061229141,AL,ALABAMA,0.166904,103810345.75697954
932,2040,2,0.0,0.0,AZ,ARIZONA,0.166904,0.0
933,2040,3,530126.8605094936,9639.582782549674,AR,ARKANSAS,0.166904,88480293.52647653
934,2040,4,0.0,0.0,CA,CALIFORNIA,0.166904,0.0
935,2040,5,43706.03713412187,1372.15219271345,CO,COLORADO,0.166904,7294712.421833477
936,2040,6,0.0,0.0,CT,CONNECTICUT,0.166904,0.0
937,2040,7,0.0,0.0,DE,DELAWARE,0.166904,0.0
938,2040,8,0.0,0.0,DC,DISTRICT OF COLUMBIA,0.166904,0.0
939,2040,9,43262.043028232685,355.0652795979929,FL,FLORIDA,0.166904,7220608.029584148
940,2040,10,195647.1137588265,2691.536625439996,GA,GEORGIA,0.166904,32654285.87480318
941,2040,12,0.0,0.0,ID,IDAHO,0.166904,0.0
942,2040,13,12147946.041421134,54720.29413710734,IL,ILLINOIS,0.166904,2027540786.097353
943,2040,14,5256046.819473325,29788.165170316297,IN,INDIANA,0.166904,877255238.357376
944,2040,15,10316262.436229218,53427.49929560911,IA,IOWA,0.166904,1721825465.6564014
945,2040,16,1692638.4248277063,12705.35630869754,KS,KANSAS,0.166904,282508123.65744346
946,2040,17,3032279.525878013,10914.872386245148,KY,KENTUCKY,0.166904,506099581.9871439
947,2040,18,716917.4686350959,9740.108642068488,LA,LOUISIANA,0.166904,119656393.18507203
948,2040,19,0.0,0.0,ME,MAINE,0.166904,0.0
949,2040,20,0.0,0.0,MD,MARYLAND,0.166904,0.0
950,2040,21,0.0,0.0,MA,MASSACHUSETTS,0.166904,0.0
951,2040,22,203452.56126045567,1889.039547002269,MI,MICHIGAN,0.166904,33957046.28461509
952,2040,23,4465848.486017415,38384.58737585599,MN,MINNESOTA,0.166904,745367975.7102506
953,2040,24,1418947.3756540073,13371.80080432594,MS,MISSISSIPPI,0.166904,236827992.78615642
954,2040,25,6721440.555540625,32801.15756941491,MO,MISSOURI,0.166904,1121835314.4819524
955,2040,26,805112.9963563657,21103.33110348941,MT,MONTANA,0.166904,134376579.54386285
956,2040,27,1021667.941215696,11829.361065654184,NE,NEBRASKA,0.166904,170520466.06066453
957,2040,28,0.0,0.0,NV,NEVADA,0.166904,0.0
958,2040,29,0.0,0.0,NH,NEW HAMPSHIRE,0.166904,0.0
959,2040,30,0.0,0.0,NJ,NEW JERSEY,0.166904,0.0
960,2040,31,0.0,0.0,NM,NEW MEXICO,0.166904,0.0
961,2040,32,0.0,0.0,NY,NEW YORK,0.166904,0.0
962,2040,33,234439.02948314612,1734.6888426804658,NC,NORTH CAROLINA,0.166904,39128811.77685502
963,2040,34,303744.1417144733,6078.86614580375,ND,NORTH DAKOTA,0.166904,50696112.228712454
964,2040,35,1542968.194447972,16097.30588536647,OH,OHIO,0.166904,257527563.52614433
965,2040,36,115801.13103508655,2715.47221929742,OK,OKLAHOMA,0.166904,19327671.974280085
966,2040,37,0.0,0.0,OR,OREGON,0.166904,0.0
967,2040,38,28858.70222796143,275.3605175862282,PA,PENNSYLVANIA,0.166904,4816632.8366556745
968,2040,39,0.0,0.0,RI,RHODE ISLAND,0.166904,0.0
969,2040,40,145415.37525991132,3530.5340039601388,SC,SOUTH CAROLINA,0.166904,24270407.79238024
970,2040,41,2550781.8904824294,21717.74998615964,SD,SOUTH DAKOTA,0.166904,425735700.6490794
971,2040,42,1470785.0678395615,6843.244439772059,TN,TENNESSEE,0.166904,245479910.96269417
972,2040,43,42965.45700166596,2076.436731859525,TX,TEXAS,0.166904,7171106.635406056
973,2040,44,0.0,0.0,UT,UTAH,0.166904,0.0
974,2040,45,18415.235255368527,124.45431527200545,VT,VERMONT,0.166904,3073576.4250620287
975,2040,46,4123.690458058418,37.77233654242372,VA,VIRGINIA,0.166904,688260.4322117822
976,2040,47,0.0,0.0,WA,WASHINGTON,0.166904,0.0
977,2040,48,36502.12036718041,132.51111753852146,WV,WEST VIRGINIA,0.166904,6092349.897763878
978,2040,49,355611.87619301776,4911.484222448857,WI,WISCONSIN,0.166904,59353044.58411944
979,2040,50,402620.82518848224,20845.96644094412,WY,WYOMING,0.166904,67199026.20725843
980,2041,0,112909.52530126176,1765.3951251523554,AL,ALABAMA,0.1674846,18910606.68127171
981,2041,2,0.0,0.0,AZ,ARIZONA,0.1674846,0.0
982,2041,3,632261.6632096256,11832.11428555487,AR,ARKANSAS,0.1674846,105894091.75799887
983,2041,4,0.0,0.0,CA,CALIFORNIA,0.1674846,0.0
984,2041,5,52811.47656841508,1576.207595434388,CO,COLORADO,0.1674846,8845109.028470373
985,2041,6,0.0,0.0,CT,CONNECTICUT,0.1674846,0.0
986,2041,7,6015.230838406885,105.21037096321032,DE,DELAWARE,0.1674846,1007458.5308782419
987,2041,8,0.0,0.0,DC,DISTRICT OF COLUMBIA,0.1674846,0.0
988,2041,9,692.8258927234283,44.88780942814431,FL,FLORIDA,0.1674846,116037.66751242631
989,2041,10,16979.088787620218,231.83927519346585,GA,GEORGIA,0.1674846,2843735.893959057
990,2041,12,0.0,0.0,ID,IDAHO,0.1674846,0.0
991,2041,13,9922715.205565486,54780.27191032507,IL,ILLINOIS,0.1674846,1661901987.1180534
992,2041,14,6715771.062962361,35939.92766401611,IN,INDIANA,0.1674846,1124788230.171826
993,2041,15,4148421.073314969,42704.610585202274,IA,IOWA,0.1674846,694796644.0957283
994,2041,16,678126.0218802427,6965.645643707026,KS,KANSAS,0.1674846,113575665.5242037
995,2041,17,2611087.3192835795,12172.052097306032,KY,KENTUCKY,0.1674846,437316915.2352826
996,2041,18,271588.7363551448,6190.874047353025,LA,LOUISIANA,0.1674846,45486930.87294689
997,2041,19,0.0,0.0,ME,MAINE,0.1674846,0.0
998,2041,20,16554.762668059182,294.3627304376881,MD,MARYLAND,0.1674846,2772667.803554825
999,2041,21,0.0,0.0,MA,MASSACHUSETTS,0.1674846,0.0
1000,2041,22,247749.4705731172,2423.16588947688,MI,MICHIGAN,0.1674846,41494220.97915031
1001,2041,23,2860627.384423481,35090.66332915382,MN,MINNESOTA,0.1674846,479111033.229213
1002,2041,24,494579.253216614,9063.906210727087,MS,MISSISSIPPI,0.1674846,82834408.39328332
1003,2041,25,2288179.2792831403,17939.083529872252,MO,MISSOURI,0.1674846,383234791.31902504
1004,2041,26,992360.3834591014,21780.270814063315,MT,MONTANA,0.1674846,166205081.87949422
1005,2041,27,310863.8858289903,5251.1178670635945,NE,NEBRASKA,0.1674846,52064913.57251412
1006,2041,28,0.0,0.0,NV,NEVADA,0.1674846,0.0
1007,2041,29,2.344567681266654,0.4765922330665856,NH,NEW HAMPSHIRE,0.1674846,392.678980269873
1008,2041,30,54910.72971555703,723.220668560197,NJ,NEW JERSEY,0.1674846,9196701.602118183
1009,2041,31,0.0,0.0,NM,NEW MEXICO,0.1674846,0.0
1010,2041,32,146021.62642604724,1074.5066783218251,NY,NEW YORK,0.1674846,24456373.693315953
1011,2041,33,601843.2241922502,7655.940796397522,NC,NORTH CAROLINA,0.1674846,100799471.66654934
1012,2041,34,118340.98855786596,2855.465273010527,ND,NORTH DAKOTA,0.1674846,19820293.13221876
1013,2041,35,2138504.4965825765,17791.83360222399,OH,OHIO,0.1674846,358166570.2083342
1014,2041,36,162070.86657858724,3188.609772172981,OK,OKLAHOMA,0.1674846,27144374.260568053
1015,2041,37,0.0,0.0,OR,OREGON,0.1674846,0.0
1016,2041,38,366234.2426345534,3015.315389701973,PA,PENNSYLVANIA,0.1674846,61338595.633951135
1017,2041,39,0.0,0.0,RI,RHODE ISLAND,0.1674846,0.0
1018,2041,40,129964.98551417496,1855.4818952354697,SC,SOUTH CAROLINA,0.1674846,21767133.612847388
1019,2041,41,1521342.2708602855,18059.86742913773,SD,SOUTH DAKOTA,0.1674846,254801401.69812658
1020,2041,42,866657.183695323,5799.173601988754,TN,TENNESSEE,0.1674846,145151731.74833772
1021,2041,43,25389.38763959521,1197.1551572969236,TX,TEXAS,0.1674846,4252331.433062549
1022,2041,44,0.0,0.0,UT,UTAH,0.1674846,0.0
1023,2041,45,22602.59281113561,288.8110569130153,VT,VERMONT,0.1674846,3785586.2159359236
1024,2041,46,51766.90441406408,462.942828558698,VA,VIRGINIA,0.1674846,8670159.279027758
1025,2041,47,0.0,0.0,WA,WASHINGTON,0.1674846,0.0
1026,2041,48,60317.84041399618,607.4781150096496,WV,WEST VIRGINIA,0.1674846,10102309.374601984
1027,2041,49,1056079.295608444,9833.24309767615,WI,WISCONSIN,0.1674846,176877018.393262
1028,2041,50,612791.908439279,25062.724504050373,WY,WYOMING,0.1674846,102633207.66818927
1029,2042,0,347871.9647203301,2221.8390798151345,AL,ALABAMA,0.1680652,58465171.32511521
1030,2042,2,0.0,0.0,AZ,ARIZONA,0.1680652,0.0
1031,2042,3,316103.66555294325,6803.211452442294,AR,ARKANSAS,0.1680652,53126025.77188852
1032,2042,4,0.0,0.0,CA,CALIFORNIA,0.1680652,0.0
1033,2042,5,39057.37098810083,1307.5303097600065,CO,COLORADO,0.1680652,6564184.866589365
1034,2042,6,0.0,0.0,CT,CONNECTICUT,0.1680652,0.0
1035,2042,7,102857.52433240975,830.9047783836386,DE,DELAWARE,0.1680652,17286770.398431312
1036,2042,8,0.0,0.0,DC,DISTRICT OF COLUMBIA,0.1680652,0.0
1037,2042,9,22093.676843475056,288.6014516292265,FL,FLORIDA,0.1680652,3713178.217434004
1038,2042,10,130077.14328419424,1552.717895162607,GA,GEORGIA,0.1680652,21861441.10148676
1039,2042,12,0.0,0.0,ID,IDAHO,0.1680652,0.0
1040,2042,13,7641023.661819743,49250.60154939884,IL,ILLINOIS,0.1680652,1284190169.9284675
1041,2042,14,4135421.3633862864,25111.57417017511,IN,INDIANA,0.1680652,695020418.5217888
1042,2042,15,10775901.005529594,54922.14003507842,IA,IOWA,0.1680652,1811053957.6745324
1043,2042,16,1223314.457326378,12575.167343957151,KS,KANSAS,0.1680652,205596588.93344915
1044,2042,17,1211114.042405352,8037.885142144969,KY,KENTUCKY,0.1680652,203546123.75966397
1045,2042,18,419233.5112302456,8386.733100275815,LA,LOUISIANA,0.1680652,70458563.91161346
1046,2042,19,0.0,0.0,ME,MAINE,0.1680652,0.0
1047,2042,20,308661.8570318499,1857.843850813424,MD,MARYLAND,0.1680652,51875316.73442926
1048,2042,21,0.0,0.0,MA,MASSACHUSETTS,0.1680652,0.0
1049,2042,22,998204.0973429508,4990.311544767128,MI,MICHIGAN,0.1680652,167763371.26076248
1050,2042,23,4995151.694571323,36680.02842958865,MN,MINNESOTA,0.1680652,839511168.5784682
1051,2042,24,904313.6987947111,10822.60458863206,MS,MISSISSIPPI,0.1680652,151983662.65067288
1052,2042,25,4265994.400504721,29524.33365049964,MO,MISSOURI,0.1680652,716965202.119706
1053,2042,26,935059.5635140478,21378.5013398999,MT,MONTANA,0.1680652,157150972.55390114
1054,2042,27,989383.04658357,11592.4710363347,NE,NEBRASKA,0.1680652,166280859.600677
1055,2042,28,0.0,0.0,NV,NEVADA,0.1680652,0.0
1056,2042,29,919.703786806246,11.638974728153594,NH,NEW HAMPSHIRE,0.1680652,154570.20087034907
1057,2042,30,167420.10490155348,1017.6298178394172,NJ,NEW JERSEY,0.1680652,28137493.414300565
1058,2042,31,0.0,0.0,NM,NEW MEXICO,0.1680652,0.0
1059,2042,32,201723.98451250253,1197.149327111077,NY,NEW YORK,0.1680652,33902781.80189064
1060,2042,33,1492931.1623348272,9558.163984728832,NC,NORTH CAROLINA,0.1680652,250909774.3840352
1061,2042,34,469873.3679646687,8663.289136836001,ND,NORTH DAKOTA,0.1680652,78969361.56165564
1062,2042,35,2329872.301228199,16276.856484983817,OH,OHIO,0.1680652,391570454.2803775
1063,2042,36,126407.96077037876,3233.8397118102475,OK,OKLAHOMA,0.1680652,21244779.208465863
1064,2042,37,0.0,0.0,OR,OREGON,0.1680652,0.0
1065,2042,38,487871.87268394826,3483.1227127519624,PA,PENNSYLVANIA,0.1680652,81994283.8570023
1066,2042,39,0.0,0.0,RI,RHODE ISLAND,0.1680652,0.0
1067,2042,40,659392.8932405369,5675.182561175229,SC,SOUTH CAROLINA,0.1680652,110820998.4810495
1068,2042,41,2508044.657729863,21572.469298441378,SD,SOUTH DAKOTA,0.1680652,421515027.010301
1069,2042,42,754707.8083195179,5445.527974620378,TN,TENNESSEE,0.1680652,126840118.74678142
1070,2042,43,27806.451729925684,1434.7730165215523,TX,TEXAS,0.1680652,4673296.871280306
1071,2042,44,0.0,0.0,UT,UTAH,0.1680652,0.0
1072,2042,45,45754.69316818218,288.670021046772,VT,VERMONT,0.1680652,7689771.658249171
1073,2042,46,169394.0120716701,757.5752504612615,VA,VIRGINIA,0.1680652,28469238.517627645
1074,2042,47,0.0,0.0,WA,WASHINGTON,0.1680652,0.0
1075,2042,48,33521.75493465871,331.7382158677426,WV,WEST VIRGINIA,0.1680652,5633840.447444403
1076,2042,49,1510951.9135816912,8000.035800135965,WI,WISCONSIN,0.1680652,253938435.54648966
1077,2042,50,499823.4532724556,22734.550799340926,WY,WYOMING,0.1680652,84002928.63892591
1078,2043,0,0.0,0.0,AL,ALABAMA,0.1686458,0.0
1079,2043,2,0.0,0.0,AZ,ARIZONA,0.1686458,0.0
1080,2043,3,281921.5029853764,6619.659879418668,AR,ARKANSAS,0.1686458,47544877.4081712
1081,2043,4,0.0,0.0,CA,CALIFORNIA,0.1686458,0.0
1082,2043,5,51638.8304576192,1561.3988707589897,CO,COLORADO,0.1686458,8708671.873589557
1083,2043,6,0.0,0.0,CT,CONNECTICUT,0.1686458,0.0
1084,2043,7,0.0,0.0,DE,DELAWARE,0.1686458,0.0
1085,2043,8,0.0,0.0,DC,DISTRICT OF COLUMBIA,0.1686458,0.0
1086,2043,9,0.0,0.0,FL,FLORIDA,0.1686458,0.0
1087,2043,10,0.0,0.0,GA,GEORGIA,0.1686458,0.0
1088,2043,12,0.0,0.0,ID,IDAHO,0.1686458,0.0
1089,2043,13,8323468.204939872,47016.47994394704,IL,ILLINOIS,0.1686458,1403717954.1966488
1090,2043,14,922449.7527449572,7251.069310092215,IN,INDIANA,0.1686458,155567276.5114755
1091,2043,15,7126899.065818914,53045.54532395374,IA,IOWA,0.1686458,1201921594.4742835
1092,2043,16,425007.6519259802,6355.787451689248,KS,KANSAS,0.1686458,71675755.46517847
1093,2043,17,101470.68651759632,991.1468968354204,KY,KENTUCKY,0.1686458,17112605.104309246
1094,2043,18,253571.86066140703,4751.457068461095,LA,LOUISIANA,0.1686458,42763829.29873152
1095,2043,19,0.0,0.0,ME,MAINE,0.1686458,0.0
1096,2043,20,0.0,0.0,MD,MARYLAND,0.1686458,0.0
1097,2043,21,0.0,0.0,MA,MASSACHUSETTS,0.1686458,0.0
1098,2043,22,290568.1152574549,2318.541712858545,MI,MICHIGAN,0.1686458,49003092.25208569
1099,2043,23,3728980.628420637,37914.22391265111,MN,MINNESOTA,0.1686458,628876921.2645011
1100,2043,24,165437.89214346046,2607.003120913,MS,MISSISSIPPI,0.1686458,27900405.670847606
1101,2043,25,2582041.7964625345,23768.4903548385,MO,MISSOURI,0.1686458,435450504.3978613
1102,2043,26,1051224.1492503765,22259.62347628073,MT,MONTANA,0.1686458,177284537.62964916
1103,2043,27,397656.5024367473,7706.605181402307,NE,NEBRASKA,0.1686458,67063098.9786472
1104,2043,28,0.0,0.0,NV,NEVADA,0.1686458,0.0
1105,2043,29,0.0,0.0,NH,NEW HAMPSHIRE,0.1686458,0.0
1106,2043,30,0.0,0.0,NJ,NEW JERSEY,0.1686458,0.0
1107,2043,31,0.0,0.0,NM,NEW MEXICO,0.1686458,0.0
1108,2043,32,15922.324595350474,140.93728231535357,NY,NEW YORK,0.1686458,2685233.169242557
1109,2043,33,0.0,0.0,NC,NORTH CAROLINA,0.1686458,0.0
1110,2043,34,461003.17934153584,8938.461563981544,ND,NORTH DAKOTA,0.1686458,77746249.9825968
1111,2043,35,1589.9017939746277,89.28666263216546,OH,OHIO,0.1686458,268130.2599662863
1112,2043,36,176187.00067796902,3629.670112073406,OK,OKLAHOMA,0.1686458,29713197.678936627
1113,2043,37,0.0,0.0,OR,OREGON,0.1686458,0.0
1114,2043,38,0.0,0.0,PA,PENNSYLVANIA,0.1686458,0.0
1115,2043,39,0.0,0.0,RI,RHODE ISLAND,0.1686458,0.0
1116,2043,40,0.0,0.0,SC,SOUTH CAROLINA,0.1686458,0.0
1117,2043,41,1864595.3176496453,20830.975897158685,SD,SOUTH DAKOTA,0.1686458,314456169.02127856
1118,2043,42,218608.94014210376,1354.8398426890365,TN,TENNESSEE,0.1686458,36867479.597417206
1119,2043,43,30277.335571840616,1534.262938346981,TX,TEXAS,0.1686458,5106145.479381518
1120,2043,44,0.0,0.0,UT,UTAH,0.1686458,0.0
1121,2043,45,0.0,0.0,VT,VERMONT,0.1686458,0.0
1122,2043,46,0.0,0.0,VA,VIRGINIA,0.1686458,0.0
1123,2043,47,0.0,0.0,WA,WASHINGTON,0.1686458,0.0
1124,2043,48,0.0,0.0,WV,WEST VIRGINIA,0.1686458,0.0
1125,2043,49,1313763.7061285628,10153.271168240652,WI,WISCONSIN,0.1686458,221560731.23101637
1126,2043,50,534824.107373807,23516.258549330687,WY,WYOMING,0.1686458,90195839.44734159
1127,2044,0,26675.571878042327,540.4088624744375,AL,ALABAMA,0.1692264,4514210.996862342
1128,2044,2,0.0,0.0,AZ,ARIZONA,0.1692264,0.0
1129,2044,3,336925.4412040028,9172.548229398815,AR,ARKANSAS,0.1692264,57016679.48336506
1130,2044,4,0.0,0.0,CA,CALIFORNIA,0.1692264,0.0
1131,2044,5,26708.366506724087,773.5641257043295,CO,COLORADO,0.1692264,4519760.713813493
1132,2044,6,0.0,0.0,CT,CONNECTICUT,0.1692264,0.0
1133,2044,7,20678.2737798294,391.2720654226807,DE,DELAWARE,0.1692264,3499309.8299749224
1134,2044,8,0.0,0.0,DC,DISTRICT OF COLUMBIA,0.1692264,0.0
1135,2044,9,17519.876569355405,299.5640969321767,FL,FLORIDA,0.1692264,2964825.6402763654
1136,2044,10,22374.605408585976,583.1354061463347,GA,GEORGIA,0.1692264,3786373.924715534
1137,2044,12,0.0,0.0,ID,IDAHO,0.1692264,0.0
1138,2044,13,5694611.15289299,39219.29179251421,IL,ILLINOIS,0.1692264,963678544.8039303
1139,2044,14,1150715.6799190645,8764.27989940386,IN,INDIANA,0.1692264,194731471.93625557
1140,2044,15,3961106.558952223,35083.71652968678,IA,IOWA,0.1692264,670323802.9878725
1141,2044,16,975310.5831320068,9047.570504622836,KS,KANSAS,0.1692264,165048298.86533022
1142,2044,17,1708430.9093553077,7418.851160097425,KY,KENTUCKY,0.1692264,289111612.438925
1143,2044,18,95923.7228601272,2192.515811011649,LA,LOUISIANA,0.1692264,16232826.294217031
1144,2044,19,0.0,0.0,ME,MAINE,0.1692264,0.0
1145,2044,20,8082.964305650745,132.48895653950663,MD,MARYLAND,0.1692264,1367850.950773775
1146,2044,21,0.0,0.0,MA,MASSACHUSETTS,0.1692264,0.0
1147,2044,22,8650.757364971087,101.6634446934562,MI,MICHIGAN,0.1692264,1463936.526147543
1148,2044,23,3182087.857062739,33672.09677451592,MN,MINNESOTA,0.1692264,538493272.5344418
1149,2044,24,341545.831909788,5601.267409162565,MS,MISSISSIPPI,0.1692264,57798571.56909855
1150,2044,25,1943234.4875498684,19467.567774224848,MO,MISSOURI,0.1692264,328846576.68390906
1151,2044,26,892325.0771492082,19232.033510221503,MT,MONTANA,0.1692264,151004960.43568277
1152,2044,27,632244.8199197656,9885.424159791904,NE,NEBRASKA,0.1692264,106992514.79367022
1153,2044,28,0.0,0.0,NV,NEVADA,0.1692264,0.0
1154,2044,29,0.0,0.0,NH,NEW HAMPSHIRE,0.1692264,0.0
1155,2044,30,6826.712735580435,96.39711554159392,NJ,NEW JERSEY,0.1692264,1155260.020076429
1156,2044,31,0.0,0.0,NM,NEW MEXICO,0.1692264,0.0
1157,2044,32,3690.984082871374,130.31171598078635,NY,NEW YORK,0.1692264,624611.9488016244
1158,2044,33,244.90574595113287,13.823422776179964,NC,NORTH CAROLINA,0.1692264,41444.51772662479
1159,2044,34,75706.48882404459,3064.276095716317,ND,NORTH DAKOTA,0.1692264,12811536.560333299
1160,2044,35,67667.10609190882,932.4178141007452,OH,OHIO,0.1692264,11451060.762351798
1161,2044,36,63724.71036973718,2308.201463035304,OK,OKLAHOMA,0.1692264,10783903.326913292
1162,2044,37,0.0,0.0,OR,OREGON,0.1692264,0.0
1163,2044,38,28475.52330500161,254.6175751924084,PA,PENNSYLVANIA,0.1692264,4818810.297021524
1164,2044,39,0.0,0.0,RI,RHODE ISLAND,0.1692264,0.0
1165,2044,40,38961.27458091969,1031.776643691745,SC,SOUTH CAROLINA,0.1692264,6593276.236740548
1166,2044,41,1435119.0771310695,19696.32132838729,SD,SOUTH DAKOTA,0.1692264,242860034.9942132
1167,2044,42,856355.2083699738,5362.810292018996,TN,TENNESSEE,0.1692264,144917909.03370053
1168,2044,43,10366.351623059829,608.9301490725836,TX,TEXAS,0.1692264,1754260.366304572
1169,2044,44,0.0,0.0,UT,UTAH,0.1692264,0.0
1170,2044,45,9.76359294970238,0.4699908769391877,VT,VERMONT,0.1692264,1652.257685943515
1171,2044,46,0.0,0.0,VA,VIRGINIA,0.1692264,0.0
1172,2044,47,0.0,0.0,WA,WASHINGTON,0.1692264,0.0
1173,2044,48,1266.6373535262517,25.95592415904649,WV,WEST VIRGINIA,0.1692264,214348.47944277487
1174,2044,49,72266.1925558905,1170.472506111287,WI,WISCONSIN,0.1692264,12229347.607940149
1175,2044,50,499392.31558187975,21144.253365088385,WY,WYOMING,0.1692264,84510363.75358541
1176,2045,0,0.0,0.0,AL,ALABAMA,0.169807,0.0
1177,2045,2,0.0,0.0,AZ,ARIZONA,0.169807,0.0
1178,2045,3,474084.9607553768,14086.687824453702,AR,ARKANSAS,0.169807,80502944.93098827
1179,2045,4,0.0,0.0,CA,CALIFORNIA,0.169807,0.0
1180,2045,5,19311.87274055344,914.011028869628,CO,COLORADO,0.169807,3279291.174455159
1181,2045,6,0.0,0.0,CT,CONNECTICUT,0.169807,0.0
1182,2045,7,0.0,0.0,DE,DELAWARE,0.169807,0.0
1183,2045,8,0.0,0.0,DC,DISTRICT OF COLUMBIA,0.169807,0.0
1184,2045,9,0.0,0.0,FL,FLORIDA,0.169807,0.0
1185,2045,10,0.0,0.0,GA,GEORGIA,0.169807,0.0
1186,2045,12,0.0,0.0,ID,IDAHO,0.169807,0.0
1187,2045,13,13464068.802007632,53225.86694678351,IL,ILLINOIS,0.169807,2286293131.0625105
1188,2045,14,5463707.864528847,31175.56607789137,IN,INDIANA,0.169807,927775841.35205
1189,2045,15,11124520.108882504,54374.82850762097,IA,IOWA,0.169807,1889021386.1290114
1190,2045,16,1594493.8127652835,14675.48751765503,KS,KANSAS,0.169807,270756210.8642345
1191,2045,17,687436.0822897337,4420.33857615017,KY,KENTUCKY,0.169807,116731458.82537282
1192,2045,18,372209.2567463986,8763.905595606528,LA,LOUISIANA,0.169807,63203737.260335706
1193,2045,19,0.0,0.0,ME,MAINE,0.169807,0.0
1194,2045,20,0.0,0.0,MD,MARYLAND,0.169807,0.0
1195,2045,21,0.0,0.0,MA,MASSACHUSETTS,0.169807,0.0
1196,2045,22,1119112.2928841496,5253.089972377074,MI,MICHIGAN,0.169807,190033101.1177788
1197,2045,23,4083815.0838281135,36346.32688298987,MN,MINNESOTA,0.169807,693460387.9396006
1198,2045,24,492901.98593762633,8271.714173458578,MS,MISSISSIPPI,0.169807,83698207.52611053
1199,2045,25,6801193.926766308,33398.74514704656,MO,MISSOURI,0.169807,1154890337.1224065
1200,2045,26,670301.1081497917,18973.280756779743,MT,MONTANA,0.169807,113821820.2715917
1201,2045,27,543807.2336595657,9657.602318371382,NE,NEBRASKA,0.169807,92342274.92602988
1202,2045,28,0.0,0.0,NV,NEVADA,0.169807,0.0
1203,2045,29,0.0,0.0,NH,NEW HAMPSHIRE,0.169807,0.0
1204,2045,30,77818.70909841084,519.6291863056136,NJ,NEW JERSEY,0.169807,13214161.535873849
1205,2045,31,0.0,0.0,NM,NEW MEXICO,0.169807,0.0
1206,2045,32,49103.767467950034,751.4469022130041,NY,NEW YORK,0.169807,8338163.442430192
1207,2045,33,6.062330034523864,15.511068696051847,NC,NORTH CAROLINA,0.169807,1029.4260761723938
1208,2045,34,106406.97266483564,3359.8693484547457,ND,NORTH DAKOTA,0.169807,18068648.807297748
1209,2045,35,3530190.48297952,19696.747215476367,OH,OHIO,0.169807,599451055.3433034
1210,2045,36,266219.7832967995,6029.818610453681,OK,OKLAHOMA,0.169807,45205982.74227964
1211,2045,37,0.0,0.0,OR,OREGON,0.169807,0.0
1212,2045,38,361320.6050594287,3337.026030541802,PA,PENNSYLVANIA,0.169807,61354767.98332642
1213,2045,39,0.0,0.0,RI,RHODE ISLAND,0.169807,0.0
1214,2045,40,0.0,0.0,SC,SOUTH CAROLINA,0.169807,0.0
1215,2045,41,2210847.1414991254,21317.002184493373,SD,SOUTH DAKOTA,0.169807,375417320.55654204
1216,2045,42,546043.7484318719,4409.194704095628,TN,TENNESSEE,0.169807,92722050.78997087
1217,2045,43,18958.541477005485,1181.744925244489,TX,TEXAS,0.169807,3219293.0525858705
1218,2045,44,0.0,0.0,UT,UTAH,0.169807,0.0
1219,2045,45,0.0,0.0,VT,VERMONT,0.169807,0.0
1220,2045,46,0.0,0.0,VA,VIRGINIA,0.169807,0.0
1221,2045,47,0.0,0.0,WA,WASHINGTON,0.169807,0.0
1222,2045,48,1075.397879157132,108.1351744008096,WV,WEST VIRGINIA,0.169807,182610.08766603514
1223,2045,49,2377483.4149678946,10543.444354719031,WI,WISCONSIN,0.169807,403713326.2454533
1224,2045,50,345804.7739117115,20907.85765667221,WY,WYOMING,0.169807,58720071.243626
1225,2046,0,676244.4051131482,4256.187521932607,AL,ALABAMA,0.170139,115055546.84154594
1226,2046,2,0.0,0.0,AZ,ARIZONA,0.170139,0.0
1227,2046,3,1056036.480103131,18346.777910522407,AR,ARKANSAS,0.170139,179672990.6882666
1228,2046,4,0.0,0.0,CA,CALIFORNIA,0.170139,0.0
1229,2046,5,20275.72536105699,789.9996016059762,CO,COLORADO,0.170139,3449691.6372048757
1230,2046,6,0.0,0.0,CT,CONNECTICUT,0.170139,0.0
1231,2046,7,2702.5835856274634,146.79544325079928,DE,DELAWARE,0.170139,459814.86867507105
1232,2046,8,0.0,0.0,DC,DISTRICT OF COLUMBIA,0.170139,0.0
1233,2046,9,35785.683311844514,351.2273153454204,FL,FLORIDA,0.170139,6088540.372993914
1234,2046,10,198024.0165835904,1683.2035925873756,GA,GEORGIA,0.170139,33691608.15751549
1235,2046,12,0.0,0.0,ID,IDAHO,0.170139,0.0
1236,2046,13,9177163.526084444,50817.258958703904,IL,ILLINOIS,0.170139,1561393425.1644814
1237,2046,14,995181.9400118164,9867.663957228167,IN,INDIANA,0.170139,169319260.09167045
1238,2046,15,10473117.737251151,54417.77910520462,IA,IOWA,0.170139,1781885778.698174
1239,2046,16,2122070.361446284,15391.382982619936,KS,KANSAS,0.170139,361046929.2261094
1240,2046,17,1864023.440746688,10816.441693253477,KY,KENTUCKY,0.170139,317143084.1852008
1241,2046,18,415606.647972307,9329.611388680016,LA,LOUISIANA,0.170139,70710899.47936034
1242,2046,19,0.0,0.0,ME,MAINE,0.170139,0.0
1243,2046,20,17372.4462139058,400.5585855656258,MD,MARYLAND,0.170139,2955730.626387719
1244,2046,21,0.0,0.0,MA,MASSACHUSETTS,0.170139,0.0
1245,2046,22,346795.83339760266,2719.9384093897806,MI,MICHIGAN,0.170139,59003496.29843473
1246,2046,23,5867769.68554543,42024.01893109812,MN,MINNESOTA,0.170139,998336466.5290139
1247,2046,24,1407281.9851483302,14919.489670594436,MS,MISSISSIPPI,0.170139,239433549.67115176
1248,2046,25,7497731.078332012,34117.19835901332,MO,MISSOURI,0.170139,1275656467.93633
1249,2046,26,736451.2319012047,19373.31125937324,MT,MONTANA,0.170139,125299076.14443907
1250,2046,27,999346.7330574888,11939.902634198248,NE,NEBRASKA,0.170139,170027853.8156681
1251,2046,28,0.0,0.0,NV,NEVADA,0.170139,0.0
1252,2046,29,0.0,0.0,NH,NEW HAMPSHIRE,0.170139,0.0
1253,2046,30,5566.055503544276,115.62865291171796,NJ,NEW JERSEY,0.170139,947003.1173175196
1254,2046,31,0.0,0.0,NM,NEW MEXICO,0.170139,0.0
1255,2046,32,15861.257302361832,269.5451480796992,NY,NEW YORK,0.170139,2698618.45616654
1256,2046,33,3875.1280371275807,158.49471971869045,NC,NORTH CAROLINA,0.170139,659310.4091088495
1257,2046,34,407961.78344218025,9380.346733696351,ND,NORTH DAKOTA,0.170139,69410209.87306912
1258,2046,35,196548.6393390468,3614.426377368305,OH,OHIO,0.170139,33440588.948506083
1259,2046,36,320922.6691785572,6238.675767989546,OK,OKLAHOMA,0.170139,54601462.01137054
1260,2046,37,0.0,0.0,OR,OREGON,0.170139,0.0
1261,2046,38,64077.99112640671,661.7463034534528,PA,PENNSYLVANIA,0.170139,10902165.332255714
1262,2046,39,0.0,0.0,RI,RHODE ISLAND,0.170139,0.0
1263,2046,40,128822.42478473442,1253.5179035657443,SC,SOUTH CAROLINA,0.170139,21917718.53044993
1264,2046,41,2474944.7721611066,22084.069876815352,SD,SOUTH DAKOTA,0.170139,421084628.59071857
1265,2046,42,1710499.8903654553,9254.485314476413,TN,TENNESSEE,0.170139,291022740.84688824
1266,2046,43,28691.67885049252,1502.6264210368192,TX,TEXAS,0.170139,4881573.547943948
1267,2046,44,0.0,0.0,UT,UTAH,0.170139,0.0
1268,2046,45,0.0,0.0,VT,VERMONT,0.170139,0.0
1269,2046,46,0.0,0.0,VA,VIRGINIA,0.170139,0.0
1270,2046,47,0.0,0.0,WA,WASHINGTON,0.170139,0.0
1271,2046,48,47353.85688662613,463.9724085033539,WV,WEST VIRGINIA,0.170139,8056737.856833682
1272,2046,49,2107960.3732585525,10545.619131971947,WI,WISCONSIN,0.170139,358646269.9458369
1273,2046,50,349953.9597304214,17443.715328682603,WY,WYOMING,0.170139,59540816.75457417
1274,2047,0,560478.979761401,3691.649193579843,AL,ALABAMA,0.170471,95545412.15890579
1275,2047,2,0.0,0.0,AZ,ARIZONA,0.170471,0.0
1276,2047,3,515511.1603731972,10174.260386832568,AR,ARKANSAS,0.170471,87879703.01997931
1277,2047,4,0.0,0.0,CA,CALIFORNIA,0.170471,0.0
1278,2047,5,29494.54748972268,973.441616295916,CO,COLORADO,0.170471,5027965.005120516
1279,2047,6,0.0,0.0,CT,CONNECTICUT,0.170471,0.0
1280,2047,7,196519.49425786128,927.3189787279006,DE,DELAWARE,0.170471,33500874.705631875
1281,2047,8,0.0,0.0,DC,DISTRICT OF COLUMBIA,0.170471,0.0
1282,2047,9,1776.0251531644203,143.2400998363535,FL,FLORIDA,0.170471,302760.7838850919
1283,2047,10,242395.08861311217,2171.9147805129387,GA,GEORGIA,0.170471,41321333.15096585
1284,2047,12,0.0,0.0,ID,IDAHO,0.170471,0.0
1285,2047,13,12019201.471057145,53148.9525551811,IL,ILLINOIS,0.170471,2048925293.9725826
1286,2047,14,2305221.92635828,15919.300906672674,IN,INDIANA,0.170471,392973487.00822234
1287,2047,15,6773727.308182543,46582.53755832904,IA,IOWA,0.170471,1154724067.9531863
1288,2047,16,514931.463908835,4509.139620087796,KS,KANSAS,0.170471,87780881.58400302
1289,2047,17,2335626.5648195143,10985.681336834336,KY,KENTUCKY,0.170471,398156596.1313474
1290,2047,18,6320.02271010183,546.1894399690925,LA,LOUISIANA,0.170471,1077380.5914137692
1291,2047,19,0.0,0.0,ME,MAINE,0.170471,0.0
1292,2047,20,286964.92788927094,1631.1096236439696,MD,MARYLAND,0.170471,48919198.22221191
1293,2047,21,0.0,0.0,MA,MASSACHUSETTS,0.170471,0.0
1294,2047,22,445718.1032429144,5088.293421400824,MI,MICHIGAN,0.170471,75982010.77792287
1295,2047,23,3275285.0583165227,34491.679319857074,MN,MINNESOTA,0.170471,558341119.176276
1296,2047,24,604400.2768531692,9532.533714285422,MS,MISSISSIPPI,0.170471,103032719.59543662
1297,2047,25,6409142.384249498,30132.600171941205,MO,MISSOURI,0.170471,1092572911.3853962
1298,2047,26,609352.4835552684,18817.874112489983,MT,MONTANA,0.170471,103876927.22415017
1299,2047,27,407440.9000368889,8115.020390295298,NE,NEBRASKA,0.170471,69456857.67018849
1300,2047,28,0.0,0.0,NV,NEVADA,0.170471,0.0
1301,2047,29,0.0,0.0,NH,NEW HAMPSHIRE,0.170471,0.0
1302,2047,30,51125.471415223576,531.0807257819511,NJ,NEW JERSEY,0.170471,8715410.237624578
1303,2047,31,0.0,0.0,NM,NEW MEXICO,0.170471,0.0
1304,2047,32,178124.70636168213,1629.2165027451338,NY,NEW YORK,0.170471,30365096.818182316
1305,2047,33,1163920.0823984905,7553.307397620501,NC,NORTH CAROLINA,0.170471,198414620.36655307
1306,2047,34,10377.2716444728,720.9006211062504,ND,NORTH DAKOTA,0.170471,1769023.874504923
1307,2047,35,2946317.8197357617,18494.14290732955,OH,OHIO,0.170471,502261745.04817504
1308,2047,36,3959.5466879908754,187.45782622193423,OK,OKLAHOMA,0.170471,674987.8834484926
1309,2047,37,0.0,0.0,OR,OREGON,0.170471,0.0
1310,2047,38,344846.10030035995,3137.576778132007,PA,PENNSYLVANIA,0.170471,58786259.56430267
1311,2047,39,0.0,0.0,RI,RHODE ISLAND,0.170471,0.0
1312,2047,40,1329294.9379146602,7090.317434405014,SC,SOUTH CAROLINA,0.170471,226606237.36125004
1313,2047,41,535639.5459129116,12289.13886378744,SD,SOUTH DAKOTA,0.170471,91311009.03131998
1314,2047,42,2203654.538131056,9982.30099160095,TN,TENNESSEE,0.170471,375659192.7697393
1315,2047,43,2115.552278793049,97.353191357418,TX,TEXAS,0.170471,360640.3125181299
1316,2047,44,0.0,0.0,UT,UTAH,0.170471,0.0
1317,2047,45,10637.115489887969,254.09129332939764,VT,VERMONT,0.170471,1813319.714676692
1318,2047,46,68203.70101478486,500.496109475708,VA,VIRGINIA,0.170471,11626753.11569139
1319,2047,47,0.0,0.0,WA,WASHINGTON,0.170471,0.0
1320,2047,48,4939.998484508866,305.20865895304524,WV,WEST VIRGINIA,0.170471,842126.4816527108
1321,2047,49,1455449.9374998934,11716.56498258293,WI,WISCONSIN,0.170471,248112006.29554436
1322,2047,50,407368.1541322321,18202.61236916601,WY,WYOMING,0.170471,69444456.60307574
1323,2048,0,516850.4415421845,3753.556868561568,AL,ALABAMA,0.170803,88279605.96672975
1324,2048,2,0.0,0.0,AZ,ARIZONA,0.170803,0.0
1325,2048,3,803142.2785405937,16431.694427727347,AR,ARKANSAS,0.170803,137179110.60156903
1326,2048,4,0.0,0.0,CA,CALIFORNIA,0.170803,0.0
1327,2048,5,49883.800202579056,1448.1244058595914,CO,COLORADO,0.170803,8520302.726001112
1328,2048,6,0.0,0.0,CT,CONNECTICUT,0.170803,0.0
1329,2048,7,0.0,0.0,DE,DELAWARE,0.170803,0.0
1330,2048,8,0.0,0.0,DC,DISTRICT OF COLUMBIA,0.170803,0.0
1331,2048,9,32020.11152032503,384.0353181173464,FL,FLORIDA,0.170803,5469131.108006077
1332,2048,10,148613.02569044317,1741.2722509158225,GA,GEORGIA,0.170803,25383550.62700477
1333,2048,12,0.0,0.0,ID,IDAHO,0.170803,0.0
1334,2048,13,4260701.710473787,34155.34398771021,IL,ILLINOIS,0.170803,727740634.2540543
1335,2048,14,1192161.9103893302,9165.31985100628,IN,INDIANA,0.170803,203624830.78022876
1336,2048,15,3359154.264877182,30183.567561660937,IA,IOWA,0.170803,573753625.9038173
1337,2048,16,302026.31509341387,3249.4189335384326,KS,KANSAS,0.170803,51587000.696900375
1338,2048,17,1539260.297426803,8464.11045969474,KY,KENTUCKY,0.170803,262910276.58139026
1339,2048,18,740463.9562004625,12945.10296672668,LA,LOUISIANA,0.170803,126473465.11090761
1340,2048,19,0.0,0.0,ME,MAINE,0.170803,0.0
1341,2048,20,5891.412874400603,50.25368830723135,MD,MARYLAND,0.170803,1006270.9931862461
1342,2048,21,0.0,0.0,MA,MASSACHUSETTS,0.170803,0.0
1343,2048,22,148593.43784185554,1668.1210941364432,MI,MICHIGAN,0.170803,25380204.963702455
1344,2048,23,1057906.0371070353,20054.299234866725,MN,MINNESOTA,0.170803,180693524.85599294
1345,2048,24,1428856.8497958917,15150.72535934021,MS,MISSISSIPPI,0.170803,244053036.5156877
1346,2048,25,2306950.300636527,17125.90971623671,MO,MISSOURI,0.170803,394034032.1996208
1347,2048,26,776860.3432700313,21516.931300202952,MT,MONTANA,0.170803,132690077.21155114
1348,2048,27,825870.0162403281,13393.1015784181,NE,NEBRASKA,0.170803,141061076.38389677
1349,2048,28,0.0,0.0,NV,NEVADA,0.170803,0.0
1350,2048,29,0.0,0.0,NH,NEW HAMPSHIRE,0.170803,0.0
1351,2048,30,0.0,0.0,NJ,NEW JERSEY,0.170803,0.0
1352,2048,31,0.0,0.0,NM,NEW MEXICO,0.170803,0.0
1353,2048,32,38596.93996427497,376.93820259567485,NY,NEW YORK,0.170803,6592473.136718059
1354,2048,33,892547.4752518587,6629.749022828778,NC,NORTH CAROLINA,0.170803,152449786.41544324
1355,2048,34,84162.47487362659,3680.57610766268,ND,NORTH DAKOTA,0.170803,14375203.195840044
1356,2048,35,497579.32468766,4546.259945680218,OH,OHIO,0.170803,84988041.3946264
1357,2048,36,73122.29676439796,2633.732429988173,OK,OKLAHOMA,0.170803,12489507.654249467
1358,2048,37,0.0,0.0,OR,OREGON,0.170803,0.0
1359,2048,38,54853.22815759888,403.1086855352305,PA,PENNSYLVANIA,0.170803,9369095.929002363
1360,2048,39,0.0,0.0,RI,RHODE ISLAND,0.170803,0.0
1361,2048,40,487670.9398575824,5007.31928325883,SC,SOUTH CAROLINA,0.170803,83295659.54049465
1362,2048,41,887722.370892628,13835.868196417365,SD,SOUTH DAKOTA,0.170803,151625644.11557356
1363,2048,42,1650996.0230723647,9069.58921604781,TN,TENNESSEE,0.170803,281995073.72882915
1364,2048,43,51952.3255221204,2709.591587108692,TX,TEXAS,0.170803,8873613.056154732
1365,2048,44,0.0,0.0,UT,UTAH,0.170803,0.0
1366,2048,45,0.0,0.0,VT,VERMONT,0.170803,0.0
1367,2048,46,7088.996448903542,96.58294931515135,VA,VIRGINIA,0.170803,1210821.8604620718
1368,2048,47,0.0,0.0,WA,WASHINGTON,0.170803,0.0
1369,2048,48,20.762775169591936,6.552900897528988,WV,WEST VIRGINIA,0.170803,3546.3442872918117
1370,2048,49,316824.6714599739,3236.458067243215,WI,WISCONSIN,0.170803,54114604.35937793
1371,2048,50,462983.10151157103,21717.07033064528,WY,WYOMING,0.170803,79078902.68748088
1372,2049,0,29243.68113094821,644.4486745026431,AL,ALABAMA,0.171135,5004617.370344822
1373,2049,2,0.0,0.0,AZ,ARIZONA,0.171135,0.0
1374,2049,3,38874.469540825055,1435.8133542762307,AR,ARKANSAS,0.171135,6652782.344869096
1375,2049,4,0.0,0.0,CA,CALIFORNIA,0.171135,0.0
1376,2049,5,53171.79199406542,1596.0228071854517,CO,COLORADO,0.171135,9099554.622904386
1377,2049,6,0.0,0.0,CT,CONNECTICUT,0.171135,0.0
1378,2049,7,28340.97443037526,304.4247855747201,DE,DELAWARE,0.171135,4850132.659142271
1379,2049,8,0.0,0.0,DC,DISTRICT OF COLUMBIA,0.171135,0.0
1380,2049,9,0.0,0.0,FL,FLORIDA,0.171135,0.0
1381,2049,10,868.6147127964865,34.5488804874186,GA,GEORGIA,0.171135,148650.37887442674
1382,2049,12,0.0,0.0,ID,IDAHO,0.171135,0.0
1383,2049,13,1417390.7358819102,15935.816860275523,IL,ILLINOIS,0.171135,242565163.5851507
1384,2049,14,234142.178978776,2389.8768658258523,IN,INDIANA,0.171135,40069921.79953283
1385,2049,15,1790113.4769715583,21820.22869227864,IA,IOWA,0.171135,306351069.88152766
1386,2049,16,866332.1783277981,12632.550262958152,KS,KANSAS,0.171135,148259757.33812773
1387,2049,17,119702.60598072472,833.1932002385104,KY,KENTUCKY,0.171135,20485305.474511325
1388,2049,18,546238.6945133838,12987.084997025766,LA,LOUISIANA,0.171135,93480558.98554793
1389,2049,19,0.0,0.0,ME,MAINE,0.171135,0.0
1390,2049,20,44848.34236740061,272.8882970951229,MD,MARYLAND,0.171135,7675121.0710451035
1391,2049,21,0.0,0.0,MA,MASSACHUSETTS,0.171135,0.0
1392,2049,22,84729.06264255289,983.18501987811,MI,MICHIGAN,0.171135,14500108.135333288
1393,2049,23,1047675.1545436964,19842.15289907893,MN,MINNESOTA,0.171135,179293887.5728355
1394,2049,24,347572.42438436433,5985.622350479407,MS,MISSISSIPPI,0.171135,59481806.84701819
1395,2049,25,1511556.5435941718,16763.829131021113,MO,MISSOURI,0.171135,258680229.0879886
1396,2049,26,715163.897190952,19668.580652475204,MT,MONTANA,0.171135,122389573.54577357
1397,2049,27,537785.3830392563,8554.022453504516,NE,NEBRASKA,0.171135,92033901.52642314
1398,2049,28,0.0,0.0,NV,NEVADA,0.171135,0.0
1399,2049,29,0.0,0.0,NH,NEW HAMPSHIRE,0.171135,0.0
1400,2049,30,13117.87875556394,201.70372140716992,NJ,NEW JERSEY,0.171135,2244928.1808334347
1401,2049,31,0.0,0.0,NM,NEW MEXICO,0.171135,0.0
1402,2049,32,0.0,0.0,NY,NEW YORK,0.171135,0.0
1403,2049,33,94465.26115746892,1350.2467463859866,NC,NORTH CAROLINA,0.171135,16166312.468183443
1404,2049,34,455.47779658047546,7.802717796624029,ND,NORTH DAKOTA,0.171135,77948.19271779967
1405,2049,35,66328.80697712259,1661.0057721868604,OH,OHIO,0.171135,11351180.382029874
1406,2049,36,62984.23596915396,1887.8135994386184,OK,OKLAHOMA,0.171135,10778807.222581165
1407,2049,37,0.0,0.0,OR,OREGON,0.171135,0.0
1408,2049,38,15691.679564045126,311.4246711884749,PA,PENNSYLVANIA,0.171135,2685395.582192863
1409,2049,39,0.0,0.0,RI,RHODE ISLAND,0.171135,0.0
1410,2049,40,73676.87315802982,808.1940124359239,SC,SOUTH CAROLINA,0.171135,12608691.687899435
1411,2049,41,219495.36522107688,6445.577828182034,SD,SOUTH DAKOTA,0.171135,37563339.327108994
1412,2049,42,293562.6034129031,2759.8737315403405,TN,TENNESSEE,0.171135,50238836.13506717
1413,2049,43,43344.53648036964,2154.625144575129,TX,TEXAS,0.171135,7417767.250568059
1414,2049,44,0.0,0.0,UT,UTAH,0.171135,0.0
1415,2049,45,0.0,0.0,VT,VERMONT,0.171135,0.0
1416,2049,46,150.88678374580846,5.062482621602338,VA,VIRGINIA,0.171135,25822.009736338932
1417,2049,47,0.0,0.0,WA,WASHINGTON,0.171135,0.0
1418,2049,48,0.0,0.0,WV,WEST VIRGINIA,0.171135,0.0
1419,2049,49,169903.0674498222,3160.8001836969843,WI,WISCONSIN,0.171135,29076361.448025327
1420,2049,50,456748.90712432086,22261.10409054832,WY,WYOMING,0.171135,78165724.22072065
1421,2050,0,151880.96265588375,1385.7778570684843,AL,ALABAMA,0.171467,26042573.023716424
1422,2050,2,0.0,0.0,AZ,ARIZONA,0.171467,0.0
1423,2050,3,538192.1183141402,13153.487878258537,AR,ARKANSAS,0.171467,92282187.95097068
1424,2050,4,0.0,0.0,CA,CALIFORNIA,0.171467,0.0
1425,2050,5,48975.76441063901,1658.1475987957533,CO,COLORADO,0.171467,8397727.39619904
1426,2050,6,0.0,0.0,CT,CONNECTICUT,0.171467,0.0
1427,2050,7,64356.7960292048,446.83987448612027,DE,DELAWARE,0.171467,11035066.744739661
1428,2050,8,0.0,0.0,DC,DISTRICT OF COLUMBIA,0.171467,0.0
1429,2050,9,33094.68922486788,251.7657887174569,FL,FLORIDA,0.171467,5674647.07732042
1430,2050,10,94146.91926052824,1011.1710332016822,GA,GEORGIA,0.171467,16143089.804844998
1431,2050,12,0.0,0.0,ID,IDAHO,0.171467,0.0
1432,2050,13,1174797.2568572694,9886.501149827824,IL,ILLINOIS,0.171467,201438961.24154544
1433,2050,14,1129122.1275606523,7421.32110039598,IN,INDIANA,0.171467,193607183.84644237
1434,2050,15,16044.0865339049,594.5478023819761,IA,IOWA,0.171467,2751031.3857090715
1435,2050,16,306509.66632301826,4508.650998115764,KS,KANSAS,0.171467,52556292.955408975
1436,2050,17,1235177.5456719508,5770.927694382167,KY,KENTUCKY,0.171467,211792188.2237324
1437,2050,18,304190.4225254777,6871.347016518974,LA,LOUISIANA,0.171467,52158619.17917609
1438,2050,19,0.0,0.0,ME,MAINE,0.171467,0.0
1439,2050,20,196235.17439932088,1110.2477490785398,MD,MARYLAND,0.171467,33647856.648728356
1440,2050,21,0.0,0.0,MA,MASSACHUSETTS,0.171467,0.0
1441,2050,22,474641.1054408501,3195.517996539187,MI,MICHIGAN,0.171467,81385286.42662625
1442,2050,23,1034729.0603383048,12624.30121056086,MN,MINNESOTA,0.171467,177421887.78902814
1443,2050,24,868426.3135194944,10862.116824896784,MS,MISSISSIPPI,0.171467,148906454.70024717
1444,2050,25,2004036.545518469,12444.619546935846,MO,MISSOURI,0.171467,343626134.35041535
1445,2050,26,1020970.70111106,23355.35189373546,MT,MONTANA,0.171467,175062783.20741013
1446,2050,27,31827.93997527822,1193.6516954553822,NE,NEBRASKA,0.171467,5457441.383741031
1447,2050,28,0.0,0.0,NV,NEVADA,0.171467,0.0
1448,2050,29,0.0,0.0,NH,NEW HAMPSHIRE,0.171467,0.0
1449,2050,30,206027.32528254035,1077.2580689453698,NJ,NEW JERSEY,0.171467,35326887.384221345
1450,2050,31,0.0,0.0,NM,NEW MEXICO,0.171467,0.0
1451,2050,32,80595.40321816511,993.5330283823538,NY,NEW YORK,0.171467,13819452.003609119
1452,2050,33,816016.8400634085,7189.584635359768,NC,NORTH CAROLINA,0.171467,139919959.51515248
1453,2050,34,59580.60095599783,1997.0207262911167,ND,NORTH DAKOTA,0.171467,10216106.904122079
1454,2050,35,2021639.866445939,17374.632948306265,OH,OHIO,0.171467,346644522.9798859
1455,2050,36,171305.05435462235,3587.7877390567346,OK,OKLAHOMA,0.171467,29373163.75502403
1456,2050,37,0.0,0.0,OR,OREGON,0.171467,0.0
1457,2050,38,273813.704355136,3077.710145906515,PA,PENNSYLVANIA,0.171467,46950014.44466212
1458,2050,39,0.0,0.0,RI,RHODE ISLAND,0.171467,0.0
1459,2050,40,101288.17556821623,1832.992015124684,SC,SOUTH CAROLINA,0.171467,17367579.600155335
1460,2050,41,628655.5433059086,8884.542691326205,SD,SOUTH DAKOTA,0.171467,107793680.04403423
1461,2050,42,1237870.6476269595,7041.756542795038,TN,TENNESSEE,0.171467,212253966.3366519
1462,2050,43,27592.58708845148,2189.9480674028464,TX,TEXAS,0.171467,4731218.13029551
1463,2050,44,0.0,0.0,UT,UTAH,0.171467,0.0
1464,2050,45,14779.629734505126,250.3645275934497,VT,VERMONT,0.171467,2534218.7716863905
1465,2050,46,83665.75351299324,450.9222036415039,VA,VIRGINIA,0.171467,14345915.757612411
1466,2050,47,0.0,0.0,WA,WASHINGTON,0.171467,0.0
1467,2050,48,63179.06116745215,524.766160821228,WV,WEST VIRGINIA,0.171467,10833124.081199517
1468,2050,49,191421.929978878,1983.25749589468,WI,WISCONSIN,0.171467,32822544.067688275
1469,2050,50,639789.6942723955,26507.38136357237,WY,WYOMING,0.171467,109702819.50780484
1470,2051,0,654095.9501291404,4259.46138169824,AL,ALABAMA,0.1760326,115142210.75070292
1471,2051,2,0.0,0.0,AZ,ARIZONA,0.1760326,0.0
1472,2051,3,930463.5469674168,16459.608610449402,AR,ARKANSAS,0.1760326,163791917.3778965
1473,2051,4,0.0,0.0,CA,CALIFORNIA,0.1760326,0.0
1474,2051,5,30036.01952106558,1458.684504408026,CO,COLORADO,0.1760326,5287318.609943929
1475,2051,6,0.0,0.0,CT,CONNECTICUT,0.1760326,0.0
1476,2051,7,12627.175487292345,261.23410228846353,DE,DELAWARE,0.1760326,2222794.5316843386
1477,2051,8,0.0,0.0,DC,DISTRICT OF COLUMBIA,0.1760326,0.0
1478,2051,9,24769.761500667933,372.5184085847324,FL,FLORIDA,0.1760326,4360285.518342478
1479,2051,10,208657.87243987943,2164.7796324147635,GA,GEORGIA,0.1760326,36730587.796060316
1480,2051,12,0.0,0.0,ID,IDAHO,0.1760326,0.0
1481,2051,13,9033644.13089098,41355.95699562394,IL,ILLINOIS,0.1760326,1590215863.8354795
1482,2051,14,6645617.193825522,28646.062142399704,IN,INDIANA,0.1760326,1169845273.2338107
1483,2051,15,5160598.988287006,41968.59372682437,IA,IOWA,0.1760326,908433657.4655311
1484,2051,16,1969675.8062286293,14280.086927009144,KS,KANSAS,0.1760326,346727153.32752186
1485,2051,17,2080765.808867388,8085.07126119033,KY,KENTUCKY,0.1760326,366282615.3260294
1486,2051,18,771108.4181306041,15526.392774186956,LA,LOUISIANA,0.1760326,135740219.72541738
1487,2051,19,0.0,0.0,ME,MAINE,0.1760326,0.0
1488,2051,20,5560.249649938046,80.95162749239574,MD,MARYLAND,0.1760326,978785.2025276842
1489,2051,21,0.0,0.0,MA,MASSACHUSETTS,0.1760326,0.0
1490,2051,22,872243.2944543613,4804.322375665324,MI,MICHIGAN,0.1760326,153543254.95536682
1491,2051,23,761491.2020995369,9752.428769415608,MN,MINNESOTA,0.1760326,134047276.18270695
1492,2051,24,1591793.9176884815,15832.401696190293,MS,MISSISSIPPI,0.1760326,280207621.99488944
1493,2051,25,7478582.044236289,34490.83269078625,MO,MISSOURI,0.1760326,1316474241.560229
1494,2051,26,781446.8947338099,23896.409083758168,MT,MONTANA,0.1760326,137560128.64191887
1495,2051,27,566550.8965754705,9526.493350864816,NE,NEBRASKA,0.1760326,99731427.35651116
1496,2051,28,0.0,0.0,NV,NEVADA,0.1760326,0.0
1497,2051,29,0.0,0.0,NH,NEW HAMPSHIRE,0.1760326,0.0
1498,2051,30,19621.23577313062,228.6469540404874,NJ,NEW JERSEY,0.1760326,3453977.148357193
1499,2051,31,0.0,0.0,NM,NEW MEXICO,0.1760326,0.0
1500,2051,32,57890.90982282284,498.1375380974954,NY,NEW YORK,0.1760326,10190687.372477043
1501,2051,33,1744380.5813700664,11159.02990704522,NC,NORTH CAROLINA,0.1760326,307067849.12808436
1502,2051,34,0.0,0.0,ND,NORTH DAKOTA,0.1760326,0.0
1503,2051,35,4813509.522001639,24858.89394994416,OH,OHIO,0.1760326,847334596.2827058
1504,2051,36,293709.0237840314,5704.506220598127,OK,OKLAHOMA,0.1760326,51702363.10016489
1505,2051,37,0.0,0.0,OR,OREGON,0.1760326,0.0
1506,2051,38,309396.57242688217,1842.5173904256144,PA,PENNSYLVANIA,0.1760326,54463883.07539238
1507,2051,39,0.0,0.0,RI,RHODE ISLAND,0.1760326,0.0
1508,2051,40,1230312.9480762086,7448.46268781605,SC,SOUTH CAROLINA,0.1760326,216575187.06352
1509,2051,41,604833.51556783,10514.973506226366,SD,SOUTH DAKOTA,0.1760326,106470416.3125456
1510,2051,42,1854592.7128015168,8383.353095957513,TN,TENNESSEE,0.1760326,326468777.1755043
1511,2051,43,83576.76875093595,4013.579213584734,TX,TEXAS,0.1760326,14712235.90282601
1512,2051,44,0.0,0.0,UT,UTAH,0.1760326,0.0
1513,2051,45,0.0,0.0,VT,VERMONT,0.1760326,0.0
1514,2051,46,40547.17383042179,293.0907664775856,VA,VIRGINIA,0.1760326,7137624.4320211075
1515,2051,47,0.0,0.0,WA,WASHINGTON,0.1760326,0.0
1516,2051,48,61711.53259835296,230.54219842588225,WV,WEST VIRGINIA,0.1760326,10863241.533272829
1517,2051,49,1853177.1268723293,10944.135804865082,WI,WISCONSIN,0.1760326,326219587.903866
1518,2051,50,436930.0620831928,24757.76241321504,WY,WYOMING,0.1760326,76913934.84666586
1519,2052,0,528327.6821019592,3361.4445151894874,AL,ALABAMA,0.1805982,95415028.39778605
1520,2052,2,0.0,0.0,AZ,ARIZONA,0.1805982,0.0
1521,2052,3,623813.5140675891,13384.801782207109,AR,ARKANSAS,0.1805982,112659597.77628125
1522,2052,4,0.0,0.0,CA,CALIFORNIA,0.1805982,0.0
1523,2052,5,36810.16887408447,1614.7732547721102,CO,COLORADO,0.1805982,6647850.240355682
1524,2052,6,0.0,0.0,CT,CONNECTICUT,0.1805982,0.0
1525,2052,7,49434.08073997714,498.3838291330292,DE,DELAWARE,0.1805982,8927706.000294538
1526,2052,8,0.0,0.0,DC,DISTRICT OF COLUMBIA,0.1805982,0.0
1527,2052,9,0.0,0.0,FL,FLORIDA,0.1805982,0.0
1528,2052,10,106774.2685211686,1172.125439670181,GA,GEORGIA,0.1805982,19283240.70123971
1529,2052,12,0.0,0.0,ID,IDAHO,0.1805982,0.0
1530,2052,13,15682139.949408162,56792.65064800457,IL,ILLINOIS,0.1805982,2832166247.011205
1531,2052,14,11335593.581540974,35869.6997722382,IN,INDIANA,0.1805982,2047187796.757853
1532,2052,15,12250957.636259332,56946.1499968689,IA,IOWA,0.1805982,2212500897.38469
1533,2052,16,1708855.5820059967,12387.002388345554,KS,KANSAS,0.1805982,308616242.1702354
1534,2052,17,2190685.9434230616,10451.076322053925,KY,KENTUCKY,0.1805982,395633938.1475068
1535,2052,18,40397.4465852364,1384.3596129052642,LA,LOUISIANA,0.1805982,7295706.13788984
1536,2052,19,0.0,0.0,ME,MAINE,0.1805982,0.0
1537,2052,20,148100.0661426746,1056.4714663306625,MD,MARYLAND,0.1805982,26746605.365247972
1538,2052,21,0.0,0.0,MA,MASSACHUSETTS,0.1805982,0.0
1539,2052,22,1511362.2919514042,6634.019611452377,MI,MICHIGAN,0.1805982,272949309.47429806
1540,2052,23,6274543.083152239,44863.9273194017,MN,MINNESOTA,0.1805982,1133171186.6397445
1541,2052,24,404320.9366722931,8698.673713219727,MS,MISSISSIPPI,0.1805982,73019633.38533013
1542,2052,25,7785001.620156839,33694.98828086519,MO,MISSOURI,0.1805982,1405957279.5974085
1543,2052,26,1083198.6574776797,24035.0989810577,MT,MONTANA,0.1805982,195623727.7828855
1544,2052,27,1288444.362658746,14880.431017531144,NE,NEBRASKA,0.1805982,232690732.69631672
1545,2052,28,0.0,0.0,NV,NEVADA,0.1805982,0.0
1546,2052,29,0.0,0.0,NH,NEW HAMPSHIRE,0.1805982,0.0
1547,2052,30,75809.47016163534,863.2333834324381,NJ,NEW JERSEY,0.1805982,13691053.85414505
1548,2052,31,0.0,0.0,NM,NEW MEXICO,0.1805982,0.0
1549,2052,32,429028.7506032576,2468.8374107830987,NY,NEW YORK,0.1805982,77481820.10719723
1550,2052,33,285713.57038964,3505.6940259284715,NC,NORTH CAROLINA,0.1805982,51599356.52794228
1551,2052,34,449926.8717058988,8406.33486171648,ND,NORTH DAKOTA,0.1805982,81255983.16171624
1552,2052,35,8667965.376435725,34074.653848570495,OH,OHIO,0.1805982,1565418944.646614
1553,2052,36,261334.35338959453,5072.920929603933,OK,OKLAHOMA,0.1805982,47196513.82032467
1554,2052,37,0.0,0.0,OR,OREGON,0.1805982,0.0
1555,2052,38,832196.8982315103,4518.089606445784,PA,PENNSYLVANIA,0.1805982,150293261.86619392
1556,2052,39,0.0,0.0,RI,RHODE ISLAND,0.1805982,0.0
1557,2052,40,357931.4998448923,5842.794776219923,SC,SOUTH CAROLINA,0.1805982,64641784.59528783
1558,2052,41,2337997.539773454,20243.65429417266,SD,SOUTH DAKOTA,0.1805982,422238147.2875142
1559,2052,42,1423237.654859443,8705.57387304357,TN,TENNESSEE,0.1805982,257034158.63983664
1560,2052,43,37486.56336065641,1736.627706676495,TX,TEXAS,0.1805982,6770005.867120498
1561,2052,44,0.0,0.0,UT,UTAH,0.1805982,0.0
1562,2052,45,40023.721161580805,309.007072027365,VT,VERMONT,0.1805982,7228211.999083402
1563,2052,46,8054.429952794655,113.630100683441,VA,VIRGINIA,0.1805982,1454615.5515007996
1564,2052,47,0.0,0.0,WA,WASHINGTON,0.1805982,0.0
1565,2052,48,173032.38901533076,1261.0314610122357,WV,WEST VIRGINIA,0.1805982,31249337.997868504
1566,2052,49,3752291.280962737,15990.09974760618,WI,WISCONSIN,0.1805982,677657051.2175645
1567,2052,50,710832.4111656018,28569.412497966045,WY,WYOMING,0.1805982,128375053.95816758
1568,2053,0,0.0,0.0,AL,ALABAMA,0.1851638,0.0
1569,2053,2,0.0,0.0,AZ,ARIZONA,0.1851638,0.0
1570,2053,3,381967.31859316886,8983.220009452485,AR,ARKANSAS,0.1851638,70726520.1865218
1571,2053,4,0.0,0.0,CA,CALIFORNIA,0.1851638,0.0
1572,2053,5,3482.7818299323444,245.6690839280105,CO,COLORADO,0.1851638,644885.1182012266
1573,2053,6,0.0,0.0,CT,CONNECTICUT,0.1851638,0.0
1574,2053,7,0.0,0.0,DE,DELAWARE,0.1851638,0.0
1575,2053,8,0.0,0.0,DC,DISTRICT OF COLUMBIA,0.1851638,0.0
1576,2053,9,0.0,0.0,FL,FLORIDA,0.1851638,0.0
1577,2053,10,0.0,0.0,GA,GEORGIA,0.1851638,0.0
1578,2053,12,0.0,0.0,ID,IDAHO,0.1851638,0.0
1579,2053,13,3481878.8760239384,34567.57046941019,IL,ILLINOIS,0.1851638,644717923.8243213
1580,2053,14,743008.9705859129,9286.366128585742,IN,INDIANA,0.1851638,137578364.42777586
1581,2053,15,5333777.256844406,43181.37078200687,IA,IOWA,0.1851638,987622465.2308862
1582,2053,16,916326.7312409142,8645.721913865702,KS,KANSAS,0.1851638,169670539.59814638
1583,2053,17,381104.6768088308,2322.3692235610115,KY,KENTUCKY,0.1851638,70566790.15569498
1584,2053,18,479008.9954727073,9601.620436748308,LA,LOUISIANA,0.1851638,88695125.83590928
1585,2053,19,0.0,0.0,ME,MAINE,0.1851638,0.0
1586,2053,20,462.0215526352216,41.90624680564404,MD,MARYLAND,0.1851638,85549.66636783765
1587,2053,21,0.0,0.0,MA,MASSACHUSETTS,0.1851638,0.0
1588,2053,22,186922.45550713147,2064.8259855319784,MI,MICHIGAN,0.1851638,34611272.167031385
1589,2053,23,3059168.3078046017,35163.03716415035,MN,MINNESOTA,0.1851638,566447228.7126696
1590,2053,24,749514.9451648258,10827.365380148114,MS,MISSISSIPPI,0.1851638,138783035.40351075
1591,2053,25,2903317.978032649,23379.09299344742,MO,MISSOURI,0.1851638,537589389.4208418
1592,2053,26,599351.3620471796,19392.80871369686,MT,MONTANA,0.1851638,110978175.73183155
1593,2053,27,1192946.449829087,13976.78008518274,NE,NEBRASKA,0.1851638,220890497.84686306
1594,2053,28,0.0,0.0,NV,NEVADA,0.1851638,0.0
1595,2053,29,0.0,0.0,NH,NEW HAMPSHIRE,0.1851638,0.0
1596,2053,30,6459.203308757629,112.12874783267377,NJ,NEW JERSEY,0.1851638,1196010.6296221358
1597,2053,31,0.0,0.0,NM,NEW MEXICO,0.1851638,0.0
1598,2053,32,20984.97784560716,212.90945903683223,NY,NEW YORK,0.1851638,3885658.2408084353
1599,2053,33,1588.0545976266756,51.23841617205231,NC,NORTH CAROLINA,0.1851638,294050.2239040262
1600,2053,34,144295.66678597522,3687.490868870828,ND,NORTH DAKOTA,0.1851638,26718333.985624958
1601,2053,35,82481.1538777115,2013.3810530332448,OH,OHIO,0.1851638,15272523.880381797
1602,2053,36,142977.1600353811,3282.0506611048195,OK,OKLAHOMA,0.1851638,26474194.265359294
1603,2053,37,0.0,0.0,OR,OREGON,0.1851638,0.0
1604,2053,38,84750.52523884062,1027.5436502681669,PA,PENNSYLVANIA,0.1851638,15692729.305219637
1605,2053,39,0.0,0.0,RI,RHODE ISLAND,0.1851638,0.0
1606,2053,40,0.0,0.0,SC,SOUTH CAROLINA,0.1851638,0.0
1607,2053,41,1658472.4886556594,17248.161295623748,SD,SOUTH DAKOTA,0.1851638,307089068.1949388
1608,2053,42,405597.85996067047,2701.121587989048,TN,TENNESSEE,0.1851638,75102041.0221856
1609,2053,43,45358.515299538514,2526.4780227911933,TX,TEXAS,0.1851638,8398755.05522069
1610,2053,44,0.0,0.0,UT,UTAH,0.1851638,0.0
1611,2053,45,0.0,0.0,VT,VERMONT,0.1851638,0.0
1612,2053,46,234.1090916532397,13.640794543299396,VA,VIRGINIA,0.1851638,43348.52902506214
1613,2053,47,0.0,0.0,WA,WASHINGTON,0.1851638,0.0
1614,2053,48,0.0,0.0,WV,WEST VIRGINIA,0.1851638,0.0
1615,2053,49,771334.2082908244,8851.337326255594,WI,WISCONSIN,0.1851638,142823173.07712054
1616,2053,50,317835.65749119746,15558.202132762965,WY,WYOMING,0.1851638,58851658.11656859
1617,2054,0,52800.785963801616,897.3440220643872,AL,ALABAMA,0.1897294,10017861.440440502
1618,2054,2,0.0,0.0,AZ,ARIZONA,0.1897294,0.0
1619,2054,3,187349.93531774805,5448.111501000032,AR,ARKANSAS,0.1897294,35545790.81787515
1620,2054,4,0.0,0.0,CA,CALIFORNIA,0.1897294,0.0
1621,2054,5,36668.61402363378,1097.834627991329,CO,COLORADO,0.1897294,6957114.137535622
1622,2054,6,0.0,0.0,CT,CONNECTICUT,0.1897294,0.0
1623,2054,7,0.0,0.0,DE,DELAWARE,0.1897294,0.0
1624,2054,8,0.0,0.0,DC,DISTRICT OF COLUMBIA,0.1897294,0.0
1625,2054,9,34771.199284359034,371.34015890115074,FL,FLORIDA,0.1897294,6597118.777501869
1626,2054,10,33749.363301938465,465.409816912816,GA,GEORGIA,0.1897294,6403246.449658804
1627,2054,12,0.0,0.0,ID,IDAHO,0.1897294,0.0
1628,2054,13,4572006.45067306,36154.87202748594,IL,ILLINOIS,0.1897294,867444040.6823292
1629,2054,14,853338.5874038287,8208.197101736816,IN,INDIANA,0.1897294,161903418.18497598
1630,2054,15,6478696.38989429,48399.37204285043,IA,IOWA,0.1897294,1229199178.8368096
1631,2054,16,909715.1775986552,7954.279023862488,KS,KANSAS,0.1897294,172599714.8166863
1632,2054,17,83072.90578725313,517.0374918648087,KY,KENTUCKY,0.1897294,15761372.571272062
1633,2054,18,45859.07844791516,1503.771048073223,LA,LOUISIANA,0.1897294,8700815.438475873
1634,2054,19,0.0,0.0,ME,MAINE,0.1897294,0.0
1635,2054,20,165542.54434842063,819.5751398082872,MD,MARYLAND,0.1897294,31408287.613699235
1636,2054,21,0.0,0.0,MA,MASSACHUSETTS,0.1897294,0.0
1637,2054,22,215568.21302775264,2406.618067712772,MI,MICHIGAN,0.1897294,40899627.71682769
1638,2054,23,2380748.491345446,24982.517056381104,MN,MINNESOTA,0.1897294,451697982.8138767
1639,2054,24,497334.497253359,7060.169513636074,MS,MISSISSIPPI,0.1897294,94358975.76318145
1640,2054,25,4595719.243038156,25965.174206867378,MO,MISSOURI,0.1897294,871943054.5500835
1641,2054,26,317426.34216866974,11267.809624002237,MT,MONTANA,0.1897294,60225109.44385641
1642,2054,27,840328.6526358953,12127.91939877499,NE,NEBRASKA,0.1897294,159435051.06741682
1643,2054,28,0.0,0.0,NV,NEVADA,0.1897294,0.0
1644,2054,29,0.0,0.0,NH,NEW HAMPSHIRE,0.1897294,0.0
1645,2054,30,8106.783605925579,160.95607199722417,NJ,NEW JERSEY,0.1897294,1538095.1894820963
1646,2054,31,0.0,0.0,NM,NEW MEXICO,0.1897294,0.0
1647,2054,32,37029.4316066871,413.0700063274356,NY,NEW YORK,0.1897294,7025571.84107778
1648,2054,33,46224.14257545713,826.1224472374586,NC,NORTH CAROLINA,0.1897294,8770078.836355936
1649,2054,34,28722.25173890173,804.8699922993609,ND,NORTH DAKOTA,0.1897294,5449455.589070782
1650,2054,35,148349.42206432688,2233.1239476111896,OH,OHIO,0.1897294,28146246.8386115
1651,2054,36,92769.77097673756,2104.183562161256,OK,OKLAHOMA,0.1897294,17601152.98555383
1652,2054,37,0.0,0.0,OR,OREGON,0.1897294,0.0
1653,2054,38,2008.6790091301928,85.08152181690922,PA,PENNSYLVANIA,0.1897294,381105.46319486597
1654,2054,39,0.0,0.0,RI,RHODE ISLAND,0.1897294,0.0
1655,2054,40,1343.9255378979506,44.12632979240245,SC,SOUTH CAROLINA,0.1897294,254982.1859500554
1656,2054,41,1341379.8257782632,13537.681223971307,SD,SOUTH DAKOTA,0.1897294,254499189.51701438
1657,2054,42,749638.0020352909,5422.326967232668,TN,TENNESSEE,0.1897294,142228368.34335452
1658,2054,43,16795.51986796216,1194.784459549536,TX,TEXAS,0.1897294,3186603.9072365398
1659,2054,44,0.0,0.0,UT,UTAH,0.1897294,0.0
1660,2054,45,0.0,0.0,VT,VERMONT,0.1897294,0.0
1661,2054,46,7872.038669984599,84.83445185101289,VA,VIRGINIA,0.1897294,1493557.1736329761
1662,2054,47,0.0,0.0,WA,WASHINGTON,0.1897294,0.0
1663,2054,48,0.0,0.0,WV,WEST VIRGINIA,0.1897294,0.0
1664,2054,49,12429.03899175368,444.65538942402736,WI,WISCONSIN,0.1897294,2358154.1104820305
1665,2054,50,423781.9301052259,22382.8117628658,WY,WYOMING,0.1897294,80403891.32970643
1666,2055,0,641392.8272563056,3815.902852897524,AL,ALABAMA,0.194295,124619419.37176389
1667,2055,2,0.0,0.0,AZ,ARIZONA,0.194295,0.0
1668,2055,3,358645.5154764703,7015.709482165716,AR,ARKANSAS,0.194295,69683030.42950079
1669,2055,4,0.0,0.0,CA,CALIFORNIA,0.194295,0.0
1670,2055,5,51820.39521332126,1582.3444872201003,CO,COLORADO,0.194295,10068443.687972255
1671,2055,6,0.0,0.0,CT,CONNECTICUT,0.194295,0.0
1672,2055,7,11373.358112401764,243.555104126312,DE,DELAWARE,0.194295,2209786.6144491006
1673,2055,8,0.0,0.0,DC,DISTRICT OF COLUMBIA,0.194295,0.0
1674,2055,9,78401.88573176552,701.3471093262342,FL,FLORIDA,0.194295,15233094.388253381
1675,2055,10,227878.5162882449,2043.7505854424871,GA,GEORGIA,0.194295,44275656.32222454
1676,2055,12,0.0,0.0,ID,IDAHO,0.194295,0.0
1677,2055,13,134065.18787557664,2049.382356861164,IL,ILLINOIS,0.194295,26048195.67828516
1678,2055,14,33157.18730921866,1204.9669075173108,IN,INDIANA,0.194295,6442275.7082446385
1679,2055,15,888692.0132253049,11475.90189371409,IA,IOWA,0.194295,172668414.7096106
1680,2055,16,3660.399031346734,94.28535339230152,KS,KANSAS,0.194295,711197.2297955136
1681,2055,17,173940.39851512547,1756.1173436385586,KY,KENTUCKY,0.194295,33795749.72949631
1682,2055,18,725107.0613252654,11026.746055482234,LA,LOUISIANA,0.194295,140884676.48019245
1683,2055,19,0.0,0.0,ME,MAINE,0.194295,0.0
1684,2055,20,147643.12900076326,923.1630814664306,MD,MARYLAND,0.194295,28686321.7492033
1685,2055,21,0.0,0.0,MA,MASSACHUSETTS,0.194295,0.0
1686,2055,22,7759.954307250071,136.30181903014335,MI,MICHIGAN,0.194295,1507720.3221271525
1687,2055,23,491667.4506307134,8326.38992617231,MN,MINNESOTA,0.194295,95528527.32029445
1688,2055,24,1076910.1546331483,10571.153918322154,MS,MISSISSIPPI,0.194295,209238258.49444756
1689,2055,25,111094.06330261532,1862.1638364798005,MO,MISSOURI,0.194295,21585021.029381644
1690,2055,26,633577.3991587862,19970.70913564071,MT,MONTANA,0.194295,123100920.76955636
1691,2055,27,313113.6016311815,6441.793493605703,NE,NEBRASKA,0.194295,60836407.228930406
1692,2055,28,0.0,0.0,NV,NEVADA,0.194295,0.0
1693,2055,29,0.0,0.0,NH,NEW HAMPSHIRE,0.194295,0.0
1694,2055,30,8232.014952643494,181.9485261241969,NJ,NEW JERSEY,0.194295,1599439.3452238676
1695,2055,31,0.0,0.0,NM,NEW MEXICO,0.194295,0.0
1696,2055,32,69062.63905706517,728.2564457122521,NY,NEW YORK,0.194295,13418525.455592478
1697,2055,33,645397.191548731,6505.265123810326,NC,NORTH CAROLINA,0.194295,125397447.33196068
1698,2055,34,6514.5705667755055,334.92013391266704,ND,NORTH DAKOTA,0.194295,1265748.488271647
1699,2055,35,87142.62656718655,1358.406222568838,OH,OHIO,0.194295,16931376.62887151
1700,2055,36,6664.257649525266,129.3205602001132,OK,OKLAHOMA,0.194295,1294831.9400145116
1701,2055,37,0.0,0.0,OR,OREGON,0.194295,0.0
1702,2055,38,40036.5425812973,562.2559412393061,PA,PENNSYLVANIA,0.194295,7778900.040833158
1703,2055,39,0.0,0.0,RI,RHODE ISLAND,0.194295,0.0
1704,2055,40,1010030.4245806596,7606.675005502048,SC,SOUTH CAROLINA,0.194295,196243861.34389925
1705,2055,41,563799.0355562067,7572.19735627406,SD,SOUTH DAKOTA,0.194295,109543333.61339317
1706,2055,42,922169.3850282362,6310.32145479725,TN,TENNESSEE,0.194295,179172900.66406113
1707,2055,43,8348.146900482481,394.94329638190544,TX,TEXAS,0.194295,1622003.2020292436
1708,2055,44,0.0,0.0,UT,UTAH,0.194295,0.0
1709,2055,45,0.0,0.0,VT,VERMONT,0.194295,0.0
1710,2055,46,3341.006947370369,30.478238492135453,VA,VIRGINIA,0.194295,649140.9448393258
1711,2055,47,0.0,0.0,WA,WASHINGTON,0.194295,0.0
1712,2055,48,1053.7850104321365,44.54345215784357,WV,WEST VIRGINIA,0.194295,204745.15860191194
1713,2055,49,87639.92386999511,2325.324413771426,WI,WISCONSIN,0.194295,17027999.008320697
1714,2055,50,618157.792650605,26372.756397232293,WY,WYOMING,0.194295,120104968.32304929
