Unnamed: 0,Year,state_id,Production_Loss(ton),Area_Loss(km^2),State_Code,State_Name,Price,Financial_Loss($)
0,2021,0,296153.0700352836,1922.111645462733,AL,ALABAMA,0.1469992,43534264.372730665
1,2021,2,0.0,0.0,AZ,ARIZONA,0.1469992,0.0
2,2021,3,164017.28570543736,6434.19015654989,AR,ARKANSAS,0.1469992,24110409.78487073
3,2021,4,0.0,0.0,CA,CALIFORNIA,0.1469992,0.0
4,2021,5,73252.16884716548,1854.9463002356056,CO,COLORADO,0.1469992,10768010.218798248
5,2021,6,0.0,0.0,CT,CONNECTICUT,0.1469992,0.0
6,2021,7,47755.79283202902,299.3554982055633,DE,DELAWARE,0.1469992,7020063.341674
7,2021,8,0.0,0.0,DC,DISTRICT OF COLUMBIA,0.1469992,0.0
8,2021,9,22287.768765354045,124.89490150010847,FL,FLORIDA,0.1469992,3276284.1782920323
9,2021,10,225017.68151147623,1897.031344981851,GA,GEORGIA,0.1469992,33077419.168041795
10,2021,12,0.0,0.0,ID,IDAHO,0.1469992,0.0
11,2021,13,1631323.21042165,22706.1158430693,IL,ILLINOIS,0.1469992,239803206.8734142
12,2021,14,1705439.5525969542,11998.089593355244,IN,INDIANA,0.1469992,250698249.88011017
13,2021,15,8344413.079433629,55291.998885083616,IA,IOWA,0.1469992,1226622047.1462798
14,2021,16,744935.7513669702,8512.476442203368,KS,KANSAS,0.1469992,109504959.50234354
15,2021,17,513735.6873933064,3502.496629111048,KY,KENTUCKY,0.1469992,75518735.05826613
16,2021,18,302000.29076133715,5223.889775045385,LA,LOUISIANA,0.1469992,44393801.14168395
17,2021,19,0.0,0.0,ME,MAINE,0.1469992,0.0
18,2021,20,208471.531837268,1095.995947060632,MD,MARYLAND,0.1469992,30645148.402852926
19,2021,21,0.0,0.0,MA,MASSACHUSETTS,0.1469992,0.0
20,2021,22,64463.399378359485,627.5329474352936,MI,MICHIGAN,0.1469992,9476068.137899341
21,2021,23,5364246.38443418,35411.02455882031,MN,MINNESOTA,0.1469992,788539927.1147169
22,2021,24,864772.9645649666,9549.716376394048,MS,MISSISSIPPI,0.1469992,127120933.97267845
23,2021,25,2118820.1611613594,19144.51236846897,MO,MISSOURI,0.1469992,311464868.63459086
24,2021,26,628526.9635823674,14665.004365724217,MT,MONTANA,0.1469992,92392960.82503714
25,2021,27,1298815.9705867046,20157.35399190864,NE,NEBRASKA,0.1469992,190924908.62346908
26,2021,28,0.0,0.0,NV,NEVADA,0.1469992,0.0
27,2021,29,0.0,0.0,NH,NEW HAMPSHIRE,0.1469992,0.0
28,2021,30,25039.204955293742,122.9476468361779,NJ,NEW JERSEY,0.1469992,3680743.0970642157
29,2021,31,0.0,0.0,NM,NEW MEXICO,0.1469992,0.0
30,2021,32,39.124132290090216,2.5710176079238,NY,NEW YORK,0.1469992,5751.21614733743
31,2021,33,134069.34140316048,3558.890480614132,NC,NORTH CAROLINA,0.1469992,19708085.930791467
32,2021,34,629302.318903124,10830.025358914158,ND,NORTH DAKOTA,0.1469992,92506937.4369041
33,2021,35,3697162.83009134,17752.20713102499,OH,OHIO,0.1469992,543479978.293163
34,2021,36,11214.360790683755,436.2143677354151,OK,OKLAHOMA,0.1469992,1648502.0647418795
35,2021,37,0.0,0.0,OR,OREGON,0.1469992,0.0
36,2021,38,110814.74936434472,512.0396281416272,PA,PENNSYLVANIA,0.1469992,16289679.504759181
37,2021,39,0.0,0.0,RI,RHODE ISLAND,0.1469992,0.0
38,2021,40,53848.327863218816,1210.543016709847,SC,SOUTH CAROLINA,0.1469992,7915661.1172308745
39,2021,41,3618228.6770699713,26587.37051699804,SD,SOUTH DAKOTA,0.1469992,531876720.94634414
40,2021,42,850483.9464187467,5732.449826806122,TN,TENNESSEE,0.1469992,125020459.73639862
41,2021,43,17993.256156486423,845.9749783621775,TX,TEXAS,0.1469992,2644994.260398579
42,2021,44,0.0,0.0,UT,UTAH,0.1469992,0.0
43,2021,45,0.0,0.0,VT,VERMONT,0.1469992,0.0
44,2021,46,163995.50788113146,1118.3377816610555,VA,VIRGINIA,0.1469992,24107208.46212002
45,2021,47,0.0,0.0,WA,WASHINGTON,0.1469992,0.0
46,2021,48,19823.312108272377,105.3166937034398,WV,WEST VIRGINIA,0.1469992,2914011.021266353
47,2021,49,792427.0049505051,7037.059720480474,WI,WISCONSIN,0.1469992,116486135.7861203
48,2021,50,660898.5603830679,17686.62334157205,WY,WYOMING,0.1469992,97151559.65746269
49,2022,0,7285.853351649848,366.88111770499313,AL,ALABAMA,0.1504824,1096392.698404313
50,2022,2,0.0,0.0,AZ,ARIZONA,0.1504824,0.0
51,2022,3,116321.6111930769,4139.993400844966,AR,ARKANSAS,0.1504824,17504355.224201072
52,2022,4,0.0,0.0,CA,CALIFORNIA,0.1504824,0.0
53,2022,5,50821.91046456755,1343.493719045573,CO,COLORADO,0.1504824,7647803.059293239
54,2022,6,0.0,0.0,CT,CONNECTICUT,0.1504824,0.0
55,2022,7,1156.3317156558792,35.08446322626325,DE,DELAWARE,0.1504824,174007.57176801426
56,2022,8,0.0,0.0,DC,DISTRICT OF COLUMBIA,0.1504824,0.0
57,2022,9,0.0,0.0,FL,FLORIDA,0.1504824,0.0
58,2022,10,0.0,0.0,GA,GEORGIA,0.1504824,0.0
59,2022,12,0.0,0.0,ID,IDAHO,0.1504824,0.0
60,2022,13,6539454.235822398,48358.85008560329,IL,ILLINOIS,0.1504824,984072768.0967203
61,2022,14,7537256.322325549,30837.48703541148,IN,INDIANA,0.1504824,1134224420.798722
62,2022,15,1400244.9513643286,16125.275693297102,IA,IOWA,0.1504824,210712220.8691874
63,2022,16,49359.91393603437,710.3623798722573,KS,KANSAS,0.1504824,7427798.312887898
64,2022,17,2059124.2324990816,11069.38998381092,KY,KENTUCKY,0.1504824,309861956.40461975
65,2022,18,156658.46575792684,3767.973178297652,LA,LOUISIANA,0.1504824,23574341.90757065
66,2022,19,0.0,0.0,ME,MAINE,0.1504824,0.0
67,2022,20,40781.52260417132,374.7368188235168,MD,MARYLAND,0.1504824,6136901.39712995
68,2022,21,0.0,0.0,MA,MASSACHUSETTS,0.1504824,0.0
69,2022,22,517559.6208786357,2087.0453006336943,MI,MICHIGAN,0.1504824,77883613.89290719
70,2022,23,3020047.725074828,22421.107585505644,MN,MINNESOTA,0.1504824,454464029.7838003
71,2022,24,488658.3413335837,6779.265151326871,MS,MISSISSIPPI,0.1504824,73534479.98389687
72,2022,25,1763145.649893727,15116.56849821518,MO,MISSOURI,0.1504824,265322388.94556773
73,2022,26,427201.0099248185,9324.37166948273,MT,MONTANA,0.1504824,64286233.25591051
74,2022,27,56959.65246608381,1318.5917868631636,NE,NEBRASKA,0.1504824,8571425.20626221
75,2022,28,0.0,0.0,NV,NEVADA,0.1504824,0.0
76,2022,29,0.0,0.0,NH,NEW HAMPSHIRE,0.1504824,0.0
77,2022,30,11539.21809143006,148.48274583543156,NJ,NEW JERSEY,0.1504824,1736449.2325218148
78,2022,31,0.0,0.0,NM,NEW MEXICO,0.1504824,0.0
79,2022,32,6323.246371032755,56.24119288708731,NY,NEW YORK,0.1504824,951537.2897042994
80,2022,33,15.073599209627597,14.285616358092836,NC,NORTH CAROLINA,0.1504824,2268.311385702864
81,2022,34,259315.3194981024,4698.750785948261,ND,NORTH DAKOTA,0.1504824,39022391.63484125
82,2022,35,8172386.129671756,25442.39899379716,OH,OHIO,0.1504824,1229800278.519717
83,2022,36,3675.2447495992974,128.23239284221975,OK,OKLAHOMA,0.1504824,553059.6505071013
84,2022,37,0.0,0.0,OR,OREGON,0.1504824,0.0
85,2022,38,234443.68939647224,1227.7304886425145,PA,PENNSYLVANIA,0.1504824,35279649.04523569
86,2022,39,0.0,0.0,RI,RHODE ISLAND,0.1504824,0.0
87,2022,40,0.0,0.0,SC,SOUTH CAROLINA,0.1504824,0.0
88,2022,41,1474525.9695254404,15582.81655225789,SD,SOUTH DAKOTA,0.1504824,221890206.75651512
89,2022,42,1216802.2346091603,6561.627922535659,TN,TENNESSEE,0.1504824,183107320.5893495
90,2022,43,32073.567679083542,1632.7426198645924,TX,TEXAS,0.1504824,4826507.4409109205
91,2022,44,0.0,0.0,UT,UTAH,0.1504824,0.0
92,2022,45,0.0,0.0,VT,VERMONT,0.1504824,0.0
93,2022,46,2340.715872705081,42.44723308074558,VA,VIRGINIA,0.1504824,352236.54224275507
94,2022,47,0.0,0.0,WA,WASHINGTON,0.1504824,0.0
95,2022,48,9891.986758843605,65.19848572963102,WV,WEST VIRGINIA,0.1504824,1488569.9082390068
96,2022,49,114202.07809756314,1266.9281670093997,WI,WISCONSIN,0.1504824,17185402.797108732
97,2022,50,275151.6397588323,7912.988320650202,WY,WYOMING,0.1504824,41405479.1148445
98,2023,0,5832.778673607795,48.843863074645576,AL,ALABAMA,0.1539656,898047.2681492284
99,2023,2,0.0,0.0,AZ,ARIZONA,0.1539656,0.0
100,2023,3,17525.794064556638,548.1715811080974,AR,ARKANSAS,0.1539656,2698369.3986259014
101,2023,4,0.0,0.0,CA,CALIFORNIA,0.1539656,0.0
102,2023,5,40501.876906309226,1183.9087345349303,CO,COLORADO,0.1539656,6235895.779006043
103,2023,6,0.0,0.0,CT,CONNECTICUT,0.1539656,0.0
104,2023,7,482.2517700876791,4.882192344136813,DE,DELAWARE,0.1539656,74250.18313261156
105,2023,8,0.0,0.0,DC,DISTRICT OF COLUMBIA,0.1539656,0.0
106,2023,9,60.31018660856707,1.3935697968063196,FL,FLORIDA,0.1539656,9285.694067299995
107,2023,10,145365.92998963792,1073.9757501152194,GA,GEORGIA,0.1539656,22381352.630412597
108,2023,12,0.0,0.0,ID,IDAHO,0.1539656,0.0
109,2023,13,2672507.140167032,23273.41130188699,IL,ILLINOIS,0.1539656,411474165.3401012
110,2023,14,5235643.156458372,25528.72510978785,IN,INDIANA,0.1539656,806108939.9700072
111,2023,15,4187146.5629766816,23826.526314352923,IA,IOWA,0.1539656,644676532.8566426
112,2023,16,196325.59704431225,4069.793589575341,KS,KANSAS,0.1539656,30227388.344285764
113,2023,17,30207.423830870302,323.663313001881,KY,KENTUCKY,0.1539656,4650904.134574245
114,2023,18,0.0,0.0,LA,LOUISIANA,0.1539656,0.0
115,2023,19,0.0,0.0,ME,MAINE,0.1539656,0.0
116,2023,20,77065.02664656648,431.780426374505,MD,MARYLAND,0.1539656,11865363.066654596
117,2023,21,0.0,0.0,MA,MASSACHUSETTS,0.1539656,0.0
118,2023,22,512441.4422900464,1971.189808888358,MI,MICHIGAN,0.1539656,78898354.12705238
119,2023,23,4489159.981933667,25675.82518613688,MN,MINNESOTA,0.1539656,691176210.1144062
120,2023,24,21953.17701230181,260.76855899860817,MS,MISSISSIPPI,0.1539656,3380034.0706052557
121,2023,25,600754.4632688299,11816.425290767962,MO,MISSOURI,0.1539656,92495521.38986336
122,2023,26,277225.8379603318,6068.487922486305,MT,MONTANA,0.1539656,42683242.477065265
123,2023,27,186123.34937771776,4518.772593806329,NE,NEBRASKA,0.1539656,28656593.16094994
124,2023,28,0.0,0.0,NV,NEVADA,0.1539656,0.0
125,2023,29,63.03226018429902,0.7352401895274087,NH,NEW HAMPSHIRE,0.1539656,9704.799758631709
126,2023,30,38269.38354670119,187.43335632183567,NJ,NEW JERSEY,0.1539656,5892168.599397976
127,2023,31,0.0,0.0,NM,NEW MEXICO,0.1539656,0.0
128,2023,32,1161.5281204838825,14.646539810831506,NY,NEW YORK,0.1539656,178835.37398717325
129,2023,33,748551.0483769306,4891.191564800261,NC,NORTH CAROLINA,0.1539656,115251111.29398315
130,2023,34,441483.0409083779,7521.648537593706,ND,NORTH DAKOTA,0.1539656,67973201.28328295
131,2023,35,6808786.601839019,24074.987304874703,OH,OHIO,0.1539656,1048318914.4241056
132,2023,36,7149.493051908195,278.1224984178015,OK,OKLAHOMA,0.1539656,1100775.9874328764
133,2023,37,0.0,0.0,OR,OREGON,0.1539656,0.0
134,2023,38,85820.0214000611,515.6466716110338,PA,PENNSYLVANIA,0.1539656,13213331.086873248
135,2023,39,0.0,0.0,RI,RHODE ISLAND,0.1539656,0.0
136,2023,40,447774.697722935,2607.22643965769,SC,SOUTH CAROLINA,0.1539656,68941899.99973033
137,2023,41,2209547.844543328,16384.58445775108,SD,SOUTH DAKOTA,0.1539656,340194359.6138202
138,2023,42,38776.00360284584,252.6849108306593,TN,TENNESSEE,0.1539656,5970170.6603143215
139,2023,43,10862.1313095921,430.7757903909701,TX,TEXAS,0.1539656,1672394.5643601336
140,2023,44,0.0,0.0,UT,UTAH,0.1539656,0.0
141,2023,45,0.0,0.0,VT,VERMONT,0.1539656,0.0
142,2023,46,156625.39508686523,967.0135204169052,VA,VIRGINIA,0.1539656,24114922.92978626
143,2023,47,0.0,0.0,WA,WASHINGTON,0.1539656,0.0
144,2023,48,4455.940726032956,34.84935964224381,WV,WEST VIRGINIA,0.1539656,686061.5874480999
145,2023,49,993413.1273693223,4826.177951685864,WI,WISCONSIN,0.1539656,152951448.20329413
146,2023,50,511911.7088293305,14280.613787180646,WY,WYOMING,0.1539656,78816793.39693317
147,2024,0,21606.500242156028,456.195508804461,AL,ALABAMA,0.1574488,3401917.535327176
148,2024,2,0.0,0.0,AZ,ARIZONA,0.1574488,0.0
149,2024,3,94542.11915263168,3804.508176861406,AR,ARKANSAS,0.1574488,14885543.210038876
150,2024,4,0.0,0.0,CA,CALIFORNIA,0.1574488,0.0
151,2024,5,38390.72770827045,1040.5475693885016,CO,COLORADO,0.1574488,6044574.008793933
152,2024,6,0.0,0.0,CT,CONNECTICUT,0.1574488,0.0
153,2024,7,1577.2900204085304,24.56693386405658,DE,DELAWARE,0.1574488,248342.42096529863
154,2024,8,0.0,0.0,DC,DISTRICT OF COLUMBIA,0.1574488,0.0
155,2024,9,82.50038774865067,5.488932816467982,FL,FLORIDA,0.1574488,12989.587050559749
156,2024,10,2008.625064209272,72.24452193258891,GA,GEORGIA,0.1574488,316255.60600967286
157,2024,12,0.0,0.0,ID,IDAHO,0.1574488,0.0
158,2024,13,2442951.0505546625,18360.92522219993,IL,ILLINOIS,0.1574488,384639711.368571
159,2024,14,4212286.902634537,18601.66506523857,IN,INDIANA,0.1574488,663219518.0755247
160,2024,15,1151049.2668217304,6767.282605748331,IA,IOWA,0.1574488,181231325.80196127
161,2024,16,775984.3898108031,9476.194444836994,KS,KANSAS,0.1574488,122177810.99444316
162,2024,17,250550.50545072608,1386.6480020504996,KY,KENTUCKY,0.1574488,39448876.42261028
163,2024,18,180770.26650042945,6190.811672538759,LA,LOUISIANA,0.1574488,28462061.53617282
164,2024,19,0.0,0.0,ME,MAINE,0.1574488,0.0
165,2024,20,8149.012655000765,50.53333369712317,MD,MARYLAND,0.1574488,1283052.2637146844
166,2024,21,0.0,0.0,MA,MASSACHUSETTS,0.1574488,0.0
167,2024,22,436464.0729009162,2047.5311264438408,MI,MICHIGAN,0.1574488,68720744.52136178
168,2024,23,2185002.0059382725,12632.375268289225,MN,MINNESOTA,0.1574488,344025943.8325739
169,2024,24,404731.38091173966,6339.439068680185,MS,MISSISSIPPI,0.1574488,63724470.24689631
170,2024,25,1184924.2190030587,10186.600021337978,MO,MISSOURI,0.1574488,186564896.3729688
171,2024,26,627608.9929607494,13687.769329288498,MT,MONTANA,0.1574488,98816282.81087844
172,2024,27,246643.2192169622,5910.2676486603705,NE,NEBRASKA,0.1574488,38833678.89384764
173,2024,28,0.0,0.0,NV,NEVADA,0.1574488,0.0
174,2024,29,0.0,0.0,NH,NEW HAMPSHIRE,0.1574488,0.0
175,2024,30,543.4181299313905,3.226909986296481,NJ,NEW JERSEY,0.1574488,85560.53245594152
176,2024,31,0.0,0.0,NM,NEW MEXICO,0.1574488,0.0
177,2024,32,9211.095104254777,41.82436982002452,NY,NEW YORK,0.1574488,1450275.8708507894
178,2024,33,12925.386601661505,692.0501327815539,NC,NORTH CAROLINA,0.1574488,2035086.609967682
179,2024,34,423840.4690348368,7273.07771366371,ND,NORTH DAKOTA,0.1574488,66733173.24097221
180,2024,35,4773596.995278925,19423.66431220116,OH,OHIO,0.1574488,751597118.5902724
181,2024,36,83434.59482908947,2768.740848259839,OK,OKLAHOMA,0.1574488,13136676.834326344
182,2024,37,0.0,0.0,OR,OREGON,0.1574488,0.0
183,2024,38,4006.211714283644,12.535027892817224,PA,PENNSYLVANIA,0.1574488,630773.2269599027
184,2024,39,0.0,0.0,RI,RHODE ISLAND,0.1574488,0.0
185,2024,40,3264.192944310168,213.0582035848395,SC,SOUTH CAROLINA,0.1574488,513943.2620501028
186,2024,41,1364737.3173407498,10869.118797887411,SD,SOUTH DAKOTA,0.1574488,214876252.93052024
187,2024,42,234456.413577574,2358.3192338696035,TN,TENNESSEE,0.1574488,36914880.970092736
188,2024,43,45770.796449186,2210.1288143046013,TX,TEXAS,0.1574488,7206556.9759685965
189,2024,44,0.0,0.0,UT,UTAH,0.1574488,0.0
190,2024,45,0.0,0.0,VT,VERMONT,0.1574488,0.0
191,2024,46,26315.074481953223,156.3710179050933,VA,VIRGINIA,0.1574488,4143276.8990941565
192,2024,47,0.0,0.0,WA,WASHINGTON,0.1574488,0.0
193,2024,48,10590.468954254186,39.75116973003408,WV,WEST VIRGINIA,0.1574488,1667456.6282845763
194,2024,49,1320024.0374814183,6340.030170291352,WI,WISCONSIN,0.1574488,207836200.67260435
195,2024,50,603740.5481055334,15961.801264576396,WY,WYOMING,0.1574488,95058224.8105585
196,2025,0,29311.339548541044,353.8163984580603,AL,ALABAMA,0.160932,4717132.496225807
197,2025,2,0.0,0.0,AZ,ARIZONA,0.160932,0.0
198,2025,3,247084.57542924857,8614.806741286806,AR,ARKANSAS,0.160932,39763814.89297983
199,2025,4,0.0,0.0,CA,CALIFORNIA,0.160932,0.0
200,2025,5,74465.74022821557,1872.432537231914,CO,COLORADO,0.160932,11983920.506407186
201,2025,6,0.0,0.0,CT,CONNECTICUT,0.160932,0.0
202,2025,7,242861.70704357183,966.783197270012,DE,DELAWARE,0.160932,39084220.2379361
203,2025,8,0.0,0.0,DC,DISTRICT OF COLUMBIA,0.160932,0.0
204,2025,9,881.5933239759095,44.788106033477966,FL,FLORIDA,0.160932,141876.57681409107
205,2025,10,227.7410430115684,43.94962502666441,GA,GEORGIA,0.160932,36650.82153393772
206,2025,12,0.0,0.0,ID,IDAHO,0.160932,0.0
207,2025,13,1262833.6942239618,14890.96076349437,IL,ILLINOIS,0.160932,203230352.07885063
208,2025,14,1374286.9530526253,16578.024817159683,IN,INDIANA,0.160932,221166747.92866507
209,2025,15,4122039.193309914,30304.391249197943,IA,IOWA,0.160932,663368011.457751
210,2025,16,533477.7153513504,6485.134811836831,KS,KANSAS,0.160932,85853635.68692352
211,2025,17,704688.5992110178,5324.319591687337,KY,KENTUCKY,0.160932,113406945.64822751
212,2025,18,357957.8265701807,7064.253665737879,LA,LOUISIANA,0.160932,57606868.94559232
213,2025,19,0.0,0.0,ME,MAINE,0.160932,0.0
214,2025,20,478060.75974641007,1734.243871619903,MD,MARYLAND,0.160932,76935274.18750927
215,2025,21,0.0,0.0,MA,MASSACHUSETTS,0.160932,0.0
216,2025,22,181969.6076710034,1888.87431506178,MI,MICHIGAN,0.160932,29284732.901709918
217,2025,23,777450.2504034858,7954.9576921575745,MN,MINNESOTA,0.160932,125116623.69793378
218,2025,24,794685.334068927,9778.333433520043,MS,MISSISSIPPI,0.160932,127890300.18238054
219,2025,25,859087.573199356,8906.69314114972,MO,MISSOURI,0.160932,138254681.33011875
220,2025,26,477067.0958934924,12743.74674026523,MT,MONTANA,0.160932,76775361.87633151
221,2025,27,642814.8011982159,10757.60953015786,NE,NEBRASKA,0.160932,103449471.58643128
222,2025,28,0.0,0.0,NV,NEVADA,0.160932,0.0
223,2025,29,3.372203031023561,0.7489307204219421,NH,NEW HAMPSHIRE,0.160932,542.6953781886837
224,2025,30,57191.39798770157,286.8586164865162,NJ,NEW JERSEY,0.160932,9203926.06095679
225,2025,31,0.0,0.0,NM,NEW MEXICO,0.160932,0.0
226,2025,32,7008.585924861117,99.93438059136032,NY,NEW YORK,0.160932,1127905.7500597492
227,2025,33,29161.73840672092,1685.5466938893603,NC,NORTH CAROLINA,0.160932,4693056.885270411
228,2025,34,157403.74944257134,3298.884584588054,ND,NORTH DAKOTA,0.160932,25331300.20529189
229,2025,35,1318094.9200712524,11543.103821173458,OH,OHIO,0.160932,212123651.67690676
230,2025,36,22322.74222444096,721.5008271813382,OK,OKLAHOMA,0.160932,3592443.5516637326
231,2025,37,0.0,0.0,OR,OREGON,0.160932,0.0
232,2025,38,429107.38950909337,2324.0724167549643,PA,PENNSYLVANIA,0.160932,69057110.40847741
233,2025,39,0.0,0.0,RI,RHODE ISLAND,0.160932,0.0
234,2025,40,1943.2107964072409,212.36614186631024,SC,SOUTH CAROLINA,0.160932,312724.7998874101
235,2025,41,1065223.454873253,10224.729210270114,SD,SOUTH DAKOTA,0.160932,171428541.03966233
236,2025,42,888891.1699138993,7355.543436136334,TN,TENNESSEE,0.160932,143051033.75658363
237,2025,43,40290.72222089647,1875.595573437437,TX,TEXAS,0.160932,6484066.50845331
238,2025,44,0.0,0.0,UT,UTAH,0.160932,0.0
239,2025,45,0.0,0.0,VT,VERMONT,0.160932,0.0
240,2025,46,250669.11648731463,1561.9056014923026,VA,VIRGINIA,0.160932,40340682.25453652
241,2025,47,0.0,0.0,WA,WASHINGTON,0.160932,0.0
242,2025,48,0.0,0.0,WV,WEST VIRGINIA,0.160932,0.0
243,2025,49,716076.6928428959,5923.98764016038,WI,WISCONSIN,0.160932,115239654.3325929
244,2025,50,533214.7804535495,17191.918020411165,WY,WYOMING,0.160932,85811321.04795061
245,2026,0,499407.8966410886,2856.2782970670924,AL,ALABAMA,0.165831,82817310.90788837
246,2026,2,0.0,0.0,AZ,ARIZONA,0.165831,0.0
247,2026,3,269453.1272321043,8435.134027350934,AR,ARKANSAS,0.165831,44683681.54202709
248,2026,4,0.0,0.0,CA,CALIFORNIA,0.165831,0.0
249,2026,5,60342.151479573135,1553.97323717592,CO,COLORADO,0.165831,10006599.322009094
250,2026,6,0.0,0.0,CT,CONNECTICUT,0.165831,0.0
251,2026,7,91217.4128775024,1076.168716128709,DE,DELAWARE,0.165831,15126674.7948891
252,2026,8,0.0,0.0,DC,DISTRICT OF COLUMBIA,0.165831,0.0
253,2026,9,20617.569985472124,171.73265469386513,FL,FLORIDA,0.165831,3419032.2482608277
254,2026,10,214087.7316424001,3033.402665056973,GA,GEORGIA,0.165831,35502382.62599085
255,2026,12,0.0,0.0,ID,IDAHO,0.165831,0.0
256,2026,13,1191991.2626581178,12614.567804919832,IL,ILLINOIS,0.165831,197669103.07785833
257,2026,14,3164444.293594494,21708.41935301697,IN,INDIANA,0.165831,524762961.6510685
258,2026,15,356177.8230989494,5607.502698340435,IA,IOWA,0.165831,59065324.582321875
259,2026,16,170112.5481778749,1841.258179613028,KS,KANSAS,0.165831,28209933.976885177
260,2026,17,1904920.681465692,10987.198135841834,KY,KENTUCKY,0.165831,315894901.52813715
261,2026,18,429142.0678352028,7887.750426693702,LA,LOUISIANA,0.165831,71165058.25117952
262,2026,19,0.0,0.0,ME,MAINE,0.165831,0.0
263,2026,20,251756.045403256,2072.369809086404,MD,MARYLAND,0.165831,41748956.76526735
264,2026,21,0.0,0.0,MA,MASSACHUSETTS,0.165831,0.0
265,2026,22,47444.31368859209,660.1624151065153,MI,MICHIGAN,0.165831,7867737.983292915
266,2026,23,354659.4678187033,5174.118271457881,MN,MINNESOTA,0.165831,58813534.2078434
267,2026,24,950349.052624568,10536.38813183195,MS,MISSISSIPPI,0.165831,157597333.74578473
268,2026,25,1116618.9169807932,8291.150587376262,MO,MISSOURI,0.165831,185170031.62184194
269,2026,26,430077.5154578836,10290.349146391092,MT,MONTANA,0.165831,71320184.4658963
270,2026,27,45168.28319987428,992.276961387591,NE,NEBRASKA,0.165831,7490301.571318351
271,2026,28,0.0,0.0,NV,NEVADA,0.165831,0.0
272,2026,29,0.0,0.0,NH,NEW HAMPSHIRE,0.165831,0.0
273,2026,30,123122.9609979798,870.3436414841135,NJ,NEW JERSEY,0.165831,20417603.745255988
274,2026,31,0.0,0.0,NM,NEW MEXICO,0.165831,0.0
275,2026,32,0.0,0.0,NY,NEW YORK,0.165831,0.0
276,2026,33,331696.93848529406,5445.107221270756,NC,NORTH CAROLINA,0.165831,55005635.0059548
277,2026,34,82949.44528264701,2559.289198497715,ND,NORTH DAKOTA,0.165831,13755589.460666638
278,2026,35,1537652.0123168346,13114.9992333791,OH,OHIO,0.165831,254990370.85451302
279,2026,36,15033.2148331423,513.1779502687947,OK,OKLAHOMA,0.165831,2492973.0489948206
280,2026,37,0.0,0.0,OR,OREGON,0.165831,0.0
281,2026,38,148766.6537989144,1288.5570895934316,PA,PENNSYLVANIA,0.165831,24670122.966127776
282,2026,39,0.0,0.0,RI,RHODE ISLAND,0.165831,0.0
283,2026,40,562260.1313945347,4452.224521402462,SC,SOUTH CAROLINA,0.165831,93240159.8492871
284,2026,41,406881.5682715008,4539.920593829161,SD,SOUTH DAKOTA,0.165831,67473577.34803125
285,2026,42,1765258.002214781,9658.815900185617,TN,TENNESSEE,0.165831,292734499.76527935
286,2026,43,37389.937136762856,1934.983110796292,TX,TEXAS,0.165831,6200410.665326522
287,2026,44,0.0,0.0,UT,UTAH,0.165831,0.0
288,2026,45,0.0,0.0,VT,VERMONT,0.165831,0.0
289,2026,46,164603.51898491697,1727.2500435694235,VA,VIRGINIA,0.165831,27296366.156787764
290,2026,47,0.0,0.0,WA,WASHINGTON,0.165831,0.0
291,2026,48,28923.19168739907,123.54818155356824,WV,WEST VIRGINIA,0.165831,4796361.800713075
292,2026,49,169900.36369877143,1940.9229713543864,WI,WISCONSIN,0.165831,28174747.212530963
293,2026,50,420923.1413172597,15284.572621493142,WY,WYOMING,0.165831,69802105.44778249
294,2027,0,2554.861557418564,118.9982363645702,AL,ALABAMA,0.17073,436191.5136980715
295,2027,2,0.0,0.0,AZ,ARIZONA,0.17073,0.0
296,2027,3,99986.36725795288,4144.125284618013,AR,ARKANSAS,0.17073,17070672.481950294
297,2027,4,0.0,0.0,CA,CALIFORNIA,0.17073,0.0
298,2027,5,64364.06297335703,1609.4198933521989,CO,COLORADO,0.17073,10988876.471441245
299,2027,6,0.0,0.0,CT,CONNECTICUT,0.17073,0.0
300,2027,7,350672.8141337843,1104.7373092995094,DE,DELAWARE,0.17073,59870369.557061
301,2027,8,0.0,0.0,DC,DISTRICT OF COLUMBIA,0.17073,0.0
302,2027,9,11183.52176092326,65.45944697533689,FL,FLORIDA,0.17073,1909362.6702424283
303,2027,10,250402.06139667123,1953.5279337906788,GA,GEORGIA,0.17073,42751143.94225368
304,2027,12,0.0,0.0,ID,IDAHO,0.17073,0.0
305,2027,13,7795803.485488375,51766.29221053989,IL,ILLINOIS,0.17073,1330977529.0774302
306,2027,14,10045841.54048244,33115.55934384758,IN,INDIANA,0.17073,1715126526.2065668
307,2027,15,9017571.287670745,51233.38430169688,IA,IOWA,0.17073,1539569945.944026
308,2027,16,413417.4739029447,4274.451666220338,KS,KANSAS,0.17073,70582765.31944974
309,2027,17,2381637.875633011,12473.971563955614,KY,KENTUCKY,0.17073,406617034.506824
310,2027,18,25921.52880749364,631.634742198016,LA,LOUISIANA,0.17073,4425582.6133033885
311,2027,19,0.0,0.0,ME,MAINE,0.17073,0.0
312,2027,20,642141.3481835097,1929.313075956196,MD,MARYLAND,0.17073,109632792.3753706
313,2027,21,0.0,0.0,MA,MASSACHUSETTS,0.17073,0.0
314,2027,22,628888.248979314,2480.775099731218,MI,MICHIGAN,0.17073,107370090.74823827
315,2027,23,5887467.585021575,35605.75515829593,MN,MINNESOTA,0.17073,1005167340.7907335
316,2027,24,14355.511578640648,338.11956924520683,MS,MISSISSIPPI,0.17073,2450916.4918213175
317,2027,25,4475700.196401786,26895.86283002005,MO,MISSOURI,0.17073,764136294.5316769
318,2027,26,368630.2291292364,8674.057208574957,MT,MONTANA,0.17073,62936239.01923453
319,2027,27,486744.2513098832,8207.104885076946,NE,NEBRASKA,0.17073,83101846.02613635
320,2027,28,0.0,0.0,NV,NEVADA,0.17073,0.0
321,2027,29,0.0,0.0,NH,NEW HAMPSHIRE,0.17073,0.0
322,2027,30,207889.85575269052,695.0258193684901,NJ,NEW JERSEY,0.17073,35493035.072656855
323,2027,31,0.0,0.0,NM,NEW MEXICO,0.17073,0.0
324,2027,32,9157.441021438066,73.45545486865355,NY,NEW YORK,0.17073,1563449.905590121
325,2027,33,470793.900989748,4231.992849738255,NC,NORTH CAROLINA,0.17073,80378642.71597967
326,2027,34,523231.2966158674,9818.168158072373,ND,NORTH DAKOTA,0.17073,89331279.27122705
327,2027,35,7775007.526201463,24621.522509154907,OH,OHIO,0.17073,1327427034.948376
328,2027,36,34950.02080880947,1173.7608114134118,OK,OKLAHOMA,0.17073,5967017.052688042
329,2027,37,0.0,0.0,OR,OREGON,0.17073,0.0
330,2027,38,335879.55968485173,1832.6414906902703,PA,PENNSYLVANIA,0.17073,57344717.22499473
331,2027,39,0.0,0.0,RI,RHODE ISLAND,0.17073,0.0
332,2027,40,134551.8858974019,1215.4305889646998,SC,SOUTH CAROLINA,0.17073,22972043.479263425
333,2027,41,3208748.070208689,23502.11008158943,SD,SOUTH DAKOTA,0.17073,547829558.0267295
334,2027,42,641170.5988896787,4790.552133427673,TN,TENNESSEE,0.17073,109467056.34843484
335,2027,43,41590.574461538,1758.7826027473575,TX,TEXAS,0.17073,7100758.777818383
336,2027,44,0.0,0.0,UT,UTAH,0.17073,0.0
337,2027,45,0.0,0.0,VT,VERMONT,0.17073,0.0
338,2027,46,349547.07302700897,1125.6133798985252,VA,VIRGINIA,0.17073,59678171.77790123
339,2027,47,0.0,0.0,WA,WASHINGTON,0.17073,0.0
340,2027,48,86654.05609451389,315.78843822039426,WV,WEST VIRGINIA,0.17073,14794446.997016357
341,2027,49,1383163.875835274,7499.893189663964,WI,WISCONSIN,0.17073,236147568.52135634
342,2027,50,624468.6919360233,16602.998504937823,WY,WYOMING,0.17073,106615539.77423726
343,2028,0,532109.2156742623,3198.435335488339,AL,ALABAMA,0.175629,93453809.43965502
344,2028,2,0.0,0.0,AZ,ARIZONA,0.175629,0.0
345,2028,3,200917.83451300816,8041.691718724413,AR,ARKANSAS,0.175629,35286998.35768511
346,2028,4,0.0,0.0,CA,CALIFORNIA,0.175629,0.0
347,2028,5,79079.39954522725,2060.2764738999954,CO,COLORADO,0.175629,13888635.862728717
348,2028,6,0.0,0.0,CT,CONNECTICUT,0.175629,0.0
349,2028,7,192243.63042085923,1095.4812998924365,DE,DELAWARE,0.175629,33763556.56718509
350,2028,8,0.0,0.0,DC,DISTRICT OF COLUMBIA,0.175629,0.0
351,2028,9,46160.68218750386,284.3699092252537,FL,FLORIDA,0.175629,8107154.451909116
352,2028,10,346563.2835570886,4059.046963969423,GA,GEORGIA,0.175629,60866562.92784791
353,2028,12,0.0,0.0,ID,IDAHO,0.175629,0.0
354,2028,13,8457560.296713024,51575.07970194394,IL,ILLINOIS,0.175629,1485392857.3514118
355,2028,14,10120894.47643248,33689.98736642753,IN,INDIANA,0.175629,1777522576.0013602
356,2028,15,10356405.6661048,51550.036283615234,IA,IOWA,0.175629,1818885170.7323198
357,2028,16,1764593.2152232414,16458.68857078214,KS,KANSAS,0.175629,309913741.7964427
358,2028,17,2567947.4361289525,13505.818499325816,KY,KENTUCKY,0.175629,451006040.2598918
359,2028,18,286122.86836623435,6150.12910860641,LA,LOUISIANA,0.175629,50251473.24829338
360,2028,19,0.0,0.0,ME,MAINE,0.175629,0.0
361,2028,20,384227.2495902845,1824.9106508421207,MD,MARYLAND,0.175629,67481447.61829208
362,2028,21,0.0,0.0,MA,MASSACHUSETTS,0.175629,0.0
363,2028,22,715890.5516422878,2621.438976847307,MI,MICHIGAN,0.175629,125731141.69438335
364,2028,23,6206838.967045055,35338.49014770535,MN,MINNESOTA,0.175629,1090100920.943156
365,2028,24,1108275.1184956431,13556.468425060511,MS,MISSISSIPPI,0.175629,194645250.7862713
366,2028,25,5145537.727545034,31536.89644009653,MO,MISSOURI,0.175629,903705645.5510069
367,2028,26,707305.1393410141,14653.433439058905,MT,MONTANA,0.175629,124223294.31732298
368,2028,27,967511.660944606,14346.341912173551,NE,NEBRASKA,0.175629,169923105.5000402
369,2028,28,0.0,0.0,NV,NEVADA,0.175629,0.0
370,2028,29,38.132746741710775,0.7625473988779156,NH,NEW HAMPSHIRE,0.175629,6697.216177499922
371,2028,30,167666.44304422842,704.8388927655557,NJ,NEW JERSEY,0.175629,29447089.725414798
372,2028,31,0.0,0.0,NM,NEW MEXICO,0.175629,0.0
373,2028,32,31021.03476064057,147.69298703432648,NY,NEW YORK,0.175629,5448193.313976543
374,2028,33,578090.7119670403,4371.587660767831,NC,NORTH CAROLINA,0.175629,101529493.65205933
375,2028,34,583964.8666698217,9894.625806354115,ND,NORTH DAKOTA,0.175629,102561165.5683541
376,2028,35,10907928.846611088,29098.48785148709,OH,OHIO,0.175629,1915748635.4014587
377,2028,36,140002.95330954815,4958.299358957338,OK,OKLAHOMA,0.175629,24588578.68680263
378,2028,37,0.0,0.0,OR,OREGON,0.175629,0.0
379,2028,38,1044969.9704180582,4086.729782366863,PA,PENNSYLVANIA,0.175629,183527030.93455318
380,2028,39,0.0,0.0,RI,RHODE ISLAND,0.175629,0.0
381,2028,40,241221.13911703115,3258.315538556581,SC,SOUTH CAROLINA,0.175629,42365427.44198506
382,2028,41,2953919.019434468,21629.460395223075,SD,SOUTH DAKOTA,0.175629,518793843.46425617
383,2028,42,1661120.5753035846,10395.104778153303,TN,TENNESSEE,0.175629,291740945.51999325
384,2028,43,51910.81785761363,2590.441559051725,TX,TEXAS,0.175629,9117045.029514825
385,2028,44,0.0,0.0,UT,UTAH,0.175629,0.0
386,2028,45,0.0,0.0,VT,VERMONT,0.175629,0.0
387,2028,46,201364.80239650048,901.3262795541036,VA,VIRGINIA,0.175629,35365498.88009498
388,2028,47,0.0,0.0,WA,WASHINGTON,0.175629,0.0
389,2028,48,97540.24792513953,356.0805221719124,WV,WEST VIRGINIA,0.175629,17130896.202844333
390,2028,49,1657452.861441883,7368.47381454348,WI,WISCONSIN,0.175629,291096788.6021765
391,2028,50,637502.4547950721,18602.56978227704,WY,WYOMING,0.175629,111963918.63320372
392,2029,0,8091.691588440822,148.31055963854504,AL,ALABAMA,0.180528,1460776.8990780446
393,2029,2,0.0,0.0,AZ,ARIZONA,0.180528,0.0
394,2029,3,10052.569107975054,421.9783814078765,AR,ARKANSAS,0.180528,1814770.1959245205
395,2029,4,0.0,0.0,CA,CALIFORNIA,0.180528,0.0
396,2029,5,72302.7280939425,1821.409446362932,CO,COLORADO,0.180528,13052666.89734325
397,2029,6,0.0,0.0,CT,CONNECTICUT,0.180528,0.0
398,2029,7,0.0,0.0,DE,DELAWARE,0.180528,0.0
399,2029,8,0.0,0.0,DC,DISTRICT OF COLUMBIA,0.180528,0.0
400,2029,9,4932.60003552091,120.09046303443697,FL,FLORIDA,0.180528,890472.4192125188
401,2029,10,13088.260166806893,282.0992061081306,GA,GEORGIA,0.180528,2362797.4313933146
402,2029,12,0.0,0.0,ID,IDAHO,0.180528,0.0
403,2029,13,2802367.27519171,29946.738369867227,IL,ILLINOIS,0.180528,505905759.455809
404,2029,14,2369075.791864116,19430.651288246863,IN,INDIANA,0.180528,427684514.55364513
405,2029,15,9858297.396983271,50301.961932491984,IA,IOWA,0.180528,1779698712.482596
406,2029,16,1128696.5770726854,12903.687719665606,KS,KANSAS,0.180528,203761335.6657777
407,2029,17,4064.6434397099706,165.31349968343687,KY,KENTUCKY,0.180528,733781.9508839615
408,2029,18,21.527412566186705,7.442842269064959,LA,LOUISIANA,0.180528,3886.300735748553
409,2029,19,0.0,0.0,ME,MAINE,0.180528,0.0
410,2029,20,0.0,0.0,MD,MARYLAND,0.180528,0.0
411,2029,21,0.0,0.0,MA,MASSACHUSETTS,0.180528,0.0
412,2029,22,437110.9890862175,2824.7189893452824,MI,MICHIGAN,0.180528,78910772.63775666
413,2029,23,5914642.783440137,34122.61272385937,MN,MINNESOTA,0.180528,1067758632.408881
414,2029,24,1533.2278455093683,22.30200764972365,MS,MISSISSIPPI,0.180528,276790.5564941152
415,2029,25,1076071.5770096034,12092.448723228885,MO,MISSOURI,0.180528,194261049.65438968
416,2029,26,558169.4499111486,13257.393863675094,MT,MONTANA,0.180528,100765214.45355985
417,2029,27,814436.8598606638,12249.625770964818,NE,NEBRASKA,0.180528,147028657.43692592
418,2029,28,0.0,0.0,NV,NEVADA,0.180528,0.0
419,2029,29,41.799389284841794,0.7353137427929222,NH,NEW HAMPSHIRE,0.180528,7545.96014881392
420,2029,30,0.0,0.0,NJ,NEW JERSEY,0.180528,0.0
421,2029,31,0.0,0.0,NM,NEW MEXICO,0.180528,0.0
422,2029,32,0.0,0.0,NY,NEW YORK,0.180528,0.0
423,2029,33,5314.691153454416,63.5395080373243,NC,NORTH CAROLINA,0.180528,959450.5645508189
424,2029,34,552699.261070673,9378.972559540793,ND,NORTH DAKOTA,0.180528,99777692.20256644
425,2029,35,2287361.2579221567,13223.390968500476,OH,OHIO,0.180528,412932753.1701711
426,2029,36,54892.28240604416,1919.92097015635,OK,OKLAHOMA,0.180528,9909593.95819834
427,2029,37,0.0,0.0,OR,OREGON,0.180528,0.0
428,2029,38,0.0,0.0,PA,PENNSYLVANIA,0.180528,0.0
429,2029,39,0.0,0.0,RI,RHODE ISLAND,0.180528,0.0
430,2029,40,29.462861372314247,4.421387205775838,SC,SOUTH CAROLINA,0.180528,5318.871437821146
431,2029,41,2825738.890492116,20666.12063827325,SD,SOUTH DAKOTA,0.180528,510124990.4227607
432,2029,42,41177.13886390778,381.8242104869096,TN,TENNESSEE,0.180528,7433626.524823543
433,2029,43,5978.6103459953465,274.96655050175724,TX,TEXAS,0.180528,1079306.5685418479
434,2029,44,0.0,0.0,UT,UTAH,0.180528,0.0
435,2029,45,0.0,0.0,VT,VERMONT,0.180528,0.0
436,2029,46,3514.8454346752164,76.65671259012669,VA,VIRGINIA,0.180528,634528.0166310474
437,2029,47,0.0,0.0,WA,WASHINGTON,0.180528,0.0
438,2029,48,0.0,0.0,WV,WEST VIRGINIA,0.180528,0.0
439,2029,49,1052662.0651226407,6066.339296679856,WI,WISCONSIN,0.180528,190034977.29246008
440,2029,50,475802.0776508855,14736.0989969342,WY,WYOMING,0.180528,85895597.47415906
441,2030,0,538144.9131627772,3533.239067972048,AL,ALABAMA,0.185427,99786596.8130343
442,2030,2,0.0,0.0,AZ,ARIZONA,0.185427,0.0
443,2030,3,104736.1985406588,4441.302771961023,AR,ARKANSAS,0.185427,19420919.08679874
444,2030,4,0.0,0.0,CA,CALIFORNIA,0.185427,0.0
445,2030,5,75543.11442085188,1953.669084824024,CO,COLORADO,0.185427,14007733.077715304
446,2030,6,0.0,0.0,CT,CONNECTICUT,0.185427,0.0
447,2030,7,29423.406600210023,492.3478230669535,DE,DELAWARE,0.185427,5455894.015657144
448,2030,8,0.0,0.0,DC,DISTRICT OF COLUMBIA,0.185427,0.0
449,2030,9,20050.162919229893,235.9416719869124,FL,FLORIDA,0.185427,3717841.559624042
450,2030,10,367200.06096256495,3778.72350725661,GA,GEORGIA,0.185427,68088805.70410553
451,2030,12,0.0,0.0,ID,IDAHO,0.185427,0.0
452,2030,13,456451.52672594186,5773.257229588815,IL,ILLINOIS,0.185427,84638437.24621122
453,2030,14,322291.46371504414,3589.3198512654853,IN,INDIANA,0.185427,59761539.24228949
454,2030,15,1783817.665395018,16590.493446538887,IA,IOWA,0.185427,330767958.241202
455,2030,16,618799.4799737232,5986.692958378777,KS,KANSAS,0.185427,114742131.17308757
456,2030,17,790068.9956822738,5522.321267793117,KY,KENTUCKY,0.185427,146500123.66237697
457,2030,18,402106.6392725572,9221.35046026788,LA,LOUISIANA,0.185427,74561427.80039246
458,2030,19,0.0,0.0,ME,MAINE,0.185427,0.0
459,2030,20,34087.93471531241,289.6257330653717,MD,MARYLAND,0.185427,6320823.470456235
460,2030,21,0.0,0.0,MA,MASSACHUSETTS,0.185427,0.0
461,2030,22,35093.58133730802,506.10161003729866,MI,MICHIGAN,0.185427,6507297.506633014
462,2030,23,1769378.993899504,14792.107617128791,MN,MINNESOTA,0.185427,328090638.7018033
463,2030,24,1190124.7536571545,13761.492286202923,MS,MISSISSIPPI,0.185427,220681262.6963852
464,2030,25,1794562.7894407162,14318.729652375634,MO,MISSOURI,0.185427,332760394.3576237
465,2030,26,734583.9839856642,14174.443076717213,MT,MONTANA,0.185427,136211704.39850977
466,2030,27,523648.76758527686,8909.284098652362,NE,NEBRASKA,0.185427,97098620.02703513
467,2030,28,0.0,0.0,NV,NEVADA,0.185427,0.0
468,2030,29,0.0,0.0,NH,NEW HAMPSHIRE,0.185427,0.0
469,2030,30,38584.59108603469,311.022994502836,NJ,NEW JERSEY,0.185427,7154624.9713101555
470,2030,31,0.0,0.0,NM,NEW MEXICO,0.185427,0.0
471,2030,32,0.0,0.0,NY,NEW YORK,0.185427,0.0
472,2030,33,666326.0407166905,8151.39221108116,NC,NORTH CAROLINA,0.185427,123554838.75197376
473,2030,34,466002.1861549843,7958.936538261416,ND,NORTH DAKOTA,0.185427,86409387.37216027
474,2030,35,259108.5468238584,4202.061636811753,OH,OHIO,0.185427,48045720.51190759
475,2030,36,54635.81761180571,1962.8420807473249,OK,OKLAHOMA,0.185427,10130955.752304297
476,2030,37,0.0,0.0,OR,OREGON,0.185427,0.0
477,2030,38,25058.81930339144,561.2246216508507,PA,PENNSYLVANIA,0.185427,4646581.686969965
478,2030,39,0.0,0.0,RI,RHODE ISLAND,0.185427,0.0
479,2030,40,488062.4495746082,5580.30109217887,SC,SOUTH CAROLINA,0.185427,90499955.83727089
480,2030,41,1956520.309112856,17092.81319045969,SD,SOUTH DAKOTA,0.185427,362791691.35786957
481,2030,42,1044698.710300748,6519.282298608839,TN,TENNESSEE,0.185427,193715347.7549368
482,2030,43,19380.78283074979,1342.9522268078836,TX,TEXAS,0.185427,3593720.417957442
483,2030,44,0.0,0.0,UT,UTAH,0.185427,0.0
484,2030,45,5581.502754366838,54.501402015935696,VT,VERMONT,0.185427,1034961.3112339798
485,2030,46,85518.42383451044,731.9048318559825,VA,VIRGINIA,0.185427,15857424.776361769
486,2030,47,0.0,0.0,WA,WASHINGTON,0.185427,0.0
487,2030,48,0.0,0.0,WV,WEST VIRGINIA,0.185427,0.0
488,2030,49,51844.73816685465,368.690371537224,WI,WISCONSIN,0.185427,9613414.264065357
489,2030,50,607482.3405023024,17671.73673992585,WY,WYOMING,0.185427,112643627.95232043
490,2031,0,0.0,0.0,AL,ALABAMA,0.1814418,0.0
491,2031,2,0.0,0.0,AZ,ARIZONA,0.1814418,0.0
492,2031,3,10541.18323245311,364.6405476202448,AR,ARKANSAS,0.1814418,1912611.2598261104
493,2031,4,0.0,0.0,CA,CALIFORNIA,0.1814418,0.0
494,2031,5,74640.98684664545,1906.0834957408808,CO,COLORADO,0.1814418,13542995.007231673
495,2031,6,0.0,0.0,CT,CONNECTICUT,0.1814418,0.0
496,2031,7,111505.00545939524,1130.7870517156157,DE,DELAWARE,0.1814418,20231668.899562497
497,2031,8,0.0,0.0,DC,DISTRICT OF COLUMBIA,0.1814418,0.0
498,2031,9,0.0,0.0,FL,FLORIDA,0.1814418,0.0
499,2031,10,569.079147842132,23.25649806330427,GA,GEORGIA,0.1814418,103254.74492694254
500,2031,12,0.0,0.0,ID,IDAHO,0.1814418,0.0
501,2031,13,6892223.828742994,43112.576394383854,IL,ILLINOIS,0.1814418,1250537497.4900205
502,2031,14,9000025.03660551,30252.702009248445,IN,INDIANA,0.1814418,1632980742.6867697
503,2031,15,9277154.093181573,46933.93618878594,IA,IOWA,0.1814418,1683263537.5442321
504,2031,16,946047.866318946,8918.782197634135,KS,KANSAS,0.1814418,171652627.75106892
505,2031,17,280896.7780906892,1414.8912565077967,KY,KENTUCKY,0.1814418,50966417.030975215
506,2031,18,7500.463557199325,301.595873394387,LA,LOUISIANA,0.1814418,1360897.6086526483
507,2031,19,0.0,0.0,ME,MAINE,0.1814418,0.0
508,2031,20,357709.19416841725,2483.0337802924164,MD,MARYLAND,0.1814418,64903400.06646713
509,2031,21,0.0,0.0,MA,MASSACHUSETTS,0.1814418,0.0
510,2031,22,720201.7592260243,3214.7857507809526,MI,MICHIGAN,0.1814418,130674703.55713645
511,2031,23,3142736.78537424,22242.209816387985,MN,MINNESOTA,0.1814418,570223819.2645158
512,2031,24,2494.509265201028,211.70095359221904,MS,MISSISSIPPI,0.1814418,452608.2511947518
513,2031,25,3036475.131832121,18622.699314312064,MO,MISSOURI,0.1814418,550943513.5748572
514,2031,26,746939.0126106401,14624.064121040732,MT,MONTANA,0.1814418,135525958.93829724
515,2031,27,833146.9415682578,12262.076804591266,NE,NEBRASKA,0.1814418,151167680.7426395
516,2031,28,0.0,0.0,NV,NEVADA,0.1814418,0.0
517,2031,29,16.13164614927255,0.940154383378017,NH,NEW HAMPSHIRE,0.1814418,2926.95491428708
518,2031,30,285406.2078502586,1228.6316255595589,NJ,NEW JERSEY,0.1814418,51784616.083525054
519,2031,31,0.0,0.0,NM,NEW MEXICO,0.1814418,0.0
520,2031,32,22891.39402047637,121.06841842393248,NY,NEW YORK,0.1814418,4153455.7355844695
521,2031,33,50192.07189925772,1909.575036742728,NC,NORTH CAROLINA,0.1814418,9106939.871130738
522,2031,34,246790.3872311731,4184.731245005996,ND,NORTH DAKOTA,0.1814418,44778092.08192106
523,2031,35,9495889.92935513,27886.67982446345,OH,OHIO,0.1814418,1722951361.3840673
524,2031,36,29773.86263391043,1089.8775494266974,OK,OKLAHOMA,0.1814418,5402223.2292494485
525,2031,37,0.0,0.0,OR,OREGON,0.1814418,0.0
526,2031,38,1384091.5299258833,6065.596034543447,PA,PENNSYLVANIA,0.1814418,251132058.55450612
527,2031,39,0.0,0.0,RI,RHODE ISLAND,0.1814418,0.0
528,2031,40,0.0,0.0,SC,SOUTH CAROLINA,0.1814418,0.0
529,2031,41,1666259.4601804316,13105.000096275988,SD,SOUTH DAKOTA,0.1814418,302329115.7221658
530,2031,42,49762.031786861306,283.66847950547776,TN,TENNESSEE,0.1814418,9028912.619065331
531,2031,43,21551.942396228525,1203.3910958682186,TX,TEXAS,0.1814418,3910423.2218680168
532,2031,44,0.0,0.0,UT,UTAH,0.1814418,0.0
533,2031,45,2382.289010042693,100.1141518259437,VT,VERMONT,0.1814418,432246.80610236427
534,2031,46,205726.9023937533,1755.3309784491055,VA,VIRGINIA,0.1814418,37327459.478746906
535,2031,47,0.0,0.0,WA,WASHINGTON,0.1814418,0.0
536,2031,48,56172.95886065636,236.6326231134134,WV,WEST VIRGINIA,0.1814418,10192122.76700344
537,2031,49,985287.5512872842,5702.931607536764,WI,WISCONSIN,0.1814418,178772346.82315716
538,2031,50,694275.0011016551,18253.47056361217,WY,WYOMING,0.1814418,125970505.89488629
539,2032,0,6705.264536782003,171.2781154642405,AL,ALABAMA,0.1774566,1189893.4467979092
540,2032,2,0.0,0.0,AZ,ARIZONA,0.1774566,0.0
541,2032,3,56934.56267258803,3048.2498114013288,AR,ARKANSAS,0.1774566,10103413.914364384
542,2032,4,0.0,0.0,CA,CALIFORNIA,0.1774566,0.0
543,2032,5,68091.08702080192,1786.2311533781256,CO,COLORADO,0.1774566,12083212.793015637
544,2032,6,0.0,0.0,CT,CONNECTICUT,0.1774566,0.0
545,2032,7,72430.42738729346,859.6947686173282,DE,DELAWARE,0.1774566,12853257.38069598
546,2032,8,0.0,0.0,DC,DISTRICT OF COLUMBIA,0.1774566,0.0
547,2032,9,2124.8095899430505,63.23512452726913,FL,FLORIDA,0.1774566,377061.4854786879
548,2032,10,274.47293845513326,6.88484036628239,GA,GEORGIA,0.1774566,48707.0344502572
549,2032,12,0.0,0.0,ID,IDAHO,0.1774566,0.0
550,2032,13,2667138.015998643,28917.399465110106,IL,ILLINOIS,0.1774566,473301244.04986477
551,2032,14,864000.5176787988,9123.825730827291,IN,INDIANA,0.1774566,153322594.26551953
552,2032,15,6860452.628297456,43336.07468704774,IA,IOWA,0.1774566,1217432597.8787303
553,2032,16,142070.9867774913,2498.624098189521,KS,KANSAS,0.1774566,25211434.272178557
554,2032,17,76391.95053709074,1780.1355297653604,KY,KENTUCKY,0.1774566,13556255.809680298
555,2032,18,520324.3795913559,9631.522097111208,LA,LOUISIANA,0.1774566,92334995.2993914
556,2032,19,0.0,0.0,ME,MAINE,0.1774566,0.0
557,2032,20,102865.6341942441,1013.7012209736316,MD,MARYLAND,0.1774566,18254185.700954296
558,2032,21,0.0,0.0,MA,MASSACHUSETTS,0.1774566,0.0
559,2032,22,20284.41990321544,226.7275110481832,MI,MICHIGAN,0.1774566,3599604.1889969404
560,2032,23,832766.028128807,8911.111793740813,MN,MINNESOTA,0.1774566,147779827.94724244
561,2032,24,298231.3905090656,5846.80018110169,MS,MISSISSIPPI,0.1774566,52923128.57301104
562,2032,25,3404779.1792265903,24934.182662454103,MO,MISSOURI,0.1774566,604200536.8963413
563,2032,26,340013.3922278652,7939.076540211804,MT,MONTANA,0.1774566,60337620.53922337
564,2032,27,164688.98861536468,3903.423173244344,NE,NEBRASKA,0.1774566,29225147.97712132
565,2032,28,0.0,0.0,NV,NEVADA,0.1774566,0.0
566,2032,29,6.013090046358284,0.6809140898595696,NH,NEW HAMPSHIRE,0.1774566,1067.0625151205836
567,2032,30,108410.8080126548,685.2147506828185,NJ,NEW JERSEY,0.1774566,19238213.393178478
568,2032,31,0.0,0.0,NM,NEW MEXICO,0.1774566,0.0
569,2032,32,0.0,0.0,NY,NEW YORK,0.1774566,0.0
570,2032,33,17587.490989872036,2142.0261906753394,NC,NORTH CAROLINA,0.1774566,3121016.3535933257
571,2032,34,319511.62286419043,7013.862983912866,ND,NORTH DAKOTA,0.1774566,56699446.253961496
572,2032,35,399267.1835706506,8151.711386808649,OH,OHIO,0.1774566,70852596.88802351
573,2032,36,17241.92098576104,704.208066504144,OK,OKLAHOMA,0.1774566,3059692.6756018023
574,2032,37,0.0,0.0,OR,OREGON,0.1774566,0.0
575,2032,38,93574.13177392124,801.3390536112256,PA,PENNSYLVANIA,0.1774566,16605347.27255203
576,2032,39,0.0,0.0,RI,RHODE ISLAND,0.1774566,0.0
577,2032,40,0.0,0.0,SC,SOUTH CAROLINA,0.1774566,0.0
578,2032,41,951314.3659966498,8671.794987086965,SD,SOUTH DAKOTA,0.1774566,168817012.9209211
579,2032,42,294749.3041899373,3167.6519042074096,TN,TENNESSEE,0.1774566,52305209.37391202
580,2032,43,25601.250078302408,1345.326068440113,TX,TEXAS,0.1774566,4543110.794645279
581,2032,44,0.0,0.0,UT,UTAH,0.1774566,0.0
582,2032,45,5248.952948452383,34.17046646319356,VT,VERMONT,0.1774566,931461.343792335
583,2032,46,5861.845947475881,129.86920188188049,VA,VIRGINIA,0.1774566,1040223.2515628485
584,2032,47,0.0,0.0,WA,WASHINGTON,0.1774566,0.0
585,2032,48,0.0,0.0,WV,WEST VIRGINIA,0.1774566,0.0
586,2032,49,446074.55231100833,4654.386444187206,WI,WISCONSIN,0.1774566,79158873.39963368
587,2032,50,632269.0797037573,16714.543140426475,WY,WYOMING,0.1774566,112200321.16935778
588,2033,0,337892.55672945525,2024.582769442061,AL,ALABAMA,0.1734714,58614694.86543802
589,2033,2,0.0,0.0,AZ,ARIZONA,0.1734714,0.0
590,2033,3,133805.09247021694,5115.843965495707,AR,ARKANSAS,0.1734714,23211356.71793799
591,2033,4,0.0,0.0,CA,CALIFORNIA,0.1734714,0.0
592,2033,5,92514.78003854652,2323.814795306497,CO,COLORADO,0.1734714,16048668.413978718
593,2033,6,0.0,0.0,CT,CONNECTICUT,0.1734714,0.0
594,2033,7,246835.4466363405,1145.5639625773013,DE,DELAWARE,0.1734714,42818890.497631274
595,2033,8,0.0,0.0,DC,DISTRICT OF COLUMBIA,0.1734714,0.0
596,2033,9,39325.08574735725,361.6075677753663,FL,FLORIDA,0.1734714,6821777.679714108
597,2033,10,491064.7439368733,3591.939161835475,GA,GEORGIA,0.1734714,85185688.62137091
598,2033,12,0.0,0.0,ID,IDAHO,0.1734714,0.0
599,2033,13,201754.89977338703,2197.541866392909,IL,ILLINOIS,0.1734714,34998704.92054913
600,2033,14,318297.625249362,4000.15886158324,IN,INDIANA,0.1734714,55215534.66868218
601,2033,15,0.0,0.0,IA,IOWA,0.1734714,0.0
602,2033,16,12289.450192829458,154.3631429641199,KS,KANSAS,0.1734714,2131868.130180396
603,2033,17,850782.1660450639,7982.482273863912,KY,KENTUCKY,0.1734714,147586373.43886968
604,2033,18,259436.72603650752,4574.343330025766,LA,LOUISIANA,0.1734714,45004852.07696941
605,2033,19,0.0,0.0,ME,MAINE,0.1734714,0.0
606,2033,20,483522.1840642446,2330.235800640437,MD,MARYLAND,0.1734714,83877270.20068221
607,2033,21,0.0,0.0,MA,MASSACHUSETTS,0.1734714,0.0
608,2033,22,4785.982907621837,209.20995662174303,MI,MICHIGAN,0.1734714,830231.1553612306
609,2033,23,32080.85678341799,448.2543390523436,MN,MINNESOTA,0.1734714,5565111.1394190155
610,2033,24,316884.8445218419,4550.771950442713,MS,MISSISSIPPI,0.1734714,54970457.61798624
611,2033,25,596524.6885300427,3759.8225615372608,MO,MISSOURI,0.1734714,103479972.85387044
612,2033,26,89380.27264312566,2606.861189521123,MT,MONTANA,0.1734714,15504921.027784707
613,2033,27,17804.070967980446,419.8529476404343,NE,NEBRASKA,0.1734714,3088497.116514923
614,2033,28,0.0,0.0,NV,NEVADA,0.1734714,0.0
615,2033,29,23.304557558851737,0.6809140898595696,NH,NEW HAMPSHIRE,0.1734714,4042.6742261145932
616,2033,30,242448.4276997188,1169.5515974424698,NJ,NEW JERSEY,0.1734714,42057868.180869
617,2033,31,0.0,0.0,NM,NEW MEXICO,0.1734714,0.0
618,2033,32,91.7067924643536,5.378652383136426,NY,NEW YORK,0.1734714,15908.505678300868
619,2033,33,1524126.5832683311,8943.862995117755,NC,NORTH CAROLINA,0.1734714,264392372.17677397
620,2033,34,0.0,0.0,ND,NORTH DAKOTA,0.1734714,0.0
621,2033,35,1940359.847350413,16816.21827016184,OH,OHIO,0.1734714,336596939.22366244
622,2033,36,27474.93537522488,963.781470007483,OK,OKLAHOMA,0.1734714,4766115.504449785
623,2033,37,0.0,0.0,OR,OREGON,0.1734714,0.0
624,2033,38,913255.131177892,5539.297786256659,PA,PENNSYLVANIA,0.1734714,158423646.16261256
625,2033,39,0.0,0.0,RI,RHODE ISLAND,0.1734714,0.0
626,2033,40,773194.8853238877,5830.386921939711,SC,SOUTH CAROLINA,0.1734714,134127199.22997425
627,2033,41,12199.83450333264,239.4118457741845,SD,SOUTH DAKOTA,0.1734714,2116322.3710614177
628,2033,42,702754.1629628815,5314.620160645647,TN,TENNESSEE,0.1734714,121907748.50499919
629,2033,43,37663.4318190341,1700.0869413163855,TX,TEXAS,0.1734714,6533528.246452392
630,2033,44,0.0,0.0,UT,UTAH,0.1734714,0.0
631,2033,45,3332.455034270758,99.90164738171744,VT,VERMONT,0.1734714,578085.6402319963
632,2033,46,222319.68466552807,967.1892694579292,VA,VIRGINIA,0.1734714,38566106.94648768
633,2033,47,0.0,0.0,WA,WASHINGTON,0.1734714,0.0
634,2033,48,16841.312851154285,95.02457392825724,WV,WEST VIRGINIA,0.1734714,2921486.1181277256
635,2033,49,0.0,0.0,WI,WISCONSIN,0.1734714,0.0
636,2033,50,593147.5697772797,16238.774596114312,WY,WYOMING,0.1734714,102894139.3358624
637,2034,0,0.0,0.0,AL,ALABAMA,0.1694862,0.0
638,2034,2,0.0,0.0,AZ,ARIZONA,0.1694862,0.0
639,2034,3,156566.70915149705,6077.212933364998,AR,ARKANSAS,0.1694862,26535896.58059246
640,2034,4,0.0,0.0,CA,CALIFORNIA,0.1694862,0.0
641,2034,5,98266.71436080782,2497.7977767111674,CO,COLORADO,0.1694862,16654852.003498746
642,2034,6,0.0,0.0,CT,CONNECTICUT,0.1694862,0.0
643,2034,7,118021.55110282038,1017.6776009475784,DE,DELAWARE,0.1694862,20003024.214522835
644,2034,8,0.0,0.0,DC,DISTRICT OF COLUMBIA,0.1694862,0.0
645,2034,9,0.0,0.0,FL,FLORIDA,0.1694862,0.0
646,2034,10,0.0,0.0,GA,GEORGIA,0.1694862,0.0
647,2034,12,0.0,0.0,ID,IDAHO,0.1694862,0.0
648,2034,13,4475251.113523539,34432.9526126912,IL,ILLINOIS,0.1694862,758493305.2768734
649,2034,14,2985508.12690863,17176.76343697356,IN,INDIANA,0.1694862,506002427.4988615
650,2034,15,8849309.058858447,49188.96396601276,IA,IOWA,0.1694862,1499835765.0114944
651,2034,16,1771830.0544086506,17002.551220234847,KS,KANSAS,0.1694862,300300742.96751547
652,2034,17,42814.01596038327,405.6992680232841,KY,KENTUCKY,0.1694862,7256384.871864712
653,2034,18,107876.6791525686,2725.757224402004,LA,LOUISIANA,0.1694862,18283608.418188073
654,2034,19,0.0,0.0,ME,MAINE,0.1694862,0.0
655,2034,20,153680.66374516406,1239.897317183266,MD,MARYLAND,0.1694862,26046751.711645626
656,2034,21,0.0,0.0,MA,MASSACHUSETTS,0.1694862,0.0
657,2034,22,305809.359125004,2605.2498523231006,MI,MICHIGAN,0.1694862,51830466.202532254
658,2034,23,3464918.24417832,26856.848195391965,MN,MINNESOTA,0.1694862,587255826.5164555
659,2034,24,183161.95185146327,3374.8841860550174,MS,MISSISSIPPI,0.1694862,31043423.203887474
660,2034,25,4391740.19555094,29315.341500156617,MO,MISSOURI,0.1694862,744339357.1311857
661,2034,26,886321.4197144447,19011.70347839203,MT,MONTANA,0.1694862,150219249.4060063
662,2034,27,1328278.7400565883,19586.59665240184,NE,NEBRASKA,0.1694862,225124916.19297895
663,2034,28,0.0,0.0,NV,NEVADA,0.1694862,0.0
664,2034,29,0.0,0.0,NH,NEW HAMPSHIRE,0.1694862,0.0
665,2034,30,92503.57126065514,679.5280433539302,NJ,NEW JERSEY,0.1694862,15678078.779397648
666,2034,31,0.0,0.0,NM,NEW MEXICO,0.1694862,0.0
667,2034,32,137.45816576260518,5.3781142029324345,NY,NEW YORK,0.1694862,23297.262174074054
668,2034,33,273453.63245604053,4474.4769450484855,NC,NORTH CAROLINA,0.1694862,46346617.041170985
669,2034,34,576867.4166094626,11143.509220386875,ND,NORTH DAKOTA,0.1694862,97771066.3449547
670,2034,35,3562187.8292283206,13530.744061383684,OH,OHIO,0.1694862,603741678.862157
671,2034,36,118731.83351130414,4288.492807631863,OK,OKLAHOMA,0.1694862,20123407.280863598
672,2034,37,0.0,0.0,OR,OREGON,0.1694862,0.0
673,2034,38,33078.114156055984,360.7575972952072,PA,PENNSYLVANIA,0.1694862,5606283.871476136
674,2034,39,0.0,0.0,RI,RHODE ISLAND,0.1694862,0.0
675,2034,40,10217.167100320614,126.5262295877114,SC,SOUTH CAROLINA,0.1694862,1731668.8265983595
676,2034,41,2938136.448361708,23642.11086620878,SD,SOUTH DAKOTA,0.1694862,497973581.7143221
677,2034,42,98307.9179799018,1274.0763097174704,TN,TENNESSEE,0.1694862,16661835.448325234
678,2034,43,60404.95493954417,2893.626973780023,TX,TEXAS,0.1694862,10237806.273874572
679,2034,44,0.0,0.0,UT,UTAH,0.1694862,0.0
680,2034,45,292.8948282391582,54.2979804359813,VT,VERMONT,0.1694862,49641.631437907614
681,2034,46,61716.71216353864,530.5692509015574,VA,VIRGINIA,0.1694862,10460131.021091944
682,2034,47,0.0,0.0,WA,WASHINGTON,0.1694862,0.0
683,2034,48,691.5250792560344,39.17839474510485,WV,WEST VIRGINIA,0.1694862,117203.95788780409
684,2034,49,1221688.1640448389,7335.228489189819,WI,WISCONSIN,0.1694862,207059284.50893638
685,2034,50,723661.1004882043,21004.04804624444,WY,WYOMING,0.1694862,122650570.00956388
686,2035,0,289760.5588412377,2182.1134828853915,AL,ALABAMA,0.165501,47955662.24878368
687,2035,2,0.0,0.0,AZ,ARIZONA,0.165501,0.0
688,2035,3,226303.9857106844,8462.523873541355,AR,ARKANSAS,0.165501,37453535.93910398
689,2035,4,0.0,0.0,CA,CALIFORNIA,0.165501,0.0
690,2035,5,77889.2553893759,1983.986991139985,CO,COLORADO,0.165501,12890749.656197103
691,2035,6,0.0,0.0,CT,CONNECTICUT,0.165501,0.0
692,2035,7,93525.8701889106,916.1304934031672,DE,DELAWARE,0.165501,15478625.042134894
693,2035,8,0.0,0.0,DC,DISTRICT OF COLUMBIA,0.165501,0.0
694,2035,9,0.0,0.0,FL,FLORIDA,0.165501,0.0
695,2035,10,4975.621955925721,64.13451658886595,GA,GEORGIA,0.165501,823470.4093276628
696,2035,12,0.0,0.0,ID,IDAHO,0.165501,0.0
697,2035,13,159147.76749987077,2787.564162251312,IL,ILLINOIS,0.165501,26339114.668996114
698,2035,14,165086.38083527185,2855.9298448681097,IN,INDIANA,0.165501,27321961.114618324
699,2035,15,231652.31347745625,1553.7743203021723,IA,IOWA,0.165501,38338689.53283249
700,2035,16,7567.489157297949,113.24962476489692,KS,KANSAS,0.165501,1252427.0230219678
701,2035,17,291824.7513158215,2440.2700238382736,KY,KENTUCKY,0.165501,48297288.16751977
702,2035,18,194527.9456428483,4742.780917076894,LA,LOUISIANA,0.165501,32194569.531837035
703,2035,19,0.0,0.0,ME,MAINE,0.165501,0.0
704,2035,20,299046.1369793726,1673.2743203008065,MD,MARYLAND,0.165501,49492434.71622314
705,2035,21,0.0,0.0,MA,MASSACHUSETTS,0.165501,0.0
706,2035,22,246810.7638818444,2242.6065306148994,MI,MICHIGAN,0.165501,40847428.23320913
707,2035,23,1336887.061886171,9485.467784463348,MN,MINNESOTA,0.165501,221256145.62922323
708,2035,24,469499.58058228914,6306.313846650179,MS,MISSISSIPPI,0.165501,77702650.08594944
709,2035,25,420331.4361169036,3622.479919704716,MO,MISSOURI,0.165501,69565273.00878367
710,2035,26,652497.0518829722,14835.698297668636,MT,MONTANA,0.165501,107988914.58368379
711,2035,27,40052.89322091594,1426.4835316314984,NE,NEBRASKA,0.165501,6628793.880954809
712,2035,28,0.0,0.0,NV,NEVADA,0.165501,0.0
713,2035,29,48.23689503601948,0.6536122218106374,NH,NEW HAMPSHIRE,0.165501,7983.254365356261
714,2035,30,194836.3456054401,1124.573980078958,NJ,NEW JERSEY,0.165501,32245610.034045942
715,2035,31,0.0,0.0,NM,NEW MEXICO,0.165501,0.0
716,2035,32,19419.925517046016,97.3205400298956,NY,NEW YORK,0.165501,3214017.0929966327
717,2035,33,209772.35486178249,4314.425652921206,NC,NORTH CAROLINA,0.165501,34717534.501979865
718,2035,34,206888.61237822307,4690.739681423453,ND,NORTH DAKOTA,0.165501,34240272.2372083
719,2035,35,924002.9881113068,7841.747744279449,OH,OHIO,0.165501,152923418.5354094
720,2035,36,2125.714570957012,141.6976601259047,OK,OKLAHOMA,0.165501,351807.88720795646
721,2035,37,0.0,0.0,OR,OREGON,0.165501,0.0
722,2035,38,945241.8153040312,4392.933751255898,PA,PENNSYLVANIA,0.165501,156438465.6746325
723,2035,39,0.0,0.0,RI,RHODE ISLAND,0.165501,0.0
724,2035,40,102384.6908266668,2619.751106819206,SC,SOUTH CAROLINA,0.165501,16944768.716504183
725,2035,41,1588851.9031138148,13086.4688578577,SD,SOUTH DAKOTA,0.165501,262956578.8172395
726,2035,42,585431.5422561644,5663.103177374409,TN,TENNESSEE,0.165501,96889505.67493746
727,2035,43,15023.498318348333,881.1705801728559,TX,TEXAS,0.165501,2486403.9951849678
728,2035,44,0.0,0.0,UT,UTAH,0.165501,0.0
729,2035,45,148.9431064946169,20.22811598576982,VT,VERMONT,0.165501,24650.233067965593
730,2035,46,32553.53307276997,168.33965094217004,VA,VIRGINIA,0.165501,5387642.277076503
731,2035,47,0.0,0.0,WA,WASHINGTON,0.165501,0.0
732,2035,48,448.69686074976033,6.898719252022604,WV,WEST VIRGINIA,0.165501,74259.7791509461
733,2035,49,87941.98977629608,1561.7967354417065,WI,WISCONSIN,0.165501,14554487.249966778
734,2035,50,351665.9864722388,13684.635106337908,WY,WYOMING,0.165501,58201072.427141994
735,2036,0,45220.98195570544,823.0672003436057,AL,ALABAMA,0.1689566,7640383.3598973425
736,2036,2,0.0,0.0,AZ,ARIZONA,0.1689566,0.0
737,2036,3,69163.87541140971,3902.2466068743024,AR,ARKANSAS,0.1689566,11685693.232335387
738,2036,4,0.0,0.0,CA,CALIFORNIA,0.1689566,0.0
739,2036,5,92813.58411115728,2460.3511325906743,CO,COLORADO,0.1689566,15681467.605235158
740,2036,6,0.0,0.0,CT,CONNECTICUT,0.1689566,0.0
741,2036,7,0.0,0.0,DE,DELAWARE,0.1689566,0.0
742,2036,8,0.0,0.0,DC,DISTRICT OF COLUMBIA,0.1689566,0.0
743,2036,9,470.709342932425,19.01886493567033,FL,FLORIDA,0.1689566,79529.45017009656
744,2036,10,162.2654778255188,16.603704023545305,GA,GEORGIA,0.1689566,27415.82343077505
745,2036,12,0.0,0.0,ID,IDAHO,0.1689566,0.0
746,2036,13,5042902.176786123,44258.07049831755,IL,ILLINOIS,0.1689566,852031605.9223824
747,2036,14,3453605.8356555835,19688.42236068924,IN,INDIANA,0.1689566,583509499.7325262
748,2036,15,7431166.572635608,52514.84407931681,IA,IOWA,0.1689566,1255544638.1461654
749,2036,16,1662067.5439720503,15871.892605515892,KS,KANSAS,0.1689566,280817281.19986814
750,2036,17,884763.4997568568,4741.1640478682975,KY,KENTUCKY,0.1689566,149486632.72301936
751,2036,18,163562.3477855327,5531.138109907461,LA,LOUISIANA,0.1689566,27634938.169861138
752,2036,19,0.0,0.0,ME,MAINE,0.1689566,0.0
753,2036,20,0.0,0.0,MD,MARYLAND,0.1689566,0.0
754,2036,21,0.0,0.0,MA,MASSACHUSETTS,0.1689566,0.0
755,2036,22,397411.509718162,2652.4899641884736,MI,MICHIGAN,0.1689566,67145297.48284762
756,2036,23,4658765.477567514,32253.72261646337,MN,MINNESOTA,0.1689566,787129175.2871835
757,2036,24,527950.7141799141,10449.066115340353,MS,MISSISSIPPI,0.1689566,89200757.63541009
758,2036,25,4987455.303526796,30970.13386655291,MO,MISSOURI,0.1689566,842663490.7358556
759,2036,26,728813.8466973427,18519.909414465383,MT,MONTANA,0.1689566,123137909.57090427
760,2036,27,1047318.560169634,18380.155679408883,NE,NEBRASKA,0.1689566,176951383.0431568
761,2036,28,0.0,0.0,NV,NEVADA,0.1689566,0.0
762,2036,29,0.0,0.0,NH,NEW HAMPSHIRE,0.1689566,0.0
763,2036,30,1015.7289876942448,21.65671307867012,NJ,NEW JERSEY,0.1689566,171614.11628226147
764,2036,31,0.0,0.0,NM,NEW MEXICO,0.1689566,0.0
765,2036,32,0.0,0.0,NY,NEW YORK,0.1689566,0.0
766,2036,33,24991.41325004072,1334.3565015835222,NC,NORTH CAROLINA,0.1689566,4222464.211921831
767,2036,34,488601.8602109357,9179.341882873814,ND,NORTH DAKOTA,0.1689566,82552509.05491498
768,2036,35,3443590.4927463327,17395.642261635774,OH,OHIO,0.1689566,581817341.446745
769,2036,36,38169.6658020823,2222.6767749533474,OK,OKLAHOMA,0.1689566,6449016.957056099
770,2036,37,0.0,0.0,OR,OREGON,0.1689566,0.0
771,2036,38,51139.746437937465,290.8968594812852,PA,PENNSYLVANIA,0.1689566,8640397.683016026
772,2036,39,0.0,0.0,RI,RHODE ISLAND,0.1689566,0.0
773,2036,40,8356.471492270917,423.25290695910735,SC,SOUTH CAROLINA,0.1689566,1411881.0113310206
774,2036,41,2697318.3793305387,23667.952091361884,SD,SOUTH DAKOTA,0.1689566,455729742.48919815
775,2036,42,409948.4124070691,4852.772842140453,TN,TENNESSEE,0.1689566,69263489.93569623
776,2036,43,38599.76502682915,2538.057356528043,TX,TEXAS,0.1689566,6521685.059731962
777,2036,44,0.0,0.0,UT,UTAH,0.1689566,0.0
778,2036,45,0.0,0.0,VT,VERMONT,0.1689566,0.0
779,2036,46,2048.2283021095145,28.438230971711675,VA,VIRGINIA,0.1689566,346061.68994819646
780,2036,47,0.0,0.0,WA,WASHINGTON,0.1689566,0.0
781,2036,48,0.0,0.0,WV,WEST VIRGINIA,0.1689566,0.0
782,2036,49,961240.654998039,7265.513433692134,WI,WISCONSIN,0.1689566,162407952.8502417
783,2036,50,715439.6575568705,21296.96665550077,WY,WYOMING,0.1689566,120878252.04597315
784,2037,0,3473.3704257103395,30.64484450990789,AL,ALABAMA,0.1724122,598851.4365116562
785,2037,2,0.0,0.0,AZ,ARIZONA,0.1724122,0.0
786,2037,3,106719.91214088709,3715.854516006484,AR,ARKANSAS,0.1724122,18399814.83601705
787,2037,4,0.0,0.0,CA,CALIFORNIA,0.1724122,0.0
788,2037,5,68077.6130258033,1859.3703210151928,CO,COLORADO,0.1724122,11737411.032527402
789,2037,6,0.0,0.0,CT,CONNECTICUT,0.1724122,0.0
790,2037,7,53190.47983277476,617.6055458478946,DE,DELAWARE,0.1724122,9170687.647024328
791,2037,8,0.0,0.0,DC,DISTRICT OF COLUMBIA,0.1724122,0.0
792,2037,9,0.0,0.0,FL,FLORIDA,0.1724122,0.0
793,2037,10,18.16239400296112,8.001454118981599,GA,GEORGIA,0.1724122,3131.4183073173326
794,2037,12,0.0,0.0,ID,IDAHO,0.1724122,0.0
795,2037,13,4420418.894157831,38676.10096941204,IL,ILLINOIS,0.1724122,762134146.4633186
796,2037,14,3238898.253163067,16947.572230967016,IN,INDIANA,0.1724122,558425573.4040014
797,2037,15,6130313.532897464,41124.75799159399,IA,IOWA,0.1724122,1056940842.8966241
798,2037,16,534503.4163078191,7943.474027943223,KS,KANSAS,0.1724122,92154909.91314696
799,2037,17,1246.7500281632877,50.50200714233602,KY,KENTUCKY,0.1724122,214954.91520569436
800,2037,18,335495.45368033904,5916.43257740445,LA,LOUISIANA,0.1724122,57843509.25902534
801,2037,19,0.0,0.0,ME,MAINE,0.1724122,0.0
802,2037,20,111006.77054853228,1094.116498247742,MD,MARYLAND,0.1724122,19138921.525167655
803,2037,21,0.0,0.0,MA,MASSACHUSETTS,0.1724122,0.0
804,2037,22,450537.2323346767,3186.3154207014586,MI,MICHIGAN,0.1724122,77678115.40873274
805,2037,23,5235411.175432812,31977.696595552625,MN,MINNESOTA,0.1724122,902648758.6609571
806,2037,24,165589.42312447025,2042.6711750192767,MS,MISSISSIPPI,0.1724122,28549636.73762079
807,2037,25,2934046.304636012,26516.03339997548,MO,MISSOURI,0.1724122,505865378.2841649
808,2037,26,420086.2740076776,9776.74540286953,MT,MONTANA,0.1724122,72427998.69146651
809,2037,27,736522.7863493819,15876.363800472303,NE,NEBRASKA,0.1724122,126985513.9446269
810,2037,28,0.0,0.0,NV,NEVADA,0.1724122,0.0
811,2037,29,0.0,0.0,NH,NEW HAMPSHIRE,0.1724122,0.0
812,2037,30,75236.47325895824,787.0046230612595,NJ,NEW JERSEY,0.1724122,12971685.874818157
813,2037,31,0.0,0.0,NM,NEW MEXICO,0.1724122,0.0
814,2037,32,2647.571292130947,28.66411771292399,NY,NEW YORK,0.1724122,456473.59113313915
815,2037,33,69408.55770637852,1179.507462317006,NC,NORTH CAROLINA,0.1724122,11966882.132983673
816,2037,34,370236.11407558765,6543.545253888945,ND,NORTH DAKOTA,0.1724122,63833222.94722302
817,2037,35,2139852.286420925,12025.514531502542,OH,OHIO,0.1724122,368936640.3768618
818,2037,36,12201.842728994949,828.2532956243823,OK,OKLAHOMA,0.1724122,2103746.5489600226
819,2037,37,0.0,0.0,OR,OREGON,0.1724122,0.0
820,2037,38,228147.01862176464,2402.878586248433,PA,PENNSYLVANIA,0.1724122,39335329.40401941
821,2037,39,0.0,0.0,RI,RHODE ISLAND,0.1724122,0.0
822,2037,40,1405.3836959872103,41.05033700424285,SC,SOUTH CAROLINA,0.1724122,242305.2948692861
823,2037,41,1949737.2743073143,15990.620661639889,SD,SOUTH DAKOTA,0.1724122,336158492.8853275
824,2037,42,1664.5630099946984,80.35881883223537,TN,TENNESSEE,0.1724122,286990.9705918079
825,2037,43,16618.571777080357,1034.7200930349395,TX,TEXAS,0.1724122,2865244.5209443336
826,2037,44,0.0,0.0,UT,UTAH,0.1724122,0.0
827,2037,45,3193.200495409856,28.34990640354051,VT,VERMONT,0.1724122,550546.7224547032
828,2037,46,38152.5056544453,322.9611276291624,VA,VIRGINIA,0.1724122,6577957.4353953535
829,2037,47,0.0,0.0,WA,WASHINGTON,0.1724122,0.0
830,2037,48,0.0,0.0,WV,WEST VIRGINIA,0.1724122,0.0
831,2037,49,1839341.992817073,9021.266089097153,WI,WISCONSIN,0.1724122,317124999.5339757
832,2037,50,538363.3078222469,17101.01302718001,WY,WYOMING,0.1724122,92820402.30091079
833,2038,0,377681.2551202137,2835.694180478692,AL,ALABAMA,0.1758678,66421971.439230725
834,2038,2,0.0,0.0,AZ,ARIZONA,0.1758678,0.0
835,2038,3,201016.99345437725,8385.365161362126,AR,ARKANSAS,0.1758678,35352416.401435725
836,2038,4,0.0,0.0,CA,CALIFORNIA,0.1758678,0.0
837,2038,5,67218.74116457386,1945.1579996364976,CO,COLORADO,0.1758678,11821612.127383042
838,2038,6,0.0,0.0,CT,CONNECTICUT,0.1758678,0.0
839,2038,7,29639.98450877918,179.82870096728422,DE,DELAWARE,0.1758678,5212718.867593074
840,2038,8,0.0,0.0,DC,DISTRICT OF COLUMBIA,0.1758678,0.0
841,2038,9,13127.448349092523,194.4822946385514,FL,FLORIDA,0.1758678,2308695.460768534
842,2038,10,49572.26629515535,655.0878382660726,GA,GEORGIA,0.1758678,8718165.414343122
843,2038,12,0.0,0.0,ID,IDAHO,0.1758678,0.0
844,2038,13,7516235.382668082,52007.01551737843,IL,ILLINOIS,0.1758678,1321863781.0319936
845,2038,14,4426277.479750967,22666.430813213545,IN,INDIANA,0.1758678,778439682.5533471
846,2038,15,4131380.069670077,39267.17885289971,IA,IOWA,0.1758678,726576723.8167231
847,2038,16,976488.3533447394,11554.182794917584,KS,KANSAS,0.1758678,171732858.42836195
848,2038,17,610164.2172090083,4374.418615747611,KY,KENTUCKY,0.1758678,107308238.51927043
849,2038,18,225308.05564903017,6466.893849582331,LA,LOUISIANA,0.1758678,39624432.06927251
850,2038,19,0.0,0.0,ME,MAINE,0.1758678,0.0
851,2038,20,50022.38649376249,256.4317543402989,MD,MARYLAND,0.1758678,8797327.063407723
852,2038,21,0.0,0.0,MA,MASSACHUSETTS,0.1758678,0.0
853,2038,22,298464.82924120576,3411.4496799781355,MI,MICHIGAN,0.1758678,52490352.89602652
854,2038,23,2290828.5954153123,24225.398906898088,MN,MINNESOTA,0.1758678,402882985.25278103
855,2038,24,868991.3870791497,12744.593556608535,MS,MISSISSIPPI,0.1758678,152827603.46455848
856,2038,25,4044596.667110365,27714.97514759859,MO,MISSOURI,0.1758678,711314317.7320322
857,2038,26,503528.8998100966,12713.393771986051,MT,MONTANA,0.1758678,88554519.8460221
858,2038,27,395685.85098986153,8140.443111143511,NE,NEBRASKA,0.1758678,69588400.10471477
859,2038,28,0.0,0.0,NV,NEVADA,0.1758678,0.0
860,2038,29,0.0,0.0,NH,NEW HAMPSHIRE,0.1758678,0.0
861,2038,30,88030.96376090638,453.79804569094046,NJ,NEW JERSEY,0.1758678,15481811.92851033
862,2038,31,0.0,0.0,NM,NEW MEXICO,0.1758678,0.0
863,2038,32,24706.408231429028,198.6138129314268,NY,NEW YORK,0.1758678,4345061.661563314
864,2038,33,250771.934920682,2737.144131228912,NC,NORTH CAROLINA,0.1758678,44102708.496243514
865,2038,34,267501.7086760641,6107.000140340197,ND,NORTH DAKOTA,0.1758678,47044937.0011003
866,2038,35,5057701.466227046,25207.87633606757,OH,OHIO,0.1758678,889486829.9221249
867,2038,36,111263.26331568362,3709.2345298754726,OK,OKLAHOMA,0.1758678,19567625.340149984
868,2038,37,0.0,0.0,OR,OREGON,0.1758678,0.0
869,2038,38,905267.6658703992,3199.7386410252648,PA,PENNSYLVANIA,0.1758678,159207432.80776218
870,2038,39,0.0,0.0,RI,RHODE ISLAND,0.1758678,0.0
871,2038,40,124795.9045550503,1845.81980916266,SC,SOUTH CAROLINA,0.1758678,21947581.183106676
872,2038,41,1039024.3848390044,15779.43730953948,SD,SOUTH DAKOTA,0.1758678,182730932.70798904
873,2038,42,463841.08856234886,5105.310453797507,TN,TENNESSEE,0.1758678,81574711.79506545
874,2038,43,43184.635172475086,2286.166817141632,TX,TEXAS,0.1758678,7594786.7815858135
875,2038,44,0.0,0.0,UT,UTAH,0.1758678,0.0
876,2038,45,448.9528025210453,144.0834628930607,VT,VERMONT,0.1758678,78956.34168321069
877,2038,46,30602.34979722794,150.53828196201977,VA,VIRGINIA,0.1758678,5381967.933668924
878,2038,47,0.0,0.0,WA,WASHINGTON,0.1758678,0.0
879,2038,48,54862.94270390862,218.6267886530342,WV,WEST VIRGINIA,0.1758678,9648625.03486246
880,2038,49,1178636.4253180977,7960.324451940124,WI,WISCONSIN,0.1758678,207284195.1205581
881,2038,50,437437.0614634395,15883.438346971518,WY,WYOMING,0.1758678,76931093.63803987
882,2039,0,350813.259394489,2743.420608525815,AL,ALABAMA,0.1793234,62909026.439701706
883,2039,2,0.0,0.0,AZ,ARIZONA,0.1793234,0.0
884,2039,3,151265.29938288103,5457.913018656609,AR,ARKANSAS,0.1793234,27125407.787356123
885,2039,4,0.0,0.0,CA,CALIFORNIA,0.1793234,0.0
886,2039,5,63994.778902276485,1644.9036213821669,CO,COLORADO,0.1793234,11475761.335004486
887,2039,6,0.0,0.0,CT,CONNECTICUT,0.1793234,0.0
888,2039,7,210839.5942345115,881.4375817784644,DE,DELAWARE,0.1793234,37808472.892753
889,2039,8,0.0,0.0,DC,DISTRICT OF COLUMBIA,0.1793234,0.0
890,2039,9,57505.999176724334,442.8640291086733,FL,FLORIDA,0.1793234,10312171.29276741
891,2039,10,69024.71563169721,1239.2302889207062,GA,GEORGIA,0.1793234,12377746.691109091
892,2039,12,0.0,0.0,ID,IDAHO,0.1793234,0.0
893,2039,13,4445126.921651544,48763.38722491088,IL,ILLINOIS,0.1793234,797115273.0220884
894,2039,14,7045045.175382715,33547.19421430038,IN,INDIANA,0.1793234,1263341454.0032246
895,2039,15,1683041.6591506763,26162.877319732725,IA,IOWA,0.1793234,301808752.66054034
896,2039,16,158434.93631150085,2975.3947546949744,KS,KANSAS,0.1793234,28411091.45816179
897,2039,17,2190554.7073565423,11044.173526826276,KY,KENTUCKY,0.1793234,392817718.0091802
898,2039,18,270229.8772991087,5663.248391840216,LA,LOUISIANA,0.1793234,48458540.378859
899,2039,19,0.0,0.0,ME,MAINE,0.1793234,0.0
900,2039,20,565669.0967133199,2031.4012685735688,MD,MARYLAND,0.1793234,101437705.69756134
901,2039,21,0.0,0.0,MA,MASSACHUSETTS,0.1793234,0.0
902,2039,22,857740.8971658712,3915.274719853535,MI,MICHIGAN,0.1793234,153813013.9988344
903,2039,23,934019.1954418066,18173.25240943726,MN,MINNESOTA,0.1793234,167491497.79188925
904,2039,24,951533.7457642274,11999.06012905647,MS,MISSISSIPPI,0.1793234,170632266.50517684
905,2039,25,958508.618016746,10842.804959272004,MO,MISSOURI,0.1793234,171883024.31206414
906,2039,26,932864.609118428,17462.515657968663,MT,MONTANA,0.1793234,167284453.4467875
907,2039,27,44087.52738419903,1390.561805188414,NE,NEBRASKA,0.1793234,7905925.308127676
908,2039,28,0.0,0.0,NV,NEVADA,0.1793234,0.0
909,2039,29,6.997367262759196,0.5855276385247403,NH,NEW HAMPSHIRE,0.1793234,1254.7916886066723
910,2039,30,342970.85017535696,1411.9278190366326,NJ,NEW JERSEY,0.1793234,61502698.95433561
911,2039,31,0.0,0.0,NM,NEW MEXICO,0.1793234,0.0
912,2039,32,40783.04229023131,245.12398136264625,NY,NEW YORK,0.1793234,7313353.805828065
913,2039,33,936366.4824439844,5846.019322637487,NC,NORTH CAROLINA,0.1793234,167912421.27789557
914,2039,34,143720.42890234326,4249.786118543287,ND,NORTH DAKOTA,0.1793234,25772435.96022646
915,2039,35,11007248.134917265,32659.319988306022,OH,OHIO,0.1793234,1973857160.1970227
916,2039,36,53624.31537441416,1757.5301031296856,OK,OKLAHOMA,0.1793234,9616094.55561222
917,2039,37,0.0,0.0,OR,OREGON,0.1793234,0.0
918,2039,38,1705762.921646514,7561.211982851832,PA,PENNSYLVANIA,0.1793234,305883206.70358646
919,2039,39,0.0,0.0,RI,RHODE ISLAND,0.1793234,0.0
920,2039,40,180556.69434620035,2278.479425526365,SC,SOUTH CAROLINA,0.1793234,32378040.32292142
921,2039,41,1406613.867976538,17129.49741997217,SD,SOUTH DAKOTA,0.1793234,252238781.2927039
922,2039,42,725543.1161985828,5163.67215992583,TN,TENNESSEE,0.1793234,130106858.44332494
923,2039,43,13735.140051820175,747.7629944615226,TX,TEXAS,0.1793234,2463032.01356857
924,2039,44,0.0,0.0,UT,UTAH,0.1793234,0.0
925,2039,45,31138.6182822993,191.3760824193124,VT,VERMONT,0.1793234,5583882.90168407
926,2039,46,192630.9562979905,857.4078779760757,VA,VIRGINIA,0.1793234,34543238.02860707
927,2039,47,0.0,0.0,WA,WASHINGTON,0.1793234,0.0
928,2039,48,215941.09091734572,629.6373279154027,WV,WEST VIRGINIA,0.1793234,38723290.62300755
929,2039,49,280383.55922786973,2457.945102716069,WI,WISCONSIN,0.1793234,50279333.144842975
930,2039,50,625333.4228610003,16977.265309970317,WY,WYOMING,0.1793234,112136915.5210723
931,2040,0,795628.6928593228,4163.970592523669,AL,ALABAMA,0.182779,145424216.85213417
932,2040,2,0.0,0.0,AZ,ARIZONA,0.182779,0.0
933,2040,3,277061.3620955448,8396.066196676498,AR,ARKANSAS,0.182779,50640998.702461585
934,2040,4,0.0,0.0,CA,CALIFORNIA,0.182779,0.0
935,2040,5,65332.83362660544,1809.420985421249,CO,COLORADO,0.182779,11941469.997437315
936,2040,6,0.0,0.0,CT,CONNECTICUT,0.182779,0.0
937,2040,7,0.0,0.0,DE,DELAWARE,0.182779,0.0
938,2040,8,0.0,0.0,DC,DISTRICT OF COLUMBIA,0.182779,0.0
939,2040,9,44236.20668684629,454.2435966985678,FL,FLORIDA,0.182779,8085449.622015079
940,2040,10,197224.71009378292,2559.3349617855697,GA,GEORGIA,0.182779,36048535.28623155
941,2040,12,0.0,0.0,ID,IDAHO,0.182779,0.0
942,2040,13,7901458.719232229,53588.87646638796,IL,ILLINOIS,0.182779,1444220723.2425475
943,2040,14,5878441.186324701,32632.83661757985,IN,INDIANA,0.182779,1074455601.5952425
944,2040,15,9769622.974559035,51292.19071767508,IA,IOWA,0.182779,1785681917.6669257
945,2040,16,1088169.0232651376,9988.103860352368,KS,KANSAS,0.182779,198894445.9033786
946,2040,17,2374824.0427380577,11631.3705341273,KY,KENTUCKY,0.182779,434067963.7076194
947,2040,18,614893.294332314,9562.40101535562,LA,LOUISIANA,0.182779,112389581.44476601
948,2040,19,0.0,0.0,ME,MAINE,0.182779,0.0
949,2040,20,6154.209970499929,45.62299492160639,MD,MARYLAND,0.182779,1124860.3441980064
950,2040,21,0.0,0.0,MA,MASSACHUSETTS,0.182779,0.0
951,2040,22,137431.88036582153,2376.915141249636,MI,MICHIGAN,0.182779,25119661.661384493
952,2040,23,4870400.160246165,35382.43926291387,MN,MINNESOTA,0.182779,890206870.8896337
953,2040,24,1478248.167647214,14809.534950420784,MS,MISSISSIPPI,0.182779,270192721.8343901
954,2040,25,4805654.683288511,29000.06752366416,MO,MISSOURI,0.182779,878372757.3567908
955,2040,26,719156.2656328563,16821.272236597415,MT,MONTANA,0.182779,131446663.07610783
956,2040,27,866773.0116849982,12732.42994021466,NE,NEBRASKA,0.182779,158427904.30277228
957,2040,28,0.0,0.0,NV,NEVADA,0.182779,0.0
958,2040,29,1.1248660713311225,0.027282670360592,NH,NEW HAMPSHIRE,0.182779,205.60189565183123
959,2040,30,1681.268931601658,49.04626053302647,NJ,NEW JERSEY,0.182779,307300.65404921945
960,2040,31,0.0,0.0,NM,NEW MEXICO,0.182779,0.0
961,2040,32,0.0,0.0,NY,NEW YORK,0.182779,0.0
962,2040,33,304037.2977717196,2836.703978043006,NC,NORTH CAROLINA,0.182779,55571633.24941713
963,2040,34,355025.24875138904,7175.503341733026,ND,NORTH DAKOTA,0.182779,64891159.94153013
964,2040,35,3395635.3863366204,26620.129551678023,OH,OHIO,0.182779,620650840.279221
965,2040,36,53883.41448112624,2013.5134798786075,OK,OKLAHOMA,0.182779,9848756.615445772
966,2040,37,0.0,0.0,OR,OREGON,0.182779,0.0
967,2040,38,152658.3924856888,1882.91108006208,PA,PENNSYLVANIA,0.182779,27902748.320141707
968,2040,39,0.0,0.0,RI,RHODE ISLAND,0.182779,0.0
969,2040,40,210153.83615867727,4353.562168379671,SC,SOUTH CAROLINA,0.182779,38411708.019246876
970,2040,41,2595626.515223918,19348.482019933537,SD,SOUTH DAKOTA,0.182779,474426018.8261125
971,2040,42,1528687.4231590382,7706.135421494706,TN,TENNESSEE,0.182779,279411958.5175858
972,2040,43,30799.612086029832,1736.6364429380571,TX,TEXAS,0.182779,5629522.297472446
973,2040,44,0.0,0.0,UT,UTAH,0.182779,0.0
974,2040,45,1496.5871049431532,14.544980408563404,VT,VERMONT,0.182779,273544.6944544046
975,2040,46,18864.94088219541,92.14789866335228,VA,VIRGINIA,0.182779,3448115.0295067946
976,2040,47,0.0,0.0,WA,WASHINGTON,0.182779,0.0
977,2040,48,119212.75632113134,599.3994914973028,WV,WEST VIRGINIA,0.182779,21789588.387620065
978,2040,49,536424.132739333,5859.72786383142,WI,WISCONSIN,0.182779,98047066.55796254
979,2040,50,467857.1973857101,15088.900387696183,WY,WYOMING,0.182779,85514470.6809627
980,2041,0,173068.27999933815,2232.904821588291,AL,ALABAMA,0.183513,31760279.267518543
981,2041,2,0.0,0.0,AZ,ARIZONA,0.183513,0.0
982,2041,3,332602.89267013804,11431.965568742158,AR,ARKANSAS,0.183513,61036954.64257505
983,2041,4,0.0,0.0,CA,CALIFORNIA,0.183513,0.0
984,2041,5,65595.54743263642,1703.8231049451765,CO,COLORADO,0.183513,12037635.696005408
985,2041,6,0.0,0.0,CT,CONNECTICUT,0.183513,0.0
986,2041,7,100162.95808411132,821.9672997164624,DE,DELAWARE,0.183513,18381204.92688952
987,2041,8,0.0,0.0,DC,DISTRICT OF COLUMBIA,0.183513,0.0
988,2041,9,0.0,0.0,FL,FLORIDA,0.183513,0.0
989,2041,10,40602.24008547545,502.7968431705029,GA,GEORGIA,0.183513,7451038.884805857
990,2041,12,0.0,0.0,ID,IDAHO,0.183513,0.0
991,2041,13,7317307.245512868,53522.04937155375,IL,ILLINOIS,0.183513,1342821004.545803
992,2041,14,7001375.491927851,34310.83334744281,IN,INDIANA,0.183513,1284843420.6501558
993,2041,15,6436956.880951108,43324.35042712468,IA,IOWA,0.183513,1181265268.0939808
994,2041,16,677475.3949140138,8169.801196699824,KS,KANSAS,0.183513,124325542.14685541
995,2041,17,1915896.6798778784,11822.882932949666,KY,KENTUCKY,0.183513,351591947.4144291
996,2041,18,153776.47167543278,4192.772535139413,LA,LOUISIANA,0.183513,28219981.646573696
997,2041,19,0.0,0.0,ME,MAINE,0.183513,0.0
998,2041,20,129120.72923103602,1061.1743000791455,MD,MARYLAND,0.183513,23695332.383375116
999,2041,21,0.0,0.0,MA,MASSACHUSETTS,0.183513,0.0
1000,2041,22,389616.46486539865,4015.677927104781,MI,MICHIGAN,0.183513,71499686.31684391
1001,2041,23,4368960.635146765,35575.0301621692,MN,MINNESOTA,0.183513,801761073.0376883
1002,2041,24,740374.4707553578,11993.614377045673,MS,MISSISSIPPI,0.183513,135868340.25172797
1003,2041,25,2680787.3053171816,25471.87232798505,MO,MISSOURI,0.183513,491959320.760672
1004,2041,26,835454.4875157848,16410.353744698932,MT,MONTANA,0.183513,153316759.3674842
1005,2041,27,372963.3620989588,6788.881717493792,NE,NEBRASKA,0.183513,68443625.46886623
1006,2041,28,0.0,0.0,NV,NEVADA,0.183513,0.0
1007,2041,29,30.55028263100612,0.5582937229747459,NH,NEW HAMPSHIRE,0.183513,5606.374016463827
1008,2041,30,126249.12571729094,848.2653979650058,NJ,NEW JERSEY,0.183513,23168355.807757214
1009,2041,31,0.0,0.0,NM,NEW MEXICO,0.183513,0.0
1010,2041,32,25190.68125139036,239.1480711411466,NY,NEW YORK,0.183513,4622817.4884864
1011,2041,33,377565.5786239426,5941.788834316949,NC,NORTH CAROLINA,0.183513,69288192.03001559
1012,2041,34,190047.4729736421,5879.740843595455,ND,NORTH DAKOTA,0.183513,34876181.907811984
1013,2041,35,7134407.196433139,34317.11374087388,OH,OHIO,0.183513,1309256467.8390348
1014,2041,36,81330.02762078133,2644.693461710944,OK,OKLAHOMA,0.183513,14925117.358772445
1015,2041,37,0.0,0.0,OR,OREGON,0.183513,0.0
1016,2041,38,1044040.9014219964,6632.5606278185805,PA,PENNSYLVANIA,0.183513,191595077.94265485
1017,2041,39,0.0,0.0,RI,RHODE ISLAND,0.183513,0.0
1018,2041,40,190632.2165177595,3049.1832563962835,SC,SOUTH CAROLINA,0.183513,34983489.9498236
1019,2041,41,2252691.670792456,18982.582865148983,SD,SOUTH DAKOTA,0.183513,413398206.5821359
1020,2041,42,971178.905479461,6975.795196785366,TN,TENNESSEE,0.183513,178223954.4812523
1021,2041,43,19305.332222971432,1051.599198824988,TX,TEXAS,0.183513,3542779.4322341564
1022,2041,44,0.0,0.0,UT,UTAH,0.183513,0.0
1023,2041,45,13801.571367311244,228.60886985915232,VT,VERMONT,0.183513,2532767.7663293886
1024,2041,46,52411.39048506675,480.3534131172035,VA,VIRGINIA,0.183513,9618171.502086056
1025,2041,47,0.0,0.0,WA,WASHINGTON,0.183513,0.0
1026,2041,48,117498.31789967263,602.3594370739845,WV,WEST VIRGINIA,0.183513,21562468.812722623
1027,2041,49,829247.5827181562,8273.528139293412,WI,WISCONSIN,0.183513,152177711.64735702
1028,2041,50,596273.1757917441,16253.39479127808,WY,WYOMING,0.183513,109423879.30907035
1029,2042,0,518600.5323439852,3603.9539714655502,AL,ALABAMA,0.184247,95550592.28278224
1030,2042,2,0.0,0.0,AZ,ARIZONA,0.184247,0.0
1031,2042,3,171509.71694692652,6714.382777452724,AR,ARKANSAS,0.184247,31600150.81832037
1032,2042,4,0.0,0.0,CA,CALIFORNIA,0.184247,0.0
1033,2042,5,47699.01375551122,1557.6078119089316,CO,COLORADO,0.184247,8788400.187411677
1034,2042,6,0.0,0.0,CT,CONNECTICUT,0.184247,0.0
1035,2042,7,230881.37284064307,971.918250921848,DE,DELAWARE,0.184247,42539200.301769964
1036,2042,8,0.0,0.0,DC,DISTRICT OF COLUMBIA,0.184247,0.0
1037,2042,9,45903.08794349696,327.4381587663821,FL,FLORIDA,0.184247,8457506.244325483
1038,2042,10,139987.20548561058,1407.694655179479,GA,GEORGIA,0.184247,25792222.649107292
1039,2042,12,0.0,0.0,ID,IDAHO,0.184247,0.0
1040,2042,13,3168130.034861567,40915.378709161625,IL,ILLINOIS,0.184247,583718454.5331391
1041,2042,14,3212142.7764238887,27396.48435250593,IN,INDIANA,0.184247,591827670.1277722
1042,2042,15,9062701.073489282,49697.80372233705,IA,IOWA,0.184247,1669775484.6871798
1043,2042,16,629900.9474541156,9603.72859437075,KS,KANSAS,0.184247,116057359.86557844
1044,2042,17,1155354.3594973544,7932.577284375386,KY,KENTUCKY,0.184247,212870574.67430902
1045,2042,18,293637.6957964936,8253.629393588748,LA,LOUISIANA,0.184247,54101864.537416555
1046,2042,19,0.0,0.0,ME,MAINE,0.184247,0.0
1047,2042,20,510508.1026941577,2165.053263501214,MD,MARYLAND,0.184247,94059586.39709046
1048,2042,21,0.0,0.0,MA,MASSACHUSETTS,0.184247,0.0
1049,2042,22,663664.6088605719,4139.227709491265,MI,MICHIGAN,0.184247,122278213.18873379
1050,2042,23,5816001.771693592,36763.19852808651,MN,MINNESOTA,0.184247,1071580878.4292293
1051,2042,24,907860.3054344408,13197.11850858818,MS,MISSISSIPPI,0.184247,167270537.6953794
1052,2042,25,2872919.1415531724,25088.4803501856,MO,MISSOURI,0.184247,529326733.0737474
1053,2042,26,689651.0818876891,16078.960593950664,MT,MONTANA,0.184247,127066142.88456105
1054,2042,27,810021.8326942336,12108.20282696838,NE,NEBRASKA,0.184247,149244092.60841447
1055,2042,28,0.0,0.0,NV,NEVADA,0.184247,0.0
1056,2042,29,20.46805877846369,0.5719105564187277,NH,NEW HAMPSHIRE,0.184247,3771.178425755599
1057,2042,30,238677.83802168723,1317.9968312385968,NJ,NEW JERSEY,0.184247,43975675.62198181
1058,2042,31,0.0,0.0,NM,NEW MEXICO,0.184247,0.0
1059,2042,32,51487.63201490018,278.01064938793775,NY,NEW YORK,0.184247,9486441.735849313
1060,2042,33,1470139.8927710075,10830.585185428925,NC,NORTH CAROLINA,0.184247,270868864.8233798
1061,2042,34,617996.373486667,11416.61109228634,ND,NORTH DAKOTA,0.184247,113863977.82579795
1062,2042,35,4957268.225711357,28027.82248281006,OH,OHIO,0.184247,913361798.7826403
1063,2042,36,64997.66853289283,2375.5220684039714,OK,OKLAHOMA,0.184247,11975625.434179906
1064,2042,37,0.0,0.0,OR,OREGON,0.184247,0.0
1065,2042,38,885064.4568980571,6446.793468950918,PA,PENNSYLVANIA,0.184247,163070470.99009633
1066,2042,39,0.0,0.0,RI,RHODE ISLAND,0.184247,0.0
1067,2042,40,497085.0676105451,5862.160248931432,SC,SOUTH CAROLINA,0.184247,91586432.4520401
1068,2042,41,2575470.521177504,18991.45513637814,SD,SOUTH DAKOTA,0.184247,474522717.11539155
1069,2042,42,1057790.649204909,6912.286162955626,TN,TENNESSEE,0.184247,194894753.74405688
1070,2042,43,16980.892227312837,846.5584379454888,TX,TEXAS,0.184247,3128678.450205708
1071,2042,44,0.0,0.0,UT,UTAH,0.184247,0.0
1072,2042,45,29741.68360323063,249.41757063587693,VT,VERMONT,0.184247,5479815.978844434
1073,2042,46,173817.73897577115,981.0939657574212,VA,VIRGINIA,0.184247,32025396.95306891
1074,2042,47,0.0,0.0,WA,WASHINGTON,0.184247,0.0
1075,2042,48,5152.000940501141,62.12454022667225,WV,WEST VIRGINIA,0.184247,949240.7172845136
1076,2042,49,1421044.89582805,7345.958482177748,WI,WISCONSIN,0.184247,261823258.92163074
1077,2042,50,510469.0414517586,14775.82347463097,WY,WYOMING,0.184247,94052389.48036216
1078,2043,0,256.83912987186545,12.903528176171005,AL,ALABAMA,0.184981,47510.35908282754
1079,2043,2,0.0,0.0,AZ,ARIZONA,0.184981,0.0
1080,2043,3,332169.2966607502,11346.36391596139,AR,ARKANSAS,0.184981,61445008.66560222
1081,2043,4,0.0,0.0,CA,CALIFORNIA,0.184981,0.0
1082,2043,5,60777.85809928669,1689.3797710755282,CO,COLORADO,0.184981,11242748.969064152
1083,2043,6,0.0,0.0,CT,CONNECTICUT,0.184981,0.0
1084,2043,7,0.0,0.0,DE,DELAWARE,0.184981,0.0
1085,2043,8,0.0,0.0,DC,DISTRICT OF COLUMBIA,0.184981,0.0
1086,2043,9,0.0,0.0,FL,FLORIDA,0.184981,0.0
1087,2043,10,0.0,0.0,GA,GEORGIA,0.184981,0.0
1088,2043,12,0.0,0.0,ID,IDAHO,0.184981,0.0
1089,2043,13,4343945.580792526,46401.3248686259,IL,ILLINOIS,0.184981,803547397.4805824
1090,2043,14,1266338.2887387888,14085.446223055693,IN,INDIANA,0.184981,234248522.9891899
1091,2043,15,5990091.265252855,45859.1783909356,IA,IOWA,0.184981,1108053072.3377383
1092,2043,16,503020.1894244378,6721.835690839349,KS,KANSAS,0.184981,93049177.65992193
1093,2043,17,227929.100766372,2516.3321798860634,KY,KENTUCKY,0.184981,42162552.98886426
1094,2043,18,314432.6130185995,6945.3848075648,LA,LOUISIANA,0.184981,58164059.188793555
1095,2043,19,0.0,0.0,ME,MAINE,0.184981,0.0
1096,2043,20,0.0,0.0,MD,MARYLAND,0.184981,0.0
1097,2043,21,0.0,0.0,MA,MASSACHUSETTS,0.184981,0.0
1098,2043,22,81790.38231974622,1038.2348607133274,MI,MICHIGAN,0.184981,15129666.711888976
1099,2043,23,4434921.32380956,35560.55574860014,MN,MINNESOTA,0.184981,820376181.3996164
1100,2043,24,385392.2309207163,5842.047141669443,MS,MISSISSIPPI,0.184981,71290240.26794502
1101,2043,25,3376385.2293793787,26151.41680303192,MO,MISSOURI,0.184981,624567116.1158268
1102,2043,26,917770.296042642,17227.249140019998,MT,MONTANA,0.184981,169770067.13226396
1103,2043,27,342136.2470766197,7116.66411010212,NE,NEBRASKA,0.184981,63288705.12048019
1104,2043,28,0.0,0.0,NV,NEVADA,0.184981,0.0
1105,2043,29,0.0,0.0,NH,NEW HAMPSHIRE,0.184981,0.0
1106,2043,30,0.0,0.0,NJ,NEW JERSEY,0.184981,0.0
1107,2043,31,0.0,0.0,NM,NEW MEXICO,0.184981,0.0
1108,2043,32,6697.631079225677,57.38706590034412,NY,NEW YORK,0.184981,1238934.494666245
1109,2043,33,0.0,0.0,NC,NORTH CAROLINA,0.184981,0.0
1110,2043,34,417069.6239817841,8479.892453663879,ND,NORTH DAKOTA,0.184981,77149956.1137744
1111,2043,35,80310.3423549778,1862.1536213305744,OH,OHIO,0.184981,14855887.43916615
1112,2043,36,100986.45724379257,3362.003084372469,OK,OKLAHOMA,0.184981,18680575.847413994
1113,2043,37,0.0,0.0,OR,OREGON,0.184981,0.0
1114,2043,38,0.0,0.0,PA,PENNSYLVANIA,0.184981,0.0
1115,2043,39,0.0,0.0,RI,RHODE ISLAND,0.184981,0.0
1116,2043,40,0.0,0.0,SC,SOUTH CAROLINA,0.184981,0.0
1117,2043,41,1811007.1513986548,18269.57811594208,SD,SOUTH DAKOTA,0.184981,335001913.87287456
1118,2043,42,632790.2384333782,4625.205139664635,TN,TENNESSEE,0.184981,117054171.09564474
1119,2043,43,25114.036509702957,1187.147922217091,TX,TEXAS,0.184981,4645619.587601363
1120,2043,44,0.0,0.0,UT,UTAH,0.184981,0.0
1121,2043,45,666.4993227510853,100.67924373613256,VT,VERMONT,0.184981,123289.7112218185
1122,2043,46,0.0,0.0,VA,VIRGINIA,0.184981,0.0
1123,2043,47,0.0,0.0,WA,WASHINGTON,0.184981,0.0
1124,2043,48,0.0,0.0,WV,WEST VIRGINIA,0.184981,0.0
1125,2043,49,633177.4905318669,6196.520074831368,WI,WISCONSIN,0.184981,117125805.37607528
1126,2043,50,556137.0251219901,15708.984047565657,WY,WYOMING,0.184981,102874783.04409085
1127,2044,0,104941.07254844904,1616.9946596013951,AL,ALABAMA,0.185715,19489131.28833521
1128,2044,2,0.0,0.0,AZ,ARIZONA,0.185715,0.0
1129,2044,3,340696.9969388327,11071.914575880484,AR,ARKANSAS,0.185715,63272542.78649531
1130,2044,4,0.0,0.0,CA,CALIFORNIA,0.185715,0.0
1131,2044,5,36801.515031669325,946.9984729509132,CO,COLORADO,0.185715,6834593.364106469
1132,2044,6,0.0,0.0,CT,CONNECTICUT,0.185715,0.0
1133,2044,7,10340.672498135784,446.5331438978285,DE,DELAWARE,0.185715,1920417.9929912873
1134,2044,8,0.0,0.0,DC,DISTRICT OF COLUMBIA,0.185715,0.0
1135,2044,9,23428.248257931413,382.6941033261966,FL,FLORIDA,0.185715,4350977.125221732
1136,2044,10,20151.46861216171,616.3135174581216,GA,GEORGIA,0.185715,3742429.9933076114
1137,2044,12,0.0,0.0,ID,IDAHO,0.185715,0.0
1138,2044,13,4467723.017890735,39958.313350157325,IL,ILLINOIS,0.185715,829723180.2675778
1139,2044,14,3664211.865100838,23629.481450725307,IN,INDIANA,0.185715,680499106.527202
1140,2044,15,6339756.157850267,43486.86713982126,IA,IOWA,0.185715,1177387814.8551624
1141,2044,16,712770.7010291908,9060.55660907184,KS,KANSAS,0.185715,132372210.74163616
1142,2044,17,1858937.289481097,9904.620976299117,KY,KENTUCKY,0.185715,345232538.7159819
1143,2044,18,129373.95226528287,2682.510100379818,LA,LOUISIANA,0.185715,24026683.544947006
1144,2044,19,0.0,0.0,ME,MAINE,0.185715,0.0
1145,2044,20,20882.823348213937,485.9454432614159,MD,MARYLAND,0.185715,3878253.538113551
1146,2044,21,0.0,0.0,MA,MASSACHUSETTS,0.185715,0.0
1147,2044,22,62527.592108518926,1107.5741252017997,MI,MICHIGAN,0.185715,11612311.768433591
1148,2044,23,3150310.555106999,29580.92912688155,MN,MINNESOTA,0.185715,585059924.7416962
1149,2044,24,627457.8390717779,7010.101323169659,MS,MISSISSIPPI,0.185715,116528332.58321524
1150,2044,25,3134777.1042675395,25080.081565986548,MO,MISSOURI,0.185715,582175129.919046
1151,2044,26,594498.765401055,12148.10486881528,MT,MONTANA,0.185715,110407338.21645692
1152,2044,27,716999.0724246448,11148.014351252838,NE,NEBRASKA,0.185715,133157482.7353429
1153,2044,28,0.0,0.0,NV,NEVADA,0.185715,0.0
1154,2044,29,0.0,0.0,NH,NEW HAMPSHIRE,0.185715,0.0
1155,2044,30,64065.29677455486,1028.7280398708708,NJ,NEW JERSEY,0.185715,11897886.590486454
1156,2044,31,0.0,0.0,NM,NEW MEXICO,0.185715,0.0
1157,2044,32,0.0,0.0,NY,NEW YORK,0.185715,0.0
1158,2044,33,235838.9162666349,3622.612729763011,NC,NORTH CAROLINA,0.185715,43798824.3344581
1159,2044,34,293417.32265688875,7542.133752300115,ND,NORTH DAKOTA,0.185715,54491998.07722408
1160,2044,35,555539.6356517718,7565.902894350191,OH,OHIO,0.185715,103172043.43506879
1161,2044,36,54584.88913919356,2922.441185099404,OK,OKLAHOMA,0.185715,10137232.686485332
1162,2044,37,0.0,0.0,OR,OREGON,0.185715,0.0
1163,2044,38,5899.837066642704,123.76384121015916,PA,PENNSYLVANIA,0.185715,1095688.2408315495
1164,2044,39,0.0,0.0,RI,RHODE ISLAND,0.185715,0.0
1165,2044,40,234966.71887361773,4546.186108604148,SC,SOUTH CAROLINA,0.185715,43636844.19561391
1166,2044,41,1867063.708781918,17355.784714353147,SD,SOUTH DAKOTA,0.185715,346741736.6764339
1167,2044,42,1217844.3052669624,7051.240894802225,TN,TENNESSEE,0.185715,226171955.1526539
1168,2044,43,13655.223461961565,741.1015964352248,TX,TEXAS,0.185715,2535979.825238192
1169,2044,44,0.0,0.0,UT,UTAH,0.185715,0.0
1170,2044,45,0.0,0.0,VT,VERMONT,0.185715,0.0
1171,2044,46,1727.851214582775,34.657225784104625,VA,VIRGINIA,0.185715,320887.88831624
1172,2044,47,0.0,0.0,WA,WASHINGTON,0.185715,0.0
1173,2044,48,5372.868574355623,41.894306349974926,WV,WEST VIRGINIA,0.185715,997822.2872864546
1174,2044,49,7415.683730011629,194.4734928157066,WI,WISCONSIN,0.185715,1377203.70391911
1175,2044,50,375470.0890807472,10986.38990537962,WY,WYOMING,0.185715,69730427.59363097
1176,2045,0,624.7769607409198,66.87864687257724,AL,ALABAMA,0.186449,116489.03955318376
1177,2045,2,0.0,0.0,AZ,ARIZONA,0.186449,0.0
1178,2045,3,251306.0532012657,10018.586185562825,AR,ARKANSAS,0.186449,46855762.31332279
1179,2045,4,0.0,0.0,CA,CALIFORNIA,0.186449,0.0
1180,2045,5,30619.955591115235,1110.0051310035792,CO,COLORADO,0.186449,5709060.100007845
1181,2045,6,0.0,0.0,CT,CONNECTICUT,0.186449,0.0
1182,2045,7,3999.129292703961,35.72337130779501,DE,DELAWARE,0.186449,745633.6574953608
1183,2045,8,0.0,0.0,DC,DISTRICT OF COLUMBIA,0.186449,0.0
1184,2045,9,0.0,0.0,FL,FLORIDA,0.186449,0.0
1185,2045,10,0.0,0.0,GA,GEORGIA,0.186449,0.0
1186,2045,12,0.0,0.0,ID,IDAHO,0.186449,0.0
1187,2045,13,7037414.683218213,50198.75656052629,IL,ILLINOIS,0.186449,1312118930.2713525
1188,2045,14,6393473.078665369,36856.46442839101,IN,INDIANA,0.186449,1192056662.0440793
1189,2045,15,9189687.316227918,47259.64352669001,IA,IOWA,0.186449,1713408010.4233792
1190,2045,16,983515.344748482,11099.409344519252,KS,KANSAS,0.186449,183375452.51300973
1191,2045,17,875372.9762295466,7199.7402969818,KY,KENTUCKY,0.186449,163212416.04502273
1192,2045,18,375583.4100774116,9270.668244862372,LA,LOUISIANA,0.186449,70027151.22552332
1193,2045,19,0.0,0.0,ME,MAINE,0.186449,0.0
1194,2045,20,11328.029430306058,88.15693758885503,MD,MARYLAND,0.186449,2112099.7592511345
1195,2045,21,0.0,0.0,MA,MASSACHUSETTS,0.186449,0.0
1196,2045,22,975984.7366389276,4275.603762562823,MI,MICHIGAN,0.186449,181971378.1615914
1197,2045,23,5385387.122887097,37681.43827777988,MN,MINNESOTA,0.186449,1004100043.6751764
1198,2045,24,752897.8744377941,12753.323464790325,MS,MISSISSIPPI,0.186449,140377055.79105228
1199,2045,25,4379011.043620342,28757.84204864021,MO,MISSOURI,0.186449,816462230.0719692
1200,2045,26,512147.84236303065,13949.826183227056,MT,MONTANA,0.186449,95489453.0607447
1201,2045,27,596575.094220669,10710.660069180363,NE,NEBRASKA,0.186449,111230829.74234952
1202,2045,28,0.0,0.0,NV,NEVADA,0.186449,0.0
1203,2045,29,0.0,0.0,NH,NEW HAMPSHIRE,0.186449,0.0
1204,2045,30,79390.2358603644,844.5571438557151,NJ,NEW JERSEY,0.186449,14802230.08592908
1205,2045,31,0.0,0.0,NM,NEW MEXICO,0.186449,0.0
1206,2045,32,22246.782140180025,296.1657197348536,NY,NEW YORK,0.186449,4147890.2832544255
1207,2045,33,45461.7563008996,835.5774752923583,NC,NORTH CAROLINA,0.186449,8476299.00054643
1208,2045,34,340366.6845449776,9010.170399909166,ND,NORTH DAKOTA,0.186449,63461027.966726534
1209,2045,35,6176438.120292572,27999.370250513377,OH,OHIO,0.186449,1151590711.0904298
1210,2045,36,129591.38477484076,4484.120980600468,OK,OKLAHOMA,0.186449,24162184.099884287
1211,2045,37,0.0,0.0,OR,OREGON,0.186449,0.0
1212,2045,38,378445.0809064536,3135.774880446697,PA,PENNSYLVANIA,0.186449,70560706.88992737
1213,2045,39,0.0,0.0,RI,RHODE ISLAND,0.186449,0.0
1214,2045,40,0.0,0.0,SC,SOUTH CAROLINA,0.186449,0.0
1215,2045,41,2315311.212991216,18383.691842776745,SD,SOUTH DAKOTA,0.186449,431687460.3509993
1216,2045,42,697761.8776813255,5692.309578448243,TN,TENNESSEE,0.186449,130097004.33180547
1217,2045,43,21614.53665852297,1544.7646286746665,TX,TEXAS,0.186449,4030008.7454449497
1218,2045,44,0.0,0.0,UT,UTAH,0.186449,0.0
1219,2045,45,0.0,0.0,VT,VERMONT,0.186449,0.0
1220,2045,46,5871.333869361651,82.85859287679799,VA,VIRGINIA,0.186449,1094704.3286086104
1221,2045,47,0.0,0.0,WA,WASHINGTON,0.186449,0.0
1222,2045,48,16909.595601665045,90.13595865362666,WV,WEST VIRGINIA,0.186449,3152777.1903348463
1223,2045,49,1398724.5911629808,6996.5204535198445,WI,WISCONSIN,0.186449,260790801.2977466
1224,2045,50,438235.2206863784,14697.60973966373,WY,WYOMING,0.186449,81708518.66175458
1225,2046,0,999964.3629618448,5531.352917123994,AL,ALABAMA,0.1847128,184706217.38289866
1226,2046,2,0.0,0.0,AZ,ARIZONA,0.1847128,0.0
1227,2046,3,470832.1719672484,14430.434897033145,AR,ARKANSAS,0.1847128,86968728.81415196
1228,2046,4,0.0,0.0,CA,CALIFORNIA,0.1847128,0.0
1229,2046,5,32886.802722678185,1142.8085721294442,CO,COLORADO,0.1847128,6074613.413953511
1230,2046,6,0.0,0.0,CT,CONNECTICUT,0.1847128,0.0
1231,2046,7,17382.421693483084,207.45805986421465,DE,DELAWARE,0.1847128,3210755.7817840027
1232,2046,8,0.0,0.0,DC,DISTRICT OF COLUMBIA,0.1847128,0.0
1233,2046,9,61257.36674737476,620.1912631222639,FL,FLORIDA,0.1847128,11315019.732534487
1234,2046,10,252967.02191519627,2222.2553097103205,GA,GEORGIA,0.1847128,46726246.92561727
1235,2046,12,0.0,0.0,ID,IDAHO,0.1847128,0.0
1236,2046,13,5770260.460997406,50607.5022287546,IL,ILLINOIS,0.1847128,1065840966.4801217
1237,2046,14,1709542.248678988,19269.02964810156,IN,INDIANA,0.1847128,315774335.47179216
1238,2046,15,9069596.139171503,47798.33663942154,IA,IOWA,0.1847128,1675270497.735558
1239,2046,16,1231880.7834045845,11606.675123740788,KS,KANSAS,0.1847128,227544148.76885432
1240,2046,17,1284335.45009027,10603.997402228186,KY,KENTUCKY,0.1847128,237233197.12543404
1241,2046,18,388070.4161335456,9510.788083277192,LA,LOUISIANA,0.1847128,71681573.16119239
1242,2046,19,0.0,0.0,ME,MAINE,0.1847128,0.0
1243,2046,20,12748.00556490629,181.3995371152461,MD,MARYLAND,0.1847128,2354719.8023094228
1244,2046,21,0.0,0.0,MA,MASSACHUSETTS,0.1847128,0.0
1245,2046,22,262013.76188709016,3169.2111897145915,MI,MICHIGAN,0.1847128,48397295.59669771
1246,2046,23,5400754.740980944,38480.27184964838,MN,MINNESOTA,0.1847128,997588530.3198649
1247,2046,24,1284648.8757063327,13963.640531650648,MS,MISSISSIPPI,0.1847128,237291090.8485687
1248,2046,25,5132411.33803774,30176.38727864412,MO,MISSOURI,0.1847128,948022069.0006976
1249,2046,26,635660.4430954593,14936.728192609551,MT,MONTANA,0.1847128,117414620.29340294
1250,2046,27,907047.4004513832,13377.64654837883,NE,NEBRASKA,0.1847128,167543265.07009628
1251,2046,28,0.0,0.0,NV,NEVADA,0.1847128,0.0
1252,2046,29,0.0,0.0,NH,NEW HAMPSHIRE,0.1847128,0.0
1253,2046,30,6496.760258114928,137.698355503862,NJ,NEW JERSEY,0.1847128,1200034.778205131
1254,2046,31,0.0,0.0,NM,NEW MEXICO,0.1847128,0.0
1255,2046,32,5924.587319163764,104.5892739737097,NY,NEW YORK,0.1847128,1094347.1125672325
1256,2046,33,5351.265490094982,243.96429773926533,NC,NORTH CAROLINA,0.1847128,988447.2322188164
1257,2046,34,628128.4459056645,11853.604484827223,ND,NORTH DAKOTA,0.1847128,116023364.00288382
1258,2046,35,1544844.5377664662,12429.081008834211,OH,OHIO,0.1847128,285352560.1355497
1259,2046,36,128881.82488491338,4338.448080275019,OK,OKLAHOMA,0.1847128,23806122.74360203
1260,2046,37,0.0,0.0,OR,OREGON,0.1847128,0.0
1261,2046,38,6922.14607260705,206.7887657597494,PA,PENNSYLVANIA,0.1847128,1278608.9830802516
1262,2046,39,0.0,0.0,RI,RHODE ISLAND,0.1847128,0.0
1263,2046,40,194567.21819330505,2457.814593608104,SC,SOUTH CAROLINA,0.1847128,35939055.66069632
1264,2046,41,2507671.4905445874,19748.558226949022,SD,SOUTH DAKOTA,0.1847128,463199022.49866426
1265,2046,42,1516556.193725898,8948.00244384936,TN,TENNESSEE,0.1847128,280127340.9004531
1266,2046,43,18790.132586954274,818.0909229961063,TX,TEXAS,0.1847128,3470778.0025075674
1267,2046,44,0.0,0.0,UT,UTAH,0.1847128,0.0
1268,2046,45,155.9391783093857,1.4254589119046646,VT,VERMONT,0.1847128,28803.962255225906
1269,2046,46,890.2163555710205,25.29188019867924,VA,VIRGINIA,0.1847128,164434.35564331882
1270,2046,47,0.0,0.0,WA,WASHINGTON,0.1847128,0.0
1271,2046,48,20864.95733616948,144.21833938619173,WV,WEST VIRGINIA,0.1847128,3854024.691444406
1272,2046,49,947446.5456769282,8149.958962434438,WI,WISCONSIN,0.1847128,175005504.30231333
1273,2046,50,333124.87751170964,11221.258150714322,WY,WYOMING,0.1847128,61532428.87484492
1274,2047,0,662799.6611756895,4474.456695071094,AL,ALABAMA,0.1829766,121276828.48307967
1275,2047,2,0.0,0.0,AZ,ARIZONA,0.1829766,0.0
1276,2047,3,174955.71061823922,7034.354663567181,AR,ARKANSAS,0.1829766,32012801.07950931
1277,2047,4,0.0,0.0,CA,CALIFORNIA,0.1829766,0.0
1278,2047,5,55335.18657636069,1485.17475106817,CO,COLORADO,0.1829766,10125044.300108118
1279,2047,6,0.0,0.0,CT,CONNECTICUT,0.1829766,0.0
1280,2047,7,167331.37474383326,868.270740891803,DE,DELAWARE,0.1829766,30617726.02395248
1281,2047,8,0.0,0.0,DC,DISTRICT OF COLUMBIA,0.1829766,0.0
1282,2047,9,874.9768931507165,18.767847476256502,FL,FLORIDA,0.1829766,160100.29698728138
1283,2047,10,268270.8707145192,2492.7269439546226,GA,GEORGIA,0.1829766,49087291.80238228
1284,2047,12,0.0,0.0,ID,IDAHO,0.1829766,0.0
1285,2047,13,6872512.971476434,49521.39759387146,IL,ILLINOIS,0.1829766,1257509056.9766548
1286,2047,14,3848836.495907204,22173.35761228441,IN,INDIANA,0.1829766,704247015.9770141
1287,2047,15,4891725.53085382,37346.744306682536,IA,IOWA,0.1829766,895071305.768827
1288,2047,16,331161.76757153164,3642.547020811779,KS,KANSAS,0.1829766,60594854.280229114
1289,2047,17,2557832.864995256,12745.390029703509,KY,KENTUCKY,0.1829766,468023561.0050909
1290,2047,18,15920.523098089245,693.4740193046705,LA,LOUISIANA,0.1829766,2913083.186709836
1291,2047,19,0.0,0.0,ME,MAINE,0.1829766,0.0
1292,2047,20,384886.4634610262,1791.6087780531875,MD,MARYLAND,0.1829766,70425216.4701228
1293,2047,21,0.0,0.0,MA,MASSACHUSETTS,0.1829766,0.0
1294,2047,22,363150.5532800447,3706.455031193428,MI,MICHIGAN,0.1829766,66448053.527301416
1295,2047,23,3041882.176839086,31941.759627374973,MN,MINNESOTA,0.1829766,556593258.3186147
1296,2047,24,594624.504295677,9408.182434275972,MS,MISSISSIPPI,0.1829766,108802370.07270835
1297,2047,25,4433482.298894082,27043.49400661216,MO,MISSOURI,0.1829766,811223517.2118229
1298,2047,26,534536.4636916027,14274.156750082277,MT,MONTANA,0.1829766,97807664.7023129
1299,2047,27,315444.302581511,8113.248981906342,NE,NEBRASKA,0.1829766,57718925.9757361
1300,2047,28,0.0,0.0,NV,NEVADA,0.1829766,0.0
1301,2047,29,0.0,0.0,NH,NEW HAMPSHIRE,0.1829766,0.0
1302,2047,30,90932.3244981469,748.1554825670971,NJ,NEW JERSEY,0.1829766,16638487.566767626
1303,2047,31,0.0,0.0,NM,NEW MEXICO,0.1829766,0.0
1304,2047,32,29994.14900154988,259.8074991323986,NY,NEW YORK,0.1829766,5488227.404196991
1305,2047,33,1628658.8294468052,10288.753668481992,NC,NORTH CAROLINA,0.1829766,298006455.1721563
1306,2047,34,19071.2225421697,799.832765299823,ND,NORTH DAKOTA,0.1829766,3489587.4586095684
1307,2047,35,4298797.342640378,23841.112681953724,OH,OHIO,0.1829766,786579321.8453714
1308,2047,36,2219.2214130244392,107.48321500602944,OK,OKLAHOMA,0.1829766,406065.5888024076
1309,2047,37,0.0,0.0,OR,OREGON,0.1829766,0.0
1310,2047,38,363442.3735614236,3534.444425432848,PA,PENNSYLVANIA,0.1829766,66501449.81019918
1311,2047,39,0.0,0.0,RI,RHODE ISLAND,0.1829766,0.0
1312,2047,40,1456077.6695354192,8562.107355300283,SC,SOUTH CAROLINA,0.1829766,266428141.30751458
1313,2047,41,884309.2883610937,13079.753990323909,SD,SOUTH DAKOTA,0.1829766,161807906.9327325
1314,2047,42,1741877.9709591744,8808.867586855169,TN,TENNESSEE,0.1829766,318722908.74100846
1315,2047,43,987.5006759895484,48.69729137412211,TX,TEXAS,0.1829766,180689.5161902692
1316,2047,44,0.0,0.0,UT,UTAH,0.1829766,0.0
1317,2047,45,27106.23142756453,293.0046479811407,VT,VERMONT,0.1829766,4959806.065428903
1318,2047,46,102144.00187895536,640.6126694426814,VA,VIRGINIA,0.1829766,18689962.174204864
1319,2047,47,0.0,0.0,WA,WASHINGTON,0.1829766,0.0
1320,2047,48,43629.32842190252,164.18723647886097,WV,WEST VIRGINIA,0.1829766,7983146.174923088
1321,2047,49,966950.7620947676,8104.137260180428,WI,WISCONSIN,0.1829766,176929362.81550947
1322,2047,50,449102.09142529056,15332.98225059482,WY,WYOMING,0.1829766,82175173.74188882
1323,2048,0,772462.660906354,4686.326717018164,AL,ALABAMA,0.1812404,140001441.64773196
1324,2048,2,0.0,0.0,AZ,ARIZONA,0.1812404,0.0
1325,2048,3,417278.2851391817,13769.26102069213,AR,ARKANSAS,0.1812404,75627683.30993935
1326,2048,4,0.0,0.0,CA,CALIFORNIA,0.1812404,0.0
1327,2048,5,68800.0599977876,1766.0912370747055,CO,COLORADO,0.1812404,12469350.394023022
1328,2048,6,0.0,0.0,CT,CONNECTICUT,0.1812404,0.0
1329,2048,7,12519.496477618686,198.12373760064804,DE,DELAWARE,0.1812404,2269038.549402202
1330,2048,8,0.0,0.0,DC,DISTRICT OF COLUMBIA,0.1812404,0.0
1331,2048,9,46220.02341054687,453.8504624171754,FL,FLORIDA,0.1812404,8376935.530936878
1332,2048,10,132766.30509781637,1472.6102371638476,GA,GEORGIA,0.1812404,24062618.242450275
1333,2048,12,0.0,0.0,ID,IDAHO,0.1812404,0.0
1334,2048,13,1180891.5559356804,22007.288073960408,IL,ILLINOIS,0.1812404,214025257.95440507
1335,2048,14,896938.4511300633,9593.440963882464,IN,INDIANA,0.1812404,162561483.6581931
1336,2048,15,2439537.918295556,24671.44598872244,IA,IOWA,0.1812404,442142828.1270539
1337,2048,16,206103.1106948125,3234.477335457458,KS,KANSAS,0.1812404,37354210.2235721
1338,2048,17,983699.3665265816,8142.268708134869,KY,KENTUCKY,0.1812404,178286066.66902423
1339,2048,18,767825.2309163203,14002.26339329213,LA,LOUISIANA,0.1812404,139160951.98136625
1340,2048,19,0.0,0.0,ME,MAINE,0.1812404,0.0
1341,2048,20,3294.401329073597,122.198045975629,MD,MARYLAND,0.1812404,597078.6146418303
1342,2048,21,0.0,0.0,MA,MASSACHUSETTS,0.1812404,0.0
1343,2048,22,55412.666894843685,695.923948372824,MI,MICHIGAN,0.1812404,10043013.913088227
1344,2048,23,422723.6083071349,12835.479313067895,MN,MINNESOTA,0.1812404,76614595.85902844
1345,2048,24,1477258.660458436,15409.827810260766,MS,MISSISSIPPI,0.1812404,267738950.52495113
1346,2048,25,1440052.1535248912,18374.92437669748,MO,MISSOURI,0.1812404,260995628.32571268
1347,2048,26,630518.7364769797,16482.559088929225,MT,MONTANA,0.1812404,114275468.0065824
1348,2048,27,561838.1394790754,12469.088074895437,NE,NEBRASKA,0.1812404,101827769.13444342
1349,2048,28,0.0,0.0,NV,NEVADA,0.1812404,0.0
1350,2048,29,0.0,0.0,NH,NEW HAMPSHIRE,0.1812404,0.0
1351,2048,30,31199.44128450288,282.689276424401,NJ,NEW JERSEY,0.1812404,5654599.218179815
1352,2048,31,0.0,0.0,NM,NEW MEXICO,0.1812404,0.0
1353,2048,32,0.0,0.0,NY,NEW YORK,0.1812404,0.0
1354,2048,33,302036.00211823324,3442.92576537119,NC,NORTH CAROLINA,0.1812404,54741125.838309444
1355,2048,34,111206.01952677243,3292.1847953711926,ND,NORTH DAKOTA,0.1812404,20155023.461440045
1356,2048,35,221287.3601629208,2434.209617690597,OH,OHIO,0.1812404,40106209.67087183
1357,2048,36,43816.67627434041,1914.486974151112,OK,OKLAHOMA,0.1812404,7941351.934631966
1358,2048,37,0.0,0.0,OR,OREGON,0.1812404,0.0
1359,2048,38,57822.57248932468,389.06834529337647,PA,PENNSYLVANIA,0.1812404,10479786.166994201
1360,2048,39,0.0,0.0,RI,RHODE ISLAND,0.1812404,0.0
1361,2048,40,633855.9872683831,6663.222254985361,SC,SOUTH CAROLINA,0.1812404,114880312.67491667
1362,2048,41,852723.3018533136,11141.22962293692,SD,SOUTH DAKOTA,0.1812404,154547912.3172153
1363,2048,42,1458133.2535455814,8106.656960268557,TN,TENNESSEE,0.1812404,264272654.12590256
1364,2048,43,42597.82347867851,2140.5272265438907,TX,TEXAS,0.1812404,7720446.566405084
1365,2048,44,0.0,0.0,UT,UTAH,0.1812404,0.0
1366,2048,45,0.0,0.0,VT,VERMONT,0.1812404,0.0
1367,2048,46,4837.823680204188,89.39734689019038,VA,VIRGINIA,0.1812404,876809.0989296791
1368,2048,47,0.0,0.0,WA,WASHINGTON,0.1812404,0.0
1369,2048,48,0.0,0.0,WV,WEST VIRGINIA,0.1812404,0.0
1370,2048,49,92584.77388358935,1781.4164318755502,WI,WISCONSIN,0.1812404,16780101.452571288
1371,2048,50,473087.1137432228,15689.260086984588,WY,WYOMING,0.1812404,85742497.72966719
1372,2049,0,209693.2501961647,2146.4767968340075,AL,ALABAMA,0.1795042,37640819.12186239
1373,2049,2,0.0,0.0,AZ,ARIZONA,0.1795042,0.0
1374,2049,3,17677.83604462812,1219.5327644179504,AR,ARKANSAS,0.1795042,3173245.8169221347
1375,2049,4,0.0,0.0,CA,CALIFORNIA,0.1795042,0.0
1376,2049,5,68135.25574621178,1858.3958661881177,CO,COLORADO,0.1795042,12230564.57451915
1377,2049,6,0.0,0.0,CT,CONNECTICUT,0.1795042,0.0
1378,2049,7,1323.5987262025396,42.36313182157228,DE,DELAWARE,0.1795042,237591.53046800592
1379,2049,8,0.0,0.0,DC,DISTRICT OF COLUMBIA,0.1795042,0.0
1380,2049,9,2788.8370160112486,64.92805476052072,FL,FLORIDA,0.1795042,500607.95748948643
1381,2049,10,1864.611980130945,51.94608572881912,GA,GEORGIA,0.1795042,334705.6818038212
1382,2049,12,0.0,0.0,ID,IDAHO,0.1795042,0.0
1383,2049,13,415650.0625494144,8236.060806929196,IL,ILLINOIS,0.1795042,74610931.9578826
1384,2049,14,544557.9066863232,8148.721085350005,IN,INDIANA,0.1795042,97750431.39340311
1385,2049,15,2152816.9750624346,27920.286291929948,IA,IOWA,0.1795042,386439688.8550023
1386,2049,16,587007.1733245683,8966.046899286343,KS,KANSAS,0.1795042,105370253.04188797
1387,2049,17,52378.20802922376,651.1952648352919,KY,KENTUCKY,0.1795042,9402108.329719389
1388,2049,18,447181.4427575776,11507.340774348144,LA,LOUISIANA,0.1795042,80270947.13704476
1389,2049,19,0.0,0.0,ME,MAINE,0.1795042,0.0
1390,2049,20,2880.0607981469548,19.44966886654548,MD,MARYLAND,0.1795042,516983.0095227306
1391,2049,21,0.0,0.0,MA,MASSACHUSETTS,0.1795042,0.0
1392,2049,22,32307.08908746051,424.1321986480663,MI,MICHIGAN,0.1795042,5799258.180973329
1393,2049,23,693586.7750110986,11241.371727696627,MN,MINNESOTA,0.1795042,124501739.17894726
1394,2049,24,466942.900676489,8257.647873852824,MS,MISSISSIPPI,0.1795042,83818211.83161262
1395,2049,25,1199851.2167174318,20648.639361012083,MO,MISSOURI,0.1795042,215378332.77588922
1396,2049,26,473215.7518977809,12691.339031736845,MT,MONTANA,0.1795042,84944214.97180964
1397,2049,27,268398.43118303246,5888.510302555149,NE,NEBRASKA,0.1795042,48178645.670765296
1398,2049,28,0.0,0.0,NV,NEVADA,0.1795042,0.0
1399,2049,29,0.0,0.0,NH,NEW HAMPSHIRE,0.1795042,0.0
1400,2049,30,8443.624344966702,88.7297656221786,NJ,NEW JERSEY,0.1795042,1515666.0331437718
1401,2049,31,0.0,0.0,NM,NEW MEXICO,0.1795042,0.0
1402,2049,32,0.0,0.0,NY,NEW YORK,0.1795042,0.0
1403,2049,33,322766.5919765228,4009.909711391686,NC,NORTH CAROLINA,0.1795042,57937958.879472144
1404,2049,34,0.0,0.0,ND,NORTH DAKOTA,0.1795042,0.0
1405,2049,35,51001.02910017387,1619.9376039304743,OH,OHIO,0.1795042,9154898.92780343
1406,2049,36,37748.13255045762,1592.332113903542,OK,OKLAHOMA,0.1795042,6775948.334963856
1407,2049,37,0.0,0.0,OR,OREGON,0.1795042,0.0
1408,2049,38,0.0,0.0,PA,PENNSYLVANIA,0.1795042,0.0
1409,2049,39,0.0,0.0,RI,RHODE ISLAND,0.1795042,0.0
1410,2049,40,234384.72914207983,3213.1983273352266,SC,SOUTH CAROLINA,0.1795042,42073043.296865724
1411,2049,41,680894.7120132522,11252.796014892789,SD,SOUTH DAKOTA,0.1795042,122223460.56416921
1412,2049,42,189517.297716172,3122.909956605868,TN,TENNESSEE,0.1795042,34019150.91270328
1413,2049,43,37575.09052464781,2282.1447990097145,TX,TEXAS,0.1795042,6744886.5645544855
1414,2049,44,0.0,0.0,UT,UTAH,0.1795042,0.0
1415,2049,45,1862.9789428262527,35.38008769275707,VT,VERMONT,0.1795042,334412.5447488722
1416,2049,46,1714.2906806865144,36.93683552647088,VA,VIRGINIA,0.1795042,307722.3772040882
1417,2049,47,0.0,0.0,WA,WASHINGTON,0.1795042,0.0
1418,2049,48,0.0,0.0,WV,WEST VIRGINIA,0.1795042,0.0
1419,2049,49,141962.84787360326,2935.1926796786584,WI,WISCONSIN,0.1795042,25482927.437272854
1420,2049,50,491984.58496605465,15815.874396736786,WY,WYOMING,0.1795042,88313299.33666368
1421,2050,0,557620.0638954482,2926.0739017185747,AL,ALABAMA,0.177768,99127003.51856604
1422,2050,2,0.0,0.0,AZ,ARIZONA,0.177768,0.0
1423,2050,3,269443.9828430578,10129.135904963932,AR,ARKANSAS,0.177768,47898517.94204469
1424,2050,4,0.0,0.0,CA,CALIFORNIA,0.177768,0.0
1425,2050,5,66924.30348821427,2057.6490895387683,CO,COLORADO,0.177768,11896999.582492875
1426,2050,6,0.0,0.0,CT,CONNECTICUT,0.177768,0.0
1427,2050,7,113756.05918371808,618.9833030773431,DE,DELAWARE,0.177768,20222187.128971197
1428,2050,8,0.0,0.0,DC,DISTRICT OF COLUMBIA,0.177768,0.0
1429,2050,9,41379.109881927245,301.45086225675675,FL,FLORIDA,0.177768,7355881.605490442
1430,2050,10,200856.63480921136,1476.6200562989247,GA,GEORGIA,0.177768,35705882.25676389
1431,2050,12,0.0,0.0,ID,IDAHO,0.177768,0.0
1432,2050,13,2565382.2317493027,27442.312612533064,IL,ILLINOIS,0.177768,456042868.57361007
1433,2050,14,2307593.9020863846,20082.8892173967,IN,INDIANA,0.177768,410216352.78609246
1434,2050,15,10118.260130028286,203.4561106573135,IA,IOWA,0.177768,1798702.8667948684
1435,2050,16,279059.3810145381,4078.7943958063192,KS,KANSAS,0.177768,49607828.04419241
1436,2050,17,1605064.7854782608,9220.202122771778,KY,KENTUCKY,0.177768,285329156.7848995
1437,2050,18,149271.79335726236,4860.327960432784,LA,LOUISIANA,0.177768,26535748.161533818
1438,2050,19,0.0,0.0,ME,MAINE,0.177768,0.0
1439,2050,20,242811.33538109,1318.5735418193335,MD,MARYLAND,0.177768,43164085.46802561
1440,2050,21,0.0,0.0,MA,MASSACHUSETTS,0.177768,0.0
1441,2050,22,163172.05961750465,1539.5002369423823,MI,MICHIGAN,0.177768,29006770.69408457
1442,2050,23,473682.5653010102,6064.280032793574,MN,MINNESOTA,0.177768,84205602.26842998
1443,2050,24,809395.42457254,11098.409002307531,MS,MISSISSIPPI,0.177768,143884605.83541128
1444,2050,25,1857963.4555274567,15074.271448766754,MO,MISSOURI,0.177768,330286447.56220496
1445,2050,26,835715.3192930061,17064.137231552864,MT,MONTANA,0.177768,148563440.88007912
1446,2050,27,58606.39394503811,1424.3104554937895,NE,NEBRASKA,0.177768,10418341.438821536
1447,2050,28,0.0,0.0,NV,NEVADA,0.177768,0.0
1448,2050,29,0.0,0.0,NH,NEW HAMPSHIRE,0.177768,0.0
1449,2050,30,247956.53653814585,1574.4031487024172,NJ,NEW JERSEY,0.177768,44078737.587313116
1450,2050,31,0.0,0.0,NM,NEW MEXICO,0.177768,0.0
1451,2050,32,1246.7115284241502,7.914310210567184,NY,NEW YORK,0.177768,221625.41498490432
1452,2050,33,1168741.693581385,10010.318891036335,NC,NORTH CAROLINA,0.177768,207764873.3845757
1453,2050,34,17546.31129689722,851.7824256615039,ND,NORTH DAKOTA,0.177768,3119172.6666268255
1454,2050,35,2173008.1330166566,20449.6341347505,OH,OHIO,0.177768,386291309.790105
1455,2050,36,98990.80834027183,3304.136282207592,OK,OKLAHOMA,0.177768,17597398.017033443
1456,2050,37,0.0,0.0,OR,OREGON,0.177768,0.0
1457,2050,38,551381.2495154537,5637.670238494073,PA,PENNSYLVANIA,0.177768,98017941.96386318
1458,2050,39,0.0,0.0,RI,RHODE ISLAND,0.177768,0.0
1459,2050,40,581310.6501704104,6287.179862666995,SC,SOUTH CAROLINA,0.177768,103338431.65949352
1460,2050,41,755857.5834383065,10766.118465016094,SD,SOUTH DAKOTA,0.177768,134367290.89266086
1461,2050,42,1270140.4086976228,6727.148803279966,TN,TENNESSEE,0.177768,225790320.173359
1462,2050,43,23060.21507011418,1444.7294500067364,TX,TEXAS,0.177768,4099368.312584058
1463,2050,44,0.0,0.0,UT,UTAH,0.177768,0.0
1464,2050,45,7890.861610309676,133.60971647270077,VT,VERMONT,0.177768,1402742.6867415304
1465,2050,46,153719.89961878187,852.8709332149152,VA,VIRGINIA,0.177768,27326479.115431614
1466,2050,47,0.0,0.0,WA,WASHINGTON,0.177768,0.0
1467,2050,48,136432.09397863943,600.1652161898123,WV,WEST VIRGINIA,0.177768,24253260.482394774
1468,2050,49,73801.92098931338,927.1982309967966,WI,WISCONSIN,0.177768,13119619.890428262
1469,2050,50,709408.3371034148,20064.90594710024,WY,WYOMING,0.177768,126110101.27019985
1470,2051,0,668193.6001374937,4517.611069970851,AL,ALABAMA,0.1819356,121568203.55717501
1471,2051,2,0.0,0.0,AZ,ARIZONA,0.1819356,0.0
1472,2051,3,445817.8204511004,13191.645285543882,AR,ARKANSAS,0.1819356,81110132.65446323
1473,2051,4,0.0,0.0,CA,CALIFORNIA,0.1819356,0.0
1474,2051,5,54015.31000510463,2012.4021293491408,CO,COLORADO,0.1819356,9827307.834964715
1475,2051,6,0.0,0.0,CT,CONNECTICUT,0.1819356,0.0
1476,2051,7,36711.26271219932,399.7109971636937,DE,DELAWARE,0.1819356,6679085.608301612
1477,2051,8,0.0,0.0,DC,DISTRICT OF COLUMBIA,0.1819356,0.0
1478,2051,9,36972.51476267649,395.9184941157407,FL,FLORIDA,0.1819356,6726616.656856404
1479,2051,10,281350.70564341097,2419.935902448965,GA,GEORGIA,0.1819356,51187709.441657364
1480,2051,12,0.0,0.0,ID,IDAHO,0.1819356,0.0
1481,2051,13,5867511.754027939,48696.193569103474,IL,ILLINOIS,0.1819356,1067509271.4761257
1482,2051,14,6289539.754516418,32773.32910471343,IN,INDIANA,0.1819356,1144291188.9617972
1483,2051,15,5332113.098806276,44421.190941689405,IA,IOWA,0.1819356,970101195.8991792
1484,2051,16,1377186.189653662,12592.831560668285,KS,KANSAS,0.1819356,250559195.72635278
1485,2051,17,1855186.282994148,9204.935692835134,KY,KENTUCKY,0.1819356,337524429.50831014
1486,2051,18,668432.1803743073,13501.784613172387,LA,LOUISIANA,0.1819356,121611609.79570782
1487,2051,19,0.0,0.0,ME,MAINE,0.1819356,0.0
1488,2051,20,62479.05076125757,539.4150723853561,MD,MARYLAND,0.1819356,11367163.587679852
1489,2051,21,0.0,0.0,MA,MASSACHUSETTS,0.1819356,0.0
1490,2051,22,313505.02230168355,2808.5758150935258,MI,MICHIGAN,0.1819356,57037724.33547018
1491,2051,23,1258140.8577014585,13683.677475598422,MN,MINNESOTA,0.1819356,228900611.83042946
1492,2051,24,1492762.5978346812,15429.912958964967,MS,MISSISSIPPI,0.1819356,271586658.8946114
1493,2051,25,5518610.65056171,32877.19342784668,MO,MISSOURI,0.1819356,1004031739.8763351
1494,2051,26,780879.0748322511,20144.5718156018,MT,MONTANA,0.1819356,142069703.0070505
1495,2051,27,942383.8894723651,16595.410099637986,NE,NEBRASKA,0.1819356,171453178.36148843
1496,2051,28,0.0,0.0,NV,NEVADA,0.1819356,0.0
1497,2051,29,0.0,0.0,NH,NEW HAMPSHIRE,0.1819356,0.0
1498,2051,30,25136.90325911279,295.3388771674912,NJ,NEW JERSEY,0.1819356,4573297.576588641
1499,2051,31,0.0,0.0,NM,NEW MEXICO,0.1819356,0.0
1500,2051,32,3373.422122713745,121.5200367286154,NY,NEW YORK,0.1819356,613745.5779491989
1501,2051,33,1336539.6199439506,9830.850159756685,NC,NORTH CAROLINA,0.1819356,243164137.67827463
1502,2051,34,0.0,0.0,ND,NORTH DAKOTA,0.1819356,0.0
1503,2051,35,5115387.611998138,26572.812538282084,OH,OHIO,0.1819356,930671114.4214485
1504,2051,36,126783.35023256384,4112.904564821663,OK,OKLAHOMA,0.1819356,23066404.894571643
1505,2051,37,0.0,0.0,OR,OREGON,0.1819356,0.0
1506,2051,38,446941.8639247559,2657.1779719011965,PA,PENNSYLVANIA,0.1819356,81314636.17826882
1507,2051,39,0.0,0.0,RI,RHODE ISLAND,0.1819356,0.0
1508,2051,40,1358470.8980531087,7831.45298858119,SC,SOUTH CAROLINA,0.1819356,247154217.91983116
1509,2051,41,382149.0877126009,6947.642102982949,SD,SOUTH DAKOTA,0.1819356,69526523.56244467
1510,2051,42,1307201.833400159,6711.7504466363935,TN,TENNESSEE,0.1819356,237826549.88075796
1511,2051,43,71304.6269716295,3718.873029123952,TX,TEXAS,0.1819356,12972850.090859596
1512,2051,44,0.0,0.0,UT,UTAH,0.1819356,0.0
1513,2051,45,0.0,0.0,VT,VERMONT,0.1819356,0.0
1514,2051,46,130572.36925147304,551.0088437604381,VA,VIRGINIA,0.1819356,23755762.343188297
1515,2051,47,0.0,0.0,WA,WASHINGTON,0.1819356,0.0
1516,2051,48,107403.60233845293,430.3607240342856,WV,WEST VIRGINIA,0.1819356,19540538.833607834
1517,2051,49,700028.1362156952,6907.907267738189,WI,WISCONSIN,0.1819356,127360038.97928423
1518,2051,50,551201.6072046603,19233.93725855685,WY,WYOMING,0.1819356,100283195.1277442
1519,2052,0,670426.7151552833,4145.089068708528,AL,ALABAMA,0.1861032,124768557.05588672
1520,2052,2,0.0,0.0,AZ,ARIZONA,0.1861032,0.0
1521,2052,3,231061.32112413985,8937.962449655155,AR,ARKANSAS,0.1861032,43001251.257430024
1522,2052,4,0.0,0.0,CA,CALIFORNIA,0.1861032,0.0
1523,2052,5,58483.32874847706,2039.572453384485,CO,COLORADO,0.1861032,10883934.626743577
1524,2052,6,0.0,0.0,CT,CONNECTICUT,0.1861032,0.0
1525,2052,7,321.80137767698994,16.04409861617506,DE,DELAWARE,0.1861032,59888.266150096395
1526,2052,8,0.0,0.0,DC,DISTRICT OF COLUMBIA,0.1861032,0.0
1527,2052,9,879.4392272062275,23.94840756225328,FL,FLORIDA,0.1861032,163666.45438860598
1528,2052,10,126252.19628364623,1021.8473106385104,GA,GEORGIA,0.1861032,23495937.735414673
1529,2052,12,0.0,0.0,ID,IDAHO,0.1861032,0.0
1530,2052,13,9344335.57651183,57079.61096956598,IL,ILLINOIS,0.1861032,1739010752.6626964
1531,2052,14,9631684.541013865,36054.691804941365,IN,INDIANA,0.1861032,1792487314.4732113
1532,2052,15,10899166.77775427,54561.78311014636,IA,IOWA,0.1861032,2028369814.6737583
1533,2052,16,1227484.562623667,11216.39023190671,KS,KANSAS,0.1861032,228438805.05486482
1534,2052,17,2007408.1531842083,10337.401612564729,KY,KENTUCKY,0.1861032,373585081.01367134
1535,2052,18,58004.37974380035,2598.4858054421425,LA,LOUISIANA,0.1861032,10794800.684336426
1536,2052,19,0.0,0.0,ME,MAINE,0.1861032,0.0
1537,2052,20,61082.37647846455,566.7555198624656,MD,MARYLAND,0.1861032,11367625.726246983
1538,2052,21,0.0,0.0,MA,MASSACHUSETTS,0.1861032,0.0
1539,2052,22,814612.8946358095,4520.530444793269,MI,MICHIGAN,0.1861032,151602066.45298696
1540,2052,23,6483617.377573732,47154.30830096552,MN,MINNESOTA,0.1861032,1206621941.54208
1541,2052,24,286646.55588118715,6936.415692984216,MS,MISSISSIPPI,0.1861032,53345841.31846774
1542,2052,25,5805516.35539453,33695.32404808992,MO,MISSOURI,0.1861032,1080425171.3912594
1543,2052,26,1024058.688389052,20536.611525490465,MT,MONTANA,0.1861032,190580598.89700544
1544,2052,27,1417496.0704680334,20822.25584375124,NE,NEBRASKA,0.1861032,263800554.7015265
1545,2052,28,0.0,0.0,NV,NEVADA,0.1861032,0.0
1546,2052,29,0.0,0.0,NH,NEW HAMPSHIRE,0.1861032,0.0
1547,2052,30,38210.4084731287,536.6450420554996,NJ,NEW JERSEY,0.1861032,7111079.290156364
1548,2052,31,0.0,0.0,NM,NEW MEXICO,0.1861032,0.0
1549,2052,32,39053.4627242893,347.7849963657126,NY,NEW YORK,0.1861032,7267974.384070956
1550,2052,33,360119.6868347813,5105.8304519291405,NC,NORTH CAROLINA,0.1861032,67019426.10295067
1551,2052,34,370962.6433958842,8550.352547311972,ND,NORTH DAKOTA,0.1861032,69037335.01643291
1552,2052,35,10389514.624371683,34743.868052578626,OH,OHIO,0.1861032,1933521918.0423682
1553,2052,36,113552.26941231698,3674.749989984717,OK,OKLAHOMA,0.1861032,21132440.704894308
1554,2052,37,0.0,0.0,OR,OREGON,0.1861032,0.0
1555,2052,38,593121.3092963957,2792.9529617866774,PA,PENNSYLVANIA,0.1861032,110381773.648249
1556,2052,39,0.0,0.0,RI,RHODE ISLAND,0.1861032,0.0
1557,2052,40,313641.55882412003,5570.180236207098,SC,SOUTH CAROLINA,0.1861032,58369697.75015698
1558,2052,41,2899021.260372195,22404.601778120086,SD,SOUTH DAKOTA,0.1861032,539517133.4232986
1559,2052,42,759582.9955780588,6638.429275185632,TN,TENNESSEE,0.1861032,141360826.14266258
1560,2052,43,30341.39600421086,1368.0354239476342,TX,TEXAS,0.1861032,5646630.888850855
1561,2052,44,0.0,0.0,UT,UTAH,0.1861032,0.0
1562,2052,45,44704.06780871352,298.9196197450101,VT,VERMONT,0.1861032,8319570.072218574
1563,2052,46,13139.240172896889,103.91407020630044,VA,VIRGINIA,0.1861032,2445254.641744664
1564,2052,47,0.0,0.0,WA,WASHINGTON,0.1861032,0.0
1565,2052,48,210050.8257654022,648.9435672762269,WV,WEST VIRGINIA,0.1861032,39091130.837583795
1566,2052,49,3235265.6496096444,14817.17766245607,WI,WISCONSIN,0.1861032,602093290.2424335
1567,2052,50,751013.5063058999,20511.16369215434,WY,WYOMING,0.1861032,139766016.76674816
1568,2053,0,0.0,0.0,AL,ALABAMA,0.1902708,0.0
1569,2053,2,0.0,0.0,AZ,ARIZONA,0.1902708,0.0
1570,2053,3,219151.7099914702,7861.994537841012,AR,ARKANSAS,0.1902708,41698171.18144503
1571,2053,4,0.0,0.0,CA,CALIFORNIA,0.1902708,0.0
1572,2053,5,9509.608228365256,300.1267627697279,CO,COLORADO,0.1902708,1809400.7652976396
1573,2053,6,0.0,0.0,CT,CONNECTICUT,0.1902708,0.0
1574,2053,7,0.0,0.0,DE,DELAWARE,0.1902708,0.0
1575,2053,8,0.0,0.0,DC,DISTRICT OF COLUMBIA,0.1902708,0.0
1576,2053,9,0.0,0.0,FL,FLORIDA,0.1902708,0.0
1577,2053,10,0.0,0.0,GA,GEORGIA,0.1902708,0.0
1578,2053,12,0.0,0.0,ID,IDAHO,0.1902708,0.0
1579,2053,13,930398.7196402132,19748.87735871593,IL,ILLINOIS,0.1902708,177027708.70491907
1580,2053,14,591056.0456652981,8899.180475140492,IN,INDIANA,0.1902708,112460706.6535728
1581,2053,15,4436509.663778881,39544.10271476674,IA,IOWA,0.1902708,844138242.9349387
1582,2053,16,476471.4338492733,6366.968979163592,KS,KANSAS,0.1902708,90658600.89564832
1583,2053,17,255196.14491966943,2542.0789827005647,KY,KENTUCKY,0.1902708,48556374.65078143
1584,2053,18,538374.926121624,9269.475478323253,LA,LOUISIANA,0.1902708,102437027.89310229
1585,2053,19,0.0,0.0,ME,MAINE,0.1902708,0.0
1586,2053,20,0.0,0.0,MD,MARYLAND,0.1902708,0.0
1587,2053,21,0.0,0.0,MA,MASSACHUSETTS,0.1902708,0.0
1588,2053,22,24254.855686891635,444.1773147215088,MI,MICHIGAN,0.1902708,4614990.795429421
1589,2053,23,2054451.8367462729,29132.00414406494,MN,MINNESOTA,0.1902708,390902194.5391827
1590,2053,24,801127.46906257,9067.026460157856,MS,MISSISSIPPI,0.1902708,152431164.44051042
1591,2053,25,2143281.2103863424,21073.04090794837,MO,MISSOURI,0.1902708,407803830.52517766
1592,2053,26,452299.0364144023,15317.948299848556,MT,MONTANA,0.1902708,86059299.49779746
1593,2053,27,1321733.36724613,20085.62248557285,NE,NEBRASKA,0.1902708,251487265.17261493
1594,2053,28,0.0,0.0,NV,NEVADA,0.1902708,0.0
1595,2053,29,0.0,0.0,NH,NEW HAMPSHIRE,0.1902708,0.0
1596,2053,30,1137.021887793787,26.5730299736314,NJ,NEW JERSEY,0.1902708,216342.06420803408
1597,2053,31,0.0,0.0,NM,NEW MEXICO,0.1902708,0.0
1598,2053,32,1321.7078334431417,14.768655431682951,NY,NEW YORK,0.1902708,251482.40683549334
1599,2053,33,7.905205955310992,15.150180234497103,NC,NORTH CAROLINA,0.1902708,1504.1298612817866
1600,2053,34,18844.97306148169,650.5864408598829,ND,NORTH DAKOTA,0.1902708,3585648.1003865707
1601,2053,35,327234.60899735737,5956.195780114878,OH,OHIO,0.1902708,62263190.84161438
1602,2053,36,44702.36874105425,1875.258192514395,OK,OKLAHOMA,0.1902708,8505555.462255383
1603,2053,37,0.0,0.0,OR,OREGON,0.1902708,0.0
1604,2053,38,3816.7032996685934,126.90664218238038,PA,PENNSYLVANIA,0.1902708,726207.190190583
1605,2053,39,0.0,0.0,RI,RHODE ISLAND,0.1902708,0.0
1606,2053,40,0.0,0.0,SC,SOUTH CAROLINA,0.1902708,0.0
1607,2053,41,1516149.1973082533,16146.756902665862,SD,SOUTH DAKOTA,0.1902708,288478920.6911992
1608,2053,42,356306.9346840519,2862.850597558917,TN,TENNESSEE,0.1902708,67794805.5078823
1609,2053,43,20926.587608689108,1599.9947649085989,TX,TEXAS,0.1902708,3981718.565575363
1610,2053,44,0.0,0.0,UT,UTAH,0.1902708,0.0
1611,2053,45,2119.3702381727926,13.326128744444931,VT,VERMONT,0.1902708,403254.2707133278
1612,2053,46,0.0,0.0,VA,VIRGINIA,0.1902708,0.0
1613,2053,47,0.0,0.0,WA,WASHINGTON,0.1902708,0.0
1614,2053,48,0.0,0.0,WV,WEST VIRGINIA,0.1902708,0.0
1615,2053,49,270081.013593792,4537.201469833094,WI,WISCONSIN,0.1902708,51388530.52130167
1616,2053,50,274679.66218841175,11943.31311849607,WY,WYOMING,0.1902708,52263519.06831886
1617,2054,0,57477.78834740197,648.0390371605719,AL,ALABAMA,0.1944384,11175889.201807484
1618,2054,2,0.0,0.0,AZ,ARIZONA,0.1944384,0.0
1619,2054,3,31997.173624383053,1585.2748487476197,AR,ARKANSAS,0.1944384,6221479.244047242
1620,2054,4,0.0,0.0,CA,CALIFORNIA,0.1944384,0.0
1621,2054,5,39440.356607806985,1221.977094425754,CO,COLORADO,0.1944384,7668719.834251419
1622,2054,6,0.0,0.0,CT,CONNECTICUT,0.1944384,0.0
1623,2054,7,28019.174663231926,371.0509867427843,DE,DELAWARE,0.1944384,5448003.490839356
1624,2054,8,0.0,0.0,DC,DISTRICT OF COLUMBIA,0.1944384,0.0
1625,2054,9,21376.43930170828,267.8850942627111,FL,FLORIDA,0.1944384,4156400.6555212755
1626,2054,10,53227.52796575039,820.922621148868,GA,GEORGIA,0.1944384,10349475.37361576
1627,2054,12,0.0,0.0,ID,IDAHO,0.1944384,0.0
1628,2054,13,2888991.7302235547,43371.50011148021,IL,ILLINOIS,0.1944384,561730929.6378996
1629,2054,14,2397942.9191512708,24917.45382832759,IN,INDIANA,0.1944384,466252184.4911025
1630,2054,15,4054748.587361339,43875.742438531146,IA,IOWA,0.1944384,788398827.728799
1631,2054,16,763037.0841227374,7691.441707042051,KS,KANSAS,0.1944384,148363709.77749047
1632,2054,17,798838.0448291603,5620.048798425265,KY,KENTUCKY,0.1944384,155324791.2957102
1633,2054,18,50706.206422670686,2093.634691940539,LA,LOUISIANA,0.1944384,9859233.646893812
1634,2054,19,0.0,0.0,ME,MAINE,0.1944384,0.0
1635,2054,20,330641.0735996307,1409.2918232082022,MD,MARYLAND,0.1944384,64289321.32499443
1636,2054,21,0.0,0.0,MA,MASSACHUSETTS,0.1944384,0.0
1637,2054,22,189859.208430498,2589.420765340483,MI,MICHIGAN,0.1944384,36915920.71249255
1638,2054,23,1651159.9907481142,17581.293190784276,MN,MINNESOTA,0.1944384,321048906.74507815
1639,2054,24,307431.51572809566,5371.568015934672,MS,MISSISSIPPI,0.1944384,59776492.02774575
1640,2054,25,2730125.393982049,25080.37575879685,MO,MISSOURI,0.1944384,530841213.4052393
1641,2054,26,225911.5077231344,7579.623766670727,MT,MONTANA,0.1944384,43925872.1032739
1642,2054,27,719770.8007975738,12837.304614485956,NE,NEBRASKA,0.1944384,139951082.873799
1643,2054,28,0.0,0.0,NV,NEVADA,0.1944384,0.0
1644,2054,29,0.0,0.0,NH,NEW HAMPSHIRE,0.1944384,0.0
1645,2054,30,124300.85251010026,1074.3649873915233,NJ,NEW JERSEY,0.1944384,24168858.88069988
1646,2054,31,0.0,0.0,NM,NEW MEXICO,0.1944384,0.0
1647,2054,32,0.0,0.0,NY,NEW YORK,0.1944384,0.0
1648,2054,33,6121.801218983797,76.93580485558412,NC,NORTH CAROLINA,0.1944384,1190313.2341372592
1649,2054,34,0.0,0.0,ND,NORTH DAKOTA,0.1944384,0.0
1650,2054,35,3069963.227406089,21754.074678978923,OH,OHIO,0.1944384,596918737.9956762
1651,2054,36,32132.26841067147,1412.0329628124873,OK,OKLAHOMA,0.1944384,6247746.858141503
1652,2054,37,0.0,0.0,OR,OREGON,0.1944384,0.0
1653,2054,38,87014.84484437955,935.1489369575224,PA,PENNSYLVANIA,0.1944384,16919027.20778941
1654,2054,39,0.0,0.0,RI,RHODE ISLAND,0.1944384,0.0
1655,2054,40,9068.397973276857,190.3999507763101,SC,SOUTH CAROLINA,0.1944384,1763244.792487195
1656,2054,41,1262204.7747445442,11842.431861754194,SD,SOUTH DAKOTA,0.1944384,245421076.87368962
1657,2054,42,562284.683848411,3473.472612465276,TN,TENNESSEE,0.1944384,109329734.27199088
1658,2054,43,5135.753306280305,413.00538704276767,TX,TEXAS,0.1944384,998587.6556678525
1659,2054,44,0.0,0.0,UT,UTAH,0.1944384,0.0
1660,2054,45,0.0,0.0,VT,VERMONT,0.1944384,0.0
1661,2054,46,70013.96837051451,302.95818697388825,VA,VIRGINIA,0.1944384,13613403.987613449
1662,2054,47,0.0,0.0,WA,WASHINGTON,0.1944384,0.0
1663,2054,48,21285.533683926347,114.87686926833447,WV,WEST VIRGINIA,0.1944384,4138725.112648745
1664,2054,49,122404.8873626967,1655.2716524250343,WI,WISCONSIN,0.1944384,23800210.450982966
1665,2054,50,457193.1804020809,14706.336983225205,WY,WYOMING,0.1944384,88895910.48829196
1666,2055,0,805569.1414335864,4633.384287767093,AL,ALABAMA,0.198606,159990864.90355885
1667,2055,2,0.0,0.0,AZ,ARIZONA,0.198606,0.0
1668,2055,3,74058.7219861941,2409.669719979135,AR,ARKANSAS,0.198606,14708506.538790066
1669,2055,4,0.0,0.0,CA,CALIFORNIA,0.198606,0.0
1670,2055,5,49876.01809001433,1566.8096164410333,CO,COLORADO,0.198606,9905676.448785387
1671,2055,6,0.0,0.0,CT,CONNECTICUT,0.198606,0.0
1672,2055,7,3602.0612136300783,41.75313427354747,DE,DELAWARE,0.198606,715390.9693942154
1673,2055,8,0.0,0.0,DC,DISTRICT OF COLUMBIA,0.198606,0.0
1674,2055,9,63177.94282350855,544.7695427984755,FL,FLORIDA,0.198606,12547518.51240574
1675,2055,10,221776.3261651276,1826.984748432744,GA,GEORGIA,0.198606,44046109.034351334
1676,2055,12,0.0,0.0,ID,IDAHO,0.198606,0.0
1677,2055,13,1749.845009530346,74.42857058041393,IL,ILLINOIS,0.198606,347529.71796278394
1678,2055,14,43701.58438753581,775.0342800917153,IN,INDIANA,0.198606,8679396.868870938
1679,2055,15,202146.2808273649,4213.069378438311,IA,IOWA,0.198606,40147464.249999635
1680,2055,16,1503.1130288807071,74.06888393725364,KS,KANSAS,0.198606,298527.2662138817
1681,2055,17,52753.80057395867,842.7201252956772,KY,KENTUCKY,0.198606,10477221.316791637
1682,2055,18,652273.3350553007,10698.33613531814,LA,LOUISIANA,0.198606,129545397.98199305
1683,2055,19,0.0,0.0,ME,MAINE,0.198606,0.0
1684,2055,20,266470.89054753585,1200.816531591754,MD,MARYLAND,0.198606,52922717.6880839
1685,2055,21,0.0,0.0,MA,MASSACHUSETTS,0.198606,0.0
1686,2055,22,0.0,0.0,MI,MICHIGAN,0.198606,0.0
1687,2055,23,215658.43543431588,3869.533439319714,MN,MINNESOTA,0.198606,42831059.227867745
1688,2055,24,474918.51576820016,5388.600961372531,MS,MISSISSIPPI,0.198606,94321666.74265917
1689,2055,25,36510.36805274445,579.4778034496442,MO,MISSOURI,0.198606,7251178.157483365
1690,2055,26,431591.4883408514,16176.160443564271,MT,MONTANA,0.198606,85716659.13342313
1691,2055,27,30750.80641035876,1422.3894033217607,NE,NEBRASKA,0.198606,6107294.6579357125
1692,2055,28,0.0,0.0,NV,NEVADA,0.198606,0.0
1693,2055,29,0.0,0.0,NH,NEW HAMPSHIRE,0.198606,0.0
1694,2055,30,23650.92093665293,261.71423611378407,NJ,NEW JERSEY,0.198606,4697214.803544892
1695,2055,31,0.0,0.0,NM,NEW MEXICO,0.198606,0.0
1696,2055,32,3455.0043324334183,45.81291654449571,NY,NEW YORK,0.198606,686184.5904472715
1697,2055,33,820123.8221344033,6450.560202089651,NC,NORTH CAROLINA,0.198606,162881511.8188253
1698,2055,34,181.88467012773967,3.081830523622397,ND,NORTH DAKOTA,0.198606,36123.386795389866
1699,2055,35,474340.5167614302,7366.921390832327,OH,OHIO,0.198606,94206872.67192061
1700,2055,36,472.2094305384161,15.25010895154503,OK,OKLAHOMA,0.198606,93783.62616151267
1701,2055,37,0.0,0.0,OR,OREGON,0.198606,0.0
1702,2055,38,67127.16900259505,1260.7444466288848,PA,PENNSYLVANIA,0.198606,13331858.526929393
1703,2055,39,0.0,0.0,RI,RHODE ISLAND,0.198606,0.0
1704,2055,40,1434925.103299738,8613.805159295238,SC,SOUTH CAROLINA,0.198606,284984735.0659478
1705,2055,41,187663.10356102767,4447.341193511732,SD,SOUTH DAKOTA,0.198606,37271018.34584146
1706,2055,42,410431.23279642174,2907.711049602858,TN,TENNESSEE,0.198606,81514105.42076614
1707,2055,43,2798.868348059276,132.12619668334736,TX,TEXAS,0.198606,555872.0471346605
1708,2055,44,0.0,0.0,UT,UTAH,0.198606,0.0
1709,2055,45,5511.889484295058,129.78309039699602,VT,VERMONT,0.198606,1094694.3229179042
1710,2055,46,47077.9814288935,300.0008254356869,VA,VIRGINIA,0.198606,9349969.579666823
1711,2055,47,0.0,0.0,WA,WASHINGTON,0.198606,0.0
1712,2055,48,1075.531874909729,16.072228558004568,WV,WEST VIRGINIA,0.198606,213607.08354832165
1713,2055,49,6008.381079271462,182.4760172017963,WI,WISCONSIN,0.198606,1193300.532629788
1714,2055,50,505123.2574788597,16946.749799557834,WY,WYOMING,0.198606,100320509.67484641
