Year,state_id,Production_Loss(ton),Area_Loss(km^2),State_Code,State_Name,Price,Financial_Loss($)
2021,0,13112.297586044604,175.1824089039318,AL,ALABAMA,0.069494,911226.0084445837
2021,2,0.0,0.0,AZ,ARIZONA,0.069494,0.0
2021,3,38816.99673636525,623.2531652364124,AR,ARKANSAS,0.069494,2697548.371196966
2021,4,2273.531899589732,205.63025005833043,CA,CALIFORNIA,0.069494,157996.8258300888
2021,5,402981.8768995801,14173.743426123325,CO,COLORADO,0.069494,28004822.55325942
2021,6,0.0,0.0,CT,CONNECTICUT,0.069494,0.0
2021,7,11981.228367758087,151.40049950796907,DE,DELAWARE,0.069494,832623.4841889805
2021,8,0.0,0.0,DC,DISTRICT OF COLUMBIA,0.069494,0.0
2021,9,893.1909859010178,8.908289240245132,FL,FLORIDA,0.069494,62071.41437420533
2021,10,43927.14928624206,530.1788500584269,GA,GEORGIA,0.069494,3052673.312498105
2021,12,87659.23424585594,2627.653970139826,ID,IDAHO,0.069494,6091790.824681513
2021,13,116078.3040111162,1773.221928064066,IL,ILLINOIS,0.069494,8066745.658948509
2021,14,129544.87055028883,1210.9603006692862,IN,INDIANA,0.069494,9002591.234021772
2021,15,1084.7165040507498,5.160041100639552,IA,IOWA,0.069494,75381.28873250281
2021,16,8401986.340320863,43608.01801675456,KS,KANSAS,0.069494,583887638.734258
2021,17,25546.197030508123,936.1593772993548,KY,KENTUCKY,0.069494,1775307.4164381316
2021,18,7029.692270051318,107.67031050856149,LA,LOUISIANA,0.069494,488521.4346149463
2021,19,0.0,0.0,ME,MAINE,0.069494,0.0
2021,20,28954.197895651,380.6786517755804,MD,MARYLAND,0.069494,2012143.0285603704
2021,21,0.0,0.0,MA,MASSACHUSETTS,0.069494,0.0
2021,22,48452.897829417736,128.7061750154208,MI,MICHIGAN,0.069494,3367185.6817575563
2021,23,1677298.439979521,6419.620852838052,MN,MINNESOTA,0.069494,116562177.78793684
2021,24,7319.410956245105,83.37209358658961,MS,MISSISSIPPI,0.069494,508655.1449932973
2021,25,54363.61528794945,915.5924395699026,MO,MISSOURI,0.069494,3777945.0808207593
2021,26,6554572.30044011,37963.88981997504,MT,MONTANA,0.069494,455503447.44678503
2021,27,1473542.4092634916,7634.275878448735,NE,NEBRASKA,0.069494,102402356.18935709
2021,28,521.6452074727758,1077.1908557754205,NV,NEVADA,0.069494,36251.212048113084
2021,29,0.0,0.0,NH,NEW HAMPSHIRE,0.069494,0.0
2021,30,3113.3219653997844,51.52671779936279,NJ,NEW JERSEY,0.069494,216357.19666349262
2021,31,45083.1615899192,1237.64710383156,NM,NEW MEXICO,0.069494,3133009.2315298445
2021,32,50.101893558120246,0.311148585954152,NY,NEW YORK,0.069494,3481.7809909280086
2021,33,51578.02140397288,1073.8668390877624,NC,NORTH CAROLINA,0.069494,3584363.0194476913
2021,34,9756278.151330717,39583.85827306604,ND,NORTH DAKOTA,0.069494,678002793.8485769
2021,35,294416.349857317,2314.928844349337,OH,OHIO,0.069494,20460169.816984385
2021,36,4261378.923785368,25502.248702295128,OK,OKLAHOMA,0.069494,296140266.92954034
2021,37,1410578.7938276343,6582.653534024311,OR,OREGON,0.069494,98026762.69825763
2021,38,4025.574656167192,157.635442492623,PA,PENNSYLVANIA,0.069494,279753.2851556829
2021,39,0.0,0.0,RI,RHODE ISLAND,0.069494,0.0
2021,40,18877.131357408714,660.2259378746132,SC,SOUTH CAROLINA,0.069494,1311847.366551761
2021,41,2876929.6369143105,16280.605555889731,SD,SOUTH DAKOTA,0.069494,199929348.1877231
2021,42,26354.66541802801,399.5252411719923,TN,TENNESSEE,0.069494,1831491.1185604385
2021,43,1988331.1291786137,11217.9637330329,TX,TEXAS,0.069494,138177083.49113858
2021,44,0.0,0.0,UT,UTAH,0.069494,0.0
2021,45,0.0,0.0,VT,VERMONT,0.069494,0.0
2021,46,13450.69385799063,290.7199028920061,VA,VIRGINIA,0.069494,934742.5189672009
2021,47,857505.6164972219,13628.048735381082,WA,WASHINGTON,0.069494,59591495.31285793
2021,48,194.4973755605824,6.465521343425645,WV,WEST VIRGINIA,0.069494,13516.400617207115
2021,49,42036.89483671392,193.50201624191703,WI,WISCONSIN,0.069494,2921311.969782597
2021,50,72347.44949194441,1908.7493324310128,WY,WYOMING,0.069494,5027713.654993186
2022,0,8661.088573395575,80.32891779547073,AL,ALABAMA,0.0683717,592173.3496136301
2022,2,0.0,0.0,AZ,ARIZONA,0.0683717,0.0
2022,3,110236.20244728046,1032.2167829352634,AR,ARKANSAS,0.0683717,7537036.5628647255
2022,4,2126.6273204932886,185.9569430764577,CA,CALIFORNIA,0.0683717,145401.125168571
2022,5,207074.7980134198,9944.727480119058,CO,COLORADO,0.0683717,14158055.96733413
2022,6,0.0,0.0,CT,CONNECTICUT,0.0683717,0.0
2022,7,837.4366939342915,36.64150538554063,DE,DELAWARE,0.0683717,57256.97040666719
2022,8,0.0,0.0,DC,DISTRICT OF COLUMBIA,0.0683717,0.0
2022,9,330.7615004032988,2.056002051758541,FL,FLORIDA,0.0683717,22614.726077124218
2022,10,4752.69111267387,131.76457445506765,GA,GEORGIA,0.0683717,324949.57094840397
2022,12,65370.10068172021,2010.380814056519,ID,IDAHO,0.0683717,4469464.912780369
2022,13,30954.03872295473,640.8123382612717,IL,ILLINOIS,0.0683717,2116380.2493542437
2022,14,14716.876844788854,205.62376222454097,IN,INDIANA,0.0683717,1006217.88856885
2022,15,0.0,0.0,IA,IOWA,0.0683717,0.0
2022,16,3545383.318761249,16011.285418140214,KS,KANSAS,0.0683717,242403884.65534848
2022,17,18520.01062275723,764.6742961676956,KY,KENTUCKY,0.0683717,1266244.6102959705
2022,18,64646.86083295301,485.1230613924705,LA,LOUISIANA,0.0683717,4420015.774812413
2022,19,0.0,0.0,ME,MAINE,0.0683717,0.0
2022,20,4377.443648445256,102.67247912249312,MD,MARYLAND,0.0683717,299293.2638984045
2022,21,0.0,0.0,MA,MASSACHUSETTS,0.0683717,0.0
2022,22,62955.082599041496,164.85940094864833,MI,MICHIGAN,0.0683717,4304346.020936885
2022,23,761090.7773707395,2832.1137183793144,MN,MINNESOTA,0.0683717,52037070.30315898
2022,24,48321.8656530264,352.07656713376934,MS,MISSISSIPPI,0.0683717,3303848.1018690243
2022,25,1981.7473049705652,45.78700474235781,MO,MISSOURI,0.0683717,135495.43221125597
2022,26,1967307.7536389332,19834.74885061268,MT,MONTANA,0.0683717,134508175.53947502
2022,27,648359.9284687787,3934.903500351993,NE,NEBRASKA,0.0683717,44329470.5212888
2022,28,364.0508934900001,751.7605604088016,NV,NEVADA,0.0683717,24890.778474430237
2022,29,0.0,0.0,NH,NEW HAMPSHIRE,0.0683717,0.0
2022,30,483.777149052604,33.544427625789524,NJ,NEW JERSEY,0.0683717,33076.66610187992
2022,31,7653.094681780189,375.186730860436,NM,NEW MEXICO,0.0683717,523255.09365427046
2022,32,0.0,0.0,NY,NEW YORK,0.0683717,0.0
2022,33,28469.53273314682,353.9711644797544,NC,NORTH CAROLINA,0.0683717,1946510.3511708942
2022,34,3585562.333841064,16111.990856231278,ND,NORTH DAKOTA,0.0683717,245150992.22068104
2022,35,68907.28013262668,774.4816272994556,OH,OHIO,0.0683717,4711307.885043912
2022,36,629593.4644034178,3050.593381255034,OK,OKLAHOMA,0.0683717,43046375.470151156
2022,37,1366696.3984861758,6402.4625063652165,OR,OREGON,0.0683717,93443356.14837725
2022,38,576.2253893718996,35.55421938438003,PA,PENNSYLVANIA,0.0683717,39397.50945451871
2022,39,0.0,0.0,RI,RHODE ISLAND,0.0683717,0.0
2022,40,9767.942604211485,154.25574008626256,SC,SOUTH CAROLINA,0.0683717,667850.8413523664
2022,41,814387.4843643121,5113.0677157072805,SD,SOUTH DAKOTA,0.0683717,55681056.76471144
2022,42,22290.62216580077,332.15457566265627,TN,TENNESSEE,0.0683717,1524047.7315334806
2022,43,865083.024554946,7217.235885112932,TX,TEXAS,0.0683717,59147197.02996339
2022,44,0.0,0.0,UT,UTAH,0.0683717,0.0
2022,45,0.0,0.0,VT,VERMONT,0.0683717,0.0
2022,46,2892.362779800592,47.03488363724552,VA,VIRGINIA,0.0683717,197755.76027169212
2022,47,1022183.9038178565,16211.535604208544,WA,WASHINGTON,0.0683717,69888451.21666333
2022,48,42.27885381598241,3.2075353942850464,WV,WEST VIRGINIA,0.0683717,2890.677109450204
2022,49,11423.79766333831,67.33935543995618,WI,WISCONSIN,0.0683717,781064.4666984678
2022,50,49236.07980118063,1415.224773325695,WY,WYOMING,0.0683717,3366354.4773423816
2023,0,0.0,0.0,AL,ALABAMA,0.0672494,0.0
2023,2,0.0,0.0,AZ,ARIZONA,0.0672494,0.0
2023,3,598.3452233403032,7.391107815185593,AR,ARKANSAS,0.0672494,40238.357262501384
2023,4,382.0194880644826,37.578025764156855,CA,CALIFORNIA,0.0672494,25690.581360643613
2023,5,154080.70529763532,6219.451279200917,CO,COLORADO,0.0672494,10361834.982842797
2023,6,0.0,0.0,CT,CONNECTICUT,0.0672494,0.0
2023,7,71.45608055568293,3.8664346794704874,DE,DELAWARE,0.0672494,4805.378543721344
2023,8,0.0,0.0,DC,DISTRICT OF COLUMBIA,0.0672494,0.0
2023,9,0.0,0.0,FL,FLORIDA,0.0672494,0.0
2023,10,0.0,0.0,GA,GEORGIA,0.0672494,0.0
2023,12,22105.140890455725,745.2737342323338,ID,IDAHO,0.0672494,1486557.4617986134
2023,13,822.2042315373143,7.667392495666734,IL,ILLINOIS,0.0672494,55292.74124834546
2023,14,28003.034173267413,351.3745126619431,IN,INDIANA,0.0672494,1883187.2463317297
2023,15,0.0,0.0,IA,IOWA,0.0672494,0.0
2023,16,6742200.819084594,31735.78634019485,KS,KANSAS,0.0672494,453408959.7629475
2023,17,1069.7484650145402,24.002351363983166,KY,KENTUCKY,0.0672494,71939.94242314881
2023,18,0.0,0.0,LA,LOUISIANA,0.0672494,0.0
2023,19,0.0,0.0,ME,MAINE,0.0672494,0.0
2023,20,0.0,0.0,MD,MARYLAND,0.0672494,0.0
2023,21,0.0,0.0,MA,MASSACHUSETTS,0.0672494,0.0
2023,22,777.9400737394034,2.864915821426033,MI,MICHIGAN,0.0672494,52316.003194930636
2023,23,576552.6850321072,2096.1138581516625,MN,MINNESOTA,0.0672494,38772822.13679819
2023,24,0.0,0.0,MS,MISSISSIPPI,0.0672494,0.0
2023,25,21724.73031127386,320.1346379223797,MO,MISSOURI,0.0672494,1460975.0785949803
2023,26,3938259.931215529,28040.451560447484,MT,MONTANA,0.0672494,264845617.4182856
2023,27,640585.6719148186,3483.71563430675,NE,NEBRASKA,0.0672494,43079002.084868394
2023,28,212.6605580943246,439.1414035472746,NV,NEVADA,0.0672494,14301.294935508473
2023,29,0.0,0.0,NH,NEW HAMPSHIRE,0.0672494,0.0
2023,30,0.0,0.0,NJ,NEW JERSEY,0.0672494,0.0
2023,31,48615.324961860126,1317.9719003983305,NM,NEW MEXICO,0.0672494,3269351.4344901163
2023,32,47.7092972840142,0.3111796639265959,NY,NEW YORK,0.0672494,3208.4216167715845
2023,33,359.34211415029336,11.07550123798568,NC,NORTH CAROLINA,0.0672494,24165.541571338737
2023,34,3645153.507414772,16195.110197051892,ND,NORTH DAKOTA,0.0672494,245134386.28153896
2023,35,102674.25713583216,821.2129882750304,OH,OHIO,0.0672494,6904782.187830431
2023,36,1661690.5847553026,10269.761763890374,OK,OKLAHOMA,0.0672494,111747694.81044325
2023,37,1254173.4125944786,6358.1510401269525,OR,OREGON,0.0672494,84342409.49293113
2023,38,1027.3076024031716,17.2044215462744,PA,PENNSYLVANIA,0.0672494,69085.81987705185
2023,39,0.0,0.0,RI,RHODE ISLAND,0.0672494,0.0
2023,40,0.0,0.0,SC,SOUTH CAROLINA,0.0672494,0.0
2023,41,1245267.6113976417,7613.59126639324,SD,SOUTH DAKOTA,0.0672494,83743499.70592457
2023,42,0.0,0.0,TN,TENNESSEE,0.0672494,0.0
2023,43,1898254.032063256,12057.773788463082,TX,TEXAS,0.0672494,127656444.70383473
2023,44,0.0,0.0,UT,UTAH,0.0672494,0.0
2023,45,0.0,0.0,VT,VERMONT,0.0672494,0.0
2023,46,24.887518111945543,4.421252222906064,VA,VIRGINIA,0.0672494,1673.6706605174704
2023,47,956237.0459140864,16017.493327551154,WA,WASHINGTON,0.0672494,64306367.59549476
2023,48,0.0,0.0,WV,WEST VIRGINIA,0.0672494,0.0
2023,49,3687.255116082929,10.282184548718478,WI,WISCONSIN,0.0672494,247965.69420350733
2023,50,6556.7880169679365,153.0727195616798,WY,WYOMING,0.0672494,440940.0600682835
2024,0,7987.43990064215,65.39462954331151,AL,ALABAMA,0.0661271,528186.2370537535
2024,2,0.0,0.0,AZ,ARIZONA,0.0661271,0.0
2024,3,105148.8367046924,740.7801398628192,AR,ARKANSAS,0.0661271,6953187.639654864
2024,4,5211.679467849475,533.768762794652,CA,CALIFORNIA,0.0661271,344633.249338429
2024,5,331697.646996052,11956.782557790444,CO,COLORADO,0.0661271,21934203.47267263
2024,6,0.0,0.0,CT,CONNECTICUT,0.0661271,0.0
2024,7,0.0,0.0,DE,DELAWARE,0.0661271,0.0
2024,8,0.0,0.0,DC,DISTRICT OF COLUMBIA,0.0661271,0.0
2024,9,292.035428591778,1.8396493409134191,FL,FLORIDA,0.0661271,19311.45599003136
2024,10,300.1396561669406,2.9960594470016986,GA,GEORGIA,0.0661271,19847.365057316896
2024,12,16923.040073050124,584.8569791124642,ID,IDAHO,0.0661271,1119071.5632145926
2024,13,11024.036385613688,52.47585293433375,IL,ILLINOIS,0.0661271,728987.5564751148
2024,14,52560.58274278813,240.9423224278609,IN,INDIANA,0.0661271,3475678.9110906245
2024,15,0.0,0.0,IA,IOWA,0.0661271,0.0
2024,16,10828190.770309746,43490.54542034019,KS,KANSAS,0.0661271,716036853.8873495
2024,17,2222.995548327145,63.71492541092941,KY,KENTUCKY,0.0661271,147000.24892378395
2024,18,40543.74677847073,262.4541102470232,LA,LOUISIANA,0.0661271,2681040.3975946116
2024,19,0.0,0.0,ME,MAINE,0.0661271,0.0
2024,20,0.0,0.0,MD,MARYLAND,0.0661271,0.0
2024,21,0.0,0.0,MA,MASSACHUSETTS,0.0661271,0.0
2024,22,0.0,0.0,MI,MICHIGAN,0.0661271,0.0
2024,23,748328.7444933773,3536.675494233859,MN,MINNESOTA,0.0661271,49484809.71998801
2024,24,6546.22464944714,33.117006533520254,MS,MISSISSIPPI,0.0661271,432882.85201645596
2024,25,11905.295476702724,106.99603552224968,MO,MISSOURI,0.0661271,787262.6645174687
2024,26,7020280.387341792,40328.719255491065,MT,MONTANA,0.0661271,464230783.2017894
2024,27,1130584.8602461554,5291.287400353498,NE,NEBRASKA,0.0661271,74762298.11198354
2024,28,243.5614039022168,505.9518051494522,NV,NEVADA,0.0661271,16106.009311982278
2024,29,0.0,0.0,NH,NEW HAMPSHIRE,0.0661271,0.0
2024,30,0.0,0.0,NJ,NEW JERSEY,0.0661271,0.0
2024,31,12112.90522537678,455.97038616408406,NM,NEW MEXICO,0.0661271,800991.2951290129
2024,32,0.0,0.0,NY,NEW YORK,0.0661271,0.0
2024,33,18164.29000156447,109.69064411083602,NC,NORTH CAROLINA,0.0661271,1201151.8213624537
2024,34,4160434.186829437,17558.10234876172,ND,NORTH DAKOTA,0.0661271,275117447.51588887
2024,35,68202.98438181204,503.2137201605684,OH,OHIO,0.0661271,4510065.568514522
2024,36,7984106.862693077,32614.730724997844,OK,OKLAHOMA,0.0661271,527965832.9199913
2024,37,982098.0693157607,5052.985078164978,OR,OREGON,0.0661271,64943297.23945024
2024,38,0.0,0.0,PA,PENNSYLVANIA,0.0661271,0.0
2024,39,0.0,0.0,RI,RHODE ISLAND,0.0661271,0.0
2024,40,49173.920503966525,251.88344218481325,SC,SOUTH CAROLINA,0.0661271,3251728.7585578444
2024,41,152341.2522837075,1293.800317027269,SD,SOUTH DAKOTA,0.0661271,10073885.223889953
2024,42,13523.111866307989,130.51757090820496,TN,TENNESSEE,0.0661271,894244.1706945349
2024,43,5228610.522577683,30688.66900251113,TX,TEXAS,0.0661271,345752850.8875467
2024,44,0.0,0.0,UT,UTAH,0.0661271,0.0
2024,45,0.0,0.0,VT,VERMONT,0.0661271,0.0
2024,46,0.0,0.0,VA,VIRGINIA,0.0661271,0.0
2024,47,506729.1489829885,7476.195072581257,WA,WASHINGTON,0.0661271,33508529.107712973
2024,48,0.0,0.0,WV,WEST VIRGINIA,0.0661271,0.0
2024,49,7746.580038422978,16.953486845239574,WI,WISCONSIN,0.0661271,512258.87285880005
2024,50,19695.34151443897,403.91088950352326,WY,WYOMING,0.0661271,1302395.8178594569
2025,0,8161.9739199113055,168.45593256136684,AL,ALABAMA,0.0650048,530567.4822690504
2025,2,0.0,0.0,AZ,ARIZONA,0.0650048,0.0
2025,3,191684.08087945703,1242.3563999355615,AR,ARKANSAS,0.0650048,12460385.340752928
2025,4,4137.173824639085,380.406619072034,CA,CALIFORNIA,0.0650048,268936.1570358988
2025,5,409457.86903715134,14497.701863765513,CO,COLORADO,0.0650048,26616726.885186214
2025,6,0.0,0.0,CT,CONNECTICUT,0.0650048,0.0
2025,7,17075.900759945078,205.43671069583849,DE,DELAWARE,0.0650048,1110015.513720078
2025,8,0.0,0.0,DC,DISTRICT OF COLUMBIA,0.0650048,0.0
2025,9,907.1502776099048,11.79097426367414,FL,FLORIDA,0.0650048,58969.12236597635
2025,10,65157.35377973732,788.5288172458224,GA,GEORGIA,0.0650048,4235540.750981069
2025,12,97446.26608569582,2903.077976436205,ID,IDAHO,0.0650048,6334475.03764744
2025,13,15509.359515463277,83.27682418426892,IL,ILLINOIS,0.0650048,1008182.8134307872
2025,14,14146.00762113251,140.15716212344023,IN,INDIANA,0.0650048,919558.3962101946
2025,15,4.088544800565732,0.2641685590571747,IA,IOWA,0.0650048,265.7750370518153
2025,16,6893891.932534834,28295.90433999982,KS,KANSAS,0.0650048,448136066.29604036
2025,17,18526.050838912608,501.551729185258,KY,KENTUCKY,0.0650048,1204282.2295733462
2025,18,107523.71119275808,569.3779337183075,LA,LOUISIANA,0.0650048,6989557.3413430005
2025,19,0.0,0.0,ME,MAINE,0.0650048,0.0
2025,20,23638.787974526476,291.4842405139772,MD,MARYLAND,0.0650048,1536634.6845264987
2025,21,0.0,0.0,MA,MASSACHUSETTS,0.0650048,0.0
2025,22,32554.67060966215,159.90679974581823,MI,MICHIGAN,0.0650048,2116209.852046966
2025,23,125818.05737131504,708.6768165903866,MN,MINNESOTA,0.0650048,8178777.65581086
2025,24,20019.22232099745,130.95266881114645,MS,MISSISSIPPI,0.0650048,1301345.543131975
2025,25,7070.795060020793,96.8485409259831,MO,MISSOURI,0.0650048,459635.61871763965
2025,26,7654348.582898699,44340.46200716937,MT,MONTANA,0.0650048,497569398.76161337
2025,27,1419228.636522557,7019.430983735994,NE,NEBRASKA,0.0650048,92256673.6714215
2025,28,361.4327829367298,747.672079968865,NV,NEVADA,0.0650048,23494.865768245534
2025,29,0.0,0.0,NH,NEW HAMPSHIRE,0.0650048,0.0
2025,30,1272.8886616151865,35.25395422355715,NJ,NEW JERSEY,0.0650048,82743.87287056289
2025,31,2987.377052787857,88.54872750735382,NM,NEW MEXICO,0.0650048,194193.84784106407
2025,32,168.555091892073,1.2852973172930509,NY,NEW YORK,0.0650048,10956.890037425826
2025,33,23637.721696184268,679.8588014379769,NC,NORTH CAROLINA,0.0650048,1536565.371316119
2025,34,5217722.674941868,21753.44780251279,ND,NORTH DAKOTA,0.0650048,339177018.94006115
2025,35,46930.0447926329,409.5111192149393,OH,OHIO,0.0650048,3050678.1757361433
2025,36,669144.1030165228,3207.8304518652367,OK,OKLAHOMA,0.0650048,43497578.587768465
2025,37,1870546.747807264,8344.473583485973,OR,OREGON,0.0650048,121594517.23186164
2025,38,241.66835162526016,19.42398517384186,PA,PENNSYLVANIA,0.0650048,15709.602863729713
2025,39,0.0,0.0,RI,RHODE ISLAND,0.0650048,0.0
2025,40,26688.46453177248,426.7885679465752,SC,SOUTH CAROLINA,0.0650048,1734878.2991949636
2025,41,2433836.0204479825,12237.618649632472,SD,SOUTH DAKOTA,0.0650048,158211023.742017
2025,42,35452.660337568435,544.4641172765885,TN,TENNESSEE,0.0650048,2304593.0947115687
2025,43,307685.3453301522,3421.22308687653,TX,TEXAS,0.0650048,20001024.33611748
2025,44,0.0,0.0,UT,UTAH,0.0650048,0.0
2025,45,0.0,0.0,VT,VERMONT,0.0650048,0.0
2025,46,7642.108169735684,176.31049169558568,VA,VIRGINIA,0.0650048,496773.7131520342
2025,47,1180289.9504439847,17723.742719654918,WA,WASHINGTON,0.0650048,76724512.17062114
2025,48,0.0,0.0,WV,WEST VIRGINIA,0.0650048,0.0
2025,49,22645.028382681056,87.10597890406186,WI,WISCONSIN,0.0650048,1472035.5410105055
2025,50,35444.45828549115,1271.2702773465462,WY,WYOMING,0.0650048,2304059.9219566947
2026,0,8643.836049460157,158.23130193683673,AL,ALABAMA,0.06521476,563705.6934448922
2026,2,0.0,0.0,AZ,ARIZONA,0.06521476,0.0
2026,3,62825.439696038506,887.3827961129216,AR,ARKANSAS,0.06521476,4097145.971671624
2026,4,2033.038140563653,180.673684226774,CA,CALIFORNIA,0.06521476,132584.0944077049
2026,5,96870.67361634296,4853.919486807465,CO,COLORADO,0.06521476,6317397.730928138
2026,6,0.0,0.0,CT,CONNECTICUT,0.06521476,0.0
2026,7,42697.1430036648,223.3800416496783,DE,DELAWARE,0.06521476,2784483.933669679
2026,8,0.0,0.0,DC,DISTRICT OF COLUMBIA,0.06521476,0.0
2026,9,94.43658820172006,1.127942739212731,FL,FLORIDA,0.06521476,6158.6594347940045
2026,10,65540.13272729688,593.714558469945,GA,GEORGIA,0.06521476,4274184.026178811
2026,12,62790.53154705218,2016.4318801328757,ID,IDAHO,0.06521476,4094869.445113437
2026,13,10241.560128603309,93.69418796702108,IL,ILLINOIS,0.06521476,667900.8858124339
2026,14,68077.39503374425,666.3654482130635,IN,INDIANA,0.06521476,4439650.9785508225
2026,15,45.4699700016997,0.7346718941659949,IA,IOWA,0.06521476,2965.3131808680455
2026,16,4410240.119582801,36642.98252352048,KS,KANSAS,0.06521476,287612750.9409636
2026,17,31910.407474744112,963.867480351994,KY,KENTUCKY,0.06521476,2081029.5649676432
2026,18,7681.2527225885215,198.61258989904536,LA,LOUISIANA,0.06521476,500931.05280295695
2026,19,0.0,0.0,ME,MAINE,0.06521476,0.0
2026,20,67361.38230462807,441.80650702668936,MD,MARYLAND,0.06521476,4392956.380264566
2026,21,0.0,0.0,MA,MASSACHUSETTS,0.06521476,0.0
2026,22,44082.70635725674,131.80427146098148,MI,MICHIGAN,0.06521476,2874843.1152389725
2026,23,408959.6088291602,2630.835945116492,MN,MINNESOTA,0.06521476,26670202.739487562
2026,24,11166.836812512827,196.31644020495244,MS,MISSISSIPPI,0.06521476,728242.582687189
2026,25,5946.988024864873,143.64372633776375,MO,MISSOURI,0.06521476,387831.3967644367
2026,26,4286070.909041929,28207.79510940767,MT,MONTANA,0.06521476,279515085.6761512
2026,27,429108.6222340598,3634.2410545620255,NE,NEBRASKA,0.06521476,27984215.812924873
2026,28,297.03500355886734,617.8562634771715,NV,NEVADA,0.06521476,19371.06646869068
2026,29,0.0,0.0,NH,NEW HAMPSHIRE,0.06521476,0.0
2026,30,2071.5408201033024,27.435574656390354,NJ,NEW JERSEY,0.06521476,135095.03741324003
2026,31,1202.3874300897337,62.15239061059111,NM,NEW MEXICO,0.06521476,78413.40768031876
2026,32,0.0,0.0,NY,NEW YORK,0.06521476,0.0
2026,33,49065.47559358437,991.3372347062856,NC,NORTH CAROLINA,0.06521476,3199793.2151214625
2026,34,1575762.315897236,11550.460117785991,ND,NORTH DAKOTA,0.06521476,102762961.24828243
2026,35,187649.0660710084,2050.947444536589,OH,OHIO,0.06521476,12237488.808044953
2026,36,229287.4481663608,3559.915094718718,OK,OKLAHOMA,0.06521476,14952925.903181659
2026,37,1676821.5931201617,7775.355032873849,OR,OREGON,0.06521476,109353517.758149
2026,38,3330.6483571086865,109.64667515737864,PA,PENNSYLVANIA,0.06521476,217207.43325323728
2026,39,0.0,0.0,RI,RHODE ISLAND,0.06521476,0.0
2026,40,32103.510773275517,561.5343050424684,SC,SOUTH CAROLINA,0.06521476,2093622.7502365771
2026,41,25480.62830196826,339.34353787706345,SD,SOUTH DAKOTA,0.06521476,1661713.0593620674
2026,42,24618.654362308032,450.6480528837191,TN,TENNESSEE,0.06521476,1605499.6357608712
2026,43,27353.458713752498,839.4758294891635,TX,TEXAS,0.06521476,1783849.2451872777
2026,44,0.0,0.0,UT,UTAH,0.06521476,0.0
2026,45,0.0,0.0,VT,VERMONT,0.06521476,0.0
2026,46,32030.504361257957,277.9335403828786,VA,VIRGINIA,0.06521476,2088861.654598391
2026,47,1229185.9730326743,18970.229056811902,WA,WASHINGTON,0.06521476,80161068.22669232
2026,48,346.9157353656479,17.365331349938348,WV,WEST VIRGINIA,0.06521476,22624.026422094237
2026,49,9291.053671906737,36.36977418497814,WI,WISCONSIN,0.06521476,605913.8353605166
2026,50,8098.679508733738,163.28437845698753,WY,WYOMING,0.06521476,528153.4404789886
2027,0,4902.924928992644,108.23027132475636,AL,ALABAMA,0.06542472,320772.49066036363
2027,2,0.0,0.0,AZ,ARIZONA,0.06542472,0.0
2027,3,174350.25458873616,1893.1371079976984,AR,ARKANSAS,0.06542472,11406816.58839678
2027,4,2738.4963066707487,243.6596068951257,CA,CALIFORNIA,0.06542472,179165.35408496787
2027,5,197720.84515089088,7969.517745225071,CO,COLORADO,0.06542472,12935830.932160394
2027,6,0.0,0.0,CT,CONNECTICUT,0.06542472,0.0
2027,7,315.1133112075997,6.358903643988498,DE,DELAWARE,0.06542472,20616.200154030073
2027,8,0.0,0.0,DC,DISTRICT OF COLUMBIA,0.06542472,0.0
2027,9,0.0,0.0,FL,FLORIDA,0.06542472,0.0
2027,10,3299.825066433761,31.425799143073892,GA,GEORGIA,0.06542472,215890.13102041025
2027,12,101320.37643395182,3403.3578172693287,ID,IDAHO,0.06542472,6628857.258485897
2027,13,149073.0338687938,1524.9524837301055,IL,ILLINOIS,0.06542472,9753061.500416353
2027,14,121778.29620203232,929.7963594627404,IN,INDIANA,0.06542472,7967310.931095028
2027,15,2.4127403975648765,0.10255379516592,IA,IOWA,0.06542472,157.85286494337072
2027,16,1499680.281399294,7035.172929733106,KS,KANSAS,0.06542472,98116162.50007004
2027,17,14522.195908201697,589.7215679066222,KY,KENTUCKY,0.06542472,950110.6010792417
2027,18,1908.8478165280617,52.909751327518194,LA,LOUISIANA,0.06542472,124885.83391895982
2027,19,0.0,0.0,ME,MAINE,0.06542472,0.0
2027,20,2093.317222028024,20.917230622056483,MD,MARYLAND,0.06542472,136954.69312236132
2027,21,0.0,0.0,MA,MASSACHUSETTS,0.06542472,0.0
2027,22,60270.25673270773,187.5565435701424,MI,MICHIGAN,0.06542472,3943164.671065518
2027,23,1995362.7992441128,5823.696972537426,MN,MINNESOTA,0.06542472,130546052.4389623
2027,24,5379.669426906806,70.81896735673513,MS,MISSISSIPPI,0.06542472,351963.36594793823
2027,25,85768.88631364974,986.028996745358,MO,MISSOURI,0.06542472,5611405.371782367
2027,26,4942231.415939983,37074.88815840485,MT,MONTANA,0.06542472,323344106.563077
2027,27,632674.3138090109,3999.7300667223694,NE,NEBRASKA,0.06542472,41392539.832146674
2027,28,368.7888575712893,761.5443972201913,NV,NEVADA,0.06542472,24127.907745721488
2027,29,0.0,0.0,NH,NEW HAMPSHIRE,0.06542472,0.0
2027,30,1308.3535540891053,21.06871560793081,NJ,NEW JERSEY,0.06542472,85598.66493728457
2027,31,233.09542651298847,5.882556433812194,NM,NEW MEXICO,0.06542472,15250.203012892847
2027,32,1627.568123964256,19.56199247151349,NY,NEW YORK,0.06542472,106483.18879128675
2027,33,27162.4179990868,219.4930713938778,NC,NORTH CAROLINA,0.06542472,1777093.5921132143
2027,34,7303344.8974031005,32934.417970663046,ND,NORTH DAKOTA,0.06542472,477819294.97602665
2027,35,141327.85562025284,1844.6170724010776,OH,OHIO,0.06542472,9246335.38215547
2027,36,1087319.7430754944,5825.978222067279,OK,OKLAHOMA,0.06542472,71137589.74118617
2027,37,2038156.65449257,9375.152146879363,OR,OREGON,0.06542472,133345828.43631315
2027,38,1576.5960073720937,62.74388313631644,PA,PENNSYLVANIA,0.06542472,103148.35233543717
2027,39,0.0,0.0,RI,RHODE ISLAND,0.06542472,0.0
2027,40,13948.47856467118,76.88866619857197,SC,SOUTH CAROLINA,0.06542472,912575.304519614
2027,41,1446535.7094914836,8404.165096959938,SD,SOUTH DAKOTA,0.06542472,94639193.76348168
2027,42,24331.7226298763,433.16321019328205,TN,TENNESSEE,0.06542472,1591896.1401773207
2027,43,1063477.828520622,7541.363109245056,TX,TEXAS,0.06542472,69577739.15716973
2027,44,0.0,0.0,UT,UTAH,0.06542472,0.0
2027,45,0.0,0.0,VT,VERMONT,0.06542472,0.0
2027,46,4860.110972239257,87.89234671108447,VA,VIRGINIA,0.06542472,317971.3995276812
2027,47,1316434.4706516776,20525.29548971552,WA,WASHINGTON,0.06542472,86127356.64073423
2027,48,0.0,0.0,WV,WEST VIRGINIA,0.06542472,0.0
2027,49,24914.589098158693,97.56794404421711,WI,WISCONSIN,0.06542472,1630030.015662085
2027,50,40458.94344061376,969.3351988478424,WY,WYOMING,0.06542472,2647015.046097992
2028,0,20377.25698624427,168.85165111714497,AL,ALABAMA,0.06563468,1337454.741569907
2028,2,0.0,0.0,AZ,ARIZONA,0.06563468,0.0
2028,3,767978.9148363273,4023.056111751682,AR,ARKANSAS,0.06563468,50406050.3220296
2028,4,4958.993841051774,487.0983461901108,CA,CALIFORNIA,0.06563468,325481.9738794041
2028,5,238508.7988968211,8773.945993623003,CO,COLORADO,0.06563468,15654448.692777207
2028,6,0.0,0.0,CT,CONNECTICUT,0.06563468,0.0
2028,7,20157.639852385768,190.75523521912228,DE,DELAWARE,0.06563468,1323040.241266587
2028,8,0.0,0.0,DC,DISTRICT OF COLUMBIA,0.06563468,0.0
2028,9,37.904456066694905,3.266297475267677,FL,FLORIDA,0.06563468,2487.8468445115786
2028,10,86476.95360701202,793.1393916008115,GA,GEORGIA,0.06563468,5675887.17737108
2028,12,134005.6046535369,3937.114473263986,ID,IDAHO,0.06563468,8795414.979641406
2028,13,823236.362806416,2159.9030688412718,IL,ILLINOIS,0.06563468,54032855.23716302
2028,14,488362.08293153567,1425.6459083675086,IN,INDIANA,0.06563468,32053489.037344806
2028,15,367.3539054033584,0.9985618820730952,IA,IOWA,0.06563468,24111.1560278997
2028,16,13208271.83361708,62168.54575544425,KS,KANSAS,0.06563468,866920695.1524704
2028,17,202547.4262424769,1535.8448155851002,KY,KENTUCKY,0.06563468,13294135.506248575
2028,18,103912.53928271816,688.222336651937,LA,LOUISIANA,0.06563468,6820266.263808637
2028,19,0.0,0.0,ME,MAINE,0.06563468,0.0
2028,20,39975.53025335772,351.3570115235024,MD,MARYLAND,0.06563468,2623781.1360094533
2028,21,0.0,0.0,MA,MASSACHUSETTS,0.06563468,0.0
2028,22,113803.3396986082,206.5346058299566,MI,MICHIGAN,0.06563468,7469445.784049445
2028,23,2370847.2225462534,6213.6497560844655,MN,MINNESOTA,0.06563468,155609798.78071213
2028,24,62645.32812742319,336.7516054562919,MS,MISSISSIPPI,0.06563468,4111706.06513842
2028,25,314797.9664395662,2026.7946283857773,MO,MISSOURI,0.06563468,20661663.79191167
2028,26,8477361.110736817,46507.242988933474,MT,MONTANA,0.06563468,556408883.7476556
2028,27,494977.4813602018,3155.6497420975675,NE,NEBRASKA,0.06563468,32487688.59628281
2028,28,375.6669957678262,775.7476669213818,NV,NEVADA,0.06563468,24656.783053782627
2028,29,0.0,0.0,NH,NEW HAMPSHIRE,0.06563468,0.0
2028,30,12817.588051466082,116.51239630018954,NJ,NEW JERSEY,0.06563468,841278.2901297997
2028,31,13724.792971105731,397.7891131069462,NM,NEW MEXICO,0.06563468,900822.3947247739
2028,32,4590.529746926412,21.996495036050906,NY,NEW YORK,0.06563468,301297.95096999605
2028,33,7328.029864877291,293.25190262530066,NC,NORTH CAROLINA,0.06563468,480972.89521166426
2028,34,9322528.867049348,36986.066303282205,ND,NORTH DAKOTA,0.06563468,611881198.9795464
2028,35,774080.3035189284,2940.1447982549253,OH,OHIO,0.06563468,50806513.01576774
2028,36,4670705.866684105,28201.581674954363,OK,OKLAHOMA,0.06563468,306560284.9339339
2028,37,1835130.985416384,8475.575091057905,OR,OREGON,0.06563468,120448234.98588903
2028,38,18777.40001453767,306.81401989601505,PA,PENNSYLVANIA,0.06563468,1232448.6411861754
2028,39,0.0,0.0,RI,RHODE ISLAND,0.06563468,0.0
2028,40,42983.27464775951,469.8034250928453,SC,SOUTH CAROLINA,0.06563468,2821193.476857808
2028,41,2189276.764248139,11192.332728566707,SD,SOUTH DAKOTA,0.06563468,143692479.85286206
2028,42,160383.74460721764,975.3182287155772,TN,TENNESSEE,0.06563468,10526735.754496455
2028,43,4941548.168759573,34035.82001399556,TX,TEXAS,0.06563468,324336932.76112056
2028,44,0.0,0.0,UT,UTAH,0.06563468,0.0
2028,45,0.0,0.0,VT,VERMONT,0.06563468,0.0
2028,46,2461.94064242412,59.87137696958741,VA,VIRGINIA,0.06563468,161588.68624450156
2028,47,1220101.0903326457,19675.910193337186,WA,WASHINGTON,0.06563468,80080944.6316343
2028,48,513.3264475182924,15.476105474158832,WV,WEST VIRGINIA,0.06563468,33692.01711839992
2028,49,90628.62189000988,211.00667713541188,WI,WISCONSIN,0.06563468,5948380.596591794
2028,50,20321.26986411722,433.162617179383,WY,WYOMING,0.06563468,1333780.0447249773
2029,0,3665.735740042778,66.47471428280288,AL,ALABAMA,0.06584464,241369.0501382503
2029,2,0.0,0.0,AZ,ARIZONA,0.06584464,0.0
2029,3,69402.89306790684,743.781186179687,AR,ARKANSAS,0.06584464,4569808.509014822
2029,4,5588.561750586798,524.9918046283369,CA,CALIFORNIA,0.06584464,367976.83658515743
2029,5,223304.98025572672,8498.47410844317,CO,COLORADO,0.06584464,14703436.035145434
2029,6,0.0,0.0,CT,CONNECTICUT,0.06584464,0.0
2029,7,478.1882572234277,6.391297643483671,DE,DELAWARE,0.06584464,31486.133649103995
2029,8,0.0,0.0,DC,DISTRICT OF COLUMBIA,0.06584464,0.0
2029,9,572.9351960770439,11.67280893399129,FL,FLORIDA,0.06584464,37724.71172902236
2029,10,13785.870085410448,419.5419305069375,GA,GEORGIA,0.06584464,907725.6528606202
2029,12,115172.49021820605,3467.802759623852,ID,IDAHO,0.06584464,7583491.156321298
2029,13,164797.9855501028,1398.158525818324,IL,ILLINOIS,0.06584464,10851064.03127172
2029,14,21210.84190808494,253.98056866512604,IN,INDIANA,0.06584464,1396620.249534766
2029,15,358.6256613150297,1.0717753497827187,IA,IOWA,0.06584464,23613.577564050054
2029,16,2912046.168131071,29728.246991159693,KS,KANSAS,0.06584464,191742631.60396984
2029,17,0.0,0.0,KY,KENTUCKY,0.06584464,0.0
2029,18,0.0,0.0,LA,LOUISIANA,0.06584464,0.0
2029,19,0.0,0.0,ME,MAINE,0.06584464,0.0
2029,20,3810.868820646316,110.33517889427706,MD,MARYLAND,0.06584464,250925.28558268124
2029,21,0.0,0.0,MA,MASSACHUSETTS,0.06584464,0.0
2029,22,49549.67799119121,187.66266165433484,MI,MICHIGAN,0.06584464,3262580.709445908
2029,23,1977738.4267684128,5253.469274172883,MN,MINNESOTA,0.06584464,130223474.7247325
2029,24,8590.80303541655,96.97809750487944,MS,MISSISSIPPI,0.06584464,565658.3331779098
2029,25,102074.58629256792,1249.5009012475623,MO,MISSOURI,0.06584464,6721064.3875830695
2029,26,5944931.079147451,35396.25610526056,MT,MONTANA,0.06584464,391441846.7312754
2029,27,1292018.5000016096,7639.41867997034,NE,NEBRASKA,0.06584464,85072493.00594598
2029,28,314.9964366182321,650.4637179949742,NV,NEVADA,0.06584464,20740.826970410308
2029,29,0.0,0.0,NH,NEW HAMPSHIRE,0.06584464,0.0
2029,30,39.19870550098675,2.243921927986908,NJ,NEW JERSEY,0.06584464,2581.024652178492
2029,31,1388.952235206711,39.74094432226792,NM,NEW MEXICO,0.06584464,91455.05990438121
2029,32,0.0,0.0,NY,NEW YORK,0.06584464,0.0
2029,33,1049.2001040369587,17.401512376150723,NC,NORTH CAROLINA,0.06584464,69084.20313827609
2029,34,9793696.429987624,35699.38553149215,ND,NORTH DAKOTA,0.06584464,644862415.7018204
2029,35,60542.12573539705,749.1070956533711,OH,OHIO,0.06584464,3986374.473881954
2029,36,239575.15751732604,3639.999452753344,OK,OKLAHOMA,0.06584464,15774739.999671625
2029,37,1918357.3489902648,8824.473871184207,OR,OREGON,0.06584464,126313549.03561835
2029,38,1231.9512769573596,50.920328425735136,PA,PENNSYLVANIA,0.06584464,81117.38832879764
2029,39,0.0,0.0,RI,RHODE ISLAND,0.06584464,0.0
2029,40,17764.4933880891,273.63617586217254,SC,SOUTH CAROLINA,0.06584464,1169696.6719211072
2029,41,2653644.486972609,11566.4443305164,SD,SOUTH DAKOTA,0.06584464,174728265.93269613
2029,42,9866.268320631496,184.69351244595947,TN,TENNESSEE,0.06584464,649640.8857153854
2029,43,208655.27577541888,2737.670515344366,TX,TEXAS,0.06584464,13738831.517533176
2029,44,0.0,0.0,UT,UTAH,0.06584464,0.0
2029,45,0.0,0.0,VT,VERMONT,0.06584464,0.0
2029,46,523.5641398705234,17.32574279793548,VA,VIRGINIA,0.06584464,34473.892306684254
2029,47,1292779.5187902064,19348.196447862007,WA,WASHINGTON,0.06584464,85122602.01411438
2029,48,270.1956573223523,11.485546085225888,WV,WEST VIRGINIA,0.06584464,17790.93578595365
2029,49,56876.24203308743,212.8224639829264,WI,WISCONSIN,0.06584464,3744995.68122151
2029,50,98850.24963025018,1981.674309747922,WY,WYOMING,0.06584464,6508759.100813956
2030,0,6224.413993377212,116.44325597902105,AL,ALABAMA,0.0660546,411151.17656693445
2030,2,0.0,0.0,AZ,ARIZONA,0.0660546,0.0
2030,3,19778.55581370828,446.7107245754055,AR,ARKANSAS,0.0660546,1306464.592852175
2030,4,5569.376669141388,496.7741391408882,CA,CALIFORNIA,0.0660546,367882.9481294668
2030,5,541329.9515408822,18685.487415741653,CO,COLORADO,0.0660546,35757333.41705236
2030,6,0.0,0.0,CT,CONNECTICUT,0.0660546,0.0
2030,7,2725.9725960031437,116.0726697562516,DE,DELAWARE,0.0660546,180063.02943994926
2030,8,0.0,0.0,DC,DISTRICT OF COLUMBIA,0.0660546,0.0
2030,9,477.72504025190005,3.173326433987484,FL,FLORIDA,0.0660546,31555.936443823157
2030,10,72780.69052382119,540.7479478201906,GA,GEORGIA,0.0660546,4807499.400274799
2030,12,122493.04194662036,3562.7284752568594,ID,IDAHO,0.0660546,8091228.88856723
2030,13,36513.007840650826,810.4008482136618,IL,ILLINOIS,0.0660546,2411852.1277110544
2030,14,19157.49835825206,230.76556911395917,IN,INDIANA,0.0660546,1265440.8910549968
2030,15,53.04746429249275,1.0718753711333862,IA,IOWA,0.0660546,3504.0290348548915
2030,16,12240403.840037502,52226.42032824948,KS,KANSAS,0.0660546,808534979.4921412
2030,17,9037.22069357978,477.4960387085309,KY,KENTUCKY,0.0660546,596949.998026135
2030,18,46812.6381604474,655.6781617576328,LA,LOUISIANA,0.0660546,3092190.0886330893
2030,19,0.0,0.0,ME,MAINE,0.0660546,0.0
2030,20,7027.410674898376,178.09303117779447,MD,MARYLAND,0.0660546,464192.8011661423
2030,21,0.0,0.0,MA,MASSACHUSETTS,0.0660546,0.0
2030,22,49561.81971684704,188.7135888358263,MI,MICHIGAN,0.0660546,3273786.1766684446
2030,23,185708.57640774405,1200.585147285729,MN,MINNESOTA,0.0660546,12266905.731182972
2030,24,17647.456677821967,153.84987333958048,MS,MISSISSIPPI,0.0660546,1165695.6918708591
2030,25,32877.61799881315,545.1035302879758,MO,MISSOURI,0.0660546,2171717.905864403
2030,26,6107950.242638491,36979.73308875934,MT,MONTANA,0.0660546,403458210.0973885
2030,27,1607632.732806882,7435.873800800287,NE,NEBRASKA,0.0660546,106191537.11246547
2030,28,285.647760836473,590.3231138841165,NV,NEVADA,0.0660546,18868.348582948893
2030,29,0.0,0.0,NH,NEW HAMPSHIRE,0.0660546,0.0
2030,30,2752.120826089411,65.54225884911509,NJ,NEW JERSEY,0.0660546,181790.24031900562
2030,31,85066.76228865939,2127.7033571609795,NM,NEW MEXICO,0.0660546,5619050.956272481
2030,32,0.0,0.0,NY,NEW YORK,0.0660546,0.0
2030,33,55896.41198287124,615.2305445070278,NC,NORTH CAROLINA,0.0660546,3692215.134963767
2030,34,6642564.149255285,28631.24122340903,ND,NORTH DAKOTA,0.0660546,438771917.8533982
2030,35,65723.26074752456,646.1848739854332,OH,OHIO,0.0660546,4341323.699373436
2030,36,3573610.231138205,19342.103433834047,OK,OKLAHOMA,0.0660546,236053394.3737417
2030,37,2078422.108866155,9532.62099319218,OR,OREGON,0.0660546,137289341.03231034
2030,38,802.7852453534576,50.19224580063506,PA,PENNSYLVANIA,0.0660546,53027.65826772451
2030,39,0.0,0.0,RI,RHODE ISLAND,0.0660546,0.0
2030,40,124084.40561136752,884.7185841100593,SC,SOUTH CAROLINA,0.0660546,8196345.778896638
2030,41,1648290.48910537,9338.945093920313,SD,SOUTH DAKOTA,0.0660546,108877168.94165957
2030,42,15524.858437301304,324.647526517824,TN,TENNESSEE,0.0660546,1025488.3141325628
2030,43,3006599.0348891453,16614.006463764836,TX,TEXAS,0.0660546,198599696.60998857
2030,44,0.0,0.0,UT,UTAH,0.0660546,0.0
2030,45,0.0,0.0,VT,VERMONT,0.0660546,0.0
2030,46,353.1113765120625,33.412940677205235,VA,VIRGINIA,0.0660546,23324.630730953686
2030,47,1225416.74619466,18501.098522302866,WA,WASHINGTON,0.0660546,80944413.00318979
2030,48,24.223043801077672,4.146902112338252,WV,WEST VIRGINIA,0.0660546,1600.0434690626653
2030,49,3063.3073034660183,31.9520210122614,WI,WISCONSIN,0.0660546,202345.53860752645
2030,50,14375.4206244308,571.7967236124881,WY,WYOMING,0.0660546,949562.6591785268
2031,0,53.49959931620255,0.8232496330729762,AL,ALABAMA,0.0654532,3501.719973963269
2031,2,0.0,0.0,AZ,ARIZONA,0.0654532,0.0
2031,3,2229.453937763249,21.755436160091712,AR,ARKANSAS,0.0654532,145924.8944792055
2031,4,2073.2401044311573,208.3180901379185,CA,CALIFORNIA,0.0654532,135700.19920335343
2031,5,261252.8821206781,11467.194164967952,CO,COLORADO,0.0654532,17099837.144021172
2031,6,0.0,0.0,CT,CONNECTICUT,0.0654532,0.0
2031,7,49735.184719274,247.61024926608013,DE,DELAWARE,0.0654532,3255326.992467585
2031,8,0.0,0.0,DC,DISTRICT OF COLUMBIA,0.0654532,0.0
2031,9,0.0,0.0,FL,FLORIDA,0.0654532,0.0
2031,10,22.56029593642497,1.2414532211166192,GA,GEORGIA,0.0654532,1476.643561986011
2031,12,135156.21887089743,4014.966206283561,ID,IDAHO,0.0654532,8846407.025000624
2031,13,17187.651722336086,160.91200527403817,IL,ILLINOIS,0.0654532,1124986.8057124084
2031,14,26207.97399411627,158.2714040944414,IN,INDIANA,0.0654532,1715395.763431691
2031,15,99.4201865571238,0.9253205314615408,IA,IOWA,0.0654532,6507.369354760736
2031,16,5318350.9626411125,37383.58657765063,KS,KANSAS,0.0654532,348103089.2279413
2031,17,310.79270814106087,13.125328917658289,KY,KENTUCKY,0.0654532,20342.37728449849
2031,18,0.0,0.0,LA,LOUISIANA,0.0654532,0.0
2031,19,0.0,0.0,ME,MAINE,0.0654532,0.0
2031,20,74347.91135085191,491.63192613356966,MD,MARYLAND,0.0654532,4866308.71122958
2031,21,0.0,0.0,MA,MASSACHUSETTS,0.0654532,0.0
2031,22,58729.74990957858,213.1045621907485,MI,MICHIGAN,0.0654532,3844050.0667816293
2031,23,435100.9903034488,2989.59535646219,MN,MINNESOTA,0.0654532,28478752.138529696
2031,24,0.0,0.0,MS,MISSISSIPPI,0.0654532,0.0
2031,25,10457.81713952688,149.8550562331855,MO,MISSOURI,0.0654532,684497.5967968808
2031,26,6536373.17929197,40880.66641105286,MT,MONTANA,0.0654532,427826540.9788332
2031,27,696703.8498112678,4208.911668228652,NE,NEBRASKA,0.0654532,45601496.42246688
2031,28,310.2232158650922,640.6070765953727,NV,NEVADA,0.0654532,20305.102192661052
2031,29,0.0,0.0,NH,NEW HAMPSHIRE,0.0654532,0.0
2031,30,26029.55736209265,154.7473449129206,NJ,NEW JERSEY,0.0654532,1703717.823932523
2031,31,15612.2088852571,598.511083118754,NM,NEW MEXICO,0.0654532,1021869.03060851
2031,32,1060.9812076976973,13.93818482144205,NY,NEW YORK,0.0654532,69444.61518367892
2031,33,5112.718953445755,114.85255980879698,NC,NORTH CAROLINA,0.0654532,334643.8162036757
2031,34,6089926.869077841,30938.179748198152,ND,NORTH DAKOTA,0.0654532,398605201.34712577
2031,35,131231.11104772566,863.1255522999865,OH,OHIO,0.0654532,8589496.157628998
2031,36,2006762.1253427288,21613.9268597682,OK,OKLAHOMA,0.0654532,131349002.7424827
2031,37,1743953.5342458868,8341.346939697876,OR,OREGON,0.0654532,114147339.46770288
2031,38,30278.615374685178,442.3548104236412,PA,PENNSYLVANIA,0.0654532,1981832.267842344
2031,39,0.0,0.0,RI,RHODE ISLAND,0.0654532,0.0
2031,40,0.0,0.0,SC,SOUTH CAROLINA,0.0654532,0.0
2031,41,834048.1351139452,6799.270971247428,SD,SOUTH DAKOTA,0.0654532,54591119.39724008
2031,42,0.0,0.0,TN,TENNESSEE,0.0654532,0.0
2031,43,961170.9386103636,14841.908606595209,TX,TEXAS,0.0654532,62911713.67905185
2031,44,0.0,0.0,UT,UTAH,0.0654532,0.0
2031,45,0.0,0.0,VT,VERMONT,0.0654532,0.0
2031,46,21235.64778887169,288.50616666151126,VA,VIRGINIA,0.0654532,1389941.1018545765
2031,47,954673.488059395,14470.741805181984,WA,WASHINGTON,0.0654532,62486434.748649195
2031,48,174.26500914419066,8.344237353577215,WV,WEST VIRGINIA,0.0654532,11406.202496516542
2031,49,45359.7811567551,184.11988943229176,WI,WISCONSIN,0.0654532,2968942.828009323
2031,50,45811.31359071559,1080.7222972820744,WY,WYOMING,0.0654532,2998497.0707158255
2032,0,4359.495298062236,112.55473892422744,AL,ALABAMA,0.0648518,282721.1171708725
2032,2,0.0,0.0,AZ,ARIZONA,0.0648518,0.0
2032,3,14885.480511612928,267.2176295834617,AR,ARKANSAS,0.0648518,965350.2050430193
2032,4,3057.704680236646,276.0206362275671,CA,CALIFORNIA,0.0648518,198297.65238177092
2032,5,139717.03225792822,6979.304701528394,CO,COLORADO,0.0648518,9060901.03258471
2032,6,0.0,0.0,CT,CONNECTICUT,0.0648518,0.0
2032,7,201.2468188923155,6.568549961714157,DE,DELAWARE,0.0648518,13051.218449440667
2032,8,0.0,0.0,DC,DISTRICT OF COLUMBIA,0.0648518,0.0
2032,9,0.0,0.0,FL,FLORIDA,0.0648518,0.0
2032,10,44.46152071573452,1.889813635156521,GA,GEORGIA,0.0648518,2883.409649152672
2032,12,130223.89252075076,4238.62586954447,ID,IDAHO,0.0648518,8445253.832977224
2032,13,109167.05488910495,723.8950157920009,IL,ILLINOIS,0.0648518,7079680.010257256
2032,14,93963.00188013636,629.6916544976016,IN,INDIANA,0.0648518,6093669.805330227
2032,15,418.5300010888935,1.1597450329272956,IA,IOWA,0.0648518,27142.423924616705
2032,16,2664101.035815901,22161.66074287185,KS,KANSAS,0.0648518,172771747.55452567
2032,17,17210.474489516822,736.5393119223512,KY,KENTUCKY,0.0648518,1116130.249499247
2032,18,125.9689776688454,1.3765814977831397,LA,LOUISIANA,0.0648518,8169.314945984428
2032,19,0.0,0.0,ME,MAINE,0.0648518,0.0
2032,20,6819.035583905002,242.9398307159229,MD,MARYLAND,0.0648518,442226.73188029043
2032,21,0.0,0.0,MA,MASSACHUSETTS,0.0648518,0.0
2032,22,43356.35144641278,215.42878756289176,MI,MICHIGAN,0.0648518,2811737.432732472
2032,23,512231.7962211069,3092.0456818864923,MN,MINNESOTA,0.0648518,33219154.00217198
2032,24,9195.837285056496,101.26148565934044,MS,MISSISSIPPI,0.0648518,596366.6004430269
2032,25,69018.07308975312,706.686945369077,MO,MISSOURI,0.0648518,4475946.272402052
2032,26,3540434.334942661,40351.2415207454,MT,MONTANA,0.0648518,229603539.40283448
2032,27,992400.301875782,8089.081188572707,NE,NEBRASKA,0.0648518,64358945.897187844
2032,28,337.49172902351285,699.0305049041111,NV,NEVADA,0.0648518,21886.946112287053
2032,29,0.0,0.0,NH,NEW HAMPSHIRE,0.0648518,0.0
2032,30,1294.1712027424426,57.87511361470751,NJ,NEW JERSEY,0.0648518,83929.33200601234
2032,31,3938.053549840212,118.33758479722444,NM,NEW MEXICO,0.0648518,255389.86120352746
2032,32,365.6292310057903,5.131425777914546,NY,NEW YORK,0.0648518,23711.71376334131
2032,33,6900.684459989273,165.8610223459898,NC,NORTH CAROLINA,0.0648518,447521.80846233235
2032,34,5378511.223936006,30882.06119886166,ND,NORTH DAKOTA,0.0648518,348806134.1924531
2032,35,180987.37826183293,1369.2779668539872,OH,OHIO,0.0648518,11737357.257560737
2032,36,587078.6365690891,3611.93914632883,OK,OKLAHOMA,0.0648518,38073106.32305126
2032,37,2419341.2083542948,10970.767834222535,OR,OREGON,0.0648518,156898632.17595106
2032,38,1743.9206078430484,61.49119741204383,PA,PENNSYLVANIA,0.0648518,113096.3904757158
2032,39,0.0,0.0,RI,RHODE ISLAND,0.0648518,0.0
2032,40,448.2237301518295,29.728761149836977,SC,SOUTH CAROLINA,0.0648518,29068.115703060415
2032,41,1227895.372485733,10040.85016396318,SD,SOUTH DAKOTA,0.0648518,79631225.11737025
2032,42,16608.747048709127,355.68567710833,TN,TENNESSEE,0.0648518,1077107.1418534745
2032,43,159963.3257227116,2312.599682934264,TX,TEXAS,0.0648518,10373909.607104149
2032,44,0.0,0.0,UT,UTAH,0.0648518,0.0
2032,45,0.0,0.0,VT,VERMONT,0.0648518,0.0
2032,46,360.09469288631794,19.86849485774784,VA,VIRGINIA,0.0648518,23352.789004124916
2032,47,1335681.9204767328,21214.683765522248,WA,WASHINGTON,0.0648518,86621376.77037297
2032,48,0.0,0.0,WV,WEST VIRGINIA,0.0648518,0.0
2032,49,40975.3628919621,202.07622531685956,WI,WISCONSIN,0.0648518,2657326.0391969476
2032,50,16041.093937634156,632.072571390422,WY,WYOMING,0.0648518,1040293.8158246627
2033,0,5002.117337637056,64.68023513229326,AL,ALABAMA,0.0642504,321388.03979011596
2033,2,0.0,0.0,AZ,ARIZONA,0.0642504,0.0
2033,3,87741.26117362358,1059.0252103895732,AR,ARKANSAS,0.0642504,5637411.126909785
2033,4,1856.698221535428,164.60278907066134,CA,CALIFORNIA,0.0642504,119293.60341293986
2033,5,92476.09303670983,5395.084476674492,CO,COLORADO,0.0642504,5941625.968045821
2033,6,0.0,0.0,CT,CONNECTICUT,0.0642504,0.0
2033,7,26351.596627469247,192.5484964333293,DE,DELAWARE,0.0642504,1693100.6239535501
2033,8,0.0,0.0,DC,DISTRICT OF COLUMBIA,0.0642504,0.0
2033,9,746.2071616451767,3.0242770023691987,FL,FLORIDA,0.0642504,47944.10861856726
2033,10,45784.831643754085,340.1368945095701,GA,GEORGIA,0.0642504,2941693.7470438574
2033,12,42895.109997376654,1336.7103077788634,ID,IDAHO,0.0642504,2756027.975375449
2033,13,16649.352729781847,86.53269761877254,IL,ILLINOIS,0.0642504,1069727.5726295756
2033,14,36356.447828709526,269.7236735076513,IN,INDIANA,0.0642504,2335916.3155737184
2033,15,0.0,0.0,IA,IOWA,0.0642504,0.0
2033,16,4474810.585158784,20555.239783659657,KS,KANSAS,0.0642504,287508370.0206859
2033,17,21352.5237560365,528.0629844589706,KY,KENTUCKY,0.0642504,1371908.1923348473
2033,18,33160.48072239212,145.69043819438605,LA,LOUISIANA,0.0642504,2130574.1506059826
2033,19,0.0,0.0,ME,MAINE,0.0642504,0.0
2033,20,26631.462865784262,208.19201690066396,MD,MARYLAND,0.0642504,1711082.141711785
2033,21,0.0,0.0,MA,MASSACHUSETTS,0.0642504,0.0
2033,22,3519.9163289293624,28.307997296638995,MI,MICHIGAN,0.0642504,226156.0321002431
2033,23,31519.94250022512,412.7571533148152,MN,MINNESOTA,0.0642504,2025168.913616464
2033,24,4801.106427492466,53.47079793504879,MS,MISSISSIPPI,0.0642504,308473.00840896193
2033,25,12346.0645026139,123.8255641994258,MO,MISSOURI,0.0642504,793239.5827187441
2033,26,1698705.0456245174,15757.38662779629,MT,MONTANA,0.0642504,109142478.6633935
2033,27,895844.6488888391,5167.794921686469,NE,NEBRASKA,0.0642504,57558377.02896746
2033,28,190.7663792375647,395.04270243176416,NV,NEVADA,0.0642504,12256.816172565228
2033,29,0.0,0.0,NH,NEW HAMPSHIRE,0.0642504,0.0
2033,30,19972.42628971161,158.67109864052154,NJ,NEW JERSEY,0.0642504,1283236.3780844868
2033,31,6995.048487795835,344.28182206383565,NM,NEW MEXICO,0.0642504,449434.66336027754
2033,32,1732.2595756146309,19.57769444155065,NY,NEW YORK,0.0642504,111298.37063707029
2033,33,84797.6641768757,602.528800625763,NC,NORTH CAROLINA,0.0642504,5448283.842429934
2033,34,387026.41819483234,3297.51969213164,ND,NORTH DAKOTA,0.0642504,24866602.179585256
2033,35,94419.37833188998,745.3453804862039,OH,OHIO,0.0642504,6066482.825575264
2033,36,1313735.9631710125,9632.300469255712,OK,OKLAHOMA,0.0642504,84408061.12812282
2033,37,1549337.205832326,7909.090342926305,OR,OREGON,0.0642504,99545535.20960928
2033,38,13682.778876574426,258.9679347316336,PA,PENNSYLVANIA,0.0642504,879124.0159314575
2033,39,0.0,0.0,RI,RHODE ISLAND,0.0642504,0.0
2033,40,45523.23984760416,241.48374539152653,SC,SOUTH CAROLINA,0.0642504,2924886.3695045067
2033,41,208619.52245539156,2190.4983091289823,SD,SOUTH DAKOTA,0.0642504,13403887.76556789
2033,42,39406.75333956249,429.69652271049625,TN,TENNESSEE,0.0642504,2531899.664768226
2033,43,2135890.085358498,17654.075195827558,TX,TEXAS,0.0642504,137231792.34031764
2033,44,0.0,0.0,UT,UTAH,0.0642504,0.0
2033,45,0.0,0.0,VT,VERMONT,0.0642504,0.0
2033,46,4069.7779311986897,93.09997391918222,VA,VIRGINIA,0.0642504,261484.85999068827
2033,47,994148.1621024078,16142.210374757584,WA,WASHINGTON,0.0642504,63874417.074344546
2033,48,15.105062867244364,0.7185604914707031,WV,WEST VIRGINIA,0.0642504,970.5063312455973
2033,49,2877.924702300113,12.018696828342968,WI,WISCONSIN,0.0642504,184907.8132926632
2033,50,36626.90147729556,1225.204095835013,WY,WYOMING,0.0642504,2353293.0706768306
2034,0,386.4988626773964,8.23455400456233,AL,ALABAMA,0.063649,24600.266110553603
2034,2,0.0,0.0,AZ,ARIZONA,0.063649,0.0
2034,3,73885.2495255389,845.2939417960349,AR,ARKANSAS,0.063649,4702722.247051025
2034,4,10317.310283425842,936.9045992229378,CA,CALIFORNIA,0.063649,656686.4822297714
2034,5,586294.3880719692,21993.74185158392,CO,COLORADO,0.063649,37317051.50639276
2034,6,0.0,0.0,CT,CONNECTICUT,0.063649,0.0
2034,7,29452.90569158693,203.60647694117384,DE,DELAWARE,0.063649,1874647.9943638165
2034,8,0.0,0.0,DC,DISTRICT OF COLUMBIA,0.063649,0.0
2034,9,0.0,0.0,FL,FLORIDA,0.063649,0.0
2034,10,957.9962899941652,35.64447200369686,GA,GEORGIA,0.063649,60975.50586183862
2034,12,164254.60954866055,5002.627890503821,ID,IDAHO,0.063649,10454641.643162694
2034,13,57593.41048847001,554.955404744564,IL,ILLINOIS,0.063649,3665762.984180627
2034,14,56215.88657862635,240.3078212343878,IN,INDIANA,0.063649,3578084.964842988
2034,15,251.32147682223857,1.2770621700218556,IA,IOWA,0.063649,15996.360678258661
2034,16,14492019.635424614,63648.03985049478,KS,KANSAS,0.063649,922402557.7751412
2034,17,2115.383145250012,50.98257373496944,KY,KENTUCKY,0.063649,134642.021812018
2034,18,0.0,0.0,LA,LOUISIANA,0.063649,0.0
2034,19,0.0,0.0,ME,MAINE,0.063649,0.0
2034,20,33325.25444273199,277.1255828018766,MD,MARYLAND,0.063649,2121119.120025448
2034,21,0.0,0.0,MA,MASSACHUSETTS,0.063649,0.0
2034,22,1133.3368606046802,14.149718897536552,MI,MICHIGAN,0.063649,72135.75784062728
2034,23,270879.82675707206,2387.921065497841,MN,MINNESOTA,0.063649,17241230.09326088
2034,24,1265.3786010833037,24.888527263078306,MS,MISSISSIPPI,0.063649,80540.0825803512
2034,25,41800.658935825,430.5983306000829,MO,MISSOURI,0.063649,2660570.140606325
2034,26,8519084.731657643,51860.14464506096,MT,MONTANA,0.063649,542231224.0852773
2034,27,2108992.8017853526,11231.23765915545,NE,NEBRASKA,0.063649,134235282.8408359
2034,28,362.7155109310968,749.0030120583021,NV,NEVADA,0.063649,23086.47955525338
2034,29,0.0,0.0,NH,NEW HAMPSHIRE,0.063649,0.0
2034,30,11007.712196551529,108.57089601240902,NJ,NEW JERSEY,0.063649,700629.8735983083
2034,31,41151.78531884117,1205.017692664755,NM,NEW MEXICO,0.063649,2619269.9837589213
2034,32,0.0,0.0,NY,NEW YORK,0.063649,0.0
2034,33,31771.16671842011,520.319921774636,NC,NORTH CAROLINA,0.063649,2022202.9904607215
2034,34,6202044.825520809,29152.579424080694,ND,NORTH DAKOTA,0.063649,394753951.09957397
2034,35,91919.75946520492,717.6472292793114,OH,OHIO,0.063649,5850600.770200827
2034,36,6152075.864044729,34020.735380464226,OK,OKLAHOMA,0.063649,391573476.6705829
2034,37,2363546.675222902,10547.444003115408,OR,OREGON,0.063649,150437382.3312625
2034,38,10055.827466226492,198.07815016341965,PA,PENNSYLVANIA,0.063649,640043.3623978499
2034,39,0.0,0.0,RI,RHODE ISLAND,0.063649,0.0
2034,40,25170.928290955948,523.8843678065236,SC,SOUTH CAROLINA,0.063649,1602104.4147910553
2034,41,1220350.030817734,10984.215406643349,SD,SOUTH DAKOTA,0.063649,77674059.11151795
2034,42,2224.2986695083464,48.00554866222861,TN,TENNESSEE,0.063649,141574.38601553673
2034,43,3268276.7655109908,21556.724886047585,TX,TEXAS,0.063649,208022547.84800902
2034,44,0.0,0.0,UT,UTAH,0.063649,0.0
2034,45,0.0,0.0,VT,VERMONT,0.063649,0.0
2034,46,7413.00689167691,105.41018379076402,VA,VIRGINIA,0.063649,471830.47564834356
2034,47,1440350.8372131763,21437.993195638403,WA,WASHINGTON,0.063649,91676890.43778145
2034,48,161.5324503411699,2.036604335430273,WV,WEST VIRGINIA,0.063649,10281.378931765123
2034,49,11769.05327266238,88.456519860367,WI,WISCONSIN,0.063649,749088.4717516878
2034,50,48590.8901365839,1868.484095226179,WY,WYOMING,0.063649,3092761.5663034283
2035,0,2014.2542687785915,89.29012089388591,AL,ALABAMA,0.0630476,126993.89743624511
2035,2,0.0,0.0,AZ,ARIZONA,0.0630476,0.0
2035,3,21263.68793561814,412.5722578700684,AR,ARKANSAS,0.0630476,1340624.4914896782
2035,4,2617.123419554423,227.89982653277184,CA,CALIFORNIA,0.0630476,165003.35050669944
2035,5,50258.20110429188,2110.5748605825493,CO,COLORADO,0.0630476,3168658.9599429523
2035,6,0.0,0.0,CT,CONNECTICUT,0.0630476,0.0
2035,7,919.2782592078872,59.37519301417583,DE,DELAWARE,0.0630476,57958.28797523519
2035,8,0.0,0.0,DC,DISTRICT OF COLUMBIA,0.0630476,0.0
2035,9,0.0,0.0,FL,FLORIDA,0.0630476,0.0
2035,10,410.2012309237024,30.745669627236698,GA,GEORGIA,0.0630476,25862.203126785214
2035,12,49725.9454144782,1670.6733341861318,ID,IDAHO,0.0630476,3135101.5161138554
2035,13,20850.81048744817,338.71867629335213,IL,ILLINOIS,0.0630476,1314593.559288437
2035,14,28215.016357711167,187.15238426413475,IN,INDIANA,0.0630476,1778889.0653144303
2035,15,0.0,0.0,IA,IOWA,0.0630476,0.0
2035,16,1562644.075513672,12532.66236159101,KS,KANSAS,0.0630476,98520958.61535579
2035,17,16469.912926514957,841.5448304351913,KY,KENTUCKY,0.0630476,1038388.4822257443
2035,18,4893.217042497054,93.0053545297876,LA,LOUISIANA,0.0630476,308505.5908085372
2035,19,0.0,0.0,ME,MAINE,0.0630476,0.0
2035,20,10564.084834423356,289.07037324348227,MD,MARYLAND,0.0630476,666040.1950067899
2035,21,0.0,0.0,MA,MASSACHUSETTS,0.0630476,0.0
2035,22,7312.004624452091,92.04796601988124,MI,MICHIGAN,0.0630476,461004.3427606056
2035,23,514856.3347276651,3641.035400346104,MN,MINNESOTA,0.0630476,32460456.249375936
2035,24,6424.020846781805,75.78896730510436,MS,MISSISSIPPI,0.0630476,405019.0967395605
2035,25,2207.7499468989854,55.45690456520045,MO,MISSOURI,0.0630476,139193.33555210844
2035,26,4537349.317106329,35233.21250117906,MT,MONTANA,0.0630476,286068984.80519295
2035,27,558.1514540877765,30.053954174793397,NE,NEBRASKA,0.0630476,35190.10961674449
2035,28,123.66361126086728,255.36381688951792,NV,NEVADA,0.0630476,7796.693897330656
2035,29,0.0,0.0,NH,NEW HAMPSHIRE,0.0630476,0.0
2035,30,1622.4322805346917,82.29758739075712,NJ,NEW JERSEY,0.0630476,102290.46145023902
2035,31,6196.4455357469815,435.6787802290203,NM,NEW MEXICO,0.0630476,390671.01955956133
2035,32,361.75186007694174,2.245591149559226,NY,NEW YORK,0.0630476,22807.58657338699
2035,33,14953.06658581736,537.2796867093944,NC,NORTH CAROLINA,0.0630476,942754.9608759785
2035,34,2413662.481731745,16034.584532001678,ND,NORTH DAKOTA,0.0630476,152175626.68323034
2035,35,39738.1016163122,258.7948694706645,OH,OHIO,0.0630476,2505391.9354646048
2035,36,836119.2240198274,5444.48737159149,OK,OKLAHOMA,0.0630476,52715310.388312474
2035,37,1312934.4782232442,7164.433532268155,OR,OREGON,0.0630476,82777367.80922781
2035,38,6152.2386383305375,245.64405926611664,PA,PENNSYLVANIA,0.0630476,387883.8807740084
2035,39,0.0,0.0,RI,RHODE ISLAND,0.0630476,0.0
2035,40,5183.769558017635,160.32841308137233,SC,SOUTH CAROLINA,0.0630476,326824.2295860726
2035,41,267995.0637878177,3438.212194758902,SD,SOUTH DAKOTA,0.0630476,16896445.583668817
2035,42,10342.86525487348,301.9367149681143,TN,TENNESSEE,0.0630476,652092.8314431612
2035,43,1445865.7822223124,11828.27211291988,TX,TEXAS,0.0630476,91158367.49123946
2035,44,0.0,0.0,UT,UTAH,0.0630476,0.0
2035,45,0.0,0.0,VT,VERMONT,0.0630476,0.0
2035,46,3881.678654999226,153.78446462671508,VA,VIRGINIA,0.0630476,244730.5231689292
2035,47,737029.1003150328,11786.271914683308,WA,WASHINGTON,0.0630476,46467915.905022055
2035,48,187.26716662537297,11.256595839438388,WV,WEST VIRGINIA,0.0630476,11806.745414529865
2035,49,6293.848680730378,50.94412888734659,WI,WISCONSIN,0.0630476,396812.0540832166
2035,50,2159.415661093981,68.26113445785906,WY,WYOMING,0.0630476,136145.97483438888
2036,0,11806.89018409903,138.3859577562616,AL,ALABAMA,0.06314854,745587.877066185
2036,2,0.0,0.0,AZ,ARIZONA,0.06314854,0.0
2036,3,837023.4381488031,4287.13325269019,AR,ARKANSAS,0.06314854,52856808.06487722
2036,4,6888.6755878171925,624.7192642874165,CA,CALIFORNIA,0.06314854,435009.8059042975
2036,5,309333.7509320965,15355.031512481244,CO,COLORADO,0.06314854,19533974.74408553
2036,6,0.0,0.0,CT,CONNECTICUT,0.06314854,0.0
2036,7,0.0,0.0,DE,DELAWARE,0.06314854,0.0
2036,8,0.0,0.0,DC,DISTRICT OF COLUMBIA,0.06314854,0.0
2036,9,691.8378559394548,3.2327985518036315,FL,FLORIDA,0.06314854,43688.550519306904
2036,10,22260.029719744456,159.62598466264302,GA,GEORGIA,0.06314854,1405688.3771584716
2036,12,106225.83038456364,3382.479183685831,ID,IDAHO,0.06314854,6708006.099072833
2036,13,34502.06831885793,556.547926672137,IL,ILLINOIS,0.06314854,2178755.2413161327
2036,14,28528.478385414044,181.4815511531891,IN,INDIANA,0.06314854,1801531.7584604544
2036,15,69.44026587316785,1.2331924833375885,IA,IOWA,0.06314854,4385.0514071023745
2036,16,9802479.948544623,57341.834757027566,KS,KANSAS,0.06314854,619012297.129868
2036,17,9079.718617999184,414.6067555108546,KY,KENTUCKY,0.06314854,573370.9743374663
2036,18,168734.69981769557,900.9266521978104,LA,LOUISIANA,0.06314854,10655349.940825742
2036,19,0.0,0.0,ME,MAINE,0.06314854,0.0
2036,20,64.97804366135702,5.1552306007652415,MD,MARYLAND,0.06314854,4103.2685892709505
2036,21,0.0,0.0,MA,MASSACHUSETTS,0.06314854,0.0
2036,22,0.0,0.0,MI,MICHIGAN,0.06314854,0.0
2036,23,504707.8261515589,1831.998145777995,MN,MINNESOTA,0.06314854,31871562.348044764
2036,24,101599.11584118524,502.7994025288675,MS,MISSISSIPPI,0.06314854,6415835.830661721
2036,25,58595.16202155448,1059.809545373067,MO,MISSOURI,0.06314854,3700198.9327246146
2036,26,8041047.102735863,52908.61823043665,MT,MONTANA,0.06314854,507780384.6089998
2036,27,1979780.887132672,11042.39328389008,NE,NEBRASKA,0.06314854,125020272.54233302
2036,28,257.53536843481686,533.4998095929003,NV,NEVADA,0.06314854,16262.98251502077
2036,29,0.0,0.0,NH,NEW HAMPSHIRE,0.06314854,0.0
2036,30,14.762825925671674,1.6858241704074377,NJ,NEW JERSEY,0.06314854,932.2509034803147
2036,31,29723.25876559161,1373.5642210817064,NM,NEW MEXICO,0.06314854,1876980.3950893125
2036,32,0.0,0.0,NY,NEW YORK,0.06314854,0.0
2036,33,75798.39109857468,924.0738704677688,NC,NORTH CAROLINA,0.06314854,4786557.732223988
2036,34,4830695.798180944,22784.011274434783,ND,NORTH DAKOTA,0.06314854,305051386.8392613
2036,35,10501.08911483958,51.43234569474132,OH,OHIO,0.06314854,663128.4460120118
2036,36,6769716.105206729,41836.36089292479,OK,OKLAHOMA,0.06314854,427497688.25829136
2036,37,1473641.1183781754,7733.57997891154,OR,OREGON,0.06314854,93058285.10954896
2036,38,67.52379696700594,2.111672183686768,PA,PENNSYLVANIA,0.06314854,4264.029193722853
2036,39,0.0,0.0,RI,RHODE ISLAND,0.06314854,0.0
2036,40,54972.03849275149,541.6270057076463,SC,SOUTH CAROLINA,0.06314854,3471403.971641057
2036,41,2416168.0089980783,12529.096277126424,SD,SOUTH DAKOTA,0.06314854,152577482.16293553
2036,42,17606.4406454841,309.1458337599863,TN,TENNESSEE,0.06314854,1111821.0213589787
2036,43,5307863.95961989,37991.18990244663,TX,TEXAS,0.06314854,335183859.568615
2036,44,0.0,0.0,UT,UTAH,0.06314854,0.0
2036,45,0.0,0.0,VT,VERMONT,0.06314854,0.0
2036,46,0.0,0.0,VA,VIRGINIA,0.06314854,0.0
2036,47,615274.4730249047,9403.958366756904,WA,WASHINGTON,0.06314854,38853684.67079212
2036,48,0.0,0.0,WV,WEST VIRGINIA,0.06314854,0.0
2036,49,763.0219315345661,3.3012333745040205,WI,WISCONSIN,0.06314854,48183.72096438781
2036,50,169244.7836472387,3452.592009844488,WY,WYOMING,0.06314854,10687560.989939
2037,0,1222.3288733413228,13.994406915725923,AL,ALABAMA,0.06324948,77311.66562782454
2037,2,0.0,0.0,AZ,ARIZONA,0.06324948,0.0
2037,3,87395.66062443037,656.5801267688462,AR,ARKANSAS,0.06324948,5527730.088751696
2037,4,8137.462049767906,751.3409343252625,CA,CALIFORNIA,0.06324948,514690.24316755414
2037,5,390946.0204256365,17284.16596258144,CO,COLORADO,0.06324948,24727132.499990884
2037,6,0.0,0.0,CT,CONNECTICUT,0.06324948,0.0
2037,7,6316.871215163288,90.93607520464776,DE,DELAWARE,0.06324948,399538.81958604604
2037,8,0.0,0.0,DC,DISTRICT OF COLUMBIA,0.06324948,0.0
2037,9,0.0,0.0,FL,FLORIDA,0.06324948,0.0
2037,10,2204.8045825332056,57.42282603983112,GA,GEORGIA,0.06324948,139452.74334684233
2037,12,76617.79747503634,2803.647386008296,ID,IDAHO,0.06324948,4846035.849041361
2037,13,26366.68879040916,204.9771766222556,IL,ILLINOIS,0.06324948,1667679.3553152082
2037,14,7150.889138730153,40.337378640722505,IN,INDIANA,0.06324948,452290.01956233
2037,15,136.22763481472325,1.4236781221939978,IA,IOWA,0.06324948,8616.327063661141
2037,16,13135597.7184867,65326.81386455287,KS,KANSAS,0.06324948,830819725.1834701
2037,17,64.13936315835275,0.7784304535638278,KY,KENTUCKY,0.06324948,4056.781367296969
2037,18,1646.112785344853,47.55823689487197,LA,LOUISIANA,0.06324948,104115.77769441355
2037,19,0.0,0.0,ME,MAINE,0.06324948,0.0
2037,20,30629.964515793334,302.5259819314082,MD,MARYLAND,0.06324948,1937329.32804238
2037,21,0.0,0.0,MA,MASSACHUSETTS,0.06324948,0.0
2037,22,4386.616583967396,50.42724807248038,MI,MICHIGAN,0.06324948,277451.2178953141
2037,23,226894.57208333933,1190.0355599357783,MN,MINNESOTA,0.06324948,14350963.69909373
2037,24,297.1774766654536,3.41031007245668,MS,MISSISSIPPI,0.06324948,18796.32086680207
2037,25,154027.12427682534,1265.9418303891832,MO,MISSOURI,0.06324948,9742135.516404578
2037,26,4280397.046666177,37064.58408516811,MT,MONTANA,0.06324948,270732887.3951714
2037,27,2329185.82205456,11145.523002362925,NE,NEBRASKA,0.06324948,147319792.06832343
2037,28,259.6894400114362,542.2877593080015,NV,NEVADA,0.06324948,16425.222042214533
2037,29,0.0,0.0,NH,NEW HAMPSHIRE,0.06324948,0.0
2037,30,3246.9463299914923,63.481851396231626,NJ,NEW JERSEY,0.06324948,205367.6669598703
2037,31,27328.46022422537,775.3003409708912,NM,NEW MEXICO,0.06324948,1728510.898382938
2037,32,0.0,0.0,NY,NEW YORK,0.06324948,0.0
2037,33,19406.91393956967,462.90820909135385,NC,NORTH CAROLINA,0.06324948,1227477.215082533
2037,34,2586798.2071384625,20333.16272860389,ND,NORTH DAKOTA,0.06324948,163613641.46644002
2037,35,49865.68068487075,329.4867917856556,OH,OHIO,0.06324948,3153978.3731641187
2037,36,2612832.911378816,17887.545152099392,OK,OKLAHOMA,0.06324948,165260322.97159615
2037,37,2141718.1165462155,10521.986791895391,OR,OREGON,0.06324948,135462557.17812753
2037,38,5158.754607065601,154.3080242662789,PA,PENNSYLVANIA,0.06324948,326288.5463445035
2037,39,0.0,0.0,RI,RHODE ISLAND,0.06324948,0.0
2037,40,3426.002065625681,80.93219534895854,SC,SOUTH CAROLINA,0.06324948,216692.8491297502
2037,41,446178.1657952317,5005.4302404588125,SD,SOUTH DAKOTA,0.06324948,28220536.97390219
2037,42,901.6374066997956,9.33191294932286,TN,TENNESSEE,0.06324948,57028.09712231059
2037,43,1810790.4656887085,9912.642187034742,TX,TEXAS,0.06324948,114531555.34376866
2037,44,0.0,0.0,UT,UTAH,0.06324948,0.0
2037,45,0.0,0.0,VT,VERMONT,0.06324948,0.0
2037,46,3941.190214508631,82.22450123731292,VA,VIRGINIA,0.06324948,249278.23164875933
2037,47,586493.3639250164,9593.584432543434,WA,WASHINGTON,0.06324948,37095400.291708045
2037,48,284.6897141508919,10.2015262604754,WV,WEST VIRGINIA,0.06324948,18006.476381392557
2037,49,13629.268534932788,53.484695083416725,WI,WISCONSIN,0.06324948,862044.1476148607
2037,50,133643.89738690268,2740.518377658798,WY,WYOMING,0.06324948,8452907.014894953
2038,0,1716.9109269619787,23.577670684297622,AL,ALABAMA,0.06335042,108767.02832563069
2038,2,0.0,0.0,AZ,ARIZONA,0.06335042,0.0
2038,3,778833.5685814974,4187.520080853248,AR,ARKANSAS,0.06335042,49339433.67973667
2038,4,2747.540181587258,247.0874160604313,CA,CALIFORNIA,0.06335042,174057.82447042907
2038,5,449084.26968373655,16798.54357914353,CO,COLORADO,0.06335042,28449677.099857982
2038,6,0.0,0.0,CT,CONNECTICUT,0.06335042,0.0
2038,7,0.0,0.0,DE,DELAWARE,0.06335042,0.0
2038,8,0.0,0.0,DC,DISTRICT OF COLUMBIA,0.06335042,0.0
2038,9,288.6710748574159,2.275256465837175,FL,FLORIDA,0.06335042,18287.433834068735
2038,10,47034.301392432666,237.05996691164,GA,GEORGIA,0.06335042,2979642.7476171944
2038,12,61242.05811283816,2031.61700920666,ID,IDAHO,0.06335042,3879710.103112705
2038,13,12999.325054217545,199.98928631922615,IL,ILLINOIS,0.06335042,823512.7019012043
2038,14,6977.7861957656205,55.41726972067069,IN,INDIANA,0.06335042,442045.68617195426
2038,15,45.60308212683118,1.0868116258206195,IA,IOWA,0.06335042,2888.974406029249
2038,16,13211174.28115184,62047.49046299677,KS,KANSAS,0.06335042,836933439.4041672
2038,17,1475.4552133708,50.99019435207688,KY,KENTUCKY,0.06335042,93470.70745822981
2038,18,194781.89563221543,890.2655182126445,LA,LOUISIANA,0.06335042,12339514.896697015
2038,19,0.0,0.0,ME,MAINE,0.06335042,0.0
2038,20,44.17972918270996,1.1530773015425833,MD,MARYLAND,0.06335042,2798.804399210933
2038,21,0.0,0.0,MA,MASSACHUSETTS,0.06335042,0.0
2038,22,9037.215408442838,186.6901320122256,MI,MICHIGAN,0.06335042,572511.3917553254
2038,23,332066.91479214246,2850.7358224524305,MN,MINNESOTA,0.06335042,21036578.52018644
2038,24,48195.88679560208,320.7353880795309,MS,MISSISSIPPI,0.06335042,3053229.670773846
2038,25,85024.22372485946,1055.2882800364562,MO,MISSOURI,0.06335042,5386320.283143812
2038,26,6391143.5988612445,53977.307261054346,MT,MONTANA,0.06335042,404881631.26817137
2038,27,1787037.009181616,10276.89422740335,NE,NEBRASKA,0.06335042,113209545.08719923
2038,28,124.31403934137457,256.7069427739795,NV,NEVADA,0.06335042,7875.346604172602
2038,29,0.0,0.0,NH,NEW HAMPSHIRE,0.06335042,0.0
2038,30,365.39197915533214,6.158788714900366,NJ,NEW JERSEY,0.06335042,23147.73534412154
2038,31,47229.52600963616,1168.3102166621593,NM,NEW MEXICO,0.06335042,2992010.309111375
2038,32,220.14382327305933,7.594649427165647,NY,NEW YORK,0.06335042,13946.203664754084
2038,33,1695.4796134811031,18.666698395036978,NC,NORTH CAROLINA,0.06335042,107409.34561546556
2038,34,5806967.3029257385,33867.522460953114,ND,NORTH DAKOTA,0.06335042,367873817.5666128
2038,35,12462.398299453407,128.51936467353497,OH,OHIO,0.06335042,789498.1664776593
2038,36,10195712.056719178,46666.68318560279,OK,OKLAHOMA,0.06335042,645902640.9922239
2038,37,1422429.5443949332,8091.019222822639,OR,OREGON,0.06335042,90111509.05782767
2038,38,2.4399959815874896,0.2804060842647222,PA,PENNSYLVANIA,0.06335042,154.57477023187974
2038,39,0.0,0.0,RI,RHODE ISLAND,0.06335042,0.0
2038,40,59303.6975853784,350.8327973312849,SC,SOUTH CAROLINA,0.06335042,3756914.149586708
2038,41,1627064.6575448054,11444.07418650556,SD,SOUTH DAKOTA,0.06335042,103075229.42261961
2038,42,24828.90468373017,263.6056455105702,TN,TENNESSEE,0.06335042,1572921.5398542737
2038,43,6366186.716942,34548.95472614696,TX,TEXAS,0.06335042,403300602.3166969
2038,44,0.0,0.0,UT,UTAH,0.06335042,0.0
2038,45,0.0,0.0,VT,VERMONT,0.06335042,0.0
2038,46,11.142569663368777,2.52337065807264,VA,VIRGINIA,0.06335042,705.8864680536707
2038,47,595892.8368840734,9910.379776960131,WA,WASHINGTON,0.06335042,37750061.49159755
2038,48,0.0,0.0,WV,WEST VIRGINIA,0.06335042,0.0
2038,49,15555.845722885391,85.34314955915166,WI,WISCONSIN,0.06335042,985469.3599999932
2038,50,164513.91327127087,3468.246533597273,WY,WYOMING,0.06335042,10422025.501578584
2039,0,9232.977288936814,120.7673436960442,AL,ALABAMA,0.06345136,585844.9658321538
2039,2,0.0,0.0,AZ,ARIZONA,0.06345136,0.0
2039,3,136593.56814869956,1534.5593393352865,AR,ARKANSAS,0.06345136,8667047.666287668
2039,4,7813.818475603664,739.6372003129998,CA,CALIFORNIA,0.06345136,495797.40907017933
2039,5,470723.94385383633,16836.159217388697,CO,COLORADO,0.06345136,29868074.422089558
2039,6,0.0,0.0,CT,CONNECTICUT,0.06345136,0.0
2039,7,3011.6970309033613,58.71210312854226,DE,DELAWARE,0.06345136,191096.2725187803
2039,8,0.0,0.0,DC,DISTRICT OF COLUMBIA,0.06345136,0.0
2039,9,867.5869974589955,6.605712283624248,FL,FLORIDA,0.06345136,55049.5749070898
2039,10,39017.721276966426,437.03259302737416,GA,GEORGIA,0.06345136,2475727.479124456
2039,12,154957.66117857274,4717.970271079765,ID,IDAHO,0.06345136,9832274.344199643
2039,13,130797.27048535705,1364.133620395089,IL,ILLINOIS,0.06345136,8299264.696583765
2039,14,76385.84135504821,580.499261796038,IN,INDIANA,0.06345136,4846785.518722052
2039,15,0.0,0.0,IA,IOWA,0.06345136,0.0
2039,16,9377488.907977724,49950.50945976831,KS,KANSAS,0.06345136,595014424.5961014
2039,17,21877.80757444797,567.9175569647196,KY,KENTUCKY,0.06345136,1388176.6444170247
2039,18,81084.2677661558,607.8087174858817,LA,LOUISIANA,0.06345136,5144907.064366747
2039,19,0.0,0.0,ME,MAINE,0.06345136,0.0
2039,20,35585.60670410446,352.8901206215846,MD,MARYLAND,0.06345136,2257955.1418005456
2039,21,0.0,0.0,MA,MASSACHUSETTS,0.06345136,0.0
2039,22,21427.019892341606,210.98455145052932,MI,MICHIGAN,0.06345136,1359573.5529161284
2039,23,696440.2759951042,3881.791775523201,MN,MINNESOTA,0.06345136,44190082.67066471
2039,24,42993.876188595845,345.1551143847698,MS,MISSISSIPPI,0.06345136,2728019.9158380227
2039,25,25977.930778575068,277.34883405750486,MO,MISSOURI,0.06345136,1648335.0378864468
2039,26,6364001.884957272,47220.06749019451,MT,MONTANA,0.06345136,403804574.6431024
2039,27,1506173.8309214434,8720.139680391188,NE,NEBRASKA,0.06345136,95568777.96837564
2039,28,380.5207539745055,799.3499246960341,NV,NEVADA,0.06345136,24144.55934790778
2039,29,0.0,0.0,NH,NEW HAMPSHIRE,0.06345136,0.0
2039,30,7118.931922254106,115.5201093967802,NJ,NEW JERSEY,0.06345136,451705.91221443727
2039,31,20115.9598836328,550.8732772763117,NM,NEW MEXICO,0.06345136,1276385.012321943
2039,32,756.3200805951282,7.69373780349032,NY,NEW YORK,0.06345136,47989.537709070486
2039,33,37477.006946547845,468.1630528858667,NC,NORTH CAROLINA,0.06345136,2377967.0594879077
2039,34,2125278.146003806,14800.37561760176,ND,NORTH DAKOTA,0.06345136,134851788.74222007
2039,35,94165.2871372436,424.9860010147857,OH,OHIO,0.06345136,5974915.533648613
2039,36,3117051.3928379174,22352.05314402978,OK,OKLAHOMA,0.06345136,197781150.06546012
2039,37,2714746.825319593,12940.01622446746,OR,OREGON,0.06345136,172254378.1222106
2039,38,17820.89244882511,274.65284535999024,PA,PENNSYLVANIA,0.06345136,1130759.8622916837
2039,39,0.0,0.0,RI,RHODE ISLAND,0.06345136,0.0
2039,40,2651.197626447589,76.95810890348507,SC,SOUTH CAROLINA,0.06345136,168222.09502687145
2039,41,659107.7643333031,5943.204721305595,SD,SOUTH DAKOTA,0.06345136,41821284.03350757
2039,42,32787.94208266544,539.8605834191278,TN,TENNESSEE,0.06345136,2080439.5167463545
2039,43,1527276.6623277713,12548.294321058902,TX,TEXAS,0.06345136,96907781.32095785
2039,44,0.0,0.0,UT,UTAH,0.06345136,0.0
2039,45,0.0,0.0,VT,VERMONT,0.06345136,0.0
2039,46,22671.152463983693,221.16174146753625,VA,VIRGINIA,0.06345136,1438515.4566071162
2039,47,985221.1187043956,15919.741193252892,WA,WASHINGTON,0.06345136,62513619.88251534
2039,48,1490.3875178372407,17.41014173926352,WV,WEST VIRGINIA,0.06345136,94567.11493379717
2039,49,4191.699819666847,29.30551611758071,WI,WISCONSIN,0.06345136,265969.0542696162
2039,50,110444.66925256452,2387.9882847254303,WY,WYOMING,0.06345136,7007864.468825402
2040,0,27502.624924507934,172.09603578183066,AL,ALABAMA,0.0635523,1747855.0699898058
2040,2,0.0,0.0,AZ,ARIZONA,0.0635523,0.0
2040,3,460295.47323564417,3590.6635537205693,AR,ARKANSAS,0.0635523,29252836.00371363
2040,4,6311.902140839116,550.140999031704,CA,CALIFORNIA,0.0635523,401135.89842524985
2040,5,626700.6131503719,23383.937500829303,CO,COLORADO,0.0635523,39828265.37711638
2040,6,0.0,0.0,CT,CONNECTICUT,0.0635523,0.0
2040,7,281.60917408236566,9.84106846824157,DE,DELAWARE,0.0635523,17896.91071403473
2040,8,0.0,0.0,DC,DISTRICT OF COLUMBIA,0.0635523,0.0
2040,9,3073.804097449425,16.037034826834088,FL,FLORIDA,0.0635523,195347.3201423351
2040,10,211178.098156406,1328.1946828421403,GA,GEORGIA,0.0635523,13420853.84746536
2040,12,240244.0132915303,7405.64055384071,ID,IDAHO,0.0635523,15268059.605907323
2040,13,405546.4954780445,2170.0133072909152,IL,ILLINOIS,0.0635523,25773412.544569332
2040,14,141078.6847610935,875.7874461371581,IN,INDIANA,0.0635523,8965874.897542443
2040,15,170.01925619058605,1.5116844911490337,IA,IOWA,0.0635523,10805.114775200982
2040,16,12977289.106987696,57677.959387694165,KS,KANSAS,0.0635523,824736570.5140142
2040,17,16402.498233652826,690.6729115147072,KY,KENTUCKY,0.0635523,1042416.4884945747
2040,18,203681.855590628,1046.0400955355292,LA,LOUISIANA,0.0635523,12944450.391052268
2040,19,0.0,0.0,ME,MAINE,0.0635523,0.0
2040,20,204.78512646094777,2.0351015249888373,MD,MARYLAND,0.0635523,13014.565792384092
2040,21,0.0,0.0,MA,MASSACHUSETTS,0.0635523,0.0
2040,22,24873.424132598237,213.50234708338715,MI,MICHIGAN,0.0635523,1580763.312502123
2040,23,1372171.9189393132,7184.167027942501,MN,MINNESOTA,0.0635523,87204681.44400692
2040,24,121961.57179023752,597.875925275898,MS,MISSISSIPPI,0.0635523,7750938.398884713
2040,25,77750.23803983686,910.813399957836,MO,MISSOURI,0.0635523,4941206.452979124
2040,26,9758049.175804082,57804.60057105488,MT,MONTANA,0.0635523,620146468.6354538
2040,27,2406041.347060982,10431.04920027149,NE,NEBRASKA,0.0635523,152909461.50082368
2040,28,491.7033781944233,1018.3852200585168,NV,NEVADA,0.0635523,31248.88060202545
2040,29,0.0,0.0,NH,NEW HAMPSHIRE,0.0635523,0.0
2040,30,640.5740215960117,26.13796144512355,NJ,NEW JERSEY,0.0635523,40709.95239267622
2040,31,33952.86182336783,1113.6655678188476,NM,NEW MEXICO,0.0635523,2157782.4604572193
2040,32,0.0,0.0,NY,NEW YORK,0.0635523,0.0
2040,33,7423.722632414966,194.3983054781807,NC,NORTH CAROLINA,0.0635523,471794.6478520257
2040,34,4581088.584578161,24246.305153546484,ND,NORTH DAKOTA,0.0635523,291138716.0536867
2040,35,98049.22920556917,979.1915285378808,OH,OHIO,0.0635523,6231254.029241093
2040,36,5627945.404462799,36414.08391573277,OK,OKLAHOMA,0.0635523,357668874.7280412
2040,37,3057179.9554374698,14301.296226105496,OR,OREGON,0.0635523,194290817.68194875
2040,38,130.5824849911628,8.239330818083513,PA,PENNSYLVANIA,0.0635523,8298.817260903876
2040,39,0.0,0.0,RI,RHODE ISLAND,0.0635523,0.0
2040,40,100688.14388303545,723.331284088421,SC,SOUTH CAROLINA,0.0635523,6398963.126497835
2040,41,1570648.0751994266,9449.16630055654,SD,SOUTH DAKOTA,0.0635523,99818297.66949654
2040,42,29063.29730583748,407.29575338018486,TN,TENNESSEE,0.0635523,1847039.3893697755
2040,43,3112816.272244293,24726.610990892543,TX,TEXAS,0.0635523,197826633.578551
2040,44,0.0,0.0,UT,UTAH,0.0635523,0.0
2040,45,0.0,0.0,VT,VERMONT,0.0635523,0.0
2040,46,201.58096678178657,5.923638687789387,VA,VIRGINIA,0.0635523,12810.934075206136
2040,47,823082.2494385621,14208.73395544928,WA,WASHINGTON,0.0635523,52308770.04099433
2040,48,50.74670403793771,1.0096192721184456,WV,WEST VIRGINIA,0.0635523,3225.0697590302293
2040,49,12211.140316996029,103.89074647220396,WI,WISCONSIN,0.0635523,776046.0527678268
2040,50,188874.4277676693,3827.7925102088434,WY,WYOMING,0.0635523,12003404.29581925
2041,0,8457.44432252973,182.22134263108623,AL,ALABAMA,0.0636276,538126.8843761927
2041,2,0.0,0.0,AZ,ARIZONA,0.0636276,0.0
2041,3,459512.6091929039,4048.3454478468143,AR,ARKANSAS,0.0636276,29237684.492682416
2041,4,7658.98274431151,699.4429435029058,CA,CALIFORNIA,0.0636276,487322.69046195503
2041,5,665206.0539385623,22708.084169144797,CO,COLORADO,0.0636276,42325464.71758127
2041,6,0.0,0.0,CT,CONNECTICUT,0.0636276,0.0
2041,7,630.9964323285892,34.357989511976186,DE,DELAWARE,0.0636276,40148.78859763055
2041,8,0.0,0.0,DC,DISTRICT OF COLUMBIA,0.0636276,0.0
2041,9,519.9667331334689,7.644051577854091,FL,FLORIDA,0.0636276,33084.235309123105
2041,10,830.6601207209362,41.9442966645524,GA,GEORGIA,0.0636276,52852.90989718345
2041,12,272890.0703212947,8001.108696094449,ID,IDAHO,0.0636276,17363340.238375213
2041,13,429391.0208435549,2238.738497461893,IL,ILLINOIS,0.0636276,27321120.117825378
2041,14,204604.98657412123,1183.680552324849,IN,INDIANA,0.0636276,13018524.243743557
2041,15,233.3115234387151,1.7464104368389255,IA,IOWA,0.0636276,14845.052288749192
2041,16,9360876.089453729,47454.94131805511,KS,KANSAS,0.0636276,595610079.4693261
2041,17,16634.372488883208,641.0304882843591,KY,KENTUCKY,0.0636276,1058405.1989736652
2041,18,108366.03150602634,938.534709670194,LA,LOUISIANA,0.0636276,6895070.506252842
2041,19,0.0,0.0,ME,MAINE,0.0636276,0.0
2041,20,3646.8501442922698,122.68981296516073,MD,MARYLAND,0.0636276,232040.32224097085
2041,21,0.0,0.0,MA,MASSACHUSETTS,0.0636276,0.0
2041,22,39826.08322080795,231.05529781209864,MI,MICHIGAN,0.0636276,2534038.0927402806
2041,23,582682.4917073413,3908.345233028997,MN,MINNESOTA,0.0636276,37074688.50935803
2041,24,59398.345083255415,475.9332645784173,MS,MISSISSIPPI,0.0636276,3779374.141619343
2041,25,120723.79238535576,1208.1432152109735,MO,MISSOURI,0.0636276,7681365.172378463
2041,26,10554644.114842229,63258.67464230594,MT,MONTANA,0.0636276,671566673.8815354
2041,27,2214298.01530377,10392.123304866953,NE,NEBRASKA,0.0636276,140890468.39854217
2041,28,545.7037227527521,1126.8713901537146,NV,NEVADA,0.0636276,34721.81818982302
2041,29,0.0,0.0,NH,NEW HAMPSHIRE,0.0636276,0.0
2041,30,1959.3138087098148,74.38316946712953,NJ,NEW JERSEY,0.0636276,124666.43529506461
2041,31,45309.395237458695,1100.7587823048711,NM,NEW MEXICO,0.0636276,2882928.0764109273
2041,32,31.80784359727693,8.103270776893936,NY,NEW YORK,0.0636276,2023.8567492700977
2041,33,14862.820056051212,550.7559059985072,NC,NORTH CAROLINA,0.0636276,945685.5693984041
2041,34,4664998.075735119,25872.540118162746,ND,NORTH DAKOTA,0.0636276,296822631.5636439
2041,35,155086.86181695625,2030.3721266101315,OH,OHIO,0.0636276,9867804.808944566
2041,36,2843400.00057814,20585.29699595573,OK,OKLAHOMA,0.0636276,180918717.87678567
2041,37,3378196.323513563,14629.052396844772,OR,OREGON,0.0636276,214946524.3939916
2041,38,2019.4305557784212,165.0555153516392,PA,PENNSYLVANIA,0.0636276,128491.51963084709
2041,39,0.0,0.0,RI,RHODE ISLAND,0.0636276,0.0
2041,40,11346.784215276097,266.9105466539437,SC,SOUTH CAROLINA,0.0636276,721968.6473359014
2041,41,1971153.7960637703,11028.542343984836,SD,SOUTH DAKOTA,0.0636276,125419785.27442716
2041,42,25729.329331010864,513.3402996620972,TN,TENNESSEE,0.0636276,1637095.474941827
2041,43,3058718.714193559,18627.71462433076,TX,TEXAS,0.0636276,194618930.85922208
2041,44,0.0,0.0,UT,UTAH,0.0636276,0.0
2041,45,0.0,0.0,VT,VERMONT,0.0636276,0.0
2041,46,5652.697907809683,87.99301764235531,VA,VIRGINIA,0.0636276,359667.60139895143
2041,47,1489207.168916876,22238.0751144312,WA,WASHINGTON,0.0636276,94754678.06097543
2041,48,51.49881808946607,3.938388214617418,WV,WEST VIRGINIA,0.0636276,3276.746197869312
2041,49,50771.63155695661,241.1592672180484,WI,WISCONSIN,0.0636276,3230477.0640534125
2041,50,222384.52704859484,4320.391253794201,WY,WYOMING,0.0636276,14149793.733237173
2042,0,11401.46563002626,137.0674630490506,AL,ALABAMA,0.0637029,726306.424883
2042,2,0.0,0.0,AZ,ARIZONA,0.0637029,0.0
2042,3,152082.73425772152,1817.3553723717407,AR,ARKANSAS,0.0637029,9688111.21214621
2042,4,11945.271582253628,1091.185568376009,CA,CALIFORNIA,0.0637029,760948.4410771447
2042,5,660904.5722278645,24014.10282706833,CO,COLORADO,0.0637029,42101537.87417443
2042,6,0.0,0.0,CT,CONNECTICUT,0.0637029,0.0
2042,7,18545.377979919533,204.93480380657243,DE,DELAWARE,0.0637029,1181394.3589170163
2042,8,0.0,0.0,DC,DISTRICT OF COLUMBIA,0.0637029,0.0
2042,9,909.2696380061004,5.889411559127155,FL,FLORIDA,0.0637029,57923.11282293882
2042,10,52457.44488135431,616.7636774262894,GA,GEORGIA,0.0637029,3341691.3655324257
2042,12,230633.76635955853,6775.839109545408,ID,IDAHO,0.0637029,14692039.755026322
2042,13,153820.51040318274,1684.730000417381,IL,ILLINOIS,0.0637029,9798812.59216291
2042,14,115445.48685659404,946.012466164102,IN,INDIANA,0.0637029,7354212.304676926
2042,15,626.0398006794545,1.981027142237089,IA,IOWA,0.0637029,39880.550818703225
2042,16,14605228.271245193,63453.96371262532,KS,KANSAS,0.0637029,930395396.0403055
2042,17,16723.560162851234,718.9291697924318,KY,KENTUCKY,0.0637029,1065339.2806980961
2042,18,81939.81395448816,669.6526596045452,LA,LOUISIANA,0.0637029,5219803.774361365
2042,19,0.0,0.0,ME,MAINE,0.0637029,0.0
2042,20,43043.48376920914,467.2465675781229,MD,MARYLAND,0.0637029,2741994.742201553
2042,21,0.0,0.0,MA,MASSACHUSETTS,0.0637029,0.0
2042,22,15691.645858424734,223.89737635189533,MI,MICHIGAN,0.0637029,999603.3469546451
2042,23,1989666.0424680093,7787.150796272141,MN,MINNESOTA,0.0637029,126747496.93673536
2042,24,41758.22463382599,264.931490039598,MS,MISSISSIPPI,0.0637029,2660120.008026154
2042,25,71521.39279685137,1066.941045948692,MO,MISSOURI,0.0637029,4556120.133198544
2042,26,9545206.57870858,58856.76742480423,MT,MONTANA,0.0637029,608057340.1628149
2042,27,2561143.402579818,11050.76865310468,NE,NEBRASKA,0.0637029,163152262.06020188
2042,28,504.4905135647239,1041.7666265355797,NV,NEVADA,0.0637029,32137.508736562257
2042,29,0.0,0.0,NH,NEW HAMPSHIRE,0.0637029,0.0
2042,30,1541.783657702434,37.7944573005296,NJ,NEW JERSEY,0.0637029,98216.0901682524
2042,31,62695.49942476675,2081.02149307317,NM,NEW MEXICO,0.0637029,3993885.1303059743
2042,32,0.0,0.0,NY,NEW YORK,0.0637029,0.0
2042,33,132613.01309444482,1297.7691029056514,NC,NORTH CAROLINA,0.0637029,8447833.511854108
2042,34,9219522.638531072,36750.72111386052,ND,NORTH DAKOTA,0.0637029,587310328.6900811
2042,35,131494.7444437397,1261.9754289193766,OH,OHIO,0.0637029,8376596.555825108
2042,36,6197916.287928449,43609.33445241951,OK,OKLAHOMA,0.0637029,394825241.4982772
2042,37,2945489.070591386,13827.776593638286,OR,OREGON,0.0637029,187636195.714976
2042,38,1866.52210067136,138.54634748795905,PA,PENNSYLVANIA,0.0637029,118902.8707268576
2042,39,0.0,0.0,RI,RHODE ISLAND,0.0637029,0.0
2042,40,62449.42729782484,698.326642952336,SC,SOUTH CAROLINA,0.0637029,3978209.6222106065
2042,41,3267737.530993779,13500.405551726955,SD,SOUTH DAKOTA,0.0637029,208164357.16314363
2042,42,31285.355471811028,532.7017810624925,TN,TENNESSEE,0.0637029,1992967.8710852307
2042,43,4044684.3229320375,28370.738718316592,TX,TEXAS,0.0637029,257658120.9553073
2042,44,0.0,0.0,UT,UTAH,0.0637029,0.0
2042,45,0.0,0.0,VT,VERMONT,0.0637029,0.0
2042,46,37989.298020238384,297.832633185571,VA,VIRGINIA,0.0637029,2420028.452853444
2042,47,1027485.3854576848,16202.669628213042,WA,WASHINGTON,0.0637029,65453798.761272356
2042,48,183.97009281594111,4.43033633552938,WV,WEST VIRGINIA,0.0637029,11719.428425644617
2042,49,22739.828166349573,177.19616255836058,WI,WISCONSIN,0.0637029,1448592.9996981502
2042,50,225324.1582650008,4323.250892257654,WY,WYOMING,0.0637029,14353802.321539521
2043,0,0.0,0.0,AL,ALABAMA,0.0637782,0.0
2043,2,0.0,0.0,AZ,ARIZONA,0.0637782,0.0
2043,3,131234.6396036736,1750.8298502048265,AR,ARKANSAS,0.0637782,8369909.091571014
2043,4,6828.316193893442,600.5915545022382,CA,CALIFORNIA,0.0637782,435497.7158773747
2043,5,404454.57019936974,16404.399160084256,CO,COLORADO,0.0637782,25795384.46908944
2043,6,0.0,0.0,CT,CONNECTICUT,0.0637782,0.0
2043,7,0.0,0.0,DE,DELAWARE,0.0637782,0.0
2043,8,0.0,0.0,DC,DISTRICT OF COLUMBIA,0.0637782,0.0
2043,9,0.0,0.0,FL,FLORIDA,0.0637782,0.0
2043,10,81.58435227670509,1.6593288020416848,GA,GEORGIA,0.0637782,5203.303136374152
2043,12,258028.1045803084,7401.511662493821,ID,IDAHO,0.0637782,16456568.059543824
2043,13,224408.72391863508,1768.1172248906705,IL,ILLINOIS,0.0637782,14312384.475827489
2043,14,102044.44282209968,996.588823938312,IN,INDIANA,0.0637782,6508210.883196437
2043,15,395.94973863950605,2.2303349240107733,IA,IOWA,0.0637782,25252.961620898142
2043,16,9271860.180994134,59038.04681395123,KS,KANSAS,0.0637782,591342552.9954801
2043,17,0.0,0.0,KY,KENTUCKY,0.0637782,0.0
2043,18,79809.0890637088,517.6168882072939,LA,LOUISIANA,0.0637782,5090080.044123032
2043,19,0.0,0.0,ME,MAINE,0.0637782,0.0
2043,20,0.0,0.0,MD,MARYLAND,0.0637782,0.0
2043,21,0.0,0.0,MA,MASSACHUSETTS,0.0637782,0.0
2043,22,15938.994127816031,150.6484340739819,MI,MICHIGAN,0.0637782,1016560.3552826763
2043,23,1954202.8097441543,8935.368982862545,MN,MINNESOTA,0.0637782,124635537.64042462
2043,24,1431.5907678076942,25.098041750950355,MS,MISSISSIPPI,0.0637782,91304.28230739267
2043,25,51620.12846822412,1025.5314543093227,MO,MISSOURI,0.0637782,3292238.877472091
2043,26,10828978.145365436,63496.52106744678,MT,MONTANA,0.0637782,690652733.9507458
2043,27,2098694.5711236736,11343.85539984542,NE,NEBRASKA,0.0637782,133850962.09603988
2043,28,518.2609819458263,1070.2024722164629,NV,NEVADA,0.0637782,33053.752558737295
2043,29,0.0,0.0,NH,NEW HAMPSHIRE,0.0637782,0.0
2043,30,0.0,0.0,NJ,NEW JERSEY,0.0637782,0.0
2043,31,59076.24371526887,1592.2011234512345,NM,NEW MEXICO,0.0637782,3767776.486921161
2043,32,0.0,0.0,NY,NEW YORK,0.0637782,0.0
2043,33,0.0,0.0,NC,NORTH CAROLINA,0.0637782,0.0
2043,34,5900273.5318794325,32291.017011928445,ND,NORTH DAKOTA,0.0637782,376308825.3709128
2043,35,112239.37543025948,1003.57403986372,OH,OHIO,0.0637782,7158425.334066175
2043,36,7914325.07795183,45333.85224495843,OK,OKLAHOMA,0.0637782,504761407.6866273
2043,37,2900304.784319171,14107.486636847643,OR,OREGON,0.0637782,184976218.59526497
2043,38,0.0,0.0,PA,PENNSYLVANIA,0.0637782,0.0
2043,39,0.0,0.0,RI,RHODE ISLAND,0.0637782,0.0
2043,40,0.0,0.0,SC,SOUTH CAROLINA,0.0637782,0.0
2043,41,2654167.8375962377,13291.777623230286,SD,SOUTH DAKOTA,0.0637782,169278047.17978033
2043,42,373.3131948666271,7.652477327631422,TN,TENNESSEE,0.0637782,23809.243604842715
2043,43,4295131.667698347,34522.029981750085,TX,TEXAS,0.0637782,273935766.5287987
2043,44,0.0,0.0,UT,UTAH,0.0637782,0.0
2043,45,0.0,0.0,VT,VERMONT,0.0637782,0.0
2043,46,0.0,0.0,VA,VIRGINIA,0.0637782,0.0
2043,47,892606.1403736759,14055.037705991024,WA,WASHINGTON,0.0637782,56928812.94198036
2043,48,0.0,0.0,WV,WEST VIRGINIA,0.0637782,0.0
2043,49,38291.04893810024,228.6295026793264,WI,WISCONSIN,0.0637782,2442134.1773839444
2043,50,209861.26645135516,4374.324993347156,WY,WYOMING,0.0637782,13384573.823987817
2044,0,3342.9685443518383,109.00839799363746,AL,ALABAMA,0.0638535,213460.2419467701
2044,2,0.0,0.0,AZ,ARIZONA,0.0638535,0.0
2044,3,214607.48677419705,2435.363873809671,AR,ARKANSAS,0.0638535,13703439.15673619
2044,4,11757.231096268042,1061.364176042931,CA,CALIFORNIA,0.0638535,750740.3558055514
2044,5,370725.1575459508,15766.72052333958,CO,COLORADO,0.0638535,23672098.847360365
2044,6,0.0,0.0,CT,CONNECTICUT,0.0638535,0.0
2044,7,17.553823712002583,3.84211297271838,DE,DELAWARE,0.0638535,1120.873082394357
2044,8,0.0,0.0,DC,DISTRICT OF COLUMBIA,0.0638535,0.0
2044,9,455.1745733725273,4.934339272146877,FL,FLORIDA,0.0638535,29064.489620842665
2044,10,2419.9893185456804,57.196987284202486,GA,GEORGIA,0.0638535,154524.7879517566
2044,12,215763.94184149773,6407.857409278877,ID,IDAHO,0.0638535,13777282.860376073
2044,13,351639.0482734306,2235.8227615034384,IL,ILLINOIS,0.0638535,22453383.9689275
2044,14,86339.10096029047,928.6647872827244,IN,INDIANA,0.0638535,5513053.783167906
2044,15,521.9181903309408,2.479567497081188,IA,IOWA,0.0638535,33326.303166296726
2044,16,11685179.18213172,61670.60992364756,KS,KANSAS,0.0638535,746139588.9062479
2044,17,10258.33081911806,580.5576563403231,KY,KENTUCKY,0.0638535,655030.326958555
2044,18,8498.598840292978,106.4362378294904,LA,LOUISIANA,0.0638535,542665.2810486476
2044,19,0.0,0.0,ME,MAINE,0.0638535,0.0
2044,20,0.0,0.0,MD,MARYLAND,0.0638535,0.0
2044,21,0.0,0.0,MA,MASSACHUSETTS,0.0638535,0.0
2044,22,12513.57401111087,140.14537210858765,MI,MICHIGAN,0.0638535,799035.4981184679
2044,23,1366557.505174166,7009.030675133258,MN,MINNESOTA,0.0638535,87259479.65663859
2044,24,31779.122377052103,321.9871029544979,MS,MISSISSIPPI,0.0638535,2029208.190703096
2044,25,83875.84502139848,1189.0277990517034,MO,MISSOURI,0.0638535,5355766.2700738665
2044,26,8114641.77981337,54614.503359883536,MT,MONTANA,0.0638535,518148278.88731295
2044,27,2391584.230976989,11635.644399582352,NE,NEBRASKA,0.0638535,152711023.69268915
2044,28,502.9550873986371,1038.595990628006,NV,NEVADA,0.0638535,32115.44267320887
2044,29,0.0,0.0,NH,NEW HAMPSHIRE,0.0638535,0.0
2044,30,1571.0841228293496,43.59660160035582,NJ,NEW JERSEY,0.0638535,100319.22003708385
2044,31,40930.40384668411,1068.8234804240856,NM,NEW MEXICO,0.0638535,2613549.542024243
2044,32,0.0,0.0,NY,NEW YORK,0.0638535,0.0
2044,33,3577.4780490559388,95.56649546849012,NC,NORTH CAROLINA,0.0638535,228434.49460539335
2044,34,2218008.8158871024,14770.98799260947,ND,NORTH DAKOTA,0.0638535,141627625.9252471
2044,35,31980.07128878656,459.561377804099,OH,OHIO,0.0638535,2042039.4820385324
2044,36,7117714.88323378,40593.601725992754,OK,OKLAHOMA,0.0638535,454491007.2965681
2044,37,2419709.280376723,12400.964480398705,OR,OREGON,0.0638535,154506906.53453505
2044,38,9.485131867637929,0.8730202197312622,PA,PENNSYLVANIA,0.0638535,605.6588677102184
2044,39,0.0,0.0,RI,RHODE ISLAND,0.0638535,0.0
2044,40,1364.6640709933738,34.66228817756548,SC,SOUTH CAROLINA,0.0638535,87138.57725717539
2044,41,2545295.8638476767,14385.720253275964,SD,SOUTH DAKOTA,0.0638535,162526049.44219762
2044,42,30478.092580203916,422.145947408884,TN,TENNESSEE,0.0638535,1946132.8845700505
2044,43,4249732.814490655,25450.874383110728,TX,TEXAS,0.0638535,271360314.270079
2044,44,0.0,0.0,UT,UTAH,0.0638535,0.0
2044,45,0.0,0.0,VT,VERMONT,0.0638535,0.0
2044,46,0.0,0.0,VA,VIRGINIA,0.0638535,0.0
2044,47,1114876.5690618523,18077.47693744311,WA,WASHINGTON,0.0638535,71188771.00259097
2044,48,0.0,0.0,WV,WEST VIRGINIA,0.0638535,0.0
2044,49,5913.481637786047,95.62427037147135,WI,WISCONSIN,0.0638535,377596.49975837127
2044,50,82605.2501773154,2386.482163182344,WY,WYOMING,0.0638535,5274634.34219721
2045,0,1303.0564025386016,37.34622559482304,AL,ALABAMA,0.0639288,83302.83214660974
2045,2,0.0,0.0,AZ,ARIZONA,0.0639288,0.0
2045,3,752753.5490351671,4183.158177044403,AR,ARKANSAS,0.0639288,48122631.08555938
2045,4,4337.763953432008,377.7336770367423,CA,CALIFORNIA,0.0639288,277308.0442261641
2045,5,413878.26242540736,17485.770781532436,CO,COLORADO,0.0639288,26458740.662941378
2045,6,0.0,0.0,CT,CONNECTICUT,0.0639288,0.0
2045,7,0.0,0.0,DE,DELAWARE,0.0639288,0.0
2045,8,0.0,0.0,DC,DISTRICT OF COLUMBIA,0.0639288,0.0
2045,9,0.0,0.0,FL,FLORIDA,0.0639288,0.0
2045,10,40.07489711230421,1.1741151138441437,GA,GEORGIA,0.0639288,2561.940082513073
2045,12,89837.07057090309,3133.046080885205,ID,IDAHO,0.0639288,5743176.117113149
2045,13,639763.7330722638,2474.3851827067588,IL,ILLINOIS,0.0639288,40899327.73883013
2045,14,110968.33109723474,726.2314016939378,IN,INDIANA,0.0639288,7094072.245048899
2045,15,1192.8577181177598,2.699618088823692,IA,IOWA,0.0639288,76257.96249000664
2045,16,8461804.434782404,61022.20327824555,KS,KANSAS,0.0639288,540953003.3503174
2045,17,22717.05524096544,472.1677769114614,KY,KENTUCKY,0.0639288,1452274.0810886314
2045,18,119455.34332164803,731.9095050703505,LA,LOUISIANA,0.0639288,7636636.752140972
2045,19,0.0,0.0,ME,MAINE,0.0639288,0.0
2045,20,106.8241016638212,4.710236820564499,MD,MARYLAND,0.0639288,6829.136630446093
2045,21,0.0,0.0,MA,MASSACHUSETTS,0.0639288,0.0
2045,22,32612.38264807532,243.4784018100837,MI,MICHIGAN,0.0639288,2084870.4878322773
2045,23,123626.3112838028,1101.5671049717675,MN,MINNESOTA,0.0639288,7903281.728799972
2045,24,63681.261678399766,470.6314762853461,MS,MISSISSIPPI,0.0639288,4071066.6415860825
2045,25,288555.90992217103,1730.0301173456726,MO,MISSOURI,0.0639288,18447033.054232486
2045,26,5842370.46328352,41111.4039536937,MT,MONTANA,0.0639288,373495732.87315947
2045,27,1104247.2938275894,8696.46851155444,NE,NEBRASKA,0.0639288,70593204.39764518
2045,28,285.1253974693135,588.7803942285922,NV,NEVADA,0.0639288,18227.72450973625
2045,29,0.0,0.0,NH,NEW HAMPSHIRE,0.0639288,0.0
2045,30,514.8764389004506,17.98101360371822,NJ,NEW JERSEY,0.0639288,32915.43288717912
2045,31,38903.577537682126,983.6235600628546,NM,NEW MEXICO,0.0639288,2487059.0276909727
2045,32,434.7504974754367,7.324492002618896,NY,NEW YORK,0.0639288,27793.077603007696
2045,33,1038.6411630688435,54.04150022736893,NC,NORTH CAROLINA,0.0639288,66399.08318559547
2045,34,2408573.7158662155,13801.448551662725,ND,NORTH DAKOTA,0.0639288,153977227.3668681
2045,35,75114.32336374547,414.2439535307993,OH,OHIO,0.0639288,4801968.555456211
2045,36,7418353.327281674,43447.76729510461,OK,OKLAHOMA,0.0639288,474246426.18912464
2045,37,2468555.459537443,12074.1564445597,OR,OREGON,0.0639288,157811788.26167727
2045,38,6074.199846919832,242.6584818645465,PA,PENNSYLVANIA,0.0639288,388316.3071737686
2045,39,0.0,0.0,RI,RHODE ISLAND,0.0639288,0.0
2045,40,1008.1090114974434,35.035333124847604,SC,SOUTH CAROLINA,0.0639288,64447.19937421775
2045,41,721770.1400299589,7132.770417475185,SD,SOUTH DAKOTA,0.0639288,46141898.92794724
2045,42,43150.72821993982,379.46765616737866,TN,TENNESSEE,0.0639288,2758574.2742268885
2045,43,3557053.3682504315,24820.726677403876,TX,TEXAS,0.0639288,227398153.36820817
2045,44,0.0,0.0,UT,UTAH,0.0639288,0.0
2045,45,0.0,0.0,VT,VERMONT,0.0639288,0.0
2045,46,286.4839668767866,11.42400112872638,VA,VIRGINIA,0.0639288,18314.576221672713
2045,47,1099836.261855077,17544.561268339072,WA,WASHINGTON,0.0639288,70311212.41688085
2045,48,0.0,0.0,WV,WEST VIRGINIA,0.0639288,0.0
2045,49,47403.69929431063,210.0176221749049,WI,WISCONSIN,0.0639288,3030461.611446125
2045,50,196995.5695678016,4119.507279611749,WY,WYOMING,0.0639288,12593690.367786074
2046,0,9578.774104942797,128.51943014589233,AL,ALABAMA,0.06307858,604215.4686805626
2046,2,0.0,0.0,AZ,ARIZONA,0.06307858,0.0
2046,3,571658.6303548038,3905.7026107568927,AR,ARKANSAS,0.06307858,36059414.647525914
2046,4,8531.47402094917,744.420012415565,CA,CALIFORNIA,0.06307858,538153.2665483638
2046,5,731337.8012833063,24733.942999219867,CO,COLORADO,0.06307858,46131750.00527314
2046,6,0.0,0.0,CT,CONNECTICUT,0.06307858,0.0
2046,7,6039.6026023338845,110.13815383107116,DE,DELAWARE,0.06307858,380969.5559195261
2046,8,0.0,0.0,DC,DISTRICT OF COLUMBIA,0.06307858,0.0
2046,9,1556.187818077764,14.7153621720409,FL,FLORIDA,0.06307858,98162.11777764368
2046,10,19162.805635238317,367.4614260634615,GA,GEORGIA,0.06307858,1208762.5682868308
2046,12,144656.61429727264,4657.99973981565,ID,IDAHO,0.06307858,9124733.817479653
2046,13,227094.58517696665,1663.5196083612836,IL,ILLINOIS,0.06307858,14324803.958652103
2046,14,47658.76399404413,346.3688667784999,IN,INDIANA,0.06307858,3006247.157299432
2046,15,734.5194243098792,2.1862954568461,IA,IOWA,0.06307858,46332.44226788465
2046,16,14554766.50180366,62685.2128030358,KS,KANSAS,0.06307858,918094003.1653423
2046,17,3860.2501241359582,253.71226288034163,KY,KENTUCKY,0.06307858,243499.09627531993
2046,18,218362.46899847503,1007.3791531812104,LA,LOUISIANA,0.06307858,13773994.469717825
2046,19,0.0,0.0,ME,MAINE,0.06307858,0.0
2046,20,25266.85414552634,301.3532220849103,MD,MARYLAND,0.06307858,1593797.280566915
2046,21,0.0,0.0,MA,MASSACHUSETTS,0.06307858,0.0
2046,22,3527.238150258064,62.62206390471213,MI,MICHIGAN,0.06307858,222493.17384010527
2046,23,2618136.370749004,9828.940371931338,MN,MINNESOTA,0.06307858,165148324.51320073
2046,24,114113.04378876027,596.3424503779241,MS,MISSISSIPPI,0.06307858,7198088.761672817
2046,25,126827.66114625878,1264.316662968983,MO,MISSOURI,0.06307858,8000108.769827175
2046,26,9004880.41631461,55824.25295662056,MT,MONTANA,0.06307858,568015069.7309344
2046,27,2742737.9996553706,12219.61060455081,NE,NEBRASKA,0.06307858,173008018.33030125
2046,28,414.9777144424332,856.9381738432928,NV,NEVADA,0.06307858,26176.204958674178
2046,29,0.0,0.0,NH,NEW HAMPSHIRE,0.06307858,0.0
2046,30,1167.755477892638,21.661249688967462,NJ,NEW JERSEY,0.06307858,73660.35733268899
2046,31,70406.88206434548,1767.5079955740905,NM,NEW MEXICO,0.06307858,4441166.142846381
2046,32,0.0,0.0,NY,NEW YORK,0.06307858,0.0
2046,33,8406.770104496625,285.2552730675366,NC,NORTH CAROLINA,0.06307858,530287.1205780987
2046,34,9964614.765367154,40296.17696088285,ND,NORTH DAKOTA,0.06307858,628553749.6463932
2046,35,25801.22256751839,141.77071259195534,OH,OHIO,0.06307858,1627504.481823014
2046,36,8715504.338512583,42646.1756278136,OK,OKLAHOMA,0.06307858,549761637.657213
2046,37,2724230.3741984265,13284.354832107489,OR,OREGON,0.06307858,171840583.5973054
2046,38,4806.323986669005,147.2661404375359,PA,PENNSYLVANIA,0.06307858,303176.09209901973
2046,39,0.0,0.0,RI,RHODE ISLAND,0.06307858,0.0
2046,40,2710.4112743900505,74.1671927948166,SC,SOUTH CAROLINA,0.06307858,170968.89440451475
2046,41,3193354.6631062003,15165.974458481336,SD,SOUTH DAKOTA,0.06307858,201432277.5851175
2046,42,15833.539771242218,440.43956228628247,TN,TENNESSEE,0.06307858,998757.2051434838
2046,43,5874701.636064931,36236.14012370823,TX,TEXAS,0.06307858,370567837.1266526
2046,44,0.0,0.0,UT,UTAH,0.06307858,0.0
2046,45,0.0,0.0,VT,VERMONT,0.06307858,0.0
2046,46,3951.895682428142,81.78675222756308,VA,VIRGINIA,0.06307858,249279.96795569814
2046,47,961651.0518932452,15639.578733688748,WA,WASHINGTON,0.06307858,60659582.808932215
2046,48,12.691849406829302,1.278641884880718,WV,WEST VIRGINIA,0.06307858,800.5838381566347
2046,49,36373.559791754335,245.9953954589679,WI,WISCONSIN,0.06307858,2294392.501208959
2046,50,216391.4292243673,4596.904558503134,WY,WYOMING,0.06307858,13649664.07964359
2047,0,55343.0482754173,268.15183166541334,AL,ALABAMA,0.0622283599999999,3443907.1315800413
2047,2,0.0,0.0,AZ,ARIZONA,0.0622283599999999,0.0
2047,3,928476.1883461332,4227.291144405623,AR,ARKANSAS,0.0622283599999999,57777550.49983089
2047,4,16792.55219474916,1573.208694364007,CA,CALIFORNIA,0.0622283599999999,1044972.9832936393
2047,5,226068.0159091621,8917.418882902395,CO,COLORADO,0.0622283599999999,14067841.878481042
2047,6,0.0,0.0,CT,CONNECTICUT,0.0622283599999999,0.0
2047,7,4316.836510500671,81.5402163434346,DE,DELAWARE,0.0622283599999999,268629.65643657907
2047,8,0.0,0.0,DC,DISTRICT OF COLUMBIA,0.0622283599999999,0.0
2047,9,4013.690293854545,20.3513895129421,FL,FLORIDA,0.0622283599999999,249765.364534486
2047,10,180878.1890466521,1195.740325384595,GA,GEORGIA,0.0622283599999999,11255753.064143106
2047,12,256621.09698065984,7529.009751948175,ID,IDAHO,0.0622283599999999,15969110.006507387
2047,13,430762.2339651773,2288.5567676267583,IL,ILLINOIS,0.0622283599999999,26805627.369589236
2047,14,103483.44458586066,619.7213534927504,IN,INDIANA,0.0622283599999999,6439605.043728978
2047,15,584.2547224297374,1.672920407387374,IA,IOWA,0.0622283599999999,36357.21319905772
2047,16,4732591.498534389,31652.18931165529,KS,KANSAS,0.0622283599999999,294501407.5037369
2047,17,75897.85927799939,1071.600155569421,KY,KENTUCKY,0.0622283599999999,4722999.310380679
2047,18,130836.64350993886,825.457969215478,LA,LOUISIANA,0.0622283599999999,8141749.7535281265
2047,19,0.0,0.0,ME,MAINE,0.0622283599999999,0.0
2047,20,26931.03575902803,250.81635239793945,MD,MARYLAND,0.0622283599999999,1675874.1883856668
2047,21,0.0,0.0,MA,MASSACHUSETTS,0.0622283599999999,0.0
2047,22,17644.33450798056,199.85439778358864,MI,MICHIGAN,0.0622283599999999,1097977.9997230354
2047,23,1000659.9813665544,5951.744689773895,MN,MINNESOTA,0.0622283599999999,62269429.55807114
2047,24,180695.00852599656,605.7017695576671,MS,MISSISSIPPI,0.0622283599999999,11244354.040758766
2047,25,158445.58339640067,1224.8155783700483,MO,MISSOURI,0.0622283599999999,9859808.804001227
2047,26,5460888.25167859,39985.51594839708,MT,MONTANA,0.0622283599999999,339822120.0452253
2047,27,1753815.792216939,11406.756075492774,NE,NEBRASKA,0.0622283599999999,109137080.4917607
2047,28,529.3926841876324,1093.1892986883884,NV,NEVADA,0.0622283599999999,32943.23853299424
2047,29,0.0,0.0,NH,NEW HAMPSHIRE,0.0622283599999999,0.0
2047,30,1868.274526217703,21.26180966155944,NJ,NEW JERSEY,0.0622283599999999,116259.65979630448
2047,31,36050.09283941414,938.782034708504,NM,NEW MEXICO,0.0622283599999999,2243338.1552444813
2047,32,0.0,0.0,NY,NEW YORK,0.0622283599999999,0.0
2047,33,47992.11467635669,696.5717713360957,NC,NORTH CAROLINA,0.0622283599999999,2986470.5892416025
2047,34,2648909.43061581,17790.284765966273,ND,NORTH DAKOTA,0.0622283599999999,164837289.6557554
2047,35,73758.15062855544,346.1901534023899,OH,OHIO,0.0622283599999999,4589848.7502479665
2047,36,2555202.0668083336,15650.272809705051,OK,OKLAHOMA,0.0622283599999999,159006034.08609277
2047,37,3111065.551350629,14661.86775231034,OR,OREGON,0.0622283599999999,193596507.1130451
2047,38,901.2635241424548,53.59439144690461,PA,PENNSYLVANIA,0.0622283599999999,56084.15103520528
2047,39,0.0,0.0,RI,RHODE ISLAND,0.0622283599999999,0.0
2047,40,65759.07739130646,696.1846111279264,SC,SOUTH CAROLINA,0.0622283599999999,4092079.541174073
2047,41,1619781.8813330734,12466.350910316864,SD,SOUTH DAKOTA,0.0622283599999999,100796370.0330716
2047,42,114719.5839472625,640.1394682595464,TN,TENNESSEE,0.0622283599999999,7138811.56892046
2047,43,2358618.532356224,14224.298148903772,TX,TEXAS,0.0622283599999999,146772963.13413453
2047,44,0.0,0.0,UT,UTAH,0.0622283599999999,0.0
2047,45,0.0,0.0,VT,VERMONT,0.0622283599999999,0.0
2047,46,9500.612684317512,107.62653485933998,VA,VIRGINIA,0.0622283599999999,591207.5463402756
2047,47,1058174.9490376678,16755.990943508936,WA,WASHINGTON,0.0622283599999999,65848491.67169754
2047,48,50.15371399093581,1.886665168878104,WV,WEST VIRGINIA,0.0622283599999999,3120.9833695649854
2047,49,92460.6232837483,294.51455302386705,WI,WISCONSIN,0.0622283599999999,5753672.951525462
2047,50,188100.71455124585,4031.816795051662,WY,WYOMING,0.0622283599999999,11705198.981352145
2048,0,7309.715162778892,137.56486525634787,AL,ALABAMA,0.06137814,448656.7206211656
2048,2,0.0,0.0,AZ,ARIZONA,0.06137814,0.0
2048,3,799758.4077857502,4105.768482321213,AR,ARKANSAS,0.06137814,49087683.51925087
2048,4,14495.545753474198,1299.5117374685842,CA,CALIFORNIA,0.06137814,889709.6366331448
2048,5,589225.1068960088,21189.261555963512,CO,COLORADO,0.06137814,36165541.10257819
2048,6,0.0,0.0,CT,CONNECTICUT,0.06137814,0.0
2048,7,428.5938942076683,25.311442879024977,DE,DELAWARE,0.06137814,26306.296041823454
2048,8,0.0,0.0,DC,DISTRICT OF COLUMBIA,0.06137814,0.0
2048,9,1437.6715337633286,11.416158441144676,FL,FLORIDA,0.06137814,88241.6046733403
2048,10,39294.75250235693,422.4691793734187,GA,GEORGIA,0.06137814,2411838.820355014
2048,12,173513.56831070318,5250.787773789234,ID,IDAHO,0.06137814,10649940.087673903
2048,13,56700.94717712033,389.5043205140134,IL,ILLINOIS,0.06137814,3480198.673969896
2048,14,61530.63322954815,396.6703740315559,IN,INDIANA,0.06137814,3776635.820651858
2048,15,118.0588810901156,0.793417637227745,IA,IOWA,0.06137814,7246.234531792468
2048,16,10615827.614526868,48360.08490290994,KS,KANSAS,0.06137814,651579753.5402961
2048,17,17575.028094509515,351.6518629136244,KY,KENTUCKY,0.06137814,1078722.5348887383
2048,18,125013.08784476922,878.7316006277547,LA,LOUISIANA,0.06137814,7673070.807568544
2048,19,0.0,0.0,ME,MAINE,0.06137814,0.0
2048,20,4933.313892597016,171.39073158314133,MD,MARYLAND,0.06137814,302797.6307637646
2048,21,0.0,0.0,MA,MASSACHUSETTS,0.06137814,0.0
2048,22,2793.5273577028383,57.54082061425477,MI,MICHIGAN,0.06137814,171461.51325491487
2048,23,113873.9281263706,931.2133757061516,MN,MINNESOTA,0.06137814,6989369.9028903125
2048,24,127221.96076591838,518.4734544307427,MS,MISSISSIPPI,0.06137814,7808647.318965046
2048,25,64883.44323492935,642.849771572702,MO,MISSOURI,0.06137814,3982425.0625555464
2048,26,3741818.120904008,32706.40769245949,MT,MONTANA,0.06137814,229665836.4793831
2048,27,1931775.8161798727,10096.61819937438,NE,NEBRASKA,0.06137814,118568806.4941025
2048,28,486.2903785669212,1004.1835744675044,NV,NEVADA,0.06137814,29847.59893633349
2048,29,0.0,0.0,NH,NEW HAMPSHIRE,0.06137814,0.0
2048,30,462.85557461214,7.073850447438299,NJ,NEW JERSEY,0.06137814,28409.214258324373
2048,31,76380.00739100162,1854.0810193867749,NM,NEW MEXICO,0.06137814,4688062.786845933
2048,32,0.0,0.0,NY,NEW YORK,0.06137814,0.0
2048,33,66588.1461281903,868.6790275033231,NC,NORTH CAROLINA,0.06137814,4087056.555396522
2048,34,3552291.2662700224,23757.412155856327,ND,NORTH DAKOTA,0.06137814,218033030.6618987
2048,35,14652.311187679245,112.45379854630735,OH,OHIO,0.06137814,899331.607400943
2048,36,6987664.615163725,35864.74899035776,OK,OKLAHOMA,0.06137814,428889857.0225652
2048,37,2410140.769249096,11666.85407610954,OR,OREGON,0.06137814,147929957.5546787
2048,38,1066.5115850102738,60.79099026062144,PA,PENNSYLVANIA,0.06137814,65460.49737638249
2048,39,0.0,0.0,RI,RHODE ISLAND,0.06137814,0.0
2048,40,32718.969619421863,353.4397732504727,SC,SOUTH CAROLINA,0.06137814,2008229.4979566217
2048,41,975124.2776976248,8733.617052649191,SD,SOUTH DAKOTA,0.06137814,59851314.43392369
2048,42,47793.24981609367,507.1499574791828,TN,TENNESSEE,0.06137814,2933460.7782671712
2048,43,5665735.636363987,33295.080658648665,TX,TEXAS,0.06137814,347752315.09173787
2048,44,0.0,0.0,UT,UTAH,0.06137814,0.0
2048,45,0.0,0.0,VT,VERMONT,0.06137814,0.0
2048,46,2027.6197013943784,55.88826173126079,VA,VIRGINIA,0.06137814,124451.52589894235
2048,47,1003020.5816531164,15288.212521674548,WA,WASHINGTON,0.06137814,61563537.683586404
2048,48,0.0,0.0,WV,WEST VIRGINIA,0.06137814,0.0
2048,49,5073.81202252951,36.25573207012042,WI,WISCONSIN,0.06137814,311421.1446524994
2048,50,186981.391744906,3719.323473345693,WY,WYOMING,0.06137814,11476570.039913684
2049,0,404.6175864279734,16.04564499592342,AL,ALABAMA,0.06052792,24490.660901905456
2049,2,0.0,0.0,AZ,ARIZONA,0.06052792,0.0
2049,3,69245.0535373641,776.9828640486047,AR,ARKANSAS,0.06052792,4191259.0609052917
2049,4,10988.241322903465,999.0063191455488,CA,CALIFORNIA,0.06052792,665095.3917333952
2049,5,457526.24585094297,17666.376466904774,CO,COLORADO,0.06052792,27693112.006766208
2049,6,0.0,0.0,CT,CONNECTICUT,0.06052792,0.0
2049,7,0.0,0.0,DE,DELAWARE,0.06052792,0.0
2049,8,0.0,0.0,DC,DISTRICT OF COLUMBIA,0.06052792,0.0
2049,9,0.0,0.0,FL,FLORIDA,0.06052792,0.0
2049,10,0.0,0.0,GA,GEORGIA,0.06052792,0.0
2049,12,80209.63182791206,3056.651612943824,ID,IDAHO,0.06052792,4854922.178509315
2049,13,7043.878367957336,117.6220304262513,IL,ILLINOIS,0.06052792,426351.3063454522
2049,14,42404.35009650671,394.5251090681222,IN,INDIANA,0.06052792,2566647.11029335
2049,15,52.86786092924356,0.3529589615376652,IA,IOWA,0.06052792,3199.98165689638
2049,16,9141860.318049494,49464.877162098346,KS,KANSAS,0.06052792,553337789.9820743
2049,17,12159.842042665505,371.0871352923197,KY,KENTUCKY,0.06052792,736009.9463710942
2049,18,48734.614114561526,582.4294017427056,LA,LOUISIANA,0.06052792,2949804.824357051
2049,19,0.0,0.0,ME,MAINE,0.06052792,0.0
2049,20,0.0,0.0,MD,MARYLAND,0.06052792,0.0
2049,21,0.0,0.0,MA,MASSACHUSETTS,0.06052792,0.0
2049,22,1557.948515108798,6.384754960077864,MI,MICHIGAN,0.06052792,94299.3830866241
2049,23,23164.107450024305,455.8964084473993,MN,MINNESOTA,0.06052792,1402075.242606475
2049,24,19139.73899625461,170.39412049886397,MS,MISSISSIPPI,0.06052792,1158488.5907861795
2049,25,30564.995627086464,607.985697352736,MO,MISSOURI,0.06052792,1850035.6101166394
2049,26,5200874.709075173,41504.60138794252,MT,MONTANA,0.06052792,314798128.32092535
2049,27,714311.1901171185,5856.470428136099,NE,NEBRASKA,0.06052792,43235770.57051374
2049,28,366.2062391454255,756.2113223400913,NV,NEVADA,0.06052792,22165.70194649518
2049,29,0.0,0.0,NH,NEW HAMPSHIRE,0.06052792,0.0
2049,30,9.164665860602735,0.5849126950606268,NJ,NEW JERSEY,0.06052792,554.7181620372935
2049,31,52355.10413861337,1436.456436248839,NM,NEW MEXICO,0.06052792,3168945.554893659
2049,32,0.0,0.0,NY,NEW YORK,0.06052792,0.0
2049,33,2756.3547442938698,47.553835042225565,NC,NORTH CAROLINA,0.06052792,166836.4194542398
2049,34,1098861.8006670706,7788.895562716254,ND,NORTH DAKOTA,0.06052792,66511819.1618324
2049,35,35892.137792592504,322.21354405988046,OH,OHIO,0.06052792,2172476.4449390154
2049,36,5710848.665662441,33823.87970068483,OK,OKLAHOMA,0.06052792,345665791.167323
2049,37,2484535.8780356515,11904.827591547426,OR,OREGON,0.06052792,150383788.86287168
2049,38,27.45572686893092,1.605053052987981,PA,PENNSYLVANIA,0.06052792,1661.8380394645012
2049,39,0.0,0.0,RI,RHODE ISLAND,0.06052792,0.0
2049,40,15.903167738728504,0.7866632458908227,SC,SOUTH CAROLINA,0.06052792,962.5856646363397
2049,41,409170.923470046,4556.846622473694,SD,SOUTH DAKOTA,0.06052792,24766264.92212107
2049,42,7586.755701154891,152.60052521642342,TN,TENNESSEE,0.06052792,459210.5421390471
2049,43,5326742.374465652,30920.64030037839,TX,TEXAS,0.06052792,322416636.302267
2049,44,0.0,0.0,UT,UTAH,0.06052792,0.0
2049,45,0.0,0.0,VT,VERMONT,0.06052792,0.0
2049,46,14.543772210829722,0.714955981893625,VA,VIRGINIA,0.06052792,880.3042808753246
2049,47,1097340.999025272,17188.315214670685,WA,WASHINGTON,0.06052792,66419768.201721735
2049,48,0.0,0.0,WV,WEST VIRGINIA,0.06052792,0.0
2049,49,1225.4669151430226,8.606067544058309,WI,WISCONSIN,0.06052792,74174.96340242366
2049,50,66696.62415988604,1729.9234980030926,WY,WYOMING,0.06052792,4037007.9314196487
2050,0,2426.6602558416607,76.09608073635742,AL,ALABAMA,0.0596777,144817.50275004187
2050,2,0.0,0.0,AZ,ARIZONA,0.0596777,0.0
2050,3,303690.5807418948,2286.590777930767,AR,ARKANSAS,0.0596777,18123555.370340575
2050,4,6877.273692476188,611.8952369260035,CA,CALIFORNIA,0.0596777,410419.87623748626
2050,5,296939.6413291361,12414.873036146602,CO,COLORADO,0.0596777,17720674.833347782
2050,6,0.0,0.0,CT,CONNECTICUT,0.0596777,0.0
2050,7,2985.394227507954,90.30100506515662,DE,DELAWARE,0.0596777,178161.46109095143
2050,8,0.0,0.0,DC,DISTRICT OF COLUMBIA,0.0596777,0.0
2050,9,0.0,0.0,FL,FLORIDA,0.0596777,0.0
2050,10,0.0,0.0,GA,GEORGIA,0.0596777,0.0
2050,12,152050.77912893228,4670.733624317327,ID,IDAHO,0.0596777,9074040.781622682
2050,13,16731.090718195668,289.3760007203645,IL,ILLINOIS,0.0596777,998473.0125532656
2050,14,52530.13538905804,516.6265325698877,IN,INDIANA,0.0596777,3134877.6607075892
2050,15,0.0,0.0,IA,IOWA,0.0596777,0.0
2050,16,9286910.349896464,50420.27194633959,KS,KANSAS,0.0596777,554221449.7880163
2050,17,24896.964063416228,888.0464546012793,KY,KENTUCKY,0.0596777,1485793.5522873346
2050,18,163384.40767525905,890.3574316852274,LA,LOUISIANA,0.0596777,9750405.665921807
2050,19,0.0,0.0,ME,MAINE,0.0596777,0.0
2050,20,4684.673689754432,111.4312861016676,MD,MARYLAND,0.0596777,279570.5510550581
2050,21,0.0,0.0,MA,MASSACHUSETTS,0.0596777,0.0
2050,22,7530.830611425572,195.81326888839817,MI,MICHIGAN,0.0596777,449422.64997947187
2050,23,168233.9699245286,1174.2475772238197,MN,MINNESOTA,0.0596777,10039816.38696504
2050,24,44670.156429545845,373.5336466878885,MS,MISSISSIPPI,0.0596777,2665812.194355508
2050,25,12530.99129925444,216.4745897976796,MO,MISSOURI,0.0596777,747820.7394595167
2050,26,1897414.7377835368,15869.562527725226,MT,MONTANA,0.0596777,113233347.49702457
2050,27,682705.3309451166,5911.952826187317,NE,NEBRASKA,0.0596777,40742283.92854339
2050,28,460.3531365902788,950.62349286217,NV,NEVADA,0.0596777,27472.81637949368
2050,29,0.0,0.0,NH,NEW HAMPSHIRE,0.0596777,0.0
2050,30,4464.059068173476,108.17263092779608,NJ,NEW JERSEY,0.0596777,266404.77785273624
2050,31,35627.05602290358,1000.8231697827086,NM,NEW MEXICO,0.0596777,2126140.761218033
2050,32,0.0,0.0,NY,NEW YORK,0.0596777,0.0
2050,33,55447.3031690604,735.5261278854098,NC,NORTH CAROLINA,0.0596777,3308967.5243322356
2050,34,181988.22481647308,3172.8372886875923,ND,NORTH DAKOTA,0.0596777,10860638.684130037
2050,35,95100.83869662018,580.7986870372162,OH,OHIO,0.0596777,5675399.32148529
2050,36,4321968.948166374,27501.237171332163,OK,OKLAHOMA,0.0596777,257925166.29798844
2050,37,2081034.0382906848,10337.420649362197,OR,OREGON,0.0596777,124191325.0269
2050,38,996.6535257725882,59.41428388744828,PA,PENNSYLVANIA,0.0596777,59477.990114998785
2050,39,0.0,0.0,RI,RHODE ISLAND,0.0596777,0.0
2050,40,19982.01832965968,263.14987175167107,SC,SOUTH CAROLINA,0.0596777,1192480.8952719315
2050,41,58019.411461836185,1324.9543821594905,SD,SOUTH DAKOTA,0.0596777,3462465.0313960216
2050,42,13151.07605667724,308.56520298258016,TN,TENNESSEE,0.0596777,784825.9715875674
2050,43,1854487.5504274871,13457.520113736417,TX,TEXAS,0.0596777,110671551.68814644
2050,44,0.0,0.0,UT,UTAH,0.0596777,0.0
2050,45,0.0,0.0,VT,VERMONT,0.0596777,0.0
2050,46,2193.842598547249,44.94508564791014,VA,VIRGINIA,0.0596777,130923.48044332316
2050,47,703389.8964061113,10658.848316057782,WA,WASHINGTON,0.0596777,41976691.22075499
2050,48,0.0,0.0,WV,WEST VIRGINIA,0.0596777,0.0
2050,49,3049.016577826784,19.058849741128267,WI,WISCONSIN,0.0596777,181958.29662657346
2050,50,31350.961743628235,685.6515458871356,WY,WYOMING,0.0596777,1870953.2896477226
2051,0,24614.96920419561,149.51985468170392,AL,ALABAMA,0.05981202,1472271.030340732
2051,2,0.0,0.0,AZ,ARIZONA,0.05981202,0.0
2051,3,405127.4026979719,3069.289174074264,AR,ARKANSAS,0.05981202,24231488.312719148
2051,4,3547.693756324837,308.9341471696746,CA,CALIFORNIA,0.05981202,212194.72990717628
2051,5,209134.71339052232,8077.591533485282,CO,COLORADO,0.05981202,12508769.66000819
2051,6,0.0,0.0,CT,CONNECTICUT,0.05981202,0.0
2051,7,7809.741208458486,127.98551991761578,DE,DELAWARE,0.05981202,467116.39735514316
2051,8,0.0,0.0,DC,DISTRICT OF COLUMBIA,0.05981202,0.0
2051,9,2138.837952386866,11.046106588554489,FL,FLORIDA,0.05981202,127928.2183849223
2051,10,141037.3130677265,1192.8041390907697,GA,GEORGIA,0.05981202,8435726.589953119
2051,12,87088.81172756385,2877.0374899943763,ID,IDAHO,0.05981202,5208957.748825284
2051,13,24779.495382168443,206.89542565315116,IL,ILLINOIS,0.05981202,1482111.6733881666
2051,14,30347.746942371563,180.68477555241523,IN,INDIANA,0.05981202,1815160.0470720667
2051,15,4.417221439929726,0.2500125788965798,IA,IOWA,0.05981202,264.20293710950557
2051,16,14876620.06467321,61112.221628659856,KS,KANSAS,0.05981202,889800696.8406353
2051,17,3645.1961963190624,151.47881870395585,KY,KENTUCKY,0.05981202,218026.54779815968
2051,18,309029.5942542987,1043.0709069836375,LA,LOUISIANA,0.05981202,18483684.27213
2051,19,0.0,0.0,ME,MAINE,0.05981202,0.0
2051,20,7545.74755027167,92.38649632069816,MD,MARYLAND,0.05981202,451326.4033918001
2051,21,0.0,0.0,MA,MASSACHUSETTS,0.05981202,0.0
2051,22,2065.9053261364525,36.6040423096164,MI,MICHIGAN,0.05981202,123565.97068498001
2051,23,0.0,0.0,MN,MINNESOTA,0.05981202,0.0
2051,24,167876.3578066206,599.3228120113397,MS,MISSISSIPPI,0.05981202,10041024.070656747
2051,25,40568.65463646045,690.4383120086561,MO,MISSOURI,0.05981202,2426493.1824890655
2051,26,972927.2598876428,6414.034869319032,MT,MONTANA,0.05981202,58192744.72694489
2051,27,1122720.8894788302,8311.180378887004,NE,NEBRASKA,0.05981202,67152204.29592557
2051,28,326.4965134401564,674.2112333863394,NV,NEVADA,0.05981202,19528.4159918129
2051,29,0.0,0.0,NH,NEW HAMPSHIRE,0.05981202,0.0
2051,30,121.561266037648,8.192001167755837,NJ,NEW JERSEY,0.05981202,7270.824875469122
2051,31,84583.19191015058,2017.9467357925143,NM,NEW MEXICO,0.05981202,5059091.566193764
2051,32,0.0,0.0,NY,NEW YORK,0.05981202,0.0
2051,33,187722.93936296715,1453.7311593737925,NC,NORTH CAROLINA,0.05981202,11228088.20363658
2051,34,0.0,0.0,ND,NORTH DAKOTA,0.05981202,0.0
2051,35,53774.205275766624,310.5042939261346,OH,OHIO,0.05981202,3216343.841438259
2051,36,8601173.82137271,38487.49672879795,OK,OKLAHOMA,0.05981202,514453580.6274209
2051,37,1817739.3042391744,9377.355456108768,OR,OREGON,0.05981202,108722659.61993958
2051,38,95.3849261669231,11.474827165835793,PA,PENNSYLVANIA,0.05981202,5705.165111594527
2051,39,0.0,0.0,RI,RHODE ISLAND,0.05981202,0.0
2051,40,78844.24345303731,838.4097466388725,SC,SOUTH CAROLINA,0.05981202,4715833.466297937
2051,41,99407.19953795256,1222.569388933384,SD,SOUTH DAKOTA,0.05981202,5945745.406908009
2051,42,22798.320345363176,327.3278675930894,TN,TENNESSEE,0.05981202,1363613.5924632694
2051,43,5976134.798365891,33449.27130040644,TX,TEXAS,0.05981202,357444694.0825566
2051,44,0.0,0.0,UT,UTAH,0.05981202,0.0
2051,45,0.0,0.0,VT,VERMONT,0.05981202,0.0
2051,46,24240.98475369385,177.6124867786285,VA,VIRGINIA,0.05981202,1449902.2649076316
2051,47,591106.7007990229,8813.527067757808,WA,WASHINGTON,0.05981202,35355285.810325176
2051,48,0.0,0.0,WV,WEST VIRGINIA,0.05981202,0.0
2051,49,5839.938438430906,46.563708376298784,WI,WISCONSIN,0.05981202,349298.51467819815
2051,50,39438.91233091253,942.708621467237,WY,WYOMING,0.05981202,2358921.0131147867
2052,0,4279.205104250075,85.76081822793988,AL,ALABAMA,0.05994634,256522.68410911047
2052,2,0.0,0.0,AZ,ARIZONA,0.05994634,0.0
2052,3,1076518.977672968,4256.788998017029,AR,ARKANSAS,0.05994634,64533372.65203616
2052,4,10210.13109951095,916.5060716087668,CA,CALIFORNIA,0.05994634,612059.9903358573
2052,5,721140.5054937496,24655.006542720923,CO,COLORADO,0.05994634,43229733.93010018
2052,6,0.0,0.0,CT,CONNECTICUT,0.05994634,0.0
2052,7,31.34853898128076,7.10360200715029,DE,DELAWARE,0.05994634,1879.2301762751104
2052,8,0.0,0.0,DC,DISTRICT OF COLUMBIA,0.05994634,0.0
2052,9,8.80378053024965,1.3608164833382972,FL,FLORIDA,0.05994634,527.7544209517258
2052,10,21573.97758553167,407.7844683469973,GA,GEORGIA,0.05994634,1293280.9954946607
2052,12,213070.52345774116,6360.658967552943,ID,IDAHO,0.05994634,12772798.043175727
2052,13,658819.7892756107,2072.8202536173508,IL,ILLINOIS,0.05994634,39493835.08664411
2052,14,112651.53160024829,601.3409802836495,IN,INDIANA,0.05994634,6753047.014829229
2052,15,190.5374960169779,0.5288932057410531,IA,IOWA,0.05994634,11422.025518982404
2052,16,16056854.30322365,64238.21850519882,KS,KANSAS,0.05994634,962549647.391508
2052,17,59758.05695481488,890.9408350276119,KY,KENTUCKY,0.05994634,3582276.7999526975
2052,18,158113.78023006828,845.6127602794093,LA,LOUISIANA,0.05994634,9478342.428356953
2052,19,0.0,0.0,ME,MAINE,0.05994634,0.0
2052,20,1845.2013227729087,92.18739456484344,MD,MARYLAND,0.05994634,110613.06586339453
2052,21,0.0,0.0,MA,MASSACHUSETTS,0.05994634,0.0
2052,22,18470.129979508387,184.441531382716,MI,MICHIGAN,0.05994634,1107216.6915958028
2052,23,821927.3137804487,4034.191589336993,MN,MINNESOTA,0.05994634,49271534.207169466
2052,24,146123.64815232437,583.6334269536422,MS,MISSISSIPPI,0.05994634,8759577.894179609
2052,25,283776.22998767474,1606.0547248990033,MO,MISSOURI,0.05994634,17011346.366759345
2052,26,6815040.563341457,46124.08028796916,MT,MONTANA,0.05994634,408536738.72385854
2052,27,2924463.855059719,13885.445711125783,NE,NEBRASKA,0.05994634,175310904.57312065
2052,28,576.5817377779426,1190.6341065616234,NV,NEVADA,0.05994634,34563.964890627394
2052,29,0.0,0.0,NH,NEW HAMPSHIRE,0.05994634,0.0
2052,30,160.7491797023045,3.719747774922792,NJ,NEW JERSEY,0.05994634,9636.324981155445
2052,31,81821.09497450717,2038.5809116645896,NM,NEW MEXICO,0.05994634,4904875.178514098
2052,32,0.0,0.0,NY,NEW YORK,0.05994634,0.0
2052,33,2023.0137562410764,144.24484445385662,NC,NORTH CAROLINA,0.05994634,121272.27045630469
2052,34,4841499.386468998,26842.601975770674,ND,NORTH DAKOTA,0.05994634,290230168.33106196
2052,35,72512.06811756677,397.50737522903256,OH,OHIO,0.05994634,4346833.089478817
2052,36,5619268.39810607,33868.32294160318,OK,OKLAHOMA,0.05994634,336854573.94412184
2052,37,2334238.439441903,11189.328291907012,OR,OREGON,0.05994634,139929051.13185373
2052,38,115.731761361984,13.858588917607436,PA,PENNSYLVANIA,0.05994634,6937.695515404356
2052,39,0.0,0.0,RI,RHODE ISLAND,0.05994634,0.0
2052,40,882.4244002752391,114.31709640553244,SC,SOUTH CAROLINA,0.05994634,52898.11312319558
2052,41,2703051.6294883406,13564.013504689026,SD,SOUTH DAKOTA,0.05994634,162038052.01886207
2052,42,95512.47608633986,648.3145706885311,TN,TENNESSEE,0.05994634,5725623.365713599
2052,43,4737507.117857704,28356.466094621443,TX,TEXAS,0.05994634,283996212.43951803
2052,44,0.0,0.0,UT,UTAH,0.05994634,0.0
2052,45,0.0,0.0,VT,VERMONT,0.05994634,0.0
2052,46,27.471367594610967,3.006789850423227,VA,VIRGINIA,0.05994634,1646.8079420915312
2052,47,730823.4589809908,12601.712197718243,WA,WASHINGTON,0.05994634,43810191.55205052
2052,48,0.0,0.0,WV,WEST VIRGINIA,0.05994634,0.0
2052,49,64357.81485753222,279.2161804691989,WI,WISCONSIN,0.05994634,3858015.4511066778
2052,50,208324.49441309745,4975.438824447729,WY,WYOMING,0.05994634,12488290.97241564
2053,0,149.48511601741708,3.064766274681046,AL,ALABAMA,0.06008066,8981.16443050299
2053,2,0.0,0.0,AZ,ARIZONA,0.06008066,0.0
2053,3,129912.45953768362,1162.1724095025002,AR,ARKANSAS,0.06008066,7805226.311247327
2053,4,11359.55656308075,1035.8771348132132,CA,CALIFORNIA,0.06008066,682489.6556172231
2053,5,832739.2189442964,27008.35077136108,CO,COLORADO,0.06008066,50031521.88205783
2053,6,0.0,0.0,CT,CONNECTICUT,0.06008066,0.0
2053,7,2341.7580594780384,51.63697469274671,DE,DELAWARE,0.06008066,140694.3697737598
2053,8,0.0,0.0,DC,DISTRICT OF COLUMBIA,0.06008066,0.0
2053,9,0.0,0.0,FL,FLORIDA,0.06008066,0.0
2053,10,0.0,0.0,GA,GEORGIA,0.06008066,0.0
2053,12,233905.4721004113,6979.821079472476,ID,IDAHO,0.06008066,14053195.141404297
2053,13,58029.42812495316,915.1574482380422,IL,ILLINOIS,0.06008066,3486446.341169749
2053,14,52206.31571166615,299.8525996416976,IN,INDIANA,0.06008066,3136589.9041252723
2053,15,0.0,0.0,IA,IOWA,0.06008066,0.0
2053,16,14994343.57782926,61372.90914594247,KS,KANSAS,0.06008066,900870058.4227433
2053,17,26670.936068748248,767.0871510025873,KY,KENTUCKY,0.06008066,1602407.4418282001
2053,18,30502.54268468728,245.16939583435428,LA,LOUISIANA,0.06008066,1832612.8961741836
2053,19,0.0,0.0,ME,MAINE,0.06008066,0.0
2053,20,2363.3761349653605,70.55564198847206,MD,MARYLAND,0.06008066,141993.19801696794
2053,21,0.0,0.0,MA,MASSACHUSETTS,0.06008066,0.0
2053,22,7600.514193285735,131.23195534019231,MI,MICHIGAN,0.06008066,456643.9090719746
2053,23,425332.0049857235,2193.896639274739,MN,MINNESOTA,0.06008066,25554227.578665562
2053,24,7459.88019324414,100.71791553508577,MS,MISSISSIPPI,0.06008066,448194.5255310355
2053,25,16158.579430888818,319.6368868899948,MO,MISSOURI,0.06008066,970818.1168702246
2053,26,4289575.650446966,39373.23334732152,MT,MONTANA,0.06008066,257720536.19878304
2053,27,2826932.004311918,13602.62332577735,NE,NEBRASKA,0.06008066,169843940.59418288
2053,28,598.762496856979,1236.437097774463,NV,NEVADA,0.06008066,35974.04599441523
2053,29,0.0,0.0,NH,NEW HAMPSHIRE,0.06008066,0.0
2053,30,459.04585625293896,22.0099806400064,NJ,NEW JERSEY,0.06008066,27579.7780139417
2053,31,88719.34925867029,2234.15904404486,NM,NEW MEXICO,0.06008066,5330317.058231422
2053,32,22.18601093007804,7.311137651977504,NY,NEW YORK,0.06008066,1332.9501794463026
2053,33,3067.1173414752047,124.84295303725288,NC,NORTH CAROLINA,0.06008066,184274.43417327566
2053,34,1797731.892740618,11302.329512751285,ND,NORTH DAKOTA,0.06008066,108008918.61890554
2053,35,38978.271614785495,288.8398397310547,OH,OHIO,0.06008066,2341840.2842755783
2053,36,8965486.793248659,39075.33095117331,OK,OKLAHOMA,0.06008066,538652363.759663
2053,37,2900869.5983415945,13691.58560681598,OR,OREGON,0.06008066,174286160.0422979
2053,38,1633.4193113648882,76.22422619703703,PA,PENNSYLVANIA,0.06008066,98136.91028354799
2053,39,0.0,0.0,RI,RHODE ISLAND,0.06008066,0.0
2053,40,506.8771969834739,20.263786409195102,SC,SOUTH CAROLINA,0.06008066,30453.51653371712
2053,41,3084648.1398662413,17193.729499825575,SD,SOUTH DAKOTA,0.06008066,185327696.1109361
2053,42,11829.559279734593,219.86801235121305,TN,TENNESSEE,0.06008066,710727.729035579
2053,43,6100192.290209402,33447.34628677863,TX,TEXAS,0.06008066,366503578.9226924
2053,44,0.0,0.0,UT,UTAH,0.06008066,0.0
2053,45,0.0,0.0,VT,VERMONT,0.06008066,0.0
2053,46,12.48709552064548,1.3811398103760408,VA,VIRGINIA,0.06008066,750.2329403634241
2053,47,709050.7183829272,12186.498573197943,WA,WASHINGTON,0.06008066,42600235.13392041
2053,48,0.0,0.0,WV,WEST VIRGINIA,0.06008066,0.0
2053,49,1454.7689567134748,5.230854536520571,WI,WISCONSIN,0.06008066,87403.479066857
2053,50,247788.84005534777,4871.932376959391,WY,WYOMING,0.06008066,14887317.05115973
2054,0,1756.6584907591457,44.223329722909725,AL,ALABAMA,0.06021498,105777.15588789215
2054,2,0.0,0.0,AZ,ARIZONA,0.06021498,0.0
2054,3,79870.75702751074,1175.4918495861325,AR,ARKANSAS,0.06021498,4809416.03699642
2054,4,8565.172143160384,770.9205528793289,CA,CALIFORNIA,0.06021498,515751.6692969597
2054,5,495706.6630879965,20055.073219822305,CO,COLORADO,0.06021498,29848966.803710446
2054,6,0.0,0.0,CT,CONNECTICUT,0.06021498,0.0
2054,7,583.174220392648,11.789580367740006,DE,DELAWARE,0.06021498,35115.82401745889
2054,8,0.0,0.0,DC,DISTRICT OF COLUMBIA,0.06021498,0.0
2054,9,0.0,0.0,FL,FLORIDA,0.06021498,0.0
2054,10,0.0,0.0,GA,GEORGIA,0.06021498,0.0
2054,12,220361.36350064972,6864.010590235963,ID,IDAHO,0.06021498,13269055.095964354
2054,13,134233.87138582772,1315.211610932304,IL,ILLINOIS,0.06021498,8082889.880820189
2054,14,48401.44355984737,318.5735685752249,IN,INDIANA,0.06021498,2914491.9559273385
2054,15,95.39662478249204,0.6316729511111139,IA,IOWA,0.06021498,5744.305853345263
2054,16,9029703.140650475,50084.788129974455,KS,KANSAS,0.06021498,543723394.0202055
2054,17,3953.198946388976,187.03820966582768,KY,KENTUCKY,0.06021498,238041.79549283325
2054,18,24290.934611195666,299.2240029262876,LA,LOUISIANA,0.06021498,1462678.1417944548
2054,19,0.0,0.0,ME,MAINE,0.06021498,0.0
2054,20,2145.461262534985,34.860517997286415,MD,MARYLAND,0.06021498,129188.90701431886
2054,21,0.0,0.0,MA,MASSACHUSETTS,0.06021498,0.0
2054,22,0.0,0.0,MI,MICHIGAN,0.06021498,0.0
2054,23,8401.884620832163,144.48432773971277,MN,MINNESOTA,0.06021498,505919.3144057163
2054,24,56943.71115849877,433.6105934500874,MS,MISSISSIPPI,0.06021498,3428864.4285347806
2054,25,122262.8893888842,1253.2884414239084,MO,MISSOURI,0.06021498,7362057.439293874
2054,26,6813522.715044038,47324.195528277975,MT,MONTANA,0.06021498,410276134.0159225
2054,27,1144507.784975754,9965.913379950736,NE,NEBRASKA,0.06021498,68916513.38215934
2054,28,630.2031981336661,1301.3617542828458,NV,NEVADA,0.06021498,37947.67297155474
2054,29,0.0,0.0,NH,NEW HAMPSHIRE,0.06021498,0.0
2054,30,369.7828701247637,2.8032311182248746,NJ,NEW JERSEY,0.06021498,22266.468128905242
2054,31,20959.79053447968,754.344964583223,NM,NEW MEXICO,0.06021498,1262093.3678378833
2054,32,0.0,0.0,NY,NEW YORK,0.06021498,0.0
2054,33,36651.786525775,267.2698809189038,NC,NORTH CAROLINA,0.06021498,2206986.592613811
2054,34,623845.5123325312,4859.186013676894,ND,NORTH DAKOTA,0.06021498,37564845.04819312
2054,35,9488.284029841434,143.29163510129865,OH,OHIO,0.06021498,571336.8330912214
2054,36,5781908.005445465,34896.05211569155,OK,OKLAHOMA,0.06021498,348157474.9097386
2054,37,2942312.1452147216,13993.784799076777,OR,OREGON,0.06021498,177171266.97786155
2054,38,58.53759772156224,3.9218852255159926,PA,PENNSYLVANIA,0.06021498,3524.840276051916
2054,39,0.0,0.0,RI,RHODE ISLAND,0.06021498,0.0
2054,40,0.0,0.0,SC,SOUTH CAROLINA,0.06021498,0.0
2054,41,646601.0031760259,7104.362077865415,SD,SOUTH DAKOTA,0.06021498,38935066.474224344
2054,42,8054.415080878804,165.39904316017353,TN,TENNESSEE,0.06021498,484996.44300681556
2054,43,2038353.299404085,15818.28048597144,TX,TEXAS,0.06021498,122739403.15655099
2054,44,0.0,0.0,UT,UTAH,0.06021498,0.0
2054,45,0.0,0.0,VT,VERMONT,0.06021498,0.0
2054,46,2770.5584297581254,73.72757847118251,VA,VIRGINIA,0.06021498,166829.12043671694
2054,47,1094742.4518392964,17478.177562566256,WA,WASHINGTON,0.06021498,65919894.84265419
2054,48,0.0,0.0,WV,WEST VIRGINIA,0.06021498,0.0
2054,49,1635.324005381559,6.1938886813839575,WI,WISCONSIN,0.06021498,98471.00227757046
2054,50,57425.73070001157,1765.1661201371771,WY,WYOMING,0.06021498,3457889.2255865824
2055,0,1346.6025146167897,37.47749547421638,AL,ALABAMA,0.0603493,81266.51913536304
2055,2,0.0,0.0,AZ,ARIZONA,0.0603493,0.0
2055,3,4200.861516903421,140.3523937396368,AR,ARKANSAS,0.0603493,253519.05194205962
2055,4,8090.197973163717,715.6998106491418,CA,CALIFORNIA,0.0603493,488237.7845418491
2055,5,179556.5571944416,7143.385248033688,CO,COLORADO,0.0603493,10836112.537094515
2055,6,0.0,0.0,CT,CONNECTICUT,0.0603493,0.0
2055,7,671.6712212277725,29.24253252710472,DE,DELAWARE,0.0603493,40534.888031241215
2055,8,0.0,0.0,DC,DISTRICT OF COLUMBIA,0.0603493,0.0
2055,9,0.0,0.0,FL,FLORIDA,0.0603493,0.0
2055,10,575.4327814567923,19.55135285385294,GA,GEORGIA,0.0603493,34726.9655579704
2055,12,206731.57949681373,6704.836297500307,ID,IDAHO,0.0603493,12476106.110527063
2055,13,83624.28071118791,1120.71717783712,IL,ILLINOIS,0.0603493,5046666.803923693
2055,14,55336.69618040038,374.9133305582468,IN,INDIANA,0.0603493,3339530.8787998366
2055,15,90.50243192206358,0.690414921299153,IA,IOWA,0.0603493,5461.758414794192
2055,16,5560584.72083535,30409.496742704017,KS,KANSAS,0.0603493,335577395.4931088
2055,17,10221.678533371163,387.7490054208595,KY,KENTUCKY,0.0603493,616871.1443139764
2055,18,0.0,0.0,LA,LOUISIANA,0.0603493,0.0
2055,19,0.0,0.0,ME,MAINE,0.0603493,0.0
2055,20,3728.980972746919,75.94621856485136,MD,MARYLAND,0.0603493,225041.39141859565
2055,21,0.0,0.0,MA,MASSACHUSETTS,0.0603493,0.0
2055,22,3112.711398610976,102.00662196425344,MI,MICHIGAN,0.0603493,187849.9540081934
2055,23,108870.37279834598,1183.651968761504,MN,MINNESOTA,0.0603493,6570250.789119221
2055,24,8052.093735513874,87.19057669798983,MS,MISSISSIPPI,0.0603493,485938.22047264746
2055,25,30132.78811506472,430.7253748582711,MO,MISSOURI,0.0603493,1818492.6697924752
2055,26,4266357.011533735,36966.90853047308,MT,MONTANA,0.0603493,257471659.19615287
2055,27,727948.5674403348,5879.159357451769,NE,NEBRASKA,0.0603493,43931186.481027
2055,28,611.5325152968129,1262.8070267883145,NV,NEVADA,0.0603493,36905.55922540195
2055,29,0.0,0.0,NH,NEW HAMPSHIRE,0.0603493,0.0
2055,30,1141.1157571251108,24.95048633416178,NJ,NEW JERSEY,0.0603493,68865.53716147045
2055,31,7107.527072957746,274.04379196853046,NM,NEW MEXICO,0.0603493,428934.2835840489
2055,32,66.54369850352985,7.310406369241088,NY,NEW YORK,0.0603493,4015.8656240990745
2055,33,1618.7185378933168,50.62399720733363,NC,NORTH CAROLINA,0.0603493,97688.53065888514
2055,34,1597981.3404099357,10923.914930296094,ND,NORTH DAKOTA,0.0603493,96437055.30680133
2055,35,80445.4151510614,957.279168071252,OH,OHIO,0.0603493,4854824.49257595
2055,36,563804.6114936385,3131.093992614916,OK,OKLAHOMA,0.0603493,34025213.64041304
2055,37,2940117.8710318897,13975.513813671403,OR,OREGON,0.0603493,177434055.43426484
2055,38,4867.0118983514885,172.8187749552985,PA,PENNSYLVANIA,0.0603493,293720.7611571835
2055,39,0.0,0.0,RI,RHODE ISLAND,0.0603493,0.0
2055,40,2086.445031319239,24.40159396654916,SC,SOUTH CAROLINA,0.0603493,125915.49712859416
2055,41,361189.29543614056,6182.182717730046,SD,SOUTH DAKOTA,0.0603493,21797521.147064276
2055,42,12542.118664287154,405.7464394775229,TN,TENNESSEE,0.0603493,756908.0819066648
2055,43,337319.4756778944,2917.7396227588683,TX,TEXAS,0.0603493,20356994.233527955
2055,44,0.0,0.0,UT,UTAH,0.0603493,0.0
2055,45,0.0,0.0,VT,VERMONT,0.0603493,0.0
2055,46,294.23880708911,38.76651063767682,VA,VIRGINIA,0.0603493,17757.106040662828
2055,47,1342153.0733421366,20284.227229852426,WA,WASHINGTON,0.0603493,80997998.46904661
2055,48,84.83501767634974,1.6369243026787983,WV,WEST VIRGINIA,0.0603493,5119.733932255333
2055,49,9133.50828123992,44.46913866097916,WI,WISCONSIN,0.0603493,551200.8313170322
2055,50,32874.690116488324,791.6189131430967,WY,WYOMING,0.0603493,1983964.5362469887
