Year,state_id,Production_Loss(ton),Area_Loss(km^2),State_Code,State_Name,Price,Financial_Loss($)
2021,0,15977.241219545806,207.24617643462935,AL,ALABAMA,0.07912344,1264174.2870002594
2021,2,0.0,0.0,AZ,ARIZONA,0.07912344,0.0
2021,3,72549.2840673486,1195.585769274193,AR,ARKANSAS,0.07912344,5740348.924945813
2021,4,2969.420706688228,272.63981059725523,CA,CALIFORNIA,0.07912344,234950.7811204036
2021,5,836238.2545811124,17469.70018784488,CO,COLORADO,0.07912344,66166047.36205337
2021,6,0.0,0.0,CT,CONNECTICUT,0.07912344,0.0
2021,7,8200.992729474112,142.7407365763496,DE,DELAWARE,0.07912344,648890.7561709811
2021,8,0.0,0.0,DC,DISTRICT OF COLUMBIA,0.07912344,0.0
2021,9,1735.0171898483422,13.435377745355096,FL,FLORIDA,0.07912344,137280.52851993393
2021,10,34659.633002194256,630.6537663546414,GA,GEORGIA,0.07912344,2742389.3922711373
2021,12,128566.11391638475,3425.442023003676,ID,IDAHO,0.07912344,10172593.200496234
2021,13,125419.975097572,1952.5749600449744,IL,ILLINOIS,0.07912344,9923659.874434233
2021,14,93894.21287348,1307.8176165441494,IN,INDIANA,0.07912344,7429233.118642023
2021,15,1948.8767698799247,8.529408687826592,IA,IOWA,0.07912344,154201.83416898805
2021,16,12213465.839677878,58009.558966064,KS,KANSAS,0.07912344,966371431.5578022
2021,17,24785.627033537043,1056.7043793477333,KY,KENTUCKY,0.07912344,1961124.0734504461
2021,18,9172.446130277009,217.4184961120056,LA,LOUISIANA,0.07912344,725755.491042205
2021,19,0.0,0.0,ME,MAINE,0.07912344,0.0
2021,20,18008.92175650812,309.1385975772277,MD,MARYLAND,0.07912344,1424927.840065765
2021,21,0.0,0.0,MA,MASSACHUSETTS,0.07912344,0.0
2021,22,67734.3722918219,217.3442907814756,MI,MICHIGAN,0.07912344,5359376.541969633
2021,23,1599874.1136236824,5439.6122050938575,MN,MINNESOTA,0.07912344,126587543.43685663
2021,24,14086.295622826983,173.31091611330294,MS,MISSISSIPPI,0.07912344,1114556.1665350134
2021,25,171823.5524417735,2122.350157078954,MO,MISSOURI,0.07912344,13595270.54221352
2021,26,4767059.729887591,38881.38325564624,MT,MONTANA,0.07912344,377186164.51417696
2021,27,2603390.0101498016,10356.870400839838,NE,NEBRASKA,0.07912344,205989173.26468724
2021,28,1561.996566522859,1253.5584241925292,NV,NEVADA,0.07912344,123590.54161147746
2021,29,0.0,0.0,NH,NEW HAMPSHIRE,0.07912344,0.0
2021,30,5124.960813452257,98.87960032203684,NJ,NEW JERSEY,0.07912344,405504.5294255409
2021,31,68951.46695371262,1734.0405315877492,NM,NEW MEXICO,0.07912344,5455677.258424063
2021,32,199.05443614092783,1.7655857187487016,NY,NEW YORK,0.07912344,15749.871734730536
2021,33,82811.47215997285,1428.0241844712446,NC,NORTH CAROLINA,0.07912344,6552328.548761282
2021,34,10164506.981406797,42896.17710262216,ND,NORTH DAKOTA,0.07912344,804250758.2729219
2021,35,193682.82582203325,2297.580384282728,OH,OHIO,0.07912344,15324851.4479601
2021,36,4546926.034740534,29256.93211973148,OK,OKLAHOMA,0.07912344,359768429.2942306
2021,37,1433054.7456031574,7972.155974200078,OR,OREGON,0.07912344,113388221.1804467
2021,38,9359.64317245609,306.376988168944,PA,PENNSYLVANIA,0.07912344,740567.1649772391
2021,39,0.0,0.0,RI,RHODE ISLAND,0.07912344,0.0
2021,40,54901.7795027887,929.049190632591,SC,SOUTH CAROLINA,0.07912344,4344017.656382131
2021,41,4467758.217401281,19437.236606603023,SD,SOUTH DAKOTA,0.07912344,353504399.24905723
2021,42,17806.5757574631,381.6915187049793,TN,TENNESSEE,0.07912344,1408917.528551086
2021,43,2760147.0814440283,16571.285834181625,TX,TEXAS,0.07912344,218392331.9898117
2021,44,330.2388428173708,1915.2807849088467,UT,UTAH,0.07912344,26129.633265329674
2021,45,0.0,0.0,VT,VERMONT,0.07912344,0.0
2021,46,22407.92590549643,363.5911769434743,VA,VIRGINIA,0.07912344,1772992.1809079924
2021,47,831205.4311196101,13320.18924867016,WA,WASHINGTON,0.07912344,65767833.0568666
2021,48,85.21837228096307,8.121960358437734,WV,WEST VIRGINIA,0.07912344,6742.770766070445
2021,49,82565.99973891635,293.5129446955869,WI,WISCONSIN,0.07912344,6532905.926382164
2021,50,84267.17497477894,2102.248364433792,WY,WYOMING,0.07912344,6667508.763086424
2022,0,11142.732392147249,97.366251289056,AL,ALABAMA,0.07935128,884190.0780143461
2022,2,0.0,0.0,AZ,ARIZONA,0.07935128,0.0
2022,3,177605.6836930373,1574.9724365812267,AR,ARKANSAS,0.07935128,14093238.336317636
2022,4,2540.997120384931,236.7348318743708,CA,CALIFORNIA,0.07935128,201631.37397885838
2022,5,538255.656999051,14070.401115700068,CO,COLORADO,0.07935128,42711275.35011565
2022,6,0.0,0.0,CT,CONNECTICUT,0.07935128,0.0
2022,7,202.18249601358156,3.318812852608906,DE,DELAWARE,0.07935128,16043.439852272593
2022,8,0.0,0.0,DC,DISTRICT OF COLUMBIA,0.07935128,0.0
2022,9,940.7648378115866,4.5928547698120346,FL,FLORIDA,0.07935128,74650.8940593418
2022,10,9515.6587664871,198.6965000004721,GA,GEORGIA,0.07935128,755079.7031639726
2022,12,90041.29089915649,2849.1360550842783,ID,IDAHO,0.07935128,7144891.685700418
2022,13,96880.21536890924,1718.9746164448227,IL,ILLINOIS,0.07935128,7687569.09619862
2022,14,34246.02475514141,511.915295261931,IN,INDIANA,0.07935128,2717465.899232157
2022,15,498.316830553715,3.6818010237102055,IA,IOWA,0.07935128,39542.078349980395
2022,16,3972395.5723103695,19092.91637596737,KS,KANSAS,0.07935128,315214673.32916033
2022,17,9743.590797628554,729.1328192548618,KY,KENTUCKY,0.07935128,773166.4015880467
2022,18,169250.3581564007,1007.234526453962,LA,LOUISIANA,0.07935128,13430232.560168836
2022,19,0.0,0.0,ME,MAINE,0.07935128,0.0
2022,20,2230.0790937266293,81.2562316690261,MD,MARYLAND,0.07935128,176959.630588448
2022,21,0.0,0.0,MA,MASSACHUSETTS,0.07935128,0.0
2022,22,40700.27081288223,122.55350101032931,MI,MICHIGAN,0.07935128,3229618.5853488455
2022,23,1154183.6012769276,3798.654461643589,MN,MINNESOTA,0.07935128,91585946.11633384
2022,24,74312.7320888219,463.9181517391502,MS,MISSISSIPPI,0.07935128,5896810.411545091
2022,25,28735.70162472676,546.3346769703168,MO,MISSOURI,0.07935128,2280214.705620148
2022,26,1050277.695026037,15535.795564967691,MT,MONTANA,0.07935128,83340879.45576568
2022,27,1021654.7898706588,6404.8700654886425,NE,NEBRASKA,0.07935128,81069615.2943678
2022,28,1073.289300334157,861.3532659835702,NV,NEVADA,0.07935128,85166.87979181978
2022,29,0.0,0.0,NH,NEW HAMPSHIRE,0.07935128,0.0
2022,30,443.8876592165488,21.6078212303872,NJ,NEW JERSEY,0.07935128,35223.05393503694
2022,31,8740.376860797951,410.7632227924871,NM,NEW MEXICO,0.07935128,693560.0915866992
2022,32,203.78603980171383,1.327016414733354,NY,NEW YORK,0.07935128,16170.683104396938
2022,33,42204.46599220351,515.3287838907995,NC,NORTH CAROLINA,0.07935128,3348978.3981978185
2022,34,4173136.731986933,19072.463414035832,ND,NORTH DAKOTA,0.07935128,331143741.29818004
2022,35,48192.23837532729,692.40568342253,OH,OHIO,0.07935128,3824115.801147341
2022,36,712376.5437654236,3363.970932776262,OK,OKLAHOMA,0.07935128,56527990.589762375
2022,37,1411741.170593818,8318.74824525589,OR,OREGON,0.07935128,112023468.9153178
2022,38,1838.554977581786,127.3531773111054,PA,PENNSYLVANIA,0.07935128,145891.69082148603
2022,39,0.0,0.0,RI,RHODE ISLAND,0.07935128,0.0
2022,40,16137.137905035306,214.8611824650588,SC,SOUTH CAROLINA,0.07935128,1280502.54830107
2022,41,1559750.030371372,7896.841550833931,SD,SOUTH DAKOTA,0.07935128,123768161.39000724
2022,42,29073.500365333937,387.3319559604872,TN,TENNESSEE,0.07935128,2307019.4680697154
2022,43,952937.9526406764,8406.68277503541,TX,TEXAS,0.07935128,75616846.30261704
2022,44,251.70181542234013,1459.790878905428,UT,UTAH,0.07935128,19972.861232086427
2022,45,0.0,0.0,VT,VERMONT,0.07935128,0.0
2022,46,2951.9698226295877,62.82700013048429,VA,VIRGINIA,0.07935128,234242.58394703074
2022,47,868445.9530345948,15227.09728687272,WA,WASHINGTON,0.07935128,68912297.98411497
2022,48,4.497045830934345,0.7135891897539938,WV,WEST VIRGINIA,0.07935128,356.8463429033038
2022,49,23644.818726129783,146.914742214861,WI,WISCONSIN,0.07935128,1876246.6312863675
2022,50,32140.346701302944,1010.1695298868308,WY,WYOMING,0.07935128,2550377.6503921663
2023,0,0.0,0.0,AL,ALABAMA,0.07957912,0.0
2023,2,0.0,0.0,AZ,ARIZONA,0.07957912,0.0
2023,3,69592.18145386162,684.666968592057,AR,ARKANSAS,0.07957912,5538084.558978627
2023,4,656.4536985683063,59.67525633136381,CA,CALIFORNIA,0.07957912,52240.00765281107
2023,5,338057.2204183068,7778.418933303531,CO,COLORADO,0.07957912,26902296.11053489
2023,6,0.0,0.0,CT,CONNECTICUT,0.07957912,0.0
2023,7,0.0,0.0,DE,DELAWARE,0.07957912,0.0
2023,8,0.0,0.0,DC,DISTRICT OF COLUMBIA,0.07957912,0.0
2023,9,0.0,0.0,FL,FLORIDA,0.07957912,0.0
2023,10,0.0,0.0,GA,GEORGIA,0.07957912,0.0
2023,12,41138.03983593491,1328.1480496809872,ID,IDAHO,0.07957912,3273729.008668645
2023,13,23272.702768238392,254.88885518029457,IL,ILLINOIS,0.07957912,1852021.2063179752
2023,14,40720.3010648424,421.1080989451157,IN,INDIANA,0.07957912,3240485.7248752215
2023,15,0.0,0.0,IA,IOWA,0.07957912,0.0
2023,16,7683272.675623845,33123.93496891357,KS,KANSAS,0.07957912,611428078.246191
2023,17,347.28702200721693,11.609345520709176,KY,KENTUCKY,0.07957912,27636.795598754958
2023,18,0.0,0.0,LA,LOUISIANA,0.07957912,0.0
2023,19,0.0,0.0,ME,MAINE,0.07957912,0.0
2023,20,0.0,0.0,MD,MARYLAND,0.07957912,0.0
2023,21,0.0,0.0,MA,MASSACHUSETTS,0.07957912,0.0
2023,22,17592.977843701963,65.680400214471,MI,MICHIGAN,0.07957912,1400033.6949812998
2023,23,678397.7850011019,2447.372269228009,MN,MINNESOTA,0.07957912,53986298.74033689
2023,24,0.0,0.0,MS,MISSISSIPPI,0.07957912,0.0
2023,25,87334.96223362134,1087.624173897435,MO,MISSOURI,0.07957912,6950039.43978482
2023,26,2477240.8365440094,27592.09882247123,MT,MONTANA,0.07957912,197136645.8002361
2023,27,785274.7338474855,4147.846888774853,NE,NEBRASKA,0.07957912,62491472.277817115
2023,28,646.4249990179568,518.7793113601241,NV,NEVADA,0.07957912,51441.932567849864
2023,29,0.0,0.0,NH,NEW HAMPSHIRE,0.07957912,0.0
2023,30,24.07595524416092,2.585502522001527,NJ,NEW JERSEY,0.07957912,1915.9433314897112
2023,31,57341.66487215681,1365.6812590901718,NM,NEW MEXICO,0.07957912,4563199.229861152
2023,32,0.0,0.0,NY,NEW YORK,0.07957912,0.0
2023,33,0.0,0.0,NC,NORTH CAROLINA,0.07957912,0.0
2023,34,4843696.759101332,20014.28083571005,ND,NORTH DAKOTA,0.07957912,385457125.636136
2023,35,54911.77015413098,470.3860160560534,OH,OHIO,0.07957912,4369830.3465080075
2023,36,2832958.537860105,16949.091627591166,OK,OKLAHOMA,0.07957912,225444347.43939385
2023,37,1264146.1076340163,7915.336161199317,OR,OREGON,0.07957912,100599634.7969403
2023,38,489.0751008932388,8.630315702313988,PA,PENNSYLVANIA,0.07957912,38920.16614299516
2023,39,0.0,0.0,RI,RHODE ISLAND,0.07957912,0.0
2023,40,0.0,0.0,SC,SOUTH CAROLINA,0.07957912,0.0
2023,41,2285988.640682693,11104.379029549793,SD,SOUTH DAKOTA,0.07957912,181916964.35552493
2023,42,0.0,0.0,TN,TENNESSEE,0.07957912,0.0
2023,43,2274310.3122284506,14991.257677438203,TX,TEXAS,0.07957912,180987613.25406536
2023,44,117.51939717572928,681.5753148372703,UT,UTAH,0.07957912,9352.090210175022
2023,45,0.0,0.0,VT,VERMONT,0.07957912,0.0
2023,46,92.14150430543616,4.696535587099268,VA,VIRGINIA,0.07957912,7332.539828102821
2023,47,899709.3272890158,16899.271303898528,WA,WASHINGTON,0.07957912,71598076.52145186
2023,48,0.0,0.0,WV,WEST VIRGINIA,0.07957912,0.0
2023,49,19899.228868815306,71.07157902052433,WI,WISCONSIN,0.07957912,1583563.1220589175
2023,50,3361.2086556774434,101.3266837109732,WY,WYOMING,0.07957912,267482.02695519396
2024,0,4290.230629243781,35.84693818561792,AL,ALABAMA,0.07980696,342390.26421883324
2024,2,0.0,0.0,AZ,ARIZONA,0.07980696,0.0
2024,3,176294.29856313605,1794.1910956044396,AR,ARKANSAS,0.07980696,14069512.033656254
2024,4,5027.906106429336,503.4812119050438,CA,CALIFORNIA,0.07980696,401261.90151956177
2024,5,782496.8023158434,16299.376408293236,CO,COLORADO,0.07980696,62448691.00254843
2024,6,0.0,0.0,CT,CONNECTICUT,0.07980696,0.0
2024,7,0.0,0.0,DE,DELAWARE,0.07980696,0.0
2024,8,0.0,0.0,DC,DISTRICT OF COLUMBIA,0.07980696,0.0
2024,9,444.0745755881335,2.187216394123285,FL,FLORIDA,0.07980696,35440.241890979145
2024,10,19.649237782594145,0.7927954291235237,GA,GEORGIA,0.07980696,1568.1459337459794
2024,12,41603.5744957758,1363.870020203226,ID,IDAHO,0.07980696,3320254.805641399
2024,13,20356.10560707805,93.70290308042613,IL,ILLINOIS,0.07980696,1624558.9059398535
2024,14,39295.45680504557,286.09610377240216,IN,INDIANA,0.07980696,3136050.949421999
2024,15,0.0,0.0,IA,IOWA,0.07980696,0.0
2024,16,11428071.880322168,48292.918245139714,KS,KANSAS,0.07980696,912039675.429996
2024,17,3472.309974736398,106.18914389823216,KY,KENTUCKY,0.07980696,277114.50326138875
2024,18,74969.24182893994,473.27961449958855,LA,LOUISIANA,0.07980696,5983067.283872535
2024,19,0.0,0.0,ME,MAINE,0.07980696,0.0
2024,20,0.0,0.0,MD,MARYLAND,0.07980696,0.0
2024,21,0.0,0.0,MA,MASSACHUSETTS,0.07980696,0.0
2024,22,5706.843317967052,10.900645146059455,MI,MICHIGAN,0.07980696,455445.8164032638
2024,23,859557.5538852392,2931.732563354866,MN,MINNESOTA,0.07980696,68598675.32061712
2024,24,10309.684753556405,52.09417894700183,MS,MISSISSIPPI,0.07980696,822784.5987396857
2024,25,47649.39724287459,400.5301743632072,MO,MISSOURI,0.07980696,3802753.539786203
2024,26,5209481.704792135,42481.64934239098,MT,MONTANA,0.07980696,415752898.03507775
2024,27,1717056.9581708454,6666.9945201636365,NE,NEBRASKA,0.07980696,137033095.97846234
2024,28,729.5449335820731,585.4860483814023,NV,NEVADA,0.07980696,58222.76333258716
2024,29,0.0,0.0,NH,NEW HAMPSHIRE,0.07980696,0.0
2024,30,0.0,0.0,NJ,NEW JERSEY,0.07980696,0.0
2024,31,11218.902317226144,612.7957452809549,NM,NEW MEXICO,0.07980696,895346.488474774
2024,32,0.0,0.0,NY,NEW YORK,0.07980696,0.0
2024,33,71116.75545815805,382.3295342642347,NC,NORTH CAROLINA,0.07980696,5675612.058179
2024,34,4228163.4955717735,18959.44032539885,ND,NORTH DAKOTA,0.07980696,337436874.9645567
2024,35,85781.21987315716,700.6329217951346,OH,OHIO,0.07980696,6845938.383168258
2024,36,8965054.670994312,40100.23305624348,OK,OKLAHOMA,0.07980696,715473759.5258563
2024,37,1199212.493582773,6955.576900698795,OR,OREGON,0.07980696,95705503.50686061
2024,38,101.2228176805284,1.6485669453400416,PA,PENNSYLVANIA,0.07980696,8078.285361717221
2024,39,0.0,0.0,RI,RHODE ISLAND,0.07980696,0.0
2024,40,71535.60801263494,330.70546618227604,SC,SOUTH CAROLINA,0.07980696,5709039.407240037
2024,41,740444.9621486993,5864.15591071069,SD,SOUTH DAKOTA,0.07980696,59092661.47640275
2024,42,1308.5164628982898,45.89102699002273,TN,TENNESSEE,0.07980696,104428.72101386529
2024,43,6318662.887114589,39200.83245298347,TX,TEXAS,0.07980696,504273276.2854385
2024,44,94.98268693698174,550.8695271501375,UT,UTAH,0.07980696,7580.279497072224
2024,45,0.0,0.0,VT,VERMONT,0.07980696,0.0
2024,46,0.0,0.0,VA,VIRGINIA,0.07980696,0.0
2024,47,556508.2928679143,8589.055983329616,WA,WASHINGTON,0.07980696,44413235.06857792
2024,48,0.0,0.0,WV,WEST VIRGINIA,0.07980696,0.0
2024,49,26574.557141016645,88.53588852463788,WI,WISCONSIN,0.07980696,2120834.6187708294
2024,50,34074.20944296465,867.8559587131193,WY,WYOMING,0.07980696,2719359.070046302
2025,0,4969.661316479587,138.80933382049878,AL,ALABAMA,0.0800348,397745.84953218047
2025,2,0.0,0.0,AZ,ARIZONA,0.0800348,0.0
2025,3,285144.2570870858,1895.673307998484,AR,ARKANSAS,0.0800348,22821463.587113496
2025,4,3301.267280651321,310.08169430474425,CA,CALIFORNIA,0.0800348,264216.2665534724
2025,5,922590.5217793614,19144.616278935413,CO,COLORADO,0.0800348,73839347.89250684
2025,6,0.0,0.0,CT,CONNECTICUT,0.0800348,0.0
2025,7,22905.40499600669,228.32349913801903,DE,DELAWARE,0.0800348,1833229.5077743963
2025,8,0.0,0.0,DC,DISTRICT OF COLUMBIA,0.0800348,0.0
2025,9,502.2459535310824,10.829639284889186,FL,FLORIDA,0.0800348,40197.154441669474
2025,10,52848.844608463245,764.779793744566,GA,GEORGIA,0.0800348,4229746.708469434
2025,12,225559.97649270843,6346.8063648825,ID,IDAHO,0.0800348,18052647.606598623
2025,13,26984.828433657105,167.23436596113794,IL,ILLINOIS,0.0800348,2159725.34672206
2025,14,16718.843807479447,151.21188812796817,IN,INDIANA,0.0800348,1338089.3203628561
2025,15,273.9261575839509,2.274481544208183,IA,IOWA,0.0800348,21923.625236999993
2025,16,7913935.439802701,36080.89897511644,KS,KANSAS,0.0800348,633390240.1375213
2025,17,5995.921984408137,264.1495269681445,KY,KENTUCKY,0.0800348,479882.4168377084
2025,18,164171.99011701514,898.2121971730979,LA,LOUISIANA,0.0800348,13139472.394617286
2025,19,0.0,0.0,ME,MAINE,0.0800348,0.0
2025,20,25917.3437872256,302.5496207042244,MD,MARYLAND,0.0800348,2074289.4265418435
2025,21,0.0,0.0,MA,MASSACHUSETTS,0.0800348,0.0
2025,22,103028.72197027926,262.26934652320875,MI,MICHIGAN,0.0800348,8245883.157146907
2025,23,82660.29587701446,417.7357655209311,MN,MINNESOTA,0.0800348,6615700.248457677
2025,24,29905.485736689232,166.65834485054563,MS,MISSISSIPPI,0.0800348,2393479.5698387753
2025,25,61427.84276941409,889.6033867435717,MO,MISSOURI,0.0800348,4916365.110481503
2025,26,6398827.0226321975,52633.9865536834,MT,MONTANA,0.0800348,512128840.9909634
2025,27,2061119.9147120768,8341.121322178245,NE,NEBRASKA,0.0800348,164961320.14999813
2025,28,1106.8425385737369,895.0607722302724,NV,NEVADA,0.0800348,88585.92120624131
2025,29,0.0,0.0,NH,NEW HAMPSHIRE,0.0800348,0.0
2025,30,4494.937282962626,62.27767842058985,NJ,NEW JERSEY,0.0800348,359751.40645445726
2025,31,9378.506386979258,239.2996290301205,NM,NEW MEXICO,0.0800348,750606.8829806076
2025,32,2499.5433315231458,30.26689691686761,NY,NEW YORK,0.0800348,200050.45062978865
2025,33,19821.143964061703,603.4040623156363,NC,NORTH CAROLINA,0.0800348,1586381.2929348857
2025,34,7106794.152083445,29088.317702998847,ND,NORTH DAKOTA,0.0800348,568790848.6031681
2025,35,60612.41042285522,875.9195809370904,OH,OHIO,0.0800348,4851102.145711132
2025,36,1303443.4401744588,6557.071147557671,OK,OKLAHOMA,0.0800348,104320835.04567477
2025,37,2360549.712919215,13033.213272040888,OR,OREGON,0.0800348,188926124.1635468
2025,38,606.8077977743849,37.05349666922881,PA,PENNSYLVANIA,0.0800348,48565.74073331334
2025,39,0.0,0.0,RI,RHODE ISLAND,0.0800348,0.0
2025,40,28452.24847963021,492.46874676185,SC,SOUTH CAROLINA,0.0800348,2277170.016617508
2025,41,4313967.798667936,17760.90926193505,SD,SOUTH DAKOTA,0.0800348,345267549.9728285
2025,42,23175.77992683647,421.8892381300398,TN,TENNESSEE,0.0800348,1854868.9112883715
2025,43,1057386.4619457438,9934.01062923785,TX,TEXAS,0.0800348,84627714.00453521
2025,44,305.29140357276907,1770.5935318582096,UT,UTAH,0.0800348,24433.93642666586
2025,45,0.0,0.0,VT,VERMONT,0.0800348,0.0
2025,46,1389.3365868623837,54.78633734780016,VA,VIRGINIA,0.0800348,111195.2758622135
2025,47,1243942.4863127396,19774.58165417104,WA,WASHINGTON,0.0800348,99558688.10354285
2025,48,0.0,0.0,WV,WEST VIRGINIA,0.0800348,0.0
2025,49,52271.14771766648,189.83985748586372,WI,WISCONSIN,0.0800348,4183510.853353893
2025,50,76380.63374094083,2703.114402570619,WY,WYOMING,0.0800348,6113108.745329451
2026,0,6137.344614122086,180.45093018663093,AL,ALABAMA,0.08144346,499846.58058646746
2026,2,0.0,0.0,AZ,ARIZONA,0.08144346,0.0
2026,3,58562.62387144011,730.583222598624,AR,ARKANSAS,0.08144346,4769542.714768678
2026,4,2901.43951811613,266.20709436030097,CA,CALIFORNIA,0.08144346,236303.2733361103
2026,5,367588.5240613699,10620.98622017824,CO,COLORADO,0.08144346,29937681.255851217
2026,6,0.0,0.0,CT,CONNECTICUT,0.08144346,0.0
2026,7,35433.64547764452,241.6178086081411,DE,DELAWARE,0.08144346,2885838.6881127222
2026,8,0.0,0.0,DC,DISTRICT OF COLUMBIA,0.08144346,0.0
2026,9,486.8479992678554,4.625434248355725,FL,FLORIDA,0.08144346,39650.58555445161
2026,10,18016.07648372712,251.9287458680749,GA,GEORGIA,0.08144346,1467291.6044593703
2026,12,153810.75601290757,4822.291829697167,ID,IDAHO,0.08144346,12526880.154906996
2026,13,26392.51113478766,315.7594571426709,IL,ILLINOIS,0.08144346,2149497.424905633
2026,14,63807.51955718011,821.5467968406825,IN,INDIANA,0.08144346,5196705.166754415
2026,15,384.509931829249,2.993693178363252,IA,IOWA,0.08144346,31315.819252538167
2026,16,6803121.086557653,45341.3832707884,KS,KANSAS,0.08144346,554069720.0882146
2026,17,26088.361793250224,1179.2767427090623,KY,KENTUCKY,0.08144346,2124726.450174103
2026,18,13965.036390979434,266.3398900675692,LA,LOUISIANA,0.08144346,1137360.8827072778
2026,19,0.0,0.0,ME,MAINE,0.08144346,0.0
2026,20,55892.75693043384,442.8141420260058,MD,MARYLAND,0.08144346,4552099.513353511
2026,21,0.0,0.0,MA,MASSACHUSETTS,0.08144346,0.0
2026,22,85021.97361770911,244.16504550468957,MI,MICHIGAN,0.08144346,6924483.707454947
2026,23,739380.0528083014,3854.7783891939353,MN,MINNESOTA,0.08144346,60217669.75569078
2026,24,19152.989198882504,225.9538741524924,MS,MISSISSIPPI,0.08144346,1559885.7096996193
2026,25,38821.61851870907,571.9548662510466,MO,MISSOURI,0.08144346,3161766.934963741
2026,26,3546843.285047668,31484.884724350108,MT,MONTANA,0.08144346,288867189.21204835
2026,27,1041473.2493857592,6229.430676188322,NE,NEBRASKA,0.08144346,84821184.9274191
2026,28,1093.5330360799717,878.0022461004968,NV,NEVADA,0.08144346,89061.11408265772
2026,29,0.0,0.0,NH,NEW HAMPSHIRE,0.08144346,0.0
2026,30,4620.23244025104,53.0463985836598,NJ,NEW JERSEY,0.08144346,376287.71593828796
2026,31,0.0,0.0,NM,NEW MEXICO,0.08144346,0.0
2026,32,0.0,0.0,NY,NEW YORK,0.08144346,0.0
2026,33,50359.68940499601,977.549528946123,NC,NORTH CAROLINA,0.08144346,4101467.349668216
2026,34,2823707.9726242214,17779.101650020908,ND,NORTH DAKOTA,0.08144346,229972547.32010186
2026,35,216113.15123657795,2685.480376043006,OH,OHIO,0.08144346,17601002.788210187
2026,36,661270.6879198517,9315.48749206284,OK,OKLAHOMA,0.08144346,53856172.82077293
2026,37,2243294.736717758,12756.165671462228,OR,OREGON,0.08144346,182701685.15808323
2026,38,6438.126546139538,200.71824033645845,PA,PENNSYLVANIA,0.08144346,524343.3018354536
2026,39,0.0,0.0,RI,RHODE ISLAND,0.08144346,0.0
2026,40,20770.60644223336,465.6980778244551,SC,SOUTH CAROLINA,0.08144346,1691630.0549537747
2026,41,174919.76425225282,1972.5571481791924,SD,SOUTH DAKOTA,0.08144346,14246070.823087782
2026,42,17050.480099632492,506.0164255364092,TN,TENNESSEE,0.08144346,1388650.0939752148
2026,43,115533.3620557847,2172.7371234112347,TX,TEXAS,0.08144346,9409436.751255818
2026,44,255.0874156065325,1479.4262886072288,UT,UTAH,0.08144346,20775.201729454002
2026,45,0.0,0.0,VT,VERMONT,0.08144346,0.0
2026,46,27815.592061011583,391.2788140156214,VA,VIRGINIA,0.08144346,2265398.059397314
2026,47,1352157.6193672796,21896.508833304928,WA,WASHINGTON,0.08144346,110124394.98663425
2026,48,173.9109511699042,4.584269937105662,WV,WEST VIRGINIA,0.08144346,14163.909595168045
2026,49,19479.786727749717,81.27712167381895,WI,WISCONSIN,0.08144346,1586501.231170015
2026,50,20728.30461551482,588.0438504913946,WY,WYOMING,0.08144346,1688184.8478214964
2027,0,3044.063870110298,100.80155361011344,AL,ALABAMA,0.08285212,252207.14505404283
2027,2,0.0,0.0,AZ,ARIZONA,0.08285212,0.0
2027,3,71580.23906285033,1310.3791878520192,AR,ARKANSAS,0.08285212,5930574.556463964
2027,4,4744.398337067405,436.4305679875654,CA,CALIFORNIA,0.08285212,393083.4603505091
2027,5,560217.3766585018,14840.580058155669,CO,COLORADO,0.08285212,46415197.31699539
2027,6,0.0,0.0,CT,CONNECTICUT,0.08285212,0.0
2027,7,202.59894076765772,7.2968286507966225,DE,DELAWARE,0.08285212,16785.75175235487
2027,8,0.0,0.0,DC,DISTRICT OF COLUMBIA,0.08285212,0.0
2027,9,0.0,0.0,FL,FLORIDA,0.08285212,0.0
2027,10,82.82610329053416,3.1778035949319965,GA,GEORGIA,0.08285212,6862.318248959732
2027,12,206377.66981746053,6629.680872289979,ID,IDAHO,0.08285212,17098827.46503662
2027,13,205851.3357202857,1721.592134463982,IL,ILLINOIS,0.08285212,17055219.569257397
2027,14,83198.62703033556,683.0649661537018,IN,INDIANA,0.08285212,6893182.630552606
2027,15,798.9291037376044,3.843790282910295,IA,IOWA,0.08285212,66192.96997436044
2027,16,3585030.0915199965,17354.190445029082,KS,KANSAS,0.08285212,297027343.34622574
2027,17,10684.444742915475,557.5296990350404,KY,KENTUCKY,0.08285212,885228.8979734022
2027,18,2835.74018572086,54.84904607668422,LA,LOUISIANA,0.08285212,234947.08615616697
2027,19,0.0,0.0,ME,MAINE,0.08285212,0.0
2027,20,4373.749160987035,51.26598687823698,MD,MARYLAND,0.08285212,362374.3903359971
2027,21,0.0,0.0,MA,MASSACHUSETTS,0.08285212,0.0
2027,22,93056.77875673713,306.5486827734471,MI,MICHIGAN,0.08285212,7709951.400366635
2027,23,2460027.493408182,6916.650321553183,MN,MINNESOTA,0.08285212,203818493.0871539
2027,24,4801.423683224126,41.906984314482656,MS,MISSISSIPPI,0.08285212,397808.1311733273
2027,25,149809.68473574967,1802.8277094422504,MO,MISSOURI,0.08285212,12412049.9768885
2027,26,3444450.30092531,38386.41650362745,MT,MONTANA,0.08285212,285380009.6662999
2027,27,1288875.15271742,5876.697052406924,NE,NEBRASKA,0.08285212,106786038.81796199
2027,28,1414.7502990596151,1143.388375902275,NV,NEVADA,0.08285212,117215.06154772313
2027,29,0.0,0.0,NH,NEW HAMPSHIRE,0.08285212,0.0
2027,30,1078.188000847471,22.89336430984361,NJ,NEW JERSEY,0.08285212,89330.16162877476
2027,31,15207.654057851472,502.2680735158559,NM,NEW MEXICO,0.08285212,1259986.3789195972
2027,32,2987.3297121980568,30.10950936964564,NY,NEW YORK,0.08285212,247506.59979459888
2027,33,1495.947606393867,21.41658718561349,NC,NORTH CAROLINA,0.08285212,123942.43059865745
2027,34,8598589.130631812,40076.96274782066,ND,NORTH DAKOTA,0.08285212,712411338.4818025
2027,35,143945.98170087824,2060.5480075316777,OH,OHIO,0.08285212,11926229.749398967
2027,36,1242549.5070204695,7958.563503034158,OK,OKLAHOMA,0.08285212,102947860.86160077
2027,37,2576776.490730996,14568.369377783,OR,OREGON,0.08285212,213491395.02322334
2027,38,4440.72326375802,115.02330653634355,PA,PENNSYLVANIA,0.08285212,367923.33673567115
2027,39,0.0,0.0,RI,RHODE ISLAND,0.08285212,0.0
2027,40,0.0,0.0,SC,SOUTH CAROLINA,0.08285212,0.0
2027,41,2654744.4975419017,13341.658372025346,SD,SOUTH DAKOTA,0.08285212,219951209.67968133
2027,42,6838.579499641874,228.5441183015139,TN,TENNESSEE,0.08285212,566590.8093338686
2027,43,1839021.1684116723,11773.325716006724,TX,TEXAS,0.08285212,152366802.52778408
2027,44,350.0947316762103,2030.4386569331623,UT,UTAH,0.08285212,29006.09072020518
2027,45,0.0,0.0,VT,VERMONT,0.08285212,0.0
2027,46,16.774856429048977,3.6293481547403017,VA,VIRGINIA,0.08285212,1389.8324178423375
2027,47,1453865.6098822262,23729.78474426068,WA,WASHINGTON,0.08285212,120455847.9738354
2027,48,0.0,0.0,WV,WEST VIRGINIA,0.08285212,0.0
2027,49,62127.57812248357,281.5660967463725,WI,WISCONSIN,0.08285212,5147401.5579133835
2027,50,79713.80012828925,2194.9948549563387,WY,WYOMING,0.08285212,6604457.333885036
2028,0,11175.0270629826,159.9780974008792,AL,ALABAMA,0.08426078,941616.4968480228
2028,2,0.0,0.0,AZ,ARIZONA,0.08426078,0.0
2028,3,899806.0349027578,4518.763190245407,AR,ARKANSAS,0.08426078,75818358.34961359
2028,4,6706.948485996758,670.9149793200456,CA,CALIFORNIA,0.08426078,565132.7108499059
2028,5,633755.3350797631,15081.992893592977,CO,COLORADO,0.08426078,53400718.86298219
2028,6,0.0,0.0,CT,CONNECTICUT,0.08426078,0.0
2028,7,10884.325484338677,170.74120382317116,DE,DELAWARE,0.08426078,917121.7550842545
2028,8,0.0,0.0,DC,DISTRICT OF COLUMBIA,0.08426078,0.0
2028,9,16.334432730633083,0.5641768176793023,FL,FLORIDA,0.08426078,1376.3520427406734
2028,10,47064.39983998894,783.1702993998185,GA,GEORGIA,0.08426078,3965683.040749343
2028,12,298954.72723406565,8129.866579259303,ID,IDAHO,0.08426078,25190158.501429614
2028,13,871618.9341328061,2510.20412969334,IL,ILLINOIS,0.08426078,73443291.25279887
2028,14,413480.9772218376,1634.2021296738455,IN,INDIANA,0.08426078,34840229.65587427
2028,15,2638.5131097301287,6.802004236432731,IA,IOWA,0.08426078,222323.1726660862
2028,16,14296576.426447129,68149.37245190033,KS,KANSAS,0.08426078,1204640681.0220475
2028,17,195911.4721751829,1836.0419310930497,KY,KENTUCKY,0.08426078,16507653.456429204
2028,18,134805.41116780482,714.453724181158,LA,LOUISIANA,0.08426078,11358809.093219943
2028,19,0.0,0.0,ME,MAINE,0.08426078,0.0
2028,20,15531.32023462314,323.09484304389565,MD,MARYLAND,0.08426078,1308681.1573991287
2028,21,0.0,0.0,MA,MASSACHUSETTS,0.08426078,0.0
2028,22,170465.27860495166,352.8851449313788,MI,MICHIGAN,0.08426078,14363537.338170536
2028,23,3045176.1829681667,7396.636997814252,MN,MINNESOTA,0.08426078,256588920.41432044
2028,24,37538.90745288026,234.62553803284544,MS,MISSISSIPPI,0.08426078,3163057.6223275033
2028,25,581538.1914990996,4004.670853626936,MO,MISSOURI,0.08426078,49000861.6155035
2028,26,7199921.605290705,55842.4865881632,MT,MONTANA,0.08426078,606671010.4006469
2028,27,1507233.0851059442,7159.25287750051,NE,NEBRASKA,0.08426078,127000635.39283323
2028,28,1393.5504421220323,1126.451661844939,NV,NEVADA,0.08426078,117421.6472225473
2028,29,0.0,0.0,NH,NEW HAMPSHIRE,0.08426078,0.0
2028,30,8435.35306302771,108.89921099404594,NJ,NEW JERSEY,0.08426078,710769.428666104
2028,31,41127.94198756018,1063.9121802737177,NM,NEW MEXICO,0.08426078,3465472.471666571
2028,32,4855.840851765204,29.36018847912859,NY,NEW YORK,0.08426078,409156.93772560044
2028,33,5106.890478052424,193.57481213774315,NC,NORTH CAROLINA,0.08426078,430310.5750552701
2028,34,11385041.541023172,43285.16194996299,ND,NORTH DAKOTA,0.08426078,959312480.5790144
2028,35,692305.4971519418,3278.282372600564,OH,OHIO,0.08426078,58334201.188310385
2028,36,5209539.258776674,34847.07773804879,OK,OKLAHOMA,0.08426078,438959841.3851444
2028,37,2393671.798837506,13434.40598815248,OR,OREGON,0.08426078,201692652.83405137
2028,38,26518.05385261074,448.4719087639374,PA,PENNSYLVANIA,0.08426078,2234431.901702986
2028,39,0.0,0.0,RI,RHODE ISLAND,0.08426078,0.0
2028,40,19524.21721884601,272.1353003329017,SC,SOUTH CAROLINA,0.08426078,1645125.7717493952
2028,41,4003503.3362803888,16639.053827677795,SD,SOUTH DAKOTA,0.08426078,337338313.8475878
2028,42,125224.23362459286,933.4350253955848,TN,TENNESSEE,0.08426078,10551491.600110421
2028,43,6135109.903399062,42924.395917032896,TX,TEXAS,0.08426078,516949145.8461296
2028,44,341.0289477396243,1977.8599789504497,UT,UTAH,0.08426078,28735.36513911998
2028,45,0.0,0.0,VT,VERMONT,0.08426078,0.0
2028,46,695.0714989160646,29.898513323770874,VA,VIRGINIA,0.08426078,58567.26665443675
2028,47,1421118.380744596,22602.11411193448,WA,WASHINGTON,0.08426078,119744543.23387663
2028,48,47.42359296427123,6.906702193564205,WV,WEST VIRGINIA,0.08426078,3995.9489335720054
2028,49,167780.0479452667,425.1436843364103,WI,WISCONSIN,0.08426078,14137277.708305568
2028,50,83310.82154263984,1820.907034232448,WY,WYOMING,0.08426078,7019834.805623636
2029,0,612.2539027730897,26.34333545302491,AL,ALABAMA,0.08566944,52451.44898838504
2029,2,0.0,0.0,AZ,ARIZONA,0.08566944,0.0
2029,3,28948.643512049443,355.1431753408181,AR,ARKANSAS,0.08566944,2480014.0784369092
2029,4,9516.315215002647,901.0359307354304,CA,CALIFORNIA,0.08566944,815257.3953327563
2029,5,374271.8839491236,9918.060387455427,CO,COLORADO,0.08566944,32063662.705666408
2029,6,0.0,0.0,CT,CONNECTICUT,0.08566944,0.0
2029,7,0.0,0.0,DE,DELAWARE,0.08566944,0.0
2029,8,0.0,0.0,DC,DISTRICT OF COLUMBIA,0.08566944,0.0
2029,9,270.1673812556648,8.821149799923095,FL,FLORIDA,0.08566944,23145.0882584393
2029,10,3124.899825973522,122.36363232243036,GA,GEORGIA,0.08566944,267708.4181472491
2029,12,254539.56024034103,7370.459616489079,ID,IDAHO,0.08566944,21806261.58363628
2029,13,93871.1543144065,605.5031454498032,IL,ILLINOIS,0.08566944,8041889.22226879
2029,14,13402.681852336596,224.97424560071985,IN,INDIANA,0.08566944,1148200.248787839
2029,15,2064.243744191851,6.260706430563654,IA,IOWA,0.08566944,176842.60558841913
2029,16,2997110.739984517,29308.19156232177,KS,KANSAS,0.08566944,256760798.71245918
2029,17,756.2160358152161,55.90240655147131,KY,KENTUCKY,0.08566944,64784.6043073095
2029,18,1786.2092129404705,46.49020529767037,LA,LOUISIANA,0.08566944,153023.54299545087
2029,19,0.0,0.0,ME,MAINE,0.08566944,0.0
2029,20,210.60581481993503,7.104244154849516,MD,MARYLAND,0.08566944,18042.482216367534
2029,21,0.0,0.0,MA,MASSACHUSETTS,0.08566944,0.0
2029,22,97276.06268137351,386.88968969934336,MI,MICHIGAN,0.08566944,8333585.815318168
2029,23,2391856.1201816583,5948.55570309148,MN,MINNESOTA,0.08566944,204908974.37653536
2029,24,1569.8926838128389,19.580439296491523,MS,MISSISSIPPI,0.08566944,134491.827082343
2029,25,177325.51228023297,2587.460621245885,MO,MISSOURI,0.08566944,15191377.33476068
2029,26,5144176.255862672,42652.31679613076,MT,MONTANA,0.08566944,440698699.1010518
2029,27,2112085.3970875703,10630.264445699806,NE,NEBRASKA,0.08566944,180941173.20066977
2029,28,1407.837283851084,1132.1138860073968,NV,NEVADA,0.08566944,120608.63171864342
2029,29,0.0,0.0,NH,NEW HAMPSHIRE,0.08566944,0.0
2029,30,0.0,0.0,NJ,NEW JERSEY,0.08566944,0.0
2029,31,2862.972771333062,112.03055566337252,NM,NEW MEXICO,0.08566944,245269.27405535147
2029,32,0.0,0.0,NY,NEW YORK,0.08566944,0.0
2029,33,2560.273697521591,31.27188435212403,NC,NORTH CAROLINA,0.08566944,219337.2139134041
2029,34,11157271.653177105,40345.77964777864,ND,NORTH DAKOTA,0.08566944,955837214.4555568
2029,35,21106.50760704308,638.5291780073159,OH,OHIO,0.08566944,1808182.6870511207
2029,36,383774.2528267022,5015.650068249609,OK,OKLAHOMA,0.08566944,32877725.32608199
2029,37,2541540.463591597,14152.105804274135,OR,OREGON,0.08566944,217732348.2532325
2029,38,136.00505687058103,1.978705925895022,PA,PENNSYLVANIA,0.08566944,11651.47705927083
2029,39,0.0,0.0,RI,RHODE ISLAND,0.08566944,0.0
2029,40,5283.509672702456,76.16786579273808,SC,SOUTH CAROLINA,0.08566944,452635.3148950027
2029,41,4608181.353069536,17159.041885057104,SD,SOUTH DAKOTA,0.08566944,394780315.93590945
2029,42,5084.241823545546,214.0850814774745,TN,TENNESSEE,0.08566944,435564.14984772576
2029,43,336776.1799262343,4965.465045488865,TX,TEXAS,0.08566944,28851426.739619736
2029,44,387.06300228435424,2245.925071837051,UT,UTAH,0.08566944,33159.470650419345
2029,45,0.0,0.0,VT,VERMONT,0.08566944,0.0
2029,46,196.8301623883245,9.03891037955021,VA,VIRGINIA,0.08566944,16862.329786916824
2029,47,1417290.037644022,22585.076539167792,WA,WASHINGTON,0.08566944,121418443.84254228
2029,48,144.98412970165214,4.492715090402734,WV,WEST VIRGINIA,0.08566944,12420.709200427906
2029,49,79308.68722928781,335.68262543367166,WI,WISCONSIN,0.08566944,6794330.822068238
2029,50,133266.4454430147,2951.559971256159,WY,WYOMING,0.08566944,11416861.751893621
2030,0,3288.576609142008,51.20949547519318,AL,ALABAMA,0.0870781,286363.0028285287
2030,2,0.0,0.0,AZ,ARIZONA,0.0870781,0.0
2030,3,18363.52418024443,471.9955690915864,AR,ARKANSAS,0.0870781,1599060.7949197423
2030,4,8395.237006377323,778.7655368159787,CA,CALIFORNIA,0.0870781,731041.2875650252
2030,5,1281490.292001279,25906.188044424853,CO,COLORADO,0.0870781,111589739.79591659
2030,6,0.0,0.0,CT,CONNECTICUT,0.0870781,0.0
2030,7,2359.2592748622637,99.10075797904008,DE,DELAWARE,0.0870781,205439.8150623837
2030,8,0.0,0.0,DC,DISTRICT OF COLUMBIA,0.0870781,0.0
2030,9,1097.792724735828,10.161063180235756,FL,FLORIDA,0.0870781,95593.7046638189
2030,10,111568.74547803104,865.4373679213566,GA,GEORGIA,0.0870781,9715194.375610536
2030,12,272629.61620214634,7526.9789165692255,ID,IDAHO,0.0870781,23740068.98261212
2030,13,27378.17468998584,399.4978340149013,IL,ILLINOIS,0.0870781,2384039.4334720564
2030,14,14952.242807404982,129.6846347489141,IN,INDIANA,0.0870781,1302012.894407492
2030,15,438.46035455921606,3.150959504692051,IA,IOWA,0.0870781,38180.29460034287
2030,16,12684937.551576288,52878.7882149227,KS,KANSAS,0.0870781,1104580260.6099153
2030,17,6032.311083241367,710.9324650327452,KY,KENTUCKY,0.0870781,525282.1877376001
2030,18,87961.50812052574,832.0007694581343,LA,LOUISIANA,0.0870781,7659521.000269953
2030,19,0.0,0.0,ME,MAINE,0.0870781,0.0
2030,20,2313.714402611183,94.1551580161135,MD,MARYLAND,0.0870781,201473.85412201687
2030,21,0.0,0.0,MA,MASSACHUSETTS,0.0870781,0.0
2030,22,59181.707416570025,306.7462819071648,MI,MICHIGAN,0.0870781,5153430.636590826
2030,23,433530.0058357777,2287.1140381870564,MN,MINNESOTA,0.0870781,37750969.20116843
2030,24,8362.436600990884,57.53452969036813,MS,MISSISSIPPI,0.0870781,728185.0905847444
2030,25,15479.18649837707,264.6396291274509,MO,MISSOURI,0.0870781,1347898.1498243285
2030,26,5325136.193985611,44647.90299366793,MT,MONTANA,0.0870781,463702742.0134985
2030,27,2548063.2691550422,10178.806853392294,NE,NEBRASKA,0.0870781,221880508.1578097
2030,28,1406.1681452017983,1143.589199145277,NV,NEVADA,0.0870781,122446.45036469672
2030,29,0.0,0.0,NH,NEW HAMPSHIRE,0.0870781,0.0
2030,30,756.070787885056,17.63487353308004,NJ,NEW JERSEY,0.0870781,65837.2076745337
2030,31,148313.41593664067,3199.460168153234,NM,NEW MEXICO,0.0870781,12914850.464272391
2030,32,0.0,0.0,NY,NEW YORK,0.0870781,0.0
2030,33,16112.421757575125,242.19660453264217,NC,NORTH CAROLINA,0.0870781,1403039.0730483024
2030,34,8311192.936667945,32921.03316226913,ND,NORTH DAKOTA,0.0870781,723722889.658465
2030,35,53370.89618503777,410.41117596916513,OH,OHIO,0.0870781,4647436.235090338
2030,36,4489253.465729456,25883.358254515035,OK,OKLAHOMA,0.0870781,390915662.2141362
2030,37,2679405.656200941,14946.07766435219,OR,OREGON,0.0870781,233317553.67123118
2030,38,326.15761653660513,18.317454304205107,PA,PENNSYLVANIA,0.0870781,28401.185548536156
2030,39,0.0,0.0,RI,RHODE ISLAND,0.0870781,0.0
2030,40,187178.14559210849,1329.2962610614009,SC,SOUTH CAROLINA,0.0870781,16299117.279684182
2030,41,2863432.960952672,13798.183852195763,SD,SOUTH DAKOTA,0.0870781,249342301.7171329
2030,42,3678.9224558374194,199.0083482509226,TN,TENNESSEE,0.0870781,320353.5775016564
2030,43,4620562.252134874,26880.976102780467,TX,TEXAS,0.0870781,402349781.84762585
2030,44,340.35210232316564,1973.934489721389,UT,UTAH,0.0870781,29637.21440130685
2030,45,0.0,0.0,VT,VERMONT,0.0870781,0.0
2030,46,149.5431562333265,6.625644297980674,VA,VIRGINIA,0.0870781,13021.933912801229
2030,47,1237917.096242973,19361.995253404,WA,WASHINGTON,0.0870781,107795468.69835524
2030,48,8.858273547534557,3.984072578148558,WV,WEST VIRGINIA,0.0870781,771.3616297995688
2030,49,4674.047754997668,37.03404278264231,WI,WISCONSIN,0.0870781,407007.1978144625
2030,50,44977.95436486058,1403.5799356506973,WY,WYOMING,0.0870781,3916594.807978767
2031,0,0.0,0.0,AL,ALABAMA,0.08681562,0.0
2031,2,0.0,0.0,AZ,ARIZONA,0.08681562,0.0
2031,3,2018.645633853438,23.21526370464972,AR,ARKANSAS,0.08681562,175249.9722632792
2031,4,7506.613575762466,686.4919748239563,CA,CALIFORNIA,0.08681562,651691.3116802354
2031,5,703839.2182692805,18513.123908239635,CO,COLORADO,0.08681562,61104238.11436292
2031,6,0.0,0.0,CT,CONNECTICUT,0.08681562,0.0
2031,7,33613.01190169421,261.3772806672499,DE,DELAWARE,0.08681562,2918134.4683129615
2031,8,0.0,0.0,DC,DISTRICT OF COLUMBIA,0.08681562,0.0
2031,9,0.0,0.0,FL,FLORIDA,0.08681562,0.0
2031,10,0.0,0.0,GA,GEORGIA,0.08681562,0.0
2031,12,296154.46598952124,7985.528213777944,ID,IDAHO,0.08681562,25710833.5806492
2031,13,4461.030005481877,60.571440950494186,IL,ILLINOIS,0.08681562,387287.08576451254
2031,14,21013.601970852837,146.22227355881975,IN,INDIANA,0.08681562,1824308.883532811
2031,15,0.0,0.0,IA,IOWA,0.08681562,0.0
2031,16,5204362.45193037,33661.07734987265,KS,KANSAS,0.08681562,451819952.9690553
2031,17,96.94949545392052,3.4843634591772084,KY,KENTUCKY,0.08681562,8416.730556519291
2031,18,0.0,0.0,LA,LOUISIANA,0.08681562,0.0
2031,19,0.0,0.0,ME,MAINE,0.08681562,0.0
2031,20,53567.19910973826,433.1022936123418,MD,MARYLAND,0.08681562,4650469.602375375
2031,21,0.0,0.0,MA,MASSACHUSETTS,0.08681562,0.0
2031,22,94839.43929183942,314.9008413586153,MI,MICHIGAN,0.08681562,8233544.7225734
2031,23,734023.398184103,4515.8098258134805,MN,MINNESOTA,0.08681562,63724696.40785977
2031,24,0.0,0.0,MS,MISSISSIPPI,0.08681562,0.0
2031,25,16490.488024971775,381.3015613453189,MO,MISSOURI,0.08681562,1431631.9419905
2031,26,5282579.756139443,47184.607247011925,MT,MONTANA,0.08681562,458610436.72869456
2031,27,1625528.648718819,9252.847024110448,NE,NEBRASKA,0.08681562,141121277.46628648
2031,28,1536.1993539734806,1232.8552332860688,NV,NEVADA,0.08681562,133366.09935880717
2031,29,0.0,0.0,NH,NEW HAMPSHIRE,0.08681562,0.0
2031,30,24366.29814561861,156.6766289871552,NJ,NEW JERSEY,0.08681562,2115375.28061673
2031,31,27860.65522991223,1516.0782346425756,NM,NEW MEXICO,0.08681562,2418740.0573910726
2031,32,4917.880838778758,33.63317304214239,NY,NEW YORK,0.08681562,426948.87410469784
2031,33,9842.36009482576,110.85143743175531,NC,NORTH CAROLINA,0.08681562,854470.5938955572
2031,34,6476215.806584348,35760.013738255315,ND,NORTH DAKOTA,0.08681562,562236690.5024202
2031,35,138740.03263402832,664.6853114175794,OH,OHIO,0.08681562,12044801.951943401
2031,36,1628724.6268527578,16541.207968801424,OK,OKLAHOMA,0.08681562,141398738.2894908
2031,37,2265748.8413209748,13468.3969702806,OR,OREGON,0.08681562,196702390.42356205
2031,38,23158.884884925585,504.5416806467047,PA,PENNSYLVANIA,0.08681562,2010552.9497934433
2031,39,0.0,0.0,RI,RHODE ISLAND,0.08681562,0.0
2031,40,0.0,0.0,SC,SOUTH CAROLINA,0.08681562,0.0
2031,41,1330070.953277722,10834.71507483378,SD,SOUTH DAKOTA,0.08681562,115470934.45279646
2031,42,0.0,0.0,TN,TENNESSEE,0.08681562,0.0
2031,43,1477076.2890096926,18891.79058774455,TX,TEXAS,0.08681562,128233293.81767565
2031,44,328.0893645915536,1902.8144913972617,UT,UTAH,0.08681562,28483.28160242177
2031,45,0.0,0.0,VT,VERMONT,0.08681562,0.0
2031,46,33500.45243337841,399.70214274589546,VA,VIRGINIA,0.08681562,2908362.548284255
2031,47,965264.3085312104,15558.735147117342,WA,WASHINGTON,0.08681562,83800019.40900832
2031,48,30.014808005475444,2.8153057928535725,WV,WEST VIRGINIA,0.08681562,2605.754166176314
2031,49,49158.23650679115,238.9298365747753,WI,WISCONSIN,0.08681562,4267702.7804437075
2031,50,88677.33435566284,2136.021049653619,WY,WYOMING,0.08681562,7698577.762034169
2032,0,981.8480933477794,67.96695004189385,AL,ALABAMA,0.08655314,84982.03548226341
2032,2,0.0,0.0,AZ,ARIZONA,0.08655314,0.0
2032,3,17297.901360064683,290.01126987923203,AR,ARKANSAS,0.08655314,1497187.6781238688
2032,4,9285.869020195923,856.5876977942728,CA,CALIFORNIA,0.08655314,803721.1213266806
2032,5,488426.4122681194,14180.245836068232,CO,COLORADO,0.08655314,42274839.64074025
2032,6,0.0,0.0,CT,CONNECTICUT,0.08655314,0.0
2032,7,13822.999340066031,161.32674763459474,DE,DELAWARE,0.08655314,1196423.9971006429
2032,8,0.0,0.0,DC,DISTRICT OF COLUMBIA,0.08655314,0.0
2032,9,0.0,0.0,FL,FLORIDA,0.08655314,0.0
2032,10,33.38097067017375,3.8962860649780193,GA,GEORGIA,0.08655314,2889.2278277514424
2032,12,269665.12562070414,8343.13962816425,ID,IDAHO,0.08655314,23340363.370966397
2032,13,98877.10664293192,532.5872494718448,IL,ILLINOIS,0.08655314,8558124.054060617
2032,14,54703.909656154254,441.98984090390087,IN,INDIANA,0.08655314,4734795.151016471
2032,15,1917.114627427873,9.937553723500734,IA,IOWA,0.08655314,165932.29074381254
2032,16,2088871.037609798,18412.730950964837,KS,KANSAS,0.08655314,180798347.3601861
2032,17,11814.581335783909,1006.8124589408116,KY,KENTUCKY,0.08655314,1022589.1123974916
2032,18,61.6933811923469,12.34799272625179,LA,LOUISIANA,0.08655314,5339.755859414568
2032,19,0.0,0.0,ME,MAINE,0.08655314,0.0
2032,20,6838.0256820367495,135.84951417089974,MD,MARYLAND,0.08655314,591852.5941809223
2032,21,0.0,0.0,MA,MASSACHUSETTS,0.08655314,0.0
2032,22,49646.62330486877,294.47606130498804,MI,MICHIGAN,0.08655314,4297071.13743357
2032,23,448451.4383233399,2199.181800463468,MN,MINNESOTA,0.08655314,38814880.124401405
2032,24,5213.085517619395,84.87677254601782,MS,MISSISSIPPI,0.08655314,451208.920638484
2032,25,185651.62873152364,1823.0151189539336,MO,MISSOURI,0.08655314,16068731.412827587
2032,26,2377222.5837508105,37078.3932193642,MT,MONTANA,0.08655314,205756079.10254565
2032,27,2214048.1861910173,11363.681354600349,NE,NEBRASKA,0.08655314,191632822.62613717
2032,28,1675.675631786524,1345.483816767723,NV,NEVADA,0.08655314,145034.98755260746
2032,29,0.0,0.0,NH,NEW HAMPSHIRE,0.08655314,0.0
2032,30,16190.247064551128,138.4218348934441,NJ,NEW JERSEY,0.08655314,1401316.7208126828
2032,31,3461.581683618423,114.52884913355086,NM,NEW MEXICO,0.08655314,299610.7640836611
2032,32,534.9984799613799,18.361267366096023,NY,NEW YORK,0.08655314,46305.79833588451
2032,33,2493.14541355933,91.6244788698082,NC,NORTH CAROLINA,0.08655314,215789.56402015858
2032,34,5991703.92631935,33127.7488488828,ND,NORTH DAKOTA,0.08655314,518600788.77326834
2032,35,135440.7028141641,636.2304913336397,OH,OHIO,0.08655314,11722818.11237274
2032,36,516288.6440751041,5358.222575045624,OK,OKLAHOMA,0.08655314,44686403.291042656
2032,37,3003148.161199188,16656.22711581383,OR,OREGON,0.08655314,259931903.23701587
2032,38,5249.806054580802,180.0917942443043,PA,PENNSYLVANIA,0.08655314,454387.1984149798
2032,39,0.0,0.0,RI,RHODE ISLAND,0.08655314,0.0
2032,40,280.35075959210565,4.725932119068228,SC,SOUTH CAROLINA,0.08655314,24265.23854408186
2032,41,2192323.678394283,15323.606888108572,SD,SOUTH DAKOTA,0.08655314,189752498.26137537
2032,42,5749.90262169701,267.88295749737904,TN,TENNESSEE,0.08655314,497672.1266021083
2032,43,113527.22949304729,1987.9262970268376,TX,TEXAS,0.08655314,9826138.18812385
2032,44,265.6924951040303,1540.9323937361796,UT,UTAH,0.08655314,22996.51972568845
2032,45,0.0,0.0,VT,VERMONT,0.08655314,0.0
2032,46,197.8103410186345,6.750191987876109,VA,VIRGINIA,0.08655314,17121.106139633615
2032,47,1420540.8631894323,24452.779117493898,WA,WASHINGTON,0.08655314,122952272.20735578
2032,48,0.0,0.0,WV,WEST VIRGINIA,0.08655314,0.0
2032,49,55913.112664827226,321.9612872656484,WI,WISCONSIN,0.08655314,4839455.468314564
2032,50,54438.70225890099,1675.3827895255818,WY,WYOMING,0.08655314,4711840.618032973
2033,0,5354.171239534433,71.9016068795321,AL,ALABAMA,0.08629066,462014.97001244436
2033,2,0.0,0.0,AZ,ARIZONA,0.08629066,0.0
2033,3,189025.8851931613,1833.163164566044,AR,ARKANSAS,0.08629066,16311168.390402116
2033,4,6130.42324211349,570.0984457610047,CA,CALIFORNIA,0.08629066,528998.2676413129
2033,5,366310.30710566166,11468.2502311538,CO,COLORADO,0.08629066,31609158.16495024
2033,6,0.0,0.0,CT,CONNECTICUT,0.08629066,0.0
2033,7,18334.235953806703,228.24006921915108,DE,DELAWARE,0.08629066,1582073.32104971
2033,8,0.0,0.0,DC,DISTRICT OF COLUMBIA,0.08629066,0.0
2033,9,245.5336842084632,1.161540472255678,FL,FLORIDA,0.08629066,21187.26366257987
2033,10,22543.36296724837,234.371752671246,GA,GEORGIA,0.08629066,1945281.6690634203
2033,12,107881.91437412474,3292.208638120152,ID,IDAHO,0.08629066,9309201.59340671
2033,13,8847.389390019509,78.34795341512957,IL,ILLINOIS,0.08629066,763447.0697417808
2033,14,23101.478357630585,207.76864847306567,IN,INDIANA,0.08629066,1993441.8144556594
2033,15,0.0,0.0,IA,IOWA,0.08629066,0.0
2033,16,3613858.025049564,17693.056583613936,KS,KANSAS,0.08629066,311842194.1278234
2033,17,23505.115925201128,850.6003382359595,KY,KENTUCKY,0.08629066,2028271.9665621163
2033,18,19452.538287936542,95.44598447151051,LA,LOUISIANA,0.08629066,1678572.3675413143
2033,19,0.0,0.0,ME,MAINE,0.08629066,0.0
2033,20,18789.800318462207,181.6158142063712,MD,MARYLAND,0.08629066,1621384.2707483142
2033,21,0.0,0.0,MA,MASSACHUSETTS,0.08629066,0.0
2033,22,5316.875861142683,18.106329713864422,MI,MICHIGAN,0.08629066,458796.7271960705
2033,23,49800.37642685633,766.4558609744743,MN,MINNESOTA,0.08629066,4297307.350121875
2033,24,3825.579201919458,36.1377433789676,MS,MISSISSIPPI,0.08629066,330111.7542159033
2033,25,7820.313754242791,82.10283851193999,MO,MISSOURI,0.08629066,674820.0352606883
2033,26,1088564.8089181306,15361.20077299183,MT,MONTANA,0.08629066,93932975.81431939
2033,27,1392336.2178976345,7353.721044176989,NE,NEBRASKA,0.08629066,120145611.1842907
2033,28,986.579934845997,791.7658815464605,NV,NEVADA,0.08629066,85132.63372061808
2033,29,0.0,0.0,NH,NEW HAMPSHIRE,0.08629066,0.0
2033,30,21136.18331804659,170.36270324567775,NJ,NEW JERSEY,0.08629066,1823855.2083952304
2033,31,45266.06553540958,2106.557567838164,NM,NEW MEXICO,0.08629066,3906038.670653746
2033,32,1070.394081979973,16.84026886459559,NY,NEW YORK,0.08629066,92365.01179414599
2033,33,31554.225870226124,294.06377307539,NC,NORTH CAROLINA,0.08629066,2722834.9761308865
2033,34,278571.70083413227,5639.211953257189,ND,NORTH DAKOTA,0.08629066,24038135.922299825
2033,35,90280.97458533011,612.6776649188828,OH,OHIO,0.08629066,7790404.882411363
2033,36,1747776.560543452,13213.46506089849,OK,OKLAHOMA,0.08629066,150816792.94182444
2033,37,2002475.420002425,11867.236365437684,OR,OREGON,0.08629066,172794925.62578648
2033,38,38484.24473626584,616.8140925592038,PA,PENNSYLVANIA,0.08629066,3320830.877893906
2033,39,0.0,0.0,RI,RHODE ISLAND,0.08629066,0.0
2033,40,32881.359971659884,172.3518317578022,SC,SOUTH CAROLINA,0.08629066,2837354.253652113
2033,41,335247.9993187692,3550.936006724661,SD,SOUTH DAKOTA,0.08629066,28928771.124896146
2033,42,23601.36706043573,472.9175632807488,TN,TENNESSEE,0.08629066,2036577.540547259
2033,43,3383651.2715652017,28680.910054686203,TX,TEXAS,0.08629066,291977501.43320054
2033,44,231.72338762147496,1343.9223197945707,UT,UTAH,0.08629066,19995.564055292904
2033,45,0.0,0.0,VT,VERMONT,0.08629066,0.0
2033,46,8553.083572763859,147.74441174476613,VA,VIRGINIA,0.08629066,738051.2265289514
2033,47,1162201.1701288205,20029.448055081004,WA,WASHINGTON,0.08629066,100287106.0231882
2033,48,0.0,0.0,WV,WEST VIRGINIA,0.08629066,0.0
2033,49,773.0782503214016,3.680110504374639,WI,WISCONSIN,0.08629066,66709.43245187897
2033,50,49074.15563394488,1381.529815154602,WY,WYOMING,0.08629066,4234641.278595822
2034,0,206.3272424139551,14.443996960022757,AL,ALABAMA,0.08602818,17749.957149291364
2034,2,0.0,0.0,AZ,ARIZONA,0.08602818,0.0
2034,3,86921.75226361904,1250.2477364391495,AR,ARKANSAS,0.08602818,7477720.149650025
2034,4,17028.774571206355,1582.023277519764,CA,CALIFORNIA,0.08602818,1464954.4839911629
2034,5,1455654.4210877046,31087.078699844984,CO,COLORADO,0.08602818,125227300.55512884
2034,6,0.0,0.0,CT,CONNECTICUT,0.08602818,0.0
2034,7,25933.62522933169,242.4139390622377,DE,DELAWARE,0.08602818,2231022.579281488
2034,8,0.0,0.0,DC,DISTRICT OF COLUMBIA,0.08602818,0.0
2034,9,0.0,0.0,FL,FLORIDA,0.08602818,0.0
2034,10,110.28271427520303,12.35925523763245,GA,GEORGIA,0.08602818,9487.421194555736
2034,12,352703.07411619235,9712.072818901754,ID,IDAHO,0.08602818,30342403.546621133
2034,13,47236.31270709344,437.298327378901,IL,ILLINOIS,0.08602818,4063654.0121021215
2034,14,81679.48324247735,487.51541158246647,IN,INDIANA,0.08602818,7026737.286690824
2034,15,37.54883180612946,1.1133607880177585,IA,IOWA,0.08602818,3230.2576614074305
2034,16,16202434.223915476,76889.38861833527,KS,KANSAS,0.08602818,1393865927.8531609
2034,17,7948.309416356202,184.3947978302598,KY,KENTUCKY,0.08602818,683778.5931659862
2034,18,674.9820886011145,10.259611926157316,LA,LOUISIANA,0.08602818,58067.48061495262
2034,19,0.0,0.0,ME,MAINE,0.08602818,0.0
2034,20,42041.38550079703,304.37954046869703,MD,MARYLAND,0.08602818,3616743.8793119565
2034,21,0.0,0.0,MA,MASSACHUSETTS,0.08602818,0.0
2034,22,5195.246611297587,14.37534339530227,MI,MICHIGAN,0.08602818,446937.61062109884
2034,23,231305.00132976804,2295.4836837443745,MN,MINNESOTA,0.08602818,19898748.28929752
2034,24,1347.5331894676865,30.30311191463923,MS,MISSISSIPPI,0.08602818,115925.82777950024
2034,25,189814.0719458172,2251.622327458088,MO,MISSOURI,0.08602818,16329359.147887712
2034,26,6844647.5440504085,60654.45106666238,MT,MONTANA,0.08602818,588832570.9561265
2034,27,3398702.396886972,18395.050400807984,NE,NEBRASKA,0.08602818,292384181.56582385
2034,28,1858.677542242331,1491.6555777853189,NV,NEVADA,0.08602818,159898.64616598084
2034,29,0.0,0.0,NH,NEW HAMPSHIRE,0.08602818,0.0
2034,30,13939.914956597137,146.8752155177194,NJ,NEW JERSEY,0.08602818,1199225.5130708306
2034,31,79717.82175687475,2191.3261579581126,NM,NEW MEXICO,0.08602818,6857979.119308338
2034,32,0.0,0.0,NY,NEW YORK,0.08602818,0.0
2034,33,17467.943716874222,408.8693697202286,NC,NORTH CAROLINA,0.08602818,1502735.4063051248
2034,34,6881003.647591985,33498.079209464886,ND,NORTH DAKOTA,0.08602818,591960220.3756998
2034,35,131707.47952321146,803.4215514437183,OH,OHIO,0.08602818,11330554.755769148
2034,36,6501198.064325626,38960.90362057336,OK,OKLAHOMA,0.08602818,559286237.2934566
2034,37,3098822.537539069,16756.841485532193,OR,OREGON,0.08602818,266586063.0474678
2034,38,7325.215628897175,139.36202942100869,PA,PENNSYLVANIA,0.08602818,630174.9686615793
2034,39,0.0,0.0,RI,RHODE ISLAND,0.08602818,0.0
2034,40,10231.041705457028,326.9782237370586,SC,SOUTH CAROLINA,0.08602818,880157.8974245641
2034,41,2433651.682178353,18449.025764573176,SD,SOUTH DAKOTA,0.08602818,209362624.97174212
2034,42,11279.033974522545,329.8486393020243,TN,TENNESSEE,0.08602818,970314.7649863408
2034,43,4442820.985624729,33366.99515448095,TX,TEXAS,0.08602818,382207803.4591016
2034,44,443.0185577609134,2569.3674426625494,UT,UTAH,0.08602818,38112.080230396256
2034,45,0.0,0.0,VT,VERMONT,0.08602818,0.0
2034,46,10307.21316546164,158.69388210900934,VA,VIRGINIA,0.08602818,886710.7894967038
2034,47,1604754.998616244,24924.19345399035,WA,WASHINGTON,0.08602818,138054151.87685797
2034,48,157.1875837739934,3.440129522836857,WV,WEST VIRGINIA,0.08602818,13522.561750674182
2034,49,16033.353462998895,86.71761843812126,WI,WISCONSIN,0.08602818,1379320.2177184923
2034,50,137371.44351705434,4169.612256846073,WY,WYOMING,0.08602818,11817815.269744985
2035,0,476.6017886137433,49.610011488254415,AL,ALABAMA,0.0857657,40876.08602170972
2035,2,0.0,0.0,AZ,ARIZONA,0.0857657,0.0
2035,3,24887.38571175429,670.9209293487597,AR,ARKANSAS,0.0857657,2134484.056738605
2035,4,5703.1056644700975,518.4437122593088,CA,CALIFORNIA,0.0857657,489130.849487243
2035,5,79749.88228920512,2102.4390324792776,CO,COLORADO,0.0857657,6839804.479451279
2035,6,0.0,0.0,CT,CONNECTICUT,0.0857657,0.0
2035,7,398.3695054570012,34.00471873063472,DE,DELAWARE,0.0857657,34166.43949417353
2035,8,0.0,0.0,DC,DISTRICT OF COLUMBIA,0.0857657,0.0
2035,9,0.0,0.0,FL,FLORIDA,0.0857657,0.0
2035,10,79.35586968097624,2.884128821525876,GA,GEORGIA,0.0857657,6806.011712297704
2035,12,150535.28144832182,4698.026558521969,ID,IDAHO,0.0857657,12910763.788112335
2035,13,14469.02850565318,275.70486169466886,IL,ILLINOIS,0.0857657,1240946.3581072988
2035,14,28256.339365094467,286.51769362388546,IN,INDIANA,0.0857657,2423424.7250848827
2035,15,0.0,0.0,IA,IOWA,0.0857657,0.0
2035,16,1234879.9986713938,11891.11431412708,KS,KANSAS,0.0857657,105910347.50205116
2035,17,8041.843324752278,865.1916884580737,KY,KENTUCKY,0.0857657,689714.3220377064
2035,18,15155.761454713049,234.19285976700732,LA,LOUISIANA,0.0857657,1299844.490196483
2035,19,0.0,0.0,ME,MAINE,0.0857657,0.0
2035,20,8561.93297951125,347.66204957183425,MD,MARYLAND,0.0857657,734320.175340868
2035,21,0.0,0.0,MA,MASSACHUSETTS,0.0857657,0.0
2035,22,13251.887879218188,154.76535517428294,MI,MICHIGAN,0.0857657,1136557.4402826633
2035,23,213112.00683987731,2213.756460195851,MN,MINNESOTA,0.0857657,18277700.445026867
2035,24,2482.474358070217,26.347017188862917,MS,MISSISSIPPI,0.0857657,212911.1510519428
2035,25,21318.73130382381,412.9400238086144,MO,MISSOURI,0.0857657,1828415.9133843617
2035,26,3629514.99541682,38468.22407579141,MT,MONTANA,0.0857657,311287894.2424204
2035,27,78750.05950522728,1303.2685649095563,NE,NEBRASKA,0.0857657,6754053.978507471
2035,28,680.1606455952367,545.8533810917058,NV,NEVADA,0.0857657,58334.45388192739
2035,29,0.0,0.0,NH,NEW HAMPSHIRE,0.0857657,0.0
2035,30,1231.6511144598576,79.21521077422551,NJ,NEW JERSEY,0.0857657,105633.4199874298
2035,31,48821.71450096311,2146.7808602357672,NM,NEW MEXICO,0.0857657,4187228.519375252
2035,32,458.2811834118242,3.135141510023964,NY,NEW YORK,0.0857657,39304.80649214349
2035,33,29875.307624585454,724.3827991386254,NC,NORTH CAROLINA,0.0857657,2562276.6711379085
2035,34,2827745.5686065643,19052.675317699508,ND,NORTH DAKOTA,0.0857657,242523578.11344004
2035,35,44092.916399134,321.31204085236914,OH,OHIO,0.0857657,3781659.840013207
2035,36,1229714.2939721546,9222.900925924205,OK,OKLAHOMA,0.0857657,105467307.22252762
2035,37,2076545.7144007508,12601.798980312897,OR,OREGON,0.0857657,178096396.77758047
2035,38,8157.682273724897,322.1999889581351,PA,PENNSYLVANIA,0.0857657,699649.3305836074
2035,39,0.0,0.0,RI,RHODE ISLAND,0.0857657,0.0
2035,40,4480.734279987029,158.23609116455782,SC,SOUTH CAROLINA,0.0857657,384293.3120370836
2035,41,460748.0685017206,5062.552480510548,SD,SOUTH DAKOTA,0.0857657,39516380.618698016
2035,42,5908.182790035733,323.36464321989354,TN,TENNESSEE,0.0857657,506719.43271536764
2035,43,2110207.9625001955,17534.327177060706,TX,TEXAS,0.0857657,180983463.049403
2035,44,314.9469235922152,1826.5924925006889,UT,UTAH,0.0857657,27011.643364732852
2035,45,0.0,0.0,VT,VERMONT,0.0857657,0.0
2035,46,3589.590722654335,162.13793752460435,VA,VIRGINIA,0.0857657,307863.7610419549
2035,47,844692.9229824499,14362.103034954473,WA,WASHINGTON,0.0857657,72445679.82463591
2035,48,133.87996371930404,8.497725801567192,WV,WEST VIRGINIA,0.0857657,11482.308804360715
2035,49,7249.789521965191,50.85245361137318,WI,WISCONSIN,0.0857657,621783.27320401
2035,50,21585.598109467905,606.8364339754921,WY,WYOMING,0.0857657,1851303.9317771916
2036,0,2870.712841970182,97.14454380737956,AL,ALABAMA,0.08668652,248852.10618970502
2036,2,0.0,0.0,AZ,ARIZONA,0.08668652,0.0
2036,3,839001.3176574311,4816.765635764925,AR,ARKANSAS,0.08668652,72730104.50313726
2036,4,12395.44418661856,1161.1961754926378,CA,CALIFORNIA,0.08668652,1074517.9203921936
2036,5,896997.663882693,24135.812416100038,CO,COLORADO,0.08668652,77757605.93012035
2036,6,0.0,0.0,CT,CONNECTICUT,0.08668652,0.0
2036,7,0.0,0.0,DE,DELAWARE,0.08668652,0.0
2036,8,0.0,0.0,DC,DISTRICT OF COLUMBIA,0.08668652,0.0
2036,9,0.0,0.0,FL,FLORIDA,0.08668652,0.0
2036,10,9491.370515469534,81.87226986391047,GA,GEORGIA,0.08668652,822773.8800166601
2036,12,255838.74121485392,7220.274104447188,ID,IDAHO,0.08668652,22177770.15709626
2036,13,43941.11033022178,821.0885395416832,IL,ILLINOIS,0.08668652,3809101.939462977
2036,14,8044.2320472655665,79.99212112198369,IN,INDIANA,0.08668652,697326.4822499276
2036,15,0.685637662682546,0.1758039892757281,IA,IOWA,0.08668652,59.43554295888378
2036,16,9577437.495424,60059.23127200597,KS,KANSAS,0.08668652,830234726.9958225
2036,17,7438.458040586716,524.6287734045787,KY,KENTUCKY,0.08668652,644814.0417044812
2036,18,309838.6643063625,1315.1916887175162,LA,LOUISIANA,0.08668652,26858835.57016678
2036,19,0.0,0.0,ME,MAINE,0.08668652,0.0
2036,20,158.9844941130404,2.80313102960499,MD,MARYLAND,0.08668652,13781.81252861996
2036,21,0.0,0.0,MA,MASSACHUSETTS,0.08668652,0.0
2036,22,1317.8167006218675,3.1654630234192247,MI,MICHIGAN,0.08668652,114236.94377479154
2036,23,676073.2570851378,3189.2202140243403,MN,MINNESOTA,0.08668652,58606437.92177594
2036,24,123272.5680281579,616.6887611664453,MS,MISSISSIPPI,0.08668652,10686069.93382427
2036,25,149286.5550287211,2528.9926746035344,MO,MISSOURI,0.08668652,12941131.938228332
2036,26,6463475.188986048,60479.2658516076,MT,MONTANA,0.08668652,560296171.2395428
2036,27,3702720.115768976,18465.844144110142,NE,NEBRASKA,0.08668652,320975921.37000966
2036,28,1327.6179171273914,1086.9962581175305,NV,NEVADA,0.08668652,115086.57712542196
2036,29,0.0,0.0,NH,NEW HAMPSHIRE,0.08668652,0.0
2036,30,0.0,0.0,NJ,NEW JERSEY,0.08668652,0.0
2036,31,78192.40301906686,2620.997078961449,NM,NEW MEXICO,0.08668652,6778227.3081604
2036,32,0.0,0.0,NY,NEW YORK,0.08668652,0.0
2036,33,44711.83770836461,667.0718514020161,NC,NORTH CAROLINA,0.08668652,3875913.6137429033
2036,34,5021424.191589917,26134.32447995725,ND,NORTH DAKOTA,0.08668652,435289788.6127432
2036,35,5832.672739797666,35.11423998137902,OH,OHIO,0.08668652,505614.10211192514
2036,36,8257985.112115225,50895.50110502906,OK,OKLAHOMA,0.08668652,715855991.5810786
2036,37,2455719.7767938343,14059.134092666074,OR,OREGON,0.08668652,212877801.54543427
2036,38,0.0,0.0,PA,PENNSYLVANIA,0.08668652,0.0
2036,39,0.0,0.0,RI,RHODE ISLAND,0.08668652,0.0
2036,40,56412.075996130094,421.67502306774367,SC,SOUTH CAROLINA,0.08668652,4890166.554080051
2036,41,3588979.7704024604,16861.361528213853,SD,SOUTH DAKOTA,0.08668652,311116166.6465883
2036,42,14599.608750655829,269.0271962985408,TN,TENNESSEE,0.08668652,1265589.2759559015
2036,43,7463178.048073813,51084.8971516276,TX,TEXAS,0.08668652,646956933.1279116
2036,44,464.3887643664911,2693.307878415076,UT,UTAH,0.08668652,40256.245910031124
2036,45,0.0,0.0,VT,VERMONT,0.08668652,0.0
2036,46,611.5085494289245,23.609439061754674,VA,VIRGINIA,0.08668652,53009.54810024146
2036,47,804638.6976856794,13279.257914656886,WA,WASHINGTON,0.08668652,69751328.5597036
2036,48,0.0,0.0,WV,WEST VIRGINIA,0.08668652,0.0
2036,49,796.9620029071107,3.107648484731993,WI,WISCONSIN,0.08668652,69085.86260424732
2036,50,222834.66202037103,5645.580114341043,WY,WYOMING,0.08668652,19316761.385922134
2037,0,3201.368808785708,60.418600282202966,AL,ALABAMA,0.08760734,280463.40569668455
2037,2,0.0,0.0,AZ,ARIZONA,0.08760734,0.0
2037,3,103207.02273098784,907.8015446616492,AR,ARKANSAS,0.08760734,9041692.73078138
2037,4,14376.47377323238,1352.7613562297506,CA,CALIFORNIA,0.08760734,1259484.6258526521
2037,5,864643.8338468504,22873.694568403174,CO,COLORADO,0.08760734,75749146.33072454
2037,6,0.0,0.0,CT,CONNECTICUT,0.08760734,0.0
2037,7,3570.8822603815115,71.28060554843515,DE,DELAWARE,0.08760734,312835.49628521164
2037,8,0.0,0.0,DC,DISTRICT OF COLUMBIA,0.08760734,0.0
2037,9,103.98757495722268,2.3291043530197184,FL,FLORIDA,0.08760734,9110.074835052894
2037,10,7079.222211946752,253.6848811777597,GA,GEORGIA,0.08760734,620191.8272575713
2037,12,184190.90658094984,6239.564769658553,ID,IDAHO,0.08760734,16136475.377745511
2037,13,46259.525754122056,371.9802919640096,IL,ILLINOIS,0.08760734,4052674.0009801276
2037,14,14797.596005213814,109.23686397103371,IN,INDIANA,0.08760734,1296378.0244114085
2037,15,430.7531187146915,7.399714238541907,IA,IOWA,0.08760734,37737.13492729834
2037,16,14212022.617716957,76129.56404831461,KS,KANSAS,0.08760734,1245077497.5580196
2037,17,879.4869914692,13.904825687451437,KY,KENTUCKY,0.08760734,77049.51588721931
2037,18,3363.18935981236,71.8820166477573,LA,LOUISIANA,0.08760734,294640.0737294638
2037,19,0.0,0.0,ME,MAINE,0.08760734,0.0
2037,20,31604.023824777985,393.4388127973958,MD,MARYLAND,0.08760734,2768744.4605854256
2037,21,0.0,0.0,MA,MASSACHUSETTS,0.08760734,0.0
2037,22,2825.521126470645,10.106363924835128,MI,MICHIGAN,0.08760734,247536.3900038968
2037,23,351690.57999346656,1716.9323015533685,MN,MINNESOTA,0.08760734,30810676.216284823
2037,24,1682.5242402937852,27.050231089558903,MS,MISSISSIPPI,0.08760734,147401.47317765935
2037,25,304145.2260179565,2875.579429352308,MO,MISSOURI,0.08760734,26645354.225131962
2037,26,3169634.6913058683,43296.50184426864,MT,MONTANA,0.08760734,277683264.0770283
2037,27,4460567.3319801865,19662.10241137096,NE,NEBRASKA,0.08760734,390778438.8456811
2037,28,1443.266762062815,1200.5195982897108,NV,NEVADA,0.08760734,126440.76193473615
2037,29,0.0,0.0,NH,NEW HAMPSHIRE,0.08760734,0.0
2037,30,7611.695030224211,127.922226062256,NJ,NEW JERSEY,0.08760734,666840.3544891628
2037,31,14529.566333694744,427.1958781302403,NM,NEW MEXICO,0.08760734,1272896.6578485488
2037,32,0.0,0.0,NY,NEW YORK,0.08760734,0.0
2037,33,71713.6769445755,827.3871567938015,NC,NORTH CAROLINA,0.08760734,6282644.478733588
2037,34,4498972.352977062,30358.933159333683,ND,NORTH DAKOTA,0.08760734,394143000.5778614
2037,35,65650.27487187012,447.055143065593,OH,OHIO,0.08760734,5751445.951793382
2037,36,1752331.9849827357,14540.079046925155,OK,OKLAHOMA,0.08760734,153517144.00125742
2037,37,3121803.0278380327,17610.246471560058,OR,OREGON,0.08760734,273492859.272836
2037,38,13352.79963784174,327.3757944384748,PA,PENNSYLVANIA,0.08760734,1169803.2578242782
2037,39,0.0,0.0,RI,RHODE ISLAND,0.08760734,0.0
2037,40,5402.871836822451,133.7628611458986,SC,SOUTH CAROLINA,0.08760734,473331.229984929
2037,41,566196.5931617708,5992.981047972311,SD,SOUTH DAKOTA,0.08760734,49602977.443964936
2037,42,244.3564318600176,1.9918574977986392,TN,TENNESSEE,0.08760734,21407.417007147396
2037,43,1803964.3503324124,13272.118638430778,TX,TEXAS,0.08760734,158040518.1874508
2037,44,458.7240720540354,2660.454455583567,UT,UTAH,0.08760734,40187.59574662238
2037,45,0.0,0.0,VT,VERMONT,0.08760734,0.0
2037,46,11493.872031586736,189.8931629114106,VA,VIRGINIA,0.08760734,1006947.55498771
2037,47,721488.2181679804,12198.508478866355,WA,WASHINGTON,0.08760734,63207663.635036446
2037,48,191.95595060093768,7.276168745917875,WV,WEST VIRGINIA,0.08760734,16816.750229319554
2037,49,22521.39425417002,101.57282898294704,WI,WISCONSIN,0.08760734,1973039.4436991194
2037,50,192636.9893159419,4438.904460585667,WY,WYOMING,0.08760734,16876414.21957809
2038,0,7386.368045798358,62.89808256079336,AL,ALABAMA,0.08852816,653901.5721773243
2038,2,0.0,0.0,AZ,ARIZONA,0.08852816,0.0
2038,3,975462.6777111036,5053.060825751645,AR,ARKANSAS,0.08852816,86355916.006437
2038,4,6514.613731757829,592.2142646013579,CA,CALIFORNIA,0.08852816,576726.7667832541
2038,5,1322459.1923890356,29974.26951101586,CO,COLORADO,0.08852816,117074878.97728732
2038,6,0.0,0.0,CT,CONNECTICUT,0.08852816,0.0
2038,7,0.0,0.0,DE,DELAWARE,0.08852816,0.0
2038,8,0.0,0.0,DC,DISTRICT OF COLUMBIA,0.08852816,0.0
2038,9,2361.673794523232,11.480608600761084,FL,FLORIDA,0.08852816,209074.6355493598
2038,10,15226.382987877932,110.71329954066802,GA,GEORGIA,0.08852816,1347963.6693721358
2038,12,164544.0129926311,5317.528239996369,ID,IDAHO,0.08852816,14566778.709253723
2038,13,20610.59401456786,181.93666258606964,IL,ILLINOIS,0.08852816,1824617.9646167061
2038,14,10906.560862400242,80.72590079620291,IN,INDIANA,0.08852816,965537.7650763065
2038,15,28.38511467947547,1.205943056028466,IA,IOWA,0.08852816,2512.881973962953
2038,16,15566041.893318864,74510.02601441674,KS,KANSAS,0.08852816,1378033047.2984352
2038,17,8413.7954378158,193.27810531244845,KY,KENTUCKY,0.08852816,744857.828726227
2038,18,246832.50582022604,1078.4154835515744,LA,LOUISIANA,0.08852816,21851627.5684539
2038,19,0.0,0.0,ME,MAINE,0.08852816,0.0
2038,20,0.0,0.0,MD,MARYLAND,0.08852816,0.0
2038,21,0.0,0.0,MA,MASSACHUSETTS,0.08852816,0.0
2038,22,16262.95577707358,229.3751013741349,MI,MICHIGAN,0.08852816,1439729.5511056941
2038,23,521528.8455959284,4094.485942051841,MN,MINNESOTA,0.08852816,46169989.08753164
2038,24,82740.24602001571,464.57159368448,MS,MISSISSIPPI,0.08852816,7324841.738099312
2038,25,178874.45399994106,2134.205098307797,MO,MISSOURI,0.08852816,15835426.28361942
2038,26,5143489.92815983,60959.31674359741,MT,MONTANA,0.08852816,455343699.3185219
2038,27,3265063.648880313,17664.926832229892,NE,NEBRASKA,0.08852816,289050077.11826015
2038,28,719.6021345579942,577.5065945568443,NV,NEVADA,0.08852816,63705.05290449163
2038,29,0.0,0.0,NH,NEW HAMPSHIRE,0.08852816,0.0
2038,30,293.90905243339284,5.094537500186423,NJ,NEW JERSEY,0.08852816,26019.22761927179
2038,31,131631.94552824646,2983.519474007364,NM,NEW MEXICO,0.08852816,11653133.934835887
2038,32,428.4132258797642,2.0891361877548293,NY,NEW YORK,0.08852816,37926.634606799904
2038,33,1027.817701894893,21.265713878463337,NC,NORTH CAROLINA,0.08852816,90990.80996418338
2038,34,6314041.257002899,41138.83383487657,ND,NORTH DAKOTA,0.08852816,558970454.6465538
2038,35,7231.206540490321,82.42729494771451,OH,OHIO,0.08852816,640165.4096095735
2038,36,11725477.608664148,56071.03272055757,OK,OKLAHOMA,0.08852816,1038034957.8162371
2038,37,2305700.5750337937,13847.74994910287,OR,OREGON,0.08852816,204119429.4186837
2038,38,9.08356294517026,0.3541971903121063,PA,PENNSYLVANIA,0.08852816,804.151113780104
2038,39,0.0,0.0,RI,RHODE ISLAND,0.08852816,0.0
2038,40,42437.64071675277,290.1048074272218,SC,SOUTH CAROLINA,0.08852816,3756926.247395204
2038,41,2554934.593082917,16324.618723471618,SD,SOUTH DAKOTA,0.08852816,226183658.44597933
2038,42,73865.04713198985,617.3685610007615,TN,TENNESSEE,0.08852816,6539136.710908338
2038,43,8672806.255041255,47491.18714609203,TX,TEXAS,0.08852816,767787579.7952929
2038,44,407.20259190721526,2361.6461746030086,UT,UTAH,0.08852816,36048.896208776656
2038,45,0.0,0.0,VT,VERMONT,0.08852816,0.0
2038,46,25.39716145516634,1.0277344718782622,VA,VIRGINIA,0.08852816,2248.3639728487983
2038,47,785829.1866850063,13418.19807100496,WA,WASHINGTON,0.08852816,69568011.9715201
2038,48,0.0,0.0,WV,WEST VIRGINIA,0.08852816,0.0
2038,49,25278.67048881125,148.30302925549876,WI,WISCONSIN,0.08852816,2237874.1856207605
2038,50,238402.01088357205,6102.657170662582,WY,WYOMING,0.08852816,21105291.363822605
2039,0,15465.883237688096,129.06281305739034,AL,ALABAMA,0.08944898,1383407.4804102976
2039,2,0.0,0.0,AZ,ARIZONA,0.08944898,0.0
2039,3,344077.7563740817,3414.722779198547,AR,ARKANSAS,0.08944898,30777404.348350108
2039,4,14455.561893749617,1376.837112305857,CA,CALIFORNIA,0.08944898,1293035.2667227716
2039,5,890327.758224884,20165.53062619029,CO,COLORADO,0.08944898,79638909.83890249
2039,6,0.0,0.0,CT,CONNECTICUT,0.08944898,0.0
2039,7,15462.564733191484,167.04954581684186,DE,DELAWARE,0.08944898,1383110.6435679505
2039,8,0.0,0.0,DC,DISTRICT OF COLUMBIA,0.08944898,0.0
2039,9,1409.087962272517,14.399044711897991,FL,FLORIDA,0.08944898,126041.48095555512
2039,10,38610.62768512966,541.2655503556348,GA,GEORGIA,0.08944898,3453681.2635946088
2039,12,352355.12240252155,9909.952421079726,ID,IDAHO,0.08944898,31517806.2966807
2039,13,75564.4214954039,620.2196436229116,IL,ILLINOIS,0.08944898,6759160.4270539535
2039,14,66859.02591498011,519.3095963981267,IN,INDIANA,0.08944898,5980471.671888538
2039,15,0.0,0.0,IA,IOWA,0.08944898,0.0
2039,16,12748583.79924358,62303.77682296016,KS,KANSAS,0.08944898,1140347817.2868629
2039,17,23471.3245652307,818.2136897918339,KY,KENTUCKY,0.08944898,2099486.0416088295
2039,18,189408.92584923093,1211.8810214428715,LA,LOUISIANA,0.08944898,16942435.22010934
2039,19,0.0,0.0,ME,MAINE,0.08944898,0.0
2039,20,60846.0808924008,551.9808708646892,MD,MARYLAND,0.08944898,5442619.872822741
2039,21,0.0,0.0,MA,MASSACHUSETTS,0.08944898,0.0
2039,22,45172.50432897305,326.4165500859875,MI,MICHIGAN,0.08944898,4040634.436272224
2039,23,734780.2005452788,3328.931889353269,MN,MINNESOTA,0.08944898,65725339.46297063
2039,24,117868.99572013872,653.3812857352816,MS,MISSISSIPPI,0.08944898,10543261.440790772
2039,25,78573.3019802407,942.2724855496048,MO,MISSOURI,0.08944898,7028301.7173645105
2039,26,5298529.877050811,53746.44480287496,MT,MONTANA,0.08944898,473948093.0017205
2039,27,3262756.55868718,15522.259761323654,NE,NEBRASKA,0.08944898,291850246.1628784
2039,28,2171.7336339680764,1760.967728049682,NV,NEVADA,0.08944898,194259.35839013782
2039,29,0.0,0.0,NH,NEW HAMPSHIRE,0.08944898,0.0
2039,30,17639.184086824673,178.6830594505871,NJ,NEW JERSEY,0.08944898,1577807.0245986986
2039,31,35140.75568090855,943.7904158957324,NM,NEW MEXICO,0.08944898,3143304.7520864755
2039,32,1040.8551095866223,14.709673474273917,NY,NEW YORK,0.08944898,93103.42788031159
2039,33,35160.25331832403,433.54014091761314,NC,NORTH CAROLINA,0.08944898,3145048.7958656996
2039,34,1872072.0051579007,14796.82373790626,ND,NORTH DAKOTA,0.08944898,167454931.34792897
2039,35,146707.96634051137,616.1289116596372,OH,OHIO,0.08944898,13122877.947033076
2039,36,3856189.6057894006,29111.788676280277,OK,OKLAHOMA,0.08944898,344932226.924464
2039,37,3659858.248477539,20186.327188219773,OR,OREGON,0.08944898,327370587.2709024
2039,38,19878.207830916275,445.53831074439273,PA,PENNSYLVANIA,0.08944898,1778085.4147034732
2039,39,0.0,0.0,RI,RHODE ISLAND,0.08944898,0.0
2039,40,6136.9762527889625,209.3762782297905,SC,SOUTH CAROLINA,0.08944898,548946.2660961949
2039,41,1386739.0162772522,11600.592954752492,SD,SOUTH DAKOTA,0.08944898,124042390.5322036
2039,42,43912.13893473396,810.2218294174327,TN,TENNESSEE,0.08944898,3927896.037330239
2039,43,1830624.3152376893,16588.9920676003,TX,TEXAS,0.08944898,163747477.76120976
2039,44,531.5472813197622,3082.8060245635247,UT,UTAH,0.08944898,47546.36213582578
2039,45,0.0,0.0,VT,VERMONT,0.08944898,0.0
2039,46,35287.25315046007,382.75511195307297,VA,VIRGINIA,0.08944898,3156408.80131044
2039,47,1194687.7173931035,19733.46895903536,WA,WASHINGTON,0.08944898,106863597.73934138
2039,48,2322.934694529098,24.43597163198627,WV,WEST VIRGINIA,0.08944898,207784.13903223939
2039,49,5476.444009346064,39.957651257876094,WI,WISCONSIN,0.08944898,489862.3306631159
2039,50,184779.39271372557,4102.7462801204965,WY,WYOMING,0.08944898,16528328.203262184
2040,0,39415.68358484906,274.6512494425282,AL,ALABAMA,0.0903698,3561987.4424260925
2040,2,0.0,0.0,AZ,ARIZONA,0.0903698,0.0
2040,3,445838.8424622224,4389.0955514995785,AR,ARKANSAS,0.0903698,40290367.02554254
2040,4,10107.510595430518,920.0266115322132,CA,CALIFORNIA,0.0903698,913413.7110069367
2040,5,1534214.9058908373,33793.36796298792,CO,COLORADO,0.0903698,138646694.20237377
2040,6,0.0,0.0,CT,CONNECTICUT,0.0903698,0.0
2040,7,0.0,0.0,DE,DELAWARE,0.0903698,0.0
2040,8,0.0,0.0,DC,DISTRICT OF COLUMBIA,0.0903698,0.0
2040,9,7346.726509377353,36.21405553278622,FL,FLORIDA,0.0903698,663922.2053071295
2040,10,242127.74351331335,1714.3472106387958,GA,GEORGIA,0.0903698,21881035.755749427
2040,12,461509.0110440416,12769.71616315956,ID,IDAHO,0.0903698,41706477.02624783
2040,13,337954.76521060494,2518.3410074341373,IL,ILLINOIS,0.0903698,30540904.541129325
2040,14,100245.2563291422,922.0953952956864,IN,INDIANA,0.0903698,9059143.765413314
2040,15,1618.8059642901082,5.228589341719294,IA,IOWA,0.0903698,146291.17123170424
2040,16,15200022.033278529,69835.97168586138,KS,KANSAS,0.0903698,1373622951.142974
2040,17,26959.82568301395,649.7033447510232,KY,KENTUCKY,0.0903698,2436354.055008834
2040,18,345948.0538187343,1454.032124228908,LA,LOUISIANA,0.0903698,31263256.433988255
2040,19,0.0,0.0,ME,MAINE,0.0903698,0.0
2040,20,0.0,0.0,MD,MARYLAND,0.0903698,0.0
2040,21,0.0,0.0,MA,MASSACHUSETTS,0.0903698,0.0
2040,22,33998.9060533647,321.6663334076388,MI,MICHIGAN,0.0903698,3072474.3402613574
2040,23,1624700.9118593922,8050.551567824658,MN,MINNESOTA,0.0903698,146823896.4645509
2040,24,209014.2433707015,915.9434374289732,MS,MISSISSIPPI,0.0903698,18888575.37056162
2040,25,214688.59297120536,2784.1428904055265,MO,MISSOURI,0.0903698,19401365.209089234
2040,26,8215095.57558007,69985.1219675215,MT,MONTANA,0.0903698,742396544.1460558
2040,27,5411405.109812103,20173.155396789974,NE,NEBRASKA,0.0903698,489027597.49269783
2040,28,2567.707591361386,2072.4270582714985,NV,NEVADA,0.0903698,232043.2214898102
2040,29,0.0,0.0,NH,NEW HAMPSHIRE,0.0903698,0.0
2040,30,11.95902478065776,2.626699754044292,NJ,NEW JERSEY,0.0903698,1080.7346776230856
2040,31,55627.45376358369,1924.9016778776768,NM,NEW MEXICO,0.0903698,5027041.871124306
2040,32,0.0,0.0,NY,NEW YORK,0.0903698,0.0
2040,33,21575.414373984702,396.597796453974,NC,NORTH CAROLINA,0.0903698,1949765.8818941228
2040,34,5703608.631741236,31638.9061172143,ND,NORTH DAKOTA,0.0903698,515433971.32872915
2040,35,58794.96505864058,819.8168611125018,OH,OHIO,0.0903698,5313289.233356337
2040,36,6748130.420930307,45988.31210927565,OK,OKLAHOMA,0.0903698,609827196.5133877
2040,37,3998620.889346674,21961.781001825948,OR,OREGON,0.0903698,361354570.04608107
2040,38,111.74336480363348,11.8227505090111,PA,PENNSYLVANIA,0.0903698,10098.225528631398
2040,39,0.0,0.0,RI,RHODE ISLAND,0.0903698,0.0
2040,40,191700.4179205474,1200.330404501026,SC,SOUTH CAROLINA,0.0903698,17323928.427396283
2040,41,3483229.789660939,17351.548977635517,SD,SOUTH DAKOTA,0.0903698,314778779.4457011
2040,42,47245.78732858099,637.1132025431095,TN,TENNESSEE,0.0903698,4269592.351726399
2040,43,2929046.102268958,26880.72644303744,TX,TEXAS,0.0903698,264697310.45282528
2040,44,603.9903472625817,3502.9528825662283,UT,UTAH,0.0903698,54582.48688405006
2040,45,0.0,0.0,VT,VERMONT,0.0903698,0.0
2040,46,14.388763048889864,0.1687663091781711,VA,VIRGINIA,0.0903698,1300.3096389755672
2040,47,1059165.2939822453,18548.182372616997,WA,WASHINGTON,0.0903698,95716555.7841167
2040,48,99.28855024948648,11.184840618949185,WV,WEST VIRGINIA,0.0903698,8972.686428336043
2040,49,6366.268676848816,46.77199398770895,WI,WISCONSIN,0.0903698,575318.4270730921
2040,50,361820.8594902927,7615.573421464597,WY,WYOMING,0.0903698,32697678.707965855
2041,0,4743.352295958933,155.63426524212068,AL,ALABAMA,0.09157888,434390.89070934756
2041,2,0.0,0.0,AZ,ARIZONA,0.09157888,0.0
2041,3,519140.6235986954,4332.370898601768,AR,ARKANSAS,0.09157888,47542316.8716701
2041,4,13660.437157182036,1281.0098699571472,CA,CALIFORNIA,0.09157888,1251007.5351651148
2041,5,1490666.0256437536,32281.58069494177,CO,COLORADO,0.09157888,136513525.08250624
2041,6,0.0,0.0,CT,CONNECTICUT,0.09157888,0.0
2041,7,1002.901929645362,56.23683402420733,DE,DELAWARE,0.09157888,91844.63546676104
2041,8,0.0,0.0,DC,DISTRICT OF COLUMBIA,0.09157888,0.0
2041,9,428.273406215183,4.537788957903605,FL,FLORIDA,0.09157888,39220.7988749715
2041,10,776.3175553871429,33.51537260807066,GA,GEORGIA,0.09157888,71094.29224669252
2041,12,496953.9518682242,13161.276037023084,ID,IDAHO,0.09157888,45510486.32366588
2041,13,198368.58338457847,2772.231408252469,IL,ILLINOIS,0.09157888,18166372.693546306
2041,14,80638.25605738418,1100.011931387182,IN,INDIANA,0.09157888,7384761.174888459
2041,15,295.07110429869863,5.516445801649991,IA,IOWA,0.09157888,27022.281252038003
2041,16,9334794.260150049,48772.51541550837,KS,KANSAS,0.09157888,854870003.3749702
2041,17,16595.11340160084,564.1448473547543,KY,KENTUCKY,0.09157888,1519761.8987915951
2041,18,193935.6674676015,1384.9318837625729,LA,LOUISIANA,0.09157888,17760411.218735382
2041,19,0.0,0.0,ME,MAINE,0.09157888,0.0
2041,20,5664.821940585609,239.88069658105732,MD,MARYLAND,0.09157888,518778.0487182566
2041,21,0.0,0.0,MA,MASSACHUSETTS,0.09157888,0.0
2041,22,33715.25667864195,244.16596672825088,MI,MICHIGAN,0.09157888,3087605.4455425492
2041,23,1173650.2325168657,6809.217381481073,MN,MINNESOTA,0.09157888,107481573.80563414
2041,24,92369.7581342913,614.3335657056914,MS,MISSISSIPPI,0.09157888,8459118.995809287
2041,25,235982.2205799888,3141.529106029042,MO,MISSOURI,0.09157888,21610987.460628323
2041,26,9299185.64419622,78556.26289395185,MT,MONTANA,0.09157888,851609006.2075684
2041,27,4618738.209029862,18269.21200589899,NE,NEBRASKA,0.09157888,422978872.1961606
2041,28,2794.138003484536,2242.396243175913,NV,NEVADA,0.09157888,255884.0289245499
2041,29,0.0,0.0,NH,NEW HAMPSHIRE,0.09157888,0.0
2041,30,3123.381146903845,116.21814294297612,NJ,NEW JERSEY,0.09157888,286035.7472465696
2041,31,72686.08707976324,1668.7002951367494,NM,NEW MEXICO,0.09157888,6656510.446347187
2041,32,221.2384399171251,2.923183027053092,NY,NEW YORK,0.09157888,20260.76854055761
2041,33,17783.536173442404,552.4813570759975,NC,NORTH CAROLINA,0.09157888,1628596.3252033412
2041,34,7028604.476585446,34577.57032407848,ND,NORTH DAKOTA,0.09157888,643671725.9286814
2041,35,163929.6055699681,2188.66396486394,OH,OHIO,0.09157888,15012489.676939439
2041,36,4092255.298663458,31702.561822751944,OK,OKLAHOMA,0.09157888,374764156.92566496
2041,37,4361374.790882049,22846.618561611816,OR,OREGON,0.09157888,399409818.60921234
2041,38,1625.4588701966477,157.71757165805494,PA,PENNSYLVANIA,0.09157888,148857.70281867438
2041,39,0.0,0.0,RI,RHODE ISLAND,0.09157888,0.0
2041,40,29703.9163523752,639.3343720567391,SC,SOUTH CAROLINA,0.09157888,2720251.391164206
2041,41,3942351.207092269,18272.987717424578,SD,SOUTH DAKOTA,0.09157888,361036108.11215806
2041,42,60759.54974584098,938.8060581996856,TN,TENNESSEE,0.09157888,5564291.515028402
2041,43,4901870.452771062,32153.492678137736,TX,TEXAS,0.09157888,448907805.96986675
2041,44,592.1774233812254,3434.4416622308763,UT,UTAH,0.09157888,54230.94519453843
2041,45,0.0,0.0,VT,VERMONT,0.09157888,0.0
2041,46,5318.056093798001,161.21152299418614,VA,VIRGINIA,0.09157888,487021.62084719585
2041,47,1682447.6143675975,25899.63300860417,WA,WASHINGTON,0.09157888,154076668.1824565
2041,48,149.69563554562464,33.97560126935407,WV,WEST VIRGINIA,0.09157888,13708.958644156495
2041,49,58931.83460271285,363.14128483727103,WI,WISCONSIN,0.09157888,5396911.409261688
2041,50,413463.5630819938,8491.827606492576,WY,WYOMING,0.09157888,37864530.02785834
2042,0,25203.57956175553,245.5620077972157,AL,ALABAMA,0.09278796,2338588.7322329897
2042,2,0.0,0.0,AZ,ARIZONA,0.09278796,0.0
2042,3,187040.7870874863,2058.3770347220257,AR,ARKANSAS,0.09278796,17355133.070642196
2042,4,21191.71318677704,2003.7224112726813,CA,CALIFORNIA,0.09278796,1966335.8355061407
2042,5,1540870.0470285795,36076.46317790615,CO,COLORADO,0.09278796,142974188.28888595
2042,6,0.0,0.0,CT,CONNECTICUT,0.09278796,0.0
2042,7,9966.556004526576,135.91842817890858,DE,DELAWARE,0.09278796,924776.3998857718
2042,8,0.0,0.0,DC,DISTRICT OF COLUMBIA,0.09278796,0.0
2042,9,1589.8980836962603,10.672707946885442,FL,FLORIDA,0.09278796,147523.39979408527
2042,10,139450.05546007882,1282.442951959078,GA,GEORGIA,0.09278796,12939286.168027574
2042,12,445207.3211133158,12020.084650509278,ID,IDAHO,0.09278796,41309879.10316951
2042,13,89198.11027297135,1336.0179924293843,IL,ILLINOIS,0.09278796,8276510.688084055
2042,14,52621.52837840101,678.5182194925629,IN,INDIANA,0.09278796,4882644.270313938
2042,15,3345.9567087464284,12.1657004678893,IA,IOWA,0.09278796,310464.49725289526
2042,16,15909947.66457018,73721.64012097572,KS,KANSAS,0.09278796,1476251587.5022314
2042,17,8768.491584687925,513.2955588004485,KY,KENTUCKY,0.09278796,813610.4464203598
2042,18,190001.3008792656,1124.8228463592495,LA,LOUISIANA,0.09278796,17629833.10593326
2042,19,0.0,0.0,ME,MAINE,0.09278796,0.0
2042,20,30904.635463435872,417.26750250059536,MD,MARYLAND,0.09278796,2867578.079195869
2042,21,0.0,0.0,MA,MASSACHUSETTS,0.09278796,0.0
2042,22,5984.632675768792,85.62143988805721,MI,MICHIGAN,0.09278796,555301.8573339276
2042,23,3278328.670997147,11313.074511298491,MN,MINNESOTA,0.09278796,304189429.5913364
2042,24,53931.39844810913,362.69700871769606,MS,MISSISSIPPI,0.09278796,5004184.441947212
2042,25,163229.4699853452,2687.181951511453,MO,MISSOURI,0.09278796,15145729.531821413
2042,26,8142994.042889236,70698.22142656302,MT,MONTANA,0.09278796,755571805.5318447
2042,27,5839694.53712612,20919.135060864108,NE,NEBRASKA,0.09278796,541853343.123077
2042,28,2620.9119025249797,2103.376066818374,NV,NEVADA,0.09278796,243189.06877501172
2042,29,0.0,0.0,NH,NEW HAMPSHIRE,0.09278796,0.0
2042,30,11992.180298943338,136.71943011330495,NJ,NEW JERSEY,0.09278796,1112729.9458911426
2042,31,111200.52745392856,3523.2221693057954,NM,NEW MEXICO,0.09278796,10318070.093374025
2042,32,1310.9740057497986,16.305246188535026,NY,NEW YORK,0.09278796,121642.60360655209
2042,33,146724.94468268685,1846.8180616941968,NC,NORTH CAROLINA,0.09278796,13614308.298219362
2042,34,10802434.04626814,41699.87871936207,ND,NORTH DAKOTA,0.09278796,1002335818.1877664
2042,35,41292.92412628182,688.8826615003727,OH,OHIO,0.09278796,3831486.1921124724
2042,36,6447924.826755794,48927.09264935952,OK,OKLAHOMA,0.09278796,598289790.9080235
2042,37,4014841.003775492,22242.12557566395,OR,OREGON,0.09278796,372528906.4646802
2042,38,15372.771737021028,298.85121858512247,PA,PENNSYLVANIA,0.09278796,1426408.1290238379
2042,39,0.0,0.0,RI,RHODE ISLAND,0.09278796,0.0
2042,40,173345.48692166235,1441.8755706232546,SC,SOUTH CAROLINA,0.09278796,16084374.106667731
2042,41,6158035.060412677,22086.09866879379,SD,SOUTH DAKOTA,0.09278796,571391510.864169
2042,42,19110.94960748906,381.2626476554816,TN,TENNESSEE,0.09278796,1773266.0277417107
2042,43,5150486.880356186,36828.67814433958,TX,TEXAS,0.09278796,477903170.6350146
2042,44,590.3158715871485,3423.6452509096325,UT,UTAH,0.09278796,54774.20548019347
2042,45,0.0,0.0,VT,VERMONT,0.09278796,0.0
2042,46,51678.934102370375,450.92187822193296,VA,VIRGINIA,0.09278796,4795182.870333378
2042,47,1295207.0906377512,21021.378180728098,WA,WASHINGTON,0.09278796,120179623.71781203
2042,48,24.00425974800511,4.770434971625409,WV,WEST VIRGINIA,0.09278796,2227.3062933275082
2042,49,37734.16575662603,265.5566426065219,WI,WISCONSIN,0.09278796,3501276.262859186
2042,50,404881.9851852851,8558.823892840588,WY,WYOMING,0.09278796,37568173.44609283
2043,0,182.9708985071836,9.93152009979656,AL,ALABAMA,0.09399704,17198.72286581568
2043,2,0.0,0.0,AZ,ARIZONA,0.09399704,0.0
2043,3,59700.230083727685,1334.123337647064,AR,ARKANSAS,0.09399704,5611644.915189355
2043,4,14301.907882158652,1313.9801916959082,CA,CALIFORNIA,0.09399704,1344337.007275582
2043,5,1311208.452986271,31717.82530629583,CO,COLORADO,0.09399704,123249713.40368862
2043,6,0.0,0.0,CT,CONNECTICUT,0.09399704,0.0
2043,7,0.0,0.0,DE,DELAWARE,0.09399704,0.0
2043,8,0.0,0.0,DC,DISTRICT OF COLUMBIA,0.09399704,0.0
2043,9,0.0,0.0,FL,FLORIDA,0.09399704,0.0
2043,10,0.0,0.0,GA,GEORGIA,0.09399704,0.0
2043,12,489789.897105627,12927.766501436674,ID,IDAHO,0.09399704,46038800.54983351
2043,13,133011.1726058136,1632.8484324747496,IL,ILLINOIS,0.09399704,12502656.511875564
2043,14,56696.21036646912,822.9826576829199,IN,INDIANA,0.09399704,5329275.953665412
2043,15,2126.737025074641,13.382836383811316,IA,IOWA,0.09399704,199906.98521542206
2043,16,8833665.11308124,62932.90816784937,KS,KANSAS,0.09399704,830338372.9809018
2043,17,10.42617297787796,19.14969274330786,KY,KENTUCKY,0.09399704,980.0293984485137
2043,18,107895.44182876548,668.4170559922406,LA,LOUISIANA,0.09399704,10141852.161396142
2043,19,0.0,0.0,ME,MAINE,0.09399704,0.0
2043,20,0.0,0.0,MD,MARYLAND,0.09399704,0.0
2043,21,0.0,0.0,MA,MASSACHUSETTS,0.09399704,0.0
2043,22,910.8820236146992,1.4386919187199083,MI,MICHIGAN,0.09399704,85620.21400899182
2043,23,2774088.157360549,11361.664287827103,MN,MINNESOTA,0.09399704,260756075.49094582
2043,24,3383.7509484231346,45.99663071033532,MS,MISSISSIPPI,0.09399704,318062.57324896735
2043,25,195059.00407608997,3523.137630125821,MO,MISSOURI,0.09399704,18334969.008500393
2043,26,10458250.309065234,84592.48817778309,MT,MONTANA,0.09399704,983044572.6312171
2043,27,4649635.162466402,21233.86613741428,NE,NEBRASKA,0.09399704,437051942.3517609
2043,28,2617.981315870772,2101.0241656254125,NV,NEVADA,0.09399704,246082.4944671576
2043,29,0.0,0.0,NH,NEW HAMPSHIRE,0.09399704,0.0
2043,30,0.0,0.0,NJ,NEW JERSEY,0.09399704,0.0
2043,31,109203.72032204356,2855.696868496016,NM,NEW MEXICO,0.09399704,10264826.467259943
2043,32,8.420723556790795,0.470037879199802,NY,NEW YORK,0.09399704,791.5230889966067
2043,33,0.0,0.0,NC,NORTH CAROLINA,0.09399704,0.0
2043,34,6884201.876076741,41004.149546642046,ND,NORTH DAKOTA,0.09399704,647094599.1136606
2043,35,28996.03169024364,234.06875883624147,OH,OHIO,0.09399704,2725541.150629099
2043,36,8688848.404168412,50413.5582157489,OK,OKLAHOMA,0.09399704,816726031.0005543
2043,37,4048675.83471652,22393.23232133542,OR,OREGON,0.09399704,380563544.3828821
2043,38,0.0,0.0,PA,PENNSYLVANIA,0.09399704,0.0
2043,39,0.0,0.0,RI,RHODE ISLAND,0.09399704,0.0
2043,40,0.0,0.0,SC,SOUTH CAROLINA,0.09399704,0.0
2043,41,4573713.795179295,21214.36305514659,SD,SOUTH DAKOTA,0.09399704,429915558.55402005
2043,42,137.42002746461336,10.731092245862246,TN,TENNESSEE,0.09399704,12917.07581839236
2043,43,5129351.870225238,42081.49468037474,TX,TEXAS,0.09399704,482143892.9196365
2043,44,576.1712813723974,3341.611103691813,UT,UTAH,0.09399704,54158.3949820125
2043,45,11.129719583090893,0.2525245195836177,VT,VERMONT,0.09399704,1046.160696840578
2043,46,0.0,0.0,VA,VIRGINIA,0.09399704,0.0
2043,47,1322666.2596996217,21125.973109795552,WA,WASHINGTON,0.09399704,124326713.31963573
2043,48,0.0,0.0,WV,WEST VIRGINIA,0.09399704,0.0
2043,49,34404.78336353951,248.3779521002066,WI,WISCONSIN,0.09399704,3233947.798013958
2043,50,393987.2209133548,8786.639394911894,WY,WYOMING,0.09399704,37033632.563681446
2044,0,859.9564990568153,68.20768582944153,AL,ALABAMA,0.09520612,81873.12164398306
2044,2,0.0,0.0,AZ,ARIZONA,0.09520612,0.0
2044,3,227160.0155439665,2219.747610782732,AR,ARKANSAS,0.09520612,21627023.699080743
2044,4,21996.175967540024,2061.2212565287173,CA,CALIFORNIA,0.09520612,2094170.568706732
2044,5,969900.2044387868,22078.233396642965,CO,COLORADO,0.09520612,92340435.25182368
2044,6,0.0,0.0,CT,CONNECTICUT,0.09520612,0.0
2044,7,505.2289163623786,28.958982388263266,DE,DELAWARE,0.09520612,48100.88483866658
2044,8,0.0,0.0,DC,DISTRICT OF COLUMBIA,0.09520612,0.0
2044,9,141.6211408480565,5.589850404942617,FL,FLORIDA,0.09520612,13483.19933011697
2044,10,582.0268053350992,38.54255978639834,GA,GEORGIA,0.09520612,55412.5138719501
2044,12,428898.2134511879,11927.962294129604,ID,IDAHO,0.09520612,40833734.777619414
2044,13,201132.9142255978,1832.2815550511705,IL,ILLINOIS,0.09520612,19149084.367711972
2044,14,42322.39477679017,618.193936831259,IN,INDIANA,0.09520612,4029350.9958064584
2044,15,1803.0269295684784,12.815166062576314,IA,IOWA,0.09520612,171659.1982197281
2044,16,12658852.532669283,68363.09659291603,KS,KANSAS,0.09520612,1205200233.2876158
2044,17,12802.780881056357,438.42190177406985,KY,KENTUCKY,0.09520612,1218903.0928955574
2044,18,803.4692257598239,51.254528518357226,LA,LOUISIANA,0.09520612,76495.1875239969
2044,19,0.0,0.0,ME,MAINE,0.09520612,0.0
2044,20,393.6511831543464,44.002376000005576,MD,MARYLAND,0.09520612,37478.00178153469
2044,21,0.0,0.0,MA,MASSACHUSETTS,0.09520612,0.0
2044,22,15332.149930166412,186.63041089635777,MI,MICHIGAN,0.09520612,1459714.506109415
2044,23,2476036.4313756307,10864.396906486316,MN,MINNESOTA,0.09520612,235733821.60992008
2044,24,34270.61509780535,296.2408678647676,MS,MISSISSIPPI,0.09520612,3262772.293475468
2044,25,70679.56145575417,1947.7005243185872,MO,MISSOURI,0.09520612,6729126.809503907
2044,26,7287195.878736041,69815.45561721604,MT,MONTANA,0.09520612,693785645.294449
2044,27,5164260.285485405,21389.5706541904,NE,NEBRASKA,0.09520612,491669184.45115775
2044,28,2435.534723183789,1960.457403783631,NV,NEVADA,0.09520612,231877.81111960264
2044,29,0.0,0.0,NH,NEW HAMPSHIRE,0.09520612,0.0
2044,30,302.0041632494611,24.873265105222536,NJ,NEW JERSEY,0.09520612,28752.644606827784
2044,31,92112.75645314262,2298.985870074358,NM,NEW MEXICO,0.09520612,8769698.144408671
2044,32,583.949943491893,16.13848139193018,NY,NEW YORK,0.09520612,55595.60839408239
2044,33,843.908225958965,26.543199492222897,NC,NORTH CAROLINA,0.09520612,80345.22782963634
2044,34,3101182.93888528,18639.148020475237,ND,NORTH DAKOTA,0.09520612,295251595.02146465
2044,35,24327.981533203558,327.40849758366073,OH,OHIO,0.09520612,2316172.729207962
2044,36,5797579.932606867,37931.74682016855,OK,OKLAHOMA,0.09520612,551965090.7733613
2044,37,3674523.84922737,21869.03141494749,OR,OREGON,0.09520612,349837158.53240293
2044,38,0.0,0.0,PA,PENNSYLVANIA,0.09520612,0.0
2044,39,0.0,0.0,RI,RHODE ISLAND,0.09520612,0.0
2044,40,3368.1902844855545,59.53718831855628,SC,SOUTH CAROLINA,0.09520612,320672.32840756583
2044,41,4595072.225988368,22095.55648967134,SD,SOUTH DAKOTA,0.09520612,437478997.75611573
2044,42,46932.88619438106,602.4734163304273,TN,TENNESSEE,0.09520612,4468297.9949685875
2044,43,5007657.398409121,30760.26387544135,TX,TEXAS,0.09520612,476759631.1918266
2044,44,556.8267387799766,3229.4188781982057,UT,UTAH,0.09520612,53013.31331149511
2044,45,49.58006573569868,0.7576045013299384,VT,VERMONT,0.09520612,4720.325688040817
2044,46,10.587998774897144,1.3413136866335622,VA,VIRGINIA,0.09520612,1008.0422819227107
2044,47,1303184.2738525998,21423.90140469756,WA,WASHINGTON,0.09520612,124071118.35852349
2044,48,0.0,0.0,WV,WEST VIRGINIA,0.09520612,0.0
2044,49,2198.153859748683,42.02411891580182,WI,WISCONSIN,0.09520612,209277.7001496963
2044,50,239354.23653934136,7515.407277273527,WY,WYOMING,0.09520612,22787988.16647292
2045,0,630.909952845386,17.06957365139621,AL,ALABAMA,0.0964152,60829.30928557846
2045,2,0.0,0.0,AZ,ARIZONA,0.0964152,0.0
2045,3,639933.4043276039,4293.200734751416,AR,ARKANSAS,0.0964152,61699307.16492679
2045,4,11456.8827921251,1041.4937395730367,CA,CALIFORNIA,0.0964152,1104617.6457793
2045,5,1082992.8924505056,26019.79353482641,CO,COLORADO,0.0964152,104416976.32419401
2045,6,0.0,0.0,CT,CONNECTICUT,0.0964152,0.0
2045,7,0.0,0.0,DE,DELAWARE,0.0964152,0.0
2045,8,0.0,0.0,DC,DISTRICT OF COLUMBIA,0.0964152,0.0
2045,9,0.0,0.0,FL,FLORIDA,0.0964152,0.0
2045,10,1.9715540538554075,1.6947262811987869,GA,GEORGIA,0.0964152,190.0877784132799
2045,12,292775.8739812133,8464.70456832825,ID,IDAHO,0.0964152,28228044.44507348
2045,13,589217.7273138604,2861.632906983982,IL,ILLINOIS,0.0964152,56809545.02251132
2045,14,84665.90239336368,581.6531171329975,IN,INDIANA,0.0964152,8163079.912436639
2045,15,3134.5131783488832,11.143121540272842,IA,IOWA,0.0964152,302214.7149931432
2045,16,8182333.384870895,67928.21886015823,KS,KANSAS,0.0964152,788901309.7690045
2045,17,14290.030701016867,318.174199360264,KY,KENTUCKY,0.0964152,1377776.1680446817
2045,18,148400.3181768077,849.8182839689774,LA,LOUISIANA,0.0964152,14308046.35708055
2045,19,0.0,0.0,ME,MAINE,0.0964152,0.0
2045,20,195.71558449635216,8.099824177806463,MD,MARYLAND,0.0964152,18869.957222332694
2045,21,0.0,0.0,MA,MASSACHUSETTS,0.0964152,0.0
2045,22,50161.48058659416,343.3056742825254,MI,MICHIGAN,0.0964152,4836329.183052593
2045,23,494676.8793827445,2768.593489958336,MN,MINNESOTA,0.0964152,47694370.26106319
2045,24,57637.40781070154,387.0101299248248,MS,MISSISSIPPI,0.0964152,5557122.2015503505
2045,25,892465.7195851661,6120.463873419511,MO,MISSOURI,0.0964152,86047260.84694771
2045,26,5463186.036340464,56058.80824590329,MT,MONTANA,0.0964152,526734174.3309731
2045,27,2158358.116930114,15098.16948483323,NE,NEBRASKA,0.0964152,208098529.51544037
2045,28,1778.3755673395067,1427.210354744389,NV,NEVADA,0.0964152,171462.43600015203
2045,29,0.0,0.0,NH,NEW HAMPSHIRE,0.0964152,0.0
2045,30,1789.9295222864207,36.58939012740224,NJ,NEW JERSEY,0.0964152,172576.4128771497
2045,31,64362.14103174636,1735.6442314226078,NM,NEW MEXICO,0.0964152,6205488.700004032
2045,32,6031.262934665697,58.50269803982714,NY,NEW YORK,0.0964152,581505.4220983802
2045,33,1827.5390451376172,31.99989783709963,NC,NORTH CAROLINA,0.0964152,176202.54254475242
2045,34,2596542.645115474,18720.67099248414,ND,NORTH DAKOTA,0.0964152,250346178.43733743
2045,35,102495.44909307604,506.7770416217089,OH,OHIO,0.0964152,9882119.223398745
2045,36,7956232.874344341,53394.63776893392,OK,OKLAHOMA,0.0964152,767101783.8264846
2045,37,3873419.367065914,21995.91997961171,OR,OREGON,0.0964152,373456502.9595336
2045,38,9713.2344048427,427.9053523204813,PA,PENNSYLVANIA,0.0964152,936503.43778979
2045,39,0.0,0.0,RI,RHODE ISLAND,0.0964152,0.0
2045,40,1758.3031309564474,29.298285975486184,SC,SOUTH CAROLINA,0.0964152,169527.14803179208
2045,41,2744982.3092428907,18116.152183086924,SD,SOUTH DAKOTA,0.0964152,264658018.3421152
2045,42,43988.89850038632,525.8826520619489,TN,TENNESSEE,0.0964152,4241198.446694448
2045,43,4921889.8836056935,35913.0570856488,TX,TEXAS,0.0964152,474544997.50581974
2045,44,354.8133579978631,2057.8051963987355,UT,UTAH,0.0964152,34209.40087403557
2045,45,48.86817516008004,1.8174432425357383,VT,VERMONT,0.0964152,4711.63488169415
2045,46,34.737926482729264,7.256340663764919,VA,VIRGINIA,0.0964152,3349.2641294176387
2045,47,1363004.727440619,22197.98623954247,WA,WASHINGTON,0.0964152,131414373.39713278
2045,48,0.0,0.0,WV,WEST VIRGINIA,0.0964152,0.0
2045,49,56744.70727136789,288.859759876404,WI,WISCONSIN,0.0964152,5471052.30051039
2045,50,332542.4708856086,7450.658091937095,WY,WYOMING,0.0964152,32062148.838930126
2046,0,6522.868964428012,132.10039720190957,AL,ALABAMA,0.09672064,630896.0608756145
2046,2,0.0,0.0,AZ,ARIZONA,0.09672064,0.0
2046,3,565861.790011632,4456.094263694851,AR,ARKANSAS,0.09672064,54730514.48147065
2046,4,17335.282491499554,1585.9964311360006,CA,CALIFORNIA,0.09672064,1676679.6171586313
2046,5,1703032.715007754,36205.35134861028,CO,COLORADO,0.09672064,164718414.13648757
2046,6,0.0,0.0,CT,CONNECTICUT,0.09672064,0.0
2046,7,22146.416433548104,214.57657005462303,DE,DELAWARE,0.09672064,2142015.57115929
2046,8,0.0,0.0,DC,DISTRICT OF COLUMBIA,0.09672064,0.0
2046,9,871.937241218327,7.699012741136361,FL,FLORIDA,0.09672064,84334.32801047096
2046,10,10990.120446313753,449.3213754576261,GA,GEORGIA,0.09672064,1062971.4832445518
2046,12,385830.70973319816,10810.654170038044,ID,IDAHO,0.09672064,37317793.17704915
2046,13,185071.3690176301,1582.6226194403528,IL,ILLINOIS,0.09672064,17900221.257061355
2046,14,50352.85205323434,420.1758346239831,IN,INDIANA,0.09672064,4870160.076414139
2046,15,4952.434880372122,14.849086191790756,IA,IOWA,0.09672064,479002.6711879151
2046,16,15977560.058958378,74752.86028218709,KS,KANSAS,0.09672064,1545359834.540892
2046,17,7942.204550493113,604.9119040320554,KY,KENTUCKY,0.09672064,768175.1071346061
2046,18,253828.66326742008,1304.614777952034,LA,LOUISIANA,0.09672064,24550470.761569362
2046,19,0.0,0.0,ME,MAINE,0.09672064,0.0
2046,20,55105.291332552166,503.38621889953447,MD,MARYLAND,0.09672064,5329819.045070898
2046,21,0.0,0.0,MA,MASSACHUSETTS,0.09672064,0.0
2046,22,42088.17823625749,220.5069448694751,MI,MICHIGAN,0.09672064,4070795.5354448953
2046,23,3895738.614315031,14064.53780035466,MN,MINNESOTA,0.09672064,376798332.04926294
2046,24,149141.43214832904,882.1232228881531,MS,MISSISSIPPI,0.09672064,14425054.767902961
2046,25,586731.0275515828,5487.141993099744,MO,MISSOURI,0.09672064,56749000.492646724
2046,26,8925870.850488387,78323.50180771074,MT,MONTANA,0.09672064,863315941.216581
2046,27,5920697.747544016,22333.71304174312,NE,NEBRASKA,0.09672064,572653675.3890157
2046,28,2210.417867566592,1787.245693107908,NV,NEVADA,0.09672064,213793.03081847602
2046,29,0.0,0.0,NH,NEW HAMPSHIRE,0.09672064,0.0
2046,30,2170.213102657203,52.66914871592242,NJ,NEW JERSEY,0.09672064,209904.40022539033
2046,31,173607.19379317082,4035.176573277094,NM,NEW MEXICO,0.09672064,16791398.89227951
2046,32,1692.77213440788,44.34161938645975,NY,NEW YORK,0.09672064,163726.00421409617
2046,33,9756.139038977952,291.5422596668636,NC,NORTH CAROLINA,0.09672064,943620.0117789323
2046,34,11072021.129243003,47875.06030278361,ND,NORTH DAKOTA,0.09672064,1070892969.713906
2046,35,21372.062784092614,165.81507425958227,OH,OHIO,0.09672064,2067119.5905976193
2046,36,8590911.46440499,47820.25644688812,OK,OKLAHOMA,0.09672064,830918455.0205879
2046,37,4245315.5121115,23460.07078545569,OR,OREGON,0.09672064,410609633.33335197
2046,38,11346.988790990608,486.570196700529,PA,PENNSYLVANIA,0.09672064,1097488.0179374379
2046,39,0.0,0.0,RI,RHODE ISLAND,0.09672064,0.0
2046,40,4196.271303902651,116.52758850000671,SC,SOUTH CAROLINA,0.09672064,405866.0461270989
2046,41,6527236.563628976,25037.36924122784,SD,SOUTH DAKOTA,0.09672064,631318497.8655952
2046,42,13861.465474980572,476.9366314526055,TN,TENNESSEE,0.09672064,1340689.812078025
2046,43,8056943.2308452,51994.77597521341,TX,TEXAS,0.09672064,779272705.7310154
2046,44,497.4315591113286,2884.945631607765,UT,UTAH,0.09672064,48111.89875344554
2046,45,0.0,0.0,VT,VERMONT,0.09672064,0.0
2046,46,8553.259045091023,156.35347727496372,VA,VIRGINIA,0.09672064,827276.6889269926
2046,47,1304236.067587775,20853.80452517759,WA,WASHINGTON,0.09672064,126146547.16817285
2046,48,0.0,0.0,WV,WEST VIRGINIA,0.09672064,0.0
2046,49,57604.97519254124,346.6123604144875,WI,WISCONSIN,0.09672064,5571590.067806712
2046,50,456335.7844065632,9895.524712125609,WY,WYOMING,0.09672064,44137089.12270481
2047,0,86750.04721741914,528.2707548630909,AL,ALABAMA,0.09702608,8417017.021321086
2047,2,0.0,0.0,AZ,ARIZONA,0.09702608,0.0
2047,3,929718.183702638,5208.519789038637,AR,ARKANSAS,0.09702608,90206910.86938685
2047,4,28327.674104360434,2674.105740491709,CA,CALIFORNIA,0.09702608,2748523.1738636037
2047,5,752965.241557386,19453.67256202096,CO,COLORADO,0.09702608,73057265.76456626
2047,6,0.0,0.0,CT,CONNECTICUT,0.09702608,0.0
2047,7,15463.240023164772,173.86005413856404,DE,DELAWARE,0.09702608,1500337.563546787
2047,8,0.0,0.0,DC,DISTRICT OF COLUMBIA,0.09702608,0.0
2047,9,9338.46954954486,53.2371998507175,FL,FLORIDA,0.09702608,906075.0935917036
2047,10,256429.7948239279,1768.7923326803946,GA,GEORGIA,0.09702608,24880377.786970012
2047,12,536429.0626647401,14418.177236654928,ID,IDAHO,0.09702608,52047609.14843409
2047,13,480545.0513418621,2574.942894425932,IL,ILLINOIS,0.09702608,46625402.59509962
2047,14,105838.98278316596,634.7713532530537,IN,INDIANA,0.09702608,10269141.610638084
2047,15,3718.769101271023,14.144590940441564,IA,IOWA,0.09702608,360817.5883214504
2047,16,6770250.918784717,37979.36652349754,KS,KANSAS,0.09702608,656890907.2660795
2047,17,76907.9299579998,1027.2176440362323,KY,KENTUCKY,0.09702608,7462074.964739286
2047,18,185774.12691743192,1010.0887085775064,LA,LOUISIANA,0.09702608,18024935.300220903
2047,19,0.0,0.0,ME,MAINE,0.09702608,0.0
2047,20,41744.38719245188,352.9975481164329,MD,MARYLAND,0.09702608,4050294.2512858114
2047,21,0.0,0.0,MA,MASSACHUSETTS,0.09702608,0.0
2047,22,67956.13949631943,270.78766497653663,MI,MICHIGAN,0.09702608,6593517.827261048
2047,23,1842857.4433953357,8872.668198751133,MN,MINNESOTA,0.09702608,178805233.7314713
2047,24,250677.4527521052,941.994658668244,MS,MISSISSIPPI,0.09702608,24322250.58492198
2047,25,575402.377512467,5453.5045669250085,MO,MISSOURI,0.09702608,55829037.11271483
2047,26,5911348.970994518,56844.327029103646,MT,MONTANA,0.09702608,573555018.1676319
2047,27,3941128.285956778,22000.677882156517,NE,NEBRASKA,0.09702608,382392228.36350524
2047,28,2662.871731446412,2137.050338676237,NV,NEVADA,0.09702608,258368.0056450581
2047,29,0.0,0.0,NH,NEW HAMPSHIRE,0.09702608,0.0
2047,30,5425.726485464327,105.69217084774898,NJ,NEW JERSEY,0.09702608,526436.9720367807
2047,31,79802.88677374361,2488.984644466186,NM,NEW MEXICO,0.09702608,7742961.27634019
2047,32,3723.000090993884,32.12092007115591,NY,NEW YORK,0.09702608,361228.1046687799
2047,33,96472.50330429974,1154.388835189393,NC,NORTH CAROLINA,0.09702608,9360348.82340325
2047,34,4024643.9351954777,24922.888405850208,ND,NORTH DAKOTA,0.09702608,390495424.42779124
2047,35,145357.7075390588,635.4911241649671,OH,OHIO,0.09702608,14103488.560301322
2047,36,2536354.275003954,14925.424415908898,OK,OKLAHOMA,0.09702608,246092512.79487562
2047,37,4762148.253656343,25911.481992962086,OR,OREGON,0.09702608,462052577.4311206
2047,38,3849.6566394660126,176.23330237605606,PA,PENNSYLVANIA,0.09702608,373517.0930733605
2047,39,0.0,0.0,RI,RHODE ISLAND,0.09702608,0.0
2047,40,73682.38363669669,843.0431113725807,SC,SOUTH CAROLINA,0.09702608,7149112.849324823
2047,41,4065943.2428575046,22404.09537835257,SD,SOUTH DAKOTA,0.09702608,394502534.3569517
2047,42,184605.3006882678,1208.4802671632096,TN,TENNESSEE,0.09702608,17911528.673003927
2047,43,3653331.88286689,23554.35265919973,TX,TEXAS,0.09702608,354468471.5335935
2047,44,585.0623482757006,3393.1764781703478,UT,UTAH,0.09702608,56766.30620878599
2047,45,79.81675349237196,0.9520568299023696,VT,VERMONT,0.09702608,7744.306709691162
2047,46,19112.06762472519,253.5277628955004,VA,VIRGINIA,0.09702608,1854369.0023219963
2047,47,1461881.3047374545,23148.64119146184,WA,WASHINGTON,0.09702608,141840612.42396063
2047,48,792.76142468639,34.06685127608556,WV,WEST VIRGINIA,0.09702608,76918.53341253565
2047,49,132488.48281657504,535.7246549387571,WI,WISCONSIN,0.09702608,12854838.132839635
2047,50,432999.2005814188,9185.566769059007,WY,WYOMING,0.09702608,42012215.07554879
2048,0,6984.615345376623,169.79038832311014,AL,ALABAMA,0.09733152,679823.2281808318
2048,2,0.0,0.0,AZ,ARIZONA,0.09733152,0.0
2048,3,846185.9259876315,5017.5601017843655,AR,ARKANSAS,0.09733152,82360562.37898369
2048,4,24382.07341437445,2268.322125210324,CA,CALIFORNIA,0.09733152,2373144.266172655
2048,5,1919867.004834442,38253.98362730008,CO,COLORADO,0.09733152,186863573.77838358
2048,6,0.0,0.0,CT,CONNECTICUT,0.09733152,0.0
2048,7,18.50375705131732,8.813654145136443,DE,DELAWARE,0.09733152,1800.998799515433
2048,8,0.0,0.0,DC,DISTRICT OF COLUMBIA,0.09733152,0.0
2048,9,72.58646793860483,4.57427546022511,FL,FLORIDA,0.09733152,7064.951255895675
2048,10,42969.83433565758,705.9236606228234,GA,GEORGIA,0.09733152,4182319.290037743
2048,12,458956.0402633312,12565.91088910236,ID,IDAHO,0.09733152,44670889.01201122
2048,13,57295.825086029305,407.9624976464255,IL,ILLINOIS,0.09733152,5576689.745277364
2048,14,47779.46968662685,315.1402243447316,IN,INDIANA,0.09733152,4650448.409393315
2048,15,2786.0444059273004,11.224342663035593,IA,IOWA,0.09733152,271169.9368164012
2048,16,13240735.783782767,60563.34995968398,KS,KANSAS,0.09733152,1288740939.753968
2048,17,33281.34827135949,639.6064817129914,KY,KENTUCKY,0.09733152,3239324.214900792
2048,18,253271.57511486945,1246.1842786335055,LA,LOUISIANA,0.09733152,24651307.37872442
2048,19,0.0,0.0,ME,MAINE,0.09733152,0.0
2048,20,2322.1019012304023,75.84425448593079,MD,MARYLAND,0.09733152,226013.70764164493
2048,21,0.0,0.0,MA,MASSACHUSETTS,0.09733152,0.0
2048,22,8076.855041707373,19.413779709229612,MI,MICHIGAN,0.09733152,786132.5780290421
2048,23,793900.2375332154,4353.920808516096,MN,MINNESOTA,0.09733152,77271516.84746891
2048,24,137652.6486182791,730.2656325757678,MS,MISSISSIPPI,0.09733152,13397941.522043005
2048,25,76376.5943770485,725.685250592571,MO,MISSOURI,0.09733152,7433850.023141584
2048,26,4890276.744171688,59078.93577140826,MT,MONTANA,0.09733152,475978068.7308816
2048,27,4898815.887617145,22015.027950799984,NE,NEBRASKA,0.09733152,476809196.5419259
2048,28,2699.289888615127,2166.2772196379774,NV,NEVADA,0.09733152,262725.98777954106
2048,29,0.0,0.0,NH,NEW HAMPSHIRE,0.09733152,0.0
2048,30,608.686900672807,22.89069965779217,NJ,NEW JERSEY,0.09733152,59244.42124657333
2048,31,212380.48289525983,4522.967041802756,NM,NEW MEXICO,0.09733152,20671315.21852964
2048,32,911.5934099128511,21.824265452651183,NY,NEW YORK,0.09733152,88726.77220880087
2048,33,47917.41049129926,592.5265097256382,NC,NORTH CAROLINA,0.09733152,4663874.397582104
2048,34,4961328.256867006,33648.842882850324,ND,NORTH DAKOTA,0.09733152,482893620.45981616
2048,35,24539.78092567184,212.66158527295724,OH,OHIO,0.09733152,2388494.1779626473
2048,36,8730627.100943536,46492.837332069066,OK,OKLAHOMA,0.09733152,849765206.2880278
2048,37,4399952.06671096,24415.546899385565,OR,OREGON,0.09733152,428254022.5801192
2048,38,3109.4903940740783,154.21913932864132,PA,PENNSYLVANIA,0.09733152,302651.426480629
2048,39,0.0,0.0,RI,RHODE ISLAND,0.09733152,0.0
2048,40,27859.220832106766,429.03734186085615,SC,SOUTH CAROLINA,0.09733152,2711580.3096046164
2048,41,2740115.1429542685,19352.445972622467,SD,SOUTH DAKOTA,0.09733152,266699571.83875626
2048,42,71381.50254191055,689.5265882882052,TN,TENNESSEE,0.09733152,6947670.142288017
2048,43,8292039.029415216,48327.46371119065,TX,TEXAS,0.09733152,807076762.6323078
2048,44,542.3950584906829,3165.994784311871,UT,UTAH,0.09733152,52792.13548338707
2048,45,320.6724558331956,11.377683594002574,VT,VERMONT,0.09733152,31211.537548377793
2048,46,8898.883554142565,119.4210451481207,VA,VIRGINIA,0.09733152,866141.8626276981
2048,47,1391863.64625162,22405.02942456695,WA,WASHINGTON,0.09733152,135472204.3224125
2048,48,0.0,0.0,WV,WEST VIRGINIA,0.09733152,0.0
2048,49,11623.060477272027,100.17860724836,WI,WISCONSIN,0.09733152,1131290.1433048118
2048,50,391812.6795653603,8670.39110902756,WY,WYOMING,0.09733152,38135723.65736946
2049,0,0.0,0.0,AL,ALABAMA,0.09763696,0.0
2049,2,0.0,0.0,AZ,ARIZONA,0.09763696,0.0
2049,3,71592.71738581562,1141.2515730103612,AR,ARKANSAS,0.09763696,6990095.283690184
2049,4,18505.37092328374,1731.1477834089646,CA,CALIFORNIA,0.09763696,1806808.1606218177
2049,5,1180688.3933738505,29809.859233700998,CO,COLORADO,0.09763696,115278825.43630691
2049,6,0.0,0.0,CT,CONNECTICUT,0.09763696,0.0
2049,7,0.0,0.0,DE,DELAWARE,0.09763696,0.0
2049,8,0.0,0.0,DC,DISTRICT OF COLUMBIA,0.09763696,0.0
2049,9,0.0,0.0,FL,FLORIDA,0.09763696,0.0
2049,10,0.0,0.0,GA,GEORGIA,0.09763696,0.0
2049,12,346185.2199605399,10906.707300335716,ID,IDAHO,0.09763696,33800472.47387843
2049,13,13127.350646704284,156.40516137548707,IL,ILLINOIS,0.09763696,1281714.6099982404
2049,14,25104.353347849654,250.03884045740352,IN,INDIANA,0.09763696,2451112.7436498622
2049,15,2120.306361674556,9.255705897596176,IA,IOWA,0.09763696,207020.2674225641
2049,16,12823169.583639832,66243.17565228033,KS,KANSAS,0.09763696,1252015295.7110589
2049,17,1668.201340772525,49.27463484512235,KY,KENTUCKY,0.09763696,162878.1075809534
2049,18,53105.820145451486,747.2436754307699,LA,LOUISIANA,0.09763696,5185090.837308641
2049,19,0.0,0.0,ME,MAINE,0.09763696,0.0
2049,20,0.0,0.0,MD,MARYLAND,0.09763696,0.0
2049,21,0.0,0.0,MA,MASSACHUSETTS,0.09763696,0.0
2049,22,23555.00268425113,41.78250814864771,MI,MICHIGAN,0.09763696,2299838.85488212
2049,23,415454.97631518135,1991.1832189269912,MN,MINNESOTA,0.09763696,40563760.90428631
2049,24,26092.547642477974,288.0480968861267,MS,MISSISSIPPI,0.09763696,2547597.0304667163
2049,25,116461.61526951323,2057.098590080308,MO,MISSOURI,0.09763696,11370958.071604852
2049,26,7174977.54794679,73664.18263060259,MT,MONTANA,0.09763696,700542995.8497789
2049,27,3001826.2977833,19907.137930743236,NE,NEBRASKA,0.09763696,293089194.1636161
2049,28,2559.7597268079608,2062.318224454912,NV,NEVADA,0.09763696,249927.1580559598
2049,29,0.0,0.0,NH,NEW HAMPSHIRE,0.09763696,0.0
2049,30,153.76080118028594,3.330415489163985,NJ,NEW JERSEY,0.09763696,15012.73719440753
2049,31,85955.20505996377,3020.219655060304,NM,NEW MEXICO,0.09763696,8392404.91823148
2049,32,0.0,0.0,NY,NEW YORK,0.09763696,0.0
2049,33,3256.9415467844638,59.72175957129505,NC,NORTH CAROLINA,0.09763696,317997.8715257328
2049,34,1664417.7488023683,10773.133558550078,ND,NORTH DAKOTA,0.09763696,162508689.1631069
2049,35,40331.03189549483,300.1511947175616,OH,OHIO,0.09763696,3937799.347939153
2049,36,5430176.9210751485,34406.15047016229,OK,OKLAHOMA,0.09763696,530185966.83593744
2049,37,4700845.184296032,26637.675942596103,OR,OREGON,0.09763696,458976233.22530425
2049,38,18.798697279557924,3.692512278323489,PA,PENNSYLVANIA,0.09763696,1835.4476543363057
2049,39,0.0,0.0,RI,RHODE ISLAND,0.09763696,0.0
2049,40,174.00158967023523,4.624256603233628,SC,SOUTH CAROLINA,0.09763696,16988.98625056917
2049,41,2117668.2247850057,15921.903493120586,SD,SOUTH DAKOTA,0.09763696,206762687.75660458
2049,42,4437.329544487252,249.0211927036584,TN,TENNESSEE,0.09763696,433247.36724192003
2049,43,7658525.750962962,48593.420056377465,TX,TEXAS,0.09763696,747755172.4057406
2049,44,545.4912763629966,3163.676783264496,UT,UTAH,0.09763696,53260.10993060283
2049,45,14.365265398674678,1.4063390291674294,VT,VERMONT,0.09763696,1402.5808431197834
2049,46,0.0,0.0,VA,VIRGINIA,0.09763696,0.0
2049,47,1511005.1672920857,24532.24003218612,WA,WASHINGTON,0.09763696,147529951.07869068
2049,48,0.0,0.0,WV,WEST VIRGINIA,0.09763696,0.0
2049,49,6372.084863732838,52.83151066694517,WI,WISCONSIN,0.09763696,622150.9949568885
2049,50,315188.9258771626,8267.576124900075,WY,WYOMING,0.09763696,30774088.548311487
2050,0,343.90994374610534,9.229745340598702,AL,ALABAMA,0.0979424,33683.36527435855
2050,2,0.0,0.0,AZ,ARIZONA,0.0979424,0.0
2050,3,238781.1887335693,2753.224900755426,AR,ARKANSAS,0.0979424,23386802.69941874
2050,4,14247.473637276404,1303.5344810915626,CA,CALIFORNIA,0.0979424,1395431.7619715803
2050,5,766440.817884431,21964.4847417919,CO,COLORADO,0.0979424,75067053.1615641
2050,6,0.0,0.0,CT,CONNECTICUT,0.0979424,0.0
2050,7,4534.386288660215,93.19530667698828,DE,DELAWARE,0.0979424,444108.6756384742
2050,8,0.0,0.0,DC,DISTRICT OF COLUMBIA,0.0979424,0.0
2050,9,0.0,0.0,FL,FLORIDA,0.0979424,0.0
2050,10,0.0,0.0,GA,GEORGIA,0.0979424,0.0
2050,12,399565.0326411823,11850.31725673296,ID,IDAHO,0.0979424,39134358.252955735
2050,13,24988.556689798566,354.1334721386416,IL,ILLINOIS,0.0979424,2447439.2147349273
2050,14,48415.37244512024,470.8106925046502,IN,INDIANA,0.0979424,4741917.774168945
2050,15,0.0,0.0,IA,IOWA,0.0979424,0.0
2050,16,8894305.718028128,55863.85782827458,KS,KANSAS,0.0979424,871129648.357398
2050,17,28602.366999695238,1166.3803079843667,KY,KENTUCKY,0.0979424,2801384.4696309506
2050,18,165957.28987170535,1139.591145608075,LA,LOUISIANA,0.0979424,16254255.267530514
2050,19,0.0,0.0,ME,MAINE,0.0979424,0.0
2050,20,8406.445930685302,206.2435341215785,MD,MARYLAND,0.0979424,823347.4899215521
2050,21,0.0,0.0,MA,MASSACHUSETTS,0.0979424,0.0
2050,22,26114.241185757048,74.79996362027785,MI,MICHIGAN,0.0979424,2557691.455911891
2050,23,547830.5844852338,4111.575788507992,MN,MINNESOTA,0.0979424,53655842.23788656
2050,24,18725.10573002427,263.1186778129064,MS,MISSISSIPPI,0.0979424,1833981.7954523286
2050,25,74715.72521219344,1183.8323823556611,MO,MISSOURI,0.0979424,7317837.445022735
2050,26,2883535.4433030933,33971.63187241101,MT,MONTANA,0.0979424,282420381.8021689
2050,27,1532906.5187411446,12062.976707909316,NE,NEBRASKA,0.0979424,150136543.42115268
2050,28,2865.8730767529632,2299.966219533725,NV,NEVADA,0.0979424,280690.48723256943
2050,29,0.0,0.0,NH,NEW HAMPSHIRE,0.0979424,0.0
2050,30,7767.045983505613,161.18298703075854,NJ,NEW JERSEY,0.0979424,760723.1245349001
2050,31,52800.24150328027,1464.7824658050358,NM,NEW MEXICO,0.0979424,5171382.373410877
2050,32,1207.3964452374876,26.611568039879785,NY,NEW YORK,0.0979424,118255.3055980281
2050,33,56782.05191614214,822.1095873227017,NC,NORTH CAROLINA,0.0979424,5561370.44159156
2050,34,1010457.4291773438,10309.479961324683,ND,NORTH DAKOTA,0.0979424,98966625.71145909
2050,35,108738.80501107228,915.1394865353916,OH,OHIO,0.0979424,10650139.535916446
2050,36,5758234.183402076,34888.33806273122,OK,OKLAHOMA,0.0979424,563975275.6844395
2050,37,4257544.514599351,24448.84491819173,OR,OREGON,0.0979424,416994127.8666955
2050,38,2832.534482380432,216.7854547386408,PA,PENNSYLVANIA,0.0979424,277425.2252870972
2050,39,0.0,0.0,RI,RHODE ISLAND,0.0979424,0.0
2050,40,16096.723393027843,271.2525942197953,SC,SOUTH CAROLINA,0.0979424,1576551.7212492903
2050,41,1022226.1733273732,12428.562843658276,SD,SOUTH DAKOTA,0.0979424,100119284.75849892
2050,42,12642.92745390492,351.5006334114356,TN,TENNESSEE,0.0979424,1238278.657861337
2050,43,3567394.50799624,26647.065930281617,TX,TEXAS,0.0979424,349399179.8599709
2050,44,597.0088072931603,3462.4621600381674,UT,UTAH,0.0979424,58472.47540742963
2050,45,880.8305959865868,11.378820111694198,VT,VERMONT,0.0979424,86270.66256435668
2050,46,2727.828764417977,83.02213743607766,VA,VIRGINIA,0.0979424,267170.0959761312
2050,47,849173.2985333242,13672.26628003586,WA,WASHINGTON,0.0979424,83170070.87427025
2050,48,0.0,0.0,WV,WEST VIRGINIA,0.0979424,0.0
2050,49,10118.301479131896,70.35832068447675,WI,WISCONSIN,0.0979424,991010.7307897278
2050,50,227408.99286240464,5590.019014975183,WY,WYOMING,0.0979424,22272982.54252678
2051,0,47509.586212146336,361.0502097891399,AL,ALABAMA,0.09942992,4723874.356306814
2051,2,0.0,0.0,AZ,ARIZONA,0.09942992,0.0
2051,3,360185.8051831828,3419.8078262186364,AR,ARKANSAS,0.09942992,35813245.79449946
2051,4,9426.207149374348,865.2493103433392,CA,CALIFORNIA,0.09942992,937247.0227657194
2051,5,1021099.0159301988,24795.50920000789,CO,COLORADO,0.09942992,101527793.4660184
2051,6,0.0,0.0,CT,CONNECTICUT,0.09942992,0.0
2051,7,2630.79323179724,59.17440405738711,DE,DELAWARE,0.09942992,261579.560574141
2051,8,0.0,0.0,DC,DISTRICT OF COLUMBIA,0.09942992,0.0
2051,9,9194.75375823347,42.847237599750684,FL,FLORIDA,0.09942992,914233.6306008532
2051,10,141802.7325475145,1761.4796638486182,GA,GEORGIA,0.09942992,14099434.352980763
2051,12,374370.0617143426,10603.0571538138,ID,IDAHO,0.09942992,37223585.28665215
2051,13,28198.683811955885,173.06690174274138,IL,ILLINOIS,0.09942992,2803792.8755280687
2051,14,19783.251544633487,184.87541452584009,IN,INDIANA,0.09942992,1967047.1184227844
2051,15,2976.202347672743,15.33988042037698,IA,IOWA,0.09942992,295923.56133291306
2051,16,17335221.3360046,76323.01266060682,KS,KANSAS,0.09942992,1723639670.6212306
2051,17,8431.34228438304,338.2003162474297,KY,KENTUCKY,0.09942992,838327.6888288229
2051,18,449462.6675901151,1488.832278794647,LA,LOUISIANA,0.09942992,44690037.08147174
2051,19,0.0,0.0,ME,MAINE,0.09942992,0.0
2051,20,1059.8573810688522,30.591409752516256,MD,MARYLAND,0.09942992,105381.5346110855
2051,21,0.0,0.0,MA,MASSACHUSETTS,0.09942992,0.0
2051,22,8864.46585301721,19.930632997260247,MI,MICHIGAN,0.09942992,881393.1306082329
2051,23,160416.75072224662,1114.9659566551904,MN,MINNESOTA,0.09942992,15950224.690972924
2051,24,282938.9700379968,1125.5658302186655,MS,MISSISSIPPI,0.09942992,28132599.155760422
2051,25,182208.7095035445,3620.195990695678,MO,MISSOURI,0.09942992,18116997.40924067
2051,26,1849264.917972503,17109.349432819836,MT,MONTANA,0.09942992,183872262.85281253
2051,27,3742238.694840175,21583.80346389889,NE,NEBRASKA,0.09942992,372090494.04886305
2051,28,2449.8027875651333,1966.054847866192,NV,NEVADA,0.09942992,243583.69518337818
2051,29,0.0,0.0,NH,NEW HAMPSHIRE,0.09942992,0.0
2051,30,2866.16910429239,39.640868962767605,NJ,NEW JERSEY,0.09942992,284982.964746264
2051,31,242994.41041875645,5189.801143601359,NM,NEW MEXICO,0.09942992,24160914.78838412
2051,32,41.913353842657536,0.9439213666198104,NY,NEW YORK,0.09942992,4167.441419507131
2051,33,309075.44953560404,2280.903057214392,NC,NORTH CAROLINA,0.09942992,30731347.22128915
2051,34,43640.20339627706,448.6698773430586,ND,NORTH DAKOTA,0.09942992,4339141.932475556
2051,35,70032.00466423017,607.5897415234285,OH,OHIO,0.09942992,6963276.621204033
2051,36,11051528.664270692,51383.37652189475,OK,OKLAHOMA,0.09942992,1098852610.9661417
2051,37,4054273.6726758494,23914.71657076244,OR,OREGON,0.09942992,403116106.93226594
2051,38,237.6697087592004,14.548157555499628,PA,PENNSYLVANIA,0.09942992,23631.4801283506
2051,39,0.0,0.0,RI,RHODE ISLAND,0.09942992,0.0
2051,40,185215.40957915515,1644.351664571895,SC,SOUTH CAROLINA,0.09942992,18415953.35722263
2051,41,661531.1316217362,5703.57128768333,SD,SOUTH DAKOTA,0.09942992,65775987.4946587
2051,42,17647.69127954041,501.4774624102808,TN,TENNESSEE,0.09942992,1754708.5321094005
2051,43,8623208.567705669,49872.49763753496,TX,TEXAS,0.09942992,857404938.0302893
2051,44,484.7442398315653,2811.363194662354,UT,UTAH,0.09942992,48198.08098691335
2051,45,0.0,0.0,VT,VERMONT,0.09942992,0.0
2051,46,18868.10001887104,186.88800671611307,VA,VIRGINIA,0.09942992,1876053.675428346
2051,47,785541.0859686288,12938.131388922851,WA,WASHINGTON,0.09942992,78106287.33457388
2051,48,0.0,0.0,WV,WEST VIRGINIA,0.09942992,0.0
2051,49,13547.68621983738,103.94513816582486,WI,WISCONSIN,0.09942992,1347045.3570235332
2051,50,206568.23410284735,5607.545602207268,WY,WYOMING,0.09942992,20539062.991387382
2052,0,8862.884870312851,157.78793141777314,AL,ALABAMA,0.10091744,894419.6521267049
2052,2,0.0,0.0,AZ,ARIZONA,0.10091744,0.0
2052,3,1204922.448823552,5625.59254473386,AR,ARKANSAS,0.10091744,121597688.93380389
2052,4,17912.980860333628,1685.491335761464,CA,CALIFORNIA,0.10091744,1807732.1711938672
2052,5,1940816.03594236,39897.23008427126,CO,COLORADO,0.10091744,195862185.85825098
2052,6,0.0,0.0,CT,CONNECTICUT,0.10091744,0.0
2052,7,151.1485820336197,11.723354511825306,DE,DELAWARE,0.10091744,15253.527958462893
2052,8,0.0,0.0,DC,DISTRICT OF COLUMBIA,0.10091744,0.0
2052,9,0.0,0.0,FL,FLORIDA,0.10091744,0.0
2052,10,799.1824907091894,23.29777075014941,GA,GEORGIA,0.10091744,80651.45105519518
2052,12,519908.59909594286,14258.158000933592,ID,IDAHO,0.10091744,52467844.85474887
2052,13,667023.5067456682,2839.272139640093,IL,ILLINOIS,0.10091744,67314304.72059557
2052,14,133596.4950433376,655.274088641394,IN,INDIANA,0.10091744,13482216.27274632
2052,15,8522.270269229972,23.12011238234436,IA,IOWA,0.10091744,860045.6985587995
2052,16,19399155.12925511,82481.1639858152,KS,KANSAS,0.10091744,1957713073.8072946
2052,17,83840.12318028192,1003.4251298515272,KY,KENTUCKY,0.10091744,8460930.60063871
2052,18,192750.8338269505,1158.9348216653518,LA,LOUISIANA,0.10091744,19451920.707681246
2052,19,0.0,0.0,ME,MAINE,0.10091744,0.0
2052,20,1911.9006901567916,113.01750655429812,MD,MARYLAND,0.10091744,192944.1231848566
2052,21,0.0,0.0,MA,MASSACHUSETTS,0.10091744,0.0
2052,22,92643.08967994926,162.80989614703182,MI,MICHIGAN,0.10091744,9349303.444190899
2052,23,2160029.285772056,9251.419502463425,MN,MINNESOTA,0.10091744,217984625.84514427
2052,24,184667.55084487548,865.1021200075965,MS,MISSISSIPPI,0.10091744,18636176.48233467
2052,25,2114479.7143429443,10307.775503288918,MO,MISSOURI,0.10091744,213387879.70342124
2052,26,8249583.59906931,74907.29094268224,MT,MONTANA,0.10091744,832526857.8840611
2052,27,6515285.4923636615,24972.98005746951,NE,NEBRASKA,0.10091744,657505932.7584803
2052,28,3500.990634260461,2809.6709023925505,NV,NEVADA,0.10091744,353311.012273542
2052,29,0.0,0.0,NH,NEW HAMPSHIRE,0.10091744,0.0
2052,30,577.3646553544431,40.93681705183749,NJ,NEW JERSEY,0.10091744,58266.162964852694
2052,31,241893.60579108572,5195.058785516584,NM,NEW MEXICO,0.10091744,24411283.448805545
2052,32,4738.912073846874,60.526408976646906,NY,NEW YORK,0.10091744,478238.87487771746
2052,33,593.2556017366658,45.52069593832148,NC,NORTH CAROLINA,0.10091744,59869.836592923864
2052,34,4604277.749103645,31266.2971543728,ND,NORTH DAKOTA,0.10091744,464651923.48850214
2052,35,128134.14189593065,740.7021966431057,OH,OHIO,0.10091744,12930969.576734068
2052,36,8178786.598087338,51516.51884619439,OK,OKLAHOMA,0.10091744,825382205.785283
2052,37,4594211.773878183,25515.928240284687,OR,OREGON,0.10091744,463636091.0376451
2052,38,1111.1967212384452,73.52223276411725,PA,PENNSYLVANIA,0.10091744,112139.12844377752
2052,39,0.0,0.0,RI,RHODE ISLAND,0.10091744,0.0
2052,40,1547.025521526412,183.95950691358257,SC,SOUTH CAROLINA,0.10091744,156121.85524711036
2052,41,7197530.701553149,28905.605084573355,SD,SOUTH DAKOTA,0.10091744,726356372.7221478
2052,42,158349.8941043846,1049.770812446077,TN,TENNESSEE,0.10091744,15980265.937285587
2052,43,6935370.0304969335,46737.0689897187,TX,TEXAS,0.10091744,699899788.9304725
2052,44,705.1725491886228,4089.777634828592,UT,UTAH,0.10091744,71164.2084223899
2052,45,1516.956165775008,14.62912811163934,VT,VERMONT,0.10091744,153087.33284222943
2052,46,65.22661605701649,2.43565683176166,VA,VIRGINIA,0.10091744,6582.503112336998
2052,47,1073955.293704084,19444.59392305366,WA,WASHINGTON,0.10091744,108380818.91506426
2052,48,0.0,0.0,WV,WEST VIRGINIA,0.10091744,0.0
2052,49,211334.4979215056,742.076682405816,WI,WISCONSIN,0.10091744,21327336.513923667
2052,50,578793.410473817,12849.010847361316,WY,WYOMING,0.10091744,58410349.2738868
2053,0,208.059537882699,5.76581360631732,AL,ALABAMA,0.10240496,21306.328654496276
2053,2,0.0,0.0,AZ,ARIZONA,0.10240496,0.0
2053,3,92235.4861135447,1050.5860726449948,AR,ARKANSAS,0.10240496,9445371.266038101
2053,4,19902.727452087776,1866.5413351927275,CA,CALIFORNIA,0.10240496,2038138.0086219506
2053,5,2086542.1660128925,40700.73523270286,CO,COLORADO,0.10240496,213672267.04886362
2053,6,0.0,0.0,CT,CONNECTICUT,0.10240496,0.0
2053,7,1227.3791611427366,56.97765874542033,DE,DELAWARE,0.10240496,125689.7139016555
2053,8,0.0,0.0,DC,DISTRICT OF COLUMBIA,0.10240496,0.0
2053,9,0.0,0.0,FL,FLORIDA,0.10240496,0.0
2053,10,0.0,0.0,GA,GEORGIA,0.10240496,0.0
2053,12,566892.2188278078,15338.36742913582,ID,IDAHO,0.10240496,58052574.9933729
2053,13,73390.12805082378,1356.0001450592945,IL,ILLINOIS,0.10240496,7515513.127439487
2053,14,52967.086154898025,802.554589067066,IN,INDIANA,0.10240496,5424092.339008886
2053,15,2460.3292152069607,23.490910401068064,IA,IOWA,0.10240496,251949.9148701002
2053,16,18873201.04880893,79668.38673881115,KS,KANSAS,0.10240496,1932709398.4752364
2053,17,24725.01717533881,860.8263415250374,KY,KENTUCKY,0.10240496,2531964.394839884
2053,18,47905.35099618759,613.0924058670718,LA,LOUISIANA,0.10240496,4905745.552550551
2053,19,0.0,0.0,ME,MAINE,0.10240496,0.0
2053,20,3090.8580331330686,81.07067162855274,MD,MARYLAND,0.10240496,316519.19324867055
2053,21,0.0,0.0,MA,MASSACHUSETTS,0.10240496,0.0
2053,22,16333.583460192254,100.92764291885088,MI,MICHIGAN,0.10240496,1672639.9608976494
2053,23,1729259.0309822806,8515.578911672044,MN,MINNESOTA,0.10240496,177084701.89737922
2053,24,17562.765328163354,172.12309843455773,MS,MISSISSIPPI,0.10240496,1798514.2809199553
2053,25,452903.9419665239,6245.490872657349,MO,MISSOURI,0.10240496,46379610.0609242
2053,26,5666305.985115737,60658.00025850347,MT,MONTANA,0.10240496,580257837.7535377
2053,27,6071585.42315235,24627.423748394005,NE,NEBRASKA,0.10240496,621760462.3944994
2053,28,3721.5968646422975,2986.7153367091496,NV,NEVADA,0.10240496,381109.9780598199
2053,29,0.0,0.0,NH,NEW HAMPSHIRE,0.10240496,0.0
2053,30,1609.711725098912,69.09625733499061,NJ,NEW JERSEY,0.10240496,164842.46482028507
2053,31,248632.30044109537,5299.399602466575,NM,NEW MEXICO,0.10240496,25461180.781378355
2053,32,0.0,0.0,NY,NEW YORK,0.10240496,0.0
2053,33,6918.53209245218,205.77970628353435,NC,NORTH CAROLINA,0.10240496,708492.0021862818
2053,34,2810798.323194636,17490.814327344193,ND,NORTH DAKOTA,0.10240496,287839689.85481375
2053,35,102840.13491717736,891.256991631233,OH,OHIO,0.10240496,10531339.902588151
2053,36,11616926.51233468,52268.54920076604,OK,OKLAHOMA,0.10240496,1189630894.8185725
2053,37,5044644.689142196,28000.489830374023,OR,OREGON,0.10240496,516596637.6058191
2053,38,4591.784821907941,200.0429352075852,PA,PENNSYLVANIA,0.10240496,470221.5410160898
2053,39,0.0,0.0,RI,RHODE ISLAND,0.10240496,0.0
2053,40,4278.783893609925,133.86644875557968,SC,SOUTH CAROLINA,0.10240496,438168.69347376865
2053,41,7412558.084937249,31931.72392815265,SD,SOUTH DAKOTA,0.10240496,759082714.1856756
2053,42,9591.66836278363,200.3582717043244,TN,TENNESSEE,0.10240496,982234.415024123
2053,43,9132154.444927271,51311.87015077117,TX,TEXAS,0.10240496,935177910.6465994
2053,44,697.7626112776343,4047.071256248698,UT,UTAH,0.10240496,71454.35229738169
2053,45,0.0,0.0,VT,VERMONT,0.10240496,0.0
2053,46,147.7970593702291,7.358954540307813,VA,VIRGINIA,0.10240496,15135.151952925937
2053,47,1094301.424622725,20178.410228963152,WA,WASHINGTON,0.10240496,112061893.61643317
2053,48,0.0,0.0,WV,WEST VIRGINIA,0.10240496,0.0
2053,49,36842.54632673901,153.72741774398298,WI,WISCONSIN,0.10240496,3772859.482887855
2053,50,563747.9166580224,12061.886865442735,WY,WYOMING,0.10240496,57730582.85544812
2054,0,874.7880810357074,36.977794012561,AL,ALABAMA,0.10389248,90883.9032132406
2054,2,0.0,0.0,AZ,ARIZONA,0.10389248,0.0
2054,3,73642.51639791926,971.7360240825474,AR,ARKANSAS,0.10389248,7650903.662020498
2054,4,17335.15139295917,1595.0278285565755,CA,CALIFORNIA,0.10389248,1800991.8693899827
2054,5,1486222.7046673552,36483.38014422963,CO,COLORADO,0.10389248,154407362.62019908
2054,6,0.0,0.0,CT,CONNECTICUT,0.10389248,0.0
2054,7,0.0,0.0,DE,DELAWARE,0.10389248,0.0
2054,8,0.0,0.0,DC,DISTRICT OF COLUMBIA,0.10389248,0.0
2054,9,0.0,0.0,FL,FLORIDA,0.10389248,0.0
2054,10,0.0,0.0,GA,GEORGIA,0.10389248,0.0
2054,12,521560.8129678035,14754.218137943066,ID,IDAHO,0.10389248,54186246.33004126
2054,13,85107.44640353054,1190.153604815177,IL,ILLINOIS,0.10389248,8842023.673329867
2054,14,32917.38647819478,280.40262408094367,IN,INDIANA,0.10389248,3419868.916338121
2054,15,10196.688349493528,34.32220427750657,IA,IOWA,0.10389248,1059359.2404159892
2054,16,11623056.324432358,72849.03456719752,KS,KANSAS,0.10389248,1207548146.7249622
2054,17,800.1839687988286,33.323561438251815,KY,KENTUCKY,0.10389248,83133.09697475292
2054,18,32364.470491182365,392.7541825665008,LA,LOUISIANA,0.10389248,3362425.103215754
2054,19,0.0,0.0,ME,MAINE,0.10389248,0.0
2054,20,2765.918287867048,50.90156880484288,MD,MARYLAND,0.10389248,287358.11040386156
2054,21,0.0,0.0,MA,MASSACHUSETTS,0.10389248,0.0
2054,22,75505.852340079,148.38228873911595,MI,MICHIGAN,0.10389248,7844490.25412461
2054,23,468766.0289529692,3314.835118057584,MN,MINNESOTA,0.10389248,48701265.28767577
2054,24,28551.74390967009,317.00073037558053,MS,MISSISSIPPI,0.10389248,2966311.483100522
2054,25,1154022.7490752027,11867.917433374325,MO,MISSOURI,0.10389248,119894285.3778405
2054,26,9569156.577346483,88897.94839154439,MT,MONTANA,0.10389248,994163408.3288379
2054,27,4317710.614637275,22794.04802767027,NE,NEBRASKA,0.10389248,448577663.67699087
2054,28,3955.352258487709,3174.312447634726,NV,NEVADA,0.10389248,410931.3554078892
2054,29,0.0,0.0,NH,NEW HAMPSHIRE,0.10389248,0.0
2054,30,566.2399307365472,4.720552443921252,NJ,NEW JERSEY,0.10389248,58828.070679248114
2054,31,97590.00299863964,2999.8986287216853,NM,NEW MEXICO,0.10389248,10138867.434736108
2054,32,0.0,0.0,NY,NEW YORK,0.10389248,0.0
2054,33,3605.4507410805854,75.20962779443437,NC,NORTH CAROLINA,0.10389248,374579.2190086999
2054,34,1932513.813127012,11306.17215542886,ND,NORTH DAKOTA,0.10389248,200773652.68002182
2054,35,12528.386740149344,146.01460933839826,OH,OHIO,0.10389248,1301605.168833231
2054,36,7144350.0460477695,48935.26036485147,OK,OKLAHOMA,0.10389248,742244244.272017
2054,37,5032925.702965928,28552.670861376533,OR,OREGON,0.10389248,522883132.9368736
2054,38,57.83454931067733,6.24311666250803,PA,PENNSYLVANIA,0.10389248,6008.574757568558
2054,39,0.0,0.0,RI,RHODE ISLAND,0.10389248,0.0
2054,40,0.0,0.0,SC,SOUTH CAROLINA,0.10389248,0.0
2054,41,3211541.0446427977,22612.699545520467,SD,SOUTH DAKOTA,0.10389248,333654963.74973094
2054,42,1729.3064379681157,62.971028666374735,TN,TENNESSEE,0.10389248,179661.9345204737
2054,43,3146840.6299460214,23008.900901495625,TX,TEXAS,0.10389248,326933077.2098544
2054,44,749.4052083760815,4346.313060777903,UT,UTAH,0.10389248,77857.56562310788
2054,45,0.0,0.0,VT,VERMONT,0.10389248,0.0
2054,46,457.7399421169396,26.03979737386344,VA,VIRGINIA,0.10389248,47555.7377815853
2054,47,1563149.937987917,25624.6468567291,WA,WASHINGTON,0.10389248,162399523.6694109
2054,48,15.502342893909864,1.0880234680478835,WV,WEST VIRGINIA,0.10389248,1610.5768490586727
2054,49,0.0,0.0,WI,WISCONSIN,0.10389248,0.0
2054,50,133413.96057853583,4451.706911210487,WY,WYOMING,0.10389248,13860707.231126321
2055,0,342.230549107808,20.31224444411215,AL,ALABAMA,0.10538,36064.255264980806
2055,2,0.0,0.0,AZ,ARIZONA,0.10538,0.0
2055,3,11888.152076679891,256.23096371883565,AR,ARKANSAS,0.10538,1252773.4658405269
2055,4,17994.177866683458,1682.2246120568254,CA,CALIFORNIA,0.10538,1896226.4635911027
2055,5,572080.7778613853,15376.20049779791,CO,COLORADO,0.10538,60285872.371032774
2055,6,0.0,0.0,CT,CONNECTICUT,0.10538,0.0
2055,7,1421.6414728643454,71.00401898987278,DE,DELAWARE,0.10538,149812.57841044472
2055,8,0.0,0.0,DC,DISTRICT OF COLUMBIA,0.10538,0.0
2055,9,0.0,0.0,FL,FLORIDA,0.10538,0.0
2055,10,224.3260588442493,7.249729845258065,GA,GEORGIA,0.10538,23639.480081006994
2055,12,495011.51571713225,15042.169236255852,ID,IDAHO,0.10538,52164313.5262714
2055,13,34280.32498032013,413.6881206051703,IL,ILLINOIS,0.10538,3612460.6464261357
2055,14,49683.7271447468,523.4598134341793,IN,INDIANA,0.10538,5235671.166513418
2055,15,1929.2525577484223,19.995528082630138,IA,IOWA,0.10538,203304.63453552875
2055,16,7743575.72479333,43529.5036280128,KS,KANSAS,0.10538,816018009.8787211
2055,17,5586.9204325462215,351.3949210820644,KY,KENTUCKY,0.10538,588749.6751817209
2055,18,0.0,0.0,LA,LOUISIANA,0.10538,0.0
2055,19,0.0,0.0,ME,MAINE,0.10538,0.0
2055,20,8146.319759908154,188.19795266502317,MD,MARYLAND,0.10538,858459.1762991212
2055,21,0.0,0.0,MA,MASSACHUSETTS,0.10538,0.0
2055,22,44083.54783062637,287.6973631042157,MI,MICHIGAN,0.10538,4645524.2703914065
2055,23,1097704.016688055,7187.357480903997,MN,MINNESOTA,0.10538,115676049.27858722
2055,24,2447.101978150655,55.61394308978034,MS,MISSISSIPPI,0.10538,257875.60645751603
2055,25,66483.75288231594,1440.6919159504373,MO,MISSOURI,0.10538,7006057.878738454
2055,26,6422700.664281432,70287.40447017239,MT,MONTANA,0.10538,676824196.0019772
2055,27,1625532.6294974084,16506.234332445158,NE,NEBRASKA,0.10538,171298628.4964369
2055,28,4104.829572613325,3296.0384485278846,NV,NEVADA,0.10538,432566.94036199216
2055,29,0.0,0.0,NH,NEW HAMPSHIRE,0.10538,0.0
2055,30,510.2642131440295,15.702087748913357,NJ,NEW JERSEY,0.10538,53771.64278111783
2055,31,6226.883468354727,296.32201014572126,NM,NEW MEXICO,0.10538,656188.9798952211
2055,32,262.68666246187047,8.952298689178988,NY,NEW YORK,0.10538,27681.92049023191
2055,33,1485.8500154345593,63.215735251345286,NC,NORTH CAROLINA,0.10538,156578.87462649384
2055,34,2456994.8892587386,13910.48037672963,ND,NORTH DAKOTA,0.10538,258918121.43008587
2055,35,97452.79921362369,1006.2694315046411,OH,OHIO,0.10538,10269575.981131664
2055,36,709253.6705275388,5734.311190228299,OK,OKLAHOMA,0.10538,74741151.80019204
2055,37,5061693.190018641,28693.825581948266,OR,OREGON,0.10538,533401228.36416435
2055,38,3548.969297302974,201.2763614883177,PA,PENNSYLVANIA,0.10538,373990.38454978744
2055,39,0.0,0.0,RI,RHODE ISLAND,0.10538,0.0
2055,40,78.03795040608512,6.342928642909133,SC,SOUTH CAROLINA,0.10538,8223.639213793249
2055,41,2515588.028560716,22848.15772593332,SD,SOUTH DAKOTA,0.10538,265092666.44972828
2055,42,2195.05389546766,105.68398235977772,TN,TENNESSEE,0.10538,231314.779504382
2055,43,664543.0350523652,5430.58473586714,TX,TEXAS,0.10538,70029545.03381824
2055,44,626.9453407129503,3636.084580515864,UT,UTAH,0.10538,66067.5000043307
2055,45,0.0,0.0,VT,VERMONT,0.10538,0.0
2055,46,1282.817730163176,33.32531249899825,VA,VIRGINIA,0.10538,135183.3324045955
2055,47,1793554.291349456,28383.88396687233,WA,WASHINGTON,0.10538,189004751.22240567
2055,48,45.36673443405402,3.801165079653908,WV,WEST VIRGINIA,0.10538,4780.746474660612
2055,49,17815.90145841935,87.36049821068099,WI,WISCONSIN,0.10538,1877439.695688231
2055,50,160310.10213633283,4381.917738182127,WY,WYOMING,0.10538,16893478.563126754
