Unnamed: 0,Year,state_id,Production_Loss(ton),Area_Loss(km^2),State_Code,State_Name,Price,Financial_Loss($)
0,2021,0,42330.00269560061,368.3744216523058,AL,ALABAMA,0.06074972,2571535.8113569827
1,2021,2,0.0,0.0,AZ,ARIZONA,0.06074972,0.0
2,2021,3,907.1988667079452,10.870777155858145,AR,ARKANSAS,0.06074972,55112.07713682499
3,2021,4,2132.8199401005595,32.64323131222057,CA,CALIFORNIA,0.06074972,129568.21417152576
4,2021,5,155714.99200901887,1704.880732115178,CO,COLORADO,0.06074972,9459642.164350133
5,2021,6,2706.6004005928617,45.80833350355566,CT,CONNECTICUT,0.06074972,164425.2164879042
6,2021,7,2599.7267607264293,41.61362929737137,DE,DELAWARE,0.06074972,157932.6727906376
7,2021,8,0.0,0.0,DC,DISTRICT OF COLUMBIA,0.06074972,0.0
8,2021,9,15747.804743393715,52.25269669213908,FL,FLORIDA,0.06074972,956674.72877584
9,2021,10,146204.8711808853,574.5677829572198,GA,GEORGIA,0.06074972,8881904.98687485
10,2021,12,4202.219514395166,201.96952046848648,ID,IDAHO,0.06074972,255283.6588780423
11,2021,13,3119557.13116699,20795.474118122336,IL,ILLINOIS,0.06074972,189512222.2423979
12,2021,14,1114952.6982259369,13872.82602625301,IN,INDIANA,0.06074972,67733064.23047017
13,2021,15,20473766.45870153,56388.51700438191,IA,IOWA,0.06074972,1243775579.7115095
14,2021,16,1312433.5424799894,4914.359289276741,KS,KANSAS,0.06074972,79729970.22426745
15,2021,17,50219.14872025698,2225.1016657978203,KY,KENTUCKY,0.06074972,3050799.2233939697
16,2021,18,39102.62346673152,499.43598894861566,LA,LOUISIANA,0.06074972,2375473.426869369
17,2021,19,5.278469084863243,0.875804511643262,ME,MAINE,0.06074972,320.6655189340982
18,2021,20,118600.86360187324,834.1347884686613,MD,MARYLAND,0.06074972,7204969.25557199
19,2021,21,7031.150743600303,72.17817785899703,MA,MASSACHUSETTS,0.06074972,427140.43895151024
20,2021,22,58929.95474175186,541.7597898358536,MI,MICHIGAN,0.06074972,3579978.250174098
21,2021,23,10806157.099444084,29157.210222097896,MN,MINNESOTA,0.06074972,656471018.0672402
22,2021,24,23542.35893675698,239.4058797856792,MS,MISSISSIPPI,0.06074972,1430191.7135474843
23,2021,25,677192.5514495532,5547.973542450889,MO,MISSOURI,0.06074972,41139257.88664596
24,2021,26,0.0,0.0,MT,MONTANA,0.06074972,0.0
25,2021,27,3398599.8578894343,16249.394955024776,NE,NEBRASKA,0.06074972,206463989.75882292
26,2021,28,0.0,0.0,NV,NEVADA,0.06074972,0.0
27,2021,29,11.6341940904861,0.2121891771230198,NH,NEW HAMPSHIRE,0.06074972,706.7740334226853
28,2021,30,17205.425246321385,158.2780577822294,NJ,NEW JERSEY,0.06074972,1045224.7661949551
29,2021,31,0.0,0.0,NM,NEW MEXICO,0.06074972,0.0
30,2021,32,103565.1996373907,835.1359535932422,NY,NEW YORK,0.06074972,6291556.879715587
31,2021,33,43701.41276901922,1165.568524549809,NC,NORTH CAROLINA,0.06074972,2654848.589322342
32,2021,34,2804857.693589385,9891.059604041,ND,NORTH DAKOTA,0.06074972,170394319.52540094
33,2021,35,532865.9040632622,5303.769929490293,OH,OHIO,0.06074972,32371454.46939004
34,2021,36,110012.74843914036,363.31223407441473,OK,OKLAHOMA,0.06074972,6683243.664108213
35,2021,37,1430.5799004216694,3.4448671249724283,OR,OREGON,0.06074972,86907.3283882443
36,2021,38,85211.40474545362,538.0270828589167,PA,PENNSYLVANIA,0.06074972,5176568.979092979
37,2021,39,832.4740109682525,9.8242042649875,RI,RHODE ISLAND,0.06074972,50572.56307359827
38,2021,40,17243.544110166746,211.9511461035255,SC,SOUTH CAROLINA,0.06074972,1047540.476500279
39,2021,41,11382585.465094464,30676.28557882989,SD,SOUTH DAKOTA,0.06074972,691488879.8805584
40,2021,42,23009.20870591541,943.8152238152816,TN,TENNESSEE,0.06074972,1397802.9863059234
41,2021,43,222316.13373138,1130.8320287920667,TX,TEXAS,0.06074972,13505642.87566389
42,2021,44,0.0,0.0,UT,UTAH,0.06074972,0.0
43,2021,45,186.0901390870584,14.164714472059435,VT,VERMONT,0.06074972,11304.923844299854
44,2021,46,77139.74597876983,795.0725426920403,VA,VIRGINIA,0.06074972,4686217.969081393
45,2021,47,57747.31430484753,275.49377568718967,WA,WASHINGTON,0.06074972,3508133.174771482
46,2021,48,11920.0018060667,113.02437980064774,WV,WEST VIRGINIA,0.06074972,724136.7721180464
47,2021,49,967872.0131366554,7535.31088407716,WI,WISCONSIN,0.06074972,58797953.79388814
48,2021,50,36905.69855760704,527.035637307399,WY,WYOMING,0.06074972,2242010.8537790314
49,2022,0,710.1732190697534,19.063887936882736,AL,ALABAMA,0.06091384,43259.377838699904
50,2022,2,0.0,0.0,AZ,ARIZONA,0.06091384,0.0
51,2022,3,10995.404372886574,110.77963566900355,AR,ARKANSAS,0.06091384,669772.3027053131
52,2022,4,1103.9067969441649,17.01955037307983,CA,CALIFORNIA,0.06091384,67243.20200396935
53,2022,5,54557.00362379109,866.9976046273052,CO,COLORADO,0.06091384,3323276.5896190307
54,2022,6,38.2095105368842,0.4192738514757098,CT,CONNECTICUT,0.06091384,2327.4880113220784
55,2022,7,1008.622327534574,6.49549169141518,DE,DELAWARE,0.06091384,61439.05907986863
56,2022,8,0.0,0.0,DC,DISTRICT OF COLUMBIA,0.06091384,0.0
57,2022,9,0.0,0.0,FL,FLORIDA,0.06091384,0.0
58,2022,10,0.0,0.0,GA,GEORGIA,0.06091384,0.0
59,2022,12,2138.8616787454453,99.19966329226725,ID,IDAHO,0.06091384,130286.27808123144
60,2022,13,1683579.4177839998,11641.043588327168,IL,ILLINOIS,0.06091384,102553287.28218772
61,2022,14,1467511.0044604726,10045.734104463016,IN,INDIANA,0.06091384,89391730.52394451
62,2022,15,184215.5975963984,1419.368183175453,IA,IOWA,0.06091384,11221279.437491396
63,2022,16,330467.7639226212,1283.9461380253215,KS,KANSAS,0.06091384,20130060.49674032
64,2022,17,38761.59550694023,952.7486688761924,KY,KENTUCKY,0.06091384,2361117.626854476
65,2022,18,51961.48979691014,635.2028053262765,LA,LOUISIANA,0.06091384,3165173.8756506164
66,2022,19,323.2109212754662,8.679247105865205,ME,MAINE,0.06091384,19688.018344826345
67,2022,20,1500.17575388733,15.193182792282226,MD,MARYLAND,0.06091384,91381.4658441722
68,2022,21,427.26916587961193,5.042902570391261,MA,MASSACHUSETTS,0.06091384,26026.605607324138
69,2022,22,238483.7403019672,1996.981865530094,MI,MICHIGAN,0.06091384,14526960.399355581
70,2022,23,1038946.2443498098,3940.582682545237,MN,MINNESOTA,0.06091384,63286205.29692522
71,2022,24,16059.430221755829,182.7235789218028,MS,MISSISSIPPI,0.06091384,978241.5630191991
72,2022,25,31523.50116973188,274.1003091366043,MO,MISSOURI,0.06091384,1920217.5064928606
73,2022,26,0.0,0.0,MT,MONTANA,0.06091384,0.0
74,2022,27,22223.052672606063,261.90928245645085,NE,NEBRASKA,0.06091384,1353691.474810698
75,2022,28,0.0,0.0,NV,NEVADA,0.06091384,0.0
76,2022,29,399.8768703467067,12.518018495154765,NH,NEW HAMPSHIRE,0.06091384,24358.035700000037
77,2022,30,3998.597300158636,28.55078200148673,NJ,NEW JERSEY,0.06091384,243569.9161662951
78,2022,31,60.185522833415575,2.4301349245889208,NM,NEW MEXICO,0.06091384,3666.131308191023
79,2022,32,48483.79462835199,395.52518233067264,NY,NEW YORK,0.06091384,2953334.1085842927
80,2022,33,2650.453946120841,111.54606578584746,NC,NORTH CAROLINA,0.06091384,161449.32760137352
81,2022,34,1004048.0458258052,3608.7326163959865,ND,NORTH DAKOTA,0.06091384,61160422.01574576
82,2022,35,581333.422037836,4702.921231304012,OH,OHIO,0.06091384,35411251.05666522
83,2022,36,82280.5623148225,353.1535126217231,OK,OKLAHOMA,0.06091384,5012025.007955126
84,2022,37,1782.2888141121325,4.037436846303118,OR,OREGON,0.06091384,108566.05565661617
85,2022,38,63002.32585651645,506.2989103105499,PA,PENNSYLVANIA,0.06091384,3837713.596851706
86,2022,39,0.0,0.0,RI,RHODE ISLAND,0.06091384,0.0
87,2022,40,0.0,0.0,SC,SOUTH CAROLINA,0.06091384,0.0
88,2022,41,2420710.489047264,9721.139225865136,SD,SOUTH DAKOTA,0.06091384,147454771.41614679
89,2022,42,138803.68680001597,772.7306207663214,TN,TENNESSEE,0.06091384,8455065.569146285
90,2022,43,260050.75151373728,1360.6197753618571,TX,TEXAS,0.06091384,15840689.86958755
91,2022,44,0.0,0.0,UT,UTAH,0.06091384,0.0
92,2022,45,900.6585183945401,20.738842589064205,VT,VERMONT,0.06091384,54862.568884122076
93,2022,46,0.0,0.0,VA,VIRGINIA,0.06091384,0.0
94,2022,47,74550.59311964168,317.09616940638506,WA,WASHINGTON,0.06091384,4541162.901194953
95,2022,48,0.0,0.0,WV,WEST VIRGINIA,0.06091384,0.0
96,2022,49,24757.311017549164,186.0662153885576,WI,WISCONSIN,0.06091384,1508062.882153227
97,2022,50,6755.315565118664,170.7173272958563,WY,WYOMING,0.06091384,411492.21148314787
98,2023,0,0.0,0.0,AL,ALABAMA,0.06107796,0.0
99,2023,2,0.0,0.0,AZ,ARIZONA,0.06107796,0.0
100,2023,3,101.44689855447768,0.8632532156264497,AR,ARKANSAS,0.06107796,6196.169612034446
101,2023,4,1403.470138789817,21.43017518543754,CA,CALIFORNIA,0.06107796,85721.09299819889
102,2023,5,126487.44321609024,1153.180886707139,CO,COLORADO,0.06107796,7725594.997254631
103,2023,6,5047.966603992722,48.28288118220167,CT,CONNECTICUT,0.06107796,308319.5023200033
104,2023,7,4019.8025043414295,91.40537654343991,DE,DELAWARE,0.06107796,245521.33656806566
105,2023,8,0.0,0.0,DC,DISTRICT OF COLUMBIA,0.06107796,0.0
106,2023,9,0.0,0.0,FL,FLORIDA,0.06107796,0.0
107,2023,10,0.0,0.0,GA,GEORGIA,0.06107796,0.0
108,2023,12,558.2235583106266,39.807889193027854,ID,IDAHO,0.06107796,34095.156165554115
109,2023,13,2467860.459311656,15420.033393821936,IL,ILLINOIS,0.06107796,150731882.41941896
110,2023,14,1572443.1701463514,13866.69685948906,IN,INDIANA,0.06107796,96041621.04847205
111,2023,15,193568.9104781884,1456.7379561504813,IA,IOWA,0.06107796,11822794.171430372
112,2023,16,1047013.1638694188,3814.258661322963,KS,KANSAS,0.06107796,63949428.1422898
113,2023,17,10164.142547966989,78.6606763615955,KY,KENTUCKY,0.06107796,620805.0919790259
114,2023,18,15.59929699368841,0.0336902566310815,LA,LOUISIANA,0.06107796,952.773237808621
115,2023,19,0.0,0.0,ME,MAINE,0.06107796,0.0
116,2023,20,40632.59465671016,265.8143832604208,MD,MARYLAND,0.06107796,2481755.9911387567
117,2023,21,2155.6509937506453,14.77398511999958,MA,MASSACHUSETTS,0.06107796,131662.76517026217
118,2023,22,103719.18992767658,594.684622231102,MI,MICHIGAN,0.06107796,6334956.533635032
119,2023,23,743910.9774136704,3401.5573904793305,MN,MINNESOTA,0.06107796,45436564.922033064
120,2023,24,0.0,0.0,MS,MISSISSIPPI,0.06107796,0.0
121,2023,25,212414.1451558153,2691.1982779239165,MO,MISSOURI,0.06107796,12973822.661261082
122,2023,26,0.0,0.0,MT,MONTANA,0.06107796,0.0
123,2023,27,199835.9445144356,1323.9307054112912,NE,NEBRASKA,0.06107796,12205571.825614916
124,2023,28,0.0,0.0,NV,NEVADA,0.06107796,0.0
125,2023,29,0.0,0.0,NH,NEW HAMPSHIRE,0.06107796,0.0
126,2023,30,2359.6854985391587,16.123140605093507,NJ,NEW JERSEY,0.06107796,144124.77649235478
127,2023,31,0.0,0.0,NM,NEW MEXICO,0.06107796,0.0
128,2023,32,27371.761713955068,165.53555037025285,NY,NEW YORK,0.06107796,1671811.367094479
129,2023,33,27046.683263300947,402.8337546006293,NC,NORTH CAROLINA,0.06107796,1651956.2384885647
130,2023,34,1223574.8047468425,4526.689940047895,ND,NORTH DAKOTA,0.06107796,74733452.98133545
131,2023,35,854360.734239266,8485.645238475836,OH,OHIO,0.06107796,52182610.751436524
132,2023,36,144061.66450657186,471.320848344721,OK,OKLAHOMA,0.06107796,8798992.582265817
133,2023,37,2550.651597341337,6.00422689548136,OR,OREGON,0.06107796,155788.5962363503
134,2023,38,49952.41949548715,361.0290482887141,PA,PENNSYLVANIA,0.06107796,3050991.879848584
135,2023,39,21.381739086996657,0.3023741175567409,RI,RHODE ISLAND,0.06107796,1305.9530046860182
136,2023,40,183.81081694981768,6.079328377410309,SC,SOUTH CAROLINA,0.06107796,11226.789725228286
137,2023,41,2491101.499966291,9595.164367993188,SD,SOUTH DAKOTA,0.06107796,152151397.77088112
138,2023,42,820.4618324347907,4.855016279688281,TN,TENNESSEE,0.06107796,50112.134982978845
139,2023,43,287051.2129388218,1422.3042350746352,TX,TEXAS,0.06107796,17532502.501828842
140,2023,44,0.0,0.0,UT,UTAH,0.06107796,0.0
141,2023,45,0.0,0.0,VT,VERMONT,0.06107796,0.0
142,2023,46,48667.05537078575,272.0590298045837,VA,VIRGINIA,0.06107796,2972484.461254637
143,2023,47,58581.5532403196,297.72104710160704,WA,WASHINGTON,0.06107796,3578041.7655501105
144,2023,48,7566.833822880903,44.56496057563112,WV,WEST VIRGINIA,0.06107796,462166.7735605669
145,2023,49,125900.53454765683,737.0486845064805,WI,WISCONSIN,0.06107796,7689747.813080402
146,2023,50,17720.663257536926,251.52303379326736,WY,WYOMING,0.06107796,1082341.96161731
147,2024,0,4662.612812164889,25.358647117729177,AL,ALABAMA,0.06124208,285548.10685162706
148,2024,2,0.0,0.0,AZ,ARIZONA,0.06124208,0.0
149,2024,3,18821.36438541537,64.79902888668751,AR,ARKANSAS,0.06124208,1152659.503400759
150,2024,4,6919.142025752755,106.25200780591317,CA,CALIFORNIA,0.06124208,423742.64947251225
151,2024,5,139352.88471774006,1310.6943600979073,CO,COLORADO,0.06124208,8534260.514114615
152,2024,6,0.0,0.0,CT,CONNECTICUT,0.06124208,0.0
153,2024,7,1028.035234814278,24.85267359897724,DE,DELAWARE,0.06124208,62959.0160933148
154,2024,8,0.0,0.0,DC,DISTRICT OF COLUMBIA,0.06124208,0.0
155,2024,9,60.62307055636326,0.2651754023205106,FL,FLORIDA,0.06124208,3712.682936858443
156,2024,10,0.0,0.0,GA,GEORGIA,0.06124208,0.0
157,2024,12,1746.528411341236,85.66753293081372,ID,IDAHO,0.06124208,106961.03268963288
158,2024,13,752210.6465930729,5543.116010467135,IL,ILLINOIS,0.06124208,46066944.59550469
159,2024,14,1059019.653455424,6224.463175783358,IN,INDIANA,0.06124208,64856566.33848934
160,2024,15,5773.402275521628,52.54344013379646,IA,IOWA,0.06124208,353575.16402967763
161,2024,16,955805.7070633324,3418.668350402887,KS,KANSAS,0.06124208,58535529.576429166
162,2024,17,58067.889965751805,253.10028496809548,KY,KENTUCKY,0.06124208,3556198.362713769
163,2024,18,69193.91044872037,361.8372516800874,LA,LOUISIANA,0.06124208,4237578.999213369
164,2024,19,0.0,0.0,ME,MAINE,0.06124208,0.0
165,2024,20,502.89972604195896,7.380301999074482,MD,MARYLAND,0.06124208,30798.625254239734
166,2024,21,0.0,0.0,MA,MASSACHUSETTS,0.06124208,0.0
167,2024,22,276337.40879043273,1345.4644795769932,MI,MICHIGAN,0.06124208,16923477.696136385
168,2024,23,438581.4899900906,1417.5246378638717,MN,MINNESOTA,0.06124208,26859642.696492326
169,2024,24,199931.28277589657,784.7407274165951,MS,MISSISSIPPI,0.06124208,12244207.61426408
170,2024,25,274117.4448841452,1472.1389933174146,MO,MISSOURI,0.06124208,16787522.48899041
171,2024,26,0.0,0.0,MT,MONTANA,0.06124208,0.0
172,2024,27,348970.8677849377,2736.4608552353184,NE,NEBRASKA,0.06124208,21371701.802554578
173,2024,28,0.0,0.0,NV,NEVADA,0.06124208,0.0
174,2024,29,0.0,0.0,NH,NEW HAMPSHIRE,0.06124208,0.0
175,2024,30,964.9468515086684,5.879532244458407,NJ,NEW JERSEY,0.06124208,59095.352275841986
176,2024,31,0.0,0.0,NM,NEW MEXICO,0.06124208,0.0
177,2024,32,4882.084948380507,29.57788775077561,NY,NEW YORK,0.06124208,298989.03697551484
178,2024,33,1079.37711638702,9.350426202793876,NC,NORTH CAROLINA,0.06124208,66103.29971194318
179,2024,34,1244517.3980655028,4117.262872891546,ND,NORTH DAKOTA,0.06124208,76216834.05371936
180,2024,35,177163.224473603,1129.3327135022955,OH,OHIO,0.06124208,10849844.366270352
181,2024,36,169324.20393242894,574.9381665569789,OK,OKLAHOMA,0.06124208,10369766.443166126
182,2024,37,3293.716678765283,8.145609776954798,OR,OREGON,0.06124208,201714.06033827775
183,2024,38,0.0,0.0,PA,PENNSYLVANIA,0.06124208,0.0
184,2024,39,0.0,0.0,RI,RHODE ISLAND,0.06124208,0.0
185,2024,40,2693.7102270997366,38.6967843971582,SC,SOUTH CAROLINA,0.06124208,164968.41722486023
186,2024,41,1012555.5309657472,4454.074302607691,SD,SOUTH DAKOTA,0.06124208,62011006.831846766
187,2024,42,158903.42599668057,547.5639144319366,TN,TENNESSEE,0.06124208,9731576.32716279
188,2024,43,1059330.4529475055,5345.19988386064,TX,TEXAS,0.06124208,64875600.34584736
189,2024,44,0.0,0.0,UT,UTAH,0.06124208,0.0
190,2024,45,0.0,0.0,VT,VERMONT,0.06124208,0.0
191,2024,46,197.8799288219609,1.0422996370553914,VA,VIRGINIA,0.06124208,12118.578431308835
192,2024,47,55382.44485811013,269.98394747719,WA,WASHINGTON,0.06124208,3391736.118595969
193,2024,48,1786.551130775823,9.335758064762642,WV,WEST VIRGINIA,0.06124208,109412.1072750634
194,2024,49,572974.6874298088,3706.439280498495,WI,WISCONSIN,0.06124208,35090161.64555134
195,2024,50,15290.588384529592,284.7731356570988,WY,WYOMING,0.06124208,936427.437092432
196,2025,0,4286.672128295882,95.49838191559674,AL,ALABAMA,0.0614062,263228.2460445626
197,2025,2,0.0,0.0,AZ,ARIZONA,0.0614062,0.0
198,2025,3,8872.702710880094,41.377026413261504,AR,ARKANSAS,0.0614062,544838.9572048452
199,2025,4,3039.810230128181,48.05739471545814,CA,CALIFORNIA,0.0614062,186663.19495329712
200,2025,5,111994.87284319584,1400.967872813815,CO,COLORADO,0.0614062,6877179.560783853
201,2025,6,944.046767793569,16.040744020070083,CT,CONNECTICUT,0.0614062,57970.324632485455
202,2025,7,43697.94038589703,470.7697136737144,DE,DELAWARE,0.0614062,2683324.4669244704
203,2025,8,0.0,0.0,DC,DISTRICT OF COLUMBIA,0.0614062,0.0
204,2025,9,423.697453656414,8.700874811985663,FL,FLORIDA,0.0614062,26017.65057871649
205,2025,10,53467.259970997286,480.1058309241807,GA,GEORGIA,0.0614062,3283221.2592310538
206,2025,12,4520.084264212419,274.6310277597574,ID,IDAHO,0.0614062,277561.19834508066
207,2025,13,617606.4813492326,4180.107559700895,IL,ILLINOIS,0.0614062,37924867.11502724
208,2025,14,523390.220764173,6054.629728191793,IN,INDIANA,0.0614062,32139404.574288964
209,2025,15,2125306.195362044,8609.72884651946,IA,IOWA,0.0614062,130506977.29364075
210,2025,16,1201820.1425965205,3869.393292838894,KS,KANSAS,0.0614062,73799208.04031046
211,2025,17,102379.06982276432,627.6827371796257,KY,KENTUCKY,0.0614062,6286709.637350631
212,2025,18,121323.74927167724,972.220588822615,LA,LOUISIANA,0.0614062,7450030.412526467
213,2025,19,52.22680260066026,2.1968514306537603,ME,MAINE,0.0614062,3207.049485856664
214,2025,20,92576.74996804958,865.0281333901488,MD,MARYLAND,0.0614062,5684786.423888046
215,2025,21,1032.1343746971606,12.727561290516116,MA,MASSACHUSETTS,0.0614062,63379.44983952879
216,2025,22,226007.63524963724,1290.164993577714,MI,MICHIGAN,0.0614062,13878270.051666275
217,2025,23,411554.44830278767,1974.348977553792,MN,MINNESOTA,0.0614062,25271994.76337064
218,2025,24,87004.66887882382,632.0589533466955,MS,MISSISSIPPI,0.0614062,5342626.098106832
219,2025,25,213415.6268127309,955.1042685435372,MO,MISSOURI,0.0614062,13105042.663187915
220,2025,26,0.0,0.0,MT,MONTANA,0.0614062,0.0
221,2025,27,834318.4908406809,5590.634937973847,NE,NEBRASKA,0.0614062,51232328.11226102
222,2025,28,0.0,0.0,NV,NEVADA,0.0614062,0.0
223,2025,29,68.55614609246655,2.300554520840893,NH,NEW HAMPSHIRE,0.0614062,4209.772418183219
224,2025,30,10579.742233898807,100.46970963494816,NJ,NEW JERSEY,0.0614062,649661.767563237
225,2025,31,0.0,0.0,NM,NEW MEXICO,0.0614062,0.0
226,2025,32,104752.96846624148,1117.666556457909,NY,NEW YORK,0.0614062,6432481.732231718
227,2025,33,126683.59119919108,1405.042948790684,NC,NORTH CAROLINA,0.0614062,7779157.937895767
228,2025,34,1379359.0556107375,6226.81953727269,ND,NORTH DAKOTA,0.0614062,84701198.04064408
229,2025,35,302175.43573050166,3604.693153908997,OH,OHIO,0.0614062,18555445.24155433
230,2025,36,135961.38034348722,442.1233151960952,OK,OKLAHOMA,0.0614062,8348871.713648246
231,2025,37,4758.125158647759,10.072704753787615,OR,OREGON,0.0614062,292178.385116956
232,2025,38,107660.89884046218,1236.6084554278027,PA,PENNSYLVANIA,0.0614062,6611046.686377189
233,2025,39,467.5199566040496,4.839424361934922,RI,RHODE ISLAND,0.0614062,28708.623959219593
234,2025,40,45129.86051128558,414.15059200791165,SC,SOUTH CAROLINA,0.0614062,2771253.240528105
235,2025,41,4521253.845604296,15981.576728573582,SD,SOUTH DAKOTA,0.0614062,277633017.8939465
236,2025,42,241098.1150222756,1647.6195584046636,TN,TENNESSEE,0.0614062,14804919.07068086
237,2025,43,149554.6050851765,765.3166050246236,TX,TEXAS,0.0614062,9183579.990781365
238,2025,44,0.0,0.0,UT,UTAH,0.0614062,0.0
239,2025,45,417.1863872524867,15.105046498324947,VT,VERMONT,0.0614062,25617.83073290365
240,2025,46,120347.33692098648,772.123269107635,VA,VIRGINIA,0.0614062,7390072.64043748
241,2025,47,98943.511971321,425.84087894766833,WA,WASHINGTON,0.0614062,6075745.084813332
242,2025,48,6742.035686889628,66.9005205699182,WV,WEST VIRGINIA,0.0614062,414002.7917962819
243,2025,49,741204.9530695064,3698.723156893616,WI,WISCONSIN,0.0614062,45514579.58917672
244,2025,50,41911.78168871112,700.889630431101,WY,WYOMING,0.0614062,2573643.248733333
245,2026,0,135021.7941583026,962.2723117423736,AL,ALABAMA,0.06254916,8445499.806294736
246,2026,2,0.0,0.0,AZ,ARIZONA,0.06254916,0.0
247,2026,3,6204.123756066885,72.10911920995915,AR,ARKANSAS,0.06254916,388062.7294780286
248,2026,4,2910.5912795514687,43.79902169316191,CA,CALIFORNIA,0.06254916,182055.03963926955
249,2026,5,65621.19018539821,1055.973028754304,CO,COLORADO,0.06254916,4104550.324296903
250,2026,6,6939.779893300341,91.13132436591304,CT,CONNECTICUT,0.06254916,434077.40291082603
251,2026,7,40050.64486683723,273.56465289063425,DE,DELAWARE,0.06254916,2505134.1938789813
252,2026,8,0.0,0.0,DC,DISTRICT OF COLUMBIA,0.06254916,0.0
253,2026,9,3952.4690746601264,20.379710670194704,FL,FLORIDA,0.06254916,247223.6205459682
254,2026,10,121731.66726348302,607.2423975305654,GA,GEORGIA,0.06254916,7614213.532730362
255,2026,12,3841.628201592,195.4895521399801,ID,IDAHO,0.06254916,240290.6170418903
256,2026,13,285477.7054681547,1503.0283907629946,IL,ILLINOIS,0.06254916,17856390.67576048
257,2026,14,659320.5267307571,8653.078790497482,IN,INDIANA,0.06254916,41239945.11776641
258,2026,15,50371.93628995629,558.8405483108302,IA,IOWA,0.06254916,3150722.302510283
259,2026,16,454845.0712312064,1633.1378618094418,KS,KANSAS,0.06254916,28450177.13565213
260,2026,17,537462.8084891895,6051.112575905356,KY,KENTUCKY,0.06254916,33617847.20223968
261,2026,18,83081.31796723194,1107.6856593416455,LA,LOUISIANA,0.06254916,5196666.650543266
262,2026,19,176.9041819946573,5.779978844779883,ME,MAINE,0.06254916,11065.20798425294
263,2026,20,103149.82723798476,589.7538344504587,MD,MARYLAND,0.06254916,6451935.047881068
264,2026,21,5577.036755977549,75.48786047681173,MA,MASSACHUSETTS,0.06254916,348838.9643755207
265,2026,22,103016.14476669068,1134.5689049813589,MI,MICHIGAN,0.06254916,6443573.321594899
266,2026,23,68765.79670558847,494.9570665284312,MN,MINNESOTA,0.06254916,4301242.820665326
267,2026,24,75447.2043287649,990.3728741992106,MS,MISSISSIPPI,0.06254916,4719159.255112609
268,2026,25,233607.5626695716,1501.4371704790833,MO,MISSOURI,0.06254916,14611956.814629063
269,2026,26,0.0,0.0,MT,MONTANA,0.06254916,0.0
270,2026,27,74114.03931968298,819.3166630760704,NE,NEBRASKA,0.06254916,4635770.903653143
271,2026,28,0.0,0.0,NV,NEVADA,0.06254916,0.0
272,2026,29,71.30506888983037,9.304432530029958,NH,NEW HAMPSHIRE,0.06254916,4460.072162801022
273,2026,30,10867.7455475471,95.29304943546153,NJ,NEW JERSEY,0.06254916,679768.3550928113
274,2026,31,0.0,0.0,NM,NEW MEXICO,0.06254916,0.0
275,2026,32,33432.68781006601,343.57426717362824,NY,NEW YORK,0.06254916,2091186.5390618688
276,2026,33,190590.6303193274,1575.6038702807996,NC,NORTH CAROLINA,0.06254916,11921283.830344463
277,2026,34,546732.2016777452,2119.656015742016,ND,NORTH DAKOTA,0.06254916,34197639.959893554
278,2026,35,234679.3475301593,3855.495902278996,OH,OHIO,0.06254916,14678996.057359543
279,2026,36,122862.58961416232,410.0363318343923,OK,OKLAHOMA,0.06254916,7684951.775790579
280,2026,37,4422.503431616375,10.072786417692438,OR,OREGON,0.06254916,276623.8747447217
281,2026,38,114657.6293141524,1147.0633274272518,PA,PENNSYLVANIA,0.06254916,7171738.401191609
282,2026,39,1191.751321374658,14.1027947468965,RI,RHODE ISLAND,0.06254916,74543.0440808749
283,2026,40,65736.56582918868,530.1359177578274,SC,SOUTH CAROLINA,0.06254916,4111766.973900456
284,2026,41,599262.8755695589,3844.056557860161,SD,SOUTH DAKOTA,0.06254916,37483389.48606044
285,2026,42,480725.2650655937,3115.6129950529403,TN,TENNESSEE,0.06254916,30068961.520630237
286,2026,43,224627.87128369664,1493.2621074528522,TX,TEXAS,0.06254916,14050284.66138335
287,2026,44,0.0,0.0,UT,UTAH,0.06254916,0.0
288,2026,45,442.55014931926337,15.198022484250156,VT,VERMONT,0.06254916,27681.140097794498
289,2026,46,143186.9663633265,841.472516688072,VA,VIRGINIA,0.06254916,8956224.468974328
290,2026,47,106069.0299763542,427.3819163357602,WA,WASHINGTON,0.06254916,6634528.727035776
291,2026,48,30766.18925288421,191.3605969666736,WV,WEST VIRGINIA,0.06254916,1924399.2941689352
292,2026,49,55986.38590324149,1144.3967592199288,WI,WISCONSIN,0.06254916,3501901.409683597
293,2026,50,17873.927308208673,347.50108052314346,WY,WYOMING,0.06254916,1117999.1390295138
294,2027,0,42.43488323358345,7.252158418959937,AL,ALABAMA,0.06369212,2702.7676750993855
295,2027,2,0.0,0.0,AZ,ARIZONA,0.06369212,0.0
296,2027,3,28495.75940567889,264.8158517195675,AR,ARKANSAS,0.06369212,1814955.3275576287
297,2027,4,5689.789312738282,86.581060042769,CA,CALIFORNIA,0.06369212,362394.74368164426
298,2027,5,168128.602161679,1598.9768040633094,CO,COLORADO,0.06369212,10708467.10431392
299,2027,6,2230.6299910030048,48.36552683682382,CT,CONNECTICUT,0.06369212,142073.5530625623
300,2027,7,15627.31548070025,188.0674813021602,DE,DELAWARE,0.06369212,995336.8528746181
301,2027,8,0.0,0.0,DC,DISTRICT OF COLUMBIA,0.06369212,0.0
302,2027,9,0.0,0.0,FL,FLORIDA,0.06369212,0.0
303,2027,10,28622.58082090874,151.99764028918997,GA,GEORGIA,0.06369212,1823032.852355018
304,2027,12,11057.439204548771,647.3484421079321,ID,IDAHO,0.06369212,704271.7447088249
305,2027,13,2941076.1263051936,26347.437741298127,IL,ILLINOIS,0.06369212,187323373.56576556
306,2027,14,1238397.8696491066,12439.687153968564,IN,INDIANA,0.06369212,78876185.72143526
307,2027,15,7581234.930861836,32601.46069909129,IA,IOWA,0.06369212,482864924.96464384
308,2027,16,67539.79591300899,213.44648945519256,KS,KANSAS,0.06369212,4301752.786066879
309,2027,17,606184.306325053,6013.268359141832,KY,KENTUCKY,0.06369212,38609163.58057204
310,2027,18,257.44543398553736,13.48289682090808,LA,LOUISIANA,0.06369212,16397.245474858926
311,2027,19,803.531249617952,13.372343192649229,ME,MAINE,0.06369212,51178.60877441655
312,2027,20,1994.9921744435865,12.921141590964153,MD,MARYLAND,0.06369212,127065.28097372185
313,2027,21,3900.1377495228376,66.19376950784614,MA,MASSACHUSETTS,0.06369212,248408.0415591385
314,2027,22,335691.3185515397,2451.01217847868,MI,MICHIGAN,0.06369212,21380891.74414289
315,2027,23,8055620.518096846,29148.532574270816,MN,MINNESOTA,0.06369212,513079548.7130865
316,2027,24,1642.5755441220651,22.90249509313852,MS,MISSISSIPPI,0.06369212,104619.11866528788
317,2027,25,1010811.1665650952,6085.718657119856,MO,MISSOURI,0.06369212,64380706.118204035
318,2027,26,0.0,0.0,MT,MONTANA,0.06369212,0.0
319,2027,27,1134142.4513357887,6166.614256591307,NE,NEBRASKA,0.06369212,72235937.10757323
320,2027,28,0.0,0.0,NV,NEVADA,0.06369212,0.0
321,2027,29,11.279102715655112,3.029238212663423,NH,NEW HAMPSHIRE,0.06369212,718.3899636578313
322,2027,30,5542.717970381616,110.7145181144495,NJ,NEW JERSEY,0.06369212,353027.4580957024
323,2027,31,0.0,0.0,NM,NEW MEXICO,0.06369212,0.0
324,2027,32,162466.10840475874,2478.029935827867,NY,NEW YORK,0.06369212,10347810.872448903
325,2027,33,3356.445298564851,48.667274405261125,NC,NORTH CAROLINA,0.06369212,213779.11672962832
326,2027,34,2066856.575204784,7724.685020819098,ND,NORTH DAKOTA,0.06369212,131642477.01073214
327,2027,35,302894.7730136699,3299.399059955935,OH,OHIO,0.06369212,19292010.230159428
328,2027,36,125355.61702039196,526.0689682211322,OK,OKLAHOMA,0.06369212,7984165.001936847
329,2027,37,4623.308669183971,9.938346496596392,OR,OREGON,0.06369212,294468.33055470575
330,2027,38,93067.39165737251,1331.2921794851432,PA,PENNSYLVANIA,0.06369212,5927659.47752837
331,2027,39,1497.0242823110596,14.853640063205814,RI,RHODE ISLAND,0.06369212,95348.65023186989
332,2027,40,19317.929121036133,97.11908697645129,SC,SOUTH CAROLINA,0.06369212,1230399.8597285282
333,2027,41,6532186.754396932,26708.382401702664,SD,SOUTH DAKOTA,0.06369212,416048822.62346
334,2027,42,68518.72913479077,1034.3017970545757,TN,TENNESSEE,0.06369212,4364103.118300591
335,2027,43,231497.75683596943,1857.1505274696965,TX,TEXAS,0.06369212,14744582.908127386
336,2027,44,0.0,0.0,UT,UTAH,0.06369212,0.0
337,2027,45,735.0187925935318,39.58898347481341,VT,VERMONT,0.06369212,46814.90514012234
338,2027,46,2792.891519325693,34.649289494174546,VA,VIRGINIA,0.06369212,177885.18179587438
339,2027,47,103077.1567704219,429.3496786406728,WA,WASHINGTON,0.06369212,6565202.638280525
340,2027,48,5363.092994026934,69.60117484923379,WV,WEST VIRGINIA,0.06369212,341586.76254672284
341,2027,49,2155026.574864417,12286.292219834268,WI,WISCONSIN,0.06369212,137258211.20945343
342,2027,50,28622.153594471805,423.1477268042434,WY,WYOMING,0.06369212,1823005.6413975297
343,2028,0,273759.8283320721,1280.4643995419824,AL,ALABAMA,0.06483508,17749240.370696165
344,2028,2,0.0,0.0,AZ,ARIZONA,0.06483508,0.0
345,2028,3,131622.13224832108,498.974584135286,AR,ARKANSAS,0.06483508,8533731.474090477
346,2028,4,8883.401311516232,143.1969462199128,CA,CALIFORNIA,0.06483508,575956.03470426
347,2028,5,139276.25704855405,1404.3455420596074,CO,COLORADO,0.06483508,9029987.267843567
348,2028,6,10933.617527067649,74.97380909105556,CT,CONNECTICUT,0.06483508,708881.9670568332
349,2028,7,15937.820459519664,171.51464547725655,DE,DELAWARE,0.06483508,1033329.8645185942
350,2028,8,0.0,0.0,DC,DISTRICT OF COLUMBIA,0.06483508,0.0
351,2028,9,5158.167930802176,27.072544598759315,FL,FLORIDA,0.06483508,334430.23044699355
352,2028,10,219703.4501071098,885.4846013604401,GA,GEORGIA,0.06483508,14244490.763970472
353,2028,12,15500.108286031877,733.6318500078538,ID,IDAHO,0.06483508,1004950.7607335396
354,2028,13,16423218.097198617,46930.37750750111,IL,ILLINOIS,0.06483508,1064800659.1893201
355,2028,14,6584638.345288495,26535.77214998908,IN,INDIANA,0.06483508,426915553.88784724
356,2028,15,26702510.68180515,56721.28921227265,IA,IOWA,0.06483508,1731259416.2556915
357,2028,16,1336038.4627462234,6469.021278213357,KS,KANSAS,0.06483508,86622160.61522841
358,2028,17,1575279.6038161386,7942.652642977967,KY,KENTUCKY,0.06483508,102133379.13578765
359,2028,18,238977.0884171127,1110.3673016088217,LA,LOUISIANA,0.06483508,15494098.645690577
360,2028,19,364.7225992424788,10.420157213666016,ME,MAINE,0.06483508,23646.81889969405
361,2028,20,32496.300164864435,392.17192514618046,MD,MARYLAND,0.06483508,2106900.220892999
362,2028,21,5223.397400771326,42.76078012788166,MA,MASSACHUSETTS,0.06483508,338659.38835080096
363,2028,22,977332.1446459529,2925.9327363947705,MI,MICHIGAN,0.06483508,63365407.78469192
364,2028,23,14283441.532066468,32080.99980246146,MN,MINNESOTA,0.06483508,926068074.406852
365,2028,24,529984.7720482609,2132.156278438863,MS,MISSISSIPPI,0.06483508,34361605.09453076
366,2028,25,2337611.120438737,11748.97001127254,MO,MISSOURI,0.06483508,151559204.00253516
367,2028,26,0.0,0.0,MT,MONTANA,0.06483508,0.0
368,2028,27,2356883.4667979823,12314.162303541569,NE,NEBRASKA,0.06483508,152808728.12052453
369,2028,28,0.0,0.0,NV,NEVADA,0.06483508,0.0
370,2028,29,207.7474395671919,7.622025909579348,NH,NEW HAMPSHIRE,0.06483508,13469.321864134052
371,2028,30,8603.848154154197,123.68472685956804,NJ,NEW JERSEY,0.06483508,557831.1833824397
372,2028,31,0.0,0.0,NM,NEW MEXICO,0.06483508,0.0
373,2028,32,246126.27558105445,2020.1945789732908,NY,NEW YORK,0.06483508,15957616.767399713
374,2028,33,65552.3455492777,1117.4345369866624,NC,NORTH CAROLINA,0.06483508,4250091.567875064
375,2028,34,4692752.61489799,13500.45369846979,ND,NORTH DAKOTA,0.06483508,304254991.20712036
376,2028,35,2745821.786283476,15744.624240710418,OH,OHIO,0.06483508,178025575.17943206
377,2028,36,191089.46121262977,820.3454716225185,OK,OKLAHOMA,0.06483508,12389300.504877748
378,2028,37,4473.239512163451,9.762995373290677,OR,OREGON,0.06483508,290022.84163027833
379,2028,38,397588.7911728654,3400.233883239504,PA,PENNSYLVANIA,0.06483508,25777701.082796026
380,2028,39,424.3811869162507,3.339399444382292,RI,RHODE ISLAND,0.06483508,27514.788204210072
381,2028,40,133042.6265002619,769.7018256774683,SC,SOUTH CAROLINA,0.06483508,8625829.3325546
382,2028,41,11293919.02886847,30138.965054206536,SD,SOUTH DAKOTA,0.06483508,732242143.7502097
383,2028,42,709923.1416115155,4068.838945111657,TN,TENNESSEE,0.06483508,46027923.68023394
384,2028,43,970972.5936277492,5326.7747089339455,TX,TEXAS,0.06483508,62953085.785662614
385,2028,44,0.0,0.0,UT,UTAH,0.06483508,0.0
386,2028,45,952.5090977406074,33.985544001031954,VT,VERMONT,0.06483508,61756.003552740105
387,2028,46,19838.65015675829,258.0349469365416,VA,VIRGINIA,0.06483508,1286240.4700054363
388,2028,47,97069.7941141469,422.2482441782428,WA,WASHINGTON,0.06483508,6293527.866974244
389,2028,48,17866.999314795383,254.46866569356587,WV,WEST VIRGINIA,0.06483508,1158408.329934704
390,2028,49,5331291.322318198,16343.735094984071,WI,WISCONSIN,0.06483508,345654699.3858062
391,2028,50,23849.721823609696,347.6853720190912,WY,WYOMING,0.06483508,1546298.6224114806
392,2029,0,46.856861826241065,9.290706704588253,AL,ALABAMA,0.06597804,3091.5239038462064
393,2029,2,0.0,0.0,AZ,ARIZONA,0.06597804,0.0
394,2029,3,0.0,0.0,AR,ARKANSAS,0.06597804,0.0
395,2029,4,8661.684052559318,131.11458199987993,CA,CALIFORNIA,0.06597804,571480.9368871208
396,2029,5,432999.77033641736,4097.409428648079,CO,COLORADO,0.06597804,28568476.16724696
397,2029,6,0.0,0.0,CT,CONNECTICUT,0.06597804,0.0
398,2029,7,0.0,0.0,DE,DELAWARE,0.06597804,0.0
399,2029,8,0.0,0.0,DC,DISTRICT OF COLUMBIA,0.06597804,0.0
400,2029,9,212.80606343778288,1.1291147307808098,FL,FLORIDA,0.06597804,14040.526965740575
401,2029,10,5900.150548345218,67.13767602857122,GA,GEORGIA,0.06597804,389280.3688847428
402,2029,12,5605.288477752136,278.9648121114853,ID,IDAHO,0.06597804,369825.94739666954
403,2029,13,1008715.758823532,11548.219812851672,IL,ILLINOIS,0.06597804,66553088.68428935
404,2029,14,22018.51411651223,807.9108437817048,IN,INDIANA,0.06597804,1452738.4051198084
405,2029,15,20744735.832187388,54048.09982618866,IA,IOWA,0.06597804,1368697010.525493
406,2029,16,2065986.651471236,7682.435444527095,KS,KANSAS,0.06597804,136309749.93023527
407,2029,17,0.0,0.0,KY,KENTUCKY,0.06597804,0.0
408,2029,18,103.00669985732988,0.6895148874389639,LA,LOUISIANA,0.06597804,6796.180163454905
409,2029,19,1112.770784273842,19.98777011386022,ME,MAINE,0.06597804,73418.43531565093
410,2029,20,9512.668532601338,220.1664867656683,MD,MARYLAND,0.06597804,627627.2249507124
411,2029,21,956.5225424530864,8.642184049500743,MA,MASSACHUSETTS,0.06597804,63109.48256687144
412,2029,22,379970.12503523246,2282.324926371199,MI,MICHIGAN,0.06597804,25069684.108379573
413,2029,23,9510237.643430784,25914.42666688309,MN,MINNESOTA,0.06597804,627466839.6477821
414,2029,24,0.0,0.0,MS,MISSISSIPPI,0.06597804,0.0
415,2029,25,1063674.5206649555,6569.741054308592,MO,MISSOURI,0.06597804,70179160.07141326
416,2029,26,0.0,0.0,MT,MONTANA,0.06597804,0.0
417,2029,27,3257345.54423423,20261.782366426,NE,NEBRASKA,0.06597804,214913274.6113078
418,2029,28,0.0,0.0,NV,NEVADA,0.06597804,0.0
419,2029,29,186.71303559505523,4.221245007513756,NH,NEW HAMPSHIRE,0.06597804,12318.960131011978
420,2029,30,0.0,0.0,NJ,NEW JERSEY,0.06597804,0.0
421,2029,31,0.0,0.0,NM,NEW MEXICO,0.06597804,0.0
422,2029,32,39.60726492158421,1.112870555389363,NY,NEW YORK,0.06597804,2613.20970928688
423,2029,33,2918.987830002892,36.07023673717093,NC,NORTH CAROLINA,0.06597804,192589.09580744404
424,2029,34,4441331.094363707,13184.291750581548,ND,NORTH DAKOTA,0.06597804,293030320.5971725
425,2029,35,138864.98876243475,1236.7456889239645,OH,OHIO,0.06597804,9162039.78316747
426,2029,36,106772.1390422616,431.2558244557145,OK,OKLAHOMA,0.06597804,7044616.460615898
427,2029,37,4347.294535980179,9.453178791641683,OR,OREGON,0.06597804,286825.97278668167
428,2029,38,0.0,0.0,PA,PENNSYLVANIA,0.06597804,0.0
429,2029,39,809.235477052482,7.711648156253815,RI,RHODE ISLAND,0.06597804,53391.770674387735
430,2029,40,15162.168103713404,138.06956971121005,SC,SOUTH CAROLINA,0.06597804,1000370.1336335272
431,2029,41,12690205.943295382,35430.46769892154,SD,SOUTH DAKOTA,0.06597804,837274915.3349805
432,2029,42,225.8387517702504,7.277436115109785,TN,TENNESSEE,0.06597804,14900.398197847653
433,2029,43,249854.8862904597,1321.5383980691515,TX,TEXAS,0.06597804,16484935.681867402
434,2029,44,0.0,0.0,UT,UTAH,0.06597804,0.0
435,2029,45,102.74947977356828,1.8681360022030973,VT,VERMONT,0.06597804,6779.20928647968
436,2029,46,825.7370894694963,25.713143750543,VA,VIRGINIA,0.06597804,54480.514718502
437,2029,47,91220.02218420675,408.4382116574491,WA,WASHINGTON,0.06597804,6018518.272470481
438,2029,48,6121.7949834840965,108.34627525217394,WV,WEST VIRGINIA,0.06597804,403904.0342921131
439,2029,49,1157549.904306061,5572.041757319554,WI,WISCONSIN,0.06597804,76372873.88830146
440,2029,50,46796.930503374606,827.6852228710584,WY,WYOMING,0.06597804,3087569.75262887
441,2030,0,29511.363595862746,293.76058934010297,AL,ALABAMA,0.067121,1980832.2359179035
442,2030,2,0.0,0.0,AZ,ARIZONA,0.067121,0.0
443,2030,3,75559.2748592007,324.822200521839,AR,ARKANSAS,0.067121,5071614.08782441
444,2030,4,10683.463680076393,167.70676918289854,CA,CALIFORNIA,0.067121,717084.7656704076
445,2030,5,300432.8435811142,3066.896317208477,CO,COLORADO,0.067121,20165352.894007966
446,2030,6,0.0,0.0,CT,CONNECTICUT,0.067121,0.0
447,2030,7,3749.83740203764,54.32345833650377,DE,DELAWARE,0.067121,251692.83626216845
448,2030,8,0.0,0.0,DC,DISTRICT OF COLUMBIA,0.067121,0.0
449,2030,9,1605.0717810762328,6.017456848175979,FL,FLORIDA,0.067121,107734.02301761783
450,2030,10,145162.93115323485,571.3899632328398,GA,GEORGIA,0.067121,9743481.101936275
451,2030,12,11778.103503575776,562.0651695852735,ID,IDAHO,0.067121,790558.0852635097
452,2030,13,619558.6066425407,3927.057036784912,IL,ILLINOIS,0.067121,41585393.23645397
453,2030,14,213145.27009955977,3643.879390936048,IN,INDIANA,0.067121,14306523.674352553
454,2030,15,541856.9654173746,2238.179515348203,IA,IOWA,0.067121,36369981.3757796
455,2030,16,1878969.477162364,6085.507997244202,KS,KANSAS,0.067121,126118310.27661504
456,2030,17,325241.2608009159,2945.9986321197985,KY,KENTUCKY,0.067121,21830518.666218277
457,2030,18,691020.7319313315,2930.3502638500177,LA,LOUISIANA,0.067121,46382002.5479629
458,2030,19,53.76267084075272,2.375485343285797,ME,MAINE,0.067121,3608.6042295021634
459,2030,20,7442.673945595379,62.29776774175127,MD,MARYLAND,0.067121,499559.71790230746
460,2030,21,586.790590876474,7.183425054314811,MA,MASSACHUSETTS,0.067121,39385.97125021981
461,2030,22,197655.75549963536,1708.8233606180638,MI,MICHIGAN,0.067121,13266851.964891026
462,2030,23,213467.71510929905,1771.036798801605,MN,MINNESOTA,0.067121,14328166.505851263
463,2030,24,322282.91540904995,1230.064957848541,MS,MISSISSIPPI,0.067121,21631951.56517084
464,2030,25,133811.45819665454,1461.176967591632,MO,MISSOURI,0.067121,8981558.88561765
465,2030,26,0.0,0.0,MT,MONTANA,0.067121,0.0
466,2030,27,2441190.0908425893,14196.850002109137,NE,NEBRASKA,0.067121,163855120.08744544
467,2030,28,0.0,0.0,NV,NEVADA,0.067121,0.0
468,2030,29,17.372680537909943,1.5998778139860668,NH,NEW HAMPSHIRE,0.067121,1166.0716903850532
469,2030,30,298.7125604063748,24.57056643527036,NJ,NEW JERSEY,0.067121,20049.885767036285
470,2030,31,0.0,0.0,NM,NEW MEXICO,0.067121,0.0
471,2030,32,27968.213894646604,253.9202165848621,NY,NEW YORK,0.067121,1877254.4848225748
472,2030,33,441525.6016879284,2121.434634647211,NC,NORTH CAROLINA,0.067121,29635639.910895444
473,2030,34,2524033.1585432547,9821.084499127188,ND,NORTH DAKOTA,0.067121,169415629.6345818
474,2030,35,372572.9844781536,5442.567202954105,OH,OHIO,0.067121,25007471.291158147
475,2030,36,127444.2815911636,469.1439088186168,OK,OKLAHOMA,0.067121,8554187.624680493
476,2030,37,5250.553362162412,25.46996716699796,OR,OREGON,0.067121,352422.39222170325
477,2030,38,9573.366573583013,136.10420097604657,PA,PENNSYLVANIA,0.067121,642573.9377854654
478,2030,39,0.0,0.0,RI,RHODE ISLAND,0.067121,0.0
479,2030,40,333966.8339276754,1200.057163336126,SC,SOUTH CAROLINA,0.067121,22416187.8600595
480,2030,41,5508460.064923345,24637.62662546704,SD,SOUTH DAKOTA,0.067121,369733348.01771986
481,2030,42,225261.491375558,1516.3140261408448,TN,TENNESSEE,0.067121,15119776.562618827
482,2030,43,641928.7018274843,3434.178340179108,TX,TEXAS,0.067121,43086896.39536257
483,2030,44,0.0,0.0,UT,UTAH,0.067121,0.0
484,2030,45,0.0,0.0,VT,VERMONT,0.067121,0.0
485,2030,46,14722.805186683265,191.0780203209048,VA,VIRGINIA,0.067121,988209.4069353675
486,2030,47,101244.47981329403,431.4588800096155,WA,WASHINGTON,0.067121,6795630.729548109
487,2030,48,10490.472543870574,95.84620790845332,WV,WEST VIRGINIA,0.067121,704131.0076171368
488,2030,49,18856.89312938338,155.73981724573463,WI,WISCONSIN,0.067121,1265693.5237373419
489,2030,50,32870.19199602264,476.91388080612137,WY,WYOMING,0.067121,2206280.1569650355
490,2031,0,69.20095676461501,3.282902021098069,AL,ALABAMA,0.0662312,4583.26240766857
491,2031,2,0.0,0.0,AZ,ARIZONA,0.0662312,0.0
492,2031,3,0.0,0.0,AR,ARKANSAS,0.0662312,0.0
493,2031,4,5633.2616058876265,86.31805272419413,CA,CALIFORNIA,0.0662312,373097.67607186455
494,2031,5,177899.61724531872,2159.247059720333,CO,COLORADO,0.0662312,11782505.129698154
495,2031,6,9227.71688794787,134.28334191164572,CT,CONNECTICUT,0.0662312,611162.7627490531
496,2031,7,109489.44945127922,661.056580685662,DE,DELAWARE,0.0662312,7251617.624497564
497,2031,8,0.0,0.0,DC,DISTRICT OF COLUMBIA,0.0662312,0.0
498,2031,9,0.0,0.0,FL,FLORIDA,0.0662312,0.0
499,2031,10,0.0,0.0,GA,GEORGIA,0.0662312,0.0
500,2031,12,12153.925985269932,560.0000560543434,ID,IDAHO,0.0662312,804969.10271561
501,2031,13,4877372.661864893,21066.9900153148,IL,ILLINOIS,0.0662312,323034244.24250615
502,2031,14,2728948.577013566,19319.14446234036,IN,INDIANA,0.0662312,180741538.9939009
503,2031,15,2602414.124234066,9222.193585418634,IA,IOWA,0.0662312,172361010.34497127
504,2031,16,2151607.795247148,7789.4939025286385,KS,KANSAS,0.0662312,142503566.2085729
505,2031,17,27704.914475106587,163.85986047981714,KY,KENTUCKY,0.0662312,1834929.7315836793
506,2031,18,0.0,0.0,LA,LOUISIANA,0.0662312,0.0
507,2031,19,283.0088389691691,6.101822760527913,ME,MAINE,0.0662312,18744.015015534835
508,2031,20,201863.4069800549,1610.6142650628592,MD,MARYLAND,0.0662312,13369655.680377413
509,2031,21,9039.203076075832,111.32133080807756,MA,MASSACHUSETTS,0.0662312,598677.2667721936
510,2031,22,558342.342246965,2947.108388632136,MI,MICHIGAN,0.0662312,36979683.33782719
511,2031,23,156361.8447590216,900.4010994197608,MN,MINNESOTA,0.0662312,10356032.612603711
512,2031,24,0.0,0.0,MS,MISSISSIPPI,0.0662312,0.0
513,2031,25,1414321.417765499,6087.2791396308685,MO,MISSOURI,0.0662312,93672204.68431033
514,2031,26,0.0,0.0,MT,MONTANA,0.0662312,0.0
515,2031,27,1463231.9598338671,11606.709561810268,NE,NEBRASKA,0.0662312,96911608.57814883
516,2031,28,0.0,0.0,NV,NEVADA,0.0662312,0.0
517,2031,29,719.4789410655047,20.231912019922213,NH,NEW HAMPSHIRE,0.0662312,47651.953641497654
518,2031,30,121644.53872223786,745.4930659531042,NJ,NEW JERSEY,0.0662312,8056663.773020281
519,2031,31,0.0,0.0,NM,NEW MEXICO,0.0662312,0.0
520,2031,32,533237.6157763688,3237.46919783479,NY,NEW YORK,0.0662312,35316967.17800783
521,2031,33,14380.228874154112,282.77961501015244,NC,NORTH CAROLINA,0.0662312,952419.814609876
522,2031,34,3500849.3978762296,10387.444488256564,ND,NORTH DAKOTA,0.0662312,231865456.64062017
523,2031,35,2618674.215952253,14143.469367169446,OH,OHIO,0.0662312,173437935.73157686
524,2031,36,138456.89856431528,448.7551658774236,OK,OKLAHOMA,0.0662312,9170166.54019288
525,2031,37,3857.863605088789,9.372480151357866,OR,OREGON,0.0662312,255510.9360013566
526,2031,38,1150315.1675550924,8285.112487848774,PA,PENNSYLVANIA,0.0662312,76186753.92537484
527,2031,39,508.5778463084983,16.314117974246493,RI,RHODE ISLAND,0.0662312,33683.72105442741
528,2031,40,29.62726471573021,0.8521241101633165,SC,SOUTH CAROLINA,0.0662312,1962.2492948404708
529,2031,41,3883531.088849669,16836.37843233548,SD,SOUTH DAKOTA,0.0662312,257210924.2518202
530,2031,42,0.0,0.0,TN,TENNESSEE,0.0662312,0.0
531,2031,43,239581.82545927708,1381.6234713108188,TX,TEXAS,0.0662312,15867791.798358474
532,2031,44,0.0,0.0,UT,UTAH,0.0662312,0.0
533,2031,45,2017.312402366981,48.55669154053012,VT,VERMONT,0.0662312,133609.021183648
534,2031,46,80083.07408475556,736.0900274946937,VA,VIRGINIA,0.0662312,5303998.096322263
535,2031,47,79101.86718167749,372.7669950893596,WA,WASHINGTON,0.0662312,5239011.585683119
536,2031,48,27091.081410484865,309.1186984454662,WV,WEST VIRGINIA,0.0662312,1794274.8311141054
537,2031,49,1228441.2700332832,8017.669609959296,WI,WISCONSIN,0.0662312,81361139.44382839
538,2031,50,52451.88462940667,774.102489215811,WY,WYOMING,0.0662312,3473951.261267159
539,2032,0,1107.237216389591,11.590292434914776,AL,ALABAMA,0.0653414,72348.4298509988
540,2032,2,0.0,0.0,AZ,ARIZONA,0.0653414,0.0
541,2032,3,278.727598286422,10.7696975934374,AR,ARKANSAS,0.0653414,18212.45149067241
542,2032,4,5458.95042288076,83.69354203193312,CA,CALIFORNIA,0.0653414,356695.4631616209
543,2032,5,238193.33791355696,2782.778636446768,CO,COLORADO,0.0653414,15563886.16994489
544,2032,6,0.0,0.0,CT,CONNECTICUT,0.0653414,0.0
545,2032,7,972.6051167885868,18.45908548698784,DE,DELAWARE,0.0653414,63551.37997812976
546,2032,8,0.0,0.0,DC,DISTRICT OF COLUMBIA,0.0653414,0.0
547,2032,9,2928.189179017856,21.76517950680542,FL,FLORIDA,0.0653414,191331.98042187732
548,2032,10,15007.658267084793,93.51587173593433,GA,GEORGIA,0.0653414,980621.4018928942
549,2032,12,16990.123968011867,781.7947421794001,ID,IDAHO,0.0653414,1110158.4862434505
550,2032,13,937069.0421578364,12128.985640064348,IL,ILLINOIS,0.0653414,61229403.11125204
551,2032,14,341486.6739507864,7052.940539896226,IN,INDIANA,0.0653414,22313217.357287914
552,2032,15,291755.1956934492,3286.049336729653,IA,IOWA,0.0653414,19063692.94388394
553,2032,16,1229239.6530479488,5434.378889916801,KS,KANSAS,0.0653414,80320239.86566724
554,2032,17,4043.0676774062376,314.0946111120648,KY,KENTUCKY,0.0653414,264179.7023364719
555,2032,18,1994.6709425925817,23.418451400582708,LA,LOUISIANA,0.0653414,130334.59192831891
556,2032,19,307.21225037286086,15.389964038815652,ME,MAINE,0.0653414,20073.67853651325
557,2032,20,8569.867268057176,191.35469467656736,MD,MARYLAND,0.0653414,559967.1251090312
558,2032,21,0.0,0.0,MA,MASSACHUSETTS,0.0653414,0.0
559,2032,22,96196.22463975156,1489.370817229959,MI,MICHIGAN,0.0653414,6285595.992675861
560,2032,23,157571.04036998743,1109.8395871878015,MN,MINNESOTA,0.0653414,10295912.377231495
561,2032,24,411.89978808802346,5.399909747711746,MS,MISSISSIPPI,0.0653414,26914.108813374773
562,2032,25,910209.5128700808,8723.313390939065,MO,MISSOURI,0.0653414,59474363.86424909
563,2032,26,0.0,0.0,MT,MONTANA,0.0653414,0.0
564,2032,27,702690.1342064069,5827.8732317608665,NE,NEBRASKA,0.0653414,45914757.135234505
565,2032,28,0.0,0.0,NV,NEVADA,0.0653414,0.0
566,2032,29,0.0,0.0,NH,NEW HAMPSHIRE,0.0653414,0.0
567,2032,30,590.6002083225261,19.84582783790596,NJ,NEW JERSEY,0.0653414,38590.6444520855
568,2032,31,0.0,0.0,NM,NEW MEXICO,0.0653414,0.0
569,2032,32,8429.441989425706,62.091481436486326,NY,NEW YORK,0.0653414,550791.5408078608
570,2032,33,2068.887763826253,70.61146829530722,NC,NORTH CAROLINA,0.0653414,135184.0229312767
571,2032,34,1095593.3294768708,6840.471164310663,ND,NORTH DAKOTA,0.0653414,71587601.97868
572,2032,35,127902.81123478188,3552.985176128955,OH,OHIO,0.0653414,8357348.750016375
573,2032,36,88524.84312943212,404.6337832085438,OK,OKLAHOMA,0.0653414,5784337.184857476
574,2032,37,5348.942489041058,21.778172672989623,OR,OREGON,0.0653414,349507.3907534274
575,2032,38,2745.98141375176,34.66947689607324,PA,PENNSYLVANIA,0.0653414,179426.26994851924
576,2032,39,0.0,0.0,RI,RHODE ISLAND,0.0653414,0.0
577,2032,40,0.0,0.0,SC,SOUTH CAROLINA,0.0653414,0.0
578,2032,41,2253798.5997026246,15735.365773623693,SD,SOUTH DAKOTA,0.0653414,147266355.82260907
579,2032,42,2457.23103649532,70.10552765584978,TN,TENNESSEE,0.0653414,160558.91604805528
580,2032,43,167724.7801793031,944.4083865010356,TX,TEXAS,0.0653414,10959371.951607915
581,2032,44,0.0,0.0,UT,UTAH,0.0653414,0.0
582,2032,45,0.0,0.0,VT,VERMONT,0.0653414,0.0
583,2032,46,1275.83044670187,38.56274191772414,VA,VIRGINIA,0.0653414,83364.54755012557
584,2032,47,102126.0524397826,394.8303671576523,WA,WASHINGTON,0.0653414,6673059.242888809
585,2032,48,1486.8029592152795,20.150390574180605,WV,WEST VIRGINIA,0.0653414,97149.78687926925
586,2032,49,102854.12997283594,1236.0964679285369,WI,WISCONSIN,0.0653414,6720632.848207062
587,2032,50,43695.4315794122,643.1991256802102,WY,WYOMING,0.0653414,2855120.673003004
588,2033,0,69521.19817802904,412.36551481010434,AL,ALABAMA,0.0644516,4480752.456491056
589,2033,2,0.0,0.0,AZ,ARIZONA,0.0644516,0.0
590,2033,3,16720.72357916137,106.24431911222926,AR,ARKANSAS,0.0644516,1077677.387834677
591,2033,4,2182.758079650393,33.91209753798027,CA,CALIFORNIA,0.0644516,140682.2506463953
592,2033,5,224878.2789083716,2298.9065889253284,CO,COLORADO,0.0644516,14493764.880890802
593,2033,6,11037.741007118131,122.94152356931572,CT,CONNECTICUT,0.0644516,711400.068294375
594,2033,7,22664.586753888623,211.002607061068,DE,DELAWARE,0.0644516,1460768.879626928
595,2033,8,0.0,0.0,DC,DISTRICT OF COLUMBIA,0.0644516,0.0
596,2033,9,2950.5047626200712,12.025198326304151,FL,FLORIDA,0.0644516,190164.75275848378
597,2033,10,114607.15256491078,510.50803123529744,GA,GEORGIA,0.0644516,7386614.354252604
598,2033,12,2464.872223772487,115.3562805578832,ID,IDAHO,0.0644516,158864.9586176948
599,2033,13,296599.8546763036,1169.8279159170334,IL,ILLINOIS,0.0644516,19116335.19365525
600,2033,14,98015.74507572394,1200.3458359146211,IN,INDIANA,0.0644516,6317271.595322529
601,2033,15,0.0,0.0,IA,IOWA,0.0644516,0.0
602,2033,16,443069.0767418543,1556.8202458483463,KS,KANSAS,0.0644516,28556510.906535298
603,2033,17,576362.0548549069,4325.141103323001,KY,KENTUCKY,0.0644516,37147456.61468652
604,2033,18,2784.23325738447,64.6944715427604,LA,LOUISIANA,0.0644516,179448.2882116409
605,2033,19,1128.6654780416627,16.412668763515484,ME,MAINE,0.0644516,72744.29592455002
606,2033,20,9571.010618043503,115.57335409222009,MD,MARYLAND,0.0644516,616866.9479498926
607,2033,21,11235.08006921252,118.6486779532438,MA,MASSACHUSETTS,0.0644516,724118.8865888575
608,2033,22,32246.247205917287,334.8066693882944,MI,MICHIGAN,0.0644516,2078322.2264168987
609,2033,23,9308.256562017696,67.69347827861245,MN,MINNESOTA,0.0644516,599932.0286325397
610,2033,24,12075.768304293551,121.65062921444182,MS,MISSISSIPPI,0.0644516,778302.5884410061
611,2033,25,86984.22287952245,433.0292043045062,MO,MISSOURI,0.0644516,5606272.3393418295
612,2033,26,0.0,0.0,MT,MONTANA,0.0644516,0.0
613,2033,27,154289.57901830832,888.3016733349328,NE,NEBRASKA,0.0644516,9944210.2310564
614,2033,28,0.0,0.0,NV,NEVADA,0.0644516,0.0
615,2033,29,1049.6061873603612,17.639920159676365,NH,NEW HAMPSHIRE,0.0644516,67648.79814527505
616,2033,30,25712.21879951504,334.8202311245973,NJ,NEW JERSEY,0.0644516,1657193.6411788235
617,2033,31,0.0,0.0,NM,NEW MEXICO,0.0644516,0.0
618,2033,32,91828.57418717782,1253.1889462112135,NY,NEW YORK,0.0644516,5918498.53208231
619,2033,33,208355.3900074092,1706.5895450842747,NC,NORTH CAROLINA,0.0644516,13428838.254601534
620,2033,34,153541.4376094936,760.9444717112094,ND,NORTH DAKOTA,0.0644516,9895991.320232036
621,2033,35,79423.41165595163,1580.2890332540223,OH,OHIO,0.0644516,5118965.958684731
622,2033,36,85255.05651806729,307.685520183051,OK,OKLAHOMA,0.0644516,5494824.800679865
623,2033,37,3625.264547682301,8.186808999429717,OR,OREGON,0.0644516,233654.10052140057
624,2033,38,48631.4033805519,706.2347288182727,PA,PENNSYLVANIA,0.0644516,3134371.7581219785
625,2033,39,156.18427748791754,6.560721923637937,RI,RHODE ISLAND,0.0644516,10066.326578940267
626,2033,40,30999.96466673844,205.18305817496184,SC,SOUTH CAROLINA,0.0644516,1997997.322714759
627,2033,41,30330.298268108265,679.6679179721012,SD,SOUTH DAKOTA,0.0644516,1954836.2518568065
628,2033,42,347329.459588616,1957.705106827165,TN,TENNESSEE,0.0644516,22385939.39762164
629,2033,43,233669.59346878552,1311.8596365497935,TX,TEXAS,0.0644516,15060379.170412777
630,2033,44,0.0,0.0,UT,UTAH,0.0644516,0.0
631,2033,45,3384.630348599586,56.297788982230415,VT,VERMONT,0.0644516,218144.84137580104
632,2033,46,17804.140798411572,167.21815530278965,VA,VIRGINIA,0.0644516,1147505.361082903
633,2033,47,70254.79164844609,314.0739922109507,WA,WASHINGTON,0.0644516,4528033.729408988
634,2033,48,115.73425880947134,1.3016618033264664,WV,WEST VIRGINIA,0.0644516,7459.2581550845225
635,2033,49,7806.555814093316,74.87057250123017,WI,WISCONSIN,0.0644516,503145.0127076167
636,2033,50,18636.87018174451,402.71708891001214,WY,WYOMING,0.0644516,1201176.1022057245
637,2034,0,950.8331104913824,53.309378273721904,AL,ALABAMA,0.0635618,60436.66400243116
638,2034,2,0.0,0.0,AZ,ARIZONA,0.0635618,0.0
639,2034,3,18194.204718117275,129.24900565923718,AR,ARKANSAS,0.0635618,1156456.4014520266
640,2034,4,12479.111633527824,190.75310095143053,CA,CALIFORNIA,0.0635618,793194.797827969
641,2034,5,531302.341987699,4774.4802471735775,CO,COLORADO,0.0635618,33770533.20095373
642,2034,6,714.4774325772261,30.161853797419223,CT,CONNECTICUT,0.0635618,45413.47167398713
643,2034,7,4388.073213239543,110.7667499843788,DE,DELAWARE,0.0635618,278913.8319652892
644,2034,8,0.0,0.0,DC,DISTRICT OF COLUMBIA,0.0635618,0.0
645,2034,9,0.0,0.0,FL,FLORIDA,0.0635618,0.0
646,2034,10,75.62306261638291,3.1600637350888143,GA,GEORGIA,0.0635618,4806.737981410008
647,2034,12,15849.331910490211,733.8209343436685,ID,IDAHO,0.0635618,1007412.0650281968
648,2034,13,316040.5163247193,3227.624169947488,IL,ILLINOIS,0.0635618,20088104.090528544
649,2034,14,176021.71718517135,1810.130525923332,IN,INDIANA,0.0635618,11188257.183380423
650,2034,15,475907.5572280093,3895.5625424207874,IA,IOWA,0.0635618,30249540.971015282
651,2034,16,2662798.185173841,9854.66759113475,KS,KANSAS,0.0635618,169252245.68638265
652,2034,17,0.0,0.0,KY,KENTUCKY,0.0635618,0.0
653,2034,18,3983.088239466387,102.52170950015451,LA,LOUISIANA,0.0635618,253172.25805931463
654,2034,19,0.0,0.0,ME,MAINE,0.0635618,0.0
655,2034,20,3383.276165316316,66.02011079301326,MD,MARYLAND,0.0635618,215047.12296460263
656,2034,21,23.86417652178212,1.7511305040614875,MA,MASSACHUSETTS,0.0635618,1516.8500152422107
657,2034,22,24000.559587342665,304.28387976426285,MI,MICHIGAN,0.0635618,1525518.768378757
658,2034,23,153992.53685784884,1236.285515978008,MN,MINNESOTA,0.0635618,9788042.829251217
659,2034,24,0.0,0.0,MS,MISSISSIPPI,0.0635618,0.0
660,2034,25,794037.6528374859,6008.575839944079,MO,MISSOURI,0.0635618,50470462.482125714
661,2034,26,0.0,0.0,MT,MONTANA,0.0635618,0.0
662,2034,27,3810250.8413232034,20867.42710246749,NE,NEBRASKA,0.0635618,242186401.9260172
663,2034,28,0.0,0.0,NV,NEVADA,0.0635618,0.0
664,2034,29,0.0,0.0,NH,NEW HAMPSHIRE,0.0635618,0.0
665,2034,30,1328.92863306717,130.55754895478728,NJ,NEW JERSEY,0.0635618,84469.09598928885
666,2034,31,0.0,0.0,NM,NEW MEXICO,0.0635618,0.0
667,2034,32,2001.4865568831424,84.2131487318505,NY,NEW YORK,0.0635618,127218.08823129493
668,2034,33,12653.3563147747,312.14440284532213,NC,NORTH CAROLINA,0.0635618,804270.1034084467
669,2034,34,1118081.391190502,6114.282082976296,ND,NORTH DAKOTA,0.0635618,71067265.77057247
670,2034,35,12258.550461022793,310.8849870768092,OH,OHIO,0.0635618,779175.5326934386
671,2034,36,124477.37952063743,419.8233578117873,OK,OKLAHOMA,0.0635618,7912006.301614853
672,2034,37,3829.3083101840703,8.187565217825409,OR,OREGON,0.0635618,243397.72895025785
673,2034,38,9053.5847341532,253.83785385590045,PA,PENNSYLVANIA,0.0635618,575462.1421552988
674,2034,39,0.0,0.0,RI,RHODE ISLAND,0.0635618,0.0
675,2034,40,12812.397992946837,155.1811809907931,SC,SOUTH CAROLINA,0.0635618,814379.0787480883
676,2034,41,3780398.240208617,24176.199682103743,SD,SOUTH DAKOTA,0.0635618,240288916.86449206
677,2034,42,0.0,0.0,TN,TENNESSEE,0.0635618,0.0
678,2034,43,515089.8647747963,2975.8924626651096,TX,TEXAS,0.0635618,32740038.966842648
679,2034,44,0.0,0.0,UT,UTAH,0.0635618,0.0
680,2034,45,0.0,0.0,VT,VERMONT,0.0635618,0.0
681,2034,46,6323.136086552822,68.02505760864246,VA,VIRGINIA,0.0635618,401909.91130625317
682,2034,47,90922.48898967326,375.37345882412336,WA,WASHINGTON,0.0635618,5779197.060663814
683,2034,48,505.9846811647585,4.632163793630832,WV,WEST VIRGINIA,0.0635618,32161.29710725815
684,2034,49,227851.2999152346,2257.86722822657,WI,WISCONSIN,0.0635618,14482638.754952159
685,2034,50,66082.51293534166,1086.6942795112966,WY,WYOMING,0.0635618,4200323.470693599
686,2035,0,9379.614374106284,78.75172062408734,AL,ALABAMA,0.062672,587839.192053989
687,2035,2,0.0,0.0,AZ,ARIZONA,0.062672,0.0
688,2035,3,1955.454302437428,29.24498578379509,AR,ARKANSAS,0.062672,122552.23204235849
689,2035,4,6511.519683190222,97.6846094923071,CA,CALIFORNIA,0.062672,408089.9615848976
690,2035,5,112799.4146740948,1372.1827568264025,CO,COLORADO,0.062672,7069364.91645487
691,2035,6,546.3911013290017,16.765421380117328,CT,CONNECTICUT,0.062672,34243.4231024912
692,2035,7,4188.377440840967,84.23026156632817,DE,DELAWARE,0.062672,262493.9909723851
693,2035,8,0.0,0.0,DC,DISTRICT OF COLUMBIA,0.062672,0.0
694,2035,9,0.0,0.0,FL,FLORIDA,0.062672,0.0
695,2035,10,2497.4386144609684,31.51017670661252,GA,GEORGIA,0.062672,156519.47284549783
696,2035,12,2798.5902677887443,129.74321529460053,ID,IDAHO,0.062672,175393.2492628562
697,2035,13,127355.34131404768,698.3227916017752,IL,ILLINOIS,0.062672,7981613.950833997
698,2035,14,23578.67733503484,585.4554279050778,IN,INDIANA,0.062672,1477722.8659413035
699,2035,15,19926.412161257125,110.67172119115784,IA,IOWA,0.062672,1248828.1029703068
700,2035,16,155262.44050232234,796.8386414350259,KS,KANSAS,0.062672,9730607.671161547
701,2035,17,56621.28881395911,708.9290390622435,KY,KENTUCKY,0.062672,3548569.4125484456
702,2035,18,54737.15016666959,419.4072008419949,LA,LOUISIANA,0.062672,3430486.675245517
703,2035,19,818.7170491300055,13.180431905881168,ME,MAINE,0.062672,51310.63490307571
704,2035,20,28547.363581419544,557.5910124565451,MD,MARYLAND,0.062672,1789120.3703747257
705,2035,21,1810.2785262247903,51.90031136687069,MA,MASSACHUSETTS,0.062672,113453.77579556007
706,2035,22,39519.76342793394,513.7419573801827,MI,MICHIGAN,0.062672,2476782.613555476
707,2035,23,108018.5718521698,578.9315144386933,MN,MINNESOTA,0.062672,6769739.9351191865
708,2035,24,0.0,0.0,MS,MISSISSIPPI,0.062672,0.0
709,2035,25,83255.983806584,559.3691852709418,MO,MISSOURI,0.062672,5217819.017126233
710,2035,26,0.0,0.0,MT,MONTANA,0.062672,0.0
711,2035,27,236318.21022899688,2187.224294168469,NE,NEBRASKA,0.062672,14810534.871471694
712,2035,28,0.0,0.0,NV,NEVADA,0.062672,0.0
713,2035,29,210.4260317065158,5.411440503105316,NH,NEW HAMPSHIRE,0.062672,13187.820259110758
714,2035,30,3029.6907944402647,73.25773087986023,NJ,NEW JERSEY,0.062672,189876.78146916028
715,2035,31,0.0,0.0,NM,NEW MEXICO,0.062672,0.0
716,2035,32,43781.1565179668,895.0015988125386,NY,NEW YORK,0.062672,2743852.641294016
717,2035,33,8275.046814153538,467.7371402094948,NC,NORTH CAROLINA,0.062672,518613.7339366306
718,2035,34,306530.7864294808,2055.872866426296,ND,NORTH DAKOTA,0.062672,19210897.447108425
719,2035,35,14850.671415397386,226.90323188968893,OH,OHIO,0.062672,930721.2789457851
720,2035,36,90831.90586464846,319.4487412463476,OK,OKLAHOMA,0.062672,5692617.204349249
721,2035,37,3418.0428332938254,8.18750403238998,OR,OREGON,0.062672,214215.58044819065
722,2035,38,39830.58606749831,809.5568177901043,PA,PENNSYLVANIA,0.062672,2496262.490022254
723,2035,39,81.74145326077189,5.323232708782157,RI,RHODE ISLAND,0.062672,5122.900358759096
724,2035,40,0.0,0.0,SC,SOUTH CAROLINA,0.062672,0.0
725,2035,41,1236642.912897373,8095.952783837361,SD,SOUTH DAKOTA,0.062672,77502884.63710418
726,2035,42,96411.88236201947,878.4213396733551,TN,TENNESSEE,0.062672,6042325.491392486
727,2035,43,350479.5044094181,1768.6684336927822,TX,TEXAS,0.062672,21965251.50034705
728,2035,44,0.0,0.0,UT,UTAH,0.062672,0.0
729,2035,45,159.8217355002,6.941118979646228,VT,VERMONT,0.062672,10016.347807268534
730,2035,46,16094.496409757754,286.76514447048135,VA,VIRGINIA,0.062672,1008674.278992338
731,2035,47,64929.58014358441,341.7510669273771,WA,WASHINGTON,0.062672,4069266.646758722
732,2035,48,2247.4245371410084,45.32573967867658,WV,WEST VIRGINIA,0.062672,140850.59059170127
733,2035,49,95507.75684092772,1441.638480821424,WI,WISCONSIN,0.062672,5985662.1367346225
734,2035,50,29237.005432160106,645.5220322913964,WY,WYOMING,0.062672,1832341.6044443382
735,2036,0,32314.363643134857,276.6591159895622,AL,ALABAMA,0.0641018,2071408.875379502
736,2036,2,0.0,0.0,AZ,ARIZONA,0.0641018,0.0
737,2036,3,283307.8773905896,1077.3777648640216,AR,ARKANSAS,0.0641018,18160544.894916095
738,2036,4,10421.470762549538,158.26300663627188,CA,CALIFORNIA,0.0641018,668035.034526798
739,2036,5,443652.201008851,4241.003427351016,CO,COLORADO,0.0641018,28438904.658629164
740,2036,6,310.9877072978168,4.802138608528971,CT,CONNECTICUT,0.0641018,19934.871815663195
741,2036,7,0.0,0.0,DE,DELAWARE,0.0641018,0.0
742,2036,8,0.0,0.0,DC,DISTRICT OF COLUMBIA,0.0641018,0.0
743,2036,9,65.81406950010859,0.4309099823562826,FL,FLORIDA,0.0641018,4218.80032028206
744,2036,10,3277.3328037867773,19.98296228299589,GA,GEORGIA,0.0641018,210082.93192177924
745,2036,12,3902.9613328063374,187.8113453623179,ID,IDAHO,0.0641018,250186.84676328528
746,2036,13,4371613.264402197,21310.48452733489,IL,ILLINOIS,0.0641018,280228279.15205675
747,2036,14,443576.63501261256,2849.8337738323785,IN,INDIANA,0.0641018,28434060.74225149
748,2036,15,3534654.070270667,16509.07099004657,IA,IOWA,0.0641018,226577688.28167626
749,2036,16,2265463.183368216,8704.368219657657,KS,KANSAS,0.0641018,145220267.8876327
750,2036,17,359742.8865900248,2202.996967736165,KY,KENTUCKY,0.0641018,23060166.567616455
751,2036,18,574661.1893023062,2662.285051980209,LA,LOUISIANA,0.0641018,36836816.62441857
752,2036,19,0.0,0.0,ME,MAINE,0.0641018,0.0
753,2036,20,0.0,0.0,MD,MARYLAND,0.0641018,0.0
754,2036,21,0.0,0.0,MA,MASSACHUSETTS,0.0641018,0.0
755,2036,22,62947.50330489068,520.7032557839659,MI,MICHIGAN,0.0641018,4035048.267349441
756,2036,23,2567130.8168034856,15658.998639024378,MN,MINNESOTA,0.0641018,164557706.19257367
757,2036,24,289579.64315097313,1673.515907925102,MS,MISSISSIPPI,0.0641018,18562576.36933505
758,2036,25,3555061.48027207,14426.659838137592,MO,MISSOURI,0.0641018,227885839.99610418
759,2036,26,0.0,0.0,MT,MONTANA,0.0641018,0.0
760,2036,27,3197923.396633058,17397.98485248512,NE,NEBRASKA,0.0641018,204992645.98629296
761,2036,28,0.0,0.0,NV,NEVADA,0.0641018,0.0
762,2036,29,0.0,0.0,NH,NEW HAMPSHIRE,0.0641018,0.0
763,2036,30,0.0,0.0,NJ,NEW JERSEY,0.0641018,0.0
764,2036,31,0.0,0.0,NM,NEW MEXICO,0.0641018,0.0
765,2036,32,0.0,0.0,NY,NEW YORK,0.0641018,0.0
766,2036,33,166620.73999648096,1107.7358051991296,NC,NORTH CAROLINA,0.0641018,10680689.351106424
767,2036,34,1764491.0057331384,8413.307369325303,ND,NORTH DAKOTA,0.0641018,113107049.55130449
768,2036,35,19972.39034399879,164.184860605211,OH,OHIO,0.0641018,1280266.1713529415
769,2036,36,230768.66461103444,933.822095645142,OK,OKLAHOMA,0.0641018,14792686.78516361
770,2036,37,3480.556753095664,8.187082183741564,OR,OREGON,0.0641018,223109.95287558765
771,2036,38,0.0,0.0,PA,PENNSYLVANIA,0.0641018,0.0
772,2036,39,0.0,0.0,RI,RHODE ISLAND,0.0641018,0.0
773,2036,40,34169.05486861426,186.23096381363368,SC,SOUTH CAROLINA,0.0641018,2190297.9213769375
774,2036,41,8281782.776339109,29642.39044296611,SD,SOUTH DAKOTA,0.0641018,530877183.1723343
775,2036,42,258416.1955113003,1611.64257906658,TN,TENNESSEE,0.0641018,16564943.28142627
776,2036,43,1573574.8322130037,8324.361909754378,TX,TEXAS,0.0641018,100868979.17955151
777,2036,44,0.0,0.0,UT,UTAH,0.0641018,0.0
778,2036,45,0.0,0.0,VT,VERMONT,0.0641018,0.0
779,2036,46,0.0,0.0,VA,VIRGINIA,0.0641018,0.0
780,2036,47,76714.81771411392,360.1242486668028,WA,WASHINGTON,0.0641018,4917557.902146588
781,2036,48,0.0,0.0,WV,WEST VIRGINIA,0.0641018,0.0
782,2036,49,819356.345229412,6487.154486333564,WI,WISCONSIN,0.0641018,52522216.57062672
783,2036,50,69531.22519485673,1006.075788788516,WY,WYOMING,0.0641018,4457076.691195668
784,2037,0,1392.5171115708076,5.498190441303643,AL,ALABAMA,0.0655316,91253.87434861354
785,2037,2,0.0,0.0,AZ,ARIZONA,0.0655316,0.0
786,2037,3,29359.631175336268,200.5820963432405,AR,ARKANSAS,0.0655316,1923983.606329666
787,2037,4,19729.39897754145,305.91823517303953,CA,CALIFORNIA,0.0655316,1292899.082036655
788,2037,5,209184.34421276645,2975.0903204170218,CO,COLORADO,0.0655316,13708184.771213325
789,2037,6,961.8573815870706,26.468610588670195,CT,CONNECTICUT,0.0655316,63032.05318721127
790,2037,7,45373.420918477015,515.5260085568844,DE,DELAWARE,0.0655316,2973392.870261268
791,2037,8,0.0,0.0,DC,DISTRICT OF COLUMBIA,0.0655316,0.0
792,2037,9,0.0,0.0,FL,FLORIDA,0.0655316,0.0
793,2037,10,0.0,0.0,GA,GEORGIA,0.0655316,0.0
794,2037,12,5478.069132068499,261.3285796411528,ID,IDAHO,0.0655316,358986.63513506
795,2037,13,4012229.2839071983,21329.83374009412,IL,ILLINOIS,0.0655316,262927804.54129294
796,2037,14,58722.663404833525,833.4629181095981,IN,INDIANA,0.0655316,3848190.0891801883
797,2037,15,3132130.3456998947,17668.00700568837,IA,IOWA,0.0655316,205253512.96226722
798,2037,16,2262015.1649450483,9698.515192616813,KS,KANSAS,0.0655316,148233472.98311293
799,2037,17,65.95523185005698,3.3303612464944243,KY,KENTUCKY,0.0655316,4322.151871505193
800,2037,18,115266.18217917506,924.9722640608264,LA,LOUISIANA,0.0655316,7553577.344092827
801,2037,19,50.49436661016944,0.7161603791903659,ME,MAINE,0.0655316,3308.9766349509796
802,2037,20,59637.67473218745,700.8601297290747,MD,MARYLAND,0.0655316,3908152.2454798147
803,2037,21,2538.400922030677,35.14794630798326,MA,MASSACHUSETTS,0.0655316,166345.4738621455
804,2037,22,104127.51316630252,689.7389894782243,MI,MICHIGAN,0.0655316,6823642.54180887
805,2037,23,447772.15540396026,4033.986706463192,MN,MINNESOTA,0.0655316,29343225.77907016
806,2037,24,0.0,0.0,MS,MISSISSIPPI,0.0655316,0.0
807,2037,25,1642465.8496754412,11765.330507072578,MO,MISSOURI,0.0655316,107633415.07459114
808,2037,26,0.0,0.0,MT,MONTANA,0.0655316,0.0
809,2037,27,2488760.994643669,17024.627271223246,NE,NEBRASKA,0.0655316,163092489.99659106
810,2037,28,0.0,0.0,NV,NEVADA,0.0655316,0.0
811,2037,29,18.911947474671933,3.4405105776257354,NH,NEW HAMPSHIRE,0.0655316,1239.3301771312113
812,2037,30,4906.4311458733455,81.0417229503123,NJ,NEW JERSEY,0.0655316,321526.2832789137
813,2037,31,0.0,0.0,NM,NEW MEXICO,0.0655316,0.0
814,2037,32,18752.972585691907,202.86131383084825,NY,NEW YORK,0.0655316,1228912.2982965277
815,2037,33,5680.359064434728,162.4835463959351,NC,NORTH CAROLINA,0.0655316,372243.0180669108
816,2037,34,1006967.6460112396,4996.59772614628,ND,NORTH DAKOTA,0.0655316,65988200.991350144
817,2037,35,28788.70086711712,435.9727252928916,OH,OHIO,0.0655316,1886569.6297435723
818,2037,36,106184.39768775908,354.95567837520423,OK,OKLAHOMA,0.0655316,6958433.475515152
819,2037,37,3556.2464611606383,8.186929970706528,OR,OREGON,0.0655316,233046.52059419447
820,2037,38,41520.175709422976,408.3136556176185,PA,PENNSYLVANIA,0.0655316,2720883.5465196227
821,2037,39,13.312987507492984,0.3593018226601572,RI,RHODE ISLAND,0.0655316,872.4213721460271
822,2037,40,0.0,0.0,SC,SOUTH CAROLINA,0.0655316,0.0
823,2037,41,1885874.1022977384,10622.153925644814,SD,SOUTH DAKOTA,0.0655316,123584347.32213446
824,2037,42,287.54338225412846,5.644261730402089,TN,TENNESSEE,0.0655316,18843.17790852464
825,2037,43,204821.70209730297,1161.0748978483166,TX,TEXAS,0.0655316,13422293.85315962
826,2037,44,0.0,0.0,UT,UTAH,0.0655316,0.0
827,2037,45,648.7404984219068,34.07101788768961,VT,VERMONT,0.0655316,42513.00284638502
828,2037,46,925.2978513441568,21.91937025524449,VA,VIRGINIA,0.0655316,60636.24867514474
829,2037,47,56252.90424696863,337.84019969003793,WA,WASHINGTON,0.0655316,3686342.8199506495
830,2037,48,196.89962818311628,1.807291476217484,WV,WEST VIRGINIA,0.0655316,12903.147674244701
831,2037,49,464285.5244136158,4454.329964359221,WI,WISCONSIN,0.0655316,30425373.271663304
832,2037,50,6518.887269430723,293.4171817540106,WY,WYOMING,0.0655316,427193.1129854263
833,2038,0,19926.145710756187,108.0302870672333,AL,ALABAMA,0.0669614,1334282.6133962295
834,2038,2,0.0,0.0,AZ,ARIZONA,0.0669614,0.0
835,2038,3,267790.15408611123,962.5052709231876,AR,ARKANSAS,0.0669614,17931603.623821728
836,2038,4,9757.272778292416,146.37679488522076,CA,CALIFORNIA,0.0669614,653360.6454163498
837,2038,5,366461.3253289577,3885.2305086949086,CO,COLORADO,0.0669614,24538763.389882468
838,2038,6,89.58826110623413,6.942405782184698,CT,CONNECTICUT,0.0669614,5998.955387238986
839,2038,7,0.0,0.0,DE,DELAWARE,0.0669614,0.0
840,2038,8,0.0,0.0,DC,DISTRICT OF COLUMBIA,0.0669614,0.0
841,2038,9,2433.826586730745,10.612774143999586,FL,FLORIDA,0.0669614,162972.43560471214
842,2038,10,32331.51085478652,109.95928759394288,GA,GEORGIA,0.0669614,2164963.230951702
843,2038,12,5406.734477224341,252.9929110114751,ID,IDAHO,0.0669614,362042.51002321
844,2038,13,1943803.591932412,17440.35504561152,IL,ILLINOIS,0.0669614,130159809.84082301
845,2038,14,78659.58795257969,1136.059779836878,IN,INDIANA,0.0669614,5267156.13272787
846,2038,15,529265.1638516344,3764.030591862863,IA,IOWA,0.0669614,35440336.342734836
847,2038,16,1899188.8908043809,7269.096885699625,KS,KANSAS,0.0669614,127172346.99270847
848,2038,17,18570.761079219752,148.14766349636017,KY,KENTUCKY,0.0669614,1243524.1609300654
849,2038,18,567825.7178851306,2350.856892919712,LA,LOUISIANA,0.0669614,38022405.025593385
850,2038,19,37.16842084601494,1.3733685137729077,ME,MAINE,0.0669614,2488.8494956383447
851,2038,20,0.0,0.0,MD,MARYLAND,0.0669614,0.0
852,2038,21,1135.609819557777,29.30915085331165,MA,MASSACHUSETTS,0.0669614,76042.02337133612
853,2038,22,114406.94442126912,1237.21954477462,MI,MICHIGAN,0.0669614,7660849.16817037
854,2038,23,1803555.396299308,16791.198993819795,MN,MINNESOTA,0.0669614,120768594.31375648
855,2038,24,253729.3818094483,1122.8607044668224,MS,MISSISSIPPI,0.0669614,16990074.627095193
856,2038,25,404903.6127409361,3545.24710756084,MO,MISSOURI,0.0669614,27112912.77419092
857,2038,26,0.0,0.0,MT,MONTANA,0.0669614,0.0
858,2038,27,1079743.5384683774,8684.538713759724,NE,NEBRASKA,0.0669614,72301138.9767964
859,2038,28,0.0,0.0,NV,NEVADA,0.0669614,0.0
860,2038,29,0.0,0.0,NH,NEW HAMPSHIRE,0.0669614,0.0
861,2038,30,0.0,0.0,NJ,NEW JERSEY,0.0669614,0.0
862,2038,31,0.0,0.0,NM,NEW MEXICO,0.0669614,0.0
863,2038,32,21103.48514399858,315.9535590886259,NY,NEW YORK,0.0669614,1413118.9101213466
864,2038,33,6926.208263922621,86.47049913030321,NC,NORTH CAROLINA,0.0669614,463788.60204382817
865,2038,34,1471875.197392158,9195.407862742712,ND,NORTH DAKOTA,0.0669614,98558823.84265526
866,2038,35,22333.11438940636,338.5276468649548,OH,OHIO,0.0669614,1495456.6058747952
867,2038,36,222076.7145801368,939.1417993185678,OK,OKLAHOMA,0.0669614,14870567.715686372
868,2038,37,3421.6211152835867,8.186958413901305,OR,OREGON,0.0669614,229116.54014895036
869,2038,38,4912.648944933084,69.32899137621654,PA,PENNSYLVANIA,0.0669614,328957.8510612422
870,2038,39,0.0,0.0,RI,RHODE ISLAND,0.0669614,0.0
871,2038,40,15723.374948986002,50.0967741044344,SC,SOUTH CAROLINA,0.0669614,1052859.1993090312
872,2038,41,4777039.004563765,25004.36645617774,SD,SOUTH DAKOTA,0.0669614,319877219.60019606
873,2038,42,188186.81238808995,801.8817039189621,TN,TENNESSEE,0.0669614,12601252.419043848
874,2038,43,1421298.1726615785,7321.033878716298,TX,TEXAS,0.0669614,95172115.45886102
875,2038,44,0.0,0.0,UT,UTAH,0.0669614,0.0
876,2038,45,110.52227709129669,12.483376453084963,VT,VERMONT,0.0669614,7400.726405221154
877,2038,46,845.7839332424061,21.53359517098034,VA,VIRGINIA,0.0669614,56634.876267418054
878,2038,47,67821.51663681249,397.0383160481317,WA,WASHINGTON,0.0669614,4541423.704124256
879,2038,48,1963.5263293683136,25.24796733972025,WV,WEST VIRGINIA,0.0669614,131480.4719513634
880,2038,49,917983.3789407972,8275.473672276199,WI,WISCONSIN,0.0669614,61469452.2306063
881,2038,50,71648.23461997102,1036.2355523520414,WY,WYOMING,0.0669614,4797666.097681728
882,2039,0,19352.316302596544,288.7940697679504,AL,ALABAMA,0.0683912,1323528.1347141408
883,2039,2,0.0,0.0,AZ,ARIZONA,0.0683912,0.0
884,2039,3,1942.02940202461,26.0112283415888,AR,ARKANSAS,0.0683912,132817.7212397455
885,2039,4,17618.297329316425,274.31422540976314,CA,CALIFORNIA,0.0683912,1204936.4963087456
886,2039,5,234052.9335339192,3053.4469114341955,CO,COLORADO,0.0683912,16007160.987904973
887,2039,6,11416.245224086852,91.88995360559082,CT,CONNECTICUT,0.0683912,780770.7103695687
888,2039,7,2507.6304697274086,28.80810219749484,DE,DELAWARE,0.0683912,171499.85698122115
889,2039,8,0.0,0.0,DC,DISTRICT OF COLUMBIA,0.0683912,0.0
890,2039,9,2772.244683468516,20.778080325541843,FL,FLORIDA,0.0683912,189597.14059603197
891,2039,10,24213.69044929936,211.92990004002627,GA,GEORGIA,0.0683912,1656003.3462561225
892,2039,12,9133.79748846124,441.28536671513,ID,IDAHO,0.0683912,624671.3707928503
893,2039,13,2443942.2021072875,19431.94604050949,IL,ILLINOIS,0.0683912,167144139.9327599
894,2039,14,306675.11455843947,4313.885785622015,IN,INDIANA,0.0683912,20973879.094789147
895,2039,15,325754.8724972495,2527.1404033885315,IA,IOWA,0.0683912,22278766.635933887
896,2039,16,1146765.9627659172,5034.981560721843,KS,KANSAS,0.0683912,78428700.31271641
897,2039,17,302334.14832904923,4028.746568682589,KY,KENTUCKY,0.0683912,20676995.20520167
898,2039,18,122147.96074623652,1695.083154026203,LA,LOUISIANA,0.0683912,8353845.612988011
899,2039,19,153.2052349195719,14.596040407643038,ME,MAINE,0.0683912,10477.889862431426
900,2039,20,262677.2838934597,1188.7326116216468,MD,MARYLAND,0.0683912,17964814.658214383
901,2039,21,7908.444151843354,97.69251822177932,MA,MASSACHUSETTS,0.0683912,540867.9856775491
902,2039,22,276773.88541366183,2627.383338174232,MI,MICHIGAN,0.0683912,18928898.152102828
903,2039,23,857623.9899099814,6786.105091125727,MN,MINNESOTA,0.0683912,58653933.81873152
904,2039,24,164221.22232581975,1156.286848043624,MS,MISSISSIPPI,0.0683912,11231286.460329603
905,2039,25,123696.70258028588,1096.135248371446,MO,MISSOURI,0.0683912,8459765.925508847
906,2039,26,0.0,0.0,MT,MONTANA,0.0683912,0.0
907,2039,27,736655.0116418017,4368.151993764423,NE,NEBRASKA,0.0683912,50380720.232196786
908,2039,28,0.0,0.0,NV,NEVADA,0.0683912,0.0
909,2039,29,245.48182516884503,8.56424178985618,NH,NEW HAMPSHIRE,0.0683912,16788.796601487516
910,2039,30,54008.74763453365,486.640636524002,NJ,NEW JERSEY,0.0683912,3693723.0612229174
911,2039,31,0.0,0.0,NM,NEW MEXICO,0.0683912,0.0
912,2039,32,98807.7655698203,1394.382255692016,NY,NEW YORK,0.0683912,6757581.656638694
913,2039,33,80077.83580104786,1323.6647370920598,NC,NORTH CAROLINA,0.0683912,5476619.283836625
914,2039,34,523193.5563798146,4292.416095181321,ND,NORTH DAKOTA,0.0683912,35781835.153083175
915,2039,35,441666.9228018135,3794.991812327491,OH,OHIO,0.0683912,30206130.85072339
916,2039,36,99392.42671637994,376.87078245275495,OK,OKLAHOMA,0.0683912,6797567.3340452835
917,2039,37,3590.5375306291417,8.18719627629056,OR,OREGON,0.0683912,245561.17036476376
918,2039,38,468501.19669511216,4022.8035643078383,PA,PENNSYLVANIA,0.0683912,32041359.043414757
919,2039,39,27.09158372284002,1.7601989258403905,RI,RHODE ISLAND,0.0683912,1852.8259207054964
920,2039,40,0.0,0.0,SC,SOUTH CAROLINA,0.0683912,0.0
921,2039,41,2862994.577230377,16051.56676157688,SD,SOUTH DAKOTA,0.0683912,195803634.73027816
922,2039,42,51384.49385160799,1191.4153191723694,TN,TENNESSEE,0.0683912,3514247.1959040924
923,2039,43,215576.3677331409,1272.839735051296,TX,TEXAS,0.0683912,14743526.480910787
924,2039,44,0.0,0.0,UT,UTAH,0.0683912,0.0
925,2039,45,672.332349039398,23.777464488641613,VT,VERMONT,0.0683912,45981.616149623274
926,2039,46,98328.89470628208,943.6221705121716,VA,VIRGINIA,0.0683912,6724831.103636279
927,2039,47,107945.46518628416,589.9306616230439,WA,WASHINGTON,0.0683912,7382519.898648197
928,2039,48,34751.970355556114,511.98229029226286,WV,WEST VIRGINIA,0.0683912,2376728.9549809094
929,2039,49,65130.374118066975,1150.6462785736812,WI,WISCONSIN,0.0683912,4454344.442383542
930,2039,50,63142.66227928468,940.2675874031956,WY,WYOMING,0.0683912,4318402.444475015
931,2040,0,252322.0331995205,1461.818253972673,AL,ALABAMA,0.069821,17617376.68002372
932,2040,2,0.0,0.0,AZ,ARIZONA,0.069821,0.0
933,2040,3,71074.41172034478,434.74810580126666,AR,ARKANSAS,0.069821,4962486.500726192
934,2040,4,9500.976853008486,143.560527519417,CA,CALIFORNIA,0.069821,663367.7048539055
935,2040,5,491748.5956477985,4662.32752968354,CO,COLORADO,0.069821,34334378.69672494
936,2040,6,7.849845612561037,0.7400413013188248,CT,CONNECTICUT,0.069821,548.084070514624
937,2040,7,0.0,0.0,DE,DELAWARE,0.069821,0.0
938,2040,8,0.0,0.0,DC,DISTRICT OF COLUMBIA,0.069821,0.0
939,2040,9,10641.042637104254,56.1108679910792,FL,FLORIDA,0.069821,742968.2379652561
940,2040,10,151188.12250798647,792.7923446056734,GA,GEORGIA,0.069821,10556105.901630122
941,2040,12,19322.515770726703,921.6854364804132,ID,IDAHO,0.069821,1349117.373627909
942,2040,13,11007957.337194836,43400.18688144606,IL,ILLINOIS,0.069821,768586589.2402805
943,2040,14,861994.8606645376,7258.906418728285,IN,INDIANA,0.069821,60185343.16645868
944,2040,15,18996064.36402127,54058.420915163006,IA,IOWA,0.069821,1326324209.960329
945,2040,16,2741870.205099062,9945.603098626254,KS,KANSAS,0.069821,191440119.59022158
946,2040,17,445186.4323366314,4333.208624038883,KY,KENTUCKY,0.069821,31083361.89217594
947,2040,18,794531.6052751206,3376.678342993661,LA,LOUISIANA,0.069821,55474991.21191419
948,2040,19,489.2541806883981,10.003484115199075,ME,MAINE,0.069821,34160.21614984464
949,2040,20,8012.161817906028,84.4846054229573,MD,MARYLAND,0.069821,559417.1502880168
950,2040,21,0.0,0.0,MA,MASSACHUSETTS,0.069821,0.0
951,2040,22,492673.6225469357,3798.975169355365,MI,MICHIGAN,0.069821,34398964.999849595
952,2040,23,6665505.274887101,31868.10673184492,MN,MINNESOTA,0.069821,465392243.7978923
953,2040,24,650487.7074400818,2915.861198661552,MS,MISSISSIPPI,0.069821,45417702.22117394
954,2040,25,2920434.1307514333,16214.087629666989,MO,MISSOURI,0.069821,203907631.44319582
955,2040,26,0.0,0.0,MT,MONTANA,0.069821,0.0
956,2040,27,7082269.078906897,25269.965136776715,NE,NEBRASKA,0.069821,494491109.35835844
957,2040,28,0.0,0.0,NV,NEVADA,0.069821,0.0
958,2040,29,0.0,0.0,NH,NEW HAMPSHIRE,0.069821,0.0
959,2040,30,5869.778459341055,144.1870919433074,NJ,NEW JERSEY,0.069821,409833.8018096518
960,2040,31,0.0,0.0,NM,NEW MEXICO,0.069821,0.0
961,2040,32,0.0,0.0,NY,NEW YORK,0.069821,0.0
962,2040,33,24782.13899927904,395.2826377127815,NC,NORTH CAROLINA,0.069821,1730313.7270686617
963,2040,34,2034041.612704312,10576.143140541382,ND,NORTH DAKOTA,0.069821,142018819.44062775
964,2040,35,89314.09740108637,1436.5331372860549,OH,OHIO,0.069821,6235999.5946412515
965,2040,36,114621.8363529414,476.328340005162,OK,OKLAHOMA,0.069821,8003011.235998722
966,2040,37,3661.386776681637,8.187306805060292,OR,OREGON,0.069821,255641.68613468856
967,2040,38,35313.84297367102,440.0651373483541,PA,PENNSYLVANIA,0.069821,2465647.830264684
968,2040,39,0.0,0.0,RI,RHODE ISLAND,0.069821,0.0
969,2040,40,141020.35008528834,749.9057593781547,SC,SOUTH CAROLINA,0.069821,9846181.863304917
970,2040,41,12301425.72761303,34010.98994246704,SD,SOUTH DAKOTA,0.069821,858897845.7276692
971,2040,42,326989.4496050366,2368.6404916535685,TN,TENNESSEE,0.069821,22830730.360873256
972,2040,43,475333.264060286,4079.460281920293,TX,TEXAS,0.069821,33188243.829953223
973,2040,44,0.0,0.0,UT,UTAH,0.069821,0.0
974,2040,45,0.0,0.0,VT,VERMONT,0.069821,0.0
975,2040,46,293.2167761340105,8.685472071781046,VA,VIRGINIA,0.069821,20472.68852645275
976,2040,47,97669.03842288537,559.9437228591772,WA,WASHINGTON,0.069821,6819349.931724278
977,2040,48,3883.557658807167,55.078210900225855,WV,WEST VIRGINIA,0.069821,271153.8792955752
978,2040,49,1039971.2772873108,11610.831052298456,WI,WISCONSIN,0.069821,72611834.55147733
979,2040,50,71621.1422041393,1024.0478264531507,WY,WYOMING,0.069821,5000659.7698352095
980,2041,0,15991.16450945918,155.4009605485052,AL,ALABAMA,0.07000204,1119414.1376377419
981,2041,2,0.0,0.0,AZ,ARIZONA,0.07000204,0.0
982,2041,3,140202.08612900268,1004.87177739293,AR,ARKANSAS,0.07000204,9814432.041285891
983,2041,4,9728.310475025895,147.07525950377084,CA,CALIFORNIA,0.07000204,681001.5790051818
984,2041,5,503414.955823608,4649.257156571958,CO,COLORADO,0.07000204,35240073.87416244
985,2041,6,7062.887461973788,125.7664146417856,CT,CONNECTICUT,0.07000204,494416.5306285876
986,2041,7,0.0,0.0,DE,DELAWARE,0.07000204,0.0
987,2041,8,0.0,0.0,DC,DISTRICT OF COLUMBIA,0.07000204,0.0
988,2041,9,218.7949227168819,2.154229271870937,FL,FLORIDA,0.07000204,15316.090931824076
989,2041,10,6.450333137888984,1.366391929573339,GA,GEORGIA,0.07000204,451.5364783318302
990,2041,12,23688.184680672144,1130.2100392752766,ID,IDAHO,0.07000204,1658221.2515437985
991,2041,13,14913320.101567972,46620.79685349579,IL,ILLINOIS,0.07000204,1043962830.2827653
992,2041,14,2825458.860719741,20424.646918331528,IN,INDIANA,0.07000204,197787884.18645772
993,2041,15,13237400.41575624,40419.25987905805,IA,IOWA,0.07000204,926645033.399785
994,2041,16,1591651.762257469,6379.971170264517,KS,KANSAS,0.07000204,111418870.32761784
995,2041,17,838909.4462017373,7127.872935379945,KY,KENTUCKY,0.07000204,58725372.60939186
996,2041,18,13743.821059954164,624.291708197909,LA,LOUISIANA,0.07000204,962095.5115917537
997,2041,19,732.5998093432906,29.216334104911947,ME,MAINE,0.07000204,51283.48115764141
998,2041,20,29969.32569347688,240.073471589332,MD,MARYLAND,0.07000204,2097913.935967796
999,2041,21,3746.520299120798,47.76348750641813,MA,MASSACHUSETTS,0.07000204,262264.0638398661
1000,2041,22,563663.2910693195,4106.139821401858,MI,MICHIGAN,0.07000204,39457580.24796615
1001,2041,23,6260401.598696499,27224.54185111136,MN,MINNESOTA,0.07000204,438240883.1280163
1002,2041,24,75824.7349857509,651.4079192890813,MS,MISSISSIPPI,0.07000204,5307886.131461934
1003,2041,25,1521574.7406769218,9041.540915207555,MO,MISSOURI,0.07000204,106513335.85985552
1004,2041,26,0.0,0.0,MT,MONTANA,0.07000204,0.0
1005,2041,27,2263904.5836720425,12503.694074372075,NE,NEBRASKA,0.07000204,158477939.22239366
1006,2041,28,0.0,0.0,NV,NEVADA,0.07000204,0.0
1007,2041,29,765.4995090519291,13.92255279882324,NH,NEW HAMPSHIRE,0.07000204,53586.5272526335
1008,2041,30,5998.309889267486,76.68403392879745,NJ,NEW JERSEY,0.07000204,419893.9288008982
1009,2041,31,18.77998399030271,0.7582869239895815,NM,NEW MEXICO,0.07000204,1314.63719048853
1010,2041,32,222367.3991939956,2434.657443977056,NY,NEW YORK,0.07000204,15566171.573074048
1011,2041,33,18853.23105478112,768.3031093392084,NC,NORTH CAROLINA,0.07000204,1319764.63442603
1012,2041,34,661172.0310060576,5247.113605661694,ND,NORTH DAKOTA,0.07000204,46283390.96136729
1013,2041,35,515907.80431594816,9380.09739427578,OH,OHIO,0.07000204,36114598.75403718
1014,2041,36,204325.6387550625,924.7884566356332,OK,OKLAHOMA,0.07000204,14303211.537157437
1015,2041,37,3804.19805344259,8.187306787838429,OR,OREGON,0.07000204,266301.62430501037
1016,2041,38,455346.03967905726,4155.3361122481465,PA,PENNSYLVANIA,0.07000204,31875151.683454953
1017,2041,39,728.4262027691487,21.30269454434277,RI,RHODE ISLAND,0.07000204,50991.32018329406
1018,2041,40,580.1791833811282,15.698527656666943,SC,SOUTH CAROLINA,0.07000204,40613.72640221307
1019,2041,41,6154963.735782903,29215.30966039326,SD,SOUTH DAKOTA,0.07000204,430860017.6308242
1020,2041,42,257719.6609764433,2344.4781525465646,TN,TENNESSEE,0.07000204,18040902.016459424
1021,2041,43,421056.4853439239,2226.173808325483,TX,TEXAS,0.07000204,29474812.92930478
1022,2041,44,0.0,0.0,UT,UTAH,0.07000204,0.0
1023,2041,45,3329.720204339305,72.53903728029141,VT,VERMONT,0.07000204,233087.2069329682
1024,2041,46,4242.482739381537,97.75951409182149,VA,VIRGINIA,0.07000204,296982.44642149593
1025,2041,47,158099.73453786012,652.8071578532847,WA,WASHINGTON,0.07000204,11067303.941108666
1026,2041,48,19409.943957848736,365.9614619171718,WV,WEST VIRGINIA,0.07000204,1358735.6733350854
1027,2041,49,3001353.3821868044,13197.462727005972,WI,WISCONSIN,0.07000204,210100859.51397598
1028,2041,50,77165.69062815333,1107.366463086297,WY,WYOMING,0.07000204,5401755.761979614
1029,2042,0,63380.85212907946,449.7852038196368,AL,ALABAMA,0.07018308,4448263.415443354
1030,2042,2,0.0,0.0,AZ,ARIZONA,0.07018308,0.0
1031,2042,3,115656.81236614876,576.879450567975,AR,ARKANSAS,0.07018308,8117151.314838408
1032,2042,4,13471.775620817278,208.8149286576765,CA,CALIFORNIA,0.07018308,945490.7061378686
1033,2042,5,540409.1728686137,4694.033693452059,CO,COLORADO,0.07018308,37927580.21217174
1034,2042,6,1495.8236709961304,52.91613160523899,CT,CONNECTICUT,0.07018308,104981.5123674151
1035,2042,7,16722.429899679584,259.56247326081615,DE,DELAWARE,0.07018308,1173631.635443604
1036,2042,8,0.0,0.0,DC,DISTRICT OF COLUMBIA,0.07018308,0.0
1037,2042,9,69.8408254668797,0.928114016764768,FL,FLORIDA,0.07018308,4901.644241008055
1038,2042,10,4546.23055599173,66.2025585501707,GA,GEORGIA,0.07018308,319068.4628096121
1039,2042,12,14528.655222517726,677.758613116743,ID,IDAHO,0.07018308,1019665.7717743792
1040,2042,13,10256431.966680098,41050.63202895587,IL,ILLINOIS,0.07018308,719827985.2320665
1041,2042,14,1427246.7798483938,11116.812399038394,IN,INDIANA,0.07018308,100168574.92984219
1042,2042,15,18480791.78409877,54764.10698576772,IA,IOWA,0.07018308,1297038888.2467465
1043,2042,16,3045972.593327096,9800.463471214698,KS,KANSAS,0.07018308,213775738.19528303
1044,2042,17,590119.625937601,6066.188294427231,KY,KENTUCKY,0.07018308,41416412.91674872
1045,2042,18,215142.24083211747,1461.2819985766537,LA,LOUISIANA,0.07018308,15099345.099699765
1046,2042,19,2390.143562509061,45.24919929969134,ME,MAINE,0.07018308,167747.63685905843
1047,2042,20,39245.24705387878,562.9040119128688,MD,MARYLAND,0.07018308,2754352.313602139
1048,2042,21,2765.517921248845,54.26814426898291,MA,MASSACHUSETTS,0.07018308,194092.5655084414
1049,2042,22,359945.6958183531,2606.424512980116,MI,MICHIGAN,0.07018308,25262097.56527514
1050,2042,23,6178116.132478312,21628.492029576,MN,MINNESOTA,0.07018308,433599218.7750159
1051,2042,24,115728.25918188046,1307.7565471250389,MS,MISSISSIPPI,0.07018308,8122165.67242265
1052,2042,25,3931277.285451746,13767.808637136284,MO,MISSOURI,0.07018308,275909148.2270427
1053,2042,26,0.0,0.0,MT,MONTANA,0.07018308,0.0
1054,2042,27,6598241.125669784,24107.827149728364,NE,NEBRASKA,0.07018308,463084884.78217244
1055,2042,28,0.0,0.0,NV,NEVADA,0.07018308,0.0
1056,2042,29,649.5416784563054,10.216486910841432,NH,NEW HAMPSHIRE,0.07018308,45586.83558243316
1057,2042,30,3167.1135384487134,125.51064186394515,NJ,NEW JERSEY,0.07018308,222277.7828380291
1058,2042,31,45.72517024484653,1.8462634851961728,NM,NEW MEXICO,0.07018308,3209.1332813076833
1059,2042,32,8938.765488298499,210.09591513028687,NY,NEW YORK,0.07018308,627350.0933664925
1060,2042,33,364073.1236054851,3611.9158533087993,NC,NORTH CAROLINA,0.07018308,25551773.159853645
1061,2042,34,3899134.326471818,11231.035187945025,ND,NORTH DAKOTA,0.07018308,273653256.3655177
1062,2042,35,92906.98571687809,2465.716724652356,OH,OHIO,0.07018308,6520498.411126511
1063,2042,36,158968.03876060282,611.4568686457594,OK,OKLAHOMA,0.07018308,11156866.581778489
1064,2042,37,3505.187065720227,7.985354176435656,OR,OREGON,0.07018308,246004.82424840794
1065,2042,38,48571.28010874352,804.0160369325131,PA,PENNSYLVANIA,0.07018308,3408882.037574355
1066,2042,39,12.35097008347091,0.4184618067956519,RI,RHODE ISLAND,0.07018308,866.8291214458455
1067,2042,40,2629.0711245332022,186.0895286147301,SC,SOUTH CAROLINA,0.07018308,184516.30905880366
1068,2042,41,12758239.429362766,33481.723490188226,SD,SOUTH DAKOTA,0.07018308,895412538.5301213
1069,2042,42,274202.1960541737,2349.8975898910085,TN,TENNESSEE,0.07018308,19244354.661845755
1070,2042,43,994583.0151977094,6372.217964825584,TX,TEXAS,0.07018308,69802899.32226205
1071,2042,44,0.0,0.0,UT,UTAH,0.07018308,0.0
1072,2042,45,1631.737070692647,28.058033179841555,VT,VERMONT,0.07018308,114520.3333713877
1073,2042,46,209678.88354361223,988.3789291919204,VA,VIRGINIA,0.07018308,14715909.85805202
1074,2042,47,134790.00304756642,651.1468915332885,WA,WASHINGTON,0.07018308,9459977.567087596
1075,2042,48,7086.37346606412,126.31338439891684,WV,WEST VIRGINIA,0.07018308,497343.5158786554
1076,2042,49,510974.36330788536,4179.853023226675,WI,WISCONSIN,0.07018308,35861754.61798638
1077,2042,50,79070.76614667915,1109.321677092575,WY,WYOMING,0.07018308,5549429.906133674
1078,2043,0,0.0,0.0,AL,ALABAMA,0.07036412,0.0
1079,2043,2,0.0,0.0,AZ,ARIZONA,0.07036412,0.0
1080,2043,3,69733.9009622949,459.350101688176,AR,ARKANSAS,0.07036412,4906764.575379034
1081,2043,4,10325.169886956082,155.93270967936138,CA,CALIFORNIA,0.07036412,726521.4929461642
1082,2043,5,385790.03067474737,3728.487756197007,CO,COLORADO,0.07036412,27145776.013201606
1083,2043,6,0.0,0.0,CT,CONNECTICUT,0.07036412,0.0
1084,2043,7,0.0,0.0,DE,DELAWARE,0.07036412,0.0
1085,2043,8,0.0,0.0,DC,DISTRICT OF COLUMBIA,0.07036412,0.0
1086,2043,9,0.0,0.0,FL,FLORIDA,0.07036412,0.0
1087,2043,10,0.0,0.0,GA,GEORGIA,0.07036412,0.0
1088,2043,12,24917.13020429947,1193.5177286968303,ID,IDAHO,0.07036412,1753271.9397509524
1089,2043,13,15008187.037011584,46103.9643396545,IL,ILLINOIS,0.07036412,1056037873.6547276
1090,2043,14,1230092.1835922175,11180.43263584404,IN,INDIANA,0.07036412,86554354.01734482
1091,2043,15,15553670.74902431,53049.015300895546,IA,IOWA,0.07036412,1094420355.0248363
1092,2043,16,2047180.4924360544,8333.472830271117,KS,KANSAS,0.07036412,144048053.83142963
1093,2043,17,970.4178402323809,11.100525557804982,KY,KENTUCKY,0.07036412,68282.59736025208
1094,2043,18,69896.35993250429,811.8681804924352,LA,LOUISIANA,0.07036412,4918195.857853923
1095,2043,19,0.0,0.0,ME,MAINE,0.07036412,0.0
1096,2043,20,0.0,0.0,MD,MARYLAND,0.07036412,0.0
1097,2043,21,0.0,0.0,MA,MASSACHUSETTS,0.07036412,0.0
1098,2043,22,250538.34331554355,2367.8126871787786,MI,MICHIGAN,0.07036412,17628910.053656105
1099,2043,23,6093622.776187603,28241.680185184738,MN,MINNESOTA,0.07036412,428772404.25839764
1100,2043,24,0.0,0.0,MS,MISSISSIPPI,0.07036412,0.0
1101,2043,25,2959167.487953861,14483.097342044308,MO,MISSOURI,0.07036412,208219216.22248402
1102,2043,26,0.0,0.0,MT,MONTANA,0.07036412,0.0
1103,2043,27,3398702.836078006,20987.224992164425,NE,NEBRASKA,0.07036412,239146734.20213315
1104,2043,28,0.0,0.0,NV,NEVADA,0.07036412,0.0
1105,2043,29,0.0,0.0,NH,NEW HAMPSHIRE,0.07036412,0.0
1106,2043,30,0.0,0.0,NJ,NEW JERSEY,0.07036412,0.0
1107,2043,31,48.17746610988223,1.945280816050688,NM,NEW MEXICO,0.07036412,3389.9650066516865
1108,2043,32,3477.2128185561023,48.4176561111495,NY,NEW YORK,0.07036412,244671.02003041984
1109,2043,33,0.0,0.0,NC,NORTH CAROLINA,0.07036412,0.0
1110,2043,34,1426141.06761789,8454.236403504066,ND,NORTH DAKOTA,0.07036412,100349161.21879332
1111,2043,35,9196.773586739862,213.6388449162758,OH,OHIO,0.07036412,647122.8802701941
1112,2043,36,154931.7408813642,729.2650036649559,OK,OKLAHOMA,0.07036412,10901635.607185217
1113,2043,37,3530.5282139128094,7.877457063091018,OR,OREGON,0.07036412,248422.51090714658
1114,2043,38,0.0,0.0,PA,PENNSYLVANIA,0.07036412,0.0
1115,2043,39,0.0,0.0,RI,RHODE ISLAND,0.07036412,0.0
1116,2043,40,0.0,0.0,SC,SOUTH CAROLINA,0.07036412,0.0
1117,2043,41,9002797.433277514,31531.34532980776,SD,SOUTH DAKOTA,0.07036412,633473918.930831
1118,2043,42,10390.939562343125,163.3717904169762,TN,TENNESSEE,0.07036412,731149.3182774591
1119,2043,43,923755.18333235,5655.597653285662,TX,TEXAS,0.07036412,64999220.57061948
1120,2043,44,0.0,0.0,UT,UTAH,0.07036412,0.0
1121,2043,45,0.0,0.0,VT,VERMONT,0.07036412,0.0
1122,2043,46,0.0,0.0,VA,VIRGINIA,0.07036412,0.0
1123,2043,47,138088.34531170246,648.6377523984484,WA,WASHINGTON,0.07036412,9716464.900114069
1124,2043,48,0.0,0.0,WV,WEST VIRGINIA,0.07036412,0.0
1125,2043,49,1392782.7486534496,13229.00971815127,WI,WISCONSIN,0.07036412,98001932.46018116
1126,2043,50,65604.74406701695,942.7132067102496,WY,WYOMING,0.07036412,4616220.084100869
1127,2044,0,10361.216339649827,79.85444378393015,AL,ALABAMA,0.07054516,730933.6644752113
1128,2044,2,0.0,0.0,AZ,ARIZONA,0.07054516,0.0
1129,2044,3,18623.52050746329,199.71659391823505,AR,ARKANSAS,0.07054516,1313799.233962279
1130,2044,4,18694.27087280593,284.7445918167192,CA,CALIFORNIA,0.07054516,1318790.329805434
1131,2044,5,464399.4199265984,4177.208418297651,CO,COLORADO,0.07054516,32761131.382629067
1132,2044,6,0.0,0.0,CT,CONNECTICUT,0.07054516,0.0
1133,2044,7,0.0,0.0,DE,DELAWARE,0.07054516,0.0
1134,2044,8,0.0,0.0,DC,DISTRICT OF COLUMBIA,0.07054516,0.0
1135,2044,9,3586.223326051645,18.984602648819205,FL,FLORIDA,0.07054516,252990.69833204546
1136,2044,10,25416.15388304297,203.79341946595167,GA,GEORGIA,0.07054516,1792986.6422638877
1137,2044,12,20158.79916314051,948.6506948419328,ID,IDAHO,0.07054516,1422105.7123716131
1138,2044,13,5441463.362401688,35690.97883115005,IL,ILLINOIS,0.07054516,383868903.534765
1139,2044,14,844297.3543816227,8412.179444717925,IN,INDIANA,0.07054516,59561091.952428274
1140,2044,15,6196593.74121881,39024.57528313898,IA,IOWA,0.07054516,437139696.9292795
1141,2044,16,1396078.9609070688,5459.283382695026,KS,KANSAS,0.07054516,98486613.6698229
1142,2044,17,138737.74942668353,1943.182273876568,KY,KENTUCKY,0.07054516,9787276.731345296
1143,2044,18,6826.3742705921695,159.08262095051654,LA,LOUISIANA,0.07054516,481567.6651388079
1144,2044,19,0.0,0.0,ME,MAINE,0.07054516,0.0
1145,2044,20,0.0,0.0,MD,MARYLAND,0.07054516,0.0
1146,2044,21,0.0,0.0,MA,MASSACHUSETTS,0.07054516,0.0
1147,2044,22,112624.58478077954,1324.577171796845,MI,MICHIGAN,0.07054516,7945119.353293657
1148,2044,23,5841715.408753652,25264.761925736948,MN,MINNESOTA,0.07054516,412104748.1849918
1149,2044,24,7757.711508770319,153.69505188088044,MS,MISSISSIPPI,0.07054516,547268.9996200436
1150,2044,25,541182.6235514772,5609.615172153352,MO,MISSOURI,0.07054516,38177814.767658725
1151,2044,26,0.0,0.0,MT,MONTANA,0.07054516,0.0
1152,2044,27,4101053.884368662,21166.94231001883,NE,NEBRASKA,0.07054516,289309502.44140875
1153,2044,28,0.0,0.0,NV,NEVADA,0.07054516,0.0
1154,2044,29,0.0,0.0,NH,NEW HAMPSHIRE,0.07054516,0.0
1155,2044,30,1064.616900460264,28.661224186326788,NJ,NEW JERSEY,0.07054516,75103.56958167341
1156,2044,31,50.216034240176015,2.0275928967032524,NM,NEW MEXICO,0.07054516,3542.498170038695
1157,2044,32,208.5491484341204,4.441366416702419,NY,NEW YORK,0.07054516,14712.133044148772
1158,2044,33,1981.8668194858265,61.242016157425816,NC,NORTH CAROLINA,0.07054516,139811.11187931872
1159,2044,34,517461.1273829882,3848.2029160741736,ND,NORTH DAKOTA,0.07054516,36504378.02501328
1160,2044,35,26439.272449364173,332.8698943012972,OH,OHIO,0.07054516,1865162.7052239873
1161,2044,36,118345.59508179904,426.3370019731986,OK,OKLAHOMA,0.07054516,8348708.940340727
1162,2044,37,3347.98284591631,7.877843535265445,OR,OREGON,0.07054516,236183.9855424214
1163,2044,38,390.2076762146703,4.666719398713113,PA,PENNSYLVANIA,0.07054516,27527.26295179211
1164,2044,39,0.0,0.0,RI,RHODE ISLAND,0.07054516,0.0
1165,2044,40,8782.256827486692,60.76962867188869,SC,SOUTH CAROLINA,0.07054516,619545.713056141
1166,2044,41,7300614.804899535,30704.92028883919,SD,SOUTH DAKOTA,0.07054516,515023039.5100065
1167,2044,42,61851.09661036989,633.4141805762922,TN,TENNESSEE,0.07054516,4363295.506554001
1168,2044,43,274515.0880193797,1961.73129524077,TX,TEXAS,0.07054516,19365710.806741226
1169,2044,44,0.0,0.0,UT,UTAH,0.07054516,0.0
1170,2044,45,126.03494053746816,4.658163938398305,VT,VERMONT,0.07054516,8891.155045806177
1171,2044,46,143.17117366875422,4.643544920768575,VA,VIRGINIA,0.07054516,10100.033353850053
1172,2044,47,127237.79692547386,650.3004409875209,WA,WASHINGTON,0.07054516,8976010.74215506
1173,2044,48,519.9140559833374,10.84424492081939,WV,WEST VIRGINIA,0.07054516,36677.42026559349
1174,2044,49,55012.8995918361,493.25669728470814,WI,WISCONSIN,0.07054516,3880893.803770012
1175,2044,50,62484.56633794352,960.8005195907637,WY,WYOMING,0.07054516,4407983.729840839
1176,2045,0,0.0,0.0,AL,ALABAMA,0.0707262,0.0
1177,2045,2,0.0,0.0,AZ,ARIZONA,0.0707262,0.0
1178,2045,3,341562.35679190955,1204.8190248085684,AR,ARKANSAS,0.0707262,24157407.558935955
1179,2045,4,10990.724177339604,164.88080379649116,CA,CALIFORNIA,0.0707262,777332.1563113563
1180,2045,5,348127.28735746315,3371.619124878235,CO,COLORADO,0.0707262,24621720.151101414
1181,2045,6,1832.0013089978736,21.16309236436713,CT,CONNECTICUT,0.0707262,129570.49098044542
1182,2045,7,0.0,0.0,DE,DELAWARE,0.0707262,0.0
1183,2045,8,0.0,0.0,DC,DISTRICT OF COLUMBIA,0.0707262,0.0
1184,2045,9,0.0,0.0,FL,FLORIDA,0.0707262,0.0
1185,2045,10,0.0,0.0,GA,GEORGIA,0.0707262,0.0
1186,2045,12,13573.530224497505,651.7330463757779,ID,IDAHO,0.0707262,960004.2133638555
1187,2045,13,11578551.705494191,40612.21885898503,IL,ILLINOIS,0.0707262,818906963.6331234
1188,2045,14,500693.66267823474,3959.3684280929897,IN,INDIANA,0.0707262,35412160.12531337
1189,2045,15,20176192.107143164,55289.83314307215,IA,IOWA,0.0707262,1426985398.208229
1190,2045,16,1840468.2135714807,7244.03468702867,KS,KANSAS,0.0707262,130169322.96669927
1191,2045,17,51601.70878922159,888.7440089482055,KY,KENTUCKY,0.0707262,3649592.7761682444
1192,2045,18,569117.1125898098,2305.5339322997124,LA,LOUISIANA,0.0707262,40251490.728449404
1193,2045,19,162.16843302817003,2.033052662585325,ME,MAINE,0.0707262,11469.55702803696
1194,2045,20,0.0,0.0,MD,MARYLAND,0.0707262,0.0
1195,2045,21,327.71391081125427,2.539376323149912,MA,MASSACHUSETTS,0.0707262,23177.959598818936
1196,2045,22,495698.9408404237,3036.9057932490205,MI,MICHIGAN,0.0707262,35058902.42966798
1197,2045,23,2554514.763130406,21804.30500763965,MN,MINNESOTA,0.0707262,180671122.04011372
1198,2045,24,263108.8353146992,1515.2406585595118,MS,MISSISSIPPI,0.0707262,18608688.10823448
1199,2045,25,4538565.5940775,15740.705812070542,MO,MISSOURI,0.0707262,320995497.91984403
1200,2045,26,0.0,0.0,MT,MONTANA,0.0707262,0.0
1201,2045,27,2247258.063462916,16349.119015283632,NE,NEBRASKA,0.0707262,158940023.2480909
1202,2045,28,0.0,0.0,NV,NEVADA,0.0707262,0.0
1203,2045,29,0.0,0.0,NH,NEW HAMPSHIRE,0.0707262,0.0
1204,2045,30,285.796010240152,9.012745819812936,NJ,NEW JERSEY,0.0707262,20213.26577944704
1205,2045,31,0.0,0.0,NM,NEW MEXICO,0.0707262,0.0
1206,2045,32,4733.15996342456,104.5164637584309,NY,NEW YORK,0.0707262,334758.41820515814
1207,2045,33,1231.4576513282443,24.622591497748235,NC,NORTH CAROLINA,0.0707262,87096.32013937167
1208,2045,34,743277.5110001615,5446.196897255391,ND,NORTH DAKOTA,0.0707262,52569193.89849962
1209,2045,35,195179.71429261408,2130.726983225227,OH,OHIO,0.0707262,13804319.509002281
1210,2045,36,268415.5935580146,962.3832631547756,OK,OKLAHOMA,0.0707262,18984014.953102853
1211,2045,37,3496.7381681616425,7.877523725904908,OR,OREGON,0.0707262,247311.00302903398
1212,2045,38,43226.87502997078,697.9945480859246,PA,PENNSYLVANIA,0.0707262,3057272.6087447195
1213,2045,39,297.31212525150386,8.291341728570526,RI,RHODE ISLAND,0.0707262,21027.75683296291
1214,2045,40,0.0,0.0,SC,SOUTH CAROLINA,0.0707262,0.0
1215,2045,41,1956922.0775133816,17834.75253943901,SD,SOUTH DAKOTA,0.0707262,138405662.23862696
1216,2045,42,56705.40931014148,397.0866096078709,TN,TENNESSEE,0.0707262,4010558.1199509283
1217,2045,43,1339201.3874997606,6719.06533338157,TX,TEXAS,0.0707262,94716625.17258558
1218,2045,44,0.0,0.0,UT,UTAH,0.0707262,0.0
1219,2045,45,0.0,0.0,VT,VERMONT,0.0707262,0.0
1220,2045,46,0.0,0.0,VA,VIRGINIA,0.0707262,0.0
1221,2045,47,127584.64275723444,640.7565011785789,WA,WASHINGTON,0.0707262,9023576.960576715
1222,2045,48,0.0,0.0,WV,WEST VIRGINIA,0.0707262,0.0
1223,2045,49,2173924.367336398,13025.338175367757,WI,WISCONSIN,0.0707262,153753409.58910757
1224,2045,50,54222.41164998081,836.3756757318689,WY,WYOMING,0.0707262,3834945.1308388724
1225,2046,0,313265.27243528573,2002.2345719461227,AL,ALABAMA,0.06951562,21776829.637807798
1226,2046,2,0.0,0.0,AZ,ARIZONA,0.06951562,0.0
1227,2046,3,324087.02699889336,1281.147739192645,AR,ARKANSAS,0.06951562,22529110.615784813
1228,2046,4,15221.956124334867,229.86687690894584,CA,CALIFORNIA,0.06951562,1058163.7175959353
1229,2046,5,474879.608230436,4387.035910015304,CO,COLORADO,0.06951562,33011550.391495857
1230,2046,6,0.0,0.0,CT,CONNECTICUT,0.06951562,0.0
1231,2046,7,0.0,0.0,DE,DELAWARE,0.06951562,0.0
1232,2046,8,0.0,0.0,DC,DISTRICT OF COLUMBIA,0.06951562,0.0
1233,2046,9,6768.65291949057,48.405349149691816,FL,FLORIDA,0.06951562,470527.104263197
1234,2046,10,18519.679159180258,192.6177284731628,GA,GEORGIA,0.06951562,1287406.9789514942
1235,2046,12,9456.138109891235,435.24305757840057,ID,IDAHO,0.06951562,657349.3035147174
1236,2046,13,9708726.530587442,42492.06134514863,IL,ILLINOIS,0.06951562,674908144.184235
1237,2046,14,287142.5796877677,3136.431441849622,IN,INDIANA,0.06951562,19960894.45539458
1238,2046,15,21934441.83931531,53486.81230812114,IA,IOWA,0.06951562,1524786323.8139443
1239,2046,16,2618141.0848958385,8139.676699267746,KS,KANSAS,0.06951562,182001700.76400685
1240,2046,17,1097758.884696912,7392.457545752223,KY,KENTUCKY,0.06951562,76311389.48021436
1241,2046,18,844739.5732890555,3618.568607343972,LA,LOUISIANA,0.06951562,58722595.175724134
1242,2046,19,0.0,0.0,ME,MAINE,0.06951562,0.0
1243,2046,20,720.1634299869523,5.725049734846502,MD,MARYLAND,0.06951562,50062.60733686959
1244,2046,21,0.0,0.0,MA,MASSACHUSETTS,0.06951562,0.0
1245,2046,22,118668.46944880852,872.5247838495493,MI,MICHIGAN,0.06951562,8249312.228184982
1246,2046,23,7752860.601831966,29044.67299905492,MN,MINNESOTA,0.06951562,538944911.5099223
1247,2046,24,871964.743602091,4074.959221634252,MS,MISSISSIPPI,0.06951562,60615169.769640386
1248,2046,25,6188021.12247147,16738.4891361385,MO,MISSOURI,0.06951562,430164124.9017002
1249,2046,26,0.0,0.0,MT,MONTANA,0.06951562,0.0
1250,2046,27,6409068.182472421,22933.424649325418,NE,NEBRASKA,0.06951562,445530348.32684344
1251,2046,28,0.0,0.0,NV,NEVADA,0.06951562,0.0
1252,2046,29,0.0,0.0,NH,NEW HAMPSHIRE,0.06951562,0.0
1253,2046,30,0.0,0.0,NJ,NEW JERSEY,0.06951562,0.0
1254,2046,31,53.070834913269564,2.142862325160769,NM,NEW MEXICO,0.06951562,3689.25199291358
1255,2046,32,1115.2030871840377,16.133675267653008,NY,NEW YORK,0.06951562,77524.03403151243
1256,2046,33,15803.2805994334,552.4044320069236,NC,NORTH CAROLINA,0.06951562,1098574.8489035845
1257,2046,34,2399917.9153683065,9140.328685085353,ND,NORTH DAKOTA,0.06951562,166831781.83593535
1258,2046,35,116141.0407989845,1823.602584361907,OH,OHIO,0.06951562,8073616.458586703
1259,2046,36,197312.86106388,915.0850179851848,OK,OKLAHOMA,0.06951562,13716325.870829478
1260,2046,37,3433.4606188843927,7.877435242896487,OR,OREGON,0.06951562,238679.14366733225
1261,2046,38,18845.36597559932,243.67825756445657,PA,PENNSYLVANIA,0.06951562,1310047.2999206919
1262,2046,39,0.0,0.0,RI,RHODE ISLAND,0.06951562,0.0
1263,2046,40,1238.301363755295,12.221943104590627,SC,SOUTH CAROLINA,0.06951562,86081.28704829485
1264,2046,41,10575939.29725509,31274.030621189755,SD,SOUTH DAKOTA,0.06951562,735192977.3310518
1265,2046,42,770662.588521366,4413.149225298186,TN,TENNESSEE,0.06951562,53573087.65186764
1266,2046,43,2103212.4501990983,11254.151299067757,TX,TEXAS,0.06951562,146206117.46730945
1267,2046,44,0.0,0.0,UT,UTAH,0.06951562,0.0
1268,2046,45,0.0,0.0,VT,VERMONT,0.06951562,0.0
1269,2046,46,4242.114855907476,66.25044310225363,VA,VIRGINIA,0.06951562,294893.2443196189
1270,2046,47,125919.6108346558,632.4944559717464,WA,WASHINGTON,0.06951562,8753379.817329817
1271,2046,48,3232.014418006188,157.73241458054403,WV,WEST VIRGINIA,0.06951562,224675.4861166393
1272,2046,49,1910342.878073904,12221.52316256255,WI,WISCONSIN,0.06951562,132798669.58189185
1273,2046,50,76128.35015514544,1098.4915713096698,WY,WYOMING,0.06951562,5292109.460612032
1274,2047,0,244378.90485404924,1683.8956190613303,AL,ALABAMA,0.06830504,16692310.871212026
1275,2047,2,0.0,0.0,AZ,ARIZONA,0.06830504,0.0
1276,2047,3,57152.62844418058,526.0796343089811,AR,ARKANSAS,0.06830504,3903812.571984892
1277,2047,4,23741.14151724575,364.049579708817,CA,CALIFORNIA,0.06830504,1621639.6209811317
1278,2047,5,268213.8558235315,3164.245174634271,CO,COLORADO,0.06830504,18320358.15058055
1279,2047,6,934.483048726545,27.04830680662152,CT,CONNECTICUT,0.06830504,63829.902022588605
1280,2047,7,1989.249700231772,40.71981631895399,DE,DELAWARE,0.06830504,135875.7803443192
1281,2047,8,0.0,0.0,DC,DISTRICT OF COLUMBIA,0.06830504,0.0
1282,2047,9,9167.929398078188,42.40914509324893,FL,FLORIDA,0.06830504,626215.7842529066
1283,2047,10,146489.92382551686,1176.4091103649112,GA,GEORGIA,0.06830504,10006000.10649888
1284,2047,12,21209.721239785064,992.040152812329,ID,IDAHO,0.06830504,1448730.8576723684
1285,2047,13,3350355.7911626245,29373.637190373884,IL,ILLINOIS,0.06830504,228846186.3295947
1286,2047,14,271648.2940181669,3739.4934100099554,IN,INDIANA,0.06830504,18554947.58884265
1287,2047,15,5416680.521810885,26529.47304473863,IA,IOWA,0.06830504,369986579.7095133
1288,2047,16,1173356.4562614874,5007.060457638686,KS,KANSAS,0.06830504,80146159.67919914
1289,2047,17,628061.2947994854,5014.223642273644,KY,KENTUCKY,0.06830504,42899751.86373064
1290,2047,18,72718.38210719387,1805.504392285491,LA,LOUISIANA,0.06830504,4967031.998567161
1291,2047,19,0.0,0.0,ME,MAINE,0.06830504,0.0
1292,2047,20,4653.516431519091,121.7357699530795,MD,MARYLAND,0.06830504,317858.62599556876
1293,2047,21,1775.3417301264633,32.66709018748647,MA,MASSACHUSETTS,0.06830504,121264.78788995728
1294,2047,22,37548.584926374926,478.8666822178109,MI,MICHIGAN,0.06830504,2564757.5953394365
1295,2047,23,5377700.568033797,24005.169186568863,MN,MINNESOTA,0.06830504,367324052.40757114
1296,2047,24,440457.6521795546,3143.409329122942,MS,MISSISSIPPI,0.06830504,30085477.550430566
1297,2047,25,2267546.542829188,11090.84412514944,MO,MISSOURI,0.06830504,154884857.3098094
1298,2047,26,0.0,0.0,MT,MONTANA,0.06830504,0.0
1299,2047,27,1266535.0301706858,11616.056348352098,NE,NEBRASKA,0.06830504,86510725.8972099
1300,2047,28,0.0,0.0,NV,NEVADA,0.06830504,0.0
1301,2047,29,0.0,0.0,NH,NEW HAMPSHIRE,0.06830504,0.0
1302,2047,30,2249.7493223858764,50.48616588444787,NJ,NEW JERSEY,0.06830504,153669.21745554017
1303,2047,31,0.0,0.0,NM,NEW MEXICO,0.06830504,0.0
1304,2047,32,1612.736000990688,36.9216323184303,NY,NEW YORK,0.06830504,110157.99705710897
1305,2047,33,21586.788366875047,653.4944319912947,NC,NORTH CAROLINA,0.06830504,1474486.4428709347
1306,2047,34,253946.4839809679,2495.464119590739,ND,NORTH DAKOTA,0.06830504,17345824.746179372
1307,2047,35,109485.8193246464,1469.293513129413,OH,OHIO,0.06830504,7478433.268402746
1308,2047,36,104624.7759106748,350.0487230381046,OK,OKLAHOMA,0.06830504,7146399.503569678
1309,2047,37,3271.40369088066,7.877435268208591,OR,OREGON,0.06830504,223453.3599617511
1310,2047,38,23398.63067085225,332.3191055334609,PA,PENNSYLVANIA,0.06830504,1598244.4039177897
1311,2047,39,266.1138519722538,4.535530415057641,RI,RHODE ISLAND,0.06830504,18176.917303518876
1312,2047,40,41651.20496190275,536.151015347783,SC,SOUTH CAROLINA,0.06830504,2844987.220970966
1313,2047,41,2065550.9367357427,16700.61328673796,SD,SOUTH DAKOTA,0.06830504,141087539.35577238
1314,2047,42,694833.0231658039,3802.448302030086,TN,TENNESSEE,0.06830504,47460597.44066116
1315,2047,43,196456.42006034811,1020.6074140258888,TX,TEXAS,0.06830504,13418963.630478881
1316,2047,44,34.06377161566645,1.0738929152271253,UT,UTAH,0.06830504,2326.7272827589613
1317,2047,45,0.0,0.0,VT,VERMONT,0.06830504,0.0
1318,2047,46,4596.255350694238,99.52052903770914,VA,VIRGINIA,0.06830504,313947.4055793839
1319,2047,47,138989.10535806502,652.6331836988118,WA,WASHINGTON,0.06830504,9493656.401046844
1320,2047,48,563.3100973771798,12.7928720584907,WV,WEST VIRGINIA,0.06830504,38476.91873375216
1321,2047,49,3107346.236604103,16560.82196683315,WI,WISCONSIN,0.06830504,212247408.98509273
1322,2047,50,72467.17005242703,1148.5162413893572,WY,WYOMING,0.06830504,4949872.94911783
1323,2048,0,161161.29034388054,1141.6618981073789,AL,ALABAMA,0.06709446,10813029.748525878
1324,2048,2,0.0,0.0,AZ,ARIZONA,0.06709446,0.0
1325,2048,3,272472.0501275624,1062.1463417985376,AR,ARKANSAS,0.06709446,18281365.068401728
1326,2048,4,15292.389557827246,230.6314217856024,CA,CALIFORNIA,0.06709446,1026034.6194920577
1327,2048,5,294861.865304589,4004.338998765756,CO,COLORADO,0.06709446,19783597.62720413
1328,2048,6,994.6848173672072,19.47444087722111,CT,CONNECTICUT,0.06709446,66737.84069145138
1329,2048,7,0.0,0.0,DE,DELAWARE,0.06709446,0.0
1330,2048,8,0.0,0.0,DC,DISTRICT OF COLUMBIA,0.06709446,0.0
1331,2048,9,1168.4623248269877,11.368557083296928,FL,FLORIDA,0.06709446,78397.34871461133
1332,2048,10,72705.93965852076,399.7075503202174,GA,GEORGIA,0.06709446,4878165.760181034
1333,2048,12,12551.35754338923,600.0673751052366,ID,IDAHO,0.06709446,842126.5566406269
1334,2048,13,2206653.6692946944,17834.79000158122,IL,ILLINOIS,0.06709446,148054236.34834608
1335,2048,14,188268.608362636,2821.1315306901024,IN,INDIANA,0.06709446,12631780.613042546
1336,2048,15,1170648.654936206,12440.996432224278,IA,IOWA,0.06709446,78544039.35267107
1337,2048,16,1093015.2605386944,3757.946178756851,KS,KANSAS,0.06709446,73335268.677603
1338,2048,17,231657.55889154004,3046.0488329914742,KY,KENTUCKY,0.06709446,15542938.818746077
1339,2048,18,783149.447701465,3294.172187912959,LA,LOUISIANA,0.06709446,52544989.29282803
1340,2048,19,23.75777541449471,1.0031727528262744,ME,MAINE,0.06709446,1594.0151122367986
1341,2048,20,113.48721136008344,8.101634653105037,MD,MARYLAND,0.06709446,7614.363163110664
1342,2048,21,125.67962679737,1.837099468325911,MA,MASSACHUSETTS,0.06709446,8432.40669297107
1343,2048,22,19912.096805100875,222.1104976364257,MI,MICHIGAN,0.06709446,1335991.3826059683
1344,2048,23,175195.16674212113,1166.1573070028548,MN,MINNESOTA,0.06709446,11754625.107172575
1345,2048,24,472056.5745623469,2215.8036524277404,MS,MISSISSIPPI,0.06709446,31672380.9597104
1346,2048,25,579957.5082075935,6170.409599190541,MO,MISSOURI,0.06709446,38911935.83613405
1347,2048,26,0.0,0.0,MT,MONTANA,0.06709446,0.0
1348,2048,27,1418515.787419013,13807.49577052089,NE,NEBRASKA,0.06709446,95174550.75835347
1349,2048,28,0.0,0.0,NV,NEVADA,0.06709446,0.0
1350,2048,29,0.0,0.0,NH,NEW HAMPSHIRE,0.06709446,0.0
1351,2048,30,0.0,0.0,NJ,NEW JERSEY,0.06709446,0.0
1352,2048,31,0.0,0.0,NM,NEW MEXICO,0.06709446,0.0
1353,2048,32,83.4134517010684,5.04340075282618,NY,NEW YORK,0.06709446,5596.580498619265
1354,2048,33,36363.5399885802,997.0490253887532,NC,NORTH CAROLINA,0.06709446,2439792.079222195
1355,2048,34,720062.2120884489,5889.728743848838,ND,NORTH DAKOTA,0.06709446,48312185.28647994
1356,2048,35,3578.7621849938646,63.88289889823744,OH,OHIO,0.06709446,240115.1162705834
1357,2048,36,211612.16109172243,866.7587843088389,OK,OKLAHOMA,0.06709446,14198003.677882126
1358,2048,37,3289.718414596224,7.55408592867128,OR,OREGON,0.06709446,220721.88057938978
1359,2048,38,283.34170829305344,4.213056541615321,PA,PENNSYLVANIA,0.06709446,19010.65891339994
1360,2048,39,39.20667291679193,4.117470369888404,RI,RHODE ISLAND,0.06709446,2630.5505477487795
1361,2048,40,4711.670323707218,63.59982493844312,SC,SOUTH CAROLINA,0.06709446,316126.97606716095
1362,2048,41,3396228.86606294,19773.003677854376,SD,SOUTH DAKOTA,0.06709446,227868141.80490527
1363,2048,42,510945.7299970376,3200.619477738065,TN,TENNESSEE,0.06709446,34281627.843457036
1364,2048,43,1694367.0216666611,8842.495825716589,TX,TEXAS,0.06709446,113682640.36053291
1365,2048,44,0.0,0.0,UT,UTAH,0.06709446,0.0
1366,2048,45,7.997842635232343,1.0412551562330294,VT,VERMONT,0.06709446,536.6109327758909
1367,2048,46,2562.4570412952207,46.16258045543815,VA,VIRGINIA,0.06709446,171926.67145890053
1368,2048,47,117531.66948981896,585.6974844078413,WA,WASHINGTON,0.06709446,7885723.897317878
1369,2048,48,158.42253013280427,4.19552444739831,WV,WEST VIRGINIA,0.06709446,10629.27411109423
1370,2048,49,13447.140462949474,85.62727326094387,WI,WISCONSIN,0.06709446,902228.6279057448
1371,2048,50,35004.79467639059,953.7826097334048,WY,WYOMING,0.06709446,2348627.7962233014
1372,2049,0,0.0,0.0,AL,ALABAMA,0.06588388,0.0
1373,2049,2,0.0,0.0,AZ,ARIZONA,0.06588388,0.0
1374,2049,3,139263.04419413625,542.803875022838,AR,ARKANSAS,0.06588388,9175189.69212117
1375,2049,4,12364.523115507249,190.4858667365474,CA,CALIFORNIA,0.06588388,814622.7571993058
1376,2049,5,251253.984229505,2720.3104537702466,CO,COLORADO,0.06588388,16553587.346498601
1377,2049,6,0.0,0.0,CT,CONNECTICUT,0.06588388,0.0
1378,2049,7,0.0,0.0,DE,DELAWARE,0.06588388,0.0
1379,2049,8,0.0,0.0,DC,DISTRICT OF COLUMBIA,0.06588388,0.0
1380,2049,9,0.0,0.0,FL,FLORIDA,0.06588388,0.0
1381,2049,10,346.3801712419556,3.041772317776456,GA,GEORGIA,0.06588388,22820.869636484455
1382,2049,12,11919.4580509302,551.5004048976449,ID,IDAHO,0.06588388,785300.1438925193
1383,2049,13,1058540.1288839774,10311.12637777386,IL,ILLINOIS,0.06588388,69740730.8265765
1384,2049,14,77522.53189237863,1560.2606468084668,IN,INDIANA,0.06588388,5107485.188493647
1385,2049,15,1301889.1943828105,11090.705844029852,IA,IOWA,0.06588388,85773511.45601377
1386,2049,16,1505727.5008324955,5991.997617908944,KS,KANSAS,0.06588388,99203169.97754803
1387,2049,17,20967.55522116113,176.09266840330844,KY,KENTUCKY,0.06588388,1381423.8920843534
1388,2049,18,552446.7623304278,2247.878426914562,LA,LOUISIANA,0.06588388,36397336.19576643
1389,2049,19,105.30698773747704,1.0299682170985671,ME,MAINE,0.06588388,6938.03294325741
1390,2049,20,0.0,0.0,MD,MARYLAND,0.06588388,0.0
1391,2049,21,0.0,0.0,MA,MASSACHUSETTS,0.06588388,0.0
1392,2049,22,5717.70144471819,62.35054109154548,MI,MICHIGAN,0.06588388,376704.35585963994
1393,2049,23,427248.87654572097,5114.354104171772,MN,MINNESOTA,0.06588388,28148813.7124731
1394,2049,24,303027.15530165733,1214.0482936900992,MS,MISSISSIPPI,0.06588388,19964604.736635756
1395,2049,25,1404666.7142573537,8721.08616843756,MO,MISSOURI,0.06588388,92544893.2421258
1396,2049,26,0.0,0.0,MT,MONTANA,0.06588388,0.0
1397,2049,27,966357.1992275536,8040.279717407998,NE,NEBRASKA,0.06588388,63667361.75104424
1398,2049,28,0.0,0.0,NV,NEVADA,0.06588388,0.0
1399,2049,29,0.0,0.0,NH,NEW HAMPSHIRE,0.06588388,0.0
1400,2049,30,0.0,0.0,NJ,NEW JERSEY,0.06588388,0.0
1401,2049,31,0.0,0.0,NM,NEW MEXICO,0.06588388,0.0
1402,2049,32,0.0,0.0,NY,NEW YORK,0.06588388,0.0
1403,2049,33,0.0,0.0,NC,NORTH CAROLINA,0.06588388,0.0
1404,2049,34,45118.75740185247,368.0397371995538,ND,NORTH DAKOTA,0.06588388,2972598.79841276
1405,2049,35,8530.349654976746,258.937022595273,OH,OHIO,0.06588388,562012.5330265294
1406,2049,36,138644.7507760278,484.8354526843124,OK,OKLAHOMA,0.06588388,9134454.122757724
1407,2049,37,3318.309240387168,7.500372926137119,OR,OREGON,0.06588388,218623.08779655932
1408,2049,38,3755.643858965568,48.40027876816487,PA,PENNSYLVANIA,0.06588388,247436.38932682446
1409,2049,39,0.0,0.0,RI,RHODE ISLAND,0.06588388,0.0
1410,2049,40,0.0,0.0,SC,SOUTH CAROLINA,0.06588388,0.0
1411,2049,41,1743339.7430323104,14544.822619133243,SD,SOUTH DAKOTA,0.06588388,114857986.42917159
1412,2049,42,137051.18026417098,756.064200354506,TN,TENNESSEE,0.06588388,9029463.514383009
1413,2049,43,1709125.9623839096,8677.112168254429,TX,TEXAS,0.06588388,112603849.81058604
1414,2049,44,0.0,0.0,UT,UTAH,0.06588388,0.0
1415,2049,45,0.0,0.0,VT,VERMONT,0.06588388,0.0
1416,2049,46,0.0,0.0,VA,VIRGINIA,0.06588388,0.0
1417,2049,47,139042.70571757815,626.4151656597609,WA,WASHINGTON,0.06588388,9160672.938372234
1418,2049,48,0.0,0.0,WV,WEST VIRGINIA,0.06588388,0.0
1419,2049,49,35471.43519790995,238.30084438793068,WI,WISCONSIN,0.06588388,2336995.7800068757
1420,2049,50,58902.79938382203,1164.9872255044188,WY,WYOMING,0.06588388,3880744.966267805
1421,2050,0,3791.962381077077,113.72465096566644,AL,ALABAMA,0.0646733,245238.72066011216
1422,2050,2,0.0,0.0,AZ,ARIZONA,0.0646733,0.0
1423,2050,3,184462.40273089847,784.0766068863364,AR,ARKANSAS,0.0646733,11929792.310536217
1424,2050,4,7245.800328745771,108.70015142547852,CA,CALIFORNIA,0.0646733,468609.8184010739
1425,2050,5,239350.68456464828,2813.7174764690308,CO,COLORADO,0.0646733,15479598.628054868
1426,2050,6,5007.993602081581,72.45027463626931,CT,CONNECTICUT,0.0646733,323883.47262550273
1427,2050,7,7460.404160566482,142.8007811378533,DE,DELAWARE,0.0646733,482488.95639756427
1428,2050,8,0.0,0.0,DC,DISTRICT OF COLUMBIA,0.0646733,0.0
1429,2050,9,0.0,0.0,FL,FLORIDA,0.0646733,0.0
1430,2050,10,967.6870273719728,18.766264709591063,GA,GEORGIA,0.0646733,62583.51342733581
1431,2050,12,14928.733147050492,687.0743728630756,ID,IDAHO,0.0646733,965490.4374391406
1432,2050,13,1404033.4524733294,11170.879734946842,IL,ILLINOIS,0.0646733,90803476.68184337
1433,2050,14,187504.86505063792,3542.3795441976763,IN,INDIANA,0.0646733,12126558.388879422
1434,2050,15,0.0,0.0,IA,IOWA,0.0646733,0.0
1435,2050,16,588212.8915529288,2826.3664228072475,KS,KANSAS,0.0646733,38041668.799270034
1436,2050,17,154231.743927684,2201.0111287578047,KY,KENTUCKY,0.0646733,9974675.844558287
1437,2050,18,522641.1109066092,2928.5017782191853,LA,LOUISIANA,0.0646733,33800925.35799641
1438,2050,19,60.22162395586541,2.033096965199972,ME,MAINE,0.0646733,3894.731152584871
1439,2050,20,17913.334171614995,173.5797127336346,MD,MARYLAND,0.0646733,1158514.4348811083
1440,2050,21,1676.4386267153272,36.19479514826176,MA,MASSACHUSETTS,0.0646733,108420.81823714837
1441,2050,22,21347.53505813952,381.6525519250758,MI,MICHIGAN,0.0646733,1380615.5390755748
1442,2050,23,136235.7088431624,918.2945386499182,MN,MINNESOTA,0.0646733,8810812.868726494
1443,2050,24,114098.07112033118,873.839129438529,MS,MISSISSIPPI,0.0646733,7379098.782986515
1444,2050,25,197641.73888846685,2052.729381932248,MO,MISSOURI,0.0646733,12782143.471655482
1445,2050,26,0.0,0.0,MT,MONTANA,0.0646733,0.0
1446,2050,27,584300.1901720255,5709.419554401695,NE,NEBRASKA,0.0646733,37788621.48905245
1447,2050,28,0.0,0.0,NV,NEVADA,0.0646733,0.0
1448,2050,29,0.0,0.0,NH,NEW HAMPSHIRE,0.0646733,0.0
1449,2050,30,1288.9028393779572,113.25664901777289,NJ,NEW JERSEY,0.0646733,83357.60000194244
1450,2050,31,0.0,0.0,NM,NEW MEXICO,0.0646733,0.0
1451,2050,32,2407.241050877797,65.61706263508376,NY,NEW YORK,0.0646733,155684.22265573504
1452,2050,33,77711.63498562109,1009.1909353766576,NC,NORTH CAROLINA,0.0646733,5025867.882915569
1453,2050,34,95218.26601281376,824.1970434486365,ND,NORTH DAKOTA,0.0646733,6158079.483326509
1454,2050,35,41538.87959530604,1089.6064213277534,OH,OHIO,0.0646733,2686456.421731106
1455,2050,36,178315.3650141469,857.103532309641,OK,OKLAHOMA,0.0646733,11532243.096169427
1456,2050,37,3001.947097303864,7.460027671913096,OR,OREGON,0.0646733,194145.82520806202
1457,2050,38,42387.19146616048,592.9219244226477,PA,PENNSYLVANIA,0.0646733,2741319.549848437
1458,2050,39,314.3809821509388,4.535932179236514,RI,RHODE ISLAND,0.0646733,20332.05557294231
1459,2050,40,6046.801969046386,73.87956050357704,SC,SOUTH CAROLINA,0.0646733,391066.6377847277
1460,2050,41,381035.17376419535,4650.237289339669,SD,SOUTH DAKOTA,0.0646733,24642802.103403933
1461,2050,42,174960.9735819266,1364.247314446258,TN,TENNESSEE,0.0646733,11315303.532756016
1462,2050,43,408862.77908112505,2709.118778319528,TX,TEXAS,0.0646733,26442505.170347326
1463,2050,44,0.0,0.0,UT,UTAH,0.0646733,0.0
1464,2050,45,164.54156165030204,8.741029260085966,VT,VERMONT,0.0646733,10641.44577907848
1465,2050,46,5712.529899104493,104.5478382200643,VA,VIRGINIA,0.0646733,369448.15992375463
1466,2050,47,82803.51630275763,539.3769162140534,WA,WASHINGTON,0.0646733,5355176.650903136
1467,2050,48,3760.9436827328873,47.04762978229457,WV,WEST VIRGINIA,0.0646733,243232.63907648885
1468,2050,49,8411.978284386269,190.5237056141385,WI,WISCONSIN,0.0646733,544030.3951795985
1469,2050,50,58181.85217176995,946.6502690074228,WY,WYOMING,0.0646733,3762812.3800605293
1470,2051,0,225256.0024879044,1194.1386293440587,AL,ALABAMA,0.06581654,14825570.697985262
1471,2051,2,0.0,0.0,AZ,ARIZONA,0.06581654,0.0
1472,2051,3,240439.51415793403,991.2624674423606,AR,ARKANSAS,0.06581654,15824896.901156234
1473,2051,4,8126.341456416425,121.90986595962572,CA,CALIFORNIA,0.06581654,534847.67751989
1474,2051,5,346925.0519245572,3563.93297605568,CO,COLORADO,0.06581654,22833406.5569947
1475,2051,6,0.0,0.0,CT,CONNECTICUT,0.06581654,0.0
1476,2051,7,857.0488487201267,83.84958231596332,DE,DELAWARE,0.06581654,56407.98983374217
1477,2051,8,0.0,0.0,DC,DISTRICT OF COLUMBIA,0.06581654,0.0
1478,2051,9,4174.129201896551,20.50526144131232,FL,FLORIDA,0.06581654,274726.7415817925
1479,2051,10,119258.41737843082,690.4832184597816,GA,GEORGIA,0.06581654,7849176.397724189
1480,2051,12,10952.159601786312,507.39528031626486,ID,IDAHO,0.06581654,720833.250517353
1481,2051,13,8807018.432848673,34725.56265636609,IL,ILLINOIS,0.06581654,579647480.9663221
1482,2051,14,1935760.9093759777,14128.84306867755,IN,INDIANA,0.06581654,127405085.32238042
1483,2051,15,5128547.914790747,27177.81831712896,IA,IOWA,0.06581654,337543278.9757418
1484,2051,16,1825332.60369422,7287.159728709744,KS,KANSAS,0.06581654,120137076.3243448
1485,2051,17,492028.5872830582,4170.642089369031,KY,KENTUCKY,0.06581654,32383619.196058895
1486,2051,18,1092432.507299024,3835.151913971225,LA,LOUISIANA,0.06581654,71900127.8139465
1487,2051,19,0.0,0.0,ME,MAINE,0.06581654,0.0
1488,2051,20,422.569322512387,7.646212206079961,MD,MARYLAND,0.06581654,27812.05071790942
1489,2051,21,0.0,0.0,MA,MASSACHUSETTS,0.06581654,0.0
1490,2051,22,110791.02920814374,1076.7360020167591,MI,MICHIGAN,0.06581654,7291882.205518962
1491,2051,23,390642.80896180746,3765.303607673287,MN,MINNESOTA,0.06581654,25710758.06174716
1492,2051,24,750116.7658190982,2660.604847026383,MS,MISSISSIPPI,0.06581654,49370090.12220332
1493,2051,25,2969383.0683429195,13704.45581060111,MO,MISSOURI,0.06581654,195434519.4929145
1494,2051,26,0.0,0.0,MT,MONTANA,0.06581654,0.0
1495,2051,27,2857717.455111827,21350.178209332043,NE,NEBRASKA,0.06581654,188085075.1930658
1496,2051,28,0.0,0.0,NV,NEVADA,0.06581654,0.0
1497,2051,29,0.0,0.0,NH,NEW HAMPSHIRE,0.06581654,0.0
1498,2051,30,0.0,0.0,NJ,NEW JERSEY,0.06581654,0.0
1499,2051,31,0.0,0.0,NM,NEW MEXICO,0.06581654,0.0
1500,2051,32,133.30883981187554,1.715258232535577,NY,NEW YORK,0.06581654,8773.9265878319
1501,2051,33,484129.1390684927,3043.8506305895507,NC,NORTH CAROLINA,0.06581654,31863704.846667018
1502,2051,34,21323.05540873689,146.79958030786497,ND,NORTH DAKOTA,0.06581654,1403409.7292313483
1503,2051,35,335547.0725233129,2470.9266434326028,OH,OHIO,0.06581654,22084547.320613526
1504,2051,36,189864.9228172856,883.1564279284158,OK,OKLAHOMA,0.06581654,12496252.287200792
1505,2051,37,2927.1311514578792,7.6214065160798175,OR,OREGON,0.06581654,192653.6445151736
1506,2051,38,0.0,0.0,PA,PENNSYLVANIA,0.06581654,0.0
1507,2051,39,0.0,0.0,RI,RHODE ISLAND,0.06581654,0.0
1508,2051,40,70332.15547193334,574.4580837189095,SC,SOUTH CAROLINA,0.06581654,4629019.12390472
1509,2051,41,1099582.9709817804,5947.115994213889,SD,SOUTH DAKOTA,0.06581654,72370746.59294121
1510,2051,42,519995.5190308887,2837.60878823505,TN,TENNESSEE,0.06581654,34224305.87811725
1511,2051,43,1871219.5127902604,9852.821504435396,TX,TEXAS,0.06581654,123157193.91234069
1512,2051,44,0.0,0.0,UT,UTAH,0.06581654,0.0
1513,2051,45,0.0,0.0,VT,VERMONT,0.06581654,0.0
1514,2051,46,81311.38533676833,451.9870377737641,VA,VIRGINIA,0.06581654,5351634.045472827
1515,2051,47,78082.51484360514,560.808249381199,WA,WASHINGTON,0.06581654,5139120.961504732
1516,2051,48,1034.025226167667,19.62913212963172,WV,WEST VIRGINIA,0.06581654,68055.96265907331
1517,2051,49,125532.14589742116,1709.4360068646802,WI,WISCONSIN,0.06581654,8262091.501743456
1518,2051,50,121887.17110706364,1770.375280380795,WY,WYOMING,0.06581654,8022191.872654899
1519,2052,0,89931.35528487369,832.0051647988997,AL,ALABAMA,0.06695978,6021783.764976979
1520,2052,2,0.0,0.0,AZ,ARIZONA,0.06695978,0.0
1521,2052,3,339419.8959198381,1185.2964941426048,AR,ARKANSAS,0.06695978,22727481.558415256
1522,2052,4,13054.976962422004,204.34158402887545,CA,CALIFORNIA,0.06695978,874158.3853088456
1523,2052,5,567463.8692069515,5270.431100495523,CO,COLORADO,0.06695978,37997255.84004624
1524,2052,6,182.8161565777759,20.51662794100169,CT,CONNECTICUT,0.06695978,12241.329624893426
1525,2052,7,8588.112945790113,257.2617645423391,DE,DELAWARE,0.06695978,575058.153465258
1526,2052,8,0.0,0.0,DC,DISTRICT OF COLUMBIA,0.06695978,0.0
1527,2052,9,0.0,0.0,FL,FLORIDA,0.06695978,0.0
1528,2052,10,852.2904301125043,14.290005804389448,GA,GEORGIA,0.06695978,57069.17969643866
1529,2052,12,18513.48440767336,881.8545534489647,ID,IDAHO,0.06695978,1239658.8429712383
1530,2052,13,18335798.914869,45668.12621274551,IL,ILLINOIS,0.06695978,1227761061.463867
1531,2052,14,3267550.1412386578,17783.951897996198,IN,INDIANA,0.06695978,218794438.59630945
1532,2052,15,19735538.080593407,55564.57799091413,IA,IOWA,0.06695978,1321487288.0581567
1533,2052,16,2379756.98977234,7476.979823204402,KS,KANSAS,0.06695978,159348004.4886181
1534,2052,17,921780.0467303185,6070.067980129228,KY,KENTUCKY,0.06695978,61722189.137451835
1535,2052,18,579329.0245318417,2645.588152141542,LA,LOUISIANA,0.06695978,38791744.030266725
1536,2052,19,0.0,0.0,ME,MAINE,0.06695978,0.0
1537,2052,20,33423.00172156322,478.7341711280595,MD,MARYLAND,0.06695978,2237996.8422154943
1538,2052,21,629.4875173135699,12.336577627111408,MA,MASSACHUSETTS,0.06695978,42150.34567206283
1539,2052,22,530277.0163908026,3730.212598199437,MI,MICHIGAN,0.06695978,35507232.356584534
1540,2052,23,4335121.835056464,27421.67978366429,MN,MINNESOTA,0.06695978,290278804.34857714
1541,2052,24,246436.38733016205,1171.9584057460452,MS,MISSISSIPPI,0.06695978,16501326.279622437
1542,2052,25,7088773.501393327,18848.95508973743,MO,MISSOURI,0.06695978,474662714.1231268
1543,2052,26,0.0,0.0,MT,MONTANA,0.06695978,0.0
1544,2052,27,7026277.802965255,27887.267427130097,NE,NEBRASKA,0.06695978,470478015.9054369
1545,2052,28,0.0,0.0,NV,NEVADA,0.06695978,0.0
1546,2052,29,2.083856850330484,0.8875678795401895,NH,NEW HAMPSHIRE,0.06695978,139.53459624962213
1547,2052,30,527.0385696664166,30.42062411285524,NJ,NEW JERSEY,0.06695978,35290.38667637793
1548,2052,31,0.0,0.0,NM,NEW MEXICO,0.06695978,0.0
1549,2052,32,8150.205631759428,184.7302981341872,NY,NEW YORK,0.06695978,545735.9760573723
1550,2052,33,46688.48039951627,861.8638815419292,NC,NORTH CAROLINA,0.06695978,3126250.376085921
1551,2052,34,666649.1673701182,5451.051170645586,ND,NORTH DAKOTA,0.06695978,44638681.58428629
1552,2052,35,497259.1643668642,6193.672782637273,OH,OHIO,0.06695978,33296364.248989064
1553,2052,36,173745.36382193043,740.3033129501573,OK,OKLAHOMA,0.06695978,11633951.33753642
1554,2052,37,4230.80330060614,10.36917753518296,OR,OREGON,0.06695978,283293.65823186096
1555,2052,38,23063.25527470358,579.2207232678372,PA,PENNSYLVANIA,0.06695978,1544310.4992779912
1556,2052,39,170.80712328999468,3.599972293862879,RI,RHODE ISLAND,0.06695978,11437.20739793092
1557,2052,40,26066.637800019555,425.8859296935602,SC,SOUTH CAROLINA,0.06695978,1745416.3324289932
1558,2052,41,7849102.997587733,29643.004424259547,SD,SOUTH DAKOTA,0.06695978,525574209.9158151
1559,2052,42,675553.6137678039,3256.676001978251,TN,TENNESSEE,0.06695978,45234921.35609712
1560,2052,43,1006619.6784979376,6278.413559798311,TX,TEXAS,0.06695978,67403032.21589263
1561,2052,44,0.0,0.0,UT,UTAH,0.06695978,0.0
1562,2052,45,200.9568592993136,11.3168252574672,VT,VERMONT,0.06695978,13456.027088172992
1563,2052,46,9006.6054822919,147.69961246537935,VA,VIRGINIA,0.06695978,603080.3216410595
1564,2052,47,69809.19150964895,438.51824124622055,WA,WASHINGTON,0.06695978,4674408.105463961
1565,2052,48,4784.341621450714,183.31728261692533,WV,WEST VIRGINIA,0.06695978,320358.46241718304
1566,2052,49,3771473.3331815526,18989.07583902304,WI,WISCONSIN,0.06695978,252537024.66570345
1567,2052,50,135620.892964112,2187.247798510413,WY,WYOMING,0.06695978,9081145.156280486
1568,2053,0,0.0,0.0,AL,ALABAMA,0.06810302,0.0
1569,2053,2,0.0,0.0,AZ,ARIZONA,0.06810302,0.0
1570,2053,3,100295.01046427466,562.9049729245947,AR,ARKANSAS,0.06810302,6830393.1035487065
1571,2053,4,25915.56872338633,390.0738267338887,CA,CALIFORNIA,0.06810302,1764928.4950801537
1572,2053,5,588957.5681551879,5202.119515791251,CO,COLORADO,0.06810302,40109789.04322412
1573,2053,6,43.3046566974942,7.535087263211708,CT,CONNECTICUT,0.06810302,2949.1779011625817
1574,2053,7,0.0,0.0,DE,DELAWARE,0.06810302,0.0
1575,2053,8,0.0,0.0,DC,DISTRICT OF COLUMBIA,0.06810302,0.0
1576,2053,9,0.0,0.0,FL,FLORIDA,0.06810302,0.0
1577,2053,10,0.0,0.0,GA,GEORGIA,0.06810302,0.0
1578,2053,12,25518.030304253047,1201.3671844974626,ID,IDAHO,0.06810302,1737854.9281711513
1579,2053,13,561002.8923016833,12078.211551397872,IL,ILLINOIS,0.06810302,38205991.19447938
1580,2053,14,279206.5019175991,3695.696426313182,IN,INDIANA,0.06810302,19014805.984224293
1581,2053,15,5073891.471515009,20963.73521924453,IA,IOWA,0.06810302,345547332.3624161
1582,2053,16,1356911.973372094,5309.423201069178,KS,KANSAS,0.06810302,92409803.2607992
1583,2053,17,78710.83612044137,1027.7557461183967,KY,KENTUCKY,0.06810302,5360445.64652714
1584,2053,18,237084.686941498,1552.7199516852786,LA,LOUISIANA,0.06810302,16146183.176470576
1585,2053,19,0.0,0.0,ME,MAINE,0.06810302,0.0
1586,2053,20,921.5677734285928,16.29687836566686,MD,MARYLAND,0.06810302,62761.54850516293
1587,2053,21,0.0,0.0,MA,MASSACHUSETTS,0.06810302,0.0
1588,2053,22,34804.05640687216,519.1672470362852,MI,MICHIGAN,0.06810302,2370261.3495583427
1589,2053,23,1892477.1050549075,12273.125394693485,MN,MINNESOTA,0.06810302,128883406.13509648
1590,2053,24,21928.37296344357,242.62958310064795,MS,MISSISSIPPI,0.06810302,1493388.4224968567
1591,2053,25,465041.30365111446,3882.745073728106,MO,MISSOURI,0.06810302,31670717.20337792
1592,2053,26,0.0,0.0,MT,MONTANA,0.06810302,0.0
1593,2053,27,6584399.18628685,26918.60505665719,NE,NEBRASKA,0.06810302,448417469.47167706
1594,2053,28,0.0,0.0,NV,NEVADA,0.06810302,0.0
1595,2053,29,0.0,0.0,NH,NEW HAMPSHIRE,0.06810302,0.0
1596,2053,30,17.307532656837584,0.5323267827903218,NJ,NEW JERSEY,0.06810302,1178.695242679263
1597,2053,31,0.0,0.0,NM,NEW MEXICO,0.06810302,0.0
1598,2053,32,0.0,0.0,NY,NEW YORK,0.06810302,0.0
1599,2053,33,536.2485616680883,20.309301780943294,NC,NORTH CAROLINA,0.06810302,36520.14652025305
1600,2053,34,203846.83024298665,1691.4378047907771,ND,NORTH DAKOTA,0.06810302,13882584.756974725
1601,2053,35,15079.723223511884,552.5199448120463,OH,OHIO,0.06810302,1026974.6922852943
1602,2053,36,120124.01088371176,429.2423913285057,OK,OKLAHOMA,0.06810302,8180807.91569364
1603,2053,37,7029.152878406092,15.150626130768435,OR,OREGON,0.06810302,478706.5390611476
1604,2053,38,1551.0869582433784,49.07357698469436,PA,PENNSYLVANIA,0.06810302,105633.70613898797
1605,2053,39,159.3376049135286,3.5996123842478744,RI,RHODE ISLAND,0.06810302,10851.372094178136
1606,2053,40,0.0,0.0,SC,SOUTH CAROLINA,0.06810302,0.0
1607,2053,41,7204197.477940375,27476.670779521715,SD,SOUTH DAKOTA,0.06810302,490627604.9241229
1608,2053,42,63237.38625957822,828.7678727121622,TN,TENNESSEE,0.06810302,4306656.98118378
1609,2053,43,1407332.0194135597,7319.144171670226,TX,TEXAS,0.06810302,95843560.66476205
1610,2053,44,0.0,0.0,UT,UTAH,0.06810302,0.0
1611,2053,45,0.0,0.0,VT,VERMONT,0.06810302,0.0
1612,2053,46,0.0,0.0,VA,VIRGINIA,0.06810302,0.0
1613,2053,47,118745.86938865996,708.4605792244145,WA,WASHINGTON,0.06810302,8086952.317893297
1614,2053,48,233.33364162333336,5.2816061766566005,WV,WEST VIRGINIA,0.06810302,15890.725662146704
1615,2053,49,422981.21549046255,3108.0239750254555,WI,WISCONSIN,0.06810302,28806298.17817128
1616,2053,50,152520.50898755825,2153.438866289988,WY,WYOMING,0.06810302,10387107.273989858
1617,2054,0,0.0,0.0,AL,ALABAMA,0.0692462599999999,0.0
1618,2054,2,0.0,0.0,AZ,ARIZONA,0.0692462599999999,0.0
1619,2054,3,25003.12962105863,238.6192586724575,AR,ARKANSAS,0.0692462599999999,1731373.214553525
1620,2054,4,12592.583438743672,189.5696408520468,CA,CALIFORNIA,0.0692462599999999,871989.3068709371
1621,2054,5,280464.7910975418,3327.8544709784346,CO,COLORADO,0.0692462599999999,19421137.84518604
1622,2054,6,0.0,0.0,CT,CONNECTICUT,0.0692462599999999,0.0
1623,2054,7,0.0,0.0,DE,DELAWARE,0.0692462599999999,0.0
1624,2054,8,0.0,0.0,DC,DISTRICT OF COLUMBIA,0.0692462599999999,0.0
1625,2054,9,0.0,0.0,FL,FLORIDA,0.0692462599999999,0.0
1626,2054,10,0.0,0.0,GA,GEORGIA,0.0692462599999999,0.0
1627,2054,12,28753.557843169343,1344.9487506893877,ID,IDAHO,0.0692462599999999,1991076.3423331408
1628,2054,13,1822729.8600160093,23255.10894585248,IL,ILLINOIS,0.0692462599999999,126217225.79643202
1629,2054,14,92117.36318194,1249.949385783882,IN,INDIANA,0.0692462599999999,6378782.8814110365
1630,2054,15,5024246.260230305,29704.248252722515,IA,IOWA,0.0692462599999999,347910262.8399349
1631,2054,16,1432052.8509032326,5620.531671113391,KS,KANSAS,0.0692462599999999,99164304.04738635
1632,2054,17,24039.29719644275,413.9720199808561,KY,KENTUCKY,0.0692462599999999,1664631.4238821436
1633,2054,18,16782.148971387724,321.2952283143677,LA,LOUISIANA,0.0692462599999999,1162101.0510314454
1634,2054,19,0.0,0.0,ME,MAINE,0.0692462599999999,0.0
1635,2054,20,2082.19953209402,26.541078634182988,MD,MARYLAND,0.0692462599999999,144184.53017126065
1636,2054,21,0.0,0.0,MA,MASSACHUSETTS,0.0692462599999999,0.0
1637,2054,22,20120.72481997332,153.88808535593668,MI,MICHIGAN,0.0692462599999999,1393284.9422723239
1638,2054,23,485912.6842178325,4163.549704028309,MN,MINNESOTA,0.0692462599999999,33647636.06864588
1639,2054,24,66378.5500608479,494.85156620464295,MS,MISSISSIPPI,0.0692462599999999,4596466.335936484
1640,2054,25,2980297.8960695383,15093.257507086924,MO,MISSOURI,0.0692462599999999,206374482.98868394
1641,2054,26,0.0,0.0,MT,MONTANA,0.0692462599999999,0.0
1642,2054,27,3923513.6049048975,23709.31789430189,NE,NEBRASKA,0.0692462599999999,271688643.19878143
1643,2054,28,0.0,0.0,NV,NEVADA,0.0692462599999999,0.0
1644,2054,29,0.0,0.0,NH,NEW HAMPSHIRE,0.0692462599999999,0.0
1645,2054,30,0.0,0.0,NJ,NEW JERSEY,0.0692462599999999,0.0
1646,2054,31,0.0,0.0,NM,NEW MEXICO,0.0692462599999999,0.0
1647,2054,32,0.0,0.0,NY,NEW YORK,0.0692462599999999,0.0
1648,2054,33,43888.221558526086,569.1078283240611,NC,NORTH CAROLINA,0.0692462599999999,3039095.2009792984
1649,2054,34,93249.79413997072,537.1131367835158,ND,NORTH DAKOTA,0.0692462599999999,6457199.4899628805
1650,2054,35,1055.2795289968583,17.462287659426725,OH,OHIO,0.0692462599999999,73074.16063759389
1651,2054,36,97091.46555512663,353.670335478597,OK,OKLAHOMA,0.0692462599999999,6723220.867611335
1652,2054,37,6994.279329864103,15.150246834954975,OR,OREGON,0.0692462599999999,484327.6849883947
1653,2054,38,1553.784128443578,28.859920597382995,PA,PENNSYLVANIA,0.0692462599999999,107593.73974207726
1654,2054,39,0.0,0.0,RI,RHODE ISLAND,0.0692462599999999,0.0
1655,2054,40,7.642074581632068,8.070928627724262,SC,SOUTH CAROLINA,0.0692462599999999,529.1850834190847
1656,2054,41,3206630.6608859603,20431.885284158965,SD,SOUTH DAKOTA,0.0692462599999999,222047180.46768072
1657,2054,42,99136.93087668918,1060.3085329438543,TN,TENNESSEE,0.0692462599999999,6864861.691089238
1658,2054,43,498132.51122380886,2640.9954119110644,TX,TEXAS,0.0692462599999999,34493813.38665674
1659,2054,44,120.60415534312206,3.802161118012078,UT,UTAH,0.0692462599999999,8351.386697970207
1660,2054,45,0.0,0.0,VT,VERMONT,0.0692462599999999,0.0
1661,2054,46,938.3213533457354,19.56990362962711,VA,VIRGINIA,0.0692462599999999,64975.24439733057
1662,2054,47,162487.61514796517,765.8401407946806,WA,WASHINGTON,0.0692462599999999,11251659.64531592
1663,2054,48,0.0,0.0,WV,WEST VIRGINIA,0.0692462599999999,0.0
1664,2054,49,15725.98360913425,191.1909785608921,WI,WISCONSIN,0.0692462599999999,1088965.549753847
1665,2054,50,53085.63274399385,1151.36304123327,WY,WYOMING,0.0692462599999999,3675981.5272551067
1666,2055,0,6528.440814636362,170.786925699025,AL,ALABAMA,0.0703895,459533.68472184613
1667,2055,2,0.0,0.0,AZ,ARIZONA,0.0703895,0.0
1668,2055,3,3255.985372820475,68.90045582981348,AR,ARKANSAS,0.0703895,229187.1824001468
1669,2055,4,20647.96956471602,317.48657903427886,CA,CALIFORNIA,0.0703895,1453400.2536755782
1670,2055,5,72758.62271034256,1217.3280093864876,CO,COLORADO,0.0703895,5121443.073269657
1671,2055,6,4778.910241333818,58.20988236529978,CT,CONNECTICUT,0.0703895,336385.10243236675
1672,2055,7,0.0,0.0,DE,DELAWARE,0.0703895,0.0
1673,2055,8,0.0,0.0,DC,DISTRICT OF COLUMBIA,0.0703895,0.0
1674,2055,9,68.52820870231318,1.2217712214383174,FL,FLORIDA,0.0703895,4823.666346451473
1675,2055,10,9517.399656584144,103.84907316236288,GA,GEORGIA,0.0703895,669925.0031271295
1676,2055,12,26868.120458096942,1259.0971516704765,ID,IDAHO,0.0703895,1891233.5649852147
1677,2055,13,363762.10632973874,9254.003047288805,IL,ILLINOIS,0.0703895,25605032.783497144
1678,2055,14,77131.74988143684,2286.824714056092,IN,INDIANA,0.0703895,5429265.308279398
1679,2055,15,1014521.4778160012,10659.727247911933,IA,IOWA,0.0703895,71411659.5627294
1680,2055,16,499335.7591454088,2064.278527664038,KS,KANSAS,0.0703895,35147994.41836575
1681,2055,17,1735.9669226433357,42.90073201862098,KY,KENTUCKY,0.0703895,122193.84370140308
1682,2055,18,3575.2411559797106,266.99355786733764,LA,LOUISIANA,0.0703895,251659.43734883383
1683,2055,19,0.0,0.0,ME,MAINE,0.0703895,0.0
1684,2055,20,2018.5671092938776,22.613175133465248,MD,MARYLAND,0.0703895,142085.9295396414
1685,2055,21,3323.08380590686,62.66823670423479,MA,MASSACHUSETTS,0.0703895,233910.20755588092
1686,2055,22,53899.095133233146,542.3063678603752,MI,MICHIGAN,0.0703895,3793930.356880714
1687,2055,23,485350.3776571285,3618.902083973361,MN,MINNESOTA,0.0703895,34163570.40809645
1688,2055,24,19191.19630396722,317.48376269190067,MS,MISSISSIPPI,0.0703895,1350858.7122381004
1689,2055,25,176205.73906257143,4103.9967673119045,MO,MISSOURI,0.0703895,12403033.86974487
1690,2055,26,0.0,0.0,MT,MONTANA,0.0703895,0.0
1691,2055,27,1259039.653061165,13155.77259816784,NE,NEBRASKA,0.0703895,88623171.65914887
1692,2055,28,0.0,0.0,NV,NEVADA,0.0703895,0.0
1693,2055,29,9.706482460869228,1.0022208912048318,NH,NEW HAMPSHIRE,0.0703895,683.2344471793546
1694,2055,30,0.0,0.0,NJ,NEW JERSEY,0.0703895,0.0
1695,2055,31,0.0,0.0,NM,NEW MEXICO,0.0703895,0.0
1696,2055,32,15925.79347483327,349.6413842128551,NY,NEW YORK,0.0703895,1121008.6397967765
1697,2055,33,25940.74053757942,518.5553673951918,NC,NORTH CAROLINA,0.0703895,1825955.7560699463
1698,2055,34,104933.11602075062,782.4743264421837,ND,NORTH DAKOTA,0.0703895,7386189.570142625
1699,2055,35,20654.439267812915,714.4118260624577,OH,OHIO,0.0703895,1453855.652841717
1700,2055,36,66034.34283515278,268.4781002196879,OK,OKLAHOMA,0.0703895,4648124.374994987
1701,2055,37,7093.079276562456,15.150348403973233,OR,OREGON,0.0703895,499278.3037375929
1702,2055,38,11926.994405512629,219.9181267419279,PA,PENNSYLVANIA,0.0703895,839535.1727068311
1703,2055,39,253.26537317524384,3.599972231502236,RI,RHODE ISLAND,0.0703895,17827.222985118824
1704,2055,40,3826.587590343778,56.19430354428053,SC,SOUTH CAROLINA,0.0703895,269351.5871905033
1705,2055,41,1621026.505469605,15271.319878009868,SD,SOUTH DAKOTA,0.0703895,114103245.20675276
1706,2055,42,52336.35995211259,882.1144052607028,TN,TENNESSEE,0.0703895,3683930.2088492285
1707,2055,43,70143.27561768981,559.8124042524461,TX,TEXAS,0.0703895,4937350.099091377
1708,2055,44,61.3557381463957,4.048461511936834,UT,UTAH,0.0703895,4318.79973025572
1709,2055,45,4.525981187483999,0.4535427573871667,VT,VERMONT,0.0703895,318.58155279640494
1710,2055,46,1470.381103888199,29.980815521449458,VA,VIRGINIA,0.0703895,103499.39071213837
1711,2055,47,178807.18786450324,810.8702960407354,WA,WASHINGTON,0.0703895,12586148.55018845
1712,2055,48,0.0,0.0,WV,WEST VIRGINIA,0.0703895,0.0
1713,2055,49,74401.02208258654,1241.8974972285466,WI,WISCONSIN,0.0703895,5237050.743882225
1714,2055,50,32790.31598655333,569.8916894491201,WY,WYOMING,0.0703895,2308093.9471354955
