Unnamed: 0,Year,state_id,Production_Loss(ton),Area_Loss(km^2),State_Code,State_Name,Price,Financial_Loss($)
0,2021,0,115787.80704021512,750.8085725020203,AL,ALABAMA,0.0665259,7702888.072376647
1,2021,2,0.0,0.0,AZ,ARIZONA,0.0665259,0.0
2,2021,3,2282.9644797176884,26.040773145059976,AR,ARKANSAS,0.0665259,151876.26668125094
3,2021,4,1950.834385360503,31.874221892259968,CA,CALIFORNIA,0.0665259,129781.01323705427
4,2021,5,229642.47248978404,2320.357104372045,CO,COLORADO,0.0665259,15277172.160608124
5,2021,6,14437.525329318816,98.50657894072212,CT,CONNECTICUT,0.0665259,960469.3663057305
6,2021,7,4121.82112201822,50.16470470481431,DE,DELAWARE,0.0665259,274207.8597812719
7,2021,8,0.0,0.0,DC,DISTRICT OF COLUMBIA,0.0665259,0.0
8,2021,9,15976.345750192206,54.17842175811722,FL,FLORIDA,0.0665259,1062840.7797427117
9,2021,10,253884.47611170053,1029.11151437875,GA,GEORGIA,0.0665259,16889893.26935938
10,2021,12,6411.831564639539,290.25860718499894,ID,IDAHO,0.0665259,426552.86548605346
11,2021,13,3822006.1987299193,24576.37472610789,IL,ILLINOIS,0.0665259,254262402.17608675
12,2021,14,1161856.3792724167,19428.398102511776,IN,INDIANA,0.0665259,77293541.30183886
13,2021,15,18896620.9083964,56924.64978450895,IA,IOWA,0.0665259,1257114712.889888
14,2021,16,1865457.4118320968,7137.788574229512,KS,KANSAS,0.0665259,124101233.23380089
15,2021,17,37005.30782902763,1490.5458948732976,KY,KENTUCKY,0.0665259,2461811.4081031093
16,2021,18,139127.36118090304,1097.9802655788749,LA,LOUISIANA,0.0665259,9255572.917184638
17,2021,19,9.577249558466027,2.174131620950211,ME,MAINE,0.0665259,637.1351464015551
18,2021,20,81883.73275677477,849.9245455960039,MD,MARYLAND,0.0665259,5447389.017003923
19,2021,21,9808.329029649947,87.9846448602436,MA,MASSACHUSETTS,0.0665259,652507.9161935893
20,2021,22,79819.46090100904,920.4842845763088,MI,MICHIGAN,0.0665259,5310061.473954437
21,2021,23,10239948.267411856,29956.069064218027,MN,MINNESOTA,0.0665259,681221774.4430144
22,2021,24,235089.10973142184,1172.3094603923537,MS,MISSISSIPPI,0.0665259,15639514.605081595
23,2021,25,1509332.6275184115,7656.647417890026,MO,MISSOURI,0.0665259,100409711.44502708
24,2021,26,0.0,0.0,MT,MONTANA,0.0665259,0.0
25,2021,27,4686872.810132304,19609.31430943429,NE,NEBRASKA,0.0665259,311798431.8795807
26,2021,28,0.0,0.0,NV,NEVADA,0.0665259,0.0
27,2021,29,72.19658109205443,4.953772591828153,NH,NEW HAMPSHIRE,0.0665259,4802.9425340719035
28,2021,30,338.53208684481973,5.1803115028710005,NJ,NEW JERSEY,0.0665259,22521.151756229792
29,2021,31,0.0,0.0,NM,NEW MEXICO,0.0665259,0.0
30,2021,32,97577.4308692517,764.4264643823583,NY,NEW YORK,0.0665259,6491426.408264752
31,2021,33,160013.4387566541,1444.7754890603524,NC,NORTH CAROLINA,0.0665259,10645038.025381293
32,2021,34,3873116.475840226,11909.952740643632,ND,NORTH DAKOTA,0.0665259,257662559.36009926
33,2021,35,1149999.9791758424,10697.96555116883,OH,OHIO,0.0665259,76504783.61465417
34,2021,36,105462.3831414643,395.3953670568846,OK,OKLAHOMA,0.0665259,7015979.95463074
35,2021,37,2798.6374054039625,7.688779263621487,OR,OREGON,0.0665259,186181.87216816345
36,2021,38,93600.0742995292,778.4281809065048,PA,PENNSYLVANIA,0.0665259,6226829.182843049
37,2021,39,2936.687104250393,12.513657551914498,RI,RHODE ISLAND,0.0665259,195365.75262865121
38,2021,40,51060.41308461915,559.3979661369497,SC,SOUTH CAROLINA,0.0665259,3396839.934826065
39,2021,41,12467695.830235977,33763.670580458835,SD,SOUTH DAKOTA,0.0665259,829424686.0326955
40,2021,42,50663.33442842009,809.9589839056059,TN,TENNESSEE,0.0665259,3370423.919851632
41,2021,43,285850.89062962186,1537.3806873139556,TX,TEXAS,0.0665259,19016487.764937162
42,2021,44,0.0,0.0,UT,UTAH,0.0665259,0.0
43,2021,45,718.277445856864,22.33156506199343,VT,VERMONT,0.0665259,47784.05353532915
44,2021,46,128445.86027792274,1173.4814952337074,VA,VIRGINIA,0.0665259,8544976.45626306
45,2021,47,46816.873387943575,358.37031411119096,WA,WASHINGTON,0.0665259,3114534.6373189953
46,2021,48,26715.446802441205,194.4106232529276,WV,WEST VIRGINIA,0.0665259,1777269.1424345234
47,2021,49,1561617.607122834,11720.042128073434,WI,WISCONSIN,0.0665259,103888016.76969294
48,2021,50,50666.52682985816,717.1209282084233,WY,WYOMING,0.0665259,3370636.2972304607
49,2022,0,5127.779362953567,81.27813567514102,AL,ALABAMA,0.0678693,348018.7959181045
50,2022,2,0.0,0.0,AZ,ARIZONA,0.0678693,0.0
51,2022,3,32749.39207369132,183.61093923126225,AR,ARKANSAS,0.0678693,2222678.315466978
52,2022,4,1633.8144449606284,26.40625964784,CA,CALIFORNIA,0.0678693,110885.84270936636
53,2022,5,129246.30119830163,1699.6022616193698,CO,COLORADO,0.0678693,8771855.989917891
54,2022,6,0.0,0.0,CT,CONNECTICUT,0.0678693,0.0
55,2022,7,0.0,0.0,DE,DELAWARE,0.0678693,0.0
56,2022,8,0.0,0.0,DC,DISTRICT OF COLUMBIA,0.0678693,0.0
57,2022,9,0.0,0.0,FL,FLORIDA,0.0678693,0.0
58,2022,10,0.0,0.0,GA,GEORGIA,0.0678693,0.0
59,2022,12,2824.6130073437566,124.40797239336864,ID,IDAHO,0.0678693,191704.5075793156
60,2022,13,4724817.451292272,30408.30683191511,IL,ILLINOIS,0.0678693,320670053.0469905
61,2022,14,1526254.7361398565,13166.490929565194,IN,INDIANA,0.0678693,103585840.56349675
62,2022,15,813918.7099611249,5456.240993692945,IA,IOWA,0.0678693,55240093.10196457
63,2022,16,722177.8274824783,2885.59289903469,KS,KANSAS,0.0678693,49013703.626756564
64,2022,17,384370.0643051356,3554.4692275614125,KY,KENTUCKY,0.0678693,26086927.205344535
65,2022,18,156699.91699620662,1308.5723591356275,LA,LOUISIANA,0.0678693,10635113.676590644
66,2022,19,362.1731934378884,15.136116702907476,ME,MAINE,0.0678693,24580.441117394075
67,2022,20,407.9125043314879,4.103420680017196,MD,MARYLAND,0.0678693,27684.73613022505
68,2022,21,1245.325400353746,12.63794865615476,MA,MASSACHUSETTS,0.0678693,84519.36319422848
69,2022,22,370086.1215708849,2160.019344268239,MI,MICHIGAN,0.0678693,25117486.010730855
70,2022,23,2251075.97732916,9020.916469197164,MN,MINNESOTA,0.0678693,152778950.82814595
71,2022,24,63902.14084657197,605.3015663474716,MS,MISSISSIPPI,0.0678693,4336993.567758247
72,2022,25,343975.38825164,2103.6369450089937,MO,MISSOURI,0.0678693,23345368.81786703
73,2022,26,0.0,0.0,MT,MONTANA,0.0678693,0.0
74,2022,27,175125.7851280215,1543.0221911428146,NE,NEBRASKA,0.0678693,11885664.44858923
75,2022,28,0.0,0.0,NV,NEVADA,0.0678693,0.0
76,2022,29,256.7899703661167,8.447194144282875,NH,NEW HAMPSHIRE,0.0678693,17428.15553576908
77,2022,30,1587.4227781527454,12.935818752572136,NJ,NEW JERSEY,0.0678693,107737.27275728212
78,2022,31,14.310875972944334,0.7087624371934417,NM,NEW MEXICO,0.0678693,971.2691346705508
79,2022,32,49003.25744234558,430.4222565272864,NY,NEW YORK,0.0678693,3325816.780331785
80,2022,33,2457.462592036199,106.53741591324494,NC,NORTH CAROLINA,0.0678693,166786.2658976824
81,2022,34,1241691.617528853,4809.143075985763,ND,NORTH DAKOTA,0.0678693,84272740.89755097
82,2022,35,1177848.3889805132,10955.684868382285,OH,OHIO,0.0678693,79939745.66623513
83,2022,36,62462.98090168132,306.72313775568773,OK,OKLAHOMA,0.0678693,4239318.78971048
84,2022,37,4264.963217573434,10.855354112881871,OR,OREGON,0.0678693,289460.06810245663
85,2022,38,58670.544161310485,679.2455971195209,PA,PENNSYLVANIA,0.0678693,3981928.7628472294
86,2022,39,0.0,0.0,RI,RHODE ISLAND,0.0678693,0.0
87,2022,40,0.0,0.0,SC,SOUTH CAROLINA,0.0678693,0.0
88,2022,41,2216696.097636694,9087.589699352076,SD,SOUTH DAKOTA,0.0678693,150445612.45933405
89,2022,42,198132.2888008672,1289.4808433359651,TN,TENNESSEE,0.0678693,13447099.748312695
90,2022,43,318559.3553281281,1736.0593215763784,TX,TEXAS,0.0678693,21620400.45457132
91,2022,44,0.0,0.0,UT,UTAH,0.0678693,0.0
92,2022,45,1219.191364641796,21.331193698907228,VT,VERMONT,0.0678693,82745.66448428345
93,2022,46,2519.458961868312,19.13540366056785,VA,VIRGINIA,0.0678693,170993.91612072903
94,2022,47,63402.22791617976,404.2374930066935,WA,WASHINGTON,0.0678693,4303064.827111579
95,2022,48,718.0944924477458,9.8146971933403,WV,WEST VIRGINIA,0.0678693,48736.57053628378
96,2022,49,100119.33421961025,1003.2817700565672,WI,WISCONSIN,0.0678693,6795029.129950993
97,2022,50,17696.56115895567,260.0580798323115,WY,WYOMING,0.0678693,1201053.2182655097
98,2023,0,0.0,0.0,AL,ALABAMA,0.0692127,0.0
99,2023,2,0.0,0.0,AZ,ARIZONA,0.0692127,0.0
100,2023,3,1727.5386571868546,16.533309430735606,AR,ARKANSAS,0.0692127,119567.61481827662
101,2023,4,3147.1412643385056,50.865157687204,CA,CALIFORNIA,0.0692127,217822.1441862817
102,2023,5,156118.09568362916,1559.2411410421105,CO,COLORADO,0.0692127,10805354.92112232
103,2023,6,9704.304431884346,57.2763710635071,CT,CONNECTICUT,0.0692127,671661.1113526818
104,2023,7,195.3878826371468,1.5433070517353018,DE,DELAWARE,0.0692127,13523.32290460005
105,2023,8,0.0,0.0,DC,DISTRICT OF COLUMBIA,0.0692127,0.0
106,2023,9,0.0,0.0,FL,FLORIDA,0.0692127,0.0
107,2023,10,5511.535697718717,22.76437032662531,GA,GEORGIA,0.0692127,381468.2667854962
108,2023,12,1361.3665907195889,59.2493281774664,ID,IDAHO,0.0692127,94223.85743349769
109,2023,13,2410058.340561353,18012.576945149045,IL,ILLINOIS,0.0692127,166806644.90777078
110,2023,14,2309525.5196643346,15827.167474450773,IN,INDIANA,0.0692127,159848496.9348717
111,2023,15,535441.2676323648,4878.500103791934,IA,IOWA,0.0692127,37059335.82425857
112,2023,16,1217566.3895522512,5356.830247997631,KS,KANSAS,0.0692127,84271057.2501631
113,2023,17,2223.2349106438687,24.72919240243592,KY,KENTUCKY,0.0692127,153876.09089992088
114,2023,18,13.960182097607158,0.0336902565909236,LA,LOUISIANA,0.0692127,966.221895467055
115,2023,19,61.05844166790558,0.916332019291856,ME,MAINE,0.0692127,4226.019605628249
116,2023,20,49508.11207542937,299.8316607117466,MD,MARYLAND,0.0692127,3426590.108643071
117,2023,21,5017.981069064654,24.259845200648776,MA,MASSACHUSETTS,0.0692127,347308.01833885117
118,2023,22,219547.48205128376,1535.8427090013513,MI,MICHIGAN,0.0692127,15195474.010970887
119,2023,23,1856920.4798327773,9391.509230400854,MN,MINNESOTA,0.0692127,128522480.09452207
120,2023,24,0.0,0.0,MS,MISSISSIPPI,0.0692127,0.0
121,2023,25,314658.8420767826,3180.5254734652394,MO,MISSOURI,0.0692127,21778388.03900773
122,2023,26,0.0,0.0,MT,MONTANA,0.0692127,0.0
123,2023,27,504426.7956362306,2993.9085418244504,NE,NEBRASKA,0.0692127,34912740.47833174
124,2023,28,0.0,0.0,NV,NEVADA,0.0692127,0.0
125,2023,29,15.420653789795988,0.4668162199906341,NH,NEW HAMPSHIRE,0.0692127,1067.3050845570128
126,2023,30,10421.074526273876,61.82395969695373,NJ,NEW JERSEY,0.0692127,721270.704864636
127,2023,31,0.0,0.0,NM,NEW MEXICO,0.0692127,0.0
128,2023,32,41577.55096711744,265.4736242407451,NY,NEW YORK,0.0692127,2877694.561821809
129,2023,33,15368.150866429114,235.59900450279835,NC,NORTH CAROLINA,0.0692127,1063671.2154728984
130,2023,34,1738764.1669851283,6189.8282149634415,ND,NORTH DAKOTA,0.0692127,120344562.6602916
131,2023,35,1208580.9727059875,11146.02577232304,OH,OHIO,0.0692127,83649152.2896077
132,2023,36,116695.09819573464,439.7984325285663,OK,OKLAHOMA,0.0692127,8076782.822891923
133,2023,37,5205.433459056223,13.332648254667951,OR,OREGON,0.0692127,360282.10437162063
134,2023,38,31966.711025477573,283.38723483407483,PA,PENNSYLVANIA,0.0692127,2212502.380193072
135,2023,39,1508.709762140268,9.223554309711355,RI,RHODE ISLAND,0.0692127,104421.87615408572
136,2023,40,131.98741491201775,3.441332772050236,SC,SOUTH CAROLINA,0.0692127,9135.205352081011
137,2023,41,3867183.178372278,15511.622995527216,SD,SOUTH DAKOTA,0.0692127,267658189.16972697
138,2023,42,795.7363913453676,4.839202085410255,TN,TENNESSEE,0.0692127,55075.06413326952
139,2023,43,305074.30529174936,1576.1787293979437,TX,TEXAS,0.0692127,21115016.369866263
140,2023,44,0.0,0.0,UT,UTAH,0.0692127,0.0
141,2023,45,0.0,0.0,VT,VERMONT,0.0692127,0.0
142,2023,46,13051.945990108505,82.02877936704044,VA,VIRGINIA,0.0692127,903360.4222295829
143,2023,47,49886.33432320845,372.87588253911525,WA,WASHINGTON,0.0692127,3452767.8916119295
144,2023,48,396.06352002481947,5.705542741534759,WV,WEST VIRGINIA,0.0692127,27412.625592421824
145,2023,49,594730.4659588989,2663.735382738807,WI,WISCONSIN,0.0692127,41162901.32127348
146,2023,50,35805.891627991135,416.8479747268872,WY,WYOMING,0.0692127,2478222.435480662
147,2024,0,41372.81458274966,232.74796908550985,AL,ALABAMA,0.0705561,2919104.4429819435
148,2024,2,0.0,0.0,AZ,ARIZONA,0.0705561,0.0
149,2024,3,27566.469381645053,118.86811350434694,AR,ARKANSAS,0.0705561,1944982.5703382865
150,2024,4,10044.792763786993,167.11663052046916,CA,CALIFORNIA,0.0705561,708721.4027210313
151,2024,5,224469.7292434908,2453.339825901555,CO,COLORADO,0.0705561,15837708.663476659
152,2024,6,0.0,0.0,CT,CONNECTICUT,0.0705561,0.0
153,2024,7,0.0,0.0,DE,DELAWARE,0.0705561,0.0
154,2024,8,0.0,0.0,DC,DISTRICT OF COLUMBIA,0.0705561,0.0
155,2024,9,95.63212780415688,0.4805342380238097,FL,FLORIDA,0.0705561,6747.429972562873
156,2024,10,0.0,0.0,GA,GEORGIA,0.0705561,0.0
157,2024,12,4924.344717306809,227.05209968845747,ID,IDAHO,0.0705561,347442.5583087709
158,2024,13,1159834.1721673512,9217.134780948094,IL,ILLINOIS,0.0705561,81833375.83485685
159,2024,14,922764.2968030073,6945.994868383071,IN,INDIANA,0.0705561,65106650.00166266
160,2024,15,88486.68851250768,1086.2807960220912,IA,IOWA,0.0705561,6243275.643357343
161,2024,16,1268552.8899020872,4804.378515134906,KS,KANSAS,0.0705561,89504144.55522065
162,2024,17,65382.05017173043,257.719509488611,KY,KENTUCKY,0.0705561,4613102.47012163
163,2024,18,308085.5946378845,1431.2596020240408,LA,LOUISIANA,0.0705561,21737318.02383004
164,2024,19,0.0,0.0,ME,MAINE,0.0705561,0.0
165,2024,20,0.0,0.0,MD,MARYLAND,0.0705561,0.0
166,2024,21,0.0,0.0,MA,MASSACHUSETTS,0.0705561,0.0
167,2024,22,290195.96545980603,1652.0591157960005,MI,MICHIGAN,0.0705561,20475095.558578618
168,2024,23,693077.8730037438,3609.287566756703,MN,MINNESOTA,0.0705561,48900871.715439446
169,2024,24,452080.2865662005,1823.1087379426813,MS,MISSISSIPPI,0.0705561,31897021.906993497
170,2024,25,433303.0044638629,2200.8774489220527,MO,MISSOURI,0.0705561,30572170.113252755
171,2024,26,0.0,0.0,MT,MONTANA,0.0705561,0.0
172,2024,27,665458.6481827057,4208.050020560648,NE,NEBRASKA,0.0705561,46952166.9270438
173,2024,28,0.0,0.0,NV,NEVADA,0.0705561,0.0
174,2024,29,12.98305439034764,0.4710379190611445,NH,NEW HAMPSHIRE,0.0705561,916.0336838708071
175,2024,30,0.0,0.0,NJ,NEW JERSEY,0.0705561,0.0
176,2024,31,0.0,0.0,NM,NEW MEXICO,0.0705561,0.0
177,2024,32,2353.909539809919,7.95922824226631,NY,NEW YORK,0.0705561,166082.67688178262
178,2024,33,5324.52779656646,26.501903733247808,NC,NORTH CAROLINA,0.0705561,375677.9156673228
179,2024,34,1140477.6699249917,3814.911211289228,ND,NORTH DAKOTA,0.0705561,80467656.52699469
180,2024,35,281130.9838265532,2228.564810342896,OH,OHIO,0.0705561,19835505.80796467
181,2024,36,161925.2905759542,615.2287525832526,OK,OKLAHOMA,0.0705561,11424816.994406082
182,2024,37,5315.2058913724,13.69592570494376,OR,OREGON,0.0705561,375020.1983922602
183,2024,38,0.0,0.0,PA,PENNSYLVANIA,0.0705561,0.0
184,2024,39,0.0,0.0,RI,RHODE ISLAND,0.0705561,0.0
185,2024,40,3363.806717112144,35.34583828548994,SC,SOUTH CAROLINA,0.0705561,237337.08311323612
186,2024,41,1606645.9682453617,7794.623581821917,SD,SOUTH DAKOTA,0.0705561,113358673.60011657
187,2024,42,57753.40118886704,254.9874205383268,TN,TENNESSEE,0.0705561,4074854.7496218216
188,2024,43,1199737.0110798853,6214.270060224912,TX,TEXAS,0.0705561,84648764.52745348
189,2024,44,0.0,0.0,UT,UTAH,0.0705561,0.0
190,2024,45,0.0,0.0,VT,VERMONT,0.0705561,0.0
191,2024,46,323.0788560136039,1.782661935526712,VA,VIRGINIA,0.0705561,22795.184072781438
192,2024,47,49668.32632099505,350.9767223953293,WA,WASHINGTON,0.0705561,3504403.398736759
193,2024,48,3712.423526160364,31.342723549539773,WV,WEST VIRGINIA,0.0705561,261934.12555412325
194,2024,49,1191275.729774914,6191.27224219207,WI,WISCONSIN,0.0705561,84051769.5175718
195,2024,50,35854.224416185134,517.2789714865448,WY,WYOMING,0.0705561,2529734.2433308
196,2025,0,10373.099895207271,185.65100877096032,AL,ALABAMA,0.0718995,745820.6959154552
197,2025,2,0.0,0.0,AZ,ARIZONA,0.0718995,0.0
198,2025,3,49662.46644446217,249.7830853334773,AR,ARKANSAS,0.0718995,3570706.5061236075
199,2025,4,9871.194033585944,163.9823940556652,CA,CALIFORNIA,0.0718995,709733.9154178125
200,2025,5,143329.98236451964,1821.676928247443,CO,COLORADO,0.0718995,10305354.067017782
201,2025,6,790.5331260038804,31.66096647536218,CT,CONNECTICUT,0.0718995,56838.936493116
202,2025,7,6267.766722193963,106.28349422094112,DE,DELAWARE,0.0718995,450649.29344238486
203,2025,8,0.0,0.0,DC,DISTRICT OF COLUMBIA,0.0718995,0.0
204,2025,9,278.303639091616,2.3459754144127487,FL,FLORIDA,0.0718995,20009.892498867644
205,2025,10,53383.33817244912,378.8418606991405,GA,GEORGIA,0.0718995,3838235.322930006
206,2025,12,16556.703731761332,746.7839884162223,ID,IDAHO,0.0718995,1190418.719961774
207,2025,13,783545.222282771,5564.974737448208,IL,ILLINOIS,0.0718995,56336509.709520094
208,2025,14,359917.91526049934,5315.134648140036,IN,INDIANA,0.0718995,25877918.148272276
209,2025,15,1165526.155145599,5955.99060352233,IA,IOWA,0.0718995,83800747.79189101
210,2025,16,1100781.8254999802,3542.950971345844,KS,KANSAS,0.0718995,79145662.86253583
211,2025,17,133664.24048937546,1051.606923142568,KY,KENTUCKY,0.0718995,9610392.05906585
212,2025,18,336065.0422995932,1835.988881081848,LA,LOUISIANA,0.0718995,24162908.508819602
213,2025,19,46.5097294697794,3.8487802117209697,ME,MAINE,0.0718995,3344.026294012404
214,2025,20,57021.999699424174,440.6399416943107,MD,MARYLAND,0.0718995,4099853.267388749
215,2025,21,2479.96096520062,35.950678481504184,MA,MASSACHUSETTS,0.0718995,178307.953417442
216,2025,22,301160.0491348215,1864.625880238073,MI,MICHIGAN,0.0718995,21653256.9527691
217,2025,23,360993.2520651109,1604.2410404631037,MN,MINNESOTA,0.0718995,25955234.326855443
218,2025,24,314448.18961443263,1623.0052150621457,MS,MISSISSIPPI,0.0718995,22608667.6091829
219,2025,25,313688.54069202644,1137.7599295964658,MO,MISSOURI,0.0718995,22554049.231486358
220,2025,26,0.0,0.0,MT,MONTANA,0.0718995,0.0
221,2025,27,1497244.6957435936,8746.312398601553,NE,NEBRASKA,0.0718995,107651145.00161652
222,2025,28,0.0,0.0,NV,NEVADA,0.0718995,0.0
223,2025,29,62.57862749683704,3.8622200452713615,NH,NEW HAMPSHIRE,0.0718995,4499.372027708835
224,2025,30,2725.613092057624,56.03348629989931,NJ,NEW JERSEY,0.0718995,195970.21851239714
225,2025,31,0.0,0.0,NM,NEW MEXICO,0.0718995,0.0
226,2025,32,110620.69156884664,1757.884843762618,NY,NEW YORK,0.0718995,7953572.41345429
227,2025,33,22630.25515755109,430.6669333598777,NC,NORTH CAROLINA,0.0718995,1627104.0307003448
228,2025,34,2036242.414736252,7539.5045808986815,ND,NORTH DAKOTA,0.0718995,146404811.49832916
229,2025,35,177613.8874242886,2295.273059302667,OH,OHIO,0.0718995,12770349.698862638
230,2025,36,132269.62139109653,481.70292337408296,OK,OKLAHOMA,0.0718995,9510119.643209146
231,2025,37,5888.919631509377,13.695601276314722,OR,OREGON,0.0718995,423410.3770457085
232,2025,38,127934.627639757,1741.9734060751018,PA,PENNSYLVANIA,0.0718995,9198435.75998471
233,2025,39,518.0297187262902,5.47963478309428,RI,RHODE ISLAND,0.0718995,37246.077761560904
234,2025,40,9326.267736804082,158.7335329496982,SC,SOUTH CAROLINA,0.0718995,670553.9871423452
235,2025,41,4241086.771044922,16951.55406579865,SD,SOUTH DAKOTA,0.0718995,304932018.2947444
236,2025,42,404015.8739681238,2132.07805048299,TN,TENNESSEE,0.0718995,29048539.33037112
237,2025,43,200378.245132891,1095.7254883420203,TX,TEXAS,0.0718995,14407095.635932297
238,2025,44,0.0,0.0,UT,UTAH,0.0718995,0.0
239,2025,45,1276.2955134390927,20.71555536747437,VT,VERMONT,0.0718995,91765.00926851406
240,2025,46,129421.36080615228,760.4017064403828,VA,VIRGINIA,0.0718995,9305331.131281948
241,2025,47,95734.21881883344,674.6365684451526,WA,WASHINGTON,0.0718995,6883242.465964715
242,2025,48,1684.658877835286,11.91115199709617,WV,WEST VIRGINIA,0.0718995,121126.13098691814
243,2025,49,642645.4975379074,3460.123854552273,WI,WISCONSIN,0.0718995,46205889.950226784
244,2025,50,83403.61362413516,1196.3779832502194,WY,WYOMING,0.0718995,5996678.1177685065
245,2026,0,99557.42164601258,1052.2833219426584,AL,ALABAMA,0.0742438,7391521.301202228
246,2026,2,0.0,0.0,AZ,ARIZONA,0.0742438,0.0
247,2026,3,21105.711198313904,158.5258929941499,AR,ARKANSAS,0.0742438,1566968.2010653778
248,2026,4,10146.95028657394,164.13500394503498,CA,CALIFORNIA,0.0742438,753348.1476863382
249,2026,5,105146.11858766308,1614.777448440769,CO,COLORADO,0.0742438,7806447.399198741
250,2026,6,1890.589823685136,47.73897416792028,CT,CONNECTICUT,0.0742438,140364.5727517145
251,2026,7,90084.96159849208,646.8833349271827,DE,DELAWARE,0.0742438,6688249.871926127
252,2026,8,0.0,0.0,DC,DISTRICT OF COLUMBIA,0.0742438,0.0
253,2026,9,96.05649783797062,0.7645030746651893,FL,FLORIDA,0.0742438,7131.599414182724
254,2026,10,116073.87481306025,629.4009483898601,GA,GEORGIA,0.0742438,8617765.546845883
255,2026,12,15089.65204939348,726.7745780216517,ID,IDAHO,0.0742438,1120313.1088247597
256,2026,13,269019.66359202145,2054.7738906644354,IL,ILLINOIS,0.0742438,19973042.099793322
257,2026,14,530250.5730485353,5453.476925246413,IN,INDIANA,0.0742438,39367817.495300844
258,2026,15,54427.30922825853,449.7313750909974,IA,IOWA,0.0742438,4040890.2608809806
259,2026,16,774411.351277703,2869.8962547521232,KS,KANSAS,0.0742438,57495241.48199152
260,2026,17,348092.86904564826,3425.129393528748,KY,KENTUCKY,0.0742438,25843737.3508513
261,2026,18,62023.54421870254,952.1952966923644,LA,LOUISIANA,0.0742438,4604863.612264507
262,2026,19,864.9381665214673,26.485470463544765,ME,MAINE,0.0742438,64216.29624758652
263,2026,20,183710.714937438,923.8600904269178,MD,MARYLAND,0.0742438,13639381.577672157
264,2026,21,5852.990406303385,78.81373522823122,MA,MASSACHUSETTS,0.0742438,434548.2491275072
265,2026,22,84524.92935875355,928.3767814837968,MI,MICHIGAN,0.0742438,6275451.950325427
266,2026,23,127688.44101919667,956.5864245888382,MN,MINNESOTA,0.0742438,9480075.077341033
267,2026,24,88207.43984832671,1186.8318773729986,MS,MISSISSIPPI,0.0742438,6548855.522611199
268,2026,25,237639.00630271732,1990.6935918350323,MO,MISSOURI,0.0742438,17643222.856137685
269,2026,26,0.0,0.0,MT,MONTANA,0.0742438,0.0
270,2026,27,258357.6795419849,2141.249858951281,NE,NEBRASKA,0.0742438,19181455.888379216
271,2026,28,0.0,0.0,NV,NEVADA,0.0742438,0.0
272,2026,29,161.54866314795976,14.174031116262082,NH,NEW HAMPSHIRE,0.0742438,11993.986637024496
273,2026,30,23725.72438911105,236.5933947554835,NJ,NEW JERSEY,0.0742438,1761487.936400283
274,2026,31,0.0,0.0,NM,NEW MEXICO,0.0742438,0.0
275,2026,32,19480.73450310904,203.87531833133644,NY,NEW YORK,0.0742438,1446323.7563019271
276,2026,33,75765.5454255866,875.3901673450878,NC,NORTH CAROLINA,0.0742438,5625122.001468167
277,2026,34,521905.8312896068,2106.431679058908,ND,NORTH DAKOTA,0.0742438,38748272.15709931
278,2026,35,230554.49760396808,4248.230237588275,OH,OHIO,0.0742438,17117242.009209484
279,2026,36,70958.27211819141,292.83341512649883,OK,OKLAHOMA,0.0742438,5268211.763488579
280,2026,37,5666.27514422109,13.695659934394502,OR,OREGON,0.0742438,420685.79855252174
281,2026,38,36856.17739930235,420.85546104247896,PA,PENNSYLVANIA,0.0742438,2736342.663598324
282,2026,39,705.3720681770045,18.22245548635264,RI,RHODE ISLAND,0.0742438,52369.50275531988
283,2026,40,103947.00526704072,690.985433629013,SC,SOUTH CAROLINA,0.0742438,7717420.669645118
284,2026,41,789586.8272683593,4848.968262203704,SD,SOUTH DAKOTA,0.0742438,58621926.48634661
285,2026,42,252527.7079805168,2764.4855700797502,TN,TENNESSEE,0.0742438,18748616.645763893
286,2026,43,256684.3727241188,1698.475538328219,TX,TEXAS,0.0742438,19057223.23165493
287,2026,44,0.0,0.0,UT,UTAH,0.0742438,0.0
288,2026,45,1531.0340850206435,41.23375068895984,VT,VERMONT,0.0742438,113669.78840145565
289,2026,46,242392.64965750705,1115.1841203673123,VA,VIRGINIA,0.0742438,17996151.402642023
290,2026,47,105184.77563349403,665.4058878748585,WA,WASHINGTON,0.0742438,7809317.445178004
291,2026,48,38487.15636426454,302.9923073669563,WV,WEST VIRGINIA,0.0742438,2857432.739677184
292,2026,49,107292.26413061608,1453.0894913017642,WI,WISCONSIN,0.0742438,7965785.399660634
293,2026,50,27605.97373613109,423.06390758931343,WY,WYOMING,0.0742438,2049572.3928705694
294,2027,0,0.0,0.0,AL,ALABAMA,0.0765881,0.0
295,2027,2,0.0,0.0,AZ,ARIZONA,0.0765881,0.0
296,2027,3,44025.82643822033,422.5327689099674,AR,ARKANSAS,0.0765881,3371854.397833063
297,2027,4,8903.066979968953,143.8943688252409,CA,CALIFORNIA,0.0765881,681868.9841685602
298,2027,5,224503.63842898945,2456.290576079793,CO,COLORADO,0.0765881,17194307.110363286
299,2027,6,1366.0305343418786,31.927029468562186,CT,CONNECTICUT,0.0765881,104621.68316722923
300,2027,7,4389.913530692808,58.362024733528735,DE,DELAWARE,0.0765881,336215.1364800539
301,2027,8,0.0,0.0,DC,DISTRICT OF COLUMBIA,0.0765881,0.0
302,2027,9,0.0,0.0,FL,FLORIDA,0.0765881,0.0
303,2027,10,29805.533978442545,156.97539215789624,GA,GEORGIA,0.0765881,2282749.2168943556
304,2027,12,26334.277478599608,1281.9840828863007,ID,IDAHO,0.0765881,2016892.2769587347
305,2027,13,4221324.854933744,32464.62697647391,IL,ILLINOIS,0.0765881,323303250.12215114
306,2027,14,1088406.2573667592,10826.888344892712,IN,INDIANA,0.0765881,83358967.27983111
307,2027,15,8477787.589228544,39499.94864740093,IA,IOWA,0.0765881,649297643.6625947
308,2027,16,240932.41656361948,947.5406328272315,KS,KANSAS,0.0765881,18452556.01301615
309,2027,17,219911.6826773889,2351.8249215398328,KY,KENTUCKY,0.0765881,16842617.94406413
310,2027,18,3568.7447983143966,122.81015280291912,LA,LOUISIANA,0.0765881,273323.38348778285
311,2027,19,1486.987501482802,23.91310163101425,ME,MAINE,0.0765881,113885.547462315
312,2027,20,50602.509052534,211.85766259556635,MD,MARYLAND,0.0765881,3875550.0235663797
313,2027,21,5507.858922221978,86.38611644876471,MA,MASSACHUSETTS,0.0765881,421836.4499210291
314,2027,22,608501.0024807649,3348.004429471095,MI,MICHIGAN,0.0765881,46603935.62809707
315,2027,23,11474168.493049232,32911.73905895359,MN,MINNESOTA,0.0765881,878784763.962504
316,2027,24,0.0,0.0,MS,MISSISSIPPI,0.0765881,0.0
317,2027,25,1040505.4294981676,6367.0768945487935,MO,MISSOURI,0.0765881,79690333.88494863
318,2027,26,0.0,0.0,MT,MONTANA,0.0765881,0.0
319,2027,27,1845716.330595411,8148.328579455718,NE,NEBRASKA,0.0765881,141359906.8992744
320,2027,28,0.0,0.0,NV,NEVADA,0.0765881,0.0
321,2027,29,20.957690909952625,0.6811499433346071,NH,NEW HAMPSHIRE,0.0765881,1605.1097271805427
322,2027,30,10545.487924419103,178.3163813293579,NJ,NEW JERSEY,0.0765881,807658.8837042028
323,2027,31,0.0,0.0,NM,NEW MEXICO,0.0765881,0.0
324,2027,32,240133.79059654824,3589.73034320584,NY,NEW YORK,0.0765881,18391390.767587498
325,2027,33,73024.8313193233,600.3524828345987,NC,NORTH CAROLINA,0.0765881,5592833.083567466
326,2027,34,2616293.8194528185,8749.78355495048,ND,NORTH DAKOTA,0.0765881,200376972.6736344
327,2027,35,131096.760240438,2042.8168277701693,OH,OHIO,0.0765881,10040451.78297069
328,2027,36,84191.1307001611,421.6061788061306,OK,OKLAHOMA,0.0765881,6448038.737177009
329,2027,37,5837.592353194947,13.695335283578268,OR,OREGON,0.0765881,447090.1069057299
330,2027,38,122341.8220631337,1792.7940891198448,PA,PENNSYLVANIA,0.0765881,9369927.70235349
331,2027,39,372.07068899237566,12.310390568135238,RI,RHODE ISLAND,0.0765881,28496.18713561697
332,2027,40,2037.4011603601416,16.548020907390843,SC,SOUTH CAROLINA,0.0765881,156040.68380977857
333,2027,41,8194270.54690874,28901.66133355889,SD,SOUTH DAKOTA,0.0765881,627583612.0737014
334,2027,42,4820.9747153279295,119.62341638726116,TN,TENNESSEE,0.0765881,369229.29359500704
335,2027,43,256063.9966146293,1880.126214022434,TX,TEXAS,0.0765881,19611454.97912089
336,2027,44,0.0,0.0,UT,UTAH,0.0765881,0.0
337,2027,45,623.624325184853,39.3765251800343,VT,VERMONT,0.0765881,47762.20217969004
338,2027,46,41018.08169664209,269.3729225066286,VA,VIRGINIA,0.0765881,3141496.9427905944
339,2027,47,94052.6762259146,642.2691451574153,WA,WASHINGTON,0.0765881,7203315.772057972
340,2027,48,3968.127167285888,35.18321176444832,WV,WEST VIRGINIA,0.0765881,303911.32030080835
341,2027,49,3559884.376097163,16325.325688487768,WI,WISCONSIN,0.0765881,272644780.5849672
342,2027,50,60718.66553384634,848.5044302992605,WY,WYOMING,0.0765881,4650327.227772777
343,2028,0,417087.84779462736,2006.906701829786,AL,ALABAMA,0.0789324,32921744.837264646
344,2028,2,0.0,0.0,AZ,ARIZONA,0.0789324,0.0
345,2028,3,251196.89883987792,953.5874143543348,AR,ARKANSAS,0.0789324,19827574.097988777
346,2028,4,12511.662778670336,211.75666677174604,CA,CALIFORNIA,0.0789324,987575.5711111183
347,2028,5,156229.57185512307,1990.7838834621853,CO,COLORADO,0.0789324,12331575.057497317
348,2028,6,11178.603051230832,76.99894462777829,CT,CONNECTICUT,0.0789324,882353.9674809724
349,2028,7,47887.41725925176,315.8038845748184,DE,DELAWARE,0.0789324,3779868.7740741633
350,2028,8,0.0,0.0,DC,DISTRICT OF COLUMBIA,0.0789324,0.0
351,2028,9,1496.0239959411615,13.406177411386697,FL,FLORIDA,0.0789324,118084.76445722613
352,2028,10,327117.8793550129,1360.3164194221672,GA,GEORGIA,0.0789324,25820199.30040162
353,2028,12,29000.709312145995,1331.2341202779592,ID,IDAHO,0.0789324,2289095.5877100322
354,2028,13,14797847.05523397,49124.96775433411,IL,ILLINOIS,0.0789324,1168029582.9025497
355,2028,14,7828020.021766203,27553.682531140614,IN,INDIANA,0.0789324,617884407.5660588
356,2028,15,23452726.152666748,57642.98401659137,IA,IOWA,0.0789324,1851179961.7727528
357,2028,16,1867739.8625612096,8372.756234933244,KS,KANSAS,0.0789324,147425189.92762643
358,2028,17,1669892.6941078925,8223.475177117045,KY,KENTUCKY,0.0789324,131808638.08840181
359,2028,18,511090.55890468985,2304.234915218228,LA,LOUISIANA,0.0789324,40341604.43168854
360,2028,19,1553.069553918383,37.03887486386908,ME,MAINE,0.0789324,122587.50725770737
361,2028,20,84563.8694815387,617.4366186523564,MD,MARYLAND,0.0789324,6674829.171464605
362,2028,21,12075.027433152689,71.23088619286837,MA,MASSACHUSETTS,0.0789324,953110.8953645813
363,2028,22,1440885.1398261196,4476.935313404299,MI,MICHIGAN,0.0789324,113732522.21081121
364,2028,23,15075564.53746188,33780.44501857392,MN,MINNESOTA,0.0789324,1189950490.296756
365,2028,24,738868.3212284046,2976.059812373775,MS,MISSISSIPPI,0.0789324,58320649.87852892
366,2028,25,3730808.959075472,15958.75281096959,MO,MISSOURI,0.0789324,294481705.08132875
367,2028,26,0.0,0.0,MT,MONTANA,0.0789324,0.0
368,2028,27,3205935.1529178293,14810.59526895896,NE,NEBRASKA,0.0789324,253052155.8641713
369,2028,28,0.0,0.0,NV,NEVADA,0.0789324,0.0
370,2028,29,272.251738493428,7.358494452750028,NH,NEW HAMPSHIRE,0.0789324,21489.483123458656
371,2028,30,32811.71296900485,344.82918930022055,NJ,NEW JERSEY,0.0789324,2589907.252754679
372,2028,31,0.0,0.0,NM,NEW MEXICO,0.0789324,0.0
373,2028,32,392470.09893211664,2601.126603524135,NY,NEW YORK,0.0789324,30978606.8369494
374,2028,33,92861.12721463444,1066.1692242466038,NC,NORTH CAROLINA,0.0789324,7329751.637756412
375,2028,34,5380449.528488037,14087.009783998528,ND,NORTH DAKOTA,0.0789324,424691794.36242914
376,2028,35,3698688.2302422654,17131.039813904907,OH,OHIO,0.0789324,291946338.8647746
377,2028,36,195087.741832397,943.0540018385268,OK,OKLAHOMA,0.0789324,15398743.673411494
378,2028,37,5789.699673229885,13.695083032936704,OR,OREGON,0.0789324,456994.8904872506
379,2028,38,889587.5530071217,5626.948585681969,PA,PENNSYLVANIA,0.0789324,70217280.56897934
380,2028,39,219.99078330087303,3.2812461063009777,RI,RHODE ISLAND,0.0789324,17364.40050381783
381,2028,40,73755.4425872466,412.16168064823466,SC,SOUTH CAROLINA,0.0789324,5821694.096473583
382,2028,41,12593527.287286837,33761.4135270226,SD,SOUTH DAKOTA,0.0789324,994037333.2510395
383,2028,42,749002.472282827,4014.002294549544,TN,TENNESSEE,0.0789324,59120562.743217014
384,2028,43,1026559.0525208262,6107.392509786192,TX,TEXAS,0.0789324,81028769.75719486
385,2028,44,0.0,0.0,UT,UTAH,0.0789324,0.0
386,2028,45,2385.7561249277496,46.29079450043661,VT,VERMONT,0.0789324,188313.4567552471
387,2028,46,88068.96118201278,592.5960164989633,VA,VIRGINIA,0.0789324,6951494.471603106
388,2028,47,85636.00312128397,596.6015529312248,WA,WASHINGTON,0.0789324,6759455.252770434
389,2028,48,38352.207514975045,481.19507204281706,WV,WEST VIRGINIA,0.0789324,3027231.7844550167
390,2028,49,7089144.211795197,20359.81645798504,WI,WISCONSIN,0.0789324,559563166.5831032
391,2028,50,48940.91357452071,599.2035215857221,WY,WYOMING,0.0789324,3863023.7666294985
392,2029,0,104.3060737662396,13.810687986172978,AL,ALABAMA,0.0812767,8477.653465676527
393,2029,2,0.0,0.0,AZ,ARIZONA,0.0812767,0.0
394,2029,3,0.0,0.0,AR,ARKANSAS,0.0812767,0.0
395,2029,4,16383.67152154445,265.9653864805148,CA,CALIFORNIA,0.0812767,1331610.7551551117
396,2029,5,486326.1173350028,5150.717234352644,CO,COLORADO,0.0812767,39526981.94080182
397,2029,6,0.0,0.0,CT,CONNECTICUT,0.0812767,0.0
398,2029,7,0.0,0.0,DE,DELAWARE,0.0812767,0.0
399,2029,8,0.0,0.0,DC,DISTRICT OF COLUMBIA,0.0812767,0.0
400,2029,9,230.0412693599282,0.9326162673777344,FL,FLORIDA,0.0812767,18696.995237386076
401,2029,10,3523.64601150783,36.33397752154183,GA,GEORGIA,0.0812767,286390.3197835184
402,2029,12,17114.495767850192,789.3941311950066,ID,IDAHO,0.0812767,1391009.7381748299
403,2029,13,2235208.401353072,18420.167221336786,IL,ILLINOIS,0.0812767,181670362.6742532
404,2029,14,143566.1297606792,2405.3122292505386,IN,INDIANA,0.0812767,11668581.258719796
405,2029,15,20193213.986087658,54401.08964706927,IA,IOWA,0.0812767,1641237795.1830506
406,2029,16,2265759.9961559684,8871.586495123058,KS,KANSAS,0.0812767,184153495.47956976
407,2029,17,223.87866073881293,6.14558578862051,KY,KENTUCKY,0.0812767,18196.118745270276
408,2029,18,97.23202759932072,0.773816910158008,LA,LOUISIANA,0.0812767,7902.69833758171
409,2029,19,345.69122606384457,5.823355248163426,ME,MAINE,0.0812767,28096.642073423274
410,2029,20,682.5370305001873,11.126421408932815,MD,MARYLAND,0.0812767,55474.35746685457
411,2029,21,0.0,0.0,MA,MASSACHUSETTS,0.0812767,0.0
412,2029,22,812506.148553361,3455.818683166417,MI,MICHIGAN,0.0812767,66037818.48412695
413,2029,23,10153666.61112658,27440.30133158638,MN,MINNESOTA,0.0812767,825256515.0525516
414,2029,24,0.0,0.0,MS,MISSISSIPPI,0.0812767,0.0
415,2029,25,635810.115522033,5498.304830497482,MO,MISSOURI,0.0812767,51676548.01624961
416,2029,26,0.0,0.0,MT,MONTANA,0.0812767,0.0
417,2029,27,5523817.623508856,23555.633378033795,NE,NEBRASKA,0.0812767,448957667.8406422
418,2029,28,0.0,0.0,NV,NEVADA,0.0812767,0.0
419,2029,29,152.04780305031963,5.938378321367392,NH,NEW HAMPSHIRE,0.0812767,12357.943674179913
420,2029,30,0.0,0.0,NJ,NEW JERSEY,0.0812767,0.0
421,2029,31,0.0,0.0,NM,NEW MEXICO,0.0812767,0.0
422,2029,32,0.0,0.0,NY,NEW YORK,0.0812767,0.0
423,2029,33,1836.4241895611488,48.39531160910521,NC,NORTH CAROLINA,0.0812767,149258.4979277046
424,2029,34,4990940.654149468,13474.755720737152,ND,NORTH DAKOTA,0.0812767,405647186.2651101
425,2029,35,225549.8730916899,2070.3745538681874,OH,OHIO,0.0812767,18331949.37031135
426,2029,36,114964.9994926336,426.3231726370772,OK,OKLAHOMA,0.0812767,9343975.774262933
427,2029,37,5858.516582943988,13.695242276398076,OR,OREGON,0.0812767,476160.8947569636
428,2029,38,179.9386642357747,1.9702551711771483,PA,PENNSYLVANIA,0.0812767,14624.820831491788
429,2029,39,0.0,0.0,RI,RHODE ISLAND,0.0812767,0.0
430,2029,40,145.99164264741614,1.1173668853552676,SC,SOUTH CAROLINA,0.0812767,11865.718941961248
431,2029,41,13880407.366802718,38322.6896598359,SD,SOUTH DAKOTA,0.0812767,1128153705.4294145
432,2029,42,64.79418856525406,1.027343436367795,TN,TENNESSEE,0.0812767,5266.257825761584
433,2029,43,422763.4300095697,2583.108884585334,TX,TEXAS,0.0812767,34360816.47185879
434,2029,44,0.0,0.0,UT,UTAH,0.0812767,0.0
435,2029,45,205.59387172351467,2.5727497665419583,VT,VERMONT,0.0812767,16709.99143391058
436,2029,46,3884.7366227297816,37.60290683603479,VA,VIRGINIA,0.0812767,315738.5730646216
437,2029,47,90821.2058308821,647.1795009148834,WA,WASHINGTON,0.0812767,7381647.8999548545
438,2029,48,0.0,0.0,WV,WEST VIRGINIA,0.0812767,0.0
439,2029,49,2352336.418144633,9014.569785121115,WI,WISCONSIN,0.0812767,191190141.3566159
440,2029,50,104888.49244925613,1252.7259186437866,WY,WYOMING,0.0812767,8524990.534250455
441,2030,0,68648.50428388815,672.110447618769,AL,ALABAMA,0.083621,5740456.57672301
442,2030,2,0.0,0.0,AZ,ARIZONA,0.083621,0.0
443,2030,3,94331.45265977444,398.2299861346129,AR,ARKANSAS,0.083621,7888090.402862999
444,2030,4,18415.322372537103,303.1247899188967,CA,CALIFORNIA,0.083621,1539907.672113925
445,2030,5,413232.2874183057,4713.956780150415,CO,COLORADO,0.083621,34554897.10620614
446,2030,6,0.0,0.0,CT,CONNECTICUT,0.083621,0.0
447,2030,7,831.3328701642025,22.74668457486751,DE,DELAWARE,0.083621,69516.88593600078
448,2030,8,0.0,0.0,DC,DISTRICT OF COLUMBIA,0.083621,0.0
449,2030,9,386.94300372340217,3.18735415241566,FL,FLORIDA,0.083621,32356.560914354613
450,2030,10,99375.62371511938,432.13949900756927,GA,GEORGIA,0.083621,8309889.030681998
451,2030,12,25420.90630715529,1167.2425414293684,ID,IDAHO,0.083621,2125721.6063106325
452,2030,13,728554.2078440399,6392.914769176596,IL,ILLINOIS,0.083621,60922431.41412646
453,2030,14,164489.1245992081,3436.1707136499867,IN,INDIANA,0.083621,13754745.08811038
454,2030,15,2966776.047075997,17054.108401737583,IA,IOWA,0.083621,248084779.83254194
455,2030,16,1408916.993376256,4947.577182054589,KS,KANSAS,0.083621,117815047.9031159
456,2030,17,159770.41775815136,1247.329299918088,KY,KENTUCKY,0.083621,13360162.103354374
457,2030,18,814439.6306631154,3527.0908808856884,LA,LOUISIANA,0.083621,68104256.35568038
458,2030,19,147.99811573138635,9.253879202789086,ME,MAINE,0.083621,12375.750435574259
459,2030,20,12797.900081737316,133.2737770704957,MD,MARYLAND,0.083621,1070173.2027349563
460,2030,21,693.1723888453008,6.346744060611176,MA,MASSACHUSETTS,0.083621,57963.7683276329
461,2030,22,253322.8635447436,2421.4340176171827,MI,MICHIGAN,0.083621,21183111.172475006
462,2030,23,480980.0342671535,3022.1504510462337,MN,MINNESOTA,0.083621,40220031.445453644
463,2030,24,622728.446016308,2472.962701556753,MS,MISSISSIPPI,0.083621,52073175.3843297
464,2030,25,870754.4976854582,4340.83496133966,MO,MISSOURI,0.083621,72813361.8509557
465,2030,26,0.0,0.0,MT,MONTANA,0.083621,0.0
466,2030,27,5133246.402869629,21167.16250444793,NE,NEBRASKA,0.083621,429247197.45436126
467,2030,28,0.0,0.0,NV,NEVADA,0.083621,0.0
468,2030,29,6.504866403116753,0.2508788839188647,NH,NEW HAMPSHIRE,0.083621,543.9434334950259
469,2030,30,850.8878215473601,11.15962804262944,NJ,NEW JERSEY,0.083621,71152.0905256118
470,2030,31,0.0,0.0,NM,NEW MEXICO,0.083621,0.0
471,2030,32,1442.6885827583808,20.332780155801505,NY,NEW YORK,0.083621,120639.06197883857
472,2030,33,535654.2347205761,2784.4226766013985,NC,NORTH CAROLINA,0.083621,44791942.7615693
473,2030,34,2988735.8051740085,10684.458329059324,ND,NORTH DAKOTA,0.083621,249921076.76445577
474,2030,35,277643.06772197585,5294.515740101604,OH,OHIO,0.083621,23216790.965979345
475,2030,36,153986.66788471947,633.6945148161752,OK,OKLAHOMA,0.083621,12876519.155188126
476,2030,37,7000.071813566783,27.887703714100088,OR,OREGON,0.083621,585353.005122268
477,2030,38,37420.98395914858,343.9960003171295,PA,PENNSYLVANIA,0.083621,3129180.0996479634
478,2030,39,0.0,0.0,RI,RHODE ISLAND,0.083621,0.0
479,2030,40,326610.78284318605,1370.0028880681834,SC,SOUTH CAROLINA,0.083621,27311520.272130065
480,2030,41,7999306.870769358,31003.054033874207,SD,SOUTH DAKOTA,0.083621,668910039.8406045
481,2030,42,304485.4914008732,1780.2715194194686,TN,TENNESSEE,0.083621,25461381.276432417
482,2030,43,722600.3873708855,3868.722260274805,TX,TEXAS,0.083621,60424566.99234082
483,2030,44,31.67870576903314,1.189989397225865,UT,UTAH,0.083621,2649.00505511232
484,2030,45,43.405501975449006,1.246135780255091,VT,VERMONT,0.083621,3629.6114806890214
485,2030,46,8693.393084492533,97.0056249958074,VA,VIRGINIA,0.083621,726950.22311835
486,2030,47,111465.90024802744,716.7395649245684,WA,WASHINGTON,0.083621,9320890.044640303
487,2030,48,14707.392028455137,135.12011347658074,WV,WEST VIRGINIA,0.083621,1229846.828811447
488,2030,49,41163.56588952258,502.8094717332935,WI,WISCONSIN,0.083621,3442138.5432477677
489,2030,50,79742.9379706473,1003.4824463456832,WY,WYOMING,0.083621,6668184.216043497
490,2031,0,14.379141600055211,2.263443320227412,AL,ALABAMA,0.08216128,1181.4086791617842
491,2031,2,0.0,0.0,AZ,ARIZONA,0.08216128,0.0
492,2031,3,0.0,0.0,AR,ARKANSAS,0.08216128,0.0
493,2031,4,11928.907974630736,192.79903067626452,CA,CALIFORNIA,0.08216128,980094.3481978688
494,2031,5,268333.0842448943,3717.777040174557,CO,COLORADO,0.08216128,22046589.66790835
495,2031,6,20208.136011998464,183.9427737477159,CT,CONNECTICUT,0.08216128,1660326.3211598892
496,2031,7,148268.1991370125,673.7508600891983,DE,DELAWARE,0.08216128,12181905.024391843
497,2031,8,0.0,0.0,DC,DISTRICT OF COLUMBIA,0.08216128,0.0
498,2031,9,0.0,0.0,FL,FLORIDA,0.08216128,0.0
499,2031,10,0.0,0.0,GA,GEORGIA,0.08216128,0.0
500,2031,12,23645.77887766389,1037.4897039815194,ID,IDAHO,0.08216128,1942767.459185829
501,2031,13,8823067.016789036,31931.591391246653,IL,ILLINOIS,0.08216128,724914479.6251687
502,2031,14,4735817.830920603,21890.03271058212,IN,INDIANA,0.08216128,389100854.83526033
503,2031,15,8288818.380540789,32864.685019782904,IA,IOWA,0.08216128,681019927.8327583
504,2031,16,1614222.1704174094,5932.279231240469,KS,KANSAS,0.08216128,132626559.7258725
505,2031,17,2854.456113326145,43.31538181401845,KY,KENTUCKY,0.08216128,234525.76797470113
506,2031,18,0.0,0.0,LA,LOUISIANA,0.08216128,0.0
507,2031,19,3060.513244118915,51.62228625081976,ME,MAINE,0.08216128,251455.68559376252
508,2031,20,427504.6469398833,1994.43479525762,MD,MARYLAND,0.08216128,35124328.9985289
509,2031,21,17278.28818485891,219.34892385959444,MA,MASSACHUSETTS,0.08216128,1419606.2734768847
510,2031,22,1112046.0974748011,4606.1869986746,MI,MICHIGAN,0.08216128,91367130.78753443
511,2031,23,1105723.2280479327,5813.588158258389,MN,MINNESOTA,0.08216128,90847635.74215005
512,2031,24,0.0,0.0,MS,MISSISSIPPI,0.08216128,0.0
513,2031,25,722635.8525819435,3632.543008843707,MO,MISSOURI,0.08216128,59372686.62202378
514,2031,26,0.0,0.0,MT,MONTANA,0.08216128,0.0
515,2031,27,3042174.9425446307,16464.250801448714,NE,NEBRASKA,0.08216128,249948987.2633933
516,2031,28,0.0,0.0,NV,NEVADA,0.08216128,0.0
517,2031,29,433.7673426687456,10.355912084634689,NH,NEW HAMPSHIRE,0.08216128,35638.880095862754
518,2031,30,150725.79237447112,804.3316087604394,NJ,NEW JERSEY,0.08216128,12383824.030500788
519,2031,31,0.0,0.0,NM,NEW MEXICO,0.08216128,0.0
520,2031,32,790745.4393310319,4435.01088472945,NY,NEW YORK,0.08216128,64968657.44959993
521,2031,33,13338.413052819007,307.508170988428,NC,NORTH CAROLINA,0.08216128,1095901.0895883173
522,2031,34,3187902.3251933577,9433.04672052274,ND,NORTH DAKOTA,0.08216128,261922135.5528625
523,2031,35,2612584.773558705,13005.285987888316,OH,OHIO,0.08216128,214653309.1040934
524,2031,36,127733.38904477136,461.234400394189,OK,OKLAHOMA,0.08216128,10494738.742656393
525,2031,37,4627.41520777306,11.850785809032068,OR,OREGON,0.08216128,380194.3565621005
526,2031,38,1457559.5384437128,10279.749500050995,PA,PENNSYLVANIA,0.08216128,119754957.35474464
527,2031,39,2707.595447434688,38.64844216906785,RI,RHODE ISLAND,0.08216128,222459.5076834067
528,2031,40,0.0,0.0,SC,SOUTH CAROLINA,0.08216128,0.0
529,2031,41,5126355.568892859,22072.21383838392,SD,SOUTH DAKOTA,0.08216128,421187935.2753655
530,2031,42,0.0,0.0,TN,TENNESSEE,0.08216128,0.0
531,2031,43,257886.09798600525,1977.7426746940791,TX,TEXAS,0.08216128,21188251.904735614
532,2031,44,0.0,0.0,UT,UTAH,0.08216128,0.0
533,2031,45,4475.383881030295,84.79140143540671,VT,VERMONT,0.08216128,367703.2681568168
534,2031,46,62091.613444303846,690.2466434873754,VA,VIRGINIA,0.08216128,5101526.437849213
535,2031,47,66562.36255645656,492.7184890795058,WA,WASHINGTON,0.08216128,5468848.907462543
536,2031,48,31816.21224610824,380.4220644248573,WV,WEST VIRGINIA,0.08216128,2614060.722891928
537,2031,49,1038565.0385914668,6019.802350662551,WI,WISCONSIN,0.08216128,85329832.93392432
538,2031,50,101369.95407900424,1190.9179956166904,WY,WYOMING,0.08216128,8328685.18067221
539,2032,0,703.8717995417571,11.895822367121214,AL,ALABAMA,0.08070156,56803.552263027086
540,2032,2,0.0,0.0,AZ,ARIZONA,0.08070156,0.0
541,2032,3,0.0,0.0,AR,ARKANSAS,0.08070156,0.0
542,2032,4,10748.42801517744,173.71971575495076,CA,CALIFORNIA,0.08070156,867414.9083725231
543,2032,5,303549.73685082246,3757.3279019694232,CO,COLORADO,0.08070156,24496937.30145086
544,2032,6,0.0,0.0,CT,CONNECTICUT,0.08070156,0.0
545,2032,7,7040.850762482313,175.36967025669227,DE,DELAWARE,0.08070156,568207.6402595122
546,2032,8,0.0,0.0,DC,DISTRICT OF COLUMBIA,0.08070156,0.0
547,2032,9,48.22265935615612,0.5700203999211777,FL,FLORIDA,0.08070156,3891.643837390395
548,2032,10,0.0,0.0,GA,GEORGIA,0.08070156,0.0
549,2032,12,34260.91457960062,1512.30524670051,ID,IDAHO,0.08070156,2764909.253600514
550,2032,13,894824.1634621774,14861.851619092056,IL,ILLINOIS,0.08070156,72213705.91709273
551,2032,14,313142.9087118621,5458.533064348474,IN,INDIANA,0.08070156,25271121.23598486
552,2032,15,318506.3899584739,4912.08598797513,IA,IOWA,0.08070156,25703962.53961718
553,2032,16,1014958.373693094,4359.280703952003,KS,KANSAS,0.08070156,81908724.09209566
554,2032,17,3918.5751921610495,211.81818958423256,KY,KENTUCKY,0.08070156,316235.1309846965
555,2032,18,61310.6463264124,756.2546111849371,LA,LOUISIANA,0.08070156,4947864.80314975
556,2032,19,1273.664431241669,44.25345581095557,ME,MAINE,0.08070156,102786.70651771543
557,2032,20,8816.382255678081,203.5400827587634,MD,MARYLAND,0.08070156,711495.8015895401
558,2032,21,195.80767276300853,1.3490382671694818,MA,MASSACHUSETTS,0.08070156,15801.9846519443
559,2032,22,171017.4809879227,2429.9102793943025,MI,MICHIGAN,0.08070156,13801377.502995703
560,2032,23,352937.6434756012,2329.001894021129,MN,MINNESOTA,0.08070156,28482618.41120484
561,2032,24,5432.442796292533,225.0130801046901,MS,MISSISSIPPI,0.08070156,438406.60827156965
562,2032,25,1909235.8354901893,11046.073123833638,MO,MISSOURI,0.08070156,154078310.33196166
563,2032,26,0.0,0.0,MT,MONTANA,0.08070156,0.0
564,2032,27,864662.751179725,7638.480917475429,NE,NEBRASKA,0.08070156,69779632.89409566
565,2032,28,0.0,0.0,NV,NEVADA,0.08070156,0.0
566,2032,29,0.0,0.0,NH,NEW HAMPSHIRE,0.08070156,0.0
567,2032,30,20582.47819684982,267.5848456606959,NJ,NEW JERSEY,0.08070156,1661038.0991517676
568,2032,31,0.0,0.0,NM,NEW MEXICO,0.08070156,0.0
569,2032,32,11087.364740291214,120.0388073191331,NY,NEW YORK,0.08070156,894767.6308304959
570,2032,33,5804.323540556056,236.1965017477061,NC,NORTH CAROLINA,0.08070156,468417.9644675971
571,2032,34,1141669.2441185643,6801.492124302273,ND,NORTH DAKOTA,0.08070156,92134489.00438897
572,2032,35,119581.82578643734,3110.3109730620336,OH,OHIO,0.08070156,9650439.888613721
573,2032,36,117125.44180710192,443.9200150820389,OK,OKLAHOMA,0.08070156,9452205.869522344
574,2032,37,4403.427393351407,9.99362050742165,OR,OREGON,0.08070156,355363.4599901922
575,2032,38,28960.044412730032,794.0113539968692,PA,PENNSYLVANIA,0.08070156,2337120.7617765977
576,2032,39,46.78726205008829,3.281574175674155,RI,RHODE ISLAND,0.08070156,3775.805035570923
577,2032,40,0.0,0.0,SC,SOUTH CAROLINA,0.08070156,0.0
578,2032,41,1810641.2102537707,12177.07716908694,SD,SOUTH DAKOTA,0.08070156,146121570.26776728
579,2032,42,52.35177880975745,0.9792646259269246,TN,TENNESSEE,0.08070156,4224.870218722369
580,2032,43,198135.9650623676,1223.202814600409,TX,TEXAS,0.08070156,15989881.472638566
581,2032,44,0.0,0.0,UT,UTAH,0.08070156,0.0
582,2032,45,15.70394591032078,0.1510961105159839,VT,VERMONT,0.08070156,1267.332933118507
583,2032,46,1844.397585354356,30.58380629921977,VA,VIRGINIA,0.08070156,148845.76239832968
584,2032,47,108107.29866686798,634.6946611674118,WA,WASHINGTON,0.08070156,8724427.649802167
585,2032,48,843.713350978788,20.3159192804115,WV,WEST VIRGINIA,0.08070156,68088.98361681572
586,2032,49,351363.79173648404,3719.353430104553,WI,WISCONSIN,0.08070156,28355606.120649375
587,2032,50,94761.32775134013,1147.724117652188,WY,WYOMING,0.08070156,7647386.97720444
588,2033,0,38119.41056361829,207.5499783196807,AL,ALABAMA,0.07924184,3020652.23277655
589,2033,2,0.0,0.0,AZ,ARIZONA,0.07924184,0.0
590,2033,3,29743.274981571383,220.03715934415607,AR,ARKANSAS,0.07924184,2356911.8371656826
591,2033,4,1492.114169955326,25.797620409945942,CA,CALIFORNIA,0.07924184,118237.87231733275
592,2033,5,346467.3945973047,4090.81619823521,CO,COLORADO,0.07924184,27454713.847896483
593,2033,6,16401.669024347502,152.53768892951535,CT,CONNECTICUT,0.07924184,1299698.432560301
594,2033,7,58413.74010283472,501.7255678419261,DE,DELAWARE,0.07924184,4628812.247030413
595,2033,8,0.0,0.0,DC,DISTRICT OF COLUMBIA,0.07924184,0.0
596,2033,9,804.7387082050527,6.340520914668346,FL,FLORIDA,0.07924184,63768.97595739147
597,2033,10,54324.03161307649,236.6638900937575,GA,GEORGIA,0.07924184,4304736.221238349
598,2033,12,10065.499926171771,448.0457008137462,ID,IDAHO,0.07924184,797608.7346697152
599,2033,13,157375.59975065646,1076.696075433715,IL,ILLINOIS,0.07924184,12470732.095345559
600,2033,14,45970.14317391701,953.2680338044788,IN,INDIANA,0.07924184,3642758.730164624
601,2033,15,0.0,0.0,IA,IOWA,0.07924184,0.0
602,2033,16,250105.5811966656,1022.8473512566228,KS,KANSAS,0.07924184,19818826.448293183
603,2033,17,172352.36211961825,2284.18280549321,KY,KENTUCKY,0.07924184,13657518.302704848
604,2033,18,5976.439616939457,141.11653425719717,LA,LOUISIANA,0.07924184,473584.0718951777
605,2033,19,3409.21848362991,43.63169053389773,ME,MAINE,0.07924184,270152.74560484395
606,2033,20,69840.13157161389,626.9725848181483,MD,MARYLAND,0.07924184,5534260.531576776
607,2033,21,11470.461487639748,141.681338536952,MA,MASSACHUSETTS,0.07924184,908940.4739297108
608,2033,22,44019.99231391713,541.709476556519,MI,MICHIGAN,0.07924184,3488225.187740651
609,2033,23,28253.48890898361,198.25402018514745,MN,MINNESOTA,0.07924184,2238858.4475674536
610,2033,24,350.1896613043434,3.016506907745615,MS,MISSISSIPPI,0.07924184,27749.673110732972
611,2033,25,75880.43404166316,414.43195471835867,MO,MISSOURI,0.07924184,6012905.213460024
612,2033,26,0.0,0.0,MT,MONTANA,0.07924184,0.0
613,2033,27,295764.013960802,2041.4510370536705,NE,NEBRASKA,0.07924184,23436884.67203964
614,2033,28,0.0,0.0,NV,NEVADA,0.07924184,0.0
615,2033,29,224.12267378637227,2.492145842476774,NH,NEW HAMPSHIRE,0.07924184,17759.893056551904
616,2033,30,101324.1940591687,641.7088587003784,NJ,NEW JERSEY,0.07924184,8029115.573765595
617,2033,31,0.0,0.0,NM,NEW MEXICO,0.07924184,0.0
618,2033,32,110824.35629078542,1972.334569788093,NY,NEW YORK,0.07924184,8781925.90929741
619,2033,33,352514.0043313625,2599.885850290975,NC,NORTH CAROLINA,0.07924184,27933858.328985132
620,2033,34,44584.47946236228,503.6459077641538,ND,NORTH DAKOTA,0.07924184,3532956.188039798
621,2033,35,111168.38472226437,1727.3841823390353,OH,OHIO,0.07924184,8809187.355220117
622,2033,36,58095.68872426714,291.24827987646626,OK,OKLAHOMA,0.07924184,4603609.27057818
623,2033,37,4168.406812420749,9.99355028146062,OR,OREGON,0.07924184,330312.22568475496
624,2033,38,230937.39747972228,2899.56027654194,PA,PENNSYLVANIA,0.07924184,18299904.301104553
625,2033,39,2949.3603312847245,31.3537446605646,RI,RHODE ISLAND,0.07924184,233712.73947401112
626,2033,40,9552.82805806545,91.91305062333387,SC,SOUTH CAROLINA,0.07924184,756983.672524733
627,2033,41,154936.60902520092,2003.081748873124,SD,SOUTH DAKOTA,0.07924184,12277461.982517526
628,2033,42,52918.783098434,531.5312585310814,TN,TENNESSEE,0.07924184,4193381.7432808112
629,2033,43,265411.59866847075,1767.620742973039,TX,TEXAS,0.07924184,21031703.43583117
630,2033,44,0.0,0.0,UT,UTAH,0.07924184,0.0
631,2033,45,5170.1542871987895,70.36234234337256,VT,VERMONT,0.07924184,409692.5388015205
632,2033,46,19432.89156994992,286.56094688495574,VA,VIRGINIA,0.07924184,1539898.08452332
633,2033,47,83129.26357958608,551.9793562544453,WA,WASHINGTON,0.07924184,6587315.803891388
634,2033,48,5166.54335670496,104.3223948824122,WV,WEST VIRGINIA,0.07924184,409406.4020250774
635,2033,49,0.0,0.0,WI,WISCONSIN,0.07924184,0.0
636,2033,50,44300.888467543264,691.7306374863631,WY,WYOMING,0.07924184,3510483.9158029086
637,2034,0,720.998404029286,62.01967903989541,AL,ALABAMA,0.07778212,56080.784382014404
638,2034,2,0.0,0.0,AZ,ARIZONA,0.07778212,0.0
639,2034,3,52828.52542439373,347.71415114116564,AR,ARKANSAS,0.07778212,4109114.7039832436
640,2034,4,16162.98826903053,269.7465038398749,CA,CALIFORNIA,0.07778212,1257191.4931003249
641,2034,5,552505.3427694427,5679.937504311289,CO,COLORADO,0.07778212,42975036.87193392
642,2034,6,1283.173345800485,73.23071222616895,CT,CONNECTICUT,0.07778212,99807.94316385481
643,2034,7,24015.39710488888,229.9409207711957,DE,DELAWARE,0.07778212,1867968.4994601195
644,2034,8,0.0,0.0,DC,DISTRICT OF COLUMBIA,0.07778212,0.0
645,2034,9,0.0,0.0,FL,FLORIDA,0.07778212,0.0
646,2034,10,0.0,0.0,GA,GEORGIA,0.07778212,0.0
647,2034,12,31997.36057088717,1445.483777485035,ID,IDAHO,0.07778212,2488822.5396080143
648,2034,13,137943.77477161214,2693.3096039223697,IL,ILLINOIS,0.07778212,10729559.242538508
649,2034,14,38701.94092100756,386.322442107724,IN,INDIANA,0.07778212,3010319.0129507203
650,2034,15,914624.6601787844,9379.587363535107,IA,IOWA,0.07778212,71141445.07298543
651,2034,16,2062807.5312405864,9201.474902816204,KS,KANSAS,0.07778212,160449542.93185905
652,2034,17,0.0,0.0,KY,KENTUCKY,0.07778212,0.0
653,2034,18,69737.80520713821,839.317879502233,LA,LOUISIANA,0.07778212,5424354.333158249
654,2034,19,22.47030476518523,2.681980703945656,ME,MAINE,0.07778212,1747.787941682209
655,2034,20,36659.551816604944,319.90733906194714,MD,MARYLAND,0.07778212,2851457.6585453833
656,2034,21,1932.5683001554328,38.7661882372865,MA,MASSACHUSETTS,0.07778212,150319.2594308859
657,2034,22,16943.257578765748,289.1164379248379,MI,MICHIGAN,0.07778212,1317882.4941824668
658,2034,23,376501.36572098697,4024.252713026176,MN,MINNESOTA,0.07778212,29285074.408673692
659,2034,24,3221.153604698863,42.64394638637907,MS,MISSISSIPPI,0.07778212,250548.1562191195
660,2034,25,1491271.8157306327,9710.946831521043,MO,MISSOURI,0.07778212,115994283.32377796
661,2034,26,0.0,0.0,MT,MONTANA,0.07778212,0.0
662,2034,27,4137196.553527395,19837.62425329347,NE,NEBRASKA,0.07778212,321799918.7900542
663,2034,28,0.0,0.0,NV,NEVADA,0.07778212,0.0
664,2034,29,0.0,0.0,NH,NEW HAMPSHIRE,0.07778212,0.0
665,2034,30,9180.479688530788,144.72943161738323,NJ,NEW JERSEY,0.07778212,714077.1727908644
666,2034,31,32.622006655705235,1.6156420464512855,NM,NEW MEXICO,0.07778212,2537.4088363348633
667,2034,32,8109.234194099483,166.34711102334725,NY,NEW YORK,0.07778212,630753.4271935492
668,2034,33,93270.57421656592,1011.7539683075476,NC,NORTH CAROLINA,0.07778212,7254782.996181836
669,2034,34,1002469.0113537308,5931.312908005551,ND,NORTH DAKOTA,0.07778212,77974164.93739724
670,2034,35,5272.836868346709,243.29400828242188,OH,OHIO,0.07778212,410132.4300341679
671,2034,36,140589.04924317644,615.0929583359082,OK,OKLAHOMA,0.07778212,10935314.298918657
672,2034,37,4403.523444254002,9.993838495862056,OR,OREGON,0.07778212,342515.3889637781
673,2034,38,9208.207756270827,382.1700542144369,PA,PENNSYLVANIA,0.07778212,716233.9206831882
674,2034,39,979.9414305302056,27.57442564963864,RI,RHODE ISLAND,0.07778212,76221.92194247211
675,2034,40,0.0,0.0,SC,SOUTH CAROLINA,0.07778212,0.0
676,2034,41,3812780.184840807,23775.14215145432,SD,SOUTH DAKOTA,0.07778212,296566125.87090987
677,2034,42,0.0,0.0,TN,TENNESSEE,0.07778212,0.0
678,2034,43,842384.7411781981,4738.623678842432,TX,TEXAS,0.07778212,65522471.02449154
679,2034,44,0.0,0.0,UT,UTAH,0.07778212,0.0
680,2034,45,89.27147158233936,11.225423102746802,VT,VERMONT,0.07778212,6943.72431519411
681,2034,46,6231.417895191552,48.460661548078185,VA,VIRGINIA,0.07778212,484692.8944939367
682,2034,47,108071.87292499012,637.0866213645754,WA,WASHINGTON,0.07778212,8406059.388476333
683,2034,48,483.1352508114256,26.580255298075176,WV,WEST VIRGINIA,0.07778212,37579.2840548444
684,2034,49,212278.9326806813,2103.9234695252235,WI,WISCONSIN,0.07778212,16511505.415240673
685,2034,50,114813.93760851827,1593.0928963284284,WY,WYOMING,0.07778212,8930471.47273828
686,2035,0,6802.368792402618,151.96241915365667,AL,ALABAMA,0.0763224,519173.11192126956
687,2035,2,0.0,0.0,AZ,ARIZONA,0.0763224,0.0
688,2035,3,22236.372951158803,172.4302271290412,AR,ARKANSAS,0.0763224,1697133.3509275226
689,2035,4,9331.797507012036,150.82365608364051,CA,CALIFORNIA,0.0763224,712225.1820491754
690,2035,5,121336.16599688523,1605.859435830015,CO,COLORADO,0.0763224,9260667.395680673
691,2035,6,107.81610213065512,2.748357167111412,CT,CONNECTICUT,0.0763224,8228.783673256712
692,2035,7,3646.261476191117,103.27035774332326,DE,DELAWARE,0.0763224,278291.4268904489
693,2035,8,0.0,0.0,DC,DISTRICT OF COLUMBIA,0.0763224,0.0
694,2035,9,0.0,0.0,FL,FLORIDA,0.0763224,0.0
695,2035,10,193.49831611468568,1.536494216352269,GA,GEORGIA,0.0763224,14768.255881831485
696,2035,12,12071.395838663488,553.2180074737245,ID,IDAHO,0.0763224,921317.9017568101
697,2035,13,191662.8785376477,1912.8826990197183,IL,ILLINOIS,0.0763224,14628170.880901761
698,2035,14,27033.84074302201,1103.200657388554,IN,INDIANA,0.0763224,2063287.606725223
699,2035,15,3509.4053383244577,62.31744621246291,IA,IOWA,0.0763224,267846.2379937346
700,2035,16,34667.81161026076,206.15275851449667,KS,KANSAS,0.0763224,2645930.584842966
701,2035,17,31389.02955401287,493.8626274218633,KY,KENTUCKY,0.0763224,2395686.069233192
702,2035,18,166410.88418402252,1305.6302450462988,LA,LOUISIANA,0.0763224,12700878.06704664
703,2035,19,1548.703671796528,35.110119276225944,ME,MAINE,0.0763224,118200.78112032331
704,2035,20,40763.294480548415,756.99216510212,MD,MARYLAND,0.0763224,3111152.466662208
705,2035,21,2116.2634550562548,42.5485728669587,MA,MASSACHUSETTS,0.0763224,161518.3059221855
706,2035,22,39664.69375996765,637.6609602128259,MI,MICHIGAN,0.0763224,3027304.6230257554
707,2035,23,122700.72147189744,891.6457176296226,MN,MINNESOTA,0.0763224,9364813.544466745
708,2035,24,19306.981246793504,179.37319405325658,MS,MISSISSIPPI,0.0763224,1473555.1455102726
709,2035,25,102977.030343907,677.7507404412374,MO,MISSOURI,0.0763224,7859454.100719808
710,2035,26,0.0,0.0,MT,MONTANA,0.0763224,0.0
711,2035,27,1054257.5723216431,5767.25033590292,NE,NEBRASKA,0.0763224,80463468.13776137
712,2035,28,0.0,0.0,NV,NEVADA,0.0763224,0.0
713,2035,29,115.25348031707468,2.124239636515455,NH,NEW HAMPSHIRE,0.0763224,8796.4222261519
714,2035,30,2520.2454462118003,123.40927643561676,NJ,NEW JERSEY,0.0763224,192351.18104395553
715,2035,31,0.0,0.0,NM,NEW MEXICO,0.0763224,0.0
716,2035,32,33717.34949375984,606.1583556290651,NY,NEW YORK,0.0763224,2573389.035002536
717,2035,33,5102.141632505708,354.03253413200304,NC,NORTH CAROLINA,0.0763224,389407.69453275367
718,2035,34,346803.81467234326,2032.920901459612,ND,NORTH DAKOTA,0.0763224,26468899.46494845
719,2035,35,27136.257845224416,931.881896122212,OH,OHIO,0.0763224,2071104.325766356
720,2035,36,75159.62860982367,316.471490542567,OK,OKLAHOMA,0.0763224,5736363.238610406
721,2035,37,3967.9895614594175,9.993817344313104,OR,OREGON,0.0763224,302846.48650553025
722,2035,38,65107.63245925019,1433.5584932231084,PA,PENNSYLVANIA,0.0763224,4969170.767607876
723,2035,39,147.7377388643751,11.52900924106277,RI,RHODE ISLAND,0.0763224,11275.698800702383
724,2035,40,18.64944835926915,0.4910444675455802,SC,SOUTH CAROLINA,0.0763224,1423.3706574554838
725,2035,41,1293181.382312232,10011.859458483988,SD,SOUTH DAKOTA,0.0763224,98698706.7333871
726,2035,42,42137.316266512906,461.93611341671874,TN,TENNESSEE,0.0763224,3216021.1070193048
727,2035,43,709887.4568009782,3813.6449336950272,TX,TEXAS,0.0763224,54180314.43294698
728,2035,44,0.0,0.0,UT,UTAH,0.0763224,0.0
729,2035,45,424.06593111041695,18.323402463687696,VT,VERMONT,0.0763224,32365.729620581686
730,2035,46,5433.991959132073,117.18463364701532,VA,VIRGINIA,0.0763224,414735.3079016617
731,2035,47,75876.03693760089,562.8436135766842,WA,WASHINGTON,0.0763224,5791041.241566351
732,2035,48,4765.150221312704,72.86726284834913,WV,WEST VIRGINIA,0.0763224,363687.70125111676
733,2035,49,48565.28112923747,1067.7584692774276,WI,WISCONSIN,0.0763224,3706618.8124581133
734,2035,50,88565.217789393,1288.6341857062323,WY,WYOMING,0.0763224,6759509.978209169
735,2036,0,11152.182272430568,226.0929293150622,AL,ALABAMA,0.07825498,872713.8006854086
736,2036,2,0.0,0.0,AZ,ARIZONA,0.07825498,0.0
737,2036,3,268707.9711282023,1136.1362651728143,AR,ARKANSAS,0.07825498,21027736.906478047
738,2036,4,13850.41364202454,223.85505281176447,CA,CALIFORNIA,0.07825498,1083863.8425483576
739,2036,5,451777.49100633984,5100.099556981468,CO,COLORADO,0.07825498,35353838.52315131
740,2036,6,0.0,0.0,CT,CONNECTICUT,0.07825498,0.0
741,2036,7,0.0,0.0,DE,DELAWARE,0.07825498,0.0
742,2036,8,0.0,0.0,DC,DISTRICT OF COLUMBIA,0.07825498,0.0
743,2036,9,0.0,0.0,FL,FLORIDA,0.07825498,0.0
744,2036,10,1701.4056664485488,12.3244347351809,GA,GEORGIA,0.07825498,133143.46639981787
745,2036,12,12182.492629236518,533.5791390285713,ID,IDAHO,0.07825498,953340.7170510511
746,2036,13,3929519.821557941,22996.548799447337,IL,ILLINOIS,0.07825498,307504495.04562026
747,2036,14,576246.5357865418,3856.660317821409,IN,INDIANA,0.07825498,45094161.133045115
748,2036,15,3129351.356885411,22390.50814849537,IA,IOWA,0.07825498,244887327.8460407
749,2036,16,1770173.8790193642,8755.478822165125,KS,KANSAS,0.07825498,138524921.4991828
750,2036,17,95790.40938210789,571.6492415151495,KY,KENTUCKY,0.07825498,7496076.570388665
751,2036,18,577662.580183576,2772.8251582222424,LA,LOUISIANA,0.07825498,45204973.659014136
752,2036,19,0.0,0.0,ME,MAINE,0.07825498,0.0
753,2036,20,0.0,0.0,MD,MARYLAND,0.07825498,0.0
754,2036,21,0.0,0.0,MA,MASSACHUSETTS,0.07825498,0.0
755,2036,22,162648.94279355308,922.0141971898236,MI,MICHIGAN,0.07825498,12728089.76533064
756,2036,23,2306529.621711403,16340.601709157663,MN,MINNESOTA,0.07825498,180497429.4164334
757,2036,24,469088.951397461,2376.102978193834,MS,MISSISSIPPI,0.07825498,36708546.50982928
758,2036,25,3209540.8333116304,14215.820122055427,MO,MISSOURI,0.07825498,251162553.71998498
759,2036,26,0.0,0.0,MT,MONTANA,0.07825498,0.0
760,2036,27,4183806.526491737,20883.49484587409,NE,NEBRASKA,0.07825498,327403696.0544804
761,2036,28,0.0,0.0,NV,NEVADA,0.07825498,0.0
762,2036,29,0.0,0.0,NH,NEW HAMPSHIRE,0.07825498,0.0
763,2036,30,0.0,0.0,NJ,NEW JERSEY,0.07825498,0.0
764,2036,31,0.0,0.0,NM,NEW MEXICO,0.07825498,0.0
765,2036,32,0.0,0.0,NY,NEW YORK,0.07825498,0.0
766,2036,33,46140.539879316544,376.7346978366824,NC,NORTH CAROLINA,0.07825498,3610727.025445119
767,2036,34,1845989.941733511,8533.514060858093,ND,NORTH DAKOTA,0.07825498,144457905.97055706
768,2036,35,127718.44011119116,1519.9870500045613,OH,OHIO,0.07825498,9994603.976532461
769,2036,36,206562.6726956506,1021.014148572512,OK,OKLAHOMA,0.07825498,16164557.820544684
770,2036,37,3718.750803753994,9.99430090239368,OR,OREGON,0.07825498,291010.76977275277
771,2036,38,370.88252004435935,3.335976042119854,PA,PENNSYLVANIA,0.07825498,29023.404188420944
772,2036,39,0.0,0.0,RI,RHODE ISLAND,0.07825498,0.0
773,2036,40,9875.679349098944,81.9978518658951,SC,SOUTH CAROLINA,0.07825498,772821.0899501508
774,2036,41,8605005.013146574,34087.7529294251,SD,SOUTH DAKOTA,0.07825498,673384495.2036849
775,2036,42,209536.50836397632,1172.2546988433114,TN,TENNESSEE,0.07825498,16397275.2712928
776,2036,43,1838315.8807735264,10296.500526998758,TX,TEXAS,0.07825498,143857372.4836147
777,2036,44,0.0,0.0,UT,UTAH,0.07825498,0.0
778,2036,45,0.0,0.0,VT,VERMONT,0.07825498,0.0
779,2036,46,0.0,0.0,VA,VIRGINIA,0.07825498,0.0
780,2036,47,72398.39543090589,509.8899818019685,WA,WASHINGTON,0.07825498,5665534.986477632
781,2036,48,0.0,0.0,WV,WEST VIRGINIA,0.07825498,0.0
782,2036,49,968305.4344700674,6444.024116940312,WI,WISCONSIN,0.07825498,75774722.40834643
783,2036,50,143806.65410681872,1705.8206942895492,WY,WYOMING,0.07825498,11253586.840996018
784,2037,0,0.0,0.0,AL,ALABAMA,0.08018756,0.0
785,2037,2,0.0,0.0,AZ,ARIZONA,0.08018756,0.0
786,2037,3,18300.95266144749,135.83405075013604,AR,ARKANSAS,0.08018756,1467508.7395969802
787,2037,4,23013.20458366616,380.30594821114187,CA,CALIFORNIA,0.08018756,1845372.7233450054
788,2037,5,269434.5079197426,4532.685390052259,CO,COLORADO,0.08018756,21605295.769884836
789,2037,6,1556.932994415519,22.03862189133644,CT,CONNECTICUT,0.08018756,124846.6579056741
790,2037,7,6368.323983716661,73.6560760400325,DE,DELAWARE,0.08018756,510660.36154371884
791,2037,8,0.0,0.0,DC,DISTRICT OF COLUMBIA,0.08018756,0.0
792,2037,9,0.0,0.0,FL,FLORIDA,0.08018756,0.0
793,2037,10,0.0,0.0,GA,GEORGIA,0.08018756,0.0
794,2037,12,9856.25711721254,430.875635927912,ID,IDAHO,0.08018756,790349.2089619078
795,2037,13,5214228.013371388,30715.99750889168,IL,ILLINOIS,0.08018756,418116221.675899
796,2037,14,422388.914153381,4180.198332850556,IN,INDIANA,0.08018756,33870336.39700909
797,2037,15,2447825.259231184,16254.912958735971,IA,IOWA,0.08018756,196285134.84411612
798,2037,16,1387213.673947418,7606.186674742424,KS,KANSAS,0.08018756,111237279.71247904
799,2037,17,0.0,0.0,KY,KENTUCKY,0.08018756,0.0
800,2037,18,32171.235015509967,573.4584779147323,LA,LOUISIANA,0.08018756,2579732.8380803065
801,2037,19,0.0,0.0,ME,MAINE,0.08018756,0.0
802,2037,20,13718.77669997618,318.3892608758712,MD,MARYLAND,0.08018756,1100075.229755942
803,2037,21,5753.239568395573,71.47950002756237,MA,MASSACHUSETTS,0.08018756,461338.24308509415
804,2037,22,197227.012154704,1354.9190123413632,MI,MICHIGAN,0.08018756,15815152.870776055
805,2037,23,1337003.5549123643,8295.807037920902,MN,MINNESOTA,0.08018756,107211052.77974851
806,2037,24,0.0,0.0,MS,MISSISSIPPI,0.08018756,0.0
807,2037,25,2187277.373111642,15570.285711443425,MO,MISSOURI,0.08018756,175392435.59303218
808,2037,26,0.0,0.0,MT,MONTANA,0.08018756,0.0
809,2037,27,3545905.7455629013,19317.58447121648,NE,NEBRASKA,0.08018756,284337529.72666985
810,2037,28,0.0,0.0,NV,NEVADA,0.08018756,0.0
811,2037,29,0.0,0.0,NH,NEW HAMPSHIRE,0.08018756,0.0
812,2037,30,3290.087221477853,51.67425033690033,NJ,NEW JERSEY,0.08018756,263824.0664774886
813,2037,31,0.0,0.0,NM,NEW MEXICO,0.08018756,0.0
814,2037,32,5656.098816750082,50.68387064195173,NY,NEW YORK,0.08018756,453548.76323407626
815,2037,33,8059.010893973107,181.0473332681022,NC,NORTH CAROLINA,0.08018756,646232.4196011223
816,2037,34,730319.3072245453,4050.073919573859,ND,NORTH DAKOTA,0.08018756,58562523.26722666
817,2037,35,70892.96619553029,1934.67083705653,OH,OHIO,0.08018756,5684733.980382057
818,2037,36,81270.65640962723,319.6775440619534,OK,OKLAHOMA,0.08018756,6516895.637086368
819,2037,37,5457.12691333425,13.01033631963666,OR,OREGON,0.08018756,437593.691790605
820,2037,38,19713.530919925142,546.7054794627718,PA,PENNSYLVANIA,0.08018756,1580779.9434533527
821,2037,39,435.1810018137466,15.040856109467224,RI,RHODE ISLAND,0.08018756,34896.10269379991
822,2037,40,0.0,0.0,SC,SOUTH CAROLINA,0.08018756,0.0
823,2037,41,1114666.6138911094,9581.802494117615,SD,SOUTH DAKOTA,0.08018756,89382395.98139018
824,2037,42,0.0,0.0,TN,TENNESSEE,0.08018756,0.0
825,2037,43,223933.8623406156,1487.1868126925092,TX,TEXAS,0.08018756,17956710.022469856
826,2037,44,0.0,0.0,UT,UTAH,0.08018756,0.0
827,2037,45,1188.7304750831795,45.81046853760725,VT,VERMONT,0.08018756,95321.39629456097
828,2037,46,886.8821174247807,40.37873352044753,VA,VIRGINIA,0.08018756,71116.91300392666
829,2037,47,56049.36098033153,451.54914014305297,WA,WASHINGTON,0.08018756,4494461.496571993
830,2037,48,543.1606146529584,8.905273648211052,WV,WEST VIRGINIA,0.08018756,43554.72437712099
831,2037,49,590267.0090352464,5511.909570598464,WI,WISCONSIN,0.08018756,47332071.20303437
832,2037,50,60637.98979372144,1469.1291394734992,WY,WYOMING,0.08018756,4862412.444863426
833,2038,0,56707.320791563056,394.8664834809307,AL,ALABAMA,0.08212014,4656813.122428069
834,2038,2,0.0,0.0,AZ,ARIZONA,0.08212014,0.0
835,2038,3,304244.1122559163,1177.7583685248376,AR,ARKANSAS,0.08212014,24984569.09263156
836,2038,4,12936.944902933994,209.0912632155774,CA,CALIFORNIA,0.08212014,1062383.726601226
837,2038,5,412507.97573434137,4936.248779776666,CO,COLORADO,0.08212014,33875212.718420714
838,2038,6,1213.0811456691222,13.610560644345366,CT,CONNECTICUT,0.08212014,99618.39351370871
839,2038,7,0.0,0.0,DE,DELAWARE,0.08212014,0.0
840,2038,8,0.0,0.0,DC,DISTRICT OF COLUMBIA,0.08212014,0.0
841,2038,9,148.93206674144815,1.773360433358789,FL,FLORIDA,0.08212014,12230.322171297066
842,2038,10,11656.3810868019,70.32862440259669,GA,GEORGIA,0.08212014,957223.6467415242
843,2038,12,13384.860517361974,591.6754951397725,ID,IDAHO,0.08212014,1099166.6195662378
844,2038,13,3420246.994383529,27676.02477368524,IL,ILLINOIS,0.08212014,280871162.0133546
845,2038,14,160941.08498210437,3016.5955002312094,IN,INDIANA,0.08212014,13216504.430482307
846,2038,15,1151754.465889921,10684.541607359772,IA,IOWA,0.08212014,94582237.98450552
847,2038,16,1098723.6035753216,4807.262723439744,KS,KANSAS,0.08212014,90227336.14690991
848,2038,17,125335.04237609691,1128.7152967182155,KY,KENTUCKY,0.08212014,10292531.226831011
849,2038,18,582241.3640832806,2631.860158967575,LA,LOUISIANA,0.08212014,47813742.33230997
850,2038,19,28.16717099996611,1.1793533247882284,ME,MAINE,0.08212014,2313.0920259211566
851,2038,20,0.0,0.0,MD,MARYLAND,0.08212014,0.0
852,2038,21,2683.521776853608,29.35095012484238,MA,MASSACHUSETTS,0.08212014,220371.18400826704
853,2038,22,70573.97945430278,1203.2409160074214,MI,MICHIGAN,0.08212014,5795545.0731444685
854,2038,23,766857.720863678,8526.231552383038,MN,MINNESOTA,0.08212014,62974463.39740615
855,2038,24,277740.53535275394,1618.686977150251,MS,MISSISSIPPI,0.08212014,22808091.6468431
856,2038,25,597533.465060168,6699.028590473736,MO,MISSOURI,0.08212014,49069531.80542609
857,2038,26,0.0,0.0,MT,MONTANA,0.08212014,0.0
858,2038,27,1875404.823036093,13426.346195639617,NE,NEBRASKA,0.08212014,154008506.6243992
859,2038,28,0.0,0.0,NV,NEVADA,0.08212014,0.0
860,2038,29,0.0,0.0,NH,NEW HAMPSHIRE,0.08212014,0.0
861,2038,30,0.0,0.0,NJ,NEW JERSEY,0.08212014,0.0
862,2038,31,0.0,0.0,NM,NEW MEXICO,0.08212014,0.0
863,2038,32,29169.907726691505,573.8775074936474,NY,NEW YORK,0.08212014,2395436.9063029876
864,2038,33,2019.3006338387024,43.68894174679078,NC,NORTH CAROLINA,0.08212014,165825.25075292296
865,2038,34,1134089.7293830635,8760.562311727981,ND,NORTH DAKOTA,0.08212014,93131607.34949929
866,2038,35,29961.60607958464,671.266797180928,OH,OHIO,0.08212014,2460451.2858803417
867,2038,36,219951.97925433348,976.9409375215416,OK,OKLAHOMA,0.08212014,18062487.32964296
868,2038,37,5320.989874512628,13.010147012093691,OR,OREGON,0.08212014,436960.4334335595
869,2038,38,13767.669822500657,258.22982760531363,PA,PENNSYLVANIA,0.08212014,1130602.9732975292
870,2038,39,0.0,0.0,RI,RHODE ISLAND,0.08212014,0.0
871,2038,40,0.0,0.0,SC,SOUTH CAROLINA,0.08212014,0.0
872,2038,41,5879278.8070477545,31158.10425484333,SD,SOUTH DAKOTA,0.08212014,482807198.7337945
873,2038,42,190863.49743422543,966.5873434640991,TN,TENNESSEE,0.08212014,15673737.130188232
874,2038,43,1641066.4533612165,8381.748586262665,TX,TEXAS,0.08212014,134764606.89932656
875,2038,44,0.0,0.0,UT,UTAH,0.08212014,0.0
876,2038,45,360.010706348202,16.028968641681345,VT,VERMONT,0.08212014,29564.129606813236
877,2038,46,688.9758766097286,20.94540934180117,VA,VIRGINIA,0.08212014,56578.79544381364
878,2038,47,54986.04740798376,388.35013204887673,WA,WASHINGTON,0.08212014,4515461.911190263
879,2038,48,609.6378708375539,10.77811512306769,WV,WEST VIRGINIA,0.08212014,50063.547302481835
880,2038,49,828517.5141767366,8819.024980935908,WI,WISCONSIN,0.08212014,68037974.25664559
881,2038,50,95173.34652179608,1532.9940865033766,WY,WYOMING,0.08212014,7815648.540638407
882,2039,0,17430.95533078081,287.45760055760525,AL,ALABAMA,0.08405272,1465119.2077506266
883,2039,2,0.0,0.0,AZ,ARIZONA,0.08405272,0.0
884,2039,3,740.3243628644334,14.42765867993564,AR,ARKANSAS,0.08405272,62226.27638102262
885,2039,4,21531.539837159704,360.2775904204085,CA,CALIFORNIA,0.08405272,1809784.4891016302
886,2039,5,254132.92981692275,3773.466445748538,CO,COLORADO,0.08405272,21360563.99268146
887,2039,6,14619.161140178228,145.69341499014493,CT,CONNECTICUT,0.08405272,1228780.2579502813
888,2039,7,13060.164637366666,147.53332155098204,DE,DELAWARE,0.08405272,1097742.361418482
889,2039,8,0.0,0.0,DC,DISTRICT OF COLUMBIA,0.08405272,0.0
890,2039,9,2115.949491591954,18.752191471169947,FL,FLORIDA,0.08405272,177851.31015092088
891,2039,10,14840.794088788542,148.50767479154902,GA,GEORGIA,0.08405272,1247409.1101225982
892,2039,12,19077.98015020582,891.0854103210881,ID,IDAHO,0.08405272,1603556.1237308078
893,2039,13,3384975.1487753354,27537.846052383906,IL,ILLINOIS,0.08405272,284516368.3869716
894,2039,14,641876.0708189445,6714.332450898403,IN,INDIANA,0.08405272,53951429.65524491
895,2039,15,1067450.1013127768,11295.465127729263,IA,IOWA,0.08405272,89722084.47961445
896,2039,16,650815.6117885928,3486.348594351026,KS,KANSAS,0.08405272,54702822.38929529
897,2039,17,357809.4691672478,3513.5655224312936,KY,KENTUCKY,0.08405272,30074859.125263315
898,2039,18,76103.51517296986,1085.094307750512,LA,LOUISIANA,0.08405272,6396707.451849387
899,2039,19,54.06805517195505,11.59344329487052,ME,MAINE,0.08405272,4544.56710231289
900,2039,20,269421.90080101707,1238.0046401043278,MD,MARYLAND,0.08405272,22645643.589895662
901,2039,21,12217.547749377049,142.3292563522887,MA,MASSACHUSETTS,0.08405272,1026918.1200650192
902,2039,22,238292.8525573096,3135.9117912222773,MI,MICHIGAN,0.08405272,20029162.414000828
903,2039,23,334353.83801279584,5094.854019947055,MN,MINNESOTA,0.08405272,28103349.52741489
904,2039,24,188944.165677894,1540.9334005774847,MS,MISSISSIPPI,0.08405272,15881271.053357635
905,2039,25,149389.8336296886,1523.4850487514548,MO,MISSOURI,0.08405272,12556621.856922798
906,2039,26,0.0,0.0,MT,MONTANA,0.08405272,0.0
907,2039,27,1274083.8719418263,7809.918395391513,NE,NEBRASKA,0.08405272,107090214.94484219
908,2039,28,0.0,0.0,NV,NEVADA,0.08405272,0.0
909,2039,29,100.06511584957984,2.3557273545540705,NH,NEW HAMPSHIRE,0.08405272,8410.745164272297
910,2039,30,77894.31209729215,627.6967601483052,NJ,NEW JERSEY,0.08405272,6547228.804306309
911,2039,31,0.0,0.0,NM,NEW MEXICO,0.08405272,0.0
912,2039,32,135575.119855382,1748.5163191735423,NY,NEW YORK,0.08405272,11395457.588170866
913,2039,33,90545.66389855547,1561.445426203785,NC,NORTH CAROLINA,0.08405272,7610609.334879391
914,2039,34,593637.5858423873,4539.602200655428,ND,NORTH DAKOTA,0.08405272,49896853.78428614
915,2039,35,661321.9584371597,6916.800149984889,OH,OHIO,0.08405272,55585909.402370214
916,2039,36,73772.74463352788,421.38487477210913,OK,OKLAHOMA,0.08405272,6200799.848313421
917,2039,37,5444.822038143189,13.009414711689804,OR,OREGON,0.08405272,457652.1022218788
918,2039,38,655050.0271797664,4937.12032709246,PA,PENNSYLVANIA,0.08405272,55058736.52053329
919,2039,39,2658.7260103566086,32.39563535129965,RI,RHODE ISLAND,0.08405272,223473.15290522113
920,2039,40,11.331680624604845,7.717779797949201,SC,SOUTH CAROLINA,0.08405272,952.4585786693361
921,2039,41,3125328.9064849173,20875.200452363308,SD,SOUTH DAKOTA,0.08405272,262692395.48468292
922,2039,42,18831.66709746616,620.6615880757378,TN,TENNESSEE,0.08405272,1582852.8416765358
923,2039,43,193755.34302465653,1281.0609925051158,TX,TEXAS,0.08405272,16285663.595755408
924,2039,44,0.0,0.0,UT,UTAH,0.08405272,0.0
925,2039,45,1395.5842639269772,24.20109206694493,VT,VERMONT,0.08405272,117302.65337226032
926,2039,46,64604.2262719984,508.72884599750535,VA,VIRGINIA,0.08405272,5430160.941656925
927,2039,47,90041.88993415782,686.3030608528642,WA,WASHINGTON,0.08405272,7568265.762906585
928,2039,48,15845.658945800817,193.81535819710928,WV,WEST VIRGINIA,0.08405272,1331870.7345868913
929,2039,49,89644.55251226858,1106.5524940646449,WI,WISCONSIN,0.08405272,7534868.471839007
930,2039,50,101725.71877299288,1501.1314608507475,WY,WYOMING,0.08405272,8550323.356825113
931,2040,0,258951.3285179949,1536.318564051357,AL,ALABAMA,0.0859853,22266007.66801835
932,2040,2,0.0,0.0,AZ,ARIZONA,0.0859853,0.0
933,2040,3,31996.81865911695,313.259971470991,AR,ARKANSAS,0.0859853,2751256.0514497687
934,2040,4,15349.479700735645,249.07085462142624,CA,CALIFORNIA,0.0859853,1319829.6169116646
935,2040,5,551397.3122123907,5823.747841782995,CO,COLORADO,0.0859853,47412063.309776075
936,2040,6,295.72961121310306,7.227050555830061,CT,CONNECTICUT,0.0859853,25428.39933904203
937,2040,7,0.0,0.0,DE,DELAWARE,0.0859853,0.0
938,2040,8,0.0,0.0,DC,DISTRICT OF COLUMBIA,0.0859853,0.0
939,2040,9,6428.542600617388,35.96095581513146,FL,FLORIDA,0.0859853,552760.1640768663
940,2040,10,171100.86379468365,829.0647947746224,GA,GEORGIA,0.0859853,14712159.103645014
941,2040,12,31923.461295048663,1469.81061752287,ID,IDAHO,0.0859853,2744948.3964931476
942,2040,13,9788938.990729151,46831.40123669126,IL,ILLINOIS,0.0859853,841704855.7995433
943,2040,14,961793.0979845276,7969.462002810073,IN,INDIANA,0.0859853,82700068.068129
944,2040,15,18356898.22338867,55241.32541216003,IA,IOWA,0.0859853,1578423400.8075416
945,2040,16,2016044.191182488,7993.731039580323,KS,KANSAS,0.0859853,173350164.5920836
946,2040,17,326225.83441412705,3851.9082125304894,KY,KENTUCKY,0.0859853,28050626.23984904
947,2040,18,748907.4191955918,4177.477610660631,LA,LOUISIANA,0.0859853,64395029.111758724
948,2040,19,160.31700984372569,3.2954531005722134,ME,MAINE,0.0859853,13784.906186515705
949,2040,20,0.0,0.0,MD,MARYLAND,0.0859853,0.0
950,2040,21,118.03645091582192,2.093697722215791,MA,MASSACHUSETTS,0.0859853,10149.399642932221
951,2040,22,202040.5523013092,2586.167655700344,MI,MICHIGAN,0.0859853,17372517.50179376
952,2040,23,5558535.899755663,27791.42230381065,MN,MINNESOTA,0.0859853,477952376.9012606
953,2040,24,758138.9556672864,3785.5167058003526,MS,MISSISSIPPI,0.0859853,65188805.54473832
954,2040,25,2933852.302045837,15362.306949178845,MO,MISSOURI,0.0859853,252268170.3471019
955,2040,26,0.0,0.0,MT,MONTANA,0.0859853,0.0
956,2040,27,6991837.539146764,24583.5958421868,NE,NEBRASKA,0.0859853,601195248.3547963
957,2040,28,0.0,0.0,NV,NEVADA,0.0859853,0.0
958,2040,29,0.0,0.0,NH,NEW HAMPSHIRE,0.0859853,0.0
959,2040,30,0.0,0.0,NJ,NEW JERSEY,0.0859853,0.0
960,2040,31,0.0,0.0,NM,NEW MEXICO,0.0859853,0.0
961,2040,32,38696.3777178641,431.468238346869,NY,NEW YORK,0.0859853,3327319.6469838605
962,2040,33,21255.03189327598,459.6761482191047,NC,NORTH CAROLINA,0.0859853,1827620.2938529032
963,2040,34,1578977.2497653323,8359.237672017725,ND,NORTH DAKOTA,0.0859853,135768832.51424703
964,2040,35,48701.76464887966,722.4772692546654,OH,OHIO,0.0859853,4187635.8438633126
965,2040,36,86663.12558552432,423.8010916238993,OK,OKLAHOMA,0.0859853,7451754.852408985
966,2040,37,5465.128351034845,13.00940857407143,OR,OREGON,0.0859853,469920.7008022365
967,2040,38,59428.91259910524,811.2466462175644,PA,PENNSYLVANIA,0.0859853,5110012.878507844
968,2040,39,0.0,0.0,RI,RHODE ISLAND,0.0859853,0.0
969,2040,40,67759.61335311603,372.25902421258434,SC,SOUTH CAROLINA,0.0859853,5826330.682051688
970,2040,41,12561691.689312777,35941.87028249624,SD,SOUTH DAKOTA,0.0859853,1080120828.413066
971,2040,42,308488.801555937,2153.174202514292,TN,TENNESSEE,0.0859853,26525502.14842771
972,2040,43,617853.1850606548,4857.28556358245,TX,TEXAS,0.0859853,53126291.47339592
973,2040,44,0.0,0.0,UT,UTAH,0.0859853,0.0
974,2040,45,437.78532557491576,5.515584876145931,VT,VERMONT,0.0859853,37643.1025551568
975,2040,46,1369.057082028664,25.54307479805435,VA,VIRGINIA,0.0859853,117718.78391535928
976,2040,47,76122.57994039154,587.7733196901129,WA,WASHINGTON,0.0859853,6545422.872948549
977,2040,48,3624.905972301112,88.1842297152144,WV,WEST VIRGINIA,0.0859853,311688.6275001028
978,2040,49,1413313.4674829831,13573.496166965357,WI,WISCONSIN,0.0859853,121524182.49556455
979,2040,50,145938.91613079293,1710.5944307562563,WY,WYOMING,0.0859853,12548601.48518107
980,2041,0,15775.97701122197,261.8382691519335,AL,ALABAMA,0.08668336,1367514.694615478
981,2041,2,0.0,0.0,AZ,ARIZONA,0.08668336,0.0
982,2041,3,140824.9200567635,962.1542273043348,AR,ARKANSAS,0.08668336,12207177.242251651
983,2041,4,15445.230073844796,249.6310134290684,CA,CALIFORNIA,0.08668336,1338844.438773915
984,2041,5,546511.8808091863,5644.224052373114,CO,COLORADO,0.08668336,47373486.10845978
985,2041,6,7868.719729973756,89.46237420240942,CT,CONNECTICUT,0.08668336,682087.065092418
986,2041,7,2603.5280982079767,145.25404150433002,DE,DELAWARE,0.08668336,225682.5634070774
987,2041,8,0.0,0.0,DC,DISTRICT OF COLUMBIA,0.08668336,0.0
988,2041,9,167.69751071242834,1.9440995035488544,FL,FLORIDA,0.08668336,14536.583692189282
989,2041,10,730.7450536794125,28.48877913530335,GA,GEORGIA,0.08668336,63343.43655631185
990,2041,12,37738.24039491685,1667.1882810541372,ID,IDAHO,0.08668336,3271277.4779191194
991,2041,13,18740905.761321016,48605.89633691706,IL,ILLINOIS,0.08668336,1624524680.8346636
992,2041,14,4341615.467461313,21401.11510786687,IN,INDIANA,0.08668336,376345816.5475173
993,2041,15,15878620.442729035,42297.52299291483,IA,IOWA,0.08668336,1376412172.1404405
994,2041,16,1048937.384859208,4805.929940831809,KS,KANSAS,0.08668336,90925416.94920927
995,2041,17,811620.8287618185,5630.97335864175,KY,KENTUCKY,0.08668336,70354020.48305906
996,2041,18,128.87127163743452,9.720259115144897,LA,LOUISIANA,0.08668336,11170.994833005527
997,2041,19,1097.0818654354848,24.17401181992073,ME,MAINE,0.08668336,95098.74229101569
998,2041,20,10414.634378087716,363.5827952802686,MD,MARYLAND,0.08668336,902775.5010641536
999,2041,21,5711.898026463608,58.3846564745672,MA,MASSACHUSETTS,0.08668336,495126.51291123446
1000,2041,22,870787.3652877884,5301.554450963056,MI,MICHIGAN,0.08668336,75482774.66869287
1001,2041,23,8259063.260100512,29032.82884048811,MN,MINNESOTA,0.08668336,715923353.8380663
1002,2041,24,78609.78157889677,828.0878054663159,MS,MISSISSIPPI,0.08668336,6814159.996124878
1003,2041,25,2423828.327462924,14557.457324542083,MO,MISSOURI,0.08668336,210105583.48766652
1004,2041,26,0.0,0.0,MT,MONTANA,0.08668336,0.0
1005,2041,27,3274286.4594088104,13634.452842204802,NE,NEBRASKA,0.08668336,283826151.9040593
1006,2041,28,0.0,0.0,NV,NEVADA,0.08668336,0.0
1007,2041,29,190.1964097069583,2.3421103806998094,NH,NEW HAMPSHIRE,0.08668336,16486.86385333576
1008,2041,30,6265.374597541584,192.1005925368699,NJ,NEW JERSEY,0.08668336,543103.7217735522
1009,2041,31,0.0,0.0,NM,NEW MEXICO,0.08668336,0.0
1010,2041,32,226034.5800356569,2293.293188554382,NY,NEW YORK,0.08668336,19593436.87367966
1011,2041,33,74867.62914577933,1210.484373202159,NC,NORTH CAROLINA,0.08668336,6489777.649590082
1012,2041,34,523280.6839360849,4289.841154678856,ND,NORTH DAKOTA,0.08668336,45359727.906677864
1013,2041,35,1049366.8547731591,12807.281902279592,OH,OHIO,0.08668336,90962644.84436947
1014,2041,36,156916.0356327998,827.886863424701,OK,OKLAHOMA,0.08668336,13602009.206530811
1015,2041,37,5653.433838069671,13.009591594132417,OR,OREGON,0.08668336,490058.640621575
1016,2041,38,373905.910441344,4454.5329898286045,PA,PENNSYLVANIA,0.08668336,32411420.640914783
1017,2041,39,197.29729619604703,13.293830319997486,RI,RHODE ISLAND,0.08668336,17102.392553188576
1018,2041,40,243.022713245888,7.936996389566204,SC,SOUTH CAROLINA,0.08668336,21066.025340470078
1019,2041,41,7724245.646898681,32385.825978775545,SD,SOUTH DAKOTA,0.08668336,669563566.1385514
1020,2041,42,374173.99775991327,2306.730619351244,TN,TENNESSEE,0.08668336,32434659.350461755
1021,2041,43,487131.7432520409,2951.626348335664,TX,TEXAS,0.08668336,42226216.26774423
1022,2041,44,54.46647170596728,2.045996585433794,UT,UTAH,0.08668336,4721.336774818175
1023,2041,45,2267.739211991914,25.10950222975792,VT,VERMONT,0.08668336,196575.2544992114
1024,2041,46,16883.949915559795,237.04324940746312,VA,VIRGINIA,0.08668336,1463557.5087524394
1025,2041,47,129350.14220136224,782.3473093174118,WA,WASHINGTON,0.08668336,11212504.942491876
1026,2041,48,25196.171129230366,491.41157763709566,WV,WEST VIRGINIA,0.08668336,2184088.772616682
1027,2041,49,3930384.990607324,15042.073250096028,WI,WISCONSIN,0.08668336,340698977.0794113
1028,2041,50,151840.52280292317,1738.851081559041,WY,WYOMING,0.08668336,13162046.700713998
1029,2042,0,41016.51331579721,514.950719910013,AL,ALABAMA,0.08738142,3584081.1769832685
1030,2042,2,0.0,0.0,AZ,ARIZONA,0.08738142,0.0
1031,2042,3,136070.42602686948,686.4187801859941,AR,ARKANSAS,0.08738142,11890027.046232814
1032,2042,4,20313.768762860287,344.6354787679734,CA,CALIFORNIA,0.08738142,1775045.9600503752
1033,2042,5,599808.494163337,5692.101262280601,CO,COLORADO,0.08738142,52412117.9480541
1034,2042,6,7987.23920413685,70.79668042052216,CT,CONNECTICUT,0.08738142,697936.3035371478
1035,2042,7,44588.78211280266,419.3762459817194,DE,DELAWARE,0.08738142,3896231.0970872967
1036,2042,8,0.0,0.0,DC,DISTRICT OF COLUMBIA,0.08738142,0.0
1037,2042,9,151.284273880011,2.405098111060026,FL,FLORIDA,0.08738142,13219.43467530427
1038,2042,10,7845.891753168371,100.8721368206306,GA,GEORGIA,0.08738142,685585.1625581417
1039,2042,12,25516.943453433625,1267.9570287585225,ID,IDAHO,0.08738142,2229706.753020734
1040,2042,13,11469675.951346207,44903.8036338494,IL,ILLINOIS,0.08738142,1002236571.5684825
1041,2042,14,1442361.5307284363,15059.060448941897,IN,INDIANA,0.08738142,126035598.70842439
1042,2042,15,18861917.952877965,57146.12879615961,IA,IOWA,0.08738142,1648181174.6459696
1043,2042,16,2184995.9702242287,7630.509937667786,KS,KANSAS,0.08738142,190928050.57247084
1044,2042,17,387680.4157067734,3449.986077070847,KY,KENTUCKY,0.08738142,33876065.23064817
1045,2042,18,321297.1221763128,2316.340943654164,LA,LOUISIANA,0.08738142,28075398.777679704
1046,2042,19,2998.147132448128,64.18901243186464,ME,MAINE,0.08738142,261982.3538022455
1047,2042,20,181017.461273292,1216.0168514010056,MD,MARYLAND,0.08738142,15817562.810855264
1048,2042,21,2841.355442443191,43.88009656384818,MA,MASSACHUSETTS,0.08738142,248281.67328541432
1049,2042,22,488444.3231512328,4259.465172531264,MI,MICHIGAN,0.08738142,42680958.5478936
1050,2042,23,5565008.918412602,22219.116023135983,MN,MINNESOTA,0.08738142,486278381.6035573
1051,2042,24,128884.52513456388,1686.632614308287,MS,MISSISSIPPI,0.08738142,11262112.822283883
1052,2042,25,4059033.9014268448,14341.497516030424,MO,MISSOURI,0.08738142,354684146.1348177
1053,2042,26,0.0,0.0,MT,MONTANA,0.08738142,0.0
1054,2042,27,6596931.310309326,23466.46864157018,NE,NEBRASKA,0.08738142,576449225.5372896
1055,2042,28,0.0,0.0,NV,NEVADA,0.08738142,0.0
1056,2042,29,107.44635051978004,2.3421102727349745,NH,NEW HAMPSHIRE,0.08738142,9388.814682236118
1057,2042,30,16664.54201990159,286.8179961072864,NJ,NEW JERSEY,0.08738142,1456171.3453486692
1058,2042,31,55.5850097671026,2.752910937697646,NM,NEW MEXICO,0.08738142,4857.097084163294
1059,2042,32,44668.52387151838,300.4859688769258,NY,NEW YORK,0.08738142,3903199.045197174
1060,2042,33,660619.6009205009,4072.788931311544,NC,NORTH CAROLINA,0.08738142,57725878.80826668
1061,2042,34,3279386.5114820525,9096.107991224228,ND,NORTH DAKOTA,0.08738142,286557450.10214806
1062,2042,35,627755.7963954024,8298.615416951481,OH,OHIO,0.08738142,54854192.902261145
1063,2042,36,138990.15557181693,692.1915518930059,OK,OKLAHOMA,0.08738142,12145157.159886274
1064,2042,37,5544.80627335789,13.009412781808576,OR,OREGON,0.08738142,484513.04579092056
1065,2042,38,292672.89688423986,3592.876811124856,PA,PENNSYLVANIA,0.08738142,25574173.325258456
1066,2042,39,33.20364512012029,0.3462786244427188,RI,RHODE ISLAND,0.08738142,2901.381659772182
1067,2042,40,22678.197402786333,367.3416668620644,SC,SOUTH CAROLINA,0.08738142,1981653.0920957818
1068,2042,41,14168768.65942933,36890.16894119746,SD,SOUTH DAKOTA,0.08738142,1238087125.1124313
1069,2042,42,211061.5781985757,1447.3688044035566,TN,TENNESSEE,0.08738142,18442860.41043259
1070,2042,43,999948.7989694496,7100.012361808086,TX,TEXAS,0.08738142,87376945.98124504
1071,2042,44,0.0,0.0,UT,UTAH,0.08738142,0.0
1072,2042,45,1112.5349436175577,14.72742787382473,VT,VERMONT,0.08738142,97214.88317292213
1073,2042,46,159505.03995069765,988.5446972321226,VA,VIRGINIA,0.08738142,13937776.888048692
1074,2042,47,112437.75650658592,787.9824503434787,WA,WASHINGTON,0.08738142,9824970.825159717
1075,2042,48,31440.28932501292,355.06819411399374,WV,WEST VIRGINIA,0.08738142,2747297.1264304705
1076,2042,49,816202.3757271231,5935.987297469921,WI,WISCONSIN,0.08738142,71320922.59840955
1077,2042,50,152097.04341783168,1741.7887107270778,WY,WYOMING,0.08738142,13290455.631651787
1078,2043,0,0.0,0.0,AL,ALABAMA,0.08807948,0.0
1079,2043,2,0.0,0.0,AZ,ARIZONA,0.08807948,0.0
1080,2043,3,39210.14919813418,447.8679027739481,AR,ARKANSAS,0.08807948,3453609.552094076
1081,2043,4,13393.614774281425,216.9954235464818,CA,CALIFORNIA,0.08807948,1179702.6246390254
1082,2043,5,396523.6816506877,4244.140076340933,CO,COLORADO,0.08807948,34925599.68747812
1083,2043,6,0.0,0.0,CT,CONNECTICUT,0.08807948,0.0
1084,2043,7,0.0,0.0,DE,DELAWARE,0.08807948,0.0
1085,2043,8,0.0,0.0,DC,DISTRICT OF COLUMBIA,0.08807948,0.0
1086,2043,9,0.0,0.0,FL,FLORIDA,0.08807948,0.0
1087,2043,10,0.0,0.0,GA,GEORGIA,0.08807948,0.0
1088,2043,12,36862.581555078265,1665.6245652800883,ID,IDAHO,0.08807948,3246837.0148288854
1089,2043,13,14585031.635098685,47980.12947391291,IL,ILLINOIS,0.08807948,1284642002.2030418
1090,2043,14,860456.1859345504,8643.541487297083,IN,INDIANA,0.08807948,75788533.41989851
1091,2043,15,12636087.396007331,51164.23735646802,IA,IOWA,0.08807948,1112980007.07488
1092,2043,16,1446284.7003072414,6423.1664656828325,KS,KANSAS,0.08807948,127388004.33501767
1093,2043,17,46044.942968162686,628.0592554619528,KY,KENTUCKY,0.08807948,4055614.633265426
1094,2043,18,46847.299231808174,1117.1268040569355,LA,LOUISIANA,0.08807948,4126285.7557420633
1095,2043,19,38.19213603053138,0.4414402121210169,ME,MAINE,0.08807948,3363.943481658468
1096,2043,20,0.0,0.0,MD,MARYLAND,0.08807948,0.0
1097,2043,21,0.0,0.0,MA,MASSACHUSETTS,0.08807948,0.0
1098,2043,22,152067.22218573617,1842.788753174856,MI,MICHIGAN,0.08807948,13394001.855164107
1099,2043,23,5536778.653943841,27529.68879983561,MN,MINNESOTA,0.08807948,487676584.7144735
1100,2043,24,390.35094046113466,19.29641527865612,MS,MISSISSIPPI,0.08807948,34381.9078533277
1101,2043,25,4657666.19283786,16278.57178924528,MO,MISSOURI,0.08807948,410244816.27873844
1102,2043,26,0.0,0.0,MT,MONTANA,0.08807948,0.0
1103,2043,27,3706189.593546771,21053.199634999448,NE,NEBRASKA,0.08807948,326439252.18101096
1104,2043,28,0.0,0.0,NV,NEVADA,0.08807948,0.0
1105,2043,29,0.0,0.0,NH,NEW HAMPSHIRE,0.08807948,0.0
1106,2043,30,0.0,0.0,NJ,NEW JERSEY,0.08807948,0.0
1107,2043,31,333.7306858360736,16.52839244128738,NM,NEW MEXICO,0.08807948,29394.82526848473
1108,2043,32,0.0,0.0,NY,NEW YORK,0.08807948,0.0
1109,2043,33,0.0,0.0,NC,NORTH CAROLINA,0.08807948,0.0
1110,2043,34,1614979.1057100852,7144.491362307754,ND,NORTH DAKOTA,0.08807948,142246519.84180933
1111,2043,35,138894.37004904152,3839.2598744575016,OH,OHIO,0.08807948,12233743.888847152
1112,2043,36,101860.42313659952,511.2724170243448,OK,OKLAHOMA,0.08807948,8971813.102451656
1113,2043,37,5509.790735303278,13.00941276170917,OR,OREGON,0.08807948,485299.5028743304
1114,2043,38,0.0,0.0,PA,PENNSYLVANIA,0.08807948,0.0
1115,2043,39,0.0,0.0,RI,RHODE ISLAND,0.08807948,0.0
1116,2043,40,0.0,0.0,SC,SOUTH CAROLINA,0.08807948,0.0
1117,2043,41,7569803.274306114,34456.63015804575,SD,SOUTH DAKOTA,0.08807948,666744336.1031799
1118,2043,42,21160.10862546717,239.4654571181581,TN,TENNESSEE,0.08807948,1863771.364474663
1119,2043,43,456555.9934523679,3493.121497598854,TX,TEXAS,0.08807948,40213214.49416797
1120,2043,44,0.0,0.0,UT,UTAH,0.08807948,0.0
1121,2043,45,0.0,0.0,VT,VERMONT,0.08807948,0.0
1122,2043,46,0.0,0.0,VA,VIRGINIA,0.08807948,0.0
1123,2043,47,101764.25110292045,748.2869549084105,WA,WASHINGTON,0.08807948,8963342.319734659
1124,2043,48,3255.400029703533,23.18844145733268,WV,WEST VIRGINIA,0.08807948,286733.94180827175
1125,2043,49,504993.7822673777,6837.419140048703,WI,WISCONSIN,0.08807948,44479589.74534385
1126,2043,50,136728.75945272538,1594.123067349674,WY,WYOMING,0.08807948,12042998.033641137
1127,2044,0,994.823979542018,100.60199911186524,AL,ALABAMA,0.08877754,88318.0256367507
1128,2044,2,0.0,0.0,AZ,ARIZONA,0.08877754,0.0
1129,2044,3,11931.223013668576,136.02568631403992,AR,ARKANSAS,0.08877754,1059224.6283448825
1130,2044,4,22883.054283998383,370.92596829845,CA,CALIFORNIA,0.08877754,2031501.2670198376
1131,2044,5,495009.1158694834,5184.726178991949,CO,COLORADO,0.08877754,43945691.5844677
1132,2044,6,0.0,0.0,CT,CONNECTICUT,0.08877754,0.0
1133,2044,7,3312.452036999897,68.905497271768,DE,DELAWARE,0.08877754,294071.3432128398
1134,2044,8,0.0,0.0,DC,DISTRICT OF COLUMBIA,0.08877754,0.0
1135,2044,9,6043.80290321849,19.72792992988409,FL,FLORIDA,0.08877754,536553.9539925957
1136,2044,10,10454.642400794522,62.041824167221925,GA,GEORGIA,0.08877754,928137.4339222318
1137,2044,12,28888.331346958104,1294.846529747078,ID,IDAHO,0.08877754,2564634.9916878273
1138,2044,13,6219807.195265349,35399.96984463814,IL,ILLINOIS,0.08877754,552179182.0699574
1139,2044,14,870380.9633879815,8619.037084626561,IN,INDIANA,0.08877754,77270280.79241507
1140,2044,15,8385783.898477114,45227.83990192168,IA,IOWA,0.08877754,744469265.478408
1141,2044,16,680247.4979636244,3736.9480787770026,KS,KANSAS,0.08877754,60390699.46036559
1142,2044,17,363915.72138675617,2554.8019609286225,KY,KENTUCKY,0.08877754,32307542.512041602
1143,2044,18,92.93260769219688,21.07172510865145,LA,LOUISIANA,0.08877754,8250.328296698317
1144,2044,19,94.28028727347304,9.549451712361863,ME,MAINE,0.08877754,8369.971974632243
1145,2044,20,0.0,0.0,MD,MARYLAND,0.08877754,0.0
1146,2044,21,0.0,0.0,MA,MASSACHUSETTS,0.08877754,0.0
1147,2044,22,114800.67398336322,1256.1102630166477,MI,MICHIGAN,0.08877754,10191721.426584987
1148,2044,23,4811754.3077770285,25750.432322046978,MN,MINNESOTA,0.08877754,427175710.52884746
1149,2044,24,8231.989111523466,182.87859119626185,MS,MISSISSIPPI,0.08877754,730815.742627839
1150,2044,25,791481.1201005701,6913.415874542217,MO,MISSOURI,0.08877754,70265746.79897317
1151,2044,26,0.0,0.0,MT,MONTANA,0.08877754,0.0
1152,2044,27,4532109.371100847,21381.8469328742,NE,NEBRASKA,0.08877754,402349520.97728026
1153,2044,28,0.0,0.0,NV,NEVADA,0.08877754,0.0
1154,2044,29,0.0,0.0,NH,NEW HAMPSHIRE,0.08877754,0.0
1155,2044,30,12254.38370415664,221.17178145338264,NJ,NEW JERSEY,0.08877754,1087914.0394711143
1156,2044,31,277.18570857013134,13.7279380195018,NM,NEW MEXICO,0.08877754,24607.865330013177
1157,2044,32,879.720210864053,11.985499966799384,NY,NEW YORK,0.08877754,78099.3962087919
1158,2044,33,26251.63640063202,273.10028401114323,NC,NORTH CAROLINA,0.08877754,2330555.700622565
1159,2044,34,696984.0914447779,5763.370447219559,ND,NORTH DAKOTA,0.08877754,61876533.057602435
1160,2044,35,40657.40062091074,683.7071492479183,OH,OHIO,0.08877754,3609464.009918928
1161,2044,36,94264.00868778492,463.8818331260576,OK,OKLAHOMA,0.08877754,8368526.801840174
1162,2044,37,5292.475258435008,13.010118363276254,OR,OREGON,0.08877754,469852.9339547243
1163,2044,38,3612.3780808542297,55.49503386551079,PA,PENNSYLVANIA,0.08877754,320698.0395681596
1164,2044,39,0.0,0.0,RI,RHODE ISLAND,0.08877754,0.0
1165,2044,40,5451.054353204519,23.00943443756616,SC,SOUTH CAROLINA,0.08877754,483931.19588378834
1166,2044,41,7715385.083393415,33075.689270468065,SD,SOUTH DAKOTA,0.08877754,684952907.8563623
1167,2044,42,86403.644354366,617.9782467656239,TN,TENNESSEE,0.08877754,7670702.992815502
1168,2044,43,307798.6382001355,2041.402090516194,TX,TEXAS,0.08877754,27325605.914758056
1169,2044,44,0.0,0.0,UT,UTAH,0.08877754,0.0
1170,2044,45,173.67984787374897,5.738865825665271,VT,VERMONT,0.08877754,15418.869641805666
1171,2044,46,78.86774063690225,1.284605450812937,VA,VIRGINIA,0.08877754,7001.683999102215
1172,2044,47,95775.93356572912,751.7471741584212,WA,WASHINGTON,0.08877754,8502751.77316886
1173,2044,48,0.0,0.0,WV,WEST VIRGINIA,0.08877754,0.0
1174,2044,49,18626.404530813983,127.46078744934496,WI,WISCONSIN,0.08877754,1653606.3732905197
1175,2044,50,123870.24914244848,1604.3182736181298,WY,WYOMING,0.08877754,10996895.998053685
1176,2045,0,1027.1024865384716,73.79131070114803,AL,ALABAMA,0.0894756,91900.61124452167
1177,2045,2,0.0,0.0,AZ,ARIZONA,0.0894756,0.0
1178,2045,3,365509.9552375843,1268.21351417052,AR,ARKANSAS,0.0894756,32704222.550855998
1179,2045,4,14654.582696300728,247.6866667323993,CA,CALIFORNIA,0.0894756,1311227.5795011255
1180,2045,5,371605.03686166,4181.6606518264525,CO,COLORADO,0.0894756,33249583.636219148
1181,2045,6,9165.072000318509,80.14521882689166,CT,CONNECTICUT,0.0894756,820050.3162716988
1182,2045,7,0.0,0.0,DE,DELAWARE,0.0894756,0.0
1183,2045,8,0.0,0.0,DC,DISTRICT OF COLUMBIA,0.0894756,0.0
1184,2045,9,0.0,0.0,FL,FLORIDA,0.0894756,0.0
1185,2045,10,0.0,0.0,GA,GEORGIA,0.0894756,0.0
1186,2045,12,27741.26775944762,1275.0235898215374,ID,IDAHO,0.0894756,2482166.5775372316
1187,2045,13,14713879.878042508,44437.72510654268,IL,ILLINOIS,0.0894756,1316533230.4157803
1188,2045,14,933744.1205580024,9660.65818909334,IN,INDIANA,0.0894756,83547315.4333996
1189,2045,15,19589165.457177658,56732.45658824385,IA,IOWA,0.0894756,1752752332.7802453
1190,2045,16,1212952.946964277,4824.027796000347,KS,KANSAS,0.0894756,108529692.70139687
1191,2045,17,73820.43241234298,1142.5107399047797,KY,KENTUCKY,0.0894756,6605127.482353835
1192,2045,18,681293.3783508576,2725.3163010177504,LA,LOUISIANA,0.0894756,60959133.803969994
1193,2045,19,1540.544816216923,47.0718069480232,ME,MAINE,0.0894756,137841.17175789893
1194,2045,20,0.0,0.0,MD,MARYLAND,0.0894756,0.0
1195,2045,21,4042.631904088342,71.73739935567829,MA,MASSACHUSETTS,0.0894756,361716.9151974468
1196,2045,22,1081664.4075337187,6622.075245220962,MI,MICHIGAN,0.0894756,96782571.86272402
1197,2045,23,4893273.092564967,26118.224155458804,MN,MINNESOTA,0.0894756,437828545.921106
1198,2045,24,99674.4813633799,824.2244421899861,MS,MISSISSIPPI,0.0894756,8918434.024677236
1199,2045,25,5587474.4554861225,17957.54343634736,MO,MISSOURI,0.0894756,499942629.3892941
1200,2045,26,0.0,0.0,MT,MONTANA,0.0894756,0.0
1201,2045,27,2417884.38959234,18218.72704721332,NE,NEBRASKA,0.0894756,216341656.48940837
1202,2045,28,0.0,0.0,NV,NEVADA,0.0894756,0.0
1203,2045,29,0.0,0.0,NH,NEW HAMPSHIRE,0.0894756,0.0
1204,2045,30,3641.428498746837,133.1699932665698,NJ,NEW JERSEY,0.0894756,325818.9997824725
1205,2045,31,0.0,0.0,NM,NEW MEXICO,0.0894756,0.0
1206,2045,32,50564.502994911454,1198.195909147357,NY,NEW YORK,0.0894756,4524289.244171499
1207,2045,33,3954.9228396669,173.34675423615494,NC,NORTH CAROLINA,0.0894756,353869.0940328997
1208,2045,34,846131.4774372234,4850.425935926175,ND,NORTH DAKOTA,0.0894756,75708121.62258203
1209,2045,35,421365.8881092711,4477.331121032645,OH,OHIO,0.0894756,37701965.658109896
1210,2045,36,238608.187909954,952.7783882758824,OK,OKLAHOMA,0.0894756,21349610.77815588
1211,2045,37,5499.770039792971,13.010026922280533,OR,OREGON,0.0894756,492095.22417249996
1212,2045,38,224478.34286226987,2972.448539817977,PA,PENNSYLVANIA,0.0894756,20085334.414607316
1213,2045,39,1415.743022893541,23.67886201854741,RI,RHODE ISLAND,0.0894756,126674.45641921333
1214,2045,40,0.0,0.0,SC,SOUTH CAROLINA,0.0894756,0.0
1215,2045,41,3571369.080398174,22878.89751503132,SD,SOUTH DAKOTA,0.0894756,319550391.2900748
1216,2045,42,73234.21780272608,400.60279779589024,TN,TENNESSEE,0.0894756,6552675.578429597
1217,2045,43,1213134.7290095128,6298.185927795281,TX,TEXAS,0.0894756,108545957.75896357
1218,2045,44,0.0,0.0,UT,UTAH,0.0894756,0.0
1219,2045,45,0.0,0.0,VT,VERMONT,0.0894756,0.0
1220,2045,46,0.0,0.0,VA,VIRGINIA,0.0894756,0.0
1221,2045,47,95176.26966517836,738.1937963781508,WA,WASHINGTON,0.0894756,8515953.834053634
1222,2045,48,10514.931902519911,85.0321416565213,WV,WEST VIRGINIA,0.0894756,940829.8409371106
1223,2045,49,2358654.112359198,15555.487532931043,WI,WISCONSIN,0.0894756,211041991.89580664
1224,2045,50,104676.20668777316,1450.0740833322448,WY,WYOMING,0.0894756,9365966.399112515
1225,2046,0,425259.6600396519,2506.3863426711227,AL,ALABAMA,0.08849248,37632281.9608657
1226,2046,2,0.0,0.0,AZ,ARIZONA,0.08849248,0.0
1227,2046,3,270541.0067738951,1246.5699794563022,AR,ARKANSAS,0.08849248,23940844.631118782
1228,2046,4,21646.07671510421,352.0059038590454,CA,CALIFORNIA,0.08849248,1915515.0107898246
1229,2046,5,490939.6790360826,5002.136518835631,CO,COLORADO,0.08849248,43444469.72830696
1230,2046,6,13.646623282768765,7.303925793059236,CT,CONNECTICUT,0.08849248,1207.6235379179493
1231,2046,7,1962.9975050892704,46.82500805789724,DE,DELAWARE,0.08849248,173710.51745916216
1232,2046,8,0.0,0.0,DC,DISTRICT OF COLUMBIA,0.08849248,0.0
1233,2046,9,2801.124373032672,11.821074075405368,FL,FLORIDA,0.08849248,247878.44255810624
1234,2046,10,85384.15067165649,598.7501096909145,GA,GEORGIA,0.08849248,7555855.245628548
1235,2046,12,20647.67770139129,898.6486108141917,ID,IDAHO,0.08849248,1827164.2060368147
1236,2046,13,12607262.039401837,46362.65680308854,IL,ILLINOIS,0.08849248,1115647883.876526
1237,2046,14,386465.9092454584,4269.54653192344,IN,INDIANA,0.08849248,34199326.74458554
1238,2046,15,20470234.127668463,53274.12786475981,IA,IOWA,0.08849248,1811461784.1380186
1239,2046,16,1802263.126530795,6378.786765059726,KS,KANSAS,0.08849248,159486733.67926383
1240,2046,17,655936.0908145658,4975.880154550794,KY,KENTUCKY,0.08849248,58045411.397686146
1241,2046,18,765477.1429025015,3694.679143220276,LA,LOUISIANA,0.08849248,67738970.75875676
1242,2046,19,0.0,0.0,ME,MAINE,0.08849248,0.0
1243,2046,20,10190.984361108396,394.0772062785262,MD,MARYLAND,0.08849248,901825.4797556975
1244,2046,21,0.0,0.0,MA,MASSACHUSETTS,0.08849248,0.0
1245,2046,22,315870.70359184855,2066.861833936353,MI,MICHIGAN,0.08849248,27952181.920187585
1246,2046,23,7822536.862387669,30408.24607945085,MN,MINNESOTA,0.08849248,692235686.8441036
1247,2046,24,701011.6596768703,4194.6621309028405,MS,MISSISSIPPI,0.08849248,62034260.273722254
1248,2046,25,6333612.0675188005,18752.813301644008,MO,MISSOURI,0.08849248,560477039.2126662
1249,2046,26,0.0,0.0,MT,MONTANA,0.08849248,0.0
1250,2046,27,6887022.614773774,23780.08991044483,NE,NEBRASKA,0.08849248,609449710.9974158
1251,2046,28,0.0,0.0,NV,NEVADA,0.08849248,0.0
1252,2046,29,0.0,0.0,NH,NEW HAMPSHIRE,0.08849248,0.0
1253,2046,30,0.0,0.0,NJ,NEW JERSEY,0.08849248,0.0
1254,2046,31,379.9626130268345,18.81808130825977,NM,NEW MEXICO,0.08849248,33623.83393402489
1255,2046,32,4838.107528724734,91.44001449524434,NY,NEW YORK,0.08849248,428136.13372352294
1256,2046,33,21848.429010226377,737.0954468532677,NC,NORTH CAROLINA,0.08849248,1933421.6672188775
1257,2046,34,2165139.5534307486,7711.546358458028,ND,NORTH DAKOTA,0.08849248,191598568.62917945
1258,2046,35,160552.5760898981,1890.631295947394,OH,OHIO,0.08849248,14207695.628583787
1259,2046,36,171486.399130127,928.8930870397196,OK,OKLAHOMA,0.08849248,15175256.745294781
1260,2046,37,5464.294197517563,13.009141777776136,OR,OREGON,0.08849248,483548.944987939
1261,2046,38,65034.70701760541,1129.0477383226105,PA,PENNSYLVANIA,0.08849248,5755082.510061306
1262,2046,39,36.88670958735069,0.8522988047203414,RI,RHODE ISLAND,0.08849248,3264.1964104244385
1263,2046,40,254.02338899215545,5.111524032323093,SC,SOUTH CAROLINA,0.08849248,22479.159669920533
1264,2046,41,11249381.486757178,33822.78950949453,SD,SOUTH DAKOTA,0.08849248,995485666.2292298
1265,2046,42,429303.6078568398,2704.131287208344,TN,TENNESSEE,0.08849248,37990140.93219924
1266,2046,43,1666777.1362746162,9996.141972229583,TX,TEXAS,0.08849248,147497242.39623874
1267,2046,44,0.0,0.0,UT,UTAH,0.08849248,0.0
1268,2046,45,0.0,0.0,VT,VERMONT,0.08849248,0.0
1269,2046,46,3608.2697112805454,66.94616980234696,VA,VIRGINIA,0.08849248,319304.7352600994
1270,2046,47,93113.59926261434,749.2921469570688,WA,WASHINGTON,0.08849248,8239853.320474914
1271,2046,48,28353.226755109707,723.2293398581816,WV,WEST VIRGINIA,0.08849248,2509047.3515620106
1272,2046,49,417209.57995192974,5567.698525090777,WI,WISCONSIN,0.08849248,36919910.40970454
1273,2046,50,157302.864982356,1857.946009671157,WY,WYOMING,0.08849248,13920120.633393839
1274,2047,0,395512.0914151896,2091.9394146985505,AL,ALABAMA,0.08750936,34611009.99200474
1275,2047,2,0.0,0.0,AZ,ARIZONA,0.08750936,0.0
1276,2047,3,24387.782898991016,151.34324383034166,AR,ARKANSAS,0.08750936,2134159.273309648
1277,2047,4,26615.786237588207,434.28934046056975,CA,CALIFORNIA,0.08750936,2329130.419548152
1278,2047,5,261360.63010700373,3560.6143209188403,CO,COLORADO,0.08750936,22871501.469860625
1279,2047,6,2016.3384612348816,20.411443696377034,CT,CONNECTICUT,0.08750936,176448.48828604928
1280,2047,7,3833.3379168198926,143.0754740913803,DE,DELAWARE,0.08750936,335452.947764642
1281,2047,8,0.0,0.0,DC,DISTRICT OF COLUMBIA,0.08750936,0.0
1282,2047,9,1788.1539081792505,14.269357227997324,FL,FLORIDA,0.08750936,156480.20408626497
1283,2047,10,201356.67883249,1254.8451504770978,GA,GEORGIA,0.08750936,17620594.096356746
1284,2047,12,36912.99637406512,1655.6652943752458,ID,IDAHO,0.08750936,3230232.688376759
1285,2047,13,5565311.605367626,37544.1429151806,IL,ILLINOIS,0.08750936,487016856.7862935
1286,2047,14,366421.9572093076,3854.1591674965193,IN,INDIANA,0.08750936,32065350.965333894
1287,2047,15,5962264.822627438,28428.064035963103,IA,IOWA,0.08750936,521753978.7786406
1288,2047,16,815928.3241594115,3470.56302996704,KS,KANSAS,0.08750936,71401365.45306262
1289,2047,17,683843.0261231053,4393.24001890078,KY,KENTUCKY,0.08750936,59842665.55649622
1290,2047,18,31806.70384899461,631.0957563297163,LA,LOUISIANA,0.08750936,2783384.297535055
1291,2047,19,166.69739483812782,13.5672261350063,ME,MAINE,0.08750936,14587.582335951869
1292,2047,20,53756.94561224698,754.9814348141981,MD,MARYLAND,0.08750936,4704235.906082541
1293,2047,21,884.5379859718876,27.582915843724344,MA,MASSACHUSETTS,0.08750936,77405.35304808886
1294,2047,22,180932.90844369668,1875.4966175434909,MI,MICHIGAN,0.08750936,15833323.020846492
1295,2047,23,6019090.987173605,27745.33302540135,MN,MINNESOTA,0.08750936,526726800.06933033
1296,2047,24,434743.51799355575,3513.786710460283,MS,MISSISSIPPI,0.08750936,38044127.02376454
1297,2047,25,2879846.3744046898,12548.5215065456,MO,MISSOURI,0.08750936,252013513.12247476
1298,2047,26,0.0,0.0,MT,MONTANA,0.08750936,0.0
1299,2047,27,1737946.5564900609,13944.760415410929,NE,NEBRASKA,0.08750936,152086590.87264904
1300,2047,28,0.0,0.0,NV,NEVADA,0.08750936,0.0
1301,2047,29,0.0,0.0,NH,NEW HAMPSHIRE,0.08750936,0.0
1302,2047,30,7.729691642457434,2.226146229095439,NJ,NEW JERSEY,0.08750936,676.4203686287988
1303,2047,31,230.96822190752616,11.438964336138664,NM,NEW MEXICO,0.08750936,20211.881279465593
1304,2047,32,7220.140731495551,294.7386416424339,NY,NEW YORK,0.08750936,631829.8945231076
1305,2047,33,117578.86507171532,1416.8311604921455,NC,NORTH CAROLINA,0.08750936,10289251.231952162
1306,2047,34,81166.78527154712,977.2377066047964,ND,NORTH DAKOTA,0.08750936,7102853.432370515
1307,2047,35,248250.7720425356,2505.2344979344207,OH,OHIO,0.08750936,21724266.180948183
1308,2047,36,71535.66395241983,270.97045883712127,OK,OKLAHOMA,0.08750936,6260040.1696513295
1309,2047,37,5403.731148421266,13.009500084965431,OR,OREGON,0.08750936,472877.05441041
1310,2047,38,81107.09767491545,1588.4009329615778,PA,PENNSYLVANIA,0.08750936,7097630.208989338
1311,2047,39,0.0,0.0,RI,RHODE ISLAND,0.08750936,0.0
1312,2047,40,95739.81243534156,802.3433334833485,SC,SOUTH CAROLINA,0.08750936,8378129.712736782
1313,2047,41,3216849.4824484,22253.531128121624,SD,SOUTH DAKOTA,0.08750936,281504439.4253907
1314,2047,42,542801.5825261148,2913.9964594313888,TN,TENNESSEE,0.08750936,47500219.09384749
1315,2047,43,174294.37848960637,1035.736579985453,TX,TEXAS,0.08750936,15252389.51322322
1316,2047,44,0.0,0.0,UT,UTAH,0.08750936,0.0
1317,2047,45,308.6573677963262,6.865477922431923,VT,VERMONT,0.08750936,27010.40871514111
1318,2047,46,5445.916568438838,80.00919935717414,VA,VIRGINIA,0.08750936,476568.6735174789
1319,2047,47,110619.67212007192,771.3794312211867,WA,WASHINGTON,0.08750936,9680256.710637337
1320,2047,48,5484.920383631781,124.07125226062378,WV,WEST VIRGINIA,0.08750936,479981.8724225716
1321,2047,49,2372806.3846145,17607.56921841947,WI,WISCONSIN,0.08750936,207642768.12152874
1322,2047,50,121872.89032452938,1628.6471310811594,WY,WYOMING,0.08750936,10665018.633649757
1323,2048,0,171573.58064486738,1221.0106391868596,AL,ALABAMA,0.08652624,14845616.816537151
1324,2048,2,0.0,0.0,AZ,ARIZONA,0.08652624,0.0
1325,2048,3,263929.85682905174,1019.3552683674033,AR,ARKANSAS,0.08652624,22836858.13515617
1326,2048,4,21855.759525444893,353.24015074646854,CA,CALIFORNIA,0.08652624,1891096.6940809311
1327,2048,5,327864.839921288,4562.885808034745,CO,COLORADO,0.08652624,28368911.826590948
1328,2048,6,0.0,0.0,CT,CONNECTICUT,0.08652624,0.0
1329,2048,7,0.0,0.0,DE,DELAWARE,0.08652624,0.0
1330,2048,8,0.0,0.0,DC,DISTRICT OF COLUMBIA,0.08652624,0.0
1331,2048,9,3575.725390150619,11.960770972196492,FL,FLORIDA,0.08652624,309394.07328226615
1332,2048,10,24835.967939729875,166.87366092884193,GA,GEORGIA,0.08652624,2148962.922585373
1333,2048,12,27561.583644866547,1303.156340642087,ID,IDAHO,0.08652624,2384800.2012357977
1334,2048,13,4073086.46717896,23737.31700360818,IL,ILLINOIS,0.08652624,352428857.1998788
1335,2048,14,174544.7669752307,1628.5917173069024,IN,INDIANA,0.08652624,15102702.39804289
1336,2048,15,1666909.3918078516,13379.21992411118,IA,IOWA,0.08652624,144231402.0938202
1337,2048,16,905233.5095810562,3777.4255732223687,KS,KANSAS,0.08652624,78326451.90605277
1338,2048,17,251935.13559821,2475.9600392491952,KY,KENTUCKY,0.08652624,21799000.007203262
1339,2048,18,708614.8440773273,3325.057672454294,LA,LOUISIANA,0.08652624,61313778.0661974
1340,2048,19,0.0,0.0,ME,MAINE,0.08652624,0.0
1341,2048,20,281.83658394944973,9.070938670818707,MD,MARYLAND,0.08652624,24386.259903590235
1342,2048,21,0.0,0.0,MA,MASSACHUSETTS,0.08652624,0.0
1343,2048,22,34761.66337375446,419.0037445412264,MI,MICHIGAN,0.08652624,3007796.0278766886
1344,2048,23,148531.42130784737,1246.9199690477828,MN,MINNESOTA,0.08652624,12851865.407623917
1345,2048,24,354539.03947731806,2604.987498662585,MS,MISSISSIPPI,0.08652624,30676930.019183896
1346,2048,25,1190510.4790251197,9148.696008148045,MO,MISSOURI,0.08652624,103010395.43064249
1347,2048,26,0.0,0.0,MT,MONTANA,0.08652624,0.0
1348,2048,27,2813635.460487485,19660.655814998845,NE,NEBRASKA,0.08652624,243453297.12665066
1349,2048,28,0.0,0.0,NV,NEVADA,0.08652624,0.0
1350,2048,29,0.0,0.0,NH,NEW HAMPSHIRE,0.08652624,0.0
1351,2048,30,0.0,0.0,NJ,NEW JERSEY,0.08652624,0.0
1352,2048,31,0.0,0.0,NM,NEW MEXICO,0.08652624,0.0
1353,2048,32,0.0,0.0,NY,NEW YORK,0.08652624,0.0
1354,2048,33,88723.85356332839,1148.428613604235,NC,NORTH CAROLINA,0.08652624,7676941.447145407
1355,2048,34,516122.1165093465,3642.977449993497,ND,NORTH DAKOTA,0.08652624,44658106.12239569
1356,2048,35,4428.676659403998,99.01136061802175,OH,OHIO,0.08652624,383196.73951398866
1357,2048,36,166517.59355778652,737.7110329211605,OK,OKLAHOMA,0.08652624,14408141.264403492
1358,2048,37,5376.163732119764,13.008794654397768,OR,OREGON,0.08652624,465179.23336469044
1359,2048,38,245.4888173892232,9.712624456363985,PA,PENNSYLVANIA,0.08652624,21241.224330736102
1360,2048,39,167.26705174294617,3.281902243993281,RI,RHODE ISLAND,0.08652624,14472.98906320258
1361,2048,40,87473.10651050757,772.5490324826847,SC,SOUTH CAROLINA,0.08652624,7568719.007473741
1362,2048,41,2525304.027081893,13856.229687900017,SD,SOUTH DAKOTA,0.08652624,218505062.3202544
1363,2048,42,275399.4202838115,1667.2448976795015,TN,TENNESSEE,0.08652624,23829276.335337944
1364,2048,43,1453482.289115664,7738.98417369773,TX,TEXAS,0.08652624,125764357.38377135
1365,2048,44,0.0,0.0,UT,UTAH,0.08652624,0.0
1366,2048,45,451.0807018792457,14.229203724407782,VT,VERMONT,0.08652624,39030.31707017207
1367,2048,46,2826.746215468936,32.85203727735562,VA,VIRGINIA,0.08652624,244587.7214587569
1368,2048,47,97813.58237780888,735.9252992099662,WA,WASHINGTON,0.08652624,8463441.504082063
1369,2048,48,0.0,0.0,WV,WEST VIRGINIA,0.08652624,0.0
1370,2048,49,11575.990598734605,64.08429585213227,WI,WISCONSIN,0.08652624,1001626.9407838541
1371,2048,50,93411.65637540938,1591.0063654823884,WY,WYOMING,0.08652624,8082559.398336203
1372,2049,0,5264.604932315696,101.53170637095096,AL,ALABAMA,0.08554312,450350.73147767346
1373,2049,2,0.0,0.0,AZ,ARIZONA,0.08554312,0.0
1374,2049,3,117058.58959080938,474.696064640725,AR,ARKANSAS,0.08554312,10013556.976397358
1375,2049,4,18553.80325734452,301.999659149551,CA,CALIFORNIA,0.08554312,1587150.2184994132
1376,2049,5,248552.19697116927,3252.98336389266,CO,COLORADO,0.08554312,21261930.41176837
1377,2049,6,0.0,0.0,CT,CONNECTICUT,0.08554312,0.0
1378,2049,7,0.0,0.0,DE,DELAWARE,0.08554312,0.0
1379,2049,8,0.0,0.0,DC,DISTRICT OF COLUMBIA,0.08554312,0.0
1380,2049,9,0.0,0.0,FL,FLORIDA,0.08554312,0.0
1381,2049,10,0.0,0.0,GA,GEORGIA,0.08554312,0.0
1382,2049,12,22018.403822858538,982.5349375305902,ID,IDAHO,0.08554312,1883522.9604272468
1383,2049,13,1317186.2232413222,10948.46266091368,IL,ILLINOIS,0.08554312,112676219.15707922
1384,2049,14,125648.95683842256,2406.816995595916,IN,INDIANA,0.08554312,10748403.792704001
1385,2049,15,1349572.0162288193,12880.911651212722,IA,IOWA,0.08554312,115446600.93290384
1386,2049,16,1093828.8800332318,4283.42547866226,KS,KANSAS,0.08554312,93569535.14414835
1387,2049,17,4694.118112595916,95.33011830241593,KY,KENTUCKY,0.08554312,401549.5089999659
1388,2049,18,643428.1048239241,2890.433647168984,LA,LOUISIANA,0.08554312,55040847.582325526
1389,2049,19,0.0,0.0,ME,MAINE,0.08554312,0.0
1390,2049,20,0.0,0.0,MD,MARYLAND,0.08554312,0.0
1391,2049,21,0.0,0.0,MA,MASSACHUSETTS,0.08554312,0.0
1392,2049,22,113141.0183767314,829.1472191076963,MI,MICHIGAN,0.08554312,9678435.71192294
1393,2049,23,199461.19620377064,1222.1208210160803,MN,MINNESOTA,0.08554312,17062533.042202696
1394,2049,24,251417.61685181383,1262.5610574747948,MS,MISSISSIPPI,0.08554312,21507047.36846873
1395,2049,25,941156.4505008068,6773.363747576145,MO,MISSOURI,0.08554312,80509459.18396458
1396,2049,26,0.0,0.0,MT,MONTANA,0.08554312,0.0
1397,2049,27,1597184.2162650232,10508.329384642606,NE,NEBRASKA,0.08554312,136628121.07406482
1398,2049,28,0.0,0.0,NV,NEVADA,0.08554312,0.0
1399,2049,29,0.0,0.0,NH,NEW HAMPSHIRE,0.08554312,0.0
1400,2049,30,0.0,0.0,NJ,NEW JERSEY,0.08554312,0.0
1401,2049,31,230.96821818150093,11.438964151603017,NM,NEW MEXICO,0.08554312,19757.742004086318
1402,2049,32,0.0,0.0,NY,NEW YORK,0.08554312,0.0
1403,2049,33,1933.155968090023,37.31299553945056,NC,NORTH CAROLINA,0.08554312,165368.192957041
1404,2049,34,4442.725535240178,50.06164213792842,ND,NORTH DAKOTA,0.08554312,380044.6035881148
1405,2049,35,8486.299322525989,470.8049456394696,OH,OHIO,0.08554312,725944.5213027594
1406,2049,36,103267.9703298897,422.8250126066055,OK,OKLAHOMA,0.08554312,8833864.378086194
1407,2049,37,5438.952487305426,13.00959184553064,OR,OREGON,0.08554312,465264.96529586654
1408,2049,38,9034.506069908326,282.7536612045584,PA,PENNSYLVANIA,0.08554312,772839.8368788963
1409,2049,39,0.0,0.0,RI,RHODE ISLAND,0.08554312,0.0
1410,2049,40,0.0,0.0,SC,SOUTH CAROLINA,0.08554312,0.0
1411,2049,41,1153823.8299768164,10230.482548780865,SD,SOUTH DAKOTA,0.08554312,98701690.34656641
1412,2049,42,28684.13756583596,201.9033903874028,TN,TENNESSEE,0.08554312,2453730.6218908136
1413,2049,43,1272739.1598879928,6389.638750679643,TX,TEXAS,0.08554312,108874078.68299776
1414,2049,44,0.0,0.0,UT,UTAH,0.08554312,0.0
1415,2049,45,0.0,0.0,VT,VERMONT,0.08554312,0.0
1416,2049,46,0.0,0.0,VA,VIRGINIA,0.08554312,0.0
1417,2049,47,114711.17864177536,763.4631096949279,WA,WASHINGTON,0.08554312,9812752.119894827
1418,2049,48,0.0,0.0,WV,WEST VIRGINIA,0.08554312,0.0
1419,2049,49,22580.18899651662,159.70236797101077,WI,WISCONSIN,0.08554312,1931579.8169517007
1420,2049,50,104529.6912794608,1590.3056181949144,WY,WYOMING,0.08554312,8941795.924681868
1421,2050,0,1897.2610998820533,69.97315272726675,AL,ALABAMA,0.08456,160432.3986060264
1422,2050,2,0.0,0.0,AZ,ARIZONA,0.08456,0.0
1423,2050,3,201649.3069415315,865.9847151650226,AR,ARKANSAS,0.08456,17051465.394975904
1424,2050,4,14052.558826125458,233.67354789424425,CA,CALIFORNIA,0.08456,1188284.3743371686
1425,2050,5,261281.83906373588,3419.8803966538726,CO,COLORADO,0.08456,22093992.311229505
1426,2050,6,3380.554040882221,38.63500941429072,CT,CONNECTICUT,0.08456,285859.6496970006
1427,2050,7,14858.450190168636,186.8350467857517,DE,DELAWARE,0.08456,1256430.5480806597
1428,2050,8,0.0,0.0,DC,DISTRICT OF COLUMBIA,0.08456,0.0
1429,2050,9,1612.6730858083652,15.250420393584305,FL,FLORIDA,0.08456,136367.63613595534
1430,2050,10,23018.42578620968,144.47672474357682,GA,GEORGIA,0.08456,1946438.0844818905
1431,2050,12,26247.44811896565,1143.0344338976356,ID,IDAHO,0.08456,2219484.2129397355
1432,2050,13,1342036.0204634932,10609.631004086616,IL,ILLINOIS,0.08456,113482565.89039297
1433,2050,14,268823.41958577547,6410.484374385341,IN,INDIANA,0.08456,22731708.360173173
1434,2050,15,0.0,0.0,IA,IOWA,0.08456,0.0
1435,2050,16,227424.73521465049,1600.197169423466,KS,KANSAS,0.08456,19231035.609750845
1436,2050,17,94470.88408757128,691.5175456306117,KY,KENTUCKY,0.08456,7988457.958445027
1437,2050,18,457038.9466599004,2239.1681015070667,LA,LOUISIANA,0.08456,38647213.32956118
1438,2050,19,65.09997842320884,1.0300270326066243,ME,MAINE,0.08456,5504.854175466539
1439,2050,20,31674.42169262956,367.828277983763,MD,MARYLAND,0.08456,2678389.0983287557
1440,2050,21,3219.0110031738614,53.59517187768231,MA,MASSACHUSETTS,0.08456,272199.5704283817
1441,2050,22,77420.1010541268,617.0784347448371,MI,MICHIGAN,0.08456,6546643.745136962
1442,2050,23,72708.88709313818,639.1861822562015,MN,MINNESOTA,0.08456,6148263.492595765
1443,2050,24,133157.23538382514,1177.0201553910624,MS,MISSISSIPPI,0.08456,11259775.824056253
1444,2050,25,319040.20391544735,1897.9103933990584,MO,MISSOURI,0.08456,26978039.643090226
1445,2050,26,0.0,0.0,MT,MONTANA,0.08456,0.0
1446,2050,27,592999.8696463284,5741.087331276844,NE,NEBRASKA,0.08456,50144068.97729352
1447,2050,28,0.0,0.0,NV,NEVADA,0.08456,0.0
1448,2050,29,0.0,0.0,NH,NEW HAMPSHIRE,0.08456,0.0
1449,2050,30,43338.882895790346,407.1692131718294,NJ,NEW JERSEY,0.08456,3664735.9376680315
1450,2050,31,230.96822414274908,11.438964446840624,NM,NEW MEXICO,0.08456,19530.67303351086
1451,2050,32,1014.1898532754636,61.27775902931853,NY,NEW YORK,0.08456,85759.8939929732
1452,2050,33,285262.98895413545,1913.1677289889008,NC,NORTH CAROLINA,0.08456,24121838.345961694
1453,2050,34,17196.242583582934,204.85875998793665,ND,NORTH DAKOTA,0.08456,1454114.2728677727
1454,2050,35,34319.14441801564,1161.3649032478388,OH,OHIO,0.08456,2902026.851987402
1455,2050,36,106589.45504954056,555.7727694888604,OK,OKLAHOMA,0.08456,9013204.318989148
1456,2050,37,4750.265999955728,13.010118305310964,OR,OREGON,0.08456,401682.4929562563
1457,2050,38,276264.89912763506,2234.9043584406472,PA,PENNSYLVANIA,0.08456,23360959.87023282
1458,2050,39,96.86361594089188,1.5690213224861234,RI,RHODE ISLAND,0.08456,8190.7873639618165
1459,2050,40,51894.00877354935,333.85603084775204,SC,SOUTH CAROLINA,0.08456,4388157.381891333
1460,2050,41,152245.4182040313,2802.13261046766,SD,SOUTH DAKOTA,0.08456,12873872.563332886
1461,2050,42,126962.68907633134,873.4273026144879,TN,TENNESSEE,0.08456,10735964.98829458
1462,2050,43,490265.10638522886,3587.4777906152217,TX,TEXAS,0.08456,41456817.395934954
1463,2050,44,0.0,0.0,UT,UTAH,0.08456,0.0
1464,2050,45,430.77801868365583,11.715286758618795,VT,VERMONT,0.08456,36426.58925988994
1465,2050,46,65910.96432890595,418.62802425962445,VA,VIRGINIA,0.08456,5573431.143652286
1466,2050,47,63833.24574437609,534.880304688615,WA,WASHINGTON,0.08456,5397739.260144441
1467,2050,48,14584.663607280558,177.23909354801063,WV,WEST VIRGINIA,0.08456,1233279.154631644
1468,2050,49,10598.7006078686,255.3503533981801,WI,WISCONSIN,0.08456,896226.1234013689
1469,2050,50,59300.449496936,1194.0119142166566,WY,WYOMING,0.08456,5014446.009460908
1470,2051,0,302242.4840839698,1696.5222177500295,AL,ALABAMA,0.08659192,26171757.002400383
1471,2051,2,0.0,0.0,AZ,ARIZONA,0.08659192,0.0
1472,2051,3,229341.3770292553,966.3346970667288,AR,ARKANSAS,0.08659192,19859110.172407113
1473,2051,4,10423.3423103912,168.4655710417221,CA,CALIFORNIA,0.08659192,902577.2234740099
1474,2051,5,446338.85182081925,5239.259661505377,CO,COLORADO,0.08659192,38649338.14976024
1475,2051,6,0.0,0.0,CT,CONNECTICUT,0.08659192,0.0
1476,2051,7,860.8990010682822,32.38747653018231,DE,DELAWARE,0.08659192,74546.89742858462
1477,2051,8,0.0,0.0,DC,DISTRICT OF COLUMBIA,0.08659192,0.0
1478,2051,9,6232.109062221066,19.408298819645758,FL,FLORIDA,0.08659192,539650.2893471216
1479,2051,10,86950.62503805947,649.746075108561,GA,GEORGIA,0.08659192,7529221.567245643
1480,2051,12,21849.779222331537,982.3082193104308,ID,IDAHO,0.08659192,1892014.334437795
1481,2051,13,7713285.131035937,32821.52279045723,IL,ILLINOIS,0.08659192,667908169.0038534
1482,2051,14,1767233.2597604983,12501.343791023255,IN,INDIANA,0.08659192,153028121.0505203
1483,2051,15,3005508.1311656246,18599.362937891983,IA,IOWA,0.08659192,260252719.65324327
1484,2051,16,1313663.5310465998,6061.390703424349,KS,KANSAS,0.08659192,113752647.3873047
1485,2051,17,183257.5527402828,1472.0198037898017,KY,KENTUCKY,0.08659192,15868623.346282348
1486,2051,18,963694.2194634464,3669.741283653435,LA,LOUISIANA,0.08659192,83448132.75624119
1487,2051,19,0.0,0.0,ME,MAINE,0.08659192,0.0
1488,2051,20,2996.4634815206264,56.1129383157452,MD,MARYLAND,0.08659192,259469.52607475556
1489,2051,21,37.76574213963253,0.4828620079369615,MA,MASSACHUSETTS,0.08659192,3270.208122095689
1490,2051,22,63182.02881528047,505.6817785285562,MI,MICHIGAN,0.08659192,5471053.184610462
1491,2051,23,225979.5651882756,2322.3609172004053,MN,MINNESOTA,0.08659192,19568004.430417947
1492,2051,24,1135295.708789844,4532.117043980714,MS,MISSISSIPPI,0.08659192,98307435.19187348
1493,2051,25,2881885.6546887225,13119.834246671251,MO,MISSOURI,0.08659192,249548012.0599535
1494,2051,26,0.0,0.0,MT,MONTANA,0.08659192,0.0
1495,2051,27,4623728.844140634,25434.02689659581,NE,NEBRASKA,0.08659192,400377558.17351824
1496,2051,28,0.0,0.0,NV,NEVADA,0.08659192,0.0
1497,2051,29,0.0,0.0,NH,NEW HAMPSHIRE,0.08659192,0.0
1498,2051,30,0.0,0.0,NJ,NEW JERSEY,0.08659192,0.0
1499,2051,31,271.5343570674871,18.81808151115579,NM,NEW MEXICO,0.08659192,23512.681324439283
1500,2051,32,863.871783195541,112.11728832281112,NY,NEW YORK,0.08659192,74804.31634072564
1501,2051,33,434946.0275881848,3528.66514789319,NC,NORTH CAROLINA,0.08659192,37662811.625233896
1502,2051,34,4186.173648557134,21.10713319450289,ND,NORTH DAKOTA,0.08659192,362488.81368196744
1503,2051,35,445181.6684760076,4972.555950499032,OH,OHIO,0.08659192,38549135.42214097
1504,2051,36,139015.90274844895,755.2342475249641,OK,OKLAHOMA,0.08659192,12037653.929521471
1505,2051,37,4111.41941817256,13.009662277636885,OR,OREGON,0.08659192,356015.7013448448
1506,2051,38,5.497559139351923,19.727486623475173,PA,PENNSYLVANIA,0.08659192,476.04420119003055
1507,2051,39,0.0,0.0,RI,RHODE ISLAND,0.08659192,0.0
1508,2051,40,129182.6501585758,940.2582198270115,SC,SOUTH CAROLINA,0.08659192,11186173.707919382
1509,2051,41,1550013.9100580614,6996.957180365982,SD,SOUTH DAKOTA,0.08659192,134218680.49863485
1510,2051,42,218361.59420441464,1415.29579245893,TN,TENNESSEE,0.08659192,18908349.696421135
1511,2051,43,1419527.6308482154,7433.346313821672,TX,TEXAS,0.08659192,122919623.0481982
1512,2051,44,0.0,0.0,UT,UTAH,0.08659192,0.0
1513,2051,45,110.9213612362566,2.415861783614709,VT,VERMONT,0.08659192,9604.893638461033
1514,2051,46,33029.244681315715,263.8370132878405,VA,VIRGINIA,0.08659192,2860065.7131049163
1515,2051,47,68289.38619606418,633.4682069253088,WA,WASHINGTON,0.08659192,5913309.066338694
1516,2051,48,5176.505557413694,95.7664619796978,WV,WEST VIRGINIA,0.08659192,448243.55510712205
1517,2051,49,34748.379308693075,367.890580799828,WI,WISCONSIN,0.08659192,3008928.881228006
1518,2051,50,146144.52505517026,1739.6885195971167,WY,WYOMING,0.08659192,12654935.0220153
1519,2052,0,131086.91108612934,1306.3102472398252,AL,ALABAMA,0.08862384,11617425.434191352
1520,2052,2,0.0,0.0,AZ,ARIZONA,0.08862384,0.0
1521,2052,3,319098.72186169727,1155.8452914387733,AR,ARKANSAS,0.08862384,28279754.07047556
1522,2052,4,17741.513439476796,290.61620512075143,CA,CALIFORNIA,0.08862384,1572321.048418041
1523,2052,5,571381.5059174744,5797.985900300497,CO,COLORADO,0.08862384,50638023.1593893
1524,2052,6,548.8030889214539,32.53800091824675,CT,CONNECTICUT,0.08862384,48637.0371440807
1525,2052,7,5621.77430537064,114.43875844144968,DE,DELAWARE,0.08862384,498223.2265552787
1526,2052,8,0.0,0.0,DC,DISTRICT OF COLUMBIA,0.08862384,0.0
1527,2052,9,753.0351342063368,20.02279209814808,FL,FLORIDA,0.08862384,66736.86524828091
1528,2052,10,13906.77647545426,213.130492718988,GA,GEORGIA,0.08862384,1232471.933276422
1529,2052,12,28366.916190555305,1251.237460128105,ID,IDAHO,0.08862384,2513985.0417651827
1530,2052,13,17067543.792240955,47616.63265482341,IL,ILLINOIS,0.08862384,1512591270.2365556
1531,2052,14,3238132.7794924136,18554.104406178747,IN,INDIANA,0.08862384,286975761.3484909
1532,2052,15,16058812.600146078,57675.12218199331,IA,IOWA,0.08862384,1423193638.46533
1533,2052,16,2046915.2996760744,6690.059155683923,KS,KANSAS,0.08862384,181405494.01204446
1534,2052,17,797296.7834319633,3942.407110007838,KY,KENTUCKY,0.08862384,70659502.56738897
1535,2052,18,423478.1835661458,2136.197428917088,LA,LOUISIANA,0.08862384,37530262.78385673
1536,2052,19,37.09495015704756,0.5885868718948069,ME,MAINE,0.08862384,3287.496927526158
1537,2052,20,37022.29514908851,708.7437708224631,MD,MARYLAND,0.08862384,3281057.961725596
1538,2052,21,5016.351626019819,52.90823373738657,MA,MASSACHUSETTS,0.08862384,444568.3438881203
1539,2052,22,899038.8778337007,4783.865849354732,MI,MICHIGAN,0.08862384,79676277.66291344
1540,2052,23,4368280.465234536,27637.129459846044,MN,MINNESOTA,0.08862384,387133789.0260711
1541,2052,24,352526.6379354923,2000.545896510597,MS,MISSISSIPPI,0.08862384,31242264.356133003
1542,2052,25,7436568.809463478,20212.275255609376,MO,MISSOURI,0.08862384,659057284.3188818
1543,2052,26,0.0,0.0,MT,MONTANA,0.08862384,0.0
1544,2052,27,7308676.034866936,29809.09969256392,NE,NEBRASKA,0.08862384,647722935.5258816
1545,2052,28,0.0,0.0,NV,NEVADA,0.08862384,0.0
1546,2052,29,0.0,0.0,NH,NEW HAMPSHIRE,0.08862384,0.0
1547,2052,30,9276.169591968155,217.8654753957104,NJ,NEW JERSEY,0.08862384,822089.769731451
1548,2052,31,62.605462833019565,7.378379124954265,NM,NEW MEXICO,0.08862384,5548.336521239472
1549,2052,32,15157.082670168333,442.65253613492285,NY,NEW YORK,0.08862384,1343278.869427771
1550,2052,33,77507.53481976372,894.5698191731556,NC,NORTH CAROLINA,0.08862384,6869015.364661168
1551,2052,34,386435.7689767857,4021.3258104330807,ND,NORTH DAKOTA,0.08862384,34247421.76007562
1552,2052,35,949745.1826685572,8136.982378907409,OH,OHIO,0.08862384,84170065.10958898
1553,2052,36,163441.2725719059,776.9502968029462,OK,OKLAHOMA,0.08862384,14484793.189808974
1554,2052,37,4972.891746842046,13.009938559757629,OR,OREGON,0.08862384,440716.76250944997
1555,2052,38,66868.96586330849,1610.6574088084158,PA,PENNSYLVANIA,0.08862384,5926184.531635313
1556,2052,39,505.13678540827215,4.681135548804393,RI,RHODE ISLAND,0.08862384,44767.161648137044
1557,2052,40,20960.81942309257,358.2987723971294,SC,SOUTH CAROLINA,0.08862384,1857628.3068210483
1558,2052,41,8225133.599272806,30108.44363108553,SD,SOUTH DAKOTA,0.08862384,728942924.0805773
1559,2052,42,376920.9010861239,2059.0797980473963,TN,TENNESSEE,0.08862384,33404177.63051247
1560,2052,43,482505.5761964102,3473.387167331216,TX,TEXAS,0.08862384,42761496.98393847
1561,2052,44,0.0,0.0,UT,UTAH,0.08862384,0.0
1562,2052,45,446.7960699985995,11.584270541621326,VT,VERMONT,0.08862384,39596.78342018468
1563,2052,46,22175.875261301888,246.81888798459337,VA,VIRGINIA,0.08862384,1965311.2210175765
1564,2052,47,71959.81524872695,490.3018542406037,WA,WASHINGTON,0.08862384,6377355.153032737
1565,2052,48,23527.79245978668,326.0029108700095,WV,WEST VIRGINIA,0.08862384,2085123.314509341
1566,2052,49,5227845.523445052,23423.786651201943,WI,WISCONSIN,0.08862384,463311745.2145105
1567,2052,50,135522.9995167086,1997.7101886490043,WY,WYOMING,0.08862384,12010568.62548886
1568,2053,0,0.0,0.0,AL,ALABAMA,0.09065576,0.0
1569,2053,2,0.0,0.0,AZ,ARIZONA,0.09065576,0.0
1570,2053,3,86228.1935313178,483.42105031652926,AR,ARKANSAS,0.09065576,7817082.418008699
1571,2053,4,24854.354953870592,406.3351888122808,CA,CALIFORNIA,0.09065576,2253190.4376529036
1572,2053,5,573707.8526176047,5729.4404050486455,CO,COLORADO,0.09065576,52009921.397016935
1573,2053,6,91.67962041191916,7.303361733615955,CT,CONNECTICUT,0.09065576,8311.285664954044
1574,2053,7,44.94618900251276,3.2653409539640004,DE,DELAWARE,0.09065576,4074.630923126436
1575,2053,8,0.0,0.0,DC,DISTRICT OF COLUMBIA,0.09065576,0.0
1576,2053,9,0.0,0.0,FL,FLORIDA,0.09065576,0.0
1577,2053,10,0.0,0.0,GA,GEORGIA,0.09065576,0.0
1578,2053,12,35563.99064398354,1633.7938651225545,ID,IDAHO,0.09065576,3224080.6004632176
1579,2053,13,1249317.7379627258,15546.3833669395,IL,ILLINOIS,0.09065576,113257849.01649177
1580,2053,14,162004.63840581174,2575.9743487861288,IN,INDIANA,0.09065576,14686653.618204052
1581,2053,15,4470153.0464398,23291.61412035649,IA,IOWA,0.09065576,405245121.7413154
1582,2053,16,973531.4371838046,4624.849892027661,KS,KANSAS,0.09065576,88256232.32179007
1583,2053,17,27522.672274382337,442.3062720627736,KY,KENTUCKY,0.09065576,2495088.7722650594
1584,2053,18,277367.3447098909,1622.7433779204057,LA,LOUISIANA,0.09065576,25144947.43385714
1585,2053,19,0.0,0.0,ME,MAINE,0.09065576,0.0
1586,2053,20,327.8941249214349,6.507190359850091,MD,MARYLAND,0.09065576,29725.491094287623
1587,2053,21,115.34809525431136,3.541012467362963,MA,MASSACHUSETTS,0.09065576,10456.969239831991
1588,2053,22,123448.91472802238,793.901143458902,MI,MICHIGAN,0.09065576,11191355.185844062
1589,2053,23,1794929.321274957,11057.33417117981,MN,MINNESOTA,0.09065576,162720681.7664654
1590,2053,24,56242.0687734045,706.5325896296977,MS,MISSISSIPPI,0.09065576,5098667.488625253
1591,2053,25,1069645.4959963865,6939.465108881472,MO,MISSOURI,0.09065576,96969525.37012938
1592,2053,26,0.0,0.0,MT,MONTANA,0.09065576,0.0
1593,2053,27,7563881.537329603,28825.352883836407,NE,NEBRASKA,0.09065576,685709429.3165835
1594,2053,28,0.0,0.0,NV,NEVADA,0.09065576,0.0
1595,2053,29,0.0,0.0,NH,NEW HAMPSHIRE,0.09065576,0.0
1596,2053,30,1256.3513115302374,71.09630184015394,NJ,NEW JERSEY,0.09065576,113895.48297377043
1597,2053,31,148.6198430808392,11.20787300442889,NM,NEW MEXICO,0.09065576,13473.24482557422
1598,2053,32,1658.398792158268,15.797288466434704,NY,NEW YORK,0.09065576,150343.4028861898
1599,2053,33,406.1889064037945,12.440318580817182,NC,NORTH CAROLINA,0.09065576,36823.364013604856
1600,2053,34,172283.44442014457,1059.267804699658,ND,NORTH DAKOTA,0.09065576,15618486.589325966
1601,2053,35,13079.40550472501,843.7555946671177,OH,OHIO,0.09065576,1185723.4463790294
1602,2053,36,67159.5724280709,304.96850105124065,OK,OKLAHOMA,0.09065576,6088402.079741813
1603,2053,37,5511.149127266458,13.01029680246851,OR,OREGON,0.09065576,499617.4126056775
1604,2053,38,5743.741825585998,161.92253722216995,PA,PENNSYLVANIA,0.09065576,520703.28044228617
1605,2053,39,448.7807847206178,4.133873120039933,RI,RHODE ISLAND,0.09065576,40684.563112243995
1606,2053,40,0.0,0.0,SC,SOUTH CAROLINA,0.09065576,0.0
1607,2053,41,6539551.6616615085,23205.006104697823,SD,SOUTH DAKOTA,0.09065576,592848025.947187
1608,2053,42,5527.611168465961,130.0821924583938,TN,TENNESSEE,0.09065576,501109.7914617697
1609,2053,43,896263.0394705962,4756.368611251141,TX,TEXAS,0.09065576,81251407.00311689
1610,2053,44,0.0,0.0,UT,UTAH,0.09065576,0.0
1611,2053,45,0.0,0.0,VT,VERMONT,0.09065576,0.0
1612,2053,46,0.0,0.0,VA,VIRGINIA,0.09065576,0.0
1613,2053,47,101007.80133455888,730.559926637351,WA,WASHINGTON,0.09065576,9156938.99591345
1614,2053,48,0.0,0.0,WV,WEST VIRGINIA,0.09065576,0.0
1615,2053,49,301620.6667682574,1942.2700806226844,WI,WISCONSIN,0.09065576,27343650.77758312
1616,2053,50,167617.3268391372,1969.423223392714,WY,WYOMING,0.09065576,15195476.15377038
1617,2054,0,0.0,0.0,AL,ALABAMA,0.09268768,0.0
1618,2054,2,0.0,0.0,AZ,ARIZONA,0.09268768,0.0
1619,2054,3,1335.423556465715,28.078149223974748,AR,ARKANSAS,0.09268768,123777.3112661561
1620,2054,4,16843.6755802398,278.5547987835181,CA,CALIFORNIA,0.09268768,1561201.2122050808
1621,2054,5,297436.21909030806,3453.369109059976,CO,COLORADO,0.09268768,27568673.095452365
1622,2054,6,4895.581610873491,52.95655330023048,CT,CONNECTICUT,0.09268768,453760.1017625266
1623,2054,7,0.0,0.0,DE,DELAWARE,0.09268768,0.0
1624,2054,8,0.0,0.0,DC,DISTRICT OF COLUMBIA,0.09268768,0.0
1625,2054,9,0.0,0.0,FL,FLORIDA,0.09268768,0.0
1626,2054,10,0.0,0.0,GA,GEORGIA,0.09268768,0.0
1627,2054,12,37124.79358084616,1677.9904834261786,ID,IDAHO,0.09268768,3441010.987487523
1628,2054,13,3407483.158227589,31645.837617797944,IL,ILLINOIS,0.09268768,315831708.5751881
1629,2054,14,155427.08732751172,2547.8473240102903,IN,INDIANA,0.09268768,14406176.133544462
1630,2054,15,1971177.9846471967,18348.79695392857,IA,IOWA,0.09268768,182703914.2640243
1631,2054,16,1134098.214986232,4701.087236937935,KS,KANSAS,0.09268768,105116932.43921508
1632,2054,17,68375.37969134966,862.2479905238149,KY,KENTUCKY,0.09268768,6337555.312710315
1633,2054,18,8322.699228298907,163.2168212643232,LA,LOUISIANA,0.09268768,771411.682808816
1634,2054,19,0.0,0.0,ME,MAINE,0.09268768,0.0
1635,2054,20,221.51203849882148,30.32695624748137,MD,MARYLAND,0.09268768,20531.436940526444
1636,2054,21,23.370554843270803,0.7714344325771411,MA,MASSACHUSETTS,0.09268768,2166.162508735534
1637,2054,22,21693.40669697276,138.91660296463934,MI,MICHIGAN,0.09268768,2010711.5380388682
1638,2054,23,412914.6559583107,3169.6540223840266,MN,MINNESOTA,0.09268768,38272101.49877399
1639,2054,24,1420.2778590690743,16.318046728364145,MS,MISSISSIPPI,0.09268768,131642.25971247946
1640,2054,25,1794245.8275275915,10217.10265502889,MO,MISSOURI,0.09268768,166304483.10321257
1641,2054,26,0.0,0.0,MT,MONTANA,0.09268768,0.0
1642,2054,27,3047998.3212754284,21344.663962117767,NE,NEBRASKA,0.09268768,282511893.0429141
1643,2054,28,0.0,0.0,NV,NEVADA,0.09268768,0.0
1644,2054,29,0.0,0.0,NH,NEW HAMPSHIRE,0.09268768,0.0
1645,2054,30,795.7963010690054,49.036385924434,NJ,NEW JERSEY,0.09268768,73760.51289866763
1646,2054,31,7.626214279778192,7.378379124954265,NM,NEW MEXICO,0.09268768,706.8561087755114
1647,2054,32,0.0,0.0,NY,NEW YORK,0.09268768,0.0
1648,2054,33,38746.88700240974,346.0616424178955,NC,NORTH CAROLINA,0.09268768,3591359.063475513
1649,2054,34,11858.8110222562,99.6309369279918,ND,NORTH DAKOTA,0.09268768,1099165.6812113556
1650,2054,35,49966.549215085135,1550.8768597508097,OH,OHIO,0.09268768,4631283.524352062
1651,2054,36,41019.54943912134,234.7270936254569,OK,OKLAHOMA,0.09268768,3802006.872157458
1652,2054,37,5419.651699233985,13.010026307764235,OR,OREGON,0.09268768,502334.9424100558
1653,2054,38,6395.923956713024,95.06919635530338,PA,PENNSYLVANIA,0.09268768,592823.3530041507
1654,2054,39,0.0,0.0,RI,RHODE ISLAND,0.09268768,0.0
1655,2054,40,0.0,0.0,SC,SOUTH CAROLINA,0.09268768,0.0
1656,2054,41,2513565.538515402,16081.722011200376,SD,SOUTH DAKOTA,0.09268768,232976558.29294324
1657,2054,42,18659.272128164703,284.70822886124574,TN,TENNESSEE,0.09268768,1729484.6440482487
1658,2054,43,296320.7835387639,1592.887226291119,TX,TEXAS,0.09268768,27465285.96199021
1659,2054,44,8.495940253149579,0.3195332188581642,UT,UTAH,0.09268768,787.468991483047
1660,2054,45,0.0,0.0,VT,VERMONT,0.09268768,0.0
1661,2054,46,7512.931937889297,53.97568678579813,VA,VIRGINIA,0.09268768,696356.231320863
1662,2054,47,143504.287730375,968.0735394432476,WA,WASHINGTON,0.09268768,13301079.499780925
1663,2054,48,0.0,0.0,WV,WEST VIRGINIA,0.09268768,0.0
1664,2054,49,9599.854501655009,76.04364515205395,WI,WISCONSIN,0.09268768,889788.2420959589
1665,2054,50,48947.03082626415,851.5283222623993,WY,WYOMING,0.09268768,4536786.730174907
1666,2055,0,5677.087177425359,181.24836899306263,AL,ALABAMA,0.0947196,537731.4266108591
1667,2055,2,0.0,0.0,AZ,ARIZONA,0.0947196,0.0
1668,2055,3,0.0,0.0,AR,ARKANSAS,0.0947196,0.0
1669,2055,4,19537.8064138593,335.7696602932476,CA,CALIFORNIA,0.0947196,1850613.2083981873
1670,2055,5,34466.08279936002,766.1663610550684,CO,COLORADO,0.0947196,3264613.576322261
1671,2055,6,4573.991138171506,60.341537861297695,CT,CONNECTICUT,0.0947196,433246.6110111497
1672,2055,7,0.0,0.0,DE,DELAWARE,0.0947196,0.0
1673,2055,8,0.0,0.0,DC,DISTRICT OF COLUMBIA,0.0947196,0.0
1674,2055,9,0.0,0.0,FL,FLORIDA,0.0947196,0.0
1675,2055,10,3439.109420099516,50.82127569558967,GA,GEORGIA,0.0947196,325751.0686280581
1676,2055,12,36116.9327971593,1645.9421924277535,ID,IDAHO,0.0947196,3420981.42777381
1677,2055,13,127706.8478357457,5235.668065473123,IL,ILLINOIS,0.0947196,12096341.5442627
1678,2055,14,10630.789539032485,479.4094935239088,IN,INDIANA,0.0947196,1006944.1328213414
1679,2055,15,453841.9073493205,4663.986132655587,IA,IOWA,0.0947196,42987723.92736469
1680,2055,16,175627.73304214582,1188.0559715053837,KS,KANSAS,0.0947196,16635388.622658836
1681,2055,17,321.21745028500715,30.70045778004247,KY,KENTUCKY,0.0947196,30425.58840401576
1682,2055,18,2.4758149758784644,0.0841306691923475,LA,LOUISIANA,0.0947196,234.5082041892178
1683,2055,19,0.0,0.0,ME,MAINE,0.0947196,0.0
1684,2055,20,1181.316366093291,16.28015021085029,MD,MARYLAND,0.0947196,111893.81366981009
1685,2055,21,8407.819736552265,97.40091720626656,MA,MASSACHUSETTS,0.0947196,796385.3223183359
1686,2055,22,77049.19287263183,755.4253057518099,MI,MICHIGAN,0.0947196,7298068.729218538
1687,2055,23,157944.7834534726,1649.795912210093,MN,MINNESOTA,0.0947196,14960466.710799541
1688,2055,24,85.73803219591936,7.502678888392321,MS,MISSISSIPPI,0.0947196,8121.072114384603
1689,2055,25,72432.23268788082,1876.1058904287988,MO,MISSOURI,0.0947196,6860752.107302997
1690,2055,26,0.0,0.0,MT,MONTANA,0.0947196,0.0
1691,2055,27,1194117.8810826947,12007.74201890946,NE,NEBRASKA,0.0947196,113106368.04900041
1692,2055,28,0.0,0.0,NV,NEVADA,0.0947196,0.0
1693,2055,29,0.0,0.0,NH,NEW HAMPSHIRE,0.0947196,0.0
1694,2055,30,0.0,0.0,NJ,NEW JERSEY,0.0947196,0.0
1695,2055,31,189.06509355198932,11.026302414747086,NM,NEW MEXICO,0.0947196,17908.170035207007
1696,2055,32,14947.944533433349,316.6695088430582,NY,NEW YORK,0.0947196,1415863.3270289933
1697,2055,33,49784.95434940957,591.8879974758881,NC,NORTH CAROLINA,0.0947196,4715610.961994335
1698,2055,34,48130.13284704871,364.14564567099234,ND,NORTH DAKOTA,0.0947196,4558866.931219315
1699,2055,35,13210.071315813491,719.5575822537669,OH,OHIO,0.0947196,1251252.6710053275
1700,2055,36,4925.730580311774,34.4748572577047,OK,OKLAHOMA,0.0947196,466563.23027489916
1701,2055,37,5490.486490667516,13.067455361733044,OR,OREGON,0.0947196,520056.6842014308
1702,2055,38,29521.722991452683,621.9918930100841,PA,PENNSYLVANIA,0.0947196,2796285.7930612015
1703,2055,39,651.7983062911882,4.910217779708589,RI,RHODE ISLAND,0.0947196,61738.07485257882
1704,2055,40,13811.48320885235,242.780062752124,SC,SOUTH CAROLINA,0.0947196,1308218.164949211
1705,2055,41,1277779.1741381292,13682.766713292322,SD,SOUTH DAKOTA,0.0947196,121030732.26269394
1706,2055,42,310.08838529645016,46.67356651919071,TN,TENNESSEE,0.0947196,29371.44781992564
1707,2055,43,8658.124846164264,94.58543847867873,TX,TEXAS,0.0947196,820094.1221787406
1708,2055,44,113.60131187693484,5.27614319693619,UT,UTAH,0.0947196,10760.270820458518
1709,2055,45,17.270719921711265,1.2331928505773762,VT,VERMONT,0.0947196,1635.8756826965223
1710,2055,46,522.4011247043137,6.017812344252287,VA,VIRGINIA,0.0947196,49481.62557154271
1711,2055,47,153648.7115888404,1039.128791340003,WA,WASHINGTON,0.0947196,14553544.502210326
1712,2055,48,0.0,0.0,WV,WEST VIRGINIA,0.0947196,0.0
1713,2055,49,17298.169638848096,87.07017898342272,WI,WISCONSIN,0.0947196,1638475.7089238362
1714,2055,50,36402.687271419854,569.1656281268572,WY,WYOMING,0.0947196,3448047.97727398
