region_id,region_name,crop,scenario,year,drought_intensity
1,Northeast,corn,hist,1981,1.312415851
1,Northeast,corn,hist,1982,1.465362856
1,Northeast,corn,hist,1983,1.29127644
1,Northeast,corn,hist,1984,1.574824286
1,Northeast,corn,hist,1985,1.571688726
1,Northeast,corn,hist,1986,1.379386934
1,Northeast,corn,hist,1987,2.28881356
1,Northeast,corn,hist,1988,1.755720533
1,Northeast,corn,hist,1989,1.618448039
1,Northeast,corn,hist,1990,1.478903778
1,Northeast,corn,hist,1991,2.164771044
1,Northeast,corn,hist,1992,1.262150023
1,Northeast,corn,hist,1993,1.444977311
1,Northeast,corn,hist,1994,1.291345957
1,Northeast,corn,hist,1995,1.842405112
1,Northeast,corn,hist,1996,1.828952512
1,Northeast,corn,hist,1997,1.485515058
1,Northeast,corn,hist,1998,1.676864375
1,Northeast,corn,hist,1999,2.05928703
1,Northeast,corn,hist,2000,1.484190512
1,Northeast,corn,hist,2001,1.524404369
1,Northeast,corn,hist,2002,2.252395188
1,Northeast,corn,hist,2003,1.557327911
1,Northeast,corn,hist,2004,1.147828364
1,Northeast,corn,hist,2005,1.410070943
1,Northeast,corn,hist,2006,1.735454358
1,Northeast,corn,hist,2007,1.515833228
1,Northeast,corn,hist,2008,1.27124051
1,Northeast,corn,hist,2009,1.359862518
1,Northeast,corn,hist,2010,1.888185884
1,Northeast,corn,hist,2011,1.106303107
1,Northeast,corn,hist,2012,1.798312861
1,Northeast,corn,hist,2013,1.292463644
1,Northeast,corn,hist,2014,1.449158654
1,Northeast,corn,hist,2015,1.504461845
2,Southeast,corn,hist,1981,1.790713897
2,Southeast,corn,hist,1982,1.198502077
2,Southeast,corn,hist,1983,1.264154697
2,Southeast,corn,hist,1984,1.192587545
2,Southeast,corn,hist,1985,1.68289025
2,Southeast,corn,hist,1986,1.872582171
2,Southeast,corn,hist,1987,1.40792331
2,Southeast,corn,hist,1988,2.040083973
2,Southeast,corn,hist,1989,1.554250906
2,Southeast,corn,hist,1990,1.807026151
2,Southeast,corn,hist,1991,1.624569521
2,Southeast,corn,hist,1992,1.305979106
2,Southeast,corn,hist,1993,1.423492229
2,Southeast,corn,hist,1994,1.396314862
2,Southeast,corn,hist,1995,1.698434311
2,Southeast,corn,hist,1996,1.347388748
2,Southeast,corn,hist,1997,1.469679874
2,Southeast,corn,hist,1998,1.297709502
2,Southeast,corn,hist,1999,1.625034117
2,Southeast,corn,hist,2000,1.50948889
2,Southeast,corn,hist,2001,1.742586009
2,Southeast,corn,hist,2002,1.922892579
2,Southeast,corn,hist,2003,1.74282351
2,Southeast,corn,hist,2004,1.563791298
2,Southeast,corn,hist,2005,1.471139519
2,Southeast,corn,hist,2006,1.849236059
2,Southeast,corn,hist,2007,2.005478843
2,Southeast,corn,hist,2008,1.52874432
2,Southeast,corn,hist,2009,1.384556019
2,Southeast,corn,hist,2010,1.596887616
2,Southeast,corn,hist,2011,1.964154607
2,Southeast,corn,hist,2012,1.978770168
2,Southeast,corn,hist,2013,1.217452117
2,Southeast,corn,hist,2014,1.355931787
2,Southeast,corn,hist,2015,1.309533542
4,Midwest,corn,hist,1981,1.951045922
4,Midwest,corn,hist,1982,1.753291538
4,Midwest,corn,hist,1983,1.425524272
4,Midwest,corn,hist,1984,1.797546325
4,Midwest,corn,hist,1985,1.284600311
4,Midwest,corn,hist,1986,1.539944031
4,Midwest,corn,hist,1987,1.544298922
4,Midwest,corn,hist,1988,1.998401766
4,Midwest,corn,hist,1989,1.596050738
4,Midwest,corn,hist,1990,1.586969247
4,Midwest,corn,hist,1991,1.65272441
4,Midwest,corn,hist,1992,1.405683091
4,Midwest,corn,hist,1993,1.405907867
4,Midwest,corn,hist,1994,1.384409733
4,Midwest,corn,hist,1995,1.293344046
4,Midwest,corn,hist,1996,1.63002453
4,Midwest,corn,hist,1997,1.593959378
4,Midwest,corn,hist,1998,1.61942998
4,Midwest,corn,hist,1999,1.568493364
4,Midwest,corn,hist,2000,1.874716058
4,Midwest,corn,hist,2001,1.505880808
4,Midwest,corn,hist,2002,1.470461869
4,Midwest,corn,hist,2003,2.027317521
4,Midwest,corn,hist,2004,1.523547573
4,Midwest,corn,hist,2005,1.486306895
4,Midwest,corn,hist,2006,1.640604892
4,Midwest,corn,hist,2007,1.396759836
4,Midwest,corn,hist,2008,1.377548028
4,Midwest,corn,hist,2009,1.346135968
4,Midwest,corn,hist,2010,1.64137079
4,Midwest,corn,hist,2011,1.395074084
4,Midwest,corn,hist,2012,2.138539501
4,Midwest,corn,hist,2013,1.918869144
4,Midwest,corn,hist,2014,1.425296631
4,Midwest,corn,hist,2015,1.585129479
5,N. Great Plains,corn,hist,1981,2.147434559
5,N. Great Plains,corn,hist,1982,1.373427855
5,N. Great Plains,corn,hist,1983,1.254701116
5,N. Great Plains,corn,hist,1984,1.583485087
5,N. Great Plains,corn,hist,1985,1.205046974
5,N. Great Plains,corn,hist,1986,1.35982695
5,N. Great Plains,corn,hist,1987,1.336643403
5,N. Great Plains,corn,hist,1988,1.917892246
5,N. Great Plains,corn,hist,1989,1.586995963
5,N. Great Plains,corn,hist,1990,1.47115444
5,N. Great Plains,corn,hist,1991,1.272421214
5,N. Great Plains,corn,hist,1992,1.357243846
5,N. Great Plains,corn,hist,1993,1.214113996
5,N. Great Plains,corn,hist,1994,1.420448013
5,N. Great Plains,corn,hist,1995,1.04627376
5,N. Great Plains,corn,hist,1996,1.400041324
5,N. Great Plains,corn,hist,1997,1.345873322
5,N. Great Plains,corn,hist,1998,1.458908615
5,N. Great Plains,corn,hist,1999,1.390779845
5,N. Great Plains,corn,hist,2000,2.022320423
5,N. Great Plains,corn,hist,2001,1.218516371
5,N. Great Plains,corn,hist,2002,1.807232946
5,N. Great Plains,corn,hist,2003,2.25868614
5,N. Great Plains,corn,hist,2004,1.91856489
5,N. Great Plains,corn,hist,2005,1.490547806
5,N. Great Plains,corn,hist,2006,1.810735175
5,N. Great Plains,corn,hist,2007,1.513664156
5,N. Great Plains,corn,hist,2008,1.363816993
5,N. Great Plains,corn,hist,2009,1.255002634
5,N. Great Plains,corn,hist,2010,1.473810125
5,N. Great Plains,corn,hist,2011,1.391575728
5,N. Great Plains,corn,hist,2012,1.833434438
5,N. Great Plains,corn,hist,2013,1.607499775
5,N. Great Plains,corn,hist,2014,1.69684959
5,N. Great Plains,corn,hist,2015,1.680256526
6,S. Great Plains,corn,hist,1981,1.511394598
6,S. Great Plains,corn,hist,1982,1.252219037
6,S. Great Plains,corn,hist,1983,1.385984765
6,S. Great Plains,corn,hist,1984,1.41633355
6,S. Great Plains,corn,hist,1985,1.307773219
6,S. Great Plains,corn,hist,1986,1.48985761
6,S. Great Plains,corn,hist,1987,1.419061138
6,S. Great Plains,corn,hist,1988,1.480578543
6,S. Great Plains,corn,hist,1989,2.050124579
6,S. Great Plains,corn,hist,1990,1.872301134
6,S. Great Plains,corn,hist,1991,1.63869553
6,S. Great Plains,corn,hist,1992,1.665998819
6,S. Great Plains,corn,hist,1993,1.752035183
6,S. Great Plains,corn,hist,1994,1.634297798
6,S. Great Plains,corn,hist,1995,1.459166107
6,S. Great Plains,corn,hist,1996,1.717003794
6,S. Great Plains,corn,hist,1997,1.357894262
6,S. Great Plains,corn,hist,1998,1.401846879
6,S. Great Plains,corn,hist,1999,1.710658777
6,S. Great Plains,corn,hist,2000,1.919717192
6,S. Great Plains,corn,hist,2001,1.418327272
6,S. Great Plains,corn,hist,2002,1.919044027
6,S. Great Plains,corn,hist,2003,1.721484127
6,S. Great Plains,corn,hist,2004,1.72563375
6,S. Great Plains,corn,hist,2005,1.484131072
6,S. Great Plains,corn,hist,2006,1.966028384
6,S. Great Plains,corn,hist,2007,1.486220447
6,S. Great Plains,corn,hist,2008,1.734202464
6,S. Great Plains,corn,hist,2009,1.904601459
6,S. Great Plains,corn,hist,2010,1.576959749
6,S. Great Plains,corn,hist,2011,2.00177538
6,S. Great Plains,corn,hist,2012,2.065804963
6,S. Great Plains,corn,hist,2013,1.748507931
6,S. Great Plains,corn,hist,2014,1.683677436
6,S. Great Plains,corn,hist,2015,1.933450392
8,Northwest,corn,hist,1981,1.554027803
8,Northwest,corn,hist,1982,1.45884606
8,Northwest,corn,hist,1983,1.528378284
8,Northwest,corn,hist,1984,1.248025795
8,Northwest,corn,hist,1985,1.504208041
8,Northwest,corn,hist,1986,1.542120866
8,Northwest,corn,hist,1987,1.500129543
8,Northwest,corn,hist,1988,1.439309829
8,Northwest,corn,hist,1989,1.433375407
8,Northwest,corn,hist,1990,2.325222223
8,Northwest,corn,hist,1991,1.792929
8,Northwest,corn,hist,1992,2.58017409
8,Northwest,corn,hist,1993,1.209304882
8,Northwest,corn,hist,1994,1.866526334
8,Northwest,corn,hist,1995,1.669463847
8,Northwest,corn,hist,1996,1.159975676
8,Northwest,corn,hist,1997,
8,Northwest,corn,hist,1998,1.170040992
8,Northwest,corn,hist,1999,1.526082239
8,Northwest,corn,hist,2000,1.705931705
8,Northwest,corn,hist,2001,1.586677525
8,Northwest,corn,hist,2002,1.456112657
8,Northwest,corn,hist,2003,1.624413011
8,Northwest,corn,hist,2004,1.727643943
8,Northwest,corn,hist,2005,1.370960166
8,Northwest,corn,hist,2006,1.432975466
8,Northwest,corn,hist,2007,1.364983983
8,Northwest,corn,hist,2008,1.300139264
8,Northwest,corn,hist,2009,1.263162164
8,Northwest,corn,hist,2010,1.055530849
8,Northwest,corn,hist,2011,1.994685352
8,Northwest,corn,hist,2012,1.64826964
8,Northwest,corn,hist,2013,1.580318137
8,Northwest,corn,hist,2014,1.428992424
8,Northwest,corn,hist,2015,1.683842848
7,Southwest,corn,hist,1981,1.374920098
7,Southwest,corn,hist,1982,1.569139236
7,Southwest,corn,hist,1983,1.30327059
7,Southwest,corn,hist,1984,1.552365221
7,Southwest,corn,hist,1985,1.512179591
7,Southwest,corn,hist,1986,1.400418098
7,Southwest,corn,hist,1987,1.502587341
7,Southwest,corn,hist,1988,1.443857415
7,Southwest,corn,hist,1989,1.400810452
7,Southwest,corn,hist,1990,1.533612821
7,Southwest,corn,hist,1991,1.564040921
7,Southwest,corn,hist,1992,1.590439772
7,Southwest,corn,hist,1993,1.509448573
7,Southwest,corn,hist,1994,1.861296778
7,Southwest,corn,hist,1995,1.314259298
7,Southwest,corn,hist,1996,1.702779817
7,Southwest,corn,hist,1997,1.818330938
7,Southwest,corn,hist,1998,1.511395539
7,Southwest,corn,hist,1999,1.627738561
7,Southwest,corn,hist,2000,1.910277243
7,Southwest,corn,hist,2001,1.455664611
7,Southwest,corn,hist,2002,2.277491776
7,Southwest,corn,hist,2003,1.801576092
7,Southwest,corn,hist,2004,2.152030293
7,Southwest,corn,hist,2005,1.368579645
7,Southwest,corn,hist,2006,1.807386008
7,Southwest,corn,hist,2007,1.688968787
7,Southwest,corn,hist,2008,1.629284999
7,Southwest,corn,hist,2009,1.558383289
7,Southwest,corn,hist,2010,1.531196737
7,Southwest,corn,hist,2011,1.902608045
7,Southwest,corn,hist,2012,2.066891896
7,Southwest,corn,hist,2013,1.84858904
7,Southwest,corn,hist,2014,1.814965975
7,Southwest,corn,hist,2015,1.659677167
1,Northeast,corn,SSP3-4.5-NF-cooler,2021,1.637098296
1,Northeast,corn,SSP3-4.5-NF-cooler,2022,1.464198859
1,Northeast,corn,SSP3-4.5-NF-cooler,2023,1.434733121
1,Northeast,corn,SSP3-4.5-NF-cooler,2024,1.322086534
1,Northeast,corn,SSP3-4.5-NF-cooler,2025,1.946430642
1,Northeast,corn,SSP3-4.5-NF-cooler,2026,1.448221636
1,Northeast,corn,SSP3-4.5-NF-cooler,2027,2.356249596
1,Northeast,corn,SSP3-4.5-NF-cooler,2028,1.451053178
1,Northeast,corn,SSP3-4.5-NF-cooler,2029,1.523566679
1,Northeast,corn,SSP3-4.5-NF-cooler,2030,1.556362848
1,Northeast,corn,SSP3-4.5-NF-cooler,2031,1.993497316
1,Northeast,corn,SSP3-4.5-NF-cooler,2032,1.534059005
1,Northeast,corn,SSP3-4.5-NF-cooler,2033,1.520187546
1,Northeast,corn,SSP3-4.5-NF-cooler,2034,1.42687598
1,Northeast,corn,SSP3-4.5-NF-cooler,2035,1.859477233
1,Northeast,corn,SSP3-4.5-NF-cooler,2036,1.092018116
1,Northeast,corn,SSP3-4.5-NF-cooler,2037,1.472374208
1,Northeast,corn,SSP3-4.5-NF-cooler,2038,1.446738664
1,Northeast,corn,SSP3-4.5-NF-cooler,2039,1.922448609
1,Northeast,corn,SSP3-4.5-NF-cooler,2040,1.703771619
1,Northeast,corn,SSP3-4.5-NF-cooler,2041,1.660966673
1,Northeast,corn,SSP3-4.5-NF-cooler,2042,1.923840026
1,Northeast,corn,SSP3-4.5-NF-cooler,2043,1.005741715
1,Northeast,corn,SSP3-4.5-NF-cooler,2044,1.243922629
1,Northeast,corn,SSP3-4.5-NF-cooler,2045,1.589099058
1,Northeast,corn,SSP3-4.5-NF-cooler,2046,1.79774933
1,Northeast,corn,SSP3-4.5-NF-cooler,2047,1.548212469
1,Northeast,corn,SSP3-4.5-NF-cooler,2048,1.666656904
1,Northeast,corn,SSP3-4.5-NF-cooler,2049,1.232011625
1,Northeast,corn,SSP3-4.5-NF-cooler,2050,1.840708588
1,Northeast,corn,SSP3-4.5-NF-cooler,2051,1.272925441
1,Northeast,corn,SSP3-4.5-NF-cooler,2052,1.755072468
1,Northeast,corn,SSP3-4.5-NF-cooler,2053,1.708515322
1,Northeast,corn,SSP3-4.5-NF-cooler,2054,1.526064232
1,Northeast,corn,SSP3-4.5-NF-cooler,2055,1.944610029
1,Northeast,corn,SSP3-4.5-NF-hotter,2021,1.658477315
1,Northeast,corn,SSP3-4.5-NF-hotter,2022,1.473652507
1,Northeast,corn,SSP3-4.5-NF-hotter,2023,1.392447691
1,Northeast,corn,SSP3-4.5-NF-hotter,2024,1.328276836
1,Northeast,corn,SSP3-4.5-NF-hotter,2025,2.239424101
1,Northeast,corn,SSP3-4.5-NF-hotter,2026,1.530503853
1,Northeast,corn,SSP3-4.5-NF-hotter,2027,2.206936709
1,Northeast,corn,SSP3-4.5-NF-hotter,2028,1.587381262
1,Northeast,corn,SSP3-4.5-NF-hotter,2029,1.498493333
1,Northeast,corn,SSP3-4.5-NF-hotter,2030,1.485991192
1,Northeast,corn,SSP3-4.5-NF-hotter,2031,2.151218858
1,Northeast,corn,SSP3-4.5-NF-hotter,2032,1.624929913
1,Northeast,corn,SSP3-4.5-NF-hotter,2033,1.720482803
1,Northeast,corn,SSP3-4.5-NF-hotter,2034,1.299473016
1,Northeast,corn,SSP3-4.5-NF-hotter,2035,1.767480137
1,Northeast,corn,SSP3-4.5-NF-hotter,2036,1.679280274
1,Northeast,corn,SSP3-4.5-NF-hotter,2037,1.405655995
1,Northeast,corn,SSP3-4.5-NF-hotter,2038,1.720695292
1,Northeast,corn,SSP3-4.5-NF-hotter,2039,2.249470683
1,Northeast,corn,SSP3-4.5-NF-hotter,2040,1.744852919
1,Northeast,corn,SSP3-4.5-NF-hotter,2041,1.93642149
1,Northeast,corn,SSP3-4.5-NF-hotter,2042,1.978631006
1,Northeast,corn,SSP3-4.5-NF-hotter,2043,2.098784289
1,Northeast,corn,SSP3-4.5-NF-hotter,2044,1.435475104
1,Northeast,corn,SSP3-4.5-NF-hotter,2045,1.799903222
1,Northeast,corn,SSP3-4.5-NF-hotter,2046,1.750404592
1,Northeast,corn,SSP3-4.5-NF-hotter,2047,1.704938015
1,Northeast,corn,SSP3-4.5-NF-hotter,2048,1.438829599
1,Northeast,corn,SSP3-4.5-NF-hotter,2049,1.313062638
1,Northeast,corn,SSP3-4.5-NF-hotter,2050,1.777150636
1,Northeast,corn,SSP3-4.5-NF-hotter,2051,1.536330775
1,Northeast,corn,SSP3-4.5-NF-hotter,2052,2.011454002
1,Northeast,corn,SSP3-4.5-NF-hotter,2053,1.675508023
1,Northeast,corn,SSP3-4.5-NF-hotter,2054,1.462556648
1,Northeast,corn,SSP3-4.5-NF-hotter,2055,1.832787052
1,Northeast,corn,RCP4.5-NF-cooler,2021,1.54175685
1,Northeast,corn,RCP4.5-NF-cooler,2022,1.442805704
1,Northeast,corn,RCP4.5-NF-cooler,2023,1.304680457
1,Northeast,corn,RCP4.5-NF-cooler,2024,1.06824454
1,Northeast,corn,RCP4.5-NF-cooler,2025,1.685041338
1,Northeast,corn,RCP4.5-NF-cooler,2026,1.530640415
1,Northeast,corn,RCP4.5-NF-cooler,2027,2.403133431
1,Northeast,corn,RCP4.5-NF-cooler,2028,1.682285872
1,Northeast,corn,RCP4.5-NF-cooler,2029,1.308513254
1,Northeast,corn,RCP4.5-NF-cooler,2030,1.480566801
1,Northeast,corn,RCP4.5-NF-cooler,2031,2.027712456
1,Northeast,corn,RCP4.5-NF-cooler,2032,1.568462203
1,Northeast,corn,RCP4.5-NF-cooler,2033,1.470975615
1,Northeast,corn,RCP4.5-NF-cooler,2034,1.213507005
1,Northeast,corn,RCP4.5-NF-cooler,2035,1.848278373
1,Northeast,corn,RCP4.5-NF-cooler,2036,1.032912741
1,Northeast,corn,RCP4.5-NF-cooler,2037,1.406920146
1,Northeast,corn,RCP4.5-NF-cooler,2038,1.907857405
1,Northeast,corn,RCP4.5-NF-cooler,2039,1.810053154
1,Northeast,corn,RCP4.5-NF-cooler,2040,1.770533039
1,Northeast,corn,RCP4.5-NF-cooler,2041,1.557492035
1,Northeast,corn,RCP4.5-NF-cooler,2042,2.150988023
1,Northeast,corn,RCP4.5-NF-cooler,2043,1.322378214
1,Northeast,corn,RCP4.5-NF-cooler,2044,1.3149244
1,Northeast,corn,RCP4.5-NF-cooler,2045,1.431297373
1,Northeast,corn,RCP4.5-NF-cooler,2046,1.864559296
1,Northeast,corn,RCP4.5-NF-cooler,2047,1.541743099
1,Northeast,corn,RCP4.5-NF-cooler,2048,1.231320625
1,Northeast,corn,RCP4.5-NF-cooler,2049,1.149824871
1,Northeast,corn,RCP4.5-NF-cooler,2050,2.211401312
1,Northeast,corn,RCP4.5-NF-cooler,2051,1.438935276
1,Northeast,corn,RCP4.5-NF-cooler,2052,1.96443818
1,Northeast,corn,RCP4.5-NF-cooler,2053,1.675010448
1,Northeast,corn,RCP4.5-NF-cooler,2054,1.51844038
1,Northeast,corn,RCP4.5-NF-cooler,2055,1.776084577
1,Northeast,corn,RCP4.5-NF-hotter,2021,1.674051798
1,Northeast,corn,RCP4.5-NF-hotter,2022,1.478437817
1,Northeast,corn,RCP4.5-NF-hotter,2023,1.412687022
1,Northeast,corn,RCP4.5-NF-hotter,2024,1.163169794
1,Northeast,corn,RCP4.5-NF-hotter,2025,1.759638903
1,Northeast,corn,RCP4.5-NF-hotter,2026,1.658494901
1,Northeast,corn,RCP4.5-NF-hotter,2027,2.514374856
1,Northeast,corn,RCP4.5-NF-hotter,2028,1.685781426
1,Northeast,corn,RCP4.5-NF-hotter,2029,1.442757944
1,Northeast,corn,RCP4.5-NF-hotter,2030,1.487517118
1,Northeast,corn,RCP4.5-NF-hotter,2031,2.256663863
1,Northeast,corn,RCP4.5-NF-hotter,2032,1.712503557
1,Northeast,corn,RCP4.5-NF-hotter,2033,1.590319281
1,Northeast,corn,RCP4.5-NF-hotter,2034,1.226607986
1,Northeast,corn,RCP4.5-NF-hotter,2035,1.852670792
1,Northeast,corn,RCP4.5-NF-hotter,2036,1.181360539
1,Northeast,corn,RCP4.5-NF-hotter,2037,1.531178514
1,Northeast,corn,RCP4.5-NF-hotter,2038,1.989568571
1,Northeast,corn,RCP4.5-NF-hotter,2039,2.129804108
1,Northeast,corn,RCP4.5-NF-hotter,2040,2.159234258
1,Northeast,corn,RCP4.5-NF-hotter,2041,1.994921497
1,Northeast,corn,RCP4.5-NF-hotter,2042,2.389325483
1,Northeast,corn,RCP4.5-NF-hotter,2043,1.295362444
1,Northeast,corn,RCP4.5-NF-hotter,2044,1.459241891
1,Northeast,corn,RCP4.5-NF-hotter,2045,1.847800052
1,Northeast,corn,RCP4.5-NF-hotter,2046,1.821277789
1,Northeast,corn,RCP4.5-NF-hotter,2047,1.644688162
1,Northeast,corn,RCP4.5-NF-hotter,2048,1.370346367
1,Northeast,corn,RCP4.5-NF-hotter,2049,1.358112821
1,Northeast,corn,RCP4.5-NF-hotter,2050,2.147275522
1,Northeast,corn,RCP4.5-NF-hotter,2051,1.503903628
1,Northeast,corn,RCP4.5-NF-hotter,2052,2.160275979
1,Northeast,corn,RCP4.5-NF-hotter,2053,1.742583382
1,Northeast,corn,RCP4.5-NF-hotter,2054,1.179995666
1,Northeast,corn,RCP4.5-NF-hotter,2055,1.815753431
1,Northeast,corn,SSP5-8.5-NF-cooler,2021,1.494554271
1,Northeast,corn,SSP5-8.5-NF-cooler,2022,1.637169909
1,Northeast,corn,SSP5-8.5-NF-cooler,2023,1.428584577
1,Northeast,corn,SSP5-8.5-NF-cooler,2024,1.659170834
1,Northeast,corn,SSP5-8.5-NF-cooler,2025,2.075618528
1,Northeast,corn,SSP5-8.5-NF-cooler,2026,1.423002692
1,Northeast,corn,SSP5-8.5-NF-cooler,2027,2.479567425
1,Northeast,corn,SSP5-8.5-NF-cooler,2028,1.481188354
1,Northeast,corn,SSP5-8.5-NF-cooler,2029,1.525490307
1,Northeast,corn,SSP5-8.5-NF-cooler,2030,1.466055212
1,Northeast,corn,SSP5-8.5-NF-cooler,2031,2.166920721
1,Northeast,corn,SSP5-8.5-NF-cooler,2032,1.425498623
1,Northeast,corn,SSP5-8.5-NF-cooler,2033,1.505452208
1,Northeast,corn,SSP5-8.5-NF-cooler,2034,1.243419814
1,Northeast,corn,SSP5-8.5-NF-cooler,2035,1.841661781
1,Northeast,corn,SSP5-8.5-NF-cooler,2036,1.152775069
1,Northeast,corn,SSP5-8.5-NF-cooler,2037,1.469968886
1,Northeast,corn,SSP5-8.5-NF-cooler,2038,1.280233902
1,Northeast,corn,SSP5-8.5-NF-cooler,2039,2.033103924
1,Northeast,corn,SSP5-8.5-NF-cooler,2040,1.652870303
1,Northeast,corn,SSP5-8.5-NF-cooler,2041,1.601331752
1,Northeast,corn,SSP5-8.5-NF-cooler,2042,1.921009977
1,Northeast,corn,SSP5-8.5-NF-cooler,2043,2.835625783
1,Northeast,corn,SSP5-8.5-NF-cooler,2044,1.311991257
1,Northeast,corn,SSP5-8.5-NF-cooler,2045,1.484440275
1,Northeast,corn,SSP5-8.5-NF-cooler,2046,1.734073588
1,Northeast,corn,SSP5-8.5-NF-cooler,2047,1.469111556
1,Northeast,corn,SSP5-8.5-NF-cooler,2048,1.435531388
1,Northeast,corn,SSP5-8.5-NF-cooler,2049,1.266696604
1,Northeast,corn,SSP5-8.5-NF-cooler,2050,1.98331507
1,Northeast,corn,SSP5-8.5-NF-cooler,2051,1.466560134
1,Northeast,corn,SSP5-8.5-NF-cooler,2052,1.758076689
1,Northeast,corn,SSP5-8.5-NF-cooler,2053,1.670605076
1,Northeast,corn,SSP5-8.5-NF-cooler,2054,1.171166851
1,Northeast,corn,SSP5-8.5-NF-cooler,2055,1.837435483
1,Northeast,corn,SSP5-8.5-NF-hotter,2021,1.563350128
1,Northeast,corn,SSP5-8.5-NF-hotter,2022,1.603293113
1,Northeast,corn,SSP5-8.5-NF-hotter,2023,1.306501535
1,Northeast,corn,SSP5-8.5-NF-hotter,2024,2.74859401
1,Northeast,corn,SSP5-8.5-NF-hotter,2025,2.008840518
1,Northeast,corn,SSP5-8.5-NF-hotter,2026,1.496623287
1,Northeast,corn,SSP5-8.5-NF-hotter,2027,2.395658935
1,Northeast,corn,SSP5-8.5-NF-hotter,2028,1.532025337
1,Northeast,corn,SSP5-8.5-NF-hotter,2029,1.385201066
1,Northeast,corn,SSP5-8.5-NF-hotter,2030,1.460506973
1,Northeast,corn,SSP5-8.5-NF-hotter,2031,2.234119076
1,Northeast,corn,SSP5-8.5-NF-hotter,2032,1.648055558
1,Northeast,corn,SSP5-8.5-NF-hotter,2033,1.834418092
1,Northeast,corn,SSP5-8.5-NF-hotter,2034,1.505038631
1,Northeast,corn,SSP5-8.5-NF-hotter,2035,1.96906174
1,Northeast,corn,SSP5-8.5-NF-hotter,2036,1.319207838
1,Northeast,corn,SSP5-8.5-NF-hotter,2037,1.518972603
1,Northeast,corn,SSP5-8.5-NF-hotter,2038,1.505224676
1,Northeast,corn,SSP5-8.5-NF-hotter,2039,2.067289604
1,Northeast,corn,SSP5-8.5-NF-hotter,2040,1.964290559
1,Northeast,corn,SSP5-8.5-NF-hotter,2041,2.113644956
1,Northeast,corn,SSP5-8.5-NF-hotter,2042,2.119194874
1,Northeast,corn,SSP5-8.5-NF-hotter,2043,1.418023286
1,Northeast,corn,SSP5-8.5-NF-hotter,2044,1.628690291
1,Northeast,corn,SSP5-8.5-NF-hotter,2045,1.690818811
1,Northeast,corn,SSP5-8.5-NF-hotter,2046,1.971329052
1,Northeast,corn,SSP5-8.5-NF-hotter,2047,1.593627024
1,Northeast,corn,SSP5-8.5-NF-hotter,2048,1.472682132
1,Northeast,corn,SSP5-8.5-NF-hotter,2049,1.583779856
1,Northeast,corn,SSP5-8.5-NF-hotter,2050,2.00201074
1,Northeast,corn,SSP5-8.5-NF-hotter,2051,1.739524864
1,Northeast,corn,SSP5-8.5-NF-hotter,2052,1.884263819
1,Northeast,corn,SSP5-8.5-NF-hotter,2053,1.801255917
1,Northeast,corn,SSP5-8.5-NF-hotter,2054,1.208633312
1,Northeast,corn,SSP5-8.5-NF-hotter,2055,1.899491228
1,Northeast,corn,RCP8.5-NF-cooler,2021,1.485911721
1,Northeast,corn,RCP8.5-NF-cooler,2022,1.435647657
1,Northeast,corn,RCP8.5-NF-cooler,2023,1.385538539
1,Northeast,corn,RCP8.5-NF-cooler,2024,1.249737005
1,Northeast,corn,RCP8.5-NF-cooler,2025,1.735235881
1,Northeast,corn,RCP8.5-NF-cooler,2026,1.513407905
1,Northeast,corn,RCP8.5-NF-cooler,2027,2.39964771
1,Northeast,corn,RCP8.5-NF-cooler,2028,1.676243388
1,Northeast,corn,RCP8.5-NF-cooler,2029,1.450213937
1,Northeast,corn,RCP8.5-NF-cooler,2030,1.577406567
1,Northeast,corn,RCP8.5-NF-cooler,2031,2.305459488
1,Northeast,corn,RCP8.5-NF-cooler,2032,1.371949645
1,Northeast,corn,RCP8.5-NF-cooler,2033,1.549116203
1,Northeast,corn,RCP8.5-NF-cooler,2034,1.1528357
1,Northeast,corn,RCP8.5-NF-cooler,2035,1.881832298
1,Northeast,corn,RCP8.5-NF-cooler,2036,1.151529904
1,Northeast,corn,RCP8.5-NF-cooler,2037,1.425918173
1,Northeast,corn,RCP8.5-NF-cooler,2038,1.784744108
1,Northeast,corn,RCP8.5-NF-cooler,2039,2.011006964
1,Northeast,corn,RCP8.5-NF-cooler,2040,2.042095942
1,Northeast,corn,RCP8.5-NF-cooler,2041,1.674634565
1,Northeast,corn,RCP8.5-NF-cooler,2042,2.203885105
1,Northeast,corn,RCP8.5-NF-cooler,2043,1.311689742
1,Northeast,corn,RCP8.5-NF-cooler,2044,1.281828886
1,Northeast,corn,RCP8.5-NF-cooler,2045,1.457148676
1,Northeast,corn,RCP8.5-NF-cooler,2046,1.779583944
1,Northeast,corn,RCP8.5-NF-cooler,2047,1.485176849
1,Northeast,corn,RCP8.5-NF-cooler,2048,1.311193201
1,Northeast,corn,RCP8.5-NF-cooler,2049,1.299936738
1,Northeast,corn,RCP8.5-NF-cooler,2050,2.274214332
1,Northeast,corn,RCP8.5-NF-cooler,2051,1.400792673
1,Northeast,corn,RCP8.5-NF-cooler,2052,2.059324279
1,Northeast,corn,RCP8.5-NF-cooler,2053,1.671747761
1,Northeast,corn,RCP8.5-NF-cooler,2054,1.376738073
1,Northeast,corn,RCP8.5-NF-cooler,2055,1.835178618
1,Northeast,corn,RCP8.5-NF-hotter,2021,1.502936645
1,Northeast,corn,RCP8.5-NF-hotter,2022,1.582521002
1,Northeast,corn,RCP8.5-NF-hotter,2023,1.389916401
1,Northeast,corn,RCP8.5-NF-hotter,2024,1.113569446
1,Northeast,corn,RCP8.5-NF-hotter,2025,1.798801495
1,Northeast,corn,RCP8.5-NF-hotter,2026,1.501734119
1,Northeast,corn,RCP8.5-NF-hotter,2027,2.423639568
1,Northeast,corn,RCP8.5-NF-hotter,2028,1.654445792
1,Northeast,corn,RCP8.5-NF-hotter,2029,1.566224387
1,Northeast,corn,RCP8.5-NF-hotter,2030,1.619139249
1,Northeast,corn,RCP8.5-NF-hotter,2031,2.324648198
1,Northeast,corn,RCP8.5-NF-hotter,2032,1.744411127
1,Northeast,corn,RCP8.5-NF-hotter,2033,1.729549944
1,Northeast,corn,RCP8.5-NF-hotter,2034,1.201586844
1,Northeast,corn,RCP8.5-NF-hotter,2035,2.042899139
1,Northeast,corn,RCP8.5-NF-hotter,2036,1.800034674
1,Northeast,corn,RCP8.5-NF-hotter,2037,1.604108278
1,Northeast,corn,RCP8.5-NF-hotter,2038,2.073316539
1,Northeast,corn,RCP8.5-NF-hotter,2039,2.170340737
1,Northeast,corn,RCP8.5-NF-hotter,2040,2.241373985
1,Northeast,corn,RCP8.5-NF-hotter,2041,2.158255503
1,Northeast,corn,RCP8.5-NF-hotter,2042,2.487705427
1,Northeast,corn,RCP8.5-NF-hotter,2043,1.350130212
1,Northeast,corn,RCP8.5-NF-hotter,2044,1.56994472
1,Northeast,corn,RCP8.5-NF-hotter,2045,1.641625688
1,Northeast,corn,RCP8.5-NF-hotter,2046,2.169713829
1,Northeast,corn,RCP8.5-NF-hotter,2047,1.843162116
1,Northeast,corn,RCP8.5-NF-hotter,2048,1.530972245
1,Northeast,corn,RCP8.5-NF-hotter,2049,1.572758882
1,Northeast,corn,RCP8.5-NF-hotter,2050,2.327457422
1,Northeast,corn,RCP8.5-NF-hotter,2051,1.606805504
1,Northeast,corn,RCP8.5-NF-hotter,2052,2.043705895
1,Northeast,corn,RCP8.5-NF-hotter,2053,2.107107145
1,Northeast,corn,RCP8.5-NF-hotter,2054,1.285650633
1,Northeast,corn,RCP8.5-NF-hotter,2055,1.968453838
2,Southeast,corn,SSP3-4.5-NF-cooler,2021,1.807908481
2,Southeast,corn,SSP3-4.5-NF-cooler,2022,1.634157505
2,Southeast,corn,SSP3-4.5-NF-cooler,2023,1.381786557
2,Southeast,corn,SSP3-4.5-NF-cooler,2024,1.376944954
2,Southeast,corn,SSP3-4.5-NF-cooler,2025,1.559446388
2,Southeast,corn,SSP3-4.5-NF-cooler,2026,1.846381164
2,Southeast,corn,SSP3-4.5-NF-cooler,2027,1.546780918
2,Southeast,corn,SSP3-4.5-NF-cooler,2028,1.942223476
2,Southeast,corn,SSP3-4.5-NF-cooler,2029,1.191591692
2,Southeast,corn,SSP3-4.5-NF-cooler,2030,1.757238353
2,Southeast,corn,SSP3-4.5-NF-cooler,2031,1.313659214
2,Southeast,corn,SSP3-4.5-NF-cooler,2032,1.435817626
2,Southeast,corn,SSP3-4.5-NF-cooler,2033,1.55329302
2,Southeast,corn,SSP3-4.5-NF-cooler,2034,1.600608193
2,Southeast,corn,SSP3-4.5-NF-cooler,2035,1.389407103
2,Southeast,corn,SSP3-4.5-NF-cooler,2036,1.851086958
2,Southeast,corn,SSP3-4.5-NF-cooler,2037,1.682426766
2,Southeast,corn,SSP3-4.5-NF-cooler,2038,1.802540263
2,Southeast,corn,SSP3-4.5-NF-cooler,2039,1.543291962
2,Southeast,corn,SSP3-4.5-NF-cooler,2040,1.675030289
2,Southeast,corn,SSP3-4.5-NF-cooler,2041,1.832998584
2,Southeast,corn,SSP3-4.5-NF-cooler,2042,1.737040665
2,Southeast,corn,SSP3-4.5-NF-cooler,2043,1.732601425
2,Southeast,corn,SSP3-4.5-NF-cooler,2044,1.498996534
2,Southeast,corn,SSP3-4.5-NF-cooler,2045,1.886008043
2,Southeast,corn,SSP3-4.5-NF-cooler,2046,1.945807501
2,Southeast,corn,SSP3-4.5-NF-cooler,2047,2.151534627
2,Southeast,corn,SSP3-4.5-NF-cooler,2048,1.83110946
2,Southeast,corn,SSP3-4.5-NF-cooler,2049,1.763447883
2,Southeast,corn,SSP3-4.5-NF-cooler,2050,1.663481579
2,Southeast,corn,SSP3-4.5-NF-cooler,2051,1.982708009
2,Southeast,corn,SSP3-4.5-NF-cooler,2052,2.107184215
2,Southeast,corn,SSP3-4.5-NF-cooler,2053,1.855995851
2,Southeast,corn,SSP3-4.5-NF-cooler,2054,1.449916433
2,Southeast,corn,SSP3-4.5-NF-cooler,2055,1.539158032
2,Southeast,corn,SSP3-4.5-NF-hotter,2021,1.794888433
2,Southeast,corn,SSP3-4.5-NF-hotter,2022,1.729495861
2,Southeast,corn,SSP3-4.5-NF-hotter,2023,1.344050299
2,Southeast,corn,SSP3-4.5-NF-hotter,2024,1.48209915
2,Southeast,corn,SSP3-4.5-NF-hotter,2025,1.572120267
2,Southeast,corn,SSP3-4.5-NF-hotter,2026,1.914208917
2,Southeast,corn,SSP3-4.5-NF-hotter,2027,1.370210844
2,Southeast,corn,SSP3-4.5-NF-hotter,2028,2.035547858
2,Southeast,corn,SSP3-4.5-NF-hotter,2029,1.571354863
2,Southeast,corn,SSP3-4.5-NF-hotter,2030,1.683538596
2,Southeast,corn,SSP3-4.5-NF-hotter,2031,1.607714909
2,Southeast,corn,SSP3-4.5-NF-hotter,2032,1.555514658
2,Southeast,corn,SSP3-4.5-NF-hotter,2033,1.64440877
2,Southeast,corn,SSP3-4.5-NF-hotter,2034,1.669891322
2,Southeast,corn,SSP3-4.5-NF-hotter,2035,1.589339664
2,Southeast,corn,SSP3-4.5-NF-hotter,2036,1.926504457
2,Southeast,corn,SSP3-4.5-NF-hotter,2037,1.684200842
2,Southeast,corn,SSP3-4.5-NF-hotter,2038,1.722941587
2,Southeast,corn,SSP3-4.5-NF-hotter,2039,1.772978308
2,Southeast,corn,SSP3-4.5-NF-hotter,2040,1.877049465
2,Southeast,corn,SSP3-4.5-NF-hotter,2041,1.93233771
2,Southeast,corn,SSP3-4.5-NF-hotter,2042,1.891580764
2,Southeast,corn,SSP3-4.5-NF-hotter,2043,1.732328577
2,Southeast,corn,SSP3-4.5-NF-hotter,2044,1.768534021
2,Southeast,corn,SSP3-4.5-NF-hotter,2045,1.844385008
2,Southeast,corn,SSP3-4.5-NF-hotter,2046,1.9724112
2,Southeast,corn,SSP3-4.5-NF-hotter,2047,2.130491499
2,Southeast,corn,SSP3-4.5-NF-hotter,2048,1.817558476
2,Southeast,corn,SSP3-4.5-NF-hotter,2049,1.825047386
2,Southeast,corn,SSP3-4.5-NF-hotter,2050,1.730159358
2,Southeast,corn,SSP3-4.5-NF-hotter,2051,2.002305623
2,Southeast,corn,SSP3-4.5-NF-hotter,2052,2.169787014
2,Southeast,corn,SSP3-4.5-NF-hotter,2053,1.853468009
2,Southeast,corn,SSP3-4.5-NF-hotter,2054,1.617576154
2,Southeast,corn,SSP3-4.5-NF-hotter,2055,1.538549681
2,Southeast,corn,RCP4.5-NF-cooler,2021,1.888188253
2,Southeast,corn,RCP4.5-NF-cooler,2022,1.462824211
2,Southeast,corn,RCP4.5-NF-cooler,2023,1.285478879
2,Southeast,corn,RCP4.5-NF-cooler,2024,1.346165603
2,Southeast,corn,RCP4.5-NF-cooler,2025,1.625656189
2,Southeast,corn,RCP4.5-NF-cooler,2026,2.009738658
2,Southeast,corn,RCP4.5-NF-cooler,2027,1.83180256
2,Southeast,corn,RCP4.5-NF-cooler,2028,2.039300954
2,Southeast,corn,RCP4.5-NF-cooler,2029,1.468521924
2,Southeast,corn,RCP4.5-NF-cooler,2030,1.920942461
2,Southeast,corn,RCP4.5-NF-cooler,2031,1.510828636
2,Southeast,corn,RCP4.5-NF-cooler,2032,1.481004211
2,Southeast,corn,RCP4.5-NF-cooler,2033,1.549062669
2,Southeast,corn,RCP4.5-NF-cooler,2034,1.451810726
2,Southeast,corn,RCP4.5-NF-cooler,2035,1.655022007
2,Southeast,corn,RCP4.5-NF-cooler,2036,1.464811496
2,Southeast,corn,RCP4.5-NF-cooler,2037,1.396702623
2,Southeast,corn,RCP4.5-NF-cooler,2038,1.387875799
2,Southeast,corn,RCP4.5-NF-cooler,2039,1.580811366
2,Southeast,corn,RCP4.5-NF-cooler,2040,1.780833897
2,Southeast,corn,RCP4.5-NF-cooler,2041,1.930390815
2,Southeast,corn,RCP4.5-NF-cooler,2042,1.991179246
2,Southeast,corn,RCP4.5-NF-cooler,2043,1.314174681
2,Southeast,corn,RCP4.5-NF-cooler,2044,1.525684774
2,Southeast,corn,RCP4.5-NF-cooler,2045,1.406102951
2,Southeast,corn,RCP4.5-NF-cooler,2046,1.889082539
2,Southeast,corn,RCP4.5-NF-cooler,2047,2.149155186
2,Southeast,corn,RCP4.5-NF-cooler,2048,1.623530462
2,Southeast,corn,RCP4.5-NF-cooler,2049,1.543622837
2,Southeast,corn,RCP4.5-NF-cooler,2050,1.43843476
2,Southeast,corn,RCP4.5-NF-cooler,2051,2.067793734
2,Southeast,corn,RCP4.5-NF-cooler,2052,2.101144706
2,Southeast,corn,RCP4.5-NF-cooler,2053,1.656858209
2,Southeast,corn,RCP4.5-NF-cooler,2054,1.388751789
2,Southeast,corn,RCP4.5-NF-cooler,2055,1.447148822
2,Southeast,corn,RCP4.5-NF-hotter,2021,1.874323144
2,Southeast,corn,RCP4.5-NF-hotter,2022,1.65052887
2,Southeast,corn,RCP4.5-NF-hotter,2023,1.210588303
2,Southeast,corn,RCP4.5-NF-hotter,2024,1.546114482
2,Southeast,corn,RCP4.5-NF-hotter,2025,1.700387706
2,Southeast,corn,RCP4.5-NF-hotter,2026,2.06887814
2,Southeast,corn,RCP4.5-NF-hotter,2027,1.584686928
2,Southeast,corn,RCP4.5-NF-hotter,2028,2.12854549
2,Southeast,corn,RCP4.5-NF-hotter,2029,1.770698382
2,Southeast,corn,RCP4.5-NF-hotter,2030,1.742770001
2,Southeast,corn,RCP4.5-NF-hotter,2031,1.471299516
2,Southeast,corn,RCP4.5-NF-hotter,2032,1.725982682
2,Southeast,corn,RCP4.5-NF-hotter,2033,1.613869194
2,Southeast,corn,RCP4.5-NF-hotter,2034,1.562526179
2,Southeast,corn,RCP4.5-NF-hotter,2035,1.67681327
2,Southeast,corn,RCP4.5-NF-hotter,2036,1.627656126
2,Southeast,corn,RCP4.5-NF-hotter,2037,1.553644353
2,Southeast,corn,RCP4.5-NF-hotter,2038,1.290990424
2,Southeast,corn,RCP4.5-NF-hotter,2039,1.893633579
2,Southeast,corn,RCP4.5-NF-hotter,2040,2.101902265
2,Southeast,corn,RCP4.5-NF-hotter,2041,2.099107861
2,Southeast,corn,RCP4.5-NF-hotter,2042,1.929250135
2,Southeast,corn,RCP4.5-NF-hotter,2043,1.558568789
2,Southeast,corn,RCP4.5-NF-hotter,2044,1.843919982
2,Southeast,corn,RCP4.5-NF-hotter,2045,1.701184871
2,Southeast,corn,RCP4.5-NF-hotter,2046,2.049163174
2,Southeast,corn,RCP4.5-NF-hotter,2047,2.355544308
2,Southeast,corn,RCP4.5-NF-hotter,2048,1.685859522
2,Southeast,corn,RCP4.5-NF-hotter,2049,1.561620409
2,Southeast,corn,RCP4.5-NF-hotter,2050,1.617766131
2,Southeast,corn,RCP4.5-NF-hotter,2051,2.123012002
2,Southeast,corn,RCP4.5-NF-hotter,2052,2.293335119
2,Southeast,corn,RCP4.5-NF-hotter,2053,1.347222707
2,Southeast,corn,RCP4.5-NF-hotter,2054,1.461879303
2,Southeast,corn,RCP4.5-NF-hotter,2055,1.446806489
2,Southeast,corn,SSP5-8.5-NF-cooler,2021,1.792941001
2,Southeast,corn,SSP5-8.5-NF-cooler,2022,1.373425633
2,Southeast,corn,SSP5-8.5-NF-cooler,2023,1.626442725
2,Southeast,corn,SSP5-8.5-NF-cooler,2024,1.42551831
2,Southeast,corn,SSP5-8.5-NF-cooler,2025,1.66607946
2,Southeast,corn,SSP5-8.5-NF-cooler,2026,1.889570508
2,Southeast,corn,SSP5-8.5-NF-cooler,2027,1.695002064
2,Southeast,corn,SSP5-8.5-NF-cooler,2028,2.130594431
2,Southeast,corn,SSP5-8.5-NF-cooler,2029,1.584422768
2,Southeast,corn,SSP5-8.5-NF-cooler,2030,1.823125003
2,Southeast,corn,SSP5-8.5-NF-cooler,2031,1.475641061
2,Southeast,corn,SSP5-8.5-NF-cooler,2032,1.352813601
2,Southeast,corn,SSP5-8.5-NF-cooler,2033,1.626955457
2,Southeast,corn,SSP5-8.5-NF-cooler,2034,1.421503148
2,Southeast,corn,SSP5-8.5-NF-cooler,2035,1.487891764
2,Southeast,corn,SSP5-8.5-NF-cooler,2036,1.820828799
2,Southeast,corn,SSP5-8.5-NF-cooler,2037,1.908808491
2,Southeast,corn,SSP5-8.5-NF-cooler,2038,1.853696425
2,Southeast,corn,SSP5-8.5-NF-cooler,2039,1.633219689
2,Southeast,corn,SSP5-8.5-NF-cooler,2040,1.846144579
2,Southeast,corn,SSP5-8.5-NF-cooler,2041,1.892919677
2,Southeast,corn,SSP5-8.5-NF-cooler,2042,1.794457382
2,Southeast,corn,SSP5-8.5-NF-cooler,2043,2.191723655
2,Southeast,corn,SSP5-8.5-NF-cooler,2044,1.622931342
2,Southeast,corn,SSP5-8.5-NF-cooler,2045,1.729619679
2,Southeast,corn,SSP5-8.5-NF-cooler,2046,2.077882327
2,Southeast,corn,SSP5-8.5-NF-cooler,2047,2.332697672
2,Southeast,corn,SSP5-8.5-NF-cooler,2048,1.855846495
2,Southeast,corn,SSP5-8.5-NF-cooler,2049,1.884613454
2,Southeast,corn,SSP5-8.5-NF-cooler,2050,1.683678306
2,Southeast,corn,SSP5-8.5-NF-cooler,2051,2.09344836
2,Southeast,corn,SSP5-8.5-NF-cooler,2052,2.228872992
2,Southeast,corn,SSP5-8.5-NF-cooler,2053,2.056030502
2,Southeast,corn,SSP5-8.5-NF-cooler,2054,1.738004698
2,Southeast,corn,SSP5-8.5-NF-cooler,2055,1.588079667
2,Southeast,corn,SSP5-8.5-NF-hotter,2021,1.760402056
2,Southeast,corn,SSP5-8.5-NF-hotter,2022,1.605240648
2,Southeast,corn,SSP5-8.5-NF-hotter,2023,1.701939759
2,Southeast,corn,SSP5-8.5-NF-hotter,2024,1.536405898
2,Southeast,corn,SSP5-8.5-NF-hotter,2025,1.664448017
2,Southeast,corn,SSP5-8.5-NF-hotter,2026,1.944014655
2,Southeast,corn,SSP5-8.5-NF-hotter,2027,1.511119229
2,Southeast,corn,SSP5-8.5-NF-hotter,2028,2.032365716
2,Southeast,corn,SSP5-8.5-NF-hotter,2029,1.431148894
2,Southeast,corn,SSP5-8.5-NF-hotter,2030,1.658018644
2,Southeast,corn,SSP5-8.5-NF-hotter,2031,1.569141281
2,Southeast,corn,SSP5-8.5-NF-hotter,2032,1.499306954
2,Southeast,corn,SSP5-8.5-NF-hotter,2033,1.681926457
2,Southeast,corn,SSP5-8.5-NF-hotter,2034,1.479838362
2,Southeast,corn,SSP5-8.5-NF-hotter,2035,1.515694845
2,Southeast,corn,SSP5-8.5-NF-hotter,2036,1.774818239
2,Southeast,corn,SSP5-8.5-NF-hotter,2037,1.845369918
2,Southeast,corn,SSP5-8.5-NF-hotter,2038,1.770796227
2,Southeast,corn,SSP5-8.5-NF-hotter,2039,1.730775155
2,Southeast,corn,SSP5-8.5-NF-hotter,2040,1.952731275
2,Southeast,corn,SSP5-8.5-NF-hotter,2041,2.087948973
2,Southeast,corn,SSP5-8.5-NF-hotter,2042,1.95713296
2,Southeast,corn,SSP5-8.5-NF-hotter,2043,1.775140327
2,Southeast,corn,SSP5-8.5-NF-hotter,2044,1.749624314
2,Southeast,corn,SSP5-8.5-NF-hotter,2045,1.804062927
2,Southeast,corn,SSP5-8.5-NF-hotter,2046,2.09436966
2,Southeast,corn,SSP5-8.5-NF-hotter,2047,2.309463213
2,Southeast,corn,SSP5-8.5-NF-hotter,2048,2.088224595
2,Southeast,corn,SSP5-8.5-NF-hotter,2049,1.721160694
2,Southeast,corn,SSP5-8.5-NF-hotter,2050,1.925545923
2,Southeast,corn,SSP5-8.5-NF-hotter,2051,2.178645889
2,Southeast,corn,SSP5-8.5-NF-hotter,2052,2.339879998
2,Southeast,corn,SSP5-8.5-NF-hotter,2053,1.584972227
2,Southeast,corn,SSP5-8.5-NF-hotter,2054,1.58398334
2,Southeast,corn,SSP5-8.5-NF-hotter,2055,1.75130656
2,Southeast,corn,RCP8.5-NF-cooler,2021,1.837832723
2,Southeast,corn,RCP8.5-NF-cooler,2022,1.262975223
2,Southeast,corn,RCP8.5-NF-cooler,2023,1.399460913
2,Southeast,corn,RCP8.5-NF-cooler,2024,1.356790292
2,Southeast,corn,RCP8.5-NF-cooler,2025,1.765410487
2,Southeast,corn,RCP8.5-NF-cooler,2026,1.930215897
2,Southeast,corn,RCP8.5-NF-cooler,2027,1.800943378
2,Southeast,corn,RCP8.5-NF-cooler,2028,2.211572793
2,Southeast,corn,RCP8.5-NF-cooler,2029,1.674224497
2,Southeast,corn,RCP8.5-NF-cooler,2030,1.881528897
2,Southeast,corn,RCP8.5-NF-cooler,2031,1.359565713
2,Southeast,corn,RCP8.5-NF-cooler,2032,1.445647135
2,Southeast,corn,RCP8.5-NF-cooler,2033,1.570802107
2,Southeast,corn,RCP8.5-NF-cooler,2034,1.367560755
2,Southeast,corn,RCP8.5-NF-cooler,2035,1.732431534
2,Southeast,corn,RCP8.5-NF-cooler,2036,1.542959529
2,Southeast,corn,RCP8.5-NF-cooler,2037,1.622746097
2,Southeast,corn,RCP8.5-NF-cooler,2038,1.366883088
2,Southeast,corn,RCP8.5-NF-cooler,2039,1.670030872
2,Southeast,corn,RCP8.5-NF-cooler,2040,1.813988968
2,Southeast,corn,RCP8.5-NF-cooler,2041,1.900069709
2,Southeast,corn,RCP8.5-NF-cooler,2042,1.815491891
2,Southeast,corn,RCP8.5-NF-cooler,2043,1.47811854
2,Southeast,corn,RCP8.5-NF-cooler,2044,1.614266249
2,Southeast,corn,RCP8.5-NF-cooler,2045,1.401727811
2,Southeast,corn,RCP8.5-NF-cooler,2046,1.98406716
2,Southeast,corn,RCP8.5-NF-cooler,2047,2.311537618
2,Southeast,corn,RCP8.5-NF-cooler,2048,1.753589661
2,Southeast,corn,RCP8.5-NF-cooler,2049,1.52880509
2,Southeast,corn,RCP8.5-NF-cooler,2050,1.430623956
2,Southeast,corn,RCP8.5-NF-cooler,2051,2.175796358
2,Southeast,corn,RCP8.5-NF-cooler,2052,2.206886311
2,Southeast,corn,RCP8.5-NF-cooler,2053,1.572839179
2,Southeast,corn,RCP8.5-NF-cooler,2054,1.526607757
2,Southeast,corn,RCP8.5-NF-cooler,2055,1.506640352
2,Southeast,corn,RCP8.5-NF-hotter,2021,1.826756683
2,Southeast,corn,RCP8.5-NF-hotter,2022,1.537328518
2,Southeast,corn,RCP8.5-NF-hotter,2023,1.089810101
2,Southeast,corn,RCP8.5-NF-hotter,2024,1.616316838
2,Southeast,corn,RCP8.5-NF-hotter,2025,1.787747366
2,Southeast,corn,RCP8.5-NF-hotter,2026,2.061762489
2,Southeast,corn,RCP8.5-NF-hotter,2027,1.644273887
2,Southeast,corn,RCP8.5-NF-hotter,2028,2.03400674
2,Southeast,corn,RCP8.5-NF-hotter,2029,1.592274957
2,Southeast,corn,RCP8.5-NF-hotter,2030,1.777766997
2,Southeast,corn,RCP8.5-NF-hotter,2031,1.658760531
2,Southeast,corn,RCP8.5-NF-hotter,2032,1.517050724
2,Southeast,corn,RCP8.5-NF-hotter,2033,1.570445562
2,Southeast,corn,RCP8.5-NF-hotter,2034,1.549345011
2,Southeast,corn,RCP8.5-NF-hotter,2035,1.816116184
2,Southeast,corn,RCP8.5-NF-hotter,2036,1.526664833
2,Southeast,corn,RCP8.5-NF-hotter,2037,1.381028818
2,Southeast,corn,RCP8.5-NF-hotter,2038,1.336131223
2,Southeast,corn,RCP8.5-NF-hotter,2039,1.782254681
2,Southeast,corn,RCP8.5-NF-hotter,2040,2.110209312
2,Southeast,corn,RCP8.5-NF-hotter,2041,2.117097563
2,Southeast,corn,RCP8.5-NF-hotter,2042,1.938053206
2,Southeast,corn,RCP8.5-NF-hotter,2043,1.890841116
2,Southeast,corn,RCP8.5-NF-hotter,2044,1.900905851
2,Southeast,corn,RCP8.5-NF-hotter,2045,1.603207894
2,Southeast,corn,RCP8.5-NF-hotter,2046,2.147700969
2,Southeast,corn,RCP8.5-NF-hotter,2047,2.466549023
2,Southeast,corn,RCP8.5-NF-hotter,2048,1.962748713
2,Southeast,corn,RCP8.5-NF-hotter,2049,1.697829166
2,Southeast,corn,RCP8.5-NF-hotter,2050,1.796264006
2,Southeast,corn,RCP8.5-NF-hotter,2051,2.343655475
2,Southeast,corn,RCP8.5-NF-hotter,2052,2.463613093
2,Southeast,corn,RCP8.5-NF-hotter,2053,1.500533098
2,Southeast,corn,RCP8.5-NF-hotter,2054,1.566866896
2,Southeast,corn,RCP8.5-NF-hotter,2055,1.702930275
4,Midwest,corn,SSP3-4.5-NF-cooler,2021,2.485667559
4,Midwest,corn,SSP3-4.5-NF-cooler,2022,1.982888324
4,Midwest,corn,SSP3-4.5-NF-cooler,2023,2.18568325
4,Midwest,corn,SSP3-4.5-NF-cooler,2024,1.875141821
4,Midwest,corn,SSP3-4.5-NF-cooler,2025,1.428690053
4,Midwest,corn,SSP3-4.5-NF-cooler,2026,1.740342552
4,Midwest,corn,SSP3-4.5-NF-cooler,2027,1.78962365
4,Midwest,corn,SSP3-4.5-NF-cooler,2028,2.326693256
4,Midwest,corn,SSP3-4.5-NF-cooler,2029,1.829111933
4,Midwest,corn,SSP3-4.5-NF-cooler,2030,1.605289412
4,Midwest,corn,SSP3-4.5-NF-cooler,2031,1.697979314
4,Midwest,corn,SSP3-4.5-NF-cooler,2032,1.447341651
4,Midwest,corn,SSP3-4.5-NF-cooler,2033,1.743015061
4,Midwest,corn,SSP3-4.5-NF-cooler,2034,1.545924878
4,Midwest,corn,SSP3-4.5-NF-cooler,2035,1.769259665
4,Midwest,corn,SSP3-4.5-NF-cooler,2036,1.853240909
4,Midwest,corn,SSP3-4.5-NF-cooler,2037,1.615146634
4,Midwest,corn,SSP3-4.5-NF-cooler,2038,1.66925281
4,Midwest,corn,SSP3-4.5-NF-cooler,2039,1.788807027
4,Midwest,corn,SSP3-4.5-NF-cooler,2040,2.216528895
4,Midwest,corn,SSP3-4.5-NF-cooler,2041,2.067554015
4,Midwest,corn,SSP3-4.5-NF-cooler,2042,1.755888369
4,Midwest,corn,SSP3-4.5-NF-cooler,2043,2.297051049
4,Midwest,corn,SSP3-4.5-NF-cooler,2044,1.900697944
4,Midwest,corn,SSP3-4.5-NF-cooler,2045,2.03350393
4,Midwest,corn,SSP3-4.5-NF-cooler,2046,2.143264859
4,Midwest,corn,SSP3-4.5-NF-cooler,2047,1.900498771
4,Midwest,corn,SSP3-4.5-NF-cooler,2048,1.988915541
4,Midwest,corn,SSP3-4.5-NF-cooler,2049,1.839206801
4,Midwest,corn,SSP3-4.5-NF-cooler,2050,1.586229424
4,Midwest,corn,SSP3-4.5-NF-cooler,2051,1.855693961
4,Midwest,corn,SSP3-4.5-NF-cooler,2052,2.55240027
4,Midwest,corn,SSP3-4.5-NF-cooler,2053,2.049357762
4,Midwest,corn,SSP3-4.5-NF-cooler,2054,2.2044525
4,Midwest,corn,SSP3-4.5-NF-cooler,2055,1.576402471
4,Midwest,corn,SSP3-4.5-NF-hotter,2021,2.331442341
4,Midwest,corn,SSP3-4.5-NF-hotter,2022,2.165310983
4,Midwest,corn,SSP3-4.5-NF-hotter,2023,2.019509322
4,Midwest,corn,SSP3-4.5-NF-hotter,2024,1.710353789
4,Midwest,corn,SSP3-4.5-NF-hotter,2025,1.444148885
4,Midwest,corn,SSP3-4.5-NF-hotter,2026,1.676095959
4,Midwest,corn,SSP3-4.5-NF-hotter,2027,1.91803006
4,Midwest,corn,SSP3-4.5-NF-hotter,2028,2.418104244
4,Midwest,corn,SSP3-4.5-NF-hotter,2029,1.998020901
4,Midwest,corn,SSP3-4.5-NF-hotter,2030,1.855052597
4,Midwest,corn,SSP3-4.5-NF-hotter,2031,1.949654971
4,Midwest,corn,SSP3-4.5-NF-hotter,2032,1.88099334
4,Midwest,corn,SSP3-4.5-NF-hotter,2033,1.76072082
4,Midwest,corn,SSP3-4.5-NF-hotter,2034,1.628197782
4,Midwest,corn,SSP3-4.5-NF-hotter,2035,2.029963014
4,Midwest,corn,SSP3-4.5-NF-hotter,2036,2.06779712
4,Midwest,corn,SSP3-4.5-NF-hotter,2037,2.051117605
4,Midwest,corn,SSP3-4.5-NF-hotter,2038,1.93553782
4,Midwest,corn,SSP3-4.5-NF-hotter,2039,2.108378693
4,Midwest,corn,SSP3-4.5-NF-hotter,2040,2.645960259
4,Midwest,corn,SSP3-4.5-NF-hotter,2041,2.320061331
4,Midwest,corn,SSP3-4.5-NF-hotter,2042,2.137032693
4,Midwest,corn,SSP3-4.5-NF-hotter,2043,2.294208254
4,Midwest,corn,SSP3-4.5-NF-hotter,2044,2.346159784
4,Midwest,corn,SSP3-4.5-NF-hotter,2045,2.429196077
4,Midwest,corn,SSP3-4.5-NF-hotter,2046,2.440134226
4,Midwest,corn,SSP3-4.5-NF-hotter,2047,2.093324674
4,Midwest,corn,SSP3-4.5-NF-hotter,2048,1.988206928
4,Midwest,corn,SSP3-4.5-NF-hotter,2049,1.850303884
4,Midwest,corn,SSP3-4.5-NF-hotter,2050,1.689057392
4,Midwest,corn,SSP3-4.5-NF-hotter,2051,1.94115225
4,Midwest,corn,SSP3-4.5-NF-hotter,2052,2.657959287
4,Midwest,corn,SSP3-4.5-NF-hotter,2053,2.05614318
4,Midwest,corn,SSP3-4.5-NF-hotter,2054,2.334355363
4,Midwest,corn,SSP3-4.5-NF-hotter,2055,1.860592428
4,Midwest,corn,RCP4.5-NF-cooler,2021,2.40488726
4,Midwest,corn,RCP4.5-NF-cooler,2022,1.817355791
4,Midwest,corn,RCP4.5-NF-cooler,2023,2.056636671
4,Midwest,corn,RCP4.5-NF-cooler,2024,1.548931419
4,Midwest,corn,RCP4.5-NF-cooler,2025,1.444923473
4,Midwest,corn,RCP4.5-NF-cooler,2026,1.796656977
4,Midwest,corn,RCP4.5-NF-cooler,2027,1.847398991
4,Midwest,corn,RCP4.5-NF-cooler,2028,2.272994918
4,Midwest,corn,RCP4.5-NF-cooler,2029,1.67432245
4,Midwest,corn,RCP4.5-NF-cooler,2030,1.544847163
4,Midwest,corn,RCP4.5-NF-cooler,2031,1.758435339
4,Midwest,corn,RCP4.5-NF-cooler,2032,1.459583376
4,Midwest,corn,RCP4.5-NF-cooler,2033,1.758372546
4,Midwest,corn,RCP4.5-NF-cooler,2034,1.459316031
4,Midwest,corn,RCP4.5-NF-cooler,2035,1.811584774
4,Midwest,corn,RCP4.5-NF-cooler,2036,1.559030028
4,Midwest,corn,RCP4.5-NF-cooler,2037,1.53026812
4,Midwest,corn,RCP4.5-NF-cooler,2038,1.807713612
4,Midwest,corn,RCP4.5-NF-cooler,2039,1.817179304
4,Midwest,corn,RCP4.5-NF-cooler,2040,2.145271293
4,Midwest,corn,RCP4.5-NF-cooler,2041,1.996662115
4,Midwest,corn,RCP4.5-NF-cooler,2042,1.474094657
4,Midwest,corn,RCP4.5-NF-cooler,2043,2.077042398
4,Midwest,corn,RCP4.5-NF-cooler,2044,1.827737304
4,Midwest,corn,RCP4.5-NF-cooler,2045,1.69391787
4,Midwest,corn,RCP4.5-NF-cooler,2046,1.791874873
4,Midwest,corn,RCP4.5-NF-cooler,2047,1.532616539
4,Midwest,corn,RCP4.5-NF-cooler,2048,1.264352604
4,Midwest,corn,RCP4.5-NF-cooler,2049,1.292511269
4,Midwest,corn,RCP4.5-NF-cooler,2050,1.711226844
4,Midwest,corn,RCP4.5-NF-cooler,2051,1.482869636
4,Midwest,corn,RCP4.5-NF-cooler,2052,2.487933346
4,Midwest,corn,RCP4.5-NF-cooler,2053,1.628375316
4,Midwest,corn,RCP4.5-NF-cooler,2054,1.498730429
4,Midwest,corn,RCP4.5-NF-cooler,2055,1.546990858
4,Midwest,corn,RCP4.5-NF-hotter,2021,2.293870181
4,Midwest,corn,RCP4.5-NF-hotter,2022,1.906470154
4,Midwest,corn,RCP4.5-NF-hotter,2023,1.802396994
4,Midwest,corn,RCP4.5-NF-hotter,2024,1.427775055
4,Midwest,corn,RCP4.5-NF-hotter,2025,1.476395754
4,Midwest,corn,RCP4.5-NF-hotter,2026,1.810614811
4,Midwest,corn,RCP4.5-NF-hotter,2027,1.959227732
4,Midwest,corn,RCP4.5-NF-hotter,2028,2.329171219
4,Midwest,corn,RCP4.5-NF-hotter,2029,1.849278027
4,Midwest,corn,RCP4.5-NF-hotter,2030,1.842293599
4,Midwest,corn,RCP4.5-NF-hotter,2031,1.846211815
4,Midwest,corn,RCP4.5-NF-hotter,2032,1.856012851
4,Midwest,corn,RCP4.5-NF-hotter,2033,1.714787458
4,Midwest,corn,RCP4.5-NF-hotter,2034,1.411908448
4,Midwest,corn,RCP4.5-NF-hotter,2035,2.058719577
4,Midwest,corn,RCP4.5-NF-hotter,2036,1.654212096
4,Midwest,corn,RCP4.5-NF-hotter,2037,1.555942044
4,Midwest,corn,RCP4.5-NF-hotter,2038,1.963675487
4,Midwest,corn,RCP4.5-NF-hotter,2039,2.184198442
4,Midwest,corn,RCP4.5-NF-hotter,2040,2.546150464
4,Midwest,corn,RCP4.5-NF-hotter,2041,2.251457294
4,Midwest,corn,RCP4.5-NF-hotter,2042,1.814604636
4,Midwest,corn,RCP4.5-NF-hotter,2043,2.159372874
4,Midwest,corn,RCP4.5-NF-hotter,2044,2.19554753
4,Midwest,corn,RCP4.5-NF-hotter,2045,2.281373716
4,Midwest,corn,RCP4.5-NF-hotter,2046,2.234973089
4,Midwest,corn,RCP4.5-NF-hotter,2047,1.882287495
4,Midwest,corn,RCP4.5-NF-hotter,2048,1.337868364
4,Midwest,corn,RCP4.5-NF-hotter,2049,1.530338344
4,Midwest,corn,RCP4.5-NF-hotter,2050,1.633019783
4,Midwest,corn,RCP4.5-NF-hotter,2051,1.400017647
4,Midwest,corn,RCP4.5-NF-hotter,2052,2.594539687
4,Midwest,corn,RCP4.5-NF-hotter,2053,1.806685727
4,Midwest,corn,RCP4.5-NF-hotter,2054,1.695998811
4,Midwest,corn,RCP4.5-NF-hotter,2055,1.976186514
4,Midwest,corn,SSP5-8.5-NF-cooler,2021,2.186484272
4,Midwest,corn,SSP5-8.5-NF-cooler,2022,1.888197726
4,Midwest,corn,SSP5-8.5-NF-cooler,2023,1.95735437
4,Midwest,corn,SSP5-8.5-NF-cooler,2024,1.83480516
4,Midwest,corn,SSP5-8.5-NF-cooler,2025,1.440034401
4,Midwest,corn,SSP5-8.5-NF-cooler,2026,1.698239818
4,Midwest,corn,SSP5-8.5-NF-cooler,2027,1.814262171
4,Midwest,corn,SSP5-8.5-NF-cooler,2028,2.320446235
4,Midwest,corn,SSP5-8.5-NF-cooler,2029,1.853941968
4,Midwest,corn,SSP5-8.5-NF-cooler,2030,1.795898895
4,Midwest,corn,SSP5-8.5-NF-cooler,2031,1.731260707
4,Midwest,corn,SSP5-8.5-NF-cooler,2032,1.733274872
4,Midwest,corn,SSP5-8.5-NF-cooler,2033,1.810352249
4,Midwest,corn,SSP5-8.5-NF-cooler,2034,1.530913913
4,Midwest,corn,SSP5-8.5-NF-cooler,2035,1.785119986
4,Midwest,corn,SSP5-8.5-NF-cooler,2036,1.969115521
4,Midwest,corn,SSP5-8.5-NF-cooler,2037,1.715526147
4,Midwest,corn,SSP5-8.5-NF-cooler,2038,1.703796472
4,Midwest,corn,SSP5-8.5-NF-cooler,2039,1.795250608
4,Midwest,corn,SSP5-8.5-NF-cooler,2040,2.438063573
4,Midwest,corn,SSP5-8.5-NF-cooler,2041,2.207400678
4,Midwest,corn,SSP5-8.5-NF-cooler,2042,1.931062688
4,Midwest,corn,SSP5-8.5-NF-cooler,2043,2.246282832
4,Midwest,corn,SSP5-8.5-NF-cooler,2044,2.111847341
4,Midwest,corn,SSP5-8.5-NF-cooler,2045,2.244893053
4,Midwest,corn,SSP5-8.5-NF-cooler,2046,2.37259934
4,Midwest,corn,SSP5-8.5-NF-cooler,2047,1.909504502
4,Midwest,corn,SSP5-8.5-NF-cooler,2048,1.854126934
4,Midwest,corn,SSP5-8.5-NF-cooler,2049,1.889459799
4,Midwest,corn,SSP5-8.5-NF-cooler,2050,1.660276176
4,Midwest,corn,SSP5-8.5-NF-cooler,2051,1.993963077
4,Midwest,corn,SSP5-8.5-NF-cooler,2052,2.764486879
4,Midwest,corn,SSP5-8.5-NF-cooler,2053,2.026483236
4,Midwest,corn,SSP5-8.5-NF-cooler,2054,2.120781576
4,Midwest,corn,SSP5-8.5-NF-cooler,2055,2.003816038
4,Midwest,corn,SSP5-8.5-NF-hotter,2021,2.295968242
4,Midwest,corn,SSP5-8.5-NF-hotter,2022,1.933832063
4,Midwest,corn,SSP5-8.5-NF-hotter,2023,1.668809474
4,Midwest,corn,SSP5-8.5-NF-hotter,2024,1.691596309
4,Midwest,corn,SSP5-8.5-NF-hotter,2025,1.42664877
4,Midwest,corn,SSP5-8.5-NF-hotter,2026,1.756876498
4,Midwest,corn,SSP5-8.5-NF-hotter,2027,2.146213445
4,Midwest,corn,SSP5-8.5-NF-hotter,2028,2.428052948
4,Midwest,corn,SSP5-8.5-NF-hotter,2029,2.052445495
4,Midwest,corn,SSP5-8.5-NF-hotter,2030,1.651563656
4,Midwest,corn,SSP5-8.5-NF-hotter,2031,1.809832231
4,Midwest,corn,SSP5-8.5-NF-hotter,2032,1.813785639
4,Midwest,corn,SSP5-8.5-NF-hotter,2033,1.844752997
4,Midwest,corn,SSP5-8.5-NF-hotter,2034,1.557533543
4,Midwest,corn,SSP5-8.5-NF-hotter,2035,1.853433942
4,Midwest,corn,SSP5-8.5-NF-hotter,2036,2.035190537
4,Midwest,corn,SSP5-8.5-NF-hotter,2037,1.918266799
4,Midwest,corn,SSP5-8.5-NF-hotter,2038,1.913008325
4,Midwest,corn,SSP5-8.5-NF-hotter,2039,2.001814793
4,Midwest,corn,SSP5-8.5-NF-hotter,2040,2.691771238
4,Midwest,corn,SSP5-8.5-NF-hotter,2041,2.431960542
4,Midwest,corn,SSP5-8.5-NF-hotter,2042,2.226062711
4,Midwest,corn,SSP5-8.5-NF-hotter,2043,2.431736351
4,Midwest,corn,SSP5-8.5-NF-hotter,2044,2.423992414
4,Midwest,corn,SSP5-8.5-NF-hotter,2045,2.570300984
4,Midwest,corn,SSP5-8.5-NF-hotter,2046,2.521626558
4,Midwest,corn,SSP5-8.5-NF-hotter,2047,2.271241873
4,Midwest,corn,SSP5-8.5-NF-hotter,2048,2.113802698
4,Midwest,corn,SSP5-8.5-NF-hotter,2049,1.941664184
4,Midwest,corn,SSP5-8.5-NF-hotter,2050,1.879874988
4,Midwest,corn,SSP5-8.5-NF-hotter,2051,1.976751703
4,Midwest,corn,SSP5-8.5-NF-hotter,2052,2.8209178
4,Midwest,corn,SSP5-8.5-NF-hotter,2053,2.192139592
4,Midwest,corn,SSP5-8.5-NF-hotter,2054,2.149992928
4,Midwest,corn,SSP5-8.5-NF-hotter,2055,1.845748962
4,Midwest,corn,RCP8.5-NF-cooler,2021,2.164977143
4,Midwest,corn,RCP8.5-NF-cooler,2022,1.725262938
4,Midwest,corn,RCP8.5-NF-cooler,2023,1.694708219
4,Midwest,corn,RCP8.5-NF-cooler,2024,1.524752696
4,Midwest,corn,RCP8.5-NF-cooler,2025,1.511928293
4,Midwest,corn,RCP8.5-NF-cooler,2026,1.80916222
4,Midwest,corn,RCP8.5-NF-cooler,2027,1.887971458
4,Midwest,corn,RCP8.5-NF-cooler,2028,2.273733273
4,Midwest,corn,RCP8.5-NF-cooler,2029,1.7365826
4,Midwest,corn,RCP8.5-NF-cooler,2030,1.834030449
4,Midwest,corn,RCP8.5-NF-cooler,2031,1.691837195
4,Midwest,corn,RCP8.5-NF-cooler,2032,1.753908586
4,Midwest,corn,RCP8.5-NF-cooler,2033,1.707272696
4,Midwest,corn,RCP8.5-NF-cooler,2034,1.422376714
4,Midwest,corn,RCP8.5-NF-cooler,2035,1.765230028
4,Midwest,corn,RCP8.5-NF-cooler,2036,1.608502066
4,Midwest,corn,RCP8.5-NF-cooler,2037,1.363544183
4,Midwest,corn,RCP8.5-NF-cooler,2038,1.670772589
4,Midwest,corn,RCP8.5-NF-cooler,2039,1.805014616
4,Midwest,corn,RCP8.5-NF-cooler,2040,2.319020523
4,Midwest,corn,RCP8.5-NF-cooler,2041,2.02542474
4,Midwest,corn,RCP8.5-NF-cooler,2042,1.649675318
4,Midwest,corn,RCP8.5-NF-cooler,2043,2.11047751
4,Midwest,corn,RCP8.5-NF-cooler,2044,2.072834631
4,Midwest,corn,RCP8.5-NF-cooler,2045,2.013866357
4,Midwest,corn,RCP8.5-NF-cooler,2046,2.154891905
4,Midwest,corn,RCP8.5-NF-cooler,2047,1.636891283
4,Midwest,corn,RCP8.5-NF-cooler,2048,1.393310986
4,Midwest,corn,RCP8.5-NF-cooler,2049,1.520393312
4,Midwest,corn,RCP8.5-NF-cooler,2050,1.602975484
4,Midwest,corn,RCP8.5-NF-cooler,2051,1.5691377
4,Midwest,corn,RCP8.5-NF-cooler,2052,2.717214691
4,Midwest,corn,RCP8.5-NF-cooler,2053,1.723158398
4,Midwest,corn,RCP8.5-NF-cooler,2054,1.612557166
4,Midwest,corn,RCP8.5-NF-cooler,2055,2.140775819
4,Midwest,corn,RCP8.5-NF-hotter,2021,2.292640526
4,Midwest,corn,RCP8.5-NF-hotter,2022,1.711272218
4,Midwest,corn,RCP8.5-NF-hotter,2023,1.404064348
4,Midwest,corn,RCP8.5-NF-hotter,2024,1.426298444
4,Midwest,corn,RCP8.5-NF-hotter,2025,1.422289265
4,Midwest,corn,RCP8.5-NF-hotter,2026,1.746950599
4,Midwest,corn,RCP8.5-NF-hotter,2027,2.162455001
4,Midwest,corn,RCP8.5-NF-hotter,2028,2.375459182
4,Midwest,corn,RCP8.5-NF-hotter,2029,1.909272307
4,Midwest,corn,RCP8.5-NF-hotter,2030,1.728668393
4,Midwest,corn,RCP8.5-NF-hotter,2031,1.684928064
4,Midwest,corn,RCP8.5-NF-hotter,2032,1.794090935
4,Midwest,corn,RCP8.5-NF-hotter,2033,1.869536646
4,Midwest,corn,RCP8.5-NF-hotter,2034,1.384151966
4,Midwest,corn,RCP8.5-NF-hotter,2035,1.901552916
4,Midwest,corn,RCP8.5-NF-hotter,2036,1.810598983
4,Midwest,corn,RCP8.5-NF-hotter,2037,1.433350175
4,Midwest,corn,RCP8.5-NF-hotter,2038,1.878741666
4,Midwest,corn,RCP8.5-NF-hotter,2039,2.021403077
4,Midwest,corn,RCP8.5-NF-hotter,2040,2.569907775
4,Midwest,corn,RCP8.5-NF-hotter,2041,2.337255614
4,Midwest,corn,RCP8.5-NF-hotter,2042,1.987271234
4,Midwest,corn,RCP8.5-NF-hotter,2043,2.321512665
4,Midwest,corn,RCP8.5-NF-hotter,2044,2.268337505
4,Midwest,corn,RCP8.5-NF-hotter,2045,2.451673038
4,Midwest,corn,RCP8.5-NF-hotter,2046,2.438386366
4,Midwest,corn,RCP8.5-NF-hotter,2047,2.031887433
4,Midwest,corn,RCP8.5-NF-hotter,2048,1.474355698
4,Midwest,corn,RCP8.5-NF-hotter,2049,1.634218735
4,Midwest,corn,RCP8.5-NF-hotter,2050,1.942485768
4,Midwest,corn,RCP8.5-NF-hotter,2051,1.455606913
4,Midwest,corn,RCP8.5-NF-hotter,2052,2.703779402
4,Midwest,corn,RCP8.5-NF-hotter,2053,1.977963547
4,Midwest,corn,RCP8.5-NF-hotter,2054,1.581142413
4,Midwest,corn,RCP8.5-NF-hotter,2055,1.924548018
5,N. Great Plains,corn,SSP3-4.5-NF-cooler,2021,2.543172405
5,N. Great Plains,corn,SSP3-4.5-NF-cooler,2022,1.974848282
5,N. Great Plains,corn,SSP3-4.5-NF-cooler,2023,2.06227474
5,N. Great Plains,corn,SSP3-4.5-NF-cooler,2024,1.998195084
5,N. Great Plains,corn,SSP3-4.5-NF-cooler,2025,2.097934785
5,N. Great Plains,corn,SSP3-4.5-NF-cooler,2026,1.78021116
5,N. Great Plains,corn,SSP3-4.5-NF-cooler,2027,1.967518966
5,N. Great Plains,corn,SSP3-4.5-NF-cooler,2028,2.332455085
5,N. Great Plains,corn,SSP3-4.5-NF-cooler,2029,2.475006262
5,N. Great Plains,corn,SSP3-4.5-NF-cooler,2030,2.224086615
5,N. Great Plains,corn,SSP3-4.5-NF-cooler,2031,2.185735994
5,N. Great Plains,corn,SSP3-4.5-NF-cooler,2032,2.112055372
5,N. Great Plains,corn,SSP3-4.5-NF-cooler,2033,1.852818655
5,N. Great Plains,corn,SSP3-4.5-NF-cooler,2034,2.211609279
5,N. Great Plains,corn,SSP3-4.5-NF-cooler,2035,2.009772466
5,N. Great Plains,corn,SSP3-4.5-NF-cooler,2036,2.310471775
5,N. Great Plains,corn,SSP3-4.5-NF-cooler,2037,2.058650956
5,N. Great Plains,corn,SSP3-4.5-NF-cooler,2038,2.134833062
5,N. Great Plains,corn,SSP3-4.5-NF-cooler,2039,2.039740697
5,N. Great Plains,corn,SSP3-4.5-NF-cooler,2040,2.657966114
5,N. Great Plains,corn,SSP3-4.5-NF-cooler,2041,2.16241436
5,N. Great Plains,corn,SSP3-4.5-NF-cooler,2042,2.587167828
5,N. Great Plains,corn,SSP3-4.5-NF-cooler,2043,2.545840801
5,N. Great Plains,corn,SSP3-4.5-NF-cooler,2044,2.599803137
5,N. Great Plains,corn,SSP3-4.5-NF-cooler,2045,2.196583622
5,N. Great Plains,corn,SSP3-4.5-NF-cooler,2046,2.770821026
5,N. Great Plains,corn,SSP3-4.5-NF-cooler,2047,2.242248601
5,N. Great Plains,corn,SSP3-4.5-NF-cooler,2048,2.29779061
5,N. Great Plains,corn,SSP3-4.5-NF-cooler,2049,2.031721405
5,N. Great Plains,corn,SSP3-4.5-NF-cooler,2050,1.961790348
5,N. Great Plains,corn,SSP3-4.5-NF-cooler,2051,2.254184425
5,N. Great Plains,corn,SSP3-4.5-NF-cooler,2052,2.665456934
5,N. Great Plains,corn,SSP3-4.5-NF-cooler,2053,2.66527068
5,N. Great Plains,corn,SSP3-4.5-NF-cooler,2054,2.416351137
5,N. Great Plains,corn,SSP3-4.5-NF-cooler,2055,2.148888705
5,N. Great Plains,corn,SSP3-4.5-NF-hotter,2021,2.544852264
5,N. Great Plains,corn,SSP3-4.5-NF-hotter,2022,1.936461804
5,N. Great Plains,corn,SSP3-4.5-NF-hotter,2023,2.080909593
5,N. Great Plains,corn,SSP3-4.5-NF-hotter,2024,1.94010261
5,N. Great Plains,corn,SSP3-4.5-NF-hotter,2025,2.042711726
5,N. Great Plains,corn,SSP3-4.5-NF-hotter,2026,1.758860573
5,N. Great Plains,corn,SSP3-4.5-NF-hotter,2027,1.871247715
5,N. Great Plains,corn,SSP3-4.5-NF-hotter,2028,2.383869423
5,N. Great Plains,corn,SSP3-4.5-NF-hotter,2029,2.594410631
5,N. Great Plains,corn,SSP3-4.5-NF-hotter,2030,2.213009764
5,N. Great Plains,corn,SSP3-4.5-NF-hotter,2031,2.329599083
5,N. Great Plains,corn,SSP3-4.5-NF-hotter,2032,2.161687983
5,N. Great Plains,corn,SSP3-4.5-NF-hotter,2033,1.866170185
5,N. Great Plains,corn,SSP3-4.5-NF-hotter,2034,2.210449862
5,N. Great Plains,corn,SSP3-4.5-NF-hotter,2035,1.938949478
5,N. Great Plains,corn,SSP3-4.5-NF-hotter,2036,2.455632198
5,N. Great Plains,corn,SSP3-4.5-NF-hotter,2037,2.102671514
5,N. Great Plains,corn,SSP3-4.5-NF-hotter,2038,2.306703104
5,N. Great Plains,corn,SSP3-4.5-NF-hotter,2039,2.086482397
5,N. Great Plains,corn,SSP3-4.5-NF-hotter,2040,2.820253199
5,N. Great Plains,corn,SSP3-4.5-NF-hotter,2041,2.384962864
5,N. Great Plains,corn,SSP3-4.5-NF-hotter,2042,2.709289584
5,N. Great Plains,corn,SSP3-4.5-NF-hotter,2043,2.425376758
5,N. Great Plains,corn,SSP3-4.5-NF-hotter,2044,2.744223811
5,N. Great Plains,corn,SSP3-4.5-NF-hotter,2045,2.474085619
5,N. Great Plains,corn,SSP3-4.5-NF-hotter,2046,2.882137153
5,N. Great Plains,corn,SSP3-4.5-NF-hotter,2047,2.281338572
5,N. Great Plains,corn,SSP3-4.5-NF-hotter,2048,2.297895608
5,N. Great Plains,corn,SSP3-4.5-NF-hotter,2049,2.011325568
5,N. Great Plains,corn,SSP3-4.5-NF-hotter,2050,1.868092409
5,N. Great Plains,corn,SSP3-4.5-NF-hotter,2051,2.351730005
5,N. Great Plains,corn,SSP3-4.5-NF-hotter,2052,2.726675985
5,N. Great Plains,corn,SSP3-4.5-NF-hotter,2053,2.600427673
5,N. Great Plains,corn,SSP3-4.5-NF-hotter,2054,2.249114298
5,N. Great Plains,corn,SSP3-4.5-NF-hotter,2055,1.909573845
5,N. Great Plains,corn,RCP4.5-NF-cooler,2021,2.298161071
5,N. Great Plains,corn,RCP4.5-NF-cooler,2022,1.407348886
5,N. Great Plains,corn,RCP4.5-NF-cooler,2023,1.530838093
5,N. Great Plains,corn,RCP4.5-NF-cooler,2024,1.377561944
5,N. Great Plains,corn,RCP4.5-NF-cooler,2025,1.231866015
5,N. Great Plains,corn,RCP4.5-NF-cooler,2026,1.281125618
5,N. Great Plains,corn,RCP4.5-NF-cooler,2027,1.36143151
5,N. Great Plains,corn,RCP4.5-NF-cooler,2028,1.920403111
5,N. Great Plains,corn,RCP4.5-NF-cooler,2029,1.843180157
5,N. Great Plains,corn,RCP4.5-NF-cooler,2030,1.376051682
5,N. Great Plains,corn,RCP4.5-NF-cooler,2031,1.444615908
5,N. Great Plains,corn,RCP4.5-NF-cooler,2032,1.67306207
5,N. Great Plains,corn,RCP4.5-NF-cooler,2033,1.610706851
5,N. Great Plains,corn,RCP4.5-NF-cooler,2034,1.54886767
5,N. Great Plains,corn,RCP4.5-NF-cooler,2035,1.172768487
5,N. Great Plains,corn,RCP4.5-NF-cooler,2036,1.471113018
5,N. Great Plains,corn,RCP4.5-NF-cooler,2037,1.318796923
5,N. Great Plains,corn,RCP4.5-NF-cooler,2038,1.515433351
5,N. Great Plains,corn,RCP4.5-NF-cooler,2039,1.163145498
5,N. Great Plains,corn,RCP4.5-NF-cooler,2040,2.114807607
5,N. Great Plains,corn,RCP4.5-NF-cooler,2041,1.509793493
5,N. Great Plains,corn,RCP4.5-NF-cooler,2042,1.813879862
5,N. Great Plains,corn,RCP4.5-NF-cooler,2043,2.221842598
5,N. Great Plains,corn,RCP4.5-NF-cooler,2044,2.031666746
5,N. Great Plains,corn,RCP4.5-NF-cooler,2045,1.469526692
5,N. Great Plains,corn,RCP4.5-NF-cooler,2046,2.09392518
5,N. Great Plains,corn,RCP4.5-NF-cooler,2047,1.444246788
5,N. Great Plains,corn,RCP4.5-NF-cooler,2048,1.488777216
5,N. Great Plains,corn,RCP4.5-NF-cooler,2049,1.19392225
5,N. Great Plains,corn,RCP4.5-NF-cooler,2050,1.393400168
5,N. Great Plains,corn,RCP4.5-NF-cooler,2051,1.434804674
5,N. Great Plains,corn,RCP4.5-NF-cooler,2052,2.109100685
5,N. Great Plains,corn,RCP4.5-NF-cooler,2053,1.946830425
5,N. Great Plains,corn,RCP4.5-NF-cooler,2054,1.689895526
5,N. Great Plains,corn,RCP4.5-NF-cooler,2055,1.856798416
5,N. Great Plains,corn,RCP4.5-NF-hotter,2021,2.269290356
5,N. Great Plains,corn,RCP4.5-NF-hotter,2022,1.192492572
5,N. Great Plains,corn,RCP4.5-NF-hotter,2023,1.310037638
5,N. Great Plains,corn,RCP4.5-NF-hotter,2024,1.663082617
5,N. Great Plains,corn,RCP4.5-NF-hotter,2025,1.247874573
5,N. Great Plains,corn,RCP4.5-NF-hotter,2026,1.485125204
5,N. Great Plains,corn,RCP4.5-NF-hotter,2027,1.374233568
5,N. Great Plains,corn,RCP4.5-NF-hotter,2028,2.1463581
5,N. Great Plains,corn,RCP4.5-NF-hotter,2029,2.124003026
5,N. Great Plains,corn,RCP4.5-NF-hotter,2030,1.669831905
5,N. Great Plains,corn,RCP4.5-NF-hotter,2031,1.653478665
5,N. Great Plains,corn,RCP4.5-NF-hotter,2032,1.885016462
5,N. Great Plains,corn,RCP4.5-NF-hotter,2033,2.176314836
5,N. Great Plains,corn,RCP4.5-NF-hotter,2034,1.537811966
5,N. Great Plains,corn,RCP4.5-NF-hotter,2035,1.36852386
5,N. Great Plains,corn,RCP4.5-NF-hotter,2036,1.423131213
5,N. Great Plains,corn,RCP4.5-NF-hotter,2037,1.481508455
5,N. Great Plains,corn,RCP4.5-NF-hotter,2038,1.66837115
5,N. Great Plains,corn,RCP4.5-NF-hotter,2039,1.263012194
5,N. Great Plains,corn,RCP4.5-NF-hotter,2040,2.577040106
5,N. Great Plains,corn,RCP4.5-NF-hotter,2041,1.543920545
5,N. Great Plains,corn,RCP4.5-NF-hotter,2042,2.005021727
5,N. Great Plains,corn,RCP4.5-NF-hotter,2043,1.963432387
5,N. Great Plains,corn,RCP4.5-NF-hotter,2044,2.237106526
5,N. Great Plains,corn,RCP4.5-NF-hotter,2045,2.093497895
5,N. Great Plains,corn,RCP4.5-NF-hotter,2046,2.508894172
5,N. Great Plains,corn,RCP4.5-NF-hotter,2047,1.665354217
5,N. Great Plains,corn,RCP4.5-NF-hotter,2048,1.42539334
5,N. Great Plains,corn,RCP4.5-NF-hotter,2049,1.252815492
5,N. Great Plains,corn,RCP4.5-NF-hotter,2050,1.318746672
5,N. Great Plains,corn,RCP4.5-NF-hotter,2051,1.513465715
5,N. Great Plains,corn,RCP4.5-NF-hotter,2052,2.077703353
5,N. Great Plains,corn,RCP4.5-NF-hotter,2053,1.828558039
5,N. Great Plains,corn,RCP4.5-NF-hotter,2054,1.54523309
5,N. Great Plains,corn,RCP4.5-NF-hotter,2055,1.782061497
5,N. Great Plains,corn,SSP5-8.5-NF-cooler,2021,2.503419236
5,N. Great Plains,corn,SSP5-8.5-NF-cooler,2022,2.018834899
5,N. Great Plains,corn,SSP5-8.5-NF-cooler,2023,2.057186343
5,N. Great Plains,corn,SSP5-8.5-NF-cooler,2024,1.990622142
5,N. Great Plains,corn,SSP5-8.5-NF-cooler,2025,2.053829367
5,N. Great Plains,corn,SSP5-8.5-NF-cooler,2026,1.873149871
5,N. Great Plains,corn,SSP5-8.5-NF-cooler,2027,1.852230569
5,N. Great Plains,corn,SSP5-8.5-NF-cooler,2028,2.271848866
5,N. Great Plains,corn,SSP5-8.5-NF-cooler,2029,2.431745943
5,N. Great Plains,corn,SSP5-8.5-NF-cooler,2030,2.019074264
5,N. Great Plains,corn,SSP5-8.5-NF-cooler,2031,2.18656282
5,N. Great Plains,corn,SSP5-8.5-NF-cooler,2032,2.066012928
5,N. Great Plains,corn,SSP5-8.5-NF-cooler,2033,1.718069151
5,N. Great Plains,corn,SSP5-8.5-NF-cooler,2034,2.125169342
5,N. Great Plains,corn,SSP5-8.5-NF-cooler,2035,1.863175313
5,N. Great Plains,corn,SSP5-8.5-NF-cooler,2036,2.338774925
5,N. Great Plains,corn,SSP5-8.5-NF-cooler,2037,2.087420389
5,N. Great Plains,corn,SSP5-8.5-NF-cooler,2038,2.129079509
5,N. Great Plains,corn,SSP5-8.5-NF-cooler,2039,1.965617451
5,N. Great Plains,corn,SSP5-8.5-NF-cooler,2040,2.752162987
5,N. Great Plains,corn,SSP5-8.5-NF-cooler,2041,2.265576301
5,N. Great Plains,corn,SSP5-8.5-NF-cooler,2042,2.674089193
5,N. Great Plains,corn,SSP5-8.5-NF-cooler,2043,2.427339025
5,N. Great Plains,corn,SSP5-8.5-NF-cooler,2044,2.677367197
5,N. Great Plains,corn,SSP5-8.5-NF-cooler,2045,2.384899277
5,N. Great Plains,corn,SSP5-8.5-NF-cooler,2046,2.851505004
5,N. Great Plains,corn,SSP5-8.5-NF-cooler,2047,2.225374843
5,N. Great Plains,corn,SSP5-8.5-NF-cooler,2048,2.173593762
5,N. Great Plains,corn,SSP5-8.5-NF-cooler,2049,2.092425746
5,N. Great Plains,corn,SSP5-8.5-NF-cooler,2050,1.824536153
5,N. Great Plains,corn,SSP5-8.5-NF-cooler,2051,2.181587881
5,N. Great Plains,corn,SSP5-8.5-NF-cooler,2052,2.761460617
5,N. Great Plains,corn,SSP5-8.5-NF-cooler,2053,2.636400789
5,N. Great Plains,corn,SSP5-8.5-NF-cooler,2054,2.388044191
5,N. Great Plains,corn,SSP5-8.5-NF-cooler,2055,2.202678097
5,N. Great Plains,corn,SSP5-8.5-NF-hotter,2021,2.493371986
5,N. Great Plains,corn,SSP5-8.5-NF-hotter,2022,2.00012355
5,N. Great Plains,corn,SSP5-8.5-NF-hotter,2023,1.974489141
5,N. Great Plains,corn,SSP5-8.5-NF-hotter,2024,1.994350642
5,N. Great Plains,corn,SSP5-8.5-NF-hotter,2025,1.918309355
5,N. Great Plains,corn,SSP5-8.5-NF-hotter,2026,1.895178633
5,N. Great Plains,corn,SSP5-8.5-NF-hotter,2027,1.874743
5,N. Great Plains,corn,SSP5-8.5-NF-hotter,2028,2.37213505
5,N. Great Plains,corn,SSP5-8.5-NF-hotter,2029,2.521809294
5,N. Great Plains,corn,SSP5-8.5-NF-hotter,2030,2.118361194
5,N. Great Plains,corn,SSP5-8.5-NF-hotter,2031,2.237720762
5,N. Great Plains,corn,SSP5-8.5-NF-hotter,2032,2.150179327
5,N. Great Plains,corn,SSP5-8.5-NF-hotter,2033,1.890512567
5,N. Great Plains,corn,SSP5-8.5-NF-hotter,2034,2.099924114
5,N. Great Plains,corn,SSP5-8.5-NF-hotter,2035,1.935957784
5,N. Great Plains,corn,SSP5-8.5-NF-hotter,2036,2.341074626
5,N. Great Plains,corn,SSP5-8.5-NF-hotter,2037,2.100274652
5,N. Great Plains,corn,SSP5-8.5-NF-hotter,2038,2.241981341
5,N. Great Plains,corn,SSP5-8.5-NF-hotter,2039,2.121519562
5,N. Great Plains,corn,SSP5-8.5-NF-hotter,2040,2.863740024
5,N. Great Plains,corn,SSP5-8.5-NF-hotter,2041,2.390722697
5,N. Great Plains,corn,SSP5-8.5-NF-hotter,2042,2.739132068
5,N. Great Plains,corn,SSP5-8.5-NF-hotter,2043,2.49423522
5,N. Great Plains,corn,SSP5-8.5-NF-hotter,2044,2.830678583
5,N. Great Plains,corn,SSP5-8.5-NF-hotter,2045,2.57186325
5,N. Great Plains,corn,SSP5-8.5-NF-hotter,2046,2.904420446
5,N. Great Plains,corn,SSP5-8.5-NF-hotter,2047,2.400671871
5,N. Great Plains,corn,SSP5-8.5-NF-hotter,2048,2.322116993
5,N. Great Plains,corn,SSP5-8.5-NF-hotter,2049,2.156561866
5,N. Great Plains,corn,SSP5-8.5-NF-hotter,2050,1.723175832
5,N. Great Plains,corn,SSP5-8.5-NF-hotter,2051,2.196205579
5,N. Great Plains,corn,SSP5-8.5-NF-hotter,2052,2.769738701
5,N. Great Plains,corn,SSP5-8.5-NF-hotter,2053,2.627380288
5,N. Great Plains,corn,SSP5-8.5-NF-hotter,2054,2.302960878
5,N. Great Plains,corn,SSP5-8.5-NF-hotter,2055,2.074799769
5,N. Great Plains,corn,RCP8.5-NF-cooler,2021,2.250629749
5,N. Great Plains,corn,RCP8.5-NF-cooler,2022,1.373831207
5,N. Great Plains,corn,RCP8.5-NF-cooler,2023,1.49683896
5,N. Great Plains,corn,RCP8.5-NF-cooler,2024,1.663417658
5,N. Great Plains,corn,RCP8.5-NF-cooler,2025,1.232559691
5,N. Great Plains,corn,RCP8.5-NF-cooler,2026,1.281213442
5,N. Great Plains,corn,RCP8.5-NF-cooler,2027,1.486885045
5,N. Great Plains,corn,RCP8.5-NF-cooler,2028,1.891724464
5,N. Great Plains,corn,RCP8.5-NF-cooler,2029,1.93307343
5,N. Great Plains,corn,RCP8.5-NF-cooler,2030,1.349611176
5,N. Great Plains,corn,RCP8.5-NF-cooler,2031,1.420163797
5,N. Great Plains,corn,RCP8.5-NF-cooler,2032,1.78549354
5,N. Great Plains,corn,RCP8.5-NF-cooler,2033,1.757993401
5,N. Great Plains,corn,RCP8.5-NF-cooler,2034,1.535700393
5,N. Great Plains,corn,RCP8.5-NF-cooler,2035,1.526776554
5,N. Great Plains,corn,RCP8.5-NF-cooler,2036,1.486741303
5,N. Great Plains,corn,RCP8.5-NF-cooler,2037,1.42521925
5,N. Great Plains,corn,RCP8.5-NF-cooler,2038,1.543123377
5,N. Great Plains,corn,RCP8.5-NF-cooler,2039,1.152028313
5,N. Great Plains,corn,RCP8.5-NF-cooler,2040,2.32465317
5,N. Great Plains,corn,RCP8.5-NF-cooler,2041,1.454397174
5,N. Great Plains,corn,RCP8.5-NF-cooler,2042,2.080846912
5,N. Great Plains,corn,RCP8.5-NF-cooler,2043,2.165676867
5,N. Great Plains,corn,RCP8.5-NF-cooler,2044,2.163620497
5,N. Great Plains,corn,RCP8.5-NF-cooler,2045,1.689675596
5,N. Great Plains,corn,RCP8.5-NF-cooler,2046,2.523750648
5,N. Great Plains,corn,RCP8.5-NF-cooler,2047,1.544756282
5,N. Great Plains,corn,RCP8.5-NF-cooler,2048,1.433613589
5,N. Great Plains,corn,RCP8.5-NF-cooler,2049,1.16443896
5,N. Great Plains,corn,RCP8.5-NF-cooler,2050,1.49011055
5,N. Great Plains,corn,RCP8.5-NF-cooler,2051,1.359214291
5,N. Great Plains,corn,RCP8.5-NF-cooler,2052,2.253839462
5,N. Great Plains,corn,RCP8.5-NF-cooler,2053,1.812009805
5,N. Great Plains,corn,RCP8.5-NF-cooler,2054,1.926053432
5,N. Great Plains,corn,RCP8.5-NF-cooler,2055,1.943167225
5,N. Great Plains,corn,RCP8.5-NF-hotter,2021,2.264687619
5,N. Great Plains,corn,RCP8.5-NF-hotter,2022,1.195125941
5,N. Great Plains,corn,RCP8.5-NF-hotter,2023,1.455185659
5,N. Great Plains,corn,RCP8.5-NF-hotter,2024,1.486147326
5,N. Great Plains,corn,RCP8.5-NF-hotter,2025,1.290148934
5,N. Great Plains,corn,RCP8.5-NF-hotter,2026,1.836961345
5,N. Great Plains,corn,RCP8.5-NF-hotter,2027,1.577162067
5,N. Great Plains,corn,RCP8.5-NF-hotter,2028,2.125372934
5,N. Great Plains,corn,RCP8.5-NF-hotter,2029,2.020591973
5,N. Great Plains,corn,RCP8.5-NF-hotter,2030,1.433158732
5,N. Great Plains,corn,RCP8.5-NF-hotter,2031,1.637462381
5,N. Great Plains,corn,RCP8.5-NF-hotter,2032,1.929938254
5,N. Great Plains,corn,RCP8.5-NF-hotter,2033,2.077754726
5,N. Great Plains,corn,RCP8.5-NF-hotter,2034,1.580232746
5,N. Great Plains,corn,RCP8.5-NF-hotter,2035,1.369340208
5,N. Great Plains,corn,RCP8.5-NF-hotter,2036,1.647932929
5,N. Great Plains,corn,RCP8.5-NF-hotter,2037,1.436246007
5,N. Great Plains,corn,RCP8.5-NF-hotter,2038,1.698612899
5,N. Great Plains,corn,RCP8.5-NF-hotter,2039,1.340390161
5,N. Great Plains,corn,RCP8.5-NF-hotter,2040,2.643602782
5,N. Great Plains,corn,RCP8.5-NF-hotter,2041,1.567619397
5,N. Great Plains,corn,RCP8.5-NF-hotter,2042,2.333677264
5,N. Great Plains,corn,RCP8.5-NF-hotter,2043,2.027254895
5,N. Great Plains,corn,RCP8.5-NF-hotter,2044,2.334361264
5,N. Great Plains,corn,RCP8.5-NF-hotter,2045,2.284610104
5,N. Great Plains,corn,RCP8.5-NF-hotter,2046,2.675049827
5,N. Great Plains,corn,RCP8.5-NF-hotter,2047,1.545977969
5,N. Great Plains,corn,RCP8.5-NF-hotter,2048,1.709870277
5,N. Great Plains,corn,RCP8.5-NF-hotter,2049,1.220809183
5,N. Great Plains,corn,RCP8.5-NF-hotter,2050,1.311403037
5,N. Great Plains,corn,RCP8.5-NF-hotter,2051,1.630636987
5,N. Great Plains,corn,RCP8.5-NF-hotter,2052,2.279065587
5,N. Great Plains,corn,RCP8.5-NF-hotter,2053,2.025286946
5,N. Great Plains,corn,RCP8.5-NF-hotter,2054,1.813154713
5,N. Great Plains,corn,RCP8.5-NF-hotter,2055,1.708617521
6,S. Great Plains,corn,SSP3-4.5-NF-cooler,2021,1.91953598
6,S. Great Plains,corn,SSP3-4.5-NF-cooler,2022,1.749238085
6,S. Great Plains,corn,SSP3-4.5-NF-cooler,2023,2.209340382
6,S. Great Plains,corn,SSP3-4.5-NF-cooler,2024,1.823878252
6,S. Great Plains,corn,SSP3-4.5-NF-cooler,2025,1.871638403
6,S. Great Plains,corn,SSP3-4.5-NF-cooler,2026,1.709248902
6,S. Great Plains,corn,SSP3-4.5-NF-cooler,2027,1.78613268
6,S. Great Plains,corn,SSP3-4.5-NF-cooler,2028,1.752829728
6,S. Great Plains,corn,SSP3-4.5-NF-cooler,2029,2.075280951
6,S. Great Plains,corn,SSP3-4.5-NF-cooler,2030,2.195358857
6,S. Great Plains,corn,SSP3-4.5-NF-cooler,2031,1.85077638
6,S. Great Plains,corn,SSP3-4.5-NF-cooler,2032,2.140498429
6,S. Great Plains,corn,SSP3-4.5-NF-cooler,2033,1.890726109
6,S. Great Plains,corn,SSP3-4.5-NF-cooler,2034,2.118761541
6,S. Great Plains,corn,SSP3-4.5-NF-cooler,2035,1.837195469
6,S. Great Plains,corn,SSP3-4.5-NF-cooler,2036,2.041618457
6,S. Great Plains,corn,SSP3-4.5-NF-cooler,2037,2.22369276
6,S. Great Plains,corn,SSP3-4.5-NF-cooler,2038,2.200973011
6,S. Great Plains,corn,SSP3-4.5-NF-cooler,2039,2.282349989
6,S. Great Plains,corn,SSP3-4.5-NF-cooler,2040,2.325585665
6,S. Great Plains,corn,SSP3-4.5-NF-cooler,2041,2.028374271
6,S. Great Plains,corn,SSP3-4.5-NF-cooler,2042,2.238732617
6,S. Great Plains,corn,SSP3-4.5-NF-cooler,2043,2.172267
6,S. Great Plains,corn,SSP3-4.5-NF-cooler,2044,2.276144283
6,S. Great Plains,corn,SSP3-4.5-NF-cooler,2045,2.11971241
6,S. Great Plains,corn,SSP3-4.5-NF-cooler,2046,2.120422433
6,S. Great Plains,corn,SSP3-4.5-NF-cooler,2047,2.351029089
6,S. Great Plains,corn,SSP3-4.5-NF-cooler,2048,2.19431897
6,S. Great Plains,corn,SSP3-4.5-NF-cooler,2049,2.145887219
6,S. Great Plains,corn,SSP3-4.5-NF-cooler,2050,1.918438408
6,S. Great Plains,corn,SSP3-4.5-NF-cooler,2051,2.278884267
6,S. Great Plains,corn,SSP3-4.5-NF-cooler,2052,2.484102308
6,S. Great Plains,corn,SSP3-4.5-NF-cooler,2053,2.195594239
6,S. Great Plains,corn,SSP3-4.5-NF-cooler,2054,2.381901448
6,S. Great Plains,corn,SSP3-4.5-NF-cooler,2055,2.458786143
6,S. Great Plains,corn,SSP3-4.5-NF-hotter,2021,1.902292744
6,S. Great Plains,corn,SSP3-4.5-NF-hotter,2022,1.912530355
6,S. Great Plains,corn,SSP3-4.5-NF-hotter,2023,2.180363262
6,S. Great Plains,corn,SSP3-4.5-NF-hotter,2024,1.797196312
6,S. Great Plains,corn,SSP3-4.5-NF-hotter,2025,1.910230748
6,S. Great Plains,corn,SSP3-4.5-NF-hotter,2026,1.666371968
6,S. Great Plains,corn,SSP3-4.5-NF-hotter,2027,1.685151705
6,S. Great Plains,corn,SSP3-4.5-NF-hotter,2028,1.899650998
6,S. Great Plains,corn,SSP3-4.5-NF-hotter,2029,2.169945664
6,S. Great Plains,corn,SSP3-4.5-NF-hotter,2030,2.263004143
6,S. Great Plains,corn,SSP3-4.5-NF-hotter,2031,1.924949209
6,S. Great Plains,corn,SSP3-4.5-NF-hotter,2032,2.25526761
6,S. Great Plains,corn,SSP3-4.5-NF-hotter,2033,1.808082053
6,S. Great Plains,corn,SSP3-4.5-NF-hotter,2034,2.129679893
6,S. Great Plains,corn,SSP3-4.5-NF-hotter,2035,1.735388317
6,S. Great Plains,corn,SSP3-4.5-NF-hotter,2036,2.010006212
6,S. Great Plains,corn,SSP3-4.5-NF-hotter,2037,2.268724664
6,S. Great Plains,corn,SSP3-4.5-NF-hotter,2038,2.102911979
6,S. Great Plains,corn,SSP3-4.5-NF-hotter,2039,2.162822718
6,S. Great Plains,corn,SSP3-4.5-NF-hotter,2040,2.371063224
6,S. Great Plains,corn,SSP3-4.5-NF-hotter,2041,2.16355699
6,S. Great Plains,corn,SSP3-4.5-NF-hotter,2042,2.219460323
6,S. Great Plains,corn,SSP3-4.5-NF-hotter,2043,2.209996939
6,S. Great Plains,corn,SSP3-4.5-NF-hotter,2044,2.269791251
6,S. Great Plains,corn,SSP3-4.5-NF-hotter,2045,2.276998399
6,S. Great Plains,corn,SSP3-4.5-NF-hotter,2046,2.268842136
6,S. Great Plains,corn,SSP3-4.5-NF-hotter,2047,2.242191572
6,S. Great Plains,corn,SSP3-4.5-NF-hotter,2048,2.202729418
6,S. Great Plains,corn,SSP3-4.5-NF-hotter,2049,2.114701026
6,S. Great Plains,corn,SSP3-4.5-NF-hotter,2050,1.917527182
6,S. Great Plains,corn,SSP3-4.5-NF-hotter,2051,2.141628505
6,S. Great Plains,corn,SSP3-4.5-NF-hotter,2052,2.561790213
6,S. Great Plains,corn,SSP3-4.5-NF-hotter,2053,2.299782638
6,S. Great Plains,corn,SSP3-4.5-NF-hotter,2054,2.40590667
6,S. Great Plains,corn,SSP3-4.5-NF-hotter,2055,1.753852946
6,S. Great Plains,corn,RCP4.5-NF-cooler,2021,1.737151537
6,S. Great Plains,corn,RCP4.5-NF-cooler,2022,1.277005242
6,S. Great Plains,corn,RCP4.5-NF-cooler,2023,1.542318576
6,S. Great Plains,corn,RCP4.5-NF-cooler,2024,1.436565472
6,S. Great Plains,corn,RCP4.5-NF-cooler,2025,1.485192457
6,S. Great Plains,corn,RCP4.5-NF-cooler,2026,1.461446954
6,S. Great Plains,corn,RCP4.5-NF-cooler,2027,1.366491556
6,S. Great Plains,corn,RCP4.5-NF-cooler,2028,1.545268986
6,S. Great Plains,corn,RCP4.5-NF-cooler,2029,1.986597878
6,S. Great Plains,corn,RCP4.5-NF-cooler,2030,1.638642953
6,S. Great Plains,corn,RCP4.5-NF-cooler,2031,1.808599723
6,S. Great Plains,corn,RCP4.5-NF-cooler,2032,1.706668405
6,S. Great Plains,corn,RCP4.5-NF-cooler,2033,1.464551229
6,S. Great Plains,corn,RCP4.5-NF-cooler,2034,1.718613307
6,S. Great Plains,corn,RCP4.5-NF-cooler,2035,1.580641455
6,S. Great Plains,corn,RCP4.5-NF-cooler,2036,1.827714045
6,S. Great Plains,corn,RCP4.5-NF-cooler,2037,1.622902801
6,S. Great Plains,corn,RCP4.5-NF-cooler,2038,1.448931146
6,S. Great Plains,corn,RCP4.5-NF-cooler,2039,1.556449145
6,S. Great Plains,corn,RCP4.5-NF-cooler,2040,2.018389802
6,S. Great Plains,corn,RCP4.5-NF-cooler,2041,1.428222882
6,S. Great Plains,corn,RCP4.5-NF-cooler,2042,2.058036031
6,S. Great Plains,corn,RCP4.5-NF-cooler,2043,1.808553285
6,S. Great Plains,corn,RCP4.5-NF-cooler,2044,1.861036008
6,S. Great Plains,corn,RCP4.5-NF-cooler,2045,1.849303376
6,S. Great Plains,corn,RCP4.5-NF-cooler,2046,2.025460432
6,S. Great Plains,corn,RCP4.5-NF-cooler,2047,1.436052383
6,S. Great Plains,corn,RCP4.5-NF-cooler,2048,1.800823365
6,S. Great Plains,corn,RCP4.5-NF-cooler,2049,1.806419871
6,S. Great Plains,corn,RCP4.5-NF-cooler,2050,1.535376599
6,S. Great Plains,corn,RCP4.5-NF-cooler,2051,1.986625923
6,S. Great Plains,corn,RCP4.5-NF-cooler,2052,2.106612439
6,S. Great Plains,corn,RCP4.5-NF-cooler,2053,1.911401979
6,S. Great Plains,corn,RCP4.5-NF-cooler,2054,2.17620252
6,S. Great Plains,corn,RCP4.5-NF-cooler,2055,2.297081864
6,S. Great Plains,corn,RCP4.5-NF-hotter,2021,1.811071797
6,S. Great Plains,corn,RCP4.5-NF-hotter,2022,1.469759383
6,S. Great Plains,corn,RCP4.5-NF-hotter,2023,1.515548393
6,S. Great Plains,corn,RCP4.5-NF-hotter,2024,1.501447232
6,S. Great Plains,corn,RCP4.5-NF-hotter,2025,1.34003496
6,S. Great Plains,corn,RCP4.5-NF-hotter,2026,1.529955828
6,S. Great Plains,corn,RCP4.5-NF-hotter,2027,1.626904725
6,S. Great Plains,corn,RCP4.5-NF-hotter,2028,1.596893961
6,S. Great Plains,corn,RCP4.5-NF-hotter,2029,2.079978161
6,S. Great Plains,corn,RCP4.5-NF-hotter,2030,1.858051253
6,S. Great Plains,corn,RCP4.5-NF-hotter,2031,1.699895672
6,S. Great Plains,corn,RCP4.5-NF-hotter,2032,2.032838546
6,S. Great Plains,corn,RCP4.5-NF-hotter,2033,1.567570737
6,S. Great Plains,corn,RCP4.5-NF-hotter,2034,1.848384577
6,S. Great Plains,corn,RCP4.5-NF-hotter,2035,1.537160787
6,S. Great Plains,corn,RCP4.5-NF-hotter,2036,1.946383145
6,S. Great Plains,corn,RCP4.5-NF-hotter,2037,1.665681409
6,S. Great Plains,corn,RCP4.5-NF-hotter,2038,1.525640554
6,S. Great Plains,corn,RCP4.5-NF-hotter,2039,1.455377313
6,S. Great Plains,corn,RCP4.5-NF-hotter,2040,2.206820952
6,S. Great Plains,corn,RCP4.5-NF-hotter,2041,1.700278527
6,S. Great Plains,corn,RCP4.5-NF-hotter,2042,2.271635323
6,S. Great Plains,corn,RCP4.5-NF-hotter,2043,1.95327772
6,S. Great Plains,corn,RCP4.5-NF-hotter,2044,2.086010029
6,S. Great Plains,corn,RCP4.5-NF-hotter,2045,1.96058055
6,S. Great Plains,corn,RCP4.5-NF-hotter,2046,2.445015296
6,S. Great Plains,corn,RCP4.5-NF-hotter,2047,1.534711699
6,S. Great Plains,corn,RCP4.5-NF-hotter,2048,1.803115629
6,S. Great Plains,corn,RCP4.5-NF-hotter,2049,1.748404117
6,S. Great Plains,corn,RCP4.5-NF-hotter,2050,1.372188933
6,S. Great Plains,corn,RCP4.5-NF-hotter,2051,1.956184658
6,S. Great Plains,corn,RCP4.5-NF-hotter,2052,2.173394498
6,S. Great Plains,corn,RCP4.5-NF-hotter,2053,1.919212443
6,S. Great Plains,corn,RCP4.5-NF-hotter,2054,2.070883883
6,S. Great Plains,corn,RCP4.5-NF-hotter,2055,1.90301573
6,S. Great Plains,corn,SSP5-8.5-NF-cooler,2021,1.867299359
6,S. Great Plains,corn,SSP5-8.5-NF-cooler,2022,1.893956915
6,S. Great Plains,corn,SSP5-8.5-NF-cooler,2023,1.933724925
6,S. Great Plains,corn,SSP5-8.5-NF-cooler,2024,1.710463717
6,S. Great Plains,corn,SSP5-8.5-NF-cooler,2025,1.937576216
6,S. Great Plains,corn,SSP5-8.5-NF-cooler,2026,1.771375253
6,S. Great Plains,corn,SSP5-8.5-NF-cooler,2027,1.662712109
6,S. Great Plains,corn,SSP5-8.5-NF-cooler,2028,1.784558781
6,S. Great Plains,corn,SSP5-8.5-NF-cooler,2029,2.167433404
6,S. Great Plains,corn,SSP5-8.5-NF-cooler,2030,2.11678775
6,S. Great Plains,corn,SSP5-8.5-NF-cooler,2031,2.087576171
6,S. Great Plains,corn,SSP5-8.5-NF-cooler,2032,2.095151948
6,S. Great Plains,corn,SSP5-8.5-NF-cooler,2033,2.089555876
6,S. Great Plains,corn,SSP5-8.5-NF-cooler,2034,2.187799952
6,S. Great Plains,corn,SSP5-8.5-NF-cooler,2035,1.960234553
6,S. Great Plains,corn,SSP5-8.5-NF-cooler,2036,2.106205172
6,S. Great Plains,corn,SSP5-8.5-NF-cooler,2037,2.359637437
6,S. Great Plains,corn,SSP5-8.5-NF-cooler,2038,2.180551152
6,S. Great Plains,corn,SSP5-8.5-NF-cooler,2039,2.476499712
6,S. Great Plains,corn,SSP5-8.5-NF-cooler,2040,2.380342535
6,S. Great Plains,corn,SSP5-8.5-NF-cooler,2041,2.378191907
6,S. Great Plains,corn,SSP5-8.5-NF-cooler,2042,2.255110923
6,S. Great Plains,corn,SSP5-8.5-NF-cooler,2043,2.209314358
6,S. Great Plains,corn,SSP5-8.5-NF-cooler,2044,2.319535129
6,S. Great Plains,corn,SSP5-8.5-NF-cooler,2045,2.34084674
6,S. Great Plains,corn,SSP5-8.5-NF-cooler,2046,2.184771569
6,S. Great Plains,corn,SSP5-8.5-NF-cooler,2047,2.463158848
6,S. Great Plains,corn,SSP5-8.5-NF-cooler,2048,2.225363721
6,S. Great Plains,corn,SSP5-8.5-NF-cooler,2049,2.070315644
6,S. Great Plains,corn,SSP5-8.5-NF-cooler,2050,2.118431333
6,S. Great Plains,corn,SSP5-8.5-NF-cooler,2051,2.198498375
6,S. Great Plains,corn,SSP5-8.5-NF-cooler,2052,2.484058028
6,S. Great Plains,corn,SSP5-8.5-NF-cooler,2053,2.185578226
6,S. Great Plains,corn,SSP5-8.5-NF-cooler,2054,2.511407445
6,S. Great Plains,corn,SSP5-8.5-NF-cooler,2055,2.239624425
6,S. Great Plains,corn,SSP5-8.5-NF-hotter,2021,1.822915872
6,S. Great Plains,corn,SSP5-8.5-NF-hotter,2022,1.665814075
6,S. Great Plains,corn,SSP5-8.5-NF-hotter,2023,1.971786943
6,S. Great Plains,corn,SSP5-8.5-NF-hotter,2024,1.745464983
6,S. Great Plains,corn,SSP5-8.5-NF-hotter,2025,1.874762967
6,S. Great Plains,corn,SSP5-8.5-NF-hotter,2026,1.860164873
6,S. Great Plains,corn,SSP5-8.5-NF-hotter,2027,1.695915123
6,S. Great Plains,corn,SSP5-8.5-NF-hotter,2028,1.895945968
6,S. Great Plains,corn,SSP5-8.5-NF-hotter,2029,2.390495434
6,S. Great Plains,corn,SSP5-8.5-NF-hotter,2030,2.300655836
6,S. Great Plains,corn,SSP5-8.5-NF-hotter,2031,2.025443953
6,S. Great Plains,corn,SSP5-8.5-NF-hotter,2032,2.294164844
6,S. Great Plains,corn,SSP5-8.5-NF-hotter,2033,1.854887167
6,S. Great Plains,corn,SSP5-8.5-NF-hotter,2034,2.070249875
6,S. Great Plains,corn,SSP5-8.5-NF-hotter,2035,1.936179386
6,S. Great Plains,corn,SSP5-8.5-NF-hotter,2036,2.025190409
6,S. Great Plains,corn,SSP5-8.5-NF-hotter,2037,2.414747782
6,S. Great Plains,corn,SSP5-8.5-NF-hotter,2038,2.20517023
6,S. Great Plains,corn,SSP5-8.5-NF-hotter,2039,2.537037904
6,S. Great Plains,corn,SSP5-8.5-NF-hotter,2040,2.48388414
6,S. Great Plains,corn,SSP5-8.5-NF-hotter,2041,2.227159009
6,S. Great Plains,corn,SSP5-8.5-NF-hotter,2042,2.248450175
6,S. Great Plains,corn,SSP5-8.5-NF-hotter,2043,2.254953879
6,S. Great Plains,corn,SSP5-8.5-NF-hotter,2044,2.526827602
6,S. Great Plains,corn,SSP5-8.5-NF-hotter,2045,2.23000758
6,S. Great Plains,corn,SSP5-8.5-NF-hotter,2046,2.209167758
6,S. Great Plains,corn,SSP5-8.5-NF-hotter,2047,2.565315276
6,S. Great Plains,corn,SSP5-8.5-NF-hotter,2048,2.186441696
6,S. Great Plains,corn,SSP5-8.5-NF-hotter,2049,2.223053406
6,S. Great Plains,corn,SSP5-8.5-NF-hotter,2050,1.965303762
6,S. Great Plains,corn,SSP5-8.5-NF-hotter,2051,2.198166579
6,S. Great Plains,corn,SSP5-8.5-NF-hotter,2052,2.486643573
6,S. Great Plains,corn,SSP5-8.5-NF-hotter,2053,2.157153641
6,S. Great Plains,corn,SSP5-8.5-NF-hotter,2054,2.500018857
6,S. Great Plains,corn,SSP5-8.5-NF-hotter,2055,2.285087205
6,S. Great Plains,corn,RCP8.5-NF-cooler,2021,1.67860764
6,S. Great Plains,corn,RCP8.5-NF-cooler,2022,1.45514318
6,S. Great Plains,corn,RCP8.5-NF-cooler,2023,1.32490973
6,S. Great Plains,corn,RCP8.5-NF-cooler,2024,1.482507775
6,S. Great Plains,corn,RCP8.5-NF-cooler,2025,1.42620613
6,S. Great Plains,corn,RCP8.5-NF-cooler,2026,1.639372162
6,S. Great Plains,corn,RCP8.5-NF-cooler,2027,1.699474887
6,S. Great Plains,corn,RCP8.5-NF-cooler,2028,1.607235408
6,S. Great Plains,corn,RCP8.5-NF-cooler,2029,2.042096013
6,S. Great Plains,corn,RCP8.5-NF-cooler,2030,1.762216165
6,S. Great Plains,corn,RCP8.5-NF-cooler,2031,1.758968894
6,S. Great Plains,corn,RCP8.5-NF-cooler,2032,1.714252043
6,S. Great Plains,corn,RCP8.5-NF-cooler,2033,1.507415802
6,S. Great Plains,corn,RCP8.5-NF-cooler,2034,1.748337839
6,S. Great Plains,corn,RCP8.5-NF-cooler,2035,1.644355985
6,S. Great Plains,corn,RCP8.5-NF-cooler,2036,1.987287101
6,S. Great Plains,corn,RCP8.5-NF-cooler,2037,1.852596599
6,S. Great Plains,corn,RCP8.5-NF-cooler,2038,1.490784038
6,S. Great Plains,corn,RCP8.5-NF-cooler,2039,1.407846615
6,S. Great Plains,corn,RCP8.5-NF-cooler,2040,2.129234996
6,S. Great Plains,corn,RCP8.5-NF-cooler,2041,1.53891007
6,S. Great Plains,corn,RCP8.5-NF-cooler,2042,2.156882606
6,S. Great Plains,corn,RCP8.5-NF-cooler,2043,1.789731551
6,S. Great Plains,corn,RCP8.5-NF-cooler,2044,1.869638077
6,S. Great Plains,corn,RCP8.5-NF-cooler,2045,1.911922804
6,S. Great Plains,corn,RCP8.5-NF-cooler,2046,2.239876952
6,S. Great Plains,corn,RCP8.5-NF-cooler,2047,1.639160037
6,S. Great Plains,corn,RCP8.5-NF-cooler,2048,1.871062767
6,S. Great Plains,corn,RCP8.5-NF-cooler,2049,1.784386997
6,S. Great Plains,corn,RCP8.5-NF-cooler,2050,1.483682777
6,S. Great Plains,corn,RCP8.5-NF-cooler,2051,2.104729982
6,S. Great Plains,corn,RCP8.5-NF-cooler,2052,2.160652632
6,S. Great Plains,corn,RCP8.5-NF-cooler,2053,1.933381804
6,S. Great Plains,corn,RCP8.5-NF-cooler,2054,2.475600123
6,S. Great Plains,corn,RCP8.5-NF-cooler,2055,2.316411363
6,S. Great Plains,corn,RCP8.5-NF-hotter,2021,1.697554037
6,S. Great Plains,corn,RCP8.5-NF-hotter,2022,1.45409982
6,S. Great Plains,corn,RCP8.5-NF-hotter,2023,1.418914206
6,S. Great Plains,corn,RCP8.5-NF-hotter,2024,1.551365013
6,S. Great Plains,corn,RCP8.5-NF-hotter,2025,1.296777019
6,S. Great Plains,corn,RCP8.5-NF-hotter,2026,1.576279954
6,S. Great Plains,corn,RCP8.5-NF-hotter,2027,1.367710373
6,S. Great Plains,corn,RCP8.5-NF-hotter,2028,1.735792826
6,S. Great Plains,corn,RCP8.5-NF-hotter,2029,2.109096713
6,S. Great Plains,corn,RCP8.5-NF-hotter,2030,1.683174286
6,S. Great Plains,corn,RCP8.5-NF-hotter,2031,1.862038136
6,S. Great Plains,corn,RCP8.5-NF-hotter,2032,2.077078241
6,S. Great Plains,corn,RCP8.5-NF-hotter,2033,1.279779485
6,S. Great Plains,corn,RCP8.5-NF-hotter,2034,1.772067143
6,S. Great Plains,corn,RCP8.5-NF-hotter,2035,1.748820316
6,S. Great Plains,corn,RCP8.5-NF-hotter,2036,1.991062051
6,S. Great Plains,corn,RCP8.5-NF-hotter,2037,1.745121588
6,S. Great Plains,corn,RCP8.5-NF-hotter,2038,1.689975644
6,S. Great Plains,corn,RCP8.5-NF-hotter,2039,1.493231268
6,S. Great Plains,corn,RCP8.5-NF-hotter,2040,2.231710514
6,S. Great Plains,corn,RCP8.5-NF-hotter,2041,1.710877865
6,S. Great Plains,corn,RCP8.5-NF-hotter,2042,2.212166641
6,S. Great Plains,corn,RCP8.5-NF-hotter,2043,2.130598505
6,S. Great Plains,corn,RCP8.5-NF-hotter,2044,2.152965687
6,S. Great Plains,corn,RCP8.5-NF-hotter,2045,2.031948362
6,S. Great Plains,corn,RCP8.5-NF-hotter,2046,2.368029935
6,S. Great Plains,corn,RCP8.5-NF-hotter,2047,1.69052991
6,S. Great Plains,corn,RCP8.5-NF-hotter,2048,1.945750931
6,S. Great Plains,corn,RCP8.5-NF-hotter,2049,1.8505252
6,S. Great Plains,corn,RCP8.5-NF-hotter,2050,1.473941601
6,S. Great Plains,corn,RCP8.5-NF-hotter,2051,2.158439992
6,S. Great Plains,corn,RCP8.5-NF-hotter,2052,2.180120681
6,S. Great Plains,corn,RCP8.5-NF-hotter,2053,2.060531068
6,S. Great Plains,corn,RCP8.5-NF-hotter,2054,2.511741616
6,S. Great Plains,corn,RCP8.5-NF-hotter,2055,2.165894152
8,Northwest,corn,SSP3-4.5-NF-cooler,2021,2.60698466
8,Northwest,corn,SSP3-4.5-NF-cooler,2022,2.677290231
8,Northwest,corn,SSP3-4.5-NF-cooler,2023,2.587868931
8,Northwest,corn,SSP3-4.5-NF-cooler,2024,2.666995079
8,Northwest,corn,SSP3-4.5-NF-cooler,2025,2.703572901
8,Northwest,corn,SSP3-4.5-NF-cooler,2026,2.705064276
8,Northwest,corn,SSP3-4.5-NF-cooler,2027,2.372736888
8,Northwest,corn,SSP3-4.5-NF-cooler,2028,2.409223669
8,Northwest,corn,SSP3-4.5-NF-cooler,2029,2.666331331
8,Northwest,corn,SSP3-4.5-NF-cooler,2030,2.574267892
8,Northwest,corn,SSP3-4.5-NF-cooler,2031,2.618147401
8,Northwest,corn,SSP3-4.5-NF-cooler,2032,2.765188754
8,Northwest,corn,SSP3-4.5-NF-cooler,2033,2.830131277
8,Northwest,corn,SSP3-4.5-NF-cooler,2034,2.475144413
8,Northwest,corn,SSP3-4.5-NF-cooler,2035,2.646849017
8,Northwest,corn,SSP3-4.5-NF-cooler,2036,2.890065018
8,Northwest,corn,SSP3-4.5-NF-cooler,2037,2.620597803
8,Northwest,corn,SSP3-4.5-NF-cooler,2038,2.641365465
8,Northwest,corn,SSP3-4.5-NF-cooler,2039,2.712049763
8,Northwest,corn,SSP3-4.5-NF-cooler,2040,2.688690404
8,Northwest,corn,SSP3-4.5-NF-cooler,2041,2.708261085
8,Northwest,corn,SSP3-4.5-NF-cooler,2042,2.597613501
8,Northwest,corn,SSP3-4.5-NF-cooler,2043,2.774120945
8,Northwest,corn,SSP3-4.5-NF-cooler,2044,2.604819056
8,Northwest,corn,SSP3-4.5-NF-cooler,2045,2.709631199
8,Northwest,corn,SSP3-4.5-NF-cooler,2046,2.686045001
8,Northwest,corn,SSP3-4.5-NF-cooler,2047,2.606619062
8,Northwest,corn,SSP3-4.5-NF-cooler,2048,2.768795025
8,Northwest,corn,SSP3-4.5-NF-cooler,2049,2.716922125
8,Northwest,corn,SSP3-4.5-NF-cooler,2050,2.850053108
8,Northwest,corn,SSP3-4.5-NF-cooler,2051,2.846170119
8,Northwest,corn,SSP3-4.5-NF-cooler,2052,2.738680001
8,Northwest,corn,SSP3-4.5-NF-cooler,2053,2.796849166
8,Northwest,corn,SSP3-4.5-NF-cooler,2054,2.882241345
8,Northwest,corn,SSP3-4.5-NF-cooler,2055,2.84205351
8,Northwest,corn,SSP3-4.5-NF-hotter,2021,2.648039153
8,Northwest,corn,SSP3-4.5-NF-hotter,2022,2.74804052
8,Northwest,corn,SSP3-4.5-NF-hotter,2023,2.761626153
8,Northwest,corn,SSP3-4.5-NF-hotter,2024,2.651232426
8,Northwest,corn,SSP3-4.5-NF-hotter,2025,2.722489472
8,Northwest,corn,SSP3-4.5-NF-hotter,2026,2.707657622
8,Northwest,corn,SSP3-4.5-NF-hotter,2027,2.528747166
8,Northwest,corn,SSP3-4.5-NF-hotter,2028,2.646011438
8,Northwest,corn,SSP3-4.5-NF-hotter,2029,2.813707708
8,Northwest,corn,SSP3-4.5-NF-hotter,2030,2.760991286
8,Northwest,corn,SSP3-4.5-NF-hotter,2031,2.664256618
8,Northwest,corn,SSP3-4.5-NF-hotter,2032,2.848566166
8,Northwest,corn,SSP3-4.5-NF-hotter,2033,2.776476317
8,Northwest,corn,SSP3-4.5-NF-hotter,2034,2.662380532
8,Northwest,corn,SSP3-4.5-NF-hotter,2035,2.733892843
8,Northwest,corn,SSP3-4.5-NF-hotter,2036,2.804037124
8,Northwest,corn,SSP3-4.5-NF-hotter,2037,2.685913913
8,Northwest,corn,SSP3-4.5-NF-hotter,2038,2.665918721
8,Northwest,corn,SSP3-4.5-NF-hotter,2039,2.69410843
8,Northwest,corn,SSP3-4.5-NF-hotter,2040,2.763003695
8,Northwest,corn,SSP3-4.5-NF-hotter,2041,2.750457414
8,Northwest,corn,SSP3-4.5-NF-hotter,2042,2.656929055
8,Northwest,corn,SSP3-4.5-NF-hotter,2043,2.835520736
8,Northwest,corn,SSP3-4.5-NF-hotter,2044,2.676131828
8,Northwest,corn,SSP3-4.5-NF-hotter,2045,2.73801123
8,Northwest,corn,SSP3-4.5-NF-hotter,2046,2.77044816
8,Northwest,corn,SSP3-4.5-NF-hotter,2047,2.691426495
8,Northwest,corn,SSP3-4.5-NF-hotter,2048,2.72558077
8,Northwest,corn,SSP3-4.5-NF-hotter,2049,2.769801072
8,Northwest,corn,SSP3-4.5-NF-hotter,2050,2.815043547
8,Northwest,corn,SSP3-4.5-NF-hotter,2051,2.813010503
8,Northwest,corn,SSP3-4.5-NF-hotter,2052,2.789615423
8,Northwest,corn,SSP3-4.5-NF-hotter,2053,2.752970406
8,Northwest,corn,SSP3-4.5-NF-hotter,2054,2.779555203
8,Northwest,corn,SSP3-4.5-NF-hotter,2055,2.715992836
8,Northwest,corn,RCP4.5-NF-cooler,2021,1.191770416
8,Northwest,corn,RCP4.5-NF-cooler,2022,1.672420001
8,Northwest,corn,RCP4.5-NF-cooler,2023,1.31213446
8,Northwest,corn,RCP4.5-NF-cooler,2024,1.116516782
8,Northwest,corn,RCP4.5-NF-cooler,2025,1.622772543
8,Northwest,corn,RCP4.5-NF-cooler,2026,1.605106239
8,Northwest,corn,RCP4.5-NF-cooler,2027,1.603186382
8,Northwest,corn,RCP4.5-NF-cooler,2028,1.408671393
8,Northwest,corn,RCP4.5-NF-cooler,2029,1.480048481
8,Northwest,corn,RCP4.5-NF-cooler,2030,2.223438689
8,Northwest,corn,RCP4.5-NF-cooler,2031,1.622783789
8,Northwest,corn,RCP4.5-NF-cooler,2032,2.527869713
8,Northwest,corn,RCP4.5-NF-cooler,2033,1.140780971
8,Northwest,corn,RCP4.5-NF-cooler,2034,1.753927545
8,Northwest,corn,RCP4.5-NF-cooler,2035,1.521814346
8,Northwest,corn,RCP4.5-NF-cooler,2036,1.38382128
8,Northwest,corn,RCP4.5-NF-cooler,2037,1.514010677
8,Northwest,corn,RCP4.5-NF-cooler,2038,1.42407596
8,Northwest,corn,RCP4.5-NF-cooler,2039,1.846468438
8,Northwest,corn,RCP4.5-NF-cooler,2040,1.665201354
8,Northwest,corn,RCP4.5-NF-cooler,2041,1.907436622
8,Northwest,corn,RCP4.5-NF-cooler,2042,1.490057889
8,Northwest,corn,RCP4.5-NF-cooler,2043,1.851514161
8,Northwest,corn,RCP4.5-NF-cooler,2044,1.765750496
8,Northwest,corn,RCP4.5-NF-cooler,2045,1.539061602
8,Northwest,corn,RCP4.5-NF-cooler,2046,1.495015092
8,Northwest,corn,RCP4.5-NF-cooler,2047,1.615711071
8,Northwest,corn,RCP4.5-NF-cooler,2048,2.027285175
8,Northwest,corn,RCP4.5-NF-cooler,2049,1.612664256
8,Northwest,corn,RCP4.5-NF-cooler,2050,1.605286652
8,Northwest,corn,RCP4.5-NF-cooler,2051,2.188506293
8,Northwest,corn,RCP4.5-NF-cooler,2052,2.069700352
8,Northwest,corn,RCP4.5-NF-cooler,2053,1.72187258
8,Northwest,corn,RCP4.5-NF-cooler,2054,1.780369063
8,Northwest,corn,RCP4.5-NF-cooler,2055,1.830752741
8,Northwest,corn,RCP4.5-NF-hotter,2021,1.235743492
8,Northwest,corn,RCP4.5-NF-hotter,2022,1.767494669
8,Northwest,corn,RCP4.5-NF-hotter,2023,1.40735268
8,Northwest,corn,RCP4.5-NF-hotter,2024,1.572352078
8,Northwest,corn,RCP4.5-NF-hotter,2025,1.764070781
8,Northwest,corn,RCP4.5-NF-hotter,2026,1.6061618
8,Northwest,corn,RCP4.5-NF-hotter,2027,1.490095566
8,Northwest,corn,RCP4.5-NF-hotter,2028,1.440493532
8,Northwest,corn,RCP4.5-NF-hotter,2029,1.496950867
8,Northwest,corn,RCP4.5-NF-hotter,2030,2.296937031
8,Northwest,corn,RCP4.5-NF-hotter,2031,1.493914273
8,Northwest,corn,RCP4.5-NF-hotter,2032,2.601646408
8,Northwest,corn,RCP4.5-NF-hotter,2033,1.18219524
8,Northwest,corn,RCP4.5-NF-hotter,2034,1.985363373
8,Northwest,corn,RCP4.5-NF-hotter,2035,1.419545258
8,Northwest,corn,RCP4.5-NF-hotter,2036,1.291042331
8,Northwest,corn,RCP4.5-NF-hotter,2037,1.438683717
8,Northwest,corn,RCP4.5-NF-hotter,2038,1.447013066
8,Northwest,corn,RCP4.5-NF-hotter,2039,1.818231386
8,Northwest,corn,RCP4.5-NF-hotter,2040,2.225479318
8,Northwest,corn,RCP4.5-NF-hotter,2041,1.810671105
8,Northwest,corn,RCP4.5-NF-hotter,2042,1.519830171
8,Northwest,corn,RCP4.5-NF-hotter,2043,1.898051663
8,Northwest,corn,RCP4.5-NF-hotter,2044,1.858821464
8,Northwest,corn,RCP4.5-NF-hotter,2045,1.708991417
8,Northwest,corn,RCP4.5-NF-hotter,2046,1.695959068
8,Northwest,corn,RCP4.5-NF-hotter,2047,1.651143729
8,Northwest,corn,RCP4.5-NF-hotter,2048,2.076778269
8,Northwest,corn,RCP4.5-NF-hotter,2049,1.669384624
8,Northwest,corn,RCP4.5-NF-hotter,2050,2.25830757
8,Northwest,corn,RCP4.5-NF-hotter,2051,2.031177083
8,Northwest,corn,RCP4.5-NF-hotter,2052,1.969856824
8,Northwest,corn,RCP4.5-NF-hotter,2053,1.975181596
8,Northwest,corn,RCP4.5-NF-hotter,2054,1.704041345
8,Northwest,corn,RCP4.5-NF-hotter,2055,1.780639582
8,Northwest,corn,SSP5-8.5-NF-cooler,2021,2.722034375
8,Northwest,corn,SSP5-8.5-NF-cooler,2022,2.720640697
8,Northwest,corn,SSP5-8.5-NF-cooler,2023,2.687536218
8,Northwest,corn,SSP5-8.5-NF-cooler,2024,2.650814359
8,Northwest,corn,SSP5-8.5-NF-cooler,2025,2.633766455
8,Northwest,corn,SSP5-8.5-NF-cooler,2026,2.717723793
8,Northwest,corn,SSP5-8.5-NF-cooler,2027,2.345060009
8,Northwest,corn,SSP5-8.5-NF-cooler,2028,2.328696131
8,Northwest,corn,SSP5-8.5-NF-cooler,2029,2.736659851
8,Northwest,corn,SSP5-8.5-NF-cooler,2030,2.579349421
8,Northwest,corn,SSP5-8.5-NF-cooler,2031,2.492289964
8,Northwest,corn,SSP5-8.5-NF-cooler,2032,2.707683931
8,Northwest,corn,SSP5-8.5-NF-cooler,2033,2.605837287
8,Northwest,corn,SSP5-8.5-NF-cooler,2034,2.400401677
8,Northwest,corn,SSP5-8.5-NF-cooler,2035,2.629534738
8,Northwest,corn,SSP5-8.5-NF-cooler,2036,2.716160255
8,Northwest,corn,SSP5-8.5-NF-cooler,2037,2.505545169
8,Northwest,corn,SSP5-8.5-NF-cooler,2038,2.609378218
8,Northwest,corn,SSP5-8.5-NF-cooler,2039,2.719188216
8,Northwest,corn,SSP5-8.5-NF-cooler,2040,2.600988969
8,Northwest,corn,SSP5-8.5-NF-cooler,2041,2.568919314
8,Northwest,corn,SSP5-8.5-NF-cooler,2042,2.633682365
8,Northwest,corn,SSP5-8.5-NF-cooler,2043,2.679887036
8,Northwest,corn,SSP5-8.5-NF-cooler,2044,2.52348926
8,Northwest,corn,SSP5-8.5-NF-cooler,2045,2.677823415
8,Northwest,corn,SSP5-8.5-NF-cooler,2046,2.717368078
8,Northwest,corn,SSP5-8.5-NF-cooler,2047,2.577116347
8,Northwest,corn,SSP5-8.5-NF-cooler,2048,2.784616063
8,Northwest,corn,SSP5-8.5-NF-cooler,2049,2.654266187
8,Northwest,corn,SSP5-8.5-NF-cooler,2050,2.675917518
8,Northwest,corn,SSP5-8.5-NF-cooler,2051,2.747570265
8,Northwest,corn,SSP5-8.5-NF-cooler,2052,2.670828114
8,Northwest,corn,SSP5-8.5-NF-cooler,2053,2.75574379
8,Northwest,corn,SSP5-8.5-NF-cooler,2054,2.762113609
8,Northwest,corn,SSP5-8.5-NF-cooler,2055,2.689290084
8,Northwest,corn,SSP5-8.5-NF-hotter,2021,2.650886006
8,Northwest,corn,SSP5-8.5-NF-hotter,2022,2.594086193
8,Northwest,corn,SSP5-8.5-NF-hotter,2023,2.734529325
8,Northwest,corn,SSP5-8.5-NF-hotter,2024,2.618266014
8,Northwest,corn,SSP5-8.5-NF-hotter,2025,2.706179147
8,Northwest,corn,SSP5-8.5-NF-hotter,2026,2.661348779
8,Northwest,corn,SSP5-8.5-NF-hotter,2027,2.405100168
8,Northwest,corn,SSP5-8.5-NF-hotter,2028,2.532718697
8,Northwest,corn,SSP5-8.5-NF-hotter,2029,2.756371179
8,Northwest,corn,SSP5-8.5-NF-hotter,2030,2.67512371
8,Northwest,corn,SSP5-8.5-NF-hotter,2031,2.574522297
8,Northwest,corn,SSP5-8.5-NF-hotter,2032,2.761439537
8,Northwest,corn,SSP5-8.5-NF-hotter,2033,2.74378484
8,Northwest,corn,SSP5-8.5-NF-hotter,2034,2.620118931
8,Northwest,corn,SSP5-8.5-NF-hotter,2035,2.643348455
8,Northwest,corn,SSP5-8.5-NF-hotter,2036,2.672579909
8,Northwest,corn,SSP5-8.5-NF-hotter,2037,2.636651126
8,Northwest,corn,SSP5-8.5-NF-hotter,2038,2.689850496
8,Northwest,corn,SSP5-8.5-NF-hotter,2039,2.647205654
8,Northwest,corn,SSP5-8.5-NF-hotter,2040,2.701783964
8,Northwest,corn,SSP5-8.5-NF-hotter,2041,2.783238055
8,Northwest,corn,SSP5-8.5-NF-hotter,2042,2.744902695
8,Northwest,corn,SSP5-8.5-NF-hotter,2043,2.754632946
8,Northwest,corn,SSP5-8.5-NF-hotter,2044,2.657215759
8,Northwest,corn,SSP5-8.5-NF-hotter,2045,2.817495299
8,Northwest,corn,SSP5-8.5-NF-hotter,2046,2.753011721
8,Northwest,corn,SSP5-8.5-NF-hotter,2047,2.703704509
8,Northwest,corn,SSP5-8.5-NF-hotter,2048,2.813881576
8,Northwest,corn,SSP5-8.5-NF-hotter,2049,2.72785734
8,Northwest,corn,SSP5-8.5-NF-hotter,2050,2.71446961
8,Northwest,corn,SSP5-8.5-NF-hotter,2051,2.693452282
8,Northwest,corn,SSP5-8.5-NF-hotter,2052,2.685519795
8,Northwest,corn,SSP5-8.5-NF-hotter,2053,2.75955758
8,Northwest,corn,SSP5-8.5-NF-hotter,2054,2.837121453
8,Northwest,corn,SSP5-8.5-NF-hotter,2055,2.719128226
8,Northwest,corn,RCP8.5-NF-cooler,2021,1.252642469
8,Northwest,corn,RCP8.5-NF-cooler,2022,1.658178302
8,Northwest,corn,RCP8.5-NF-cooler,2023,1.384206126
8,Northwest,corn,RCP8.5-NF-cooler,2024,1.77898129
8,Northwest,corn,RCP8.5-NF-cooler,2025,1.714993464
8,Northwest,corn,RCP8.5-NF-cooler,2026,1.695983205
8,Northwest,corn,RCP8.5-NF-cooler,2027,1.708851411
8,Northwest,corn,RCP8.5-NF-cooler,2028,1.49780496
8,Northwest,corn,RCP8.5-NF-cooler,2029,1.589277596
8,Northwest,corn,RCP8.5-NF-cooler,2030,2.390347757
8,Northwest,corn,RCP8.5-NF-cooler,2031,1.640165413
8,Northwest,corn,RCP8.5-NF-cooler,2032,2.619512777
8,Northwest,corn,RCP8.5-NF-cooler,2033,1.291480178
8,Northwest,corn,RCP8.5-NF-cooler,2034,1.878318106
8,Northwest,corn,RCP8.5-NF-cooler,2035,1.462311266
8,Northwest,corn,RCP8.5-NF-cooler,2036,1.353534799
8,Northwest,corn,RCP8.5-NF-cooler,2037,1.735407404
8,Northwest,corn,RCP8.5-NF-cooler,2038,1.523192398
8,Northwest,corn,RCP8.5-NF-cooler,2039,1.91189395
8,Northwest,corn,RCP8.5-NF-cooler,2040,1.911151556
8,Northwest,corn,RCP8.5-NF-cooler,2041,1.90852311
8,Northwest,corn,RCP8.5-NF-cooler,2042,1.493552995
8,Northwest,corn,RCP8.5-NF-cooler,2043,1.839337084
8,Northwest,corn,RCP8.5-NF-cooler,2044,1.778699168
8,Northwest,corn,RCP8.5-NF-cooler,2045,1.541515054
8,Northwest,corn,RCP8.5-NF-cooler,2046,1.616817363
8,Northwest,corn,RCP8.5-NF-cooler,2047,1.613907982
8,Northwest,corn,RCP8.5-NF-cooler,2048,2.035820227
8,Northwest,corn,RCP8.5-NF-cooler,2049,1.5758202
8,Northwest,corn,RCP8.5-NF-cooler,2050,1.529393238
8,Northwest,corn,RCP8.5-NF-cooler,2051,2.252248067
8,Northwest,corn,RCP8.5-NF-cooler,2052,2.044838128
8,Northwest,corn,RCP8.5-NF-cooler,2053,1.890382835
8,Northwest,corn,RCP8.5-NF-cooler,2054,1.821949772
8,Northwest,corn,RCP8.5-NF-cooler,2055,1.737753079
8,Northwest,corn,RCP8.5-NF-hotter,2021,1.238971609
8,Northwest,corn,RCP8.5-NF-hotter,2022,1.815841663
8,Northwest,corn,RCP8.5-NF-hotter,2023,1.433814684
8,Northwest,corn,RCP8.5-NF-hotter,2024,1.629851022
8,Northwest,corn,RCP8.5-NF-hotter,2025,1.7560004
8,Northwest,corn,RCP8.5-NF-hotter,2026,1.548186489
8,Northwest,corn,RCP8.5-NF-hotter,2027,1.573831283
8,Northwest,corn,RCP8.5-NF-hotter,2028,1.385854529
8,Northwest,corn,RCP8.5-NF-hotter,2029,1.531260105
8,Northwest,corn,RCP8.5-NF-hotter,2030,2.21816527
8,Northwest,corn,RCP8.5-NF-hotter,2031,1.507266723
8,Northwest,corn,RCP8.5-NF-hotter,2032,2.569939434
8,Northwest,corn,RCP8.5-NF-hotter,2033,1.213122272
8,Northwest,corn,RCP8.5-NF-hotter,2034,1.834496642
8,Northwest,corn,RCP8.5-NF-hotter,2035,1.477240202
8,Northwest,corn,RCP8.5-NF-hotter,2036,1.470999534
8,Northwest,corn,RCP8.5-NF-hotter,2037,1.655215765
8,Northwest,corn,RCP8.5-NF-hotter,2038,1.434508457
8,Northwest,corn,RCP8.5-NF-hotter,2039,1.874887323
8,Northwest,corn,RCP8.5-NF-hotter,2040,2.211101803
8,Northwest,corn,RCP8.5-NF-hotter,2041,1.938864426
8,Northwest,corn,RCP8.5-NF-hotter,2042,1.556246084
8,Northwest,corn,RCP8.5-NF-hotter,2043,1.853579521
8,Northwest,corn,RCP8.5-NF-hotter,2044,1.859897012
8,Northwest,corn,RCP8.5-NF-hotter,2045,1.704222231
8,Northwest,corn,RCP8.5-NF-hotter,2046,1.593315171
8,Northwest,corn,RCP8.5-NF-hotter,2047,1.688618965
8,Northwest,corn,RCP8.5-NF-hotter,2048,2.300395581
8,Northwest,corn,RCP8.5-NF-hotter,2049,1.710919903
8,Northwest,corn,RCP8.5-NF-hotter,2050,2.010259113
8,Northwest,corn,RCP8.5-NF-hotter,2051,2.339624998
8,Northwest,corn,RCP8.5-NF-hotter,2052,2.079362054
8,Northwest,corn,RCP8.5-NF-hotter,2053,2.028819653
8,Northwest,corn,RCP8.5-NF-hotter,2054,1.940768163
8,Northwest,corn,RCP8.5-NF-hotter,2055,1.913318726
7,Southwest,corn,SSP3-4.5-NF-cooler,2021,2.251675484
7,Southwest,corn,SSP3-4.5-NF-cooler,2022,2.018193491
7,Southwest,corn,SSP3-4.5-NF-cooler,2023,2.411343054
7,Southwest,corn,SSP3-4.5-NF-cooler,2024,2.084298749
7,Southwest,corn,SSP3-4.5-NF-cooler,2025,2.248733636
7,Southwest,corn,SSP3-4.5-NF-cooler,2026,2.146233396
7,Southwest,corn,SSP3-4.5-NF-cooler,2027,2.031815224
7,Southwest,corn,SSP3-4.5-NF-cooler,2028,2.051643203
7,Southwest,corn,SSP3-4.5-NF-cooler,2029,2.265884363
7,Southwest,corn,SSP3-4.5-NF-cooler,2030,2.400687342
7,Southwest,corn,SSP3-4.5-NF-cooler,2031,2.322598147
7,Southwest,corn,SSP3-4.5-NF-cooler,2032,2.51438071
7,Southwest,corn,SSP3-4.5-NF-cooler,2033,2.1962449
7,Southwest,corn,SSP3-4.5-NF-cooler,2034,2.774879015
7,Southwest,corn,SSP3-4.5-NF-cooler,2035,2.242640052
7,Southwest,corn,SSP3-4.5-NF-cooler,2036,2.534206866
7,Southwest,corn,SSP3-4.5-NF-cooler,2037,2.514907137
7,Southwest,corn,SSP3-4.5-NF-cooler,2038,2.528526821
7,Southwest,corn,SSP3-4.5-NF-cooler,2039,2.653555962
7,Southwest,corn,SSP3-4.5-NF-cooler,2040,2.820005616
7,Southwest,corn,SSP3-4.5-NF-cooler,2041,2.767412188
7,Southwest,corn,SSP3-4.5-NF-cooler,2042,2.959439356
7,Southwest,corn,SSP3-4.5-NF-cooler,2043,2.790294614
7,Southwest,corn,SSP3-4.5-NF-cooler,2044,2.921589944
7,Southwest,corn,SSP3-4.5-NF-cooler,2045,2.672194332
7,Southwest,corn,SSP3-4.5-NF-cooler,2046,2.845812575
7,Southwest,corn,SSP3-4.5-NF-cooler,2047,2.640446379
7,Southwest,corn,SSP3-4.5-NF-cooler,2048,2.708025791
7,Southwest,corn,SSP3-4.5-NF-cooler,2049,2.702777632
7,Southwest,corn,SSP3-4.5-NF-cooler,2050,2.695635553
7,Southwest,corn,SSP3-4.5-NF-cooler,2051,2.775045746
7,Southwest,corn,SSP3-4.5-NF-cooler,2052,2.953355799
7,Southwest,corn,SSP3-4.5-NF-cooler,2053,2.885279206
7,Southwest,corn,SSP3-4.5-NF-cooler,2054,2.728947059
7,Southwest,corn,SSP3-4.5-NF-cooler,2055,2.394590945
7,Southwest,corn,SSP3-4.5-NF-hotter,2021,2.270615268
7,Southwest,corn,SSP3-4.5-NF-hotter,2022,2.050298207
7,Southwest,corn,SSP3-4.5-NF-hotter,2023,2.439813249
7,Southwest,corn,SSP3-4.5-NF-hotter,2024,2.19312352
7,Southwest,corn,SSP3-4.5-NF-hotter,2025,2.266313796
7,Southwest,corn,SSP3-4.5-NF-hotter,2026,2.192135016
7,Southwest,corn,SSP3-4.5-NF-hotter,2027,2.051564734
7,Southwest,corn,SSP3-4.5-NF-hotter,2028,2.204360607
7,Southwest,corn,SSP3-4.5-NF-hotter,2029,2.428368079
7,Southwest,corn,SSP3-4.5-NF-hotter,2030,2.452380549
7,Southwest,corn,SSP3-4.5-NF-hotter,2031,2.402770828
7,Southwest,corn,SSP3-4.5-NF-hotter,2032,2.420491762
7,Southwest,corn,SSP3-4.5-NF-hotter,2033,2.40473411
7,Southwest,corn,SSP3-4.5-NF-hotter,2034,2.738638581
7,Southwest,corn,SSP3-4.5-NF-hotter,2035,2.312265813
7,Southwest,corn,SSP3-4.5-NF-hotter,2036,2.636333585
7,Southwest,corn,SSP3-4.5-NF-hotter,2037,2.784184868
7,Southwest,corn,SSP3-4.5-NF-hotter,2038,2.717469676
7,Southwest,corn,SSP3-4.5-NF-hotter,2039,2.785248467
7,Southwest,corn,SSP3-4.5-NF-hotter,2040,2.846248171
7,Southwest,corn,SSP3-4.5-NF-hotter,2041,2.812742386
7,Southwest,corn,SSP3-4.5-NF-hotter,2042,2.954012406
7,Southwest,corn,SSP3-4.5-NF-hotter,2043,2.791989813
7,Southwest,corn,SSP3-4.5-NF-hotter,2044,2.901256117
7,Southwest,corn,SSP3-4.5-NF-hotter,2045,2.806265053
7,Southwest,corn,SSP3-4.5-NF-hotter,2046,2.912196676
7,Southwest,corn,SSP3-4.5-NF-hotter,2047,2.69213522
7,Southwest,corn,SSP3-4.5-NF-hotter,2048,2.732130591
7,Southwest,corn,SSP3-4.5-NF-hotter,2049,2.661065489
7,Southwest,corn,SSP3-4.5-NF-hotter,2050,2.647099634
7,Southwest,corn,SSP3-4.5-NF-hotter,2051,2.752683537
7,Southwest,corn,SSP3-4.5-NF-hotter,2052,2.949168083
7,Southwest,corn,SSP3-4.5-NF-hotter,2053,2.911071142
7,Southwest,corn,SSP3-4.5-NF-hotter,2054,2.685323572
7,Southwest,corn,SSP3-4.5-NF-hotter,2055,2.466624218
7,Southwest,corn,RCP4.5-NF-cooler,2021,1.717881976
7,Southwest,corn,RCP4.5-NF-cooler,2022,1.430921516
7,Southwest,corn,RCP4.5-NF-cooler,2023,1.341040931
7,Southwest,corn,RCP4.5-NF-cooler,2024,1.299824612
7,Southwest,corn,RCP4.5-NF-cooler,2025,1.530892788
7,Southwest,corn,RCP4.5-NF-cooler,2026,1.520448324
7,Southwest,corn,RCP4.5-NF-cooler,2027,1.655047964
7,Southwest,corn,RCP4.5-NF-cooler,2028,1.535430898
7,Southwest,corn,RCP4.5-NF-cooler,2029,1.510352954
7,Southwest,corn,RCP4.5-NF-cooler,2030,1.737192654
7,Southwest,corn,RCP4.5-NF-cooler,2031,1.825055087
7,Southwest,corn,RCP4.5-NF-cooler,2032,1.596180481
7,Southwest,corn,RCP4.5-NF-cooler,2033,1.802212817
7,Southwest,corn,RCP4.5-NF-cooler,2034,1.923507423
7,Southwest,corn,RCP4.5-NF-cooler,2035,1.668237571
7,Southwest,corn,RCP4.5-NF-cooler,2036,1.755329267
7,Southwest,corn,RCP4.5-NF-cooler,2037,1.70016558
7,Southwest,corn,RCP4.5-NF-cooler,2038,1.666828751
7,Southwest,corn,RCP4.5-NF-cooler,2039,1.935706218
7,Southwest,corn,RCP4.5-NF-cooler,2040,2.0997175
7,Southwest,corn,RCP4.5-NF-cooler,2041,1.629658981
7,Southwest,corn,RCP4.5-NF-cooler,2042,2.400766244
7,Southwest,corn,RCP4.5-NF-cooler,2043,2.087603361
7,Southwest,corn,RCP4.5-NF-cooler,2044,2.252705171
7,Southwest,corn,RCP4.5-NF-cooler,2045,1.605974407
7,Southwest,corn,RCP4.5-NF-cooler,2046,1.972507971
7,Southwest,corn,RCP4.5-NF-cooler,2047,2.032161397
7,Southwest,corn,RCP4.5-NF-cooler,2048,1.747598846
7,Southwest,corn,RCP4.5-NF-cooler,2049,1.736538188
7,Southwest,corn,RCP4.5-NF-cooler,2050,1.802852155
7,Southwest,corn,RCP4.5-NF-cooler,2051,2.022255271
7,Southwest,corn,RCP4.5-NF-cooler,2052,2.403035887
7,Southwest,corn,RCP4.5-NF-cooler,2053,2.270261074
7,Southwest,corn,RCP4.5-NF-cooler,2054,1.973775621
7,Southwest,corn,RCP4.5-NF-cooler,2055,1.766721058
7,Southwest,corn,RCP4.5-NF-hotter,2021,1.846501414
7,Southwest,corn,RCP4.5-NF-hotter,2022,1.443875365
7,Southwest,corn,RCP4.5-NF-hotter,2023,1.593392044
7,Southwest,corn,RCP4.5-NF-hotter,2024,1.357943682
7,Southwest,corn,RCP4.5-NF-hotter,2025,1.564455546
7,Southwest,corn,RCP4.5-NF-hotter,2026,1.481054317
7,Southwest,corn,RCP4.5-NF-hotter,2027,1.859937126
7,Southwest,corn,RCP4.5-NF-hotter,2028,1.461565653
7,Southwest,corn,RCP4.5-NF-hotter,2029,1.733712022
7,Southwest,corn,RCP4.5-NF-hotter,2030,2.058118793
7,Southwest,corn,RCP4.5-NF-hotter,2031,1.662959545
7,Southwest,corn,RCP4.5-NF-hotter,2032,1.633746522
7,Southwest,corn,RCP4.5-NF-hotter,2033,1.788309942
7,Southwest,corn,RCP4.5-NF-hotter,2034,2.169478541
7,Southwest,corn,RCP4.5-NF-hotter,2035,1.768854725
7,Southwest,corn,RCP4.5-NF-hotter,2036,1.930861662
7,Southwest,corn,RCP4.5-NF-hotter,2037,1.951580972
7,Southwest,corn,RCP4.5-NF-hotter,2038,1.713418487
7,Southwest,corn,RCP4.5-NF-hotter,2039,1.702810676
7,Southwest,corn,RCP4.5-NF-hotter,2040,2.167183228
7,Southwest,corn,RCP4.5-NF-hotter,2041,2.167534195
7,Southwest,corn,RCP4.5-NF-hotter,2042,2.479460778
7,Southwest,corn,RCP4.5-NF-hotter,2043,2.129103593
7,Southwest,corn,RCP4.5-NF-hotter,2044,2.262369352
7,Southwest,corn,RCP4.5-NF-hotter,2045,1.871698519
7,Southwest,corn,RCP4.5-NF-hotter,2046,2.229128104
7,Southwest,corn,RCP4.5-NF-hotter,2047,1.98813032
7,Southwest,corn,RCP4.5-NF-hotter,2048,1.698531386
7,Southwest,corn,RCP4.5-NF-hotter,2049,1.687058104
7,Southwest,corn,RCP4.5-NF-hotter,2050,1.918307113
7,Southwest,corn,RCP4.5-NF-hotter,2051,2.134937601
7,Southwest,corn,RCP4.5-NF-hotter,2052,2.372844327
7,Southwest,corn,RCP4.5-NF-hotter,2053,1.954949102
7,Southwest,corn,RCP4.5-NF-hotter,2054,2.055243599
7,Southwest,corn,RCP4.5-NF-hotter,2055,1.938929742
7,Southwest,corn,SSP5-8.5-NF-cooler,2021,2.296834554
7,Southwest,corn,SSP5-8.5-NF-cooler,2022,1.940308647
7,Southwest,corn,SSP5-8.5-NF-cooler,2023,2.20381395
7,Southwest,corn,SSP5-8.5-NF-cooler,2024,2.030164022
7,Southwest,corn,SSP5-8.5-NF-cooler,2025,2.148127861
7,Southwest,corn,SSP5-8.5-NF-cooler,2026,1.989815459
7,Southwest,corn,SSP5-8.5-NF-cooler,2027,2.012202216
7,Southwest,corn,SSP5-8.5-NF-cooler,2028,2.069698841
7,Southwest,corn,SSP5-8.5-NF-cooler,2029,2.212366501
7,Southwest,corn,SSP5-8.5-NF-cooler,2030,2.365621179
7,Southwest,corn,SSP5-8.5-NF-cooler,2031,2.285201795
7,Southwest,corn,SSP5-8.5-NF-cooler,2032,2.269214908
7,Southwest,corn,SSP5-8.5-NF-cooler,2033,2.209463098
7,Southwest,corn,SSP5-8.5-NF-cooler,2034,2.632055199
7,Southwest,corn,SSP5-8.5-NF-cooler,2035,2.232116126
7,Southwest,corn,SSP5-8.5-NF-cooler,2036,2.437633319
7,Southwest,corn,SSP5-8.5-NF-cooler,2037,2.490131285
7,Southwest,corn,SSP5-8.5-NF-cooler,2038,2.407341474
7,Southwest,corn,SSP5-8.5-NF-cooler,2039,2.661009169
7,Southwest,corn,SSP5-8.5-NF-cooler,2040,2.707575606
7,Southwest,corn,SSP5-8.5-NF-cooler,2041,2.715427937
7,Southwest,corn,SSP5-8.5-NF-cooler,2042,2.984824533
7,Southwest,corn,SSP5-8.5-NF-cooler,2043,2.67631015
7,Southwest,corn,SSP5-8.5-NF-cooler,2044,2.916314258
7,Southwest,corn,SSP5-8.5-NF-cooler,2045,2.652180413
7,Southwest,corn,SSP5-8.5-NF-cooler,2046,2.830185832
7,Southwest,corn,SSP5-8.5-NF-cooler,2047,2.675777518
7,Southwest,corn,SSP5-8.5-NF-cooler,2048,2.643793932
7,Southwest,corn,SSP5-8.5-NF-cooler,2049,2.598418017
7,Southwest,corn,SSP5-8.5-NF-cooler,2050,2.599854447
7,Southwest,corn,SSP5-8.5-NF-cooler,2051,2.617993498
7,Southwest,corn,SSP5-8.5-NF-cooler,2052,2.895956086
7,Southwest,corn,SSP5-8.5-NF-cooler,2053,2.883821339
7,Southwest,corn,SSP5-8.5-NF-cooler,2054,2.691396004
7,Southwest,corn,SSP5-8.5-NF-cooler,2055,2.301694262
7,Southwest,corn,SSP5-8.5-NF-hotter,2021,2.253428045
7,Southwest,corn,SSP5-8.5-NF-hotter,2022,1.817686991
7,Southwest,corn,SSP5-8.5-NF-hotter,2023,2.049910462
7,Southwest,corn,SSP5-8.5-NF-hotter,2024,2.135770061
7,Southwest,corn,SSP5-8.5-NF-hotter,2025,2.253043485
7,Southwest,corn,SSP5-8.5-NF-hotter,2026,2.183083902
7,Southwest,corn,SSP5-8.5-NF-hotter,2027,2.142238005
7,Southwest,corn,SSP5-8.5-NF-hotter,2028,2.268025581
7,Southwest,corn,SSP5-8.5-NF-hotter,2029,2.244768704
7,Southwest,corn,SSP5-8.5-NF-hotter,2030,2.357263054
7,Southwest,corn,SSP5-8.5-NF-hotter,2031,2.287321431
7,Southwest,corn,SSP5-8.5-NF-hotter,2032,2.35527856
7,Southwest,corn,SSP5-8.5-NF-hotter,2033,2.245336368
7,Southwest,corn,SSP5-8.5-NF-hotter,2034,2.675554254
7,Southwest,corn,SSP5-8.5-NF-hotter,2035,2.222194108
7,Southwest,corn,SSP5-8.5-NF-hotter,2036,2.534899225
7,Southwest,corn,SSP5-8.5-NF-hotter,2037,2.639876634
7,Southwest,corn,SSP5-8.5-NF-hotter,2038,2.502257054
7,Southwest,corn,SSP5-8.5-NF-hotter,2039,2.66183891
7,Southwest,corn,SSP5-8.5-NF-hotter,2040,2.739907679
7,Southwest,corn,SSP5-8.5-NF-hotter,2041,2.791896451
7,Southwest,corn,SSP5-8.5-NF-hotter,2042,2.957284803
7,Southwest,corn,SSP5-8.5-NF-hotter,2043,2.688835576
7,Southwest,corn,SSP5-8.5-NF-hotter,2044,2.944223917
7,Southwest,corn,SSP5-8.5-NF-hotter,2045,2.646158295
7,Southwest,corn,SSP5-8.5-NF-hotter,2046,2.911533238
7,Southwest,corn,SSP5-8.5-NF-hotter,2047,2.729035687
7,Southwest,corn,SSP5-8.5-NF-hotter,2048,2.491677095
7,Southwest,corn,SSP5-8.5-NF-hotter,2049,2.689404075
7,Southwest,corn,SSP5-8.5-NF-hotter,2050,2.537680358
7,Southwest,corn,SSP5-8.5-NF-hotter,2051,2.744413305
7,Southwest,corn,SSP5-8.5-NF-hotter,2052,2.880674907
7,Southwest,corn,SSP5-8.5-NF-hotter,2053,2.876512844
7,Southwest,corn,SSP5-8.5-NF-hotter,2054,2.822425046
7,Southwest,corn,SSP5-8.5-NF-hotter,2055,2.451009777
7,Southwest,corn,RCP8.5-NF-cooler,2021,1.683120377
7,Southwest,corn,RCP8.5-NF-cooler,2022,1.63288302
7,Southwest,corn,RCP8.5-NF-cooler,2023,1.689355819
7,Southwest,corn,RCP8.5-NF-cooler,2024,1.654251773
7,Southwest,corn,RCP8.5-NF-cooler,2025,1.611250619
7,Southwest,corn,RCP8.5-NF-cooler,2026,1.452414557
7,Southwest,corn,RCP8.5-NF-cooler,2027,1.730114156
7,Southwest,corn,RCP8.5-NF-cooler,2028,1.500302711
7,Southwest,corn,RCP8.5-NF-cooler,2029,1.557739493
7,Southwest,corn,RCP8.5-NF-cooler,2030,1.792741732
7,Southwest,corn,RCP8.5-NF-cooler,2031,1.816675167
7,Southwest,corn,RCP8.5-NF-cooler,2032,1.613972321
7,Southwest,corn,RCP8.5-NF-cooler,2033,1.74155577
7,Southwest,corn,RCP8.5-NF-cooler,2034,2.019198032
7,Southwest,corn,RCP8.5-NF-cooler,2035,1.763423804
7,Southwest,corn,RCP8.5-NF-cooler,2036,1.882387484
7,Southwest,corn,RCP8.5-NF-cooler,2037,1.92785153
7,Southwest,corn,RCP8.5-NF-cooler,2038,1.562455503
7,Southwest,corn,RCP8.5-NF-cooler,2039,1.8160512
7,Southwest,corn,RCP8.5-NF-cooler,2040,2.165541572
7,Southwest,corn,RCP8.5-NF-cooler,2041,1.955119263
7,Southwest,corn,RCP8.5-NF-cooler,2042,2.502236113
7,Southwest,corn,RCP8.5-NF-cooler,2043,2.101797227
7,Southwest,corn,RCP8.5-NF-cooler,2044,2.274880461
7,Southwest,corn,RCP8.5-NF-cooler,2045,1.753449055
7,Southwest,corn,RCP8.5-NF-cooler,2046,2.296617349
7,Southwest,corn,RCP8.5-NF-cooler,2047,2.068556966
7,Southwest,corn,RCP8.5-NF-cooler,2048,1.777626129
7,Southwest,corn,RCP8.5-NF-cooler,2049,1.736828198
7,Southwest,corn,RCP8.5-NF-cooler,2050,2.048310032
7,Southwest,corn,RCP8.5-NF-cooler,2051,2.051661078
7,Southwest,corn,RCP8.5-NF-cooler,2052,2.410361491
7,Southwest,corn,RCP8.5-NF-cooler,2053,2.17100335
7,Southwest,corn,RCP8.5-NF-cooler,2054,2.206030072
7,Southwest,corn,RCP8.5-NF-cooler,2055,1.878627628
7,Southwest,corn,RCP8.5-NF-hotter,2021,1.616189669
7,Southwest,corn,RCP8.5-NF-hotter,2022,1.296600308
7,Southwest,corn,RCP8.5-NF-hotter,2023,1.764370346
7,Southwest,corn,RCP8.5-NF-hotter,2024,1.521407713
7,Southwest,corn,RCP8.5-NF-hotter,2025,1.634940076
7,Southwest,corn,RCP8.5-NF-hotter,2026,1.569178908
7,Southwest,corn,RCP8.5-NF-hotter,2027,1.788420357
7,Southwest,corn,RCP8.5-NF-hotter,2028,1.545104221
7,Southwest,corn,RCP8.5-NF-hotter,2029,1.596429754
7,Southwest,corn,RCP8.5-NF-hotter,2030,1.89272589
7,Southwest,corn,RCP8.5-NF-hotter,2031,1.757569712
7,Southwest,corn,RCP8.5-NF-hotter,2032,1.777043632
7,Southwest,corn,RCP8.5-NF-hotter,2033,1.897161529
7,Southwest,corn,RCP8.5-NF-hotter,2034,2.074981367
7,Southwest,corn,RCP8.5-NF-hotter,2035,1.760315827
7,Southwest,corn,RCP8.5-NF-hotter,2036,1.916803127
7,Southwest,corn,RCP8.5-NF-hotter,2037,1.973952367
7,Southwest,corn,RCP8.5-NF-hotter,2038,1.869413546
7,Southwest,corn,RCP8.5-NF-hotter,2039,2.05337073
7,Southwest,corn,RCP8.5-NF-hotter,2040,2.375182745
7,Southwest,corn,RCP8.5-NF-hotter,2041,1.976937688
7,Southwest,corn,RCP8.5-NF-hotter,2042,2.542768483
7,Southwest,corn,RCP8.5-NF-hotter,2043,2.168180813
7,Southwest,corn,RCP8.5-NF-hotter,2044,2.387038982
7,Southwest,corn,RCP8.5-NF-hotter,2045,2.026570056
7,Southwest,corn,RCP8.5-NF-hotter,2046,2.315369675
7,Southwest,corn,RCP8.5-NF-hotter,2047,1.950133855
7,Southwest,corn,RCP8.5-NF-hotter,2048,1.997453366
7,Southwest,corn,RCP8.5-NF-hotter,2049,1.924425161
7,Southwest,corn,RCP8.5-NF-hotter,2050,1.909933293
7,Southwest,corn,RCP8.5-NF-hotter,2051,2.305755617
7,Southwest,corn,RCP8.5-NF-hotter,2052,2.361192238
7,Southwest,corn,RCP8.5-NF-hotter,2053,2.22548824
7,Southwest,corn,RCP8.5-NF-hotter,2054,2.152222662
7,Southwest,corn,RCP8.5-NF-hotter,2055,1.954702067
1,Northeast,soybean,hist,1981,1.328991928
1,Northeast,soybean,hist,1982,1.488804487
1,Northeast,soybean,hist,1983,1.373501794
1,Northeast,soybean,hist,1984,1.384171988
1,Northeast,soybean,hist,1985,1.533195588
1,Northeast,soybean,hist,1986,1.427247539
1,Northeast,soybean,hist,1987,2.087163483
1,Northeast,soybean,hist,1988,1.705689697
1,Northeast,soybean,hist,1989,1.596503193
1,Northeast,soybean,hist,1990,1.463002093
1,Northeast,soybean,hist,1991,2.142474711
1,Northeast,soybean,hist,1992,1.279629597
1,Northeast,soybean,hist,1993,1.609096371
1,Northeast,soybean,hist,1994,1.321859475
1,Northeast,soybean,hist,1995,1.673019302
1,Northeast,soybean,hist,1996,1.809448448
1,Northeast,soybean,hist,1997,1.837538597
1,Northeast,soybean,hist,1998,1.596527232
1,Northeast,soybean,hist,1999,2.055221193
1,Northeast,soybean,hist,2000,1.558712144
1,Northeast,soybean,hist,2001,1.659692196
1,Northeast,soybean,hist,2002,2.136006382
1,Northeast,soybean,hist,2003,1.560766452
1,Northeast,soybean,hist,2004,1.115343121
1,Northeast,soybean,hist,2005,1.425425734
1,Northeast,soybean,hist,2006,1.927482996
1,Northeast,soybean,hist,2007,1.653006316
1,Northeast,soybean,hist,2008,1.390499545
1,Northeast,soybean,hist,2009,1.225434973
1,Northeast,soybean,hist,2010,1.845126376
1,Northeast,soybean,hist,2011,1.166666099
1,Northeast,soybean,hist,2012,1.657356875
1,Northeast,soybean,hist,2013,1.240178222
1,Northeast,soybean,hist,2014,1.472748736
1,Northeast,soybean,hist,2015,1.558605342
2,Southeast,soybean,hist,1981,1.778686246
2,Southeast,soybean,hist,1982,1.267297393
2,Southeast,soybean,hist,1983,1.572232979
2,Southeast,soybean,hist,1984,1.199445824
2,Southeast,soybean,hist,1985,1.727740206
2,Southeast,soybean,hist,1986,1.813455746
2,Southeast,soybean,hist,1987,1.446348032
2,Southeast,soybean,hist,1988,1.927389837
2,Southeast,soybean,hist,1989,1.493003227
2,Southeast,soybean,hist,1990,1.763136833
2,Southeast,soybean,hist,1991,1.787100372
2,Southeast,soybean,hist,1992,1.249286552
2,Southeast,soybean,hist,1993,1.44425558
2,Southeast,soybean,hist,1994,1.379277214
2,Southeast,soybean,hist,1995,1.734489452
2,Southeast,soybean,hist,1996,1.401617733
2,Southeast,soybean,hist,1997,1.491911333
2,Southeast,soybean,hist,1998,1.462751087
2,Southeast,soybean,hist,1999,1.91907039
2,Southeast,soybean,hist,2000,1.664714849
2,Southeast,soybean,hist,2001,1.677276258
2,Southeast,soybean,hist,2002,1.832871747
2,Southeast,soybean,hist,2003,1.808022133
2,Southeast,soybean,hist,2004,1.775671152
2,Southeast,soybean,hist,2005,1.520564342
2,Southeast,soybean,hist,2006,1.770351413
2,Southeast,soybean,hist,2007,1.986265258
2,Southeast,soybean,hist,2008,1.498467717
2,Southeast,soybean,hist,2009,1.537996171
2,Southeast,soybean,hist,2010,1.595889204
2,Southeast,soybean,hist,2011,1.964934914
2,Southeast,soybean,hist,2012,1.99304622
2,Southeast,soybean,hist,2013,1.322583716
2,Southeast,soybean,hist,2014,1.385889682
2,Southeast,soybean,hist,2015,1.605879828
4,Midwest,soybean,hist,1981,2.010116272
4,Midwest,soybean,hist,1982,2.035235515
4,Midwest,soybean,hist,1983,1.563478558
4,Midwest,soybean,hist,1984,1.706780131
4,Midwest,soybean,hist,1985,1.299321782
4,Midwest,soybean,hist,1986,1.392983938
4,Midwest,soybean,hist,1987,1.556077585
4,Midwest,soybean,hist,1988,1.990105046
4,Midwest,soybean,hist,1989,1.78074153
4,Midwest,soybean,hist,1990,1.645392315
4,Midwest,soybean,hist,1991,1.637421784
4,Midwest,soybean,hist,1992,1.447504297
4,Midwest,soybean,hist,1993,1.362986914
4,Midwest,soybean,hist,1994,1.782031512
4,Midwest,soybean,hist,1995,1.702749692
4,Midwest,soybean,hist,1996,1.54562729
4,Midwest,soybean,hist,1997,1.721295379
4,Midwest,soybean,hist,1998,1.550734868
4,Midwest,soybean,hist,1999,1.764042501
4,Midwest,soybean,hist,2000,1.919499159
4,Midwest,soybean,hist,2001,1.501834552
4,Midwest,soybean,hist,2002,1.574150986
4,Midwest,soybean,hist,2003,2.092053371
4,Midwest,soybean,hist,2004,1.7008399
4,Midwest,soybean,hist,2005,1.592663495
4,Midwest,soybean,hist,2006,1.630427301
4,Midwest,soybean,hist,2007,1.43348363
4,Midwest,soybean,hist,2008,1.371622882
4,Midwest,soybean,hist,2009,1.423924894
4,Midwest,soybean,hist,2010,1.468299211
4,Midwest,soybean,hist,2011,1.557402101
4,Midwest,soybean,hist,2012,2.162895123
4,Midwest,soybean,hist,2013,1.937963466
4,Midwest,soybean,hist,2014,1.369970578
4,Midwest,soybean,hist,2015,1.710188699
5,N. Great Plains,soybean,hist,1981,2.245828499
5,N. Great Plains,soybean,hist,1982,1.396994051
5,N. Great Plains,soybean,hist,1983,1.177238033
5,N. Great Plains,soybean,hist,1984,1.6679166
5,N. Great Plains,soybean,hist,1985,1.300446195
5,N. Great Plains,soybean,hist,1986,1.197247671
5,N. Great Plains,soybean,hist,1987,1.403058096
5,N. Great Plains,soybean,hist,1988,2.047906118
5,N. Great Plains,soybean,hist,1989,1.712206917
5,N. Great Plains,soybean,hist,1990,1.765076069
5,N. Great Plains,soybean,hist,1991,1.425302932
5,N. Great Plains,soybean,hist,1992,1.411513405
5,N. Great Plains,soybean,hist,1993,1.188647837
5,N. Great Plains,soybean,hist,1994,1.418407326
5,N. Great Plains,soybean,hist,1995,1.138708029
5,N. Great Plains,soybean,hist,1996,1.354765011
5,N. Great Plains,soybean,hist,1997,1.218074671
5,N. Great Plains,soybean,hist,1998,1.574282554
5,N. Great Plains,soybean,hist,1999,1.338230466
5,N. Great Plains,soybean,hist,2000,2.014963855
5,N. Great Plains,soybean,hist,2001,1.384797059
5,N. Great Plains,soybean,hist,2002,1.783840692
5,N. Great Plains,soybean,hist,2003,2.067328555
5,N. Great Plains,soybean,hist,2004,1.948869869
5,N. Great Plains,soybean,hist,2005,1.666093501
5,N. Great Plains,soybean,hist,2006,1.810015284
5,N. Great Plains,soybean,hist,2007,1.481981762
5,N. Great Plains,soybean,hist,2008,1.478804101
5,N. Great Plains,soybean,hist,2009,1.231756427
5,N. Great Plains,soybean,hist,2010,1.270775045
5,N. Great Plains,soybean,hist,2011,1.507614446
5,N. Great Plains,soybean,hist,2012,1.819750136
5,N. Great Plains,soybean,hist,2013,1.50894627
5,N. Great Plains,soybean,hist,2014,1.345628828
5,N. Great Plains,soybean,hist,2015,1.288165021
6,S. Great Plains,soybean,hist,1981,1.320300539
6,S. Great Plains,soybean,hist,1982,1.280895839
6,S. Great Plains,soybean,hist,1983,1.534190663
6,S. Great Plains,soybean,hist,1984,1.654966212
6,S. Great Plains,soybean,hist,1985,1.204148085
6,S. Great Plains,soybean,hist,1986,1.409913856
6,S. Great Plains,soybean,hist,1987,1.275790353
6,S. Great Plains,soybean,hist,1988,1.442316625
6,S. Great Plains,soybean,hist,1989,2.405659638
6,S. Great Plains,soybean,hist,1990,1.823903988
6,S. Great Plains,soybean,hist,1991,1.769406719
6,S. Great Plains,soybean,hist,1992,1.607086148
6,S. Great Plains,soybean,hist,1993,1.80973357
6,S. Great Plains,soybean,hist,1994,1.501930729
6,S. Great Plains,soybean,hist,1995,1.545344532
6,S. Great Plains,soybean,hist,1996,1.577494098
6,S. Great Plains,soybean,hist,1997,1.335237259
6,S. Great Plains,soybean,hist,1998,1.37745357
6,S. Great Plains,soybean,hist,1999,1.73352064
6,S. Great Plains,soybean,hist,2000,2.157517425
6,S. Great Plains,soybean,hist,2001,1.32073325
6,S. Great Plains,soybean,hist,2002,1.671192971
6,S. Great Plains,soybean,hist,2003,1.913283271
6,S. Great Plains,soybean,hist,2004,1.589710988
6,S. Great Plains,soybean,hist,2005,1.562751227
6,S. Great Plains,soybean,hist,2006,1.97585385
6,S. Great Plains,soybean,hist,2007,1.566796641
6,S. Great Plains,soybean,hist,2008,1.685505855
6,S. Great Plains,soybean,hist,2009,1.561297229
6,S. Great Plains,soybean,hist,2010,1.212346682
6,S. Great Plains,soybean,hist,2011,1.721323869
6,S. Great Plains,soybean,hist,2012,2.039463712
6,S. Great Plains,soybean,hist,2013,1.676381293
6,S. Great Plains,soybean,hist,2014,1.752631854
6,S. Great Plains,soybean,hist,2015,1.272510871
8,Northwest,soybean,hist,1981,
8,Northwest,soybean,hist,1982,
8,Northwest,soybean,hist,1983,
8,Northwest,soybean,hist,1984,
8,Northwest,soybean,hist,1985,
8,Northwest,soybean,hist,1986,
8,Northwest,soybean,hist,1987,
8,Northwest,soybean,hist,1988,
8,Northwest,soybean,hist,1989,
8,Northwest,soybean,hist,1990,
8,Northwest,soybean,hist,1991,
8,Northwest,soybean,hist,1992,
8,Northwest,soybean,hist,1993,
8,Northwest,soybean,hist,1994,
8,Northwest,soybean,hist,1995,
8,Northwest,soybean,hist,1996,
8,Northwest,soybean,hist,1997,
8,Northwest,soybean,hist,1998,
8,Northwest,soybean,hist,1999,
8,Northwest,soybean,hist,2000,
8,Northwest,soybean,hist,2001,
8,Northwest,soybean,hist,2002,
8,Northwest,soybean,hist,2003,
8,Northwest,soybean,hist,2004,
8,Northwest,soybean,hist,2005,
8,Northwest,soybean,hist,2006,
8,Northwest,soybean,hist,2007,
8,Northwest,soybean,hist,2008,
8,Northwest,soybean,hist,2009,
8,Northwest,soybean,hist,2010,
8,Northwest,soybean,hist,2011,
8,Northwest,soybean,hist,2012,
8,Northwest,soybean,hist,2013,
8,Northwest,soybean,hist,2014,
8,Northwest,soybean,hist,2015,
7,Southwest,soybean,hist,1981,1.20701111
7,Southwest,soybean,hist,1982,1.626180504
7,Southwest,soybean,hist,1983,1.16828166
7,Southwest,soybean,hist,1984,1.956581811
7,Southwest,soybean,hist,1985,1.364758995
7,Southwest,soybean,hist,1986,2.082061426
7,Southwest,soybean,hist,1987,
7,Southwest,soybean,hist,1988,1.155662177
7,Southwest,soybean,hist,1989,1.314305899
7,Southwest,soybean,hist,1990,1.700887303
7,Southwest,soybean,hist,1991,1.282375939
7,Southwest,soybean,hist,1992,1.207435083
7,Southwest,soybean,hist,1993,1.116424382
7,Southwest,soybean,hist,1994,1.504171807
7,Southwest,soybean,hist,1995,1.361606206
7,Southwest,soybean,hist,1996,1.65203354
7,Southwest,soybean,hist,1997,1.627276241
7,Southwest,soybean,hist,1998,1.597219367
7,Southwest,soybean,hist,1999,1.191968964
7,Southwest,soybean,hist,2000,1.660143358
7,Southwest,soybean,hist,2001,1.2925091
7,Southwest,soybean,hist,2002,1.975939612
7,Southwest,soybean,hist,2003,1.551908407
7,Southwest,soybean,hist,2004,1.804340151
7,Southwest,soybean,hist,2005,1.926023754
7,Southwest,soybean,hist,2006,1.902770186
7,Southwest,soybean,hist,2007,1.199320034
7,Southwest,soybean,hist,2008,1.408550175
7,Southwest,soybean,hist,2009,1.278688166
7,Southwest,soybean,hist,2010,1.542072073
7,Southwest,soybean,hist,2011,2.066142427
7,Southwest,soybean,hist,2012,2.03631076
7,Southwest,soybean,hist,2013,1.579158218
7,Southwest,soybean,hist,2014,1.780577183
7,Southwest,soybean,hist,2015,1.316739253
1,Northeast,soybean,SSP3-4.5-NF-cooler,2021,1.550528611
1,Northeast,soybean,SSP3-4.5-NF-cooler,2022,1.59591388
1,Northeast,soybean,SSP3-4.5-NF-cooler,2023,1.23471253
1,Northeast,soybean,SSP3-4.5-NF-cooler,2024,1.1972877
1,Northeast,soybean,SSP3-4.5-NF-cooler,2025,1.924691529
1,Northeast,soybean,SSP3-4.5-NF-cooler,2026,1.386158877
1,Northeast,soybean,SSP3-4.5-NF-cooler,2027,2.019592507
1,Northeast,soybean,SSP3-4.5-NF-cooler,2028,1.455437779
1,Northeast,soybean,SSP3-4.5-NF-cooler,2029,1.099505305
1,Northeast,soybean,SSP3-4.5-NF-cooler,2030,1.163528313
1,Northeast,soybean,SSP3-4.5-NF-cooler,2031,2.049777925
1,Northeast,soybean,SSP3-4.5-NF-cooler,2032,1.590881073
1,Northeast,soybean,SSP3-4.5-NF-cooler,2033,1.473575517
1,Northeast,soybean,SSP3-4.5-NF-cooler,2034,1.526141412
1,Northeast,soybean,SSP3-4.5-NF-cooler,2035,1.530995084
1,Northeast,soybean,SSP3-4.5-NF-cooler,2036,
1,Northeast,soybean,SSP3-4.5-NF-cooler,2037,1.647680336
1,Northeast,soybean,SSP3-4.5-NF-cooler,2038,1.555114021
1,Northeast,soybean,SSP3-4.5-NF-cooler,2039,1.990656193
1,Northeast,soybean,SSP3-4.5-NF-cooler,2040,1.357445538
1,Northeast,soybean,SSP3-4.5-NF-cooler,2041,1.783446891
1,Northeast,soybean,SSP3-4.5-NF-cooler,2042,1.981752044
1,Northeast,soybean,SSP3-4.5-NF-cooler,2043,1.369214574
1,Northeast,soybean,SSP3-4.5-NF-cooler,2044,1.862363948
1,Northeast,soybean,SSP3-4.5-NF-cooler,2045,1.548422082
1,Northeast,soybean,SSP3-4.5-NF-cooler,2046,1.962951988
1,Northeast,soybean,SSP3-4.5-NF-cooler,2047,1.617474136
1,Northeast,soybean,SSP3-4.5-NF-cooler,2048,2.033685953
1,Northeast,soybean,SSP3-4.5-NF-cooler,2049,1.420287029
1,Northeast,soybean,SSP3-4.5-NF-cooler,2050,1.813103807
1,Northeast,soybean,SSP3-4.5-NF-cooler,2051,1.447855858
1,Northeast,soybean,SSP3-4.5-NF-cooler,2052,1.725881289
1,Northeast,soybean,SSP3-4.5-NF-cooler,2053,1.478744408
1,Northeast,soybean,SSP3-4.5-NF-cooler,2054,2.034765063
1,Northeast,soybean,SSP3-4.5-NF-cooler,2055,1.846964303
1,Northeast,soybean,SSP3-4.5-NF-hotter,2021,1.54959386
1,Northeast,soybean,SSP3-4.5-NF-hotter,2022,1.398428098
1,Northeast,soybean,SSP3-4.5-NF-hotter,2023,1.363015784
1,Northeast,soybean,SSP3-4.5-NF-hotter,2024,1.183050156
1,Northeast,soybean,SSP3-4.5-NF-hotter,2025,2.027911646
1,Northeast,soybean,SSP3-4.5-NF-hotter,2026,1.582553661
1,Northeast,soybean,SSP3-4.5-NF-hotter,2027,1.717205345
1,Northeast,soybean,SSP3-4.5-NF-hotter,2028,1.544056722
1,Northeast,soybean,SSP3-4.5-NF-hotter,2029,
1,Northeast,soybean,SSP3-4.5-NF-hotter,2030,1.215666454
1,Northeast,soybean,SSP3-4.5-NF-hotter,2031,2.240379711
1,Northeast,soybean,SSP3-4.5-NF-hotter,2032,1.820946059
1,Northeast,soybean,SSP3-4.5-NF-hotter,2033,1.740519591
1,Northeast,soybean,SSP3-4.5-NF-hotter,2034,1.331790154
1,Northeast,soybean,SSP3-4.5-NF-hotter,2035,1.626626167
1,Northeast,soybean,SSP3-4.5-NF-hotter,2036,1.317944527
1,Northeast,soybean,SSP3-4.5-NF-hotter,2037,1.51610886
1,Northeast,soybean,SSP3-4.5-NF-hotter,2038,1.634798771
1,Northeast,soybean,SSP3-4.5-NF-hotter,2039,2.359766204
1,Northeast,soybean,SSP3-4.5-NF-hotter,2040,1.729275688
1,Northeast,soybean,SSP3-4.5-NF-hotter,2041,1.810284128
1,Northeast,soybean,SSP3-4.5-NF-hotter,2042,1.995184146
1,Northeast,soybean,SSP3-4.5-NF-hotter,2043,1.973610235
1,Northeast,soybean,SSP3-4.5-NF-hotter,2044,1.499937226
1,Northeast,soybean,SSP3-4.5-NF-hotter,2045,1.843862343
1,Northeast,soybean,SSP3-4.5-NF-hotter,2046,1.950827806
1,Northeast,soybean,SSP3-4.5-NF-hotter,2047,1.762144996
1,Northeast,soybean,SSP3-4.5-NF-hotter,2048,1.613233462
1,Northeast,soybean,SSP3-4.5-NF-hotter,2049,1.524774094
1,Northeast,soybean,SSP3-4.5-NF-hotter,2050,1.705413427
1,Northeast,soybean,SSP3-4.5-NF-hotter,2051,1.408607452
1,Northeast,soybean,SSP3-4.5-NF-hotter,2052,1.962621465
1,Northeast,soybean,SSP3-4.5-NF-hotter,2053,1.669263125
1,Northeast,soybean,SSP3-4.5-NF-hotter,2054,1.808503165
1,Northeast,soybean,SSP3-4.5-NF-hotter,2055,1.653283036
1,Northeast,soybean,RCP4.5-NF-cooler,2021,1.522272272
1,Northeast,soybean,RCP4.5-NF-cooler,2022,1.49375125
1,Northeast,soybean,RCP4.5-NF-cooler,2023,1.426086841
1,Northeast,soybean,RCP4.5-NF-cooler,2024,1.245588598
1,Northeast,soybean,RCP4.5-NF-cooler,2025,1.638991844
1,Northeast,soybean,RCP4.5-NF-cooler,2026,1.550830017
1,Northeast,soybean,RCP4.5-NF-cooler,2027,2.248433112
1,Northeast,soybean,RCP4.5-NF-cooler,2028,1.657496637
1,Northeast,soybean,RCP4.5-NF-cooler,2029,1.341623127
1,Northeast,soybean,RCP4.5-NF-cooler,2030,1.668791553
1,Northeast,soybean,RCP4.5-NF-cooler,2031,1.923328328
1,Northeast,soybean,RCP4.5-NF-cooler,2032,1.526670627
1,Northeast,soybean,RCP4.5-NF-cooler,2033,1.516242822
1,Northeast,soybean,RCP4.5-NF-cooler,2034,1.202088063
1,Northeast,soybean,RCP4.5-NF-cooler,2035,1.581026907
1,Northeast,soybean,RCP4.5-NF-cooler,2036,1.089792709
1,Northeast,soybean,RCP4.5-NF-cooler,2037,1.59552924
1,Northeast,soybean,RCP4.5-NF-cooler,2038,1.718253951
1,Northeast,soybean,RCP4.5-NF-cooler,2039,1.802424101
1,Northeast,soybean,RCP4.5-NF-cooler,2040,1.864114176
1,Northeast,soybean,RCP4.5-NF-cooler,2041,1.657603802
1,Northeast,soybean,RCP4.5-NF-cooler,2042,1.95365879
1,Northeast,soybean,RCP4.5-NF-cooler,2043,1.267769932
1,Northeast,soybean,RCP4.5-NF-cooler,2044,1.350493531
1,Northeast,soybean,RCP4.5-NF-cooler,2045,1.458415311
1,Northeast,soybean,RCP4.5-NF-cooler,2046,1.965121652
1,Northeast,soybean,RCP4.5-NF-cooler,2047,1.491236332
1,Northeast,soybean,RCP4.5-NF-cooler,2048,1.320973005
1,Northeast,soybean,RCP4.5-NF-cooler,2049,1.225285471
1,Northeast,soybean,RCP4.5-NF-cooler,2050,2.045485836
1,Northeast,soybean,RCP4.5-NF-cooler,2051,1.413753726
1,Northeast,soybean,RCP4.5-NF-cooler,2052,1.820664845
1,Northeast,soybean,RCP4.5-NF-cooler,2053,1.746711296
1,Northeast,soybean,RCP4.5-NF-cooler,2054,1.377188935
1,Northeast,soybean,RCP4.5-NF-cooler,2055,1.75076242
1,Northeast,soybean,RCP4.5-NF-hotter,2021,1.652700868
1,Northeast,soybean,RCP4.5-NF-hotter,2022,1.461074529
1,Northeast,soybean,RCP4.5-NF-hotter,2023,1.458858891
1,Northeast,soybean,RCP4.5-NF-hotter,2024,1.331337914
1,Northeast,soybean,RCP4.5-NF-hotter,2025,1.74810598
1,Northeast,soybean,RCP4.5-NF-hotter,2026,1.691959179
1,Northeast,soybean,RCP4.5-NF-hotter,2027,2.122055905
1,Northeast,soybean,RCP4.5-NF-hotter,2028,1.834615806
1,Northeast,soybean,RCP4.5-NF-hotter,2029,1.468599783
1,Northeast,soybean,RCP4.5-NF-hotter,2030,1.792295292
1,Northeast,soybean,RCP4.5-NF-hotter,2031,2.192441665
1,Northeast,soybean,RCP4.5-NF-hotter,2032,1.796814679
1,Northeast,soybean,RCP4.5-NF-hotter,2033,1.655206528
1,Northeast,soybean,RCP4.5-NF-hotter,2034,1.217259409
1,Northeast,soybean,RCP4.5-NF-hotter,2035,1.588201921
1,Northeast,soybean,RCP4.5-NF-hotter,2036,1.363500091
1,Northeast,soybean,RCP4.5-NF-hotter,2037,1.621479394
1,Northeast,soybean,RCP4.5-NF-hotter,2038,1.72539834
1,Northeast,soybean,RCP4.5-NF-hotter,2039,2.109421051
1,Northeast,soybean,RCP4.5-NF-hotter,2040,2.142455547
1,Northeast,soybean,RCP4.5-NF-hotter,2041,2.011838075
1,Northeast,soybean,RCP4.5-NF-hotter,2042,2.308534227
1,Northeast,soybean,RCP4.5-NF-hotter,2043,1.617463554
1,Northeast,soybean,RCP4.5-NF-hotter,2044,1.454205691
1,Northeast,soybean,RCP4.5-NF-hotter,2045,1.774694566
1,Northeast,soybean,RCP4.5-NF-hotter,2046,1.990790314
1,Northeast,soybean,RCP4.5-NF-hotter,2047,1.709542015
1,Northeast,soybean,RCP4.5-NF-hotter,2048,1.406626049
1,Northeast,soybean,RCP4.5-NF-hotter,2049,1.400611158
1,Northeast,soybean,RCP4.5-NF-hotter,2050,1.977280987
1,Northeast,soybean,RCP4.5-NF-hotter,2051,1.729505841
1,Northeast,soybean,RCP4.5-NF-hotter,2052,1.990457886
1,Northeast,soybean,RCP4.5-NF-hotter,2053,1.759992026
1,Northeast,soybean,RCP4.5-NF-hotter,2054,1.442172236
1,Northeast,soybean,RCP4.5-NF-hotter,2055,1.675895666
1,Northeast,soybean,SSP5-8.5-NF-cooler,2021,1.297188648
1,Northeast,soybean,SSP5-8.5-NF-cooler,2022,1.572902322
1,Northeast,soybean,SSP5-8.5-NF-cooler,2023,1.462995236
1,Northeast,soybean,SSP5-8.5-NF-cooler,2024,1.18847974
1,Northeast,soybean,SSP5-8.5-NF-cooler,2025,2.022334717
1,Northeast,soybean,SSP5-8.5-NF-cooler,2026,1.42858935
1,Northeast,soybean,SSP5-8.5-NF-cooler,2027,2.094192954
1,Northeast,soybean,SSP5-8.5-NF-cooler,2028,1.505372103
1,Northeast,soybean,SSP5-8.5-NF-cooler,2029,
1,Northeast,soybean,SSP5-8.5-NF-cooler,2030,1.362928816
1,Northeast,soybean,SSP5-8.5-NF-cooler,2031,2.315459223
1,Northeast,soybean,SSP5-8.5-NF-cooler,2032,1.670758542
1,Northeast,soybean,SSP5-8.5-NF-cooler,2033,1.500468196
1,Northeast,soybean,SSP5-8.5-NF-cooler,2034,1.29703556
1,Northeast,soybean,SSP5-8.5-NF-cooler,2035,1.479416931
1,Northeast,soybean,SSP5-8.5-NF-cooler,2036,
1,Northeast,soybean,SSP5-8.5-NF-cooler,2037,1.610145235
1,Northeast,soybean,SSP5-8.5-NF-cooler,2038,1.8689889
1,Northeast,soybean,SSP5-8.5-NF-cooler,2039,2.152214887
1,Northeast,soybean,SSP5-8.5-NF-cooler,2040,1.561254784
1,Northeast,soybean,SSP5-8.5-NF-cooler,2041,1.806493406
1,Northeast,soybean,SSP5-8.5-NF-cooler,2042,1.918535004
1,Northeast,soybean,SSP5-8.5-NF-cooler,2043,2.366678982
1,Northeast,soybean,SSP5-8.5-NF-cooler,2044,1.58848686
1,Northeast,soybean,SSP5-8.5-NF-cooler,2045,1.637128347
1,Northeast,soybean,SSP5-8.5-NF-cooler,2046,1.869483919
1,Northeast,soybean,SSP5-8.5-NF-cooler,2047,1.691378386
1,Northeast,soybean,SSP5-8.5-NF-cooler,2048,1.450101155
1,Northeast,soybean,SSP5-8.5-NF-cooler,2049,1.431358901
1,Northeast,soybean,SSP5-8.5-NF-cooler,2050,1.839476483
1,Northeast,soybean,SSP5-8.5-NF-cooler,2051,1.470891017
1,Northeast,soybean,SSP5-8.5-NF-cooler,2052,1.584055772
1,Northeast,soybean,SSP5-8.5-NF-cooler,2053,1.769558138
1,Northeast,soybean,SSP5-8.5-NF-cooler,2054,1.344867255
1,Northeast,soybean,SSP5-8.5-NF-cooler,2055,1.765747825
1,Northeast,soybean,SSP5-8.5-NF-hotter,2021,1.525046794
1,Northeast,soybean,SSP5-8.5-NF-hotter,2022,1.46511038
1,Northeast,soybean,SSP5-8.5-NF-hotter,2023,1.228083388
1,Northeast,soybean,SSP5-8.5-NF-hotter,2024,1.379178403
1,Northeast,soybean,SSP5-8.5-NF-hotter,2025,2.038358682
1,Northeast,soybean,SSP5-8.5-NF-hotter,2026,1.446586269
1,Northeast,soybean,SSP5-8.5-NF-hotter,2027,1.865353199
1,Northeast,soybean,SSP5-8.5-NF-hotter,2028,1.631128229
1,Northeast,soybean,SSP5-8.5-NF-hotter,2029,
1,Northeast,soybean,SSP5-8.5-NF-hotter,2030,1.49677786
1,Northeast,soybean,SSP5-8.5-NF-hotter,2031,2.318323681
1,Northeast,soybean,SSP5-8.5-NF-hotter,2032,1.827950862
1,Northeast,soybean,SSP5-8.5-NF-hotter,2033,1.866849524
1,Northeast,soybean,SSP5-8.5-NF-hotter,2034,1.610740308
1,Northeast,soybean,SSP5-8.5-NF-hotter,2035,1.795188383
1,Northeast,soybean,SSP5-8.5-NF-hotter,2036,1.235588054
1,Northeast,soybean,SSP5-8.5-NF-hotter,2037,1.659644699
1,Northeast,soybean,SSP5-8.5-NF-hotter,2038,1.715657611
1,Northeast,soybean,SSP5-8.5-NF-hotter,2039,2.209014854
1,Northeast,soybean,SSP5-8.5-NF-hotter,2040,1.996114687
1,Northeast,soybean,SSP5-8.5-NF-hotter,2041,2.180466246
1,Northeast,soybean,SSP5-8.5-NF-hotter,2042,2.178757254
1,Northeast,soybean,SSP5-8.5-NF-hotter,2043,2.143383348
1,Northeast,soybean,SSP5-8.5-NF-hotter,2044,1.633115292
1,Northeast,soybean,SSP5-8.5-NF-hotter,2045,1.669928389
1,Northeast,soybean,SSP5-8.5-NF-hotter,2046,2.122342034
1,Northeast,soybean,SSP5-8.5-NF-hotter,2047,1.601249132
1,Northeast,soybean,SSP5-8.5-NF-hotter,2048,1.637906563
1,Northeast,soybean,SSP5-8.5-NF-hotter,2049,1.303079427
1,Northeast,soybean,SSP5-8.5-NF-hotter,2050,2.097331288
1,Northeast,soybean,SSP5-8.5-NF-hotter,2051,1.853302323
1,Northeast,soybean,SSP5-8.5-NF-hotter,2052,1.945811702
1,Northeast,soybean,SSP5-8.5-NF-hotter,2053,2.050189864
1,Northeast,soybean,SSP5-8.5-NF-hotter,2054,1.254025151
1,Northeast,soybean,SSP5-8.5-NF-hotter,2055,1.858563755
1,Northeast,soybean,RCP8.5-NF-cooler,2021,1.40945177
1,Northeast,soybean,RCP8.5-NF-cooler,2022,1.431661842
1,Northeast,soybean,RCP8.5-NF-cooler,2023,1.397481792
1,Northeast,soybean,RCP8.5-NF-cooler,2024,1.35065276
1,Northeast,soybean,RCP8.5-NF-cooler,2025,1.676196322
1,Northeast,soybean,RCP8.5-NF-cooler,2026,1.435789639
1,Northeast,soybean,RCP8.5-NF-cooler,2027,2.213179078
1,Northeast,soybean,RCP8.5-NF-cooler,2028,1.704488614
1,Northeast,soybean,RCP8.5-NF-cooler,2029,1.511096409
1,Northeast,soybean,RCP8.5-NF-cooler,2030,1.588066967
1,Northeast,soybean,RCP8.5-NF-cooler,2031,2.234332539
1,Northeast,soybean,RCP8.5-NF-cooler,2032,1.408116183
1,Northeast,soybean,RCP8.5-NF-cooler,2033,1.476611987
1,Northeast,soybean,RCP8.5-NF-cooler,2034,1.14072901
1,Northeast,soybean,RCP8.5-NF-cooler,2035,1.677704854
1,Northeast,soybean,RCP8.5-NF-cooler,2036,1.282063735
1,Northeast,soybean,RCP8.5-NF-cooler,2037,1.579954194
1,Northeast,soybean,RCP8.5-NF-cooler,2038,1.66422823
1,Northeast,soybean,RCP8.5-NF-cooler,2039,2.025351881
1,Northeast,soybean,RCP8.5-NF-cooler,2040,2.048907678
1,Northeast,soybean,RCP8.5-NF-cooler,2041,1.730809693
1,Northeast,soybean,RCP8.5-NF-cooler,2042,2.11960253
1,Northeast,soybean,RCP8.5-NF-cooler,2043,1.635521123
1,Northeast,soybean,RCP8.5-NF-cooler,2044,1.366641525
1,Northeast,soybean,RCP8.5-NF-cooler,2045,1.446865175
1,Northeast,soybean,RCP8.5-NF-cooler,2046,1.875621148
1,Northeast,soybean,RCP8.5-NF-cooler,2047,1.631248798
1,Northeast,soybean,RCP8.5-NF-cooler,2048,1.20916968
1,Northeast,soybean,RCP8.5-NF-cooler,2049,1.260175647
1,Northeast,soybean,RCP8.5-NF-cooler,2050,2.117091644
1,Northeast,soybean,RCP8.5-NF-cooler,2051,1.350675233
1,Northeast,soybean,RCP8.5-NF-cooler,2052,1.97924023
1,Northeast,soybean,RCP8.5-NF-cooler,2053,1.763902948
1,Northeast,soybean,RCP8.5-NF-cooler,2054,1.423403663
1,Northeast,soybean,RCP8.5-NF-cooler,2055,1.850191232
1,Northeast,soybean,RCP8.5-NF-hotter,2021,1.545251214
1,Northeast,soybean,RCP8.5-NF-hotter,2022,1.5282214
1,Northeast,soybean,RCP8.5-NF-hotter,2023,1.3439626
1,Northeast,soybean,RCP8.5-NF-hotter,2024,1.224114951
1,Northeast,soybean,RCP8.5-NF-hotter,2025,1.752642414
1,Northeast,soybean,RCP8.5-NF-hotter,2026,1.516419077
1,Northeast,soybean,RCP8.5-NF-hotter,2027,2.090192589
1,Northeast,soybean,RCP8.5-NF-hotter,2028,1.721404981
1,Northeast,soybean,RCP8.5-NF-hotter,2029,1.449418864
1,Northeast,soybean,RCP8.5-NF-hotter,2030,1.62610822
1,Northeast,soybean,RCP8.5-NF-hotter,2031,2.267391085
1,Northeast,soybean,RCP8.5-NF-hotter,2032,1.704401548
1,Northeast,soybean,RCP8.5-NF-hotter,2033,1.686135824
1,Northeast,soybean,RCP8.5-NF-hotter,2034,1.204434695
1,Northeast,soybean,RCP8.5-NF-hotter,2035,1.799063892
1,Northeast,soybean,RCP8.5-NF-hotter,2036,1.659788172
1,Northeast,soybean,RCP8.5-NF-hotter,2037,1.554459075
1,Northeast,soybean,RCP8.5-NF-hotter,2038,1.804769902
1,Northeast,soybean,RCP8.5-NF-hotter,2039,2.09370994
1,Northeast,soybean,RCP8.5-NF-hotter,2040,2.250093859
1,Northeast,soybean,RCP8.5-NF-hotter,2041,2.229135327
1,Northeast,soybean,RCP8.5-NF-hotter,2042,2.309026444
1,Northeast,soybean,RCP8.5-NF-hotter,2043,1.423983622
1,Northeast,soybean,RCP8.5-NF-hotter,2044,1.564114421
1,Northeast,soybean,RCP8.5-NF-hotter,2045,1.645255333
1,Northeast,soybean,RCP8.5-NF-hotter,2046,2.236816356
1,Northeast,soybean,RCP8.5-NF-hotter,2047,1.701296493
1,Northeast,soybean,RCP8.5-NF-hotter,2048,1.58266872
1,Northeast,soybean,RCP8.5-NF-hotter,2049,1.580331657
1,Northeast,soybean,RCP8.5-NF-hotter,2050,2.197009152
1,Northeast,soybean,RCP8.5-NF-hotter,2051,1.621558494
1,Northeast,soybean,RCP8.5-NF-hotter,2052,2.011137083
1,Northeast,soybean,RCP8.5-NF-hotter,2053,2.079834989
1,Northeast,soybean,RCP8.5-NF-hotter,2054,1.269708682
1,Northeast,soybean,RCP8.5-NF-hotter,2055,1.878178514
2,Southeast,soybean,SSP3-4.5-NF-cooler,2021,1.780370403
2,Southeast,soybean,SSP3-4.5-NF-cooler,2022,1.738566293
2,Southeast,soybean,SSP3-4.5-NF-cooler,2023,1.580198045
2,Southeast,soybean,SSP3-4.5-NF-cooler,2024,1.457461981
2,Southeast,soybean,SSP3-4.5-NF-cooler,2025,1.592370974
2,Southeast,soybean,SSP3-4.5-NF-cooler,2026,1.865463338
2,Southeast,soybean,SSP3-4.5-NF-cooler,2027,1.562882188
2,Southeast,soybean,SSP3-4.5-NF-cooler,2028,1.776979732
2,Southeast,soybean,SSP3-4.5-NF-cooler,2029,1.117627832
2,Southeast,soybean,SSP3-4.5-NF-cooler,2030,1.756487435
2,Southeast,soybean,SSP3-4.5-NF-cooler,2031,1.429685073
2,Southeast,soybean,SSP3-4.5-NF-cooler,2032,1.531248539
2,Southeast,soybean,SSP3-4.5-NF-cooler,2033,1.534971669
2,Southeast,soybean,SSP3-4.5-NF-cooler,2034,1.517437044
2,Southeast,soybean,SSP3-4.5-NF-cooler,2035,1.597043651
2,Southeast,soybean,SSP3-4.5-NF-cooler,2036,1.829855384
2,Southeast,soybean,SSP3-4.5-NF-cooler,2037,1.964573884
2,Southeast,soybean,SSP3-4.5-NF-cooler,2038,1.652916621
2,Southeast,soybean,SSP3-4.5-NF-cooler,2039,1.600316486
2,Southeast,soybean,SSP3-4.5-NF-cooler,2040,1.815944445
2,Southeast,soybean,SSP3-4.5-NF-cooler,2041,1.912190458
2,Southeast,soybean,SSP3-4.5-NF-cooler,2042,1.68311251
2,Southeast,soybean,SSP3-4.5-NF-cooler,2043,1.715088834
2,Southeast,soybean,SSP3-4.5-NF-cooler,2044,1.570894643
2,Southeast,soybean,SSP3-4.5-NF-cooler,2045,1.665945851
2,Southeast,soybean,SSP3-4.5-NF-cooler,2046,2.171287288
2,Southeast,soybean,SSP3-4.5-NF-cooler,2047,2.115869129
2,Southeast,soybean,SSP3-4.5-NF-cooler,2048,1.914931894
2,Southeast,soybean,SSP3-4.5-NF-cooler,2049,1.821437674
2,Southeast,soybean,SSP3-4.5-NF-cooler,2050,1.595121845
2,Southeast,soybean,SSP3-4.5-NF-cooler,2051,2.008286703
2,Southeast,soybean,SSP3-4.5-NF-cooler,2052,2.268773429
2,Southeast,soybean,SSP3-4.5-NF-cooler,2053,1.898599341
2,Southeast,soybean,SSP3-4.5-NF-cooler,2054,1.802402194
2,Southeast,soybean,SSP3-4.5-NF-cooler,2055,1.624437928
2,Southeast,soybean,SSP3-4.5-NF-hotter,2021,1.766677764
2,Southeast,soybean,SSP3-4.5-NF-hotter,2022,1.785553432
2,Southeast,soybean,SSP3-4.5-NF-hotter,2023,1.834802865
2,Southeast,soybean,SSP3-4.5-NF-hotter,2024,1.466845719
2,Southeast,soybean,SSP3-4.5-NF-hotter,2025,1.592686407
2,Southeast,soybean,SSP3-4.5-NF-hotter,2026,1.868254972
2,Southeast,soybean,SSP3-4.5-NF-hotter,2027,1.534584427
2,Southeast,soybean,SSP3-4.5-NF-hotter,2028,1.857485522
2,Southeast,soybean,SSP3-4.5-NF-hotter,2029,1.715892951
2,Southeast,soybean,SSP3-4.5-NF-hotter,2030,1.695076829
2,Southeast,soybean,SSP3-4.5-NF-hotter,2031,1.493862226
2,Southeast,soybean,SSP3-4.5-NF-hotter,2032,1.672114985
2,Southeast,soybean,SSP3-4.5-NF-hotter,2033,1.590822343
2,Southeast,soybean,SSP3-4.5-NF-hotter,2034,1.649787718
2,Southeast,soybean,SSP3-4.5-NF-hotter,2035,1.71966122
2,Southeast,soybean,SSP3-4.5-NF-hotter,2036,1.928347308
2,Southeast,soybean,SSP3-4.5-NF-hotter,2037,2.065362362
2,Southeast,soybean,SSP3-4.5-NF-hotter,2038,1.619221544
2,Southeast,soybean,SSP3-4.5-NF-hotter,2039,1.792658246
2,Southeast,soybean,SSP3-4.5-NF-hotter,2040,1.944203483
2,Southeast,soybean,SSP3-4.5-NF-hotter,2041,2.010421273
2,Southeast,soybean,SSP3-4.5-NF-hotter,2042,1.794395067
2,Southeast,soybean,SSP3-4.5-NF-hotter,2043,1.745391316
2,Southeast,soybean,SSP3-4.5-NF-hotter,2044,1.862427729
2,Southeast,soybean,SSP3-4.5-NF-hotter,2045,1.900145387
2,Southeast,soybean,SSP3-4.5-NF-hotter,2046,2.10818312
2,Southeast,soybean,SSP3-4.5-NF-hotter,2047,2.182111242
2,Southeast,soybean,SSP3-4.5-NF-hotter,2048,1.880453498
2,Southeast,soybean,SSP3-4.5-NF-hotter,2049,1.767475912
2,Southeast,soybean,SSP3-4.5-NF-hotter,2050,1.631089559
2,Southeast,soybean,SSP3-4.5-NF-hotter,2051,1.972936695
2,Southeast,soybean,SSP3-4.5-NF-hotter,2052,2.321065951
2,Southeast,soybean,SSP3-4.5-NF-hotter,2053,1.873929533
2,Southeast,soybean,SSP3-4.5-NF-hotter,2054,1.680355593
2,Southeast,soybean,SSP3-4.5-NF-hotter,2055,1.612989673
2,Southeast,soybean,RCP4.5-NF-cooler,2021,1.761732841
2,Southeast,soybean,RCP4.5-NF-cooler,2022,1.627325512
2,Southeast,soybean,RCP4.5-NF-cooler,2023,1.500055108
2,Southeast,soybean,RCP4.5-NF-cooler,2024,1.347589877
2,Southeast,soybean,RCP4.5-NF-cooler,2025,1.499403431
2,Southeast,soybean,RCP4.5-NF-cooler,2026,1.917898585
2,Southeast,soybean,RCP4.5-NF-cooler,2027,1.791131477
2,Southeast,soybean,RCP4.5-NF-cooler,2028,1.902134509
2,Southeast,soybean,RCP4.5-NF-cooler,2029,1.24009711
2,Southeast,soybean,RCP4.5-NF-cooler,2030,1.966880618
2,Southeast,soybean,RCP4.5-NF-cooler,2031,1.546383574
2,Southeast,soybean,RCP4.5-NF-cooler,2032,1.455207142
2,Southeast,soybean,RCP4.5-NF-cooler,2033,1.566142572
2,Southeast,soybean,RCP4.5-NF-cooler,2034,1.404540985
2,Southeast,soybean,RCP4.5-NF-cooler,2035,1.703971783
2,Southeast,soybean,RCP4.5-NF-cooler,2036,1.539964631
2,Southeast,soybean,RCP4.5-NF-cooler,2037,1.670369042
2,Southeast,soybean,RCP4.5-NF-cooler,2038,1.425513385
2,Southeast,soybean,RCP4.5-NF-cooler,2039,1.690649815
2,Southeast,soybean,RCP4.5-NF-cooler,2040,1.857636027
2,Southeast,soybean,RCP4.5-NF-cooler,2041,1.870140507
2,Southeast,soybean,RCP4.5-NF-cooler,2042,1.963113919
2,Southeast,soybean,RCP4.5-NF-cooler,2043,1.327306584
2,Southeast,soybean,RCP4.5-NF-cooler,2044,1.566000494
2,Southeast,soybean,RCP4.5-NF-cooler,2045,1.494533375
2,Southeast,soybean,RCP4.5-NF-cooler,2046,2.053832312
2,Southeast,soybean,RCP4.5-NF-cooler,2047,2.073233053
2,Southeast,soybean,RCP4.5-NF-cooler,2048,1.58570934
2,Southeast,soybean,RCP4.5-NF-cooler,2049,1.564932188
2,Southeast,soybean,RCP4.5-NF-cooler,2050,1.449175898
2,Southeast,soybean,RCP4.5-NF-cooler,2051,2.065686957
2,Southeast,soybean,RCP4.5-NF-cooler,2052,2.14064471
2,Southeast,soybean,RCP4.5-NF-cooler,2053,1.123271144
2,Southeast,soybean,RCP4.5-NF-cooler,2054,1.347168341
2,Southeast,soybean,RCP4.5-NF-cooler,2055,1.436989504
2,Southeast,soybean,RCP4.5-NF-hotter,2021,1.701770052
2,Southeast,soybean,RCP4.5-NF-hotter,2022,1.795343861
2,Southeast,soybean,RCP4.5-NF-hotter,2023,1.862658065
2,Southeast,soybean,RCP4.5-NF-hotter,2024,1.554407413
2,Southeast,soybean,RCP4.5-NF-hotter,2025,1.68339073
2,Southeast,soybean,RCP4.5-NF-hotter,2026,1.89987591
2,Southeast,soybean,RCP4.5-NF-hotter,2027,1.621678482
2,Southeast,soybean,RCP4.5-NF-hotter,2028,2.013189249
2,Southeast,soybean,RCP4.5-NF-hotter,2029,1.769309289
2,Southeast,soybean,RCP4.5-NF-hotter,2030,1.790790527
2,Southeast,soybean,RCP4.5-NF-hotter,2031,1.504829978
2,Southeast,soybean,RCP4.5-NF-hotter,2032,1.8631294
2,Southeast,soybean,RCP4.5-NF-hotter,2033,1.514857135
2,Southeast,soybean,RCP4.5-NF-hotter,2034,1.519268433
2,Southeast,soybean,RCP4.5-NF-hotter,2035,1.572073058
2,Southeast,soybean,RCP4.5-NF-hotter,2036,1.69720045
2,Southeast,soybean,RCP4.5-NF-hotter,2037,1.758614522
2,Southeast,soybean,RCP4.5-NF-hotter,2038,1.367206138
2,Southeast,soybean,RCP4.5-NF-hotter,2039,1.862983198
2,Southeast,soybean,RCP4.5-NF-hotter,2040,2.112992938
2,Southeast,soybean,RCP4.5-NF-hotter,2041,2.015621016
2,Southeast,soybean,RCP4.5-NF-hotter,2042,1.89248465
2,Southeast,soybean,RCP4.5-NF-hotter,2043,1.436607271
2,Southeast,soybean,RCP4.5-NF-hotter,2044,1.81750187
2,Southeast,soybean,RCP4.5-NF-hotter,2045,1.762253712
2,Southeast,soybean,RCP4.5-NF-hotter,2046,2.102378629
2,Southeast,soybean,RCP4.5-NF-hotter,2047,2.232048602
2,Southeast,soybean,RCP4.5-NF-hotter,2048,1.68586629
2,Southeast,soybean,RCP4.5-NF-hotter,2049,1.536398872
2,Southeast,soybean,RCP4.5-NF-hotter,2050,1.580234679
2,Southeast,soybean,RCP4.5-NF-hotter,2051,2.127466256
2,Southeast,soybean,RCP4.5-NF-hotter,2052,2.330308048
2,Southeast,soybean,RCP4.5-NF-hotter,2053,1.385789471
2,Southeast,soybean,RCP4.5-NF-hotter,2054,1.470506872
2,Southeast,soybean,RCP4.5-NF-hotter,2055,1.553093603
2,Southeast,soybean,SSP5-8.5-NF-cooler,2021,1.711675277
2,Southeast,soybean,SSP5-8.5-NF-cooler,2022,1.417578514
2,Southeast,soybean,SSP5-8.5-NF-cooler,2023,1.624381306
2,Southeast,soybean,SSP5-8.5-NF-cooler,2024,1.453183308
2,Southeast,soybean,SSP5-8.5-NF-cooler,2025,1.620247858
2,Southeast,soybean,SSP5-8.5-NF-cooler,2026,1.818482945
2,Southeast,soybean,SSP5-8.5-NF-cooler,2027,1.688174445
2,Southeast,soybean,SSP5-8.5-NF-cooler,2028,1.931911335
2,Southeast,soybean,SSP5-8.5-NF-cooler,2029,1.569880206
2,Southeast,soybean,SSP5-8.5-NF-cooler,2030,1.834778475
2,Southeast,soybean,SSP5-8.5-NF-cooler,2031,1.530990341
2,Southeast,soybean,SSP5-8.5-NF-cooler,2032,1.402499344
2,Southeast,soybean,SSP5-8.5-NF-cooler,2033,1.629096406
2,Southeast,soybean,SSP5-8.5-NF-cooler,2034,1.443508737
2,Southeast,soybean,SSP5-8.5-NF-cooler,2035,1.582530501
2,Southeast,soybean,SSP5-8.5-NF-cooler,2036,1.75621706
2,Southeast,soybean,SSP5-8.5-NF-cooler,2037,1.950704209
2,Southeast,soybean,SSP5-8.5-NF-cooler,2038,1.532931442
2,Southeast,soybean,SSP5-8.5-NF-cooler,2039,1.667246564
2,Southeast,soybean,SSP5-8.5-NF-cooler,2040,1.966604339
2,Southeast,soybean,SSP5-8.5-NF-cooler,2041,1.927306342
2,Southeast,soybean,SSP5-8.5-NF-cooler,2042,1.728175072
2,Southeast,soybean,SSP5-8.5-NF-cooler,2043,1.954224464
2,Southeast,soybean,SSP5-8.5-NF-cooler,2044,1.719146166
2,Southeast,soybean,SSP5-8.5-NF-cooler,2045,1.555495119
2,Southeast,soybean,SSP5-8.5-NF-cooler,2046,2.28868655
2,Southeast,soybean,SSP5-8.5-NF-cooler,2047,2.347925584
2,Southeast,soybean,SSP5-8.5-NF-cooler,2048,2.011878015
2,Southeast,soybean,SSP5-8.5-NF-cooler,2049,1.879915233
2,Southeast,soybean,SSP5-8.5-NF-cooler,2050,1.614559535
2,Southeast,soybean,SSP5-8.5-NF-cooler,2051,2.169054066
2,Southeast,soybean,SSP5-8.5-NF-cooler,2052,2.432669018
2,Southeast,soybean,SSP5-8.5-NF-cooler,2053,1.973185722
2,Southeast,soybean,SSP5-8.5-NF-cooler,2054,1.906469629
2,Southeast,soybean,SSP5-8.5-NF-cooler,2055,1.70729554
2,Southeast,soybean,SSP5-8.5-NF-hotter,2021,1.853746159
2,Southeast,soybean,SSP5-8.5-NF-hotter,2022,1.594712938
2,Southeast,soybean,SSP5-8.5-NF-hotter,2023,1.855787665
2,Southeast,soybean,SSP5-8.5-NF-hotter,2024,1.593832535
2,Southeast,soybean,SSP5-8.5-NF-hotter,2025,1.641143474
2,Southeast,soybean,SSP5-8.5-NF-hotter,2026,1.88419124
2,Southeast,soybean,SSP5-8.5-NF-hotter,2027,1.562617439
2,Southeast,soybean,SSP5-8.5-NF-hotter,2028,1.859672279
2,Southeast,soybean,SSP5-8.5-NF-hotter,2029,1.537460663
2,Southeast,soybean,SSP5-8.5-NF-hotter,2030,1.709963996
2,Southeast,soybean,SSP5-8.5-NF-hotter,2031,1.612678904
2,Southeast,soybean,SSP5-8.5-NF-hotter,2032,1.640146808
2,Southeast,soybean,SSP5-8.5-NF-hotter,2033,1.619671253
2,Southeast,soybean,SSP5-8.5-NF-hotter,2034,1.560972019
2,Southeast,soybean,SSP5-8.5-NF-hotter,2035,1.575625328
2,Southeast,soybean,SSP5-8.5-NF-hotter,2036,1.722962464
2,Southeast,soybean,SSP5-8.5-NF-hotter,2037,1.807261686
2,Southeast,soybean,SSP5-8.5-NF-hotter,2038,1.529617817
2,Southeast,soybean,SSP5-8.5-NF-hotter,2039,1.74195689
2,Southeast,soybean,SSP5-8.5-NF-hotter,2040,2.083634196
2,Southeast,soybean,SSP5-8.5-NF-hotter,2041,2.107112255
2,Southeast,soybean,SSP5-8.5-NF-hotter,2042,1.866897424
2,Southeast,soybean,SSP5-8.5-NF-hotter,2043,1.882570194
2,Southeast,soybean,SSP5-8.5-NF-hotter,2044,1.782047681
2,Southeast,soybean,SSP5-8.5-NF-hotter,2045,1.791964379
2,Southeast,soybean,SSP5-8.5-NF-hotter,2046,2.291893428
2,Southeast,soybean,SSP5-8.5-NF-hotter,2047,2.377780221
2,Southeast,soybean,SSP5-8.5-NF-hotter,2048,2.153223191
2,Southeast,soybean,SSP5-8.5-NF-hotter,2049,1.879519206
2,Southeast,soybean,SSP5-8.5-NF-hotter,2050,1.919183263
2,Southeast,soybean,SSP5-8.5-NF-hotter,2051,2.284431188
2,Southeast,soybean,SSP5-8.5-NF-hotter,2052,2.56129203
2,Southeast,soybean,SSP5-8.5-NF-hotter,2053,2.014450754
2,Southeast,soybean,SSP5-8.5-NF-hotter,2054,1.91468189
2,Southeast,soybean,SSP5-8.5-NF-hotter,2055,1.794428771
2,Southeast,soybean,RCP8.5-NF-cooler,2021,1.573705813
2,Southeast,soybean,RCP8.5-NF-cooler,2022,1.371171109
2,Southeast,soybean,RCP8.5-NF-cooler,2023,1.47332106
2,Southeast,soybean,RCP8.5-NF-cooler,2024,1.35444128
2,Southeast,soybean,RCP8.5-NF-cooler,2025,1.632426514
2,Southeast,soybean,RCP8.5-NF-cooler,2026,1.848855501
2,Southeast,soybean,RCP8.5-NF-cooler,2027,1.765986827
2,Southeast,soybean,RCP8.5-NF-cooler,2028,2.09648123
2,Southeast,soybean,RCP8.5-NF-cooler,2029,1.619997635
2,Southeast,soybean,RCP8.5-NF-cooler,2030,1.906062408
2,Southeast,soybean,RCP8.5-NF-cooler,2031,1.454257095
2,Southeast,soybean,RCP8.5-NF-cooler,2032,1.534225948
2,Southeast,soybean,RCP8.5-NF-cooler,2033,1.557752635
2,Southeast,soybean,RCP8.5-NF-cooler,2034,1.34359006
2,Southeast,soybean,RCP8.5-NF-cooler,2035,1.757449478
2,Southeast,soybean,RCP8.5-NF-cooler,2036,1.558347494
2,Southeast,soybean,RCP8.5-NF-cooler,2037,1.811549819
2,Southeast,soybean,RCP8.5-NF-cooler,2038,1.364267438
2,Southeast,soybean,RCP8.5-NF-cooler,2039,1.712742647
2,Southeast,soybean,RCP8.5-NF-cooler,2040,1.94892348
2,Southeast,soybean,RCP8.5-NF-cooler,2041,1.832454998
2,Southeast,soybean,RCP8.5-NF-cooler,2042,1.837890614
2,Southeast,soybean,RCP8.5-NF-cooler,2043,1.36022185
2,Southeast,soybean,RCP8.5-NF-cooler,2044,1.728211715
2,Southeast,soybean,RCP8.5-NF-cooler,2045,1.492315576
2,Southeast,soybean,RCP8.5-NF-cooler,2046,2.208611275
2,Southeast,soybean,RCP8.5-NF-cooler,2047,2.223173362
2,Southeast,soybean,RCP8.5-NF-cooler,2048,1.724265532
2,Southeast,soybean,RCP8.5-NF-cooler,2049,1.591217443
2,Southeast,soybean,RCP8.5-NF-cooler,2050,1.407508462
2,Southeast,soybean,RCP8.5-NF-cooler,2051,2.246567647
2,Southeast,soybean,RCP8.5-NF-cooler,2052,2.274393093
2,Southeast,soybean,RCP8.5-NF-cooler,2053,1.465738814
2,Southeast,soybean,RCP8.5-NF-cooler,2054,1.62908847
2,Southeast,soybean,RCP8.5-NF-cooler,2055,1.725342434
2,Southeast,soybean,RCP8.5-NF-hotter,2021,1.844931804
2,Southeast,soybean,RCP8.5-NF-hotter,2022,1.603446607
2,Southeast,soybean,RCP8.5-NF-hotter,2023,1.584579662
2,Southeast,soybean,RCP8.5-NF-hotter,2024,1.639901689
2,Southeast,soybean,RCP8.5-NF-hotter,2025,1.761059412
2,Southeast,soybean,RCP8.5-NF-hotter,2026,1.906328221
2,Southeast,soybean,RCP8.5-NF-hotter,2027,1.674819867
2,Southeast,soybean,RCP8.5-NF-hotter,2028,1.957575285
2,Southeast,soybean,RCP8.5-NF-hotter,2029,1.666171588
2,Southeast,soybean,RCP8.5-NF-hotter,2030,1.888685013
2,Southeast,soybean,RCP8.5-NF-hotter,2031,1.774499157
2,Southeast,soybean,RCP8.5-NF-hotter,2032,1.724143241
2,Southeast,soybean,RCP8.5-NF-hotter,2033,1.507853961
2,Southeast,soybean,RCP8.5-NF-hotter,2034,1.51151095
2,Southeast,soybean,RCP8.5-NF-hotter,2035,1.627932154
2,Southeast,soybean,RCP8.5-NF-hotter,2036,1.574322851
2,Southeast,soybean,RCP8.5-NF-hotter,2037,1.686669301
2,Southeast,soybean,RCP8.5-NF-hotter,2038,1.395424073
2,Southeast,soybean,RCP8.5-NF-hotter,2039,1.763914019
2,Southeast,soybean,RCP8.5-NF-hotter,2040,2.13765948
2,Southeast,soybean,RCP8.5-NF-hotter,2041,1.996768766
2,Southeast,soybean,RCP8.5-NF-hotter,2042,1.900656802
2,Southeast,soybean,RCP8.5-NF-hotter,2043,1.704488883
2,Southeast,soybean,RCP8.5-NF-hotter,2044,1.64135024
2,Southeast,soybean,RCP8.5-NF-hotter,2045,1.686892038
2,Southeast,soybean,RCP8.5-NF-hotter,2046,2.167523488
2,Southeast,soybean,RCP8.5-NF-hotter,2047,2.323680767
2,Southeast,soybean,RCP8.5-NF-hotter,2048,1.943825601
2,Southeast,soybean,RCP8.5-NF-hotter,2049,1.567547601
2,Southeast,soybean,RCP8.5-NF-hotter,2050,1.821977461
2,Southeast,soybean,RCP8.5-NF-hotter,2051,2.426084902
2,Southeast,soybean,RCP8.5-NF-hotter,2052,2.459631488
2,Southeast,soybean,RCP8.5-NF-hotter,2053,1.295641347
2,Southeast,soybean,RCP8.5-NF-hotter,2054,1.52050604
2,Southeast,soybean,RCP8.5-NF-hotter,2055,1.782664889
4,Midwest,soybean,SSP3-4.5-NF-cooler,2021,2.375777785
4,Midwest,soybean,SSP3-4.5-NF-cooler,2022,2.047136167
4,Midwest,soybean,SSP3-4.5-NF-cooler,2023,2.18805186
4,Midwest,soybean,SSP3-4.5-NF-cooler,2024,1.887401683
4,Midwest,soybean,SSP3-4.5-NF-cooler,2025,1.458982106
4,Midwest,soybean,SSP3-4.5-NF-cooler,2026,1.645885683
4,Midwest,soybean,SSP3-4.5-NF-cooler,2027,1.78736981
4,Midwest,soybean,SSP3-4.5-NF-cooler,2028,2.338137138
4,Midwest,soybean,SSP3-4.5-NF-cooler,2029,1.867323421
4,Midwest,soybean,SSP3-4.5-NF-cooler,2030,1.806160765
4,Midwest,soybean,SSP3-4.5-NF-cooler,2031,1.726313621
4,Midwest,soybean,SSP3-4.5-NF-cooler,2032,1.446886943
4,Midwest,soybean,SSP3-4.5-NF-cooler,2033,1.707116038
4,Midwest,soybean,SSP3-4.5-NF-cooler,2034,1.707951077
4,Midwest,soybean,SSP3-4.5-NF-cooler,2035,1.845020374
4,Midwest,soybean,SSP3-4.5-NF-cooler,2036,1.943134891
4,Midwest,soybean,SSP3-4.5-NF-cooler,2037,1.8239041
4,Midwest,soybean,SSP3-4.5-NF-cooler,2038,1.620506496
4,Midwest,soybean,SSP3-4.5-NF-cooler,2039,1.904053666
4,Midwest,soybean,SSP3-4.5-NF-cooler,2040,2.293273937
4,Midwest,soybean,SSP3-4.5-NF-cooler,2041,2.126371471
4,Midwest,soybean,SSP3-4.5-NF-cooler,2042,1.896778115
4,Midwest,soybean,SSP3-4.5-NF-cooler,2043,2.367054713
4,Midwest,soybean,SSP3-4.5-NF-cooler,2044,1.885241849
4,Midwest,soybean,SSP3-4.5-NF-cooler,2045,2.124951469
4,Midwest,soybean,SSP3-4.5-NF-cooler,2046,2.180508446
4,Midwest,soybean,SSP3-4.5-NF-cooler,2047,1.978400113
4,Midwest,soybean,SSP3-4.5-NF-cooler,2048,1.978202041
4,Midwest,soybean,SSP3-4.5-NF-cooler,2049,1.840546569
4,Midwest,soybean,SSP3-4.5-NF-cooler,2050,1.577654171
4,Midwest,soybean,SSP3-4.5-NF-cooler,2051,1.86131734
4,Midwest,soybean,SSP3-4.5-NF-cooler,2052,2.625886569
4,Midwest,soybean,SSP3-4.5-NF-cooler,2053,2.030769093
4,Midwest,soybean,SSP3-4.5-NF-cooler,2054,2.153242117
4,Midwest,soybean,SSP3-4.5-NF-cooler,2055,1.530294269
4,Midwest,soybean,SSP3-4.5-NF-hotter,2021,2.247013948
4,Midwest,soybean,SSP3-4.5-NF-hotter,2022,2.212556334
4,Midwest,soybean,SSP3-4.5-NF-hotter,2023,2.051112397
4,Midwest,soybean,SSP3-4.5-NF-hotter,2024,1.681540928
4,Midwest,soybean,SSP3-4.5-NF-hotter,2025,1.489887041
4,Midwest,soybean,SSP3-4.5-NF-hotter,2026,1.547913038
4,Midwest,soybean,SSP3-4.5-NF-hotter,2027,1.959403592
4,Midwest,soybean,SSP3-4.5-NF-hotter,2028,2.474637858
4,Midwest,soybean,SSP3-4.5-NF-hotter,2029,2.048080281
4,Midwest,soybean,SSP3-4.5-NF-hotter,2030,1.777973277
4,Midwest,soybean,SSP3-4.5-NF-hotter,2031,2.053346997
4,Midwest,soybean,SSP3-4.5-NF-hotter,2032,1.980018863
4,Midwest,soybean,SSP3-4.5-NF-hotter,2033,1.912740575
4,Midwest,soybean,SSP3-4.5-NF-hotter,2034,1.81850769
4,Midwest,soybean,SSP3-4.5-NF-hotter,2035,1.640209057
4,Midwest,soybean,SSP3-4.5-NF-hotter,2036,2.236391903
4,Midwest,soybean,SSP3-4.5-NF-hotter,2037,2.157057395
4,Midwest,soybean,SSP3-4.5-NF-hotter,2038,1.882899314
4,Midwest,soybean,SSP3-4.5-NF-hotter,2039,2.198398707
4,Midwest,soybean,SSP3-4.5-NF-hotter,2040,2.662172114
4,Midwest,soybean,SSP3-4.5-NF-hotter,2041,2.432765346
4,Midwest,soybean,SSP3-4.5-NF-hotter,2042,2.271759737
4,Midwest,soybean,SSP3-4.5-NF-hotter,2043,2.334578287
4,Midwest,soybean,SSP3-4.5-NF-hotter,2044,2.328330078
4,Midwest,soybean,SSP3-4.5-NF-hotter,2045,2.519156133
4,Midwest,soybean,SSP3-4.5-NF-hotter,2046,2.463275398
4,Midwest,soybean,SSP3-4.5-NF-hotter,2047,2.219263024
4,Midwest,soybean,SSP3-4.5-NF-hotter,2048,1.978577817
4,Midwest,soybean,SSP3-4.5-NF-hotter,2049,1.821187201
4,Midwest,soybean,SSP3-4.5-NF-hotter,2050,1.66426718
4,Midwest,soybean,SSP3-4.5-NF-hotter,2051,1.947560623
4,Midwest,soybean,SSP3-4.5-NF-hotter,2052,2.730656197
4,Midwest,soybean,SSP3-4.5-NF-hotter,2053,2.057775045
4,Midwest,soybean,SSP3-4.5-NF-hotter,2054,2.320588228
4,Midwest,soybean,SSP3-4.5-NF-hotter,2055,2.065784935
4,Midwest,soybean,RCP4.5-NF-cooler,2021,2.279877122
4,Midwest,soybean,RCP4.5-NF-cooler,2022,1.873788043
4,Midwest,soybean,RCP4.5-NF-cooler,2023,2.05166352
4,Midwest,soybean,RCP4.5-NF-cooler,2024,1.797586614
4,Midwest,soybean,RCP4.5-NF-cooler,2025,1.467398378
4,Midwest,soybean,RCP4.5-NF-cooler,2026,1.581038526
4,Midwest,soybean,RCP4.5-NF-cooler,2027,1.857936996
4,Midwest,soybean,RCP4.5-NF-cooler,2028,2.278792109
4,Midwest,soybean,RCP4.5-NF-cooler,2029,1.743294518
4,Midwest,soybean,RCP4.5-NF-cooler,2030,1.640908769
4,Midwest,soybean,RCP4.5-NF-cooler,2031,1.788751265
4,Midwest,soybean,RCP4.5-NF-cooler,2032,1.458972698
4,Midwest,soybean,RCP4.5-NF-cooler,2033,1.673704754
4,Midwest,soybean,RCP4.5-NF-cooler,2034,1.553215656
4,Midwest,soybean,RCP4.5-NF-cooler,2035,1.498101595
4,Midwest,soybean,RCP4.5-NF-cooler,2036,1.645907101
4,Midwest,soybean,RCP4.5-NF-cooler,2037,1.847655865
4,Midwest,soybean,RCP4.5-NF-cooler,2038,1.788517742
4,Midwest,soybean,RCP4.5-NF-cooler,2039,1.889346011
4,Midwest,soybean,RCP4.5-NF-cooler,2040,2.171424451
4,Midwest,soybean,RCP4.5-NF-cooler,2041,1.996885651
4,Midwest,soybean,RCP4.5-NF-cooler,2042,1.417571714
4,Midwest,soybean,RCP4.5-NF-cooler,2043,2.089564838
4,Midwest,soybean,RCP4.5-NF-cooler,2044,1.715204969
4,Midwest,soybean,RCP4.5-NF-cooler,2045,1.785622677
4,Midwest,soybean,RCP4.5-NF-cooler,2046,1.643297669
4,Midwest,soybean,RCP4.5-NF-cooler,2047,1.569304318
4,Midwest,soybean,RCP4.5-NF-cooler,2048,1.308094286
4,Midwest,soybean,RCP4.5-NF-cooler,2049,1.274813174
4,Midwest,soybean,RCP4.5-NF-cooler,2050,1.650375026
4,Midwest,soybean,RCP4.5-NF-cooler,2051,1.565255342
4,Midwest,soybean,RCP4.5-NF-cooler,2052,2.482685766
4,Midwest,soybean,RCP4.5-NF-cooler,2053,1.673082423
4,Midwest,soybean,RCP4.5-NF-cooler,2054,1.618322773
4,Midwest,soybean,RCP4.5-NF-cooler,2055,1.556386611
4,Midwest,soybean,RCP4.5-NF-hotter,2021,2.164101919
4,Midwest,soybean,RCP4.5-NF-hotter,2022,1.958548179
4,Midwest,soybean,RCP4.5-NF-hotter,2023,1.865828574
4,Midwest,soybean,RCP4.5-NF-hotter,2024,1.54385861
4,Midwest,soybean,RCP4.5-NF-hotter,2025,1.490870681
4,Midwest,soybean,RCP4.5-NF-hotter,2026,1.536195923
4,Midwest,soybean,RCP4.5-NF-hotter,2027,1.971345659
4,Midwest,soybean,RCP4.5-NF-hotter,2028,2.361557861
4,Midwest,soybean,RCP4.5-NF-hotter,2029,1.920873722
4,Midwest,soybean,RCP4.5-NF-hotter,2030,1.890826742
4,Midwest,soybean,RCP4.5-NF-hotter,2031,1.969889167
4,Midwest,soybean,RCP4.5-NF-hotter,2032,1.936111248
4,Midwest,soybean,RCP4.5-NF-hotter,2033,1.822339156
4,Midwest,soybean,RCP4.5-NF-hotter,2034,1.610968169
4,Midwest,soybean,RCP4.5-NF-hotter,2035,1.591743519
4,Midwest,soybean,RCP4.5-NF-hotter,2036,1.876808527
4,Midwest,soybean,RCP4.5-NF-hotter,2037,1.910089887
4,Midwest,soybean,RCP4.5-NF-hotter,2038,1.82918826
4,Midwest,soybean,RCP4.5-NF-hotter,2039,2.197060058
4,Midwest,soybean,RCP4.5-NF-hotter,2040,2.520314105
4,Midwest,soybean,RCP4.5-NF-hotter,2041,2.281747117
4,Midwest,soybean,RCP4.5-NF-hotter,2042,1.824664872
4,Midwest,soybean,RCP4.5-NF-hotter,2043,2.139915877
4,Midwest,soybean,RCP4.5-NF-hotter,2044,2.089099236
4,Midwest,soybean,RCP4.5-NF-hotter,2045,2.366164594
4,Midwest,soybean,RCP4.5-NF-hotter,2046,2.139348696
4,Midwest,soybean,RCP4.5-NF-hotter,2047,1.930495026
4,Midwest,soybean,RCP4.5-NF-hotter,2048,1.33247717
4,Midwest,soybean,RCP4.5-NF-hotter,2049,1.392665439
4,Midwest,soybean,RCP4.5-NF-hotter,2050,1.583466472
4,Midwest,soybean,RCP4.5-NF-hotter,2051,1.466778232
4,Midwest,soybean,RCP4.5-NF-hotter,2052,2.577468716
4,Midwest,soybean,RCP4.5-NF-hotter,2053,1.824904006
4,Midwest,soybean,RCP4.5-NF-hotter,2054,1.775399614
4,Midwest,soybean,RCP4.5-NF-hotter,2055,2.188873811
4,Midwest,soybean,SSP5-8.5-NF-cooler,2021,2.157072928
4,Midwest,soybean,SSP5-8.5-NF-cooler,2022,1.882579915
4,Midwest,soybean,SSP5-8.5-NF-cooler,2023,1.933521158
4,Midwest,soybean,SSP5-8.5-NF-cooler,2024,1.783747043
4,Midwest,soybean,SSP5-8.5-NF-cooler,2025,1.486411879
4,Midwest,soybean,SSP5-8.5-NF-cooler,2026,1.543727958
4,Midwest,soybean,SSP5-8.5-NF-cooler,2027,1.875424896
4,Midwest,soybean,SSP5-8.5-NF-cooler,2028,2.342874911
4,Midwest,soybean,SSP5-8.5-NF-cooler,2029,1.914840859
4,Midwest,soybean,SSP5-8.5-NF-cooler,2030,1.729627194
4,Midwest,soybean,SSP5-8.5-NF-cooler,2031,1.808275135
4,Midwest,soybean,SSP5-8.5-NF-cooler,2032,1.770337934
4,Midwest,soybean,SSP5-8.5-NF-cooler,2033,1.837185082
4,Midwest,soybean,SSP5-8.5-NF-cooler,2034,1.722290656
4,Midwest,soybean,SSP5-8.5-NF-cooler,2035,1.73492837
4,Midwest,soybean,SSP5-8.5-NF-cooler,2036,2.065047973
4,Midwest,soybean,SSP5-8.5-NF-cooler,2037,1.874277788
4,Midwest,soybean,SSP5-8.5-NF-cooler,2038,1.738007094
4,Midwest,soybean,SSP5-8.5-NF-cooler,2039,1.897334696
4,Midwest,soybean,SSP5-8.5-NF-cooler,2040,2.518444636
4,Midwest,soybean,SSP5-8.5-NF-cooler,2041,2.316274244
4,Midwest,soybean,SSP5-8.5-NF-cooler,2042,2.087610085
4,Midwest,soybean,SSP5-8.5-NF-cooler,2043,2.331023463
4,Midwest,soybean,SSP5-8.5-NF-cooler,2044,2.118324412
4,Midwest,soybean,SSP5-8.5-NF-cooler,2045,2.329259418
4,Midwest,soybean,SSP5-8.5-NF-cooler,2046,2.372361398
4,Midwest,soybean,SSP5-8.5-NF-cooler,2047,2.025709984
4,Midwest,soybean,SSP5-8.5-NF-cooler,2048,1.854227302
4,Midwest,soybean,SSP5-8.5-NF-cooler,2049,1.972109118
4,Midwest,soybean,SSP5-8.5-NF-cooler,2050,1.61351541
4,Midwest,soybean,SSP5-8.5-NF-cooler,2051,2.031287957
4,Midwest,soybean,SSP5-8.5-NF-cooler,2052,2.840324328
4,Midwest,soybean,SSP5-8.5-NF-cooler,2053,1.993481557
4,Midwest,soybean,SSP5-8.5-NF-cooler,2054,2.14712996
4,Midwest,soybean,SSP5-8.5-NF-cooler,2055,2.174680388
4,Midwest,soybean,SSP5-8.5-NF-hotter,2021,2.261238254
4,Midwest,soybean,SSP5-8.5-NF-hotter,2022,1.950521894
4,Midwest,soybean,SSP5-8.5-NF-hotter,2023,1.65752427
4,Midwest,soybean,SSP5-8.5-NF-hotter,2024,1.699661959
4,Midwest,soybean,SSP5-8.5-NF-hotter,2025,1.466279103
4,Midwest,soybean,SSP5-8.5-NF-hotter,2026,1.594091047
4,Midwest,soybean,SSP5-8.5-NF-hotter,2027,2.127064429
4,Midwest,soybean,SSP5-8.5-NF-hotter,2028,2.463436416
4,Midwest,soybean,SSP5-8.5-NF-hotter,2029,2.110179056
4,Midwest,soybean,SSP5-8.5-NF-hotter,2030,1.660270512
4,Midwest,soybean,SSP5-8.5-NF-hotter,2031,1.840690937
4,Midwest,soybean,SSP5-8.5-NF-hotter,2032,1.845212007
4,Midwest,soybean,SSP5-8.5-NF-hotter,2033,1.911622221
4,Midwest,soybean,SSP5-8.5-NF-hotter,2034,1.658962517
4,Midwest,soybean,SSP5-8.5-NF-hotter,2035,1.691041046
4,Midwest,soybean,SSP5-8.5-NF-hotter,2036,2.139363207
4,Midwest,soybean,SSP5-8.5-NF-hotter,2037,2.069974106
4,Midwest,soybean,SSP5-8.5-NF-hotter,2038,1.91764666
4,Midwest,soybean,SSP5-8.5-NF-hotter,2039,2.131426661
4,Midwest,soybean,SSP5-8.5-NF-hotter,2040,2.734887627
4,Midwest,soybean,SSP5-8.5-NF-hotter,2041,2.564860662
4,Midwest,soybean,SSP5-8.5-NF-hotter,2042,2.429385785
4,Midwest,soybean,SSP5-8.5-NF-hotter,2043,2.523991074
4,Midwest,soybean,SSP5-8.5-NF-hotter,2044,2.480713235
4,Midwest,soybean,SSP5-8.5-NF-hotter,2045,2.67330757
4,Midwest,soybean,SSP5-8.5-NF-hotter,2046,2.57458485
4,Midwest,soybean,SSP5-8.5-NF-hotter,2047,2.423774022
4,Midwest,soybean,SSP5-8.5-NF-hotter,2048,2.130375606
4,Midwest,soybean,SSP5-8.5-NF-hotter,2049,1.955135702
4,Midwest,soybean,SSP5-8.5-NF-hotter,2050,1.740021541
4,Midwest,soybean,SSP5-8.5-NF-hotter,2051,2.080946498
4,Midwest,soybean,SSP5-8.5-NF-hotter,2052,2.893935225
4,Midwest,soybean,SSP5-8.5-NF-hotter,2053,2.236326679
4,Midwest,soybean,SSP5-8.5-NF-hotter,2054,2.164442792
4,Midwest,soybean,SSP5-8.5-NF-hotter,2055,2.044925026
4,Midwest,soybean,RCP8.5-NF-cooler,2021,2.124325008
4,Midwest,soybean,RCP8.5-NF-cooler,2022,1.685980247
4,Midwest,soybean,RCP8.5-NF-cooler,2023,1.700344636
4,Midwest,soybean,RCP8.5-NF-cooler,2024,1.578844322
4,Midwest,soybean,RCP8.5-NF-cooler,2025,1.557791386
4,Midwest,soybean,RCP8.5-NF-cooler,2026,1.5223156
4,Midwest,soybean,RCP8.5-NF-cooler,2027,1.939528127
4,Midwest,soybean,RCP8.5-NF-cooler,2028,2.285620206
4,Midwest,soybean,RCP8.5-NF-cooler,2029,1.790234235
4,Midwest,soybean,RCP8.5-NF-cooler,2030,1.689042688
4,Midwest,soybean,RCP8.5-NF-cooler,2031,1.75838402
4,Midwest,soybean,RCP8.5-NF-cooler,2032,1.778093158
4,Midwest,soybean,RCP8.5-NF-cooler,2033,1.666787516
4,Midwest,soybean,RCP8.5-NF-cooler,2034,1.64313574
4,Midwest,soybean,RCP8.5-NF-cooler,2035,1.807169092
4,Midwest,soybean,RCP8.5-NF-cooler,2036,1.724869459
4,Midwest,soybean,RCP8.5-NF-cooler,2037,1.641686137
4,Midwest,soybean,RCP8.5-NF-cooler,2038,1.745802987
4,Midwest,soybean,RCP8.5-NF-cooler,2039,1.823787893
4,Midwest,soybean,RCP8.5-NF-cooler,2040,2.331675404
4,Midwest,soybean,RCP8.5-NF-cooler,2041,2.06427361
4,Midwest,soybean,RCP8.5-NF-cooler,2042,1.712621229
4,Midwest,soybean,RCP8.5-NF-cooler,2043,2.127727185
4,Midwest,soybean,RCP8.5-NF-cooler,2044,1.986644172
4,Midwest,soybean,RCP8.5-NF-cooler,2045,2.114921046
4,Midwest,soybean,RCP8.5-NF-cooler,2046,2.019580284
4,Midwest,soybean,RCP8.5-NF-cooler,2047,1.697949493
4,Midwest,soybean,RCP8.5-NF-cooler,2048,1.37841976
4,Midwest,soybean,RCP8.5-NF-cooler,2049,1.457445778
4,Midwest,soybean,RCP8.5-NF-cooler,2050,1.433072729
4,Midwest,soybean,RCP8.5-NF-cooler,2051,1.684356815
4,Midwest,soybean,RCP8.5-NF-cooler,2052,2.729106672
4,Midwest,soybean,RCP8.5-NF-cooler,2053,1.771686428
4,Midwest,soybean,RCP8.5-NF-cooler,2054,1.700024273
4,Midwest,soybean,RCP8.5-NF-cooler,2055,2.273006745
4,Midwest,soybean,RCP8.5-NF-hotter,2021,2.265394533
4,Midwest,soybean,RCP8.5-NF-hotter,2022,1.726590087
4,Midwest,soybean,RCP8.5-NF-hotter,2023,1.440119123
4,Midwest,soybean,RCP8.5-NF-hotter,2024,1.514921759
4,Midwest,soybean,RCP8.5-NF-hotter,2025,1.435216938
4,Midwest,soybean,RCP8.5-NF-hotter,2026,1.575098616
4,Midwest,soybean,RCP8.5-NF-hotter,2027,2.1298051
4,Midwest,soybean,RCP8.5-NF-hotter,2028,2.398325487
4,Midwest,soybean,RCP8.5-NF-hotter,2029,1.973936008
4,Midwest,soybean,RCP8.5-NF-hotter,2030,1.748693345
4,Midwest,soybean,RCP8.5-NF-hotter,2031,1.702587967
4,Midwest,soybean,RCP8.5-NF-hotter,2032,1.80210547
4,Midwest,soybean,RCP8.5-NF-hotter,2033,1.942737637
4,Midwest,soybean,RCP8.5-NF-hotter,2034,1.437881642
4,Midwest,soybean,RCP8.5-NF-hotter,2035,1.477764266
4,Midwest,soybean,RCP8.5-NF-hotter,2036,1.806927878
4,Midwest,soybean,RCP8.5-NF-hotter,2037,1.789587257
4,Midwest,soybean,RCP8.5-NF-hotter,2038,1.86609352
4,Midwest,soybean,RCP8.5-NF-hotter,2039,2.034578513
4,Midwest,soybean,RCP8.5-NF-hotter,2040,2.57024253
4,Midwest,soybean,RCP8.5-NF-hotter,2041,2.360843132
4,Midwest,soybean,RCP8.5-NF-hotter,2042,2.098215258
4,Midwest,soybean,RCP8.5-NF-hotter,2043,2.327442736
4,Midwest,soybean,RCP8.5-NF-hotter,2044,2.24014545
4,Midwest,soybean,RCP8.5-NF-hotter,2045,2.515166851
4,Midwest,soybean,RCP8.5-NF-hotter,2046,2.311943763
4,Midwest,soybean,RCP8.5-NF-hotter,2047,2.08092329
4,Midwest,soybean,RCP8.5-NF-hotter,2048,1.499007521
4,Midwest,soybean,RCP8.5-NF-hotter,2049,1.536822157
4,Midwest,soybean,RCP8.5-NF-hotter,2050,1.59826058
4,Midwest,soybean,RCP8.5-NF-hotter,2051,1.621479346
4,Midwest,soybean,RCP8.5-NF-hotter,2052,2.689203453
4,Midwest,soybean,RCP8.5-NF-hotter,2053,2.026583489
4,Midwest,soybean,RCP8.5-NF-hotter,2054,1.680090492
4,Midwest,soybean,RCP8.5-NF-hotter,2055,2.10067117
5,N. Great Plains,soybean,SSP3-4.5-NF-cooler,2021,2.690653783
5,N. Great Plains,soybean,SSP3-4.5-NF-cooler,2022,2.458106998
5,N. Great Plains,soybean,SSP3-4.5-NF-cooler,2023,2.48554976
5,N. Great Plains,soybean,SSP3-4.5-NF-cooler,2024,2.561326507
5,N. Great Plains,soybean,SSP3-4.5-NF-cooler,2025,2.565566589
5,N. Great Plains,soybean,SSP3-4.5-NF-cooler,2026,2.684374118
5,N. Great Plains,soybean,SSP3-4.5-NF-cooler,2027,2.435665303
5,N. Great Plains,soybean,SSP3-4.5-NF-cooler,2028,2.608528121
5,N. Great Plains,soybean,SSP3-4.5-NF-cooler,2029,2.603495182
5,N. Great Plains,soybean,SSP3-4.5-NF-cooler,2030,2.56891516
5,N. Great Plains,soybean,SSP3-4.5-NF-cooler,2031,2.598787389
5,N. Great Plains,soybean,SSP3-4.5-NF-cooler,2032,2.478818388
5,N. Great Plains,soybean,SSP3-4.5-NF-cooler,2033,2.701209878
5,N. Great Plains,soybean,SSP3-4.5-NF-cooler,2034,2.591035802
5,N. Great Plains,soybean,SSP3-4.5-NF-cooler,2035,2.649409615
5,N. Great Plains,soybean,SSP3-4.5-NF-cooler,2036,2.632560899
5,N. Great Plains,soybean,SSP3-4.5-NF-cooler,2037,2.661598824
5,N. Great Plains,soybean,SSP3-4.5-NF-cooler,2038,2.514938514
5,N. Great Plains,soybean,SSP3-4.5-NF-cooler,2039,2.688527587
5,N. Great Plains,soybean,SSP3-4.5-NF-cooler,2040,2.81097225
5,N. Great Plains,soybean,SSP3-4.5-NF-cooler,2041,2.67584595
5,N. Great Plains,soybean,SSP3-4.5-NF-cooler,2042,2.722610399
5,N. Great Plains,soybean,SSP3-4.5-NF-cooler,2043,2.734405153
5,N. Great Plains,soybean,SSP3-4.5-NF-cooler,2044,2.700023189
5,N. Great Plains,soybean,SSP3-4.5-NF-cooler,2045,2.574503956
5,N. Great Plains,soybean,SSP3-4.5-NF-cooler,2046,2.770693722
5,N. Great Plains,soybean,SSP3-4.5-NF-cooler,2047,2.649809549
5,N. Great Plains,soybean,SSP3-4.5-NF-cooler,2048,2.688559239
5,N. Great Plains,soybean,SSP3-4.5-NF-cooler,2049,2.604356311
5,N. Great Plains,soybean,SSP3-4.5-NF-cooler,2050,2.715946047
5,N. Great Plains,soybean,SSP3-4.5-NF-cooler,2051,2.657955777
5,N. Great Plains,soybean,SSP3-4.5-NF-cooler,2052,2.796580338
5,N. Great Plains,soybean,SSP3-4.5-NF-cooler,2053,2.804748419
5,N. Great Plains,soybean,SSP3-4.5-NF-cooler,2054,2.671636693
5,N. Great Plains,soybean,SSP3-4.5-NF-cooler,2055,2.666752984
5,N. Great Plains,soybean,SSP3-4.5-NF-hotter,2021,2.770633539
5,N. Great Plains,soybean,SSP3-4.5-NF-hotter,2022,2.434889986
5,N. Great Plains,soybean,SSP3-4.5-NF-hotter,2023,2.441132078
5,N. Great Plains,soybean,SSP3-4.5-NF-hotter,2024,2.507561091
5,N. Great Plains,soybean,SSP3-4.5-NF-hotter,2025,2.51061821
5,N. Great Plains,soybean,SSP3-4.5-NF-hotter,2026,2.645499225
5,N. Great Plains,soybean,SSP3-4.5-NF-hotter,2027,2.237945865
5,N. Great Plains,soybean,SSP3-4.5-NF-hotter,2028,2.634622961
5,N. Great Plains,soybean,SSP3-4.5-NF-hotter,2029,2.684250987
5,N. Great Plains,soybean,SSP3-4.5-NF-hotter,2030,2.499877644
5,N. Great Plains,soybean,SSP3-4.5-NF-hotter,2031,2.645487902
5,N. Great Plains,soybean,SSP3-4.5-NF-hotter,2032,2.369778579
5,N. Great Plains,soybean,SSP3-4.5-NF-hotter,2033,2.557582861
5,N. Great Plains,soybean,SSP3-4.5-NF-hotter,2034,2.522550758
5,N. Great Plains,soybean,SSP3-4.5-NF-hotter,2035,2.533334355
5,N. Great Plains,soybean,SSP3-4.5-NF-hotter,2036,2.59943613
5,N. Great Plains,soybean,SSP3-4.5-NF-hotter,2037,2.496597325
5,N. Great Plains,soybean,SSP3-4.5-NF-hotter,2038,2.500383625
5,N. Great Plains,soybean,SSP3-4.5-NF-hotter,2039,2.501716999
5,N. Great Plains,soybean,SSP3-4.5-NF-hotter,2040,2.86951235
5,N. Great Plains,soybean,SSP3-4.5-NF-hotter,2041,2.641450642
5,N. Great Plains,soybean,SSP3-4.5-NF-hotter,2042,2.702176296
5,N. Great Plains,soybean,SSP3-4.5-NF-hotter,2043,2.668305377
5,N. Great Plains,soybean,SSP3-4.5-NF-hotter,2044,2.673863244
5,N. Great Plains,soybean,SSP3-4.5-NF-hotter,2045,2.740357364
5,N. Great Plains,soybean,SSP3-4.5-NF-hotter,2046,2.795800844
5,N. Great Plains,soybean,SSP3-4.5-NF-hotter,2047,2.529100007
5,N. Great Plains,soybean,SSP3-4.5-NF-hotter,2048,2.573501416
5,N. Great Plains,soybean,SSP3-4.5-NF-hotter,2049,2.436048339
5,N. Great Plains,soybean,SSP3-4.5-NF-hotter,2050,2.617822064
5,N. Great Plains,soybean,SSP3-4.5-NF-hotter,2051,2.643257411
5,N. Great Plains,soybean,SSP3-4.5-NF-hotter,2052,2.768935142
5,N. Great Plains,soybean,SSP3-4.5-NF-hotter,2053,2.700994487
5,N. Great Plains,soybean,SSP3-4.5-NF-hotter,2054,2.496816353
5,N. Great Plains,soybean,SSP3-4.5-NF-hotter,2055,2.401528389
5,N. Great Plains,soybean,RCP4.5-NF-cooler,2021,2.364382839
5,N. Great Plains,soybean,RCP4.5-NF-cooler,2022,1.384245681
5,N. Great Plains,soybean,RCP4.5-NF-cooler,2023,1.53724496
5,N. Great Plains,soybean,RCP4.5-NF-cooler,2024,1.545802524
5,N. Great Plains,soybean,RCP4.5-NF-cooler,2025,1.331941656
5,N. Great Plains,soybean,RCP4.5-NF-cooler,2026,1.298190001
5,N. Great Plains,soybean,RCP4.5-NF-cooler,2027,1.464146458
5,N. Great Plains,soybean,RCP4.5-NF-cooler,2028,2.081912548
5,N. Great Plains,soybean,RCP4.5-NF-cooler,2029,1.926987951
5,N. Great Plains,soybean,RCP4.5-NF-cooler,2030,1.494169009
5,N. Great Plains,soybean,RCP4.5-NF-cooler,2031,1.442381704
5,N. Great Plains,soybean,RCP4.5-NF-cooler,2032,1.514227793
5,N. Great Plains,soybean,RCP4.5-NF-cooler,2033,1.680913628
5,N. Great Plains,soybean,RCP4.5-NF-cooler,2034,1.73546018
5,N. Great Plains,soybean,RCP4.5-NF-cooler,2035,1.115876206
5,N. Great Plains,soybean,RCP4.5-NF-cooler,2036,1.406998384
5,N. Great Plains,soybean,RCP4.5-NF-cooler,2037,1.261709284
5,N. Great Plains,soybean,RCP4.5-NF-cooler,2038,1.65736624
5,N. Great Plains,soybean,RCP4.5-NF-cooler,2039,1.174366769
5,N. Great Plains,soybean,RCP4.5-NF-cooler,2040,2.178397179
5,N. Great Plains,soybean,RCP4.5-NF-cooler,2041,1.506228886
5,N. Great Plains,soybean,RCP4.5-NF-cooler,2042,1.786079196
5,N. Great Plains,soybean,RCP4.5-NF-cooler,2043,2.178333964
5,N. Great Plains,soybean,RCP4.5-NF-cooler,2044,2.036157512
5,N. Great Plains,soybean,RCP4.5-NF-cooler,2045,1.645016621
5,N. Great Plains,soybean,RCP4.5-NF-cooler,2046,2.060081384
5,N. Great Plains,soybean,RCP4.5-NF-cooler,2047,1.340305387
5,N. Great Plains,soybean,RCP4.5-NF-cooler,2048,1.493196143
5,N. Great Plains,soybean,RCP4.5-NF-cooler,2049,1.202153211
5,N. Great Plains,soybean,RCP4.5-NF-cooler,2050,1.308075185
5,N. Great Plains,soybean,RCP4.5-NF-cooler,2051,1.544469222
5,N. Great Plains,soybean,RCP4.5-NF-cooler,2052,2.158910502
5,N. Great Plains,soybean,RCP4.5-NF-cooler,2053,2.023271186
5,N. Great Plains,soybean,RCP4.5-NF-cooler,2054,1.501187562
5,N. Great Plains,soybean,RCP4.5-NF-cooler,2055,1.299442753
5,N. Great Plains,soybean,RCP4.5-NF-hotter,2021,2.430999864
5,N. Great Plains,soybean,RCP4.5-NF-hotter,2022,1.199999903
5,N. Great Plains,soybean,RCP4.5-NF-hotter,2023,1.38119681
5,N. Great Plains,soybean,RCP4.5-NF-hotter,2024,1.752335257
5,N. Great Plains,soybean,RCP4.5-NF-hotter,2025,1.295161419
5,N. Great Plains,soybean,RCP4.5-NF-hotter,2026,1.555111233
5,N. Great Plains,soybean,RCP4.5-NF-hotter,2027,1.479351278
5,N. Great Plains,soybean,RCP4.5-NF-hotter,2028,2.235745684
5,N. Great Plains,soybean,RCP4.5-NF-hotter,2029,2.210097188
5,N. Great Plains,soybean,RCP4.5-NF-hotter,2030,1.951565428
5,N. Great Plains,soybean,RCP4.5-NF-hotter,2031,1.649756206
5,N. Great Plains,soybean,RCP4.5-NF-hotter,2032,1.795304926
5,N. Great Plains,soybean,RCP4.5-NF-hotter,2033,2.068462541
5,N. Great Plains,soybean,RCP4.5-NF-hotter,2034,1.620551703
5,N. Great Plains,soybean,RCP4.5-NF-hotter,2035,1.372044147
5,N. Great Plains,soybean,RCP4.5-NF-hotter,2036,1.406909342
5,N. Great Plains,soybean,RCP4.5-NF-hotter,2037,1.331177783
5,N. Great Plains,soybean,RCP4.5-NF-hotter,2038,1.812819653
5,N. Great Plains,soybean,RCP4.5-NF-hotter,2039,1.276172193
5,N. Great Plains,soybean,RCP4.5-NF-hotter,2040,2.548223388
5,N. Great Plains,soybean,RCP4.5-NF-hotter,2041,1.519429139
5,N. Great Plains,soybean,RCP4.5-NF-hotter,2042,1.961254797
5,N. Great Plains,soybean,RCP4.5-NF-hotter,2043,2.193717302
5,N. Great Plains,soybean,RCP4.5-NF-hotter,2044,2.315670806
5,N. Great Plains,soybean,RCP4.5-NF-hotter,2045,2.365827357
5,N. Great Plains,soybean,RCP4.5-NF-hotter,2046,2.425042392
5,N. Great Plains,soybean,RCP4.5-NF-hotter,2047,1.647641374
5,N. Great Plains,soybean,RCP4.5-NF-hotter,2048,1.453900189
5,N. Great Plains,soybean,RCP4.5-NF-hotter,2049,1.309615594
5,N. Great Plains,soybean,RCP4.5-NF-hotter,2050,1.207932093
5,N. Great Plains,soybean,RCP4.5-NF-hotter,2051,1.232990373
5,N. Great Plains,soybean,RCP4.5-NF-hotter,2052,2.082302
5,N. Great Plains,soybean,RCP4.5-NF-hotter,2053,1.765190869
5,N. Great Plains,soybean,RCP4.5-NF-hotter,2054,1.490892749
5,N. Great Plains,soybean,RCP4.5-NF-hotter,2055,1.240204104
5,N. Great Plains,soybean,SSP5-8.5-NF-cooler,2021,2.638742185
5,N. Great Plains,soybean,SSP5-8.5-NF-cooler,2022,2.395880107
5,N. Great Plains,soybean,SSP5-8.5-NF-cooler,2023,2.446306126
5,N. Great Plains,soybean,SSP5-8.5-NF-cooler,2024,2.472727219
5,N. Great Plains,soybean,SSP5-8.5-NF-cooler,2025,2.493834779
5,N. Great Plains,soybean,SSP5-8.5-NF-cooler,2026,2.607782978
5,N. Great Plains,soybean,SSP5-8.5-NF-cooler,2027,2.238705818
5,N. Great Plains,soybean,SSP5-8.5-NF-cooler,2028,2.542219716
5,N. Great Plains,soybean,SSP5-8.5-NF-cooler,2029,2.573770911
5,N. Great Plains,soybean,SSP5-8.5-NF-cooler,2030,2.444534693
5,N. Great Plains,soybean,SSP5-8.5-NF-cooler,2031,2.522539487
5,N. Great Plains,soybean,SSP5-8.5-NF-cooler,2032,2.343449283
5,N. Great Plains,soybean,SSP5-8.5-NF-cooler,2033,2.503180538
5,N. Great Plains,soybean,SSP5-8.5-NF-cooler,2034,2.406948009
5,N. Great Plains,soybean,SSP5-8.5-NF-cooler,2035,2.514176908
5,N. Great Plains,soybean,SSP5-8.5-NF-cooler,2036,2.496137478
5,N. Great Plains,soybean,SSP5-8.5-NF-cooler,2037,2.422415681
5,N. Great Plains,soybean,SSP5-8.5-NF-cooler,2038,2.365154473
5,N. Great Plains,soybean,SSP5-8.5-NF-cooler,2039,2.444610889
5,N. Great Plains,soybean,SSP5-8.5-NF-cooler,2040,2.860274234
5,N. Great Plains,soybean,SSP5-8.5-NF-cooler,2041,2.550626856
5,N. Great Plains,soybean,SSP5-8.5-NF-cooler,2042,2.71899552
5,N. Great Plains,soybean,SSP5-8.5-NF-cooler,2043,2.657492695
5,N. Great Plains,soybean,SSP5-8.5-NF-cooler,2044,2.690640122
5,N. Great Plains,soybean,SSP5-8.5-NF-cooler,2045,2.552630211
5,N. Great Plains,soybean,SSP5-8.5-NF-cooler,2046,2.801128095
5,N. Great Plains,soybean,SSP5-8.5-NF-cooler,2047,2.445990821
5,N. Great Plains,soybean,SSP5-8.5-NF-cooler,2048,2.450214639
5,N. Great Plains,soybean,SSP5-8.5-NF-cooler,2049,2.405175006
5,N. Great Plains,soybean,SSP5-8.5-NF-cooler,2050,2.297005261
5,N. Great Plains,soybean,SSP5-8.5-NF-cooler,2051,2.502734843
5,N. Great Plains,soybean,SSP5-8.5-NF-cooler,2052,2.828445378
5,N. Great Plains,soybean,SSP5-8.5-NF-cooler,2053,2.73874412
5,N. Great Plains,soybean,SSP5-8.5-NF-cooler,2054,2.514429716
5,N. Great Plains,soybean,SSP5-8.5-NF-cooler,2055,2.381212396
5,N. Great Plains,soybean,SSP5-8.5-NF-hotter,2021,2.681672362
5,N. Great Plains,soybean,SSP5-8.5-NF-hotter,2022,2.451731189
5,N. Great Plains,soybean,SSP5-8.5-NF-hotter,2023,2.406437036
5,N. Great Plains,soybean,SSP5-8.5-NF-hotter,2024,2.492273232
5,N. Great Plains,soybean,SSP5-8.5-NF-hotter,2025,2.425678322
5,N. Great Plains,soybean,SSP5-8.5-NF-hotter,2026,2.59900179
5,N. Great Plains,soybean,SSP5-8.5-NF-hotter,2027,2.216529901
5,N. Great Plains,soybean,SSP5-8.5-NF-hotter,2028,2.615203107
5,N. Great Plains,soybean,SSP5-8.5-NF-hotter,2029,2.608638129
5,N. Great Plains,soybean,SSP5-8.5-NF-hotter,2030,2.442963435
5,N. Great Plains,soybean,SSP5-8.5-NF-hotter,2031,2.515813961
5,N. Great Plains,soybean,SSP5-8.5-NF-hotter,2032,2.317948801
5,N. Great Plains,soybean,SSP5-8.5-NF-hotter,2033,2.481046937
5,N. Great Plains,soybean,SSP5-8.5-NF-hotter,2034,2.365518318
5,N. Great Plains,soybean,SSP5-8.5-NF-hotter,2035,2.421647926
5,N. Great Plains,soybean,SSP5-8.5-NF-hotter,2036,2.488496568
5,N. Great Plains,soybean,SSP5-8.5-NF-hotter,2037,2.39819332
5,N. Great Plains,soybean,SSP5-8.5-NF-hotter,2038,2.335248303
5,N. Great Plains,soybean,SSP5-8.5-NF-hotter,2039,2.378290868
5,N. Great Plains,soybean,SSP5-8.5-NF-hotter,2040,2.937466666
5,N. Great Plains,soybean,SSP5-8.5-NF-hotter,2041,2.545311807
5,N. Great Plains,soybean,SSP5-8.5-NF-hotter,2042,2.789213181
5,N. Great Plains,soybean,SSP5-8.5-NF-hotter,2043,2.697294679
5,N. Great Plains,soybean,SSP5-8.5-NF-hotter,2044,2.799891622
5,N. Great Plains,soybean,SSP5-8.5-NF-hotter,2045,2.769051928
5,N. Great Plains,soybean,SSP5-8.5-NF-hotter,2046,2.847048163
5,N. Great Plains,soybean,SSP5-8.5-NF-hotter,2047,2.458948848
5,N. Great Plains,soybean,SSP5-8.5-NF-hotter,2048,2.479802191
5,N. Great Plains,soybean,SSP5-8.5-NF-hotter,2049,2.375029513
5,N. Great Plains,soybean,SSP5-8.5-NF-hotter,2050,2.085083594
5,N. Great Plains,soybean,SSP5-8.5-NF-hotter,2051,2.496204865
5,N. Great Plains,soybean,SSP5-8.5-NF-hotter,2052,2.814487444
5,N. Great Plains,soybean,SSP5-8.5-NF-hotter,2053,2.757596452
5,N. Great Plains,soybean,SSP5-8.5-NF-hotter,2054,2.533623135
5,N. Great Plains,soybean,SSP5-8.5-NF-hotter,2055,2.294301788
5,N. Great Plains,soybean,RCP8.5-NF-cooler,2021,2.292024924
5,N. Great Plains,soybean,RCP8.5-NF-cooler,2022,1.336191165
5,N. Great Plains,soybean,RCP8.5-NF-cooler,2023,1.473703234
5,N. Great Plains,soybean,RCP8.5-NF-cooler,2024,1.679262536
5,N. Great Plains,soybean,RCP8.5-NF-cooler,2025,1.32921268
5,N. Great Plains,soybean,RCP8.5-NF-cooler,2026,1.265190526
5,N. Great Plains,soybean,RCP8.5-NF-cooler,2027,1.578766582
5,N. Great Plains,soybean,RCP8.5-NF-cooler,2028,2.032700161
5,N. Great Plains,soybean,RCP8.5-NF-cooler,2029,2.030039323
5,N. Great Plains,soybean,RCP8.5-NF-cooler,2030,1.515810079
5,N. Great Plains,soybean,RCP8.5-NF-cooler,2031,1.410517601
5,N. Great Plains,soybean,RCP8.5-NF-cooler,2032,1.633659507
5,N. Great Plains,soybean,RCP8.5-NF-cooler,2033,1.724466633
5,N. Great Plains,soybean,RCP8.5-NF-cooler,2034,1.628095603
5,N. Great Plains,soybean,RCP8.5-NF-cooler,2035,1.568871648
5,N. Great Plains,soybean,RCP8.5-NF-cooler,2036,1.458632461
5,N. Great Plains,soybean,RCP8.5-NF-cooler,2037,1.313614505
5,N. Great Plains,soybean,RCP8.5-NF-cooler,2038,1.734239294
5,N. Great Plains,soybean,RCP8.5-NF-cooler,2039,1.150428761
5,N. Great Plains,soybean,RCP8.5-NF-cooler,2040,2.369799525
5,N. Great Plains,soybean,RCP8.5-NF-cooler,2041,1.445470763
5,N. Great Plains,soybean,RCP8.5-NF-cooler,2042,2.087756962
5,N. Great Plains,soybean,RCP8.5-NF-cooler,2043,2.313642901
5,N. Great Plains,soybean,RCP8.5-NF-cooler,2044,2.212580618
5,N. Great Plains,soybean,RCP8.5-NF-cooler,2045,1.894764138
5,N. Great Plains,soybean,RCP8.5-NF-cooler,2046,2.465146847
5,N. Great Plains,soybean,RCP8.5-NF-cooler,2047,1.5404132
5,N. Great Plains,soybean,RCP8.5-NF-cooler,2048,1.470258772
5,N. Great Plains,soybean,RCP8.5-NF-cooler,2049,1.174881314
5,N. Great Plains,soybean,RCP8.5-NF-cooler,2050,1.412669832
5,N. Great Plains,soybean,RCP8.5-NF-cooler,2051,1.310798613
5,N. Great Plains,soybean,RCP8.5-NF-cooler,2052,2.272961276
5,N. Great Plains,soybean,RCP8.5-NF-cooler,2053,1.886348465
5,N. Great Plains,soybean,RCP8.5-NF-cooler,2054,1.660950885
5,N. Great Plains,soybean,RCP8.5-NF-cooler,2055,1.453543451
5,N. Great Plains,soybean,RCP8.5-NF-hotter,2021,2.392842055
5,N. Great Plains,soybean,RCP8.5-NF-hotter,2022,1.188659798
5,N. Great Plains,soybean,RCP8.5-NF-hotter,2023,1.433460389
5,N. Great Plains,soybean,RCP8.5-NF-hotter,2024,1.445836353
5,N. Great Plains,soybean,RCP8.5-NF-hotter,2025,1.313299736
5,N. Great Plains,soybean,RCP8.5-NF-hotter,2026,1.9138441
5,N. Great Plains,soybean,RCP8.5-NF-hotter,2027,1.667596163
5,N. Great Plains,soybean,RCP8.5-NF-hotter,2028,2.233714645
5,N. Great Plains,soybean,RCP8.5-NF-hotter,2029,2.116679091
5,N. Great Plains,soybean,RCP8.5-NF-hotter,2030,1.75044242
5,N. Great Plains,soybean,RCP8.5-NF-hotter,2031,1.692290894
5,N. Great Plains,soybean,RCP8.5-NF-hotter,2032,1.798173517
5,N. Great Plains,soybean,RCP8.5-NF-hotter,2033,2.026140838
5,N. Great Plains,soybean,RCP8.5-NF-hotter,2034,1.540176263
5,N. Great Plains,soybean,RCP8.5-NF-hotter,2035,1.219666921
5,N. Great Plains,soybean,RCP8.5-NF-hotter,2036,1.639353056
5,N. Great Plains,soybean,RCP8.5-NF-hotter,2037,1.378221411
5,N. Great Plains,soybean,RCP8.5-NF-hotter,2038,1.803548746
5,N. Great Plains,soybean,RCP8.5-NF-hotter,2039,1.424096485
5,N. Great Plains,soybean,RCP8.5-NF-hotter,2040,2.624490944
5,N. Great Plains,soybean,RCP8.5-NF-hotter,2041,1.489738889
5,N. Great Plains,soybean,RCP8.5-NF-hotter,2042,2.411174969
5,N. Great Plains,soybean,RCP8.5-NF-hotter,2043,2.264677043
5,N. Great Plains,soybean,RCP8.5-NF-hotter,2044,2.439356506
5,N. Great Plains,soybean,RCP8.5-NF-hotter,2045,2.561960513
5,N. Great Plains,soybean,RCP8.5-NF-hotter,2046,2.600160461
5,N. Great Plains,soybean,RCP8.5-NF-hotter,2047,1.553514477
5,N. Great Plains,soybean,RCP8.5-NF-hotter,2048,1.747224792
5,N. Great Plains,soybean,RCP8.5-NF-hotter,2049,1.381962909
5,N. Great Plains,soybean,RCP8.5-NF-hotter,2050,1.286950533
5,N. Great Plains,soybean,RCP8.5-NF-hotter,2051,1.775471588
5,N. Great Plains,soybean,RCP8.5-NF-hotter,2052,2.275425859
5,N. Great Plains,soybean,RCP8.5-NF-hotter,2053,2.065519486
5,N. Great Plains,soybean,RCP8.5-NF-hotter,2054,1.958640312
5,N. Great Plains,soybean,RCP8.5-NF-hotter,2055,1.348601856
6,S. Great Plains,soybean,SSP3-4.5-NF-cooler,2021,1.749634549
6,S. Great Plains,soybean,SSP3-4.5-NF-cooler,2022,1.707538869
6,S. Great Plains,soybean,SSP3-4.5-NF-cooler,2023,1.801336528
6,S. Great Plains,soybean,SSP3-4.5-NF-cooler,2024,1.777875918
6,S. Great Plains,soybean,SSP3-4.5-NF-cooler,2025,1.450362688
6,S. Great Plains,soybean,SSP3-4.5-NF-cooler,2026,1.549868279
6,S. Great Plains,soybean,SSP3-4.5-NF-cooler,2027,1.856902714
6,S. Great Plains,soybean,SSP3-4.5-NF-cooler,2028,1.845720836
6,S. Great Plains,soybean,SSP3-4.5-NF-cooler,2029,2.04182986
6,S. Great Plains,soybean,SSP3-4.5-NF-cooler,2030,1.985420862
6,S. Great Plains,soybean,SSP3-4.5-NF-cooler,2031,1.838376398
6,S. Great Plains,soybean,SSP3-4.5-NF-cooler,2032,1.875665555
6,S. Great Plains,soybean,SSP3-4.5-NF-cooler,2033,1.966275179
6,S. Great Plains,soybean,SSP3-4.5-NF-cooler,2034,1.768332636
6,S. Great Plains,soybean,SSP3-4.5-NF-cooler,2035,1.997225674
6,S. Great Plains,soybean,SSP3-4.5-NF-cooler,2036,1.944209236
6,S. Great Plains,soybean,SSP3-4.5-NF-cooler,2037,1.691364707
6,S. Great Plains,soybean,SSP3-4.5-NF-cooler,2038,1.759619035
6,S. Great Plains,soybean,SSP3-4.5-NF-cooler,2039,1.630186217
6,S. Great Plains,soybean,SSP3-4.5-NF-cooler,2040,2.170842956
6,S. Great Plains,soybean,SSP3-4.5-NF-cooler,2041,1.525579968
6,S. Great Plains,soybean,SSP3-4.5-NF-cooler,2042,1.813538198
6,S. Great Plains,soybean,SSP3-4.5-NF-cooler,2043,2.07346257
6,S. Great Plains,soybean,SSP3-4.5-NF-cooler,2044,1.611443873
6,S. Great Plains,soybean,SSP3-4.5-NF-cooler,2045,2.006300432
6,S. Great Plains,soybean,SSP3-4.5-NF-cooler,2046,2.0325235
6,S. Great Plains,soybean,SSP3-4.5-NF-cooler,2047,1.88833491
6,S. Great Plains,soybean,SSP3-4.5-NF-cooler,2048,2.014251652
6,S. Great Plains,soybean,SSP3-4.5-NF-cooler,2049,1.610063731
6,S. Great Plains,soybean,SSP3-4.5-NF-cooler,2050,1.656503203
6,S. Great Plains,soybean,SSP3-4.5-NF-cooler,2051,1.927472519
6,S. Great Plains,soybean,SSP3-4.5-NF-cooler,2052,2.419241053
6,S. Great Plains,soybean,SSP3-4.5-NF-cooler,2053,1.711483323
6,S. Great Plains,soybean,SSP3-4.5-NF-cooler,2054,2.144661761
6,S. Great Plains,soybean,SSP3-4.5-NF-cooler,2055,1.549080442
6,S. Great Plains,soybean,SSP3-4.5-NF-hotter,2021,1.584656025
6,S. Great Plains,soybean,SSP3-4.5-NF-hotter,2022,1.881790928
6,S. Great Plains,soybean,SSP3-4.5-NF-hotter,2023,1.977729902
6,S. Great Plains,soybean,SSP3-4.5-NF-hotter,2024,1.709958615
6,S. Great Plains,soybean,SSP3-4.5-NF-hotter,2025,1.490027743
6,S. Great Plains,soybean,SSP3-4.5-NF-hotter,2026,1.488282845
6,S. Great Plains,soybean,SSP3-4.5-NF-hotter,2027,1.600383645
6,S. Great Plains,soybean,SSP3-4.5-NF-hotter,2028,1.882169199
6,S. Great Plains,soybean,SSP3-4.5-NF-hotter,2029,2.131999652
6,S. Great Plains,soybean,SSP3-4.5-NF-hotter,2030,1.922660721
6,S. Great Plains,soybean,SSP3-4.5-NF-hotter,2031,1.909226165
6,S. Great Plains,soybean,SSP3-4.5-NF-hotter,2032,2.034042742
6,S. Great Plains,soybean,SSP3-4.5-NF-hotter,2033,1.778015112
6,S. Great Plains,soybean,SSP3-4.5-NF-hotter,2034,1.911066126
6,S. Great Plains,soybean,SSP3-4.5-NF-hotter,2035,1.854945995
6,S. Great Plains,soybean,SSP3-4.5-NF-hotter,2036,1.844632067
6,S. Great Plains,soybean,SSP3-4.5-NF-hotter,2037,1.849106827
6,S. Great Plains,soybean,SSP3-4.5-NF-hotter,2038,1.785017273
6,S. Great Plains,soybean,SSP3-4.5-NF-hotter,2039,1.443201888
6,S. Great Plains,soybean,SSP3-4.5-NF-hotter,2040,2.350543974
6,S. Great Plains,soybean,SSP3-4.5-NF-hotter,2041,1.706356791
6,S. Great Plains,soybean,SSP3-4.5-NF-hotter,2042,1.902988056
6,S. Great Plains,soybean,SSP3-4.5-NF-hotter,2043,2.112690596
6,S. Great Plains,soybean,SSP3-4.5-NF-hotter,2044,2.046311398
6,S. Great Plains,soybean,SSP3-4.5-NF-hotter,2045,2.122965488
6,S. Great Plains,soybean,SSP3-4.5-NF-hotter,2046,2.238470161
6,S. Great Plains,soybean,SSP3-4.5-NF-hotter,2047,1.818185398
6,S. Great Plains,soybean,SSP3-4.5-NF-hotter,2048,2.078876964
6,S. Great Plains,soybean,SSP3-4.5-NF-hotter,2049,1.698896238
6,S. Great Plains,soybean,SSP3-4.5-NF-hotter,2050,1.524551189
6,S. Great Plains,soybean,SSP3-4.5-NF-hotter,2051,1.888264118
6,S. Great Plains,soybean,SSP3-4.5-NF-hotter,2052,2.502224689
6,S. Great Plains,soybean,SSP3-4.5-NF-hotter,2053,2.027427402
6,S. Great Plains,soybean,SSP3-4.5-NF-hotter,2054,2.237122595
6,S. Great Plains,soybean,SSP3-4.5-NF-hotter,2055,1.188694148
6,S. Great Plains,soybean,RCP4.5-NF-cooler,2021,1.607754585
6,S. Great Plains,soybean,RCP4.5-NF-cooler,2022,1.293032124
6,S. Great Plains,soybean,RCP4.5-NF-cooler,2023,1.559703783
6,S. Great Plains,soybean,RCP4.5-NF-cooler,2024,1.530266266
6,S. Great Plains,soybean,RCP4.5-NF-cooler,2025,1.260176812
6,S. Great Plains,soybean,RCP4.5-NF-cooler,2026,1.400776518
6,S. Great Plains,soybean,RCP4.5-NF-cooler,2027,1.473669336
6,S. Great Plains,soybean,RCP4.5-NF-cooler,2028,1.570784303
6,S. Great Plains,soybean,RCP4.5-NF-cooler,2029,2.245536027
6,S. Great Plains,soybean,RCP4.5-NF-cooler,2030,1.578801122
6,S. Great Plains,soybean,RCP4.5-NF-cooler,2031,1.600242934
6,S. Great Plains,soybean,RCP4.5-NF-cooler,2032,1.864383411
6,S. Great Plains,soybean,RCP4.5-NF-cooler,2033,1.895569284
6,S. Great Plains,soybean,RCP4.5-NF-cooler,2034,1.541415465
6,S. Great Plains,soybean,RCP4.5-NF-cooler,2035,1.870579593
6,S. Great Plains,soybean,RCP4.5-NF-cooler,2036,1.736315843
6,S. Great Plains,soybean,RCP4.5-NF-cooler,2037,1.389885936
6,S. Great Plains,soybean,RCP4.5-NF-cooler,2038,1.484597161
6,S. Great Plains,soybean,RCP4.5-NF-cooler,2039,1.739320002
6,S. Great Plains,soybean,RCP4.5-NF-cooler,2040,2.151548083
6,S. Great Plains,soybean,RCP4.5-NF-cooler,2041,1.40541542
6,S. Great Plains,soybean,RCP4.5-NF-cooler,2042,1.868911306
6,S. Great Plains,soybean,RCP4.5-NF-cooler,2043,2.11249517
6,S. Great Plains,soybean,RCP4.5-NF-cooler,2044,1.727013145
6,S. Great Plains,soybean,RCP4.5-NF-cooler,2045,1.94972438
6,S. Great Plains,soybean,RCP4.5-NF-cooler,2046,1.971867391
6,S. Great Plains,soybean,RCP4.5-NF-cooler,2047,1.556025026
6,S. Great Plains,soybean,RCP4.5-NF-cooler,2048,1.827596326
6,S. Great Plains,soybean,RCP4.5-NF-cooler,2049,1.480353215
6,S. Great Plains,soybean,RCP4.5-NF-cooler,2050,1.605762137
6,S. Great Plains,soybean,RCP4.5-NF-cooler,2051,1.721956559
6,S. Great Plains,soybean,RCP4.5-NF-cooler,2052,2.042490253
6,S. Great Plains,soybean,RCP4.5-NF-cooler,2053,1.784335375
6,S. Great Plains,soybean,RCP4.5-NF-cooler,2054,1.994446768
6,S. Great Plains,soybean,RCP4.5-NF-cooler,2055,1.670022703
6,S. Great Plains,soybean,RCP4.5-NF-hotter,2021,1.510026612
6,S. Great Plains,soybean,RCP4.5-NF-hotter,2022,1.502772627
6,S. Great Plains,soybean,RCP4.5-NF-hotter,2023,1.419940472
6,S. Great Plains,soybean,RCP4.5-NF-hotter,2024,1.444418329
6,S. Great Plains,soybean,RCP4.5-NF-hotter,2025,1.254640066
6,S. Great Plains,soybean,RCP4.5-NF-hotter,2026,1.482006088
6,S. Great Plains,soybean,RCP4.5-NF-hotter,2027,1.590038623
6,S. Great Plains,soybean,RCP4.5-NF-hotter,2028,1.620523019
6,S. Great Plains,soybean,RCP4.5-NF-hotter,2029,2.249446895
6,S. Great Plains,soybean,RCP4.5-NF-hotter,2030,1.712224467
6,S. Great Plains,soybean,RCP4.5-NF-hotter,2031,1.70972957
6,S. Great Plains,soybean,RCP4.5-NF-hotter,2032,1.87756224
6,S. Great Plains,soybean,RCP4.5-NF-hotter,2033,1.997227972
6,S. Great Plains,soybean,RCP4.5-NF-hotter,2034,1.582280884
6,S. Great Plains,soybean,RCP4.5-NF-hotter,2035,1.734720092
6,S. Great Plains,soybean,RCP4.5-NF-hotter,2036,1.817189285
6,S. Great Plains,soybean,RCP4.5-NF-hotter,2037,1.600471911
6,S. Great Plains,soybean,RCP4.5-NF-hotter,2038,1.532142678
6,S. Great Plains,soybean,RCP4.5-NF-hotter,2039,1.561656725
6,S. Great Plains,soybean,RCP4.5-NF-hotter,2040,2.335196202
6,S. Great Plains,soybean,RCP4.5-NF-hotter,2041,1.508062575
6,S. Great Plains,soybean,RCP4.5-NF-hotter,2042,2.005008281
6,S. Great Plains,soybean,RCP4.5-NF-hotter,2043,2.149441752
6,S. Great Plains,soybean,RCP4.5-NF-hotter,2044,1.975256422
6,S. Great Plains,soybean,RCP4.5-NF-hotter,2045,2.131399035
6,S. Great Plains,soybean,RCP4.5-NF-hotter,2046,2.366032767
6,S. Great Plains,soybean,RCP4.5-NF-hotter,2047,1.592351883
6,S. Great Plains,soybean,RCP4.5-NF-hotter,2048,1.686522787
6,S. Great Plains,soybean,RCP4.5-NF-hotter,2049,1.522421656
6,S. Great Plains,soybean,RCP4.5-NF-hotter,2050,1.387748231
6,S. Great Plains,soybean,RCP4.5-NF-hotter,2051,1.80645559
6,S. Great Plains,soybean,RCP4.5-NF-hotter,2052,2.152038535
6,S. Great Plains,soybean,RCP4.5-NF-hotter,2053,1.806820994
6,S. Great Plains,soybean,RCP4.5-NF-hotter,2054,1.96525364
6,S. Great Plains,soybean,RCP4.5-NF-hotter,2055,1.322844436
6,S. Great Plains,soybean,SSP5-8.5-NF-cooler,2021,1.622516221
6,S. Great Plains,soybean,SSP5-8.5-NF-cooler,2022,2.135778845
6,S. Great Plains,soybean,SSP5-8.5-NF-cooler,2023,1.751851582
6,S. Great Plains,soybean,SSP5-8.5-NF-cooler,2024,1.797379969
6,S. Great Plains,soybean,SSP5-8.5-NF-cooler,2025,1.39771755
6,S. Great Plains,soybean,SSP5-8.5-NF-cooler,2026,1.610546942
6,S. Great Plains,soybean,SSP5-8.5-NF-cooler,2027,1.58848411
6,S. Great Plains,soybean,SSP5-8.5-NF-cooler,2028,1.90098258
6,S. Great Plains,soybean,SSP5-8.5-NF-cooler,2029,2.217788992
6,S. Great Plains,soybean,SSP5-8.5-NF-cooler,2030,1.868805084
6,S. Great Plains,soybean,SSP5-8.5-NF-cooler,2031,2.029018546
6,S. Great Plains,soybean,SSP5-8.5-NF-cooler,2032,1.763176994
6,S. Great Plains,soybean,SSP5-8.5-NF-cooler,2033,1.958097228
6,S. Great Plains,soybean,SSP5-8.5-NF-cooler,2034,1.868451922
6,S. Great Plains,soybean,SSP5-8.5-NF-cooler,2035,2.014509242
6,S. Great Plains,soybean,SSP5-8.5-NF-cooler,2036,1.968582144
6,S. Great Plains,soybean,SSP5-8.5-NF-cooler,2037,1.837389371
6,S. Great Plains,soybean,SSP5-8.5-NF-cooler,2038,1.849046359
6,S. Great Plains,soybean,SSP5-8.5-NF-cooler,2039,1.52768452
6,S. Great Plains,soybean,SSP5-8.5-NF-cooler,2040,2.206949987
6,S. Great Plains,soybean,SSP5-8.5-NF-cooler,2041,1.588899896
6,S. Great Plains,soybean,SSP5-8.5-NF-cooler,2042,1.814676735
6,S. Great Plains,soybean,SSP5-8.5-NF-cooler,2043,1.839531146
6,S. Great Plains,soybean,SSP5-8.5-NF-cooler,2044,2.004696176
6,S. Great Plains,soybean,SSP5-8.5-NF-cooler,2045,2.176020789
6,S. Great Plains,soybean,SSP5-8.5-NF-cooler,2046,2.258763696
6,S. Great Plains,soybean,SSP5-8.5-NF-cooler,2047,2.238200078
6,S. Great Plains,soybean,SSP5-8.5-NF-cooler,2048,1.878672464
6,S. Great Plains,soybean,SSP5-8.5-NF-cooler,2049,1.739577638
6,S. Great Plains,soybean,SSP5-8.5-NF-cooler,2050,1.725265985
6,S. Great Plains,soybean,SSP5-8.5-NF-cooler,2051,2.085186959
6,S. Great Plains,soybean,SSP5-8.5-NF-cooler,2052,2.5509522
6,S. Great Plains,soybean,SSP5-8.5-NF-cooler,2053,1.911869321
6,S. Great Plains,soybean,SSP5-8.5-NF-cooler,2054,2.511455576
6,S. Great Plains,soybean,SSP5-8.5-NF-cooler,2055,1.598857594
6,S. Great Plains,soybean,SSP5-8.5-NF-hotter,2021,1.652475259
6,S. Great Plains,soybean,SSP5-8.5-NF-hotter,2022,1.922203708
6,S. Great Plains,soybean,SSP5-8.5-NF-hotter,2023,2.130432088
6,S. Great Plains,soybean,SSP5-8.5-NF-hotter,2024,1.746562789
6,S. Great Plains,soybean,SSP5-8.5-NF-hotter,2025,1.399072474
6,S. Great Plains,soybean,SSP5-8.5-NF-hotter,2026,1.622774175
6,S. Great Plains,soybean,SSP5-8.5-NF-hotter,2027,1.590420451
6,S. Great Plains,soybean,SSP5-8.5-NF-hotter,2028,1.931625559
6,S. Great Plains,soybean,SSP5-8.5-NF-hotter,2029,2.354602997
6,S. Great Plains,soybean,SSP5-8.5-NF-hotter,2030,1.70137256
6,S. Great Plains,soybean,SSP5-8.5-NF-hotter,2031,1.919599362
6,S. Great Plains,soybean,SSP5-8.5-NF-hotter,2032,1.955803198
6,S. Great Plains,soybean,SSP5-8.5-NF-hotter,2033,1.855465122
6,S. Great Plains,soybean,SSP5-8.5-NF-hotter,2034,1.829494637
6,S. Great Plains,soybean,SSP5-8.5-NF-hotter,2035,1.623953855
6,S. Great Plains,soybean,SSP5-8.5-NF-hotter,2036,2.013521809
6,S. Great Plains,soybean,SSP5-8.5-NF-hotter,2037,1.84395188
6,S. Great Plains,soybean,SSP5-8.5-NF-hotter,2038,1.863771696
6,S. Great Plains,soybean,SSP5-8.5-NF-hotter,2039,1.555897052
6,S. Great Plains,soybean,SSP5-8.5-NF-hotter,2040,2.469097711
6,S. Great Plains,soybean,SSP5-8.5-NF-hotter,2041,1.688155016
6,S. Great Plains,soybean,SSP5-8.5-NF-hotter,2042,1.859008157
6,S. Great Plains,soybean,SSP5-8.5-NF-hotter,2043,1.984203165
6,S. Great Plains,soybean,SSP5-8.5-NF-hotter,2044,2.088033625
6,S. Great Plains,soybean,SSP5-8.5-NF-hotter,2045,2.158223365
6,S. Great Plains,soybean,SSP5-8.5-NF-hotter,2046,2.174382529
6,S. Great Plains,soybean,SSP5-8.5-NF-hotter,2047,2.176712937
6,S. Great Plains,soybean,SSP5-8.5-NF-hotter,2048,2.045313756
6,S. Great Plains,soybean,SSP5-8.5-NF-hotter,2049,1.748357471
6,S. Great Plains,soybean,SSP5-8.5-NF-hotter,2050,1.715742757
6,S. Great Plains,soybean,SSP5-8.5-NF-hotter,2051,1.97520349
6,S. Great Plains,soybean,SSP5-8.5-NF-hotter,2052,2.372419422
6,S. Great Plains,soybean,SSP5-8.5-NF-hotter,2053,1.833217953
6,S. Great Plains,soybean,SSP5-8.5-NF-hotter,2054,2.288984667
6,S. Great Plains,soybean,SSP5-8.5-NF-hotter,2055,2.042748945
6,S. Great Plains,soybean,RCP8.5-NF-cooler,2021,1.431450653
6,S. Great Plains,soybean,RCP8.5-NF-cooler,2022,1.346263562
6,S. Great Plains,soybean,RCP8.5-NF-cooler,2023,1.453352236
6,S. Great Plains,soybean,RCP8.5-NF-cooler,2024,1.530021857
6,S. Great Plains,soybean,RCP8.5-NF-cooler,2025,1.268980606
6,S. Great Plains,soybean,RCP8.5-NF-cooler,2026,1.609525702
6,S. Great Plains,soybean,RCP8.5-NF-cooler,2027,1.436192157
6,S. Great Plains,soybean,RCP8.5-NF-cooler,2028,1.718128662
6,S. Great Plains,soybean,RCP8.5-NF-cooler,2029,2.35535229
6,S. Great Plains,soybean,RCP8.5-NF-cooler,2030,1.570978489
6,S. Great Plains,soybean,RCP8.5-NF-cooler,2031,1.74157813
6,S. Great Plains,soybean,RCP8.5-NF-cooler,2032,1.641655451
6,S. Great Plains,soybean,RCP8.5-NF-cooler,2033,1.745229124
6,S. Great Plains,soybean,RCP8.5-NF-cooler,2034,1.589204535
6,S. Great Plains,soybean,RCP8.5-NF-cooler,2035,1.872194799
6,S. Great Plains,soybean,RCP8.5-NF-cooler,2036,1.919292531
6,S. Great Plains,soybean,RCP8.5-NF-cooler,2037,1.639170892
6,S. Great Plains,soybean,RCP8.5-NF-cooler,2038,1.483847987
6,S. Great Plains,soybean,RCP8.5-NF-cooler,2039,1.506987588
6,S. Great Plains,soybean,RCP8.5-NF-cooler,2040,2.212200579
6,S. Great Plains,soybean,RCP8.5-NF-cooler,2041,1.454558274
6,S. Great Plains,soybean,RCP8.5-NF-cooler,2042,1.945779928
6,S. Great Plains,soybean,RCP8.5-NF-cooler,2043,2.002669367
6,S. Great Plains,soybean,RCP8.5-NF-cooler,2044,1.949387534
6,S. Great Plains,soybean,RCP8.5-NF-cooler,2045,2.177012137
6,S. Great Plains,soybean,RCP8.5-NF-cooler,2046,2.313304057
6,S. Great Plains,soybean,RCP8.5-NF-cooler,2047,1.892211394
6,S. Great Plains,soybean,RCP8.5-NF-cooler,2048,1.897304373
6,S. Great Plains,soybean,RCP8.5-NF-cooler,2049,1.512105033
6,S. Great Plains,soybean,RCP8.5-NF-cooler,2050,1.447401103
6,S. Great Plains,soybean,RCP8.5-NF-cooler,2051,1.930893767
6,S. Great Plains,soybean,RCP8.5-NF-cooler,2052,2.172851801
6,S. Great Plains,soybean,RCP8.5-NF-cooler,2053,1.927525216
6,S. Great Plains,soybean,RCP8.5-NF-cooler,2054,2.287883755
6,S. Great Plains,soybean,RCP8.5-NF-cooler,2055,1.578598036
6,S. Great Plains,soybean,RCP8.5-NF-hotter,2021,1.536410694
6,S. Great Plains,soybean,RCP8.5-NF-hotter,2022,1.548535212
6,S. Great Plains,soybean,RCP8.5-NF-hotter,2023,1.359655201
6,S. Great Plains,soybean,RCP8.5-NF-hotter,2024,1.615737947
6,S. Great Plains,soybean,RCP8.5-NF-hotter,2025,1.213331425
6,S. Great Plains,soybean,RCP8.5-NF-hotter,2026,1.575364143
6,S. Great Plains,soybean,RCP8.5-NF-hotter,2027,1.423866776
6,S. Great Plains,soybean,RCP8.5-NF-hotter,2028,1.760794343
6,S. Great Plains,soybean,RCP8.5-NF-hotter,2029,2.412621574
6,S. Great Plains,soybean,RCP8.5-NF-hotter,2030,1.484219956
6,S. Great Plains,soybean,RCP8.5-NF-hotter,2031,1.839946676
6,S. Great Plains,soybean,RCP8.5-NF-hotter,2032,1.919812849
6,S. Great Plains,soybean,RCP8.5-NF-hotter,2033,1.647032175
6,S. Great Plains,soybean,RCP8.5-NF-hotter,2034,1.611853118
6,S. Great Plains,soybean,RCP8.5-NF-hotter,2035,1.804375011
6,S. Great Plains,soybean,RCP8.5-NF-hotter,2036,1.886892121
6,S. Great Plains,soybean,RCP8.5-NF-hotter,2037,1.514148412
6,S. Great Plains,soybean,RCP8.5-NF-hotter,2038,1.596529681
6,S. Great Plains,soybean,RCP8.5-NF-hotter,2039,1.69362273
6,S. Great Plains,soybean,RCP8.5-NF-hotter,2040,2.346083175
6,S. Great Plains,soybean,RCP8.5-NF-hotter,2041,1.555352867
6,S. Great Plains,soybean,RCP8.5-NF-hotter,2042,2.099641106
6,S. Great Plains,soybean,RCP8.5-NF-hotter,2043,2.141641921
6,S. Great Plains,soybean,RCP8.5-NF-hotter,2044,2.064661314
6,S. Great Plains,soybean,RCP8.5-NF-hotter,2045,2.154182393
6,S. Great Plains,soybean,RCP8.5-NF-hotter,2046,2.357700278
6,S. Great Plains,soybean,RCP8.5-NF-hotter,2047,1.868583975
6,S. Great Plains,soybean,RCP8.5-NF-hotter,2048,1.790936343
6,S. Great Plains,soybean,RCP8.5-NF-hotter,2049,1.682663447
6,S. Great Plains,soybean,RCP8.5-NF-hotter,2050,1.382012399
6,S. Great Plains,soybean,RCP8.5-NF-hotter,2051,1.999808807
6,S. Great Plains,soybean,RCP8.5-NF-hotter,2052,2.040331228
6,S. Great Plains,soybean,RCP8.5-NF-hotter,2053,1.859805642
6,S. Great Plains,soybean,RCP8.5-NF-hotter,2054,2.329945044
6,S. Great Plains,soybean,RCP8.5-NF-hotter,2055,1.537217217
8,Northwest,soybean,SSP3-4.5-NF-cooler,2021,2.772324722
8,Northwest,soybean,SSP3-4.5-NF-cooler,2022,2.604156758
8,Northwest,soybean,SSP3-4.5-NF-cooler,2023,2.372810393
8,Northwest,soybean,SSP3-4.5-NF-cooler,2024,2.080962007
8,Northwest,soybean,SSP3-4.5-NF-cooler,2025,2.711883096
8,Northwest,soybean,SSP3-4.5-NF-cooler,2026,2.698997879
8,Northwest,soybean,SSP3-4.5-NF-cooler,2027,2.65955366
8,Northwest,soybean,SSP3-4.5-NF-cooler,2028,3.089999914
8,Northwest,soybean,SSP3-4.5-NF-cooler,2029,2.891064504
8,Northwest,soybean,SSP3-4.5-NF-cooler,2030,2.593577955
8,Northwest,soybean,SSP3-4.5-NF-cooler,2031,2.784187339
8,Northwest,soybean,SSP3-4.5-NF-cooler,2032,3.02760548
8,Northwest,soybean,SSP3-4.5-NF-cooler,2033,2.606095437
8,Northwest,soybean,SSP3-4.5-NF-cooler,2034,3.034733721
8,Northwest,soybean,SSP3-4.5-NF-cooler,2035,3.089999914
8,Northwest,soybean,SSP3-4.5-NF-cooler,2036,3.020083743
8,Northwest,soybean,SSP3-4.5-NF-cooler,2037,2.746297865
8,Northwest,soybean,SSP3-4.5-NF-cooler,2038,2.944204812
8,Northwest,soybean,SSP3-4.5-NF-cooler,2039,3.089999914
8,Northwest,soybean,SSP3-4.5-NF-cooler,2040,2.890012688
8,Northwest,soybean,SSP3-4.5-NF-cooler,2041,3.089999914
8,Northwest,soybean,SSP3-4.5-NF-cooler,2042,2.985565179
8,Northwest,soybean,SSP3-4.5-NF-cooler,2043,3.089999914
8,Northwest,soybean,SSP3-4.5-NF-cooler,2044,3.01041811
8,Northwest,soybean,SSP3-4.5-NF-cooler,2045,3.062001832
8,Northwest,soybean,SSP3-4.5-NF-cooler,2046,3.005753474
8,Northwest,soybean,SSP3-4.5-NF-cooler,2047,2.964790434
8,Northwest,soybean,SSP3-4.5-NF-cooler,2048,3.015072324
8,Northwest,soybean,SSP3-4.5-NF-cooler,2049,2.855642252
8,Northwest,soybean,SSP3-4.5-NF-cooler,2050,3.089999914
8,Northwest,soybean,SSP3-4.5-NF-cooler,2051,2.803113238
8,Northwest,soybean,SSP3-4.5-NF-cooler,2052,2.896833918
8,Northwest,soybean,SSP3-4.5-NF-cooler,2053,3.089999914
8,Northwest,soybean,SSP3-4.5-NF-cooler,2054,2.717800187
8,Northwest,soybean,SSP3-4.5-NF-cooler,2055,2.972932012
8,Northwest,soybean,SSP3-4.5-NF-hotter,2021,2.770693503
8,Northwest,soybean,SSP3-4.5-NF-hotter,2022,2.391087176
8,Northwest,soybean,SSP3-4.5-NF-hotter,2023,1.804372446
8,Northwest,soybean,SSP3-4.5-NF-hotter,2024,3.089999914
8,Northwest,soybean,SSP3-4.5-NF-hotter,2025,2.241971992
8,Northwest,soybean,SSP3-4.5-NF-hotter,2026,2.92839676
8,Northwest,soybean,SSP3-4.5-NF-hotter,2027,3.089999914
8,Northwest,soybean,SSP3-4.5-NF-hotter,2028,2.882691837
8,Northwest,soybean,SSP3-4.5-NF-hotter,2029,2.110852256
8,Northwest,soybean,SSP3-4.5-NF-hotter,2030,2.458847754
8,Northwest,soybean,SSP3-4.5-NF-hotter,2031,2.698081654
8,Northwest,soybean,SSP3-4.5-NF-hotter,2032,2.718193388
8,Northwest,soybean,SSP3-4.5-NF-hotter,2033,2.387913865
8,Northwest,soybean,SSP3-4.5-NF-hotter,2034,3.007777441
8,Northwest,soybean,SSP3-4.5-NF-hotter,2035,2.487133521
8,Northwest,soybean,SSP3-4.5-NF-hotter,2036,2.991461424
8,Northwest,soybean,SSP3-4.5-NF-hotter,2037,2.895937809
8,Northwest,soybean,SSP3-4.5-NF-hotter,2038,2.945191268
8,Northwest,soybean,SSP3-4.5-NF-hotter,2039,3.028377624
8,Northwest,soybean,SSP3-4.5-NF-hotter,2040,2.951971875
8,Northwest,soybean,SSP3-4.5-NF-hotter,2041,3.089999914
8,Northwest,soybean,SSP3-4.5-NF-hotter,2042,2.788229922
8,Northwest,soybean,SSP3-4.5-NF-hotter,2043,3.052809866
8,Northwest,soybean,SSP3-4.5-NF-hotter,2044,2.433320473
8,Northwest,soybean,SSP3-4.5-NF-hotter,2045,2.988365878
8,Northwest,soybean,SSP3-4.5-NF-hotter,2046,2.895390017
8,Northwest,soybean,SSP3-4.5-NF-hotter,2047,3.079870957
8,Northwest,soybean,SSP3-4.5-NF-hotter,2048,3.068669122
8,Northwest,soybean,SSP3-4.5-NF-hotter,2049,3.089999914
8,Northwest,soybean,SSP3-4.5-NF-hotter,2050,3.003812416
8,Northwest,soybean,SSP3-4.5-NF-hotter,2051,3.089999914
8,Northwest,soybean,SSP3-4.5-NF-hotter,2052,2.90090053
8,Northwest,soybean,SSP3-4.5-NF-hotter,2053,3.005044741
8,Northwest,soybean,SSP3-4.5-NF-hotter,2054,2.787512861
8,Northwest,soybean,SSP3-4.5-NF-hotter,2055,2.928256883
8,Northwest,soybean,RCP4.5-NF-cooler,2021,
8,Northwest,soybean,RCP4.5-NF-cooler,2022,
8,Northwest,soybean,RCP4.5-NF-cooler,2023,
8,Northwest,soybean,RCP4.5-NF-cooler,2024,
8,Northwest,soybean,RCP4.5-NF-cooler,2025,
8,Northwest,soybean,RCP4.5-NF-cooler,2026,
8,Northwest,soybean,RCP4.5-NF-cooler,2027,
8,Northwest,soybean,RCP4.5-NF-cooler,2028,
8,Northwest,soybean,RCP4.5-NF-cooler,2029,
8,Northwest,soybean,RCP4.5-NF-cooler,2030,
8,Northwest,soybean,RCP4.5-NF-cooler,2031,
8,Northwest,soybean,RCP4.5-NF-cooler,2032,
8,Northwest,soybean,RCP4.5-NF-cooler,2033,
8,Northwest,soybean,RCP4.5-NF-cooler,2034,
8,Northwest,soybean,RCP4.5-NF-cooler,2035,
8,Northwest,soybean,RCP4.5-NF-cooler,2036,
8,Northwest,soybean,RCP4.5-NF-cooler,2037,
8,Northwest,soybean,RCP4.5-NF-cooler,2038,
8,Northwest,soybean,RCP4.5-NF-cooler,2039,
8,Northwest,soybean,RCP4.5-NF-cooler,2040,
8,Northwest,soybean,RCP4.5-NF-cooler,2041,
8,Northwest,soybean,RCP4.5-NF-cooler,2042,
8,Northwest,soybean,RCP4.5-NF-cooler,2043,
8,Northwest,soybean,RCP4.5-NF-cooler,2044,
8,Northwest,soybean,RCP4.5-NF-cooler,2045,
8,Northwest,soybean,RCP4.5-NF-cooler,2046,
8,Northwest,soybean,RCP4.5-NF-cooler,2047,
8,Northwest,soybean,RCP4.5-NF-cooler,2048,
8,Northwest,soybean,RCP4.5-NF-cooler,2049,
8,Northwest,soybean,RCP4.5-NF-cooler,2050,
8,Northwest,soybean,RCP4.5-NF-cooler,2051,
8,Northwest,soybean,RCP4.5-NF-cooler,2052,
8,Northwest,soybean,RCP4.5-NF-cooler,2053,
8,Northwest,soybean,RCP4.5-NF-cooler,2054,
8,Northwest,soybean,RCP4.5-NF-cooler,2055,
8,Northwest,soybean,RCP4.5-NF-hotter,2021,
8,Northwest,soybean,RCP4.5-NF-hotter,2022,
8,Northwest,soybean,RCP4.5-NF-hotter,2023,
8,Northwest,soybean,RCP4.5-NF-hotter,2024,
8,Northwest,soybean,RCP4.5-NF-hotter,2025,
8,Northwest,soybean,RCP4.5-NF-hotter,2026,
8,Northwest,soybean,RCP4.5-NF-hotter,2027,
8,Northwest,soybean,RCP4.5-NF-hotter,2028,
8,Northwest,soybean,RCP4.5-NF-hotter,2029,
8,Northwest,soybean,RCP4.5-NF-hotter,2030,
8,Northwest,soybean,RCP4.5-NF-hotter,2031,
8,Northwest,soybean,RCP4.5-NF-hotter,2032,
8,Northwest,soybean,RCP4.5-NF-hotter,2033,
8,Northwest,soybean,RCP4.5-NF-hotter,2034,
8,Northwest,soybean,RCP4.5-NF-hotter,2035,
8,Northwest,soybean,RCP4.5-NF-hotter,2036,
8,Northwest,soybean,RCP4.5-NF-hotter,2037,
8,Northwest,soybean,RCP4.5-NF-hotter,2038,
8,Northwest,soybean,RCP4.5-NF-hotter,2039,
8,Northwest,soybean,RCP4.5-NF-hotter,2040,
8,Northwest,soybean,RCP4.5-NF-hotter,2041,
8,Northwest,soybean,RCP4.5-NF-hotter,2042,
8,Northwest,soybean,RCP4.5-NF-hotter,2043,
8,Northwest,soybean,RCP4.5-NF-hotter,2044,
8,Northwest,soybean,RCP4.5-NF-hotter,2045,
8,Northwest,soybean,RCP4.5-NF-hotter,2046,
8,Northwest,soybean,RCP4.5-NF-hotter,2047,
8,Northwest,soybean,RCP4.5-NF-hotter,2048,
8,Northwest,soybean,RCP4.5-NF-hotter,2049,
8,Northwest,soybean,RCP4.5-NF-hotter,2050,
8,Northwest,soybean,RCP4.5-NF-hotter,2051,
8,Northwest,soybean,RCP4.5-NF-hotter,2052,
8,Northwest,soybean,RCP4.5-NF-hotter,2053,
8,Northwest,soybean,RCP4.5-NF-hotter,2054,
8,Northwest,soybean,RCP4.5-NF-hotter,2055,
8,Northwest,soybean,SSP5-8.5-NF-cooler,2021,2.267062215
8,Northwest,soybean,SSP5-8.5-NF-cooler,2022,3.089999914
8,Northwest,soybean,SSP5-8.5-NF-cooler,2023,1.630841386
8,Northwest,soybean,SSP5-8.5-NF-cooler,2024,2.692155361
8,Northwest,soybean,SSP5-8.5-NF-cooler,2025,2.322683428
8,Northwest,soybean,SSP5-8.5-NF-cooler,2026,1.79891738
8,Northwest,soybean,SSP5-8.5-NF-cooler,2027,2.659165664
8,Northwest,soybean,SSP5-8.5-NF-cooler,2028,2.651326175
8,Northwest,soybean,SSP5-8.5-NF-cooler,2029,1.550608451
8,Northwest,soybean,SSP5-8.5-NF-cooler,2030,2.170327309
8,Northwest,soybean,SSP5-8.5-NF-cooler,2031,2.130728244
8,Northwest,soybean,SSP5-8.5-NF-cooler,2032,2.6168928
8,Northwest,soybean,SSP5-8.5-NF-cooler,2033,2.66223476
8,Northwest,soybean,SSP5-8.5-NF-cooler,2034,2.789197909
8,Northwest,soybean,SSP5-8.5-NF-cooler,2035,2.479358909
8,Northwest,soybean,SSP5-8.5-NF-cooler,2036,2.906150721
8,Northwest,soybean,SSP5-8.5-NF-cooler,2037,2.863548799
8,Northwest,soybean,SSP5-8.5-NF-cooler,2038,2.96706113
8,Northwest,soybean,SSP5-8.5-NF-cooler,2039,2.858199246
8,Northwest,soybean,SSP5-8.5-NF-cooler,2040,2.643749168
8,Northwest,soybean,SSP5-8.5-NF-cooler,2041,2.853232251
8,Northwest,soybean,SSP5-8.5-NF-cooler,2042,2.733695189
8,Northwest,soybean,SSP5-8.5-NF-cooler,2043,2.735876925
8,Northwest,soybean,SSP5-8.5-NF-cooler,2044,2.265219946
8,Northwest,soybean,SSP5-8.5-NF-cooler,2045,3.056259894
8,Northwest,soybean,SSP5-8.5-NF-cooler,2046,2.382071091
8,Northwest,soybean,SSP5-8.5-NF-cooler,2047,2.57593011
8,Northwest,soybean,SSP5-8.5-NF-cooler,2048,3.089999914
8,Northwest,soybean,SSP5-8.5-NF-cooler,2049,2.963932452
8,Northwest,soybean,SSP5-8.5-NF-cooler,2050,2.923896571
8,Northwest,soybean,SSP5-8.5-NF-cooler,2051,2.794371214
8,Northwest,soybean,SSP5-8.5-NF-cooler,2052,2.622185285
8,Northwest,soybean,SSP5-8.5-NF-cooler,2053,2.916586941
8,Northwest,soybean,SSP5-8.5-NF-cooler,2054,2.074369382
8,Northwest,soybean,SSP5-8.5-NF-cooler,2055,3.025727476
8,Northwest,soybean,SSP5-8.5-NF-hotter,2021,2.896367644
8,Northwest,soybean,SSP5-8.5-NF-hotter,2022,2.962687944
8,Northwest,soybean,SSP5-8.5-NF-hotter,2023,2.996912486
8,Northwest,soybean,SSP5-8.5-NF-hotter,2024,2.752331018
8,Northwest,soybean,SSP5-8.5-NF-hotter,2025,2.496410897
8,Northwest,soybean,SSP5-8.5-NF-hotter,2026,1.803075115
8,Northwest,soybean,SSP5-8.5-NF-hotter,2027,2.571883837
8,Northwest,soybean,SSP5-8.5-NF-hotter,2028,3.041921872
8,Northwest,soybean,SSP5-8.5-NF-hotter,2029,1.982393002
8,Northwest,soybean,SSP5-8.5-NF-hotter,2030,3.074299466
8,Northwest,soybean,SSP5-8.5-NF-hotter,2031,2.450989074
8,Northwest,soybean,SSP5-8.5-NF-hotter,2032,2.854249975
8,Northwest,soybean,SSP5-8.5-NF-hotter,2033,2.791724253
8,Northwest,soybean,SSP5-8.5-NF-hotter,2034,2.820485557
8,Northwest,soybean,SSP5-8.5-NF-hotter,2035,2.355619138
8,Northwest,soybean,SSP5-8.5-NF-hotter,2036,2.958539028
8,Northwest,soybean,SSP5-8.5-NF-hotter,2037,2.400320555
8,Northwest,soybean,SSP5-8.5-NF-hotter,2038,1.311231494
8,Northwest,soybean,SSP5-8.5-NF-hotter,2039,2.722703183
8,Northwest,soybean,SSP5-8.5-NF-hotter,2040,2.733232558
8,Northwest,soybean,SSP5-8.5-NF-hotter,2041,2.673481391
8,Northwest,soybean,SSP5-8.5-NF-hotter,2042,2.590705677
8,Northwest,soybean,SSP5-8.5-NF-hotter,2043,2.883791506
8,Northwest,soybean,SSP5-8.5-NF-hotter,2044,1.855606975
8,Northwest,soybean,SSP5-8.5-NF-hotter,2045,2.2260439
8,Northwest,soybean,SSP5-8.5-NF-hotter,2046,2.596822358
8,Northwest,soybean,SSP5-8.5-NF-hotter,2047,2.890129358
8,Northwest,soybean,SSP5-8.5-NF-hotter,2048,3.089999914
8,Northwest,soybean,SSP5-8.5-NF-hotter,2049,2.786873242
8,Northwest,soybean,SSP5-8.5-NF-hotter,2050,2.883072769
8,Northwest,soybean,SSP5-8.5-NF-hotter,2051,2.655772344
8,Northwest,soybean,SSP5-8.5-NF-hotter,2052,2.800028774
8,Northwest,soybean,SSP5-8.5-NF-hotter,2053,2.685457915
8,Northwest,soybean,SSP5-8.5-NF-hotter,2054,2.616921295
8,Northwest,soybean,SSP5-8.5-NF-hotter,2055,2.165382774
8,Northwest,soybean,RCP8.5-NF-cooler,2021,
8,Northwest,soybean,RCP8.5-NF-cooler,2022,
8,Northwest,soybean,RCP8.5-NF-cooler,2023,
8,Northwest,soybean,RCP8.5-NF-cooler,2024,
8,Northwest,soybean,RCP8.5-NF-cooler,2025,
8,Northwest,soybean,RCP8.5-NF-cooler,2026,
8,Northwest,soybean,RCP8.5-NF-cooler,2027,
8,Northwest,soybean,RCP8.5-NF-cooler,2028,
8,Northwest,soybean,RCP8.5-NF-cooler,2029,
8,Northwest,soybean,RCP8.5-NF-cooler,2030,
8,Northwest,soybean,RCP8.5-NF-cooler,2031,
8,Northwest,soybean,RCP8.5-NF-cooler,2032,
8,Northwest,soybean,RCP8.5-NF-cooler,2033,
8,Northwest,soybean,RCP8.5-NF-cooler,2034,
8,Northwest,soybean,RCP8.5-NF-cooler,2035,
8,Northwest,soybean,RCP8.5-NF-cooler,2036,
8,Northwest,soybean,RCP8.5-NF-cooler,2037,
8,Northwest,soybean,RCP8.5-NF-cooler,2038,
8,Northwest,soybean,RCP8.5-NF-cooler,2039,
8,Northwest,soybean,RCP8.5-NF-cooler,2040,
8,Northwest,soybean,RCP8.5-NF-cooler,2041,
8,Northwest,soybean,RCP8.5-NF-cooler,2042,
8,Northwest,soybean,RCP8.5-NF-cooler,2043,
8,Northwest,soybean,RCP8.5-NF-cooler,2044,
8,Northwest,soybean,RCP8.5-NF-cooler,2045,
8,Northwest,soybean,RCP8.5-NF-cooler,2046,
8,Northwest,soybean,RCP8.5-NF-cooler,2047,
8,Northwest,soybean,RCP8.5-NF-cooler,2048,
8,Northwest,soybean,RCP8.5-NF-cooler,2049,
8,Northwest,soybean,RCP8.5-NF-cooler,2050,
8,Northwest,soybean,RCP8.5-NF-cooler,2051,
8,Northwest,soybean,RCP8.5-NF-cooler,2052,
8,Northwest,soybean,RCP8.5-NF-cooler,2053,
8,Northwest,soybean,RCP8.5-NF-cooler,2054,
8,Northwest,soybean,RCP8.5-NF-cooler,2055,
8,Northwest,soybean,RCP8.5-NF-hotter,2021,
8,Northwest,soybean,RCP8.5-NF-hotter,2022,
8,Northwest,soybean,RCP8.5-NF-hotter,2023,
8,Northwest,soybean,RCP8.5-NF-hotter,2024,
8,Northwest,soybean,RCP8.5-NF-hotter,2025,
8,Northwest,soybean,RCP8.5-NF-hotter,2026,
8,Northwest,soybean,RCP8.5-NF-hotter,2027,
8,Northwest,soybean,RCP8.5-NF-hotter,2028,
8,Northwest,soybean,RCP8.5-NF-hotter,2029,
8,Northwest,soybean,RCP8.5-NF-hotter,2030,
8,Northwest,soybean,RCP8.5-NF-hotter,2031,
8,Northwest,soybean,RCP8.5-NF-hotter,2032,
8,Northwest,soybean,RCP8.5-NF-hotter,2033,
8,Northwest,soybean,RCP8.5-NF-hotter,2034,
8,Northwest,soybean,RCP8.5-NF-hotter,2035,
8,Northwest,soybean,RCP8.5-NF-hotter,2036,
8,Northwest,soybean,RCP8.5-NF-hotter,2037,
8,Northwest,soybean,RCP8.5-NF-hotter,2038,
8,Northwest,soybean,RCP8.5-NF-hotter,2039,
8,Northwest,soybean,RCP8.5-NF-hotter,2040,
8,Northwest,soybean,RCP8.5-NF-hotter,2041,
8,Northwest,soybean,RCP8.5-NF-hotter,2042,
8,Northwest,soybean,RCP8.5-NF-hotter,2043,
8,Northwest,soybean,RCP8.5-NF-hotter,2044,
8,Northwest,soybean,RCP8.5-NF-hotter,2045,
8,Northwest,soybean,RCP8.5-NF-hotter,2046,
8,Northwest,soybean,RCP8.5-NF-hotter,2047,
8,Northwest,soybean,RCP8.5-NF-hotter,2048,
8,Northwest,soybean,RCP8.5-NF-hotter,2049,
8,Northwest,soybean,RCP8.5-NF-hotter,2050,
8,Northwest,soybean,RCP8.5-NF-hotter,2051,
8,Northwest,soybean,RCP8.5-NF-hotter,2052,
8,Northwest,soybean,RCP8.5-NF-hotter,2053,
8,Northwest,soybean,RCP8.5-NF-hotter,2054,
8,Northwest,soybean,RCP8.5-NF-hotter,2055,
7,Southwest,soybean,SSP3-4.5-NF-cooler,2021,2.415090358
7,Southwest,soybean,SSP3-4.5-NF-cooler,2022,2.229228898
7,Southwest,soybean,SSP3-4.5-NF-cooler,2023,2.27096677
7,Southwest,soybean,SSP3-4.5-NF-cooler,2024,2.126553341
7,Southwest,soybean,SSP3-4.5-NF-cooler,2025,2.312176911
7,Southwest,soybean,SSP3-4.5-NF-cooler,2026,2.467278802
7,Southwest,soybean,SSP3-4.5-NF-cooler,2027,2.304947737
7,Southwest,soybean,SSP3-4.5-NF-cooler,2028,2.481193166
7,Southwest,soybean,SSP3-4.5-NF-cooler,2029,2.543931941
7,Southwest,soybean,SSP3-4.5-NF-cooler,2030,2.609175942
7,Southwest,soybean,SSP3-4.5-NF-cooler,2031,2.540046439
7,Southwest,soybean,SSP3-4.5-NF-cooler,2032,2.699824489
7,Southwest,soybean,SSP3-4.5-NF-cooler,2033,2.50103839
7,Southwest,soybean,SSP3-4.5-NF-cooler,2034,2.759034184
7,Southwest,soybean,SSP3-4.5-NF-cooler,2035,2.832877812
7,Southwest,soybean,SSP3-4.5-NF-cooler,2036,2.502963661
7,Southwest,soybean,SSP3-4.5-NF-cooler,2037,2.731433623
7,Southwest,soybean,SSP3-4.5-NF-cooler,2038,2.40016686
7,Southwest,soybean,SSP3-4.5-NF-cooler,2039,2.440894081
7,Southwest,soybean,SSP3-4.5-NF-cooler,2040,2.293718038
7,Southwest,soybean,SSP3-4.5-NF-cooler,2041,2.709795913
7,Southwest,soybean,SSP3-4.5-NF-cooler,2042,2.606541457
7,Southwest,soybean,SSP3-4.5-NF-cooler,2043,2.481558132
7,Southwest,soybean,SSP3-4.5-NF-cooler,2044,2.40709476
7,Southwest,soybean,SSP3-4.5-NF-cooler,2045,2.61965222
7,Southwest,soybean,SSP3-4.5-NF-cooler,2046,2.518457956
7,Southwest,soybean,SSP3-4.5-NF-cooler,2047,2.484361562
7,Southwest,soybean,SSP3-4.5-NF-cooler,2048,2.442086848
7,Southwest,soybean,SSP3-4.5-NF-cooler,2049,2.408602782
7,Southwest,soybean,SSP3-4.5-NF-cooler,2050,2.81492149
7,Southwest,soybean,SSP3-4.5-NF-cooler,2051,2.449896135
7,Southwest,soybean,SSP3-4.5-NF-cooler,2052,2.405284942
7,Southwest,soybean,SSP3-4.5-NF-cooler,2053,2.495887045
7,Southwest,soybean,SSP3-4.5-NF-cooler,2054,2.440096083
7,Southwest,soybean,SSP3-4.5-NF-cooler,2055,2.749960228
7,Southwest,soybean,SSP3-4.5-NF-hotter,2021,2.309005252
7,Southwest,soybean,SSP3-4.5-NF-hotter,2022,2.138260739
7,Southwest,soybean,SSP3-4.5-NF-hotter,2023,2.410012522
7,Southwest,soybean,SSP3-4.5-NF-hotter,2024,2.463712473
7,Southwest,soybean,SSP3-4.5-NF-hotter,2025,2.451771814
7,Southwest,soybean,SSP3-4.5-NF-hotter,2026,2.568806317
7,Southwest,soybean,SSP3-4.5-NF-hotter,2027,2.52626552
7,Southwest,soybean,SSP3-4.5-NF-hotter,2028,2.504742289
7,Southwest,soybean,SSP3-4.5-NF-hotter,2029,2.554013808
7,Southwest,soybean,SSP3-4.5-NF-hotter,2030,2.652355568
7,Southwest,soybean,SSP3-4.5-NF-hotter,2031,2.544934332
7,Southwest,soybean,SSP3-4.5-NF-hotter,2032,2.548657548
7,Southwest,soybean,SSP3-4.5-NF-hotter,2033,2.655887962
7,Southwest,soybean,SSP3-4.5-NF-hotter,2034,2.756968773
7,Southwest,soybean,SSP3-4.5-NF-hotter,2035,2.844561455
7,Southwest,soybean,SSP3-4.5-NF-hotter,2036,2.794159602
7,Southwest,soybean,SSP3-4.5-NF-hotter,2037,2.833870091
7,Southwest,soybean,SSP3-4.5-NF-hotter,2038,2.44555486
7,Southwest,soybean,SSP3-4.5-NF-hotter,2039,2.56065703
7,Southwest,soybean,SSP3-4.5-NF-hotter,2040,2.508111002
7,Southwest,soybean,SSP3-4.5-NF-hotter,2041,2.766537803
7,Southwest,soybean,SSP3-4.5-NF-hotter,2042,2.540907406
7,Southwest,soybean,SSP3-4.5-NF-hotter,2043,2.495042314
7,Southwest,soybean,SSP3-4.5-NF-hotter,2044,2.512968576
7,Southwest,soybean,SSP3-4.5-NF-hotter,2045,2.588040243
7,Southwest,soybean,SSP3-4.5-NF-hotter,2046,2.419720067
7,Southwest,soybean,SSP3-4.5-NF-hotter,2047,2.6421232
7,Southwest,soybean,SSP3-4.5-NF-hotter,2048,2.60221223
7,Southwest,soybean,SSP3-4.5-NF-hotter,2049,2.469495634
7,Southwest,soybean,SSP3-4.5-NF-hotter,2050,2.607908825
7,Southwest,soybean,SSP3-4.5-NF-hotter,2051,2.605006376
7,Southwest,soybean,SSP3-4.5-NF-hotter,2052,2.575504919
7,Southwest,soybean,SSP3-4.5-NF-hotter,2053,2.343873393
7,Southwest,soybean,SSP3-4.5-NF-hotter,2054,2.560521001
7,Southwest,soybean,SSP3-4.5-NF-hotter,2055,2.840874922
7,Southwest,soybean,RCP4.5-NF-cooler,2021,1.349363308
7,Southwest,soybean,RCP4.5-NF-cooler,2022,1.489305543
7,Southwest,soybean,RCP4.5-NF-cooler,2023,1.197295148
7,Southwest,soybean,RCP4.5-NF-cooler,2024,1.186116975
7,Southwest,soybean,RCP4.5-NF-cooler,2025,1.709241423
7,Southwest,soybean,RCP4.5-NF-cooler,2026,1.288905463
7,Southwest,soybean,RCP4.5-NF-cooler,2027,
7,Southwest,soybean,RCP4.5-NF-cooler,2028,1.293906093
7,Southwest,soybean,RCP4.5-NF-cooler,2029,1.34668368
7,Southwest,soybean,RCP4.5-NF-cooler,2030,1.535866899
7,Southwest,soybean,RCP4.5-NF-cooler,2031,1.143053792
7,Southwest,soybean,RCP4.5-NF-cooler,2032,1.262819059
7,Southwest,soybean,RCP4.5-NF-cooler,2033,1.479674814
7,Southwest,soybean,RCP4.5-NF-cooler,2034,1.797798795
7,Southwest,soybean,RCP4.5-NF-cooler,2035,1.786499183
7,Southwest,soybean,RCP4.5-NF-cooler,2036,1.525841552
7,Southwest,soybean,RCP4.5-NF-cooler,2037,1.517505207
7,Southwest,soybean,RCP4.5-NF-cooler,2038,1.280909896
7,Southwest,soybean,RCP4.5-NF-cooler,2039,1.109300988
7,Southwest,soybean,RCP4.5-NF-cooler,2040,2.013305873
7,Southwest,soybean,RCP4.5-NF-cooler,2041,1.519743997
7,Southwest,soybean,RCP4.5-NF-cooler,2042,1.90511942
7,Southwest,soybean,RCP4.5-NF-cooler,2043,1.536170475
7,Southwest,soybean,RCP4.5-NF-cooler,2044,1.85700705
7,Southwest,soybean,RCP4.5-NF-cooler,2045,1.45318982
7,Southwest,soybean,RCP4.5-NF-cooler,2046,1.971091491
7,Southwest,soybean,RCP4.5-NF-cooler,2047,1.591143419
7,Southwest,soybean,RCP4.5-NF-cooler,2048,1.754103768
7,Southwest,soybean,RCP4.5-NF-cooler,2049,1.533653045
7,Southwest,soybean,RCP4.5-NF-cooler,2050,1.345260074
7,Southwest,soybean,RCP4.5-NF-cooler,2051,1.757626063
7,Southwest,soybean,RCP4.5-NF-cooler,2052,2.042974818
7,Southwest,soybean,RCP4.5-NF-cooler,2053,2.013778351
7,Southwest,soybean,RCP4.5-NF-cooler,2054,1.771747306
7,Southwest,soybean,RCP4.5-NF-cooler,2055,1.494855639
7,Southwest,soybean,RCP4.5-NF-hotter,2021,1.456645574
7,Southwest,soybean,RCP4.5-NF-hotter,2022,1.494888444
7,Southwest,soybean,RCP4.5-NF-hotter,2023,1.390722337
7,Southwest,soybean,RCP4.5-NF-hotter,2024,1.181024585
7,Southwest,soybean,RCP4.5-NF-hotter,2025,1.659519564
7,Southwest,soybean,RCP4.5-NF-hotter,2026,1.429173865
7,Southwest,soybean,RCP4.5-NF-hotter,2027,
7,Southwest,soybean,RCP4.5-NF-hotter,2028,1.526898592
7,Southwest,soybean,RCP4.5-NF-hotter,2029,1.421774865
7,Southwest,soybean,RCP4.5-NF-hotter,2030,1.509805383
7,Southwest,soybean,RCP4.5-NF-hotter,2031,1.45942905
7,Southwest,soybean,RCP4.5-NF-hotter,2032,1.519731689
7,Southwest,soybean,RCP4.5-NF-hotter,2033,1.124373078
7,Southwest,soybean,RCP4.5-NF-hotter,2034,1.848375155
7,Southwest,soybean,RCP4.5-NF-hotter,2035,1.768873534
7,Southwest,soybean,RCP4.5-NF-hotter,2036,1.661914477
7,Southwest,soybean,RCP4.5-NF-hotter,2037,1.81138784
7,Southwest,soybean,RCP4.5-NF-hotter,2038,1.46355387
7,Southwest,soybean,RCP4.5-NF-hotter,2039,1.144270421
7,Southwest,soybean,RCP4.5-NF-hotter,2040,2.146425285
7,Southwest,soybean,RCP4.5-NF-hotter,2041,1.722217195
7,Southwest,soybean,RCP4.5-NF-hotter,2042,1.982999177
7,Southwest,soybean,RCP4.5-NF-hotter,2043,1.684434393
7,Southwest,soybean,RCP4.5-NF-hotter,2044,1.909931023
7,Southwest,soybean,RCP4.5-NF-hotter,2045,1.502418265
7,Southwest,soybean,RCP4.5-NF-hotter,2046,1.806753417
7,Southwest,soybean,RCP4.5-NF-hotter,2047,1.259520681
7,Southwest,soybean,RCP4.5-NF-hotter,2048,1.607287284
7,Southwest,soybean,RCP4.5-NF-hotter,2049,1.429548798
7,Southwest,soybean,RCP4.5-NF-hotter,2050,1.28968663
7,Southwest,soybean,RCP4.5-NF-hotter,2051,1.882655757
7,Southwest,soybean,RCP4.5-NF-hotter,2052,1.793946551
7,Southwest,soybean,RCP4.5-NF-hotter,2053,1.770278632
7,Southwest,soybean,RCP4.5-NF-hotter,2054,1.936036064
7,Southwest,soybean,RCP4.5-NF-hotter,2055,1.355831416
7,Southwest,soybean,SSP5-8.5-NF-cooler,2021,2.307652866
7,Southwest,soybean,SSP5-8.5-NF-cooler,2022,2.152388338
7,Southwest,soybean,SSP5-8.5-NF-cooler,2023,2.012726095
7,Southwest,soybean,SSP5-8.5-NF-cooler,2024,2.053091301
7,Southwest,soybean,SSP5-8.5-NF-cooler,2025,2.140932901
7,Southwest,soybean,SSP5-8.5-NF-cooler,2026,1.89009947
7,Southwest,soybean,SSP5-8.5-NF-cooler,2027,2.451653574
7,Southwest,soybean,SSP5-8.5-NF-cooler,2028,1.94597765
7,Southwest,soybean,SSP5-8.5-NF-cooler,2029,1.991335843
7,Southwest,soybean,SSP5-8.5-NF-cooler,2030,2.23781259
7,Southwest,soybean,SSP5-8.5-NF-cooler,2031,2.129971159
7,Southwest,soybean,SSP5-8.5-NF-cooler,2032,2.198645029
7,Southwest,soybean,SSP5-8.5-NF-cooler,2033,2.28988151
7,Southwest,soybean,SSP5-8.5-NF-cooler,2034,2.234659933
7,Southwest,soybean,SSP5-8.5-NF-cooler,2035,2.004589756
7,Southwest,soybean,SSP5-8.5-NF-cooler,2036,2.587020515
7,Southwest,soybean,SSP5-8.5-NF-cooler,2037,2.101601053
7,Southwest,soybean,SSP5-8.5-NF-cooler,2038,2.271863834
7,Southwest,soybean,SSP5-8.5-NF-cooler,2039,2.246164897
7,Southwest,soybean,SSP5-8.5-NF-cooler,2040,2.457084531
7,Southwest,soybean,SSP5-8.5-NF-cooler,2041,2.778486716
7,Southwest,soybean,SSP5-8.5-NF-cooler,2042,2.569386051
7,Southwest,soybean,SSP5-8.5-NF-cooler,2043,2.395183172
7,Southwest,soybean,SSP5-8.5-NF-cooler,2044,2.134383095
7,Southwest,soybean,SSP5-8.5-NF-cooler,2045,2.28270126
7,Southwest,soybean,SSP5-8.5-NF-cooler,2046,2.166286277
7,Southwest,soybean,SSP5-8.5-NF-cooler,2047,2.135771421
7,Southwest,soybean,SSP5-8.5-NF-cooler,2048,2.058153783
7,Southwest,soybean,SSP5-8.5-NF-cooler,2049,2.473122794
7,Southwest,soybean,SSP5-8.5-NF-cooler,2050,2.578577539
7,Southwest,soybean,SSP5-8.5-NF-cooler,2051,2.409953981
7,Southwest,soybean,SSP5-8.5-NF-cooler,2052,2.298146097
7,Southwest,soybean,SSP5-8.5-NF-cooler,2053,2.289975225
7,Southwest,soybean,SSP5-8.5-NF-cooler,2054,2.175426633
7,Southwest,soybean,SSP5-8.5-NF-cooler,2055,2.553475091
7,Southwest,soybean,SSP5-8.5-NF-hotter,2021,2.306211644
7,Southwest,soybean,SSP5-8.5-NF-hotter,2022,2.065310109
7,Southwest,soybean,SSP5-8.5-NF-hotter,2023,2.109406871
7,Southwest,soybean,SSP5-8.5-NF-hotter,2024,1.601784423
7,Southwest,soybean,SSP5-8.5-NF-hotter,2025,2.208257919
7,Southwest,soybean,SSP5-8.5-NF-hotter,2026,1.837317633
7,Southwest,soybean,SSP5-8.5-NF-hotter,2027,2.376935077
7,Southwest,soybean,SSP5-8.5-NF-hotter,2028,2.121636651
7,Southwest,soybean,SSP5-8.5-NF-hotter,2029,2.085076278
7,Southwest,soybean,SSP5-8.5-NF-hotter,2030,2.072725568
7,Southwest,soybean,SSP5-8.5-NF-hotter,2031,2.2567483
7,Southwest,soybean,SSP5-8.5-NF-hotter,2032,2.319849215
7,Southwest,soybean,SSP5-8.5-NF-hotter,2033,2.272098088
7,Southwest,soybean,SSP5-8.5-NF-hotter,2034,2.536539502
7,Southwest,soybean,SSP5-8.5-NF-hotter,2035,2.113365997
7,Southwest,soybean,SSP5-8.5-NF-hotter,2036,2.645016441
7,Southwest,soybean,SSP5-8.5-NF-hotter,2037,2.396848777
7,Southwest,soybean,SSP5-8.5-NF-hotter,2038,2.226957162
7,Southwest,soybean,SSP5-8.5-NF-hotter,2039,2.279485204
7,Southwest,soybean,SSP5-8.5-NF-hotter,2040,2.545274704
7,Southwest,soybean,SSP5-8.5-NF-hotter,2041,2.74122713
7,Southwest,soybean,SSP5-8.5-NF-hotter,2042,2.67258058
7,Southwest,soybean,SSP5-8.5-NF-hotter,2043,2.660755388
7,Southwest,soybean,SSP5-8.5-NF-hotter,2044,2.247354528
7,Southwest,soybean,SSP5-8.5-NF-hotter,2045,2.324344093
7,Southwest,soybean,SSP5-8.5-NF-hotter,2046,2.333517731
7,Southwest,soybean,SSP5-8.5-NF-hotter,2047,2.413063287
7,Southwest,soybean,SSP5-8.5-NF-hotter,2048,2.148242281
7,Southwest,soybean,SSP5-8.5-NF-hotter,2049,2.290514341
7,Southwest,soybean,SSP5-8.5-NF-hotter,2050,2.437690633
7,Southwest,soybean,SSP5-8.5-NF-hotter,2051,2.708631015
7,Southwest,soybean,SSP5-8.5-NF-hotter,2052,2.24081358
7,Southwest,soybean,SSP5-8.5-NF-hotter,2053,2.468511805
7,Southwest,soybean,SSP5-8.5-NF-hotter,2054,2.181721985
7,Southwest,soybean,SSP5-8.5-NF-hotter,2055,2.435413098
7,Southwest,soybean,RCP8.5-NF-cooler,2021,1.37442354
7,Southwest,soybean,RCP8.5-NF-cooler,2022,1.550080691
7,Southwest,soybean,RCP8.5-NF-cooler,2023,1.13369393
7,Southwest,soybean,RCP8.5-NF-cooler,2024,2.050563064
7,Southwest,soybean,RCP8.5-NF-cooler,2025,1.36847502
7,Southwest,soybean,RCP8.5-NF-cooler,2026,1.170353783
7,Southwest,soybean,RCP8.5-NF-cooler,2027,
7,Southwest,soybean,RCP8.5-NF-cooler,2028,
7,Southwest,soybean,RCP8.5-NF-cooler,2029,1.485304173
7,Southwest,soybean,RCP8.5-NF-cooler,2030,1.424835644
7,Southwest,soybean,RCP8.5-NF-cooler,2031,1.485857373
7,Southwest,soybean,RCP8.5-NF-cooler,2032,1.815826128
7,Southwest,soybean,RCP8.5-NF-cooler,2033,1.359250636
7,Southwest,soybean,RCP8.5-NF-cooler,2034,1.65805933
7,Southwest,soybean,RCP8.5-NF-cooler,2035,1.461820788
7,Southwest,soybean,RCP8.5-NF-cooler,2036,1.528169437
7,Southwest,soybean,RCP8.5-NF-cooler,2037,1.813185137
7,Southwest,soybean,RCP8.5-NF-cooler,2038,1.329897361
7,Southwest,soybean,RCP8.5-NF-cooler,2039,1.210142868
7,Southwest,soybean,RCP8.5-NF-cooler,2040,2.130523473
7,Southwest,soybean,RCP8.5-NF-cooler,2041,1.521798802
7,Southwest,soybean,RCP8.5-NF-cooler,2042,2.027072443
7,Southwest,soybean,RCP8.5-NF-cooler,2043,1.702146608
7,Southwest,soybean,RCP8.5-NF-cooler,2044,2.079677154
7,Southwest,soybean,RCP8.5-NF-cooler,2045,1.661258933
7,Southwest,soybean,RCP8.5-NF-cooler,2046,2.012188878
7,Southwest,soybean,RCP8.5-NF-cooler,2047,1.415758577
7,Southwest,soybean,RCP8.5-NF-cooler,2048,1.749059645
7,Southwest,soybean,RCP8.5-NF-cooler,2049,1.603717682
7,Southwest,soybean,RCP8.5-NF-cooler,2050,1.547289422
7,Southwest,soybean,RCP8.5-NF-cooler,2051,1.697809474
7,Southwest,soybean,RCP8.5-NF-cooler,2052,1.794176182
7,Southwest,soybean,RCP8.5-NF-cooler,2053,1.827455023
7,Southwest,soybean,RCP8.5-NF-cooler,2054,2.029914641
7,Southwest,soybean,RCP8.5-NF-cooler,2055,1.62434787
7,Southwest,soybean,RCP8.5-NF-hotter,2021,1.028659877
7,Southwest,soybean,RCP8.5-NF-hotter,2022,1.649055919
7,Southwest,soybean,RCP8.5-NF-hotter,2023,1.18417906
7,Southwest,soybean,RCP8.5-NF-hotter,2024,1.434555542
7,Southwest,soybean,RCP8.5-NF-hotter,2025,1.206346852
7,Southwest,soybean,RCP8.5-NF-hotter,2026,1.904893857
7,Southwest,soybean,RCP8.5-NF-hotter,2027,
7,Southwest,soybean,RCP8.5-NF-hotter,2028,1.014108062
7,Southwest,soybean,RCP8.5-NF-hotter,2029,1.355850246
7,Southwest,soybean,RCP8.5-NF-hotter,2030,1.565928948
7,Southwest,soybean,RCP8.5-NF-hotter,2031,1.40333952
7,Southwest,soybean,RCP8.5-NF-hotter,2032,1.752312771
7,Southwest,soybean,RCP8.5-NF-hotter,2033,1.310933748
7,Southwest,soybean,RCP8.5-NF-hotter,2034,1.663560658
7,Southwest,soybean,RCP8.5-NF-hotter,2035,1.655299226
7,Southwest,soybean,RCP8.5-NF-hotter,2036,1.777522967
7,Southwest,soybean,RCP8.5-NF-hotter,2037,2.037981015
7,Southwest,soybean,RCP8.5-NF-hotter,2038,1.569045209
7,Southwest,soybean,RCP8.5-NF-hotter,2039,2.064273103
7,Southwest,soybean,RCP8.5-NF-hotter,2040,2.071197463
7,Southwest,soybean,RCP8.5-NF-hotter,2041,1.652168625
7,Southwest,soybean,RCP8.5-NF-hotter,2042,1.88970769
7,Southwest,soybean,RCP8.5-NF-hotter,2043,1.702540009
7,Southwest,soybean,RCP8.5-NF-hotter,2044,2.027296643
7,Southwest,soybean,RCP8.5-NF-hotter,2045,1.595462927
7,Southwest,soybean,RCP8.5-NF-hotter,2046,1.986473815
7,Southwest,soybean,RCP8.5-NF-hotter,2047,1.62360736
7,Southwest,soybean,RCP8.5-NF-hotter,2048,1.691484481
7,Southwest,soybean,RCP8.5-NF-hotter,2049,1.586182974
7,Southwest,soybean,RCP8.5-NF-hotter,2050,1.385379489
7,Southwest,soybean,RCP8.5-NF-hotter,2051,1.874646592
7,Southwest,soybean,RCP8.5-NF-hotter,2052,1.74130509
7,Southwest,soybean,RCP8.5-NF-hotter,2053,1.855858747
7,Southwest,soybean,RCP8.5-NF-hotter,2054,2.042354267
7,Southwest,soybean,RCP8.5-NF-hotter,2055,1.63747629
9999,CONUS,corn,hist,1981,1.953118593
9999,CONUS,corn,hist,1982,1.683872639
9999,CONUS,corn,hist,1983,1.408211822
9999,CONUS,corn,hist,1984,1.736473444
9999,CONUS,corn,hist,1985,1.394038234
9999,CONUS,corn,hist,1986,1.672154848
9999,CONUS,corn,hist,1987,1.557338693
9999,CONUS,corn,hist,1988,1.970090525
9999,CONUS,corn,hist,1989,1.615321915
9999,CONUS,corn,hist,1990,1.675477022
9999,CONUS,corn,hist,1991,1.712870344
9999,CONUS,corn,hist,1992,1.443158845
9999,CONUS,corn,hist,1993,1.456234147
9999,CONUS,corn,hist,1994,1.51724938
9999,CONUS,corn,hist,1995,1.645721095
9999,CONUS,corn,hist,1996,1.620727349
9999,CONUS,corn,hist,1997,1.537186389
9999,CONUS,corn,hist,1998,1.55288854
9999,CONUS,corn,hist,1999,1.723391726
9999,CONUS,corn,hist,2000,1.884737228
9999,CONUS,corn,hist,2001,1.530989758
9999,CONUS,corn,hist,2002,1.706620465
9999,CONUS,corn,hist,2003,2.037516367
9999,CONUS,corn,hist,2004,1.652293432
9999,CONUS,corn,hist,2005,1.482917676
9999,CONUS,corn,hist,2006,1.71653758
9999,CONUS,corn,hist,2007,1.501980842
9999,CONUS,corn,hist,2008,1.539381116
9999,CONUS,corn,hist,2009,1.583868209
9999,CONUS,corn,hist,2010,1.712107758
9999,CONUS,corn,hist,2011,1.745786919
9999,CONUS,corn,hist,2012,2.067571344
9999,CONUS,corn,hist,2013,1.793966943
9999,CONUS,corn,hist,2014,1.596685409
9999,CONUS,corn,hist,2015,1.62991639
9999,CONUS,corn,SSP3-4.5-NF-cooler,2021,2.432939324
9999,CONUS,corn,SSP3-4.5-NF-cooler,2022,1.952758869
9999,CONUS,corn,SSP3-4.5-NF-cooler,2023,2.157975307
9999,CONUS,corn,SSP3-4.5-NF-cooler,2024,1.900859794
9999,CONUS,corn,SSP3-4.5-NF-cooler,2025,1.73674524
9999,CONUS,corn,SSP3-4.5-NF-cooler,2026,1.789434486
9999,CONUS,corn,SSP3-4.5-NF-cooler,2027,1.834543433
9999,CONUS,corn,SSP3-4.5-NF-cooler,2028,2.25228384
9999,CONUS,corn,SSP3-4.5-NF-cooler,2029,2.09178141
9999,CONUS,corn,SSP3-4.5-NF-cooler,2030,2.03828396
9999,CONUS,corn,SSP3-4.5-NF-cooler,2031,1.918146635
9999,CONUS,corn,SSP3-4.5-NF-cooler,2032,1.729315701
9999,CONUS,corn,SSP3-4.5-NF-cooler,2033,1.779146365
9999,CONUS,corn,SSP3-4.5-NF-cooler,2034,2.061972666
9999,CONUS,corn,SSP3-4.5-NF-cooler,2035,1.876681047
9999,CONUS,corn,SSP3-4.5-NF-cooler,2036,2.078951278
9999,CONUS,corn,SSP3-4.5-NF-cooler,2037,1.941391389
9999,CONUS,corn,SSP3-4.5-NF-cooler,2038,1.971325352
9999,CONUS,corn,SSP3-4.5-NF-cooler,2039,1.913291946
9999,CONUS,corn,SSP3-4.5-NF-cooler,2040,2.311985484
9999,CONUS,corn,SSP3-4.5-NF-cooler,2041,2.072047484
9999,CONUS,corn,SSP3-4.5-NF-cooler,2042,2.058791581
9999,CONUS,corn,SSP3-4.5-NF-cooler,2043,2.369287465
9999,CONUS,corn,SSP3-4.5-NF-cooler,2044,2.146705602
9999,CONUS,corn,SSP3-4.5-NF-cooler,2045,2.080039193
9999,CONUS,corn,SSP3-4.5-NF-cooler,2046,2.271411383
9999,CONUS,corn,SSP3-4.5-NF-cooler,2047,2.012019445
9999,CONUS,corn,SSP3-4.5-NF-cooler,2048,2.132533945
9999,CONUS,corn,SSP3-4.5-NF-cooler,2049,1.996805937
9999,CONUS,corn,SSP3-4.5-NF-cooler,2050,1.884689959
9999,CONUS,corn,SSP3-4.5-NF-cooler,2051,2.034841239
9999,CONUS,corn,SSP3-4.5-NF-cooler,2052,2.514805396
9999,CONUS,corn,SSP3-4.5-NF-cooler,2053,2.276625955
9999,CONUS,corn,SSP3-4.5-NF-cooler,2054,2.300474359
9999,CONUS,corn,SSP3-4.5-NF-cooler,2055,1.900046707
9999,CONUS,corn,SSP3-4.5-NF-hotter,2021,2.333139485
9999,CONUS,corn,SSP3-4.5-NF-hotter,2022,2.082628764
9999,CONUS,corn,SSP3-4.5-NF-hotter,2023,2.046972746
9999,CONUS,corn,SSP3-4.5-NF-hotter,2024,1.794908315
9999,CONUS,corn,SSP3-4.5-NF-hotter,2025,1.782531098
9999,CONUS,corn,SSP3-4.5-NF-hotter,2026,1.785996583
9999,CONUS,corn,SSP3-4.5-NF-hotter,2027,1.901674575
9999,CONUS,corn,SSP3-4.5-NF-hotter,2028,2.329013167
9999,CONUS,corn,SSP3-4.5-NF-hotter,2029,2.205835391
9999,CONUS,corn,SSP3-4.5-NF-hotter,2030,2.001206768
9999,CONUS,corn,SSP3-4.5-NF-hotter,2031,2.075238914
9999,CONUS,corn,SSP3-4.5-NF-hotter,2032,1.965596654
9999,CONUS,corn,SSP3-4.5-NF-hotter,2033,1.828446899
9999,CONUS,corn,SSP3-4.5-NF-hotter,2034,1.937080058
9999,CONUS,corn,SSP3-4.5-NF-hotter,2035,1.94373991
9999,CONUS,corn,SSP3-4.5-NF-hotter,2036,2.192687638
9999,CONUS,corn,SSP3-4.5-NF-hotter,2037,2.091155869
9999,CONUS,corn,SSP3-4.5-NF-hotter,2038,2.061281243
9999,CONUS,corn,SSP3-4.5-NF-hotter,2039,2.122244836
9999,CONUS,corn,SSP3-4.5-NF-hotter,2040,2.614182728
9999,CONUS,corn,SSP3-4.5-NF-hotter,2041,2.288165177
9999,CONUS,corn,SSP3-4.5-NF-hotter,2042,2.263475319
9999,CONUS,corn,SSP3-4.5-NF-hotter,2043,2.32629393
9999,CONUS,corn,SSP3-4.5-NF-hotter,2044,2.427628219
9999,CONUS,corn,SSP3-4.5-NF-hotter,2045,2.388597743
9999,CONUS,corn,SSP3-4.5-NF-hotter,2046,2.464269422
9999,CONUS,corn,SSP3-4.5-NF-hotter,2047,2.119350839
9999,CONUS,corn,SSP3-4.5-NF-hotter,2048,2.095213534
9999,CONUS,corn,SSP3-4.5-NF-hotter,2049,1.966840582
9999,CONUS,corn,SSP3-4.5-NF-hotter,2050,1.828156221
9999,CONUS,corn,SSP3-4.5-NF-hotter,2051,2.081810772
9999,CONUS,corn,SSP3-4.5-NF-hotter,2052,2.604090446
9999,CONUS,corn,SSP3-4.5-NF-hotter,2053,2.240115197
9999,CONUS,corn,SSP3-4.5-NF-hotter,2054,2.312642522
9999,CONUS,corn,SSP3-4.5-NF-hotter,2055,1.900244319
9999,CONUS,corn,RCP4.5-NF-cooler,2021,2.304669838
9999,CONUS,corn,RCP4.5-NF-cooler,2022,1.753257296
9999,CONUS,corn,RCP4.5-NF-cooler,2023,1.98068169
9999,CONUS,corn,RCP4.5-NF-cooler,2024,1.507534172
9999,CONUS,corn,RCP4.5-NF-cooler,2025,1.496955891
9999,CONUS,corn,RCP4.5-NF-cooler,2026,1.823524221
9999,CONUS,corn,RCP4.5-NF-cooler,2027,1.84371539
9999,CONUS,corn,RCP4.5-NF-cooler,2028,2.196147294
9999,CONUS,corn,RCP4.5-NF-cooler,2029,1.724485176
9999,CONUS,corn,RCP4.5-NF-cooler,2030,1.608305141
9999,CONUS,corn,RCP4.5-NF-cooler,2031,1.79570387
9999,CONUS,corn,RCP4.5-NF-cooler,2032,1.526334523
9999,CONUS,corn,RCP4.5-NF-cooler,2033,1.616792223
9999,CONUS,corn,RCP4.5-NF-cooler,2034,1.582911812
9999,CONUS,corn,RCP4.5-NF-cooler,2035,1.769459548
9999,CONUS,corn,RCP4.5-NF-cooler,2036,1.625364246
9999,CONUS,corn,RCP4.5-NF-cooler,2037,1.529083885
9999,CONUS,corn,RCP4.5-NF-cooler,2038,1.680828048
9999,CONUS,corn,RCP4.5-NF-cooler,2039,1.7711135
9999,CONUS,corn,RCP4.5-NF-cooler,2040,2.105875317
9999,CONUS,corn,RCP4.5-NF-cooler,2041,1.935834737
9999,CONUS,corn,RCP4.5-NF-cooler,2042,1.722311588
9999,CONUS,corn,RCP4.5-NF-cooler,2043,2.080101008
9999,CONUS,corn,RCP4.5-NF-cooler,2044,1.867691679
9999,CONUS,corn,RCP4.5-NF-cooler,2045,1.66932829
9999,CONUS,corn,RCP4.5-NF-cooler,2046,1.868229598
9999,CONUS,corn,RCP4.5-NF-cooler,2047,1.62354969
9999,CONUS,corn,RCP4.5-NF-cooler,2048,1.576309903
9999,CONUS,corn,RCP4.5-NF-cooler,2049,1.53553979
9999,CONUS,corn,RCP4.5-NF-cooler,2050,1.774333955
9999,CONUS,corn,RCP4.5-NF-cooler,2051,1.816363108
9999,CONUS,corn,RCP4.5-NF-cooler,2052,2.36302041
9999,CONUS,corn,RCP4.5-NF-cooler,2053,1.81321032
9999,CONUS,corn,RCP4.5-NF-cooler,2054,1.770121075
9999,CONUS,corn,RCP4.5-NF-cooler,2055,1.683515716
9999,CONUS,corn,RCP4.5-NF-hotter,2021,2.230445657
9999,CONUS,corn,RCP4.5-NF-hotter,2022,1.843072996
9999,CONUS,corn,RCP4.5-NF-hotter,2023,1.745829777
9999,CONUS,corn,RCP4.5-NF-hotter,2024,1.456071809
9999,CONUS,corn,RCP4.5-NF-hotter,2025,1.548542113
9999,CONUS,corn,RCP4.5-NF-hotter,2026,1.873759616
9999,CONUS,corn,RCP4.5-NF-hotter,2027,1.926105333
9999,CONUS,corn,RCP4.5-NF-hotter,2028,2.253249296
9999,CONUS,corn,RCP4.5-NF-hotter,2029,1.914577264
9999,CONUS,corn,RCP4.5-NF-hotter,2030,1.814189439
9999,CONUS,corn,RCP4.5-NF-hotter,2031,1.867764867
9999,CONUS,corn,RCP4.5-NF-hotter,2032,1.860566625
9999,CONUS,corn,RCP4.5-NF-hotter,2033,1.678487871
9999,CONUS,corn,RCP4.5-NF-hotter,2034,1.570539042
9999,CONUS,corn,RCP4.5-NF-hotter,2035,1.928289667
9999,CONUS,corn,RCP4.5-NF-hotter,2036,1.689570142
9999,CONUS,corn,RCP4.5-NF-hotter,2037,1.583137365
9999,CONUS,corn,RCP4.5-NF-hotter,2038,1.876141614
9999,CONUS,corn,RCP4.5-NF-hotter,2039,2.108010546
9999,CONUS,corn,RCP4.5-NF-hotter,2040,2.487627871
9999,CONUS,corn,RCP4.5-NF-hotter,2041,2.179078403
9999,CONUS,corn,RCP4.5-NF-hotter,2042,1.931568948
9999,CONUS,corn,RCP4.5-NF-hotter,2043,2.112186331
9999,CONUS,corn,RCP4.5-NF-hotter,2044,2.173211758
9999,CONUS,corn,RCP4.5-NF-hotter,2045,2.202749148
9999,CONUS,corn,RCP4.5-NF-hotter,2046,2.261089088
9999,CONUS,corn,RCP4.5-NF-hotter,2047,1.922439468
9999,CONUS,corn,RCP4.5-NF-hotter,2048,1.568530996
9999,CONUS,corn,RCP4.5-NF-hotter,2049,1.591212928
9999,CONUS,corn,RCP4.5-NF-hotter,2050,1.703757455
9999,CONUS,corn,RCP4.5-NF-hotter,2051,1.779282594
9999,CONUS,corn,RCP4.5-NF-hotter,2052,2.456882588
9999,CONUS,corn,RCP4.5-NF-hotter,2053,1.814995178
9999,CONUS,corn,RCP4.5-NF-hotter,2054,1.73375812
9999,CONUS,corn,RCP4.5-NF-hotter,2055,1.930803568
9999,CONUS,corn,SSP5-8.5-NF-cooler,2021,2.226980534
9999,CONUS,corn,SSP5-8.5-NF-cooler,2022,1.889517724
9999,CONUS,corn,SSP5-8.5-NF-cooler,2023,1.972579018
9999,CONUS,corn,SSP5-8.5-NF-cooler,2024,1.844790393
9999,CONUS,corn,SSP5-8.5-NF-cooler,2025,1.748601733
9999,CONUS,corn,SSP5-8.5-NF-cooler,2026,1.791230781
9999,CONUS,corn,SSP5-8.5-NF-cooler,2027,1.832462438
9999,CONUS,corn,SSP5-8.5-NF-cooler,2028,2.250525419
9999,CONUS,corn,SSP5-8.5-NF-cooler,2029,2.069150976
9999,CONUS,corn,SSP5-8.5-NF-cooler,2030,1.932608214
9999,CONUS,corn,SSP5-8.5-NF-cooler,2031,1.933960866
9999,CONUS,corn,SSP5-8.5-NF-cooler,2032,1.847628558
9999,CONUS,corn,SSP5-8.5-NF-cooler,2033,1.762453898
9999,CONUS,corn,SSP5-8.5-NF-cooler,2034,1.987209462
9999,CONUS,corn,SSP5-8.5-NF-cooler,2035,1.837543497
9999,CONUS,corn,SSP5-8.5-NF-cooler,2036,2.101798515
9999,CONUS,corn,SSP5-8.5-NF-cooler,2037,1.916015789
9999,CONUS,corn,SSP5-8.5-NF-cooler,2038,1.905165316
9999,CONUS,corn,SSP5-8.5-NF-cooler,2039,1.909431712
9999,CONUS,corn,SSP5-8.5-NF-cooler,2040,2.471293937
9999,CONUS,corn,SSP5-8.5-NF-cooler,2041,2.187208211
9999,CONUS,corn,SSP5-8.5-NF-cooler,2042,2.137337096
9999,CONUS,corn,SSP5-8.5-NF-cooler,2043,2.297065558
9999,CONUS,corn,SSP5-8.5-NF-cooler,2044,2.259132808
9999,CONUS,corn,SSP5-8.5-NF-cooler,2045,2.258609843
9999,CONUS,corn,SSP5-8.5-NF-cooler,2046,2.419386826
9999,CONUS,corn,SSP5-8.5-NF-cooler,2047,2.029449364
9999,CONUS,corn,SSP5-8.5-NF-cooler,2048,2.010365032
9999,CONUS,corn,SSP5-8.5-NF-cooler,2049,1.9978291
9999,CONUS,corn,SSP5-8.5-NF-cooler,2050,1.814536019
9999,CONUS,corn,SSP5-8.5-NF-cooler,2051,2.076623256
9999,CONUS,corn,SSP5-8.5-NF-cooler,2052,2.675480352
9999,CONUS,corn,SSP5-8.5-NF-cooler,2053,2.252369108
9999,CONUS,corn,SSP5-8.5-NF-cooler,2054,2.220805252
9999,CONUS,corn,SSP5-8.5-NF-cooler,2055,2.05763822
9999,CONUS,corn,SSP5-8.5-NF-hotter,2021,2.29903249
9999,CONUS,corn,SSP5-8.5-NF-hotter,2022,1.903402975
9999,CONUS,corn,SSP5-8.5-NF-hotter,2023,1.771723615
9999,CONUS,corn,SSP5-8.5-NF-hotter,2024,1.764781304
9999,CONUS,corn,SSP5-8.5-NF-hotter,2025,1.688679619
9999,CONUS,corn,SSP5-8.5-NF-hotter,2026,1.825090327
9999,CONUS,corn,SSP5-8.5-NF-hotter,2027,2.079493873
9999,CONUS,corn,SSP5-8.5-NF-hotter,2028,2.334353589
9999,CONUS,corn,SSP5-8.5-NF-hotter,2029,2.225270342
9999,CONUS,corn,SSP5-8.5-NF-hotter,2030,1.860465187
9999,CONUS,corn,SSP5-8.5-NF-hotter,2031,1.972193276
9999,CONUS,corn,SSP5-8.5-NF-hotter,2032,1.916231325
9999,CONUS,corn,SSP5-8.5-NF-hotter,2033,1.851726807
9999,CONUS,corn,SSP5-8.5-NF-hotter,2034,1.872593543
9999,CONUS,corn,SSP5-8.5-NF-hotter,2035,1.876066651
9999,CONUS,corn,SSP5-8.5-NF-hotter,2036,2.117291301
9999,CONUS,corn,SSP5-8.5-NF-hotter,2037,2.021825507
9999,CONUS,corn,SSP5-8.5-NF-hotter,2038,2.028635143
9999,CONUS,corn,SSP5-8.5-NF-hotter,2039,2.048649375
9999,CONUS,corn,SSP5-8.5-NF-hotter,2040,2.653250135
9999,CONUS,corn,SSP5-8.5-NF-hotter,2041,2.379477385
9999,CONUS,corn,SSP5-8.5-NF-hotter,2042,2.322589862
9999,CONUS,corn,SSP5-8.5-NF-hotter,2043,2.42887834
9999,CONUS,corn,SSP5-8.5-NF-hotter,2044,2.489646763
9999,CONUS,corn,SSP5-8.5-NF-hotter,2045,2.492764315
9999,CONUS,corn,SSP5-8.5-NF-hotter,2046,2.516621385
9999,CONUS,corn,SSP5-8.5-NF-hotter,2047,2.284270762
9999,CONUS,corn,SSP5-8.5-NF-hotter,2048,2.164044588
9999,CONUS,corn,SSP5-8.5-NF-hotter,2049,2.029684017
9999,CONUS,corn,SSP5-8.5-NF-hotter,2050,1.905118875
9999,CONUS,corn,SSP5-8.5-NF-hotter,2051,2.087123305
9999,CONUS,corn,SSP5-8.5-NF-hotter,2052,2.718696626
9999,CONUS,corn,SSP5-8.5-NF-hotter,2053,2.311236889
9999,CONUS,corn,SSP5-8.5-NF-hotter,2054,2.217224256
9999,CONUS,corn,SSP5-8.5-NF-hotter,2055,1.932931954
9999,CONUS,corn,RCP8.5-NF-cooler,2021,2.122467532
9999,CONUS,corn,RCP8.5-NF-cooler,2022,1.646114321
9999,CONUS,corn,RCP8.5-NF-cooler,2023,1.653394916
9999,CONUS,corn,RCP8.5-NF-cooler,2024,1.512482397
9999,CONUS,corn,RCP8.5-NF-cooler,2025,1.579280108
9999,CONUS,corn,RCP8.5-NF-cooler,2026,1.81847258
9999,CONUS,corn,RCP8.5-NF-cooler,2027,1.870729646
9999,CONUS,corn,RCP8.5-NF-cooler,2028,2.200794363
9999,CONUS,corn,RCP8.5-NF-cooler,2029,1.786233352
9999,CONUS,corn,RCP8.5-NF-cooler,2030,1.788117248
9999,CONUS,corn,RCP8.5-NF-cooler,2031,1.76896895
9999,CONUS,corn,RCP8.5-NF-cooler,2032,1.745356896
9999,CONUS,corn,RCP8.5-NF-cooler,2033,1.624401713
9999,CONUS,corn,RCP8.5-NF-cooler,2034,1.553074625
9999,CONUS,corn,RCP8.5-NF-cooler,2035,1.780532036
9999,CONUS,corn,RCP8.5-NF-cooler,2036,1.65820604
9999,CONUS,corn,RCP8.5-NF-cooler,2037,1.54082809
9999,CONUS,corn,RCP8.5-NF-cooler,2038,1.623975809
9999,CONUS,corn,RCP8.5-NF-cooler,2039,1.796378231
9999,CONUS,corn,RCP8.5-NF-cooler,2040,2.2718419
9999,CONUS,corn,RCP8.5-NF-cooler,2041,1.967259411
9999,CONUS,corn,RCP8.5-NF-cooler,2042,1.819905683
9999,CONUS,corn,RCP8.5-NF-cooler,2043,2.094786769
9999,CONUS,corn,RCP8.5-NF-cooler,2044,2.059432903
9999,CONUS,corn,RCP8.5-NF-cooler,2045,1.945094977
9999,CONUS,corn,RCP8.5-NF-cooler,2046,2.190271525
9999,CONUS,corn,RCP8.5-NF-cooler,2047,1.724149267
9999,CONUS,corn,RCP8.5-NF-cooler,2048,1.604636534
9999,CONUS,corn,RCP8.5-NF-cooler,2049,1.575598325
9999,CONUS,corn,RCP8.5-NF-cooler,2050,1.663319635
9999,CONUS,corn,RCP8.5-NF-cooler,2051,1.813091041
9999,CONUS,corn,RCP8.5-NF-cooler,2052,2.550561072
9999,CONUS,corn,RCP8.5-NF-cooler,2053,1.790154486
9999,CONUS,corn,RCP8.5-NF-cooler,2054,1.813437335
9999,CONUS,corn,RCP8.5-NF-cooler,2055,2.095147677
9999,CONUS,corn,RCP8.5-NF-hotter,2021,2.226046184
9999,CONUS,corn,RCP8.5-NF-hotter,2022,1.668850386
9999,CONUS,corn,RCP8.5-NF-hotter,2023,1.406198886
9999,CONUS,corn,RCP8.5-NF-hotter,2024,1.470319529
9999,CONUS,corn,RCP8.5-NF-hotter,2025,1.544491383
9999,CONUS,corn,RCP8.5-NF-hotter,2026,1.810311441
9999,CONUS,corn,RCP8.5-NF-hotter,2027,2.114869744
9999,CONUS,corn,RCP8.5-NF-hotter,2028,2.288832604
9999,CONUS,corn,RCP8.5-NF-hotter,2029,1.936825801
9999,CONUS,corn,RCP8.5-NF-hotter,2030,1.691898488
9999,CONUS,corn,RCP8.5-NF-hotter,2031,1.771646352
9999,CONUS,corn,RCP8.5-NF-hotter,2032,1.815705481
9999,CONUS,corn,RCP8.5-NF-hotter,2033,1.76861346
9999,CONUS,corn,RCP8.5-NF-hotter,2034,1.533301083
9999,CONUS,corn,RCP8.5-NF-hotter,2035,1.904780775
9999,CONUS,corn,RCP8.5-NF-hotter,2036,1.800695886
9999,CONUS,corn,RCP8.5-NF-hotter,2037,1.507774843
9999,CONUS,corn,RCP8.5-NF-hotter,2038,1.825391641
9999,CONUS,corn,RCP8.5-NF-hotter,2039,1.96860215
9999,CONUS,corn,RCP8.5-NF-hotter,2040,2.519718596
9999,CONUS,corn,RCP8.5-NF-hotter,2041,2.252741729
9999,CONUS,corn,RCP8.5-NF-hotter,2042,2.0793445
9999,CONUS,corn,RCP8.5-NF-hotter,2043,2.257909346
9999,CONUS,corn,RCP8.5-NF-hotter,2044,2.247292626
9999,CONUS,corn,RCP8.5-NF-hotter,2045,2.354207404
9999,CONUS,corn,RCP8.5-NF-hotter,2046,2.426073697
9999,CONUS,corn,RCP8.5-NF-hotter,2047,2.048673412
9999,CONUS,corn,RCP8.5-NF-hotter,2048,1.663383206
9999,CONUS,corn,RCP8.5-NF-hotter,2049,1.65060714
9999,CONUS,corn,RCP8.5-NF-hotter,2050,1.938203168
9999,CONUS,corn,RCP8.5-NF-hotter,2051,1.80719391
9999,CONUS,corn,RCP8.5-NF-hotter,2052,2.566851349
9999,CONUS,corn,RCP8.5-NF-hotter,2053,1.995646377
9999,CONUS,corn,RCP8.5-NF-hotter,2054,1.766195995
9999,CONUS,corn,RCP8.5-NF-hotter,2055,1.901011158
9999,CONUS,soybean,hist,1981,2.042171811
9999,CONUS,soybean,hist,1982,1.944819234
9999,CONUS,soybean,hist,1983,1.546584421
9999,CONUS,soybean,hist,1984,1.671794716
9999,CONUS,soybean,hist,1985,1.398582737
9999,CONUS,soybean,hist,1986,1.619309311
9999,CONUS,soybean,hist,1987,1.555390829
9999,CONUS,soybean,hist,1988,1.964939027
9999,CONUS,soybean,hist,1989,1.795508726
9999,CONUS,soybean,hist,1990,1.715212971
9999,CONUS,soybean,hist,1991,1.666026268
9999,CONUS,soybean,hist,1992,1.43893057
9999,CONUS,soybean,hist,1993,1.46376276
9999,CONUS,soybean,hist,1994,1.670569298
9999,CONUS,soybean,hist,1995,1.693520385
9999,CONUS,soybean,hist,1996,1.519528453
9999,CONUS,soybean,hist,1997,1.662078135
9999,CONUS,soybean,hist,1998,1.525472558
9999,CONUS,soybean,hist,1999,1.794002679
9999,CONUS,soybean,hist,2000,1.927505219
9999,CONUS,soybean,hist,2001,1.534500801
9999,CONUS,soybean,hist,2002,1.683455439
9999,CONUS,soybean,hist,2003,2.074436049
9999,CONUS,soybean,hist,2004,1.764408416
9999,CONUS,soybean,hist,2005,1.598343486
9999,CONUS,soybean,hist,2006,1.706900959
9999,CONUS,soybean,hist,2007,1.556362077
9999,CONUS,soybean,hist,2008,1.472732966
9999,CONUS,soybean,hist,2009,1.473368277
9999,CONUS,soybean,hist,2010,1.571685193
9999,CONUS,soybean,hist,2011,1.717773674
9999,CONUS,soybean,hist,2012,2.080665244
9999,CONUS,soybean,hist,2013,1.796626816
9999,CONUS,soybean,hist,2014,1.480226802
9999,CONUS,soybean,hist,2015,1.635828644
9999,CONUS,soybean,SSP3-4.5-NF-cooler,2021,2.403299352
9999,CONUS,soybean,SSP3-4.5-NF-cooler,2022,2.126070682
9999,CONUS,soybean,SSP3-4.5-NF-cooler,2023,2.259684178
9999,CONUS,soybean,SSP3-4.5-NF-cooler,2024,2.136646987
9999,CONUS,soybean,SSP3-4.5-NF-cooler,2025,1.968029484
9999,CONUS,soybean,SSP3-4.5-NF-cooler,2026,2.226239602
9999,CONUS,soybean,SSP3-4.5-NF-cooler,2027,1.935664013
9999,CONUS,soybean,SSP3-4.5-NF-cooler,2028,2.300811095
9999,CONUS,soybean,SSP3-4.5-NF-cooler,2029,2.158664301
9999,CONUS,soybean,SSP3-4.5-NF-cooler,2030,2.257240396
9999,CONUS,soybean,SSP3-4.5-NF-cooler,2031,2.087587409
9999,CONUS,soybean,SSP3-4.5-NF-cooler,2032,1.841440134
9999,CONUS,soybean,SSP3-4.5-NF-cooler,2033,2.173064607
9999,CONUS,soybean,SSP3-4.5-NF-cooler,2034,2.201342925
9999,CONUS,soybean,SSP3-4.5-NF-cooler,2035,2.405809304
9999,CONUS,soybean,SSP3-4.5-NF-cooler,2036,2.187890458
9999,CONUS,soybean,SSP3-4.5-NF-cooler,2037,2.182147973
9999,CONUS,soybean,SSP3-4.5-NF-cooler,2038,2.052008501
9999,CONUS,soybean,SSP3-4.5-NF-cooler,2039,2.111877262
9999,CONUS,soybean,SSP3-4.5-NF-cooler,2040,2.349320389
9999,CONUS,soybean,SSP3-4.5-NF-cooler,2041,2.206019947
9999,CONUS,soybean,SSP3-4.5-NF-cooler,2042,2.098396095
9999,CONUS,soybean,SSP3-4.5-NF-cooler,2043,2.453179212
9999,CONUS,soybean,SSP3-4.5-NF-cooler,2044,2.127873055
9999,CONUS,soybean,SSP3-4.5-NF-cooler,2045,2.18384821
9999,CONUS,soybean,SSP3-4.5-NF-cooler,2046,2.305030664
9999,CONUS,soybean,SSP3-4.5-NF-cooler,2047,2.136530555
9999,CONUS,soybean,SSP3-4.5-NF-cooler,2048,2.199382258
9999,CONUS,soybean,SSP3-4.5-NF-cooler,2049,2.138144019
9999,CONUS,soybean,SSP3-4.5-NF-cooler,2050,2.128981041
9999,CONUS,soybean,SSP3-4.5-NF-cooler,2051,2.095096558
9999,CONUS,soybean,SSP3-4.5-NF-cooler,2052,2.586358105
9999,CONUS,soybean,SSP3-4.5-NF-cooler,2053,2.246806807
9999,CONUS,soybean,SSP3-4.5-NF-cooler,2054,2.300284693
9999,CONUS,soybean,SSP3-4.5-NF-cooler,2055,2.087048322
9999,CONUS,soybean,SSP3-4.5-NF-hotter,2021,2.360463745
9999,CONUS,soybean,SSP3-4.5-NF-hotter,2022,2.198351441
9999,CONUS,soybean,SSP3-4.5-NF-hotter,2023,2.159916584
9999,CONUS,soybean,SSP3-4.5-NF-hotter,2024,1.998105002
9999,CONUS,soybean,SSP3-4.5-NF-hotter,2025,1.952356034
9999,CONUS,soybean,SSP3-4.5-NF-hotter,2026,2.06164684
9999,CONUS,soybean,SSP3-4.5-NF-hotter,2027,1.992031341
9999,CONUS,soybean,SSP3-4.5-NF-hotter,2028,2.386762299
9999,CONUS,soybean,SSP3-4.5-NF-hotter,2029,2.2441416
9999,CONUS,soybean,SSP3-4.5-NF-hotter,2030,2.060797131
9999,CONUS,soybean,SSP3-4.5-NF-hotter,2031,2.209642094
9999,CONUS,soybean,SSP3-4.5-NF-hotter,2032,2.049538082
9999,CONUS,soybean,SSP3-4.5-NF-hotter,2033,2.041323696
9999,CONUS,soybean,SSP3-4.5-NF-hotter,2034,2.092004205
9999,CONUS,soybean,SSP3-4.5-NF-hotter,2035,2.199457093
9999,CONUS,soybean,SSP3-4.5-NF-hotter,2036,2.281529477
9999,CONUS,soybean,SSP3-4.5-NF-hotter,2037,2.22437919
9999,CONUS,soybean,SSP3-4.5-NF-hotter,2038,2.022239412
9999,CONUS,soybean,SSP3-4.5-NF-hotter,2039,2.220716007
9999,CONUS,soybean,SSP3-4.5-NF-hotter,2040,2.59411852
9999,CONUS,soybean,SSP3-4.5-NF-hotter,2041,2.37927036
9999,CONUS,soybean,SSP3-4.5-NF-hotter,2042,2.281196996
9999,CONUS,soybean,SSP3-4.5-NF-hotter,2043,2.370648431
9999,CONUS,soybean,SSP3-4.5-NF-hotter,2044,2.346606244
9999,CONUS,soybean,SSP3-4.5-NF-hotter,2045,2.459446716
9999,CONUS,soybean,SSP3-4.5-NF-hotter,2046,2.449486414
9999,CONUS,soybean,SSP3-4.5-NF-hotter,2047,2.248953659
9999,CONUS,soybean,SSP3-4.5-NF-hotter,2048,2.110841801
9999,CONUS,soybean,SSP3-4.5-NF-hotter,2049,2.00863401
9999,CONUS,soybean,SSP3-4.5-NF-hotter,2050,1.934962259
9999,CONUS,soybean,SSP3-4.5-NF-hotter,2051,2.091983037
9999,CONUS,soybean,SSP3-4.5-NF-hotter,2052,2.668980812
9999,CONUS,soybean,SSP3-4.5-NF-hotter,2053,2.209575876
9999,CONUS,soybean,SSP3-4.5-NF-hotter,2054,2.318924765
9999,CONUS,soybean,SSP3-4.5-NF-hotter,2055,2.122608826
9999,CONUS,soybean,RCP4.5-NF-cooler,2021,2.226159352
9999,CONUS,soybean,RCP4.5-NF-cooler,2022,1.824664435
9999,CONUS,soybean,RCP4.5-NF-cooler,2023,1.986544035
9999,CONUS,soybean,RCP4.5-NF-cooler,2024,1.728113213
9999,CONUS,soybean,RCP4.5-NF-cooler,2025,1.47764831
9999,CONUS,soybean,RCP4.5-NF-cooler,2026,1.703994356
9999,CONUS,soybean,RCP4.5-NF-cooler,2027,1.844613587
9999,CONUS,soybean,RCP4.5-NF-cooler,2028,2.190592084
9999,CONUS,soybean,RCP4.5-NF-cooler,2029,1.81766426
9999,CONUS,soybean,RCP4.5-NF-cooler,2030,1.713187637
9999,CONUS,soybean,RCP4.5-NF-cooler,2031,1.780153069
9999,CONUS,soybean,RCP4.5-NF-cooler,2032,1.483511895
9999,CONUS,soybean,RCP4.5-NF-cooler,2033,1.612029231
9999,CONUS,soybean,RCP4.5-NF-cooler,2034,1.574285459
9999,CONUS,soybean,RCP4.5-NF-cooler,2035,1.581197096
9999,CONUS,soybean,RCP4.5-NF-cooler,2036,1.630508134
9999,CONUS,soybean,RCP4.5-NF-cooler,2037,1.723514788
9999,CONUS,soybean,RCP4.5-NF-cooler,2038,1.635518521
9999,CONUS,soybean,RCP4.5-NF-cooler,2039,1.818513235
9999,CONUS,soybean,RCP4.5-NF-cooler,2040,2.138948973
9999,CONUS,soybean,RCP4.5-NF-cooler,2041,1.929668459
9999,CONUS,soybean,RCP4.5-NF-cooler,2042,1.654148689
9999,CONUS,soybean,RCP4.5-NF-cooler,2043,2.103013321
9999,CONUS,soybean,RCP4.5-NF-cooler,2044,1.795672833
9999,CONUS,soybean,RCP4.5-NF-cooler,2045,1.763902448
9999,CONUS,soybean,RCP4.5-NF-cooler,2046,1.801524949
9999,CONUS,soybean,RCP4.5-NF-cooler,2047,1.65306684
9999,CONUS,soybean,RCP4.5-NF-cooler,2048,1.531182818
9999,CONUS,soybean,RCP4.5-NF-cooler,2049,1.363713387
9999,CONUS,soybean,RCP4.5-NF-cooler,2050,1.637308055
9999,CONUS,soybean,RCP4.5-NF-cooler,2051,1.76399876
9999,CONUS,soybean,RCP4.5-NF-cooler,2052,2.368162968
9999,CONUS,soybean,RCP4.5-NF-cooler,2053,1.778086972
9999,CONUS,soybean,RCP4.5-NF-cooler,2054,1.650814334
9999,CONUS,soybean,RCP4.5-NF-cooler,2055,1.519913665
9999,CONUS,soybean,RCP4.5-NF-hotter,2021,2.17425631
9999,CONUS,soybean,RCP4.5-NF-hotter,2022,1.917067036
9999,CONUS,soybean,RCP4.5-NF-hotter,2023,1.808190208
9999,CONUS,soybean,RCP4.5-NF-hotter,2024,1.555689192
9999,CONUS,soybean,RCP4.5-NF-hotter,2025,1.551562918
9999,CONUS,soybean,RCP4.5-NF-hotter,2026,1.732715898
9999,CONUS,soybean,RCP4.5-NF-hotter,2027,1.91612712
9999,CONUS,soybean,RCP4.5-NF-hotter,2028,2.281116005
9999,CONUS,soybean,RCP4.5-NF-hotter,2029,2.0052197
9999,CONUS,soybean,RCP4.5-NF-hotter,2030,1.885554777
9999,CONUS,soybean,RCP4.5-NF-hotter,2031,1.946156267
9999,CONUS,soybean,RCP4.5-NF-hotter,2032,1.910434101
9999,CONUS,soybean,RCP4.5-NF-hotter,2033,1.733016199
9999,CONUS,soybean,RCP4.5-NF-hotter,2034,1.599549332
9999,CONUS,soybean,RCP4.5-NF-hotter,2035,1.583382105
9999,CONUS,soybean,RCP4.5-NF-hotter,2036,1.824742268
9999,CONUS,soybean,RCP4.5-NF-hotter,2037,1.860446705
9999,CONUS,soybean,RCP4.5-NF-hotter,2038,1.762737584
9999,CONUS,soybean,RCP4.5-NF-hotter,2039,2.098929915
9999,CONUS,soybean,RCP4.5-NF-hotter,2040,2.469459444
9999,CONUS,soybean,RCP4.5-NF-hotter,2041,2.179095747
9999,CONUS,soybean,RCP4.5-NF-hotter,2042,1.885436495
9999,CONUS,soybean,RCP4.5-NF-hotter,2043,2.130367665
9999,CONUS,soybean,RCP4.5-NF-hotter,2044,2.107776562
9999,CONUS,soybean,RCP4.5-NF-hotter,2045,2.31201639
9999,CONUS,soybean,RCP4.5-NF-hotter,2046,2.192639078
9999,CONUS,soybean,RCP4.5-NF-hotter,2047,1.96414405
9999,CONUS,soybean,RCP4.5-NF-hotter,2048,1.552096667
9999,CONUS,soybean,RCP4.5-NF-hotter,2049,1.431333133
9999,CONUS,soybean,RCP4.5-NF-hotter,2050,1.615248487
9999,CONUS,soybean,RCP4.5-NF-hotter,2051,1.758409349
9999,CONUS,soybean,RCP4.5-NF-hotter,2052,2.44855873
9999,CONUS,soybean,RCP4.5-NF-hotter,2053,1.793247248
9999,CONUS,soybean,RCP4.5-NF-hotter,2054,1.746451968
9999,CONUS,soybean,RCP4.5-NF-hotter,2055,2.047581986
9999,CONUS,soybean,SSP5-8.5-NF-cooler,2021,2.285541608
9999,CONUS,soybean,SSP5-8.5-NF-cooler,2022,2.016750464
9999,CONUS,soybean,SSP5-8.5-NF-cooler,2023,2.076269496
9999,CONUS,soybean,SSP5-8.5-NF-cooler,2024,2.088949741
9999,CONUS,soybean,SSP5-8.5-NF-cooler,2025,1.953518187
9999,CONUS,soybean,SSP5-8.5-NF-cooler,2026,2.07272568
9999,CONUS,soybean,SSP5-8.5-NF-cooler,2027,1.944635199
9999,CONUS,soybean,SSP5-8.5-NF-cooler,2028,2.30081257
9999,CONUS,soybean,SSP5-8.5-NF-cooler,2029,2.146128677
9999,CONUS,soybean,SSP5-8.5-NF-cooler,2030,2.112892282
9999,CONUS,soybean,SSP5-8.5-NF-cooler,2031,2.065177449
9999,CONUS,soybean,SSP5-8.5-NF-cooler,2032,1.919100544
9999,CONUS,soybean,SSP5-8.5-NF-cooler,2033,2.028468964
9999,CONUS,soybean,SSP5-8.5-NF-cooler,2034,2.108093212
9999,CONUS,soybean,SSP5-8.5-NF-cooler,2035,2.252549302
9999,CONUS,soybean,SSP5-8.5-NF-cooler,2036,2.148895701
9999,CONUS,soybean,SSP5-8.5-NF-cooler,2037,2.041680183
9999,CONUS,soybean,SSP5-8.5-NF-cooler,2038,1.931273203
9999,CONUS,soybean,SSP5-8.5-NF-cooler,2039,2.003106537
9999,CONUS,soybean,SSP5-8.5-NF-cooler,2040,2.491601259
9999,CONUS,soybean,SSP5-8.5-NF-cooler,2041,2.278746605
9999,CONUS,soybean,SSP5-8.5-NF-cooler,2042,2.161569979
9999,CONUS,soybean,SSP5-8.5-NF-cooler,2043,2.370046398
9999,CONUS,soybean,SSP5-8.5-NF-cooler,2044,2.206840601
9999,CONUS,soybean,SSP5-8.5-NF-cooler,2045,2.283324974
9999,CONUS,soybean,SSP5-8.5-NF-cooler,2046,2.424695991
9999,CONUS,soybean,SSP5-8.5-NF-cooler,2047,2.162641783
9999,CONUS,soybean,SSP5-8.5-NF-cooler,2048,2.06788607
9999,CONUS,soybean,SSP5-8.5-NF-cooler,2049,2.092788751
9999,CONUS,soybean,SSP5-8.5-NF-cooler,2050,1.84731382
9999,CONUS,soybean,SSP5-8.5-NF-cooler,2051,2.152787566
9999,CONUS,soybean,SSP5-8.5-NF-cooler,2052,2.75915268
9999,CONUS,soybean,SSP5-8.5-NF-cooler,2053,2.204193507
9999,CONUS,soybean,SSP5-8.5-NF-cooler,2054,2.227507409
9999,CONUS,soybean,SSP5-8.5-NF-cooler,2055,2.172238555
9999,CONUS,soybean,SSP5-8.5-NF-hotter,2021,2.362107896
9999,CONUS,soybean,SSP5-8.5-NF-hotter,2022,2.0115314
9999,CONUS,soybean,SSP5-8.5-NF-hotter,2023,1.937173688
9999,CONUS,soybean,SSP5-8.5-NF-hotter,2024,1.994528794
9999,CONUS,soybean,SSP5-8.5-NF-hotter,2025,1.909516976
9999,CONUS,soybean,SSP5-8.5-NF-hotter,2026,1.965685912
9999,CONUS,soybean,SSP5-8.5-NF-hotter,2027,2.101097829
9999,CONUS,soybean,SSP5-8.5-NF-hotter,2028,2.37990679
9999,CONUS,soybean,SSP5-8.5-NF-hotter,2029,2.269752058
9999,CONUS,soybean,SSP5-8.5-NF-hotter,2030,2.040048539
9999,CONUS,soybean,SSP5-8.5-NF-hotter,2031,2.019860157
9999,CONUS,soybean,SSP5-8.5-NF-hotter,2032,1.939034002
9999,CONUS,soybean,SSP5-8.5-NF-hotter,2033,1.979807863
9999,CONUS,soybean,SSP5-8.5-NF-hotter,2034,1.958081335
9999,CONUS,soybean,SSP5-8.5-NF-hotter,2035,2.050935573
9999,CONUS,soybean,SSP5-8.5-NF-hotter,2036,2.172702706
9999,CONUS,soybean,SSP5-8.5-NF-hotter,2037,2.13374145
9999,CONUS,soybean,SSP5-8.5-NF-hotter,2038,1.971329726
9999,CONUS,soybean,SSP5-8.5-NF-hotter,2039,2.125058126
9999,CONUS,soybean,SSP5-8.5-NF-hotter,2040,2.657352158
9999,CONUS,soybean,SSP5-8.5-NF-hotter,2041,2.460118131
9999,CONUS,soybean,SSP5-8.5-NF-hotter,2042,2.375575882
9999,CONUS,soybean,SSP5-8.5-NF-hotter,2043,2.493284552
9999,CONUS,soybean,SSP5-8.5-NF-hotter,2044,2.427087613
9999,CONUS,soybean,SSP5-8.5-NF-hotter,2045,2.525504661
9999,CONUS,soybean,SSP5-8.5-NF-hotter,2046,2.527365349
9999,CONUS,soybean,SSP5-8.5-NF-hotter,2047,2.395166155
9999,CONUS,soybean,SSP5-8.5-NF-hotter,2048,2.199264211
9999,CONUS,soybean,SSP5-8.5-NF-hotter,2049,2.03212169
9999,CONUS,soybean,SSP5-8.5-NF-hotter,2050,1.881172443
9999,CONUS,soybean,SSP5-8.5-NF-hotter,2051,2.191481501
9999,CONUS,soybean,SSP5-8.5-NF-hotter,2052,2.796256029
9999,CONUS,soybean,SSP5-8.5-NF-hotter,2053,2.330962181
9999,CONUS,soybean,SSP5-8.5-NF-hotter,2054,2.216816545
9999,CONUS,soybean,SSP5-8.5-NF-hotter,2055,2.064332073
9999,CONUS,soybean,RCP8.5-NF-cooler,2021,2.115261631
9999,CONUS,soybean,RCP8.5-NF-cooler,2022,1.612565681
9999,CONUS,soybean,RCP8.5-NF-cooler,2023,1.662815622
9999,CONUS,soybean,RCP8.5-NF-cooler,2024,1.566161143
9999,CONUS,soybean,RCP8.5-NF-cooler,2025,1.569674
9999,CONUS,soybean,RCP8.5-NF-cooler,2026,1.664726138
9999,CONUS,soybean,RCP8.5-NF-cooler,2027,1.898798364
9999,CONUS,soybean,RCP8.5-NF-cooler,2028,2.206709952
9999,CONUS,soybean,RCP8.5-NF-cooler,2029,1.876548585
9999,CONUS,soybean,RCP8.5-NF-cooler,2030,1.73778332
9999,CONUS,soybean,RCP8.5-NF-cooler,2031,1.773813843
9999,CONUS,soybean,RCP8.5-NF-cooler,2032,1.743751367
9999,CONUS,soybean,RCP8.5-NF-cooler,2033,1.595289102
9999,CONUS,soybean,RCP8.5-NF-cooler,2034,1.6177709
9999,CONUS,soybean,RCP8.5-NF-cooler,2035,1.751220927
9999,CONUS,soybean,RCP8.5-NF-cooler,2036,1.696893654
9999,CONUS,soybean,RCP8.5-NF-cooler,2037,1.637171799
9999,CONUS,soybean,RCP8.5-NF-cooler,2038,1.660872896
9999,CONUS,soybean,RCP8.5-NF-cooler,2039,1.790102031
9999,CONUS,soybean,RCP8.5-NF-cooler,2040,2.291752356
9999,CONUS,soybean,RCP8.5-NF-cooler,2041,1.982066856
9999,CONUS,soybean,RCP8.5-NF-cooler,2042,1.831566523
9999,CONUS,soybean,RCP8.5-NF-cooler,2043,2.142509514
9999,CONUS,soybean,RCP8.5-NF-cooler,2044,2.017870738
9999,CONUS,soybean,RCP8.5-NF-cooler,2045,2.057791661
9999,CONUS,soybean,RCP8.5-NF-cooler,2046,2.135054141
9999,CONUS,soybean,RCP8.5-NF-cooler,2047,1.786359869
9999,CONUS,soybean,RCP8.5-NF-cooler,2048,1.578960866
9999,CONUS,soybean,RCP8.5-NF-cooler,2049,1.463067066
9999,CONUS,soybean,RCP8.5-NF-cooler,2050,1.47464932
9999,CONUS,soybean,RCP8.5-NF-cooler,2051,1.859111997
9999,CONUS,soybean,RCP8.5-NF-cooler,2052,2.57640254
9999,CONUS,soybean,RCP8.5-NF-cooler,2053,1.794652774
9999,CONUS,soybean,RCP8.5-NF-cooler,2054,1.756430542
9999,CONUS,soybean,RCP8.5-NF-cooler,2055,2.120307599
9999,CONUS,soybean,RCP8.5-NF-hotter,2021,2.246114344
9999,CONUS,soybean,RCP8.5-NF-hotter,2022,1.686894256
9999,CONUS,soybean,RCP8.5-NF-hotter,2023,1.444882339
9999,CONUS,soybean,RCP8.5-NF-hotter,2024,1.537938519
9999,CONUS,soybean,RCP8.5-NF-hotter,2025,1.54771026
9999,CONUS,soybean,RCP8.5-NF-hotter,2026,1.710347271
9999,CONUS,soybean,RCP8.5-NF-hotter,2027,2.067770078
9999,CONUS,soybean,RCP8.5-NF-hotter,2028,2.30628698
9999,CONUS,soybean,RCP8.5-NF-hotter,2029,2.034316375
9999,CONUS,soybean,RCP8.5-NF-hotter,2030,1.782343961
9999,CONUS,soybean,RCP8.5-NF-hotter,2031,1.749841149
9999,CONUS,soybean,RCP8.5-NF-hotter,2032,1.798906147
9999,CONUS,soybean,RCP8.5-NF-hotter,2033,1.786738173
9999,CONUS,soybean,RCP8.5-NF-hotter,2034,1.478777925
9999,CONUS,soybean,RCP8.5-NF-hotter,2035,1.583842486
9999,CONUS,soybean,RCP8.5-NF-hotter,2036,1.770725652
9999,CONUS,soybean,RCP8.5-NF-hotter,2037,1.747689728
9999,CONUS,soybean,RCP8.5-NF-hotter,2038,1.793191834
9999,CONUS,soybean,RCP8.5-NF-hotter,2039,1.940741917
9999,CONUS,soybean,RCP8.5-NF-hotter,2040,2.518363823
9999,CONUS,soybean,RCP8.5-NF-hotter,2041,2.235182608
9999,CONUS,soybean,RCP8.5-NF-hotter,2042,2.131163924
9999,CONUS,soybean,RCP8.5-NF-hotter,2043,2.290864489
9999,CONUS,soybean,RCP8.5-NF-hotter,2044,2.228941745
9999,CONUS,soybean,RCP8.5-NF-hotter,2045,2.448185334
9999,CONUS,soybean,RCP8.5-NF-hotter,2046,2.340658917
9999,CONUS,soybean,RCP8.5-NF-hotter,2047,2.080534202
9999,CONUS,soybean,RCP8.5-NF-hotter,2047,1.674421573
9999,CONUS,soybean,RCP8.5-NF-hotter,2049,1.538363913
9999,CONUS,soybean,RCP8.5-NF-hotter,2050,1.708918292
9999,CONUS,soybean,RCP8.5-NF-hotter,2051,1.893891317
9999,CONUS,soybean,RCP8.5-NF-hotter,2052,2.563667119
9999,CONUS,soybean,RCP8.5-NF-hotter,2053,1.999721009
9999,CONUS,soybean,RCP8.5-NF-hotter,2054,1.764841948
9999,CONUS,soybean,RCP8.5-NF-hotter,2055,2.008648331
