Unnamed: 0,Year,state_id,Production_Loss(ton),Area_Loss(km^2),State_Code,State_Name,Price,Financial_Loss($)
0,2021,0,148707.91415724554,1099.2919546602304,AL,ALABAMA,0.1305084,19407631.943999466
1,2021,2,0.0,0.0,AZ,ARIZONA,0.1305084,0.0
2,2021,3,51388.82052444664,935.4041588896026,AR,ARKANSAS,0.1305084,6706672.744532691
3,2021,4,0.0,0.0,CA,CALIFORNIA,0.1305084,0.0
4,2021,5,54120.58385239238,1182.3072116967608,CO,COLORADO,0.1305084,7063190.8056415655
5,2021,6,0.0,0.0,CT,CONNECTICUT,0.1305084,0.0
6,2021,7,45967.424238032654,319.445359844749,DE,DELAWARE,0.1305084,5999134.989426861
7,2021,8,0.0,0.0,DC,DISTRICT OF COLUMBIA,0.1305084,0.0
8,2021,9,11115.134651330964,80.66907566571496,FL,FLORIDA,0.1305084,1450618.439129762
9,2021,10,83049.68223128171,707.6776395113826,GA,GEORGIA,0.1305084,10838681.148513006
10,2021,12,284.43121906985925,21.86675943832467,ID,IDAHO,0.1305084,37120.66331085682
11,2021,13,1207376.953339111,12902.038766659263,IL,ILLINOIS,0.1305084,157572834.37716204
12,2021,14,222790.9616992669,1888.7530484253216,IN,INDIANA,0.1305084,29076091.945832603
13,2021,15,7074461.101260288,50114.107128883246,IA,IOWA,0.1305084,923276599.187718
14,2021,16,148542.85808280922,1488.0880202314297,KS,KANSAS,0.1305084,19386090.739814498
15,2021,17,106652.75990803586,919.591892843782,KY,KENTUCKY,0.1305084,13919081.051181907
16,2021,18,222940.7122575175,3396.0502945350863,LA,LOUISIANA,0.1305084,29095635.651589
17,2021,19,0.0,0.0,ME,MAINE,0.1305084,0.0
18,2021,20,86718.17785400704,474.32943052702376,MD,MARYLAND,0.1305084,11317450.64264189
19,2021,21,0.0,0.0,MA,MASSACHUSETTS,0.1305084,0.0
20,2021,22,15249.428720594602,141.184286145623,MI,MICHIGAN,0.1305084,1990178.5432388484
21,2021,23,4214558.361122204,33609.58565489349,MN,MINNESOTA,0.1305084,550035268.416681
22,2021,24,360492.1642220928,4568.073516448338,MS,MISSISSIPPI,0.1305084,47047255.56516257
23,2021,25,636862.4871384131,8618.028084231515,MO,MISSOURI,0.1305084,83115904.21645486
24,2021,26,585320.6472317833,10798.027970419933,MT,MONTANA,0.1305084,76389261.15718447
25,2021,27,1207656.805938173,13919.767810486366,NE,NEBRASKA,0.1305084,157609357.49210146
26,2021,28,0.0,0.0,NV,NEVADA,0.1305084,0.0
27,2021,29,0.0,0.0,NH,NEW HAMPSHIRE,0.1305084,0.0
28,2021,30,52058.0174210167,183.18337207275107,NJ,NEW JERSEY,0.1305084,6794008.560789016
29,2021,31,0.0,0.0,NM,NEW MEXICO,0.1305084,0.0
30,2021,32,147.63033087799485,3.034817880809624,NY,NEW YORK,0.1305084,19266.998274357702
31,2021,33,80119.5802611739,2086.4588546257683,NC,NORTH CAROLINA,0.1305084,10456278.228557387
32,2021,34,818280.1105801031,9299.923242780316,ND,NORTH DAKOTA,0.1305084,106792427.98363233
33,2021,35,237232.46426543768,1167.11925954072,OH,OHIO,0.1305084,30960829.339339446
34,2021,36,10857.460103027275,342.10297850410933,OK,OKLAHOMA,0.1305084,1416989.7461099247
35,2021,37,0.0,0.0,OR,OREGON,0.1305084,0.0
36,2021,38,12524.442948979697,76.55878123799188,PA,PENNSYLVANIA,0.1305084,1634545.0101626217
37,2021,39,0.0,0.0,RI,RHODE ISLAND,0.1305084,0.0
38,2021,40,2933.912893287328,154.2133932508584,SC,SOUTH CAROLINA,0.1305084,382900.27744229994
39,2021,41,3103530.0949355345,26286.404761257058,SD,SOUTH DAKOTA,0.1305084,405036747.0418847
40,2021,42,65443.39670963735,527.8517840107277,TN,TENNESSEE,0.1305084,8540912.995140035
41,2021,43,8458.826726533964,383.9948855282992,TX,TEXAS,0.1305084,1103947.9419571853
42,2021,44,0.0,0.0,UT,UTAH,0.1305084,0.0
43,2021,45,0.0,0.0,VT,VERMONT,0.1305084,0.0
44,2021,46,72328.832907554,456.19280334119,VA,VIRGINIA,0.1305084,9439520.25663222
45,2021,47,0.0,0.0,WA,WASHINGTON,0.1305084,0.0
46,2021,48,7378.180589586621,46.6075318389036,WV,WEST VIRGINIA,0.1305084,962914.5436580066
47,2021,49,504548.8822270073,5426.802591804605,WI,WISCONSIN,0.1305084,65847867.34123515
48,2021,50,410528.9263980849,13600.5252949128,WY,WYOMING,0.1305084,53577473.33793182
49,2022,0,355.9049211402554,2.922858805193708,AL,ALABAMA,0.1309218,46595.71290454029
50,2022,2,0.0,0.0,AZ,ARIZONA,0.1309218,0.0
51,2022,3,149371.1929327115,3236.5274819803,AR,ARKANSAS,0.1309218,19555945.44689787
52,2022,4,0.0,0.0,CA,CALIFORNIA,0.1309218,0.0
53,2022,5,37088.601894478736,810.680112659238,CO,COLORADO,0.1309218,4855706.519508567
54,2022,6,0.0,0.0,CT,CONNECTICUT,0.1309218,0.0
55,2022,7,0.0,0.0,DE,DELAWARE,0.1309218,0.0
56,2022,8,0.0,0.0,DC,DISTRICT OF COLUMBIA,0.1309218,0.0
57,2022,9,0.0,0.0,FL,FLORIDA,0.1309218,0.0
58,2022,10,0.0,0.0,GA,GEORGIA,0.1309218,0.0
59,2022,12,182.96065016156032,12.719141501159832,ID,IDAHO,0.1309218,23953.53764832177
60,2022,13,4924458.267974501,30557.1050898962,IL,ILLINOIS,0.1309218,644718940.468104
61,2022,14,3020559.1149514047,13163.23813675906,IN,INDIANA,0.1309218,395457036.3358448
62,2022,15,322612.03073606646,4050.016487720693,IA,IOWA,0.1309218,42236947.76562115
63,2022,16,116.05890554883698,1.024780270566835,KS,KANSAS,0.1309218,15194.640820483726
64,2022,17,1062133.8030656923,5393.921739122211,KY,KENTUCKY,0.1309218,139056469.33820596
65,2022,18,72152.14029221976,2313.798067515894,LA,LOUISIANA,0.1309218,9446288.080909938
66,2022,19,0.0,0.0,ME,MAINE,0.1309218,0.0
67,2022,20,0.0,0.0,MD,MARYLAND,0.1309218,0.0
68,2022,21,0.0,0.0,MA,MASSACHUSETTS,0.1309218,0.0
69,2022,22,425582.8828582363,1738.3950438920992,MI,MICHIGAN,0.1309218,55718077.07298944
70,2022,23,598071.8513335091,5709.50858159905,MN,MINNESOTA,0.1309218,78300643.30591542
71,2022,24,92287.53153562476,1876.8040568447875,MS,MISSISSIPPI,0.1309218,12082449.746200757
72,2022,25,529758.5452468516,4689.418640691306,MO,MISSOURI,0.1309218,69356942.30909926
73,2022,26,311315.9007915199,5887.053116184721,MT,MONTANA,0.1309218,40758038.10024721
74,2022,27,1031.2346404189816,12.278040021970396,NE,NEBRASKA,0.1309218,135011.09534600584
75,2022,28,0.0,0.0,NV,NEVADA,0.1309218,0.0
76,2022,29,0.0,0.0,NH,NEW HAMPSHIRE,0.1309218,0.0
77,2022,30,1508.4773561579875,8.513455047913906,NJ,NEW JERSEY,0.1309218,197492.57072744484
78,2022,31,0.0,0.0,NM,NEW MEXICO,0.1309218,0.0
79,2022,32,1895.539548768931,9.01853759739608,NY,NEW YORK,0.1309218,248167.4496960162
80,2022,33,0.0,0.0,NC,NORTH CAROLINA,0.1309218,0.0
81,2022,34,233287.7259497359,2547.454904213472,ND,NORTH DAKOTA,0.1309218,30542448.999246135
82,2022,35,2162907.0879773614,7585.5041456519475,OH,OHIO,0.1309218,283171689.1907545
83,2022,36,1690.2710899737874,44.12396215665318,OK,OKLAHOMA,0.1309218,221293.33358733018
84,2022,37,0.0,0.0,OR,OREGON,0.1309218,0.0
85,2022,38,16992.75562422613,85.54777056601955,PA,PENNSYLVANIA,0.1309218,2224722.153283809
86,2022,39,0.0,0.0,RI,RHODE ISLAND,0.1309218,0.0
87,2022,40,0.0,0.0,SC,SOUTH CAROLINA,0.1309218,0.0
88,2022,41,665542.2592632722,7337.81205986732,SD,SOUTH DAKOTA,0.1309218,87133990.55881427
89,2022,42,692694.7934154954,4491.216297128602,TN,TENNESSEE,0.1309218,90688849.2045848
90,2022,43,22235.98422215267,735.5545308407181,TX,TEXAS,0.1309218,2911175.0791358273
91,2022,44,0.0,0.0,UT,UTAH,0.1309218,0.0
92,2022,45,0.0,0.0,VT,VERMONT,0.1309218,0.0
93,2022,46,744.8518286419809,13.967649914555848,VA,VIRGINIA,0.1309218,97517.3421390997
94,2022,47,0.0,0.0,WA,WASHINGTON,0.1309218,0.0
95,2022,48,3663.962916329655,17.805298040607582,WV,WEST VIRGINIA,0.1309218,479692.62013912783
96,2022,49,92495.750515867,978.3792349567242,WI,WISCONSIN,0.1309218,12109710.149888236
97,2022,50,131443.1453401353,4663.996816230892,WY,WYOMING,0.1309218,17208773.185592126
98,2023,0,0.0,0.0,AL,ALABAMA,0.1313351999999999,0.0
99,2023,2,0.0,0.0,AZ,ARIZONA,0.1313351999999999,0.0
100,2023,3,2438.1833737070824,41.690850382814105,AR,ARKANSAS,0.1313351999999999,320219.3010224942
101,2023,4,0.0,0.0,CA,CALIFORNIA,0.1313351999999999,0.0
102,2023,5,25385.55663563348,610.5029997298673,CO,COLORADO,0.1313351999999999,3334017.157852248
103,2023,6,0.0,0.0,CT,CONNECTICUT,0.1313351999999999,0.0
104,2023,7,1698.371435918455,41.41982064688623,DE,DELAWARE,0.1313351999999999,223055.9522106373
105,2023,8,0.0,0.0,DC,DISTRICT OF COLUMBIA,0.1313351999999999,0.0
106,2023,9,50.50758105142232,0.7798135593886272,FL,FLORIDA,0.1313351999999999,6633.423258904756
107,2023,10,32159.24308859553,289.4172243547793,GA,GEORGIA,0.1313351999999999,4223640.622889308
108,2023,12,193.8941788287713,13.47922350842448,ID,IDAHO,0.1313351999999999,25465.130755312424
109,2023,13,1792378.18181047,12208.207064669516,IL,ILLINOIS,0.1313351999999999,235402346.98371428
110,2023,14,1157021.1957799958,7855.587877328846,IN,INDIANA,0.1313351999999999,151957610.15200478
111,2023,15,705945.1884111484,4703.037146315623,IA,IOWA,0.1313351999999999,92715452.5090158
112,2023,16,15230.108165050631,213.78211726281307,KS,KANSAS,0.1313351999999999,2000249.3018785561
113,2023,17,13928.235909942974,155.53165388765692,KY,KENTUCKY,0.1313351999999999,1829267.648879541
114,2023,18,6.58299486955769,2.36662028495407,LA,LOUISIANA,0.1313351999999999,864.5789477923325
115,2023,19,0.0,0.0,ME,MAINE,0.1313351999999999,0.0
116,2023,20,4269.535300744368,34.69732511707302,MD,MARYLAND,0.1313351999999999,560740.2726303213
117,2023,21,0.0,0.0,MA,MASSACHUSETTS,0.1313351999999999,0.0
118,2023,22,46085.953502586926,218.225779785822,MI,MICHIGAN,0.1313351999999999,6052707.92045295
119,2023,23,1173457.684914089,8627.90810439292,MN,MINNESOTA,0.1313351999999999,154116299.73972875
120,2023,24,0.0,0.0,MS,MISSISSIPPI,0.1313351999999999,0.0
121,2023,25,57390.07194577147,1942.743898905893,MO,MISSOURI,0.1313351999999999,7537336.57701228
122,2023,26,244335.14772887167,4544.028839357004,MT,MONTANA,0.1313351999999999,32089805.494000882
123,2023,27,52076.99771861005,1052.8718145597013,NE,NEBRASKA,0.1313351999999999,6839542.91077319
124,2023,28,0.0,0.0,NV,NEVADA,0.1313351999999999,0.0
125,2023,29,41.68147800762812,0.462975361461127,NH,NEW HAMPSHIRE,0.1313351999999999,5474.245250427437
126,2023,30,0.0,0.0,NJ,NEW JERSEY,0.1313351999999999,0.0
127,2023,31,0.0,0.0,NM,NEW MEXICO,0.1313351999999999,0.0
128,2023,32,120.0858600845918,2.4842792362800203,NY,NEW YORK,0.1313351999999999,15771.50045138187
129,2023,33,428949.9492152531,2336.1932569462588,NC,NORTH CAROLINA,0.1313351999999999,56336227.37017507
130,2023,34,320065.5387304952,3473.222917105836,ND,NORTH DAKOTA,0.1313351999999999,42035871.54227731
131,2023,35,2314767.3366003567,12650.133423502151,OH,OHIO,0.1313351999999999,304010431.1058749
132,2023,36,3437.6112049613093,89.28057712632423,OK,OKLAHOMA,0.1313351999999999,451479.3551258342
133,2023,37,0.0,0.0,OR,OREGON,0.1313351999999999,0.0
134,2023,38,4128.39842492974,16.0465488265831,PA,PENNSYLVANIA,0.1313351999999999,542204.032817832
135,2023,39,0.0,0.0,RI,RHODE ISLAND,0.1313351999999999,0.0
136,2023,40,162572.890191234,1160.9496329389033,SC,SOUTH CAROLINA,0.1313351999999999,21351543.047843743
137,2023,41,1090660.072328286,9222.26821319706,SD,SOUTH DAKOTA,0.1313351999999999,143242058.73124978
138,2023,42,3890.7272111086895,22.707183585906307,TN,TENNESSEE,0.1313351999999999,510989.4364164016
139,2023,43,10698.438085600426,408.0060510704696,TX,TEXAS,0.1313351999999999,1405081.505659948
140,2023,44,0.0,0.0,UT,UTAH,0.1313351999999999,0.0
141,2023,45,0.0,0.0,VT,VERMONT,0.1313351999999999,0.0
142,2023,46,12289.332643854064,73.57686152433274,VA,VIRGINIA,0.1313351999999999,1614021.9606471013
143,2023,47,0.0,0.0,WA,WASHINGTON,0.1313351999999999,0.0
144,2023,48,0.0,0.0,WV,WEST VIRGINIA,0.1313351999999999,0.0
145,2023,49,166927.94051744495,1056.2442701964585,WI,WISCONSIN,0.1313351999999999,21923514.45344672
146,2023,50,281839.97569630115,9765.052179450451,WY,WYOMING,0.1313351999999999,37015509.576068826
147,2024,0,1438.9744506779434,63.99211794599775,AL,ALABAMA,0.1317486,189582.8693125881
148,2024,2,0.0,0.0,AZ,ARIZONA,0.1317486,0.0
149,2024,3,45991.77626637612,1019.842695451286,AR,ARKANSAS,0.1317486,6059352.13460828
150,2024,4,0.0,0.0,CA,CALIFORNIA,0.1317486,0.0
151,2024,5,14012.904988439768,346.382268309238,CO,COLORADO,0.1317486,1846180.6141599556
152,2024,6,0.0,0.0,CT,CONNECTICUT,0.1317486,0.0
153,2024,7,3265.032260703956,22.009139263270896,DE,DELAWARE,0.1317486,430163.42930258124
154,2024,8,0.0,0.0,DC,DISTRICT OF COLUMBIA,0.1317486,0.0
155,2024,9,0.0,0.0,FL,FLORIDA,0.1317486,0.0
156,2024,10,30.47039325058402,0.377030970330598,GA,GEORGIA,0.1317486,4014.431652213894
157,2024,12,18.39804713584545,5.7531590932051415,ID,IDAHO,0.1317486,2423.9169528816474
158,2024,13,1697276.1437170613,10862.05639720084,IL,ILLINOIS,0.1317486,223613755.74812162
159,2024,14,1626059.245617141,6926.687643049155,IN,INDIANA,0.1317486,214231029.12711444
160,2024,15,169188.6191282645,1225.4747199987596,IA,IOWA,0.1317486,22290363.706082065
161,2024,16,381794.0407431233,3809.698909771007,KS,KANSAS,0.1317486,50300830.35624945
162,2024,17,217080.46492923755,989.4402802670252,KY,KENTUCKY,0.1317486,28600047.341776144
163,2024,18,68759.17127778922,1796.165928652877,LA,LOUISIANA,0.1317486,9058924.55300894
164,2024,19,0.0,0.0,ME,MAINE,0.1317486,0.0
165,2024,20,21027.95160994488,88.72164569897012,MD,MARYLAND,0.1317486,2770403.1854779837
166,2024,21,0.0,0.0,MA,MASSACHUSETTS,0.1317486,0.0
167,2024,22,61545.18431492263,285.2510891728298,MI,MICHIGAN,0.1317486,8108491.870233015
168,2024,23,726540.8907492473,5332.11589464243,MN,MINNESOTA,0.1317486,95720745.19896628
169,2024,24,46638.649925768295,1621.1299080060312,MS,MISSISSIPPI,0.1317486,6144576.833610076
170,2024,25,372363.354914388,3510.401848014719,MO,MISSOURI,0.1317486,49058350.70127374
171,2024,26,625399.4423583348,11165.822482345471,MT,MONTANA,0.1317486,82395500.9714913
172,2024,27,148763.86400273518,2768.7742116034306,NE,NEBRASKA,0.1317486,19599430.812950753
173,2024,28,0.0,0.0,NV,NEVADA,0.1317486,0.0
174,2024,29,0.0,0.0,NH,NEW HAMPSHIRE,0.1317486,0.0
175,2024,30,0.0,0.0,NJ,NEW JERSEY,0.1317486,0.0
176,2024,31,0.0,0.0,NM,NEW MEXICO,0.1317486,0.0
177,2024,32,889.249842403714,4.050420119391232,NY,NEW YORK,0.1317486,117157.42178690994
178,2024,33,4042.874868080679,341.08945670972366,NC,NORTH CAROLINA,0.1317486,532643.1038448141
179,2024,34,234638.9419025751,2542.5856209937324,ND,NORTH DAKOTA,0.1317486,30913352.101145606
180,2024,35,1371011.5820443695,5246.4474146255725,OH,OHIO,0.1317486,180628856.5181308
181,2024,36,50465.959646102216,1225.929596316997,OK,OKLAHOMA,0.1317486,6648819.531030461
182,2024,37,0.0,0.0,OR,OREGON,0.1317486,0.0
183,2024,38,2485.5977806074143,6.946983542402867,PA,PENNSYLVANIA,0.1317486,327474.027758134
184,2024,39,0.0,0.0,RI,RHODE ISLAND,0.1317486,0.0
185,2024,40,7756.395024786714,239.7049291029365,SC,SOUTH CAROLINA,0.1317486,1021894.1855626149
186,2024,41,478928.5679000542,4697.134581267189,SD,SOUTH DAKOTA,0.1317486,63098168.32083708
187,2024,42,132623.31149184957,1579.935927475324,TN,TENNESSEE,0.1317486,17472935.61641509
188,2024,43,29443.030231984885,1181.4782260360137,TX,TEXAS,0.1317486,3879078.0128216837
189,2024,44,0.0,0.0,UT,UTAH,0.1317486,0.0
190,2024,45,0.0,0.0,VT,VERMONT,0.1317486,0.0
191,2024,46,10625.423877625031,37.43376993741488,VA,VIRGINIA,0.1317486,1399884.7202836692
192,2024,47,0.0,0.0,WA,WASHINGTON,0.1317486,0.0
193,2024,48,0.0,0.0,WV,WEST VIRGINIA,0.1317486,0.0
194,2024,49,529400.3132000418,3137.750340951386,WI,WISCONSIN,0.1317486,69747750.10366702
195,2024,50,325814.0820708705,12196.15241720059,WY,WYOMING,0.1317486,42925549.17312229
196,2025,0,6754.1129653689695,213.86161374904933,AL,ALABAMA,0.132162,892637.0777290937
197,2025,2,0.0,0.0,AZ,ARIZONA,0.132162,0.0
198,2025,3,174934.43124131393,3301.7255530641687,AR,ARKANSAS,0.132162,23119684.301714532
199,2025,4,0.0,0.0,CA,CALIFORNIA,0.132162,0.0
200,2025,5,36401.190368050375,795.8705144621472,CO,COLORADO,0.132162,4810854.121422274
201,2025,6,0.0,0.0,CT,CONNECTICUT,0.132162,0.0
202,2025,7,164445.14636797906,646.2154404526661,DE,DELAWARE,0.132162,21733399.434284847
203,2025,8,0.0,0.0,DC,DISTRICT OF COLUMBIA,0.132162,0.0
204,2025,9,194.95997452808865,18.468774000841464,FL,FLORIDA,0.132162,25766.30015358125
205,2025,10,2.265452972801324,1.0605954562541755,GA,GEORGIA,0.132162,299.4067957913686
206,2025,12,706.6197622913674,53.24117788805721,ID,IDAHO,0.132162,93388.2810239517
207,2025,13,591512.6449875605,5085.843602962006,IL,ILLINOIS,0.132162,78175494.18684597
208,2025,14,123689.8655310252,2420.052753599364,IN,INDIANA,0.132162,16347100.008311354
209,2025,15,1736884.0594539477,10773.461056928174,IA,IOWA,0.132162,229550071.06555265
210,2025,16,173580.26422396244,1721.2309769174274,KS,KANSAS,0.132162,22940714.880367324
211,2025,17,295400.5873419021,1661.7072113154368,KY,KENTUCKY,0.132162,39040732.424280465
212,2025,18,217090.6543563576,3959.767216021064,LA,LOUISIANA,0.132162,28691135.061044935
213,2025,19,0.0,0.0,ME,MAINE,0.132162,0.0
214,2025,20,133770.21854060236,636.465525468497,MD,MARYLAND,0.132162,17679339.62276309
215,2025,21,0.0,0.0,MA,MASSACHUSETTS,0.132162,0.0
216,2025,22,150001.74466172123,1581.2403708035956,MI,MICHIGAN,0.132162,19824530.5779824
217,2025,23,444598.97620024055,3874.9490977620144,MN,MINNESOTA,0.132162,58759089.892576195
218,2025,24,302709.01712358545,4621.324134393027,MS,MISSISSIPPI,0.132162,40006629.121087305
219,2025,25,103785.40258516818,1322.6711185754864,MO,MISSOURI,0.132162,13716486.376460997
220,2025,26,516601.9324348901,11546.7862997536,MT,MONTANA,0.132162,68275144.59445995
221,2025,27,388447.4890690403,4870.605951197174,NE,NEBRASKA,0.132162,51337997.05034251
222,2025,28,0.0,0.0,NV,NEVADA,0.132162,0.0
223,2025,29,0.0,0.0,NH,NEW HAMPSHIRE,0.132162,0.0
224,2025,30,15304.740214133111,46.18737338697876,NJ,NEW JERSEY,0.132162,2022705.0761802604
225,2025,31,0.0,0.0,NM,NEW MEXICO,0.132162,0.0
226,2025,32,3540.674433001265,40.73965793352592,NY,NEW YORK,0.132162,467942.61441431317
227,2025,33,12769.156502715883,457.6846690587324,NC,NORTH CAROLINA,0.132162,1687597.2617119367
228,2025,34,151699.0063813077,1882.6843940913848,ND,NORTH DAKOTA,0.132162,20048844.081366386
229,2025,35,238931.6754611881,2293.5232929353574,OH,OHIO,0.132162,31577688.092301544
230,2025,36,6209.842695302428,146.0774365279328,OK,OKLAHOMA,0.132162,820705.2302965595
231,2025,37,0.0,0.0,OR,OREGON,0.132162,0.0
232,2025,38,84324.74867453026,805.8081367362176,PA,PENNSYLVANIA,0.132162,11144527.434323268
233,2025,39,0.0,0.0,RI,RHODE ISLAND,0.132162,0.0
234,2025,40,725.7420211545293,125.9547386351685,SC,SOUTH CAROLINA,0.132162,95915.5169998249
235,2025,41,788420.7610392007,7512.930736321686,SD,SOUTH DAKOTA,0.132162,104199264.62046283
236,2025,42,529486.9685707381,4983.368773303234,TN,TENNESSEE,0.132162,69978056.7402459
237,2025,43,15455.967608813906,496.6160523299986,TX,TEXAS,0.132162,2042691.5911160635
238,2025,44,0.0,0.0,UT,UTAH,0.132162,0.0
239,2025,45,0.0,0.0,VT,VERMONT,0.132162,0.0
240,2025,46,68680.77741306304,695.9504035624099,VA,VIRGINIA,0.132162,9076988.90446524
241,2025,47,0.0,0.0,WA,WASHINGTON,0.132162,0.0
242,2025,48,968.6203453733782,2.6151026042389205,WV,WEST VIRGINIA,0.132162,128014.80208523641
243,2025,49,268097.0406906605,2268.7778855763754,WI,WISCONSIN,0.132162,35432241.09175907
244,2025,50,317606.08577834256,13712.494286497657,WY,WYOMING,0.132162,41975455.50863731
245,2026,0,238766.63914149275,1818.019748553094,AL,ALABAMA,0.1345792,32133023.282350782
246,2026,2,0.0,0.0,AZ,ARIZONA,0.1345792,0.0
247,2026,3,311026.5679839358,5528.7970232169655,AR,ARKANSAS,0.1345792,41857706.6980237
248,2026,4,0.0,0.0,CA,CALIFORNIA,0.1345792,0.0
249,2026,5,36172.61578208554,828.5127643412374,CO,COLORADO,0.1345792,4868081.693860446
250,2026,6,0.0,0.0,CT,CONNECTICUT,0.1345792,0.0
251,2026,7,144882.84736981592,808.4248381913666,DE,DELAWARE,0.1345792,19498217.692751933
252,2026,8,0.0,0.0,DC,DISTRICT OF COLUMBIA,0.1345792,0.0
253,2026,9,2345.4901421820223,22.79832891677993,FL,FLORIDA,0.1345792,315654.18694274285
254,2026,10,159028.35487120962,1522.4002481982493,GA,GEORGIA,0.1345792,21401908.775883496
255,2026,12,591.3921562459955,45.24451501379024,ID,IDAHO,0.1345792,79589.08327386108
256,2026,13,1312567.683548623,8442.351473046912,IL,ILLINOIS,0.1345792,176644308.79782686
257,2026,14,1228383.2770100404,7923.886728353273,IN,INDIANA,0.1345792,165314838.71338964
258,2026,15,50661.68038149276,394.8478698468112,IA,IOWA,0.1345792,6818008.416396991
259,2026,16,75934.0408944483,721.7554444019726,KS,KANSAS,0.1345792,10219142.476342138
260,2026,17,1201619.8141893763,6809.3585960635255,KY,KENTUCKY,0.1345792,161713033.29775494
261,2026,18,308812.3530662153,4676.25336518794,LA,LOUISIANA,0.1345792,41559719.4257688
262,2026,19,0.0,0.0,ME,MAINE,0.1345792,0.0
263,2026,20,180922.9750026284,1070.9284732643164,MD,MARYLAND,0.1345792,24348469.237473734
264,2026,21,0.0,0.0,MA,MASSACHUSETTS,0.1345792,0.0
265,2026,22,11673.334805434712,174.29524177038735,MI,MICHIGAN,0.1345792,1570988.0594475593
266,2026,23,92291.99718275756,1380.8373528018456,MN,MINNESOTA,0.1345792,12420583.14725777
267,2026,24,548389.0212768997,7117.319852103756,MS,MISSISSIPPI,0.1345792,73801755.77222815
268,2026,25,502278.6217038096,3738.3453181396726,MO,MISSOURI,0.1345792,67596255.08600134
269,2026,26,456105.620445232,8908.117163967589,MT,MONTANA,0.1345792,61382329.51502298
270,2026,27,43229.851126238646,1683.1398550099143,NE,NEBRASKA,0.1345792,5817838.780688296
271,2026,28,0.0,0.0,NV,NEVADA,0.1345792,0.0
272,2026,29,0.0,0.0,NH,NEW HAMPSHIRE,0.1345792,0.0
273,2026,30,16699.72056022324,176.62626797046426,NJ,NEW JERSEY,0.1345792,2247435.0332183954
274,2026,31,0.0,0.0,NM,NEW MEXICO,0.1345792,0.0
275,2026,32,0.0,0.0,NY,NEW YORK,0.1345792,0.0
276,2026,33,394343.69868914783,4221.106622607858,NC,NORTH CAROLINA,0.1345792,53070459.49462657
277,2026,34,37791.81102598294,697.0515780018341,ND,NORTH DAKOTA,0.1345792,5085991.694427963
278,2026,35,1861938.382078861,12461.019106941429,OH,OHIO,0.1345792,250578177.90946746
279,2026,36,4368.4508374286825,113.81013933055544,OK,OKLAHOMA,0.1345792,587902.6189404821
280,2026,37,0.0,0.0,OR,OREGON,0.1345792,0.0
281,2026,38,74612.37101555575,643.795446150338,PA,PENNSYLVANIA,0.1345792,10041273.201376682
282,2026,39,0.0,0.0,RI,RHODE ISLAND,0.1345792,0.0
283,2026,40,239399.0718251284,2397.727751029945,SC,SOUTH CAROLINA,0.1345792,32218135.56696832
284,2026,41,99769.74570824142,1144.4970557222273,SD,SOUTH DAKOTA,0.1345792,13426932.561618565
285,2026,42,1130386.1859609005,7262.961642143551,TN,TENNESSEE,0.1345792,152126468.59766924
286,2026,43,29557.576412789156,768.6309915907798,TX,TEXAS,0.1345792,3977834.9875720344
287,2026,44,0.0,0.0,UT,UTAH,0.1345792,0.0
288,2026,45,0.0,0.0,VT,VERMONT,0.1345792,0.0
289,2026,46,40729.919264532175,434.5498488996176,VA,VIRGINIA,0.1345792,5481399.950685329
290,2026,47,0.0,0.0,WA,WASHINGTON,0.1345792,0.0
291,2026,48,10167.143619378918,51.2325649110244,WV,WEST VIRGINIA,0.1345792,1368286.0545811192
292,2026,49,5833.996220512872,153.70974792761484,WI,WISCONSIN,0.1345792,785134.544159646
293,2026,50,243094.4355258139,11005.261549015113,WY,WYOMING,0.1345792,32715454.65751562
294,2027,0,0.0,0.0,AL,ALABAMA,0.1369964,0.0
295,2027,2,0.0,0.0,AZ,ARIZONA,0.1369964,0.0
296,2027,3,155273.64236896374,3391.851601023612,AR,ARKANSAS,0.1369964,21271930.019435503
297,2027,4,0.0,0.0,CA,CALIFORNIA,0.1369964,0.0
298,2027,5,33566.27643352584,733.2685735168393,CO,COLORADO,0.1369964,4598459.032797879
299,2027,6,0.0,0.0,CT,CONNECTICUT,0.1369964,0.0
300,2027,7,233054.08213459977,680.1889600099951,DE,DELAWARE,0.1369964,31927570.257744484
301,2027,8,0.0,0.0,DC,DISTRICT OF COLUMBIA,0.1369964,0.0
302,2027,9,0.0,0.0,FL,FLORIDA,0.1369964,0.0
303,2027,10,17476.00243143821,200.1132271562192,GA,GEORGIA,0.1369964,2394149.4194982816
304,2027,12,734.9673578597123,51.09379429454653,ID,IDAHO,0.1369964,100687.88214429226
305,2027,13,7897769.371634569,48738.06184545231,IL,ILLINOIS,0.1369964,1081965971.9441981
306,2027,14,8664486.603373487,31016.927535572293,IN,INDIANA,0.1369964,1187003472.5103955
307,2027,15,6936473.149631848,44653.646160671815,IA,IOWA,0.1369964,950271850.1962243
308,2027,16,39394.1907367137,363.6494126676805,KS,KANSAS,0.1369964,5396862.311843124
309,2027,17,2099933.0132871205,9811.133910436143,KY,KENTUCKY,0.1369964,287683263.0614877
310,2027,18,212.9961272139956,3.0818557294799107,LA,LOUISIANA,0.1369964,29179.702642259428
311,2027,19,0.0,0.0,ME,MAINE,0.1369964,0.0
312,2027,20,368024.54177518655,1051.9286169967547,MD,MARYLAND,0.1369964,50418037.33485016
313,2027,21,0.0,0.0,MA,MASSACHUSETTS,0.1369964,0.0
314,2027,22,453749.7428080576,2032.9277463348817,MI,MICHIGAN,0.1369964,62162081.265629776
315,2027,23,4235391.862838857,31476.09307477765,MN,MINNESOTA,0.1369964,580233437.798217
316,2027,24,0.0,0.0,MS,MISSISSIPPI,0.1369964,0.0
317,2027,25,2016932.8377280163,14314.455512015891,MO,MISSOURI,0.1369964,276312537.8105224
318,2027,26,278724.738156306,6107.134408610707,MT,MONTANA,0.1369964,38184285.71835655
319,2027,27,435340.9405282113,4908.7376210332895,NE,NEBRASKA,0.1369964,59640141.62497904
320,2027,28,0.0,0.0,NV,NEVADA,0.1369964,0.0
321,2027,29,0.0,0.0,NH,NEW HAMPSHIRE,0.1369964,0.0
322,2027,30,35239.08551091214,176.94996517513738,NJ,NEW JERSEY,0.1369964,4827627.854287124
323,2027,31,0.0,0.0,NM,NEW MEXICO,0.1369964,0.0
324,2027,32,10191.091285043649,49.31960567343912,NY,NEW YORK,0.1369964,1396142.8181223536
325,2027,33,170922.32386462676,1331.727402690735,NC,NORTH CAROLINA,0.1369964,23415743.049087953
326,2027,34,506126.44855328,5816.851067783099,ND,NORTH DAKOTA,0.1369964,69337501.39658456
327,2027,35,5940890.058015264,18283.221996905937,OH,OHIO,0.1369964,813880550.7438822
328,2027,36,14088.384233174374,347.18690241453567,OK,OKLAHOMA,0.1369964,1930057.9217616497
329,2027,37,0.0,0.0,OR,OREGON,0.1369964,0.0
330,2027,38,45263.96264718544,436.0456030433559,PA,PENNSYLVANIA,0.1369964,6200999.932398875
331,2027,39,0.0,0.0,RI,RHODE ISLAND,0.1369964,0.0
332,2027,40,12815.701639385336,186.16892999637423,SC,SOUTH CAROLINA,0.1369964,1755704.988069889
333,2027,41,2576372.660118086,21777.99111212689,SD,SOUTH DAKOTA,0.1369964,352953779.4946013
334,2027,42,461421.25523989816,3241.2698136508134,TN,TENNESSEE,0.1369964,63213050.85134718
335,2027,43,23159.45292361448,901.9464759462548,TX,TEXAS,0.1369964,3172761.6765046585
336,2027,44,0.0,0.0,UT,UTAH,0.1369964,0.0
337,2027,45,0.0,0.0,VT,VERMONT,0.1369964,0.0
338,2027,46,160611.05074763426,503.63706288135,VA,VIRGINIA,0.1369964,22003135.7526432
339,2027,47,0.0,0.0,WA,WASHINGTON,0.1369964,0.0
340,2027,48,19309.65208023368,50.26782784007037,WV,WEST VIRGINIA,0.1369964,2645352.8202445256
341,2027,49,645579.6124614065,4917.790529298583,WI,WISCONSIN,0.1369964,88442082.82060783
342,2027,50,364392.4541544058,12559.503527683064,WY,WYOMING,0.1369964,49920454.406318635
343,2028,0,252430.31859741552,2049.482616973748,AL,ALABAMA,0.1394136,35192219.464812644
344,2028,2,0.0,0.0,AZ,ARIZONA,0.1394136,0.0
345,2028,3,186650.36290602112,5100.921816564305,AR,ARKANSAS,0.1394136,26021599.034034867
346,2028,4,0.0,0.0,CA,CALIFORNIA,0.1394136,0.0
347,2028,5,52869.17840847962,1261.5705188582592,CO,COLORADO,0.1394136,7370682.490968415
348,2028,6,0.0,0.0,CT,CONNECTICUT,0.1394136,0.0
349,2028,7,35679.188653315665,171.52242217782347,DE,DELAWARE,0.1394136,4974164.135237888
350,2028,8,0.0,0.0,DC,DISTRICT OF COLUMBIA,0.1394136,0.0
351,2028,9,10840.081954324343,95.41980581541516,FL,FLORIDA,0.1394136,1511254.8495473925
352,2028,10,77964.85272022441,1001.913968784492,GA,GEORGIA,0.1394136,10869360.791196277
353,2028,12,908.9474293972924,64.48108631996486,ID,IDAHO,0.1394136,126719.63334302235
354,2028,13,8581067.768004637,47775.26314845498,IL,ILLINOIS,0.1394136,1196317549.3814912
355,2028,14,8261963.269500932,31505.23345264884,IN,INDIANA,0.1394136,1151830042.4688952
356,2028,15,8804525.954346703,49872.92331758481,IA,IOWA,0.1394136,1227470659.5889094
357,2028,16,1657870.6543807215,15152.27483025386,KS,KANSAS,0.1394136,231129716.26157215
358,2028,17,2434626.316464201,11515.438580772448,KY,KENTUCKY,0.1394136,339420019.4330135
359,2028,18,49082.72816587864,1326.4595668835966,LA,LOUISIANA,0.1394136,6842799.8314265385
360,2028,19,0.0,0.0,ME,MAINE,0.1394136,0.0
361,2028,20,60315.308034861504,290.4140108872338,MD,MARYLAND,0.1394136,8408774.228248969
362,2028,21,0.0,0.0,MA,MASSACHUSETTS,0.1394136,0.0
363,2028,22,631243.9178756025,2338.66627835909,MI,MICHIGAN,0.1394136,88003987.06914209
364,2028,23,4448551.427219693,32062.544651705903,MN,MINNESOTA,0.1394136,620188569.2538353
365,2028,24,423107.4810481556,6141.051127677034,MS,MISSISSIPPI,0.1394136,58986937.119855136
366,2028,25,3788536.862357502,26144.639879625385,MO,MISSOURI,0.1394136,528173562.7139638
367,2028,26,740944.526827581,12824.711777848484,MT,MONTANA,0.1394136,103297743.88532965
368,2028,27,1017540.3664764892,10744.569104691,NE,NEBRASKA,0.1394136,141858965.63580668
369,2028,28,0.0,0.0,NV,NEVADA,0.1394136,0.0
370,2028,29,39.519755848190194,0.7905661390683882,NH,NEW HAMPSHIRE,0.1394136,5509.591433917249
371,2028,30,16750.568089454668,85.84622239328304,NJ,NEW JERSEY,0.1394136,2335256.9993959973
372,2028,31,0.0,0.0,NM,NEW MEXICO,0.1394136,0.0
373,2028,32,18315.743416857324,76.39180489117325,NY,NEW YORK,0.1394136,2553463.72642038
374,2028,33,207918.8598804424,1547.0837645094157,NC,NORTH CAROLINA,0.1394136,28986716.763828047
375,2028,34,744284.1504295771,8066.495469549352,ND,NORTH DAKOTA,0.1394136,103763332.83432889
376,2028,35,8706574.823337827,26198.54301128207,OH,OHIO,0.1394136,1213814939.7908905
377,2028,36,139172.76412804838,3413.5989962315784,OK,OKLAHOMA,0.1394136,19402576.069042087
378,2028,37,0.0,0.0,OR,OREGON,0.1394136,0.0
379,2028,38,562179.2201192164,2380.8272219194405,PA,PENNSYLVANIA,0.1394136,78375428.92201237
380,2028,39,0.0,0.0,RI,RHODE ISLAND,0.1394136,0.0
381,2028,40,26983.79715512348,505.462602135528,SC,SOUTH CAROLINA,0.1394136,3761908.3030655226
382,2028,41,2476608.494004618,20855.387652957565,SD,SOUTH DAKOTA,0.1394136,345272905.9397622
383,2028,42,1317119.970297284,9331.847287256858,TN,TENNESSEE,0.1394136,183624436.69103742
384,2028,43,31586.30378324317,1172.254148154634,TX,TEXAS,0.1394136,4403560.32111555
385,2028,44,0.0,0.0,UT,UTAH,0.1394136,0.0
386,2028,45,0.0,0.0,VT,VERMONT,0.1394136,0.0
387,2028,46,29789.155424564065,117.68099430785024,VA,VIRGINIA,0.1394136,4153013.398698005
388,2028,47,0.0,0.0,WA,WASHINGTON,0.1394136,0.0
389,2028,48,30233.2088088213,172.79975859058803,WV,WEST VIRGINIA,0.1394136,4214920.479589489
390,2028,49,860850.4520717749,4881.065212724085,WI,WISCONSIN,0.1394136,120014260.58495359
391,2028,50,385934.9354190749,13478.85692957824,WY,WYOMING,0.1394136,53804578.71254074
392,2029,0,0.0,0.0,AL,ALABAMA,0.1418307999999999,0.0
393,2029,2,0.0,0.0,AZ,ARIZONA,0.1418307999999999,0.0
394,2029,3,305.0800237680512,71.93547983706016,AR,ARKANSAS,0.1418307999999999,43269.74383504168
395,2029,4,0.0,0.0,CA,CALIFORNIA,0.1418307999999999,0.0
396,2029,5,56616.07864438249,1254.6383650570026,CO,COLORADO,0.1418307999999999,8029903.726995679
397,2029,6,0.0,0.0,CT,CONNECTICUT,0.1418307999999999,0.0
398,2029,7,0.0,0.0,DE,DELAWARE,0.1418307999999999,0.0
399,2029,8,0.0,0.0,DC,DISTRICT OF COLUMBIA,0.1418307999999999,0.0
400,2029,9,5.972092045256812,2.1650877749434585,FL,FLORIDA,0.1418307999999999,847.0265924524092
401,2029,10,13.49422255006191,1.0108801009955748,GA,GEORGIA,0.1418307999999999,1913.8963796533194
402,2029,12,120.86637709766832,13.836551176837276,ID,IDAHO,0.1418307999999999,17142.574956863962
403,2029,13,2184404.922657964,16823.658620517417,IL,ILLINOIS,0.1418307999999999,309815897.7045169
404,2029,14,681279.2973174471,6117.156272025716,IN,INDIANA,0.1418307999999999,96626387.76197132
405,2029,15,8253655.998937678,47149.291380135335,IA,IOWA,0.1418307999999999,1170622633.2541292
406,2029,16,1123833.2232896285,12265.793218486137,KS,KANSAS,0.1418307999999999,159394165.12574652
407,2029,17,0.0,0.0,KY,KENTUCKY,0.1418307999999999,0.0
408,2029,18,149.7433137878985,2.853372585581972,LA,LOUISIANA,0.1418307999999999,21238.21398918866
409,2029,19,0.0,0.0,ME,MAINE,0.1418307999999999,0.0
410,2029,20,0.0,0.0,MD,MARYLAND,0.1418307999999999,0.0
411,2029,21,0.0,0.0,MA,MASSACHUSETTS,0.1418307999999999,0.0
412,2029,22,316193.379467662,2228.6446963032004,MI,MICHIGAN,0.1418307999999999,44845959.964602046
413,2029,23,3785756.0658987705,28015.545312925813,MN,MINNESOTA,0.1418307999999999,536936811.4312749
414,2029,24,0.0,0.0,MS,MISSISSIPPI,0.1418307999999999,0.0
415,2029,25,1209331.2736943376,9892.513931377312,MO,MISSOURI,0.1418307999999999,171520422.01308674
416,2029,26,456526.0417066015,9215.150669526654,MT,MONTANA,0.1418307999999999,64749453.716080606
417,2029,27,1116973.3605994985,12011.055679897305,NE,NEBRASKA,0.1418307999999999,158421225.31251523
418,2029,28,0.0,0.0,NV,NEVADA,0.1418307999999999,0.0
419,2029,29,10.132838706090896,0.4357414696306398,NH,NEW HAMPSHIRE,0.1418307999999999,1437.1486199558356
420,2029,30,0.0,0.0,NJ,NEW JERSEY,0.1418307999999999,0.0
421,2029,31,0.0,0.0,NM,NEW MEXICO,0.1418307999999999,0.0
422,2029,32,0.0,0.0,NY,NEW YORK,0.1418307999999999,0.0
423,2029,33,0.0,0.0,NC,NORTH CAROLINA,0.1418307999999999,0.0
424,2029,34,657012.2283197757,7120.428446018517,ND,NORTH DAKOTA,0.1418307999999999,93184569.95237638
425,2029,35,1812570.32112456,7288.354076492216,OH,OHIO,0.1418307999999999,257078298.70135304
426,2029,36,13576.885231641292,323.9458624373252,OK,OKLAHOMA,0.1418307999999999,1925620.4939118684
427,2029,37,0.0,0.0,OR,OREGON,0.1418307999999999,0.0
428,2029,38,0.0,0.0,PA,PENNSYLVANIA,0.1418307999999999,0.0
429,2029,39,0.0,0.0,RI,RHODE ISLAND,0.1418307999999999,0.0
430,2029,40,0.0,0.0,SC,SOUTH CAROLINA,0.1418307999999999,0.0
431,2029,41,2492623.246318384,21007.97016569343,SD,SOUTH DAKOTA,0.1418307999999999,353530749.1239332
432,2029,42,0.0,0.0,TN,TENNESSEE,0.1418307999999999,0.0
433,2029,43,4771.202045391088,182.6382120144727,TX,TEXAS,0.1418307999999999,676703.4030594538
434,2029,44,0.0,0.0,UT,UTAH,0.1418307999999999,0.0
435,2029,45,0.0,0.0,VT,VERMONT,0.1418307999999999,0.0
436,2029,46,0.0,0.0,VA,VIRGINIA,0.1418307999999999,0.0
437,2029,47,0.0,0.0,WA,WASHINGTON,0.1418307999999999,0.0
438,2029,48,0.0,0.0,WV,WEST VIRGINIA,0.1418307999999999,0.0
439,2029,49,438285.9353290924,3006.059411520822,WI,WISCONSIN,0.1418307999999999,62162444.83647339
440,2029,50,224818.1183378876,8824.797384583015,WY,WYOMING,0.1418307999999999,31886133.578357246
441,2030,0,107525.3114476028,1038.4805333022205,AL,ALABAMA,0.144248,15510311.125693806
442,2030,2,0.0,0.0,AZ,ARIZONA,0.144248,0.0
443,2030,3,28865.76586553343,709.3981067581335,AR,ARKANSAS,0.144248,4163828.994571466
444,2030,4,0.0,0.0,CA,CALIFORNIA,0.144248,0.0
445,2030,5,58843.45301308424,1310.584303289936,CO,COLORADO,0.144248,8488050.410231374
446,2030,6,0.0,0.0,CT,CONNECTICUT,0.144248,0.0
447,2030,7,0.0,0.0,DE,DELAWARE,0.144248,0.0
448,2030,8,0.0,0.0,DC,DISTRICT OF COLUMBIA,0.144248,0.0
449,2030,9,2342.4774628050504,29.316801660803044,FL,FLORIDA,0.144248,337897.6890547029
450,2030,10,47099.40040234728,974.421806835014,GA,GEORGIA,0.144248,6793994.30923779
451,2030,12,316.9311269785395,22.03256190116569,ID,IDAHO,0.144248,45716.68120440036
452,2030,13,241209.7939546053,2419.7082732340064,IL,ILLINOIS,0.144248,34794030.3583639
453,2030,14,21307.45739662961,322.8276543260285,IN,INDIANA,0.144248,3073558.1145490278
454,2030,15,227511.66587671373,2164.4212477599067,IA,IOWA,0.144248,32818102.7793842
455,2030,16,116906.92252412204,1042.4340732735564,KS,KANSAS,0.144248,16863589.760259554
456,2030,17,876754.956633132,5713.050283745597,KY,KENTUCKY,0.144248,126470148.98441601
457,2030,18,466202.598638924,7961.564337927318,LA,LOUISIANA,0.144248,67248792.44846751
458,2030,19,0.0,0.0,ME,MAINE,0.144248,0.0
459,2030,20,218.04296615493897,4.867858285039944,MD,MARYLAND,0.144248,31452.261781917634
460,2030,21,0.0,0.0,MA,MASSACHUSETTS,0.144248,0.0
461,2030,22,9083.474139150088,192.02322074687152,MI,MICHIGAN,0.144248,1310272.9776241218
462,2030,23,565827.150863072,4930.267561197488,MN,MINNESOTA,0.144248,81619434.85769641
463,2030,24,347527.4007502602,4682.360536400718,MS,MISSISSIPPI,0.144248,50130132.503423534
464,2030,25,357768.3706331786,3441.134345340656,MO,MISSOURI,0.144248,51607371.92709475
465,2030,26,648511.2413250238,10831.43029874622,MT,MONTANA,0.144248,93546449.53865202
466,2030,27,517571.0837181893,6813.256171027257,NE,NEBRASKA,0.144248,74658593.68418136
467,2030,28,0.0,0.0,NV,NEVADA,0.144248,0.0
468,2030,29,0.0,0.0,NH,NEW HAMPSHIRE,0.144248,0.0
469,2030,30,256.8223093993992,24.5939438995899,NJ,NEW JERSEY,0.144248,37046.104486244534
470,2030,31,0.0,0.0,NM,NEW MEXICO,0.144248,0.0
471,2030,32,0.0,0.0,NY,NEW YORK,0.144248,0.0
472,2030,33,305941.7826311319,4004.426723513666,NC,NORTH CAROLINA,0.144248,44131490.26097551
473,2030,34,412864.2447783005,4869.735086731831,ND,NORTH DAKOTA,0.144248,59554841.58078029
474,2030,35,0.0,0.0,OH,OHIO,0.144248,0.0
475,2030,36,16223.55871943746,430.4512377487321,OK,OKLAHOMA,0.144248,2340215.8981614145
476,2030,37,0.0,0.0,OR,OREGON,0.144248,0.0
477,2030,38,405.33791205363866,25.56398189624649,PA,PENNSYLVANIA,0.144248,58469.18313791326
478,2030,39,0.0,0.0,RI,RHODE ISLAND,0.144248,0.0
479,2030,40,191208.747485667,3261.7797870133672,SC,SOUTH CAROLINA,0.144248,27581479.40731249
480,2030,41,1242851.550788347,11613.343327834493,SD,SOUTH DAKOTA,0.144248,179278850.49811748
481,2030,42,347780.0717568817,2725.50693061064,TN,TENNESSEE,0.144248,50166579.79078667
482,2030,43,12847.274902627272,557.1370878350726,TX,TEXAS,0.144248,1853193.7101541786
483,2030,44,0.0,0.0,UT,UTAH,0.144248,0.0
484,2030,45,0.0,0.0,VT,VERMONT,0.144248,0.0
485,2030,46,2411.6058532156167,35.835533098487126,VA,VIRGINIA,0.144248,347869.3211146462
486,2030,47,0.0,0.0,WA,WASHINGTON,0.144248,0.0
487,2030,48,0.0,0.0,WV,WEST VIRGINIA,0.144248,0.0
488,2030,49,610.7077251290762,7.503129270611943,WI,WISCONSIN,0.144248,88093.36793441897
489,2030,50,276425.5475478858,10105.608252163309,WY,WYOMING,0.144248,39873832.38268743
490,2031,0,0.0,0.0,AL,ALABAMA,0.1406666,0.0
491,2031,2,0.0,0.0,AZ,ARIZONA,0.1406666,0.0
492,2031,3,3784.9134287641928,66.29422716347284,AR,ARKANSAS,0.1406666,532410.9033186012
493,2031,4,0.0,0.0,CA,CALIFORNIA,0.1406666,0.0
494,2031,5,55695.7905070912,1228.8334749527778,CO,COLORADO,0.1406666,7834537.484944795
495,2031,6,0.0,0.0,CT,CONNECTICUT,0.1406666,0.0
496,2031,7,110476.59472680744,1149.0097065161422,DE,DELAWARE,0.1406666,15540366.959797932
497,2031,8,0.0,0.0,DC,DISTRICT OF COLUMBIA,0.1406666,0.0
498,2031,9,0.0,0.0,FL,FLORIDA,0.1406666,0.0
499,2031,10,0.0,0.0,GA,GEORGIA,0.1406666,0.0
500,2031,12,808.06869935208,56.17568652407786,ID,IDAHO,0.1406666,113668.2765042793
501,2031,13,4792954.452054134,26313.71807935251,IL,ILLINOIS,0.1406666,674208606.725318
502,2031,14,6565609.239133733,24427.11852663351,IN,INDIANA,0.1406666,923561928.5975293
503,2031,15,3851388.445500189,22435.88668348041,IA,IOWA,0.1406666,541761717.9077969
504,2031,16,1041060.9715344732,9274.014881642206,KS,KANSAS,0.1406666,146442507.25845113
505,2031,17,106907.66918320656,490.5375851438836,KY,KENTUCKY,0.1406666,15038338.337926444
506,2031,18,3032.8820337689613,120.97874371099932,LA,LOUISIANA,0.1406666,426625.203891365
507,2031,19,0.0,0.0,ME,MAINE,0.1406666,0.0
508,2031,20,386765.2356623247,2275.4707407938554,MD,MARYLAND,0.1406666,54404950.69881797
509,2031,21,0.0,0.0,MA,MASSACHUSETTS,0.1406666,0.0
510,2031,22,528609.5417441353,2399.5842523681763,MI,MICHIGAN,0.1406666,74357706.96470559
511,2031,23,815469.8032599366,6627.145029655303,MN,MINNESOTA,0.1406666,114709364.62724419
512,2031,24,0.0,0.0,MS,MISSISSIPPI,0.1406666,0.0
513,2031,25,2854264.9472709284,19089.06279545976,MO,MISSOURI,0.1406666,401499745.6317808
514,2031,26,700704.7935620134,11391.66955370323,MT,MONTANA,0.1406666,98565760.91407031
515,2031,27,929847.1471198238,9815.822732412733,NE,NEBRASKA,0.1406666,130798436.70504542
516,2031,28,0.0,0.0,NV,NEVADA,0.1406666,0.0
517,2031,29,3.412251538703565,0.3948511789461679,NH,NEW HAMPSHIRE,0.1406666,479.98982229419886
518,2031,30,206001.087860247,999.7355356166364,NJ,NEW JERSEY,0.1406666,28977472.625602223
519,2031,31,0.0,0.0,NM,NEW MEXICO,0.1406666,0.0
520,2031,32,17117.484638570182,83.97757125727775,NY,NEW YORK,0.1406666,2407858.3646598966
521,2031,33,36291.308728590375,1040.8002443499706,NC,NORTH CAROLINA,0.1406666,5104975.008401131
522,2031,34,131491.8162090085,1442.6748339785918,ND,NORTH DAKOTA,0.1406666,18496506.71394612
523,2031,35,6890495.307268031,21809.21294005412,OH,OHIO,0.1406666,969262547.1893493
524,2031,36,11590.038261667423,281.5133294057045,OK,OKLAHOMA,0.1406666,1630331.2761386668
525,2031,37,0.0,0.0,OR,OREGON,0.1406666,0.0
526,2031,38,999632.5772610888,4498.931464728648,PA,PENNSYLVANIA,0.1406666,140614915.89255467
527,2031,39,0.0,0.0,RI,RHODE ISLAND,0.1406666,0.0
528,2031,40,95.83685141541936,4.939309633672343,SC,SOUTH CAROLINA,0.1406666,13481.044043312228
529,2031,41,1088170.410856968,9488.438593341749,SD,SOUTH DAKOTA,0.1406666,153069231.91585276
530,2031,42,0.0,0.0,TN,TENNESSEE,0.1406666,0.0
531,2031,43,8076.22254381757,308.43597178873006,TX,TEXAS,0.1406666,1136054.7660821688
532,2031,44,0.0,0.0,UT,UTAH,0.1406666,0.0
533,2031,45,0.0,0.0,VT,VERMONT,0.1406666,0.0
534,2031,46,246074.26111200085,1621.2908827946728,VA,VIRGINIA,0.1406666,34614429.65813738
535,2031,47,0.0,0.0,WA,WASHINGTON,0.1406666,0.0
536,2031,48,49284.78680234491,151.04154955733603,WV,WEST VIRGINIA,0.1406666,6932723.391210731
537,2031,49,135835.69204983898,1623.334044802543,WI,WISCONSIN,0.1406666,19107544.95929788
538,2031,50,338616.16114691435,11252.175973378078,WY,WYOMING,0.1406666,47631984.093588546
539,2032,0,427.1441786044122,20.608589068678988,AL,ALABAMA,0.1370852,58555.14515282157
540,2032,2,0.0,0.0,AZ,ARIZONA,0.1370852,0.0
541,2032,3,42002.580608439646,1244.8900591403087,AR,ARKANSAS,0.1370852,5757932.16322407
542,2032,4,0.0,0.0,CA,CALIFORNIA,0.1370852,0.0
543,2032,5,51592.34621028498,1187.0496815218153,CO,COLORADO,0.1370852,7072547.098706158
544,2032,6,0.0,0.0,CT,CONNECTICUT,0.1370852,0.0
545,2032,7,58541.81544939045,601.1599309324978,DE,DELAWARE,0.1370852,8025216.479242779
546,2032,8,0.0,0.0,DC,DISTRICT OF COLUMBIA,0.1370852,0.0
547,2032,9,817.7847710376996,11.486590699138748,FL,FLORIDA,0.1370852,112106.18889465724
548,2032,10,746.6455464415633,25.61579967052534,GA,GEORGIA,0.1370852,102354.05406305098
549,2032,12,327.6335011490036,22.77657440523303,ID,IDAHO,0.1370852,44913.704031711386
550,2032,13,1762255.1175988703,22501.272387663885,IL,ILLINOIS,0.1370852,241579095.24706462
551,2032,14,126852.18034036804,1879.3440016048587,IN,INDIANA,0.1370852,17389556.51239542
552,2032,15,3819740.723681153,28261.684791686035,IA,IOWA,0.1370852,523629921.0539755
553,2032,16,310354.4028021401,3950.801890247749,KS,KANSAS,0.1370852,42544995.37901194
554,2032,17,21464.85823353538,398.4331364910362,KY,KENTUCKY,0.1370852,2942514.383915844
555,2032,18,257685.76946720883,4327.026542714699,LA,LOUISIANA,0.1370852,35324905.24456622
556,2032,19,0.0,0.0,ME,MAINE,0.1370852,0.0
557,2032,20,34668.6361228222,287.3052912322272,MD,MARYLAND,0.1370852,4752556.916624306
558,2032,21,0.0,0.0,MA,MASSACHUSETTS,0.1370852,0.0
559,2032,22,30196.95991174822,246.25878773256875,MI,MICHIGAN,0.1370852,4139556.2888939874
560,2032,23,228274.5670652461,2762.224969446512,MN,MINNESOTA,0.1370852,31293064.681052674
561,2032,24,65199.66392690997,2111.348035518084,MS,MISSISSIPPI,0.1370852,8937908.969353238
562,2032,25,2453848.127004462,18953.20379984008,MO,MISSOURI,0.1370852,336386261.260032
563,2032,26,354511.9628363501,6373.917980628679,MT,MONTANA,0.1370852,48598343.32781362
564,2032,27,204185.8249165805,3761.140081407917,NE,NEBRASKA,0.1370852,27990854.645854417
565,2032,28,0.0,0.0,NV,NEVADA,0.1370852,0.0
566,2032,29,0.0,0.0,NH,NEW HAMPSHIRE,0.1370852,0.0
567,2032,30,70525.75175683243,537.8983516803522,NJ,NEW JERSEY,0.1370852,9668036.784735722
568,2032,31,0.0,0.0,NM,NEW MEXICO,0.1370852,0.0
569,2032,32,0.0,0.0,NY,NEW YORK,0.1370852,0.0
570,2032,33,1725.6410990746172,178.2879930780196,NC,NORTH CAROLINA,0.1370852,236559.85519486372
571,2032,34,336941.9893751453,4446.752089543767,ND,NORTH DAKOTA,0.1370852,46189760.00188967
572,2032,35,119009.52150625776,2012.047645527572,OH,OHIO,0.1370852,16314444.057589645
573,2032,36,9268.31225831754,255.74893743904292,OK,OKLAHOMA,0.1370852,1270548.4395939116
574,2032,37,0.0,0.0,OR,OREGON,0.1370852,0.0
575,2032,38,24891.2452045432,359.8834158375813,PA,PENNSYLVANIA,0.1370852,3412221.3271138454
576,2032,39,0.0,0.0,RI,RHODE ISLAND,0.1370852,0.0
577,2032,40,0.0,0.0,SC,SOUTH CAROLINA,0.1370852,0.0
578,2032,41,770588.8973286663,7891.717725567266,SD,SOUTH DAKOTA,0.1370852,105636333.10807969
579,2032,42,156476.83993400476,1964.2529836895544,TN,TENNESSEE,0.1370852,21450658.897721026
580,2032,43,17625.867822332253,505.96538811909625,TX,TEXAS,0.1370852,2416245.615597981
581,2032,44,0.0,0.0,UT,UTAH,0.1370852,0.0
582,2032,45,0.0,0.0,VT,VERMONT,0.1370852,0.0
583,2032,46,238.68413729767929,3.321275310357802,VA,VIRGINIA,0.1370852,32720.062698279824
584,2032,47,0.0,0.0,WA,WASHINGTON,0.1370852,0.0
585,2032,48,0.0,0.0,WV,WEST VIRGINIA,0.1370852,0.0
586,2032,49,127795.77287005668,1339.2240553949696,WI,WISCONSIN,0.1370852,17518909.08304629
587,2032,50,281798.18478467554,9495.32804681349,WY,WYOMING,0.1370852,38630360.5208442
588,2033,0,64861.7222972453,501.3196288249875,AL,ALABAMA,0.1335038,8659286.401226977
589,2033,2,0.0,0.0,AZ,ARIZONA,0.1335038,0.0
590,2033,3,93012.52533000812,2622.419186083143,AR,ARKANSAS,0.1335038,12417525.579152338
591,2033,4,0.0,0.0,CA,CALIFORNIA,0.1335038,0.0
592,2033,5,79107.87749944536,1740.1878043465415,CO,COLORADO,0.1335038,10561202.256110452
593,2033,6,0.0,0.0,CT,CONNECTICUT,0.1335038,0.0
594,2033,7,187909.0697354384,888.2149076654548,DE,DELAWARE,0.1335038,25086574.86414602
595,2033,8,0.0,0.0,DC,DISTRICT OF COLUMBIA,0.1335038,0.0
596,2033,9,12322.210854194318,123.4431805771434,FL,FLORIDA,0.1335038,1645061.9734361875
597,2033,10,82190.58351166689,770.6012691123092,GA,GEORGIA,0.1335038,10972755.223024875
598,2033,12,0.0,0.0,ID,IDAHO,0.1335038,0.0
599,2033,13,259427.73089893552,2192.3350738747386,IL,ILLINOIS,0.1335038,34634587.90038531
600,2033,14,311642.25397652166,2047.010465575592,IN,INDIANA,0.1335038,41605425.14643075
601,2033,15,0.0,0.0,IA,IOWA,0.1335038,0.0
602,2033,16,1083.4967469133053,12.885135358692674,KS,KANSAS,0.1335038,144650.93300056452
603,2033,17,1130567.9628478647,7476.0876152578385,KY,KENTUCKY,0.1335038,150935119.19844875
604,2033,18,15946.14666897145,371.1891652538273,LA,LOUISIANA,0.1335038,2128871.1756650307
605,2033,19,0.0,0.0,ME,MAINE,0.1335038,0.0
606,2033,20,178250.19174505287,876.9223840511152,MD,MARYLAND,0.1335038,23797077.94869319
607,2033,21,0.0,0.0,MA,MASSACHUSETTS,0.1335038,0.0
608,2033,22,1674.5024111151856,42.25816189610235,MI,MICHIGAN,0.1335038,223552.43499303953
609,2033,23,20586.61570894581,328.2370661590239,MN,MINNESOTA,0.1335038,2748391.4262839598
610,2033,24,71237.45007169884,1026.9497141857976,MS,MISSISSIPPI,0.1335038,9510470.286882069
611,2033,25,363433.0009353617,2776.1754860493847,MO,MISSOURI,0.1335038,48519686.67027435
612,2033,26,70742.53683011737,1768.1436532211376,MT,MONTANA,0.1335038,9444397.488460625
613,2033,27,13925.994398831132,234.6297963584425,NE,NEBRASKA,0.1335038,1859173.1710226715
614,2033,28,0.0,0.0,NV,NEVADA,0.1335038,0.0
615,2033,29,15.918173320714466,0.3404230196810332,NH,NEW HAMPSHIRE,0.1335038,2125.136627374
616,2033,30,245121.9688808064,922.4793316575776,NJ,NEW JERSEY,0.1335038,32724714.309069406
617,2033,31,0.0,0.0,NM,NEW MEXICO,0.1335038,0.0
618,2033,32,6920.171401726514,66.03213265050525,NY,NEW YORK,0.1335038,923869.1787818163
619,2033,33,449192.0588038322,4704.050160741376,NC,NORTH CAROLINA,0.1335038,59968846.78013506
620,2033,34,8651.568177903204,254.4205658487208,ND,NORTH DAKOTA,0.1335038,1155017.2277091537
621,2033,35,527508.9210217916,7236.817181270513,OH,OHIO,0.1335038,70424445.49030907
622,2033,36,6734.371748369595,158.50289176804722,OK,OKLAHOMA,0.1335038,899064.2190199848
623,2033,37,0.0,0.0,OR,OREGON,0.1335038,0.0
624,2033,38,425860.1725766967,2402.3535243546057,PA,PENNSYLVANIA,0.1335038,56853951.30764481
625,2033,39,0.0,0.0,RI,RHODE ISLAND,0.1335038,0.0
626,2033,40,192490.17096022685,1888.56608184312,SC,SOUTH CAROLINA,0.1335038,25698169.285839938
627,2033,41,12683.620368711569,333.6781071631464,SD,SOUTH DAKOTA,0.1335038,1693311.5169803957
628,2033,42,487641.915241707,4378.633505537317,TN,TENNESSEE,0.1335038,65102048.72404581
629,2033,43,18390.08819606201,669.3353717283073,TX,TEXAS,0.1335038,2455146.6565094236
630,2033,44,0.0,0.0,UT,UTAH,0.1335038,0.0
631,2033,45,0.0,0.0,VT,VERMONT,0.1335038,0.0
632,2033,46,291501.1274478616,1059.954587139718,VA,VIRGINIA,0.1335038,38916508.21857383
633,2033,47,0.0,0.0,WA,WASHINGTON,0.1335038,0.0
634,2033,48,16654.28708210589,58.18077973930116,WV,WEST VIRGINIA,0.1335038,2223410.6117520486
635,2033,49,0.0,0.0,WI,WISCONSIN,0.1335038,0.0
636,2033,50,232831.29284956623,8112.382408925376,WY,WYOMING,0.1335038,31083862.35432992
637,2034,0,0.0,0.0,AL,ALABAMA,0.1299224,0.0
638,2034,2,0.0,0.0,AZ,ARIZONA,0.1299224,0.0
639,2034,3,29757.334927964468,655.8581744000168,AR,ARKANSAS,0.1299224,3866144.3714449704
640,2034,4,0.0,0.0,CA,CALIFORNIA,0.1299224,0.0
641,2034,5,92326.206890816,2038.223146788273,CO,COLORADO,0.1299224,11995242.382151352
642,2034,6,0.0,0.0,CT,CONNECTICUT,0.1299224,0.0
643,2034,7,164455.73536286462,1080.487052942438,DE,DELAWARE,0.1299224,21366483.83210824
644,2034,8,0.0,0.0,DC,DISTRICT OF COLUMBIA,0.1299224,0.0
645,2034,9,0.0,0.0,FL,FLORIDA,0.1299224,0.0
646,2034,10,475.2948410998672,29.070643741109787,GA,GEORGIA,0.1299224,61751.44646331338
647,2034,12,426.8549348236466,29.67429505577364,ID,IDAHO,0.1299224,55458.01758413174
648,2034,13,1004863.7773070162,6713.559999894849,IL,ILLINOIS,0.1299224,130554313.62079306
649,2034,14,756096.5600619488,4299.6720246380255,IN,INDIANA,0.1299224,98233879.71499254
650,2034,15,2909597.5024988865,18350.397496067024,IA,IOWA,0.1299224,378021890.55866134
651,2034,16,1550285.3126181113,15465.168111651932,KS,KANSAS,0.1299224,201416788.5000953
652,2034,17,42809.53182657425,213.1927586941086,KY,KENTUCKY,0.1299224,5561917.11778491
653,2034,18,21625.92596183049,540.9786277630621,LA,LOUISIANA,0.1299224,2809692.2031833255
654,2034,19,0.0,0.0,ME,MAINE,0.1299224,0.0
655,2034,20,175357.18820891745,841.9521594598725,MD,MARYLAND,0.1299224,22782826.749354254
656,2034,21,0.0,0.0,MA,MASSACHUSETTS,0.1299224,0.0
657,2034,22,93188.75224870154,597.031455750706,MI,MICHIGAN,0.1299224,12107306.345156701
658,2034,23,1418712.9527643651,15342.340117504766,MN,MINNESOTA,0.1299224,184322591.73423296
659,2034,24,19108.14717083472,352.13867674479724,MS,MISSISSIPPI,0.1299224,2482576.3399880566
660,2034,25,2804797.4040753744,20105.830467905053,MO,MISSOURI,0.1299224,364406010.25124234
661,2034,26,825526.2992166408,14301.028360054925,MT,MONTANA,0.1299224,107254358.05734408
662,2034,27,1880957.6932815216,19963.13059471552,NE,NEBRASKA,0.1299224,244378537.80959913
663,2034,28,0.0,0.0,NV,NEVADA,0.1299224,0.0
664,2034,29,0.0,0.0,NH,NEW HAMPSHIRE,0.1299224,0.0
665,2034,30,24731.30123396624,146.30819825894514,NJ,NEW JERSEY,0.1299224,3213150.011439855
666,2034,31,0.0,0.0,NM,NEW MEXICO,0.1299224,0.0
667,2034,32,705.8834194643629,9.739273708522806,NY,NEW YORK,0.1299224,91710.06797701673
668,2034,33,92125.00091443816,2064.4126742305057,NC,NORTH CAROLINA,0.1299224,11969101.218806
669,2034,34,452458.0203870247,5054.1972361612325,ND,NORTH DAKOTA,0.1299224,58784431.90793117
670,2034,35,1539967.832047886,7629.525278486355,OH,OHIO,0.1299224,200076316.66245824
671,2034,36,73506.96023737322,2025.6032809911608,OK,OKLAHOMA,0.1299224,9550200.690744098
672,2034,37,0.0,0.0,OR,OREGON,0.1299224,0.0
673,2034,38,112.53949679228025,0.7459556941125648,PA,PENNSYLVANIA,0.1299224,14621.40151804535
674,2034,39,0.0,0.0,RI,RHODE ISLAND,0.1299224,0.0
675,2034,40,25380.924311931103,391.1830875414792,SC,SOUTH CAROLINA,0.1299224,3297550.6008244376
676,2034,41,2001431.8779935464,18138.572020220687,SD,SOUTH DAKOTA,0.1299224,260030833.02542874
677,2034,42,40386.37310928609,490.6866507148775,TN,TENNESSEE,0.1299224,5247094.521653911
678,2034,43,17199.49407252593,595.7181867054982,TX,TEXAS,0.1299224,2234599.548688343
679,2034,44,0.0,0.0,UT,UTAH,0.1299224,0.0
680,2034,45,0.0,0.0,VT,VERMONT,0.1299224,0.0
681,2034,46,58056.15446976018,578.7762358265802,VA,VIRGINIA,0.1299224,7542794.923481969
682,2034,47,0.0,0.0,WA,WASHINGTON,0.1299224,0.0
683,2034,48,0.0,0.0,WV,WEST VIRGINIA,0.1299224,0.0
684,2034,49,349021.9528677835,2696.8107354126632,WI,WISCONSIN,0.1299224,45345769.76926931
685,2034,50,336793.88389340986,12158.511166132444,WY,WYOMING,0.1299224,43757069.70075315
686,2035,0,47065.75507775997,524.8961977407736,AL,ALABAMA,0.126341,5946334.562279272
687,2035,2,0.0,0.0,AZ,ARIZONA,0.126341,0.0
688,2035,3,196849.47370556364,4361.745535053649,AR,ARKANSAS,0.126341,24870159.357434615
689,2035,4,0.0,0.0,CA,CALIFORNIA,0.126341,0.0
690,2035,5,54105.73335396662,1217.571217499614,CO,COLORADO,0.126341,6835772.4576734975
691,2035,6,0.0,0.0,CT,CONNECTICUT,0.126341,0.0
692,2035,7,142163.73085756294,847.1534343817515,DE,DELAWARE,0.126341,17961107.92027536
693,2035,8,0.0,0.0,DC,DISTRICT OF COLUMBIA,0.126341,0.0
694,2035,9,0.0,0.0,FL,FLORIDA,0.126341,0.0
695,2035,10,1034.360647403067,12.547210928831962,GA,GEORGIA,0.126341,130682.15855355091
696,2035,12,435.6168780305415,30.28341179959376,ID,IDAHO,0.126341,55036.27198725665
697,2035,13,155113.8401479679,2461.735738794258,IL,ILLINOIS,0.126341,19597237.67813441
698,2035,14,166863.05566833683,1440.1434065127382,IN,INDIANA,0.126341,21081645.316193346
699,2035,15,24134.20908653116,182.5405059687505,IA,IOWA,0.126341,3049140.1102014333
700,2035,16,17230.943103878304,171.2099562858103,KS,KANSAS,0.126341,2176974.582687089
701,2035,17,213887.3591506277,1734.6032775453573,KY,KENTUCKY,0.126341,27022742.842449453
702,2035,18,35094.21556304452,936.0638159579734,LA,LOUISIANA,0.126341,4433838.288450608
703,2035,19,0.0,0.0,ME,MAINE,0.126341,0.0
704,2035,20,244785.84983088265,1303.413840045646,MD,MARYLAND,0.126341,30926489.053483546
705,2035,21,0.0,0.0,MA,MASSACHUSETTS,0.126341,0.0
706,2035,22,45940.63793581567,373.187300174913,MI,MICHIGAN,0.126341,5804186.137448888
707,2035,23,374095.4385880559,2864.71092620986,MN,MINNESOTA,0.126341,47263591.806653574
708,2035,24,98159.43066671256,1416.1853960644569,MS,MISSISSIPPI,0.126341,12401560.629863134
709,2035,25,250942.4394437361,2220.6220079112104,MO,MISSOURI,0.126341,31704318.741761066
710,2035,26,592997.0668606401,10343.486664777534,MT,MONTANA,0.126341,74919842.42424013
711,2035,27,195895.4832903356,3223.306070960555,NE,NEBRASKA,0.126341,24749631.25438429
712,2035,28,0.0,0.0,NV,NEVADA,0.126341,0.0
713,2035,29,6.814758422540988,0.3268060611625499,NH,NEW HAMPSHIRE,0.126341,860.9833938622511
714,2035,30,66495.5067030709,642.8816794243301,NJ,NEW JERSEY,0.126341,8401108.81237268
715,2035,31,0.0,0.0,NM,NEW MEXICO,0.126341,0.0
716,2035,32,22738.10700179577,99.9774484688038,NY,NEW YORK,0.126341,2872755.1767138797
717,2035,33,46753.859618475646,1341.2026742336266,NC,NORTH CAROLINA,0.126341,5906929.378057832
718,2035,34,172592.3763259062,1934.416702357043,ND,NORTH DAKOTA,0.126341,21805493.417391315
719,2035,35,11058.377153545658,91.24905437271414,OH,OHIO,0.126341,1397126.427956112
720,2035,36,1284.398426922523,30.21358815212535,OK,OKLAHOMA,0.126341,162272.18165581848
721,2035,37,0.0,0.0,OR,OREGON,0.126341,0.0
722,2035,38,87884.85740684674,888.8577105985846,PA,PENNSYLVANIA,0.126341,11103460.769638425
723,2035,39,0.0,0.0,RI,RHODE ISLAND,0.126341,0.0
724,2035,40,3942.7494877680215,311.2142318386549,SC,SOUTH CAROLINA,0.126341,498130.9130340996
725,2035,41,205720.3067055078,2160.479562400106,SD,SOUTH DAKOTA,0.126341,25990909.26948056
726,2035,42,145293.35953705496,1825.8135575943409,TN,TENNESSEE,0.126341,18356508.33727106
727,2035,43,11568.238575480897,398.9256841917951,TX,TEXAS,0.126341,1461542.829864832
728,2035,44,0.0,0.0,UT,UTAH,0.126341,0.0
729,2035,45,0.0,0.0,VT,VERMONT,0.126341,0.0
730,2035,46,32777.91892398177,204.9854430859179,VA,VIRGINIA,0.126341,4141195.054774781
731,2035,47,0.0,0.0,WA,WASHINGTON,0.126341,0.0
732,2035,48,1347.9422956614724,34.573468642966326,WV,WEST VIRGINIA,0.126341,170300.3775761661
733,2035,49,52104.95779323789,523.07153371976,WI,WISCONSIN,0.126341,6582992.472555469
734,2035,50,117508.66914326863,5105.220553005445,WY,WYOMING,0.126341,14846162.768229702
735,2036,0,6404.264206367448,163.9432637761085,AL,ALABAMA,0.129133,827001.8497608476
736,2036,2,0.0,0.0,AZ,ARIZONA,0.129133,0.0
737,2036,3,216533.9872348249,6217.1736872465935,AR,ARKANSAS,0.129133,27961683.37359464
738,2036,4,0.0,0.0,CA,CALIFORNIA,0.129133,0.0
739,2036,5,85152.07916056344,1988.6426453459549,CO,COLORADO,0.129133,10995943.438241038
740,2036,6,0.0,0.0,CT,CONNECTICUT,0.129133,0.0
741,2036,7,0.0,0.0,DE,DELAWARE,0.129133,0.0
742,2036,8,0.0,0.0,DC,DISTRICT OF COLUMBIA,0.129133,0.0
743,2036,9,0.0,0.0,FL,FLORIDA,0.129133,0.0
744,2036,10,1516.8119104326215,29.445148925835024,GA,GEORGIA,0.129133,195870.47242989572
745,2036,12,269.4825295496896,70.69971717026979,ID,IDAHO,0.129133,34799.08748834007
746,2036,13,6175845.751447268,41354.07614747184,IL,ILLINOIS,0.129133,797505489.42164
747,2036,14,2847881.71750309,14137.826403858722,IN,INDIANA,0.129133,367755509.8263265
748,2036,15,5632642.359487189,38991.25312311528,IA,IOWA,0.129133,727360005.8076591
749,2036,16,1369244.3011955046,12594.786479686602,KS,KANSAS,0.129133,176814624.3462791
750,2036,17,908527.613445982,4329.96673476558,KY,KENTUCKY,0.129133,117320896.30712
751,2036,18,208403.53197078189,4197.119146391411,LA,LOUISIANA,0.129133,26911773.29398298
752,2036,19,0.0,0.0,ME,MAINE,0.129133,0.0
753,2036,20,0.0,0.0,MD,MARYLAND,0.129133,0.0
754,2036,21,0.0,0.0,MA,MASSACHUSETTS,0.129133,0.0
755,2036,22,86118.87280441809,556.6990354637555,MI,MICHIGAN,0.129133,11120788.40185292
756,2036,23,2497727.1256760573,22112.89039753139,MN,MINNESOTA,0.129133,322538996.9199263
757,2036,24,199297.2014487615,4827.026940310882,MS,MISSISSIPPI,0.129133,25735845.514682923
758,2036,25,3246941.876348274,24106.08619617208,MO,MISSOURI,0.129133,419287345.3184816
759,2036,26,580299.544487997,12385.502000065377,MT,MONTANA,0.129133,74935821.0783685
760,2036,27,2112949.619935712,23348.74122402237,NE,NEBRASKA,0.129133,272851523.2711583
761,2036,28,0.0,0.0,NV,NEVADA,0.129133,0.0
762,2036,29,0.0,0.0,NH,NEW HAMPSHIRE,0.129133,0.0
763,2036,30,0.0,0.0,NJ,NEW JERSEY,0.129133,0.0
764,2036,31,0.0,0.0,NM,NEW MEXICO,0.129133,0.0
765,2036,32,1307.085977153853,12.189812203038008,NY,NEW YORK,0.129133,168787.9334878085
766,2036,33,40216.36788080663,1402.724351733911,NC,NORTH CAROLINA,0.129133,5193260.233552203
767,2036,34,458444.5157897319,4964.52910178692,ND,NORTH DAKOTA,0.129133,59200315.65747544
768,2036,35,253501.0210333844,972.379301750495,OH,OHIO,0.129133,32735347.34910403
769,2036,36,65081.33862692876,2617.347724768681,OK,OKLAHOMA,0.129133,8404148.500911191
770,2036,37,0.0,0.0,OR,OREGON,0.129133,0.0
771,2036,38,0.0,0.0,PA,PENNSYLVANIA,0.129133,0.0
772,2036,39,0.0,0.0,RI,RHODE ISLAND,0.129133,0.0
773,2036,40,4824.55611316304,236.9667215585775,SC,SOUTH CAROLINA,0.129133,623009.4045610828
774,2036,41,1739674.2195388118,15866.649352491844,SD,SOUTH DAKOTA,0.129133,224649350.9917054
775,2036,42,303345.4336959606,2907.3147420899886,TN,TENNESSEE,0.129133,39171905.88946048
776,2036,43,44932.68030364819,1606.0770284382763,TX,TEXAS,0.129133,5802291.805651002
777,2036,44,0.0,0.0,UT,UTAH,0.129133,0.0
778,2036,45,0.0,0.0,VT,VERMONT,0.129133,0.0
779,2036,46,2454.9226369739768,35.97899189962966,VA,VIRGINIA,0.129133,317011.5248803605
780,2036,47,0.0,0.0,WA,WASHINGTON,0.129133,0.0
781,2036,48,0.0,0.0,WV,WEST VIRGINIA,0.129133,0.0
782,2036,49,298465.800306468,2713.48490199995,WI,WISCONSIN,0.129133,38541784.19097512
783,2036,50,311445.3373094087,11629.296695895478,WY,WYOMING,0.129133,40217870.74277588
784,2037,0,0.0,0.0,AL,ALABAMA,0.131925,0.0
785,2037,2,0.0,0.0,AZ,ARIZONA,0.131925,0.0
786,2037,3,41351.15266300233,987.7573167660008,AR,ARKANSAS,0.131925,5455250.815066582
787,2037,4,0.0,0.0,CA,CALIFORNIA,0.131925,0.0
788,2037,5,63010.89620982888,1495.5747950907785,CO,COLORADO,0.131925,8312712.482481674
789,2037,6,0.0,0.0,CT,CONNECTICUT,0.131925,0.0
790,2037,7,41610.63780561826,479.4425880505245,DE,DELAWARE,0.131925,5489483.392506188
791,2037,8,0.0,0.0,DC,DISTRICT OF COLUMBIA,0.131925,0.0
792,2037,9,0.0,0.0,FL,FLORIDA,0.131925,0.0
793,2037,10,0.0,0.0,GA,GEORGIA,0.131925,0.0
794,2037,12,727.2077608990343,50.55435911191201,ID,IDAHO,0.131925,95936.88385660508
795,2037,13,4718830.039486995,34312.28859100341,IL,ILLINOIS,0.131925,622531652.9593217
796,2037,14,1664173.1591312883,10248.999718480696,IN,INDIANA,0.131925,219546044.0183952
797,2037,15,3864187.3882110096,24935.56997967445,IA,IOWA,0.131925,509782921.1897374
798,2037,16,674756.1312311923,8870.967314815833,KS,KANSAS,0.131925,89017202.61267503
799,2037,17,0.0,0.0,KY,KENTUCKY,0.131925,0.0
800,2037,18,123438.8251609734,2046.065370215783,LA,LOUISIANA,0.131925,16284667.009361414
801,2037,19,0.0,0.0,ME,MAINE,0.131925,0.0
802,2037,20,129561.42608559984,981.1634180372744,MD,MARYLAND,0.131925,17092391.136342756
803,2037,21,0.0,0.0,MA,MASSACHUSETTS,0.131925,0.0
804,2037,22,365171.4007673599,2860.315712854689,MI,MICHIGAN,0.131925,48175237.046233945
805,2037,23,2385938.579170167,18029.13319744509,MN,MINNESOTA,0.131925,314764947.05702424
806,2037,24,15285.94346267926,214.10834950994948,MS,MISSISSIPPI,0.131925,2016598.0913139614
807,2037,25,1923577.0699186767,20558.60590843702,MO,MISSOURI,0.131925,253767904.94902143
808,2037,26,396509.1667376738,7959.516333191143,MT,MONTANA,0.131925,52309471.821867615
809,2037,27,1483109.2575594578,20874.49132205452,NE,NEBRASKA,0.131925,195659188.80353144
810,2037,28,0.0,0.0,NV,NEVADA,0.131925,0.0
811,2037,29,0.0,0.0,NH,NEW HAMPSHIRE,0.131925,0.0
812,2037,30,73363.27957615143,555.2679240977759,NJ,NEW JERSEY,0.131925,9678450.658083776
813,2037,31,0.0,0.0,NM,NEW MEXICO,0.131925,0.0
814,2037,32,29647.6973151271,172.2591534827898,NY,NEW YORK,0.131925,3911272.4682981423
815,2037,33,58258.94004721751,609.5428169513372,NC,NORTH CAROLINA,0.131925,7685810.66572917
816,2037,34,248806.21988201875,2703.172187464171,ND,NORTH DAKOTA,0.131925,32823760.55793532
817,2037,35,1033143.5157254708,5643.29197816042,OH,OHIO,0.131925,136297458.31208274
818,2037,36,13088.11557007671,432.0534269468348,OK,OKLAHOMA,0.131925,1726649.6465823697
819,2037,37,0.0,0.0,OR,OREGON,0.131925,0.0
820,2037,38,16140.366453916253,175.59196918774273,PA,PENNSYLVANIA,0.131925,2129317.8444329016
821,2037,39,0.0,0.0,RI,RHODE ISLAND,0.131925,0.0
822,2037,40,0.0,0.0,SC,SOUTH CAROLINA,0.131925,0.0
823,2037,41,868066.5964350079,7895.962304005615,SD,SOUTH DAKOTA,0.131925,114519685.73468842
824,2037,42,5730.713561041663,38.63454363738104,TN,TENNESSEE,0.131925,756024.3865404213
825,2037,43,4261.484756818228,137.2644488907622,TX,TEXAS,0.131925,562196.3765432446
826,2037,44,0.0,0.0,UT,UTAH,0.131925,0.0
827,2037,45,0.0,0.0,VT,VERMONT,0.131925,0.0
828,2037,46,7826.857202802704,84.0351048622586,VA,VIRGINIA,0.131925,1032558.1364797466
829,2037,47,0.0,0.0,WA,WASHINGTON,0.131925,0.0
830,2037,48,0.0,0.0,WV,WEST VIRGINIA,0.131925,0.0
831,2037,49,661118.9807345533,4047.130332473087,WI,WISCONSIN,0.131925,87218121.53340594
832,2037,50,174228.6151181016,7572.814179819547,WY,WYOMING,0.131925,22985110.04945555
833,2038,0,101883.20765782984,898.9758161733916,AL,ALABAMA,0.134717,13725400.086039864
834,2038,2,0.0,0.0,AZ,ARIZONA,0.134717,0.0
835,2038,3,239591.43907764013,5481.344372164685,AR,ARKANSAS,0.134717,32277039.898222443
836,2038,4,0.0,0.0,CA,CALIFORNIA,0.134717,0.0
837,2038,5,60791.94641449501,1547.4346761600334,CO,COLORADO,0.134717,8189708.645121525
838,2038,6,0.0,0.0,CT,CONNECTICUT,0.134717,0.0
839,2038,7,0.0,0.0,DE,DELAWARE,0.134717,0.0
840,2038,8,0.0,0.0,DC,DISTRICT OF COLUMBIA,0.134717,0.0
841,2038,9,5474.477375555142,62.3514738818062,FL,FLORIDA,0.134717,737505.1686026622
842,2038,10,11527.28490250416,148.1762573874773,GA,GEORGIA,0.134717,1552921.2402106528
843,2038,12,0.0,0.0,ID,IDAHO,0.134717,0.0
844,2038,13,7738260.629151555,44769.04305850608,IL,ILLINOIS,0.134717,1042475257.1774101
845,2038,14,4251889.056509883,19506.5243852049,IN,INDIANA,0.134717,572801738.025842
846,2038,15,951343.0834628644,8403.46111598849,IA,IOWA,0.134717,128162086.1748667
847,2038,16,989867.2024509638,9559.575563285332,KS,KANSAS,0.134717,133351939.91258648
848,2038,17,556874.3337684771,3018.885533944638,KY,KENTUCKY,0.134717,75020439.62228793
849,2038,18,108778.65091235618,2270.664990751754,LA,LOUISIANA,0.134717,14654333.514959889
850,2038,19,0.0,0.0,ME,MAINE,0.134717,0.0
851,2038,20,2662.161834567036,9.599348569159728,MD,MARYLAND,0.134717,358638.4558673674
852,2038,21,0.0,0.0,MA,MASSACHUSETTS,0.134717,0.0
853,2038,22,645343.9437967968,3685.719475588269,MI,MICHIGAN,0.134717,86938800.07647307
854,2038,23,1875461.1288187755,23209.75918590581,MN,MINNESOTA,0.134717,252656496.89107898
855,2038,24,465835.3586297928,7370.286763431698,MS,MISSISSIPPI,0.134717,62755942.0085298
856,2038,25,2163013.0769808013,16839.050996313756,MO,MISSOURI,0.134717,291394632.6916226
857,2038,26,396407.1624590008,8141.952852687576,MT,MONTANA,0.134717,53402783.70498922
858,2038,27,885203.174307274,12033.949682609427,NE,NEBRASKA,0.134717,119251916.03315304
859,2038,28,0.0,0.0,NV,NEVADA,0.134717,0.0
860,2038,29,0.0,0.0,NH,NEW HAMPSHIRE,0.134717,0.0
861,2038,30,1571.59120031116,9.558348987140178,NJ,NEW JERSEY,0.134717,211720.05173231853
862,2038,31,0.0,0.0,NM,NEW MEXICO,0.134717,0.0
863,2038,32,123564.17776018313,581.5482986145681,NY,NEW YORK,0.134717,16646195.335318591
864,2038,33,121075.52812900612,747.8176068473703,NC,NORTH CAROLINA,0.134717,16310931.922955317
865,2038,34,288036.14620376914,4210.7448282262585,ND,NORTH DAKOTA,0.134717,38803365.508133166
866,2038,35,1061015.1568155154,5270.871677172308,OH,OHIO,0.134717,142936778.8807158
867,2038,36,88128.26830723896,2111.181471541244,OK,OKLAHOMA,0.134717,11872375.921546312
868,2038,37,0.0,0.0,OR,OREGON,0.134717,0.0
869,2038,38,126953.43762469446,427.0889276541671,PA,PENNSYLVANIA,0.134717,17102786.256485965
870,2038,39,0.0,0.0,RI,RHODE ISLAND,0.134717,0.0
871,2038,40,1517.2767404944598,76.71161979544132,SC,SOUTH CAROLINA,0.134717,204402.97064919217
872,2038,41,774550.127114454,11253.96546876315,SD,SOUTH DAKOTA,0.134717,104345069.4744779
873,2038,42,210941.5741790525,2795.5550911014907,TN,TENNESSEE,0.134717,28417416.048679415
874,2038,43,48002.93776476824,1578.8078252888902,TX,TEXAS,0.134717,6466811.766856284
875,2038,44,0.0,0.0,UT,UTAH,0.134717,0.0
876,2038,45,0.0,0.0,VT,VERMONT,0.134717,0.0
877,2038,46,19817.37662851515,86.27555680129284,VA,VIRGINIA,0.134717,2669737.527263676
878,2038,47,0.0,0.0,WA,WASHINGTON,0.134717,0.0
879,2038,48,32349.63989265677,95.26939051294374,WV,WEST VIRGINIA,0.134717,4358046.437419042
880,2038,49,444376.0748760887,3561.113598801317,WI,WISCONSIN,0.134717,59865011.67908204
881,2038,50,121545.50141661434,5264.136854239308,WY,WYOMING,0.134717,16374245.314342035
882,2039,0,218691.28560753367,1653.0415086288333,AL,ALABAMA,0.137509,30072019.992606346
883,2039,2,0.0,0.0,AZ,ARIZONA,0.137509,0.0
884,2039,3,172229.7192787099,3262.205687310945,AR,ARKANSAS,0.137509,23683136.46829612
885,2039,4,0.0,0.0,CA,CALIFORNIA,0.137509,0.0
886,2039,5,55270.99910356001,1220.766826002225,CO,COLORADO,0.137509,7600259.815731432
887,2039,6,0.0,0.0,CT,CONNECTICUT,0.137509,0.0
888,2039,7,191646.5005173213,830.1463070623787,DE,DELAWARE,0.137509,26353118.639636334
889,2039,8,0.0,0.0,DC,DISTRICT OF COLUMBIA,0.137509,0.0
890,2039,9,29856.87801319305,247.1142396735139,FL,FLORIDA,0.137509,4105589.4387161634
891,2039,10,101822.86103236648,1194.0212494303555,GA,GEORGIA,0.137509,14001559.79769968
892,2039,12,1130.582106181865,82.4468651682241,ID,IDAHO,0.137509,155465.21483896204
893,2039,13,4422438.908912338,37199.56746319001,IL,ILLINOIS,0.137509,608125151.9256266
894,2039,14,4278016.022473453,25154.253719150274,IN,INDIANA,0.137509,588265705.2343019
895,2039,15,270317.7437776136,6438.42594092352,IA,IOWA,0.137509,37171122.62911587
896,2039,16,53085.022461418266,775.3173981752697,KS,KANSAS,0.137509,7299668.353647164
897,2039,17,1586536.2416699948,8373.773857429771,KY,KENTUCKY,0.137509,218163012.0557993
898,2039,18,219972.0911324988,3858.559017470815,LA,LOUISIANA,0.137509,30248142.279538777
899,2039,19,0.0,0.0,ME,MAINE,0.137509,0.0
900,2039,20,775743.6737578684,2623.8806009365026,MD,MARYLAND,0.137509,106671736.83477072
901,2039,21,0.0,0.0,MA,MASSACHUSETTS,0.137509,0.0
902,2039,22,1026764.5298280535,4185.07026185888,MI,MICHIGAN,0.137509,141189363.73212582
903,2039,23,1154921.4862716063,15335.446290655254,MN,MINNESOTA,0.137509,158812098.6557223
904,2039,24,476619.6783202733,6420.360454869714,MS,MISSISSIPPI,0.137509,65539495.346142456
905,2039,25,567919.8084822196,5163.451591955936,MO,MISSOURI,0.137509,78094084.94458152
906,2039,26,748633.6292128724,11710.270118288352,MT,MONTANA,0.137509,102943861.71943286
907,2039,27,57396.97229698536,1188.7316257125713,NE,NEBRASKA,0.137509,7892600.263586159
908,2039,28,0.0,0.0,NV,NEVADA,0.137509,0.0
909,2039,29,0.0,0.0,NH,NEW HAMPSHIRE,0.137509,0.0
910,2039,30,132091.29923066887,866.9669276293574,NJ,NEW JERSEY,0.137509,18163742.465910044
911,2039,31,0.0,0.0,NM,NEW MEXICO,0.137509,0.0
912,2039,32,182418.74881984387,1007.429530416618,NY,NEW YORK,0.137509,25084219.731467906
913,2039,33,430270.1760085682,2056.7484159622686,NC,NORTH CAROLINA,0.137509,59166021.63276221
914,2039,34,297017.0420449572,4804.733995796769,ND,NORTH DAKOTA,0.137509,40842516.43456002
915,2039,35,7088981.372144313,28345.05114301002,OH,OHIO,0.137509,974798739.5021923
916,2039,36,12131.72759075492,288.2368965856669,OK,OKLAHOMA,0.137509,1668221.729277118
917,2039,37,0.0,0.0,OR,OREGON,0.137509,0.0
918,2039,38,1452492.459634027,5951.638380629935,PA,PENNSYLVANIA,0.137509,199730785.6318154
919,2039,39,0.0,0.0,RI,RHODE ISLAND,0.137509,0.0
920,2039,40,6403.8257503754585,107.18223736036644,SC,SOUTH CAROLINA,0.137509,880583.6751083788
921,2039,41,1168882.2629728103,11926.520476496267,SD,SOUTH DAKOTA,0.137509,160731831.09912816
922,2039,42,330013.51956293086,2197.0061743418028,TN,TENNESSEE,0.137509,45379829.06157906
923,2039,43,9382.746298676537,353.52892956584486,TX,TEXAS,0.137509,1290212.060784712
924,2039,44,0.0,0.0,UT,UTAH,0.137509,0.0
925,2039,45,0.0,0.0,VT,VERMONT,0.137509,0.0
926,2039,46,318918.3238225448,1118.311866723481,VA,VIRGINIA,0.137509,43854139.790514305
927,2039,47,0.0,0.0,WA,WASHINGTON,0.137509,0.0
928,2039,48,206043.40758998203,589.9022520257369,WV,WEST VIRGINIA,0.137509,28332822.934290837
929,2039,49,83049.61797451107,712.281677088656,WI,WISCONSIN,0.137509,11420069.918057043
930,2039,50,205438.866884423,6938.629640845459,WY,WYOMING,0.137509,28249693.146410123
931,2040,0,485770.8561635332,2944.222055725942,AL,ALABAMA,0.140301,68154136.89059986
932,2040,2,0.0,0.0,AZ,ARIZONA,0.140301,0.0
933,2040,3,475287.8857566947,8260.587493468725,AR,ARKANSAS,0.140301,66683365.65955003
934,2040,4,0.0,0.0,CA,CALIFORNIA,0.140301,0.0
935,2040,5,52793.73692690683,1344.777242121265,CO,COLORADO,0.140301,7407014.084581956
936,2040,6,0.0,0.0,CT,CONNECTICUT,0.140301,0.0
937,2040,7,0.0,0.0,DE,DELAWARE,0.140301,0.0
938,2040,8,0.0,0.0,DC,DISTRICT OF COLUMBIA,0.140301,0.0
939,2040,9,26631.671655305297,234.56291251454635,FL,FLORIDA,0.140301,3736450.1649109884
940,2040,10,160946.27115727423,1943.461495572332,GA,GEORGIA,0.140301,22580922.78963673
941,2040,12,705.3854654627421,66.46057663717633,ID,IDAHO,0.140301,98966.2861898882
942,2040,13,8813126.144987632,50447.53988926563,IL,ILLINOIS,0.140301,1236490411.2679098
943,2040,14,5714351.54301198,30372.05393904112,IN,INDIANA,0.140301,801729235.8361238
944,2040,15,8558425.654377371,49811.03076529795,IA,IOWA,0.140301,1200755677.7347996
945,2040,16,1014064.2470142988,8989.319254410297,KS,KANSAS,0.140301,142274227.92035314
946,2040,17,2810485.442690217,12149.091703188033,KY,KENTUCKY,0.140301,394313918.09488016
947,2040,18,381438.3449034841,5308.425724722127,LA,LOUISIANA,0.140301,53516181.22830373
948,2040,19,0.0,0.0,ME,MAINE,0.140301,0.0
949,2040,20,0.0,0.0,MD,MARYLAND,0.140301,0.0
950,2040,21,0.0,0.0,MA,MASSACHUSETTS,0.140301,0.0
951,2040,22,430365.38950711535,4333.987123194366,MI,MICHIGAN,0.140301,60380694.5132378
952,2040,23,4125640.566375799,33765.10272115837,MN,MINNESOTA,0.140301,578831497.103091
953,2040,24,882017.2613973005,10553.49727606012,MS,MISSISSIPPI,0.140301,123747903.79130267
954,2040,25,3605464.178795917,24243.565633231505,MO,MISSOURI,0.140301,505850229.749246
955,2040,26,550042.7284382123,10838.813298746254,MT,MONTANA,0.140301,77171544.84260963
956,2040,27,1801366.1999032968,19013.68050405604,NE,NEBRASKA,0.140301,252733479.21263245
957,2040,28,0.0,0.0,NV,NEVADA,0.140301,0.0
958,2040,29,0.0,0.0,NH,NEW HAMPSHIRE,0.140301,0.0
959,2040,30,217.2339755979305,18.631934447906808,NJ,NEW JERSEY,0.140301,30478.144010365253
960,2040,31,0.0,0.0,NM,NEW MEXICO,0.140301,0.0
961,2040,32,3739.4230833869815,95.54687502133628,NY,NEW YORK,0.140301,524644.798022277
962,2040,33,204679.89871924304,1413.6769318619115,NC,NORTH CAROLINA,0.140301,28716794.470208522
963,2040,34,673520.0393168081,7899.790225896773,ND,NORTH DAKOTA,0.140301,94495535.0361875
964,2040,35,3393372.3491720213,24738.02438381744,OH,OHIO,0.140301,476093533.9611838
965,2040,36,32392.432878333297,921.1624803057748,OK,OKLAHOMA,0.140301,4544690.7252630405
966,2040,37,0.0,0.0,OR,OREGON,0.140301,0.0
967,2040,38,72906.99162959194,1313.3711777975343,PA,PENNSYLVANIA,0.140301,10228923.83262338
968,2040,39,0.0,0.0,RI,RHODE ISLAND,0.140301,0.0
969,2040,40,187598.41289479763,3104.441461623417,SC,SOUTH CAROLINA,0.140301,26320244.927553
970,2040,41,1992887.172553653,16789.774856815653,SD,SOUTH DAKOTA,0.140301,279604063.1964501
971,2040,42,1094624.523038569,6324.55115250071,TN,TENNESSEE,0.140301,153576915.2068343
972,2040,43,35727.635404448454,943.0048486704532,TX,TEXAS,0.140301,5012622.974879524
973,2040,44,0.0,0.0,UT,UTAH,0.140301,0.0
974,2040,45,0.0,0.0,VT,VERMONT,0.140301,0.0
975,2040,46,837.2066234211239,5.345181147280547,VA,VIRGINIA,0.140301,117460.92647260711
976,2040,47,0.0,0.0,WA,WASHINGTON,0.140301,0.0
977,2040,48,132808.97959896305,525.4991611075031,WV,WEST VIRGINIA,0.140301,18633232.646714117
978,2040,49,156919.03671945847,1945.6184941724464,WI,WISCONSIN,0.140301,22015897.77077674
979,2040,50,119294.5129243062,4650.0112175756885,WY,WYOMING,0.140301,16737139.457793085
980,2041,0,17896.043996045886,493.1181832670465,AL,ALABAMA,0.1398216,2502253.5051975297
981,2041,2,0.0,0.0,AZ,ARIZONA,0.1398216,0.0
982,2041,3,452956.851499329,9376.420717306828,AR,ARKANSAS,0.1398216,63333151.707598574
983,2041,4,0.0,0.0,CA,CALIFORNIA,0.1398216,0.0
984,2041,5,68170.24194465054,1539.4787519269871,CO,COLORADO,0.1398216,9531672.301088149
985,2041,6,0.0,0.0,CT,CONNECTICUT,0.1398216,0.0
986,2041,7,57808.53888619674,777.6375040654647,DE,DELAWARE,0.1398216,8082882.400730246
987,2041,8,0.0,0.0,DC,DISTRICT OF COLUMBIA,0.1398216,0.0
988,2041,9,1409.1593496607438,29.92028919864626,FL,FLORIDA,0.1398216,197030.91492452464
989,2041,10,19621.40483752853,200.31192697995817,GA,GEORGIA,0.1398216,2743496.218630979
990,2041,12,1245.9438457367778,86.61608964786478,ID,IDAHO,0.1398216,174209.86202106945
991,2041,13,8342736.085013777,49875.20502276532,IL,ILLINOIS,0.1398216,1166494707.7843623
992,2041,14,5938243.463653533,30654.445489619604,IN,INDIANA,0.1398216,830294702.2775787
993,2041,15,4912451.734854198,40847.95343952386,IA,IOWA,0.1398216,686866861.4900898
994,2041,16,534853.4233552193,5549.319960022061,KS,KANSAS,0.1398216,74784061.41900413
995,2041,17,2144438.012610072,12123.93400353333,KY,KENTUCKY,0.1398216,299838754.0239604
996,2041,18,97411.88281687004,2508.1012477560416,LA,LOUISIANA,0.1398216,13620285.314467276
997,2041,19,0.0,0.0,ME,MAINE,0.1398216,0.0
998,2041,20,65921.69609463557,1047.5916743725193,MD,MARYLAND,0.1398216,9217277.022665696
999,2041,21,0.0,0.0,MA,MASSACHUSETTS,0.1398216,0.0
1000,2041,22,526545.6515561556,3947.326426310327,MI,MICHIGAN,0.1398216,73622455.47362417
1001,2041,23,2734986.1076751645,27991.18954688545,MN,MINNESOTA,0.1398216,382410133.5529138
1002,2041,24,392379.6709409766,5939.960129444037,MS,MISSISSIPPI,0.1398216,54863153.39844085
1003,2041,25,1278260.296137478,15344.379556455817,MO,MISSOURI,0.1398216,178728399.82241598
1004,2041,26,668176.2663489871,10982.13410756852,MT,MONTANA,0.1398216,93425474.64294153
1005,2041,27,817985.0533048598,9799.225207475274,NE,NEBRASKA,0.1398216,114371978.92917077
1006,2041,28,0.0,0.0,NV,NEVADA,0.1398216,0.0
1007,2041,29,0.0,0.0,NH,NEW HAMPSHIRE,0.1398216,0.0
1008,2041,30,40284.15588563448,460.402683865902,NJ,NEW JERSEY,0.1398216,5632595.13057883
1009,2041,31,0.0,0.0,NM,NEW MEXICO,0.1398216,0.0
1010,2041,32,163339.59859009754,1385.2145313838218,NY,NEW YORK,0.1398216,22838404.01822518
1011,2041,33,355590.63909879304,2339.3248530026017,NC,NORTH CAROLINA,0.1398216,49719252.103815794
1012,2041,34,281806.69649945607,4699.279615380995,ND,NORTH DAKOTA,0.1398216,39402663.19526834
1013,2041,35,6245274.506502865,29546.71215531405,OH,OHIO,0.1398216,873224273.9384409
1014,2041,36,39182.445829998345,931.78357115479,OK,OKLAHOMA,0.1398216,5478552.267863696
1015,2041,37,0.0,0.0,OR,OREGON,0.1398216,0.0
1016,2041,38,694077.9238821049,4749.7814259857005,PA,PENNSYLVANIA,0.1398216,97047085.84187411
1017,2041,39,0.0,0.0,RI,RHODE ISLAND,0.1398216,0.0
1018,2041,40,409835.3792964914,3224.2760476705416,SC,SOUTH CAROLINA,0.1398216,57303838.46984229
1019,2041,41,1567474.080185671,15288.875185543246,SD,SOUTH DAKOTA,0.1398216,219166733.8500888
1020,2041,42,999375.020625936,6660.005938999245,TN,TENNESSEE,0.1398216,139734214.38395137
1021,2041,43,12270.489377831216,379.2608105225779,TX,TEXAS,0.1398216,1715679.457591365
1022,2041,44,0.0,0.0,UT,UTAH,0.1398216,0.0
1023,2041,45,0.0,0.0,VT,VERMONT,0.1398216,0.0
1024,2041,46,52096.27753929695,586.1825477441412,VA,VIRGINIA,0.1398216,7284184.879588561
1025,2041,47,0.0,0.0,WA,WASHINGTON,0.1398216,0.0
1026,2041,48,130633.39371253116,592.443423483313,WV,WEST VIRGINIA,0.1398216,18265370.122316048
1027,2041,49,199708.7880474041,2245.388127308971,WI,WISCONSIN,0.1398216,27923602.278848913
1028,2041,50,163413.7519663312,5744.537450605773,WY,WYOMING,0.1398216,22848772.261935573
1029,2042,0,361829.9953651262,2660.2209410549167,AL,ALABAMA,0.1393422,50418187.58016649
1030,2042,2,0.0,0.0,AZ,ARIZONA,0.1393422,0.0
1031,2042,3,128915.87212594088,4135.648698926583,AR,ARKANSAS,0.1393422,17963421.23694728
1032,2042,4,0.0,0.0,CA,CALIFORNIA,0.1393422,0.0
1033,2042,5,49616.91144136749,1369.0734701507222,CO,COLORADO,0.1393422,6913729.597445318
1034,2042,6,0.0,0.0,CT,CONNECTICUT,0.1393422,0.0
1035,2042,7,129382.33237574097,937.2331564460972,DE,DELAWARE,0.1393422,18028418.834366973
1036,2042,8,0.0,0.0,DC,DISTRICT OF COLUMBIA,0.1393422,0.0
1037,2042,9,16659.09185392592,151.48135780755223,FL,FLORIDA,0.1393422,2321314.5089281164
1038,2042,10,83415.8956322247,903.8115633129688,GA,GEORGIA,0.1393422,11623354.41236458
1039,2042,12,402.8576373992084,34.30315595757542,ID,IDAHO,0.1393422,56135.06948200797
1040,2042,13,4540358.841603154,43248.01028413804,IL,ILLINOIS,0.1393422,632663589.778435
1041,2042,14,3366790.3838877687,27512.05979129072,IN,INDIANA,0.1393422,469135979.02976626
1042,2042,15,7465827.866359718,47079.70990089349,IA,IOWA,0.1393422,1040304879.7198691
1043,2042,16,719805.9119675108,7826.867881801272,KS,KANSAS,0.1393422,100299339.34655929
1044,2042,17,1483436.0692699878,8501.505015718565,KY,KENTUCKY,0.1393422,206705245.4514325
1045,2042,18,157094.94427469713,3583.7933483786587,LA,LOUISIANA,0.1393422,21889955.1441137
1046,2042,19,0.0,0.0,ME,MAINE,0.1393422,0.0
1047,2042,20,508804.5927495637,2799.690982435289,MD,MARYLAND,0.1393422,70897951.32382825
1048,2042,21,0.0,0.0,MA,MASSACHUSETTS,0.1393422,0.0
1049,2042,22,823082.0871547674,4460.109899571422,MI,MICHIGAN,0.1393422,114690068.80473703
1050,2042,23,4156139.3911506617,30029.88297389139,MN,MINNESOTA,0.1393422,579125606.2695937
1051,2042,24,503711.27021387656,8157.231899152952,MS,MISSISSIPPI,0.1393422,70188236.55639602
1052,2042,25,2310964.9617095143,21107.72330059184,MO,MISSOURI,0.1393422,322014941.8875195
1053,2042,26,593111.3996975317,10170.636409611683,MT,MONTANA,0.1393422,82645447.2789334
1054,2042,27,1663302.7230826418,17573.1578074523,NE,NEBRASKA,0.1393422,231768260.70032609
1055,2042,28,0.0,0.0,NV,NEVADA,0.1393422,0.0
1056,2042,29,0.0,0.0,NH,NEW HAMPSHIRE,0.1393422,0.0
1057,2042,30,119368.3665685373,811.1059678946447,NJ,NEW JERSEY,0.1393422,16633050.808066437
1058,2042,31,0.0,0.0,NM,NEW MEXICO,0.1393422,0.0
1059,2042,32,215758.20254404383,957.2488936534317,NY,NEW YORK,0.1393422,30064222.610532664
1060,2042,33,584740.0624849544,5674.306408552627,NC,NORTH CAROLINA,0.1393422,81478966.73479101
1061,2042,34,704130.0792529541,7664.686935979668,ND,NORTH DAKOTA,0.1393422,98115034.32928099
1062,2042,35,3573326.241512708,21429.49046500592,OH,OHIO,0.1393422,497915139.810112
1063,2042,36,53714.80525774606,1397.007483559145,OK,OKLAHOMA,0.1393422,7484739.137185903
1064,2042,37,0.0,0.0,OR,OREGON,0.1393422,0.0
1065,2042,38,276132.3745291772,2594.092582829484,PA,PENNSYLVANIA,0.1393422,38476892.55811951
1066,2042,39,0.0,0.0,RI,RHODE ISLAND,0.1393422,0.0
1067,2042,40,121081.22529853134,2050.303611977846,SC,SOUTH CAROLINA,0.1393422,16871724.311793014
1068,2042,41,1946820.486853493,16319.115718079587,SD,SOUTH DAKOTA,0.1393422,271274249.6432368
1069,2042,42,951057.7270000214,8078.044921034219,TN,TENNESSEE,0.1393422,132522476.00718237
1070,2042,43,18291.84929387224,726.6929482275599,TX,TEXAS,0.1393422,2548826.5226766043
1071,2042,44,0.0,0.0,UT,UTAH,0.1393422,0.0
1072,2042,45,0.0,0.0,VT,VERMONT,0.1393422,0.0
1073,2042,46,291615.99369803944,1344.0517936957265,VA,VIRGINIA,0.1393422,40634414.11707095
1074,2042,47,0.0,0.0,WA,WASHINGTON,0.1393422,0.0
1075,2042,48,22130.854682887937,151.8487879218699,WV,WEST VIRGINIA,0.1393422,3083761.979393908
1076,2042,49,256012.7244883534,1653.6966922171898,WI,WISCONSIN,0.1393422,35673376.25820103
1077,2042,50,134148.90726685873,4794.420895216947,WY,WYOMING,0.1393422,18692603.866160084
1078,2043,0,0.0,0.0,AL,ALABAMA,0.1388628,0.0
1079,2043,2,0.0,0.0,AZ,ARIZONA,0.1388628,0.0
1080,2043,3,285359.6183963423,5357.6625460952655,AR,ARKANSAS,0.1388628,39625835.61744761
1081,2043,4,0.0,0.0,CA,CALIFORNIA,0.1388628,0.0
1082,2043,5,65986.1507655477,1459.7592735848548,CO,COLORADO,0.1388628,9163021.656526098
1083,2043,6,0.0,0.0,CT,CONNECTICUT,0.1388628,0.0
1084,2043,7,0.0,0.0,DE,DELAWARE,0.1388628,0.0
1085,2043,8,0.0,0.0,DC,DISTRICT OF COLUMBIA,0.1388628,0.0
1086,2043,9,0.0,0.0,FL,FLORIDA,0.1388628,0.0
1087,2043,10,0.0,0.0,GA,GEORGIA,0.1388628,0.0
1088,2043,12,1244.1250118727014,86.489647129958,ID,IDAHO,0.1388628,172762.68269867657
1089,2043,13,6020730.307841588,45751.98633318608,IL,ILLINOIS,0.1388628,836055468.5917449
1090,2043,14,2469291.4031828204,19618.527823832374,IN,INDIANA,0.1388628,342892718.26189536
1091,2043,15,5654631.985572088,44649.42651269757,IA,IOWA,0.1388628,785218030.4860997
1092,2043,16,619943.7835412185,8019.9561379913075,KS,KANSAS,0.1388628,86087129.62512752
1093,2043,17,279572.0425111592,2827.945329773079,KY,KENTUCKY,0.1388628,38822156.6248186
1094,2043,18,127292.4248197946,2412.1889759817086,LA,LOUISIANA,0.1388628,17676182.529266175
1095,2043,19,0.0,0.0,ME,MAINE,0.1388628,0.0
1096,2043,20,0.0,0.0,MD,MARYLAND,0.1388628,0.0
1097,2043,21,0.0,0.0,MA,MASSACHUSETTS,0.1388628,0.0
1098,2043,22,294919.82133458555,2327.892712502816,MI,MICHIGAN,0.1388628,40953392.16602029
1099,2043,23,2654599.683941517,28333.61994960656,MN,MINNESOTA,0.1388628,368625144.99123406
1100,2043,24,235903.40445967065,3211.875689712098,MS,MISSISSIPPI,0.1388628,32758207.272802357
1101,2043,25,1653740.003572349,19610.28546956635,MO,MISSOURI,0.1388628,229642967.3680664
1102,2043,26,696311.7580157376,10932.835245483564,MT,MONTANA,0.1388628,96691800.39098778
1103,2043,27,1308020.2225380463,16341.489546807044,NE,NEBRASKA,0.1388628,181635350.55825624
1104,2043,28,0.0,0.0,NV,NEVADA,0.1388628,0.0
1105,2043,29,0.0,0.0,NH,NEW HAMPSHIRE,0.1388628,0.0
1106,2043,30,0.0,0.0,NJ,NEW JERSEY,0.1388628,0.0
1107,2043,31,0.0,0.0,NM,NEW MEXICO,0.1388628,0.0
1108,2043,32,17251.51997086682,225.47806860298752,NY,NEW YORK,0.1388628,2395594.3674104847
1109,2043,33,0.0,0.0,NC,NORTH CAROLINA,0.1388628,0.0
1110,2043,34,550255.0404554012,7005.913057995792,ND,NORTH DAKOTA,0.1388628,76409955.63175029
1111,2043,35,444655.00621346856,6045.058392905055,OH,OHIO,0.1388628,61746039.19681965
1112,2043,36,108502.28326276224,2553.995935157265,OK,OKLAHOMA,0.1388628,15066930.860260302
1113,2043,37,0.0,0.0,OR,OREGON,0.1388628,0.0
1114,2043,38,0.0,0.0,PA,PENNSYLVANIA,0.1388628,0.0
1115,2043,39,0.0,0.0,RI,RHODE ISLAND,0.1388628,0.0
1116,2043,40,0.0,0.0,SC,SOUTH CAROLINA,0.1388628,0.0
1117,2043,41,1626714.9122869277,15872.825190288308,SD,SOUTH DAKOTA,0.1388628,225890187.5219172
1118,2043,42,331963.420921739,2376.089577009653,TN,TENNESSEE,0.1388628,46097370.126771264
1119,2043,43,28029.95742946497,1062.0448753068447,TX,TEXAS,0.1388628,3892318.3725363086
1120,2043,44,0.0,0.0,UT,UTAH,0.1388628,0.0
1121,2043,45,0.0,0.0,VT,VERMONT,0.1388628,0.0
1122,2043,46,0.0,0.0,VA,VIRGINIA,0.1388628,0.0
1123,2043,47,0.0,0.0,WA,WASHINGTON,0.1388628,0.0
1124,2043,48,0.0,0.0,WV,WEST VIRGINIA,0.1388628,0.0
1125,2043,49,188895.39560559893,1494.5214090703707,WI,WISCONSIN,0.1388628,26230543.540901165
1126,2043,50,144733.85598333887,5307.008463643722,WY,WYOMING,0.1388628,20098148.49664319
1127,2044,0,35072.403205091505,544.5000374342001,AL,ALABAMA,0.1383834,4853438.40169146
1128,2044,2,0.0,0.0,AZ,ARIZONA,0.1383834,0.0
1129,2044,3,295849.0849093647,7561.974513641835,AR,ARKANSAS,0.1383834,40940602.25664657
1130,2044,4,0.0,0.0,CA,CALIFORNIA,0.1383834,0.0
1131,2044,5,49369.87992791514,1227.4776631601735,CO,COLORADO,0.1383834,6831971.842016651
1132,2044,6,0.0,0.0,CT,CONNECTICUT,0.1383834,0.0
1133,2044,7,31265.11700107609,566.8995549062791,DE,DELAWARE,0.1383834,4326573.192006713
1134,2044,8,0.0,0.0,DC,DISTRICT OF COLUMBIA,0.1383834,0.0
1135,2044,9,2737.031801969913,93.26165451788351,FL,FLORIDA,0.1383834,378759.7666647232
1136,2044,10,17734.60208918178,314.8058812961799,GA,GEORGIA,0.1383834,2454174.5347480774
1137,2044,12,684.5860229366504,55.1536004922019,ID,IDAHO,0.1383834,94735.34144645165
1138,2044,13,6024440.659008943,44687.417086305206,IL,ILLINOIS,0.1383834,833682581.4918981
1139,2044,14,2517478.488298713,20714.79123029144,IN,INDIANA,0.1383834,348377232.6376361
1140,2044,15,6112140.412371116,41861.52608551945,IA,IOWA,0.1383834,845818771.541317
1141,2044,16,793434.6877090589,9729.435668387068,KS,KANSAS,0.1383834,109798189.76311778
1142,2044,17,1600929.1662980074,8262.749898562177,KY,KENTUCKY,0.1383834,221542021.19148365
1143,2044,18,49084.7235148016,775.3380347312602,LA,LOUISIANA,0.1383834,6792510.928038195
1144,2044,19,0.0,0.0,ME,MAINE,0.1383834,0.0
1145,2044,20,21276.240093435936,388.2261552033316,MD,MARYLAND,0.1383834,2944278.443345982
1146,2044,21,0.0,0.0,MA,MASSACHUSETTS,0.1383834,0.0
1147,2044,22,71511.35958390022,1844.1346301164103,MI,MICHIGAN,0.1383834,9895985.077842698
1148,2044,23,2820992.7474630605,26729.60989035786,MN,MINNESOTA,0.1383834,390378567.76927966
1149,2044,24,383125.1424680445,5201.438242255441,MS,MISSISSIPPI,0.1383834,53018159.84021238
1150,2044,25,2575672.6315788766,21009.60057213488,MO,MISSOURI,0.1383834,356430336.0448323
1151,2044,26,450261.1735333753,8614.573634108263,MT,MONTANA,0.1383834,62308672.08153848
1152,2044,27,1521381.0473483386,16216.422543326,NE,NEBRASKA,0.1383834,210533882.02762407
1153,2044,28,0.0,0.0,NV,NEVADA,0.1383834,0.0
1154,2044,29,0.0,0.0,NH,NEW HAMPSHIRE,0.1383834,0.0
1155,2044,30,6215.012447959727,146.5080750262193,NJ,NEW JERSEY,0.1383834,860054.55359099
1156,2044,31,0.0,0.0,NM,NEW MEXICO,0.1383834,0.0
1157,2044,32,0.0,0.0,NY,NEW YORK,0.1383834,0.0
1158,2044,33,37011.67406987777,941.6400737873872,NC,NORTH CAROLINA,0.1383834,5121801.297481524
1159,2044,34,515114.1923774329,6276.672171851981,ND,NORTH DAKOTA,0.1383834,71283253.32944325
1160,2044,35,972868.7224209724,9135.421804652033,OH,OHIO,0.1383834,134628881.5622704
1161,2044,36,76535.46385198213,2199.234434333296,OK,OKLAHOMA,0.1383834,10591237.708414383
1162,2044,37,0.0,0.0,OR,OREGON,0.1383834,0.0
1163,2044,38,792.9073227541104,20.80385290700544,PA,PENNSYLVANIA,0.1383834,109725.21120761115
1164,2044,39,0.0,0.0,RI,RHODE ISLAND,0.1383834,0.0
1165,2044,40,10726.732431668315,471.9096777701686,SC,SOUTH CAROLINA,0.1383834,1484401.704784529
1166,2044,41,1704141.0023224803,15658.498020084367,SD,SOUTH DAKOTA,0.1383834,235824825.9807927
1167,2044,42,1183143.3502540686,7605.897319292645,TN,TENNESSEE,0.1383834,163727399.49554887
1168,2044,43,2213.53023919185,115.79471971324496,TX,TEXAS,0.1383834,306315.8405021814
1169,2044,44,0.0,0.0,UT,UTAH,0.1383834,0.0
1170,2044,45,0.0,0.0,VT,VERMONT,0.1383834,0.0
1171,2044,46,0.0,0.0,VA,VIRGINIA,0.1383834,0.0
1172,2044,47,0.0,0.0,WA,WASHINGTON,0.1383834,0.0
1173,2044,48,0.0,0.0,WV,WEST VIRGINIA,0.1383834,0.0
1174,2044,49,4028.8870325331945,61.04287904467284,WI,WISCONSIN,0.1383834,557531.085777854
1175,2044,50,135079.70341275522,4637.628128431616,WY,WYOMING,0.1383834,18692788.62924867
1176,2045,0,0.0,0.0,AL,ALABAMA,0.137904,0.0
1177,2045,2,0.0,0.0,AZ,ARIZONA,0.137904,0.0
1178,2045,3,200984.1083767192,6752.406070405886,AR,ARKANSAS,0.137904,27716512.481583085
1179,2045,4,0.0,0.0,CA,CALIFORNIA,0.137904,0.0
1180,2045,5,34436.52839237312,1093.3536505982856,CO,COLORADO,0.137904,4748935.011421822
1181,2045,6,0.0,0.0,CT,CONNECTICUT,0.137904,0.0
1182,2045,7,0.0,0.0,DE,DELAWARE,0.137904,0.0
1183,2045,8,0.0,0.0,DC,DISTRICT OF COLUMBIA,0.137904,0.0
1184,2045,9,0.0,0.0,FL,FLORIDA,0.137904,0.0
1185,2045,10,0.0,0.0,GA,GEORGIA,0.137904,0.0
1186,2045,12,452.9943565770026,55.08492245324294,ID,IDAHO,0.137904,62469.73374939496
1187,2045,13,6867110.987676492,42625.32362996018,IL,ILLINOIS,0.137904,947002073.6445389
1188,2045,14,5593601.057776236,31548.676295679525,IN,INDIANA,0.137904,771379960.271574
1189,2045,15,7534945.941448858,43126.25202202211,IA,IOWA,0.137904,1039099185.1095634
1190,2045,16,1318723.1045841083,12921.23287607672,KS,KANSAS,0.137904,181857191.01456687
1191,2045,17,576345.7396548205,5502.662093903855,KY,KENTUCKY,0.137904,79480382.88135837
1192,2045,18,199390.17110450967,5498.02070112495,LA,LOUISIANA,0.137904,27496702.155996304
1193,2045,19,0.0,0.0,ME,MAINE,0.137904,0.0
1194,2045,20,0.0,0.0,MD,MARYLAND,0.137904,0.0
1195,2045,21,0.0,0.0,MA,MASSACHUSETTS,0.137904,0.0
1196,2045,22,1035445.4081025464,4429.171547185832,MI,MICHIGAN,0.137904,142792063.55897355
1197,2045,23,3446937.681667244,28503.44246647987,MN,MINNESOTA,0.137904,475346494.0526396
1198,2045,24,211808.15914011875,5808.829721884159,MS,MISSISSIPPI,0.137904,29209192.378058936
1199,2045,25,2690860.6082545603,22424.50492954631,MO,MISSOURI,0.137904,371080441.3207369
1200,2045,26,377666.9843395524,8441.272733369758,MT,MONTANA,0.137904,52081787.808361635
1201,2045,27,1258463.7691541077,14811.976876890618,NE,NEBRASKA,0.137904,173547187.62142804
1202,2045,28,0.0,0.0,NV,NEVADA,0.137904,0.0
1203,2045,29,0.0,0.0,NH,NEW HAMPSHIRE,0.137904,0.0
1204,2045,30,16975.391378721764,254.91026232392247,NJ,NEW JERSEY,0.137904,2340974.372691246
1205,2045,31,0.0,0.0,NM,NEW MEXICO,0.137904,0.0
1206,2045,32,24862.555306476,258.74042921666705,NY,NEW YORK,0.137904,3428645.826984266
1207,2045,33,25558.059504638662,233.7149872181465,NC,NORTH CAROLINA,0.137904,3524558.63792769
1208,2045,34,538514.603755899,7348.2207097852515,ND,NORTH DAKOTA,0.137904,74263317.9163535
1209,2045,35,4832776.199873058,22993.84063501803,OH,OHIO,0.137904,666459169.0672942
1210,2045,36,145951.33269694334,3863.416871383457,OK,OKLAHOMA,0.137904,20127272.584239274
1211,2045,37,0.0,0.0,OR,OREGON,0.137904,0.0
1212,2045,38,88468.9125460377,1050.6470690809576,PA,PENNSYLVANIA,0.137904,12200216.915748784
1213,2045,39,0.0,0.0,RI,RHODE ISLAND,0.137904,0.0
1214,2045,40,0.0,0.0,SC,SOUTH CAROLINA,0.137904,0.0
1215,2045,41,1705441.302342577,15431.962471618526,SD,SOUTH DAKOTA,0.137904,235187177.35825074
1216,2045,42,348216.70801501337,4568.841071013053,TN,TENNESSEE,0.137904,48020476.9021024
1217,2045,43,38200.111478100254,1704.1452346274914,TX,TEXAS,0.137904,5267948.173275937
1218,2045,44,0.0,0.0,UT,UTAH,0.137904,0.0
1219,2045,45,0.0,0.0,VT,VERMONT,0.137904,0.0
1220,2045,46,0.0,0.0,VA,VIRGINIA,0.137904,0.0
1221,2045,47,0.0,0.0,WA,WASHINGTON,0.137904,0.0
1222,2045,48,25156.82471246133,106.91540069306802,WV,WEST VIRGINIA,0.137904,3469226.755147267
1223,2045,49,229660.0874711017,1366.7893513748563,WI,WISCONSIN,0.137904,31671044.70261481
1224,2045,50,86518.85429416844,4311.382591225784,WY,WYOMING,0.137904,11931296.082583005
1225,2046,0,501196.3546323539,3605.3901194526425,AL,ALABAMA,0.1348728,67597755.69905853
1226,2046,2,0.0,0.0,AZ,ARIZONA,0.1348728,0.0
1227,2046,3,810026.9237633885,13825.161334327067,AR,ARKANSAS,0.1348728,109250599.28335473
1228,2046,4,0.0,0.0,CA,CALIFORNIA,0.1348728,0.0
1229,2046,5,46987.99902002841,1355.0908966282875,CO,COLORADO,0.1348728,6337402.994228487
1230,2046,6,0.0,0.0,CT,CONNECTICUT,0.1348728,0.0
1231,2046,7,0.0,0.0,DE,DELAWARE,0.1348728,0.0
1232,2046,8,0.0,0.0,DC,DISTRICT OF COLUMBIA,0.1348728,0.0
1233,2046,9,20205.17595412684,209.8567391102972,FL,FLORIDA,0.1348728,2725128.655425758
1234,2046,10,99071.34326222911,1060.44903468976,GA,GEORGIA,0.1348728,13362029.465537973
1235,2046,12,6.927532987380089,30.608405809313577,ID,IDAHO,0.1348728,934.3357711003172
1236,2046,13,6584231.892929113,46015.72871455756,IL,ILLINOIS,0.1348728,888033791.2486495
1237,2046,14,1201564.5770009288,10928.810989740425,IN,INDIANA,0.1348728,162058378.88093087
1238,2046,15,7778801.536382469,45087.57194140303,IA,IOWA,0.1348728,1049148743.8562053
1239,2046,16,1496579.5712189237,13489.794531826565,KS,KANSAS,0.1348728,201847877.19309562
1240,2046,17,1962160.692079638,12876.54212499667,KY,KENTUCKY,0.1348728,264642106.59071857
1241,2046,18,307568.5482199462,6135.700511453573,LA,LOUISIANA,0.1348728,41482631.290359154
1242,2046,19,0.0,0.0,ME,MAINE,0.1348728,0.0
1243,2046,20,1697.3424870803728,67.83119090374753,MD,MARYLAND,0.1348728,228925.3337914937
1244,2046,21,0.0,0.0,MA,MASSACHUSETTS,0.1348728,0.0
1245,2046,22,27836.84680968744,602.965709933499,MI,MICHIGAN,0.1348728,3754433.472393612
1246,2046,23,4038757.642969485,30483.6582960829,MN,MINNESOTA,0.1348728,544718551.8286947
1247,2046,24,1062989.301794598,13824.18496306637,MS,MISSISSIPPI,0.1348728,143368343.50308245
1248,2046,25,3507080.2524881,23536.858391379727,MO,MISSOURI,0.1348728,473009733.477777
1249,2046,26,519806.791192011,10190.43235278472,MT,MONTANA,0.1348728,70107797.38708186
1250,2046,27,1696220.586053654,17915.87745748096,NE,NEBRASKA,0.1348728,228774019.85869727
1251,2046,28,0.0,0.0,NV,NEVADA,0.1348728,0.0
1252,2046,29,0.0,0.0,NH,NEW HAMPSHIRE,0.1348728,0.0
1253,2046,30,42.97329293076429,3.133853931777721,NJ,NEW JERSEY,0.1348728,5795.928342792385
1254,2046,31,1.2109834018921986,0.4034803197628857,NM,NEW MEXICO,0.1348728,163.3287221667261
1255,2046,32,0.0,0.0,NY,NEW YORK,0.1348728,0.0
1256,2046,33,124.76434809717324,15.142053360208449,NC,NORTH CAROLINA,0.1348728,16827.316968040424
1257,2046,34,706718.8992698579,7681.751281056222,ND,NORTH DAKOTA,0.1348728,95317156.75744368
1258,2046,35,180786.89643164337,3031.57401568907,OH,OHIO,0.1348728,24383234.925045747
1259,2046,36,148497.97806702758,3574.769577539506,OK,OKLAHOMA,0.1348728,20028338.096238595
1260,2046,37,0.0,0.0,OR,OREGON,0.1348728,0.0
1261,2046,38,7634.832528146089,108.40963768074046,PA,PENNSYLVANIA,0.1348728,1029731.2406021417
1262,2046,39,0.0,0.0,RI,RHODE ISLAND,0.1348728,0.0
1263,2046,40,65737.13947172237,818.5769450517424,SC,SOUTH CAROLINA,0.1348728,8866152.064541716
1264,2046,41,1910711.790675024,16098.823629148275,SD,SOUTH DAKOTA,0.1348728,257703049.20135435
1265,2046,42,1468748.2619834251,10037.96990948652,TN,TENNESSEE,0.1348728,198094190.58883807
1266,2046,43,24642.228872175627,1015.0737576902116,TX,TEXAS,0.1348728,3323566.4062311687
1267,2046,44,0.0,0.0,UT,UTAH,0.1348728,0.0
1268,2046,45,0.0,0.0,VT,VERMONT,0.1348728,0.0
1269,2046,46,129.55134921743564,8.716010825861472,VA,VIRGINIA,0.1348728,17472.95321273335
1270,2046,47,0.0,0.0,WA,WASHINGTON,0.1348728,0.0
1271,2046,48,1140.7492397920842,68.85965756672162,WV,WEST VIRGINIA,0.1348728,153856.0440686298
1272,2046,49,149324.74218350986,1192.4036627711916,WI,WISCONSIN,0.1348728,20139846.087568086
1273,2046,50,83203.13209232822,3298.080745994047,WY,WYOMING,0.1348728,11221839.394062165
1274,2047,0,460765.6062979079,3287.417326847217,AL,ALABAMA,0.1318416,60748074.759286255
1275,2047,2,0.0,0.0,AZ,ARIZONA,0.1318416,0.0
1276,2047,3,472951.30283986434,10525.792618198891,AR,ARKANSAS,0.1318416,62354656.48849226
1277,2047,4,0.0,0.0,CA,CALIFORNIA,0.1318416,0.0
1278,2047,5,45158.94074375204,1069.642888277986,CO,COLORADO,0.1318416,5953827.001961459
1279,2047,6,0.0,0.0,CT,CONNECTICUT,0.1318416,0.0
1280,2047,7,53254.03320703397,811.8334887787382,DE,DELAWARE,0.1318416,7021096.94446849
1281,2047,8,0.0,0.0,DC,DISTRICT OF COLUMBIA,0.1318416,0.0
1282,2047,9,25264.862704226176,237.97038352282465,FL,FLORIDA,0.1318416,3330959.922705506
1283,2047,10,173356.641866644,1584.138740286891,GA,GEORGIA,0.1318416,22855617.03432533
1284,2047,12,732.3808205834836,63.60674473082596,ID,IDAHO,0.1318416,96558.25919503941
1285,2047,13,7752971.642812538,47625.69315156911,IL,ILLINOIS,0.1318416,1022164186.1430335
1286,2047,14,3872406.731190696,25726.262036867367,IN,INDIANA,0.1318416,510544299.29095125
1287,2047,15,5248004.851064079,39977.64186369379,IA,IOWA,0.1318416,691905356.3720499
1288,2047,16,261508.5811827204,2447.030393885957,KS,KANSAS,0.1318416,34477709.75685975
1289,2047,17,2972598.9132425915,13647.89639425839,KY,KENTUCKY,0.1318416,391912196.88016444
1290,2047,18,16246.854334526888,529.3049003183447,LA,LOUISIANA,0.1318416,2142011.27043096
1291,2047,19,0.0,0.0,ME,MAINE,0.1318416,0.0
1292,2047,20,225024.15991774955,1923.5744140393865,MD,MARYLAND,0.1318416,29667545.28221197
1293,2047,21,0.0,0.0,MA,MASSACHUSETTS,0.1318416,0.0
1294,2047,22,502931.96771531366,3825.9584175251616,MI,MICHIGAN,0.1318416,66307355.3147353
1295,2047,23,2619783.0441777315,31239.32464215021,MN,MINNESOTA,0.1318416,345396388.1972628
1296,2047,24,412283.98112533626,6931.57020099844,MS,MISSISSIPPI,0.1318416,54356179.72593413
1297,2047,25,3011647.397156489,20325.190531574503,MO,MISSOURI,0.1318416,397060411.47694695
1298,2047,26,428939.3473362122,9298.399698912071,MT,MONTANA,0.1318416,56552049.85576195
1299,2047,27,1451179.254236475,18184.276120066348,NE,NEBRASKA,0.1318416,191325794.76534364
1300,2047,28,0.0,0.0,NV,NEVADA,0.1318416,0.0
1301,2047,29,0.0,0.0,NH,NEW HAMPSHIRE,0.1318416,0.0
1302,2047,30,19521.12800384473,405.3019626101992,NJ,NEW JERSEY,0.1318416,2573696.7498316956
1303,2047,31,2.0749162909512435,0.8030548051707981,NM,NEW MEXICO,0.1318416,273.56028366507746
1304,2047,32,216605.6277999709,1253.2986159578468,NY,NEW YORK,0.1318416,28557632.538152646
1305,2047,33,549011.1598011579,5235.696572390901,NC,NORTH CAROLINA,0.1318416,72382509.72604033
1306,2047,34,21335.87926141589,1107.0523636453158,ND,NORTH DAKOTA,0.1318416,2812956.459231889
1307,2047,35,3609586.821859234,22944.48960244264,OH,OHIO,0.1318416,475893701.93283635
1308,2047,36,3673.223565336553,88.50290090841253,OK,OKLAHOMA,0.1318416,484283.67201167566
1309,2047,37,0.0,0.0,OR,OREGON,0.1318416,0.0
1310,2047,38,255683.92251576207,2319.3736598674377,PA,PENNSYLVANIA,0.1318416,33709777.4387541
1311,2047,39,0.0,0.0,RI,RHODE ISLAND,0.1318416,0.0
1312,2047,40,405012.4619224265,3702.686586151512,SC,SOUTH CAROLINA,0.1318416,53397490.99979178
1313,2047,41,700248.4293056922,11387.569703976116,SD,SOUTH DAKOTA,0.1318416,92321873.31714936
1314,2047,42,2044433.4757228747,11329.48248493511,TN,TENNESSEE,0.1318416,269541380.5328649
1315,2047,43,1333.665215416533,37.60264737017289,TX,TEXAS,0.1318416,175832.5558648604
1316,2047,44,0.0,0.0,UT,UTAH,0.1318416,0.0
1317,2047,45,0.0,0.0,VT,VERMONT,0.1318416,0.0
1318,2047,46,121676.88465115252,689.0045744629447,VA,VIRGINIA,0.1318416,16042075.15542339
1319,2047,47,0.0,0.0,WA,WASHINGTON,0.1318416,0.0
1320,2047,48,49314.7271401001,169.72179835449612,WV,WEST VIRGINIA,0.1318416,6501732.529714221
1321,2047,49,83703.72161062079,1017.8846609852768,WI,WISCONSIN,0.1318416,11035632.583098823
1322,2047,50,81798.86405521388,3443.3889637881985,WY,WYOMING,0.1318416,10784493.115221888
1323,2048,0,395937.3786107877,2479.53449306291,AL,ALABAMA,0.1288104,51000852.113807
1324,2048,2,0.0,0.0,AZ,ARIZONA,0.1288104,0.0
1325,2048,3,761021.1744787053,13443.29710183468,AR,ARKANSAS,0.1288104,98027441.89307182
1326,2048,4,0.0,0.0,CA,CALIFORNIA,0.1288104,0.0
1327,2048,5,52016.72311696809,1178.761508426252,CO,COLORADO,0.1288104,6700294.911385906
1328,2048,6,0.0,0.0,CT,CONNECTICUT,0.1288104,0.0
1329,2048,7,0.0,0.0,DE,DELAWARE,0.1288104,0.0
1330,2048,8,0.0,0.0,DC,DISTRICT OF COLUMBIA,0.1288104,0.0
1331,2048,9,14313.23888132268,123.26859581613864,FL,FLORIDA,0.1288104,1843694.025598727
1332,2048,10,161275.10862411495,1363.5313288676716,GA,GEORGIA,0.1288104,20773911.251915697
1333,2048,12,38.46815710445783,33.09129028882787,ID,IDAHO,0.1288104,4955.098703888055
1334,2048,13,2255808.999854916,31451.97076560117,IL,ILLINOIS,0.1288104,290571659.5949116
1335,2048,14,938753.2956214593,9055.929281348826,IN,INDIANA,0.1288104,120921187.51031841
1336,2048,15,1908353.252648574,22280.8118670327,IA,IOWA,0.1288104,245815745.81496388
1337,2048,16,119506.28576440588,1994.894074315177,KS,KANSAS,0.1288104,15393652.471827425
1338,2048,17,1913921.490012648,11867.410835301547,KY,KENTUCKY,0.1288104,246532992.6971252
1339,2048,18,574516.2401275643,8928.606437045011,LA,LOUISIANA,0.1288104,74003666.6973276
1340,2048,19,0.0,0.0,ME,MAINE,0.1288104,0.0
1341,2048,20,0.0,0.0,MD,MARYLAND,0.1288104,0.0
1342,2048,21,0.0,0.0,MA,MASSACHUSETTS,0.1288104,0.0
1343,2048,22,47275.69079699094,838.3860165984345,MI,MICHIGAN,0.1288104,6089600.641836721
1344,2048,23,527635.3276987206,18325.846766967126,MN,MINNESOTA,0.1288104,67964917.61500327
1345,2048,24,925526.582991806,10948.041603854395,MS,MISSISSIPPI,0.1288104,119217449.36580773
1346,2048,25,1175656.6420767796,13029.388092185824,MO,MISSOURI,0.1288104,151436802.3285668
1347,2048,26,370205.2835223875,8656.880466562543,MT,MONTANA,0.1288104,47686290.65263214
1348,2048,27,1277615.6971657733,17436.97452283746,NE,NEBRASKA,0.1288104,164570188.9982021
1349,2048,28,0.0,0.0,NV,NEVADA,0.1288104,0.0
1350,2048,29,0.0,0.0,NH,NEW HAMPSHIRE,0.1288104,0.0
1351,2048,30,0.0,0.0,NJ,NEW JERSEY,0.1288104,0.0
1352,2048,31,4.006580189589085,1.3349284998663873,NM,NEW MEXICO,0.1288104,516.0891968530459
1353,2048,32,1735.071482170363,39.935230958900846,NY,NEW YORK,0.1288104,223495.2516469573
1354,2048,33,391818.5197718742,2774.956097126458,NC,NORTH CAROLINA,0.1288104,50470300.25922302
1355,2048,34,22622.40818335496,854.5191129917739,ND,NORTH DAKOTA,0.1288104,2914001.447061226
1356,2048,35,82937.44045009642,639.823434353003,OH,OHIO,0.1288104,10683204.879353099
1357,2048,36,49611.497869575454,1257.1280638993692,OK,OKLAHOMA,0.1288104,6390476.885179162
1358,2048,37,0.0,0.0,OR,OREGON,0.1288104,0.0
1359,2048,38,7576.610533457099,27.884477507431782,PA,PENNSYLVANIA,0.1288104,975946.2334588222
1360,2048,39,0.0,0.0,RI,RHODE ISLAND,0.1288104,0.0
1361,2048,40,213896.1422771956,2455.930495714721,SC,SOUTH CAROLINA,0.1288104,27552047.645182475
1362,2048,41,960114.9298734716,11539.34663114141,SD,SOUTH DAKOTA,0.1288104,123672788.16297382
1363,2048,42,1738836.5772255536,10455.231190768318,TN,TENNESSEE,0.1288104,223980235.0470544
1364,2048,43,65384.922799484135,2454.7060633253177,TX,TEXAS,0.1288104,8422258.05977067
1365,2048,44,0.0,0.0,UT,UTAH,0.1288104,0.0
1366,2048,45,0.0,0.0,VT,VERMONT,0.1288104,0.0
1367,2048,46,10530.881521074902,77.7853480947408,VA,VIRGINIA,0.1288104,1356487.0610822665
1368,2048,47,0.0,0.0,WA,WASHINGTON,0.1288104,0.0
1369,2048,48,44.3631687459227,1.1824574727203885,WV,WEST VIRGINIA,0.1288104,5714.437511429801
1370,2048,49,2773.7610873293647,49.18992728361162,WI,WISCONSIN,0.1288104,357289.27516333037
1371,2048,50,84517.40792206358,4023.3335227234784,WY,WYOMING,0.1288104,10886721.121404177
1372,2049,0,9981.089763310012,69.80905604182317,AL,ALABAMA,0.1257792,1255413.4855573226
1373,2049,2,0.0,0.0,AZ,ARIZONA,0.1257792,0.0
1374,2049,3,84470.47375956725,2329.0864524469143,AR,ARKANSAS,0.1257792,10624628.61309936
1375,2049,4,0.0,0.0,CA,CALIFORNIA,0.1257792,0.0
1376,2049,5,52583.64893166816,1287.3389704038605,CO,COLORADO,0.1257792,6613929.295706077
1377,2049,6,0.0,0.0,CT,CONNECTICUT,0.1257792,0.0
1378,2049,7,0.0,0.0,DE,DELAWARE,0.1257792,0.0
1379,2049,8,0.0,0.0,DC,DISTRICT OF COLUMBIA,0.1257792,0.0
1380,2049,9,0.0,0.0,FL,FLORIDA,0.1257792,0.0
1381,2049,10,342.74227561549765,4.047563242461592,GA,GEORGIA,0.1257792,43109.84923309681
1382,2049,12,0.0,0.0,ID,IDAHO,0.1257792,0.0
1383,2049,13,1181733.9738461026,19310.023681872484,IL,ILLINOIS,0.1257792,148637553.84318373
1384,2049,14,339937.7528899929,5293.078224441499,IN,INDIANA,0.1257792,42757098.608301
1385,2049,15,877556.8382653607,18741.21551706885,IA,IOWA,0.1257792,110378397.07154647
1386,2049,16,496425.2338705646,6938.444032366915,KS,KANSAS,0.1257792,62439968.77605253
1387,2049,17,137193.69465991546,2200.5567596677315,KY,KENTUCKY,0.1257792,17256113.159368437
1388,2049,18,275617.4210096794,6264.632680530204,LA,LOUISIANA,0.1257792,34666938.720660664
1389,2049,19,0.0,0.0,ME,MAINE,0.1257792,0.0
1390,2049,20,0.0,0.0,MD,MARYLAND,0.1257792,0.0
1391,2049,21,0.0,0.0,MA,MASSACHUSETTS,0.1257792,0.0
1392,2049,22,45084.30162356481,817.7717099308704,MI,MICHIGAN,0.1257792,5670667.390770683
1393,2049,23,467969.23269513965,9861.63769490607,MN,MINNESOTA,0.1257792,58860795.713008516
1394,2049,24,130175.8452452019,3222.084985330871,MS,MISSISSIPPI,0.1257792,16373413.674265299
1395,2049,25,939260.7327173902,13302.024916429207,MO,MISSOURI,0.1257792,118139463.55260716
1396,2049,26,310287.121660091,6740.322676296806,MT,MONTANA,0.1257792,39027665.93270892
1397,2049,27,1250658.2001394564,18397.40765023085,NE,NEBRASKA,0.1257792,157306787.88698074
1398,2049,28,0.0,0.0,NV,NEVADA,0.1257792,0.0
1399,2049,29,0.0,0.0,NH,NEW HAMPSHIRE,0.1257792,0.0
1400,2049,30,0.0,0.0,NJ,NEW JERSEY,0.1257792,0.0
1401,2049,31,3.619495367313841,1.2059580221348696,NM,NEW MEXICO,0.1257792,455.25723170444104
1402,2049,32,0.0,0.0,NY,NEW YORK,0.1257792,0.0
1403,2049,33,29351.939717037007,351.319912065818,NC,NORTH CAROLINA,0.1257792,3691863.4960571416
1404,2049,34,0.0,0.0,ND,NORTH DAKOTA,0.1257792,0.0
1405,2049,35,92667.55144798211,2646.5133859566968,OH,OHIO,0.1257792,11655650.487086033
1406,2049,36,28252.74640990673,732.7815757050755,OK,OKLAHOMA,0.1257792,3553607.8412409406
1407,2049,37,0.0,0.0,OR,OREGON,0.1257792,0.0
1408,2049,38,0.0,0.0,PA,PENNSYLVANIA,0.1257792,0.0
1409,2049,39,0.0,0.0,RI,RHODE ISLAND,0.1257792,0.0
1410,2049,40,82109.15732064916,806.9035736686724,SC,SOUTH CAROLINA,0.1257792,10327624.120465396
1411,2049,41,430432.863615076,8697.849131794994,SD,SOUTH DAKOTA,0.1257792,54139501.23921337
1412,2049,42,220812.8560464144,2630.1928227535136,TN,TENNESSEE,0.1257792,27773664.383233167
1413,2049,43,73419.51148667342,1921.5184124707905,TX,TEXAS,0.1257792,9234647.419184593
1414,2049,44,0.0,0.0,UT,UTAH,0.1257792,0.0
1415,2049,45,0.0,0.0,VT,VERMONT,0.1257792,0.0
1416,2049,46,0.0,0.0,VA,VIRGINIA,0.1257792,0.0
1417,2049,47,0.0,0.0,WA,WASHINGTON,0.1257792,0.0
1418,2049,48,0.0,0.0,WV,WEST VIRGINIA,0.1257792,0.0
1419,2049,49,11284.203056260105,166.80397959357686,WI,WISCONSIN,0.1257792,1419318.033053951
1420,2049,50,89296.95983925438,4147.355983901045,WY,WYOMING,0.1257792,11231700.171013545
1421,2050,0,132519.2670212178,822.9706166295389,AL,ALABAMA,0.122748,16266474.988320442
1422,2050,2,0.0,0.0,AZ,ARIZONA,0.122748,0.0
1423,2050,3,373914.51785814966,8430.31749898879,AR,ARKANSAS,0.122748,45897259.23805215
1424,2050,4,0.0,0.0,CA,CALIFORNIA,0.122748,0.0
1425,2050,5,51448.9701941494,1462.3459466408049,CO,COLORADO,0.122748,6315258.19339145
1426,2050,6,0.0,0.0,CT,CONNECTICUT,0.122748,0.0
1427,2050,7,55406.51757481432,446.3672308057643,DE,DELAWARE,0.122748,6801039.219273308
1428,2050,8,0.0,0.0,DC,DISTRICT OF COLUMBIA,0.122748,0.0
1429,2050,9,1404.1631761272267,11.409830508020512,FL,FLORIDA,0.122748,172358.22154326484
1430,2050,10,98449.38268354008,694.8650174155282,GA,GEORGIA,0.122748,12084464.825639177
1431,2050,12,895.9143505555728,79.19143683389728,ID,IDAHO,0.122748,109971.69470199544
1432,2050,13,2581909.103618822,24063.422303880863,IL,ILLINOIS,0.122748,316924178.6510032
1433,2050,14,2167009.430233804,16157.91654829432,IN,INDIANA,0.122748,265996073.542339
1434,2050,15,16461.493930129414,188.13115838157287,IA,IOWA,0.122748,2020615.4569355254
1435,2050,16,196083.5527949075,1988.055533531097,KS,KANSAS,0.122748,24068863.938469306
1436,2050,17,2318640.182473301,11462.6359571035,KY,KENTUCKY,0.122748,284608445.1182327
1437,2050,18,280529.82440132805,5141.210691026604,LA,LOUISIANA,0.122748,34434474.88561421
1438,2050,19,0.0,0.0,ME,MAINE,0.122748,0.0
1439,2050,20,84621.29261300407,545.2973367256361,MD,MARYLAND,0.122748,10387094.425661024
1440,2050,21,0.0,0.0,MA,MASSACHUSETTS,0.122748,0.0
1441,2050,22,97316.57675199362,1326.9840476950767,MI,MICHIGAN,0.122748,11945415.163153714
1442,2050,23,127180.50660363746,4436.059714715895,MN,MINNESOTA,0.122748,15611152.82458329
1443,2050,24,479494.5712658776,6591.821907551034,MS,MISSISSIPPI,0.122748,58856999.633743934
1444,2050,25,719381.05346304,7134.135849391725,MO,MISSOURI,0.122748,88302585.55048123
1445,2050,26,410671.3906652753,8137.640565338747,MT,MONTANA,0.122748,50409091.86138121
1446,2050,27,302728.0913529144,5762.997273719202,NE,NEBRASKA,0.122748,37159267.757387534
1447,2050,28,0.0,0.0,NV,NEVADA,0.122748,0.0
1448,2050,29,0.0,0.0,NH,NEW HAMPSHIRE,0.122748,0.0
1449,2050,30,115286.66972383816,1174.2809158283428,NJ,NEW JERSEY,0.122748,14151208.135261687
1450,2050,31,2.166861375963044,0.7219635871881619,NM,NEW MEXICO,0.122748,265.9779001767118
1451,2050,32,4195.978225145249,171.28210628790674,NY,NEW YORK,0.122748,515047.93518012896
1452,2050,33,487651.29728039145,4892.74557913018,NC,NORTH CAROLINA,0.122748,59858221.43857349
1453,2050,34,4453.178256365174,78.26142186809268,ND,NORTH DAKOTA,0.122748,546618.7246123124
1454,2050,35,606668.3527692803,6860.842956329216,OH,OHIO,0.122748,74467326.96572362
1455,2050,36,40046.57566366616,961.1680297974726,OK,OKLAHOMA,0.122748,4915637.069563693
1456,2050,37,0.0,0.0,OR,OREGON,0.122748,0.0
1457,2050,38,192812.56529314665,2768.1083758409954,PA,PENNSYLVANIA,0.122748,23667356.764603164
1458,2050,39,0.0,0.0,RI,RHODE ISLAND,0.122748,0.0
1459,2050,40,128541.49020677006,1801.3194620271329,SC,SOUTH CAROLINA,0.122748,15778210.839900611
1460,2050,41,503981.7596714464,6707.873061988136,SD,SOUTH DAKOTA,0.122748,61862753.0361507
1461,2050,42,1410855.0662483936,8595.685956639398,TN,TENNESSEE,0.122748,173179637.6718578
1462,2050,43,32215.054755559904,1318.7005109217646,TX,TEXAS,0.122748,3954333.5411354667
1463,2050,44,0.0,0.0,UT,UTAH,0.122748,0.0
1464,2050,45,0.0,0.0,VT,VERMONT,0.122748,0.0
1465,2050,46,99914.35703290172,425.38146058279006,VA,VIRGINIA,0.122748,12264287.497074619
1466,2050,47,0.0,0.0,WA,WASHINGTON,0.122748,0.0
1467,2050,48,45773.74921485542,116.9822216832973,WV,WEST VIRGINIA,0.122748,5618636.1686250735
1468,2050,49,16037.292358358403,170.32059570185154,WI,WISCONSIN,0.122748,1968545.5624037774
1469,2050,50,200308.15362163616,7254.789754640101,WY,WYOMING,0.122748,24587425.240748595
1470,2051,0,296828.8249491222,1857.8415371744268,AL,ALABAMA,0.1237782,36740937.660317436
1471,2051,2,0.0,0.0,AZ,ARIZONA,0.1237782,0.0
1472,2051,3,701114.8948309978,12444.274755661272,AR,ARKANSAS,0.1237782,86782739.67537022
1473,2051,4,0.0,0.0,CA,CALIFORNIA,0.1237782,0.0
1474,2051,5,52767.79778971349,1471.6395800889602,CO,COLORADO,0.1237782,6531503.028374715
1475,2051,6,0.0,0.0,CT,CONNECTICUT,0.1237782,0.0
1476,2051,7,105138.13052123942,697.1477698810411,DE,DELAWARE,0.1237782,13013808.547284078
1477,2051,8,0.0,0.0,DC,DISTRICT OF COLUMBIA,0.1237782,0.0
1478,2051,9,10135.338471185289,92.56042266957918,FL,FLORIDA,0.1237782,1254533.952354067
1479,2051,10,190742.32004865463,1975.64789987318,GA,GEORGIA,0.1237782,23609741.03944638
1480,2051,12,16.931129243674597,36.99493063904838,ID,IDAHO,0.1237782,2095.7047017494033
1481,2051,13,5936163.951465199,37446.68778452097,IL,ILLINOIS,0.1237782,734767688.8172497
1482,2051,14,4808720.087480283,27804.772343485754,IN,INDIANA,0.1237782,595214716.7321521
1483,2051,15,5613910.20060071,43507.06106627811,IA,IOWA,0.1237782,694879699.5919948
1484,2051,16,1462924.6865042564,12919.439799181751,KS,KANSAS,0.1237782,181078184.43106118
1485,2051,17,2679500.239625061,11269.618481298903,KY,KENTUCKY,0.1237782,331663716.56035876
1486,2051,18,563718.1760096435,9570.553490226375,LA,LOUISIANA,0.1237782,69776021.13375685
1487,2051,19,0.0,0.0,ME,MAINE,0.1237782,0.0
1488,2051,20,152142.00071245473,687.5969613498135,MD,MARYLAND,0.1237782,18831862.992586367
1489,2051,21,0.0,0.0,MA,MASSACHUSETTS,0.1237782,0.0
1490,2051,22,409282.5148881013,2319.934990920296,MI,MICHIGAN,0.1237782,50660252.984322384
1491,2051,23,472868.6949747519,8865.61333599612,MN,MINNESOTA,0.1237782,58530835.90032384
1492,2051,24,814612.0463497321,9922.488837350136,MS,MISSISSIPPI,0.1237782,100831212.7954864
1493,2051,25,3828813.8341202512,25711.14053578108,MO,MISSOURI,0.1237782,473923684.5225033
1494,2051,26,490191.2592063186,11471.249558066178,MT,MONTANA,0.1237782,60674991.72029155
1495,2051,27,2010460.6749742792,23299.88272498661,NE,NEBRASKA,0.1237782,248851203.51910132
1496,2051,28,0.0,0.0,NV,NEVADA,0.1237782,0.0
1497,2051,29,0.0,0.0,NH,NEW HAMPSHIRE,0.1237782,0.0
1498,2051,30,18405.60180290336,225.7315416104099,NJ,NEW JERSEY,0.1237782,2278212.2610801323
1499,2051,31,5.017582117514526,1.671778187915674,NM,NEW MEXICO,0.1237782,621.0672828581367
1500,2051,32,0.0,0.0,NY,NEW YORK,0.1237782,0.0
1501,2051,33,1256132.7356771838,6693.562382199642,NC,NORTH CAROLINA,0.1237782,155481848.9831976
1502,2051,34,0.0,0.0,ND,NORTH DAKOTA,0.1237782,0.0
1503,2051,35,1899733.9658374167,11859.830898851098,OH,OHIO,0.1237782,235145650.77021694
1504,2051,36,83756.40882085964,1972.421337963868,OK,OKLAHOMA,0.1237782,10367217.522310128
1505,2051,37,0.0,0.0,OR,OREGON,0.1237782,0.0
1506,2051,38,441.6710347774263,16.314058239267347,PA,PENNSYLVANIA,0.1237782,54669.245676887236
1507,2051,39,0.0,0.0,RI,RHODE ISLAND,0.1237782,0.0
1508,2051,40,523029.8477684339,4347.78590822466,SC,SOUTH CAROLINA,0.1237782,64739693.10305077
1509,2051,41,482546.4347914908,7621.962364783421,SD,SOUTH DAKOTA,0.1237782,59728729.11490811
1510,2051,42,1634541.189547723,9266.409648857234,TN,TENNESSEE,0.1237782,202320566.26807594
1511,2051,43,94390.86002668687,2965.479099472007,TX,TEXAS,0.1237782,11683530.750555255
1512,2051,44,0.0,0.0,UT,UTAH,0.1237782,0.0
1513,2051,45,0.0,0.0,VT,VERMONT,0.1237782,0.0
1514,2051,46,117875.53179918602,497.5124421606774,VA,VIRGINIA,0.1237782,14590421.150146008
1515,2051,47,0.0,0.0,WA,WASHINGTON,0.1237782,0.0
1516,2051,48,37918.71856882636,106.90157188666362,WV,WEST VIRGINIA,0.1237782,4693510.730755904
1517,2051,49,76710.82971118097,764.952212482896,WI,WISCONSIN,0.1237782,9495128.422156502
1518,2051,50,89408.64462456881,5348.097011431049,WY,WYOMING,0.1237782,11066841.096068805
1519,2052,0,177858.31319817333,1214.165746416966,AL,ALABAMA,0.1248084,22198211.496962897
1520,2052,2,0.0,0.0,AZ,ARIZONA,0.1248084,0.0
1521,2052,3,355111.2783601204,9632.79176977716,AR,ARKANSAS,0.1248084,44320870.474081255
1522,2052,4,0.0,0.0,CA,CALIFORNIA,0.1248084,0.0
1523,2052,5,45819.15253191147,1475.257121134914,CO,COLORADO,0.1248084,5718615.11686382
1524,2052,6,0.0,0.0,CT,CONNECTICUT,0.1248084,0.0
1525,2052,7,34447.86039707455,329.2289198428595,DE,DELAWARE,0.1248084,4299382.339582239
1526,2052,8,0.0,0.0,DC,DISTRICT OF COLUMBIA,0.1248084,0.0
1527,2052,9,0.0,0.0,FL,FLORIDA,0.1248084,0.0
1528,2052,10,91677.85702402634,686.4325302885914,GA,GEORGIA,0.1248084,11442166.650597489
1529,2052,12,1848.3067176201223,142.4932873179153,ID,IDAHO,0.1248084,230684.20413541928
1530,2052,13,9977594.244199058,54664.466059245,IL,ILLINOIS,0.1248084,1245287573.4676938
1531,2052,14,8435110.489314254,33675.604347923625,IN,INDIANA,0.1248084,1052772643.9945292
1532,2052,15,9561894.283287138,54378.49761096123,IA,IOWA,0.1248084,1193404726.4662144
1533,2052,16,1393545.5914295325,12466.584201602813,KS,KANSAS,0.1248084,173926195.59337366
1534,2052,17,2357246.2242769096,12580.09496196515,KY,KENTUCKY,0.1248084,294204129.65804225
1535,2052,18,93311.03223828955,2762.242833657081,LA,LOUISIANA,0.1248084,11646000.636009337
1536,2052,19,0.0,0.0,ME,MAINE,0.1248084,0.0
1537,2052,20,42903.24929756392,373.85970917035394,MD,MARYLAND,0.1248084,5354685.899630076
1538,2052,21,0.0,0.0,MA,MASSACHUSETTS,0.1248084,0.0
1539,2052,22,1173987.9107701972,5753.355399347835,MI,MICHIGAN,0.1248084,146523552.76257107
1540,2052,23,4235356.1517076325,38711.6208705437,MN,MINNESOTA,0.1248084,528608024.7247869
1541,2052,24,249628.26693824376,5323.0845235656725,MS,MISSISSIPPI,0.1248084,31155704.5913351
1542,2052,25,3612071.266442504,26509.893528538232,MO,MISSOURI,0.1248084,450816835.4506626
1543,2052,26,748402.5236947631,12826.934502313865,MT,MONTANA,0.1248084,93406921.53830546
1544,2052,27,2472597.8321652142,26362.735831452388,NE,NEBRASKA,0.1248084,308600979.2760089
1545,2052,28,0.0,0.0,NV,NEVADA,0.1248084,0.0
1546,2052,29,0.0,0.0,NH,NEW HAMPSHIRE,0.1248084,0.0
1547,2052,30,44315.55185174322,306.37683785940663,NJ,NEW JERSEY,0.1248084,5530953.121733109
1548,2052,31,5.114294553180791,1.704001226156082,NM,NEW MEXICO,0.1248084,638.3069203112094
1549,2052,32,251364.87867988725,1514.9998744382997,NY,NEW YORK,0.1248084,31372448.32423084
1550,2052,33,173087.65975596855,2037.1710445445924,NC,NORTH CAROLINA,0.1248084,21602793.873886824
1551,2052,34,481691.30954152986,7504.454613453524,ND,NORTH DAKOTA,0.1248084,60119121.63778307
1552,2052,35,7217278.847420202,29259.780989706163,OH,OHIO,0.1248084,900777025.3003595
1553,2052,36,110387.9325363225,2605.3725846626785,OK,OKLAHOMA,0.1248084,13777341.239166353
1554,2052,37,0.0,0.0,OR,OREGON,0.1248084,0.0
1555,2052,38,418050.05736430833,1616.5734754289929,PA,PENNSYLVANIA,0.1248084,52176158.77954754
1556,2052,39,0.0,0.0,RI,RHODE ISLAND,0.1248084,0.0
1557,2052,40,280902.3013361363,2857.184200015396,SC,SOUTH CAROLINA,0.1248084,35058966.78608103
1558,2052,41,1896867.331604316,18113.699748962623,SD,SOUTH DAKOTA,0.1248084,236744976.66980413
1559,2052,42,862955.4499597875,9367.281349109584,TN,TENNESSEE,0.1248084,107704088.98076114
1560,2052,43,20505.06284507714,819.0420182417183,TX,TEXAS,0.1248084,2559204.0855935253
1561,2052,44,0.0,0.0,UT,UTAH,0.1248084,0.0
1562,2052,45,0.0,0.0,VT,VERMONT,0.1248084,0.0
1563,2052,46,11438.84290209651,66.20144786062886,VA,VIRGINIA,0.1248084,1427663.680462022
1564,2052,47,0.0,0.0,WA,WASHINGTON,0.1248084,0.0
1565,2052,48,167805.2727803422,508.4132860172834,WV,WEST VIRGINIA,0.1248084,20943507.60727806
1566,2052,49,486560.9139262945,2828.5382898820344,WI,WISCONSIN,0.1248084,60726889.16967853
1567,2052,50,211182.12092381195,7376.416698443379,WY,WYOMING,0.1248084,26357302.62110749
1568,2053,0,0.0,0.0,AL,ALABAMA,0.1258386,0.0
1569,2053,2,0.0,0.0,AZ,ARIZONA,0.1258386,0.0
1570,2053,3,226197.24960344765,4851.392390282682,AR,ARKANSAS,0.1258386,28464345.213948406
1571,2053,4,0.0,0.0,CA,CALIFORNIA,0.1258386,0.0
1572,2053,5,3695.8997230784025,155.39644208496009,CO,COLORADO,0.1258386,465086.84689257387
1573,2053,6,0.0,0.0,CT,CONNECTICUT,0.1258386,0.0
1574,2053,7,0.0,0.0,DE,DELAWARE,0.1258386,0.0
1575,2053,8,0.0,0.0,DC,DISTRICT OF COLUMBIA,0.1258386,0.0
1576,2053,9,0.0,0.0,FL,FLORIDA,0.1258386,0.0
1577,2053,10,610.9643563422393,30.334604658882817,GA,GEORGIA,0.1258386,76882.89925200852
1578,2053,12,404.71340589228487,67.17179820744173,ID,IDAHO,0.1258386,50928.56839871688
1579,2053,13,2118533.1107001547,26155.986093705105,IL,ILLINOIS,0.1258386,266593240.7041525
1580,2053,14,218456.54674688377,4274.751998206813,IN,INDIANA,0.1258386,27490266.003462408
1581,2053,15,3333882.4027318936,35840.11598312593,IA,IOWA,0.1258386,419531094.12441766
1582,2053,16,390541.6376635169,4043.8215297607394,KS,KANSAS,0.1258386,49145212.925284244
1583,2053,17,77238.28703309862,665.6084946799375,KY,KENTUCKY,0.1258386,9719557.906643284
1584,2053,18,275476.6135313698,4905.577068052928,LA,LOUISIANA,0.1258386,34665591.37952863
1585,2053,19,0.0,0.0,ME,MAINE,0.1258386,0.0
1586,2053,20,0.0,0.0,MD,MARYLAND,0.1258386,0.0
1587,2053,21,0.0,0.0,MA,MASSACHUSETTS,0.1258386,0.0
1588,2053,22,1557.6654575703274,16.512430401764387,MI,MICHIGAN,0.1258386,196014.4404490094
1589,2053,23,641348.5810795662,11808.480443380193,MN,MINNESOTA,0.1258386,80706407.5550391
1590,2053,24,450648.5987812812,5922.490843878981,MS,MISSISSIPPI,0.1258386,56708988.762598135
1591,2053,25,499554.3775587557,7701.9647743265505,MO,MISSOURI,0.1258386,62863223.49586523
1592,2053,26,436397.6602433909,10135.001501737272,MT,MONTANA,0.1258386,54915670.608303964
1593,2053,27,2405694.1255381685,25599.249665649448,NE,NEBRASKA,0.1258386,302729180.7859473
1594,2053,28,0.0,0.0,NV,NEVADA,0.1258386,0.0
1595,2053,29,0.0,0.0,NH,NEW HAMPSHIRE,0.1258386,0.0
1596,2053,30,0.0,0.0,NJ,NEW JERSEY,0.1258386,0.0
1597,2053,31,4.683651614302684,1.5605178799676296,NM,NEW MEXICO,0.1258386,589.3841620315897
1598,2053,32,0.0,0.0,NY,NEW YORK,0.1258386,0.0
1599,2053,33,0.0,0.0,NC,NORTH CAROLINA,0.1258386,0.0
1600,2053,34,129637.94424324203,1986.099238301745,ND,NORTH DAKOTA,0.1258386,16313457.410447635
1601,2053,35,2646.4363173473453,158.52689371103045,OH,OHIO,0.1258386,333023.8411641456
1602,2053,36,33289.37313319245,840.9683761015316,OK,OKLAHOMA,0.1258386,4189088.1099585514
1603,2053,37,0.0,0.0,OR,OREGON,0.1258386,0.0
1604,2053,38,0.0,0.0,PA,PENNSYLVANIA,0.1258386,0.0
1605,2053,39,0.0,0.0,RI,RHODE ISLAND,0.1258386,0.0
1606,2053,40,0.0,0.0,SC,SOUTH CAROLINA,0.1258386,0.0
1607,2053,41,796168.9984643174,11065.566108419982,SD,SOUTH DAKOTA,0.1258386,100188792.13015185
1608,2053,42,27637.53345953512,402.9362262528904,TN,TENNESSEE,0.1258386,3477868.518001056
1609,2053,43,54934.87671529816,1793.721676459083,TX,TEXAS,0.1258386,6912927.977025718
1610,2053,44,0.0,0.0,UT,UTAH,0.1258386,0.0
1611,2053,45,0.0,0.0,VT,VERMONT,0.1258386,0.0
1612,2053,46,0.0,0.0,VA,VIRGINIA,0.1258386,0.0
1613,2053,47,0.0,0.0,WA,WASHINGTON,0.1258386,0.0
1614,2053,48,0.0,0.0,WV,WEST VIRGINIA,0.1258386,0.0
1615,2053,49,14254.75725976896,125.30413831980032,WI,WISCONSIN,0.1258386,1793798.696909162
1616,2053,50,91309.83801045356,4056.852508348712,WY,WYOMING,0.1258386,11490302.181462262
1617,2054,0,2647.4822251736896,41.38191878620981,AL,ALABAMA,0.1268688,335882.8929291158
1618,2054,2,0.0,0.0,AZ,ARIZONA,0.1268688,0.0
1619,2054,3,120587.35515494204,3277.61362831778,AR,ARKANSAS,0.1268688,15298773.04368131
1620,2054,4,0.0,0.0,CA,CALIFORNIA,0.1268688,0.0
1621,2054,5,33977.33378876742,913.3604291350302,CO,COLORADO,0.1268688,4310663.5649803765
1622,2054,6,0.0,0.0,CT,CONNECTICUT,0.1268688,0.0
1623,2054,7,0.0,0.0,DE,DELAWARE,0.1268688,0.0
1624,2054,8,0.0,0.0,DC,DISTRICT OF COLUMBIA,0.1268688,0.0
1625,2054,9,3315.4780606971963,34.416706496658975,FL,FLORIDA,0.1268688,420630.72298698046
1626,2054,10,15938.247951426856,150.81316851221658,GA,GEORGIA,0.1268688,2022066.3916999835
1627,2054,12,0.0,0.0,ID,IDAHO,0.1268688,0.0
1628,2054,13,3036623.3794636703,38438.69856601861,IL,ILLINOIS,0.1268688,385252764.2045005
1629,2054,14,777788.4745448506,10790.721850311573,IN,INDIANA,0.1268688,98677090.41933574
1630,2054,15,4192136.158345192,45605.28289852326,IA,IOWA,0.1268688,531851283.8458646
1631,2054,16,950549.3026447616,8942.578555425775,KS,KANSAS,0.1268688,120595049.36737774
1632,2054,17,421716.9256237794,3325.9032681157014,KY,KENTUCKY,0.1268688,53502720.29357815
1633,2054,18,117943.84906897754,3608.413590119893,LA,LOUISIANA,0.1268688,14963394.598762298
1634,2054,19,0.0,0.0,ME,MAINE,0.1268688,0.0
1635,2054,20,10069.82944761078,34.78230900420528,MD,MARYLAND,0.1268688,1277547.1782230427
1636,2054,21,0.0,0.0,MA,MASSACHUSETTS,0.1268688,0.0
1637,2054,22,182380.5814275878,1660.6974757396297,MI,MICHIGAN,0.1268688,23138405.50902035
1638,2054,23,874415.7498366928,13333.169666284988,MN,MINNESOTA,0.1268688,110936076.88288142
1639,2054,24,194828.1876643795,4567.009144434457,MS,MISSISSIPPI,0.1268688,24717618.375154633
1640,2054,25,2429847.450400397,21479.6320458046,MO,MISSOURI,0.1268688,308271830.21535796
1641,2054,26,172002.2448546327,5669.306970947453,MT,MONTANA,0.1268688,21821718.402013425
1642,2054,27,1650616.5152385186,19582.01142752985,NE,NEBRASKA,0.1268688,209411736.54849255
1643,2054,28,0.0,0.0,NV,NEVADA,0.1268688,0.0
1644,2054,29,0.0,0.0,NH,NEW HAMPSHIRE,0.1268688,0.0
1645,2054,30,0.0,0.0,NJ,NEW JERSEY,0.1268688,0.0
1646,2054,31,5.1160622166164496,1.704590183368161,NM,NEW MEXICO,0.1268688,649.068674147469
1647,2054,32,0.0,0.0,NY,NEW YORK,0.1268688,0.0
1648,2054,33,516.3062662609134,48.89953922008226,NC,NORTH CAROLINA,0.1268688,65503.15643300257
1649,2054,34,3780.883456904325,123.951592927932,ND,NORTH DAKOTA,0.1268688,479676.14711730345
1650,2054,35,969262.8675062512,11213.86013240549,OH,OHIO,0.1268688,122969216.88507709
1651,2054,36,23803.349540618823,717.4377969829225,OK,OKLAHOMA,0.1268688,3019902.392198861
1652,2054,37,0.0,0.0,OR,OREGON,0.1268688,0.0
1653,2054,38,2000.3255927942107,42.47314764183595,PA,PENNSYLVANIA,0.1268688,253778.90756709015
1654,2054,39,0.0,0.0,RI,RHODE ISLAND,0.1268688,0.0
1655,2054,40,155.64455909794526,1.339980531165284,SC,SOUTH CAROLINA,0.1268688,19746.438439285397
1656,2054,41,719602.5745241255,8796.194804362236,SD,SOUTH DAKOTA,0.1268688,91295115.10678639
1657,2054,42,222645.72573179635,1662.4001319567285,TN,TENNESSEE,0.1268688,28246796.048722126
1658,2054,43,11232.533641260212,412.7069269519366,TX,TEXAS,0.1268688,1425058.0640263136
1659,2054,44,0.0,0.0,UT,UTAH,0.1268688,0.0
1660,2054,45,0.0,0.0,VT,VERMONT,0.1268688,0.0
1661,2054,46,62533.2294272872,256.8212933060424,VA,VIRGINIA,0.1268688,7933515.777564614
1662,2054,47,0.0,0.0,WA,WASHINGTON,0.1268688,0.0
1663,2054,48,0.0,0.0,WV,WEST VIRGINIA,0.1268688,0.0
1664,2054,49,6748.044980920556,230.18462795428115,WI,WISCONSIN,0.1268688,856116.3690754139
1665,2054,50,56728.15069335414,2571.578857826079,WY,WYOMING,0.1268688,7197032.404685007
1666,2055,0,287308.6347931874,1922.0412552907685,AL,ALABAMA,0.127899,36746487.08141388
1667,2055,2,0.0,0.0,AZ,ARIZONA,0.127899,0.0
1668,2055,3,146302.10618590523,2783.9306467839315,AR,ARKANSAS,0.127899,18711893.079071093
1669,2055,4,0.0,0.0,CA,CALIFORNIA,0.127899,0.0
1670,2055,5,46859.94110257021,1257.919505048659,CO,COLORADO,0.127899,5993339.607077627
1671,2055,6,0.0,0.0,CT,CONNECTICUT,0.127899,0.0
1672,2055,7,47240.92071039576,436.54983464941,DE,DELAWARE,0.127899,6042066.517938908
1673,2055,8,0.0,0.0,DC,DISTRICT OF COLUMBIA,0.127899,0.0
1674,2055,9,32941.82186575435,199.43376078750103,FL,FLORIDA,0.127899,4213226.074808116
1675,2055,10,362740.78331144695,2395.327416978814,GA,GEORGIA,0.127899,46394183.44475076
1676,2055,12,146.60129507705471,36.984832289606594,ID,IDAHO,0.127899,18750.15903906022
1677,2055,13,346419.4812809763,5432.31478252555,IL,ILLINOIS,0.127899,44306705.236355595
1678,2055,14,67060.16843568257,1036.173186616899,IN,INDIANA,0.127899,8576928.482755367
1679,2055,15,25207.13603192363,777.7564669077896,IA,IOWA,0.127899,3223967.4913470005
1680,2055,16,6046.756591922179,84.9340091738063,KS,KANSAS,0.127899,773374.1213502549
1681,2055,17,271869.0322282188,2447.775247904261,KY,KENTUCKY,0.127899,34771777.35295696
1682,2055,18,297017.6369582857,4167.690116893051,LA,LOUISIANA,0.127899,37988258.749327786
1683,2055,19,0.0,0.0,ME,MAINE,0.127899,0.0
1684,2055,20,11462.109282665797,118.1741026102252,MD,MARYLAND,0.127899,1465992.3151436727
1685,2055,21,0.0,0.0,MA,MASSACHUSETTS,0.127899,0.0
1686,2055,22,0.0,0.0,MI,MICHIGAN,0.127899,0.0
1687,2055,23,12673.51678466575,783.0512266935143,MN,MINNESOTA,0.127899,1620930.123241965
1688,2055,24,399839.6913588809,4843.314863233137,MS,MISSISSIPPI,0.127899,51139096.68510951
1689,2055,25,171815.58649776547,2946.445637982108,MO,MISSOURI,0.127899,21975041.69747771
1690,2055,26,298100.24932317925,9051.16882124765,MT,MONTANA,0.127899,38126723.788185306
1691,2055,27,217694.63546326183,6353.102866888515,NE,NEBRASKA,0.127899,27842926.181115728
1692,2055,28,0.0,0.0,NV,NEVADA,0.127899,0.0
1693,2055,29,0.0,0.0,NH,NEW HAMPSHIRE,0.127899,0.0
1694,2055,30,57059.5919151909,462.5341475672765,NJ,NEW JERSEY,0.127899,7297864.746361001
1695,2055,31,2.1668028130181707,0.7219440749506806,NM,NEW MEXICO,0.127899,277.131912982211
1696,2055,32,0.0,0.0,NY,NEW YORK,0.127899,0.0
1697,2055,33,709286.9794812857,3787.355931207102,NC,NORTH CAROLINA,0.127899,90717095.38867697
1698,2055,34,1215.0880778410444,32.34104739555988,ND,NORTH DAKOTA,0.127899,155408.55006779174
1699,2055,35,27298.069602774394,1388.8046962304063,OH,OHIO,0.127899,3491395.8041252424
1700,2055,36,0.0,0.0,OK,OKLAHOMA,0.127899,0.0
1701,2055,37,0.0,0.0,OR,OREGON,0.127899,0.0
1702,2055,38,3513.053456661772,105.15249096829348,PA,PENNSYLVANIA,0.127899,449316.024053584
1703,2055,39,0.0,0.0,RI,RHODE ISLAND,0.127899,0.0
1704,2055,40,745872.0820236909,4787.286407642721,SC,SOUTH CAROLINA,0.127899,95396293.41874805
1705,2055,41,150924.60729299055,3866.932984381824,SD,SOUTH DAKOTA,0.127899,19303106.348166198
1706,2055,42,406396.3003707215,3795.936974523515,TN,TENNESSEE,0.127899,51977680.421114914
1707,2055,43,5741.846413754736,135.06596393845632,TX,TEXAS,0.127899,734376.4144728171
1708,2055,44,0.0,0.0,UT,UTAH,0.127899,0.0
1709,2055,45,0.0,0.0,VT,VERMONT,0.127899,0.0
1710,2055,46,35962.334415402685,142.7327863332074,VA,VIRGINIA,0.127899,4599546.609395589
1711,2055,47,0.0,0.0,WA,WASHINGTON,0.127899,0.0
1712,2055,48,5435.418422375813,59.36120931733971,WV,WEST VIRGINIA,0.127899,695184.5808034441
1713,2055,49,0.0,0.0,WI,WISCONSIN,0.127899,0.0
1714,2055,50,78378.87697299547,3815.461131108689,WY,WYOMING,0.127899,10024579.985969147
