Unnamed: 0,Year,state_id,Production_Loss(ton),Area_Loss(km^2),State_Code,State_Name,Price,Financial_Loss($)
0,2021,0,196464.16407050044,1336.6798545756403,AL,ALABAMA,0.1469992,28880074.947032306
1,2021,2,0.0,0.0,AZ,ARIZONA,0.1469992,0.0
2,2021,3,107556.88831911822,2389.5413071436888,AR,ARKANSAS,0.1469992,15810776.537399724
3,2021,4,0.0,0.0,CA,CALIFORNIA,0.1469992,0.0
4,2021,5,85245.98528450569,1725.8645841333478,CO,COLORADO,0.1469992,12531091.64003411
5,2021,6,0.0,0.0,CT,CONNECTICUT,0.1469992,0.0
6,2021,7,5972.686831567715,64.44144137268046,DE,DELAWARE,0.1469992,877980.1860909888
7,2021,8,0.0,0.0,DC,DISTRICT OF COLUMBIA,0.1469992,0.0
8,2021,9,17557.90248917274,114.39982548509836,FL,FLORIDA,0.1469992,2580997.619586401
9,2021,10,155777.03062818662,1335.9492514376025,GA,GEORGIA,0.1469992,22899098.880718928
10,2021,12,0.0,0.0,ID,IDAHO,0.1469992,0.0
11,2021,13,1700556.7382986313,19570.153628873308,IL,ILLINOIS,0.1469992,249980480.08450815
12,2021,14,1021453.2437525016,8292.734466389411,IN,INDIANA,0.1469992,150152809.66902274
13,2021,15,6331119.412696769,52944.12544301867,IA,IOWA,0.1469992,930669488.770895
14,2021,16,283639.46148486214,2871.377077928708,KS,KANSAS,0.1469992,41694773.92670555
15,2021,17,208672.17355284403,1556.5527580069602,KY,KENTUCKY,0.1469992,30674642.57452923
16,2021,18,245845.2377864125,3688.353032946255,LA,LOUISIANA,0.1469992,36139053.27841241
17,2021,19,0.0,0.0,ME,MAINE,0.1469992,0.0
18,2021,20,85514.10006564212,519.7217141114157,MD,MARYLAND,0.1469992,12570504.298369339
19,2021,21,0.0,0.0,MA,MASSACHUSETTS,0.1469992,0.0
20,2021,22,8416.897495830848,107.32707618909308,MI,MICHIGAN,0.1469992,1237277.1983691382
21,2021,23,4249862.347910021,32939.55315160379,MN,MINNESOTA,0.1469992,624726365.2528948
22,2021,24,420192.1815384117,5227.333948841288,MS,MISSISSIPPI,0.1469992,61767914.53240129
23,2021,25,1463225.1114532622,13989.29233955975,MO,MISSOURI,0.1469992,215092920.80354035
24,2021,26,708423.1876707893,14224.344067962857,MT,MONTANA,0.1469992,104137641.8490559
25,2021,27,1323787.628551967,16226.945758934393,NE,NEBRASKA,0.1469992,194595722.36703628
26,2021,28,0.0,0.0,NV,NEVADA,0.1469992,0.0
27,2021,29,0.0,0.0,NH,NEW HAMPSHIRE,0.1469992,0.0
28,2021,30,131.5423039473804,0.8356106602669577,NJ,NEW JERSEY,0.1469992,19336.61344642176
29,2021,31,0.0,0.0,NM,NEW MEXICO,0.1469992,0.0
30,2021,32,0.0,0.0,NY,NEW YORK,0.1469992,0.0
31,2021,33,46420.21444931088,1232.63792287358,NC,NORTH CAROLINA,0.1469992,6823734.387877139
32,2021,34,894513.5455465843,10450.026856518678,ND,NORTH DAKOTA,0.1469992,131492775.58451144
33,2021,35,2405681.738531268,12423.929465943633,OH,OHIO,0.1469992,353633291.0187056
34,2021,36,5865.326409510904,202.529270966836,OK,OKLAHOMA,0.1469992,862198.2899369752
35,2021,37,0.0,0.0,OR,OREGON,0.1469992,0.0
36,2021,38,26597.30667151265,119.09533607878652,PA,PENNSYLVANIA,0.1469992,3909782.8028670223
37,2021,39,0.0,0.0,RI,RHODE ISLAND,0.1469992,0.0
38,2021,40,27516.29579626291,460.1249354200306,SC,SOUTH CAROLINA,0.1469992,4044873.469014011
39,2021,41,2760897.919435339,26523.16990570216,SD,SOUTH DAKOTA,0.1469992,405849785.43865925
40,2021,42,383900.2895297297,2858.965169142606,TN,TENNESSEE,0.1469992,56433035.44063864
41,2021,43,11344.915139832745,513.1371776984508,TX,TEXAS,0.1469992,1667693.4496233016
42,2021,44,0.0,0.0,UT,UTAH,0.1469992,0.0
43,2021,45,0.0,0.0,VT,VERMONT,0.1469992,0.0
44,2021,46,76629.28768807332,566.0311390375247,VA,VIRGINIA,0.1469992,11264443.986716628
45,2021,47,0.0,0.0,WA,WASHINGTON,0.1469992,0.0
46,2021,48,16363.273020930386,65.22194268326992,WV,WEST VIRGINIA,0.1469992,2405388.04345835
47,2021,49,410771.6004394269,5232.814246670604,WI,WISCONSIN,0.1469992,60383096.6473154
48,2021,50,514115.7606200787,17361.732288751788,WY,WYOMING,0.1469992,75574605.51854306
49,2022,0,531.8153560619182,60.03586791493084,AL,ALABAMA,0.1504824,80028.851137052
50,2022,2,0.0,0.0,AZ,ARIZONA,0.1504824,0.0
51,2022,3,143735.41090866987,3034.3531280443885,AR,ARKANSAS,0.1504824,21629649.59852282
52,2022,4,0.0,0.0,CA,CALIFORNIA,0.1504824,0.0
53,2022,5,57011.25274686958,1202.752580392131,CO,COLORADO,0.1504824,8579190.140355526
54,2022,6,0.0,0.0,CT,CONNECTICUT,0.1504824,0.0
55,2022,7,0.0,0.0,DE,DELAWARE,0.1504824,0.0
56,2022,8,0.0,0.0,DC,DISTRICT OF COLUMBIA,0.1504824,0.0
57,2022,9,0.0,0.0,FL,FLORIDA,0.1504824,0.0
58,2022,10,0.0,0.0,GA,GEORGIA,0.1504824,0.0
59,2022,12,0.0,0.0,ID,IDAHO,0.1504824,0.0
60,2022,13,6285275.491142778,38950.15587499233,IL,ILLINOIS,0.1504824,945823340.5683439
61,2022,14,5233373.979385212,23212.69831203969,IN,INDIANA,0.1504824,787530676.5154371
62,2022,15,404836.720941833,4550.623204564134,IA,IOWA,0.1504824,60920801.37545728
63,2022,16,9421.54715100284,139.7415700262858,KS,KANSAS,0.1504824,1417777.0269960696
64,2022,17,1413522.798773509,7377.669089216371,KY,KENTUCKY,0.1504824,212710303.2141547
65,2022,18,140211.70581622014,2982.522056188557,LA,LOUISIANA,0.1504824,21099393.999318764
66,2022,19,0.0,0.0,ME,MAINE,0.1504824,0.0
67,2022,20,418.1640627229048,6.470225209771505,MD,MARYLAND,0.1504824,62926.33175229325
68,2022,21,0.0,0.0,MA,MASSACHUSETTS,0.1504824,0.0
69,2022,22,474637.2314772786,1997.161180327439,MI,MICHIGAN,0.1504824,71424549.72205642
70,2022,23,1263006.8293634895,10613.031746972569,MN,MINNESOTA,0.1504824,190060298.89900836
71,2022,24,244124.30022241492,3661.556409953977,MS,MISSISSIPPI,0.1504824,36736410.59578953
72,2022,25,774866.077241055,7106.390349501593,MO,MISSOURI,0.1504824,116603706.98181933
73,2022,26,439953.8410652733,8890.085978966663,MT,MONTANA,0.1504824,66205309.89272088
74,2022,27,36813.38122569784,569.8723102625376,NE,NEBRASKA,0.1504824,5539765.958957953
75,2022,28,0.0,0.0,NV,NEVADA,0.1504824,0.0
76,2022,29,0.0,0.0,NH,NEW HAMPSHIRE,0.1504824,0.0
77,2022,30,137.84257289049856,1.142754958209921,NJ,NEW JERSEY,0.1504824,20742.88119073716
78,2022,31,0.0,0.0,NM,NEW MEXICO,0.1504824,0.0
79,2022,32,3040.8417179563394,26.450030044443,NY,NEW YORK,0.1504824,457593.15973819303
80,2022,33,0.0,0.0,NC,NORTH CAROLINA,0.1504824,0.0
81,2022,34,198346.27944145448,2368.370886378073,ND,NORTH DAKOTA,0.1504824,29847624.161420725
82,2022,35,6031254.656929111,20543.071243558243,OH,OHIO,0.1504824,907597675.7858692
83,2022,36,2272.4716093070574,62.91135606185865,OK,OKLAHOMA,0.1504824,341966.9817003883
84,2022,37,0.0,0.0,OR,OREGON,0.1504824,0.0
85,2022,38,87427.43427998721,467.485079325123,PA,PENNSYLVANIA,0.1504824,13156290.136294747
86,2022,39,0.0,0.0,RI,RHODE ISLAND,0.1504824,0.0
87,2022,40,0.0,0.0,SC,SOUTH CAROLINA,0.1504824,0.0
88,2022,41,586435.1201681212,7732.770141524006,SD,SOUTH DAKOTA,0.1504824,88248164.32718728
89,2022,42,905799.3437206534,5499.010453498241,TN,TENNESSEE,0.1504824,136306859.16150886
90,2022,43,23198.266960724024,802.7935835131902,TX,TEXAS,0.1504824,3490930.888090457
91,2022,44,0.0,0.0,UT,UTAH,0.1504824,0.0
92,2022,45,0.0,0.0,VT,VERMONT,0.1504824,0.0
93,2022,46,111.65991769698148,6.619500247557199,VA,VIRGINIA,0.1504824,16802.852398844247
94,2022,47,0.0,0.0,WA,WASHINGTON,0.1504824,0.0
95,2022,48,130.490825972064,2.427611324498704,WV,WEST VIRGINIA,0.1504824,19636.57267025852
96,2022,49,46349.69605863698,452.48325164081376,WI,WISCONSIN,0.1504824,6974813.502174234
97,2022,50,177966.21201492485,6236.343894113701,WY,WYOMING,0.1504824,26780782.702914726
98,2023,0,0.0,0.0,AL,ALABAMA,0.1539656,0.0
99,2023,2,0.0,0.0,AZ,ARIZONA,0.1539656,0.0
100,2023,3,10587.484675934566,200.6188242414776,AR,ARKANSAS,0.1539656,1630108.430621071
101,2023,4,0.0,0.0,CA,CALIFORNIA,0.1539656,0.0
102,2023,5,45846.12601655271,1042.321128447127,CO,COLORADO,0.1539656,7058726.29981415
103,2023,6,0.0,0.0,CT,CONNECTICUT,0.1539656,0.0
104,2023,7,0.0,0.0,DE,DELAWARE,0.1539656,0.0
105,2023,8,0.0,0.0,DC,DISTRICT OF COLUMBIA,0.1539656,0.0
106,2023,9,0.0,0.0,FL,FLORIDA,0.1539656,0.0
107,2023,10,61159.6155724098,448.9630219019757,GA,GEORGIA,0.1539656,9416476.90737542
108,2023,12,0.0,0.0,ID,IDAHO,0.1539656,0.0
109,2023,13,2452781.292802075,17948.212293187342,IL,ILLINOIS,0.1539656,377643943.41504717
110,2023,14,4040984.869916196,20621.68101334581,IN,INDIANA,0.1539656,622172660.0875691
111,2023,15,731181.7554972693,5220.949500201879,IA,IOWA,0.1539656,112576837.69419038
112,2023,16,119060.11861779317,2140.3914913335643,KS,KANSAS,0.1539656,18331162.599059697
113,2023,17,0.0,0.0,KY,KENTUCKY,0.1539656,0.0
114,2023,18,0.0,0.0,LA,LOUISIANA,0.1539656,0.0
115,2023,19,0.0,0.0,ME,MAINE,0.1539656,0.0
116,2023,20,28716.98668911639,158.642914453768,MD,MARYLAND,0.1539656,4421428.085781819
117,2023,21,0.0,0.0,MA,MASSACHUSETTS,0.1539656,0.0
118,2023,22,418486.53712654766,1699.5163598946972,MI,MICHIGAN,0.1539656,64432530.78061119
119,2023,23,1601233.5427826657,10666.925750949598,MN,MINNESOTA,0.1539656,246534883.15465882
120,2023,24,0.0,0.0,MS,MISSISSIPPI,0.1539656,0.0
121,2023,25,229331.36378285132,4763.761771886832,MO,MISSOURI,0.1539656,35309141.02364498
122,2023,26,281702.7280000601,5479.641119072328,MT,MONTANA,0.1539656,43372529.53816605
123,2023,27,180272.41220248092,3400.922475218777,NE,NEBRASKA,0.1539656,27755750.108202297
124,2023,28,0.0,0.0,NV,NEVADA,0.1539656,0.0
125,2023,29,0.0,0.0,NH,NEW HAMPSHIRE,0.1539656,0.0
126,2023,30,4893.98771750208,26.36338269560133,NJ,NEW JERSEY,0.1539656,753505.7553178383
127,2023,31,0.0,0.0,NM,NEW MEXICO,0.1539656,0.0
128,2023,32,1081.810116920035,11.97268876069497,NY,NEW YORK,0.1539656,166561.54373766333
129,2023,33,572282.9207131384,3185.2506766647944,NC,NORTH CAROLINA,0.1539656,88111883.2573508
130,2023,34,289923.633880417,3351.601624360277,ND,NORTH DAKOTA,0.1539656,44638266.244578734
131,2023,35,5401074.277535326,21381.07332885976,OH,OHIO,0.1539656,831579641.785293
132,2023,36,3884.924051650687,116.37490875536636,OK,OKLAHOMA,0.1539656,598144.662566829
133,2023,37,0.0,0.0,OR,OREGON,0.1539656,0.0
134,2023,38,8588.989621006729,46.437508570282205,PA,PENNSYLVANIA,0.1539656,1322408.9403920737
135,2023,39,0.0,0.0,RI,RHODE ISLAND,0.1539656,0.0
136,2023,40,257541.40785658392,1611.690192920362,SC,SOUTH CAROLINA,0.1539656,39652517.38548366
137,2023,41,1223772.2147144224,11822.044405730345,SD,SOUTH DAKOTA,0.1539656,188418823.30183488
138,2023,42,3601.860961898113,22.93085678459888,TN,TENNESSEE,0.1539656,554562.6841152202
139,2023,43,12884.037122475918,422.228541621789,TX,TEXAS,0.1539656,1983698.5059842784
140,2023,44,0.0,0.0,UT,UTAH,0.1539656,0.0
141,2023,45,0.0,0.0,VT,VERMONT,0.1539656,0.0
142,2023,46,79036.22902441176,486.3323868258932,VA,VIRGINIA,0.1539656,12168860.423480973
143,2023,47,0.0,0.0,WA,WASHINGTON,0.1539656,0.0
144,2023,48,0.0,0.0,WV,WEST VIRGINIA,0.1539656,0.0
145,2023,49,284715.6096769206,1551.4269338167462,WI,WISCONSIN,0.1539656,43836409.673272885
146,2023,50,377493.0446526236,13185.79724480898,WY,WYOMING,0.1539656,58120943.115767986
147,2024,0,3920.544680270458,119.30815164224684,AL,ALABAMA,0.1574488,617285.0552549672
148,2024,2,0.0,0.0,AZ,ARIZONA,0.1574488,0.0
149,2024,3,64492.95450815823,1504.664654052298,AR,ARKANSAS,0.1574488,10154338.295764104
150,2024,4,0.0,0.0,CA,CALIFORNIA,0.1574488,0.0
151,2024,5,42520.04747699221,918.2182366380362,CO,COLORADO,0.1574488,6694730.4511954505
152,2024,6,0.0,0.0,CT,CONNECTICUT,0.1574488,0.0
153,2024,7,0.0,0.0,DE,DELAWARE,0.1574488,0.0
154,2024,8,0.0,0.0,DC,DISTRICT OF COLUMBIA,0.1574488,0.0
155,2024,9,0.0,0.0,FL,FLORIDA,0.1574488,0.0
156,2024,10,0.0,0.0,GA,GEORGIA,0.1574488,0.0
157,2024,12,0.0,0.0,ID,IDAHO,0.1574488,0.0
158,2024,13,1812739.5514860407,11897.914251319671,IL,ILLINOIS,0.1574488,285413667.0940153
159,2024,14,2112817.849450761,10302.768534987455,IN,INDIANA,0.1574488,332660635.014603
160,2024,15,162160.2538288792,1093.9413315751322,IA,IOWA,0.1574488,25531937.373052437
161,2024,16,379805.0600233654,4395.6375738109,KS,KANSAS,0.1574488,59799850.93460686
162,2024,17,145745.58130200783,803.0685165537286,KY,KENTUCKY,0.1574488,22947466.88130357
163,2024,18,165533.8568648689,3885.124644271581,LA,LOUISIANA,0.1574488,26063107.122745372
164,2024,19,0.0,0.0,ME,MAINE,0.1574488,0.0
165,2024,20,0.0,0.0,MD,MARYLAND,0.1574488,0.0
166,2024,21,0.0,0.0,MA,MASSACHUSETTS,0.1574488,0.0
167,2024,22,213596.1710766124,1017.0595391871074,MI,MICHIGAN,0.1574488,33630460.820607334
168,2024,23,770426.7398899758,5121.554716149994,MN,MINNESOTA,0.1574488,121302765.68358882
169,2024,24,222374.3253134088,4048.7351165354166,MS,MISSISSIPPI,0.1574488,35012570.67140584
170,2024,25,552740.4407478166,4688.483443927204,MO,MISSOURI,0.1574488,87028319.10721482
171,2024,26,674222.7596056368,12901.295815831529,MT,MONTANA,0.1574488,106155564.432596
172,2024,27,244851.49662482075,4267.866144869072,NE,NEBRASKA,0.1574488,38551574.321782075
173,2024,28,0.0,0.0,NV,NEVADA,0.1574488,0.0
174,2024,29,0.0,0.0,NH,NEW HAMPSHIRE,0.1574488,0.0
175,2024,30,0.0,0.0,NJ,NEW JERSEY,0.1574488,0.0
176,2024,31,0.0,0.0,NM,NEW MEXICO,0.1574488,0.0
177,2024,32,7260.446063413436,34.27043404345348,NY,NEW YORK,0.1574488,1143148.5201491693
178,2024,33,1582.3981802632063,157.96507353034323,NC,NORTH CAROLINA,0.1574488,249146.69460462552
179,2024,34,327493.3021500978,3790.476639660186,ND,NORTH DAKOTA,0.1574488,51563427.431570314
180,2024,35,1431572.189371842,5751.861717448775,OH,OHIO,0.1574488,225399323.32996926
181,2024,36,43868.5732979333,1212.8337777657885,OK,OKLAHOMA,0.1574488,6907054.22347164
182,2024,37,0.0,0.0,OR,OREGON,0.1574488,0.0
183,2024,38,0.0,0.0,PA,PENNSYLVANIA,0.1574488,0.0
184,2024,39,0.0,0.0,RI,RHODE ISLAND,0.1574488,0.0
185,2024,40,461.0378461017176,14.527292933372138,SC,SOUTH CAROLINA,0.1574488,72589.85562330011
186,2024,41,652644.4513600793,6652.651242205556,SD,SOUTH DAKOTA,0.1574488,102758085.69330285
187,2024,42,78338.62545036474,918.8960886162242,TN,TENNESSEE,0.1574488,12334322.570809389
188,2024,43,36768.775917036764,1408.0255652567232,TX,TEXAS,0.1574488,5789199.645606338
189,2024,44,0.0,0.0,UT,UTAH,0.1574488,0.0
190,2024,45,0.0,0.0,VT,VERMONT,0.1574488,0.0
191,2024,46,0.0,0.0,VA,VIRGINIA,0.1574488,0.0
192,2024,47,0.0,0.0,WA,WASHINGTON,0.1574488,0.0
193,2024,48,6251.472991102727,22.752627196294988,WV,WEST VIRGINIA,0.1574488,984286.920681535
194,2024,49,631867.6409089823,3335.7482000285568,WI,WISCONSIN,0.1574488,99486801.81995016
195,2024,50,442715.6226539804,14698.767827708612,WY,WYOMING,0.1574488,69705043.52812202
196,2025,0,12334.329400224564,173.78093358743246,AL,ALABAMA,0.160932,1984988.2990369396
197,2025,2,0.0,0.0,AZ,ARIZONA,0.160932,0.0
198,2025,3,232912.50320983108,5135.139002747637,AR,ARKANSAS,0.160932,37483074.966564536
199,2025,4,0.0,0.0,CA,CALIFORNIA,0.160932,0.0
200,2025,5,80689.67012632376,1623.677889472669,CO,COLORADO,0.160932,12985549.992769534
201,2025,6,0.0,0.0,CT,CONNECTICUT,0.160932,0.0
202,2025,7,162217.53628442236,784.606279642503,DE,DELAWARE,0.160932,26105992.549324658
203,2025,8,0.0,0.0,DC,DISTRICT OF COLUMBIA,0.160932,0.0
204,2025,9,23.65335348289802,8.934672280650897,FL,FLORIDA,0.160932,3806.581482709744
205,2025,10,0.0,0.0,GA,GEORGIA,0.160932,0.0
206,2025,12,0.0,0.0,ID,IDAHO,0.160932,0.0
207,2025,13,691636.961188586,6695.728539843472,IL,ILLINOIS,0.160932,111306519.43800151
208,2025,14,650033.7728195145,10165.694481170964,IN,INDIANA,0.160932,104611235.1273901
209,2025,15,592442.2161525316,5293.918716054026,IA,IOWA,0.160932,95342910.72985919
210,2025,16,115134.57606018966,1136.036798923937,KS,KANSAS,0.160932,18528837.59451844
211,2025,17,330714.6046947003,2035.1011006192705,KY,KENTUCKY,0.160932,53222562.76272751
212,2025,18,298455.4825530304,4570.397308252727,LA,LOUISIANA,0.160932,48031037.718224294
213,2025,19,0.0,0.0,ME,MAINE,0.160932,0.0
214,2025,20,214945.4245048281,846.8884336798349,MD,MARYLAND,0.160932,34591597.05641099
215,2025,21,0.0,0.0,MA,MASSACHUSETTS,0.160932,0.0
216,2025,22,77852.07123782924,748.600099645744,MI,MICHIGAN,0.160932,12528889.528446333
217,2025,23,130455.5764948682,1348.2104330474697,MN,MINNESOTA,0.160932,20994476.836472128
218,2025,24,388232.0802773546,5640.059325116923,MS,MISSISSIPPI,0.160932,62478965.14319523
219,2025,25,264728.4991238799,3318.245493989237,MO,MISSOURI,0.160932,42603286.821004234
220,2025,26,557756.9619408196,13196.944428156428,MT,MONTANA,0.160932,89760943.39905998
221,2025,27,462745.0177922183,6471.972720954309,NE,NEBRASKA,0.160932,74470481.20333728
222,2025,28,0.0,0.0,NV,NEVADA,0.160932,0.0
223,2025,29,0.0,0.0,NH,NEW HAMPSHIRE,0.160932,0.0
224,2025,30,7508.078050083046,36.86380813590309,NJ,NEW JERSEY,0.160932,1208290.0167559646
225,2025,31,0.0,0.0,NM,NEW MEXICO,0.160932,0.0
226,2025,32,2321.2018622099563,27.949779650221256,NY,NEW YORK,0.160932,373555.6580891726
227,2025,33,6411.303409384147,278.2959446788573,NC,NORTH CAROLINA,0.160932,1031783.8802790096
228,2025,34,122433.36507013605,1666.2384301059894,ND,NORTH DAKOTA,0.160932,19703446.307467133
229,2025,35,256136.4327201278,2934.9737506904034,OH,OHIO,0.160932,41220548.39051561
230,2025,36,9133.497218391976,248.70230065716643,OK,OKLAHOMA,0.160932,1469871.9743502573
231,2025,37,0.0,0.0,OR,OREGON,0.160932,0.0
232,2025,38,149462.47416605326,1216.132365098484,PA,PENNSYLVANIA,0.160932,24053294.89249128
233,2025,39,0.0,0.0,RI,RHODE ISLAND,0.160932,0.0
234,2025,40,49.76048121483962,4.520486336469452,SC,SOUTH CAROLINA,0.160932,8008.05376286657
235,2025,41,525887.5993018823,6364.347043993235,SD,SOUTH DAKOTA,0.160932,84632143.13085052
236,2025,42,547309.3531907586,4870.390319491896,TN,TENNESSEE,0.160932,88079588.82769516
237,2025,43,26909.46390268648,852.956534745483,TX,TEXAS,0.160932,4330593.84478714
238,2025,44,0.0,0.0,UT,UTAH,0.160932,0.0
239,2025,45,0.0,0.0,VT,VERMONT,0.160932,0.0
240,2025,46,159059.06478912832,1055.161223911471,VA,VIRGINIA,0.160932,25597693.414643995
241,2025,47,0.0,0.0,WA,WASHINGTON,0.160932,0.0
242,2025,48,0.0,0.0,WV,WEST VIRGINIA,0.160932,0.0
243,2025,49,194857.30004611635,1705.561935919195,WI,WISCONSIN,0.160932,31358775.011021595
244,2025,50,384473.08245573903,15560.334877904132,WY,WYOMING,0.160932,61874022.10576699
245,2026,0,353884.6818673703,2227.9885411737205,AL,ALABAMA,0.165831,58685050.678747885
246,2026,2,0.0,0.0,AZ,ARIZONA,0.165831,0.0
247,2026,3,317817.8732150313,6309.859708502203,AR,ARKANSAS,0.165831,52704055.73312185
248,2026,4,0.0,0.0,CA,CALIFORNIA,0.165831,0.0
249,2026,5,71873.82064337116,1478.9755184890046,CO,COLORADO,0.165831,11918907.551110884
250,2026,6,0.0,0.0,CT,CONNECTICUT,0.165831,0.0
251,2026,7,41272.09500904068,854.804596350903,DE,DELAWARE,0.165831,6844192.787444225
252,2026,8,0.0,0.0,DC,DISTRICT OF COLUMBIA,0.165831,0.0
253,2026,9,9814.068905535489,88.85871481111924,FL,FLORIDA,0.165831,1627476.8606738558
254,2026,10,81706.6595672562,1055.014496196576,GA,GEORGIA,0.165831,13549497.062697662
255,2026,12,0.0,0.0,ID,IDAHO,0.165831,0.0
256,2026,13,298816.3568806814,2403.9384214088886,IL,ILLINOIS,0.165831,49553015.27788028
257,2026,14,1390638.5823336267,9316.594234157146,IN,INDIANA,0.165831,230610986.74696767
258,2026,15,29934.86947852281,500.3902919365728,IA,IOWA,0.165831,4964129.340492916
259,2026,16,39833.16174203469,366.5017169938941,KS,KANSAS,0.165831,6605573.044843354
260,2026,17,1035754.6654834768,6286.515232303089,KY,KENTUCKY,0.165831,171760231.93179047
261,2026,18,351417.6946981622,5333.152490740064,LA,LOUISIANA,0.165831,58275947.729490936
262,2026,19,0.0,0.0,ME,MAINE,0.165831,0.0
263,2026,20,107344.77963900384,1212.825028813602,MD,MARYLAND,0.165831,17801092.152315646
264,2026,21,0.0,0.0,MA,MASSACHUSETTS,0.165831,0.0
265,2026,22,12259.871630925554,140.33892618465654,MI,MICHIGAN,0.165831,2033066.7724280157
266,2026,23,71294.57004145907,1190.94448347614,MN,MINNESOTA,0.165831,11822849.844545199
267,2026,24,663071.1175789506,8497.04295913094,MS,MISSISSIPPI,0.165831,109957746.49923497
268,2026,25,268720.47803513403,2214.44991654999,MO,MISSOURI,0.165831,44562185.59304431
269,2026,26,476320.4220018708,9954.683436013394,MT,MONTANA,0.165831,78988691.90099224
270,2026,27,10142.340262620974,494.29470996822056,NE,NEBRASKA,0.165831,1681914.4280906988
271,2026,28,0.0,0.0,NV,NEVADA,0.165831,0.0
272,2026,29,0.0,0.0,NH,NEW HAMPSHIRE,0.165831,0.0
273,2026,30,36708.484619812654,401.8464891887036,NJ,NEW JERSEY,0.165831,6087404.712988152
274,2026,31,0.0,0.0,NM,NEW MEXICO,0.165831,0.0
275,2026,32,0.0,0.0,NY,NEW YORK,0.165831,0.0
276,2026,33,127758.18846425132,2266.724940505382,NC,NORTH CAROLINA,0.165831,21186268.151215263
277,2026,34,37368.40150950306,721.8294872417047,ND,NORTH DAKOTA,0.165831,6196839.390722402
278,2026,35,546779.5238934208,4428.013869393403,OH,OHIO,0.165831,90672995.22676986
279,2026,36,8956.624687569329,246.6122921132161,OK,OKLAHOMA,0.165831,1485286.0285643095
280,2026,37,0.0,0.0,OR,OREGON,0.165831,0.0
281,2026,38,15493.092373263618,212.1695952091011,PA,PENNSYLVANIA,0.165831,2569235.001350679
282,2026,39,0.0,0.0,RI,RHODE ISLAND,0.165831,0.0
283,2026,40,237039.96102329865,2301.3331414281674,SC,SOUTH CAROLINA,0.165831,39308573.77645464
284,2026,41,100474.18361978224,1696.4079220930275,SD,SOUTH DAKOTA,0.165831,16661734.343852108
285,2026,42,1257212.002744584,8185.791735268492,TN,TENNESSEE,0.165831,208484723.62713712
286,2026,43,32499.207331509577,929.0436097628404,TX,TEXAS,0.165831,5389376.050991565
287,2026,44,0.0,0.0,UT,UTAH,0.165831,0.0
288,2026,45,0.0,0.0,VT,VERMONT,0.165831,0.0
289,2026,46,81253.3469077346,994.0467737753786,VA,VIRGINIA,0.165831,13474323.771056535
290,2026,47,0.0,0.0,WA,WASHINGTON,0.165831,0.0
291,2026,48,14027.820442107872,71.93177995713958,WV,WEST VIRGINIA,0.165831,2326247.4917351906
292,2026,49,23428.7859725983,320.4325280728449,WI,WISCONSIN,0.165831,3885219.006621949
293,2026,50,289635.99643381656,12472.498161172449,WY,WYOMING,0.165831,48030626.92461623
294,2027,0,0.0,0.0,AL,ALABAMA,0.17073,0.0
295,2027,2,0.0,0.0,AZ,ARIZONA,0.17073,0.0
296,2027,3,116052.95270769144,2908.5713243279924,AR,ARKANSAS,0.17073,19813720.615784157
297,2027,4,0.0,0.0,CA,CALIFORNIA,0.17073,0.0
298,2027,5,68833.93096955698,1381.7323751709655,CO,COLORADO,0.17073,11752017.034432463
299,2027,6,0.0,0.0,CT,CONNECTICUT,0.17073,0.0
300,2027,7,175918.17960327218,659.0522311550544,DE,DELAWARE,0.17073,30034510.803666655
301,2027,8,0.0,0.0,DC,DISTRICT OF COLUMBIA,0.17073,0.0
302,2027,9,0.0,0.0,FL,FLORIDA,0.17073,0.0
303,2027,10,43293.30050627475,373.2652753697938,GA,GEORGIA,0.17073,7391465.195436287
304,2027,12,0.0,0.0,ID,IDAHO,0.17073,0.0
305,2027,13,8221574.444118952,49504.0590372562,IL,ILLINOIS,0.17073,1403669404.8444288
306,2027,14,8528915.114802884,32063.282969679058,IN,INDIANA,0.17073,1456141677.5502963
307,2027,15,5634786.578111635,39255.96122557868,IA,IOWA,0.17073,962027112.4809992
308,2027,16,92757.16859816387,913.64779737797,KS,KANSAS,0.17073,15836431.394764517
309,2027,17,1629200.3590758238,8456.60749368059,KY,KENTUCKY,0.17073,278153377.3050154
310,2027,18,10847.938009192814,257.41466775642,LA,LOUISIANA,0.17073,1852068.4563094892
311,2027,19,0.0,0.0,ME,MAINE,0.17073,0.0
312,2027,20,253451.0559357903,829.0662268800055,MD,MARYLAND,0.17073,43271698.77991748
313,2027,21,0.0,0.0,MA,MASSACHUSETTS,0.17073,0.0
314,2027,22,585509.0910174994,2480.775099731218,MI,MICHIGAN,0.17073,99963967.10941768
315,2027,23,4868808.58836945,34599.93667226744,MN,MINNESOTA,0.17073,831251690.2923161
316,2027,24,2636.1839410265807,59.80224083398674,MS,MISSISSIPPI,0.17073,450075.68425146805
317,2027,25,2020875.0887106035,14241.878849450217,MO,MISSOURI,0.17073,345024003.89556134
318,2027,26,413931.2245827328,8340.16355926955,MT,MONTANA,0.17073,70670477.97300997
319,2027,27,442296.6058646468,5667.867537672949,NE,NEBRASKA,0.17073,75513299.51927115
320,2027,28,0.0,0.0,NV,NEVADA,0.17073,0.0
321,2027,29,0.0,0.0,NH,NEW HAMPSHIRE,0.17073,0.0
322,2027,30,91112.04118911148,376.5712116359463,NJ,NEW JERSEY,0.17073,15555558.792217001
323,2027,31,0.0,0.0,NM,NEW MEXICO,0.17073,0.0
324,2027,32,7507.19273058907,56.02591248279609,NY,NEW YORK,0.17073,1281703.014893472
325,2027,33,181847.68915709323,1621.1051562641142,NC,NORTH CAROLINA,0.17073,31046855.969790526
326,2027,34,563134.2498561041,6943.202891880121,ND,NORTH DAKOTA,0.17073,96143910.47793266
327,2027,35,5556189.557868313,19516.68011574928,OH,OHIO,0.17073,948608243.214857
328,2027,36,18132.95789989322,508.391673329206,OK,OKLAHOMA,0.17073,3095839.9022487695
329,2027,37,0.0,0.0,OR,OREGON,0.17073,0.0
330,2027,38,115159.3076529754,851.3872413253908,PA,PENNSYLVANIA,0.17073,19661148.59559249
331,2027,39,0.0,0.0,RI,RHODE ISLAND,0.17073,0.0
332,2027,40,9408.444832259467,104.94899042059753,SC,SOUTH CAROLINA,0.17073,1606303.7862116587
333,2027,41,2064612.826374269,19763.01577882832,SD,SOUTH DAKOTA,0.17073,352491347.84687895
334,2027,42,329412.3111315969,2435.749284510416,TN,TENNESSEE,0.17073,56240563.87949754
335,2027,43,31019.56711782419,1090.9886832345544,TX,TEXAS,0.17073,5295970.694026124
336,2027,44,0.0,0.0,UT,UTAH,0.17073,0.0
337,2027,45,0.0,0.0,VT,VERMONT,0.17073,0.0
338,2027,46,193242.685769824,637.2051826439598,VA,VIRGINIA,0.17073,32992323.74148205
339,2027,47,0.0,0.0,WA,WASHINGTON,0.17073,0.0
340,2027,48,26221.3068666513,77.29917951166115,WV,WEST VIRGINIA,0.17073,4476763.721343377
341,2027,49,1123671.1581465094,6988.799451397184,WI,WISCONSIN,0.17073,191844376.83035356
342,2027,50,475371.7343200658,15712.436694001564,WY,WYOMING,0.17073,81160216.20046483
343,2028,0,429405.76813289936,2963.3569712074304,AL,ALABAMA,0.175629,75416105.65141298
344,2028,2,0.0,0.0,AZ,ARIZONA,0.175629,0.0
345,2028,3,202993.8412972697,4667.920556743446,AR,ARKANSAS,0.175629,35651605.353198186
346,2028,4,0.0,0.0,CA,CALIFORNIA,0.175629,0.0
347,2028,5,95075.22022652862,1908.4847837849625,CO,COLORADO,0.175629,16697965.853164995
348,2028,6,0.0,0.0,CT,CONNECTICUT,0.175629,0.0
349,2028,7,65608.6340157936,427.2859047376482,DE,DELAWARE,0.175629,11522778.783559816
350,2028,8,0.0,0.0,DC,DISTRICT OF COLUMBIA,0.175629,0.0
351,2028,9,30280.94501471909,203.7250912605844,FL,FLORIDA,0.175629,5318212.091990099
352,2028,10,188082.7583834887,2442.692407045049,GA,GEORGIA,0.175629,33032786.772133734
353,2028,12,0.0,0.0,ID,IDAHO,0.175629,0.0
354,2028,13,9244853.411506709,51427.21863938954,IL,ILLINOIS,0.175629,1623664359.8095117
355,2028,14,8780463.212031934,33337.13027297283,IN,INDIANA,0.175629,1542103973.4659567
356,2028,15,8588592.167403687,51520.26026643941,IA,IOWA,0.175629,1508405853.768942
357,2028,16,1655865.9057152309,15085.359796960392,KS,KANSAS,0.175629,290818073.1548603
358,2028,17,2331785.789047872,12946.923006826197,KY,KENTUCKY,0.175629,409529206.3446887
359,2028,18,196974.92183178465,3367.7527787774966,LA,LOUISIANA,0.175629,34594508.54639451
360,2028,19,0.0,0.0,ME,MAINE,0.175629,0.0
361,2028,20,92625.83006323288,462.6325533127176,MD,MARYLAND,0.175629,16267781.908175526
362,2028,21,0.0,0.0,MA,MASSACHUSETTS,0.175629,0.0
363,2028,22,670051.7267217066,2621.438976847307,MI,MICHIGAN,0.175629,117680514.71240659
364,2028,23,5293255.143740536,35074.29699519596,MN,MINNESOTA,0.175629,929649107.6400065
365,2028,24,544756.8907507779,8152.52210103837,MS,MISSISSIPPI,0.175629,95675107.96566838
366,2028,25,4094142.8629978416,29184.99431115031,MO,MISSOURI,0.175629,719050216.8854479
367,2028,26,812032.6075597194,14837.72294714666,MT,MONTANA,0.175629,142616474.83310595
368,2028,27,1005890.1306764826,11884.725608623095,NE,NEBRASKA,0.175629,176663477.76057997
369,2028,28,0.0,0.0,NV,NEVADA,0.175629,0.0
370,2028,29,40.99541100446519,0.7625473988779156,NH,NEW HAMPSHIRE,0.175629,7199.983039303217
371,2028,30,23408.95426896349,115.0172562435948,NJ,NEW JERSEY,0.175629,4111291.229303789
372,2028,31,0.0,0.0,NM,NEW MEXICO,0.175629,0.0
373,2028,32,8269.362423980328,43.19527300196982,NY,NEW YORK,0.175629,1452339.8531612412
374,2028,33,262579.7521162449,1716.6378938675268,NC,NORTH CAROLINA,0.175629,46116619.28442398
375,2028,34,833503.7357988122,9635.54587607682,ND,NORTH DAKOTA,0.175629,146387427.6146096
376,2028,35,9543621.28820661,28322.203835614902,OH,OHIO,0.175629,1676136663.226439
377,2028,36,144187.62648220512,4344.70828451192,OK,OKLAHOMA,0.175629,25323528.651443206
378,2028,37,0.0,0.0,OR,OREGON,0.175629,0.0
379,2028,38,681906.5824184003,2586.487314835704,PA,PENNSYLVANIA,0.175629,119762571.16356122
380,2028,39,0.0,0.0,RI,RHODE ISLAND,0.175629,0.0
381,2028,40,59428.17576848432,1061.1144167231696,SC,SOUTH CAROLINA,0.175629,10437311.082043132
382,2028,41,2155276.418284873,20642.06384587936,SD,SOUTH DAKOTA,0.175629,378529042.06695396
383,2028,42,1280989.1956169817,9624.447585989685,TN,TENNESSEE,0.175629,224978851.4370149
384,2028,43,41691.87237625741,1370.583741608012,TX,TEXAS,0.175629,7322301.8535697125
385,2028,44,0.0,0.0,UT,UTAH,0.175629,0.0
386,2028,45,0.0,0.0,VT,VERMONT,0.175629,0.0
387,2028,46,69877.06718129218,307.22082418165934,VA,VIRGINIA,0.175629,12272439.431983164
388,2028,47,0.0,0.0,WA,WASHINGTON,0.175629,0.0
389,2028,48,79654.90492219629,300.4590554755858,WV,WEST VIRGINIA,0.175629,13989711.296580415
390,2028,49,1443279.1005683283,7319.261885741551,WI,WISCONSIN,0.175629,253481665.15371495
391,2028,50,487018.57107653504,17845.573288042928,WY,WYOMING,0.175629,85534584.61960077
392,2029,0,628.8059504468093,56.43108803235637,AL,ALABAMA,0.180528,113517.08062226158
393,2029,2,0.0,0.0,AZ,ARIZONA,0.180528,0.0
394,2029,3,9546.518960241325,225.24226468169303,AR,ARKANSAS,0.180528,1723413.9748544458
395,2029,4,0.0,0.0,CA,CALIFORNIA,0.180528,0.0
396,2029,5,78183.20155354925,1574.4809382039475,CO,COLORADO,0.180528,14114257.01005914
397,2029,6,0.0,0.0,CT,CONNECTICUT,0.180528,0.0
398,2029,7,0.0,0.0,DE,DELAWARE,0.180528,0.0
399,2029,8,0.0,0.0,DC,DISTRICT OF COLUMBIA,0.180528,0.0
400,2029,9,1460.678081072915,67.96665085723886,FL,FLORIDA,0.180528,263693.29261993116
401,2029,10,3120.1170284353816,71.17223762553746,GA,GEORGIA,0.180528,563268.4869093825
402,2029,12,0.0,0.0,ID,IDAHO,0.180528,0.0
403,2029,13,2781051.8227573787,24384.498819406326,IL,ILLINOIS,0.180528,502057723.45874405
404,2029,14,1292505.3544609882,13165.91589969755,IN,INDIANA,0.180528,233333406.63013327
405,2029,15,7957210.980657729,48928.38459046713,IA,IOWA,0.180528,1436499383.9161785
406,2029,16,1035342.1603957088,10807.370427795637,KS,KANSAS,0.180528,186908249.5319165
407,2029,17,0.0,0.0,KY,KENTUCKY,0.180528,0.0
408,2029,18,0.0,0.0,LA,LOUISIANA,0.180528,0.0
409,2029,19,0.0,0.0,ME,MAINE,0.180528,0.0
410,2029,20,0.0,0.0,MD,MARYLAND,0.180528,0.0
411,2029,21,0.0,0.0,MA,MASSACHUSETTS,0.180528,0.0
412,2029,22,359810.7101606028,2527.055486680879,MI,MICHIGAN,0.180528,64955907.8838733
413,2029,23,4507772.925151532,30178.48362879156,MN,MINNESOTA,0.180528,813779230.6317556
414,2029,24,1159.5085240971148,22.30200764972365,MS,MISSISSIPPI,0.180528,209323.75483820392
415,2029,25,767259.9120877134,8208.949973327688,MO,MISSOURI,0.180528,138511897.40937072
416,2029,26,623534.2209724507,12805.098568546067,MT,MONTANA,0.180528,112565385.84371458
417,2029,27,1018207.2445602566,12327.212444653298,NE,NEBRASKA,0.180528,183814917.445974
418,2029,28,0.0,0.0,NV,NEVADA,0.180528,0.0
419,2029,29,44.55981621240449,0.7353137427929222,NH,NEW HAMPSHIRE,0.180528,8044.294501192958
420,2029,30,0.0,0.0,NJ,NEW JERSEY,0.180528,0.0
421,2029,31,0.0,0.0,NM,NEW MEXICO,0.180528,0.0
422,2029,32,0.0,0.0,NY,NEW YORK,0.180528,0.0
423,2029,33,0.0,0.0,NC,NORTH CAROLINA,0.180528,0.0
424,2029,34,726426.898918722,8406.945149674542,ND,NORTH DAKOTA,0.180528,131140395.20799905
425,2029,35,1521466.9717825337,9329.090935030776,OH,OHIO,0.180528,274667389.4819572
426,2029,36,13552.464767084466,371.3810282249016,OK,OKLAHOMA,0.180528,2446599.3594722245
427,2029,37,0.0,0.0,OR,OREGON,0.180528,0.0
428,2029,38,0.0,0.0,PA,PENNSYLVANIA,0.180528,0.0
429,2029,39,0.0,0.0,RI,RHODE ISLAND,0.180528,0.0
430,2029,40,0.0,0.0,SC,SOUTH CAROLINA,0.180528,0.0
431,2029,41,2149602.8069882,20554.65678305575,SD,SOUTH DAKOTA,0.180528,388063495.5399658
432,2029,42,0.0,0.0,TN,TENNESSEE,0.180528,0.0
433,2029,43,3847.8192017107663,130.01652958893104,TX,TEXAS,0.180528,694639.1048464412
434,2029,44,0.0,0.0,UT,UTAH,0.180528,0.0
435,2029,45,0.0,0.0,VT,VERMONT,0.180528,0.0
436,2029,46,0.0,0.0,VA,VIRGINIA,0.180528,0.0
437,2029,47,0.0,0.0,WA,WASHINGTON,0.180528,0.0
438,2029,48,0.0,0.0,WV,WEST VIRGINIA,0.180528,0.0
439,2029,49,440550.0668080993,2769.417519321387,WI,WISCONSIN,0.180528,79531622.46073255
440,2029,50,346660.0056772093,13197.95326432542,WY,WYOMING,0.180528,62581837.50489524
441,2030,0,317258.7173319502,2155.224746497317,AL,ALABAMA,0.185427,58828332.17871153
442,2030,2,0.0,0.0,AZ,ARIZONA,0.185427,0.0
443,2030,3,74432.11467295745,1943.353837838867,AR,ARKANSAS,0.185427,13801723.727462482
444,2030,4,0.0,0.0,CA,CALIFORNIA,0.185427,0.0
445,2030,5,92424.58179679456,1916.8034036500312,CO,COLORADO,0.185427,17138012.928834226
446,2030,6,0.0,0.0,CT,CONNECTICUT,0.185427,0.0
447,2030,7,3186.5532423273644,30.801546096221657,DE,DELAWARE,0.185427,590873.0080650361
448,2030,8,0.0,0.0,DC,DISTRICT OF COLUMBIA,0.185427,0.0
449,2030,9,8785.070326960671,85.0326857369213,FL,FLORIDA,0.185427,1628989.2355173365
450,2030,10,114209.28897382936,1213.8956234225525,GA,GEORGIA,0.185427,21177485.826550256
451,2030,12,0.0,0.0,ID,IDAHO,0.185427,0.0
452,2030,13,460904.27989886,4494.817338053015,IL,ILLINOIS,0.185427,85464097.90880592
453,2030,14,177608.60277312435,1533.2303831030365,IN,INDIANA,0.185427,32933430.38641213
454,2030,15,992956.0053110232,11265.599524133728,IA,IOWA,0.185427,184120853.19680712
455,2030,16,253354.0704642272,2339.5791148807884,KS,KANSAS,0.185427,46978685.22397026
456,2030,17,398363.9736415935,2620.761070837779,KY,KENTUCKY,0.185427,73867436.54043975
457,2030,18,363751.5184157851,6917.9585829343805,LA,LOUISIANA,0.185427,67449352.80528378
458,2030,19,0.0,0.0,ME,MAINE,0.185427,0.0
459,2030,20,1311.2805188468606,16.53899680423848,MD,MARYLAND,0.185427,243146.81276821683
460,2030,21,0.0,0.0,MA,MASSACHUSETTS,0.185427,0.0
461,2030,22,25441.79428139525,417.4534308854024,MI,MICHIGAN,0.185427,4717595.588216277
462,2030,23,839642.5574789005,6782.067705720965,MN,MINNESOTA,0.185427,155692400.5056401
463,2030,24,600622.3555239578,7912.010628275409,MS,MISSISSIPPI,0.185427,111371601.51774092
464,2030,25,880703.5869893209,7631.037657769876,MO,MISSOURI,0.185427,163306224.0246688
465,2030,26,806200.026728269,13633.742540427593,MT,MONTANA,0.185427,149491252.35614273
466,2030,27,656742.7307825787,9107.024375673956,NE,NEBRASKA,0.185427,121777834.34082122
467,2030,28,0.0,0.0,NV,NEVADA,0.185427,0.0
468,2030,29,0.0,0.0,NH,NEW HAMPSHIRE,0.185427,0.0
469,2030,30,3093.950196339508,30.08360555662368,NJ,NEW JERSEY,0.185427,573701.9030566459
470,2030,31,0.0,0.0,NM,NEW MEXICO,0.185427,0.0
471,2030,32,0.0,0.0,NY,NEW YORK,0.185427,0.0
472,2030,33,435122.4690806323,5929.942597621573,NC,NORTH CAROLINA,0.185427,80683454.07421441
473,2030,34,516660.7247772777,6013.214211365526,ND,NORTH DAKOTA,0.185427,95802848.21327627
474,2030,35,92116.73437214732,1720.2365392816896,OH,OHIO,0.185427,17080929.70442416
475,2030,36,20863.42603537553,650.4687762106812,OK,OKLAHOMA,0.185427,3868642.499461579
476,2030,37,0.0,0.0,OR,OREGON,0.185427,0.0
477,2030,38,2185.434225895135,60.94616006056097,PA,PENNSYLVANIA,0.185427,405238.51220505725
478,2030,39,0.0,0.0,RI,RHODE ISLAND,0.185427,0.0
479,2030,40,299859.44760737097,4317.813308283789,SC,SOUTH CAROLINA,0.185427,55602037.79149198
480,2030,41,1262290.4584952963,14002.253112063656,SD,SOUTH DAKOTA,0.185427,234062732.8474073
481,2030,42,598149.5862937903,4234.795527298181,TN,TENNESSEE,0.185427,110913083.33769864
482,2030,43,23239.39960200825,974.9177793488489,TX,TEXAS,0.185427,4309212.150001584
483,2030,44,0.0,0.0,UT,UTAH,0.185427,0.0
484,2030,45,0.0,0.0,VT,VERMONT,0.185427,0.0
485,2030,46,12156.368071378389,129.72411019896356,VA,VIRGINIA,0.185427,2254118.8623714806
486,2030,47,0.0,0.0,WA,WASHINGTON,0.185427,0.0
487,2030,48,0.0,0.0,WV,WEST VIRGINIA,0.185427,0.0
488,2030,49,7536.836504715351,79.84095941924434,WI,WISCONSIN,0.185427,1397532.9825598535
489,2030,50,446858.462604289,16687.827714280313,WY,WYOMING,0.185427,82859624.1453255
490,2031,0,0.0,0.0,AL,ALABAMA,0.1814418,0.0
491,2031,2,0.0,0.0,AZ,ARIZONA,0.1814418,0.0
492,2031,3,5112.010931610672,105.02926514083542,AR,ARKANSAS,0.1814418,927532.4650511171
493,2031,4,0.0,0.0,CA,CALIFORNIA,0.1814418,0.0
494,2031,5,87317.65396967327,1839.352717235402,CO,COLORADO,0.1814418,15843072.30803466
495,2031,6,0.0,0.0,CT,CONNECTICUT,0.1814418,0.0
496,2031,7,55883.76100620407,1094.3853815537673,DE,DELAWARE,0.1814418,10139650.187735477
497,2031,8,0.0,0.0,DC,DISTRICT OF COLUMBIA,0.1814418,0.0
498,2031,9,0.0,0.0,FL,FLORIDA,0.1814418,0.0
499,2031,10,0.0,0.0,GA,GEORGIA,0.1814418,0.0
500,2031,12,0.0,0.0,ID,IDAHO,0.1814418,0.0
501,2031,13,5823508.217521479,32857.342371688974,IL,ILLINOIS,0.1814418,1056627813.3018887
502,2031,14,6903470.797587915,26101.82332880981,IN,INDIANA,0.1814418,1252578167.761787
503,2031,15,5917532.105301295,36003.13335605437,IA,IOWA,0.1814418,1073687676.7436565
504,2031,16,604931.2225926307,5496.215451517285,KS,KANSAS,0.1814418,109759809.90340756
505,2031,17,47115.486395272914,270.51717937932966,KY,KENTUCKY,0.1814418,8548718.659433829
506,2031,18,3636.373261652627,105.53921134777906,LA,LOUISIANA,0.1814418,659790.1100661235
507,2031,19,0.0,0.0,ME,MAINE,0.1814418,0.0
508,2031,20,251937.9360895308,2247.8942106136674,MD,MARYLAND,0.1814418,45712072.612369426
509,2031,21,0.0,0.0,MA,MASSACHUSETTS,0.1814418,0.0
510,2031,22,637093.198407601,3077.2323942453413,MI,MICHIGAN,0.1814418,115595336.68683225
511,2031,23,845664.998719581,7194.391897740903,MN,MINNESOTA,0.1814418,153438979.56467846
512,2031,24,0.0,0.0,MS,MISSISSIPPI,0.1814418,0.0
513,2031,25,999227.3202556584,7225.504085257238,MO,MISSOURI,0.1814418,181301603.5963631
514,2031,26,836870.1032546484,14310.986100361735,MT,MONTANA,0.1814418,151843217.90070927
515,2031,27,818030.2641938782,9605.346468289545,NE,NEBRASKA,0.1814418,148424883.5898128
516,2031,28,0.0,0.0,NV,NEVADA,0.1814418,0.0
517,2031,29,16.242716726750068,0.6944629899377496,NH,NEW HAMPSHIRE,0.1814418,2947.10775979164
518,2031,30,220353.61916255904,1228.6316255595589,NJ,NEW JERSEY,0.1814418,39981357.2973692
519,2031,31,0.0,0.0,NM,NEW MEXICO,0.1814418,0.0
520,2031,32,9966.102954218017,57.41674303236771,NY,NEW YORK,0.1814418,1808267.6589986344
521,2031,33,5852.191396274914,445.0769670398772,NC,NORTH CAROLINA,0.1814418,1061832.1408846336
522,2031,34,240343.74982466723,2780.147197966513,ND,NORTH DAKOTA,0.1814418,43608402.58693731
523,2031,35,7337756.652133695,23366.3120968804,OH,OHIO,0.1814418,1331375774.9251113
524,2031,36,9061.98445379134,248.65743141982145,OK,OKLAHOMA,0.1814418,1644222.7708679172
525,2031,37,0.0,0.0,OR,OREGON,0.1814418,0.0
526,2031,38,1114547.7775243917,5667.631235054542,PA,PENNSYLVANIA,0.1814418,202225554.94002515
527,2031,39,0.0,0.0,RI,RHODE ISLAND,0.1814418,0.0
528,2031,40,0.0,0.0,SC,SOUTH CAROLINA,0.1814418,0.0
529,2031,41,983499.0694961944,9843.590372621044,SD,SOUTH DAKOTA,0.1814418,178447841.46771458
530,2031,42,0.0,0.0,TN,TENNESSEE,0.1814418,0.0
531,2031,43,20013.59607495867,642.6555972627466,TX,TEXAS,0.1814418,3631302.896313436
532,2031,44,0.0,0.0,UT,UTAH,0.1814418,0.0
533,2031,45,98.2572399111978,45.66142847676627,VT,VERMONT,0.1814418,17827.970472519566
534,2031,46,97861.36807035648,975.8036048777768,VA,VIRGINIA,0.1814418,17756142.773148004
535,2031,47,0.0,0.0,WA,WASHINGTON,0.1814418,0.0
536,2031,48,17089.14161100097,88.08955487153493,WV,WEST VIRGINIA,0.1814418,3100684.6143549155
537,2031,49,430099.6287064861,2898.920220450997,WI,WISCONSIN,0.1814418,78038050.81183651
538,2031,50,540993.2094918035,17686.918298009754,WY,WYOMING,0.1814418,98158781.71796991
539,2032,0,608.5929141065786,27.999607304069965,AL,ALABAMA,0.1774566,107998.82932144549
540,2032,2,0.0,0.0,AZ,ARIZONA,0.1774566,0.0
541,2032,3,46448.68330727963,1435.714481973701,AR,ARKANSAS,0.1774566,8242625.414186599
542,2032,4,0.0,0.0,CA,CALIFORNIA,0.1774566,0.0
543,2032,5,79930.32346714969,1659.5210119566373,CO,COLORADO,0.1774566,14184163.439380595
544,2032,6,0.0,0.0,CT,CONNECTICUT,0.1774566,0.0
545,2032,7,35642.511237928025,589.7833343303182,DE,DELAWARE,0.1774566,6324998.8597444985
546,2032,8,0.0,0.0,DC,DISTRICT OF COLUMBIA,0.1774566,0.0
547,2032,9,0.0,0.0,FL,FLORIDA,0.1774566,0.0
548,2032,10,0.0,0.0,GA,GEORGIA,0.1774566,0.0
549,2032,12,0.0,0.0,ID,IDAHO,0.1774566,0.0
550,2032,13,3085082.059194546,29939.41895725004,IL,ILLINOIS,0.1774566,547468172.9456629
551,2032,14,534886.1455310564,6286.145451216632,IN,INDIANA,0.1774566,94919076.77304646
552,2032,15,4677416.567522349,32417.024842356368,IA,IOWA,0.1774566,830038440.8561864
553,2032,16,138209.07876093147,2538.0890084691114,KS,KANSAS,0.1774566,24526113.20604711
554,2032,17,12843.931453328676,417.76015501606537,KY,KENTUCKY,0.1774566,2279240.4063407653
555,2032,18,340105.47481894854,5462.975993903745,LA,LOUISIANA,0.1774566,60353961.202756226
556,2032,19,0.0,0.0,ME,MAINE,0.1774566,0.0
557,2032,20,47214.42318207922,567.3847124152874,MD,MARYLAND,0.1774566,8378511.008852959
558,2032,21,0.0,0.0,MA,MASSACHUSETTS,0.1774566,0.0
559,2032,22,16600.416425328865,198.89526023384576,MI,MICHIGAN,0.1774566,2945853.457423014
560,2032,23,433255.89963930094,4676.308766231362,MN,MINNESOTA,0.1774566,76884118.87993157
561,2032,24,86990.63991363837,2511.3307502164203,MS,MISSISSIPPI,0.1774566,15437063.190898558
562,2032,25,2580022.8589391275,21009.3344163615,MO,MISSOURI,0.1774566,457842084.4696171
563,2032,26,396563.78703891713,8207.64558450134,MT,MONTANA,0.1774566,70372861.33105029
564,2032,27,196952.14162984453,3691.747576421202,NE,NEBRASKA,0.1774566,34950457.41635066
565,2032,28,0.0,0.0,NV,NEVADA,0.1774566,0.0
566,2032,29,0.0,0.0,NH,NEW HAMPSHIRE,0.1774566,0.0
567,2032,30,70168.10542274601,501.6215002517018,NJ,NEW JERSEY,0.1774566,12451793.41676207
568,2032,31,0.0,0.0,NM,NEW MEXICO,0.1774566,0.0
569,2032,32,0.0,0.0,NY,NEW YORK,0.1774566,0.0
570,2032,33,209.6942287063128,76.884929627655,NC,NORTH CAROLINA,0.1774566,37211.624865844664
571,2032,34,450860.4899908844,6266.010866449985,ND,NORTH DAKOTA,0.1774566,80008169.62811637
572,2032,35,147567.57730541707,3950.964747368365,OH,OHIO,0.1774566,26186840.538856473
573,2032,36,5564.127896487705,179.77010426391433,OK,OKLAHOMA,0.1774566,987391.21847586
574,2032,37,0.0,0.0,OR,OREGON,0.1774566,0.0
575,2032,38,65725.08740631783,492.1017708805748,PA,PENNSYLVANIA,0.1774566,11663350.545827981
576,2032,39,0.0,0.0,RI,RHODE ISLAND,0.1774566,0.0
577,2032,40,0.0,0.0,SC,SOUTH CAROLINA,0.1774566,0.0
578,2032,41,685749.2606816636,7766.134267214034,SD,SOUTH DAKOTA,0.1774566,121690732.25308171
579,2032,42,138232.21678548268,1983.206326872622,TN,TENNESSEE,0.1774566,24530219.201214682
580,2032,43,21297.649619447984,662.618313822948,TX,TEXAS,0.1774566,3779408.489458533
581,2032,44,0.0,0.0,UT,UTAH,0.1774566,0.0
582,2032,45,0.0,0.0,VT,VERMONT,0.1774566,0.0
583,2032,46,44.219976581599,7.161756756941561,VA,VIRGINIA,0.1774566,7847.12669625018
584,2032,47,0.0,0.0,WA,WASHINGTON,0.1774566,0.0
585,2032,48,0.0,0.0,WV,WEST VIRGINIA,0.1774566,0.0
586,2032,49,268364.2743646994,2954.1778836821027,WI,WISCONSIN,0.1774566,47623011.690226704
587,2032,50,493229.488954196,16039.74787268978,WY,WYOMING,0.1774566,87526828.12954918
588,2033,0,107590.67087552772,704.9345998805883,AL,ALABAMA,0.1734714,18663904.30371702
589,2033,2,0.0,0.0,AZ,ARIZONA,0.1734714,0.0
590,2033,3,86620.96610699059,2411.194776517052,AR,ARKANSAS,0.1734714,15026260.259932207
591,2033,4,0.0,0.0,CA,CALIFORNIA,0.1734714,0.0
592,2033,5,101451.40594613434,2036.476634821023,CO,COLORADO,0.1734714,17598917.42144425
593,2033,6,0.0,0.0,CT,CONNECTICUT,0.1734714,0.0
594,2033,7,173483.6835521317,1032.2032704841406,DE,DELAWARE,0.1734714,30094457.462945256
595,2033,8,0.0,0.0,DC,DISTRICT OF COLUMBIA,0.1734714,0.0
596,2033,9,18582.50575807204,166.21808709233903,FL,FLORIDA,0.1734714,3223533.2893608175
597,2033,10,173949.56707339533,1346.6681652811706,GA,GEORGIA,0.1734714,30175274.929615792
598,2033,12,0.0,0.0,ID,IDAHO,0.1734714,0.0
599,2033,13,178723.2912866464,1637.7111411977792,IL,ILLINOIS,0.1734714,31003379.55210235
600,2033,14,83350.58613191362,1123.2849545763138,IN,INDIANA,0.1734714,14458942.86712364
601,2033,15,0.0,0.0,IA,IOWA,0.1734714,0.0
602,2033,16,3952.636299609602,42.34771623705599,KS,KANSAS,0.1734714,685669.3525840971
603,2033,17,379080.9467923058,4109.218151655555,KY,KENTUCKY,0.1734714,65759702.55338679
604,2033,18,180900.6124860775,2704.9600038575104,LA,LOUISIANA,0.1734714,31381082.50881734
605,2033,19,0.0,0.0,ME,MAINE,0.1734714,0.0
606,2033,20,264026.7481484451,1270.76464819504,MD,MARYLAND,0.1734714,45801089.638758175
607,2033,21,0.0,0.0,MA,MASSACHUSETTS,0.1734714,0.0
608,2033,22,2074.463064441692,52.68758389423421,MI,MICHIGAN,0.1734714,359860.01203699055
609,2033,23,21701.631363637487,367.7076418101774,MN,MINNESOTA,0.1734714,3764612.3749341043
610,2033,24,76230.53313162687,1162.820384018795,MS,MISSISSIPPI,0.1734714,13223817.305089697
611,2033,25,372258.4743243559,2604.9058164582666,MO,MISSOURI,0.1734714,64576198.70291007
612,2033,26,97589.62299380722,2549.1251175143275,MT,MONTANA,0.1734714,16929008.52620793
613,2033,27,14020.193573934812,323.81686504465034,NE,NEBRASKA,0.1734714,2432102.6075414754
614,2033,28,0.0,0.0,NV,NEVADA,0.1734714,0.0
615,2033,29,25.860763814246766,0.6809140898595696,NH,NEW HAMPSHIRE,0.1734714,4486.102903926726
616,2033,30,170280.70518796326,1044.651182893424,NJ,NEW JERSEY,0.1734714,29538832.321943253
617,2033,31,0.0,0.0,NM,NEW MEXICO,0.1734714,0.0
618,2033,32,56.52043675652455,5.378652383136426,NY,NEW YORK,0.1734714,9804.679292765773
619,2033,33,1167969.5918914871,6948.481910787799,NC,NORTH CAROLINA,0.1734714,202609320.26284492
620,2033,34,0.0,0.0,ND,NORTH DAKOTA,0.1734714,0.0
621,2033,35,1090265.1086029613,11475.103438690576,OH,OHIO,0.1734714,189129814.76050773
622,2033,36,10746.80399653602,297.27304044464023,OK,OKLAHOMA,0.1734714,1864263.1348046986
623,2033,37,0.0,0.0,OR,OREGON,0.1734714,0.0
624,2033,38,659406.5193294208,4776.735932500431,PA,PENNSYLVANIA,0.1734714,114388172.07720168
625,2033,39,0.0,0.0,RI,RHODE ISLAND,0.1734714,0.0
626,2033,40,363081.5638281616,3645.240989681347,SC,SOUTH CAROLINA,0.1734714,62984267.19146055
627,2033,41,6023.658830278809,146.3687246616753,SD,SOUTH DAKOTA,0.1734714,1044932.5304108273
628,2033,42,263737.2580511677,1937.130381218011,TN,TENNESSEE,0.1734714,45750871.38629733
629,2033,43,32067.61899263228,1023.62059803076,TX,TEXAS,0.1734714,5562814.761318511
630,2033,44,0.0,0.0,UT,UTAH,0.1734714,0.0
631,2033,45,1288.6775038041264,54.33761010646414,VT,VERMONT,0.1734714,223548.69073340716
632,2033,46,92624.76162655564,403.6878684982452,VA,VIRGINIA,0.1734714,16067747.074024884
633,2033,47,0.0,0.0,WA,WASHINGTON,0.1734714,0.0
634,2033,48,0.0,0.0,WV,WEST VIRGINIA,0.1734714,0.0
635,2033,49,0.0,0.0,WI,WISCONSIN,0.1734714,0.0
636,2033,50,441001.4467155768,15176.236004418755,WY,WYOMING,0.1734714,76501138.36377652
637,2034,0,0.0,0.0,AL,ALABAMA,0.1694862,0.0
638,2034,2,0.0,0.0,AZ,ARIZONA,0.1694862,0.0
639,2034,3,126170.49345838434,3117.1493292418268,AR,ARKANSAS,0.1694862,21384157.48838642
640,2034,4,0.0,0.0,CA,CALIFORNIA,0.1694862,0.0
641,2034,5,119653.70827022252,2434.487137494329,CO,COLORADO,0.1694862,20279652.33062859
642,2034,6,0.0,0.0,CT,CONNECTICUT,0.1694862,0.0
643,2034,7,20828.031509649543,356.6057529765335,DE,DELAWARE,0.1694862,3530063.914050765
644,2034,8,0.0,0.0,DC,DISTRICT OF COLUMBIA,0.1694862,0.0
645,2034,9,0.0,0.0,FL,FLORIDA,0.1694862,0.0
646,2034,10,0.0,0.0,GA,GEORGIA,0.1694862,0.0
647,2034,12,0.0,0.0,ID,IDAHO,0.1694862,0.0
648,2034,13,2713739.801978662,18341.48983908607,IL,ILLINOIS,0.1694862,459941446.8261159
649,2034,14,1448343.2678622473,10217.979781876358,IN,INDIANA,0.1694862,245474196.7655544
650,2034,15,4038820.109384519,26056.174786358657,IA,IOWA,0.1694862,684524272.8231665
651,2034,16,1597806.34219677,14971.683036020157,KS,KANSAS,0.1694862,270806125.2748302
652,2034,17,0.0,0.0,KY,KENTUCKY,0.1694862,0.0
653,2034,18,88687.98610092154,1879.952460984088,LA,LOUISIANA,0.1694862,15031389.749898009
654,2034,19,0.0,0.0,ME,MAINE,0.1694862,0.0
655,2034,20,46039.436691007824,372.36003292408327,MD,MARYLAND,0.1694862,7803049.174899491
656,2034,21,0.0,0.0,MA,MASSACHUSETTS,0.1694862,0.0
657,2034,22,222257.981316774,2255.0128239825854,MI,MICHIGAN,0.1694862,37669660.67305102
658,2034,23,1114703.8871988156,10464.179088429,MN,MINNESOTA,0.1694862,188926925.9665559
659,2034,24,71255.1088958813,1339.1052813067854,MS,MISSISSIPPI,0.1694862,12076757.63734912
660,2034,25,2740527.260198879,20704.14694496995,MO,MISSOURI,0.1694862,464481551.3275193
661,2034,26,1011174.365918572,18856.36355930522,MT,MONTANA,0.1694862,171380100.81694826
662,2034,27,1473932.8232808062,17355.584371428842,NE,NEBRASKA,0.1694862,249811273.2731354
663,2034,28,0.0,0.0,NV,NEVADA,0.1694862,0.0
664,2034,29,0.0,0.0,NH,NEW HAMPSHIRE,0.1694862,0.0
665,2034,30,30345.085755987857,288.73304286913043,NJ,NEW JERSEY,0.1694862,5143073.273456509
666,2034,31,0.0,0.0,NM,NEW MEXICO,0.1694862,0.0
667,2034,32,0.0,0.0,NY,NEW YORK,0.1694862,0.0
668,2034,33,143016.77529624855,2471.5667079485106,NC,NORTH CAROLINA,0.1694862,24239369.781215042
669,2034,34,771645.3441584276,9871.796716573866,ND,NORTH DAKOTA,0.1694862,130783237.1291041
670,2034,35,2849861.031565289,11520.61373601319,OH,OHIO,0.1694862,483012116.7680809
671,2034,36,60637.2396177846,1739.6450017808352,OK,OKLAHOMA,0.1694862,10277175.321307765
672,2034,37,0.0,0.0,OR,OREGON,0.1694862,0.0
673,2034,38,2799.577235430512,39.60904457972191,PA,PENNSYLVANIA,0.1694862,474489.7072396228
674,2034,39,0.0,0.0,RI,RHODE ISLAND,0.1694862,0.0
675,2034,40,7081.368048322382,87.18893317300952,SC,SOUTH CAROLINA,0.1694862,1200194.1613115768
676,2034,41,1740150.9805359556,18641.994955047023,SD,SOUTH DAKOTA,0.1694862,294931577.1173131
677,2034,42,9071.380490142734,78.38585121594713,TN,TENNESSEE,0.1694862,1537473.8080284295
678,2034,43,44357.688012130704,1423.5271388015071,TX,TEXAS,0.1694862,7518015.981961587
679,2034,44,0.0,0.0,UT,UTAH,0.1694862,0.0
680,2034,45,0.0,0.0,VT,VERMONT,0.1694862,0.0
681,2034,46,13669.779570438202,121.94496465080846,VA,VIRGINIA,0.1694862,2316838.994231203
682,2034,47,0.0,0.0,WA,WASHINGTON,0.1694862,0.0
683,2034,48,0.0,0.0,WV,WEST VIRGINIA,0.1694862,0.0
684,2034,49,409771.3883517771,2847.0666684941048,WI,WISCONSIN,0.1694862,69450595.48046696
685,2034,50,559469.2607323828,19979.744843589328,WY,WYOMING,0.1694862,94822319.01834078
686,2035,0,117191.02560678616,949.1404910463632,AL,ALABAMA,0.165501,19395231.92894872
687,2035,2,0.0,0.0,AZ,ARIZONA,0.165501,0.0
688,2035,3,178325.61125683703,4083.818603472662,AR,ARKANSAS,0.165501,29513066.98861779
689,2035,4,0.0,0.0,CA,CALIFORNIA,0.165501,0.0
690,2035,5,81199.41502352705,1658.149212313918,CO,COLORADO,0.165501,13438584.385808753
691,2035,6,0.0,0.0,CT,CONNECTICUT,0.165501,0.0
692,2035,7,47543.90425554726,487.8098545445645,DE,DELAWARE,0.165501,7868563.698197328
693,2035,8,0.0,0.0,DC,DISTRICT OF COLUMBIA,0.165501,0.0
694,2035,9,0.0,0.0,FL,FLORIDA,0.165501,0.0
695,2035,10,564.2781048376123,8.413129960546666,GA,GEORGIA,0.165501,93388.59062872968
696,2035,12,0.0,0.0,ID,IDAHO,0.165501,0.0
697,2035,13,106853.89718090388,1716.6126650034266,IL,ILLINOIS,0.165501,17684426.837336775
698,2035,14,23682.69882917037,188.46229500580648,IN,INDIANA,0.165501,3919510.338926526
699,2035,15,10425.309808836697,62.40161910277608,IA,IOWA,0.165501,1725399.1986722823
700,2035,16,4556.288032308862,50.07671684621565,KS,KANSAS,0.165501,754070.2256351489
701,2035,17,105326.33872741256,807.7345505064429,KY,KENTUCKY,0.165501,17431614.385725506
702,2035,18,173765.6698869908,3378.4173572414284,LA,LOUISIANA,0.165501,28758392.131966863
703,2035,19,0.0,0.0,ME,MAINE,0.165501,0.0
704,2035,20,160860.8520613772,972.8953690959796,MD,MARYLAND,0.165501,26622631.877009988
705,2035,21,0.0,0.0,MA,MASSACHUSETTS,0.165501,0.0
706,2035,22,115556.442465853,1128.0909342247264,MI,MICHIGAN,0.165501,19124706.784541138
707,2035,23,426482.8065906855,3709.835933943899,MN,MINNESOTA,0.165501,70583330.97356504
708,2035,24,135469.89394973795,1971.8223368650845,MS,MISSISSIPPI,0.165501,22420402.91857558
709,2035,25,172726.28102188246,1944.870624535984,MO,MISSOURI,0.165501,28586372.235402573
710,2035,26,719808.8495355761,14381.74122989783,MT,MONTANA,0.165501,119129084.40698738
711,2035,27,37700.50337289612,984.9941121189684,NE,NEBRASKA,0.165501,6239471.008717681
712,2035,28,0.0,0.0,NV,NEVADA,0.165501,0.0
713,2035,29,50.69060788302426,0.6536122218106374,NH,NEW HAMPSHIRE,0.165501,8389.346295248399
714,2035,30,103630.68009509568,660.8076725896619,NJ,NEW JERSEY,0.165501,17150981.186418433
715,2035,31,0.0,0.0,NM,NEW MEXICO,0.165501,0.0
716,2035,32,3083.8693361484,12.987872291560755,NY,NEW YORK,0.165501,510383.45900189644
717,2035,33,60042.547474038365,1219.908277756306,NC,NORTH CAROLINA,0.165501,9937101.649500825
718,2035,34,124512.07851921704,1768.7979973907886,ND,NORTH DAKOTA,0.165501,20606873.50700894
719,2035,35,340589.4697811043,2355.782750540379,OH,OHIO,0.165501,56367897.83824255
720,2035,36,1045.0894492392786,64.55273363329044,OK,OKLAHOMA,0.165501,172963.34893854984
721,2035,37,0.0,0.0,OR,OREGON,0.165501,0.0
722,2035,38,257938.7884531144,1420.0743328358938,PA,PENNSYLVANIA,0.165501,42689127.427778885
723,2035,39,0.0,0.0,RI,RHODE ISLAND,0.165501,0.0
724,2035,40,17579.090655184096,371.3401183189655,SC,SOUTH CAROLINA,0.165501,2909357.0825236235
725,2035,41,658361.8247515834,7097.219552431487,SD,SOUTH DAKOTA,0.165501,108959540.3582118
726,2035,42,149429.54251369723,1445.205248456699,TN,TENNESSEE,0.165501,24730738.715559408
727,2035,43,18006.304124169517,625.1829560634995,TX,TEXAS,0.165501,2980061.3388541793
728,2035,44,0.0,0.0,UT,UTAH,0.165501,0.0
729,2035,45,0.0,0.0,VT,VERMONT,0.165501,0.0
730,2035,46,7358.349341275547,30.06351929627025,VA,VIRGINIA,0.165501,1217814.1743304443
731,2035,47,0.0,0.0,WA,WASHINGTON,0.165501,0.0
732,2035,48,0.0,0.0,WV,WEST VIRGINIA,0.165501,0.0
733,2035,49,19249.738999290923,450.208504914967,WI,WISCONSIN,0.165501,3185851.0541216475
734,2035,50,229666.81728755933,11028.121698795369,WY,WYOMING,0.165501,38010087.92790836
735,2036,0,7486.278127204336,211.1599051754674,AL,ALABAMA,0.1689566,1264856.0990268122
736,2036,2,0.0,0.0,AZ,ARIZONA,0.1689566,0.0
737,2036,3,129491.02872335126,4671.482209284588,AR,ARKANSAS,0.1689566,21878363.94359977
738,2036,4,0.0,0.0,CA,CALIFORNIA,0.1689566,0.0
739,2036,5,116165.96450988276,2439.5933913686968,CO,COLORADO,0.1689566,19627006.39931046
740,2036,6,0.0,0.0,CT,CONNECTICUT,0.1689566,0.0
741,2036,7,0.0,0.0,DE,DELAWARE,0.1689566,0.0
742,2036,8,0.0,0.0,DC,DISTRICT OF COLUMBIA,0.1689566,0.0
743,2036,9,0.0,0.0,FL,FLORIDA,0.1689566,0.0
744,2036,10,0.0,0.0,GA,GEORGIA,0.1689566,0.0
745,2036,12,0.0,0.0,ID,IDAHO,0.1689566,0.0
746,2036,13,5177106.093737885,40088.72741271769,IL,ILLINOIS,0.1689566,874706243.4372345
747,2036,14,2147611.362043637,14212.47402016085,IN,INDIANA,0.1689566,362853113.85226196
748,2036,15,4801519.662214445,41403.85282821821,IA,IOWA,0.1689566,811248436.9609011
749,2036,16,1385290.187811975,12775.342074903554,KS,KANSAS,0.1689566,234053920.14607275
750,2036,17,379533.5672473471,1987.1301567692456,KY,KENTUCKY,0.1689566,64124701.107983135
751,2036,18,174397.5690939279,4500.320712581119,LA,LOUISIANA,0.1689566,29465620.322375137
752,2036,19,0.0,0.0,ME,MAINE,0.1689566,0.0
753,2036,20,0.0,0.0,MD,MARYLAND,0.1689566,0.0
754,2036,21,0.0,0.0,MA,MASSACHUSETTS,0.1689566,0.0
755,2036,22,287120.7151870399,2026.3911944735369,MI,MICHIGAN,0.1689566,48510939.82757063
756,2036,23,3104542.894658776,24514.880610457847,MN,MINNESOTA,0.1689566,524533012.035705
757,2036,24,239066.2325976741,6093.842613737159,MS,MISSISSIPPI,0.1689566,40391817.83451219
758,2036,25,3461245.411612533,24536.415432713944,MO,MISSOURI,0.1689566,584800256.5116541
759,2036,26,835832.4362281233,18135.942249516967,MT,MONTANA,0.1689566,141219406.59482056
760,2036,27,1157964.665797748,15844.039495377723,NE,NEBRASKA,0.1689566,195645772.8533238
761,2036,28,0.0,0.0,NV,NEVADA,0.1689566,0.0
762,2036,29,0.0,0.0,NH,NEW HAMPSHIRE,0.1689566,0.0
763,2036,30,0.0,0.0,NJ,NEW JERSEY,0.1689566,0.0
764,2036,31,0.0,0.0,NM,NEW MEXICO,0.1689566,0.0
765,2036,32,0.0,0.0,NY,NEW YORK,0.1689566,0.0
766,2036,33,9013.277990768602,215.93923964502105,NC,NORTH CAROLINA,0.1689566,1522852.8041750945
767,2036,34,464359.22345244617,5820.643749756781,ND,NORTH DAKOTA,0.1689566,78456555.57316557
768,2036,35,1655673.0671904744,8521.46427202832,OH,OHIO,0.1689566,279736892.1440741
769,2036,36,49429.23393624133,2566.5466642575125,OK,OKLAHOMA,0.1689566,8351395.306471953
770,2036,37,0.0,0.0,OR,OREGON,0.1689566,0.0
771,2036,38,0.0,0.0,PA,PENNSYLVANIA,0.1689566,0.0
772,2036,39,0.0,0.0,RI,RHODE ISLAND,0.1689566,0.0
773,2036,40,694.620873238497,73.97853913159823,SC,SOUTH CAROLINA,0.1689566,117360.78103140744
774,2036,41,1873015.9213994665,22851.451781891737,SD,SOUTH DAKOTA,0.1689566,316458401.8255211
775,2036,42,258545.22486411012,3185.7011016089905,TN,TENNESSEE,0.1689566,43682922.139275506
776,2036,43,37609.48784669393,1798.2316682664105,TX,TEXAS,0.1689566,6354371.1943187285
777,2036,44,0.0,0.0,UT,UTAH,0.1689566,0.0
778,2036,45,0.0,0.0,VT,VERMONT,0.1689566,0.0
779,2036,46,0.0,0.0,VA,VIRGINIA,0.1689566,0.0
780,2036,47,0.0,0.0,WA,WASHINGTON,0.1689566,0.0
781,2036,48,0.0,0.0,WV,WEST VIRGINIA,0.1689566,0.0
782,2036,49,498720.0485182752,4096.329154718591,WI,WISCONSIN,0.1689566,84262043.74948283
783,2036,50,543961.0614309425,20260.497532151665,WY,WYOMING,0.1689566,91905811.4717632
784,2037,0,0.0,0.0,AL,ALABAMA,0.1724122,0.0
785,2037,2,0.0,0.0,AZ,ARIZONA,0.1724122,0.0
786,2037,3,87978.03414201952,2009.8758195573569,AR,ARKANSAS,0.1724122,15168486.418100698
787,2037,4,0.0,0.0,CA,CALIFORNIA,0.1724122,0.0
788,2037,5,75323.86029211542,1691.532835281108,CO,COLORADO,0.1724122,12986752.465456262
789,2037,6,0.0,0.0,CT,CONNECTICUT,0.1724122,0.0
790,2037,7,13980.51070894836,190.1067603147952,DE,DELAWARE,0.1724122,2410410.6084533464
791,2037,8,0.0,0.0,DC,DISTRICT OF COLUMBIA,0.1724122,0.0
792,2037,9,0.0,0.0,FL,FLORIDA,0.1724122,0.0
793,2037,10,0.0,0.0,GA,GEORGIA,0.1724122,0.0
794,2037,12,0.0,0.0,ID,IDAHO,0.1724122,0.0
795,2037,13,4880658.412399529,37044.82037706279,IL,ILLINOIS,0.1724122,841485054.33031
796,2037,14,2526929.868894741,14336.43456412794,IN,INDIANA,0.1724122,435673537.9418538
797,2037,15,3644664.5871376335,28435.13776256251,IA,IOWA,0.1724122,628384639.730491
798,2037,16,541176.4864758174,7722.322146207149,KS,KANSAS,0.1724122,93305428.62156592
799,2037,17,0.0,0.0,KY,KENTUCKY,0.1724122,0.0
800,2037,18,222508.1402040512,3304.5675680919603,LA,LOUISIANA,0.1724122,38363117.97048891
801,2037,19,0.0,0.0,ME,MAINE,0.1724122,0.0
802,2037,20,50802.73610424944,701.3189918931735,MD,MARYLAND,0.1724122,8759011.497753074
803,2037,21,0.0,0.0,MA,MASSACHUSETTS,0.1724122,0.0
804,2037,22,383604.2300058834,3041.9379904354537,MI,MICHIGAN,0.1724122,66138049.224620365
805,2037,23,2409823.728519824,17273.79534338106,MN,MINNESOTA,0.1724122,415483010.64630556
806,2037,24,49758.5246491036,721.7546785542521,MS,MISSISSIPPI,0.1724122,8578976.70350618
807,2037,25,2127172.104979807,22324.57864592116,MO,MISSOURI,0.1724122,366750422.3981995
808,2037,26,470775.1149163236,9716.01265577021,MT,MONTANA,0.1724122,81167373.26797616
809,2037,27,810350.8360508736,12948.61902662376,NE,NEBRASKA,0.1724122,139714370.41537043
810,2037,28,0.0,0.0,NV,NEVADA,0.1724122,0.0
811,2037,29,0.0,0.0,NH,NEW HAMPSHIRE,0.1724122,0.0
812,2037,30,30329.538337149148,413.41114900010746,NJ,NEW JERSEY,0.1724122,5229182.4296922255
813,2037,31,0.0,0.0,NM,NEW MEXICO,0.1724122,0.0
814,2037,32,0.0,0.0,NY,NEW YORK,0.1724122,0.0
815,2037,33,18370.38221669941,303.2940875097252,NC,NORTH CAROLINA,0.1724122,3167278.0128220217
816,2037,34,332453.31935592927,3942.137508386248,ND,NORTH DAKOTA,0.1724122,57319008.187458344
817,2037,35,1419817.2600967998,7848.406491300267,OH,OHIO,0.1724122,244793817.41126147
818,2037,36,13128.654426056446,645.8849014678207,OK,OKLAHOMA,0.1724122,2263540.192636129
819,2037,37,0.0,0.0,OR,OREGON,0.1724122,0.0
820,2037,38,48752.94209379716,684.1947062612649,PA,PENNSYLVANIA,0.1724122,8405602.002864175
821,2037,39,0.0,0.0,RI,RHODE ISLAND,0.1724122,0.0
822,2037,40,322.8040811755775,14.92320146954428,SC,SOUTH CAROLINA,0.1724122,55655.36180445989
823,2037,41,707341.4999315194,7896.867714296628,SD,SOUTH DAKOTA,0.1724122,121954304.1544931
824,2037,42,0.0,0.0,TN,TENNESSEE,0.1724122,0.0
825,2037,43,13913.213300595848,440.05306816550274,TX,TEXAS,0.1724122,2398807.7142249914
826,2037,44,0.0,0.0,UT,UTAH,0.1724122,0.0
827,2037,45,0.0,0.0,VT,VERMONT,0.1724122,0.0
828,2037,46,13425.465932809451,107.05226390265732,VA,VIRGINIA,0.1724122,2314714.1175007294
829,2037,47,0.0,0.0,WA,WASHINGTON,0.1724122,0.0
830,2037,48,0.0,0.0,WV,WEST VIRGINIA,0.1724122,0.0
831,2037,49,1288335.8265919655,6954.008011068041,WI,WISCONSIN,0.1724122,222124814.20153925
832,2037,50,388434.2628057192,15590.248603888796,WY,WYOMING,0.1724122,66970805.805712216
833,2038,0,114620.1950335298,945.835058899755,AL,ALABAMA,0.1758678,20158001.53611781
834,2038,2,0.0,0.0,AZ,ARIZONA,0.1758678,0.0
835,2038,3,325609.8304565588,8354.790124695668,AR,ARKANSAS,0.1758678,57264284.54076798
836,2038,4,0.0,0.0,CA,CALIFORNIA,0.1758678,0.0
837,2038,5,72529.89639826237,1711.3108171694937,CO,COLORADO,0.1758678,12755673.313790325
838,2038,6,0.0,0.0,CT,CONNECTICUT,0.1758678,0.0
839,2038,7,826.2235340783132,41.85378328231501,DE,DELAWARE,0.1758678,145306.11524657795
840,2038,8,0.0,0.0,DC,DISTRICT OF COLUMBIA,0.1758678,0.0
841,2038,9,835.680697929502,11.11368692778736,FL,FLORIDA,0.1758678,146969.32584732605
842,2038,10,6793.05407882295,88.61727148838688,GA,GEORGIA,0.1758678,1194679.4761236187
843,2038,12,0.0,0.0,ID,IDAHO,0.1758678,0.0
844,2038,13,7538418.513137329,46644.200185693,IL,ILLINOIS,0.1758678,1325765079.3847332
845,2038,14,2694827.202401978,14089.52475953966,IN,INDIANA,0.1758678,473933331.4665906
846,2038,15,1327797.843725511,12653.27753097278,IA,IOWA,0.1758678,233516885.6207494
847,2038,16,600810.3388838922,6854.439601569768,KS,KANSAS,0.1758678,105663192.51676457
848,2038,17,328515.65163321333,2519.409629273985,KY,KENTUCKY,0.1758678,57775324.91829964
849,2038,18,192294.32791128143,3937.579958532265,LA,LOUISIANA,0.1758678,33818380.40223566
850,2038,19,0.0,0.0,ME,MAINE,0.1758678,0.0
851,2038,20,8047.863717690001,43.97047291772532,MD,MARYLAND,0.1758678,1415360.0867299614
852,2038,21,0.0,0.0,MA,MASSACHUSETTS,0.1758678,0.0
853,2038,22,212726.46684348083,2891.0508959689387,MI,MICHIGAN,0.1758678,37411735.725535914
854,2038,23,1467118.9224538102,17282.95252782746,MN,MINNESOTA,0.1758678,258018977.23032218
855,2038,24,371702.0237510902,6005.561310392712,MS,MISSISSIPPI,0.1758678,65370417.172651984
856,2038,25,2355309.2432070505,18488.37922972824,MO,MISSOURI,0.1758678,414223054.92248887
857,2038,26,577870.0488993772,12973.73439591556,MT,MONTANA,0.1758678,101628734.18582588
858,2038,27,261711.2644047913,4100.983273339347,NE,NEBRASKA,0.1758678,46026584.306088954
859,2038,28,0.0,0.0,NV,NEVADA,0.1758678,0.0
860,2038,29,0.0,0.0,NH,NEW HAMPSHIRE,0.1758678,0.0
861,2038,30,21933.0108591997,112.38927124733448,NJ,NEW JERSEY,0.1758678,3857310.3671835614
862,2038,31,0.0,0.0,NM,NEW MEXICO,0.1758678,0.0
863,2038,32,20340.955559042555,164.43094124253653,NY,NEW YORK,0.1758678,3577319.104066584
864,2038,33,42795.18293302953,477.7218325524162,NC,NORTH CAROLINA,0.1758678,7526294.673029451
865,2038,34,435789.4786045835,7257.208275226709,ND,NORTH DAKOTA,0.1758678,76641336.86533517
866,2038,35,2679760.392371696,14965.913727728495,OH,OHIO,0.1758678,471283564.7335469
867,2038,36,121137.13859798296,3368.528405584367,OK,OKLAHOMA,0.1758678,21304122.063522346
868,2038,37,0.0,0.0,OR,OREGON,0.1758678,0.0
869,2038,38,401825.0601830277,1422.5005095849713,PA,PENNSYLVANIA,0.1758678,70668089.31925668
870,2038,39,0.0,0.0,RI,RHODE ISLAND,0.1758678,0.0
871,2038,40,0.0,0.0,SC,SOUTH CAROLINA,0.1758678,0.0
872,2038,41,560298.7637443403,12233.173411310552,SD,SOUTH DAKOTA,0.1758678,98538510.9224369
873,2038,42,209520.19415215944,2881.1302001623885,TN,TENNESSEE,0.1758678,36847855.60111315
874,2038,43,49531.87660086053,1563.8848833470895,TX,TEXAS,0.1758678,8711062.167664818
875,2038,44,0.0,0.0,UT,UTAH,0.1758678,0.0
876,2038,45,0.0,0.0,VT,VERMONT,0.1758678,0.0
877,2038,46,5653.867250762477,29.168062780172967,VA,VIRGINIA,0.1758678,994333.194883645
878,2038,47,0.0,0.0,WA,WASHINGTON,0.1758678,0.0
879,2038,48,6435.017781447924,20.263505086911906,WV,WEST VIRGINIA,0.1758678,1131712.420184127
880,2038,49,831781.6480161439,6438.561986202811,WI,WISCONSIN,0.1758678,146283608.51697358
881,2038,50,299610.6138475492,13807.52005726888,WY,WYOMING,0.1758678,52691859.514018014
882,2039,0,188725.53849139748,1522.24343248899,AL,ALABAMA,0.1793234,33842905.22910827
883,2039,2,0.0,0.0,AZ,ARIZONA,0.1793234,0.0
884,2039,3,150616.567580419,3456.0900079698667,AR,ARKANSAS,0.1793234,27009074.99485051
885,2039,4,0.0,0.0,CA,CALIFORNIA,0.1793234,0.0
886,2039,5,74056.5233454043,1487.4615780356703,CO,COLORADO,0.1793234,13280067.558477273
887,2039,6,0.0,0.0,CT,CONNECTICUT,0.1793234,0.0
888,2039,7,121648.5741734389,631.4875334431923,DE,DELAWARE,0.1793234,21814435.925933253
889,2039,8,0.0,0.0,DC,DISTRICT OF COLUMBIA,0.1793234,0.0
890,2039,9,29648.356582085413,296.3509619790916,FL,FLORIDA,0.1793234,5316644.106711935
891,2039,10,18628.156376285915,293.88113528148006,GA,GEORGIA,0.1793234,3340464.3371272692
892,2039,12,0.0,0.0,ID,IDAHO,0.1793234,0.0
893,2039,13,4670161.533978643,41015.68326219128,IL,ILLINOIS,0.1793234,837469244.8222656
894,2039,14,5451137.752593446,30757.930312654647,IN,INDIANA,0.1793234,977516555.6634154
895,2039,15,644242.7750187602,12729.705548264974,IA,IOWA,0.1793234,115527804.84179914
896,2039,16,81736.3328930084,1307.2900069887753,KS,KANSAS,0.1793234,14657237.117906101
897,2039,17,1696864.0058200464,8365.097922439332,KY,KENTUCKY,0.1793234,304287422.8612705
898,2039,18,207986.9423815444,3769.422473269789,LA,LOUISIANA,0.1793234,37296925.66346263
899,2039,19,0.0,0.0,ME,MAINE,0.1793234,0.0
900,2039,20,479609.9748338269,1938.7885177793355,MD,MARYLAND,0.1793234,86005291.36111628
901,2039,21,0.0,0.0,MA,MASSACHUSETTS,0.1793234,0.0
902,2039,22,789262.4673881378,3915.050455875433,MI,MICHIGAN,0.1793234,141533229.14442998
903,2039,23,424864.129959992,9678.048667907133,MN,MINNESOTA,0.1793234,76188080.32246763
904,2039,24,448186.0172328439,6627.410823746368,MS,MISSISSIPPI,0.1793234,80370240.44265217
905,2039,25,528588.3788583642,5062.7506886594365,MO,MISSOURI,0.1793234,94788265.29736997
906,2039,26,1035864.648690818,17044.26740955594,MT,MONTANA,0.1793234,185754770.743043
907,2039,27,52379.51401992588,1151.4018434524187,NE,NEBRASKA,0.1793234,9392872.544400778
908,2039,28,0.0,0.0,NV,NEVADA,0.1793234,0.0
909,2039,29,9.195485108451456,0.5855276385247403,NH,NEW HAMPSHIRE,0.1793234,1648.9656542968837
910,2039,30,240909.79904982823,1235.2127479000503,NJ,NEW JERSEY,0.1793234,43200764.258931965
911,2039,31,0.0,0.0,NM,NEW MEXICO,0.1793234,0.0
912,2039,32,31470.814637050127,169.80849270846764,NY,NEW YORK,0.1793234,5643453.481485594
913,2039,33,401663.3622914651,2157.924874426005,NC,NORTH CAROLINA,0.1793234,72027639.78153731
914,2039,34,195581.1679832001,4007.8209357476935,ND,NORTH DAKOTA,0.1793234,35072280.018718585
915,2039,35,9596316.086199652,32247.44548911989,OH,OHIO,0.1793234,1720844028.0520146
916,2039,36,25143.0783066496,684.6382356010574,OK,OKLAHOMA,0.1793234,4508742.288414649
917,2039,37,0.0,0.0,OR,OREGON,0.1793234,0.0
918,2039,38,1346290.2955377195,6957.133984711087,PA,PENNSYLVANIA,0.1793234,241421353.18282866
919,2039,39,0.0,0.0,RI,RHODE ISLAND,0.1793234,0.0
920,2039,40,23173.33850825554,318.08329361042377,SC,SOUTH CAROLINA,0.1793234,4155521.8506513117
921,2039,41,825532.3191137037,12671.065331203188,SD,SOUTH DAKOTA,0.1793234,148037262.27335432
922,2039,42,254134.5438067288,1909.739204484672,TN,TENNESSEE,0.1793234,45572270.452871546
923,2039,43,8289.627075252934,284.3604426399946,TX,TEXAS,0.1793234,1486524.111866412
924,2039,44,0.0,0.0,UT,UTAH,0.1793234,0.0
925,2039,45,25178.271412140915,187.74487143765944,VT,VERMONT,0.1793234,4515053.23574791
926,2039,46,131500.04559352805,594.1195712673158,VA,VIRGINIA,0.1793234,23581035.275986467
927,2039,47,0.0,0.0,WA,WASHINGTON,0.1793234,0.0
928,2039,48,204767.64832729992,629.6373279154027,WV,WEST VIRGINIA,0.1793234,36719630.90805573
929,2039,49,86081.19012714812,700.6351990908022,WI,WISCONSIN,0.1793234,15436371.689646633
930,2039,50,483831.0246608141,16380.97494384752,WY,WYOMING,0.1793234,86762224.36766103
931,2040,0,614745.9995986175,3621.415233177358,AL,ALABAMA,0.182779,112362659.06063572
932,2040,2,0.0,0.0,AZ,ARIZONA,0.182779,0.0
933,2040,3,339811.6713408753,6613.767705143746,AR,ARKANSAS,0.182779,62110437.476013854
934,2040,4,0.0,0.0,CA,CALIFORNIA,0.182779,0.0
935,2040,5,78366.0725444211,1742.0717609563003,CO,COLORADO,0.182779,14323672.373596743
936,2040,6,0.0,0.0,CT,CONNECTICUT,0.182779,0.0
937,2040,7,0.0,0.0,DE,DELAWARE,0.182779,0.0
938,2040,8,0.0,0.0,DC,DISTRICT OF COLUMBIA,0.182779,0.0
939,2040,9,20804.086213224386,301.7393086292373,FL,FLORIDA,0.182779,3802550.07396694
940,2040,10,82823.38930921868,1168.7819442400664,GA,GEORGIA,0.182779,15138376.27454968
941,2040,12,0.0,0.0,ID,IDAHO,0.182779,0.0
942,2040,13,8642403.466619011,52997.01657781696,IL,ILLINOIS,0.182779,1579649863.225156
943,2040,14,4552927.374370287,29656.025023034705,IN,INDIANA,0.182779,832179512.5600266
944,2040,15,8016882.433134806,51191.493112166674,IA,IOWA,0.182779,1465317754.245947
945,2040,16,1078455.4095764994,9679.92519581622,KS,KANSAS,0.182779,197119001.306983
946,2040,17,2021566.575356718,10268.030974214682,KY,KENTUCKY,0.182779,369499917.07712555
947,2040,18,551814.4564645769,7519.351250001995,LA,LOUISIANA,0.182779,100860094.53813888
948,2040,19,0.0,0.0,ME,MAINE,0.182779,0.0
949,2040,20,0.0,0.0,MD,MARYLAND,0.182779,0.0
950,2040,21,0.0,0.0,MA,MASSACHUSETTS,0.182779,0.0
951,2040,22,97868.73919277512,2111.218519449969,MI,MICHIGAN,0.182779,17888350.280916244
952,2040,23,4014269.503249861,33677.716132529,MN,MINNESOTA,0.182779,733724165.5345063
953,2040,24,1036866.2567787886,12495.861504001932,MS,MISSISSIPPI,0.182779,189517377.5477702
954,2040,25,3983655.675854162,28796.09823743949,MO,MISSOURI,0.182779,728128600.7769479
955,2040,26,837593.565752523,17070.4312206634,MT,MONTANA,0.182779,153094514.35468042
956,2040,27,1084929.9765539635,12732.42994021466,NE,NEBRASKA,0.182779,198302416.18455687
957,2040,28,0.0,0.0,NV,NEVADA,0.182779,0.0
958,2040,29,0.0,0.0,NH,NEW HAMPSHIRE,0.182779,0.0
959,2040,30,0.0,0.0,NJ,NEW JERSEY,0.182779,0.0
960,2040,31,0.0,0.0,NM,NEW MEXICO,0.182779,0.0
961,2040,32,0.0,0.0,NY,NEW YORK,0.182779,0.0
962,2040,33,178519.58951721387,1281.1853668988924,NC,NORTH CAROLINA,0.182779,32629632.052366834
963,2040,34,562564.9303899158,8178.358901540005,ND,NORTH DAKOTA,0.182779,102825055.41173843
964,2040,35,1808545.7836925287,19225.32098510315,OH,OHIO,0.182779,330564189.79753673
965,2040,36,54270.95507594055,1710.8876419301562,OK,OKLAHOMA,0.182779,9919590.897825338
966,2040,37,0.0,0.0,OR,OREGON,0.182779,0.0
967,2040,38,46314.80428736047,630.1172752490656,PA,PENNSYLVANIA,0.182779,8465373.61283946
968,2040,39,0.0,0.0,RI,RHODE ISLAND,0.182779,0.0
969,2040,40,51430.62042691425,1280.9751297318112,SC,SOUTH CAROLINA,0.182779,9400437.37101096
970,2040,41,1973444.399097807,19348.482019933537,SD,SOUTH DAKOTA,0.182779,360704193.82269806
971,2040,42,1114235.9486731573,6562.532587211074,TN,TENNESSEE,0.182779,203658932.462531
972,2040,43,33041.7786421143,946.7243948174566,TX,TEXAS,0.182779,6039343.25842701
973,2040,44,0.0,0.0,UT,UTAH,0.182779,0.0
974,2040,45,0.0,0.0,VT,VERMONT,0.182779,0.0
975,2040,46,4932.22647863444,22.217749859052216,VA,VIRGINIA,0.182779,901507.4235383243
976,2040,47,0.0,0.0,WA,WASHINGTON,0.182779,0.0
977,2040,48,24897.763329173435,79.00230584115297,WV,WEST VIRGINIA,0.182779,4550788.283542991
978,2040,49,381355.1230698775,5240.6362843438665,WI,WISCONSIN,0.182779,69703708.03958914
979,2040,50,347359.55717640935,13812.247274762114,WY,WYOMING,0.182779,63490032.50114693
980,2041,0,58726.66956417508,905.3910527806248,AL,ALABAMA,0.183513,10777107.311730461
981,2041,2,0.0,0.0,AZ,ARIZONA,0.183513,0.0
982,2041,3,489947.0515907623,10375.43479537934,AR,ARKANSAS,0.183513,89911653.27857555
983,2041,4,0.0,0.0,CA,CALIFORNIA,0.183513,0.0
984,2041,5,79695.68257362813,1650.8295867238248,CO,COLORADO,0.183513,14625193.796134219
985,2041,6,0.0,0.0,CT,CONNECTICUT,0.183513,0.0
986,2041,7,59485.1973529868,666.7228935186922,DE,DELAWARE,0.183513,10916307.021838667
987,2041,8,0.0,0.0,DC,DISTRICT OF COLUMBIA,0.183513,0.0
988,2041,9,0.0,0.0,FL,FLORIDA,0.183513,0.0
989,2041,10,11141.298029971294,95.66316728547284,GA,GEORGIA,0.183513,2044573.0253741222
990,2041,12,0.0,0.0,ID,IDAHO,0.183513,0.0
991,2041,13,8140147.059456121,53222.80827332287,IL,ILLINOIS,0.183513,1493822807.3219712
992,2041,14,5548732.190920945,32246.467241568786,IN,INDIANA,0.183513,1018264490.5524755
993,2041,15,4646235.362259399,38938.05961055345,IA,IOWA,0.183513,852644590.0343093
994,2041,16,439146.23647877306,5005.965193523221,KS,KANSAS,0.183513,80589043.29492909
995,2041,17,1694738.5683543598,11078.119893832723,KY,KENTUCKY,0.183513,311006558.89441365
996,2041,18,122105.89450646116,3012.531006558605,LA,LOUISIANA,0.183513,22408019.01856421
997,2041,19,0.0,0.0,ME,MAINE,0.183513,0.0
998,2041,20,63855.46542942918,680.1532069500693,MD,MARYLAND,0.183513,11718308.027350837
999,2041,21,0.0,0.0,MA,MASSACHUSETTS,0.183513,0.0
1000,2041,22,299130.45290166605,3650.454359645081,MI,MICHIGAN,0.183513,54894326.803343445
1001,2041,23,3269185.599499211,31407.832329892,MN,MINNESOTA,0.183513,599938056.9208988
1002,2041,24,372404.6415900525,6676.2198974724815,MS,MISSISSIPPI,0.183513,68341092.99211532
1003,2041,25,1768298.9112666869,20216.42481894622,MO,MISSOURI,0.183513,324505838.1032835
1004,2041,26,949969.958063834,16482.98709338008,MT,MONTANA,0.183513,174331836.91416836
1005,2041,27,405280.50740685896,5513.3058100957305,NE,NEBRASKA,0.183513,74374241.75575492
1006,2041,28,0.0,0.0,NV,NEVADA,0.183513,0.0
1007,2041,29,32.64616216745418,0.5582937229747459,NH,NEW HAMPSHIRE,0.183513,5990.995157836019
1008,2041,30,66687.72654076017,597.6094159743755,NJ,NEW JERSEY,0.183513,12238064.760674521
1009,2041,31,0.0,0.0,NM,NEW MEXICO,0.183513,0.0
1010,2041,32,22882.52988866896,232.59849834241945,NY,NEW YORK,0.183513,4199241.707459306
1011,2041,33,209525.4916077303,3093.6441098464347,NC,NORTH CAROLINA,0.183513,38450651.54140941
1012,2041,34,270738.2385214643,5039.070701817179,ND,NORTH DAKOTA,0.183513,49683986.36578948
1013,2041,35,5381641.7964708265,32419.20637036037,OH,OHIO,0.183513,987601230.9957508
1014,2041,36,69637.42254905871,1900.3930121755263,OK,OKLAHOMA,0.183513,12779372.32424541
1015,2041,37,0.0,0.0,OR,OREGON,0.183513,0.0
1016,2041,38,788403.3647231477,5628.152240147239,PA,PENNSYLVANIA,0.183513,144682266.67043903
1017,2041,39,0.0,0.0,RI,RHODE ISLAND,0.183513,0.0
1018,2041,40,95708.21479972306,1635.184859385835,SC,SOUTH CAROLINA,0.183513,17563701.62254158
1019,2041,41,1587107.1159589733,17808.582394306788,SD,SOUTH DAKOTA,0.183513,291254788.1709791
1020,2041,42,690739.8088754524,5722.74165960199,TN,TENNESSEE,0.183513,126759734.5461609
1021,2041,43,13892.513167924946,406.44377012811617,TX,TEXAS,0.183513,2549456.7689854107
1022,2041,44,0.0,0.0,UT,UTAH,0.183513,0.0
1023,2041,45,6179.465658439882,189.66117497678465,VT,VERMONT,0.183513,1134012.281377278
1024,2041,46,25271.61286795251,294.20019596877097,VA,VIRGINIA,0.183513,4637669.4922365695
1025,2041,47,0.0,0.0,WA,WASHINGTON,0.183513,0.0
1026,2041,48,81111.82571231238,425.42381916344686,WV,WEST VIRGINIA,0.183513,14885074.471943581
1027,2041,49,473149.2543253672,6016.58328105319,WI,WISCONSIN,0.183513,86829039.10901111
1028,2041,50,461380.7030797508,15904.635023348805,WY,WYOMING,0.183513,84669356.96427432
1029,2042,0,259941.66270046952,2079.088686299925,AL,ALABAMA,0.184247,47893471.52757341
1030,2042,2,0.0,0.0,AZ,ARIZONA,0.184247,0.0
1031,2042,3,171155.26433354322,4553.153684480253,AR,ARKANSAS,0.184247,31534843.987662334
1032,2042,4,0.0,0.0,CA,CALIFORNIA,0.184247,0.0
1033,2042,5,63484.63443481146,1640.806629110607,CO,COLORADO,0.184247,11696853.440710707
1034,2042,6,0.0,0.0,CT,CONNECTICUT,0.184247,0.0
1035,2042,7,175330.87292935333,937.3671081430308,DE,DELAWARE,0.184247,32304187.34461456
1036,2042,8,0.0,0.0,DC,DISTRICT OF COLUMBIA,0.184247,0.0
1037,2042,9,17612.700008655476,146.80132604904148,FL,FLORIDA,0.184247,3245087.138494746
1038,2042,10,33719.32891357405,368.4850629333348,GA,GEORGIA,0.184247,6212685.194339277
1039,2042,12,0.0,0.0,ID,IDAHO,0.184247,0.0
1040,2042,13,3663040.140151112,42318.21432698913,IL,ILLINOIS,0.184247,674904156.7024219
1041,2042,14,2099869.056285379,20761.140942556645,IN,INDIANA,0.184247,386894574.0134122
1042,2042,15,7291473.558314858,49004.434620831664,IA,IOWA,0.184247,1343432128.6988378
1043,2042,16,544605.6771847208,7287.698532158205,KS,KANSAS,0.184247,100341962.20425324
1044,2042,17,982152.6626363927,6691.812889560341,KY,KENTUCKY,0.184247,180958681.63276744
1045,2042,18,173512.367867481,4474.83327789899,LA,LOUISIANA,0.184247,31969133.24247977
1046,2042,19,0.0,0.0,ME,MAINE,0.184247,0.0
1047,2042,20,410172.1073597501,1977.6297998742536,MD,MARYLAND,0.184247,75572980.26471187
1048,2042,21,0.0,0.0,MA,MASSACHUSETTS,0.184247,0.0
1049,2042,22,560686.6267388029,3931.0391414310393,MI,MICHIGAN,0.184247,103304828.91674422
1050,2042,23,4074089.296849284,29776.1760327001,MN,MINNESOTA,0.184247,750638730.67659
1051,2042,24,374211.3776054249,6050.97507871233,MS,MISSISSIPPI,0.184247,68947323.68966672
1052,2042,25,2093650.8069834588,21036.55212821106,MO,MISSOURI,0.184247,385748880.2342813
1053,2042,26,768804.5092842262,15555.888616593696,MT,MONTANA,0.184247,141649924.42209083
1054,2042,27,1015427.5037607824,12068.52097562157,NE,NEBRASKA,0.184247,187089471.28541285
1055,2042,28,0.0,0.0,NV,NEVADA,0.184247,0.0
1056,2042,29,22.615057002785218,0.5719105564187277,NH,NEW HAMPSHIRE,0.184247,4166.756407592168
1057,2042,30,155812.29954784235,1026.058340171542,NJ,NEW JERSEY,0.184247,28707948.75479131
1058,2042,31,0.0,0.0,NM,NEW MEXICO,0.184247,0.0
1059,2042,32,31728.9668843563,169.6445573421598,NY,NEW YORK,0.184247,5845966.961541995
1060,2042,33,1139206.2972093804,8746.098380493127,NC,NORTH CAROLINA,0.184247,209895342.6419367
1061,2042,34,792518.499576268,9445.531540962142,ND,NORTH DAKOTA,0.184247,146019155.99142867
1062,2042,35,3550848.473344733,22881.322801907223,OH,OHIO,0.184247,654233178.668347
1063,2042,36,39030.62821214984,1260.1858653788686,OK,OKLAHOMA,0.184247,7191276.15620397
1064,2042,37,0.0,0.0,OR,OREGON,0.184247,0.0
1065,2042,38,494477.3142512402,4418.059391142022,PA,PENNSYLVANIA,0.184247,91105961.71884826
1066,2042,39,0.0,0.0,RI,RHODE ISLAND,0.184247,0.0
1067,2042,40,207923.39953150903,3332.957647041644,SC,SOUTH CAROLINA,0.184247,38309262.59348194
1068,2042,41,1936856.0988690527,18678.428594476845,SD,SOUTH DAKOTA,0.184247,356859925.64832634
1069,2042,42,683828.8276662666,4929.772188325942,TN,TENNESSEE,0.184247,125993410.0110266
1070,2042,43,10724.260043599552,439.7717564686857,TX,TEXAS,0.184247,1975912.7402530864
1071,2042,44,0.0,0.0,UT,UTAH,0.184247,0.0
1072,2042,45,13789.40289004488,157.3505397328736,VT,VERMONT,0.184247,2540656.1142820986
1073,2042,46,131307.4260999678,772.3280719727525,VA,VIRGINIA,0.184247,24192999.336640764
1074,2042,47,0.0,0.0,WA,WASHINGTON,0.184247,0.0
1075,2042,48,2585.2440592029307,28.746166589323224,WV,WEST VIRGINIA,0.184247,476323.4621759624
1076,2042,49,603310.1429807373,3618.2199235278295,WI,WISCONSIN,0.184247,111158083.91377188
1077,2042,50,392126.9073554611,13983.090060928454,WY,WYOMING,0.184247,72248206.29952164
1078,2043,0,0.0,0.0,AL,ALABAMA,0.184981,0.0
1079,2043,2,0.0,0.0,AZ,ARIZONA,0.184981,0.0
1080,2043,3,331634.248374325,7076.05825381556,AR,ARKANSAS,0.184981,61346034.89853101
1081,2043,4,0.0,0.0,CA,CALIFORNIA,0.184981,0.0
1082,2043,5,74860.20363965462,1632.613155991996,CO,COLORADO,0.184981,13847715.329466952
1083,2043,6,0.0,0.0,CT,CONNECTICUT,0.184981,0.0
1084,2043,7,0.0,0.0,DE,DELAWARE,0.184981,0.0
1085,2043,8,0.0,0.0,DC,DISTRICT OF COLUMBIA,0.184981,0.0
1086,2043,9,0.0,0.0,FL,FLORIDA,0.184981,0.0
1087,2043,10,0.0,0.0,GA,GEORGIA,0.184981,0.0
1088,2043,12,0.0,0.0,ID,IDAHO,0.184981,0.0
1089,2043,13,5040678.256284911,47273.17982419181,IL,ILLINOIS,0.184981,932429704.5258392
1090,2043,14,788808.0241808479,9934.134826301715,IN,INDIANA,0.184981,145914497.12099743
1091,2043,15,4410898.923735129,43900.67624752692,IA,IOWA,0.184981,815932493.8114479
1092,2043,16,466507.8755794745,5787.009248538867,KS,KANSAS,0.184981,86295093.33256678
1093,2043,17,119981.53119688953,1405.5310041860114,KY,KENTUCKY,0.184981,22194303.62233182
1094,2043,18,251266.8363822204,4382.455411470885,LA,LOUISIANA,0.184981,46479590.660819516
1095,2043,19,0.0,0.0,ME,MAINE,0.184981,0.0
1096,2043,20,0.0,0.0,MD,MARYLAND,0.184981,0.0
1097,2043,21,0.0,0.0,MA,MASSACHUSETTS,0.184981,0.0
1098,2043,22,59191.90604869831,853.4341687987167,MI,MICHIGAN,0.184981,10949377.97279426
1099,2043,23,3448945.7817892004,33601.31429487658,MN,MINNESOTA,0.184981,637989439.6611481
1100,2043,24,148682.1949847194,2201.633881004688,MS,MISSISSIPPI,0.184981,27503381.11046838
1101,2043,25,2513468.090281235,22945.73859786679,MO,MISSOURI,0.184981,464943840.8083132
1102,2043,26,1025958.6425594356,16953.572088927605,MT,MONTANA,0.184981,189782855.65928698
1103,2043,27,468680.58549778,7630.669779063782,NE,NEBRASKA,0.184981,86697003.38596486
1104,2043,28,0.0,0.0,NV,NEVADA,0.184981,0.0
1105,2043,29,0.0,0.0,NH,NEW HAMPSHIRE,0.184981,0.0
1106,2043,30,0.0,0.0,NJ,NEW JERSEY,0.184981,0.0
1107,2043,31,0.0,0.0,NM,NEW MEXICO,0.184981,0.0
1108,2043,32,0.0,0.0,NY,NEW YORK,0.184981,0.0
1109,2043,33,0.0,0.0,NC,NORTH CAROLINA,0.184981,0.0
1110,2043,34,577408.580555409,7715.479328213793,ND,NORTH DAKOTA,0.184981,106809616.63972011
1111,2043,35,26692.966028506795,917.8046336406484,OH,OHIO,0.184981,4937691.548919215
1112,2043,36,73260.79336565378,2049.871887132504,OK,OKLAHOMA,0.184981,13551854.817572003
1113,2043,37,0.0,0.0,OR,OREGON,0.184981,0.0
1114,2043,38,0.0,0.0,PA,PENNSYLVANIA,0.184981,0.0
1115,2043,39,0.0,0.0,RI,RHODE ISLAND,0.184981,0.0
1116,2043,40,0.0,0.0,SC,SOUTH CAROLINA,0.184981,0.0
1117,2043,41,1227868.5127611002,17162.959778200253,SD,SOUTH DAKOTA,0.184981,227132345.3590611
1118,2043,42,203098.7632766621,1821.555763759544,TN,TENNESSEE,0.184981,37569412.32968023
1119,2043,43,27963.93603743286,1002.355561669082,TX,TEXAS,0.184981,5172796.852140368
1120,2043,44,0.0,0.0,UT,UTAH,0.184981,0.0
1121,2043,45,0.0,0.0,VT,VERMONT,0.184981,0.0
1122,2043,46,0.0,0.0,VA,VIRGINIA,0.184981,0.0
1123,2043,47,0.0,0.0,WA,WASHINGTON,0.184981,0.0
1124,2043,48,0.0,0.0,WV,WEST VIRGINIA,0.184981,0.0
1125,2043,49,376220.9244415794,4061.0690553745785,WI,WISCONSIN,0.184981,69593722.82412781
1126,2043,50,424660.11824030697,15208.159034522872,WY,WYOMING,0.184981,78554053.33221023
1127,2044,0,40391.51055458736,736.0067000897689,AL,ALABAMA,0.185715,7501309.382645191
1128,2044,2,0.0,0.0,AZ,ARIZONA,0.185715,0.0
1129,2044,3,379855.6746561723,7606.1501221376575,AR,ARKANSAS,0.185715,70544896.61877103
1130,2044,4,0.0,0.0,CA,CALIFORNIA,0.185715,0.0
1131,2044,5,44681.09166516847,978.8230492148076,CO,COLORADO,0.185715,8297948.938596761
1132,2044,6,0.0,0.0,CT,CONNECTICUT,0.185715,0.0
1133,2044,7,0.0,0.0,DE,DELAWARE,0.185715,0.0
1134,2044,8,0.0,0.0,DC,DISTRICT OF COLUMBIA,0.185715,0.0
1135,2044,9,9199.928555807795,276.5397945650076,FL,FLORIDA,0.185715,1708564.7317418447
1136,2044,10,4141.856008378845,168.68708887378162,GA,GEORGIA,0.185715,769204.7885960772
1137,2044,12,0.0,0.0,ID,IDAHO,0.185715,0.0
1138,2044,13,5034168.215124331,41533.94209675224,IL,ILLINOIS,0.185715,934920550.0718151
1139,2044,14,2558833.600034156,19833.46410101592,IN,INDIANA,0.185715,475213782.03034323
1140,2044,15,4849106.047277659,41640.95358083968,IA,IOWA,0.185715,900551729.5701705
1141,2044,16,692958.8082821417,8368.484017345978,KS,KANSAS,0.185715,128692845.08011794
1142,2044,17,1448902.765543292,7668.481078291365,KY,KENTUCKY,0.185715,269082977.1028725
1143,2044,18,97196.05249740064,1577.7645356464604,LA,LOUISIANA,0.185715,18050764.889554758
1144,2044,19,0.0,0.0,ME,MAINE,0.185715,0.0
1145,2044,20,0.0,0.0,MD,MARYLAND,0.185715,0.0
1146,2044,21,0.0,0.0,MA,MASSACHUSETTS,0.185715,0.0
1147,2044,22,43450.33426325459,983.8148688726448,MI,MICHIGAN,0.185715,8069378.827700326
1148,2044,23,2319984.998462265,26670.491976104284,MN,MINNESOTA,0.185715,430856013.9894195
1149,2044,24,318198.0616414086,3866.5631707358,MS,MISSISSIPPI,0.185715,59094153.0177342
1150,2044,25,2278376.620238878,21268.051858285657,MO,MISSOURI,0.185715,423128714.0276632
1151,2044,26,650487.409705741,11716.545629566364,MT,MONTANA,0.185715,120805269.29350168
1152,2044,27,906046.7571229608,11198.064418252923,NE,NEBRASKA,0.185715,168266473.49909067
1153,2044,28,0.0,0.0,NV,NEVADA,0.185715,0.0
1154,2044,29,0.0,0.0,NH,NEW HAMPSHIRE,0.185715,0.0
1155,2044,30,12246.398580056448,427.4745250189213,NJ,NEW JERSEY,0.185715,2274339.912295183
1156,2044,31,0.0,0.0,NM,NEW MEXICO,0.185715,0.0
1157,2044,32,0.0,0.0,NY,NEW YORK,0.185715,0.0
1158,2044,33,31732.14475733909,563.074510260357,NC,NORTH CAROLINA,0.185715,5893135.263609229
1159,2044,34,383395.6550904311,6831.268967653477,ND,NORTH DAKOTA,0.185715,71202324.08511941
1160,2044,35,237754.14316695003,4447.625020572159,OH,OHIO,0.185715,44154510.69825012
1161,2044,36,41730.77400415257,1744.5872107744988,OK,OKLAHOMA,0.185715,7750030.694181194
1162,2044,37,0.0,0.0,OR,OREGON,0.185715,0.0
1163,2044,38,1670.7210467131138,58.41144619527648,PA,PENNSYLVANIA,0.185715,310277.9591903259
1164,2044,39,0.0,0.0,RI,RHODE ISLAND,0.185715,0.0
1165,2044,40,22048.720051625867,432.1968599574308,SC,SOUTH CAROLINA,0.185715,4094778.0443876977
1166,2044,41,1328194.8438651585,16207.058194541723,SD,SOUTH DAKOTA,0.185715,246665705.42841792
1167,2044,42,588243.1428025673,3684.93350678141,TN,TENNESSEE,0.185715,109245575.26557879
1168,2044,43,6916.04073456686,329.7793049765191,TX,TEXAS,0.185715,1284412.5050200843
1169,2044,44,0.0,0.0,UT,UTAH,0.185715,0.0
1170,2044,45,0.0,0.0,VT,VERMONT,0.185715,0.0
1171,2044,46,0.0,0.0,VA,VIRGINIA,0.185715,0.0
1172,2044,47,0.0,0.0,WA,WASHINGTON,0.185715,0.0
1173,2044,48,0.0,0.0,WV,WEST VIRGINIA,0.185715,0.0
1174,2044,49,4321.988200764679,63.95925986767861,WI,WISCONSIN,0.185715,802658.0387050124
1175,2044,50,275965.5258675388,10054.943090412971,WY,WYOMING,0.185715,51250937.636489965
1176,2045,0,0.0,0.0,AL,ALABAMA,0.186449,0.0
1177,2045,2,0.0,0.0,AZ,ARIZONA,0.186449,0.0
1178,2045,3,427254.8911830345,11892.774374068316,AR,ARKANSAS,0.186449,79661247.20618561
1179,2045,4,0.0,0.0,CA,CALIFORNIA,0.186449,0.0
1180,2045,5,37692.28930338231,1089.822362010677,CO,COLORADO,0.186449,7027689.648326329
1181,2045,6,0.0,0.0,CT,CONNECTICUT,0.186449,0.0
1182,2045,7,2267.685169143044,35.72337130779501,DE,DELAWARE,0.186449,422807.6321015514
1183,2045,8,0.0,0.0,DC,DISTRICT OF COLUMBIA,0.186449,0.0
1184,2045,9,0.0,0.0,FL,FLORIDA,0.186449,0.0
1185,2045,10,0.0,0.0,GA,GEORGIA,0.186449,0.0
1186,2045,12,0.0,0.0,ID,IDAHO,0.186449,0.0
1187,2045,13,7792548.318678398,50406.12224821461,IL,ILLINOIS,0.186449,1452912841.4692688
1188,2045,14,4824739.665035507,33721.062677368944,IN,INDIANA,0.186449,899567885.8062052
1189,2045,15,7568259.06697236,47227.88126538315,IA,IOWA,0.186449,1411094334.7779295
1190,2045,16,950839.3561854106,10436.92968272392,KS,KANSAS,0.186449,177283047.12141362
1191,2045,17,384985.2528149524,3620.5093994496137,KY,KENTUCKY,0.186449,71780115.40209505
1192,2045,18,391408.7200002256,7354.354708603541,LA,LOUISIANA,0.186449,72977764.43532206
1193,2045,19,0.0,0.0,ME,MAINE,0.186449,0.0
1194,2045,20,661.1101633145969,16.64530931843796,MD,MARYLAND,0.186449,123263.32883984328
1195,2045,21,0.0,0.0,MA,MASSACHUSETTS,0.186449,0.0
1196,2045,22,886159.2327896341,4161.674336328642,MI,MICHIGAN,0.186449,165223502.7943945
1197,2045,23,4163266.120994931,34853.47490740429,MN,MINNESOTA,0.186449,776236804.993384
1198,2045,24,267463.07477750315,5721.211833412388,MS,MISSISSIPPI,0.186449,49868222.82919069
1199,2045,25,3566737.605182009,28557.644380706195,MO,MISSOURI,0.186449,665014659.7485803
1200,2045,26,597294.5505451829,13990.619071343568,MT,MONTANA,0.186449,111364971.65459882
1201,2045,27,782676.3856981612,10965.646576904906,NE,NEBRASKA,0.186449,145929229.43703645
1202,2045,28,0.0,0.0,NV,NEVADA,0.186449,0.0
1203,2045,29,0.0,0.0,NH,NEW HAMPSHIRE,0.186449,0.0
1204,2045,30,23866.4108615742,432.8375609116805,NJ,NEW JERSEY,0.186449,4449868.438729648
1205,2045,31,0.0,0.0,NM,NEW MEXICO,0.186449,0.0
1206,2045,32,20238.558232111896,275.7847956903589,NY,NEW YORK,0.186449,3773458.943819031
1207,2045,33,49.41183134135766,11.551896570872804,NC,NORTH CAROLINA,0.186449,9212.786541764795
1208,2045,34,564165.3187903306,9903.356039447037,ND,NORTH DAKOTA,0.186449,105188059.52313834
1209,2045,35,4916196.065799169,24367.28333345157,OH,OHIO,0.186449,916619840.2721894
1210,2045,36,151929.11803453646,4373.142461979141,OK,OKLAHOMA,0.186449,28327032.128421288
1211,2045,37,0.0,0.0,OR,OREGON,0.186449,0.0
1212,2045,38,255074.9849627782,2221.791829334409,PA,PENNSYLVANIA,0.186449,47558475.87132503
1213,2045,39,0.0,0.0,RI,RHODE ISLAND,0.186449,0.0
1214,2045,40,0.0,0.0,SC,SOUTH CAROLINA,0.186449,0.0
1215,2045,41,1717871.964403959,18208.62496930263,SD,SOUTH DAKOTA,0.186449,320295509.89115375
1216,2045,42,414419.8677568687,3943.8505987384137,TN,TENNESSEE,0.186449,77268169.92340042
1217,2045,43,39378.59061223212,1494.8207011828545,TX,TEXAS,0.186449,7342098.841060067
1218,2045,44,0.0,0.0,UT,UTAH,0.186449,0.0
1219,2045,45,0.0,0.0,VT,VERMONT,0.186449,0.0
1220,2045,46,1744.5260219463507,31.89045358339801,VA,VIRGINIA,0.186449,325265.1322658752
1221,2045,47,0.0,0.0,WA,WASHINGTON,0.186449,0.0
1222,2045,48,15310.057399809322,90.13595865362666,WV,WEST VIRGINIA,0.186449,2854544.8921370483
1223,2045,49,1081429.8687981386,6154.731469697789,WI,WISCONSIN,0.186449,201631517.60754415
1224,2045,50,318682.6116849443,14061.643033745077,WY,WYOMING,0.186449,59418054.26604619
1225,2046,0,745095.7355477738,4643.608967466445,AL,ALABAMA,0.1847128,137628719.5810888
1226,2046,2,0.0,0.0,AZ,ARIZONA,0.1847128,0.0
1227,2046,3,688801.1017914789,13878.014252128734,AR,ARKANSAS,0.1847128,127230380.15498908
1228,2046,4,0.0,0.0,CA,CALIFORNIA,0.1847128,0.0
1229,2046,5,41760.52128093,1134.9883732890912,CO,COLORADO,0.1847128,7713702.815260167
1230,2046,6,0.0,0.0,CT,CONNECTICUT,0.1847128,0.0
1231,2046,7,6348.27026582915,117.28675393080717,DE,DELAWARE,0.1847128,1172606.7759580465
1232,2046,8,0.0,0.0,DC,DISTRICT OF COLUMBIA,0.1847128,0.0
1233,2046,9,15241.658726412374,152.72325161067002,FL,FLORIDA,0.1847128,2815329.4600000638
1234,2046,10,82364.41112990538,915.3338145302068,GA,GEORGIA,0.1847128,15213761.000155985
1235,2046,12,0.0,0.0,ID,IDAHO,0.1847128,0.0
1236,2046,13,6518838.78917372,50698.28709747419,IL,ILLINOIS,0.1847128,1204112965.4968877
1237,2046,14,1037154.9396409114,12728.35309163381,IN,INDIANA,0.1847128,191575792.93490377
1238,2046,15,7439162.907585536,47361.82754425871,IA,IOWA,0.1847128,1374108610.3162656
1239,2046,16,1255185.4585641297,11558.31611146205,KS,KANSAS,0.1847128,231848820.57066438
1240,2046,17,1062549.2392982652,9200.22477644204,KY,KENTUCKY,0.1847128,196266445.1286526
1241,2046,18,380044.6499844687,7357.878578501391,LA,LOUISIANA,0.1847128,70199111.42365117
1242,2046,19,0.0,0.0,ME,MAINE,0.1847128,0.0
1243,2046,20,5385.896975080191,88.15953948048443,MD,MARYLAND,0.1847128,994844.1107785924
1244,2046,21,0.0,0.0,MA,MASSACHUSETTS,0.1847128,0.0
1245,2046,22,201461.16740384107,2569.1640520954047,MI,MICHIGAN,0.1847128,37212456.32243222
1246,2046,23,4419570.915187847,36834.59458474462,MN,MINNESOTA,0.1847128,816351318.5429099
1247,2046,24,896519.0504290914,11417.811974375049,MS,MISSISSIPPI,0.1847128,165598544.0580987
1248,2046,25,4264356.920284234,29815.1805404174,MO,MISSOURI,0.1847128,787681306.9450777
1249,2046,26,736314.8713147835,15428.522704626435,MT,MONTANA,0.1847128,136006781.56219333
1250,2046,27,1136259.4818677064,13377.64654837883,NE,NEBRASKA,0.1847128,209881670.42233327
1251,2046,28,0.0,0.0,NV,NEVADA,0.1847128,0.0
1252,2046,29,0.0,0.0,NH,NEW HAMPSHIRE,0.1847128,0.0
1253,2046,30,2771.577870678769,25.22748582302178,NJ,NEW JERSEY,0.1847128,511945.90891111334
1254,2046,31,0.0,0.0,NM,NEW MEXICO,0.1847128,0.0
1255,2046,32,4032.441300237206,87.9785688094187,NY,NEW YORK,0.1847128,744843.523402455
1256,2046,33,835.0729798964902,10.577490423370635,NC,NORTH CAROLINA,0.1847128,154248.66832102442
1257,2046,34,945398.899868928,11806.62253986238,ND,NORTH DAKOTA,0.1847128,174627277.91170934
1258,2046,35,1032818.3412885168,9329.108884528778,OH,OHIO,0.1847128,190774767.71075755
1259,2046,36,144136.6411582481,4050.583926258352,OK,OKLAHOMA,0.1847128,26623882.57093525
1260,2046,37,0.0,0.0,OR,OREGON,0.1847128,0.0
1261,2046,38,0.0,0.0,PA,PENNSYLVANIA,0.1847128,0.0
1262,2046,39,0.0,0.0,RI,RHODE ISLAND,0.1847128,0.0
1263,2046,40,87657.4457881916,1115.4697826978977,SC,SOUTH CAROLINA,0.1847128,16191452.252385078
1264,2046,41,1871066.700783797,19732.0719004512,SD,SOUTH DAKOTA,0.1847128,345609969.2885374
1265,2046,42,1226795.4100049096,7931.143780467839,TN,TENNESSEE,0.1847128,226604815.20915487
1266,2046,43,15826.991729917829,659.5236835182728,TX,TEXAS,0.1847128,2923447.9580099657
1267,2046,44,0.0,0.0,UT,UTAH,0.1847128,0.0
1268,2046,45,111.33977033673752,1.4254589119046646,VT,VERMONT,0.1847128,20565.880730255732
1269,2046,46,476.2840596905799,25.29188019867924,VA,VIRGINIA,0.1847128,87975.76226081415
1270,2046,47,0.0,0.0,WA,WASHINGTON,0.1847128,0.0
1271,2046,48,18305.68191821034,144.21833938619173,WV,WEST VIRGINIA,0.1847128,3381293.7630220028
1272,2046,49,528582.7790852227,4976.935231950865,WI,WISCONSIN,0.1847128,97636005.15661293
1273,2046,50,247428.51025300613,10062.165178541029,WY,WYOMING,0.1847128,45703212.92866147
1274,2047,0,546885.3674403254,4120.895373346475,AL,ALABAMA,0.1829766,100067225.12398146
1275,2047,2,0.0,0.0,AZ,ARIZONA,0.1829766,0.0
1276,2047,3,295194.5791713166,7717.4242390938525,AR,ARKANSAS,0.1829766,54013700.43519832
1277,2047,4,0.0,0.0,CA,CALIFORNIA,0.1829766,0.0
1278,2047,5,58322.10769305447,1258.735010053996,CO,COLORADO,0.1829766,10671580.970508952
1279,2047,6,0.0,0.0,CT,CONNECTICUT,0.1829766,0.0
1280,2047,7,106781.9694038998,724.7537734177025,DE,DELAWARE,0.1829766,19538601.70282961
1281,2047,8,0.0,0.0,DC,DISTRICT OF COLUMBIA,0.1829766,0.0
1282,2047,9,15.44426146337691,2.171992312475996,FL,FLORIDA,0.1829766,2825.938452079731
1283,2047,10,142651.96697064803,1399.262951552902,GA,GEORGIA,0.1829766,26101971.899601474
1284,2047,12,0.0,0.0,ID,IDAHO,0.1829766,0.0
1285,2047,13,7620474.28775966,49491.703176595074,IL,ILLINOIS,0.1829766,1394368475.5616841
1286,2047,14,2949149.836863309,18445.38570821434,IN,INDIANA,0.1829766,539625410.0398029
1287,2047,15,3038523.521072277,24684.50266591389,IA,IOWA,0.1829766,555978702.9058336
1288,2047,16,264970.63197176735,2666.442604921941,KS,KANSAS,0.1829766,48483425.33804528
1289,2047,17,2375455.1533572506,12404.419973340977,KY,KENTUCKY,0.1829766,434652707.4137883
1290,2047,18,18131.718140302124,663.021557196307,LA,LOUISIANA,0.1829766,3317680.1374708056
1291,2047,19,0.0,0.0,ME,MAINE,0.1829766,0.0
1292,2047,20,298897.3153049365,1562.1810558280267,MD,MARYLAND,0.1829766,54691214.50362524
1293,2047,21,0.0,0.0,MA,MASSACHUSETTS,0.1829766,0.0
1294,2047,22,287510.70790458214,3385.192050600803,MI,MICHIGAN,0.1829766,52607731.79597356
1295,2047,23,2132612.5062034205,25710.5337744717,MN,MINNESOTA,0.1829766,390218185.50258076
1296,2047,24,433086.73802124657,7403.455182674223,MS,MISSISSIPPI,0.1829766,79244738.82821842
1297,2047,25,3489504.0395378857,24443.741296235,MO,MISSOURI,0.1829766,638497584.8409078
1298,2047,26,630123.32018851,14518.59467039348,MT,MONTANA,0.1829766,115297822.7088049
1299,2047,27,409241.9349404952,7806.984770562678,NE,NEBRASKA,0.1829766,74881697.832833
1300,2047,28,0.0,0.0,NV,NEVADA,0.1829766,0.0
1301,2047,29,0.0,0.0,NH,NEW HAMPSHIRE,0.1829766,0.0
1302,2047,30,23685.878911022075,265.0878595855567,NJ,NEW JERSEY,0.1829766,4333961.591150521
1303,2047,31,0.0,0.0,NM,NEW MEXICO,0.1829766,0.0
1304,2047,32,12644.741259135872,108.13292661236784,NY,NEW YORK,0.1829766,2313691.7634764006
1305,2047,33,1272714.6353489524,8654.92855769103,NC,NORTH CAROLINA,0.1829766,232876996.7463911
1306,2047,34,29226.58473753577,1216.9656677222065,ND,NORTH DAKOTA,0.1829766,5347781.104886187
1307,2047,35,3255198.573415823,20266.15081953018,OH,OHIO,0.1829766,595625167.2884777
1308,2047,36,2518.3449104943647,92.79063186685462,OK,OKLAHOMA,0.1829766,460798.18934956315
1309,2047,37,0.0,0.0,OR,OREGON,0.1829766,0.0
1310,2047,38,244666.1398930311,2888.6563718792963,PA,PENNSYLVANIA,0.1829766,44768178.41275119
1311,2047,39,0.0,0.0,RI,RHODE ISLAND,0.1829766,0.0
1312,2047,40,1001755.7601219936,7092.223458864628,SC,SOUTH CAROLINA,0.1829766,183297863.01753798
1313,2047,41,504241.1698757127,9263.760031506015,SD,SOUTH DAKOTA,0.1829766,92264334.84388033
1314,2047,42,1482458.1177576566,8759.350956653008,TN,TENNESSEE,0.1829766,271255146.02969563
1315,2047,43,1020.1425958353708,43.90397102452097,TX,TEXAS,0.1829766,186662.2237011303
1316,2047,44,0.0,0.0,UT,UTAH,0.1829766,0.0
1317,2047,45,15053.90095206747,221.46062235517212,VT,VERMONT,0.1829766,2754511.6129460684
1318,2047,46,48089.25207486119,325.842456644718,VA,VIRGINIA,0.1829766,8799207.841201046
1319,2047,47,0.0,0.0,WA,WASHINGTON,0.1829766,0.0
1320,2047,48,40710.2399645951,133.01634181119968,WV,WEST VIRGINIA,0.1829766,7449021.293905731
1321,2047,49,705529.6752218446,6340.019521712464,WI,WISCONSIN,0.1829766,129095421.17119735
1322,2047,50,327100.0108856333,13701.924718535574,WY,WYOMING,0.1829766,59851647.85181616
1323,2048,0,399733.1283279972,2705.2048194887734,AL,ALABAMA,0.1812404,72447792.07141754
1324,2048,2,0.0,0.0,AZ,ARIZONA,0.1812404,0.0
1325,2048,3,610807.0820028977,12936.640536557148,AR,ARKANSAS,0.1812404,110702919.86503798
1326,2048,4,0.0,0.0,CA,CALIFORNIA,0.1812404,0.0
1327,2048,5,74822.913101961,1533.0116496871292,CO,COLORADO,0.1812404,13560934.699764652
1328,2048,6,0.0,0.0,CT,CONNECTICUT,0.1812404,0.0
1329,2048,7,0.0,0.0,DE,DELAWARE,0.1812404,0.0
1330,2048,8,0.0,0.0,DC,DISTRICT OF COLUMBIA,0.1812404,0.0
1331,2048,9,16821.91326112562,201.0196378294528,FL,FLORIDA,0.1812404,3048810.2882117117
1332,2048,10,38150.32923564484,474.31214190142686,GA,GEORGIA,0.1812404,6914380.930799965
1333,2048,12,0.0,0.0,ID,IDAHO,0.1812404,0.0
1334,2048,13,1470234.2009626925,24010.60021560086,IL,ILLINOIS,0.1812404,266465834.67615876
1335,2048,14,481383.8724518655,5770.038246037715,IN,INDIANA,0.1812404,87246205.59672508
1336,2048,15,1331525.819316163,15043.0947925999,IA,IOWA,0.1812404,241326272.1031891
1337,2048,16,187671.0933794063,2571.827601313385,KS,KANSAS,0.1812404,34013584.03252094
1338,2048,17,820921.651628878,6401.681528671692,KY,KENTUCKY,0.1812404,148784168.5098785
1339,2048,18,682853.0648295567,10642.948835075142,LA,LOUISIANA,0.1812404,123760562.61093478
1340,2048,19,0.0,0.0,ME,MAINE,0.1812404,0.0
1341,2048,20,591.1018682556714,13.86706636065226,MD,MARYLAND,0.1812404,107131.5390434052
1342,2048,21,0.0,0.0,MA,MASSACHUSETTS,0.1812404,0.0
1343,2048,22,36428.532058342746,546.433832797623,MI,MICHIGAN,0.1812404,6602321.721666863
1344,2048,23,80117.52636334357,4088.649037124192,MN,MINNESOTA,0.1812404,14520532.525102934
1345,2048,24,995437.6973574756,12351.140693029583,MS,MISSISSIPPI,0.1812404,180413526.44414783
1346,2048,25,875902.7597044064,11830.774699331118,MO,MISSOURI,0.1812404,158748966.5299305
1347,2048,26,722280.6736642041,16315.83976544581,MT,MONTANA,0.1812404,130906438.20716982
1348,2048,27,714761.6607954332,11833.271014404438,NE,NEBRASKA,0.1812404,129543689.30722862
1349,2048,28,0.0,0.0,NV,NEVADA,0.1812404,0.0
1350,2048,29,0.0,0.0,NH,NEW HAMPSHIRE,0.1812404,0.0
1351,2048,30,4528.376294432528,63.37746048617687,NJ,NEW JERSEY,0.1812404,820724.7309534692
1352,2048,31,0.0,0.0,NM,NEW MEXICO,0.1812404,0.0
1353,2048,32,0.0,0.0,NY,NEW YORK,0.1812404,0.0
1354,2048,33,133067.85034515138,1594.1669266484569,NC,NORTH CAROLINA,0.1812404,24117270.423695374
1355,2048,34,155891.7634780469,3142.3952193836985,ND,NORTH DAKOTA,0.1812404,28253885.56946661
1356,2048,35,83922.06301486233,1260.463083312054,OH,OHIO,0.1812404,15210068.269638853
1357,2048,36,45507.520299760086,1469.464650843675,OK,OKLAHOMA,0.1812404,8247801.182136638
1358,2048,37,0.0,0.0,OR,OREGON,0.1812404,0.0
1359,2048,38,45474.54718669624,389.06834529337647,PA,PENNSYLVANIA,0.1812404,8241825.121935701
1360,2048,39,0.0,0.0,RI,RHODE ISLAND,0.1812404,0.0
1361,2048,40,231250.28280934863,3270.337377676262,SC,SOUTH CAROLINA,0.1812404,41911893.75647947
1362,2048,41,418397.7510403676,5990.421538145607,SD,SOUTH DAKOTA,0.1812404,75830575.75765663
1363,2048,42,1100047.1403153588,7020.530398766645,TN,TENNESSEE,0.1812404,199372983.72961175
1364,2048,43,62588.531875198605,2483.1780396340646,TX,TEXAS,0.1812404,11343570.552473744
1365,2048,44,0.0,0.0,UT,UTAH,0.1812404,0.0
1366,2048,45,0.0,0.0,VT,VERMONT,0.1812404,0.0
1367,2048,46,1256.2956219599912,8.738701559061049,VA,VIRGINIA,0.1812404,227691.5210422776
1368,2048,47,0.0,0.0,WA,WASHINGTON,0.1812404,0.0
1369,2048,48,0.0,0.0,WV,WEST VIRGINIA,0.1812404,0.0
1370,2048,49,9678.65277344487,267.710303075672,WI,WISCONSIN,0.1812404,1754162.9001202576
1371,2048,50,350123.4920288701,14157.771691636435,WY,WYOMING,0.1812404,63456521.74470923
1372,2049,0,32870.38359287951,436.5916930487725,AL,ALABAMA,0.1795042,5900371.910532962
1373,2049,2,0.0,0.0,AZ,ARIZONA,0.1795042,0.0
1374,2049,3,22487.32646430868,1150.3459892052258,AR,ARKANSAS,0.1795042,4036569.547114558
1375,2049,4,0.0,0.0,CA,CALIFORNIA,0.1795042,0.0
1376,2049,5,81917.3416494475,1794.7105489741873,CO,COLORADO,0.1795042,14704506.878910754
1377,2049,6,0.0,0.0,CT,CONNECTICUT,0.1795042,0.0
1378,2049,7,0.0,0.0,DE,DELAWARE,0.1795042,0.0
1379,2049,8,0.0,0.0,DC,DISTRICT OF COLUMBIA,0.1795042,0.0
1380,2049,9,32.600416823748986,7.550767726934223,FL,FLORIDA,0.1795042,5851.911741613603
1381,2049,10,0.0,0.0,GA,GEORGIA,0.1795042,0.0
1382,2049,12,0.0,0.0,ID,IDAHO,0.1795042,0.0
1383,2049,13,490338.1732432755,8897.334252022267,IL,ILLINOIS,0.1795042,88017761.51749557
1384,2049,14,226973.0759765575,4464.910310125673,IN,INDIANA,0.1795042,40742620.424711175
1385,2049,15,984791.201468723,16560.741385496025,IA,IOWA,0.1795042,176774156.78668195
1386,2049,16,400501.3108971372,5053.215611148977,KS,KANSAS,0.1795042,71891667.4115419
1387,2049,17,15283.2376551464,202.08858879404664,KY,KENTUCKY,0.1795042,2743405.3486969303
1388,2049,18,383649.4286535732,8705.814158336385,LA,LOUISIANA,0.1795042,68866683.77091675
1389,2049,19,0.0,0.0,ME,MAINE,0.1795042,0.0
1390,2049,20,0.0,0.0,MD,MARYLAND,0.1795042,0.0
1391,2049,21,0.0,0.0,MA,MASSACHUSETTS,0.1795042,0.0
1392,2049,22,11050.045384312947,306.8899037492147,MI,MICHIGAN,0.1795042,1983529.556674788
1393,2049,23,315337.55080162536,6576.78149597531,MN,MINNESOTA,0.1795042,56604414.78660512
1394,2049,24,238067.4651547668,4636.58749721529,MS,MISSISSIPPI,0.1795042,42734109.87863429
1395,2049,25,550083.4515635261,10215.212930959791,MO,MISSOURI,0.1795042,98742289.90614949
1396,2049,26,554472.9905966469,12950.518474045626,MT,MONTANA,0.1795042,99530230.59865862
1397,2049,27,345826.661058866,5916.258970169703,NE,NEBRASKA,0.1795042,62077338.1320429
1398,2049,28,0.0,0.0,NV,NEVADA,0.1795042,0.0
1399,2049,29,0.0,0.0,NH,NEW HAMPSHIRE,0.1795042,0.0
1400,2049,30,0.0,0.0,NJ,NEW JERSEY,0.1795042,0.0
1401,2049,31,0.0,0.0,NM,NEW MEXICO,0.1795042,0.0
1402,2049,32,0.0,0.0,NY,NEW YORK,0.1795042,0.0
1403,2049,33,70675.67001590166,974.6567036894766,NC,NORTH CAROLINA,0.1795042,12686579.605668414
1404,2049,34,0.0,0.0,ND,NORTH DAKOTA,0.1795042,0.0
1405,2049,35,11374.916834985946,394.6356755043244,OH,OHIO,0.1795042,2041845.3465306845
1406,2049,36,9340.560541220588,299.89356370162795,OK,OKLAHOMA,0.1795042,1676669.8475033687
1407,2049,37,0.0,0.0,OR,OREGON,0.1795042,0.0
1408,2049,38,0.0,0.0,PA,PENNSYLVANIA,0.1795042,0.0
1409,2049,39,0.0,0.0,RI,RHODE ISLAND,0.1795042,0.0
1410,2049,40,30594.250799239784,380.25145303018144,SC,SOUTH CAROLINA,0.1795042,5491796.514316898
1411,2049,41,272634.14645942976,5723.985710389362,SD,SOUTH DAKOTA,0.1795042,48938974.352882765
1412,2049,42,36573.55335807496,1017.914433894302,TN,TENNESSEE,0.1795042,6565106.43669856
1413,2049,43,51399.60988457176,1465.3885996368017,TX,TEXAS,0.1795042,9226445.852642145
1414,2049,44,0.0,0.0,UT,UTAH,0.1795042,0.0
1415,2049,45,0.0,0.0,VT,VERMONT,0.1795042,0.0
1416,2049,46,0.0,0.0,VA,VIRGINIA,0.1795042,0.0
1417,2049,47,0.0,0.0,WA,WASHINGTON,0.1795042,0.0
1418,2049,48,0.0,0.0,WV,WEST VIRGINIA,0.1795042,0.0
1419,2049,49,36327.44468171988,795.6452064423274,WI,WISCONSIN,0.1795042,6520928.895636382
1420,2049,50,363153.8377291058,15125.15161515661,WY,WYOMING,0.1795042,65187639.118492946
1421,2050,0,293814.2993342154,1596.0172895982776,AL,ALABAMA,0.177768,52230780.36404481
1422,2050,2,0.0,0.0,AZ,ARIZONA,0.177768,0.0
1423,2050,3,355906.0657712514,9039.943559737436,AR,ARKANSAS,0.177768,63268709.50002382
1424,2050,4,0.0,0.0,CA,CALIFORNIA,0.177768,0.0
1425,2050,5,86509.59256259652,2044.979089571002,CO,COLORADO,0.177768,15378637.250667658
1426,2050,6,0.0,0.0,CT,CONNECTICUT,0.177768,0.0
1427,2050,7,42685.60401557299,409.5387068410655,DE,DELAWARE,0.177768,7588134.45464038
1428,2050,8,0.0,0.0,DC,DISTRICT OF COLUMBIA,0.177768,0.0
1429,2050,9,19822.04781437316,176.58069568816433,FL,FLORIDA,0.177768,3523725.795865488
1430,2050,10,60807.21195929271,516.1118644994489,GA,GEORGIA,0.177768,10809576.455579547
1431,2050,12,0.0,0.0,ID,IDAHO,0.177768,0.0
1432,2050,13,1876914.8365402068,16266.785856162993,IL,ILLINOIS,0.177768,333655396.6620795
1433,2050,14,1190217.473850036,10867.35410641018,IN,INDIANA,0.177768,211582579.89137325
1434,2050,15,0.0,0.0,IA,IOWA,0.177768,0.0
1435,2050,16,117052.5978718536,1190.1857154374857,KS,KANSAS,0.177768,20808206.21848367
1436,2050,17,816282.3667350938,4737.524439351405,KY,KENTUCKY,0.177768,145108883.76976416
1437,2050,18,173878.28891387538,4541.662761200121,LA,LOUISIANA,0.177768,30909995.6636418
1438,2050,19,0.0,0.0,ME,MAINE,0.177768,0.0
1439,2050,20,85615.84587475791,478.0512360706796,MD,MARYLAND,0.177768,15219757.689463966
1440,2050,21,0.0,0.0,MA,MASSACHUSETTS,0.177768,0.0
1441,2050,22,102330.7685213666,1049.460014071237,MI,MICHIGAN,0.177768,18191136.0585063
1442,2050,23,179731.69251524817,2702.68031160514,MN,MINNESOTA,0.177768,31950543.51505064
1443,2050,24,420492.62756823946,6386.771872805817,MS,MISSISSIPPI,0.177768,74750133.41755079
1444,2050,25,557515.6477777029,4692.812683727153,MO,MISSOURI,0.177768,99108441.6741467
1445,2050,26,933207.7754751458,16565.390751944695,MT,MONTANA,0.177768,165894479.83066574
1446,2050,27,22893.17976584374,497.96519915436943,NE,NEBRASKA,0.177768,4069674.7806145097
1447,2050,28,0.0,0.0,NV,NEVADA,0.177768,0.0
1448,2050,29,0.0,0.0,NH,NEW HAMPSHIRE,0.177768,0.0
1449,2050,30,170149.4253606347,1289.9242085768003,NJ,NEW JERSEY,0.177768,30247123.04750931
1450,2050,31,0.0,0.0,NM,NEW MEXICO,0.177768,0.0
1451,2050,32,456.34974356417246,3.4724833138866003,NY,NEW YORK,0.177768,81124.38121391581
1452,2050,33,661810.835773388,6516.404878045404,NC,NORTH CAROLINA,0.177768,117648788.65376365
1453,2050,34,14770.607810617856,407.6024378083787,ND,NORTH DAKOTA,0.177768,2625741.409277915
1454,2050,35,1068692.5456500105,11166.53124058347,OH,OHIO,0.177768,189979336.45511106
1455,2050,36,53721.93355721732,1511.3249176343838,OK,OKLAHOMA,0.177768,9550040.684599409
1456,2050,37,0.0,0.0,OR,OREGON,0.177768,0.0
1457,2050,38,216838.4789794244,2627.421477804401,PA,PENNSYLVANIA,0.177768,38546942.731214315
1458,2050,39,0.0,0.0,RI,RHODE ISLAND,0.177768,0.0
1459,2050,40,230481.8017059473,3406.651521583315,SC,SOUTH CAROLINA,0.177768,40972288.92566284
1460,2050,41,222838.4447477887,3662.328315955012,SD,SOUTH DAKOTA,0.177768,39613544.6459249
1461,2050,42,884050.6844121676,5445.988675239565,TN,TENNESSEE,0.177768,157155922.06658223
1462,2050,43,29468.12131389546,1426.219861535236,TX,TEXAS,0.177768,5238488.989728568
1463,2050,44,0.0,0.0,UT,UTAH,0.177768,0.0
1464,2050,45,3732.6396909879422,111.44322771695724,VT,VERMONT,0.177768,663543.8925875445
1465,2050,46,79617.78927360605,449.8644339922014,VA,VIRGINIA,0.177768,14153495.163590401
1466,2050,47,0.0,0.0,WA,WASHINGTON,0.177768,0.0
1467,2050,48,70208.37333713786,321.3096046536341,WV,WEST VIRGINIA,0.177768,12480802.111396324
1468,2050,49,20217.149530994822,372.2821960741162,WI,WISCONSIN,0.177768,3593962.2378258877
1469,2050,50,541938.8964467171,19517.32577429389,WY,WYOMING,0.177768,96339393.74354002
1470,2051,0,511939.8254416907,3578.655190502235,AL,ALABAMA,0.1819356,93140079.30562927
1471,2051,2,0.0,0.0,AZ,ARIZONA,0.1819356,0.0
1472,2051,3,551736.6863124354,10657.645418640532,AR,ARKANSAS,0.1819356,100380545.06626472
1473,2051,4,0.0,0.0,CA,CALIFORNIA,0.1819356,0.0
1474,2051,5,72307.85730206262,2006.4567069009624,CO,COLORADO,0.1819356,13155373.402965143
1475,2051,6,0.0,0.0,CT,CONNECTICUT,0.1819356,0.0
1476,2051,7,13169.162903951375,153.6451428879583,DE,DELAWARE,0.1819356,2395939.554428136
1477,2051,8,0.0,0.0,DC,DISTRICT OF COLUMBIA,0.1819356,0.0
1478,2051,9,22823.68384653354,303.4369592031208,FL,FLORIDA,0.1819356,4152440.614829387
1479,2051,10,139770.85673834826,1206.4869544537833,GA,GEORGIA,0.1819356,25429294.683205433
1480,2051,12,0.0,0.0,ID,IDAHO,0.1819356,0.0
1481,2051,13,5731509.79936359,40639.997276684735,IL,ILLINOIS,0.1819356,1042765674.2530944
1482,2051,14,4265408.966091182,25800.55414055105,IN,INDIANA,0.1819356,776029739.4911789
1483,2051,15,2660429.7171012163,24450.134282447223,IA,IOWA,0.1819356,484026876.83864003
1484,2051,16,1285516.895538996,11495.739081449174,KS,KANSAS,0.1819356,233881287.70002457
1485,2051,17,1191872.7396767584,6013.07942404201,KY,KENTUCKY,0.1819356,216844082.01673487
1486,2051,18,693583.345263955,12052.97835862862,LA,LOUISIANA,0.1819356,126187502.07060482
1487,2051,19,0.0,0.0,ME,MAINE,0.1819356,0.0
1488,2051,20,14712.549450100852,129.81730773360144,MD,MARYLAND,0.1819356,2676736.5117337685
1489,2051,21,0.0,0.0,MA,MASSACHUSETTS,0.1819356,0.0
1490,2051,22,231158.527282,2024.516263910773,MI,MICHIGAN,0.1819356,42055965.35616704
1491,2051,23,585516.4710131127,6496.066968225494,MN,MINNESOTA,0.1819356,106526290.46365327
1492,2051,24,1090177.379961243,13646.852409618195,MS,MISSISSIPPI,0.1819356,198342075.72967672
1493,2051,25,3654353.116390267,25815.361207687893,MO,MISSOURI,0.1819356,664856926.8423331
1494,2051,26,866205.3047999043,18978.3005284125,MT,MONTANA,0.1819356,157593581.85195348
1495,2051,27,1124647.364159524,15552.143698253463,NE,NEBRASKA,0.1819356,204613392.98678148
1496,2051,28,0.0,0.0,NV,NEVADA,0.1819356,0.0
1497,2051,29,0.0,0.0,NH,NEW HAMPSHIRE,0.1819356,0.0
1498,2051,30,8759.74073661357,123.46038955790593,NJ,NEW JERSEY,0.1819356,1593708.6867602319
1499,2051,31,0.0,0.0,NM,NEW MEXICO,0.1819356,0.0
1500,2051,32,0.0,0.0,NY,NEW YORK,0.1819356,0.0
1501,2051,33,1037189.5897509776,8122.952179725196,NC,NORTH CAROLINA,0.1819356,188701710.32509798
1502,2051,34,0.0,0.0,ND,NORTH DAKOTA,0.1819356,0.0
1503,2051,35,3182927.0767737404,18881.77424675444,OH,OHIO,0.1819356,579087747.4690765
1504,2051,36,97485.91915186282,2661.3337824868163,OK,OKLAHOMA,0.1819356,17736159.192445654
1505,2051,37,0.0,0.0,OR,OREGON,0.1819356,0.0
1506,2051,38,153768.1180038369,916.571464164378,PA,PENNSYLVANIA,0.1819356,27975894.80989887
1507,2051,39,0.0,0.0,RI,RHODE ISLAND,0.1819356,0.0
1508,2051,40,974685.2486487556,6518.559148088956,SC,SOUTH CAROLINA,0.1819356,177329945.52406055
1509,2051,41,161439.52841952472,3968.728046480518,SD,SOUTH DAKOTA,0.1819356,29371597.466723286
1510,2051,42,1025342.9388028248,6160.269546216589,TN,TENNESSEE,0.1819356,186546382.77685523
1511,2051,43,97943.42714808969,2963.96158335233,TX,TEXAS,0.1819356,17819396.18424399
1512,2051,44,0.0,0.0,UT,UTAH,0.1819356,0.0
1513,2051,45,0.0,0.0,VT,VERMONT,0.1819356,0.0
1514,2051,46,100739.2344494596,460.9960597198861,VA,VIRGINIA,0.1819356,18328053.063103102
1515,2051,47,0.0,0.0,WA,WASHINGTON,0.1819356,0.0
1516,2051,48,235.35497716731868,1.0744815772725964,WV,WEST VIRGINIA,0.1819356,42819.448983922426
1517,2051,49,291186.8252582382,3081.654748461648,WI,WISCONSIN,0.1819356,52977249.76545272
1518,2051,50,398258.3212454751,18198.07182332959,WY,WYOMING,0.1819356,72457366.63078827
1519,2052,0,434680.6420537075,2737.9426862047885,AL,ALABAMA,0.1861032,80895458.46424954
1520,2052,2,0.0,0.0,AZ,ARIZONA,0.1861032,0.0
1521,2052,3,398101.5013994222,10315.341794195674,AR,ARKANSAS,0.1861032,74087963.33523694
1522,2052,4,0.0,0.0,CA,CALIFORNIA,0.1861032,0.0
1523,2052,5,65803.91093167306,1733.5190649413616,CO,COLORADO,0.1861032,12246318.396899337
1524,2052,6,0.0,0.0,CT,CONNECTICUT,0.1861032,0.0
1525,2052,7,0.0,0.0,DE,DELAWARE,0.1861032,0.0
1526,2052,8,0.0,0.0,DC,DISTRICT OF COLUMBIA,0.1861032,0.0
1527,2052,9,0.0,0.0,FL,FLORIDA,0.1861032,0.0
1528,2052,10,46448.20694045687,466.7323715942898,GA,GEORGIA,0.1861032,8644159.945881233
1529,2052,12,0.0,0.0,ID,IDAHO,0.1861032,0.0
1530,2052,13,10243480.749409197,57079.61096956598,IL,ILLINOIS,0.1861032,1906344546.6034496
1531,2052,14,8259838.575667813,36002.73642266364,IN,INDIANA,0.1861032,1537182390.4152222
1532,2052,15,9029405.691799128,54538.25655238472,IA,IOWA,0.1861032,1680401293.3420315
1533,2052,16,1254874.1129141082,11216.39023190671,KS,KANSAS,0.1861032,233536088.01047686
1534,2052,17,1865679.7578668976,10109.71469940651,KY,KENTUCKY,0.1861032,347208973.11425483
1535,2052,18,67460.02569230951,2248.225372534828,LA,LOUISIANA,0.1861032,12554526.653421016
1536,2052,19,0.0,0.0,ME,MAINE,0.1861032,0.0
1537,2052,20,23230.94864548181,244.0686735801031,MD,MARYLAND,0.1861032,4323353.88195983
1538,2052,21,0.0,0.0,MA,MASSACHUSETTS,0.1861032,0.0
1539,2052,22,735832.7560896932,4481.780606756588,MI,MICHIGAN,0.1861032,136940830.5731114
1540,2052,23,5146000.327636932,44336.27109379307,MN,MINNESOTA,0.1861032,957687128.1742815
1541,2052,24,148108.38415693576,3776.1855399985775,MS,MISSISSIPPI,0.1861032,27563444.238435045
1542,2052,25,4881183.600390303,33695.32404808992,MO,MISSOURI,0.1861032,908403887.8201566
1543,2052,26,1155851.8317675886,20294.061609794964,MT,MONTANA,0.1861032,215107724.6178099
1544,2052,27,1774263.8012097164,20822.25584375124,NE,NEBRASKA,0.1861032,330196171.0492921
1545,2052,28,0.0,0.0,NV,NEVADA,0.1861032,0.0
1546,2052,29,0.0,0.0,NH,NEW HAMPSHIRE,0.1861032,0.0
1547,2052,30,5096.431908435848,103.96431828737092,NJ,NEW JERSEY,0.1861032,948462.2867420182
1548,2052,31,0.0,0.0,NM,NEW MEXICO,0.1861032,0.0
1549,2052,32,36895.923540316304,326.129876078526,NY,NEW YORK,0.1861032,6866449.437808193
1550,2052,33,205792.9140671245,3547.61230430714,NC,NORTH CAROLINA,0.1861032,38298719.845216885
1551,2052,34,593710.0095982873,9266.960810136148,ND,NORTH DAKOTA,0.1861032,110491332.65827198
1552,2052,35,8930770.458955172,34260.47282023482,OH,OHIO,0.1861032,1662044960.877026
1553,2052,36,132033.9698380652,3601.613346212901,OK,OKLAHOMA,0.1861032,24571944.295567416
1554,2052,37,0.0,0.0,OR,OREGON,0.1861032,0.0
1555,2052,38,507245.66910090914,2293.086876461295,PA,PENNSYLVANIA,0.1861032,94400042.20582032
1556,2052,39,0.0,0.0,RI,RHODE ISLAND,0.1861032,0.0
1557,2052,40,73750.72358300354,1685.2726161797743,SC,SOUTH CAROLINA,0.1861032,13725245.661112424
1558,2052,41,2153527.516100717,22059.87052452569,SD,SOUTH DAKOTA,0.1861032,400778362.03439486
1559,2052,42,568466.7475599428,6229.8254966463865,TN,TENNESSEE,0.1861032,105793480.81449753
1560,2052,43,35015.38814657481,1277.0749613394614,TX,TEXAS,0.1861032,6516475.783319641
1561,2052,44,0.0,0.0,UT,UTAH,0.1861032,0.0
1562,2052,45,34048.87153082011,285.8555994980813,VT,VERMONT,0.1861032,6336603.948274522
1563,2052,46,6168.338218285648,57.63620567330257,VA,VIRGINIA,0.1861032,1147947.4811052575
1564,2052,47,0.0,0.0,WA,WASHINGTON,0.1861032,0.0
1565,2052,48,198770.0280148407,634.7771879975917,WV,WEST VIRGINIA,0.1861032,36991738.277651496
1566,2052,49,2821265.202978245,14801.966487869133,WI,WISCONSIN,0.1861032,525046482.3229009
1567,2052,50,586560.9577727006,19768.55957927213,WY,WYOMING,0.1861032,109160871.23656444
1568,2053,0,0.0,0.0,AL,ALABAMA,0.1902708,0.0
1569,2053,2,0.0,0.0,AZ,ARIZONA,0.1902708,0.0
1570,2053,3,212287.96242704915,4976.304372238876,AR,ARKANSAS,0.1902708,40392200.44136459
1571,2053,4,0.0,0.0,CA,CALIFORNIA,0.1902708,0.0
1572,2053,5,8590.218063989154,207.96001355068228,CO,COLORADO,0.1902708,1634467.6632096672
1573,2053,6,0.0,0.0,CT,CONNECTICUT,0.1902708,0.0
1574,2053,7,0.0,0.0,DE,DELAWARE,0.1902708,0.0
1575,2053,8,0.0,0.0,DC,DISTRICT OF COLUMBIA,0.1902708,0.0
1576,2053,9,0.0,0.0,FL,FLORIDA,0.1902708,0.0
1577,2053,10,0.0,0.0,GA,GEORGIA,0.1902708,0.0
1578,2053,12,0.0,0.0,ID,IDAHO,0.1902708,0.0
1579,2053,13,1130454.707751613,20757.967939135822,IL,ILLINOIS,0.1902708,215092521.60766563
1580,2053,14,298100.68921125535,5476.315874601926,IN,INDIANA,0.1902708,56719856.61677693
1581,2053,15,2514749.229971668,28190.16667869588,IA,IOWA,0.1902708,478483347.7860933
1582,2053,16,378310.2089050774,4077.0075091793815,KS,KANSAS,0.1902708,71981386.09653619
1583,2053,17,163632.8395096131,1517.221334484228,KY,KENTUCKY,0.1902708,31134551.279765695
1584,2053,18,474420.91381815466,6917.975055539835,LA,LOUISIANA,0.1902708,90268446.80891134
1585,2053,19,0.0,0.0,ME,MAINE,0.1902708,0.0
1586,2053,20,0.0,0.0,MD,MARYLAND,0.1902708,0.0
1587,2053,21,0.0,0.0,MA,MASSACHUSETTS,0.1902708,0.0
1588,2053,22,15751.974787519172,434.6599886541981,MI,MICHIGAN,0.1902708,2997140.8444011025
1589,2053,23,1035972.7024123444,17831.977727999692,MN,MINNESOTA,0.1902708,197115354.8661587
1590,2053,24,430337.1767431403,5645.841791648101,MS,MISSISSIPPI,0.1902708,81880598.8886587
1591,2053,25,1407388.1110016431,15568.413929063376,MO,MISSOURI,0.1902708,267784861.79077142
1592,2053,26,562386.4859762447,16152.815866724235,MT,MONTANA,0.1902708,107005726.59588885
1593,2053,27,1622376.0766801487,19461.7617363324,NE,NEBRASKA,0.1902708,308690794.0107932
1594,2053,28,0.0,0.0,NV,NEVADA,0.1902708,0.0
1595,2053,29,0.0,0.0,NH,NEW HAMPSHIRE,0.1902708,0.0
1596,2053,30,310.744678051869,9.32112809642748,NJ,NEW JERSEY,0.1902708,59125.63848867156
1597,2053,31,0.0,0.0,NM,NEW MEXICO,0.1902708,0.0
1598,2053,32,0.0,0.0,NY,NEW YORK,0.1902708,0.0
1599,2053,33,0.0,0.0,NC,NORTH CAROLINA,0.1902708,0.0
1600,2053,34,19418.429317489907,491.6151136072574,ND,NORTH DAKOTA,0.1902708,3694760.0809822585
1601,2053,35,130230.3430510148,3951.915223758715,OH,OHIO,0.1902708,24779031.556591026
1602,2053,36,20567.76140217448,717.8546890160446,OK,OKLAHOMA,0.1902708,3913444.41620086
1603,2053,37,0.0,0.0,OR,OREGON,0.1902708,0.0
1604,2053,38,164.69830106222008,18.11321957777025,PA,PENNSYLVANIA,0.1902708,31337.277501749464
1605,2053,39,0.0,0.0,RI,RHODE ISLAND,0.1902708,0.0
1606,2053,40,0.0,0.0,SC,SOUTH CAROLINA,0.1902708,0.0
1607,2053,41,933581.2015164172,13258.370777411554,SD,SOUTH DAKOTA,0.1902708,177633242.07748988
1608,2053,42,158929.99714352976,1229.2504349959768,TN,TENNESSEE,0.1902708,30239737.700497124
1609,2053,43,32379.01872186739,1417.7018823176836,TX,TEXAS,0.1902708,6160781.795424686
1610,2053,44,0.0,0.0,UT,UTAH,0.1902708,0.0
1611,2053,45,1702.425598375779,13.326128744444931,VT,VERMONT,0.1902708,323921.88054343814
1612,2053,46,0.0,0.0,VA,VIRGINIA,0.1902708,0.0
1613,2053,47,0.0,0.0,WA,WASHINGTON,0.1902708,0.0
1614,2053,48,0.0,0.0,WV,WEST VIRGINIA,0.1902708,0.0
1615,2053,49,68032.35917030473,1620.5843371765968,WI,WISCONSIN,0.1902708,12944571.405221216
1616,2053,50,191665.59032427223,8046.234657282056,WY,WYOMING,0.1902708,36468365.203471534
1617,2054,0,11490.739888792872,97.97104253421772,AL,ALABAMA,0.1944384,2234241.078793064
1618,2054,2,0.0,0.0,AZ,ARIZONA,0.1944384,0.0
1619,2054,3,25491.609668943427,732.5985309224574,AR,ARKANSAS,0.1944384,4956547.79745389
1620,2054,4,0.0,0.0,CA,CALIFORNIA,0.1944384,0.0
1621,2054,5,45148.352581682,1096.396229171551,CO,COLORADO,0.1944384,8778573.438618118
1622,2054,6,0.0,0.0,CT,CONNECTICUT,0.1944384,0.0
1623,2054,7,5214.820627044135,38.182720710525984,DE,DELAWARE,0.1944384,1013961.3790094584
1624,2054,8,0.0,0.0,DC,DISTRICT OF COLUMBIA,0.1944384,0.0
1625,2054,9,1091.110820687246,82.66656198394894,FL,FLORIDA,0.1944384,212153.84219711498
1626,2054,10,10714.142297615,105.74896544253662,GA,GEORGIA,0.1944384,2083240.6857205848
1627,2054,12,0.0,0.0,ID,IDAHO,0.1944384,0.0
1628,2054,13,3394560.832685073,42823.65626632947,IL,ILLINOIS,0.1944384,660032977.0099533
1629,2054,14,1412975.2879440708,17547.522245810134,IN,INDIANA,0.1944384,274736654.22738445
1630,2054,15,2365587.253539326,31678.298020316863,IA,IOWA,0.1944384,459961000.638581
1631,2054,16,694604.562724968,6602.14263306556,KS,KANSAS,0.1944384,135057799.8089424
1632,2054,17,536644.5125918188,4074.535867576921,KY,KENTUCKY,0.1944384,104344300.39713311
1633,2054,18,58378.071593906,1814.2251312581047,LA,LOUISIANA,0.1944384,11350938.835804533
1634,2054,19,0.0,0.0,ME,MAINE,0.1944384,0.0
1635,2054,20,215948.3984359261,868.5880400526878,MD,MARYLAND,0.1944384,41988661.07444397
1636,2054,21,0.0,0.0,MA,MASSACHUSETTS,0.1944384,0.0
1637,2054,22,140627.44076110725,2291.378642151798,MI,MICHIGAN,0.1944384,27343374.57768448
1638,2054,23,604704.5212631823,6963.3527132857125,MN,MINNESOTA,0.1944384,117577779.58717915
1639,2054,24,91671.73577714426,1730.9576707620963,MS,MISSISSIPPI,0.1944384,17824505.62973069
1640,2054,25,1570561.8594340496,17280.742337823896,MO,MISSOURI,0.1944384,305377535.04938155
1641,2054,26,255765.0340638712,7582.007721492726,MT,MONTANA,0.1944384,49730543.99932462
1642,2054,27,946706.83573097,14376.57924064218,NE,NEBRASKA,0.1944384,184076162.40859264
1643,2054,28,0.0,0.0,NV,NEVADA,0.1944384,0.0
1644,2054,29,0.0,0.0,NH,NEW HAMPSHIRE,0.1944384,0.0
1645,2054,30,56794.4596103404,783.6074917350438,NJ,NEW JERSEY,0.1944384,11043023.85549921
1646,2054,31,0.0,0.0,NM,NEW MEXICO,0.1944384,0.0
1647,2054,32,0.0,0.0,NY,NEW YORK,0.1944384,0.0
1648,2054,33,4732.150774988208,67.51487938333854,NC,NORTH CAROLINA,0.1944384,920111.8252474673
1649,2054,34,0.0,0.0,ND,NORTH DAKOTA,0.1944384,0.0
1650,2054,35,2089119.9934458071,18828.942167065128,OH,OHIO,0.1944384,406205148.93361324
1651,2054,36,31316.35493268121,1137.0051318921849,OK,OKLAHOMA,0.1944384,6089101.946942642
1652,2054,37,0.0,0.0,OR,OREGON,0.1944384,0.0
1653,2054,38,28667.561790155603,348.0895944188225,PA,PENNSYLVANIA,0.1944384,5574074.846378991
1654,2054,39,0.0,0.0,RI,RHODE ISLAND,0.1944384,0.0
1655,2054,40,0.0,0.0,SC,SOUTH CAROLINA,0.1944384,0.0
1656,2054,41,771061.3526189714,9364.38058442383,SD,SOUTH DAKOTA,0.1944384,149923935.70506862
1657,2054,42,223492.1356348995,1422.8504345461486,TN,TENNESSEE,0.1944384,43455453.26543284
1658,2054,43,7003.483102090805,257.1183289339181,TX,TEXAS,0.1944384,1361746.0487975727
1659,2054,44,0.0,0.0,UT,UTAH,0.1944384,0.0
1660,2054,45,0.0,0.0,VT,VERMONT,0.1944384,0.0
1661,2054,46,46627.953774479945,216.93912169374545,VA,VIRGINIA,0.1944384,9066264.727183843
1662,2054,47,0.0,0.0,WA,WASHINGTON,0.1944384,0.0
1663,2054,48,15264.14657457138,88.92531885330885,WV,WEST VIRGINIA,0.1944384,2967936.23732514
1664,2054,49,29337.610097422017,506.5696406849714,WI,WISCONSIN,0.1944384,5704357.967166582
1665,2054,50,315134.47892037,12566.080514479914,WY,WYOMING,0.1944384,61274243.866110474
1666,2055,0,451694.6527138095,2976.874414863113,AL,ALABAMA,0.198606,89709268.19687885
1667,2055,2,0.0,0.0,AZ,ARIZONA,0.198606,0.0
1668,2055,3,35783.666928129955,738.819942962743,AR,ARKANSAS,0.198606,7106850.953928178
1669,2055,4,0.0,0.0,CA,CALIFORNIA,0.198606,0.0
1670,2055,5,63788.80278249125,1569.3671048826875,CO,COLORADO,0.198606,12668838.965419458
1671,2055,6,0.0,0.0,CT,CONNECTICUT,0.198606,0.0
1672,2055,7,0.0,0.0,DE,DELAWARE,0.198606,0.0
1673,2055,8,0.0,0.0,DC,DISTRICT OF COLUMBIA,0.198606,0.0
1674,2055,9,7653.205728205166,67.26727895433747,FL,FLORIDA,0.198606,1519972.5768559154
1675,2055,10,129659.80489327174,1168.8191259057048,GA,GEORGIA,0.198606,25751215.210633125
1676,2055,12,0.0,0.0,ID,IDAHO,0.198606,0.0
1677,2055,13,0.0,0.0,IL,ILLINOIS,0.198606,0.0
1678,2055,14,10656.523171895631,264.1385108203733,IN,INDIANA,0.198606,2116449.441077504
1679,2055,15,92469.4063428547,1968.2609431869544,IA,IOWA,0.198606,18364978.916129
1680,2055,16,983.319211078384,21.476166584210567,KS,KANSAS,0.198606,195293.09523543352
1681,2055,17,14722.607191405728,153.01432859981952,KY,KENTUCKY,0.198606,2923998.123856326
1682,2055,18,442287.1878548318,6255.262282383101,LA,LOUISIANA,0.198606,87840889.23109673
1683,2055,19,0.0,0.0,ME,MAINE,0.198606,0.0
1684,2055,20,69354.48235464632,329.7106992010908,MD,MARYLAND,0.198606,13774216.322526885
1685,2055,21,0.0,0.0,MA,MASSACHUSETTS,0.198606,0.0
1686,2055,22,0.0,0.0,MI,MICHIGAN,0.198606,0.0
1687,2055,23,96062.14123109852,1705.5540756190944,MN,MINNESOTA,0.198606,19078517.621343553
1688,2055,24,74598.45110492592,1052.9671129124777,MS,MISSISSIPPI,0.198606,14815699.980144916
1689,2055,25,1530.4536245419818,113.18433604875597,MO,MISSOURI,0.198606,303957.27255578485
1690,2055,26,530980.1434550709,16382.812760559727,MT,MONTANA,0.198606,105455842.37103781
1691,2055,27,66380.96243079714,3031.944332114308,NE,NEBRASKA,0.198606,13183657.424530897
1692,2055,28,0.0,0.0,NV,NEVADA,0.198606,0.0
1693,2055,29,0.0,0.0,NH,NEW HAMPSHIRE,0.198606,0.0
1694,2055,30,11749.610855782712,79.54464455208293,NJ,NEW JERSEY,0.198606,2333543.2136235815
1695,2055,31,0.0,0.0,NM,NEW MEXICO,0.198606,0.0
1696,2055,32,0.0,0.0,NY,NEW YORK,0.198606,0.0
1697,2055,33,450682.700004544,3437.2075635010187,NC,NORTH CAROLINA,0.198606,89508288.31710248
1698,2055,34,1368.878243799207,150.13617572461348,ND,NORTH DAKOTA,0.198606,271867.4324879853
1699,2055,35,200306.80386579828,3235.433488224198,OH,OHIO,0.198606,39782133.08857074
1700,2055,36,560.0544398707295,15.25010895154503,OK,OKLAHOMA,0.198606,111230.17208496612
1701,2055,37,0.0,0.0,OR,OREGON,0.198606,0.0
1702,2055,38,26335.977426873826,287.494963342009,PA,PENNSYLVANIA,0.198606,5230483.1328417035
1703,2055,39,0.0,0.0,RI,RHODE ISLAND,0.198606,0.0
1704,2055,40,818492.1274622903,5336.309869641449,SC,SOUTH CAROLINA,0.198606,162557447.46677563
1705,2055,41,76678.69319955078,2319.798125691892,SD,SOUTH DAKOTA,0.198606,15228848.541589983
1706,2055,42,104409.9894341945,881.1675919813375,TN,TENNESSEE,0.198606,20736450.361567635
1707,2055,43,1155.629736099719,37.81048830627792,TX,TEXAS,0.198606,229514.99936782077
1708,2055,44,0.0,0.0,UT,UTAH,0.198606,0.0
1709,2055,45,0.0,0.0,VT,VERMONT,0.198606,0.0
1710,2055,46,17193.403032676404,80.2052160407506,VA,VIRGINIA,0.198606,3414713.0027077296
1711,2055,47,0.0,0.0,WA,WASHINGTON,0.198606,0.0
1712,2055,48,790.3166960677778,16.072228558004568,WV,WEST VIRGINIA,0.198606,156961.63773923708
1713,2055,49,390.7920800044546,7.495482416811368,WI,WISCONSIN,0.198606,77613.65184136471
1714,2055,50,369324.9836590306,15352.288055576231,WY,WYOMING,0.198606,73350157.70458542
