Unnamed: 0,Year,state_id,Production_Loss(ton),Area_Loss(km^2),State_Code,State_Name,Price,Financial_Loss($)
0,2021,0,172640.51221356218,1162.092269297108,AL,ALABAMA,0.145011,25034773.316600867
1,2021,2,0.0,0.0,AZ,ARIZONA,0.145011,0.0
2,2021,3,221456.5676628037,3862.3832438733625,AR,ARKANSAS,0.145011,32113638.333350826
3,2021,4,0.0,0.0,CA,CALIFORNIA,0.145011,0.0
4,2021,5,119970.59336433154,1825.233009829341,CO,COLORADO,0.145011,17397055.71435508
5,2021,6,0.0,0.0,CT,CONNECTICUT,0.145011,0.0
6,2021,7,37849.54415551741,266.8775299739377,DE,DELAWARE,0.145011,5488600.247535735
7,2021,8,0.0,0.0,DC,DISTRICT OF COLUMBIA,0.145011,0.0
8,2021,9,11986.470698841598,95.15169310228312,FL,FLORIDA,0.145011,1738170.1025097189
9,2021,10,113306.32603487848,1238.64413916706,GA,GEORGIA,0.145011,16430663.644643763
10,2021,12,0.0,0.0,ID,IDAHO,0.145011,0.0
11,2021,13,2424340.8357837736,19719.001729191936,IL,ILLINOIS,0.145011,351556088.93784076
12,2021,14,223261.0070263052,1989.742967221002,IN,INDIANA,0.145011,32375301.889891542
13,2021,15,8087837.514764547,53225.58915476385,IA,IOWA,0.145011,1172825405.8535218
14,2021,16,614774.7121406231,4863.536054925917,KS,KANSAS,0.145011,89149095.7822239
15,2021,17,94593.86618875728,637.1939067236747,KY,KENTUCKY,0.145011,13717151.129897883
16,2021,18,224921.8046278845,3192.743673238971,LA,LOUISIANA,0.145011,32616135.81089416
17,2021,19,0.0,0.0,ME,MAINE,0.145011,0.0
18,2021,20,171075.12657727613,756.7098067378226,MD,MARYLAND,0.145011,24807775.180097386
19,2021,21,0.0,0.0,MA,MASSACHUSETTS,0.145011,0.0
20,2021,22,45462.32238724267,746.2055193015565,MI,MICHIGAN,0.145011,6592536.831696446
21,2021,23,4033132.9856673023,34781.34638629751,MN,MINNESOTA,0.145011,584848647.3846011
22,2021,24,516165.34999237856,5372.582530610551,MS,MISSISSIPPI,0.145011,74849653.5677448
23,2021,25,1852605.0654941665,13884.921141469184,MO,MISSOURI,0.145011,268648113.15237457
24,2021,26,641755.9205415422,14806.717664822962,MT,MONTANA,0.145011,93061667.79364958
25,2021,27,1563708.6751324343,18655.37483995368,NE,NEBRASKA,0.145011,226754958.68962944
26,2021,28,0.0,0.0,NV,NEVADA,0.145011,0.0
27,2021,29,0.0,0.0,NH,NEW HAMPSHIRE,0.145011,0.0
28,2021,30,60714.72363705484,243.93788115893545,NJ,NEW JERSEY,0.145011,8804302.78933296
29,2021,31,0.0,0.0,NM,NEW MEXICO,0.145011,0.0
30,2021,32,76.93715678892596,5.748603109551195,NY,NEW YORK,0.145011,11156.734043118942
31,2021,33,167704.14505808704,2817.768047298191,NC,NORTH CAROLINA,0.145011,24318945.77901826
32,2021,34,583816.0773562911,8665.512185997002,ND,NORTH DAKOTA,0.145011,84659753.19351314
33,2021,35,1016691.5852130086,6673.427890473277,OH,OHIO,0.145011,147431463.4633236
34,2021,36,15820.276083438355,448.3737021934686,OK,OKLAHOMA,0.145011,2294114.055135479
35,2021,37,0.0,0.0,OR,OREGON,0.145011,0.0
36,2021,38,119506.0546313094,405.3433483690603,PA,PENNSYLVANIA,0.145011,17329692.488140807
37,2021,39,0.0,0.0,RI,RHODE ISLAND,0.145011,0.0
38,2021,40,29777.350126826608,605.3550864047568,SC,SOUTH CAROLINA,0.145011,4318043.319241253
39,2021,41,2577869.787658165,26369.84729159924,SD,SOUTH DAKOTA,0.145011,373819475.77809817
40,2021,42,491626.90715280257,3012.162339041838,TN,TENNESSEE,0.145011,71291309.43313506
41,2021,43,3974.6916360442233,272.6471024185725,TX,TEXAS,0.145011,576374.0088344088
42,2021,44,0.0,0.0,UT,UTAH,0.145011,0.0
43,2021,45,0.0,0.0,VT,VERMONT,0.145011,0.0
44,2021,46,96476.71660367982,590.7331752210514,VA,VIRGINIA,0.145011,13990185.151416214
45,2021,47,0.0,0.0,WA,WASHINGTON,0.145011,0.0
46,2021,48,15644.6695723079,62.20135336746278,WV,WEST VIRGINIA,0.145011,2268649.1793499407
47,2021,49,616065.8193455625,6122.992769925326,WI,WISCONSIN,0.145011,89336320.52911936
48,2021,50,465415.9322760653,17763.312680693656,WY,WYOMING,0.145011,67490429.7552845
49,2022,0,663.4008703904353,5.184500557669759,AL,ALABAMA,0.147626,97935.21689225841
50,2022,2,0.0,0.0,AZ,ARIZONA,0.147626,0.0
51,2022,3,172997.3830932201,2992.0499576113134,AR,ARKANSAS,0.147626,25538911.67651971
52,2022,4,0.0,0.0,CA,CALIFORNIA,0.147626,0.0
53,2022,5,62974.95000252651,997.1695195208076,CO,COLORADO,0.147626,9296739.969072979
54,2022,6,0.0,0.0,CT,CONNECTICUT,0.147626,0.0
55,2022,7,0.0,0.0,DE,DELAWARE,0.147626,0.0
56,2022,8,0.0,0.0,DC,DISTRICT OF COLUMBIA,0.147626,0.0
57,2022,9,0.0,0.0,FL,FLORIDA,0.147626,0.0
58,2022,10,0.0,0.0,GA,GEORGIA,0.147626,0.0
59,2022,12,0.0,0.0,ID,IDAHO,0.147626,0.0
60,2022,13,7068002.175945325,35125.57799551294,IL,ILLINOIS,0.147626,1043420889.2261046
61,2022,14,7643229.748348145,26230.589975567927,IN,INDIANA,0.147626,1128339434.8296432
62,2022,15,296953.3031271632,4759.655533045807,IA,IOWA,0.147626,43838028.3274506
63,2022,16,14693.853950249711,385.3752230810802,KS,KANSAS,0.147626,2169194.883259564
64,2022,17,944492.7657390952,4091.175161377069,KY,KENTUCKY,0.147626,139431689.03499967
65,2022,18,43875.82187687559,1493.7201349219145,LA,LOUISIANA,0.147626,6477212.080395637
66,2022,19,0.0,0.0,ME,MAINE,0.147626,0.0
67,2022,20,2957.5380338919545,26.66920718110629,MD,MARYLAND,0.147626,436609.5097913337
68,2022,21,0.0,0.0,MA,MASSACHUSETTS,0.147626,0.0
69,2022,22,479982.9815794224,2234.971914591926,MI,MICHIGAN,0.147626,70857967.63864382
70,2022,23,1099661.386108787,9667.888497588414,MN,MINNESOTA,0.147626,162338611.78569582
71,2022,24,83724.05205594742,1180.9015861563958,MS,MISSISSIPPI,0.147626,12359846.908811295
72,2022,25,552526.8310516432,4190.246914749738,MO,MISSOURI,0.147626,81567325.96082988
73,2022,26,454829.00782297534,10025.138063093327,MT,MONTANA,0.147626,67144587.10887456
74,2022,27,10091.17519673696,220.05792143578904,NE,NEBRASKA,0.147626,1489719.8295934906
75,2022,28,0.0,0.0,NV,NEVADA,0.147626,0.0
76,2022,29,0.0,0.0,NH,NEW HAMPSHIRE,0.147626,0.0
77,2022,30,661.308162530331,8.335489376909859,NJ,NEW JERSEY,0.147626,97626.27880170265
78,2022,31,0.0,0.0,NM,NEW MEXICO,0.147626,0.0
79,2022,32,1140.657658378468,7.594783397858331,NY,NEW YORK,0.147626,168390.72747577974
80,2022,33,3341.139890635945,115.10914791287634,NC,NORTH CAROLINA,0.147626,493239.117495022
81,2022,34,224273.54801836584,3258.8374016580087,ND,NORTH DAKOTA,0.147626,33108606.799759276
82,2022,35,6009084.431957288,19388.53685020357,OH,OHIO,0.147626,887097098.3521266
83,2022,36,3569.5007680503604,71.10948869562955,OK,OKLAHOMA,0.147626,526951.1203842026
84,2022,37,0.0,0.0,OR,OREGON,0.147626,0.0
85,2022,38,17228.705388625924,186.9233328904856,PA,PENNSYLVANIA,0.147626,2543404.8617012906
86,2022,39,0.0,0.0,RI,RHODE ISLAND,0.147626,0.0
87,2022,40,0.0,0.0,SC,SOUTH CAROLINA,0.147626,0.0
88,2022,41,601562.2974086185,8914.596300491323,SD,SOUTH DAKOTA,0.147626,88806235.71724471
89,2022,42,913201.49529206,4638.995926000993,TN,TENNESSEE,0.147626,134812283.94398567
90,2022,43,16551.608073173556,582.5097498555479,TX,TEXAS,0.147626,2443447.6934103197
91,2022,44,0.0,0.0,UT,UTAH,0.147626,0.0
92,2022,45,0.0,0.0,VT,VERMONT,0.147626,0.0
93,2022,46,604.2473313775304,17.803797009271353,VA,VIRGINIA,0.147626,89202.61654193931
94,2022,47,0.0,0.0,WA,WASHINGTON,0.147626,0.0
95,2022,48,7305.238180483693,28.5175485568646,WV,WEST VIRGINIA,0.147626,1078443.0916320859
96,2022,49,96444.67856545172,1114.1083382014413,WI,WISCONSIN,0.147626,14237742.117903374
97,2022,50,195362.03551213013,8080.873073954891,WY,WYOMING,0.147626,28840515.85451372
98,2023,0,4000.322212633958,25.9213033828832,AL,ALABAMA,0.1502409999999999,601012.4095483382
99,2023,2,0.0,0.0,AZ,ARIZONA,0.1502409999999999,0.0
100,2023,3,12418.196915117249,192.46261503309705,AR,ARKANSAS,0.1502409999999999,1865722.3227241293
101,2023,4,0.0,0.0,CA,CALIFORNIA,0.1502409999999999,0.0
102,2023,5,30127.38887485268,570.7868096002551,CO,COLORADO,0.1502409999999999,4526369.031946738
103,2023,6,0.0,0.0,CT,CONNECTICUT,0.1502409999999999,0.0
104,2023,7,2832.5161207895426,24.05658750455871,DE,DELAWARE,0.1502409999999999,425560.05450354144
105,2023,8,0.0,0.0,DC,DISTRICT OF COLUMBIA,0.1502409999999999,0.0
106,2023,9,0.0,0.0,FL,FLORIDA,0.1502409999999999,0.0
107,2023,10,11901.915843070758,82.85530092431554,GA,GEORGIA,0.1502409999999999,1788155.7381787924
108,2023,12,0.0,0.0,ID,IDAHO,0.1502409999999999,0.0
109,2023,13,4587217.871528598,28862.22211891825,IL,ILLINOIS,0.1502409999999999,689188200.2363276
110,2023,14,5664717.88053604,25947.283346874778,IN,INDIANA,0.1502409999999999,851072879.0896146
111,2023,15,386834.48693278286,2904.006265507475,IA,IOWA,0.1502409999999999,58118400.1512682
112,2023,16,54431.95215184208,557.601341324591,KS,KANSAS,0.1502409999999999,8177910.923244901
113,2023,17,34325.60736577699,382.3957538163796,KY,KENTUCKY,0.1502409999999999,5157113.576241697
114,2023,18,169.20594620557182,2.8875192597259267,LA,LOUISIANA,0.1502409999999999,25421.6705638713
115,2023,19,0.0,0.0,ME,MAINE,0.1502409999999999,0.0
116,2023,20,6069.847247726792,69.01974783521285,MD,MARYLAND,0.1502409999999999,911939.9203457205
117,2023,21,0.0,0.0,MA,MASSACHUSETTS,0.1502409999999999,0.0
118,2023,22,486290.2240922398,1965.3866173286544,MI,MICHIGAN,0.1502409999999999,73060729.55784215
119,2023,23,877643.8908078235,6486.202259139799,MN,MINNESOTA,0.1502409999999999,131858095.79885814
120,2023,24,0.0,0.0,MS,MISSISSIPPI,0.1502409999999999,0.0
121,2023,25,631951.7849939239,10825.659787355462,MO,MISSOURI,0.1502409999999999,94945068.12927206
122,2023,26,310240.7228079202,6947.11950637242,MT,MONTANA,0.1502409999999999,46610876.43538471
123,2023,27,170600.84009186144,3256.363128239669,NE,NEBRASKA,0.1502409999999999,25631240.816241335
124,2023,28,0.0,0.0,NV,NEVADA,0.1502409999999999,0.0
125,2023,29,0.0,0.0,NH,NEW HAMPSHIRE,0.1502409999999999,0.0
126,2023,30,2011.1037875970808,11.264615748049636,NJ,NEW JERSEY,0.1502409999999999,302150.2441523728
127,2023,31,0.0,0.0,NM,NEW MEXICO,0.1502409999999999,0.0
128,2023,32,0.0,0.0,NY,NEW YORK,0.1502409999999999,0.0
129,2023,33,388535.3903911032,1978.0486794243493,NC,NORTH CAROLINA,0.1502409999999999,58373945.5877497
130,2023,34,296728.5587518944,3777.842100885892,ND,NORTH DAKOTA,0.1502409999999999,44580795.39544334
131,2023,35,6468518.463897898,22640.018293471752,OH,OHIO,0.1502409999999999,971836682.5344834
132,2023,36,8891.78595714621,188.40086928560768,OK,OKLAHOMA,0.1502409999999999,1335910.813987603
133,2023,37,0.0,0.0,OR,OREGON,0.1502409999999999,0.0
134,2023,38,5078.987091679264,19.059491242419284,PA,PENNSYLVANIA,0.1502409999999999,763072.0996409837
135,2023,39,0.0,0.0,RI,RHODE ISLAND,0.1502409999999999,0.0
136,2023,40,214126.84511932533,1334.438488797756,SC,SOUTH CAROLINA,0.1502409999999999,32170631.337572537
137,2023,41,1245442.9439737045,12614.029083748788,SD,SOUTH DAKOTA,0.1502409999999999,187116593.34555322
138,2023,42,14690.629087923448,87.64385417785746,TN,TENNESSEE,0.1502409999999999,2207134.804798705
139,2023,43,16588.455044843377,591.9398882339124,TX,TEXAS,0.1502409999999999,2492266.074392312
140,2023,44,0.0,0.0,UT,UTAH,0.1502409999999999,0.0
141,2023,45,0.0,0.0,VT,VERMONT,0.1502409999999999,0.0
142,2023,46,66689.92447891353,380.4010270492588,VA,VIRGINIA,0.1502409999999999,10019560.94363644
143,2023,47,0.0,0.0,WA,WASHINGTON,0.1502409999999999,0.0
144,2023,48,0.0,0.0,WV,WEST VIRGINIA,0.1502409999999999,0.0
145,2023,49,391644.7100282843,2094.5390591058576,WI,WISCONSIN,0.1502409999999999,58841092.879359424
146,2023,50,378798.04660147504,15476.469606483064,WY,WYOMING,0.1502409999999999,56910997.319452174
147,2024,0,612.049134021576,34.04138902921667,AL,ALABAMA,0.152856,93555.38243000202
148,2024,2,0.0,0.0,AZ,ARIZONA,0.152856,0.0
149,2024,3,68740.95451584127,1201.8107191224308,AR,ARKANSAS,0.152856,10507467.34347343
150,2024,4,0.0,0.0,CA,CALIFORNIA,0.152856,0.0
151,2024,5,43779.76157955252,665.9608532593809,CO,COLORADO,0.152856,6691999.236004079
152,2024,6,0.0,0.0,CT,CONNECTICUT,0.152856,0.0
153,2024,7,16825.559671463252,154.15120554827666,DE,DELAWARE,0.152856,2571887.7491411865
154,2024,8,0.0,0.0,DC,DISTRICT OF COLUMBIA,0.152856,0.0
155,2024,9,0.0,0.0,FL,FLORIDA,0.152856,0.0
156,2024,10,0.0,0.0,GA,GEORGIA,0.152856,0.0
157,2024,12,0.0,0.0,ID,IDAHO,0.152856,0.0
158,2024,13,3884407.853355944,17272.676836921986,IL,ILLINOIS,0.152856,593755046.8325762
159,2024,14,3189209.2234350485,11092.354367580396,IN,INDIANA,0.152856,487489765.05738777
160,2024,15,158061.21246290064,1183.6570076847004,IA,IOWA,0.152856,24160604.69222914
161,2024,16,498494.5426040444,4536.212181689523,KS,KANSAS,0.152856,76197881.80428381
162,2024,17,228860.96910074493,1027.863438546645,KY,KENTUCKY,0.152856,34982772.292863466
163,2024,18,93800.4697760895,1833.7877499256824,LA,LOUISIANA,0.152856,14337964.608093936
164,2024,19,0.0,0.0,ME,MAINE,0.152856,0.0
165,2024,20,30155.309661629428,146.17769919177027,MD,MARYLAND,0.152856,4609420.013638028
166,2024,21,0.0,0.0,MA,MASSACHUSETTS,0.152856,0.0
167,2024,22,361078.4715476624,1724.6858655553265,MI,MICHIGAN,0.152856,55193010.84688948
168,2024,23,753879.2496129487,5700.153459319647,MN,MINNESOTA,0.152856,115234966.57883689
169,2024,24,85553.92257587891,1470.421414805524,MS,MISSISSIPPI,0.152856,13077430.389258547
170,2024,25,567340.6434213703,4037.510083114904,MO,MISSOURI,0.152856,86721421.39081697
171,2024,26,609475.6536500831,15314.794946869672,MT,MONTANA,0.152856,93162010.5143371
172,2024,27,255730.0604965457,4836.898302481685,NE,NEBRASKA,0.152856,39089874.127259985
173,2024,28,0.0,0.0,NV,NEVADA,0.152856,0.0
174,2024,29,0.0,0.0,NH,NEW HAMPSHIRE,0.152856,0.0
175,2024,30,10328.72920813269,36.460104527568646,NJ,NEW JERSEY,0.152856,1578808.2318383304
176,2024,31,0.0,0.0,NM,NEW MEXICO,0.152856,0.0
177,2024,32,1111.0752311524272,5.293419434272408,NY,NEW YORK,0.152856,169834.5155330354
178,2024,33,3023.6574799211894,72.19329665329563,NC,NORTH CAROLINA,0.152856,462184.18775083334
179,2024,34,248709.93353831928,3190.449141059536,ND,NORTH DAKOTA,0.152856,38016805.60093333
180,2024,35,2746569.300932644,10720.527276813653,OH,OHIO,0.152856,419829597.0633602
181,2024,36,80168.6347651359,1595.0180695173858,OK,OKLAHOMA,0.152856,12254256.835659612
182,2024,37,0.0,0.0,OR,OREGON,0.152856,0.0
183,2024,38,4523.610617077453,13.20791246711644,PA,PENNSYLVANIA,0.152856,691461.0244839911
184,2024,39,0.0,0.0,RI,RHODE ISLAND,0.152856,0.0
185,2024,40,433.28613713710143,9.339701276559577,SC,SOUTH CAROLINA,0.152856,66230.38577822877
186,2024,41,679406.3595747962,7597.594701027635,SD,SOUTH DAKOTA,0.152856,103851338.49916504
187,2024,42,183899.98218749612,1146.3786601073905,TN,TENNESSEE,0.152856,28110215.677251905
188,2024,43,43618.44039748804,1588.1447628944418,TX,TEXAS,0.152856,6667340.325398432
189,2024,44,0.0,0.0,UT,UTAH,0.152856,0.0
190,2024,45,0.0,0.0,VT,VERMONT,0.152856,0.0
191,2024,46,12653.329529284983,49.2202484272747,VA,VIRGINIA,0.152856,1934137.3385283854
192,2024,47,0.0,0.0,WA,WASHINGTON,0.152856,0.0
193,2024,48,0.0,0.0,WV,WEST VIRGINIA,0.152856,0.0
194,2024,49,760021.4812045792,4113.890618672662,WI,WISCONSIN,0.152856,116173843.53100716
195,2024,50,455397.8122802549,19206.51447530603,WY,WYOMING,0.152856,69610287.99391064
196,2025,0,2431.839236128382,65.93980921768916,AL,ALABAMA,0.155471,378080.4778801157
197,2025,2,0.0,0.0,AZ,ARIZONA,0.155471,0.0
198,2025,3,112659.91604434465,1685.005409565172,AR,ARKANSAS,0.155471,17515349.807330307
199,2025,4,0.0,0.0,CA,CALIFORNIA,0.155471,0.0
200,2025,5,118961.9272507345,1833.1928092535525,CO,COLORADO,0.155471,18495129.791598946
201,2025,6,0.0,0.0,CT,CONNECTICUT,0.155471,0.0
202,2025,7,121265.75815728823,544.6114585759635,DE,DELAWARE,0.155471,18853308.68647176
203,2025,8,0.0,0.0,DC,DISTRICT OF COLUMBIA,0.155471,0.0
204,2025,9,74.22926085151884,2.1817425451197607,FL,FLORIDA,0.155471,11540.497413846486
205,2025,10,773.5451728769509,84.85418117832809,GA,GEORGIA,0.155471,120263.84157235244
206,2025,12,0.0,0.0,ID,IDAHO,0.155471,0.0
207,2025,13,1313513.2550680365,7971.809539253326,IL,ILLINOIS,0.155471,204213219.2786827
208,2025,14,1522477.1077364958,11502.3384039373,IN,INDIANA,0.155471,236701038.41690072
209,2025,15,1965990.334388332,13934.662812096416,IA,IOWA,0.155471,305654483.2776883
210,2025,16,366884.85858209705,3595.4267050437247,KS,KANSAS,0.155471,57039955.84861721
211,2025,17,95477.87694520038,407.7670752447159,KY,KENTUCKY,0.155471,14844041.006547248
212,2025,18,257178.0251945902,3674.498291430914,LA,LOUISIANA,0.155471,39983724.755028136
213,2025,19,0.0,0.0,ME,MAINE,0.155471,0.0
214,2025,20,300402.7175342995,1157.7035857762792,MD,MARYLAND,0.155471,46703910.89777508
215,2025,21,0.0,0.0,MA,MASSACHUSETTS,0.155471,0.0
216,2025,22,330717.5607772909,2255.0861625224534,MI,MICHIGAN,0.155471,51416989.89160619
217,2025,23,419028.6732430627,4180.564871559483,MN,MINNESOTA,0.155471,65146806.857772194
218,2025,24,136867.6834192252,1643.2326059722463,MS,MISSISSIPPI,0.155471,21278955.608870365
219,2025,25,1001290.8414649172,9281.45998889354,MO,MISSOURI,0.155471,155671688.41339213
220,2025,26,647989.8187730153,16011.979819667187,MT,MONTANA,0.155471,100743625.11445946
221,2025,27,447171.16425905074,7124.986930038804,NE,NEBRASKA,0.155471,69522148.07851887
222,2025,28,0.0,0.0,NV,NEVADA,0.155471,0.0
223,2025,29,13.116458518902077,0.7489306864812861,NH,NEW HAMPSHIRE,0.155471,2039.2289223922246
224,2025,30,13696.623016903111,108.32386092899938,NJ,NEW JERSEY,0.155471,2129427.6770609436
225,2025,31,0.0,0.0,NM,NEW MEXICO,0.155471,0.0
226,2025,32,7304.473989850439,90.7856517733952,NY,NEW YORK,0.155471,1135633.8756760375
227,2025,33,17261.93120874318,959.763182784798,NC,NORTH CAROLINA,0.155471,2683729.7069545104
228,2025,34,166638.8234125783,2731.03473998559,ND,NORTH DAKOTA,0.155471,25907504.51477696
229,2025,35,1323673.1697867766,7475.223134134968,OH,OHIO,0.155471,205792791.37991995
230,2025,36,21798.231626194523,420.257965171036,OK,OKLAHOMA,0.155471,3388992.8691560887
231,2025,37,0.0,0.0,OR,OREGON,0.155471,0.0
232,2025,38,221322.40385864783,1407.0910501997807,PA,PENNSYLVANIA,0.155471,34409215.45030784
233,2025,39,0.0,0.0,RI,RHODE ISLAND,0.155471,0.0
234,2025,40,184.73364565299863,13.017782643081713,SC,SOUTH CAROLINA,0.155471,28720.724623317354
235,2025,41,977855.1896150912,10655.445983459416,SD,SOUTH DAKOTA,0.155471,152028124.18464783
236,2025,42,377344.0345350311,2089.30427156018,TN,TENNESSEE,0.155471,58666054.39319582
237,2025,43,32911.43356653961,1151.9853645751573,TX,TEXAS,0.155471,5116773.4880234795
238,2025,44,0.0,0.0,UT,UTAH,0.155471,0.0
239,2025,45,0.0,0.0,VT,VERMONT,0.155471,0.0
240,2025,46,108126.55279817912,646.9991343715949,VA,VIRGINIA,0.155471,16810543.290085707
241,2025,47,0.0,0.0,WA,WASHINGTON,0.155471,0.0
242,2025,48,14946.78342673922,55.61106444367047,WV,WEST VIRGINIA,0.155471,2323791.3661385733
243,2025,49,379815.7404218833,3281.077311383822,WI,WISCONSIN,0.155471,59050332.97913062
244,2025,50,421244.9425390632,19744.33214411191,WY,WYOMING,0.155471,65491372.4614907
245,2026,0,183614.4413806175,1708.9559548819786,AL,ALABAMA,0.1583452,29074465.44330215
246,2026,2,0.0,0.0,AZ,ARIZONA,0.1583452,0.0
247,2026,3,122427.7399237356,1836.0119875816083,AR,ARKANSAS,0.1583452,19385844.9637719
248,2026,4,0.0,0.0,CA,CALIFORNIA,0.1583452,0.0
249,2026,5,89946.40385692376,1461.092349499355,CO,COLORADO,0.1583452,14242581.308005363
250,2026,6,0.0,0.0,CT,CONNECTICUT,0.1583452,0.0
251,2026,7,23559.62269870375,452.9938516697008,DE,DELAWARE,0.1583452,3730553.168150785
252,2026,8,0.0,0.0,DC,DISTRICT OF COLUMBIA,0.1583452,0.0
253,2026,9,5444.395368105229,43.429113626780456,FL,FLORIDA,0.1583452,862093.873441696
254,2026,10,38095.17102411701,555.3357247080996,GA,GEORGIA,0.1583452,6032187.474848012
255,2026,12,0.0,0.0,ID,IDAHO,0.1583452,0.0
256,2026,13,121709.92020506912,593.3306291966808,IL,ILLINOIS,0.1583452,19272181.65685571
257,2026,14,822949.2525116047,4591.588255876623,IN,INDIANA,0.1583452,130310063.97880054
258,2026,15,0.0,0.0,IA,IOWA,0.1583452,0.0
259,2026,16,80882.56948038308,594.0088267315151,KS,KANSAS,0.1583452,12807366.640885154
260,2026,17,518955.68226034095,4795.723365019783,KY,KENTUCKY,0.1583452,82174141.29865013
261,2026,18,300435.3035626053,4126.7845164920045,LA,LOUISIANA,0.1583452,47572488.22968144
262,2026,19,0.0,0.0,ME,MAINE,0.1583452,0.0
263,2026,20,86380.65560530299,707.6682784728007,MD,MARYLAND,0.1583452,13677962.187952822
264,2026,21,0.0,0.0,MA,MASSACHUSETTS,0.1583452,0.0
265,2026,22,28552.83458128708,224.1348919337564,MI,MICHIGAN,0.1583452,4521204.302340819
266,2026,23,25773.218581888825,585.8288105609263,MN,MINNESOTA,0.1583452,4081065.4509929023
267,2026,24,420524.4406552176,4775.840541877222,MS,MISSISSIPPI,0.1583452,66588026.66043857
268,2026,25,367202.82602793904,2409.790005345391,MO,MISSOURI,0.1583452,58144804.9279592
269,2026,26,607719.2164235348,13999.606356157796,MT,MONTANA,0.1583452,96229420.86842789
270,2026,27,52322.8475295184,2040.952267525746,NE,NEBRASKA,0.1583452,8285071.756631097
271,2026,28,0.0,0.0,NV,NEVADA,0.1583452,0.0
272,2026,29,0.0,0.0,NH,NEW HAMPSHIRE,0.1583452,0.0
273,2026,30,3910.2670722318353,67.63897225018037,NJ,NEW JERSEY,0.1583452,619172.0216059644
274,2026,31,0.0,0.0,NM,NEW MEXICO,0.1583452,0.0
275,2026,32,0.0,0.0,NY,NEW YORK,0.1583452,0.0
276,2026,33,65732.44198980008,2376.221174809231,NC,NORTH CAROLINA,0.1583452,10408416.67336329
277,2026,34,30711.028690951,692.3878035566031,ND,NORTH DAKOTA,0.1583452,4862943.980274375
278,2026,35,762629.3710556598,6943.395322085741,OH,OHIO,0.1583452,120758700.28568266
279,2026,36,5104.674684568637,100.00124128173336,OK,OKLAHOMA,0.1583452,808300.7338629577
280,2026,37,0.0,0.0,OR,OREGON,0.1583452,0.0
281,2026,38,19147.282125380003,202.4790649805125,PA,PENNSYLVANIA,0.1583452,3031880.217599721
282,2026,39,0.0,0.0,RI,RHODE ISLAND,0.1583452,0.0
283,2026,40,19452.19749685292,585.7502567655056,SC,SOUTH CAROLINA,0.1583452,3080162.1030786745
284,2026,41,97758.83912283316,2118.6193153157064,SD,SOUTH DAKOTA,0.1583452,15479642.932672841
285,2026,42,1026006.3065989732,6358.488736853538,TN,TENNESSEE,0.1583452,162463173.81967574
286,2026,43,21956.5408360666,701.8109011493732,TX,TEXAS,0.1583452,3476712.849995133
287,2026,44,0.0,0.0,UT,UTAH,0.1583452,0.0
288,2026,45,0.0,0.0,VT,VERMONT,0.1583452,0.0
289,2026,46,46652.79146628792,553.8501753756399,VA,VIRGINIA,0.1583452,7387245.595287654
290,2026,47,0.0,0.0,WA,WASHINGTON,0.1583452,0.0
291,2026,48,5955.992757380912,70.25560121259429,WV,WEST VIRGINIA,0.1583452,943102.864366032
292,2026,49,15803.879394820222,288.96941543812426,WI,WISCONSIN,0.1583452,2502468.443548687
293,2026,50,310446.24620336667,14001.185076722324,WY,WYOMING,0.1583452,49157672.94432133
294,2027,0,311.2562605328966,6.80018301801239,AL,ALABAMA,0.1612193999999999,50180.547569357244
295,2027,2,0.0,0.0,AZ,ARIZONA,0.1612193999999999,0.0
296,2027,3,187512.2271995699,4236.124128336757,AR,ARKANSAS,0.1612193999999999,30230608.76177832
297,2027,4,0.0,0.0,CA,CALIFORNIA,0.1612193999999999,0.0
298,2027,5,89641.26275276477,1388.2443248622374,CO,COLORADO,0.1612193999999999,14451910.596243076
299,2027,6,0.0,0.0,CT,CONNECTICUT,0.1612193999999999,0.0
300,2027,7,184725.21574881577,549.4168981829102,DE,DELAWARE,0.1612193999999999,29781288.44789461
301,2027,8,0.0,0.0,DC,DISTRICT OF COLUMBIA,0.1612193999999999,0.0
302,2027,9,866.4075994523764,5.99045739590152,FL,FLORIDA,0.1612193999999999,139681.71333915237
303,2027,10,18399.485762080945,142.5732276015837,GA,GEORGIA,0.1612193999999999,2966354.054871231
304,2027,12,0.0,0.0,ID,IDAHO,0.1612193999999999,0.0
305,2027,13,10896649.946883094,48016.357557216645,IL,ILLINOIS,0.1612193999999999,1756751366.446523
306,2027,14,9336737.80692012,29729.81102370765,IN,INDIANA,0.1612193999999999,1505263267.1889768
307,2027,15,5771941.882896662,35897.92776864434,IA,IOWA,0.1612193999999999,930549007.1954695
308,2027,16,30314.17925200957,232.23521692742435,KS,KANSAS,0.1612193999999999,4887233.790501429
309,2027,17,2146779.383153533,9076.134605126072,KY,KENTUCKY,0.1612193999999999,346102484.0843825
310,2027,18,4529.560072766624,63.46794657126588,LA,LOUISIANA,0.1612193999999999,730252.9571953911
311,2027,19,0.0,0.0,ME,MAINE,0.1612193999999999,0.0
312,2027,20,152448.50565541736,460.5078725164334,MD,MARYLAND,0.1612193999999999,24577656.61266298
313,2027,21,0.0,0.0,MA,MASSACHUSETTS,0.1612193999999999,0.0
314,2027,22,493902.3724574938,2411.8044529310628,MI,MICHIGAN,0.1612193999999999,79626644.14617363
315,2027,23,4540256.114549751,34962.8924691418,MN,MINNESOTA,0.1612193999999999,731977366.6340417
316,2027,24,4168.598449250056,58.29529061640403,MS,MISSISSIPPI,0.1612193999999999,672058.940829024
317,2027,25,3370968.2027538707,19920.734324339293,MO,MISSOURI,0.1612193999999999,543465471.0670571
318,2027,26,511940.3635646278,12101.920622595058,MT,MONTANA,0.1612193999999999,82534718.24967112
319,2027,27,555317.599913403,6366.846094051661,NE,NEBRASKA,0.1612193999999999,89527970.26747884
320,2027,28,0.0,0.0,NV,NEVADA,0.1612193999999999,0.0
321,2027,29,0.0,0.0,NH,NEW HAMPSHIRE,0.1612193999999999,0.0
322,2027,30,10790.097565633128,113.91905357980345,NJ,NEW JERSEY,0.1612193999999999,1739573.0554728326
323,2027,31,0.0,0.0,NM,NEW MEXICO,0.1612193999999999,0.0
324,2027,32,6491.105172344704,54.33785847456687,NY,NEW YORK,0.1612193999999999,1046492.0812223091
325,2027,33,39453.29665790889,330.4538792014192,NC,NORTH CAROLINA,0.1612193999999999,6360636.815210072
326,2027,34,273767.47865254595,3732.343070473178,ND,NORTH DAKOTA,0.1612193999999999,44136628.64787623
327,2027,35,4399153.560934087,14022.960103684303,OH,OHIO,0.1612193999999999,709228897.6016564
328,2027,36,24543.353734124164,518.5460160412348,OK,OKLAHOMA,0.1612193999999999,3956864.763003255
329,2027,37,0.0,0.0,OR,OREGON,0.1612193999999999,0.0
330,2027,38,40112.8436508821,447.10567841306687,PA,PENNSYLVANIA,0.1612193999999999,6466968.5856890185
331,2027,39,0.0,0.0,RI,RHODE ISLAND,0.1612193999999999,0.0
332,2027,40,18573.7116447958,169.09178501346702,SC,SOUTH CAROLINA,0.1612193999999999,2994442.6471469905
333,2027,41,1633805.2961992086,16551.866529620635,SD,SOUTH DAKOTA,0.1612193999999999,263401109.57005852
334,2027,42,596737.6771896606,3763.922262515133,TN,TENNESSEE,0.1612193999999999,96205690.2739107
335,2027,43,32668.76150333608,1304.5179215240107,TX,TEXAS,0.1612193999999999,5266838.128310938
336,2027,44,0.0,0.0,UT,UTAH,0.1612193999999999,0.0
337,2027,45,0.0,0.0,VT,VERMONT,0.1612193999999999,0.0
338,2027,46,35228.16976572964,108.0995523819242,VA,VIRGINIA,0.1612193999999999,5679464.392729069
339,2027,47,0.0,0.0,WA,WASHINGTON,0.1612193999999999,0.0
340,2027,48,3373.927985713577,9.183312160751829,WV,WEST VIRGINIA,0.1612193999999999,543942.6454999511
341,2027,49,824630.380434834,7278.7730329586575,WI,WISCONSIN,0.1612193999999999,132946415.1554756
342,2027,50,534676.0841604527,21299.5710945683,WY,WYOMING,0.1612193999999999,86200157.48269764
343,2028,0,252960.5780926072,1816.2447810674555,AL,ALABAMA,0.1640936,41509211.91729705
344,2028,2,0.0,0.0,AZ,ARIZONA,0.1640936,0.0
345,2028,3,306814.9974407916,5307.94735835236,AR,ARKANSAS,0.1640936,50346377.46405027
346,2028,4,0.0,0.0,CA,CALIFORNIA,0.1640936,0.0
347,2028,5,58111.71955893357,1070.4988190973036,CO,COLORADO,0.1640936,9535761.264615823
348,2028,6,0.0,0.0,CT,CONNECTICUT,0.1640936,0.0
349,2028,7,52189.36875327917,279.20602185632936,DE,DELAWARE,0.1640936,8563941.40045309
350,2028,8,0.0,0.0,DC,DISTRICT OF COLUMBIA,0.1640936,0.0
351,2028,9,11770.321722899183,92.54478962758829,FL,FLORIDA,0.1640936,1931434.4646687296
352,2028,10,120323.23110138193,1123.7745869910862,GA,GEORGIA,0.1640936,19744272.155057725
353,2028,12,0.0,0.0,ID,IDAHO,0.1640936,0.0
354,2028,13,12308487.864317786,52531.29597966671,IL,ILLINOIS,0.1640936,2019744084.212217
355,2028,14,10510742.572106171,32970.20546318388,IN,INDIANA,0.1640936,1724745587.330161
356,2028,15,10628997.779005395,54535.68407082758,IA,IOWA,0.1640936,1744150509.949
357,2028,16,2224003.780339332,16305.289176835578,KS,KANSAS,0.1640936,364944786.72949016
358,2028,17,2803701.7258573333,12717.220079084218,KY,KENTUCKY,0.1640936,460069509.5221429
359,2028,18,125016.0740447444,1883.646819969676,LA,LOUISIANA,0.1640936,20514337.64786867
360,2028,19,0.0,0.0,ME,MAINE,0.1640936,0.0
361,2028,20,87562.26380068582,307.41969695501285,MD,MARYLAND,0.1640936,14368407.09120422
362,2028,21,0.0,0.0,MA,MASSACHUSETTS,0.1640936,0.0
363,2028,22,663669.4169470397,2560.799402367777,MI,MICHIGAN,0.1640936,108903903.83674075
364,2028,23,4857703.941726494,36038.86681689564,MN,MINNESOTA,0.1640936,797118127.5320907
365,2028,24,647684.2050387859,7362.465900715477,MS,MISSISSIPPI,0.1640936,106280832.86795253
366,2028,25,4973176.383432525,28248.334843823515,MO,MISSOURI,0.1640936,816066416.1924235
367,2028,26,897577.1902546403,19904.676512306127,MT,MONTANA,0.1640936,147286672.42676887
368,2028,27,1037633.6702471484,11095.73340483855,NE,NEBRASKA,0.1640936,170269044.43206748
369,2028,28,0.0,0.0,NV,NEVADA,0.1640936,0.0
370,2028,29,26.82138394173261,0.6399952116417532,NH,NEW HAMPSHIRE,0.1640936,4401.217447981094
371,2028,30,28477.909695992123,130.6169659093356,NJ,NEW JERSEY,0.1640936,4673042.722490253
372,2028,31,0.0,0.0,NM,NEW MEXICO,0.1640936,0.0
373,2028,32,16146.61544062485,73.55938454880744,NY,NEW YORK,0.1640936,2649556.255467718
374,2028,33,341354.63275239454,2371.296692573555,NC,NORTH CAROLINA,0.1640936,56014110.56501833
375,2028,34,738107.7248035003,9403.460082724643,ND,NORTH DAKOTA,0.1640936,121118753.75081566
376,2028,35,9803508.924175264,27306.318085546467,OH,OHIO,0.1640936,1608693072.0000463
377,2028,36,199393.02690749863,4551.340786338258,OK,OKLAHOMA,0.1640936,32719119.600148316
378,2028,37,0.0,0.0,OR,OREGON,0.1640936,0.0
379,2028,38,498066.8363566325,2292.559388113951,PA,PENNSYLVANIA,0.1640936,81729580.21837072
380,2028,39,0.0,0.0,RI,RHODE ISLAND,0.1640936,0.0
381,2028,40,59292.35469267149,1046.742719749139,SC,SOUTH CAROLINA,0.1640936,9729495.93399736
382,2028,41,2166454.741196574,22213.818080583893,SD,SOUTH DAKOTA,0.1640936,355501357.72001415
383,2028,42,1461431.0684341432,8775.084132105385,TN,TENNESSEE,0.1640936,239811485.17120495
384,2028,43,25017.27310322829,1019.0215194576416,TX,TEXAS,0.1640936,4105174.4056919017
385,2028,44,0.0,0.0,UT,UTAH,0.1640936,0.0
386,2028,45,0.0,0.0,VT,VERMONT,0.1640936,0.0
387,2028,46,9791.150198139036,50.24523287234055,VA,VIRGINIA,0.1640936,1606665.0841533479
388,2028,47,0.0,0.0,WA,WASHINGTON,0.1640936,0.0
389,2028,48,53454.85580309804,318.9061009640145,WV,WEST VIRGINIA,0.1640936,8771599.72621125
390,2028,49,1524087.1803567098,7887.06859030831,WI,WISCONSIN,0.1640936,250092952.13858178
391,2028,50,527723.3576544066,22756.145428788248,WY,WYOMING,0.1640936,86596025.56159914
392,2029,0,0.0,0.0,AL,ALABAMA,0.1669678,0.0
393,2029,2,0.0,0.0,AZ,ARIZONA,0.1669678,0.0
394,2029,3,92.30905409143104,10.027273458898708,AR,ARKANSAS,0.1669678,15412.63968172724
395,2029,4,0.0,0.0,CA,CALIFORNIA,0.1669678,0.0
396,2029,5,86442.0099346088,1316.6401765622657,CO,COLORADO,0.1669678,14433032.226359775
397,2029,6,0.0,0.0,CT,CONNECTICUT,0.1669678,0.0
398,2029,7,0.0,0.0,DE,DELAWARE,0.1669678,0.0
399,2029,8,0.0,0.0,DC,DISTRICT OF COLUMBIA,0.1669678,0.0
400,2029,9,0.0,0.0,FL,FLORIDA,0.1669678,0.0
401,2029,10,0.0,0.0,GA,GEORGIA,0.1669678,0.0
402,2029,12,0.0,0.0,ID,IDAHO,0.1669678,0.0
403,2029,13,1688438.8046581885,10977.275455581475,IL,ILLINOIS,0.1669678,281914912.6484075
404,2029,14,478754.9796451932,8247.823459304978,IN,INDIANA,0.1669678,79936665.69040269
405,2029,15,7202918.4810134135,51458.15462475338,IA,IOWA,0.1669678,1202655452.3541515
406,2029,16,1307681.640343534,11553.976454440995,KS,KANSAS,0.1669678,218340726.5885511
407,2029,17,8842.692450569808,132.31396495807448,KY,KENTUCKY,0.1669678,1476444.9045482497
408,2029,18,0.0,0.0,LA,LOUISIANA,0.1669678,0.0
409,2029,19,0.0,0.0,ME,MAINE,0.1669678,0.0
410,2029,20,0.0,0.0,MD,MARYLAND,0.1669678,0.0
411,2029,21,0.0,0.0,MA,MASSACHUSETTS,0.1669678,0.0
412,2029,22,135050.0257166488,1448.2793163354745,MI,MICHIGAN,0.1669678,22549005.68385227
413,2029,23,3460193.7698117457,30938.0546145117,MN,MINNESOTA,0.1669678,577740941.3191736
414,2029,24,0.0,0.0,MS,MISSISSIPPI,0.1669678,0.0
415,2029,25,1086344.1320240763,8762.450261100681,MO,MISSOURI,0.1669678,181384489.76696956
416,2029,26,792826.6565112596,18629.893209714824,MT,MONTANA,0.1669678,132376522.61904068
417,2029,27,1300522.129170905,15814.467539009998,NE,NEBRASKA,0.1669678,217145318.75898185
418,2029,28,0.0,0.0,NV,NEVADA,0.1669678,0.0
419,2029,29,0.0,0.0,NH,NEW HAMPSHIRE,0.1669678,0.0
420,2029,30,0.0,0.0,NJ,NEW JERSEY,0.1669678,0.0
421,2029,31,0.0,0.0,NM,NEW MEXICO,0.1669678,0.0
422,2029,32,0.0,0.0,NY,NEW YORK,0.1669678,0.0
423,2029,33,4.173120877037731,2.672948962090421,NC,NORTH CAROLINA,0.1669678,696.7768119730606
424,2029,34,617519.0627199829,7946.525039993381,ND,NORTH DAKOTA,0.1669678,103105799.36041757
425,2029,35,374009.6844617719,3499.6827366686925,OH,OHIO,0.1669678,62447574.19327624
426,2029,36,4372.510391046387,137.56061915370324,OK,OKLAHOMA,0.1669678,730068.440470155
427,2029,37,0.0,0.0,OR,OREGON,0.1669678,0.0
428,2029,38,0.0,0.0,PA,PENNSYLVANIA,0.1669678,0.0
429,2029,39,0.0,0.0,RI,RHODE ISLAND,0.1669678,0.0
430,2029,40,0.0,0.0,SC,SOUTH CAROLINA,0.1669678,0.0
431,2029,41,2393711.2430445035,24467.39277554663,SD,SOUTH DAKOTA,0.1669678,399672700.0864061
432,2029,42,0.0,0.0,TN,TENNESSEE,0.1669678,0.0
433,2029,43,6851.191055885364,260.08460944428714,TX,TEXAS,0.1669678,1143928.2979808564
434,2029,44,0.0,0.0,UT,UTAH,0.1669678,0.0
435,2029,45,824.4948602941399,26.02617241116584,VT,VERMONT,0.1669678,137664.0929346199
436,2029,46,0.0,0.0,VA,VIRGINIA,0.1669678,0.0
437,2029,47,0.0,0.0,WA,WASHINGTON,0.1669678,0.0
438,2029,48,0.0,0.0,WV,WEST VIRGINIA,0.1669678,0.0
439,2029,49,239892.9654102858,2160.0494575536623,WI,WISCONSIN,0.1669678,40054400.67003152
440,2029,50,349809.1581168859,16058.6765512224,WY,WYOMING,0.1669678,58406865.55062858
441,2030,0,100319.99076640696,870.4439305077658,AL,ALABAMA,0.169842,17038547.87174809
442,2030,2,0.0,0.0,AZ,ARIZONA,0.169842,0.0
443,2030,3,106768.81262340238,1711.362572102706,AR,ARKANSAS,0.169842,18133828.673583906
444,2030,4,0.0,0.0,CA,CALIFORNIA,0.169842,0.0
445,2030,5,57725.54853317807,878.05904952201,CO,COLORADO,0.169842,9804222.61397203
446,2030,6,0.0,0.0,CT,CONNECTICUT,0.169842,0.0
447,2030,7,10829.359523340374,119.79551996461664,DE,DELAWARE,0.169842,1839280.0801631757
448,2030,8,0.0,0.0,DC,DISTRICT OF COLUMBIA,0.169842,0.0
449,2030,9,2574.183580482243,32.57648188898334,FL,FLORIDA,0.169842,437204.4876762651
450,2030,10,30390.5420892326,587.7954956015153,GA,GEORGIA,0.169842,5161590.449519443
451,2030,12,0.0,0.0,ID,IDAHO,0.169842,0.0
452,2030,13,595707.9603916514,4576.345086692499,IL,ILLINOIS,0.169842,101176231.40883885
453,2030,14,81137.50519149553,600.5596363259837,IN,INDIANA,0.169842,13780556.156733982
454,2030,15,387449.9107324615,3105.211205150929,IA,IOWA,0.169842,65805267.738622725
455,2030,16,225999.69896687948,1757.9664911757682,KS,KANSAS,0.169842,38384240.871932745
456,2030,17,623518.0258805633,3174.504347884641,KY,KENTUCKY,0.169842,105899548.55160663
457,2030,18,501624.0355020692,6843.548260731503,LA,LOUISIANA,0.169842,85196829.43774244
458,2030,19,0.0,0.0,ME,MAINE,0.169842,0.0
459,2030,20,0.0,0.0,MD,MARYLAND,0.169842,0.0
460,2030,21,0.0,0.0,MA,MASSACHUSETTS,0.169842,0.0
461,2030,22,29046.60127939473,379.786172627309,MI,MICHIGAN,0.169842,4933332.85449496
462,2030,23,334654.07181145065,3088.0170042913805,MN,MINNESOTA,0.169842,56838316.8646004
463,2030,24,481570.9627362351,5069.9235307899335,MS,MISSISSIPPI,0.169842,81790975.45304765
464,2030,25,152057.74293096844,1057.372834409813,MO,MISSOURI,0.169842,25825791.17488154
465,2030,26,938021.1473068586,19614.92012739362,MT,MONTANA,0.169842,159315387.70089146
466,2030,27,567404.353884844,7887.060137071232,NE,NEBRASKA,0.169842,96369090.27250966
467,2030,28,0.0,0.0,NV,NEVADA,0.169842,0.0
468,2030,29,0.0,0.0,NH,NEW HAMPSHIRE,0.169842,0.0
469,2030,30,0.0,0.0,NJ,NEW JERSEY,0.169842,0.0
470,2030,31,0.0,0.0,NM,NEW MEXICO,0.169842,0.0
471,2030,32,0.0,0.0,NY,NEW YORK,0.169842,0.0
472,2030,33,548606.875605699,4822.026446397361,NC,NORTH CAROLINA,0.169842,93176488.96662314
473,2030,34,331499.58869466337,4342.912629732104,ND,NORTH DAKOTA,0.169842,56302553.14307901
474,2030,35,882.781868212029,93.33152373699711,OH,OHIO,0.169842,149933.43806086745
475,2030,36,23408.40943641366,534.4914363644823,OK,OKLAHOMA,0.169842,3975731.075499369
476,2030,37,0.0,0.0,OR,OREGON,0.169842,0.0
477,2030,38,0.0,0.0,PA,PENNSYLVANIA,0.169842,0.0
478,2030,39,0.0,0.0,RI,RHODE ISLAND,0.169842,0.0
479,2030,40,197966.73803906643,3472.162734581365,SC,SOUTH CAROLINA,0.169842,33623066.72203112
480,2030,41,1191085.4830252847,13848.908792412072,SD,SOUTH DAKOTA,0.169842,202296340.6079804
481,2030,42,356747.01614706614,2074.8320146761785,TN,TENNESSEE,0.169842,60590626.71645
482,2030,43,25691.649981439863,1103.9406075599254,TX,TEXAS,0.169842,4363521.216147709
483,2030,44,0.0,0.0,UT,UTAH,0.169842,0.0
484,2030,45,0.0,0.0,VT,VERMONT,0.169842,0.0
485,2030,46,1157.4155461446787,12.584917811304177,VA,VIRGINIA,0.169842,196577.77118830453
486,2030,47,0.0,0.0,WA,WASHINGTON,0.169842,0.0
487,2030,48,0.0,0.0,WV,WEST VIRGINIA,0.169842,0.0
488,2030,49,0.0,0.0,WI,WISCONSIN,0.169842,0.0
489,2030,50,446033.65381654754,21323.49019555864,WY,WYOMING,0.169842,75755247.83151007
490,2031,0,0.0,0.0,AL,ALABAMA,0.1670496,0.0
491,2031,2,0.0,0.0,AZ,ARIZONA,0.1670496,0.0
492,2031,3,5128.90491532288,75.94615026499501,AR,ARKANSAS,0.1670496,856781.5145427209
493,2031,4,0.0,0.0,CA,CALIFORNIA,0.1670496,0.0
494,2031,5,57821.75027885662,879.5033870168727,CO,COLORADO,0.1670496,9659100.255382886
495,2031,6,0.0,0.0,CT,CONNECTICUT,0.1670496,0.0
496,2031,7,119881.3870512672,1069.2027998329618,DE,DELAWARE,0.1670496,20026137.754359365
497,2031,8,0.0,0.0,DC,DISTRICT OF COLUMBIA,0.1670496,0.0
498,2031,9,0.0,0.0,FL,FLORIDA,0.1670496,0.0
499,2031,10,0.0,0.0,GA,GEORGIA,0.1670496,0.0
500,2031,12,0.0,0.0,ID,IDAHO,0.1670496,0.0
501,2031,13,4107729.8817314175,17338.370438256236,IL,ILLINOIS,0.1670496,686194633.6512806
502,2031,14,6017022.150466856,21545.601944557937,IN,INDIANA,0.1670496,1005141143.4266281
503,2031,15,2268687.8428714145,11796.686352405666,IA,IOWA,0.1670496,378983396.6765326
504,2031,16,690285.1097501977,5111.669080697244,KS,KANSAS,0.1670496,115311851.46972664
505,2031,17,48215.42659220331,200.34618518841168,KY,KENTUCKY,0.1670496,8054367.726056926
506,2031,18,0.0,0.0,LA,LOUISIANA,0.1670496,0.0
507,2031,19,0.0,0.0,ME,MAINE,0.1670496,0.0
508,2031,20,276221.9702964573,1565.1035645306206,MD,MARYLAND,0.1670496,46142769.64923507
509,2031,21,0.0,0.0,MA,MASSACHUSETTS,0.1670496,0.0
510,2031,22,684943.7903148149,3044.2954605407867,MI,MICHIGAN,0.1670496,114419586.1945737
511,2031,23,280202.7167391218,2805.145899680082,MN,MINNESOTA,0.1670496,46807751.7501836
512,2031,24,0.0,0.0,MS,MISSISSIPPI,0.1670496,0.0
513,2031,25,1846090.781444975,10084.738318350282,MO,MISSOURI,0.1670496,308388726.6040705
514,2031,26,943468.2771957372,19707.42913161815,MT,MONTANA,0.1670496,157605998.318237
515,2031,27,902203.1715450973,9777.90010762259,NE,NEBRASKA,0.1670496,150712678.92533988
516,2031,28,0.0,0.0,NV,NEVADA,0.1670496,0.0
517,2031,29,0.0,0.0,NH,NEW HAMPSHIRE,0.1670496,0.0
518,2031,30,173555.4283843632,1005.920994015724,NJ,NEW JERSEY,0.1670496,28992364.889436513
519,2031,31,0.0,0.0,NM,NEW MEXICO,0.1670496,0.0
520,2031,32,21297.8523271605,119.38920506483043,NY,NEW YORK,0.1670496,3557797.7121112305
521,2031,33,1735.0544769787564,89.0017171202864,NC,NORTH CAROLINA,0.1670496,289840.1563575105
522,2031,34,335474.79032123927,4292.382717038765,ND,NORTH DAKOTA,0.1670496,56040929.53324689
523,2031,35,6142409.178175785,23267.91573416996,OH,OHIO,0.1670496,1026086996.2505935
524,2031,36,9907.552188673426,197.4926603054246,OK,OKLAHOMA,0.1670496,1655052.6300970202
525,2031,37,0.0,0.0,OR,OREGON,0.1670496,0.0
526,2031,38,942439.1416927598,4785.674906813325,PA,PENNSYLVANIA,0.1670496,157434081.64411885
527,2031,39,0.0,0.0,RI,RHODE ISLAND,0.1670496,0.0
528,2031,40,0.0,0.0,SC,SOUTH CAROLINA,0.1670496,0.0
529,2031,41,944138.0335154833,10763.412594214717,SD,SOUTH DAKOTA,0.1670496,157717880.84354806
530,2031,42,0.0,0.0,TN,TENNESSEE,0.1670496,0.0
531,2031,43,14676.682390549437,579.9423106250234,TX,TEXAS,0.1670496,2451733.922668327
532,2031,44,0.0,0.0,UT,UTAH,0.1670496,0.0
533,2031,45,314.01390600629327,77.98290220695753,VT,VERMONT,0.1670496,52455.89739278888
534,2031,46,63568.84572176554,796.6505436404601,VA,VIRGINIA,0.1670496,10619150.250282645
535,2031,47,0.0,0.0,WA,WASHINGTON,0.1670496,0.0
536,2031,48,21252.973782562043,66.51494495849673,WV,WEST VIRGINIA,0.1670496,3550300.769187476
537,2031,49,321140.69605720555,2133.54267890831,WI,WISCONSIN,0.1670496,53646424.82007776
538,2031,50,575060.0502853079,23051.492481102203,WY,WYOMING,0.1670496,96063551.37614056
539,2032,0,2440.32469702332,78.73963668439448,AL,ALABAMA,0.1642572,400840.90182389884
540,2032,2,0.0,0.0,AZ,ARIZONA,0.1642572,0.0
541,2032,3,22667.854244179216,450.7412637434725,AR,ARKANSAS,0.1642572,3723358.268156994
542,2032,4,0.0,0.0,CA,CALIFORNIA,0.1642572,0.0
543,2032,5,71230.03672582904,1097.3659841060353,CO,COLORADO,0.1642572,11700046.388481844
544,2032,6,0.0,0.0,CT,CONNECTICUT,0.1642572,0.0
545,2032,7,20240.36797033013,193.041936841898,DE,DELAWARE,0.1642572,3324626.16977611
546,2032,8,0.0,0.0,DC,DISTRICT OF COLUMBIA,0.1642572,0.0
547,2032,9,1512.7855562741652,16.82114348361316,FL,FLORIDA,0.1642572,248485.9196740368
548,2032,10,1932.666707012933,29.237721439696216,GA,GEORGIA,0.1642572,317454.42182716477
549,2032,12,0.0,0.0,ID,IDAHO,0.1642572,0.0
550,2032,13,2144760.2723130183,19430.24453988798,IL,ILLINOIS,0.1642572,352292317.0013739
551,2032,14,147103.07906383486,1760.528458199323,IN,INDIANA,0.1642572,24162739.878404133
552,2032,15,806780.393458211,7180.901986853382,IA,IOWA,0.1642572,132519488.44434404
553,2032,16,111548.93422187545,1872.778754048311,KS,KANSAS,0.1642572,18322715.598269437
554,2032,17,14314.756036033004,65.36088743908574,KY,KENTUCKY,0.1642572,2351301.7451618803
555,2032,18,121257.6443907406,1766.2059781152395,LA,LOUISIANA,0.1642572,19917441.146218758
556,2032,19,0.0,0.0,ME,MAINE,0.1642572,0.0
557,2032,20,282.8432286244403,28.240743978716218,MD,MARYLAND,0.1642572,46459.03677281042
558,2032,21,0.0,0.0,MA,MASSACHUSETTS,0.1642572,0.0
559,2032,22,3614.820360214504,56.29556838023116,MI,MICHIGAN,0.1642572,593760.2708718257
560,2032,23,102008.16593045882,1562.6541304142663,MN,MINNESOTA,0.1642572,16755575.712872561
561,2032,24,19170.14374552629,406.6215231474815,MS,MISSISSIPPI,0.1642572,3148834.1352376603
562,2032,25,1655960.5308266191,15274.4481718366,MO,MISSOURI,0.1642572,272003440.10409415
563,2032,26,620244.3978196196,13624.405359422151,MT,MONTANA,0.1642572,101879608.10153683
564,2032,27,37035.70650404614,1031.1392995700776,NE,NEBRASKA,0.1642572,6083381.450376407
565,2032,28,0.0,0.0,NV,NEVADA,0.1642572,0.0
566,2032,29,0.0,0.0,NH,NEW HAMPSHIRE,0.1642572,0.0
567,2032,30,7227.428082484337,82.28041844171518,NJ,NEW JERSEY,0.1642572,1187157.1000302462
568,2032,31,0.0,0.0,NM,NEW MEXICO,0.1642572,0.0
569,2032,32,0.0,0.0,NY,NEW YORK,0.1642572,0.0
570,2032,33,0.0,0.0,NC,NORTH CAROLINA,0.1642572,0.0
571,2032,34,309530.89664459106,4780.4502810564645,ND,NORTH DAKOTA,0.1642572,50842678.39632992
572,2032,35,8146.498227569173,124.53800252772376,OH,OHIO,0.1642572,1338120.988665475
573,2032,36,2780.3734703627542,53.55946610421353,OK,OKLAHOMA,0.1642572,456696.36119606893
574,2032,37,0.0,0.0,OR,OREGON,0.1642572,0.0
575,2032,38,7713.1265540506,104.60191532198472,PA,PENNSYLVANIA,0.1642572,1266936.571014
576,2032,39,0.0,0.0,RI,RHODE ISLAND,0.1642572,0.0
577,2032,40,0.0,0.0,SC,SOUTH CAROLINA,0.1642572,0.0
578,2032,41,818587.8723530087,9789.222543260592,SD,SOUTH DAKOTA,0.1642572,134458951.86666262
579,2032,42,77311.25028796245,613.5416696143609,TN,TENNESSEE,0.1642572,12698929.500799906
580,2032,43,16725.37052407494,500.769779944914,TX,TEXAS,0.1642572,2747262.531247082
581,2032,44,0.0,0.0,UT,UTAH,0.1642572,0.0
582,2032,45,0.0,0.0,VT,VERMONT,0.1642572,0.0
583,2032,46,0.0,0.0,VA,VIRGINIA,0.1642572,0.0
584,2032,47,0.0,0.0,WA,WASHINGTON,0.1642572,0.0
585,2032,48,0.0,0.0,WV,WEST VIRGINIA,0.1642572,0.0
586,2032,49,143666.20161133885,2190.734346991145,WI,WISCONSIN,0.1642572,23598208.01131401
587,2032,50,565362.5671739939,21371.84090801933,WY,WYOMING,0.1642572,92864872.26881215
588,2033,0,118443.49558115112,689.9901005063458,AL,ALABAMA,0.1614648,19124455.32531145
589,2033,2,0.0,0.0,AZ,ARIZONA,0.1614648,0.0
590,2033,3,177608.73182175716,3644.0160451693496,AR,ARKANSAS,0.1614648,28677558.361853655
591,2033,4,0.0,0.0,CA,CALIFORNIA,0.1614648,0.0
592,2033,5,92899.75159731923,1436.0525859970858,CO,COLORADO,0.1614648,15000039.811710829
593,2033,6,0.0,0.0,CT,CONNECTICUT,0.1614648,0.0
594,2033,7,61444.80481997449,375.5711650746163,DE,DELAWARE,0.1614648,9921173.121296216
595,2033,8,0.0,0.0,DC,DISTRICT OF COLUMBIA,0.1614648,0.0
596,2033,9,32952.03943729868,194.6884716600061,FL,FLORIDA,0.1614648,5320594.457335543
597,2033,10,339119.7586226174,2006.995818634752,GA,GEORGIA,0.1614648,54755904.00204919
598,2033,12,0.0,0.0,ID,IDAHO,0.1614648,0.0
599,2033,13,104117.24120287922,587.283745519625,IL,ILLINOIS,0.1614648,16811269.52737465
600,2033,14,22661.71075469541,205.0255298205317,IN,INDIANA,0.1614648,3659068.5946647436
601,2033,15,0.0,0.0,IA,IOWA,0.1614648,0.0
602,2033,16,2235.1447561316068,17.413613766218205,KS,KANSAS,0.1614648,360897.2010198386
603,2033,17,517624.9698520071,3154.831420085936,KY,KENTUCKY,0.1614648,83578212.23216034
604,2033,18,45747.78461946235,621.9423572276513,LA,LOUISIANA,0.1614648,7386656.894024564
605,2033,19,0.0,0.0,ME,MAINE,0.1614648,0.0
606,2033,20,64785.14049884227,391.5503452665092,MD,MARYLAND,0.1614648,10460519.753617467
607,2033,21,0.0,0.0,MA,MASSACHUSETTS,0.1614648,0.0
608,2033,22,380.4455596248421,28.745134546738434,MI,MICHIGAN,0.1614648,61428.566195713196
609,2033,23,3122.686695433157,65.65219440000388,MN,MINNESOTA,0.1614648,504203.98274077557
610,2033,24,35360.100001767176,597.9819015249391,MS,MISSISSIPPI,0.1614648,5709411.474765336
611,2033,25,243247.2750163479,1616.9682143505056,MO,MISSOURI,0.1614648,39275872.61105961
612,2033,26,208816.1637044882,5299.413598812046,MT,MONTANA,0.1614648,33716460.109312445
613,2033,27,438.2031951067335,19.57118591573529,NE,NEBRASKA,0.1614648,70754.3912572697
614,2033,28,0.0,0.0,NV,NEVADA,0.1614648,0.0
615,2033,29,1.0468866109936252,0.5991445203971462,NH,NEW HAMPSHIRE,0.1614648,169.0353372667635
616,2033,30,125810.0984033033,659.1820685090917,NJ,NEW JERSEY,0.1614648,20313902.376669686
617,2033,31,0.0,0.0,NM,NEW MEXICO,0.1614648,0.0
618,2033,32,0.0,0.0,NY,NEW YORK,0.1614648,0.0
619,2033,33,666616.8599331698,4034.6437141288097,NC,NORTH CAROLINA,0.1614648,107635157.96573728
620,2033,34,16596.424800456993,340.59134214578256,ND,NORTH DAKOTA,0.1614648,2679738.4111208282
621,2033,35,843937.6532396825,8135.382473924036,OH,OHIO,0.1614648,136266224.3928147
622,2033,36,10636.41438408514,209.2545896343888,OK,OKLAHOMA,0.1614648,1717406.5212434302
623,2033,37,0.0,0.0,OR,OREGON,0.1614648,0.0
624,2033,38,184973.36497637792,1501.2246468696403,PA,PENNSYLVANIA,0.1614648,29866687.381237864
625,2033,39,0.0,0.0,RI,RHODE ISLAND,0.1614648,0.0
626,2033,40,368376.3256758602,2814.0518626248668,SC,SOUTH CAROLINA,0.1614648,59479809.74998763
627,2033,41,7247.858221782199,167.71351130478965,SD,SOUTH DAKOTA,0.1614648,1170273.9782084182
628,2033,42,517195.0342074452,3290.417941395406,TN,TENNESSEE,0.1614648,83508792.7592983
629,2033,43,37002.79071471923,1328.4773525358264,TX,TEXAS,0.1614648,5974648.202193997
630,2033,44,0.0,0.0,UT,UTAH,0.1614648,0.0
631,2033,45,3724.7776169777535,77.98290239443679,VT,VERMONT,0.1614648,601420.4729697895
632,2033,46,94771.19261419772,351.53593038213074,VA,VIRGINIA,0.1614648,15302211.66121291
633,2033,47,0.0,0.0,WA,WASHINGTON,0.1614648,0.0
634,2033,48,15141.001115369378,43.596676537579086,WV,WEST VIRGINIA,0.1614648,2444738.7168928934
635,2033,49,0.0,0.0,WI,WISCONSIN,0.1614648,0.0
636,2033,50,500211.86994744977,19984.849411671577,WY,WYOMING,0.1614648,80766609.53869098
637,2034,0,0.0,0.0,AL,ALABAMA,0.1586724,0.0
638,2034,2,0.0,0.0,AZ,ARIZONA,0.1586724,0.0
639,2034,3,54346.42209753367,1156.41138113556,AR,ARKANSAS,0.1586724,8623277.225628702
640,2034,4,0.0,0.0,CA,CALIFORNIA,0.1586724,0.0
641,2034,5,100272.46936241134,1559.5291916527165,CO,COLORADO,0.1586724,15910473.367660275
642,2034,6,0.0,0.0,CT,CONNECTICUT,0.1586724,0.0
643,2034,7,7836.27440642188,98.1932145290174,DE,DELAWARE,0.1586724,1243400.467125535
644,2034,8,0.0,0.0,DC,DISTRICT OF COLUMBIA,0.1586724,0.0
645,2034,9,0.0,0.0,FL,FLORIDA,0.1586724,0.0
646,2034,10,0.0,0.0,GA,GEORGIA,0.1586724,0.0
647,2034,12,0.0,0.0,ID,IDAHO,0.1586724,0.0
648,2034,13,392739.4056507257,2198.6443469123874,IL,ILLINOIS,0.1586724,62316904.06917421
649,2034,14,543627.5367399676,4313.205802286386,IN,INDIANA,0.1586724,86258685.96061885
650,2034,15,351667.5363135742,2435.711193079632,IA,IOWA,0.1586724,55799931.988961965
651,2034,16,1996049.083211363,15309.669787303725,KS,KANSAS,0.1586724,316717898.55094665
652,2034,17,54648.567840623335,250.7383508125856,KY,KENTUCKY,0.1586724,8671219.415834522
653,2034,18,45094.71271779996,666.1796108467678,LA,LOUISIANA,0.1586724,7155286.294243841
654,2034,19,0.0,0.0,ME,MAINE,0.1586724,0.0
655,2034,20,15232.843444387636,348.75653019260403,MD,MARYLAND,0.1586724,2417031.8281452525
656,2034,21,0.0,0.0,MA,MASSACHUSETTS,0.1586724,0.0
657,2034,22,62525.38748168205,678.9961439083966,MI,MICHIGAN,0.1586724,9921053.292648448
658,2034,23,378962.05709213496,3861.2196525545023,MN,MINNESOTA,0.1586724,60130819.10774607
659,2034,24,2451.4221660319467,36.83049580256734,MS,MISSISSIPPI,0.1586724,388973.0384974875
660,2034,25,1716690.4412819245,11414.576040026655,MO,MISSOURI,0.1586724,272391392.375262
661,2034,26,1065200.53012201,23567.11641891372,MT,MONTANA,0.1586724,169017924.59573162
662,2034,27,844503.7313887505,9723.10399943178,NE,NEBRASKA,0.1586724,133999433.86840835
663,2034,28,0.0,0.0,NV,NEVADA,0.1586724,0.0
664,2034,29,0.0,0.0,NH,NEW HAMPSHIRE,0.1586724,0.0
665,2034,30,981.0406371431544,15.523611535481445,NJ,NEW JERSEY,0.1586724,155664.07239303345
666,2034,31,0.0,0.0,NM,NEW MEXICO,0.1586724,0.0
667,2034,32,656.4370683646057,5.335766464779898,NY,NEW YORK,0.1586724,104158.44508637604
668,2034,33,64698.77300577247,775.9541542981066,NC,NORTH CAROLINA,0.1586724,10265909.589881131
669,2034,34,457076.8621771031,6846.038695927482,ND,NORTH DAKOTA,0.1586724,72525482.70611016
670,2034,35,1157244.1105766585,7679.163765837099,OH,OHIO,0.1586724,183622700.4110638
671,2034,36,131041.64846511932,2714.9977710850867,OK,OKLAHOMA,0.1586724,20792692.861916795
672,2034,37,0.0,0.0,OR,OREGON,0.1586724,0.0
673,2034,38,37.405279121365496,3.102894502189231,PA,PENNSYLVANIA,0.1586724,5935.185410856953
674,2034,39,0.0,0.0,RI,RHODE ISLAND,0.1586724,0.0
675,2034,40,14545.79285580261,234.3918215023629,SC,SOUTH CAROLINA,0.1586724,2308015.862333054
676,2034,41,1522767.7569001066,18176.04165271801,SD,SOUTH DAKOTA,0.1586724,241621214.62995648
677,2034,42,0.0,0.0,TN,TENNESSEE,0.1586724,0.0
678,2034,43,36934.34714295741,1268.8616927901708,TX,TEXAS,0.1586724,5860461.503606196
679,2034,44,0.0,0.0,UT,UTAH,0.1586724,0.0
680,2034,45,0.0,0.0,VT,VERMONT,0.1586724,0.0
681,2034,46,19264.37571909081,165.8914503587958,VA,VIRGINIA,0.1586724,3056724.7298498647
682,2034,47,0.0,0.0,WA,WASHINGTON,0.1586724,0.0
683,2034,48,0.0,0.0,WV,WEST VIRGINIA,0.1586724,0.0
684,2034,49,627283.9605621219,4396.229483422769,WI,WISCONSIN,0.1586724,99532651.50389723
685,2034,50,610148.0947717753,24392.17810862747,WY,WYOMING,0.1586724,96813662.55286503
686,2035,0,21455.5261853066,135.9794873233773,AL,ALABAMA,0.15588,3344487.421765593
687,2035,2,0.0,0.0,AZ,ARIZONA,0.15588,0.0
688,2035,3,131347.73190698185,2051.7191382798965,AR,ARKANSAS,0.15588,20474484.449660327
689,2035,4,0.0,0.0,CA,CALIFORNIA,0.15588,0.0
690,2035,5,63168.0703745334,960.9130681621724,CO,COLORADO,0.15588,9846638.809982266
691,2035,6,0.0,0.0,CT,CONNECTICUT,0.15588,0.0
692,2035,7,13499.327463949872,145.50908207173822,DE,DELAWARE,0.15588,2104275.165080506
693,2035,8,0.0,0.0,DC,DISTRICT OF COLUMBIA,0.15588,0.0
694,2035,9,0.0,0.0,FL,FLORIDA,0.15588,0.0
695,2035,10,326.5227905485852,6.077837492715272,GA,GEORGIA,0.15588,50898.37259071346
696,2035,12,0.0,0.0,ID,IDAHO,0.15588,0.0
697,2035,13,187775.25521127204,1255.9525323336445,IL,ILLINOIS,0.15588,29270406.782333083
698,2035,14,49765.28677760467,611.871101128043,IN,INDIANA,0.15588,7757412.902893015
699,2035,15,0.0,0.0,IA,IOWA,0.15588,0.0
700,2035,16,5225.141557759301,41.86136762378801,KS,KANSAS,0.15588,814495.0660235197
701,2035,17,121562.6162233758,939.8140946594192,KY,KENTUCKY,0.15588,18949180.61689982
702,2035,18,59287.66206779648,1337.148630442504,LA,LOUISIANA,0.15588,9241760.763128115
703,2035,19,0.0,0.0,ME,MAINE,0.15588,0.0
704,2035,20,24447.288949924805,188.0479355097816,MD,MARYLAND,0.15588,3810843.4015142783
705,2035,21,0.0,0.0,MA,MASSACHUSETTS,0.15588,0.0
706,2035,22,41857.83653713338,371.6534413340984,MI,MICHIGAN,0.15588,6524799.559408351
707,2035,23,109321.84099341668,1556.0257905690353,MN,MINNESOTA,0.15588,17041088.57405379
708,2035,24,72781.94931738326,836.3711695892137,MS,MISSISSIPPI,0.15588,11345250.259593701
709,2035,25,412038.8898255475,2986.0649127173256,MO,MISSOURI,0.15588,64228622.146006346
710,2035,26,893692.0013204707,19982.73785993883,MT,MONTANA,0.15588,139308709.16583496
711,2035,27,10482.364124992306,509.243728843085,NE,NEBRASKA,0.15588,1633990.9198038005
712,2035,28,0.0,0.0,NV,NEVADA,0.15588,0.0
713,2035,29,0.0,0.0,NH,NEW HAMPSHIRE,0.15588,0.0
714,2035,30,67010.55180191713,451.8368335043957,NJ,NEW JERSEY,0.15588,10445604.814882841
715,2035,31,0.0,0.0,NM,NEW MEXICO,0.15588,0.0
716,2035,32,8737.26936665217,39.9502443986197,NY,NEW YORK,0.15588,1361965.5488737402
717,2035,33,59030.14466936136,1479.373449131485,NC,NORTH CAROLINA,0.15588,9201618.95106005
718,2035,34,77462.73950732806,1812.234097973581,ND,NORTH DAKOTA,0.15588,12074891.834402299
719,2035,35,266721.4465169208,1252.8425067994774,OH,OHIO,0.15588,41576539.08305761
720,2035,36,2436.533813602221,59.999552204352256,OK,OKLAHOMA,0.15588,379806.8908643142
721,2035,37,0.0,0.0,OR,OREGON,0.15588,0.0
722,2035,38,114097.43006677802,667.1124203524769,PA,PENNSYLVANIA,0.15588,17785507.398809355
723,2035,39,0.0,0.0,RI,RHODE ISLAND,0.15588,0.0
724,2035,40,1753.0776671363406,262.1222725690509,SC,SOUTH CAROLINA,0.15588,273269.74675321276
725,2035,41,403446.2401900594,5383.06817844699,SD,SOUTH DAKOTA,0.15588,62889199.92082646
726,2035,42,111531.01320762008,1122.845142035323,TN,TENNESSEE,0.15588,17385454.338803817
727,2035,43,25121.453625575523,1029.292895993053,TX,TEXAS,0.15588,3915932.1911547123
728,2035,44,0.0,0.0,UT,UTAH,0.15588,0.0
729,2035,45,10193.955115321533,120.06483236504404,VT,VERMONT,0.15588,1589033.7233763202
730,2035,46,4647.998463882739,32.19513837295088,VA,VIRGINIA,0.15588,724530.0005500413
731,2035,47,0.0,0.0,WA,WASHINGTON,0.15588,0.0
732,2035,48,0.0,0.0,WV,WEST VIRGINIA,0.15588,0.0
733,2035,49,10687.635614773098,118.58071676670886,WI,WISCONSIN,0.15588,1665988.6396308304
734,2035,50,225742.47820476227,9737.436841708866,WY,WYOMING,0.15588,35188737.50255834
735,2036,0,43161.7533220479,545.7806802182118,AL,ALABAMA,0.1580848,6823217.141565278
736,2036,2,0.0,0.0,AZ,ARIZONA,0.1580848,0.0
737,2036,3,279572.3098150214,6428.317405574226,AR,ARKANSAS,0.1580848,44196132.68264569
738,2036,4,0.0,0.0,CA,CALIFORNIA,0.1580848,0.0
739,2036,5,106679.35669590515,1713.2776446281605,CO,COLORADO,0.1580848,16864384.767400827
740,2036,6,0.0,0.0,CT,CONNECTICUT,0.1580848,0.0
741,2036,7,0.0,0.0,DE,DELAWARE,0.1580848,0.0
742,2036,8,0.0,0.0,DC,DISTRICT OF COLUMBIA,0.1580848,0.0
743,2036,9,0.0,0.0,FL,FLORIDA,0.1580848,0.0
744,2036,10,3376.2752297660304,135.0958210065306,GA,GEORGIA,0.1580848,533737.794442517
745,2036,12,0.0,0.0,ID,IDAHO,0.1580848,0.0
746,2036,13,3639208.169360412,21926.11983835118,IL,ILLINOIS,0.1580848,575303495.6117069
747,2036,14,1251134.6274321063,5417.382893704244,IN,INDIANA,0.1580848,197785367.35067904
748,2036,15,937662.3521263056,8060.300111792334,IA,IOWA,0.1580848,148230165.4034166
749,2036,16,1989486.1324193664,14801.698813435549,KS,KANSAS,0.1580848,314507517.34628904
750,2036,17,530859.5818936827,2276.899344753085,KY,KENTUCKY,0.1580848,83920830.83174646
751,2036,18,284830.2834000912,5421.28777250673,LA,LOUISIANA,0.1580848,45027338.38524674
752,2036,19,0.0,0.0,ME,MAINE,0.1580848,0.0
753,2036,20,0.0,0.0,MD,MARYLAND,0.1580848,0.0
754,2036,21,0.0,0.0,MA,MASSACHUSETTS,0.1580848,0.0
755,2036,22,116396.8565545686,996.7269773339492,MI,MICHIGAN,0.1580848,18400573.78905767
756,2036,23,1990956.400067472,18406.44581188287,MN,MINNESOTA,0.1580848,314739944.31338626
757,2036,24,184111.48965300745,3581.110322987918,MS,MISSISSIPPI,0.1580848,29105228.019497752
758,2036,25,4290021.810506675,26063.8130637024,MO,MISSOURI,0.1580848,678187239.9095856
759,2036,26,820391.146319422,22323.81523859154,MT,MONTANA,0.1580848,129691370.28767656
760,2036,27,666026.6143869864,9924.778983319156,NE,NEBRASKA,0.1580848,105288684.13004386
761,2036,28,0.0,0.0,NV,NEVADA,0.1580848,0.0
762,2036,29,0.0,0.0,NH,NEW HAMPSHIRE,0.1580848,0.0
763,2036,30,0.0,0.0,NJ,NEW JERSEY,0.1580848,0.0
764,2036,31,0.0,0.0,NM,NEW MEXICO,0.1580848,0.0
765,2036,32,0.0,0.0,NY,NEW YORK,0.1580848,0.0
766,2036,33,61457.21083105403,952.1645675045814,NC,NORTH CAROLINA,0.1580848,9715450.88278501
767,2036,34,371428.0183109594,5851.858633973928,ND,NORTH DAKOTA,0.1580848,58717123.989084356
768,2036,35,219976.9960327157,1143.8756083705057,OH,OHIO,0.1580848,34775019.42243265
769,2036,36,100547.96093714231,2930.3263429706926,OK,OKLAHOMA,0.1580848,15895104.295155955
770,2036,37,0.0,0.0,OR,OREGON,0.1580848,0.0
771,2036,38,0.0,0.0,PA,PENNSYLVANIA,0.1580848,0.0
772,2036,39,0.0,0.0,RI,RHODE ISLAND,0.1580848,0.0
773,2036,40,1034.8184930796624,66.47669335527978,SC,SOUTH CAROLINA,0.1580848,163589.0745147998
774,2036,41,1206102.1523467528,19964.347658969848,SD,SOUTH DAKOTA,0.1580848,190666417.53330594
775,2036,42,324712.8029321683,3034.2581727667643,TN,TENNESSEE,0.1580848,51332158.50897124
776,2036,43,51214.18830476689,2068.897079350589,TX,TEXAS,0.1580848,8096184.715321412
777,2036,44,0.0,0.0,UT,UTAH,0.1580848,0.0
778,2036,45,0.0,0.0,VT,VERMONT,0.1580848,0.0
779,2036,46,0.0,0.0,VA,VIRGINIA,0.1580848,0.0
780,2036,47,0.0,0.0,WA,WASHINGTON,0.1580848,0.0
781,2036,48,0.0,0.0,WV,WEST VIRGINIA,0.1580848,0.0
782,2036,49,441807.8327284133,3983.200247812406,WI,WISCONSIN,0.1580848,69843102.87530467
783,2036,50,518472.1495466936,22628.16037492046,WY,WYOMING,0.1580848,81962566.06665915
784,2037,0,0.0,0.0,AL,ALABAMA,0.1602896,0.0
785,2037,2,0.0,0.0,AZ,ARIZONA,0.1602896,0.0
786,2037,3,76915.11462934432,1279.4633830502846,AR,ARKANSAS,0.1602896,12328692.95789175
787,2037,4,0.0,0.0,CA,CALIFORNIA,0.1602896,0.0
788,2037,5,60357.33716550569,937.1258472881052,CO,COLORADO,0.1602896,9674653.431324042
789,2037,6,0.0,0.0,CT,CONNECTICUT,0.1602896,0.0
790,2037,7,109087.18515321492,698.4506749339062,DE,DELAWARE,0.1602896,17485541.273334756
791,2037,8,0.0,0.0,DC,DISTRICT OF COLUMBIA,0.1602896,0.0
792,2037,9,0.0,0.0,FL,FLORIDA,0.1602896,0.0
793,2037,10,0.0,0.0,GA,GEORGIA,0.1602896,0.0
794,2037,12,0.0,0.0,ID,IDAHO,0.1602896,0.0
795,2037,13,2325930.4681990324,15146.82339739064,IL,ILLINOIS,0.1602896,372822464.3754356
796,2037,14,1174097.800270242,5483.152704857812,IN,INDIANA,0.1602896,188195666.766197
797,2037,15,1134629.595128954,8106.3686710102975,IA,IOWA,0.1602896,181869323.95138198
798,2037,16,785097.7332254425,9038.55379018232,KS,KANSAS,0.1602896,125843001.61961287
799,2037,17,0.0,0.0,KY,KENTUCKY,0.1602896,0.0
800,2037,18,247762.63032027468,3294.4785784964133,LA,LOUISIANA,0.1602896,39713772.9089847
801,2037,19,0.0,0.0,ME,MAINE,0.1602896,0.0
802,2037,20,119794.7460528784,706.3016193321725,MD,MARYLAND,0.1602896,19201851.926917456
803,2037,21,0.0,0.0,MA,MASSACHUSETTS,0.1602896,0.0
804,2037,22,253968.88116644428,2293.5236700669343,MI,MICHIGAN,0.1602896,40708570.37461688
805,2037,23,1074030.567251021,8785.123721916878,MN,MINNESOTA,0.1602896,172155930.01243928
806,2037,24,4854.236988743119,111.09247010042748,MS,MISSISSIPPI,0.1602896,778083.7052308391
807,2037,25,793950.2789562775,10661.08819018556,MO,MISSOURI,0.1602896,127261972.63379014
808,2037,26,501165.3987905624,12582.149292514136,MT,MONTANA,0.1602896,80331601.30597973
809,2037,27,467012.27634775575,7781.543106937868,NE,NEBRASKA,0.1602896,74857210.97087122
810,2037,28,0.0,0.0,NV,NEVADA,0.1602896,0.0
811,2037,29,9.598751726517545,0.5582937399634913,NH,NEW HAMPSHIRE,0.1602896,1538.5800747428066
812,2037,30,89944.25312050793,555.689061968626,NJ,NEW JERSEY,0.1602896,14417128.354984967
813,2037,31,0.0,0.0,NM,NEW MEXICO,0.1602896,0.0
814,2037,32,0.0,0.0,NY,NEW YORK,0.1602896,0.0
815,2037,33,18406.26026097044,207.5650416201832,NC,NORTH CAROLINA,0.1602896,2950332.0947268475
816,2037,34,266441.30575890065,3428.4652439630886,ND,NORTH DAKOTA,0.1602896,42707770.32357188
817,2037,35,382386.11992352206,3263.448345937143,OH,OHIO,0.1602896,61292518.20809338
818,2037,36,18389.532430696232,633.5472984151733,OK,OKLAHOMA,0.1602896,2947650.7975033266
819,2037,37,0.0,0.0,OR,OREGON,0.1602896,0.0
820,2037,38,27248.97827448721,376.6871739623582,PA,PENNSYLVANIA,0.1602896,4367727.828026245
821,2037,39,0.0,0.0,RI,RHODE ISLAND,0.1602896,0.0
822,2037,40,209.44249656823985,12.755307782786494,SC,SOUTH CAROLINA,0.1602896,33571.45399792454
823,2037,41,373654.48387241655,4960.580531467269,SD,SOUTH DAKOTA,0.1602896,59892927.7581161
824,2037,42,0.0,0.0,TN,TENNESSEE,0.1602896,0.0
825,2037,43,14880.94501879666,545.525196697283,TX,TEXAS,0.1602896,2385260.724684909
826,2037,44,0.0,0.0,UT,UTAH,0.1602896,0.0
827,2037,45,9990.146640651714,98.9096508060466,VT,VERMONT,0.1602896,1601316.608971407
828,2037,46,5617.007645443281,61.64645898433531,VA,VIRGINIA,0.1602896,900347.9086850454
829,2037,47,0.0,0.0,WA,WASHINGTON,0.1602896,0.0
830,2037,48,0.0,0.0,WV,WEST VIRGINIA,0.1602896,0.0
831,2037,49,712147.3823942493,4625.235456927621,WI,WISCONSIN,0.1602896,114149819.06502126
832,2037,50,323861.2429509382,18962.594399559384,WY,WYOMING,0.1602896,51911589.088108696
833,2038,0,124720.83074127093,784.5682389596452,AL,ALABAMA,0.1624943999999999,20266436.558804363
834,2038,2,0.0,0.0,AZ,ARIZONA,0.1624943999999999,0.0
835,2038,3,592415.3591455385,10098.853919915651,AR,ARKANSAS,0.1624943999999999,96264178.33513874
836,2038,4,0.0,0.0,CA,CALIFORNIA,0.1624943999999999,0.0
837,2038,5,61343.39813035537,1139.103785336464,CO,COLORADO,0.1624943999999999,9967958.67315321
838,2038,6,0.0,0.0,CT,CONNECTICUT,0.1624943999999999,0.0
839,2038,7,0.0,0.0,DE,DELAWARE,0.1624943999999999,0.0
840,2038,8,0.0,0.0,DC,DISTRICT OF COLUMBIA,0.1624943999999999,0.0
841,2038,9,12778.156591880104,100.85479574193268,FL,FLORIDA,0.1624943999999999,2076378.888503601
842,2038,10,7984.084281901862,131.28265696808083,GA,GEORGIA,0.1624943999999999,1297368.984937073
843,2038,12,0.0,0.0,ID,IDAHO,0.1624943999999999,0.0
844,2038,13,2007786.9294970967,9331.014958669402,IL,ILLINOIS,0.1624943999999999,326254132.43647283
845,2038,14,775085.9227546396,2910.0202147712894,IN,INDIANA,0.1624943999999999,125947121.96646143
846,2038,15,197656.18913231592,1480.2661353543454,IA,IOWA,0.1624943999999999,32118023.85934218
847,2038,16,1078015.4903788478,7811.378685755972,KS,KANSAS,0.1624943999999999,175171480.29981655
848,2038,17,376613.3944515717,1885.3404469555785,KY,KENTUCKY,0.1624943999999999,61197567.563371435
849,2038,18,280185.5371048443,4265.777249106209,LA,LOUISIANA,0.1624943999999999,45528580.74052938
850,2038,19,0.0,0.0,ME,MAINE,0.1624943999999999,0.0
851,2038,20,17271.802135263013,64.4068106681386,MD,MARYLAND,0.1624943999999999,2806571.124888281
852,2038,21,0.0,0.0,MA,MASSACHUSETTS,0.1624943999999999,0.0
853,2038,22,242180.49382960988,2203.689801601521,MI,MICHIGAN,0.1624943999999999,39352974.03654613
854,2038,23,633335.6516630279,9510.743978769926,MN,MINNESOTA,0.1624943999999999,102913496.71559265
855,2038,24,507684.0650097712,6192.222412936937,MS,MISSISSIPPI,0.1624943999999999,82495817.53332372
856,2038,25,700916.2341701308,4792.622216285314,MO,MISSOURI,0.1624943999999999,113894962.92173484
857,2038,26,716357.4109354151,17150.173652785576,MT,MONTANA,0.1624943999999999,116404067.67550363
858,2038,27,152971.3998539839,2241.3775747490013,NE,NEBRASKA,0.1624943999999999,24856995.836433183
859,2038,28,0.0,0.0,NV,NEVADA,0.1624943999999999,0.0
860,2038,29,0.0,0.0,NH,NEW HAMPSHIRE,0.1624943999999999,0.0
861,2038,30,0.0,0.0,NJ,NEW JERSEY,0.1624943999999999,0.0
862,2038,31,0.0,0.0,NM,NEW MEXICO,0.1624943999999999,0.0
863,2038,32,31138.78335919775,194.42993098956515,NY,NEW YORK,0.1624943999999999,5059877.91868282
864,2038,33,27257.837006667138,366.0631395809383,NC,NORTH CAROLINA,0.1624943999999999,4429245.86969617
865,2038,34,172837.58922860544,3105.2578288386767,ND,NORTH DAKOTA,0.1624943999999999,28085140.35914869
866,2038,35,431800.4650222212,1892.6581088924504,OH,OHIO,0.1624943999999999,70165157.48350678
867,2038,36,199010.2485445933,3858.673826665192,OK,OKLAHOMA,0.1624943999999999,32338050.93110454
868,2038,37,0.0,0.0,OR,OREGON,0.1624943999999999,0.0
869,2038,38,198069.22768637765,815.4891538149071,PA,PENNSYLVANIA,0.1624943999999999,32185140.311361305
870,2038,39,0.0,0.0,RI,RHODE ISLAND,0.1624943999999999,0.0
871,2038,40,9753.787936712131,364.6358884168085,SC,SOUTH CAROLINA,0.1624943999999999,1584935.9185032747
872,2038,41,824135.2312606437,11190.0992176125,SD,SOUTH DAKOTA,0.1624943999999999,133917359.92255947
873,2038,42,512887.0855132944,4613.586393652544,TN,TENNESSEE,0.1624943999999999,83341279.22823142
874,2038,43,66130.56707542112,2072.197498889812,TX,TEXAS,0.1624943999999999,10745846.818580303
875,2038,44,0.0,0.0,UT,UTAH,0.1624943999999999,0.0
876,2038,45,14360.56370844173,190.0128245974193,VT,VERMONT,0.1624943999999999,2333511.1834650123
877,2038,46,2727.6426620213388,9.70936959584922,VA,VIRGINIA,0.1624943999999999,443226.65777955996
878,2038,47,0.0,0.0,WA,WASHINGTON,0.1624943999999999,0.0
879,2038,48,0.0,0.0,WV,WEST VIRGINIA,0.1624943999999999,0.0
880,2038,49,642681.3561830826,5874.63989128798,WI,WISCONSIN,0.1624943999999999,104432121.36415623
881,2038,50,270172.335401019,14877.57166768138,WY,WYOMING,0.1624943999999999,43901491.53758732
882,2039,0,227343.9231687505,1436.102127796114,AL,ALABAMA,0.1646992,37443362.27075467
883,2039,2,0.0,0.0,AZ,ARIZONA,0.1646992,0.0
884,2039,3,310864.06964248174,4763.345247658542,AR,ARKANSAS,0.1646992,51199063.57886103
885,2039,4,0.0,0.0,CA,CALIFORNIA,0.1646992,0.0
886,2039,5,70568.32087056004,1161.487584827772,CO,COLORADO,0.1646992,11622545.99272454
887,2039,6,0.0,0.0,CT,CONNECTICUT,0.1646992,0.0
888,2039,7,156016.4685434444,696.3849345541919,DE,DELAWARE,0.1646992,25695787.55593046
889,2039,8,0.0,0.0,DC,DISTRICT OF COLUMBIA,0.1646992,0.0
890,2039,9,32205.439734398555,223.96316164446088,FL,FLORIDA,0.1646992,5304210.159903654
891,2039,10,46298.98598748157,509.0767618466778,GA,GEORGIA,0.1646992,7625405.952949423
892,2039,12,0.0,0.0,ID,IDAHO,0.1646992,0.0
893,2039,13,3962043.975110985,22138.881899093947,IL,ILLINOIS,0.1646992,652545473.0655991
894,2039,14,3073374.2164412616,12679.029552536962,IN,INDIANA,0.1646992,506182274.7485026
895,2039,15,80456.8648786794,929.7577048103004,IA,IOWA,0.1646992,13251181.280026592
896,2039,16,86173.39667235981,784.8822880590982,KS,KANSAS,0.1646992,14192689.493220322
897,2039,17,1383138.0695797554,6236.146116540347,KY,KENTUCKY,0.1646992,227801733.54933003
898,2039,18,438399.8908409927,6262.90301302333,LA,LOUISIANA,0.1646992,72204111.30159882
899,2039,19,0.0,0.0,ME,MAINE,0.1646992,0.0
900,2039,20,455793.2388246957,1615.9369568397008,MD,MARYLAND,0.1646992,75068781.79983632
901,2039,21,0.0,0.0,MA,MASSACHUSETTS,0.1646992,0.0
902,2039,22,901820.5751128356,4453.92257109437,MI,MICHIGAN,0.1646992,148529127.26462394
903,2039,23,449733.1500232157,8169.990701402227,MN,MINNESOTA,0.1646992,74070690.02230361
904,2039,24,750349.910700987,7622.13901508621,MS,MISSISSIPPI,0.1646992,123582030.012524
905,2039,25,791866.3618303179,5156.5152848525,MO,MISSOURI,0.1646992,130419756.30036388
906,2039,26,1088435.0570868675,21822.39745788542,MT,MONTANA,0.1646992,179264383.15416142
907,2039,27,7586.626347310499,156.5874756531806,NE,NEBRASKA,0.1646992,1249511.2901009612
908,2039,28,0.0,0.0,NV,NEVADA,0.1646992,0.0
909,2039,29,0.0,0.0,NH,NEW HAMPSHIRE,0.1646992,0.0
910,2039,30,197182.24501668988,1011.010146569192,NJ,NEW JERSEY,0.1646992,32475758.008452807
911,2039,31,0.0,0.0,NM,NEW MEXICO,0.1646992,0.0
912,2039,32,75785.46388889059,463.2837467885598,NY,NEW YORK,0.1646992,12481805.274129169
913,2039,33,248014.79124607617,1361.6009022709811,NC,NORTH CAROLINA,0.1646992,40847837.706395745
914,2039,34,54313.94454368156,1597.7747135386446,ND,NORTH DAKOTA,0.1646992,8945463.215188717
915,2039,35,8103662.127267636,28408.98040607349,OH,OHIO,0.1646992,1334666669.4312778
916,2039,36,18811.098298908728,362.3658448992396,OK,OKLAHOMA,0.1646992,3098172.8409516285
917,2039,37,0.0,0.0,OR,OREGON,0.1646992,0.0
918,2039,38,864818.290567917,4920.992452806581,PA,PENNSYLVANIA,0.1646992,142434880.6019035
919,2039,39,0.0,0.0,RI,RHODE ISLAND,0.1646992,0.0
920,2039,40,67115.99607067078,457.104434047093,SC,SOUTH CAROLINA,0.1646992,11053950.86004262
921,2039,41,533610.6178301944,9349.09798587771,SD,SOUTH DAKOTA,0.1646992,87885241.86813875
922,2039,42,549785.0356731351,3497.267079941957,TN,TENNESSEE,0.1646992,90549155.5473368
923,2039,43,16383.0105056971,562.0797106052011,TX,TEXAS,0.1646992,2698268.7238799077
924,2039,44,0.0,0.0,UT,UTAH,0.1646992,0.0
925,2039,45,22862.523610850425,288.08477281509226,VT,VERMONT,0.1646992,3765439.348688176
926,2039,46,112402.54183631712,583.0367220834169,VA,VIRGINIA,0.1646992,18512608.71840796
927,2039,47,0.0,0.0,WA,WASHINGTON,0.1646992,0.0
928,2039,48,171665.06480208895,628.4447284666597,WV,WEST VIRGINIA,0.1646992,28273098.840852205
929,2039,49,20933.213142121123,258.82696564414886,WI,WISCONSIN,0.1646992,3447683.4579368355
930,2039,50,523170.96620363696,22962.83600932477,WY,WYOMING,0.1646992,86165839.59696604
931,2040,0,567822.0344277315,3048.0611942155283,AL,ALABAMA,0.166904,94771768.8341261
932,2040,2,0.0,0.0,AZ,ARIZONA,0.166904,0.0
933,2040,3,505643.14854223054,7609.991940804697,AR,ARKANSAS,0.166904,84393864.06429245
934,2040,4,0.0,0.0,CA,CALIFORNIA,0.166904,0.0
935,2040,5,84220.75314954548,1484.289055543743,CO,COLORADO,0.166904,14056780.583671737
936,2040,6,0.0,0.0,CT,CONNECTICUT,0.166904,0.0
937,2040,7,0.0,0.0,DE,DELAWARE,0.166904,0.0
938,2040,8,0.0,0.0,DC,DISTRICT OF COLUMBIA,0.166904,0.0
939,2040,9,22677.083383535664,257.3105948224637,FL,FLORIDA,0.166904,3784895.9250456365
940,2040,10,87977.81145337957,1237.4985500205012,GA,GEORGIA,0.166904,14683848.642814863
941,2040,12,0.0,0.0,ID,IDAHO,0.166904,0.0
942,2040,13,9548731.10461417,50999.67242616179,IL,ILLINOIS,0.166904,1593721416.2845235
943,2040,14,3334895.5249858126,20846.376097584965,IN,INDIANA,0.166904,556607402.7022321
944,2040,15,9073863.19987498,51867.87057052957,IA,IOWA,0.166904,1514464063.5119338
945,2040,16,1594130.668191191,11871.737851265294,KS,KANSAS,0.166904,266066785.04378253
946,2040,17,1804390.330282876,7348.815603869669,KY,KENTUCKY,0.166904,301159963.6855331
947,2040,18,628497.5497684946,7576.259030802311,LA,LOUISIANA,0.166904,104898755.04656082
948,2040,19,0.0,0.0,ME,MAINE,0.166904,0.0
949,2040,20,0.0,0.0,MD,MARYLAND,0.166904,0.0
950,2040,21,0.0,0.0,MA,MASSACHUSETTS,0.166904,0.0
951,2040,22,171315.42309697022,1500.2696688698943,MI,MICHIGAN,0.166904,28593229.376576718
952,2040,23,3747758.8957928736,36406.44080374989,MN,MINNESOTA,0.166904,625515950.7434137
953,2040,24,1181536.9131971996,11824.791968501617,MS,MISSISSIPPI,0.166904,197203236.9602654
954,2040,25,4960890.991319703,31737.429975446,MO,MISSOURI,0.166904,827992550.0152237
955,2040,26,857669.5964120992,21214.00600599822,MT,MONTANA,0.166904,143148486.319565
956,2040,27,1125382.7830708968,11829.361065654184,NE,NEBRASKA,0.166904,187830888.02566496
957,2040,28,0.0,0.0,NV,NEVADA,0.166904,0.0
958,2040,29,0.0,0.0,NH,NEW HAMPSHIRE,0.166904,0.0
959,2040,30,0.0,0.0,NJ,NEW JERSEY,0.166904,0.0
960,2040,31,0.0,0.0,NM,NEW MEXICO,0.166904,0.0
961,2040,32,0.0,0.0,NY,NEW YORK,0.166904,0.0
962,2040,33,161798.33028482995,846.2749686040205,NC,NORTH CAROLINA,0.166904,27004788.517859258
963,2040,34,432558.87350285694,6884.526330756575,ND,NORTH DAKOTA,0.166904,72195806.22312082
964,2040,35,851051.4145814154,11327.128857698191,OH,OHIO,0.166904,142043885.29929656
965,2040,36,65352.74157908817,1619.9652312239764,OK,OKLAHOMA,0.166904,10907633.980516132
966,2040,37,0.0,0.0,OR,OREGON,0.166904,0.0
967,2040,38,5600.371331660275,46.58702078475347,PA,PENNSYLVANIA,0.166904,934724.3767394266
968,2040,39,0.0,0.0,RI,RHODE ISLAND,0.166904,0.0
969,2040,40,53110.01891505689,1594.1115786816815,SC,SOUTH CAROLINA,0.166904,8864274.596998656
970,2040,41,2140413.349084844,21673.06107779716,SD,SOUTH DAKOTA,0.166904,357243549.6156568
971,2040,42,902741.295525531,4676.330695039851,TN,TENNESSEE,0.166904,150671133.18839324
972,2040,43,35300.09906193146,961.850155199948,TX,TEXAS,0.166904,5891727.733832609
973,2040,44,0.0,0.0,UT,UTAH,0.166904,0.0
974,2040,45,4975.9333493594895,33.95332284388732,VT,VERMONT,0.166904,830503.1797414963
975,2040,46,0.0,0.0,VA,VIRGINIA,0.166904,0.0
976,2040,47,0.0,0.0,WA,WASHINGTON,0.166904,0.0
977,2040,48,819.5780666279142,7.622290833482398,WV,WEST VIRGINIA,0.166904,136790.8576324654
978,2040,49,167012.9921987239,2229.6844919554787,WI,WISCONSIN,0.166904,27875136.44993581
979,2040,50,416528.4301332573,20767.167888066484,WY,WYOMING,0.166904,69520261.10296117
980,2041,0,55603.11760226854,691.6438519357305,AL,ALABAMA,0.1674846,9312665.910368906
981,2041,2,0.0,0.0,AZ,ARIZONA,0.1674846,0.0
982,2041,3,652732.8692198303,10001.074791807994,AR,ARKANSAS,0.1674846,109322703.50813559
983,2041,4,0.0,0.0,CA,CALIFORNIA,0.1674846,0.0
984,2041,5,94483.65301130938,1477.0708397917836,CO,COLORADO,0.1674846,15824556.831137946
985,2041,6,0.0,0.0,CT,CONNECTICUT,0.1674846,0.0
986,2041,7,4461.212445150097,91.32537027103297,DE,DELAWARE,0.1674846,747184.381890986
987,2041,8,0.0,0.0,DC,DISTRICT OF COLUMBIA,0.1674846,0.0
988,2041,9,0.0,0.0,FL,FLORIDA,0.1674846,0.0
989,2041,10,6948.215112991081,83.98833173811619,GA,GEORGIA,0.1674846,1163719.028913266
990,2041,12,0.0,0.0,ID,IDAHO,0.1674846,0.0
991,2041,13,7403053.895905863,50851.67631735109,IL,ILLINOIS,0.1674846,1239897520.5342352
992,2041,14,4700878.897711397,31712.905446616474,IN,INDIANA,0.1674846,787324821.8316343
993,2041,15,2374591.352944444,28740.31251638185,IA,IOWA,0.1674846,397707482.911359
994,2041,16,368803.7671552514,3307.600869315202,KS,KANSAS,0.1674846,61768951.42049042
995,2041,17,2043843.088005848,10898.28190471094,KY,KENTUCKY,0.1674846,342312242.05742425
996,2041,18,181188.5603620648,3768.640663547845,LA,LOUISIANA,0.1674846,30346293.55681628
997,2041,19,0.0,0.0,ME,MAINE,0.1674846,0.0
998,2041,20,4914.455348214189,102.14385465828931,MD,MARYLAND,0.1674846,823095.5882135143
999,2041,21,0.0,0.0,MA,MASSACHUSETTS,0.1674846,0.0
1000,2041,22,136541.6727182378,1396.9269776498911,MI,MICHIGAN,0.1674846,22868627.43854497
1001,2041,23,1877208.5817402392,27328.98180514629,MN,MINNESOTA,0.1674846,314403528.4293313
1002,2041,24,199988.8441834412,3416.0543281608734,MS,MISSISSIPPI,0.1674846,33495051.572525978
1003,2041,25,1182324.233589862,9258.77632352135,MO,MISSOURI,0.1674846,198021101.33310464
1004,2041,26,1047684.1428696532,21716.91944294618,MT,MONTANA,0.1674846,175470959.59486672
1005,2041,27,309292.69130513,4639.26148611049,NE,NEBRASKA,0.1674846,51801762.68616318
1006,2041,28,0.0,0.0,NV,NEVADA,0.1674846,0.0
1007,2041,29,0.0,0.0,NH,NEW HAMPSHIRE,0.1674846,0.0
1008,2041,30,24930.65896569696,450.9060323607482,NJ,NEW JERSEY,0.1674846,4175501.4446061696
1009,2041,31,0.0,0.0,NM,NEW MEXICO,0.1674846,0.0
1010,2041,32,115776.67536745356,852.6026204514936,NY,NEW YORK,0.1674846,19390810.163247813
1011,2041,33,316788.3175340446,3747.8891047462535,NC,NORTH CAROLINA,0.1674846,53057164.646862455
1012,2041,34,138619.32114491233,2522.607506610601,ND,NORTH DAKOTA,0.1674846,23216601.554227185
1013,2041,35,1444178.8799688253,13141.477430701136,OH,OHIO,0.1674846,241877722.04002675
1014,2041,36,104004.0518542496,2012.0985303551788,OK,OKLAHOMA,0.1674846,17419077.023188252
1015,2041,37,0.0,0.0,OR,OREGON,0.1674846,0.0
1016,2041,38,232799.07053514224,2075.693784286806,PA,PENNSYLVANIA,0.1674846,38990259.20895009
1017,2041,39,0.0,0.0,RI,RHODE ISLAND,0.1674846,0.0
1018,2041,40,51993.98127589785,868.4951948498594,SC,SOUTH CAROLINA,0.1674846,8708191.156401243
1019,2041,41,1035241.365373931,14212.311493210014,SD,SOUTH DAKOTA,0.1674846,173386985.9831067
1020,2041,42,643968.9665984997,4689.405226085951,TN,TENNESSEE,0.1674846,107854884.78316309
1021,2041,43,15584.74048677841,481.1050561007101,TX,TEXAS,0.1674846,2610204.0265318877
1022,2041,44,0.0,0.0,UT,UTAH,0.1674846,0.0
1023,2041,45,20460.66404116252,288.8110569130153,VT,VERMONT,0.1674846,3426846.1326684887
1024,2041,46,28988.01741294697,266.6301021750485,VA,VIRGINIA,0.1674846,4855046.501200458
1025,2041,47,0.0,0.0,WA,WASHINGTON,0.1674846,0.0
1026,2041,48,37180.1030427092,298.4452975181688,WV,WEST VIRGINIA,0.1674846,6227094.686066933
1027,2041,49,371750.664316809,4197.429338765648,WI,WISCONSIN,0.1674846,62262511.31283503
1028,2041,50,624054.5455625358,24542.27523095424,WY,WYOMING,0.1674846,104519525.94172308
1029,2042,0,292864.63302010566,1794.0000107948288,AL,ALABAMA,0.1680652,49220353.12145066
1030,2042,2,0.0,0.0,AZ,ARIZONA,0.1680652,0.0
1031,2042,3,191822.1851319765,3369.529376406086,AR,ARKANSAS,0.1680652,32238633.908642653
1032,2042,4,0.0,0.0,CA,CALIFORNIA,0.1680652,0.0
1033,2042,5,76780.21123128085,1301.9547877641044,CO,COLORADO,0.1680652,12904081.556627462
1034,2042,6,0.0,0.0,CT,CONNECTICUT,0.1680652,0.0
1035,2042,7,70318.06714453167,611.975837172481,DE,DELAWARE,0.1680652,11818020.018259143
1036,2042,8,0.0,0.0,DC,DISTRICT OF COLUMBIA,0.1680652,0.0
1037,2042,9,4071.950683657633,64.03802204020725,FL,FLORIDA,0.1680652,684353.2060390569
1038,2042,10,50824.371271442,502.0201376534429,GA,GEORGIA,0.1680652,8541808.122609155
1039,2042,12,0.0,0.0,ID,IDAHO,0.1680652,0.0
1040,2042,13,4953608.762045402,36322.17578343116,IL,ILLINOIS,0.1680652,832529247.3149129
1041,2042,14,2110899.011846976,13736.252582045552,IN,INDIANA,0.1680652,354768664.60586435
1042,2042,15,8837599.978356559,49515.3161157305,IA,IOWA,0.1680652,1485293007.8824909
1043,2042,16,1123720.5746074512,11433.40748507985,KS,KANSAS,0.1680652,188858323.11551622
1044,2042,17,598394.8076060672,3898.0872363337166,KY,KENTUCKY,0.1680652,100569343.0192752
1045,2042,18,240478.381444308,4301.0068381422825,LA,LOUISIANA,0.1680652,40416047.273113914
1046,2042,19,0.0,0.0,ME,MAINE,0.1680652,0.0
1047,2042,20,226844.7736478609,1496.525512896561,MD,MARYLAND,0.1680652,38124712.25208247
1048,2042,21,0.0,0.0,MA,MASSACHUSETTS,0.1680652,0.0
1049,2042,22,883729.6600234734,4565.721354017917,MI,MICHIGAN,0.1680652,148524202.05777705
1050,2042,23,3161120.095106984,25215.66199106576,MN,MINNESOTA,0.1680652,531274281.0081743
1051,2042,24,371842.5334519893,4472.668082567425,MS,MISSISSIPPI,0.1680652,62493789.75311527
1052,2042,25,2613392.659203341,23206.97386442992,MO,MISSOURI,0.1680652,439220359.94754136
1053,2042,26,975917.5326003176,20988.69426476789,MT,MONTANA,0.1680652,164017775.29997888
1054,2042,27,1080589.8502201196,11451.82759863255,NE,NEBRASKA,0.1680652,181609549.2952144
1055,2042,28,0.0,0.0,NV,NEVADA,0.1680652,0.0
1056,2042,29,0.0,0.0,NH,NEW HAMPSHIRE,0.1680652,0.0
1057,2042,30,119274.58652175342,793.3747332260175,NJ,NEW JERSEY,0.1680652,20045907.238695793
1058,2042,31,0.0,0.0,NM,NEW MEXICO,0.1680652,0.0
1059,2042,32,129854.32412043224,769.2036295923238,NY,NEW YORK,0.1680652,21823992.95416527
1060,2042,33,1165370.5692022298,7261.135413999654,NC,NORTH CAROLINA,0.1680652,195858237.78708658
1061,2042,34,547142.0259553429,7322.782596258387,ND,NORTH DAKOTA,0.1680652,91955534.02058989
1062,2042,35,1247975.7128472128,8025.298858211238,OH,OHIO,0.1680652,209741287.7748094
1063,2042,36,79954.56811447666,1989.761597901202,OK,OKLAHOMA,0.1680652,13437580.481073141
1064,2042,37,0.0,0.0,OR,OREGON,0.1680652,0.0
1065,2042,38,285108.9827932018,2141.545632566789,PA,PENNSYLVANIA,0.1680652,47916898.21493602
1066,2042,39,0.0,0.0,RI,RHODE ISLAND,0.1680652,0.0
1067,2042,40,441670.82049085246,4129.698481490539,SC,SOUTH CAROLINA,0.1680652,74229494.77995922
1068,2042,41,2050925.88387999,21045.6266216946,SD,SOUTH DAKOTA,0.1680652,344689268.8594673
1069,2042,42,397093.0568177424,3229.340057489273,TN,TENNESSEE,0.1680652,66737524.01268524
1070,2042,43,21204.19193654511,819.4753768951163,TX,TEXAS,0.1680652,3563686.7586538414
1071,2042,44,0.0,0.0,UT,UTAH,0.1680652,0.0
1072,2042,45,43613.81037194269,288.670021046772,VT,VERMONT,0.1680652,7329963.762922621
1073,2042,46,134835.72436548976,600.0828550044574,VA,VIRGINIA,0.1680652,22661192.98263091
1074,2042,47,0.0,0.0,WA,WASHINGTON,0.1680652,0.0
1075,2042,48,22790.277384716133,207.34469314639625,WV,WEST VIRGINIA,0.1680652,3830252.526717794
1076,2042,49,279719.77640161687,1693.4415706855966,WI,WISCONSIN,0.1680652,47011160.164893016
1077,2042,50,520686.68509521487,22861.001226516924,WY,WYOMING,0.1680652,87509311.8678643
1078,2043,0,0.0,0.0,AL,ALABAMA,0.1686458,0.0
1079,2043,2,0.0,0.0,AZ,ARIZONA,0.1686458,0.0
1080,2043,3,103977.22782212104,1846.206382504515,AR,ARKANSAS,0.1686458,17535322.76784386
1081,2043,4,0.0,0.0,CA,CALIFORNIA,0.1686458,0.0
1082,2043,5,98316.93696508734,1536.9142164327025,CO,COLORADO,0.1686458,16580738.488026727
1083,2043,6,0.0,0.0,CT,CONNECTICUT,0.1686458,0.0
1084,2043,7,0.0,0.0,DE,DELAWARE,0.1686458,0.0
1085,2043,8,0.0,0.0,DC,DISTRICT OF COLUMBIA,0.1686458,0.0
1086,2043,9,0.0,0.0,FL,FLORIDA,0.1686458,0.0
1087,2043,10,0.0,0.0,GA,GEORGIA,0.1686458,0.0
1088,2043,12,0.0,0.0,ID,IDAHO,0.1686458,0.0
1089,2043,13,6289312.269645302,42710.23864245472,IL,ILLINOIS,0.1686458,1060666099.1641477
1090,2043,14,603772.5849626455,4552.894236076042,IN,INDIANA,0.1686458,101823710.60909334
1091,2043,15,5912119.680451213,51030.83434291381,IA,IOWA,0.1686458,997054153.2054394
1092,2043,16,350812.9693099924,4704.632106755676,KS,KANSAS,0.1686458,59163133.85965911
1093,2043,17,19555.18089038841,151.98269151006951,KY,KENTUCKY,0.1686458,3297899.1254042652
1094,2043,18,176760.4894207785,2580.726568462449,LA,LOUISIANA,0.1686458,29809914.146758728
1095,2043,19,0.0,0.0,ME,MAINE,0.1686458,0.0
1096,2043,20,0.0,0.0,MD,MARYLAND,0.1686458,0.0
1097,2043,21,0.0,0.0,MA,MASSACHUSETTS,0.1686458,0.0
1098,2043,22,249390.8160399345,1886.6475601982909,MI,MICHIGAN,0.1686458,42058713.68370759
1099,2043,23,2877196.9031968145,34320.353471482274,MN,MINNESOTA,0.1686458,485227173.4971494
1100,2043,24,45674.03668417677,842.8806809324442,MS,MISSISSIPPI,0.1686458,7702734.455832339
1101,2043,25,1445251.1967497708,18457.31645095637,MO,MISSOURI,0.1686458,243735544.27682254
1102,2043,26,1101030.2090481666,21982.761690629093,MT,MONTANA,0.1686458,185684120.42909533
1103,2043,27,465151.1753819515,8117.631523484889,NE,NEBRASKA,0.1686458,78445792.09322952
1104,2043,28,0.0,0.0,NV,NEVADA,0.1686458,0.0
1105,2043,29,0.0,0.0,NH,NEW HAMPSHIRE,0.1686458,0.0
1106,2043,30,0.0,0.0,NJ,NEW JERSEY,0.1686458,0.0
1107,2043,31,0.0,0.0,NM,NEW MEXICO,0.1686458,0.0
1108,2043,32,6414.297615795851,53.05655566145073,NY,NEW YORK,0.1686458,1081744.3528539839
1109,2043,33,0.0,0.0,NC,NORTH CAROLINA,0.1686458,0.0
1110,2043,34,568162.9210868985,7915.22049132925,ND,NORTH DAKOTA,0.1686458,95818290.35703689
1111,2043,35,0.0,0.0,OH,OHIO,0.1686458,0.0
1112,2043,36,115164.14608446628,2270.598703789109,OK,OKLAHOMA,0.1686458,19421949.547731686
1113,2043,37,0.0,0.0,OR,OREGON,0.1686458,0.0
1114,2043,38,0.0,0.0,PA,PENNSYLVANIA,0.1686458,0.0
1115,2043,39,0.0,0.0,RI,RHODE ISLAND,0.1686458,0.0
1116,2043,40,0.0,0.0,SC,SOUTH CAROLINA,0.1686458,0.0
1117,2043,41,1462032.2558002712,19707.2927962434,SD,SOUTH DAKOTA,0.1686458,246565599.4052414
1118,2043,42,36741.60392912451,362.1647589449211,TN,TENNESSEE,0.1686458,6196317.187910347
1119,2043,43,25716.450978024444,970.6820945932416,TX,TEXAS,0.1686458,4336971.448349715
1120,2043,44,0.0,0.0,UT,UTAH,0.1686458,0.0
1121,2043,45,0.0,0.0,VT,VERMONT,0.1686458,0.0
1122,2043,46,0.0,0.0,VA,VIRGINIA,0.1686458,0.0
1123,2043,47,0.0,0.0,WA,WASHINGTON,0.1686458,0.0
1124,2043,48,0.0,0.0,WV,WEST VIRGINIA,0.1686458,0.0
1125,2043,49,559067.2846478379,5905.517329326458,WI,WISCONSIN,0.1686458,94284349.47326234
1126,2043,50,551607.7597601737,23324.120194834977,WY,WYOMING,0.1686458,93026331.93096231
1127,2044,0,2481.250636392904,137.14330243291778,AL,ALABAMA,0.1692264,419893.1126944801
1128,2044,2,0.0,0.0,AZ,ARIZONA,0.1692264,0.0
1129,2044,3,252616.365443439,5439.159883974442,AR,ARKANSAS,0.1692264,42749358.10507758
1130,2044,4,0.0,0.0,CA,CALIFORNIA,0.1692264,0.0
1131,2044,5,48489.80030588952,740.9859458764428,CO,COLORADO,0.1692264,8205754.342484581
1132,2044,6,0.0,0.0,CT,CONNECTICUT,0.1692264,0.0
1133,2044,7,0.0,0.0,DE,DELAWARE,0.1692264,0.0
1134,2044,8,0.0,0.0,DC,DISTRICT OF COLUMBIA,0.1692264,0.0
1135,2044,9,3441.6124824580074,155.61424195541926,FL,FLORIDA,0.1692264,582411.6906014318
1136,2044,10,2183.208725044571,55.84821524823593,GA,GEORGIA,0.1692264,369456.55298788263
1137,2044,12,0.0,0.0,ID,IDAHO,0.1692264,0.0
1138,2044,13,3726360.153217128,28573.96097850329,IL,ILLINOIS,0.1692264,630598513.8323829
1139,2044,14,628210.8477689795,4949.562355888431,IN,INDIANA,0.1692264,106309860.20889243
1140,2044,15,2745317.373255985,25995.092875314185,IA,IOWA,0.1692264,464580175.9335666
1141,2044,16,657072.8803338008,5755.746839676043,KS,KANSAS,0.1692264,111194078.0765199
1142,2044,17,1041811.786130375,5243.567150112972,KY,KENTUCKY,0.1692264,176302058.0444133
1143,2044,18,51632.415459432326,883.7533663356835,LA,LOUISIANA,0.1692264,8737567.79150408
1144,2044,19,0.0,0.0,ME,MAINE,0.1692264,0.0
1145,2044,20,0.0,0.0,MD,MARYLAND,0.1692264,0.0
1146,2044,21,0.0,0.0,MA,MASSACHUSETTS,0.1692264,0.0
1147,2044,22,7584.468584921437,82.20463760590943,MI,MICHIGAN,0.1692264,1283492.314539349
1148,2044,23,2481830.444407421,30947.72258838596,MN,MINNESOTA,0.1692264,419991231.51746804
1149,2044,24,124821.13563630747,1801.2656085062658,MS,MISSISSIPPI,0.1692264,21123031.42764402
1150,2044,25,763773.6111908183,10852.444645673628,MO,MISSOURI,0.1692264,129250658.6368219
1151,2044,26,933327.3702215723,18940.563496965147,MT,MONTANA,0.1692264,157943630.8840639
1152,2044,27,624786.381260564,9136.932174238744,NE,NEBRASKA,0.1692264,105730350.06975271
1153,2044,28,0.0,0.0,NV,NEVADA,0.1692264,0.0
1154,2044,29,0.0,0.0,NH,NEW HAMPSHIRE,0.1692264,0.0
1155,2044,30,188.92089896654355,2.0334167113197865,NJ,NEW JERSEY,0.1692264,31970.403616871885
1156,2044,31,0.0,0.0,NM,NEW MEXICO,0.1692264,0.0
1157,2044,32,1178.5168777950234,50.573674255271314,NY,NEW YORK,0.1692264,199436.16856849173
1158,2044,33,0.0,0.0,NC,NORTH CAROLINA,0.1692264,0.0
1159,2044,34,113134.34172908944,3040.5587621862064,ND,NORTH DAKOTA,0.1692264,19145317.36718358
1160,2044,35,16634.606388195814,224.2469964855104,OH,OHIO,0.1692264,2815014.55449138
1161,2044,36,27991.806425350944,1060.0187397999491,OK,OKLAHOMA,0.1692264,4736952.630859009
1162,2044,37,0.0,0.0,OR,OREGON,0.1692264,0.0
1163,2044,38,2736.7594049765853,20.46685515976047,PA,PENNSYLVANIA,0.1692264,463131.9417703296
1164,2044,39,0.0,0.0,RI,RHODE ISLAND,0.1692264,0.0
1165,2044,40,6533.134456407113,303.2888815009284,SC,SOUTH CAROLINA,0.1692264,1105578.8247737326
1166,2044,41,1077952.678101214,17948.447527763037,SD,SOUTH DAKOTA,0.1692264,182418051.0854273
1167,2044,42,521756.8840715232,3697.02853912361,TN,TENNESSEE,0.1692264,88295039.1666412
1168,2044,43,7565.0141221897,322.29249598969926,TX,TEXAS,0.1692264,1280200.105847323
1169,2044,44,0.0,0.0,UT,UTAH,0.1692264,0.0
1170,2044,45,0.0,0.0,VT,VERMONT,0.1692264,0.0
1171,2044,46,0.0,0.0,VA,VIRGINIA,0.1692264,0.0
1172,2044,47,0.0,0.0,WA,WASHINGTON,0.1692264,0.0
1173,2044,48,0.0,0.0,WV,WEST VIRGINIA,0.1692264,0.0
1174,2044,49,15077.963197715564,265.41826168714925,WI,WISCONSIN,0.1692264,2551589.431281893
1175,2044,50,505302.8489841264,20671.96281507324,WY,WYOMING,0.1692264,85510582.04332736
1176,2045,0,0.0,0.0,AL,ALABAMA,0.169807,0.0
1177,2045,2,0.0,0.0,AZ,ARIZONA,0.169807,0.0
1178,2045,3,577680.3246717289,13501.062060573058,AR,ARKANSAS,0.169807,98094162.89153227
1179,2045,4,0.0,0.0,CA,CALIFORNIA,0.169807,0.0
1180,2045,5,40230.76207875674,938.5782962995188,CO,COLORADO,0.169807,6831465.016307447
1181,2045,6,0.0,0.0,CT,CONNECTICUT,0.169807,0.0
1182,2045,7,0.0,0.0,DE,DELAWARE,0.169807,0.0
1183,2045,8,0.0,0.0,DC,DISTRICT OF COLUMBIA,0.169807,0.0
1184,2045,9,0.0,0.0,FL,FLORIDA,0.169807,0.0
1185,2045,10,0.0,0.0,GA,GEORGIA,0.169807,0.0
1186,2045,12,0.0,0.0,ID,IDAHO,0.169807,0.0
1187,2045,13,11059323.77839451,50499.05361187786,IL,ILLINOIS,0.169807,1877950592.8378365
1188,2045,14,2794971.515932516,16670.41523118716,IN,INDIANA,0.169807,474605728.2059528
1189,2045,15,9436724.181539295,51037.90372527811,IA,IOWA,0.169807,1602421823.094643
1190,2045,16,1419868.951939255,13006.750608958304,KS,KANSAS,0.169807,241103687.1219491
1191,2045,17,184340.309750527,1457.6786499039983,KY,KENTUCKY,0.169807,31302274.97780774
1192,2045,18,329349.93174251646,6140.972300628567,LA,LOUISIANA,0.169807,55925923.859401494
1193,2045,19,0.0,0.0,ME,MAINE,0.169807,0.0
1194,2045,20,0.0,0.0,MD,MARYLAND,0.169807,0.0
1195,2045,21,0.0,0.0,MA,MASSACHUSETTS,0.169807,0.0
1196,2045,22,974406.3878615616,4628.208518921659,MI,MICHIGAN,0.169807,165461025.50360823
1197,2045,23,2386383.682256292,22852.520077532907,MN,MINNESOTA,0.169807,405224653.9328942
1198,2045,24,191645.34183707283,2939.210476531477,MS,MISSISSIPPI,0.169807,32542720.561327826
1199,2045,25,5073272.692412774,32943.34234262757,MO,MISSOURI,0.169807,861477216.080536
1200,2045,26,710770.8964113153,18795.90476817484,MT,MONTANA,0.169807,120693873.60691623
1201,2045,27,595371.3336281326,9230.196587493749,NE,NEBRASKA,0.169807,101098220.04939231
1202,2045,28,0.0,0.0,NV,NEVADA,0.169807,0.0
1203,2045,29,0.0,0.0,NH,NEW HAMPSHIRE,0.169807,0.0
1204,2045,30,31193.77283014699,216.72519969588927,NJ,NEW JERSEY,0.169807,5296920.982968771
1205,2045,31,0.0,0.0,NM,NEW MEXICO,0.169807,0.0
1206,2045,32,16158.098678330076,222.4109038368145,NY,NEW YORK,0.169807,2743758.262271195
1207,2045,33,0.0,0.0,NC,NORTH CAROLINA,0.169807,0.0
1208,2045,34,169879.73937053673,4119.8336975481325,ND,NORTH DAKOTA,0.169807,28846768.90329273
1209,2045,35,2060995.4787721045,10137.112938941347,OH,OHIO,0.169807,349971459.2638548
1210,2045,36,261646.8173661504,5845.647874504475,OK,OKLAHOMA,0.169807,44429461.1164939
1211,2045,37,0.0,0.0,OR,OREGON,0.169807,0.0
1212,2045,38,91846.68531050056,1172.10947043409,PA,PENNSYLVANIA,0.169807,15596210.09252017
1213,2045,39,0.0,0.0,RI,RHODE ISLAND,0.169807,0.0
1214,2045,40,0.0,0.0,SC,SOUTH CAROLINA,0.169807,0.0
1215,2045,41,1708885.9257800493,19297.093487964165,SD,SOUTH DAKOTA,0.169807,290180792.3989329
1216,2045,42,247368.5043061764,2025.4533219144903,TN,TENNESSEE,0.169807,42004903.6107189
1217,2045,43,24960.78889276373,1296.5753704372785,TX,TEXAS,0.169807,4238516.679513531
1218,2045,44,0.0,0.0,UT,UTAH,0.169807,0.0
1219,2045,45,0.0,0.0,VT,VERMONT,0.169807,0.0
1220,2045,46,0.0,0.0,VA,VIRGINIA,0.169807,0.0
1221,2045,47,0.0,0.0,WA,WASHINGTON,0.169807,0.0
1222,2045,48,0.0,0.0,WV,WEST VIRGINIA,0.169807,0.0
1223,2045,49,1354733.2376331869,7330.925151170263,WI,WISCONSIN,0.169807,230043186.88277858
1224,2045,50,358517.4897130344,20845.80842550561,WY,WYOMING,0.169807,60878779.375701234
1225,2046,0,592522.6183285685,3684.5002513718064,AL,ALABAMA,0.170139,100811205.75980434
1226,2046,2,0.0,0.0,AZ,ARIZONA,0.170139,0.0
1227,2046,3,1228307.8675653148,17976.629409994126,AR,ARKANSAS,0.170139,208983072.2796951
1228,2046,4,0.0,0.0,CA,CALIFORNIA,0.170139,0.0
1229,2046,5,38505.9065890405,871.3896668847901,CO,COLORADO,0.170139,6551356.441152763
1230,2046,6,0.0,0.0,CT,CONNECTICUT,0.170139,0.0
1231,2046,7,1332.8804472242764,75.33871321694576,DE,DELAWARE,0.170139,226774.9464102912
1232,2046,8,0.0,0.0,DC,DISTRICT OF COLUMBIA,0.170139,0.0
1233,2046,9,14644.727042834387,133.21455449595385,FL,FLORIDA,0.170139,2491639.2143408
1234,2046,10,42250.9259434753,428.0855758266752,GA,GEORGIA,0.170139,7188530.289096944
1235,2046,12,0.0,0.0,ID,IDAHO,0.170139,0.0
1236,2046,13,6844953.234843828,46064.31743073471,IL,ILLINOIS,0.170139,1164593498.4230943
1237,2046,14,432791.70597125805,3632.4453960706696,IN,INDIANA,0.170139,73634748.06224388
1238,2046,15,9151000.753234137,53071.46091707105,IA,IOWA,0.170139,1556942117.1545029
1239,2046,16,2094898.844132154,15271.527253574885,KS,KANSAS,0.170139,356423994.4418006
1240,2046,17,1266493.155003787,7964.149631166835,KY,KENTUCKY,0.170139,215479878.89918935
1241,2046,18,445224.6243321317,7771.420011699218,LA,LOUISIANA,0.170139,75750072.35924456
1242,2046,19,0.0,0.0,ME,MAINE,0.170139,0.0
1243,2046,20,10597.581463217315,296.9408364646509,MD,MARYLAND,0.170139,1803061.9125703308
1244,2046,21,0.0,0.0,MA,MASSACHUSETTS,0.170139,0.0
1245,2046,22,182358.80515545345,1314.882142159759,MI,MICHIGAN,0.170139,31026344.750343695
1246,2046,23,4952521.209602218,40606.16473677958,MN,MINNESOTA,0.170139,842617006.0805118
1247,2046,24,1193320.2710798234,13188.10979715531,MS,MISSISSIPPI,0.170139,203030317.6012501
1248,2046,25,5689268.3487340845,33306.88742758137,MO,MISSOURI,0.170139,967966427.5852684
1249,2046,26,780317.8069306023,19553.83097894028,MT,MONTANA,0.170139,132762491.35336575
1250,2046,27,1104030.756699968,11939.902634198248,NE,NEBRASKA,0.170139,187838688.91417584
1251,2046,28,0.0,0.0,NV,NEVADA,0.170139,0.0
1252,2046,29,0.0,0.0,NH,NEW HAMPSHIRE,0.170139,0.0
1253,2046,30,1708.1639924057574,31.78023039100715,NJ,NEW JERSEY,0.170139,290625.3135039232
1254,2046,31,0.0,0.0,NM,NEW MEXICO,0.170139,0.0
1255,2046,32,5113.389588636432,102.53797257855274,NY,NEW YORK,0.170139,869986.991221014
1256,2046,33,227.21817843155003,20.006103063605178,NC,NORTH CAROLINA,0.170139,38658.67366016549
1257,2046,34,592820.2532728696,9337.981233993776,ND,NORTH DAKOTA,0.170139,100861845.07159276
1258,2046,35,67873.99980669859,1388.961185282189,OH,OHIO,0.170139,11548014.453111893
1259,2046,36,302235.61355507874,5833.146854110633,OK,OKLAHOMA,0.170139,51422065.05464755
1260,2046,37,0.0,0.0,OR,OREGON,0.170139,0.0
1261,2046,38,34370.1144254061,400.4559657491761,PA,PENNSYLVANIA,0.170139,5847696.898224168
1262,2046,39,0.0,0.0,RI,RHODE ISLAND,0.170139,0.0
1263,2046,40,42617.628824677,351.31427257439844,SC,SOUTH CAROLINA,0.170139,7250920.75060172
1264,2046,41,2053401.1558187583,22047.197232874976,SD,SOUTH DAKOTA,0.170139,349363619.2498477
1265,2046,42,1429223.7554394794,8417.521949350117,TN,TENNESSEE,0.170139,243166700.5267176
1266,2046,43,27861.59951625455,1275.9074844567483,TX,TEXAS,0.170139,4740344.680096034
1267,2046,44,0.0,0.0,UT,UTAH,0.170139,0.0
1268,2046,45,0.0,0.0,VT,VERMONT,0.170139,0.0
1269,2046,46,0.0,0.0,VA,VIRGINIA,0.170139,0.0
1270,2046,47,0.0,0.0,WA,WASHINGTON,0.170139,0.0
1271,2046,48,37444.60490733977,441.5595650641288,WV,WEST VIRGINIA,0.170139,6370787.634329882
1272,2046,49,1362364.3025096117,8400.587072749075,WI,WISCONSIN,0.170139,231791300.0646828
1273,2046,50,364253.7182665845,17449.37594783245,WY,WYOMING,0.170139,61973763.37215843
1274,2047,0,560433.5865083969,3586.1936855418257,AL,ALABAMA,0.170471,95537673.92567293
1275,2047,2,0.0,0.0,AZ,ARIZONA,0.170471,0.0
1276,2047,3,607544.6970026952,9790.220690895723,AR,ARKANSAS,0.170471,103568752.04274645
1277,2047,4,0.0,0.0,CA,CALIFORNIA,0.170471,0.0
1278,2047,5,56189.703513931,917.540750478806,CO,COLORADO,0.170471,9578714.947723333
1279,2047,6,0.0,0.0,CT,CONNECTICUT,0.170471,0.0
1280,2047,7,158278.7342043501,789.7510033279086,DE,DELAWARE,0.170471,26981934.098549765
1281,2047,8,0.0,0.0,DC,DISTRICT OF COLUMBIA,0.170471,0.0
1282,2047,9,0.0,0.0,FL,FLORIDA,0.170471,0.0
1283,2047,10,136023.5696336697,1204.7367213068303,GA,GEORGIA,0.170471,23188073.939021304
1284,2047,12,0.0,0.0,ID,IDAHO,0.170471,0.0
1285,2047,13,9700765.873975402,49051.35940581362,IL,ILLINOIS,0.170471,1653699259.3024607
1286,2047,14,1434290.0725619197,9827.43101155404,IN,INDIANA,0.170471,244504862.95970303
1287,2047,15,4320658.607515233,30512.06329350774,IA,IOWA,0.170471,736546993.4817294
1288,2047,16,429583.44080973056,3418.79151910551,KS,KANSAS,0.170471,73231518.73827557
1289,2047,17,1781933.8344556077,9545.606071536073,KY,KENTUCKY,0.170471,303768042.6934819
1290,2047,18,5637.456422355946,489.3746409692858,LA,LOUISIANA,0.170471,961022.8337754406
1291,2047,19,0.0,0.0,ME,MAINE,0.170471,0.0
1292,2047,20,199701.9022147343,921.9281879414852,MD,MARYLAND,0.170471,34043382.97244797
1293,2047,21,0.0,0.0,MA,MASSACHUSETTS,0.170471,0.0
1294,2047,22,320200.894994054,3646.088216304656,MI,MICHIGAN,0.170471,54584966.77053138
1295,2047,23,2489379.771611387,29430.75017078518,MN,MINNESOTA,0.170471,424367059.0463647
1296,2047,24,523618.2725458476,7838.38674299328,MS,MISSISSIPPI,0.170471,89261730.53916319
1297,2047,25,4705412.928584057,26770.827065115005,MO,MISSOURI,0.170471,802136447.3486528
1298,2047,26,660017.4562241014,19236.36967823567,MT,MONTANA,0.170471,112513835.77997878
1299,2047,27,396181.1710482296,6480.049247887041,NE,NEBRASKA,0.170471,67537400.40976276
1300,2047,28,0.0,0.0,NV,NEVADA,0.170471,0.0
1301,2047,29,0.0,0.0,NH,NEW HAMPSHIRE,0.170471,0.0
1302,2047,30,25611.16841675229,327.7395111307437,NJ,NEW JERSEY,0.170471,4365961.49117218
1303,2047,31,0.0,0.0,NM,NEW MEXICO,0.170471,0.0
1304,2047,32,112345.21270654968,1077.743256845872,NY,NEW YORK,0.170471,19151600.75529823
1305,2047,33,844265.4315195063,5797.892346450989,NC,NORTH CAROLINA,0.170471,143922772.37656176
1306,2047,34,23079.10754669004,1022.5146039635064,ND,NORTH DAKOTA,0.170471,3934318.542591798
1307,2047,35,1961541.17084224,11343.525267214944,OH,OHIO,0.170471,334385884.93464756
1308,2047,36,2427.812334365153,123.14436029921109,OK,OKLAHOMA,0.170471,413871.5964515621
1309,2047,37,0.0,0.0,OR,OREGON,0.170471,0.0
1310,2047,38,171864.21386413358,1746.6772438381745,PA,PENNSYLVANIA,0.170471,29297864.401632715
1311,2047,39,0.0,0.0,RI,RHODE ISLAND,0.170471,0.0
1312,2047,40,968653.7390709976,5664.292499196963,SC,SOUTH CAROLINA,0.170471,165127371.55317205
1313,2047,41,282799.7659933185,8088.8706415380575,SD,SOUTH DAKOTA,0.170471,48209158.908647
1314,2047,42,1929942.025639612,9913.199342295364,TN,TENNESSEE,0.170471,328999147.0528103
1315,2047,43,2562.17048191306,91.15536513544072,TX,TEXAS,0.170471,436775.76422220125
1316,2047,44,0.0,0.0,UT,UTAH,0.170471,0.0
1317,2047,45,2066.3659001731885,112.1178424975343,VT,VERMONT,0.170471,352255.46136842365
1318,2047,46,45170.98115581107,284.1813748324845,VA,VIRGINIA,0.170471,7700342.328612268
1319,2047,47,0.0,0.0,WA,WASHINGTON,0.170471,0.0
1320,2047,48,0.0,0.0,WV,WEST VIRGINIA,0.170471,0.0
1321,2047,49,808735.8214853667,8305.078565776916,WI,WISCONSIN,0.170471,137866004.22443196
1322,2047,50,420017.8383192868,18377.099672808086,WY,WYOMING,0.170471,71600860.91612715
1323,2048,0,398057.8237749251,2670.5369815399645,AL,ALABAMA,0.170803,67989470.47422853
1324,2048,2,0.0,0.0,AZ,ARIZONA,0.170803,0.0
1325,2048,3,916681.3381106296,15329.133402185264,AR,ARKANSAS,0.170803,156571922.59330988
1326,2048,4,0.0,0.0,CA,CALIFORNIA,0.170803,0.0
1327,2048,5,83389.46061389038,1276.5636089202226,CO,COLORADO,0.170803,14243170.04123432
1328,2048,6,0.0,0.0,CT,CONNECTICUT,0.170803,0.0
1329,2048,7,0.0,0.0,DE,DELAWARE,0.170803,0.0
1330,2048,8,0.0,0.0,DC,DISTRICT OF COLUMBIA,0.170803,0.0
1331,2048,9,8846.211341131324,142.25413872440205,FL,FLORIDA,0.170803,1510959.4356992536
1332,2048,10,43530.29556925328,607.8060797328773,GA,GEORGIA,0.170803,7435105.074115168
1333,2048,12,0.0,0.0,ID,IDAHO,0.170803,0.0
1334,2048,13,2509179.0041736346,25171.916748760712,IL,ILLINOIS,0.170803,428575301.44986933
1335,2048,14,584275.6291092988,4463.599509916485,IN,INDIANA,0.170803,99796030.27875558
1336,2048,15,1532985.9021537846,13340.759921218576,IA,IOWA,0.170803,261838591.0455729
1337,2048,16,236156.7135164785,2201.566152182884,KS,KANSAS,0.170803,40336275.13875508
1338,2048,17,1045018.1269112424,6273.024152241316,KY,KENTUCKY,0.170803,178492231.13082093
1339,2048,18,701851.2407556389,10198.151756952568,LA,LOUISIANA,0.170803,119878297.4747854
1340,2048,19,0.0,0.0,ME,MAINE,0.170803,0.0
1341,2048,20,1563.733968187536,16.16865120804579,MD,MARYLAND,0.170803,267090.4529683357
1342,2048,21,0.0,0.0,MA,MASSACHUSETTS,0.170803,0.0
1343,2048,22,91700.991649201,968.3131450967676,MI,MICHIGAN,0.170803,15662804.476658478
1344,2048,23,487003.3177786757,10341.673454403312,MN,MINNESOTA,0.170803,83181627.68655115
1345,2048,24,1145334.74872256,12580.27016151543,MS,MISSISSIPPI,0.170803,195626611.08605942
1346,2048,25,1393986.2927308008,12458.752991895051,MO,MISSOURI,0.170803,238097040.757299
1347,2048,26,824596.0017151933,21457.312551581144,MT,MONTANA,0.170803,140843470.88096017
1348,2048,27,781448.9746268422,11235.733306908242,NE,NEBRASKA,0.170803,133473829.21318853
1349,2048,28,0.0,0.0,NV,NEVADA,0.170803,0.0
1350,2048,29,0.0,0.0,NH,NEW HAMPSHIRE,0.170803,0.0
1351,2048,30,0.0,0.0,NJ,NEW JERSEY,0.170803,0.0
1352,2048,31,0.0,0.0,NM,NEW MEXICO,0.170803,0.0
1353,2048,32,31548.00747869333,318.0121019421442,NY,NEW YORK,0.170803,5388494.321383257
1354,2048,33,446375.1283150336,3602.229526028771,NC,NORTH CAROLINA,0.170803,76242211.04159269
1355,2048,34,110170.51922384623,2850.5041300611183,ND,NORTH DAKOTA,0.170803,18817455.19499061
1356,2048,35,180888.07869526825,1431.2791960453535,OH,OHIO,0.170803,30896226.505387902
1357,2048,36,46623.34247661721,1758.3861560390164,OK,OKLAHOMA,0.170803,7963406.765033649
1358,2048,37,0.0,0.0,OR,OREGON,0.170803,0.0
1359,2048,38,9631.736421090229,61.40263141837987,PA,PENNSYLVANIA,0.170803,1645129.4759314745
1360,2048,39,0.0,0.0,RI,RHODE ISLAND,0.170803,0.0
1361,2048,40,131795.40023151253,1617.2031307058137,SC,SOUTH CAROLINA,0.170803,22511049.745743036
1362,2048,41,485638.2493817226,8964.956712161074,SD,SOUTH DAKOTA,0.170803,82948469.90914637
1363,2048,42,1280286.3989871598,7992.757034053397,TN,TENNESSEE,0.170803,218676757.80620384
1364,2048,43,75521.29076046866,2773.4493241255545,TX,TEXAS,0.170803,12899263.02576033
1365,2048,44,0.0,0.0,UT,UTAH,0.170803,0.0
1366,2048,45,0.0,0.0,VT,VERMONT,0.170803,0.0
1367,2048,46,1499.6257798769454,23.636949735987027,VA,VIRGINIA,0.170803,256140.58208032194
1368,2048,47,0.0,0.0,WA,WASHINGTON,0.170803,0.0
1369,2048,48,0.0,0.0,WV,WEST VIRGINIA,0.170803,0.0
1370,2048,49,65698.84788621507,612.0542621018232,WI,WISCONSIN,0.170803,11221560.315509193
1371,2048,50,475477.6717708075,21664.57023967905,WY,WYOMING,0.170803,81213012.77146924
1372,2049,0,6322.606639621085,151.50856954867777,AL,ALABAMA,0.171135,1082019.2872715546
1373,2049,2,0.0,0.0,AZ,ARIZONA,0.171135,0.0
1374,2049,3,51360.5572551731,1457.1213831147747,AR,ARKANSAS,0.171135,8789588.96586405
1375,2049,4,0.0,0.0,CA,CALIFORNIA,0.171135,0.0
1376,2049,5,91259.1689197222,1423.4159188488268,CO,COLORADO,0.171135,15617637.873076659
1377,2049,6,0.0,0.0,CT,CONNECTICUT,0.171135,0.0
1378,2049,7,0.0,0.0,DE,DELAWARE,0.171135,0.0
1379,2049,8,0.0,0.0,DC,DISTRICT OF COLUMBIA,0.171135,0.0
1380,2049,9,0.0,0.0,FL,FLORIDA,0.171135,0.0
1381,2049,10,637.0314708640346,34.5488804874186,GA,GEORGIA,0.171135,109018.38076631656
1382,2049,12,0.0,0.0,ID,IDAHO,0.171135,0.0
1383,2049,13,603037.6284919836,9355.782026222712,IL,ILLINOIS,0.171135,103200844.55197562
1384,2049,14,68467.48582445711,694.2246556710558,IN,INDIANA,0.171135,11717183.186568469
1385,2049,15,1063124.528542735,14515.112292096226,IA,IOWA,0.171135,181937816.19216093
1386,2049,16,701716.9916082637,9304.318481434577,KS,KANSAS,0.171135,120088337.35888022
1387,2049,17,36630.02998736019,226.91908316401228,KY,KENTUCKY,0.171135,6268680.181886887
1388,2049,18,520834.11229106766,10236.98737944961,LA,LOUISIANA,0.171135,89132945.80693187
1389,2049,19,0.0,0.0,ME,MAINE,0.171135,0.0
1390,2049,20,0.0,0.0,MD,MARYLAND,0.171135,0.0
1391,2049,21,0.0,0.0,MA,MASSACHUSETTS,0.171135,0.0
1392,2049,22,58510.874588185776,643.9789258349088,MI,MICHIGAN,0.171135,10013258.522649173
1393,2049,23,525236.0709182892,11374.02927283388,MN,MINNESOTA,0.171135,89886274.99660143
1394,2049,24,268635.9972054977,4867.831749982845,MS,MISSISSIPPI,0.171135,45973021.38176285
1395,2049,25,596053.1229686642,8019.498673112213,MO,MISSOURI,0.171135,102005551.19924235
1396,2049,26,760990.5829973584,19773.05299038286,MT,MONTANA,0.171135,130232123.42125295
1397,2049,27,585242.690137561,8130.968236443485,NE,NEBRASKA,0.171135,100155507.7766915
1398,2049,28,0.0,0.0,NV,NEVADA,0.171135,0.0
1399,2049,29,0.0,0.0,NH,NEW HAMPSHIRE,0.171135,0.0
1400,2049,30,3356.96860487947,23.704340785984407,NJ,NEW JERSEY,0.171135,574494.8221960481
1401,2049,31,0.0,0.0,NM,NEW MEXICO,0.171135,0.0
1402,2049,32,0.0,0.0,NY,NEW YORK,0.171135,0.0
1403,2049,33,26166.970955494344,254.1018671087449,NC,NORTH CAROLINA,0.171135,4478084.574468525
1404,2049,34,617.9229951922288,8.17626458807926,ND,NORTH DAKOTA,0.171135,105748.25178222208
1405,2049,35,4418.001339709716,179.53297604339292,OH,OHIO,0.171135,756074.6592712223
1406,2049,36,27769.853869381182,673.6198650964496,OK,OKLAHOMA,0.171135,4752393.941936549
1407,2049,37,0.0,0.0,OR,OREGON,0.171135,0.0
1408,2049,38,10398.423440528451,165.58127849815156,PA,PENNSYLVANIA,0.171135,1779534.195494837
1409,2049,39,0.0,0.0,RI,RHODE ISLAND,0.171135,0.0
1410,2049,40,0.0,0.0,SC,SOUTH CAROLINA,0.171135,0.0
1411,2049,41,93376.25596102916,2515.478951009337,SD,SOUTH DAKOTA,0.171135,15979945.56389073
1412,2049,42,183038.05220147973,1677.142920046234,TN,TENNESSEE,0.171135,31324217.063500237
1413,2049,43,50584.26814626481,1382.9056175708977,TX,TEXAS,0.171135,8656738.729211029
1414,2049,44,0.0,0.0,UT,UTAH,0.171135,0.0
1415,2049,45,0.0,0.0,VT,VERMONT,0.171135,0.0
1416,2049,46,0.0,0.0,VA,VIRGINIA,0.171135,0.0
1417,2049,47,0.0,0.0,WA,WASHINGTON,0.171135,0.0
1418,2049,48,0.0,0.0,WV,WEST VIRGINIA,0.171135,0.0
1419,2049,49,18296.446084826177,325.64068061706905,WI,WISCONSIN,0.171135,3131162.3007267276
1420,2049,50,468988.0594627732,22040.376564885035,WY,WYOMING,0.171135,80260271.5561617
1421,2050,0,21334.97370838887,167.63617524770137,AL,ALABAMA,0.171467,3658243.9368563145
1422,2050,2,0.0,0.0,AZ,ARIZONA,0.171467,0.0
1423,2050,3,478737.5682111204,9401.695197497578,AR,ARKANSAS,0.171467,82087694.60845618
1424,2050,4,0.0,0.0,CA,CALIFORNIA,0.171467,0.0
1425,2050,5,100255.63197991978,1658.1475987957533,CO,COLORADO,0.171467,17190532.448700905
1426,2050,6,0.0,0.0,CT,CONNECTICUT,0.171467,0.0
1427,2050,7,41169.57282755555,259.69790224898907,DE,DELAWARE,0.171467,7059223.1440224685
1428,2050,8,0.0,0.0,DC,DISTRICT OF COLUMBIA,0.171467,0.0
1429,2050,9,10624.441952127978,111.5288230958481,FL,FLORIDA,0.171467,1821741.188205528
1430,2050,10,16766.378828746132,238.49789661549937,GA,GEORGIA,0.171467,2874880.6786286132
1431,2050,12,0.0,0.0,ID,IDAHO,0.171467,0.0
1432,2050,13,356596.7121356791,2903.684783569568,IL,ILLINOIS,0.171467,61144568.439768486
1433,2050,14,417981.88944871264,2157.743825118871,IN,INDIANA,0.171467,71670100.63810241
1434,2050,15,2523.045193669844,138.79073061398503,IA,IOWA,0.171467,432618.99022298714
1435,2050,16,197264.595911738,2484.9909609824376,KS,KANSAS,0.171467,33824368.467197984
1436,2050,17,611831.8463692964,3044.602335497404,KY,KENTUCKY,0.171467,104908971.20140415
1437,2050,18,290926.6123495404,5057.009130583483,LA,LOUISIANA,0.171467,49884313.439738646
1438,2050,19,0.0,0.0,ME,MAINE,0.171467,0.0
1439,2050,20,50655.72153130366,322.4207235948209,MD,MARYLAND,0.171467,8685784.603808045
1440,2050,21,0.0,0.0,MA,MASSACHUSETTS,0.171467,0.0
1441,2050,22,315389.83423498657,2026.888796391324,MI,MICHIGAN,0.171467,54078948.70677044
1442,2050,23,340521.358371609,4747.611699093686,MN,MINNESOTA,0.171467,58388175.75590469
1443,2050,24,509544.76750153216,5937.925754134352,MS,MISSISSIPPI,0.171467,87370112.64918521
1444,2050,25,547228.0096621355,3811.759327319559,MO,MISSOURI,0.171467,93831545.13273738
1445,2050,26,1068593.8054833584,23071.680678414665,MT,MONTANA,0.171467,183228574.04481503
1446,2050,27,40305.88727510998,1164.0302817395518,NE,NEBRASKA,0.171467,6911129.573401283
1447,2050,28,0.0,0.0,NV,NEVADA,0.171467,0.0
1448,2050,29,0.0,0.0,NH,NEW HAMPSHIRE,0.171467,0.0
1449,2050,30,158557.95990198897,916.671317488195,NJ,NEW JERSEY,0.171467,27187457.710514348
1450,2050,31,0.0,0.0,NM,NEW MEXICO,0.171467,0.0
1451,2050,32,62870.72962596637,801.5049580139666,NY,NEW YORK,0.171467,10780255.396775575
1452,2050,33,363587.4160204288,2602.9703044903326,NC,NORTH CAROLINA,0.171467,62343243.46277487
1453,2050,34,45202.678939274905,950.2278252891124,ND,NORTH DAKOTA,0.171467,7750767.74968065
1454,2050,35,876513.9388874702,6260.939209944505,OH,OHIO,0.171467,150293215.55921784
1455,2050,36,93991.40684678582,1955.8724067990008,OK,OKLAHOMA,0.171467,16116424.557797823
1456,2050,37,0.0,0.0,OR,OREGON,0.171467,0.0
1457,2050,38,97674.47408510992,1183.0812207298104,PA,PENNSYLVANIA,0.171467,16747949.047951544
1458,2050,39,0.0,0.0,RI,RHODE ISLAND,0.171467,0.0
1459,2050,40,11259.620044083422,147.5972605922074,SC,SOUTH CAROLINA,0.171467,1930653.2700988522
1460,2050,41,293737.934666279,4306.134524833521,SD,SOUTH DAKOTA,0.171467,50366362.44342287
1461,2050,42,545448.9849100626,3111.413696453981,TN,TENNESSEE,0.171467,93526501.09557372
1462,2050,43,31291.451554873023,1592.8515730593367,TX,TEXAS,0.171467,5365451.323759413
1463,2050,44,0.0,0.0,UT,UTAH,0.171467,0.0
1464,2050,45,12922.834532946605,250.3645275934497,VT,VERMONT,0.171467,2215839.668860756
1465,2050,46,22470.559494525893,141.12339087074895,VA,VIRGINIA,0.171467,3852959.4248478715
1466,2050,47,0.0,0.0,WA,WASHINGTON,0.171467,0.0
1467,2050,48,2613.603530234357,48.05214052489433,WV,WEST VIRGINIA,0.171467,448146.7565186945
1468,2050,49,43611.617321412166,703.0166351038566,WI,WISCONSIN,0.171467,7477953.187250581
1469,2050,50,657153.1129843101,26506.174516382365,WY,WYOMING,0.171467,112680072.82408072
1470,2051,0,588247.1601289508,3522.388150313648,AL,ALABAMA,0.1760326,103550677.04011555
1471,2051,2,0.0,0.0,AZ,ARIZONA,0.1760326,0.0
1472,2051,3,951945.2852204702,14159.604444704528,AR,ARKANSAS,0.1760326,167573403.61510095
1473,2051,4,0.0,0.0,CA,CALIFORNIA,0.1760326,0.0
1474,2051,5,76324.29330847885,1541.544187568158,CO,COLORADO,0.1760326,13435563.794254133
1475,2051,6,0.0,0.0,CT,CONNECTICUT,0.1760326,0.0
1476,2051,7,4196.180764699408,80.86053387699437,DE,DELAWARE,0.1760326,738664.6100800252
1477,2051,8,0.0,0.0,DC,DISTRICT OF COLUMBIA,0.1760326,0.0
1478,2051,9,13715.603011318151,183.87248623787607,FL,FLORIDA,0.1760326,2414393.2586501637
1479,2051,10,86015.61048559741,788.0598244796514,GA,GEORGIA,0.1760326,15141551.554366976
1480,2051,12,0.0,0.0,ID,IDAHO,0.1760326,0.0
1481,2051,13,5508437.192088706,28653.13399693314,IL,ILLINOIS,0.1760326,969664520.8600744
1482,2051,14,4019235.320841976,18656.8903187639,IN,INDIANA,0.1760326,707516443.5396473
1483,2051,15,2471887.159629011,21502.33602327753,IA,IOWA,0.1760326,435132723.6161099
1484,2051,16,1882831.2807014133,13720.921045161816,KS,KANSAS,0.1760326,331439685.7031996
1485,2051,17,1056401.5944473937,4181.012202895448,KY,KENTUCKY,0.1760326,185961119.31472027
1486,2051,18,794035.9556517585,13477.91093792154,LA,LOUISIANA,0.1760326,139776213.76686373
1487,2051,19,0.0,0.0,ME,MAINE,0.1760326,0.0
1488,2051,20,0.0,0.0,MD,MARYLAND,0.1760326,0.0
1489,2051,21,0.0,0.0,MA,MASSACHUSETTS,0.1760326,0.0
1490,2051,22,686176.7335317001,3562.5344920711864,MI,MICHIGAN,0.1760326,120789474.46309237
1491,2051,23,338093.3765981073,4379.318311773654,MN,MINNESOTA,0.1760326,59515456.125343986
1492,2051,24,1373290.5253360097,14570.211474070918,MS,MISSISSIPPI,0.1760326,241743901.73026368
1493,2051,25,4720142.923376565,27882.71195741992,MO,MISSOURI,0.1760326,830899031.1735775
1494,2051,26,824749.8909459523,23426.43473939981,MT,MONTANA,0.1760326,145182867.65293247
1495,2051,27,543267.4922014645,8251.258702487736,NE,NEBRASKA,0.1760326,95632789.14770353
1496,2051,28,0.0,0.0,NV,NEVADA,0.1760326,0.0
1497,2051,29,0.0,0.0,NH,NEW HAMPSHIRE,0.1760326,0.0
1498,2051,30,2465.925315240353,55.59745022223781,NJ,NEW JERSEY,0.1760326,434083.244647579
1499,2051,31,0.0,0.0,NM,NEW MEXICO,0.1760326,0.0
1500,2051,32,13338.098904489723,98.03756291677188,NY,NEW YORK,0.1760326,2347940.229214478
1501,2051,33,1271128.874626499,9040.131001860987,NC,NORTH CAROLINA,0.1760326,223760120.73557666
1502,2051,34,0.0,0.0,ND,NORTH DAKOTA,0.1760326,0.0
1503,2051,35,2702318.3749928446,12980.071921834842,OH,OHIO,0.1760326,475696129.57776546
1504,2051,36,261010.20641616656,5030.39103104196,OK,OKLAHOMA,0.1760326,45946305.261974484
1505,2051,37,0.0,0.0,OR,OREGON,0.1760326,0.0
1506,2051,38,75129.82897713769,330.4236802022024,PA,PENNSYLVANIA,0.1760326,13225299.132400889
1507,2051,39,0.0,0.0,RI,RHODE ISLAND,0.1760326,0.0
1508,2051,40,749379.4299532878,4919.035815273062,SC,SOUTH CAROLINA,0.1760326,131915209.44119515
1509,2051,41,286205.9730345712,6007.9370534045365,SD,SOUTH DAKOTA,0.1760326,50381581.56880546
1510,2051,42,1367508.990668245,6970.455808206432,TN,TENNESSEE,0.1760326,240726163.1507069
1511,2051,43,99366.32342588923,2987.79433577742,TX,TEXAS,0.1760326,17491712.265100192
1512,2051,44,0.0,0.0,UT,UTAH,0.1760326,0.0
1513,2051,45,0.0,0.0,VT,VERMONT,0.1760326,0.0
1514,2051,46,13605.593882535148,91.21670557375724,VA,VIRGINIA,0.1760326,2395028.0656867567
1515,2051,47,0.0,0.0,WA,WASHINGTON,0.1760326,0.0
1516,2051,48,16512.961190443042,77.27452041505043,WV,WEST VIRGINIA,0.1760326,2906819.492052784
1517,2051,49,807402.2577559146,5745.394211773578,WI,WISCONSIN,0.1760326,142129118.67864382
1518,2051,50,455891.39078624704,24780.56744753743,WY,WYOMING,0.1760326,80251746.83771911
1519,2052,0,488062.0562540924,2793.6651837152776,AL,ALABAMA,0.1805982,88143128.84778783
1520,2052,2,0.0,0.0,AZ,ARIZONA,0.1805982,0.0
1521,2052,3,751359.6229066084,13726.832801893212,AR,ARKANSAS,0.1805982,135694195.44961223
1522,2052,4,0.0,0.0,CA,CALIFORNIA,0.1805982,0.0
1523,2052,5,87446.60723912762,1638.228342151092,CO,COLORADO,0.1805982,15792699.863493416
1524,2052,6,0.0,0.0,CT,CONNECTICUT,0.1805982,0.0
1525,2052,7,7616.705282373492,99.46516986577907,DE,DELAWARE,0.1805982,1375563.2639271442
1526,2052,8,0.0,0.0,DC,DISTRICT OF COLUMBIA,0.1805982,0.0
1527,2052,9,0.0,0.0,FL,FLORIDA,0.1805982,0.0
1528,2052,10,32091.738131948296,354.12499964370204,GA,GEORGIA,0.1805982,5795710.141501225
1529,2052,12,0.0,0.0,ID,IDAHO,0.1805982,0.0
1530,2052,13,13250603.07628454,56754.17680541281,IL,ILLINOIS,0.1805982,2393035064.4914503
1531,2052,14,9534287.019549916,35193.82063577697,IN,INDIANA,0.1805982,1721875074.0140793
1532,2052,15,10959858.17688832,56861.14417329316,IA,IOWA,0.1805982,1979330659.0013123
1533,2052,16,1699817.8267612497,12387.002388345554,KS,KANSAS,0.1805982,306984039.8409935
1534,2052,17,1671268.6147973302,9003.72477787056,KY,KENTUCKY,0.1805982,301828103.5488912
1535,2052,18,53965.9926046808,1545.1673280918214,LA,LOUISIANA,0.1805982,9746161.125618665
1536,2052,19,0.0,0.0,ME,MAINE,0.1805982,0.0
1537,2052,20,78270.66636714072,600.5257095845573,MD,MARYLAND,0.1805982,14135541.45870615
1538,2052,21,0.0,0.0,MA,MASSACHUSETTS,0.1805982,0.0
1539,2052,22,1460523.4125546291,6565.587334398886,MI,MICHIGAN,0.1805982,263767899.3652234
1540,2052,23,5339705.409346058,43313.26406382968,MN,MINNESOTA,0.1805982,964341185.4581611
1541,2052,24,341236.9518766423,8312.663883271684,MS,MISSISSIPPI,0.1805982,61626779.282408215
1542,2052,25,6104224.732478268,33689.00203189161,MO,MISSOURI,0.1805982,1102411999.0810568
1543,2052,26,1134783.1154214283,23783.17577277281,MT,MONTANA,0.1805982,204939788.0355022
1544,2052,27,1418909.6972744423,14880.431017531144,NE,NEBRASKA,0.1805982,256252537.29030916
1545,2052,28,0.0,0.0,NV,NEVADA,0.1805982,0.0
1546,2052,29,0.0,0.0,NH,NEW HAMPSHIRE,0.1805982,0.0
1547,2052,30,10774.75885737003,74.70801355163454,NJ,NEW JERSEY,0.1805982,1945902.055075084
1548,2052,31,0.0,0.0,NM,NEW MEXICO,0.1805982,0.0
1549,2052,32,348829.4073784896,2044.462436698716,NY,NEW YORK,0.1805982,62997963.07962194
1550,2052,33,93343.26133765077,1324.2622120395615,NC,NORTH CAROLINA,0.1805982,16857624.97970932
1551,2052,34,562812.847758285,7572.317422338972,ND,NORTH DAKOTA,0.1805982,101642987.24202031
1552,2052,35,7792115.639631788,32699.541874520943,OH,OHIO,0.1805982,1407242058.7093496
1553,2052,36,255537.34558795864,4924.210174811751,OK,OKLAHOMA,0.1805982,46149584.64596327
1554,2052,37,0.0,0.0,OR,OREGON,0.1805982,0.0
1555,2052,38,704391.6917555925,3505.600968777601,PA,PENNSYLVANIA,0.1805982,127211871.62601483
1556,2052,39,0.0,0.0,RI,RHODE ISLAND,0.1805982,0.0
1557,2052,40,150190.83202583774,2778.3134262280896,SC,SOUTH CAROLINA,0.1805982,27124193.92036865
1558,2052,41,1938816.9036109648,20040.7995742659,SD,SOUTH DAKOTA,0.1805982,350146842.9217137
1559,2052,42,1174996.7943535089,8310.240300035897,TN,TENNESSEE,0.1805982,212202306.06601387
1560,2052,43,39708.830151404974,1446.9694586356886,TX,TEXAS,0.1805982,7171343.249449465
1561,2052,44,0.0,0.0,UT,UTAH,0.1805982,0.0
1562,2052,45,36254.68779012111,291.5340194905613,VT,VERMONT,0.1805982,6547531.356457849
1563,2052,46,4051.1025322779456,46.27845030069995,VA,VIRGINIA,0.1805982,731621.8253448388
1564,2052,47,0.0,0.0,WA,WASHINGTON,0.1805982,0.0
1565,2052,48,111171.64213842872,737.5279522070634,WV,WEST VIRGINIA,0.1805982,20077398.461244375
1566,2052,49,2995542.0207545804,15990.09974760618,WI,WISCONSIN,0.1805982,540989496.9726398
1567,2052,50,735996.8007335312,28475.46301197803,WY,WYOMING,0.1805982,132919697.41823441
1568,2053,0,0.0,0.0,AL,ALABAMA,0.1851638,0.0
1569,2053,2,0.0,0.0,AZ,ARIZONA,0.1851638,0.0
1570,2053,3,303014.9415182534,5897.476551290376,AR,ARKANSAS,0.1851638,56107398.028297566
1571,2053,4,0.0,0.0,CA,CALIFORNIA,0.1851638,0.0
1572,2053,5,18780.57106517921,665.1805434763252,CO,COLORADO,0.1851638,3477481.90459863
1573,2053,6,0.0,0.0,CT,CONNECTICUT,0.1851638,0.0
1574,2053,7,0.0,0.0,DE,DELAWARE,0.1851638,0.0
1575,2053,8,0.0,0.0,DC,DISTRICT OF COLUMBIA,0.1851638,0.0
1576,2053,9,0.0,0.0,FL,FLORIDA,0.1851638,0.0
1577,2053,10,0.0,0.0,GA,GEORGIA,0.1851638,0.0
1578,2053,12,0.0,0.0,ID,IDAHO,0.1851638,0.0
1579,2053,13,1685901.476317899,22573.597430778,IL,ILLINOIS,0.1851638,312167923.78063214
1580,2053,14,334951.1868898357,4442.6573999934735,IN,INDIANA,0.1851638,62020834.57903216
1581,2053,15,4118993.864255569,34215.41494444822,IA,IOWA,0.1851638,762688556.0822452
1582,2053,16,652143.0019714681,5498.264770347709,KS,KANSAS,0.1851638,120753276.38844451
1583,2053,17,197872.50843538143,1084.6639533612708,KY,KENTUCKY,0.1851638,36638825.57742728
1584,2053,18,419101.3086535431,6572.0670651178025,LA,LOUISIANA,0.1851638,77602390.89526293
1585,2053,19,0.0,0.0,ME,MAINE,0.1851638,0.0
1586,2053,20,0.0,0.0,MD,MARYLAND,0.1851638,0.0
1587,2053,21,0.0,0.0,MA,MASSACHUSETTS,0.1851638,0.0
1588,2053,22,166676.8175232431,1694.2326270005572,MI,MICHIGAN,0.1851638,30862512.90451028
1589,2053,23,1992074.85304569,26949.08664971581,MN,MINNESOTA,0.1851638,368860149.6743815
1590,2053,24,478401.3837198877,7201.446959641548,MS,MISSISSIPPI,0.1851638,88582618.13483253
1591,2053,25,1470878.3465400515,16091.25285045453,MO,MISSOURI,0.1851638,272353423.98307276
1592,2053,26,647247.1049715802,19629.492614130137,MT,MONTANA,0.1851638,119846733.49553668
1593,2053,27,1284770.9230116282,13654.76538987417,NE,NEBRASKA,0.1851638,237893066.2343405
1594,2053,28,0.0,0.0,NV,NEVADA,0.1851638,0.0
1595,2053,29,0.0,0.0,NH,NEW HAMPSHIRE,0.1851638,0.0
1596,2053,30,818.8975357770123,14.405869569558613,NJ,NEW JERSEY,0.1851638,151630.17953510754
1597,2053,31,0.0,0.0,NM,NEW MEXICO,0.1851638,0.0
1598,2053,32,8668.931156165097,104.83559093598798,NY,NEW YORK,0.1851638,1605172.2348139228
1599,2053,33,0.0,0.0,NC,NORTH CAROLINA,0.1851638,0.0
1600,2053,34,96022.62356182716,1684.2756695828882,ND,NORTH DAKOTA,0.1851638,17779913.864677448
1601,2053,35,39809.40809718342,1628.9005713442357,OH,OHIO,0.1851638,7371261.279025251
1602,2053,36,76738.36051646678,1643.5942694322173,OK,OKLAHOMA,0.1851638,14209166.43899895
1603,2053,37,0.0,0.0,OR,OREGON,0.1851638,0.0
1604,2053,38,28632.811115837227,382.15502603698286,PA,PENNSYLVANIA,0.1851638,5301760.110890661
1605,2053,39,0.0,0.0,RI,RHODE ISLAND,0.1851638,0.0
1606,2053,40,0.0,0.0,SC,SOUTH CAROLINA,0.1851638,0.0
1607,2053,41,1230270.2745662716,14957.579745760311,SD,SOUTH DAKOTA,0.1851638,227801519.06573418
1608,2053,42,127580.40425304342,1283.5886099899428,TN,TENNESSEE,0.1851638,23623272.45702968
1609,2053,43,52055.80347134211,1937.323981291447,TX,TEXAS,0.1851638,9638850.382806895
1610,2053,44,0.0,0.0,UT,UTAH,0.1851638,0.0
1611,2053,45,0.0,0.0,VT,VERMONT,0.1851638,0.0
1612,2053,46,0.0,0.0,VA,VIRGINIA,0.1851638,0.0
1613,2053,47,0.0,0.0,WA,WASHINGTON,0.1851638,0.0
1614,2053,48,0.0,0.0,WV,WEST VIRGINIA,0.1851638,0.0
1615,2053,49,230879.86591971072,3088.24618375171,WI,WISCONSIN,0.1851638,42750593.31718413
1616,2053,50,330658.6759742425,15626.03348981183,WY,WYOMING,0.1851638,61226016.94635944
1617,2054,0,26152.449877576026,379.4841633740963,AL,ALABAMA,0.1897294,4961888.6238025725
1618,2054,2,0.0,0.0,AZ,ARIZONA,0.1897294,0.0
1619,2054,3,135229.77074578794,3194.5521685774297,AR,ARKANSAS,0.1897294,25657063.2657359
1620,2054,4,0.0,0.0,CA,CALIFORNIA,0.1897294,0.0
1621,2054,5,61309.93374138123,975.5775412583788,CO,COLORADO,0.1897294,11632296.942792017
1622,2054,6,0.0,0.0,CT,CONNECTICUT,0.1897294,0.0
1623,2054,7,0.0,0.0,DE,DELAWARE,0.1897294,0.0
1624,2054,8,0.0,0.0,DC,DISTRICT OF COLUMBIA,0.1897294,0.0
1625,2054,9,0.0,0.0,FL,FLORIDA,0.1897294,0.0
1626,2054,10,6039.971748658381,106.09929722168845,GA,GEORGIA,0.1897294,1145960.2158899056
1627,2054,12,0.0,0.0,ID,IDAHO,0.1897294,0.0
1628,2054,13,2680148.4029036155,25504.89344030394,IL,ILLINOIS,0.1897294,508502948.3938612
1629,2054,14,271498.83521280845,2731.880559315396,IN,INDIANA,0.1897294,51511311.10562501
1630,2054,15,4808845.5240321215,38090.51322690526,IA,IOWA,0.1897294,912379375.9672999
1631,2054,16,851222.909385085,7086.13437794604,KS,KANSAS,0.1897294,161502011.86388654
1632,2054,17,17348.22253423547,94.79564087487236,KY,KENTUCKY,0.1897294,3291467.852486975
1633,2054,18,43664.16962056948,1237.2927106048485,LA,LOUISIANA,0.1897294,8284376.703608875
1634,2054,19,0.0,0.0,ME,MAINE,0.1897294,0.0
1635,2054,20,63895.930417850366,299.0896182162655,MD,MARYLAND,0.1897294,12122936.540620498
1636,2054,21,0.0,0.0,MA,MASSACHUSETTS,0.1897294,0.0
1637,2054,22,161558.48831401073,1563.4720908784495,MI,MICHIGAN,0.1897294,30652395.05272427
1638,2054,23,1269619.8328040636,13832.50338469206,MN,MINNESOTA,0.1897294,240884209.1060153
1639,2054,24,338848.48800933623,5088.38222541914,MS,MISSISSIPPI,0.1897294,64289520.32091855
1640,2054,25,2862588.668456028,21193.97503256947,MO,MISSOURI,0.1897294,543117230.5129611
1641,2054,26,337030.60492634657,11542.359641635065,MT,MONTANA,0.1897294,63944614.45431277
1642,2054,27,940046.5159691155,12114.05434994078,NE,NEBRASKA,0.1897294,178354461.4469107
1643,2054,28,0.0,0.0,NV,NEVADA,0.1897294,0.0
1644,2054,29,0.0,0.0,NH,NEW HAMPSHIRE,0.1897294,0.0
1645,2054,30,3326.919596466819,52.34222089083969,NJ,NEW JERSEY,0.1897294,631214.4588858916
1646,2054,31,0.0,0.0,NM,NEW MEXICO,0.1897294,0.0
1647,2054,32,30455.255060318374,335.7810706409313,NY,NEW YORK,0.1897294,5778257.269441169
1648,2054,33,11703.604493016195,265.78821135769226,NC,NORTH CAROLINA,0.1897294,2220517.8582972665
1649,2054,34,13442.910118007094,201.1811385000984,ND,NORTH DAKOTA,0.1897294,2550515.270943415
1650,2054,35,25292.64330427802,476.9522715764343,OH,OHIO,0.1897294,4798758.038534686
1651,2054,36,87475.72064475557,1890.669856997943,OK,OKLAHOMA,0.1897294,16596715.992497087
1652,2054,37,0.0,0.0,OR,OREGON,0.1897294,0.0
1653,2054,38,0.0,0.0,PA,PENNSYLVANIA,0.1897294,0.0
1654,2054,39,0.0,0.0,RI,RHODE ISLAND,0.1897294,0.0
1655,2054,40,0.0,0.0,SC,SOUTH CAROLINA,0.1897294,0.0
1656,2054,41,938447.462931242,11229.324489897715,SD,SOUTH DAKOTA,0.1897294,178051074.07346678
1657,2054,42,385107.2298045744,2909.253532888076,TN,TENNESSEE,0.1897294,73066163.646484
1658,2054,43,23427.16472208656,799.1926869570714,TX,TEXAS,0.1897294,4444821.9064226495
1659,2054,44,0.0,0.0,UT,UTAH,0.1897294,0.0
1660,2054,45,0.0,0.0,VT,VERMONT,0.1897294,0.0
1661,2054,46,0.0,0.0,VA,VIRGINIA,0.1897294,0.0
1662,2054,47,0.0,0.0,WA,WASHINGTON,0.1897294,0.0
1663,2054,48,0.0,0.0,WV,WEST VIRGINIA,0.1897294,0.0
1664,2054,49,0.0,0.0,WI,WISCONSIN,0.1897294,0.0
1665,2054,50,429864.2431098862,21861.15436831749,WY,WYOMING,0.1897294,81557884.92669283
1666,2055,0,345566.2695950686,1928.9320288361384,AL,ALABAMA,0.194295,67141798.35097384
1667,2055,2,0.0,0.0,AZ,ARIZONA,0.194295,0.0
1668,2055,3,139109.06961771462,2133.637535531529,AR,ARKANSAS,0.194295,27028196.68137386
1669,2055,4,0.0,0.0,CA,CALIFORNIA,0.194295,0.0
1670,2055,5,96096.67600300614,1500.865558189623,CO,COLORADO,0.194295,18671103.66400408
1671,2055,6,0.0,0.0,CT,CONNECTICUT,0.194295,0.0
1672,2055,7,4659.215942274888,96.34167440427176,DE,DELAWARE,0.194295,905262.3615042993
1673,2055,8,0.0,0.0,DC,DISTRICT OF COLUMBIA,0.194295,0.0
1674,2055,9,17140.291729075434,137.03043901264965,FL,FLORIDA,0.194295,3330272.9815007118
1675,2055,10,110699.98304868944,1026.9723548345466,GA,GEORGIA,0.194295,21508453.206445113
1676,2055,12,0.0,0.0,ID,IDAHO,0.194295,0.0
1677,2055,13,36715.22668464825,630.075859987186,IL,ILLINOIS,0.194295,7133584.968693732
1678,2055,14,867.3427128913737,16.3645042319713,IN,INDIANA,0.194295,168520.35240122944
1679,2055,15,484729.4060663568,6001.977818658856,IA,IOWA,0.194295,94180499.9516628
1680,2055,16,2736.707074054175,35.94549659836423,KS,KANSAS,0.194295,531728.5009533559
1681,2055,17,6203.597934959738,39.3327240502796,KY,KENTUCKY,0.194295,1205328.0607730024
1682,2055,18,448794.41640707967,5973.50575883022,LA,LOUISIANA,0.194295,87198511.13581355
1683,2055,19,0.0,0.0,ME,MAINE,0.194295,0.0
1684,2055,20,13516.67790839568,69.93096312555441,MD,MARYLAND,0.194295,2626222.934211739
1685,2055,21,0.0,0.0,MA,MASSACHUSETTS,0.194295,0.0
1686,2055,22,6824.049254474792,135.4002529162527,MI,MICHIGAN,0.194295,1325878.6498981798
1687,2055,23,265073.4029392255,5061.046197831282,MN,MINNESOTA,0.194295,51502436.82407682
1688,2055,24,260645.7019108566,2594.0090378392742,MS,MISSISSIPPI,0.194295,50642156.65276988
1689,2055,25,3797.158158127053,200.5131656764848,MO,MISSOURI,0.194295,737768.8443332958
1690,2055,26,684163.9727167612,19938.30863605994,MT,MONTANA,0.194295,132929639.0790031
1691,2055,27,363067.9246433993,6384.395283249983,NE,NEBRASKA,0.194295,70542282.41858926
1692,2055,28,0.0,0.0,NV,NEVADA,0.194295,0.0
1693,2055,29,0.0,0.0,NH,NEW HAMPSHIRE,0.194295,0.0
1694,2055,30,2634.76917393168,41.367116835875294,NJ,NEW JERSEY,0.194295,511922.4766490558
1695,2055,31,0.0,0.0,NM,NEW MEXICO,0.194295,0.0
1696,2055,32,49014.27527288785,547.7611325921469,NY,NEW YORK,0.194295,9523228.614145745
1697,2055,33,249652.32830202748,2781.173897460467,NC,NORTH CAROLINA,0.194295,48506199.127442434
1698,2055,34,3914.91819264691,138.37794524452997,ND,NORTH DAKOTA,0.194295,760649.0302403313
1699,2055,35,33162.316670494445,361.483160399534,OH,OHIO,0.194295,6443272.317493718
1700,2055,36,0.0,0.0,OK,OKLAHOMA,0.194295,0.0
1701,2055,37,0.0,0.0,OR,OREGON,0.194295,0.0
1702,2055,38,2901.5586639413746,34.31043731593115,PA,PENNSYLVANIA,0.194295,563758.3406104894
1703,2055,39,0.0,0.0,RI,RHODE ISLAND,0.194295,0.0
1704,2055,40,483935.41408446775,3855.0787387719774,SC,SOUTH CAROLINA,0.194295,94026231.27954166
1705,2055,41,416744.47983899503,7162.897565449286,SD,SOUTH DAKOTA,0.194295,80971368.71031754
1706,2055,42,345725.7695222787,2366.531944806204,TN,TENNESSEE,0.194295,67172788.38933113
1707,2055,43,3022.1594006265386,74.0830862197919,TX,TEXAS,0.194295,587190.4607447333
1708,2055,44,0.0,0.0,UT,UTAH,0.194295,0.0
1709,2055,45,0.0,0.0,VT,VERMONT,0.194295,0.0
1710,2055,46,0.0,0.0,VA,VIRGINIA,0.194295,0.0
1711,2055,47,0.0,0.0,WA,WASHINGTON,0.194295,0.0
1712,2055,48,0.0,0.0,WV,WEST VIRGINIA,0.194295,0.0
1713,2055,49,7117.418869990552,360.28944933810703,WI,WISCONSIN,0.194295,1382878.8993448142
1714,2055,50,632354.3675032831,25741.3167033391,WY,WYOMING,0.194295,122863291.83405037
