Year,state_id,Production_Loss(ton),Area_Loss(km^2),State_Code,State_Name,Price,Financial_Loss($)
2021,0,2984.2022309522777,63.33687989098446,AL,ALABAMA,0.069494,207384.1498377976
2021,2,3.5898417324569567,16.41813814975404,AZ,ARIZONA,0.069494,249.47246135536375
2021,3,15152.501675845591,283.44717410821664,AR,ARKANSAS,0.069494,1053007.9514612136
2021,4,1570.4428664029658,72.4818753806212,CA,CALIFORNIA,0.069494,109136.3565578077
2021,5,683411.8180815162,11136.235040132564,CO,COLORADO,0.069494,47493020.88575688
2021,6,0.0,0.0,CT,CONNECTICUT,0.069494,0.0
2021,7,2873.614396881578,36.804541289627565,DE,DELAWARE,0.069494,199698.9588968884
2021,8,0.0,0.0,DC,DISTRICT OF COLUMBIA,0.069494,0.0
2021,9,343.9695954709385,2.5033583748442982,FL,FLORIDA,0.069494,23903.8230676574
2021,10,4346.021838251211,62.958136817035765,GA,GEORGIA,0.069494,302022.4416274296
2021,12,69381.8446292824,2181.2892970766507,ID,IDAHO,0.069494,4821621.910667351
2021,13,84710.90297518442,1311.185943997583,IL,ILLINOIS,0.069494,5886899.491357466
2021,14,82391.76337530714,816.6097482307654,IN,INDIANA,0.069494,5725733.204003595
2021,15,784.3894268285796,4.204301874686038,IA,IOWA,0.069494,54510.35882802531
2021,16,6053433.443214274,29716.23065081723,KS,KANSAS,0.069494,420677303.7027328
2021,17,21561.53276866577,656.7540811338439,KY,KENTUCKY,0.069494,1498397.1582256588
2021,18,2381.73649376538,54.89489066594352,LA,LOUISIANA,0.069494,165516.39589773133
2021,19,0.0,0.0,ME,MAINE,0.069494,0.0
2021,20,8176.291151232045,173.3957308602617,MD,MARYLAND,0.069494,568203.1772637197
2021,21,0.0,0.0,MA,MASSACHUSETTS,0.069494,0.0
2021,22,21689.91662551921,58.26024540755285,MI,MICHIGAN,0.069494,1507319.0659738318
2021,23,1317208.7015566267,4960.740711801999,MN,MINNESOTA,0.069494,91538101.50597623
2021,24,1965.9933971649516,32.907712891534224,MS,MISSISSIPPI,0.069494,136624.74514258115
2021,25,36437.26442748256,478.5443904730988,MO,MISSOURI,0.069494,2532171.254123473
2021,26,5252893.66013239,32553.95262916328,MT,MONTANA,0.069494,365044592.0172403
2021,27,551871.9472127086,3911.654260608774,NE,NEBRASKA,0.069494,38351789.09959997
2021,28,8260.69124140028,1023.4041102084478,NV,NEVADA,0.069494,574068.477129871
2021,29,0.0,0.0,NH,NEW HAMPSHIRE,0.069494,0.0
2021,30,1133.6846588007045,21.80476286253572,NJ,NEW JERSEY,0.069494,78784.28167869615
2021,31,33372.39025344277,605.6062827264335,NM,NEW MEXICO,0.069494,2319180.8882727516
2021,32,0.0,0.0,NY,NEW YORK,0.069494,0.0
2021,33,36427.33963884985,840.5910639546532,NC,NORTH CAROLINA,0.069494,2531481.540862232
2021,34,9423782.431109156,34613.40240443732,ND,NORTH DAKOTA,0.069494,654896336.2674997
2021,35,188186.07270308613,1407.0643421231607,OH,OHIO,0.069494,13077802.936428268
2021,36,2267029.485924322,12153.233342137704,OK,OKLAHOMA,0.069494,157544947.09482485
2021,37,1248501.4175851273,6285.20653944986,OR,OREGON,0.069494,86763357.51366083
2021,38,441.2031693104668,7.596671793757633,PA,PENNSYLVANIA,0.069494,30660.97304806158
2021,39,0.0,0.0,RI,RHODE ISLAND,0.069494,0.0
2021,40,10249.287587193616,470.2358021625353,SC,SOUTH CAROLINA,0.069494,712263.9915844331
2021,41,2285612.523940582,14344.218377542027,SD,SOUTH DAKOTA,0.069494,158836356.7387268
2021,42,17029.24098139952,212.5241200682742,TN,TENNESSEE,0.069494,1183430.072761378
2021,43,1146528.04091069,6491.5842997934005,TX,TEXAS,0.069494,79676819.6750475
2021,44,16357.510990241351,1516.2193266488002,UT,UTAH,0.069494,1136748.8687558323
2021,45,0.0,0.0,VT,VERMONT,0.069494,0.0
2021,46,5860.285252276617,103.46706418690128,VA,VIRGINIA,0.069494,407254.66332171124
2021,47,1495146.1861283677,13652.405334016526,WA,WASHINGTON,0.069494,103903689.05880478
2021,48,190.4689412065032,5.960062326837585,WV,WEST VIRGINIA,0.069494,13236.448600204732
2021,49,37396.499132948185,189.0152481284587,WI,WISCONSIN,0.069494,2598832.310745101
2021,50,73623.0901521622,1054.8630109337164,WY,WYOMING,0.069494,5116363.02703436
2022,0,1318.9893948040144,21.99655421841454,AL,ALABAMA,0.0683717,90181.54720472162
2022,2,4.378069626403491,20.023097761008724,AZ,ARIZONA,0.0683717,299.3360630755715
2022,3,59071.080908770346,609.159819516337,AR,ARKANSAS,0.0683717,4038790.222570173
2022,4,2626.720283707941,122.95089788779904,CA,CALIFORNIA,0.0683717,179593.3312215942
2022,5,492872.4509010855,10469.51819761721,CO,COLORADO,0.0683717,33698527.351273745
2022,6,0.0,0.0,CT,CONNECTICUT,0.0683717,0.0
2022,7,153.76574549650718,4.86406597112163,DE,DELAWARE,0.0683717,10513.225421363539
2022,8,0.0,0.0,DC,DISTRICT OF COLUMBIA,0.0683717,0.0
2022,9,0.0,0.0,FL,FLORIDA,0.0683717,0.0
2022,10,72.80283204456323,1.8561302206649577,GA,GEORGIA,0.0683717,4977.653391701263
2022,12,46755.547249196345,1543.0344256468372,ID,IDAHO,0.0683717,3196756.2498578774
2022,13,3374.79687129245,25.632645688541004,IL,ILLINOIS,0.0683717,230740.59924494597
2022,14,1278.229364965151,19.968287893922685,IN,INDIANA,0.0683717,87394.71467258781
2022,15,0.0,0.0,IA,IOWA,0.0683717,0.0
2022,16,2345521.6533372025,10621.709170222552,KS,KANSAS,0.0683717,160367302.8254752
2022,17,10751.025115017748,387.1657068461398,KY,KENTUCKY,0.0683717,735065.8638564588
2022,18,28377.86664719149,205.7001248660873,LA,LOUISIANA,0.0683717,1940242.9850417823
2022,19,0.0,0.0,ME,MAINE,0.0683717,0.0
2022,20,358.76768954272114,8.64237105020963,MD,MARYLAND,0.0683717,24529.556839108063
2022,21,0.0,0.0,MA,MASSACHUSETTS,0.0683717,0.0
2022,22,45552.87572578977,123.68053650847112,MI,MICHIGAN,0.0683717,3114527.55326098
2022,23,426813.32757263153,1390.7343069238882,MN,MINNESOTA,0.0683717,29181952.788797688
2022,24,18079.32614434609,125.71662355724752,MS,MISSISSIPPI,0.0683717,1236114.2633433875
2022,25,791.289193870627,8.102692569569882,MO,MISSOURI,0.0683717,54101.78737656434
2022,26,1351852.5876698296,15523.66018083392,MT,MONTANA,0.0683717,92428459.56838527
2022,27,382026.48705582425,2662.26718753204,NE,NEBRASKA,0.0683717,26119800.3650347
2022,28,4992.719674764196,619.8083702256731,NV,NEVADA,0.0683717,341360.7317870751
2022,29,0.0,0.0,NH,NEW HAMPSHIRE,0.0683717,0.0
2022,30,42.10352454129211,2.3559271659954493,NJ,NEW JERSEY,0.0683717,2878.6895488798614
2022,31,3646.282029160251,147.79771750964036,NM,NEW MEXICO,0.0683717,249302.50101313592
2022,32,0.0,0.0,NY,NEW YORK,0.0683717,0.0
2022,33,8687.117728564512,107.01445181910844,NC,NORTH CAROLINA,0.0683717,593953.0072020942
2022,34,2250711.104579593,9185.731921017974,ND,NORTH DAKOTA,0.0683717,153884944.42898455
2022,35,12835.047860531562,152.6742109992324,OH,OHIO,0.0683717,877554.0418059058
2022,36,442529.76460752776,2062.7940974524845,OK,OKLAHOMA,0.0683717,30256512.3068165
2022,37,1168168.2391597987,5849.626557683999,OR,OREGON,0.0683717,79869648.397362
2022,38,222.97360397613335,13.07484182237484,PA,PENNSYLVANIA,0.0683717,15245.084358974995
2022,39,0.0,0.0,RI,RHODE ISLAND,0.0683717,0.0
2022,40,3074.627667784913,45.62954812236033,SC,SOUTH CAROLINA,0.0683717,210217.52051348973
2022,41,450519.5474494888,3090.9312686525,SD,SOUTH DAKOTA,0.0683717,30802787.342352208
2022,42,8953.677036108069,91.3385780453536,TN,TENNESSEE,0.0683717,612178.12020967
2022,43,502104.2717863692,4135.251916415512,TX,TEXAS,0.0683717,34329722.6392961
2022,44,9471.891874659212,863.1029716950588,UT,UTAH,0.0683717,647609.3496866372
2022,45,0.0,0.0,VT,VERMONT,0.0683717,0.0
2022,46,0.0,0.0,VA,VIRGINIA,0.0683717,0.0
2022,47,1830896.222961709,16667.913549530596,WA,WASHINGTON,0.0683717,125181487.28747107
2022,48,44.49002599458414,2.716006731048962,WV,WEST VIRGINIA,0.0683717,3041.858710293908
2022,49,1786.523339560753,9.32655532439188,WI,WISCONSIN,0.0683717,122147.63781544592
2022,50,99216.39312401516,1635.0776374362802,WY,WYOMING,0.0683717,6783593.465757227
2023,0,0.0,0.0,AL,ALABAMA,0.0672494,0.0
2023,2,2.267446280722384,10.370163661384325,AZ,ARIZONA,0.0672494,152.4844019108119
2023,3,0.0,0.0,AR,ARKANSAS,0.0672494,0.0
2023,4,350.98099186154656,16.199099666289776,CA,CALIFORNIA,0.0672494,23603.261114093886
2023,5,283665.30417039886,5145.838783927304,CO,COLORADO,0.0672494,19076321.50627682
2023,6,0.0,0.0,CT,CONNECTICUT,0.0672494,0.0
2023,7,0.0,0.0,DE,DELAWARE,0.0672494,0.0
2023,8,0.0,0.0,DC,DISTRICT OF COLUMBIA,0.0672494,0.0
2023,9,0.0,0.0,FL,FLORIDA,0.0672494,0.0
2023,10,0.0,0.0,GA,GEORGIA,0.0672494,0.0
2023,12,14084.943628739513,511.5612756481669,ID,IDAHO,0.0672494,947204.008066555
2023,13,0.0,0.0,IL,ILLINOIS,0.0672494,0.0
2023,14,8724.162053831882,171.32069497863165,IN,INDIANA,0.0672494,586694.6636229618
2023,15,0.0,0.0,IA,IOWA,0.0672494,0.0
2023,16,3725316.872429909,16879.072339522954,KS,KANSAS,0.0672494,250525324.48078793
2023,17,0.0,0.0,KY,KENTUCKY,0.0672494,0.0
2023,18,0.0,0.0,LA,LOUISIANA,0.0672494,0.0
2023,19,0.0,0.0,ME,MAINE,0.0672494,0.0
2023,20,0.0,0.0,MD,MARYLAND,0.0672494,0.0
2023,21,0.0,0.0,MA,MASSACHUSETTS,0.0672494,0.0
2023,22,0.0,0.0,MI,MICHIGAN,0.0672494,0.0
2023,23,363725.8264682041,1247.1895312109496,MN,MINNESOTA,0.0672494,24460343.594490845
2023,24,0.0,0.0,MS,MISSISSIPPI,0.0672494,0.0
2023,25,3956.3989718472817,42.23576789810497,MO,MISSOURI,0.0672494,266065.4570173466
2023,26,3013812.720155788,23379.811524373363,MT,MONTANA,0.0672494,202677097.14284465
2023,27,191367.11440479304,1483.003081727743,NE,NEBRASKA,0.0672494,12869323.62345369
2023,28,3044.2898715648585,379.3671094157546,NV,NEVADA,0.0672494,204726.6672888138
2023,29,0.0,0.0,NH,NEW HAMPSHIRE,0.0672494,0.0
2023,30,0.0,0.0,NJ,NEW JERSEY,0.0672494,0.0
2023,31,40025.93924688802,693.9179397929256,NM,NEW MEXICO,0.0672494,2691720.3987896712
2023,32,0.0,0.0,NY,NEW YORK,0.0672494,0.0
2023,33,0.0,0.0,NC,NORTH CAROLINA,0.0672494,0.0
2023,34,2825788.1307575367,11391.982222366429,ND,NORTH DAKOTA,0.0672494,190032556.3205659
2023,35,79097.72001984245,725.8512281912281,OH,OHIO,0.0672494,5319274.2127023935
2023,36,1012342.91267068,4377.452421606214,OK,OKLAHOMA,0.0672494,68079453.47135562
2023,37,1044147.368590917,5740.168800112312,OR,OREGON,0.0672494,70218284.04931802
2023,38,0.0,0.0,PA,PENNSYLVANIA,0.0672494,0.0
2023,39,0.0,0.0,RI,RHODE ISLAND,0.0672494,0.0
2023,40,0.0,0.0,SC,SOUTH CAROLINA,0.0672494,0.0
2023,41,717143.2222956163,4254.624609059363,SD,SOUTH DAKOTA,0.0672494,48227451.413446814
2023,42,0.0,0.0,TN,TENNESSEE,0.0672494,0.0
2023,43,1075197.3728655532,6687.275641144418,TX,TEXAS,0.0672494,72306378.20678473
2023,44,3198.498769410317,291.44092996416,UT,UTAH,0.0672494,215097.12314358217
2023,45,0.0,0.0,VT,VERMONT,0.0672494,0.0
2023,46,0.0,0.0,VA,VIRGINIA,0.0672494,0.0
2023,47,1736678.90582824,16700.249869705254,WA,WASHINGTON,0.0672494,116790614.40960565
2023,48,0.0,0.0,WV,WEST VIRGINIA,0.0672494,0.0
2023,49,899.7814698142802,2.186371355699865,WI,WISCONSIN,0.0672494,60509.76397612845
2023,50,7237.69080419004,99.53742724111088,WY,WYOMING,0.0672494,486730.36396729766
2024,0,641.6144806196723,4.189388881122183,AL,ALABAMA,0.0661271,42428.10492138513
2024,2,3.414097699071255,15.614372960599969,AZ,ARIZONA,0.0661271,225.76437995625477
2024,3,36501.270030488566,267.710675074767,AR,ARKANSAS,0.0661271,2413723.1334331203
2024,4,3249.1992044900594,165.90551469086154,CA,CALIFORNIA,0.0661271,214860.1207152346
2024,5,500862.4888461345,8075.320822413962,CO,COLORADO,0.0661271,33120583.886177216
2024,6,0.0,0.0,CT,CONNECTICUT,0.0661271,0.0
2024,7,0.0,0.0,DE,DELAWARE,0.0661271,0.0
2024,8,0.0,0.0,DC,DISTRICT OF COLUMBIA,0.0661271,0.0
2024,9,53.59424420289525,0.3148957820465288,FL,FLORIDA,0.0661271,3544.0319458292743
2024,10,0.0,0.0,GA,GEORGIA,0.0661271,0.0
2024,12,12284.748351913186,479.087918796926,ID,IDAHO,0.0661271,812354.7827417983
2024,13,4010.016942710388,21.413076362858583,IL,ILLINOIS,0.0661271,265170.7913723041
2024,14,23466.9449370451,75.731728161638,IN,INDIANA,0.0661271,1551801.014546475
2024,15,0.0,0.0,IA,IOWA,0.0661271,0.0
2024,16,6852235.037466902,27255.545860061044,KS,KANSAS,0.0661271,453118431.5460776
2024,17,1534.7087650611018,33.57917962870353,KY,KENTUCKY,0.0661271,101485.83997807196
2024,18,10871.692309758251,60.78430372081492,LA,LOUISIANA,0.0661271,718913.4845366149
2024,19,0.0,0.0,ME,MAINE,0.0661271,0.0
2024,20,0.0,0.0,MD,MARYLAND,0.0661271,0.0
2024,21,0.0,0.0,MA,MASSACHUSETTS,0.0661271,0.0
2024,22,0.0,0.0,MI,MICHIGAN,0.0661271,0.0
2024,23,253941.79705430107,1388.8652615615435,MN,MINNESOTA,0.0661271,16792434.60798947
2024,24,210.16078173225577,0.8618194600971807,MS,MISSISSIPPI,0.0661271,13897.32302968705
2024,25,63.91554967013848,0.4287330494494672,MO,MISSOURI,0.0661271,4226.549944592214
2024,26,5920151.365554312,36491.25468820412,MT,MONTANA,0.0661271,391482441.3651466
2024,27,416400.3001807353,2525.7206449743367,NE,NEBRASKA,0.0661271,27535344.290081497
2024,28,3188.0625637637504,399.03378356484376,NV,NEVADA,0.0661271,210817.33196026186
2024,29,0.0,0.0,NH,NEW HAMPSHIRE,0.0661271,0.0
2024,30,0.0,0.0,NJ,NEW JERSEY,0.0661271,0.0
2024,31,15891.09892881054,412.4087150237389,NM,NEW MEXICO,0.0661271,1050832.2879753474
2024,32,0.0,0.0,NY,NEW YORK,0.0661271,0.0
2024,33,597.010155221321,2.8610704549501245,NC,NORTH CAROLINA,0.0661271,39478.55023533582
2024,34,3360195.305015774,12537.86810841404,ND,NORTH DAKOTA,0.0661271,222199970.95430854
2024,35,7201.794510291722,29.554148537259064,OH,OHIO,0.0661271,476233.78576151165
2024,36,4597652.648471003,18376.403126651727,OK,OKLAHOMA,0.0661271,304029436.4507069
2024,37,875566.1038610057,4596.947353445197,OR,OREGON,0.0661271,57898647.30662711
2024,38,0.0,0.0,PA,PENNSYLVANIA,0.0661271,0.0
2024,39,0.0,0.0,RI,RHODE ISLAND,0.0661271,0.0
2024,40,8068.317139787239,39.62610793948607,SC,SOUTH CAROLINA,0.0661271,533534.4143344247
2024,41,73686.95946024894,535.723981178531,SD,SOUTH DAKOTA,0.0661271,4872704.936923827
2024,42,0.0,0.0,TN,TENNESSEE,0.0661271,0.0
2024,43,3126810.8992915056,19830.86509972469,TX,TEXAS,0.0661271,206766937.01853928
2024,44,1773.5705483195215,162.73734313765578,UT,UTAH,0.0661271,117281.07700577982
2024,45,0.0,0.0,VT,VERMONT,0.0661271,0.0
2024,46,0.0,0.0,VA,VIRGINIA,0.0661271,0.0
2024,47,854522.4407689406,7848.42722289456,WA,WASHINGTON,0.0661271,56507090.892971806
2024,48,0.0,0.0,WV,WEST VIRGINIA,0.0661271,0.0
2024,49,3235.327936081369,7.07324647996798,WI,WISCONSIN,0.0661271,213942.85396204627
2024,50,24658.35678651254,343.1654305753529,WY,WYOMING,0.0661271,1630585.6250573932
2025,0,1808.0793224948789,67.63982247587498,AL,ALABAMA,0.0650048,117533.8347429151
2025,2,0.5001797948836961,2.287571872004423,AZ,ARIZONA,0.0650048,32.51408753045569
2025,3,52598.53588155621,324.49335311586526,AR,ARKANSAS,0.0650048,3419157.305273385
2025,4,3872.727542288498,194.14159691705515,CA,CALIFORNIA,0.0650048,251745.87934095538
2025,5,673828.016394831,10949.0275680819,CO,COLORADO,0.0650048,43802055.44014271
2025,6,0.0,0.0,CT,CONNECTICUT,0.0650048,0.0
2025,7,6783.808603478059,77.57057173666468,DE,DELAWARE,0.0650048,440980.12150737055
2025,8,0.0,0.0,DC,DISTRICT OF COLUMBIA,0.0650048,0.0
2025,9,613.0367453423787,9.13852813355546,FL,FLORIDA,0.0650048,39850.331023632265
2025,10,58815.265463865246,722.0940319628619,GA,GEORGIA,0.0650048,3823274.5684254672
2025,12,73465.43910457248,2344.841093378128,ID,IDAHO,0.0650048,4775606.175904913
2025,13,4080.34418678856,19.88493660456367,IL,ILLINOIS,0.0650048,265241.957793353
2025,14,8452.348878432862,90.73531065787252,IN,INDIANA,0.0650048,549443.2483727526
2025,15,0.0,0.0,IA,IOWA,0.0650048,0.0
2025,16,4935919.997087327,19394.484595459217,KS,KANSAS,0.0650048,320858492.2266623
2025,17,1647.0571597646351,16.6477658921635,KY,KENTUCKY,0.0650048,107066.62125906815
2025,18,65394.07055843126,364.2350386726228,LA,LOUISIANA,0.0650048,4250928.477836712
2025,19,0.0,0.0,ME,MAINE,0.0650048,0.0
2025,20,8813.850774671933,107.69036317124616,MD,MARYLAND,0.0650048,572942.6068373941
2025,21,0.0,0.0,MA,MASSACHUSETTS,0.0650048,0.0
2025,22,14471.743951954675,61.23488997359865,MI,MICHIGAN,0.0650048,940732.8212480233
2025,23,32380.513350646343,166.29712719847345,MN,MINNESOTA,0.0650048,2104888.7942560953
2025,24,3077.9725397868306,21.38698554040659,MS,MISSISSIPPI,0.0650048,200082.98935433498
2025,25,697.7755353636827,12.434689483407167,MO,MISSOURI,0.0650048,45358.75912120912
2025,26,6245105.708586564,39036.072946035485,MT,MONTANA,0.0650048,405961847.5655279
2025,27,677558.77052414,4381.718443779955,NE,NEBRASKA,0.0650048,44044572.36616762
2025,28,4055.1948667377055,503.6541893532932,NV,NEVADA,0.0650048,263607.1312733112
2025,29,0.0,0.0,NH,NEW HAMPSHIRE,0.0650048,0.0
2025,30,411.07521909738034,10.92113282119635,NJ,NEW JERSEY,0.0650048,26721.86240238139
2025,31,3431.595152806321,64.561890682896,NM,NEW MEXICO,0.0650048,223070.15658914435
2025,32,0.0,0.0,NY,NEW YORK,0.0650048,0.0
2025,33,16117.04200853917,339.15729237123804,NC,NORTH CAROLINA,0.0650048,1047685.0923566871
2025,34,4064630.1458357214,14988.837263952122,ND,NORTH DAKOTA,0.0650048,264220469.7040219
2025,35,21528.96232149669,176.59268764592375,OH,OHIO,0.0650048,1399485.889916428
2025,36,411234.4672960399,1835.190848792752,OK,OKLAHOMA,0.0650048,26732214.299685616
2025,37,1641231.7469697923,7779.917745643605,OR,OREGON,0.0650048,106687941.46542196
2025,38,76.0473974629024,2.560679073091839,PA,PENNSYLVANIA,0.0650048,4943.445862596478
2025,39,0.0,0.0,RI,RHODE ISLAND,0.0650048,0.0
2025,40,14299.711249516702,235.07379853758005,SC,SOUTH CAROLINA,0.0650048,929549.8698325832
2025,41,1807136.5124885384,9654.18231490918,SD,SOUTH DAKOTA,0.0650048,117472547.56701495
2025,42,16848.436298624492,180.3372033687761,TN,TENNESSEE,0.0650048,1095229.2319048254
2025,43,59470.55252607968,672.0390025419463,TX,TEXAS,0.0650048,3865871.372847304
2025,44,11159.561378961156,1055.6023605315963,UT,UTAH,0.0650048,725425.0555270943
2025,45,0.0,0.0,VT,VERMONT,0.0650048,0.0
2025,46,6322.018480217717,140.48907127332572,VA,VIRGINIA,0.0650048,410961.5469028567
2025,47,2028406.0279828864,17706.559363570563,WA,WASHINGTON,0.0650048,131856128.16782193
2025,48,0.0,0.0,WV,WEST VIRGINIA,0.0650048,0.0
2025,49,10838.578655724436,29.40862959823349,WI,WISCONSIN,0.0650048,704559.6377996359
2025,50,63176.23820598952,1321.8386250974431,WY,WYOMING,0.0650048,4106758.7293327074
2026,0,1853.9753854784683,73.30426847875856,AL,ALABAMA,0.06521476,120906.55980988579
2026,2,3.1051309225994776,14.201313667780957,AZ,ARIZONA,0.06521476,202.5003678859035
2026,3,7143.248964367129,106.930880635572,AR,ARKANSAS,0.06521476,465845.26683145086
2026,4,1186.295143388535,56.12166724810017,CA,CALIFORNIA,0.06521476,77363.9530652489
2026,5,260392.7857696913,7027.2106641535565,CO,COLORADO,0.06521476,16981453.029701833
2026,6,0.0,0.0,CT,CONNECTICUT,0.06521476,0.0
2026,7,20745.35629292163,99.89751265042769,DE,DELAWARE,0.06521476,1352903.431757374
2026,8,0.0,0.0,DC,DISTRICT OF COLUMBIA,0.06521476,0.0
2026,9,11.080578914029628,0.3148642842862668,FL,FLORIDA,0.06521476,722.6172945395027
2026,10,6015.829776347367,73.04405100367626,GA,GEORGIA,0.06521476,392320.8950653472
2026,12,50189.89909729052,1753.2738789058335,ID,IDAHO,0.06521476,3273122.224054018
2026,13,9239.872178656116,82.27729561949702,IL,ILLINOIS,0.06521476,602576.0465617357
2026,14,49735.133196149225,399.337830460334,IN,INDIANA,0.06521476,3243464.7749549043
2026,15,0.0,0.0,IA,IOWA,0.06521476,0.0
2026,16,2222663.620664057,19589.32039703999,KS,KANSAS,0.06521476,144950474.5823375
2026,17,31643.07747003537,863.2520125439464,KY,KENTUCKY,0.06521476,2063595.7028697638
2026,18,2975.769359249526,81.77225405088376,LA,LOUISIANA,0.06521476,194064.08457881163
2026,19,0.0,0.0,ME,MAINE,0.06521476,0.0
2026,20,34331.67433525637,212.61436091782903,MD,MARYLAND,0.06521476,2238931.9021719038
2026,21,0.0,0.0,MA,MASSACHUSETTS,0.06521476,0.0
2026,22,2571.934480581541,5.385558043877197,MI,MICHIGAN,0.06521476,167728.08988684983
2026,23,167517.549350236,1063.5661354478086,MN,MINNESOTA,0.06521476,10924616.776663795
2026,24,4297.527230795208,71.18086694227549,MS,MISSISSIPPI,0.06521476,280262.2069497741
2026,25,2452.881370530617,55.72783776854928,MO,MISSOURI,0.06521476,159964.06988762526
2026,26,3481981.709253313,24291.170306993645,MT,MONTANA,0.06521476,227076601.49334458
2026,27,71324.46716259801,885.1556602126645,NE,NEBRASKA,0.06521476,4651408.00813671
2026,28,4039.145710877838,503.3316782348791,NV,NEVADA,0.06521476,263411.9181399276
2026,29,0.0,0.0,NH,NEW HAMPSHIRE,0.06521476,0.0
2026,30,263.7538918379289,4.3183908360457135,NJ,NEW JERSEY,0.06521476,17200.64675527649
2026,31,2362.605963373274,60.59267129445245,NM,NEW MEXICO,0.06521476,154076.78087595684
2026,32,0.0,0.0,NY,NEW YORK,0.06521476,0.0
2026,33,31199.34849847295,607.1470457872052,NC,NORTH CAROLINA,0.06521476,2034658.0244842737
2026,34,780840.6111796681,5924.643849590362,ND,NORTH DAKOTA,0.06521476,50922333.05633537
2026,35,101432.51216568204,914.6063489720808,OH,OHIO,0.06521476,6614896.937082035
2026,36,111445.5979487812,2288.540536140382,OK,OKLAHOMA,0.06521476,7267897.923286258
2026,37,1463316.4562426591,7342.961364899261,OR,OREGON,0.06521476,95429831.4979155
2026,38,1119.627935270705,33.25848767351286,PA,PENNSYLVANIA,0.06521476,73016.26708797456
2026,39,0.0,0.0,RI,RHODE ISLAND,0.06521476,0.0
2026,40,16472.865442573846,320.3759056954027,SC,SOUTH CAROLINA,0.06521476,1074273.966349747
2026,41,16232.603310196082,195.48791937935076,SD,SOUTH DAKOTA,0.06521476,1058605.329049643
2026,42,28297.79878294882,357.6882160304794,TN,TENNESSEE,0.06521476,1845434.1561582992
2026,43,5417.346819833214,332.8326009083446,TX,TEXAS,0.06521476,353290.97269218625
2026,44,7837.3794005890895,716.8654716852176,UT,UTAH,0.06521476,511112.8166383613
2026,45,0.0,0.0,VT,VERMONT,0.06521476,0.0
2026,46,21358.73442498492,178.2048867847685,VA,VIRGINIA,0.06521476,1392904.7394291295
2026,47,2143577.2491813703,18707.3251435443,WA,WASHINGTON,0.06521476,139792875.84682325
2026,48,308.3209683935028,17.94458315166651,WV,WEST VIRGINIA,0.06521476,20107.077956749872
2026,49,2909.554362160502,12.652417507942763,WI,WISCONSIN,0.06521476,189745.8894352502
2026,50,9214.863441156143,118.0782162454325,WY,WYOMING,0.06521476,600945.107747772
2027,0,927.4453311315096,42.46137542835036,AL,ALABAMA,0.06542472,60677.851104586305
2027,2,4.130072653073801,18.88888381167648,AZ,ARIZONA,0.06542472,270.2088469070105
2027,3,113579.06612578238,1388.7303897282218,AR,ARKANSAS,0.06542472,7430878.599140798
2027,4,1922.745994504689,95.11457847047956,CA,CALIFORNIA,0.06542472,125795.11832159082
2027,5,425179.0528539264,8338.062805305832,CO,COLORADO,0.06542472,27817220.482833337
2027,6,0.0,0.0,CT,CONNECTICUT,0.06542472,0.0
2027,7,0.0,0.0,DE,DELAWARE,0.06542472,0.0
2027,8,0.0,0.0,DC,DISTRICT OF COLUMBIA,0.06542472,0.0
2027,9,0.0,0.0,FL,FLORIDA,0.06542472,0.0
2027,10,63.11843032873945,2.2285944813642917,GA,GEORGIA,0.06542472,4129.505631097287
2027,12,67409.21555191572,2434.6282565822844,ID,IDAHO,0.06542472,4410229.052903732
2027,13,137880.39761544418,1462.783437003891,IL,ILLINOIS,0.06542472,9020786.407479104
2027,14,118901.2557173604,913.7807602715166,IN,INDIANA,0.06542472,7779081.362956705
2027,15,0.0,0.0,IA,IOWA,0.06542472,0.0
2027,16,707120.2155553445,2962.363560636865,KS,KANSAS,0.06542472,46263142.10904806
2027,17,16447.401919615506,607.4552699299496,KY,KENTUCKY,0.06542472,1076066.665318307
2027,18,409.1478173981676,7.783497829683679,LA,LOUISIANA,0.06542472,26768.381391886247
2027,19,0.0,0.0,ME,MAINE,0.06542472,0.0
2027,20,0.0,0.0,MD,MARYLAND,0.06542472,0.0
2027,21,0.0,0.0,MA,MASSACHUSETTS,0.06542472,0.0
2027,22,55264.7202785708,173.3426506923391,MI,MICHIGAN,0.06542472,3615678.850103817
2027,23,1634224.9192051005,4861.103578788948,MN,MINNESOTA,0.06542472,106918707.75601633
2027,24,1230.3018417569058,24.006262864670216,MS,MISSISSIPPI,0.06542472,80492.15351242988
2027,25,75571.24080290756,650.8070991495142,MO,MISSOURI,0.06542472,4944227.269582802
2027,26,3889558.480977092,31268.37877623712,MT,MONTANA,0.06542472,254473274.5415516
2027,27,265337.481305126,2243.031542786178,NE,NEBRASKA,0.06542472,17359630.419893105
2027,28,5198.890086129325,645.0059703074435,NV,NEVADA,0.06542472,340135.928195787
2027,29,0.0,0.0,NH,NEW HAMPSHIRE,0.06542472,0.0
2027,30,187.69639972284207,3.2965968016209786,NJ,NEW JERSEY,0.06542472,12279.984396875021
2027,31,192.2179464492842,3.3136697745616117,NM,NEW MEXICO,0.06542472,12575.805325419415
2027,32,1773.1898434816908,19.56199247151349,NY,NEW YORK,0.06542472,116010.44901663346
2027,33,898.3841539734345,7.267728510366415,NC,NORTH CAROLINA,0.06542472,58776.53172614885
2027,34,6105538.1892563775,24807.413685921667,ND,NORTH DAKOTA,0.06542472,399453126.4814055
2027,35,115005.81456767907,1575.2749925899589,OH,OHIO,0.06542472,7524223.216462325
2027,36,684509.4025523075,3081.747459127218,OK,OKLAHOMA,0.06542472,44783835.99935201
2027,37,1755490.5303039993,8594.727289930821,OR,OREGON,0.06542472,114852476.40779069
2027,38,1476.6793578452016,48.71845935194599,PA,PENNSYLVANIA,0.06542472,96611.33351680213
2027,39,0.0,0.0,RI,RHODE ISLAND,0.06542472,0.0
2027,40,1521.678470825571,7.543521528346827,SC,SOUTH CAROLINA,0.06542472,99555.38788379115
2027,41,1068472.9184833406,6364.484589332922,SD,SOUTH DAKOTA,0.06542472,69904541.51935539
2027,42,21600.37408382372,300.2281704488411,TN,TENNESSEE,0.06542472,1413198.4263294237
2027,43,594884.0782171708,4299.645081098693,TX,TEXAS,0.06542472,38920124.24981651
2027,44,13263.77905793964,1274.1147935009697,UT,UTAH,0.06542472,867779.0310075649
2027,45,0.0,0.0,VT,VERMONT,0.06542472,0.0
2027,46,406.4958642480413,7.640861363578693,VA,VIRGINIA,0.06542472,26594.878099586116
2027,47,2255479.475286533,19703.95491144759,WA,WASHINGTON,0.06542472,147564113.13636836
2027,48,0.0,0.0,WV,WEST VIRGINIA,0.06542472,0.0
2027,49,22264.740964812805,83.58000622324107,WI,WISCONSIN,0.06542472,1456664.4434954077
2027,50,45907.19017634912,617.9257336290437,WY,WYOMING,0.06542472,3003465.063274392
2028,0,15279.09158548902,150.56544458344194,AL,ALABAMA,0.06563468,1002838.2869042646
2028,2,2.2674462077199817,10.370163327507898,AZ,ARIZONA,0.06563468,148.82310626091453
2028,3,525114.143423466,2788.460859013548,AR,ARKANSAS,0.06563468,34465698.767073296
2028,4,3144.190133222378,157.0163685919852,CA,CALIFORNIA,0.06563468,206367.91325320816
2028,5,408802.2991784029,6922.688109755169,CO,COLORADO,0.06563468,26831608.08983874
2028,6,0.0,0.0,CT,CONNECTICUT,0.06563468,0.0
2028,7,9879.5881939174,91.1248683717603,DE,DELAWARE,0.06563468,648443.6096395465
2028,8,0.0,0.0,DC,DISTRICT OF COLUMBIA,0.06563468,0.0
2028,9,0.0,0.0,FL,FLORIDA,0.06563468,0.0
2028,10,49441.59187004828,440.7024726810163,GA,GEORGIA,0.06563468,3245083.0610812204
2028,12,116677.83656056265,3593.509617162073,ID,IDAHO,0.06563468,7658112.46574483
2028,13,806062.2892222432,2137.2367006349878,IL,ILLINOIS,0.06563468,52905640.413169384
2028,14,483904.9357319792,1425.6459083675086,IN,INDIANA,0.06563468,31760945.607189022
2028,15,326.0789943987904,0.9985618820730952,IA,IOWA,0.06563468,21402.090452086402
2028,16,9519324.650028206,46880.7304330527,KS,KANSAS,0.06563468,624797827.2207133
2028,17,212342.51227126163,1536.2289382544875,KY,KENTUCKY,0.06563468,13937032.84332033
2028,18,62772.03811638197,433.1465595479592,LA,LOUISIANA,0.06563468,4120022.6347165336
2028,19,0.0,0.0,ME,MAINE,0.06563468,0.0
2028,20,7655.273596838392,103.4474833265526,MD,MARYLAND,0.06563468,502451.4328409369
2028,21,0.0,0.0,MA,MASSACHUSETTS,0.06563468,0.0
2028,22,108998.4860147428,202.4217458973189,MI,MICHIGAN,0.06563468,7154080.750062118
2028,23,2175870.138114677,5791.988902264515,MN,MINNESOTA,0.06563468,142812540.23671263
2028,24,38072.20503235571,182.06543940725203,MS,MISSISSIPPI,0.06563468,2498856.9941930566
2028,25,315344.31527239736,1916.1713057163745,MO,MISSOURI,0.06563468,20697523.222722914
2028,26,7703364.265328048,45822.84226212736,MT,MONTANA,0.06563468,505607848.4782415
2028,27,123210.73889097004,1208.5285051431683,NE,NEBRASKA,0.06563468,8086897.419672374
2028,28,5629.03978738658,698.3687221969429,NV,NEVADA,0.06563468,369460.22515238624
2028,29,0.0,0.0,NH,NEW HAMPSHIRE,0.06563468,0.0
2028,30,8871.592639622959,64.05877143452577,NJ,NEW JERSEY,0.06563468,582284.1439920082
2028,31,14561.028832917977,239.39814302534052,NM,NEW MEXICO,0.06563468,955708.4679193449
2028,32,4693.744140431121,21.58626260799729,NY,NEW YORK,0.06563468,308072.3946590717
2028,33,1538.649227229045,72.16426125356247,NC,NORTH CAROLINA,0.06563468,100988.74966142565
2028,34,9713609.096572788,35776.417273002764,ND,NORTH DAKOTA,0.06563468,637549624.698644
2028,35,796162.23537942,2947.1053051274125,OH,OHIO,0.06563468,52255853.54721291
2028,36,2735292.0273179933,14938.43480363868,OK,OKLAHOMA,0.06563468,179530016.91956773
2028,37,1593449.0237273949,7867.340938799657,OR,OREGON,0.06563468,104585516.76865996
2028,38,16803.359863045636,193.51233021482852,PA,PENNSYLVANIA,0.06563468,1102883.1475358442
2028,39,0.0,0.0,RI,RHODE ISLAND,0.06563468,0.0
2028,40,22546.01863840531,278.3180367529018,SC,SOUTH CAROLINA,0.06563468,1479800.7186057682
2028,41,1855248.083863528,10083.927627665338,SD,SOUTH DAKOTA,0.06563468,121768614.30499582
2028,42,183171.3680145582,1025.379983111913,TN,TENNESSEE,0.06563468,12022394.124797763
2028,43,2335195.906487863,16591.678458901442,TX,TEXAS,0.06563468,153269836.05964082
2028,44,14939.067580866413,1387.5660972824835,UT,UTAH,0.06563468,980520.9201685411
2028,45,0.0,0.0,VT,VERMONT,0.06563468,0.0
2028,46,104.67758859385197,4.65956934841003,VA,VIRGINIA,0.06563468,6870.480030529124
2028,47,2097532.073736702,18917.697520366622,WA,WASHINGTON,0.06563468,137670846.44944486
2028,48,15.080980709070303,0.6119658315415505,WV,WEST VIRGINIA,0.06563468,989.8353429260025
2028,49,86956.86762232847,210.511114852093,WI,WISCONSIN,0.06563468,5707386.180193891
2028,50,28159.51580259565,339.6873922104854,WY,WYOMING,0.06563468,1848240.8086583088
2029,0,417.4249199874256,13.385130523680385,AL,ALABAMA,0.06584464,27485.19358360084
2029,2,3.988324392337963,18.24059826019744,AZ,ARIZONA,0.06584464,262.6097838167119
2029,3,13223.125254730798,174.61842712290155,AR,ARKANSAS,0.06584464,870671.9220726576
2029,4,5122.944849874292,259.5683795546862,CA,CALIFORNIA,0.06584464,337318.4593798268
2029,5,471181.2699958596,9182.929181183006,CO,COLORADO,0.06584464,31024761.097620174
2029,6,0.0,0.0,CT,CONNECTICUT,0.06584464,0.0
2029,7,0.0,0.0,DE,DELAWARE,0.06584464,0.0
2029,8,0.0,0.0,DC,DISTRICT OF COLUMBIA,0.06584464,0.0
2029,9,252.5116732063261,6.4151685588297855,FL,FLORIDA,0.06584464,16626.540218068185
2029,10,3650.496212040213,94.99335428449568,GA,GEORGIA,0.06584464,240365.60890315147
2029,12,91041.31069290292,2895.95065939424,ID,IDAHO,0.06584464,5994582.327702343
2029,13,91941.2882369216,732.2287772670891,IL,ILLINOIS,0.06584464,6053841.025096336
2029,14,12838.53383349784,143.8157783584096,IN,INDIANA,0.06584464,845348.6383944852
2029,15,314.3245188687239,1.0717753497827187,IA,IOWA,0.06584464,20696.58478808433
2029,16,2393747.0980116967,23720.21913972424,KS,KANSAS,0.06584464,157615415.9196249
2029,17,0.0,0.0,KY,KENTUCKY,0.06584464,0.0
2029,18,0.0,0.0,LA,LOUISIANA,0.06584464,0.0
2029,19,0.0,0.0,ME,MAINE,0.06584464,0.0
2029,20,357.31409886426127,13.636200055791551,MD,MARYLAND,0.06584464,23527.218206641694
2029,21,0.0,0.0,MA,MASSACHUSETTS,0.06584464,0.0
2029,22,14855.862297757843,57.624269732461656,MI,MICHIGAN,0.06584464,978178.9048854379
2029,23,1281925.4802000618,3450.051782124995,MN,MINNESOTA,0.06584464,84407921.75060019
2029,24,782.6188669319631,14.884626228947836,MS,MISSISSIPPI,0.06584464,51531.25755034301
2029,25,61375.56665953863,522.6312441501323,MO,MISSOURI,0.06584464,4041252.091493323
2029,26,5040360.993550574,32068.038150579712,MT,MONTANA,0.06584464,331880755.0903799
2029,27,794813.0521069034,6317.123860993624,NE,NEBRASKA,0.06584464,52334179.2832803
2029,28,4112.973260096468,514.0721499546449,NV,NEVADA,0.06584464,270817.2436406783
2029,29,0.0,0.0,NH,NEW HAMPSHIRE,0.06584464,0.0
2029,30,0.0,0.0,NJ,NEW JERSEY,0.06584464,0.0
2029,31,1969.3063824340088,81.02162694099722,NM,NEW MEXICO,0.06584464,129668.26980106963
2029,32,0.0,0.0,NY,NEW YORK,0.06584464,0.0
2029,33,221.18671121922333,5.10955464424853,NC,NORTH CAROLINA,0.06584464,14563.95937301372
2029,34,9536315.966133028,32403.243483634276,ND,NORTH DAKOTA,0.06584464,627915291.7162814
2029,35,19421.478244592705,160.38981561364207,OH,OHIO,0.06584464,1278800.2432830385
2029,36,152182.70764615346,1976.186975406544,OK,OKLAHOMA,0.06584464,10020415.599186221
2029,37,1646617.17387385,8062.273932518766,OR,OREGON,0.06584464,108420915.03154105
2029,38,0.0,0.0,PA,PENNSYLVANIA,0.06584464,0.0
2029,39,0.0,0.0,RI,RHODE ISLAND,0.06584464,0.0
2029,40,6753.191966779587,121.15046044246832,SC,SOUTH CAROLINA,0.06584464,444661.4939034939
2029,41,2382352.183862677,11266.32607950267,SD,SOUTH DAKOTA,0.06584464,156865121.89965174
2029,42,141.1708551785332,1.9077836670948127,TN,TENNESSEE,0.06584464,9295.344137722654
2029,43,80596.71778769587,1110.4695472930562,TX,TEXAS,0.06584464,5306861.86791243
2029,44,17920.16606618046,1624.9753975677647,UT,UTAH,0.06584464,1179946.8833678686
2029,45,0.0,0.0,VT,VERMONT,0.06584464,0.0
2029,46,127.3985509113134,3.879075319781988,VA,VIRGINIA,0.06584464,8388.511721277102
2029,47,2214492.278730618,18993.27875307301,WA,WASHINGTON,0.06584464,145812446.87579718
2029,48,165.40593042028524,8.496878454361195,WV,WEST VIRGINIA,0.06584464,10891.09394238873
2029,49,24432.73284507049,97.89495379959908,WI,WISCONSIN,0.06584464,1608764.4983998423
2029,50,132095.79519985014,1584.5092787400524,WY,WYOMING,0.06584464,8697800.08044786
2030,0,225.3257254970276,8.163029226470726,AL,ALABAMA,0.0660546,14883.80066741596
2030,2,3.1841501066114835,14.562707839524016,AZ,ARIZONA,0.0660546,210.3277616321789
2030,3,1054.756861986249,56.77666137364552,AR,ARKANSAS,0.0660546,69671.54261575689
2030,4,5613.604499933517,277.26907424729103,CA,CALIFORNIA,0.0660546,370804.3998013086
2030,5,984771.335377122,16206.187815231631,CO,COLORADO,0.0660546,65048676.64980165
2030,6,0.0,0.0,CT,CONNECTICUT,0.0660546,0.0
2030,7,477.8686060619713,20.176608364949065,DE,DELAWARE,0.0660546,31565.419625981096
2030,8,0.0,0.0,DC,DISTRICT OF COLUMBIA,0.0660546,0.0
2030,9,0.0,0.0,FL,FLORIDA,0.0660546,0.0
2030,10,37675.750846691626,235.5429574374278,GA,GEORGIA,0.0660546,2488656.651877877
2030,12,108923.20461066552,3361.0560204135086,ID,IDAHO,0.0660546,7194878.711275667
2030,13,17161.479679207772,387.5501159837063,IL,ILLINOIS,0.0660546,1133594.6756181978
2030,14,6401.707112252742,90.6608642496845,IN,INDIANA,0.0660546,422862.20261701
2030,15,0.0,0.0,IA,IOWA,0.0660546,0.0
2030,16,9766016.893045578,41749.04370810864,KS,KANSAS,0.0660546,645090339.4633685
2030,17,5296.673416007793,342.5774724856153,KY,KENTUCKY,0.0660546,349869.64382502844
2030,18,21900.91360997059,360.09192552904904,LA,LOUISIANA,0.0660546,1446656.0881411636
2030,19,0.0,0.0,ME,MAINE,0.0660546,0.0
2030,20,458.4436914834019,8.876626390359405,MD,MARYLAND,0.0660546,30282.314663459518
2030,21,0.0,0.0,MA,MASSACHUSETTS,0.0660546,0.0
2030,22,12251.829440261328,59.71528316397253,MI,MICHIGAN,0.0660546,809289.692944686
2030,23,15504.151634113883,203.55300802337385,MN,MINNESOTA,0.0660546,1024120.5345307391
2030,24,3198.605009572807,31.17292056046865,MS,MISSISSIPPI,0.0660546,211282.57446532793
2030,25,1544.0375553873794,33.23565322065791,MO,MISSOURI,0.0660546,101990.7831060912
2030,26,5183834.680267717,33767.14733006227,MT,MONTANA,0.0660546,342416126.2712119
2030,27,892554.795612021,5518.880277452088,NE,NEBRASKA,0.0660546,58957350.0022338
2030,28,3906.915301655493,484.39821841511696,NV,NEVADA,0.0660546,258069.72748473292
2030,29,0.0,0.0,NH,NEW HAMPSHIRE,0.0660546,0.0
2030,30,1596.327331892317,31.85778581576785,NJ,NEW JERSEY,0.0660546,105444.76337721424
2030,31,70819.69689828814,1166.2886695948853,NM,NEW MEXICO,0.0660546,4677966.750737663
2030,32,0.0,0.0,NY,NEW YORK,0.0660546,0.0
2030,33,19890.246993256995,168.3013784881059,NC,NORTH CAROLINA,0.0660546,1313842.3090407935
2030,34,6904248.4198500365,26938.5510200304,ND,NORTH DAKOTA,0.0660546,456057367.6738263
2030,35,48032.28297047748,542.43040270329,OH,OHIO,0.0660546,3172753.2387017016
2030,36,2243845.904968508,10801.896883170695,OK,OKLAHOMA,0.0660546,148216343.71433285
2030,37,1917971.5872883063,9413.165020852026,OR,OREGON,0.0660546,126690846.00969416
2030,38,38.166787166121374,1.7486095647642304,PA,PENNSYLVANIA,0.0660546,2521.091859543281
2030,39,0.0,0.0,RI,RHODE ISLAND,0.0660546,0.0
2030,40,94586.0986449444,641.2946349777601,SC,SOUTH CAROLINA,0.0660546,6247846.911552344
2030,41,1133144.3586514215,6895.530464275384,SD,SOUTH DAKOTA,0.0660546,74849397.35297619
2030,42,5788.263991324958,63.911714538139336,TN,TENNESSEE,0.0660546,382341.46264137357
2030,43,1997579.0554945795,11110.64914104839,TX,TEXAS,0.0660546,131949285.47907226
2030,44,16590.874040963216,1522.1634346947485,UT,UTAH,0.0660546,1095903.548426209
2030,45,0.0,0.0,VT,VERMONT,0.0660546,0.0
2030,46,91.14190675844074,2.796229516265345,VA,VIRGINIA,0.0660546,6020.342194166101
2030,47,2176919.837119124,19001.13219400513,WA,WASHINGTON,0.0660546,143795569.0729689
2030,48,0.0,0.0,WV,WEST VIRGINIA,0.0660546,0.0
2030,49,260.5036457540932,3.1079710843077843,WI,WISCONSIN,0.0660546,17207.464118828328
2030,50,26947.621415532583,532.785658534092,WY,WYOMING,0.0660546,1780014.3535544386
2031,0,9.482786106715144,0.3081170117481275,AL,ALABAMA,0.0654532,620.6786956000477
2031,2,1.9502764407626567,8.919587664589562,AZ,ARIZONA,0.0654532,127.65183393252633
2031,3,207.24394629077864,2.476769681585788,AR,ARKANSAS,0.0654532,13564.779465359592
2031,4,1919.9632642957615,95.11394104460116,CA,CALIFORNIA,0.0654532,125667.73953060334
2031,5,629991.691444748,13430.54333482914,CO,COLORADO,0.0654532,41234972.17847138
2031,6,0.0,0.0,CT,CONNECTICUT,0.0654532,0.0
2031,7,49315.79866004572,247.61024926608013,DE,DELAWARE,0.0654532,3227876.8328557047
2031,8,0.0,0.0,DC,DISTRICT OF COLUMBIA,0.0654532,0.0
2031,9,0.0,0.0,FL,FLORIDA,0.0654532,0.0
2031,10,0.0,0.0,GA,GEORGIA,0.0654532,0.0
2031,12,117141.27349593246,3638.5290240129434,ID,IDAHO,0.0654532,7667271.202383967
2031,13,13795.319356819367,119.09729359177412,IL,ILLINOIS,0.0654532,902947.7969257694
2031,14,12222.468783383283,62.85300950270204,IN,INDIANA,0.0654532,799999.6937725428
2031,15,59.02904845646344,0.7934807103314474,IA,IOWA,0.0654532,3863.640114430593
2031,16,4249354.421432117,27523.10697032429,KS,KANSAS,0.0654532,278133844.81688064
2031,17,11.591988493789566,0.2262148608218716,KY,KENTUCKY,0.0654532,758.7327412817073
2031,18,0.0,0.0,LA,LOUISIANA,0.0654532,0.0
2031,19,0.0,0.0,ME,MAINE,0.0654532,0.0
2031,20,61259.62063997878,432.8290940259282,MD,MARYLAND,0.0654532,4009638.201672659
2031,21,0.0,0.0,MA,MASSACHUSETTS,0.0654532,0.0
2031,22,53428.874672179976,199.2014405012326,MI,MICHIGAN,0.0654532,3497090.8196931304
2031,23,160211.72639367095,1064.020942834915,MN,MINNESOTA,0.0654532,10486370.169990223
2031,24,0.0,0.0,MS,MISSISSIPPI,0.0654532,0.0
2031,25,5843.117408517241,102.89392610183896,MO,MISSOURI,0.0654532,382450.73236316064
2031,26,5527196.844158893,37154.95756102506,MT,MONTANA,0.0654532,361772720.4801009
2031,27,354824.6872727766,2846.238199547121,NE,NEBRASKA,0.0654532,23224411.221002504
2031,28,4523.154165059586,560.366490933484,NV,NEVADA,0.0654532,296054.9141964781
2031,29,0.0,0.0,NH,NEW HAMPSHIRE,0.0654532,0.0
2031,30,25871.99998383191,151.6994661709245,NJ,NEW JERSEY,0.0654532,1693405.1893417467
2031,31,24260.515316974688,606.4067590466323,NM,NEW MEXICO,0.0654532,1587928.3611450077
2031,32,176.7916987886262,2.927918081083441,NY,NEW YORK,0.0654532,11571.58241915171
2031,33,2041.1392354011891,73.19253049451513,NC,NORTH CAROLINA,0.0654532,133599.09460256112
2031,34,5506008.874868562,25283.396190366315,ND,NORTH DAKOTA,0.0654532,360385900.08854705
2031,35,131574.8930300814,992.6888645018388,OH,OHIO,0.0654532,8611997.788476525
2031,36,1416260.1722380356,14125.280247665924,OK,OKLAHOMA,0.0654532,92698760.30553061
2031,37,1495528.1588727443,7754.049082457021,OR,OREGON,0.0654532,97887103.68832952
2031,38,32368.237423929306,463.4858772425864,PA,PENNSYLVANIA,0.0654532,2118604.71775593
2031,39,0.0,0.0,RI,RHODE ISLAND,0.0654532,0.0
2031,40,0.0,0.0,SC,SOUTH CAROLINA,0.0654532,0.0
2031,41,404726.5344448026,3871.049561898964,SD,SOUTH DAKOTA,0.0654532,26490646.804322556
2031,42,0.0,0.0,TN,TENNESSEE,0.0654532,0.0
2031,43,475668.11580149207,8581.2821775727,TX,TEXAS,0.0654532,31134000.317178223
2031,44,17132.398531752995,1573.5127522244552,UT,UTAH,0.0654532,1121370.3075785353
2031,45,0.0,0.0,VT,VERMONT,0.0654532,0.0
2031,46,18877.69848348027,219.93498363324017,VA,VIRGINIA,0.0654532,1235605.774378931
2031,47,1607306.8668906577,14861.597780618453,WA,WASHINGTON,0.0654532,105203377.8199676
2031,48,226.5346690340604,16.40382082687441,WV,WEST VIRGINIA,0.0654532,14827.418999220163
2031,49,35847.54785202425,146.59021883559697,WI,WISCONSIN,0.0654532,2346336.7190681137
2031,50,65356.99181752646,1004.122102742162,WY,WYOMING,0.0654532,4277824.256830923
2032,0,393.6409894506776,17.546804736549923,AL,ALABAMA,0.0648518,25528.326719657452
2032,2,0.2908610926935761,1.3302529632589604,AZ,ARIZONA,0.0648518,18.862865411145258
2032,3,187.62537252790685,9.272448604145229,AR,ARKANSAS,0.0648518,12167.84313410531
2032,4,1573.4598387610486,72.70141969356317,CA,CALIFORNIA,0.0648518,102041.70277136378
2032,5,384514.321674408,10065.434349890971,CO,COLORADO,0.0648518,24936445.88636437
2032,6,0.0,0.0,CT,CONNECTICUT,0.0648518,0.0
2032,7,190.1214382125881,6.568549961714157,DE,DELAWARE,0.0648518,12329.71748667512
2032,8,0.0,0.0,DC,DISTRICT OF COLUMBIA,0.0648518,0.0
2032,9,0.0,0.0,FL,FLORIDA,0.0648518,0.0
2032,10,0.0,0.0,GA,GEORGIA,0.0648518,0.0
2032,12,121131.38454561362,4183.605207297722,ID,IDAHO,0.0648518,7855588.324275225
2032,13,86842.80149975314,546.2447851525725,IL,ILLINOIS,0.0648518,5631911.994301692
2032,14,67361.26170034753,499.5895210420876,IN,INDIANA,0.0648518,4368499.071538598
2032,15,370.59268855831175,1.1597450329272956,IA,IOWA,0.0648518,24033.602919845922
2032,16,2267735.115332955,19156.16019018094,KS,KANSAS,0.0648518,147066704.1525497
2032,17,4215.377518720102,150.67524564317662,KY,KENTUCKY,0.0648518,273374.8197685323
2032,18,0.0,0.0,LA,LOUISIANA,0.0648518,0.0
2032,19,0.0,0.0,ME,MAINE,0.0648518,0.0
2032,20,2183.6317772668463,74.80981703347038,MD,MARYLAND,0.0648518,141612.45129295404
2032,21,0.0,0.0,MA,MASSACHUSETTS,0.0648518,0.0
2032,22,36758.35828796199,202.17175578218504,MI,MICHIGAN,0.0648518,2383845.700019254
2032,23,316250.94567772315,1700.701076319294,MN,MINNESOTA,0.0648518,20509443.07890257
2032,24,1150.052122995744,19.66346846753836,MS,MISSISSIPPI,0.0648518,74582.95027009539
2032,25,60627.99851401498,466.4750425049223,MO,MISSOURI,0.0648518,3931834.834031197
2032,26,2781405.4624547795,35419.22190704863,MT,MONTANA,0.0648518,180379150.77002487
2032,27,523196.0831227951,6444.7771455336815,NE,NEBRASKA,0.0648518,33930207.74346288
2032,28,5502.263665023655,682.2472969331229,NV,NEVADA,0.0648518,356831.7027513811
2032,29,0.0,0.0,NH,NEW HAMPSHIRE,0.0648518,0.0
2032,30,692.5578343469593,31.73530102280244,NJ,NEW JERSEY,0.0648518,44913.62216150214
2032,31,4674.309337401357,88.86983895455342,NM,NEW MEXICO,0.0648518,303137.3742872853
2032,32,271.9197372288328,1.7508826758741918,NY,NEW YORK,0.0648518,17634.48441481682
2032,33,835.267052500267,26.880019447709685,NC,NORTH CAROLINA,0.0648518,54168.57183533682
2032,34,4138568.131579864,21098.803557846302,ND,NORTH DAKOTA,0.0648518,268393592.75559103
2032,35,152766.2161988006,1330.853637155093,OH,OHIO,0.0648518,9907164.099681377
2032,36,502342.7245370223,3288.70318899784,OK,OKLAHOMA,0.0648518,32577829.903130062
2032,37,2194490.442775678,10607.61583193876,OR,OREGON,0.0648518,142316655.2967997
2032,38,511.4230222635176,12.572923710592294,PA,PENNSYLVANIA,0.0648518,33166.70355522919
2032,39,0.0,0.0,RI,RHODE ISLAND,0.0648518,0.0
2032,40,27.41477652892701,2.2438710238858937,SC,SOUTH CAROLINA,0.0648518,1777.8976044986687
2032,41,894399.9846943623,8144.3653808736735,SD,SOUTH DAKOTA,0.0648518,58003448.92740185
2032,42,6507.92839541665,87.32366124028269,TN,TENNESSEE,0.0648518,422050.8707138815
2032,43,95493.70696980663,1665.4879094905364,TX,TEXAS,0.0648518,6192938.785664505
2032,44,14002.720137813443,1303.7683434150308,UT,UTAH,0.0648518,908101.6058334499
2032,45,0.0,0.0,VT,VERMONT,0.0648518,0.0
2032,46,37.20144160035528,1.6612505257182912,VA,VIRGINIA,0.0648518,2412.580450377921
2032,47,2432046.6269504293,21743.938798183757,WA,WASHINGTON,0.0648518,157722601.44166386
2032,48,0.0,0.0,WV,WEST VIRGINIA,0.0648518,0.0
2032,49,31083.03630557072,155.08967096628317,WI,WISCONSIN,0.0648518,2015790.8538816113
2032,50,45602.85803242996,1081.601591054443,WY,WYOMING,0.0648518,2957427.4285475416
2033,0,0.0,0.0,AL,ALABAMA,0.0642504,0.0
2033,2,0.290832054640223,1.3301201577463275,AZ,ARIZONA,0.0642504,18.68607584345618
2033,3,5043.744925644842,47.88097855595264,AR,ARKANSAS,0.0642504,324062.62897065136
2033,4,1509.1473735690442,71.20102688120352,CA,CALIFORNIA,0.0642504,96963.32241076052
2033,5,296380.73832736444,7986.886663287567,CO,COLORADO,0.0642504,19042580.989828497
2033,6,0.0,0.0,CT,CONNECTICUT,0.0642504,0.0
2033,7,14556.22606416251,104.70767455909308,DE,DELAWARE,0.0642504,935243.347112867
2033,8,0.0,0.0,DC,DISTRICT OF COLUMBIA,0.0642504,0.0
2033,9,0.0,0.0,FL,FLORIDA,0.0642504,0.0
2033,10,1222.2317476418164,5.400287091540664,GA,GEORGIA,0.0642504,78528.87867868575
2033,12,31910.10816503084,1076.324528716949,ID,IDAHO,0.0642504,2050237.2136464976
2033,13,10079.887858458693,43.52067478048959,IL,ILLINOIS,0.0642504,647636.8268611144
2033,14,10807.48397267642,100.11581121262704,IN,INDIANA,0.0642504,694385.1682380491
2033,15,0.0,0.0,IA,IOWA,0.0642504,0.0
2033,16,2682421.168087757,11485.389663839676,KS,KANSAS,0.0642504,172346633.01810563
2033,17,14144.848139345371,339.74022520084094,KY,KENTUCKY,0.0642504,908812.1508921959
2033,18,0.0,0.0,LA,LOUISIANA,0.0642504,0.0
2033,19,0.0,0.0,ME,MAINE,0.0642504,0.0
2033,20,2909.565996378009,23.63235667453544,MD,MARYLAND,0.0642504,186940.77909368565
2033,21,0.0,0.0,MA,MASSACHUSETTS,0.0642504,0.0
2033,22,0.0,0.0,MI,MICHIGAN,0.0642504,0.0
2033,23,3768.3313481811824,86.05594615250206,MN,MINNESOTA,0.0642504,242116.79645318026
2033,24,285.2513003725807,2.8351023977549903,MS,MISSISSIPPI,0.0642504,18327.51014945846
2033,25,3691.895147159063,30.333475364094475,MO,MISSOURI,0.0642504,237205.73996302867
2033,26,1283174.0809501486,12792.186780059372,MT,MONTANA,0.0642504,82444447.97067943
2033,27,491463.771176268,3387.146744524928,NE,NEBRASKA,0.0642504,31576743.883583687
2033,28,2170.2305336254685,274.0090590584514,NV,NEVADA,0.0642504,139438.17987764982
2033,29,0.0,0.0,NH,NEW HAMPSHIRE,0.0642504,0.0
2033,30,11650.11234139122,83.34869964792188,NJ,NEW JERSEY,0.0642504,748524.3779793223
2033,31,7045.948063712652,261.6443347380553,NM,NEW MEXICO,0.0642504,452704.98147276335
2033,32,434.59170219955433,1.7503575206508657,NY,NEW YORK,0.0642504,27922.69070300225
2033,33,21189.45061090405,128.30609820622175,NC,NORTH CAROLINA,0.0642504,1361430.6775308296
2033,34,412266.0095018448,3256.2791933869976,ND,NORTH DAKOTA,0.0642504,26488256.016897332
2033,35,56053.6555947856,306.16395991823345,OH,OHIO,0.0642504,3601469.7934272126
2033,36,781377.9522607576,5480.21936092819,OK,OKLAHOMA,0.0642504,50203845.983934574
2033,37,1276664.0733197075,6736.316284483041,OR,OREGON,0.0642504,82026177.37642054
2033,38,9500.936919453754,95.39491189828924,PA,PENNSYLVANIA,0.0642504,610438.9974496714
2033,39,0.0,0.0,RI,RHODE ISLAND,0.0642504,0.0
2033,40,9613.611177082828,50.38075885567005,SC,SOUTH CAROLINA,0.0642504,617678.3635720426
2033,41,78910.216555044,898.458604167803,SD,SOUTH DAKOTA,0.0642504,5070012.977748198
2033,42,31741.247807651027,280.4191736671827,TN,TENNESSEE,0.0642504,2039387.8681407017
2033,43,1050333.9319597003,8442.586618302528,TX,TEXAS,0.0642504,67484375.26198353
2033,44,9134.956733558773,868.4974335939016,UT,UTAH,0.0642504,586924.6241138445
2033,45,0.0,0.0,VT,VERMONT,0.0642504,0.0
2033,46,1866.27642676705,33.23041518816112,VA,VIRGINIA,0.0642504,119909.00693035367
2033,47,1771712.5207701838,16809.07728409549,WA,WASHINGTON,0.0642504,113833238.14449261
2033,48,0.0,0.0,WV,WEST VIRGINIA,0.0642504,0.0
2033,49,909.95443014842,3.993278529646436,WI,WISCONSIN,0.0642504,58464.936118808044
2033,50,53148.51536875072,815.1066247986519,WY,WYOMING,0.0642504,3414813.371848381
2034,0,96.34746969048928,1.93120892382613,AL,ALABAMA,0.063649,6132.4200983299515
2034,2,2.3558155133543983,10.774320272641717,AZ,ARIZONA,0.063649,149.9453016094941
2034,3,10707.75330446343,135.56788765133368,AR,ARKANSAS,0.063649,681537.7900757928
2034,4,11258.127098150057,529.4644690060402,CA,CALIFORNIA,0.063649,716568.5316701529
2034,5,1214796.043734083,20431.0339461916,CO,COLORADO,0.063649,77320553.38763064
2034,6,0.0,0.0,CT,CONNECTICUT,0.063649,0.0
2034,7,9864.047598190164,73.03355557484012,DE,DELAWARE,0.063649,627836.7655772057
2034,8,0.0,0.0,DC,DISTRICT OF COLUMBIA,0.063649,0.0
2034,9,0.0,0.0,FL,FLORIDA,0.063649,0.0
2034,10,113.20689283336658,4.672954596967324,GA,GEORGIA,0.063649,7205.5055219509495
2034,12,147805.36680624442,4767.37545919632,ID,IDAHO,0.063649,9407663.79185065
2034,13,22170.813997271685,163.32665124748027,IL,ILLINOIS,0.063649,1411150.1401123456
2034,14,30031.35808052552,106.87926660973994,IN,INDIANA,0.063649,1911465.9104673686
2034,15,165.51521783678618,0.8955991948464703,IA,IOWA,0.063649,10534.878100093603
2034,16,13333937.893949494,60583.2925166618,KS,KANSAS,0.063649,848691813.0119913
2034,17,156.88793433626572,2.684710714951821,KY,KENTUCKY,0.063649,9985.760132568977
2034,18,0.0,0.0,LA,LOUISIANA,0.063649,0.0
2034,19,0.0,0.0,ME,MAINE,0.063649,0.0
2034,20,6661.5188680565225,47.03408984888357,MD,MARYLAND,0.063649,423999.0144329296
2034,21,0.0,0.0,MA,MASSACHUSETTS,0.063649,0.0
2034,22,0.0,0.0,MI,MICHIGAN,0.063649,0.0
2034,23,172222.96414430518,1401.6914152546751,MN,MINNESOTA,0.063649,10961819.444820879
2034,24,0.0,0.0,MS,MISSISSIPPI,0.063649,0.0
2034,25,18093.82529875737,171.51790160733336,MO,MISSOURI,0.063649,1151653.8864406077
2034,26,7426669.794155804,48852.65689466952,MT,MONTANA,0.063649,472700105.7282228
2034,27,1396553.0252724765,10717.804120137263,NE,NEBRASKA,0.063649,88889203.50556785
2034,28,5874.895559265861,727.8316168343887,NV,NEVADA,0.063649,373931.22745171277
2034,29,0.0,0.0,NH,NEW HAMPSHIRE,0.063649,0.0
2034,30,1001.1370137699088,19.91163270292713,NJ,NEW JERSEY,0.063649,63721.36978944092
2034,31,33899.9915221973,591.2071339480226,NM,NEW MEXICO,0.063649,2157700.5603963356
2034,32,0.0,0.0,NY,NEW YORK,0.063649,0.0
2034,33,9306.59672396591,133.91411893869508,NC,NORTH CAROLINA,0.063649,592355.5748837062
2034,34,5845648.335682648,25787.960199605328,ND,NORTH DAKOTA,0.063649,372069670.91786486
2034,35,18857.384572304887,123.16049575242434,OH,OHIO,0.063649,1200253.6706426337
2034,36,5222492.822375649,26818.19830153518,OK,OKLAHOMA,0.063649,332406445.65138763
2034,37,2123505.900016724,10114.69468486654,OR,OREGON,0.063649,135159027.03016448
2034,38,2626.2037385516896,48.75003524927824,PA,PENNSYLVANIA,0.063649,167155.2417550765
2034,39,0.0,0.0,RI,RHODE ISLAND,0.063649,0.0
2034,40,7750.555966433661,148.76075652270416,SC,SOUTH CAROLINA,0.063649,493315.13670753606
2034,41,896982.2064313961,8857.499638726187,SD,SOUTH DAKOTA,0.063649,57092020.45715193
2034,42,132.19818819334506,2.1281708466432803,TN,TENNESSEE,0.063649,8414.28248031822
2034,43,2280264.49495359,14163.72531309531,TX,TEXAS,0.063649,145136554.83930105
2034,44,19741.803548002863,1810.2094459216228,UT,UTAH,0.063649,1256546.054026834
2034,45,0.0,0.0,VT,VERMONT,0.063649,0.0
2034,46,489.017890842698,8.828422745114286,VA,VIRGINIA,0.063649,31125.499734246885
2034,47,2534415.1475418326,21778.795162435617,WA,WASHINGTON,0.063649,161312989.7258901
2034,48,0.0,0.0,WV,WEST VIRGINIA,0.063649,0.0
2034,49,5258.807135566813,30.47529942918444,WI,WISCONSIN,0.063649,334717.81537169206
2034,50,122082.03010011042,2555.974782337057,WY,WYOMING,0.063649,7770399.133841928
2035,0,0.0,0.0,AL,ALABAMA,0.0630476,0.0
2035,2,0.4869745843654737,2.2271778527849806,AZ,ARIZONA,0.0630476,30.702578805240634
2035,3,4398.741513437782,59.75207710329155,AR,ARKANSAS,0.0630476,277330.0954426199
2035,4,2584.975830075021,129.52089089572334,CA,CALIFORNIA,0.0630476,162976.52214423788
2035,5,83145.22707136962,1756.804205489639,CO,COLORADO,0.0630476,5242107.018304883
2035,6,0.0,0.0,CT,CONNECTICUT,0.0630476,0.0
2035,7,818.71243736513,59.37519301417583,DE,DELAWARE,0.0630476,51617.854266021764
2035,8,0.0,0.0,DC,DISTRICT OF COLUMBIA,0.0630476,0.0
2035,9,0.0,0.0,FL,FLORIDA,0.0630476,0.0
2035,10,11.711729235808937,0.7631831695078481,GA,GEORGIA,0.0630476,738.3964201675874
2035,12,37018.33511569895,1350.4516758370314,ID,IDAHO,0.0630476,2333917.185040541
2035,13,1777.4438030007118,21.93104186817941,IL,ILLINOIS,0.0630476,112063.56591406767
2035,14,2642.04828487476,39.784811777762044,IN,INDIANA,0.0630476,166574.8034454699
2035,15,0.0,0.0,IA,IOWA,0.0630476,0.0
2035,16,812891.9390980827,5056.817152971357,KS,KANSAS,0.0630476,51250885.81948027
2035,17,1426.8037317246794,71.36193395328159,KY,KENTUCKY,0.0630476,89956.55095628489
2035,18,491.8664951853164,34.3922137995907,LA,LOUISIANA,0.0630476,31011.002041845753
2035,19,0.0,0.0,ME,MAINE,0.0630476,0.0
2035,20,5986.342291814704,221.217455970581,MD,MARYLAND,0.0630476,377424.51427741675
2035,21,0.0,0.0,MA,MASSACHUSETTS,0.0630476,0.0
2035,22,3971.8949389053246,60.68863055917174,MI,MICHIGAN,0.0630476,250418.44335012735
2035,23,327827.6031067337,2309.1780985276905,MN,MINNESOTA,0.0630476,20668743.5896321
2035,24,217.7938648613851,11.917050917191784,MS,MISSISSIPPI,0.0630476,13731.380474234662
2035,25,974.2874615347356,25.431459678090224,MO,MISSOURI,0.0630476,61426.48615985739
2035,26,3613124.216339145,30070.665868923392,MT,MONTANA,0.0630476,227798810.34206384
2035,27,0.0,0.0,NE,NEBRASKA,0.0630476,0.0
2035,28,1659.4694974807594,205.58907903201992,NV,NEVADA,0.0630476,104625.56908936791
2035,29,0.0,0.0,NH,NEW HAMPSHIRE,0.0630476,0.0
2035,30,1327.3583705094388,68.8424843671053,NJ,NEW JERSEY,0.0630476,83686.75960053089
2035,31,10736.39969231826,467.9482641703777,NM,NEW MEXICO,0.0630476,676904.2332414048
2035,32,378.4682985996607,2.245591149559226,NY,NEW YORK,0.0630476,23861.51790279197
2035,33,5275.931168278082,228.4505064747493,NC,NORTH CAROLINA,0.0630476,332634.7979251291
2035,34,1757582.4826711896,10467.758145016094,ND,NORTH DAKOTA,0.0630476,110811357.33446008
2035,35,13168.18008939265,73.23425056740793,OH,OHIO,0.0630476,830222.1510039921
2035,36,602259.6126348306,3456.885849406748,OK,OKLAHOMA,0.0630476,37971023.15355574
2035,37,1090119.1516159154,6424.598863216366,OR,OREGON,0.0630476,68729396.22341958
2035,38,1876.5692135867769,71.71517033891385,PA,PENNSYLVANIA,0.0630476,118313.18515053367
2035,39,0.0,0.0,RI,RHODE ISLAND,0.0630476,0.0
2035,40,1298.4579144922209,41.11501831878111,SC,SOUTH CAROLINA,0.0630476,81864.65520973974
2035,41,79918.50284061913,1409.8465482101087,SD,SOUTH DAKOTA,0.0630476,5038669.799694219
2035,42,5298.724599814854,117.40497004992528,TN,TENNESSEE,0.0630476,334071.86907928693
2035,43,967173.2685822689,8322.301205103115,TX,TEXAS,0.0630476,60977953.36826745
2035,44,11122.796270044297,1021.2304801403136,UT,UTAH,0.0630476,701265.6101152448
2035,45,0.0,0.0,VT,VERMONT,0.0630476,0.0
2035,46,2763.9683400887266,95.5122195472271,VA,VIRGINIA,0.0630476,174261.570318578
2035,47,1336824.859597491,12235.891644298134,WA,WASHINGTON,0.0630476,84283599.01795878
2035,48,60.26466213910323,3.857062866404949,WV,WEST VIRGINIA,0.0630476,3799.542312681325
2035,49,2255.446267591595,13.092474659861304,WI,WISCONSIN,0.0630476,142200.47410060785
2035,50,2770.269634266879,67.25145252029866,WY,WYOMING,0.0630476,174658.85179340446
2036,0,733.2860959232958,8.677550419680799,AL,ALABAMA,0.06314854,46305.946359856076
2036,2,3.660666931823636,16.742057139600465,AZ,ARIZONA,0.06314854,231.16577217094215
2036,3,691164.1233852662,3834.5067967403934,AR,ARKANSAS,0.06314854,43646005.292159416
2036,4,8359.984239746056,391.108308372264,CA,CALIFORNIA,0.06314854,527920.7991629734
2036,5,797565.760540263,17452.03944703642,CO,COLORADO,0.06314854,50365113.33210722
2036,6,0.0,0.0,CT,CONNECTICUT,0.06314854,0.0
2036,7,0.0,0.0,DE,DELAWARE,0.06314854,0.0
2036,8,0.0,0.0,DC,DISTRICT OF COLUMBIA,0.06314854,0.0
2036,9,385.9888332266215,2.104829710181668,FL,FLORIDA,0.06314854,24374.63127456464
2036,10,256.6261972968155,1.5616494327011718,GA,GEORGIA,0.06314854,16205.569685045848
2036,12,83959.99260045837,2889.9512019938647,ID,IDAHO,0.06314854,5301950.951129749
2036,13,19020.54017149327,311.8467949143029,IL,ILLINOIS,0.06314854,1201119.3418411496
2036,14,7699.816670331323,45.56380721286752,IN,INDIANA,0.06314854,486232.1809990844
2036,15,5.108126573131682,0.1172026559208756,IA,IOWA,0.06314854,322.57073522846895
2036,16,8217571.060703408,51307.56061130423,KS,KANSAS,0.06314854,518927614.8296716
2036,17,1965.14960405345,60.10850921409426,KY,KENTUCKY,0.06314854,124096.32837755347
2036,18,103033.69559741158,565.6366110016019,LA,LOUISIANA,0.06314854,6506427.44778097
2036,19,0.0,0.0,ME,MAINE,0.06314854,0.0
2036,20,0.0,0.0,MD,MARYLAND,0.06314854,0.0
2036,21,0.0,0.0,MA,MASSACHUSETTS,0.06314854,0.0
2036,22,0.0,0.0,MI,MICHIGAN,0.06314854,0.0
2036,23,327501.0566786868,1102.6001616711862,MN,MINNESOTA,0.06314854,20681213.57771632
2036,24,66031.45161031668,350.1890073432691,MS,MISSISSIPPI,0.06314854,4169789.7632721476
2036,25,54167.73130297222,941.0196447755542,MO,MISSOURI,0.06314854,3420613.1468949937
2036,26,6750196.480448713,47686.47030945681,MT,MONTANA,0.06314854,426265052.45347476
2036,27,953492.4149050706,7123.744803032986,NE,NEBRASKA,0.06314854,60211653.902329445
2036,28,3468.973213222657,443.4347507338408,NV,NEVADA,0.06314854,219060.5937141195
2036,29,0.0,0.0,NH,NEW HAMPSHIRE,0.06314854,0.0
2036,30,0.0,0.0,NJ,NEW JERSEY,0.06314854,0.0
2036,31,39535.69866960287,1128.5788736176712,NM,NEW MEXICO,0.06314854,2496621.648865364
2036,32,0.0,0.0,NY,NEW YORK,0.06314854,0.0
2036,33,33925.60733941941,378.2905532909174,NC,NORTH CAROLINA,0.06314854,2142352.5720976205
2036,34,4269773.720428917,17624.38391826047,ND,NORTH DAKOTA,0.06314854,269629976.57545424
2036,35,2693.667605465094,12.404850924155456,OH,OHIO,0.06314854,170101.1765304167
2036,36,6019243.518512706,38185.37117924176,OK,OKLAHOMA,0.06314854,380106440.09854037
2036,37,1172758.834560296,6519.938913168382,OR,OREGON,0.06314854,74058008.17458424
2036,38,0.0,0.0,PA,PENNSYLVANIA,0.06314854,0.0
2036,39,0.0,0.0,RI,RHODE ISLAND,0.06314854,0.0
2036,40,11022.60146582378,87.89885158184424,SC,SOUTH CAROLINA,0.06314854,696061.1895686317
2036,41,1710009.9724055585,9057.273078479431,SD,SOUTH DAKOTA,0.06314854,107984633.14285131
2036,42,2414.888171687348,39.13667467483052,TN,TENNESSEE,0.06314854,152496.66230532536
2036,43,3386975.5138730863,26042.11619477401,TX,TEXAS,0.06314854,213882558.71683517
2036,44,23265.36581904532,2111.592602662994,UT,UTAH,0.06314854,1469173.8840386162
2036,45,0.0,0.0,VT,VERMONT,0.06314854,0.0
2036,46,0.0,0.0,VA,VIRGINIA,0.06314854,0.0
2036,47,1128064.4654390805,11269.322355467662,WA,WASHINGTON,0.06314854,71235624.0183584
2036,48,0.0,0.0,WV,WEST VIRGINIA,0.06314854,0.0
2036,49,387.5021469791577,1.348979703168451,WI,WISCONSIN,0.06314854,24470.19482859922
2036,50,222347.17178382244,2726.5865356808326,WY,WYOMING,0.06314854,14040899.271277584
2037,0,105.30239787218444,1.384531710224466,AL,ALABAMA,0.06324948,6660.321908168772
2037,2,3.5665810805049194,16.311755577578488,AZ,ARIZONA,0.06324948,225.5843987197743
2037,3,21857.5622573001,162.1265462006139,AR,ARKANSAS,0.06324948,1382479.4468418574
2037,4,11209.61067180796,538.5784802157708,CA,CALIFORNIA,0.06324948,709002.0459943042
2037,5,981705.5331057912,20024.183649231407,CO,COLORADO,0.06324948,62092364.482064076
2037,6,0.0,0.0,CT,CONNECTICUT,0.06324948,0.0
2037,7,5534.445773694561,62.662760660527184,DE,DELAWARE,0.06324948,350050.8172743786
2037,8,0.0,0.0,DC,DISTRICT OF COLUMBIA,0.06324948,0.0
2037,9,0.0,0.0,FL,FLORIDA,0.06324948,0.0
2037,10,0.0,0.0,GA,GEORGIA,0.06324948,0.0
2037,12,56394.97062531648,2310.818574351631,ID,IDAHO,0.06324948,3566952.566666542
2037,13,10767.684798269476,59.58071649717261,IL,ILLINOIS,0.06324948,681050.4642944493
2037,14,3009.73142383225,19.90799071065545,IN,INDIANA,0.06324948,190363.94749704943
2037,15,67.6852604829653,0.7770783358156235,IA,IOWA,0.06324948,4281.057529212104
2037,16,11858956.571339924,59721.89254024664,KS,KANSAS,0.06324948,750072836.479833
2037,17,0.0,0.0,KY,KENTUCKY,0.06324948,0.0
2037,18,0.0,0.0,LA,LOUISIANA,0.06324948,0.0
2037,19,0.0,0.0,ME,MAINE,0.06324948,0.0
2037,20,17619.711501237776,135.0770778482769,MD,MARYLAND,0.06324948,1114437.5902033087
2037,21,0.0,0.0,MA,MASSACHUSETTS,0.06324948,0.0
2037,22,471.2430279824296,3.816055064335843,MI,MICHIGAN,0.06324948,29805.87647351412
2037,23,35797.1300038241,146.8517253516318,MN,MINNESOTA,0.06324948,2264149.8582342723
2037,24,171.7912936512859,3.1131941531481635,MS,MISSISSIPPI,0.06324948,10865.709991971135
2037,25,148068.1742164318,1139.663083084078,MO,MISSOURI,0.06324948,9365235.023738718
2037,26,3344674.5761957746,31353.610543956835,MT,MONTANA,0.06324948,211548927.7136031
2037,27,1553104.497688012,10088.500414721106,NE,NEBRASKA,0.06324948,98233051.86442795
2037,28,3588.398824182152,449.0888436363013,NV,NEVADA,0.06324948,226964.35966213254
2037,29,0.0,0.0,NH,NEW HAMPSHIRE,0.06324948,0.0
2037,30,1523.4292569007546,31.951067721616447,NJ,NEW JERSEY,0.06324948,96356.10831575913
2037,31,41445.22687650324,848.1094829938036,NM,NEW MEXICO,0.06324948,2621389.0484208544
2037,32,0.0,0.0,NY,NEW YORK,0.06324948,0.0
2037,33,3189.061870428445,82.20942994247483,NC,NORTH CAROLINA,0.06324948,201706.50499242652
2037,34,2444253.7065792237,17212.92793601164,ND,NORTH DAKOTA,0.06324948,154597775.92920846
2037,35,39731.12857915556,264.4120036661792,OH,OHIO,0.06324948,2512973.2224447276
2037,36,1955054.5590192932,10998.195733645867,OK,OKLAHOMA,0.06324948,123656184.2295996
2037,37,1783654.8597071469,9321.467917290507,OR,OREGON,0.06324948,112815242.37595
2037,38,857.0561844158485,34.4452866572646,PA,PENNSYLVANIA,0.06324948,54208.357995086524
2037,39,0.0,0.0,RI,RHODE ISLAND,0.06324948,0.0
2037,40,797.2563106998473,22.42334616525185,SC,SOUTH CAROLINA,0.06324948,50426.047078483774
2037,41,204109.55759744448,2179.925682517627,SD,SOUTH DAKOTA,0.06324948,12909823.381068412
2037,42,0.0,0.0,TN,TENNESSEE,0.06324948,0.0
2037,43,1499408.466424141,8807.072956845666,TX,TEXAS,0.06324948,94836805.80892438
2037,44,17246.562297551864,1609.7220696887905,UT,UTAH,0.06324948,1090836.0971077606
2037,45,0.0,0.0,VT,VERMONT,0.06324948,0.0
2037,46,581.9596789009157,11.735731648063986,VA,VIRGINIA,0.06324948,36808.64707144989
2037,47,1028974.323828941,9405.470029609736,WA,WASHINGTON,0.06324948,65082090.91553212
2037,48,30.750515522643013,3.8566775743796433,WV,WEST VIRGINIA,0.06324948,1944.9541165390988
2037,49,2981.500846410835,8.013452645197003,WI,WISCONSIN,0.06324948,188578.37815504518
2037,50,196635.2719680258,2620.0768345370902,WY,WYOMING,0.06324948,12437078.701636208
2038,0,120.86667233350788,1.7276091845015769,AL,ALABAMA,0.06335042,7656.954456330104
2038,2,0.4391656765495499,2.0085238530239757,AZ,ARIZONA,0.06335042,27.82133005899814
2038,3,619363.5395981853,3426.161171042623,AR,ARKANSAS,0.06335042,39236940.36623167
2038,4,3849.544869640797,177.67104902867482,CA,CALIFORNIA,0.06335042,243870.28430058976
2038,5,952702.7790500456,18232.689604505027,CO,COLORADO,0.06335042,60354121.187987596
2038,6,0.0,0.0,CT,CONNECTICUT,0.06335042,0.0
2038,7,0.0,0.0,DE,DELAWARE,0.06335042,0.0
2038,8,0.0,0.0,DC,DISTRICT OF COLUMBIA,0.06335042,0.0
2038,9,0.0,0.0,FL,FLORIDA,0.06335042,0.0
2038,10,716.3639607869607,3.316860317288405,GA,GEORGIA,0.06335042,45381.95778871749
2038,12,39543.78985068414,1486.1957827020924,ID,IDAHO,0.06335042,2505115.6954325773
2038,13,5017.696994114189,80.78638123097627,IL,ILLINOIS,0.06335042,317873.2120098714
2038,14,1254.4729308471456,12.349578695528654,IN,INDIANA,0.06335042,79471.38704779763
2038,15,0.0,0.0,IA,IOWA,0.06335042,0.0
2038,16,11932269.652868949,54843.58095404404,KS,KANSAS,0.06335042,755914294.0625021
2038,17,1024.180821921232,22.23719110433478,KY,KENTUCKY,0.06335042,64882.28522465527
2038,18,132437.1336642994,592.0555660314692,LA,LOUISIANA,0.06335042,8389948.041229507
2038,19,0.0,0.0,ME,MAINE,0.06335042,0.0
2038,20,0.0,0.0,MD,MARYLAND,0.06335042,0.0
2038,21,0.0,0.0,MA,MASSACHUSETTS,0.06335042,0.0
2038,22,3851.389326991575,95.80833766914677,MI,MICHIGAN,0.06335042,243987.13144843365
2038,23,290526.2223735823,2396.3318568910536,MN,MINNESOTA,0.06335042,18404958.20837984
2038,24,9749.511984772773,61.28827626050911,MS,MISSISSIPPI,0.06335042,617635.6790303888
2038,25,32469.97235712588,322.06074021104416,MO,MISSOURI,0.06335042,2056986.3862123145
2038,26,5362092.324064438,48207.72709239922,MT,MONTANA,0.06335042,339690800.8082583
2038,27,1132669.374462831,8975.06568680533,NE,NEBRASKA,0.06335042,71755080.59335762
2038,28,1834.2767172548977,227.24567192274264,NV,NEVADA,0.06335042,116202.20043431902
2038,29,0.0,0.0,NH,NEW HAMPSHIRE,0.06335042,0.0
2038,30,61.66199042117079,0.5670215896299088,NJ,NEW JERSEY,0.06335042,3906.3129912171466
2038,31,55504.27932783232,907.6405895353524,NM,NEW MEXICO,0.06335042,3516219.407215495
2038,32,91.48546803883684,0.5504605596885028,NY,NEW YORK,0.06335042,5795.642824156891
2038,33,13.034474837277504,0.7241045988401897,NC,NORTH CAROLINA,0.06335042,825.7394554209616
2038,34,6027357.615114439,32785.52266703154,ND,NORTH DAKOTA,0.06335042,381835636.4076981
2038,35,3400.1280751962613,27.423424488332024,OH,OHIO,0.06335042,215399.54161747475
2038,36,7619163.029516652,33087.11485931491,OK,OKLAHOMA,0.06335042,482677177.9683523
2038,37,1176106.1247266664,7149.896630292151,OR,OREGON,0.06335042,74506816.96600671
2038,38,0.0,0.0,PA,PENNSYLVANIA,0.06335042,0.0
2038,39,0.0,0.0,RI,RHODE ISLAND,0.06335042,0.0
2038,40,5819.661944672122,34.29242421220056,SC,SOUTH CAROLINA,0.06335042,368678.02845299576
2038,41,1204297.1922736368,9275.14622824768,SD,SOUTH DAKOTA,0.06335042,76292732.93535565
2038,42,22082.08313516882,185.20092517683057,TN,TENNESSEE,0.06335042,1398909.2410878616
2038,43,3547410.879324712,20034.12533607879,TX,TEXAS,0.06335042,224729969.11778983
2038,44,17332.83122257669,1581.3266220658472,UT,UTAH,0.06335042,1098042.1377393468
2038,45,0.0,0.0,VT,VERMONT,0.06335042,0.0
2038,46,0.0,0.0,VA,VIRGINIA,0.06335042,0.0
2038,47,1082422.724906946,10517.396881874338,WA,WASHINGTON,0.06335042,68571934.24039951
2038,48,0.0,0.0,WV,WEST VIRGINIA,0.06335042,0.0
2038,49,13059.25757670031,75.36323944783501,WI,WISCONSIN,0.06335042,827309.452372147
2038,50,234781.86291202105,2924.9091786205327,WY,WYOMING,0.06335042,14873529.623858957
2039,0,3121.979787620315,32.307317378283585,AL,ALABAMA,0.06345136,198093.86341702015
2039,2,1.4778817114006193,6.7590907664231485,AZ,ARIZONA,0.06345136,93.7736045074968
2039,3,30659.198497089517,249.8728091015641,AR,ARKANSAS,0.06345136,1945367.841150286
2039,4,10104.988929628376,517.9515182363665,CA,CALIFORNIA,0.06345136,641175.2903698648
2039,5,983003.7593249078,16855.042020821988,CO,COLORADO,0.06345136,62372925.41427808
2039,6,0.0,0.0,CT,CONNECTICUT,0.06345136,0.0
2039,7,215.7237424119573,6.58441688436502,DE,DELAWARE,0.06345136,13687.96484032837
2039,8,0.0,0.0,DC,DISTRICT OF COLUMBIA,0.06345136,0.0
2039,9,526.2772471717127,4.711603546882042,FL,FLORIDA,0.06345136,33393.007070101325
2039,10,5179.2282769456815,57.6380377144389,GA,GEORGIA,0.06345136,328629.0779226601
2039,12,128165.90343195196,4164.251049982001,ID,IDAHO,0.06345136,8132300.878386019
2039,13,118558.6215838598,1222.326087920857,IL,ILLINOIS,0.06345136,7522705.779221258
2039,14,67971.58147533183,515.1394871728991,IN,INDIANA,0.06345136,4312889.285960611
2039,15,0.0,0.0,IA,IOWA,0.06345136,0.0
2039,16,7964919.09415439,43913.90341614594,KS,KANSAS,0.06345136,505384948.814064
2039,17,14701.131091695675,195.33404417180856,KY,KENTUCKY,0.06345136,932806.7613063753
2039,18,43824.2496320642,317.841893413808,LA,LOUISIANA,0.06345136,2780708.2401339733
2039,19,0.0,0.0,ME,MAINE,0.06345136,0.0
2039,20,17728.20669706072,190.265599016784,MD,MARYLAND,0.06345136,1124878.8252896105
2039,21,0.0,0.0,MA,MASSACHUSETTS,0.06345136,0.0
2039,22,16798.385703083186,210.98455145052932,MI,MICHIGAN,0.06345136,1065880.4186651844
2039,23,402196.86334424105,2007.0750023186808,MN,MINNESOTA,0.06345136,25519937.96692624
2039,24,20162.7877029044,137.41388101427972,MS,MISSISSIPPI,0.06345136,1279356.30114056
2039,25,18201.375312307435,159.86999104391626,MO,MISSOURI,0.06345136,1154902.0174363316
2039,26,5218492.164113152,41835.46976727824,MT,MONTANA,0.06345136,331120424.96232265
2039,27,938256.699866824,6770.860158408774,NE,NEBRASKA,0.06345136,59533663.635661796
2039,28,5440.254699277965,680.3034509171383,NV,NEVADA,0.06345136,345191.5594155779
2039,29,0.0,0.0,NH,NEW HAMPSHIRE,0.06345136,0.0
2039,30,3918.078170791769,61.8680672295433,NJ,NEW JERSEY,0.06345136,248607.38852305
2039,31,21771.83425124346,381.8123100618439,NM,NEW MEXICO,0.06345136,1381452.4929359793
2039,32,741.9945324452248,8.005314158704468,NY,NEW YORK,0.06345136,47080.562196213636
2039,33,22382.764098413296,264.3853669717613,NC,NORTH CAROLINA,0.06345136,1420216.8226034974
2039,34,1914988.2788667053,10800.794497399687,ND,NORTH DAKOTA,0.06345136,121508610.6781517
2039,35,90863.29716128984,395.2479876872085,OH,OHIO,0.06345136,5765399.778967979
2039,36,1947203.61791823,12359.949428442984,OK,OKLAHOMA,0.06345136,123552717.75383204
2039,37,2401748.307278745,12382.585665427436,OR,OREGON,0.06345136,152394196.47453424
2039,38,18806.44877646185,281.1525137114935,PA,PENNSYLVANIA,0.06345136,1193294.7516368404
2039,39,0.0,0.0,RI,RHODE ISLAND,0.06345136,0.0
2039,40,856.1827517304305,18.536559748296327,SC,SOUTH CAROLINA,0.06345136,54325.96000583817
2039,41,399324.6928390783,3666.864985097544,SD,SOUTH DAKOTA,0.06345136,25337694.842221778
2039,42,10148.121975095128,146.75492770436676,TN,TENNESSEE,0.06345136,643912.1407656719
2039,43,908685.6707179,6488.0850401888665,TX,TEXAS,0.06345136,57657341.61956293
2039,44,22282.76873767894,2043.0874346351725,UT,UTAH,0.06345136,1413871.980971212
2039,45,0.0,0.0,VT,VERMONT,0.06345136,0.0
2039,46,18136.318720287178,157.64912739677789,VA,VIRGINIA,0.06345136,1150774.0881956809
2039,47,1784532.9600990713,17184.139943667993,WA,WASHINGTON,0.06345136,113231043.28311181
2039,48,1570.1968806248983,17.41014173926352,WV,WEST VIRGINIA,0.06345136,99631.12754340743
2039,49,1782.859102292063,6.360119167208894,WI,WISCONSIN,0.06345136,113124.83472881051
2039,50,156082.42253142362,2204.1591961595573,WY,WYOMING,0.06345136,9903641.981713472
2040,0,14366.138531636589,93.3462079077688,AL,ALABAMA,0.0635523,913001.145804128
2040,2,1.6057076242154718,7.343702471373243,AZ,ARIZONA,0.0635523,102.04641264642893
2040,3,338576.89178815513,2777.959566581104,AR,ARKANSAS,0.0635523,21517340.199988373
2040,4,9680.851112602886,473.7722241830799,CA,CALIFORNIA,0.0635523,615240.3541634724
2040,5,1328607.7605485448,22182.41187426578,CO,COLORADO,0.0635523,84436078.9807093
2040,6,0.0,0.0,CT,CONNECTICUT,0.0635523,0.0
2040,7,0.0,0.0,DE,DELAWARE,0.0635523,0.0
2040,8,0.0,0.0,DC,DISTRICT OF COLUMBIA,0.0635523,0.0
2040,9,2632.3590875519044,16.037034826834088,FL,FLORIDA,0.0635523,167292.4744398249
2040,10,82474.233971302,562.7428774661123,GA,GEORGIA,0.0635523,5241427.259614376
2040,12,198206.15572877656,6540.629409456769,ID,IDAHO,0.0635523,12596457.070721928
2040,13,387285.6963895302,2147.071964359809,IL,ILLINOIS,0.0635523,24612896.762656342
2040,14,136112.99147541594,847.6897651553596,IN,INDIANA,0.0635523,8650293.668143077
2040,15,107.5347532676168,1.5116844911490337,IA,IOWA,0.0635523,6834.080900089563
2040,16,11629298.42261187,51587.87293418062,KS,KANSAS,0.0635523,739068662.1433564
2040,17,7981.102545676263,301.36668845488754,KY,KENTUCKY,0.0635523,507217.4233135816
2040,18,168327.49397600116,854.6737560415254,LA,LOUISIANA,0.0635523,10697599.39541102
2040,19,0.0,0.0,ME,MAINE,0.0635523,0.0
2040,20,0.0,0.0,MD,MARYLAND,0.0635523,0.0
2040,21,0.0,0.0,MA,MASSACHUSETTS,0.0635523,0.0
2040,22,15349.64245458883,181.6084584632917,MI,MICHIGAN,0.0635523,975505.0821667657
2040,23,1315242.5496153585,6955.968974346684,MN,MINNESOTA,0.0635523,83586689.08592014
2040,24,88892.54338497989,435.0589543538896,MS,MISSISSIPPI,0.0635523,5649325.584965258
2040,25,83109.70029421421,938.0128630144366,MO,MISSOURI,0.0635523,5281812.60600799
2040,26,8504958.420373773,54161.764548307336,MT,MONTANA,0.0635523,540509669.0191202
2040,27,1781976.4510749546,10352.979881872478,NE,NEBRASKA,0.0635523,113248702.01165085
2040,28,7853.351018164176,992.2624477577644,NV,NEVADA,0.0635523,499098.5199116752
2040,29,0.0,0.0,NH,NEW HAMPSHIRE,0.0635523,0.0
2040,30,92.39677764680634,4.964970694792334,NJ,NEW JERSEY,0.0635523,5872.027732043131
2040,31,46020.251261794656,913.1339952866946,NM,NEW MEXICO,0.0635523,2924692.8142649527
2040,32,0.0,0.0,NY,NEW YORK,0.0635523,0.0
2040,33,1267.809052973281,71.87827265577259,NC,NORTH CAROLINA,0.0635523,80572.18127727386
2040,34,4698164.548893198,22928.10378699713,ND,NORTH DAKOTA,0.0635523,298579162.8606252
2040,35,70859.26940980155,802.1222947709964,OH,OHIO,0.0635523,4503269.547312531
2040,36,4383754.67576901,26302.44146115609,OK,OKLAHOMA,0.0635523,278597692.28087485
2040,37,2730626.932428646,13788.576338101784,OR,OREGON,0.0635523,173537621.99778506
2040,38,24.3423272699591,3.163501099410709,PA,PENNSYLVANIA,0.0635523,1547.0108853586219
2040,39,0.0,0.0,RI,RHODE ISLAND,0.0635523,0.0
2040,40,45093.039345711775,322.6001200411379,SC,SOUTH CAROLINA,0.0635523,2865766.3644104786
2040,41,1330483.5019100988,8383.931533402018,SD,SOUTH DAKOTA,0.0635523,84555286.65844119
2040,42,26640.035568119416,256.07205950549604,TN,TENNESSEE,0.0635523,1693035.5324357955
2040,43,2021399.652396438,15874.764808522224,TX,TEXAS,0.0635523,128464597.12899415
2040,44,30708.31730138089,2785.766167601142,UT,UTAH,0.0635523,1951584.1936325487
2040,45,0.0,0.0,VT,VERMONT,0.0635523,0.0
2040,46,0.0,0.0,VA,VIRGINIA,0.0635523,0.0
2040,47,1522096.8442381583,15469.123270703782,WA,WASHINGTON,0.0635523,96732755.27407672
2040,48,55.37487260615757,1.0096192721184456,WV,WEST VIRGINIA,0.0635523,3519.200516328308
2040,49,6509.00707388475,71.80217062870626,WI,WISCONSIN,0.0635523,413662.3702616458
2040,50,281888.6509430934,3540.5860870934616,WY,WYOMING,0.0635523,17914672.11133076
2041,0,114.22211655931966,10.501460158161288,AL,ALABAMA,0.0636276,7267.6791435897685
2041,2,1.49942261935902,6.857608090887508,AZ,ARIZONA,0.0636276,95.40466265552799
2041,3,338115.06611766666,3432.8798117143706,AR,ARKANSAS,0.0636276,21513450.18090845
2041,4,8030.963803851775,375.98043310254207,CA,CALIFORNIA,0.0636276,510990.95252595923
2041,5,1337269.3748147534,21421.607301278626,CO,COLORADO,0.0636276,85087240.87296322
2041,6,0.0,0.0,CT,CONNECTICUT,0.0636276,0.0
2041,7,39.80405764119968,15.32826264274198,DE,DELAWARE,0.0636276,2532.6366579711967
2041,8,0.0,0.0,DC,DISTRICT OF COLUMBIA,0.0636276,0.0
2041,9,0.0,0.0,FL,FLORIDA,0.0636276,0.0
2041,10,137.61122708595272,4.914519930168056,GA,GEORGIA,0.0636276,8755.872112534167
2041,12,246024.90865538683,7649.224408345014,ID,IDAHO,0.0636276,15653974.477961494
2041,13,414719.08708644914,2235.931378563901,IL,ILLINOIS,0.0636276,26387580.185501754
2041,14,200863.5750822044,1178.1635422960037,IN,INDIANA,0.0636276,12780467.20990047
2041,15,161.12477502375924,1.7464104368389255,IA,IOWA,0.0636276,10251.982735301746
2041,16,8265376.553136754,40947.43191771501,KS,KANSAS,0.0636276,525906073.1723642
2041,17,21105.742402298856,749.9857257914597,KY,KENTUCKY,0.0636276,1342907.735276511
2041,18,68828.90263355925,564.9931763723523,LA,LOUISIANA,0.0636276,4379417.885207055
2041,19,0.0,0.0,ME,MAINE,0.0636276,0.0
2041,20,576.0933310919004,12.9115159790582,MD,MARYLAND,0.0636276,36655.436033383005
2041,21,0.0,0.0,MA,MASSACHUSETTS,0.0636276,0.0
2041,22,34690.97573896952,202.95548050439135,MI,MICHIGAN,0.0636276,2207303.527928857
2041,23,351743.79510202934,2197.426611948735,MN,MINNESOTA,0.0636276,22380613.497233883
2041,24,24930.41001238593,199.10413933985623,MS,MISSISSIPPI,0.0636276,1586262.1561040871
2041,25,124859.52597547352,1201.7448197198976,MO,MISSOURI,0.0636276,7944511.97495704
2041,26,9091071.14566704,58869.94739324189,MT,MONTANA,0.0636276,578443038.4280442
2041,27,1543347.64935577,9692.57588683322,NE,NEBRASKA,0.0636276,98199506.89414921
2041,28,8800.035724792277,1090.2226542009066,NV,NEVADA,0.0636276,559925.1530827931
2041,29,0.0,0.0,NH,NEW HAMPSHIRE,0.0636276,0.0
2041,30,1434.333359885553,57.86745885755512,NJ,NEW JERSEY,0.0636276,91263.18928945402
2041,31,56566.99225751389,947.6109829555992,NM,NEW MEXICO,0.0636276,3599221.9565641913
2041,32,39.32896530519731,7.127293774419092,NY,NEW YORK,0.0636276,2502.4076728529726
2041,33,7080.430612533943,283.0482312037976,NC,NORTH CAROLINA,0.0636276,450510.8068420647
2041,34,3990975.706386385,18895.97678544686,ND,NORTH DAKOTA,0.0636276,253936205.85567036
2041,35,150381.34194749122,1928.3882486660889,OH,OHIO,0.0636276,9568403.872898193
2041,36,2180535.9680185807,12385.627934463802,OK,OKLAHOMA,0.0636276,138742270.35869908
2041,37,3110899.013505323,14423.724042477825,OR,OREGON,0.0636276,197939038.0717113
2041,38,690.824156512983,45.59407953573088,PA,PENNSYLVANIA,0.0636276,43955.48310094549
2041,39,0.0,0.0,RI,RHODE ISLAND,0.0636276,0.0
2041,40,1881.5357458650344,92.23755306838656,SC,SOUTH CAROLINA,0.0636276,119717.60382360207
2041,41,1270308.517417741,7620.359297359828,SD,SOUTH DAKOTA,0.0636276,80826682.22284907
2041,42,25934.81703068364,400.5565464106915,TN,TENNESSEE,0.0636276,1650170.1641015266
2041,43,2085383.482285709,12593.768058653992,TX,TEXAS,0.0636276,132687946.05748218
2041,44,29349.3292426218,2678.6182127380803,UT,UTAH,0.0636276,1867427.381317843
2041,45,0.0,0.0,VT,VERMONT,0.0636276,0.0
2041,46,1024.0747072866632,20.942097306334045,VA,VIRGINIA,0.0636276,65159.415845352894
2041,47,2547690.0517781014,21862.846352659017,WA,WASHINGTON,0.0636276,162103403.53851634
2041,48,32.114036182505885,0.7344089246182446,WV,WEST VIRGINIA,0.0636276,2043.3390486060118
2041,49,23380.937830008268,113.54489508716397,WI,WISCONSIN,0.0636276,1487672.9598726342
2041,50,343147.80301330023,4042.6313788764382,WY,WYOMING,0.0636276,21833671.151009064
2042,0,3851.350246849124,35.03565215118559,AL,ALABAMA,0.0637029,245342.17964000508
2042,2,1.6519783523930114,7.566070386672603,AZ,ARIZONA,0.0637029,105.23581178465678
2042,3,75811.62844040166,1056.8954615326743,AR,ARKANSAS,0.0637029,4829420.585376063
2042,4,16460.98998241724,779.8683223528767,CA,CALIFORNIA,0.0637029,1048612.7987509272
2042,5,1498401.750235679,25820.649668558723,CO,COLORADO,0.0637029,95452536.85508846
2042,6,0.0,0.0,CT,CONNECTICUT,0.0637029,0.0
2042,7,17114.20770828498,178.80496496134143,DE,DELAWARE,0.0637029,1090224.6622201072
2042,8,0.0,0.0,DC,DISTRICT OF COLUMBIA,0.0637029,0.0
2042,9,0.0,0.0,FL,FLORIDA,0.0637029,0.0
2042,10,14375.832133321475,142.40573493971132,GA,GEORGIA,0.0637029,915782.1968057647
2042,12,180234.08020366775,5644.22270097885,ID,IDAHO,0.0637029,11481433.587806229
2042,13,105345.81172260674,1210.3931435989275,IL,ILLINOIS,0.0637029,6710833.709584045
2042,14,70121.63199961104,620.4010416715382,IN,INDIANA,0.0637029,4466951.311108022
2042,15,544.1553221494758,1.981027142237089,IA,IOWA,0.0637029,34664.272071355845
2042,16,13625107.873507809,61006.68530748205,KS,KANSAS,0.0637029,867958884.3552806
2042,17,18227.18101678128,764.502557372228,KY,KENTUCKY,0.0637029,1161124.2895939164
2042,18,44555.82318624415,383.947061840048,LA,LOUISIANA,0.0637029,2838335.148850993
2042,19,0.0,0.0,ME,MAINE,0.0637029,0.0
2042,20,33196.80304829265,314.45800614058743,MD,MARYLAND,0.0637029,2114732.624905082
2042,21,0.0,0.0,MA,MASSACHUSETTS,0.0637029,0.0
2042,22,9942.41227196165,218.31239909361423,MI,MICHIGAN,0.0637029,633360.4947195458
2042,23,1271882.6208301976,5129.924516387749,MN,MINNESOTA,0.0637029,81022611.40648401
2042,24,18405.05864410569,127.02223267828782,MS,MISSISSIPPI,0.0637029,1172455.6102996005
2042,25,31574.927006954647,449.59064684880536,MO,MISSOURI,0.0637029,2011414.4176313314
2042,26,7938835.458922122,52788.4978325817,MT,MONTANA,0.0637029,505726841.3561701
2042,27,1899481.8731648684,11037.312487583964,NE,NEBRASKA,0.0637029,121002503.8180343
2042,28,7367.200065301085,912.7108866835006,NV,NEVADA,0.0637029,469312.00903986854
2042,29,0.0,0.0,NH,NEW HAMPSHIRE,0.0637029,0.0
2042,30,1283.9607302017362,35.1248341821472,NJ,NEW JERSEY,0.0637029,81792.02199996819
2042,31,84172.17993610674,1680.5988038095356,NM,NEW MEXICO,0.0637029,5362011.961251815
2042,32,0.0,0.0,NY,NEW YORK,0.0637029,0.0
2042,33,118707.34574753697,1142.5376591546806,NC,NORTH CAROLINA,0.0637029,7562002.175420774
2042,34,8900464.027384812,32659.130672531734,ND,NORTH DAKOTA,0.0637029,566985369.890092
2042,35,103807.7650557706,1068.6158423275815,OH,OHIO,0.0637029,6612855.676571249
2042,36,5163410.693177464,36450.74705808819,OK,OKLAHOMA,0.0637029,328924235.04641473
2042,37,2621957.016517222,13171.28596421555,OR,OREGON,0.0637029,167026265.62749496
2042,38,1677.965725865262,88.95145527396954,PA,PENNSYLVANIA,0.0637029,106891.2828382222
2042,39,0.0,0.0,RI,RHODE ISLAND,0.0637029,0.0
2042,40,29783.89726931953,358.6823453206343,SC,SOUTH CAROLINA,0.0637029,1897320.6293577352
2042,41,3004714.987788095,13348.15163889954,SD,SOUTH DAKOTA,0.0637029,191409058.39556625
2042,42,36350.01112290671,407.7456821654276,TN,TENNESSEE,0.0637029,2315601.1235614144
2042,43,2705772.9355012462,18094.721126112785,TX,TEXAS,0.0637029,172365582.73294237
2042,44,29746.666544434396,2697.385789609526,UT,UTAH,0.0637029,1894948.92421345
2042,45,0.0,0.0,VT,VERMONT,0.0637029,0.0
2042,46,36058.037633887936,270.3641916076491,VA,VIRGINIA,0.0637029,2297001.5655878005
2042,47,1845402.0047154208,17429.075475582613,WA,WASHINGTON,0.0637029,117557459.366186
2042,48,173.71710782918612,7.7067149864415585,WV,WEST VIRGINIA,0.0637029,11066.283548331861
2042,49,4998.838186515384,62.9140301450423,WI,WISCONSIN,0.0637029,318440.48911177093
2042,50,352495.53019312304,4098.005538557097,WY,WYOMING,0.0637029,22454987.5103395
2043,0,0.0,0.0,AL,ALABAMA,0.0637782,0.0
2043,2,1.670373599337457,7.639452254307175,AZ,ARIZONA,0.0637782,106.5334214932642
2043,3,77125.63575330871,1082.6676506103745,AR,ARKANSAS,0.0637782,4918934.222201673
2043,4,7594.838867172489,351.88604237536583,CA,CALIFORNIA,0.0637782,484385.15223830036
2043,5,981598.064892484,19269.06799546275,CO,COLORADO,0.0637782,62604557.70232581
2043,6,0.0,0.0,CT,CONNECTICUT,0.0637782,0.0
2043,7,0.0,0.0,DE,DELAWARE,0.0637782,0.0
2043,8,0.0,0.0,DC,DISTRICT OF COLUMBIA,0.0637782,0.0
2043,9,0.0,0.0,FL,FLORIDA,0.0637782,0.0
2043,10,73.86768716208569,1.4980849808365744,GA,GEORGIA,0.0637782,4711.148125360933
2043,12,231347.07399564623,7021.370760308551,ID,IDAHO,0.0637782,14754899.954709124
2043,13,207074.0624191437,1627.9940429821536,IL,ILLINOIS,0.0637782,13206810.96778063
2043,14,49611.93753040089,507.9161307869908,IN,INDIANA,0.0637782,3164160.074201414
2043,15,303.76028383295267,2.2303349240107733,IA,IOWA,0.0637782,19373.28413435482
2043,16,7914870.999261834,50667.29334105099,KS,KANSAS,0.0637782,504796225.56512105
2043,17,0.0,0.0,KY,KENTUCKY,0.0637782,0.0
2043,18,55596.56315629024,339.9897607660751,LA,LOUISIANA,0.0637782,3545848.7242945097
2043,19,0.0,0.0,ME,MAINE,0.0637782,0.0
2043,20,0.0,0.0,MD,MARYLAND,0.0637782,0.0
2043,21,0.0,0.0,MA,MASSACHUSETTS,0.0637782,0.0
2043,22,915.001665014145,4.13327274068103,MI,MICHIGAN,0.0637782,58357.15919160514
2043,23,1799807.5547774038,8162.041902498486,MN,MINNESOTA,0.0637782,114788486.1901042
2043,24,87.32940395786991,2.2173986069758365,MS,MISSISSIPPI,0.0637782,5569.712191505819
2043,25,31502.219581390986,608.2109541576232,MO,MISSOURI,0.0637782,2009154.8609058703
2043,26,9490426.9618309,59890.028641756144,MT,MONTANA,0.0637782,605282348.8570434
2043,27,1423816.8526050318,10425.6184770139,NE,NEBRASKA,0.0637782,90808475.98881422
2043,28,8165.80182275293,1011.6484086308008,NV,NEVADA,0.0637782,520800.1418119009
2043,29,0.0,0.0,NH,NEW HAMPSHIRE,0.0637782,0.0
2043,30,0.0,0.0,NJ,NEW JERSEY,0.0637782,0.0
2043,31,64568.53471262706,1162.7784504628312,NM,NEW MEXICO,0.0637782,4118064.9206088707
2043,32,0.0,0.0,NY,NEW YORK,0.0637782,0.0
2043,33,0.0,0.0,NC,NORTH CAROLINA,0.0637782,0.0
2043,34,6191363.889240413,30373.433776124195,ND,NORTH DAKOTA,0.0637782,394874044.40075284
2043,35,10692.359140742105,109.79886831744837,OH,OHIO,0.0637782,681939.419750078
2043,36,6964489.033648041,41349.089929874666,OK,OKLAHOMA,0.0637782,444182574.4858114
2043,37,2571190.625052783,13348.38841973819,OR,OREGON,0.0637782,163985909.92274138
2043,38,0.0,0.0,PA,PENNSYLVANIA,0.0637782,0.0
2043,39,0.0,0.0,RI,RHODE ISLAND,0.0637782,0.0
2043,40,0.0,0.0,SC,SOUTH CAROLINA,0.0637782,0.0
2043,41,2297241.66079654,12445.703425423406,SD,SOUTH DAKOTA,0.0637782,146513938.09061387
2043,42,69.3248357001351,7.345235835863273,TN,TENNESSEE,0.0637782,4421.413236250356
2043,43,2769839.6139681805,23408.425573071152,TX,TEXAS,0.0637782,176655384.8675854
2043,44,28729.45392184385,2609.627967879422,UT,UTAH,0.0637782,1832312.8581181415
2043,45,0.0,0.0,VT,VERMONT,0.0637782,0.0
2043,46,0.0,0.0,VA,VIRGINIA,0.0637782,0.0
2043,47,1642295.0456363326,15671.43405562822,WA,WASHINGTON,0.0637782,104742621.87960313
2043,48,0.0,0.0,WV,WEST VIRGINIA,0.0637782,0.0
2043,49,24937.201874108818,170.97081005104295,WI,WISCONSIN,0.0637782,1590449.8485672867
2043,50,304116.48099353304,3719.901157787434,WY,WYOMING,0.0637782,19396001.748101745
2044,0,165.3133170458597,15.870064705934862,AL,ALABAMA,0.0638535,10555.833889987802
2044,2,1.8876750449354565,8.633280233327138,AZ,ARIZONA,0.0638535,120.53465848178617
2044,3,89645.43447873463,931.1255084926024,AR,ARKANSAS,0.0638535,5724174.750487881
2044,4,16946.344125254014,816.7352118593212,CA,CALIFORNIA,0.0638535,1082083.3846019069
2044,5,977731.9649521154,21148.56343152043,CO,COLORADO,0.0638535,62431608.0240699
2044,6,0.0,0.0,CT,CONNECTICUT,0.0638535,0.0
2044,7,0.0,0.0,DE,DELAWARE,0.0638535,0.0
2044,8,0.0,0.0,DC,DISTRICT OF COLUMBIA,0.0638535,0.0
2044,9,19.859283107328164,0.7299651229737785,FL,FLORIDA,0.0638535,1268.0847338937788
2044,10,39.80085585686852,5.254081642083944,GA,GEORGIA,0.0638535,2541.423949456554
2044,12,172932.12348827126,5483.561847585379,ID,IDAHO,0.0638535,11042321.347158328
2044,13,331194.1433876373,2115.4408548066094,IL,ILLINOIS,0.0638535,21147905.234802492
2044,14,69510.99352891477,766.6812919641634,IN,INDIANA,0.0638535,4438520.225298558
2044,15,419.42686795102856,2.479567497081188,IA,IOWA,0.0638535,26781.873512711
2044,16,10700041.430738658,60221.13056647782,KS,KANSAS,0.0638535,683235095.4976708
2044,17,5684.253527780221,165.37255090341836,KY,KENTUCKY,0.0638535,362959.4826361143
2044,18,4480.7954898418775,65.79077161505367,LA,LOUISIANA,0.0638535,286114.47481061827
2044,19,0.0,0.0,ME,MAINE,0.0638535,0.0
2044,20,0.0,0.0,MD,MARYLAND,0.0638535,0.0
2044,21,0.0,0.0,MA,MASSACHUSETTS,0.0638535,0.0
2044,22,8809.531584551063,125.75119777248035,MI,MICHIGAN,0.0638535,562519.4250341312
2044,23,1002465.4074695451,5115.265711696945,MN,MINNESOTA,0.0638535,64010924.8958566
2044,24,10366.658380716011,125.50700702587947,MS,MISSISSIPPI,0.0638535,661947.4209130497
2044,25,83044.3848882085,1093.7508352872474,MO,MISSOURI,0.0638535,5302674.63045922
2044,26,6972986.783534492,50914.17640876055,MT,MONTANA,0.0638535,445249611.5824197
2044,27,1697175.6846700397,11622.648431768092,NE,NEBRASKA,0.0638535,108370607.58107837
2044,28,7623.715798224639,950.5012929754644,NV,NEVADA,0.0638535,486800.936721937
2044,29,0.0,0.0,NH,NEW HAMPSHIRE,0.0638535,0.0
2044,30,310.2382020116221,12.28175299982308,NJ,NEW JERSEY,0.0638535,19809.795032149108
2044,31,51921.98507850383,869.006674878236,NM,NEW MEXICO,0.0638535,3315400.474210244
2044,32,0.0,0.0,NY,NEW YORK,0.0638535,0.0
2044,33,4.5094195986645484,0.7241770152438799,NC,NORTH CAROLINA,0.0638535,287.9422243433267
2044,34,2334134.7338938,13749.00190501302,ND,NORTH DAKOTA,0.0638535,149042672.23068777
2044,35,15858.622078201844,308.258371438739,OH,OHIO,0.0638535,1012628.5248704614
2044,36,5846916.216878185,31549.053551771143,OK,OKLAHOMA,0.0638535,373346064.65443116
2044,37,1941896.257404868,10699.046191869413,OR,OREGON,0.0638535,123996872.67220174
2044,38,7.874844595519782,0.2804621646076591,PA,PENNSYLVANIA,0.0638535,502.83638938002235
2044,39,0.0,0.0,RI,RHODE ISLAND,0.0638535,0.0
2044,40,166.1971308799583,7.394781209872222,SC,SOUTH CAROLINA,0.0638535,10612.268496643417
2044,41,2282726.26808992,14352.290589905857,SD,SOUTH DAKOTA,0.0638535,145760061.7594797
2044,42,24700.099493040965,254.88170722246585,TN,TENNESSEE,0.0638535,1577187.802978891
2044,43,2823454.733131003,16646.425038515466,TX,TEXAS,0.0638535,180287466.80198047
2044,44,26352.29027382912,2389.590267354886,UT,UTAH,0.0638535,1682685.9669999476
2044,45,0.0,0.0,VT,VERMONT,0.0638535,0.0
2044,46,0.0,0.0,VA,VIRGINIA,0.0638535,0.0
2044,47,2048273.9962768387,19103.52414268637,WA,WASHINGTON,0.0638535,130789463.62126312
2044,48,0.0,0.0,WV,WEST VIRGINIA,0.0638535,0.0
2044,49,1640.3207865544564,29.67180250895036,WI,WISCONSIN,0.0638535,104740.22334425498
2044,50,165812.55270469052,3051.4080253244983,WY,WYOMING,0.0638535,10587711.834128955
2045,0,14.62895689942568,2.1384139377470204,AL,ALABAMA,0.0639288,935.2116598320042
2045,2,0.020899980572333,0.095586043602231,AZ,ARIZONA,0.0639288,1.3361106780125618
2045,3,638186.9876534399,3819.5434519674336,AR,ARKANSAS,0.0639288,40798528.29629923
2045,4,3708.89199676668,171.17938720404646,CA,CALIFORNIA,0.0639288,237105.01468289774
2045,5,990682.0108806002,19394.423193246854,CO,COLORADO,0.0639288,63333112.13718371
2045,6,0.0,0.0,CT,CONNECTICUT,0.0639288,0.0
2045,7,0.0,0.0,DE,DELAWARE,0.0639288,0.0
2045,8,0.0,0.0,DC,DISTRICT OF COLUMBIA,0.0639288,0.0
2045,9,0.0,0.0,FL,FLORIDA,0.0639288,0.0
2045,10,0.0,0.0,GA,GEORGIA,0.0639288,0.0
2045,12,61701.38192288858,2413.181343132614,ID,IDAHO,0.0639288,3944495.304671959
2045,13,617366.1148137404,2388.783725208069,IL,ILLINOIS,0.0639288,39467474.88070464
2045,14,71880.58687875641,474.5609201826664,IN,INDIANA,0.0639288,4595239.662454642
2045,15,1081.2707465309925,2.699618088823692,IA,IOWA,0.0639288,69124.3413008305
2045,16,7390026.025724243,58047.63681193039,KS,KANSAS,0.0639288,472435495.79331994
2045,17,8760.38760141033,135.87804500397232,KY,KENTUCKY,0.0639288,560041.0668930406
2045,18,82838.15318541252,531.0395300657361,LA,LOUISIANA,0.0639288,5295743.727359599
2045,19,0.0,0.0,ME,MAINE,0.0639288,0.0
2045,20,0.0,0.0,MD,MARYLAND,0.0639288,0.0
2045,21,0.0,0.0,MA,MASSACHUSETTS,0.0639288,0.0
2045,22,24026.04627237303,218.8892308781991,MI,MICHIGAN,0.0639288,1535956.306937281
2045,23,78160.12556691273,661.2139948882626,MN,MINNESOTA,0.0639288,4996683.03534205
2045,24,24147.04439887138,190.35220822936856,MS,MISSISSIPPI,0.0639288,1543691.5719665685
2045,25,281323.49426166713,1382.2194524934862,MO,MISSOURI,0.0639288,17984673.399955265
2045,26,4880803.109618336,36932.39718021329,MT,MONTANA,0.0639288,312023885.8341686
2045,27,622616.8955461447,6184.83993918465,NE,NEBRASKA,0.0639288,39803150.99199037
2045,28,4114.08110483728,510.3133339030472,NV,NEVADA,0.0639288,263008.26813492144
2045,29,0.0,0.0,NH,NEW HAMPSHIRE,0.0639288,0.0
2045,30,234.6035797949694,4.907316242201827,NJ,NEW JERSEY,0.0639288,14997.925331996637
2045,31,37887.839033186494,620.9628757518099,NM,NEW MEXICO,0.0639288,2422124.0839847727
2045,32,0.0,0.0,NY,NEW YORK,0.0639288,0.0
2045,33,51.40763272166259,2.3051289270736155,NC,NORTH CAROLINA,0.0639288,3286.428270736623
2045,34,2581874.0183066926,14295.312259171753,ND,NORTH DAKOTA,0.0639288,165056107.74152488
2045,35,67886.2930754222,356.9965265252681,OH,OHIO,0.0639288,4339889.25276005
2045,36,6236128.788232137,37171.334844759214,OK,OKLAHOMA,0.0639288,398668230.07713467
2045,37,2115221.7870581998,11307.00037067322,OR,OREGON,0.0639288,135223590.5804862
2045,38,2263.297646689706,85.09488778679741,PA,PENNSYLVANIA,0.0639288,144689.90259569685
2045,39,0.0,0.0,RI,RHODE ISLAND,0.0639288,0.0
2045,40,346.40862326309883,9.999936359149348,SC,SOUTH CAROLINA,0.0639288,22145.48759486199
2045,41,426583.78204145527,4390.850294078739,SD,SOUTH DAKOTA,0.0639288,27270989.285371784
2045,42,38139.12199277925,192.20657504583724,TN,TENNESSEE,0.0639288,2438188.3020519856
2045,43,2231938.888229859,15430.916905514208,TX,TEXAS,0.0639288,142685174.797869
2045,44,11385.221648716417,1032.3958498317286,UT,UTAH,0.0639288,727843.557736462
2045,45,0.0,0.0,VT,VERMONT,0.0639288,0.0
2045,46,0.0,0.0,VA,VIRGINIA,0.0639288,0.0
2045,47,1962565.8258052785,18473.37186799823,WA,WASHINGTON,0.0639288,125464478.16474047
2045,48,0.0,0.0,WV,WEST VIRGINIA,0.0639288,0.0
2045,49,37293.90298009955,166.6434945499294,WI,WISCONSIN,0.0639288,2384154.464834188
2045,50,297202.4292332702,3631.538896513798,WY,WYOMING,0.0639288,18999794.65796788
2046,0,3723.9957688861264,48.83630019748116,AL,ALABAMA,0.06307858,234904.36502734502
2046,2,2.701114150899871,12.353543301581023,AZ,ARIZONA,0.06307858,170.38244505666955
2046,3,485798.57252862107,3671.9470625858394,AR,ARKANSAS,0.06307858,30643484.121132426
2046,4,11935.460055022751,553.1238814130311,CA,CALIFORNIA,0.06307858,752871.871917557
2046,5,1558145.460073922,25415.381051913188,CO,COLORADO,0.06307858,98285603.05490969
2046,6,0.0,0.0,CT,CONNECTICUT,0.06307858,0.0
2046,7,4796.052313046962,88.5664714154909,DE,DELAWARE,0.06307858,302528.1695127178
2046,8,0.0,0.0,DC,DISTRICT OF COLUMBIA,0.06307858,0.0
2046,9,640.0053883543998,10.929761128450846,FL,FLORIDA,0.06307858,40370.63108974408
2046,10,2140.101749824917,44.71188540643304,GA,GEORGIA,0.06307858,134994.579434471
2046,12,108797.4528052586,3829.1682858483255,ID,IDAHO,0.06307858,6862788.830572729
2046,13,216345.8865157446,1571.7454363731497,IL,ILLINOIS,0.06307858,13646791.310254317
2046,14,38301.636067605,286.34653417816827,IN,INDIANA,0.06307858,2416012.8148213075
2046,15,644.150312459074,2.1862954568461,IA,IOWA,0.06307858,40632.087016474696
2046,16,13628237.170302683,62389.9337806717,KS,KANSAS,0.06307858,859649848.6059114
2046,17,3791.305671145858,187.8902860881965,KY,KENTUCKY,0.06307858,239150.1780818277
2046,18,185184.26148088332,921.734382651362,LA,LOUISIANA,0.06307858,11681160.252562817
2046,19,0.0,0.0,ME,MAINE,0.06307858,0.0
2046,20,10818.576536633804,92.17483663907124,MD,MARYLAND,0.06307858,682420.4455521783
2046,21,0.0,0.0,MA,MASSACHUSETTS,0.06307858,0.0
2046,22,2025.127204019954,49.79363209426248,MI,MICHIGAN,0.06307858,127742.14834894898
2046,23,2475700.305495501,9505.199633410532,MN,MINNESOTA,0.06307858,156163659.77622238
2046,24,93313.86594011344,580.3711105547809,MS,MISSISSIPPI,0.06307858,5886106.15781272
2046,25,136363.0268975422,1331.6493193005465,MO,MISSOURI,0.06307858,8601586.101198768
2046,26,7619988.148726642,50496.19723997492,MT,MONTANA,0.06307858,480658032.0385054
2046,27,2013248.788410935,12219.61060455081,NE,NEBRASKA,0.06307858,126992874.75968224
2046,28,5919.414169738852,750.4254081626153,NV,NEVADA,0.06307858,373388.24025900575
2046,29,0.0,0.0,NH,NEW HAMPSHIRE,0.06307858,0.0
2046,30,633.8419835924356,8.383433226300447,NJ,NEW JERSEY,0.06307858,39981.852269394134
2046,31,74498.30907438777,1228.163016423166,NM,NEW MEXICO,0.06307858,4699247.548813495
2046,32,0.0,0.0,NY,NEW YORK,0.06307858,0.0
2046,33,4273.170126112087,164.82008858099303,NC,NORTH CAROLINA,0.06307858,269545.5036535713
2046,34,10488316.800067184,39199.560363808094,ND,NORTH DAKOTA,0.06307858,661588130.3383819
2046,35,14528.150488798476,98.65054272920185,OH,OHIO,0.06307858,916415.1028597136
2046,36,7927865.432525837,39508.62770828688,OK,OKLAHOMA,0.06307858,500078493.91481555
2046,37,2347891.2408297923,12425.170822676955,OR,OREGON,0.06307858,148101645.46598133
2046,38,1719.8010294900346,37.96001178194032,PA,PENNSYLVANIA,0.06307858,108482.60682276949
2046,39,0.0,0.0,RI,RHODE ISLAND,0.06307858,0.0
2046,40,630.2902493905586,10.48035683250129,SC,SOUTH CAROLINA,0.06307858,39757.8139194023
2046,41,2853093.208747116,14770.635452827475,SD,SOUTH DAKOTA,0.06307858,179969068.21541166
2046,42,23636.650554210137,450.2193934435112,TN,TENNESSEE,0.06307858,1490966.3529157883
2046,43,4124692.598609737,26167.214898005623,TX,TEXAS,0.06307858,260179752.05681217
2046,44,23781.730178361333,2188.27656116885,UT,UTAH,0.06307858,1500117.7695941795
2046,45,0.0,0.0,VT,VERMONT,0.06307858,0.0
2046,46,883.7189538870447,16.315337533554118,VA,VIRGINIA,0.06307858,55743.73673028025
2046,47,1745871.529708928,16413.074801864554,WA,WASHINGTON,0.06307858,110127096.95646697
2046,48,0.0,0.0,WV,WEST VIRGINIA,0.06307858,0.0
2046,49,16913.072238567856,136.1413581402521,WI,WISCONSIN,0.06307858,1066852.5802462813
2046,50,346079.5883873084,4321.35894250845,WY,WYOMING,0.06307858,21830209.002455905
2047,0,42613.75971390248,239.1122449619425,AL,ALABAMA,0.0622283599999999,2651784.3804302164
2047,2,3.3696474494339634,15.43724820753414,AZ,ARIZONA,0.0622283599999999,209.68763455645814
2047,3,783820.1374370009,3785.047029571997,AR,ARKANSAS,0.0622283599999999,48775841.68767909
2047,4,26874.30507436762,1283.0116117437544,CA,CALIFORNIA,0.0622283599999999,1672343.9309175722
2047,5,592444.4712853623,13988.752254264657,CO,COLORADO,0.0622283599999999,36866847.83915512
2047,6,0.0,0.0,CT,CONNECTICUT,0.0622283599999999,0.0
2047,7,3174.619508584054,73.39652919314946,DE,DELAWARE,0.0622283599999999,197551.3656431913
2047,8,0.0,0.0,DC,DISTRICT OF COLUMBIA,0.0622283599999999,0.0
2047,9,2844.224753555669,17.643146652452543,FL,FLORIDA,0.0622283599999999,176991.44188517318
2047,10,90167.9017366194,623.0689754689138,GA,GEORGIA,0.0622283599999999,5611000.649710968
2047,12,217632.8213690756,6790.21521612218,ID,IDAHO,0.0622283599999999,13542933.555970507
2047,13,415774.4426368238,2283.2590780958944,IL,ILLINOIS,0.0622283599999999,25872961.69520358
2047,14,100742.025557862,609.1850848830209,IN,INDIANA,0.0622283599999999,6269011.033543827
2047,15,515.1056369576515,1.672920407387374,IA,IOWA,0.0622283599999999,32054.179014629994
2047,16,3921395.227473309,25341.8339391624,KS,KANSAS,0.0622283599999999,244021993.91749054
2047,17,82839.86849995173,1128.3079837899074,KY,KENTUCKY,0.0622283599999999,5154989.159367648
2047,18,98764.18019390652,648.4529970393241,LA,LOUISIANA,0.0622283599999999,6145932.960211274
2047,19,0.0,0.0,ME,MAINE,0.0622283599999999,0.0
2047,20,21508.731021470925,209.53636468436068,MD,MARYLAND,0.0622283599999999,1338453.0571472584
2047,21,0.0,0.0,MA,MASSACHUSETTS,0.0622283599999999,0.0
2047,22,13577.474969488623,169.00485772045934,MI,MICHIGAN,0.0622283599999999,844904.0002923256
2047,23,746228.6780159555,3914.597460881277,MN,MINNESOTA,0.0622283599999999,46436586.81790089
2047,24,154506.2120748816,581.7092124811564,MS,MISSISSIPPI,0.0622283599999999,9614668.187232062
2047,25,138133.46063954153,843.2852126775288,MO,MISSOURI,0.0622283599999999,8595818.716723207
2047,26,4488632.232295873,34609.57970818617,MT,MONTANA,0.0622283599999999,279320222.45891076
2047,27,1076741.3445133597,9885.47381669146,NE,NEBRASKA,0.0622283599999999,67003848.013261266
2047,28,8807.256555909116,1093.295183536473,NV,NEVADA,0.0622283599999999,548061.1315734717
2047,29,0.0,0.0,NH,NEW HAMPSHIRE,0.0622283599999999,0.0
2047,30,1250.3653823187842,14.883211843615404,NJ,NEW JERSEY,0.0622283599999999,77808.18714247082
2047,31,37136.48693226071,621.3063210743334,NM,NEW MEXICO,0.0622283599999999,2310942.6779560116
2047,32,0.0,0.0,NY,NEW YORK,0.0622283599999999,0.0
2047,33,24737.686518159117,288.4187983910249,NC,NORTH CAROLINA,0.0622283599999999,1539385.6622191495
2047,34,2617610.905207148,14869.076288306522,ND,NORTH DAKOTA,0.0622283599999999,162889633.749156
2047,35,73184.39336509156,335.1014402451897,OH,OHIO,0.0622283599999999,4554144.776704522
2047,36,1870174.0552297751,9168.063509536569,OK,OKLAHOMA,0.0622283599999999,116377864.37149814
2047,37,2806470.581091124,14250.593073162654,OR,OREGON,0.0622283599999999,174642061.64954737
2047,38,257.04314545325656,4.800371346686531,PA,PENNSYLVANIA,0.0622283599999999,15995.373390797586
2047,39,0.0,0.0,RI,RHODE ISLAND,0.0622283599999999,0.0
2047,40,21993.95022400533,247.4471210705366,SC,SOUTH CAROLINA,0.0622283599999999,1368647.4523614822
2047,41,1310724.5338532147,10537.858320995516,SD,SOUTH DAKOTA,0.0622283599999999,81564238.15344991
2047,42,129752.66673498032,663.7013317289077,TN,TENNESSEE,0.0622283599999999,8074295.656544367
2047,43,1520265.0369262556,9159.882928559922,TX,TEXAS,0.0622283599999999,94603600.01326017
2047,44,27725.91672196291,2518.607076127203,UT,UTAH,0.0622283599999999,1725338.3271043252
2047,45,0.0,0.0,VT,VERMONT,0.0622283599999999,0.0
2047,46,7238.592717986245,68.58900711255494,VA,VIRGINIA,0.0622283599999999,450445.7535482258
2047,47,1893022.5930486557,17373.72764242144,WA,WASHINGTON,0.0622283599999999,117799691.40836506
2047,48,0.0,0.0,WV,WEST VIRGINIA,0.0622283599999999,0.0
2047,49,84591.59280566305,275.87001477528867,WI,WISCONSIN,0.0622283599999999,5263996.090084202
2047,50,296624.886740008,3857.300921542757,WY,WYOMING,0.0622283599999999,18458480.237016413
2048,0,1423.9601419711762,37.93643948325489,AL,ALABAMA,0.06137814,87400.02494832673
2048,2,1.0297511387342215,4.709565968534714,AZ,ARIZONA,0.06137814,63.20420955838847
2048,3,648109.9817664933,3419.446371023888,AR,ARKANSAS,0.06137814,39779785.19626127
2048,4,19685.22839707217,912.3813205806956,CA,CALIFORNIA,0.06137814,1208242.7044874711
2048,5,1256855.0824380324,21660.09331232474,CO,COLORADO,0.06137814,77143427.20959309
2048,6,0.0,0.0,CT,CONNECTICUT,0.06137814,0.0
2048,7,156.8637132066836,5.991128408250542,DE,DELAWARE,0.06137814,9628.002950119675
2048,8,0.0,0.0,DC,DISTRICT OF COLUMBIA,0.06137814,0.0
2048,9,44.003856745783466,0.5469242245501509,FL,FLORIDA,0.06137814,2700.874879882642
2048,10,2477.491240696424,79.46885277096368,GA,GEORGIA,0.06137814,152063.80422023882
2048,12,138912.7592243067,4485.375502246596,ID,IDAHO,0.06137814,8526206.783455787
2048,13,37246.15579889562,197.0050496601536,IL,ILLINOIS,0.06137814,2286099.7650864273
2048,14,40991.09799181244,213.51381842201425,IN,INDIANA,0.06137814,2515957.351295183
2048,15,63.155122176065525,0.4705648150937471,IA,IOWA,0.06137814,3876.3439306396544
2048,16,9770086.916004004,46402.87390181728,KS,KANSAS,0.06137814,599669762.5426619
2048,17,12214.712081699445,157.83609562908077,KY,KENTUCKY,0.06137814,749716.3082102399
2048,18,91401.02317434335,623.6592721981102,LA,LOUISIANA,0.06137814,5610024.79653809
2048,19,0.0,0.0,ME,MAINE,0.06137814,0.0
2048,20,363.0254964889166,12.23412953556224,MD,MARYLAND,0.06137814,22281.82974706623
2048,21,0.0,0.0,MA,MASSACHUSETTS,0.06137814,0.0
2048,22,1175.6808453007914,4.627586454335959,MI,MICHIGAN,0.06137814,72161.10351819031
2048,23,46461.00435569692,337.8154326056669,MN,MINNESOTA,0.06137814,2851690.029884575
2048,24,106935.80039189308,467.342717212584,MS,MISSISSIPPI,0.06137814,6563520.527465668
2048,25,65908.70203041226,581.9104188096512,MO,MISSOURI,0.06137814,4045353.5404409277
2048,26,2859437.5110506187,27230.90806094554,MT,MONTANA,0.06137814,175506955.8745164
2048,27,1311313.7287266713,8764.09723380085,NE,NEBRASKA,0.06137814,80485997.62570764
2048,28,6974.032570182533,864.0019810064401,NV,NEVADA,0.06137814,428053.1474572233
2048,29,0.0,0.0,NH,NEW HAMPSHIRE,0.06137814,0.0
2048,30,389.4144582135473,5.309943810969031,NJ,NEW JERSEY,0.06137814,23901.535134255257
2048,31,86495.4703354518,1413.85082251832,NM,NEW MEXICO,0.06137814,5308931.087615207
2048,32,0.0,0.0,NY,NEW YORK,0.06137814,0.0
2048,33,31873.464922457017,307.646097939824,NC,NORTH CAROLINA,0.06137814,1956333.992295656
2048,34,3757437.428254182,22866.77337104288,ND,NORTH DAKOTA,0.06137814,230624520.51262513
2048,35,2868.321240172137,13.24920184711323,OH,OHIO,0.06137814,176052.22264425905
2048,36,6231230.572353976,32640.23626795538,OK,OKLAHOMA,0.06137814,382461342.4422225
2048,37,2019337.77920996,10505.991904272954,OR,OREGON,0.06137814,123943196.91963801
2048,38,58.279129260222405,2.378771865196789,PA,PENNSYLVANIA,0.06137814,3577.064554812027
2048,39,0.0,0.0,RI,RHODE ISLAND,0.06137814,0.0
2048,40,8881.695604834269,112.5696471023625,SC,SOUTH CAROLINA,0.06137814,545141.9562709024
2048,41,602952.5299593701,5690.04254278918,SD,SOUTH DAKOTA,0.06137814,37008104.79720041
2048,42,49620.43706154532,343.33395222129707,TN,TENNESSEE,0.06137814,3045610.132824717
2048,43,3940687.844169306,24043.16327427975,TX,TEXAS,0.06137814,241872090.19572186
2048,44,24081.250840311004,2184.4556058169883,UT,UTAH,0.06137814,1478062.3854517264
2048,45,0.0,0.0,VT,VERMONT,0.06137814,0.0
2048,46,843.6386430736023,22.03795473727022,VA,VIRGINIA,0.06137814,51780.97074398159
2048,47,1758661.730058366,16408.056653717133,WA,WASHINGTON,0.06137814,107943385.8801646
2048,48,0.0,0.0,WV,WEST VIRGINIA,0.06137814,0.0
2048,49,356.99407271062694,1.8287352959973575,WI,WISCONSIN,0.06137814,21911.63217400304
2048,50,278644.2485957622,3327.7296733864914,WY,WYOMING,0.06137814,17102665.700505495
2049,0,0.0,0.0,AL,ALABAMA,0.06052792,0.0
2049,2,1.3465387359948848,6.158393778666197,AZ,ARIZONA,0.06052792,81.5031888891995
2049,3,45520.84748646892,547.7151775080594,AR,ARKANSAS,0.06052792,2755282.214993192
2049,4,13385.640181153592,632.6327074206675,CA,CALIFORNIA,0.06052792,810204.9580336501
2049,5,1009694.7824833756,17441.424804262275,CO,COLORADO,0.06052792,61114725.01857116
2049,6,0.0,0.0,CT,CONNECTICUT,0.06052792,0.0
2049,7,0.0,0.0,DE,DELAWARE,0.06052792,0.0
2049,8,0.0,0.0,DC,DISTRICT OF COLUMBIA,0.06052792,0.0
2049,9,0.0,0.0,FL,FLORIDA,0.06052792,0.0
2049,10,0.0,0.0,GA,GEORGIA,0.06052792,0.0
2049,12,56170.71410969926,2243.9125186728934,ID,IDAHO,0.06052792,3399896.489974748
2049,13,3430.2732705241497,38.018920845808985,IL,ILLINOIS,0.06052792,207627.3060964241
2049,14,12190.267433755069,167.56623451653255,IN,INDIANA,0.06052792,737851.5320089321
2049,15,0.0,0.0,IA,IOWA,0.06052792,0.0
2049,16,8316243.323793842,46199.78909445103,KS,KANSAS,0.06052792,503364910.6031278
2049,17,1355.847414014254,43.92917876868166,KY,KENTUCKY,0.06052792,82066.62380766164
2049,18,30004.482553623377,417.44182855347145,LA,LOUISIANA,0.06052792,1816108.9196471116
2049,19,0.0,0.0,ME,MAINE,0.06052792,0.0
2049,20,0.0,0.0,MD,MARYLAND,0.06052792,0.0
2049,21,0.0,0.0,MA,MASSACHUSETTS,0.06052792,0.0
2049,22,0.0,0.0,MI,MICHIGAN,0.06052792,0.0
2049,23,9998.7870214971,222.3439294392134,MN,MINNESOTA,0.06052792,605205.7809342148
2049,24,9580.2710906728,72.4482135766552,MS,MISSISSIPPI,0.06052792,579873.882154556
2049,25,7828.856764772896,142.55398109001158,MO,MISSOURI,0.06052792,473864.41594963265
2049,26,4163550.1405595792,35808.675435962374,MT,MONTANA,0.06052792,252011029.82377896
2049,27,394769.3348529757,3198.081741160232,NE,NEBRASKA,0.06052792,23894566.71843412
2049,28,4601.678243072452,599.6735278228228,NV,NEVADA,0.06052792,278530.0125624299
2049,29,0.0,0.0,NH,NEW HAMPSHIRE,0.06052792,0.0
2049,30,0.0,0.0,NJ,NEW JERSEY,0.06052792,0.0
2049,31,65037.959552403656,1126.3250245460918,NM,NEW MEXICO,0.06052792,3936612.4127511242
2049,32,0.0,0.0,NY,NEW YORK,0.06052792,0.0
2049,33,176.47601280763132,7.291122806896718,NC,NORTH CAROLINA,0.06052792,10681.725985139283
2049,34,997522.1423500408,6367.115306889898,ND,NORTH DAKOTA,0.06052792,60377940.43039188
2049,35,4647.495989723318,37.91337354697519,OH,OHIO,0.06052792,281303.26546629384
2049,36,4560001.209222328,24067.334881365987,OK,OKLAHOMA,0.06052792,276007388.39171237
2049,37,2036962.0449167883,10396.473663594616,OR,OREGON,0.06052792,123293075.69775976
2049,38,26.89390433602796,0.917849353694344,PA,PENNSYLVANIA,0.06052792,1627.8320901387533
2049,39,0.0,0.0,RI,RHODE ISLAND,0.06052792,0.0
2049,40,0.0,0.0,SC,SOUTH CAROLINA,0.06052792,0.0
2049,41,202741.7928658985,2416.842221213671,SD,SOUTH DAKOTA,0.06052792,12271539.019243674
2049,42,615.2349087986253,9.084009078280344,TN,TENNESSEE,0.06052792,37238.88934097048
2049,43,4190680.5582094607,25160.578788688337,TX,TEXAS,0.06052792,253653177.5728576
2049,44,20060.43610268349,1820.6514040212144,UT,UTAH,0.06052792,1214216.471588338
2049,45,0.0,0.0,VT,VERMONT,0.06052792,0.0
2049,46,0.0,0.0,VA,VIRGINIA,0.06052792,0.0
2049,47,1956325.209081904,18138.141743338547,WA,WASHINGTON,0.06052792,118412295.74929275
2049,48,0.0,0.0,WV,WEST VIRGINIA,0.06052792,0.0
2049,49,0.0,0.0,WI,WISCONSIN,0.06052792,0.0
2049,50,98021.65779265836,1651.7101570095674,WY,WYOMING,0.06052792,5933047.0611414015
2050,0,98.76718603609288,13.574716422228043,AL,ALABAMA,0.0596777,5894.1984981061405
2050,2,0.9797220385003004,4.480757920613828,AZ,ARIZONA,0.0596777,58.46755789700938
2050,3,217323.88031259013,1679.6247212815197,AR,ARKANSAS,0.0596777,12969389.33213066
2050,4,7028.8099945827535,329.9220459098166,CA,CALIFORNIA,0.0596777,419463.2142137112
2050,5,722396.7383218359,14209.623803738206,CO,COLORADO,0.0596777,43110975.830549024
2050,6,0.0,0.0,CT,CONNECTICUT,0.0596777,0.0
2050,7,1242.1222199649533,22.21337562706548,DE,DELAWARE,0.0596777,74126.99720640249
2050,8,0.0,0.0,DC,DISTRICT OF COLUMBIA,0.0596777,0.0
2050,9,0.0,0.0,FL,FLORIDA,0.0596777,0.0
2050,10,0.0,0.0,GA,GEORGIA,0.0596777,0.0
2050,12,110373.0820678086,3630.388399078472,ID,IDAHO,0.0596777,6586811.679718061
2050,13,1651.507133633074,46.95767208066778,IL,ILLINOIS,0.0596777,98558.1472688145
2050,14,25480.50756206516,317.6192739370838,IN,INDIANA,0.0596777,1520618.0861366559
2050,15,0.0,0.0,IA,IOWA,0.0596777,0.0
2050,16,7945172.547699253,44096.44150015631,KS,KANSAS,0.0596777,474149623.74983174
2050,17,4610.327145099847,138.00552787819737,KY,KENTUCKY,0.0596777,275133.7202671252
2050,18,129118.12085110326,763.1630362486327,LA,LOUISIANA,0.0596777,7705472.480715885
2050,19,0.0,0.0,ME,MAINE,0.0596777,0.0
2050,20,87.88760800693247,3.2742504413629767,MD,MARYLAND,0.0596777,5244.930304355314
2050,21,0.0,0.0,MA,MASSACHUSETTS,0.0596777,0.0
2050,22,2117.7431214940534,64.2177358325447,MI,MICHIGAN,0.0596777,126382.03868158568
2050,23,113206.07446734564,707.3747147214907,MN,MINNESOTA,0.0596777,6755878.150239913
2050,24,21412.77298654269,176.4028582825979,MS,MISSISSIPPI,0.0596777,1277865.0424589987
2050,25,1811.2545205612792,28.43169560348068,MO,MISSOURI,0.0596777,108091.50390169985
2050,26,1390160.159842765,12590.384271864315,MT,MONTANA,0.0596777,82961560.97104856
2050,27,282475.27864917653,2768.863541452243,NE,NEBRASKA,0.0596777,16857474.93664196
2050,28,6436.676184400664,797.4297393155982,NV,NEVADA,0.0596777,384126.0303298075
2050,29,0.0,0.0,NH,NEW HAMPSHIRE,0.0596777,0.0
2050,30,1846.997201761986,57.23258174581217,NJ,NEW JERSEY,0.0596777,110224.54490759126
2050,31,30122.21155896817,532.8484105193539,NM,NEW MEXICO,0.0596777,1797624.3047526348
2050,32,0.0,0.0,NY,NEW YORK,0.0596777,0.0
2050,33,30428.90423219432,358.2787909825858,NC,NORTH CAROLINA,0.0596777,1815927.018097623
2050,34,203878.37242991128,3625.626400726549,ND,NORTH DAKOTA,0.0596777,12166992.346360518
2050,35,47257.73102444853,290.07455639928787,OH,OHIO,0.0596777,2820232.694757732
2050,36,3312664.248760301,20140.77619972566,OK,OKLAHOMA,0.0596777,197692183.23824263
2050,37,1644435.888421852,8726.028086823004,OR,OREGON,0.0596777,98136151.61847275
2050,38,598.7738676470261,27.94254182468909,PA,PENNSYLVANIA,0.0596777,35733.447241278926
2050,39,0.0,0.0,RI,RHODE ISLAND,0.0596777,0.0
2050,40,7694.034983766807,83.17836193099873,SC,SOUTH CAROLINA,0.0596777,459162.3115507404
2050,41,34394.85088739001,631.01500911983,SD,SOUTH DAKOTA,0.0596777,2052605.5928023949
2050,42,3079.9176400322035,75.45294933883787,TN,TENNESSEE,0.0596777,183802.40094654984
2050,43,1107662.1980630278,7839.456257019358,TX,TEXAS,0.0596777,66102732.35734596
2050,44,24384.828912727287,2237.5395240899607,UT,UTAH,0.0596777,1455230.5044050654
2050,45,0.0,0.0,VT,VERMONT,0.0596777,0.0
2050,46,1335.042132937239,22.701222604598,VA,VIRGINIA,0.0596777,79672.24389678867
2050,47,1213584.1758293165,11056.92545182942,WA,WASHINGTON,0.0596777,72423912.3698892
2050,48,0.0,0.0,WV,WEST VIRGINIA,0.0596777,0.0
2050,49,1572.2415258868436,8.57869934714731,WI,WISCONSIN,0.0596777,93827.7581094173
2050,50,43555.733422783785,686.3288743546277,WY,WYOMING,0.0596777,2599305.992484864
2051,0,18363.70662445485,108.0974588010582,AL,ALABAMA,0.05981202,1098370.387896026
2051,2,2.61477549010515,11.95867350891685,AZ,ARIZONA,0.05981202,156.39500390967905
2051,3,295674.7208586348,2348.9366760318253,AR,ARKANSAS,0.05981202,17684902.31749108
2051,4,3714.4498328981176,171.43590235304225,CA,CALIFORNIA,0.05981202,222168.74769429886
2051,5,485030.9256144888,10127.783613423248,CO,COLORADO,0.05981202,29010679.423472315
2051,6,0.0,0.0,CT,CONNECTICUT,0.05981202,0.0
2051,7,5866.860862437734,81.77608025546832,DE,DELAWARE,0.05981202,350908.799241343
2051,8,0.0,0.0,DC,DISTRICT OF COLUMBIA,0.05981202,0.0
2051,9,1411.8411054791763,8.936003106991215,FL,FLORIDA,0.05981202,84445.06843774261
2051,10,47287.64798975925,455.678559497938,GA,GEORGIA,0.05981202,2828369.74731644
2051,12,67320.81676404364,2364.687327326072,ID,IDAHO,0.05981202,4026594.0387073136
2051,13,18884.394240632988,179.17208823301138,IL,ILLINOIS,0.05981202,1129513.766008625
2051,14,21219.920677249625,117.97309300765032,IN,INDIANA,0.05981202,1269206.319946068
2051,15,0.0,0.0,IA,IOWA,0.05981202,0.0
2051,16,13955056.750798889,60237.99124517659,KS,KANSAS,0.05981202,834680133.4799181
2051,17,3388.78327115182,86.13946064510255,KY,KENTUCKY,0.05981202,202689.97278979808
2051,18,278545.796354093,1004.894971180432,LA,LOUISIANA,0.05981202,16660386.742446939
2051,19,0.0,0.0,ME,MAINE,0.05981202,0.0
2051,20,4126.056645175397,43.75715685165241,MD,MARYLAND,0.05981202,246787.78258236372
2051,21,0.0,0.0,MA,MASSACHUSETTS,0.05981202,0.0
2051,22,0.0,0.0,MI,MICHIGAN,0.05981202,0.0
2051,23,0.0,0.0,MN,MINNESOTA,0.05981202,0.0
2051,24,147649.62528255972,596.5775304379989,MS,MISSISSIPPI,0.05981202,8831222.340392968
2051,25,38001.43215682077,596.1582799965523,MO,MISSOURI,0.05981202,2272942.420192407
2051,26,736199.7072590399,5112.294384374983,MT,MONTANA,0.05981202,44033591.61457184
2051,27,641260.3739348733,6353.295527245799,NE,NEBRASKA,0.05981202,38355078.311000116
2051,28,4894.427919535608,607.3630464194305,NV,NEVADA,0.05981202,292745.6206118222
2051,29,0.0,0.0,NH,NEW HAMPSHIRE,0.05981202,0.0
2051,30,0.0,0.0,NJ,NEW JERSEY,0.05981202,0.0
2051,31,97698.7465646232,1571.0863872737675,NM,NEW MEXICO,0.05981202,5843559.383498174
2051,32,0.0,0.0,NY,NEW YORK,0.05981202,0.0
2051,33,168999.48398171036,1372.659719172775,NC,NORTH CAROLINA,0.05981202,10108200.515903741
2051,34,0.0,0.0,ND,NORTH DAKOTA,0.05981202,0.0
2051,35,33690.84645303676,175.59072623980222,OH,OHIO,0.05981202,2015117.5818659635
2051,36,7954248.08877877,36465.56067797648,OK,OKLAHOMA,0.05981202,475759645.7709975
2051,37,1491087.0082036594,8321.073589610178,OR,OREGON,0.05981202,89184925.95641746
2051,38,0.0,0.0,PA,PENNSYLVANIA,0.05981202,0.0
2051,39,0.0,0.0,RI,RHODE ISLAND,0.05981202,0.0
2051,40,38024.76952679027,387.7061847726736,SC,SOUTH CAROLINA,0.05981202,2274338.27543177
2051,41,12022.575076430896,111.19019901160226,SD,SOUTH DAKOTA,0.05981202,719094.5009229863
2051,42,28985.571324682474,338.63949384229227,TN,TENNESSEE,0.05981202,1733685.5717833347
2051,43,4830747.149077816,28236.584748208064,TX,TEXAS,0.05981202,288936745.0955853
2051,44,13904.791613730007,1260.8669025260756,UT,UTAH,0.05981202,831673.6740962515
2051,45,0.0,0.0,VT,VERMONT,0.05981202,0.0
2051,46,17432.494366090104,122.6022217629525,VA,VIRGINIA,0.05981202,1042672.7016744686
2051,47,972023.7772269296,8460.245009283917,WA,WASHINGTON,0.05981202,58138705.60397266
2051,48,0.0,0.0,WV,WEST VIRGINIA,0.05981202,0.0
2051,49,2299.077413284364,7.76161192411309,WI,WISCONSIN,0.05981202,137512.46422491266
2051,50,64747.24301087221,1012.082874039812,WY,WYOMING,0.05981202,3872663.393911149
2052,0,2177.655543874611,56.52647304516535,AL,ALABAMA,0.05994634,130542.47963599233
2052,2,3.276668309546449,14.98583976297893,AZ,ARIZONA,0.05994634,196.42427255129667
2052,3,972254.0809963064,4115.317365744751,AR,ARKANSAS,0.05994634,58283073.70579212
2052,4,15162.330611144036,738.3861162394628,CA,CALIFORNIA,0.05994634,908926.2260080482
2052,5,1532137.1835530547,25670.84116588556,CO,COLORADO,0.05994634,91846016.53191383
2052,6,0.0,0.0,CT,CONNECTICUT,0.05994634,0.0
2052,7,19.53277170008723,1.4692208913139089,DE,DELAWARE,0.05994634,1170.9181734758072
2052,8,0.0,0.0,DC,DISTRICT OF COLUMBIA,0.05994634,0.0
2052,9,0.0,0.0,FL,FLORIDA,0.05994634,0.0
2052,10,7994.803360504722,138.79703443099095,GA,GEORGIA,0.05994634,479259.2004819586
2052,12,185051.2826911813,5801.721988495141,ID,IDAHO,0.05994634,11093147.10964167
2052,13,645886.7437301674,2068.044174198222,IL,ILLINOIS,0.05994634,38718546.341141485
2052,14,110119.0819223258,596.2672636385635,IN,INDIANA,0.05994634,6601235.925403597
2052,15,168.6760366624893,0.5288932057410531,IA,IOWA,0.05994634,10111.51104362205
2052,16,15064150.07814752,63550.63347267975,KS,KANSAS,0.05994634,903040662.3956578
2052,17,65600.1911094559,967.332434911702,KY,KENTUCKY,0.05994634,3932491.360312421
2052,18,120589.28565723174,679.8085412553011,LA,LOUISIANA,0.05994634,7228886.318365537
2052,19,0.0,0.0,ME,MAINE,0.05994634,0.0
2052,20,504.46430444855486,35.045933749993104,MD,MARYLAND,0.05994634,30240.788712336584
2052,21,0.0,0.0,MA,MASSACHUSETTS,0.05994634,0.0
2052,22,14610.746959491024,164.4418191174883,MI,MICHIGAN,0.05994634,875860.8048876151
2052,23,766319.8401764367,3898.6632292779577,MN,MINNESOTA,0.05994634,45938069.68796233
2052,24,121850.94531689856,502.7237094735896,MS,MISSISSIPPI,0.05994634,7304518.19728821
2052,25,295699.47457876336,1608.812487498314,MO,MISSOURI,0.05994634,17726101.240919907
2052,26,6003858.826648433,43348.76992545052,MT,MONTANA,0.05994634,359909362.534268
2052,27,2095762.7592132867,13865.45288755574,NE,NEBRASKA,0.05994634,125633306.92313781
2052,28,9367.281774988554,1160.5109409501963,NV,NEVADA,0.05994634,561534.2581592674
2052,29,0.0,0.0,NH,NEW HAMPSHIRE,0.05994634,0.0
2052,30,129.77688248247924,2.3963312592743566,NJ,NEW JERSEY,0.05994634,7779.649121434744
2052,31,90510.93706293068,1505.4198023890012,NM,NEW MEXICO,0.05994634,5425799.406893044
2052,32,0.0,0.0,NY,NEW YORK,0.05994634,0.0
2052,33,946.8722620202932,59.51655056576855,NC,NORTH CAROLINA,0.05994634,56761.52655563758
2052,34,5375735.135769248,28154.10888544008,ND,NORTH DAKOTA,0.05994634,322255646.1987695
2052,35,74874.74105750018,393.0715525796888,OH,OHIO,0.05994634,4488466.684844865
2052,36,4848060.081204407,28388.46683161171,OK,OKLAHOMA,0.05994634,290623457.96830696
2052,37,2045486.86745684,10641.78447747332,OR,OREGON,0.05994634,122619451.22210266
2052,38,131.3104748450056,11.474179480153628,PA,PENNSYLVANIA,0.05994634,7871.582370620152
2052,39,0.0,0.0,RI,RHODE ISLAND,0.05994634,0.0
2052,40,92.25521100171945,33.52795326286234,SC,SOUTH CAROLINA,0.05994634,5530.362245480815
2052,41,2452754.31146772,13428.641329458163,SD,SOUTH DAKOTA,0.05994634,147033643.89170983
2052,42,110606.9790275416,656.6610492257952,TN,TENNESSEE,0.05994634,6630483.571157878
2052,43,3540121.9383125994,20685.568934123992,TX,TEXAS,0.05994634,212217353.35554612
2052,44,32440.259178162774,2947.788120635036,UT,UTAH,0.05994634,1944674.8063822663
2052,45,0.0,0.0,VT,VERMONT,0.05994634,0.0
2052,46,0.0,0.0,VA,VIRGINIA,0.05994634,0.0
2052,47,1329240.346198107,12827.51198341172,WA,WASHINGTON,0.05994634,79683093.73490943
2052,48,0.0,0.0,WV,WEST VIRGINIA,0.05994634,0.0
2052,49,59578.876277127725,279.2161804691989,WI,WISCONSIN,0.05994634,3571535.574126633
2052,50,367480.9467294399,5104.155798864736,WY,WYOMING,0.05994634,22029137.776164893
2053,0,0.0,0.0,AL,ALABAMA,0.06008066,0.0
2053,2,2.229020504463909,10.19442340592426,AZ,ARIZONA,0.06008066,133.9210230617246
2053,3,76740.25902823491,604.6067280567395,AR,ARKANSAS,0.06008066,4610605.410987312
2053,4,16011.935802687589,768.1127771942156,CA,CALIFORNIA,0.06008066,962007.6709031002
2053,5,1719904.750061443,26961.179391612262,CO,COLORADO,0.06008066,103333012.52082655
2053,6,0.0,0.0,CT,CONNECTICUT,0.06008066,0.0
2053,7,0.0,0.0,DE,DELAWARE,0.06008066,0.0
2053,8,0.0,0.0,DC,DISTRICT OF COLUMBIA,0.06008066,0.0
2053,9,0.0,0.0,FL,FLORIDA,0.06008066,0.0
2053,10,0.0,0.0,GA,GEORGIA,0.06008066,0.0
2053,12,210187.04794297132,6650.175695772445,ID,IDAHO,0.06008066,12628176.56386536
2053,13,15348.442435514124,319.6967502507567,IL,ILLINOIS,0.06008066,922144.5514976961
2053,14,30703.77290751996,180.5919708774222,IN,INDIANA,0.06008066,1844702.940773918
2053,15,0.0,0.0,IA,IOWA,0.06008066,0.0
2053,16,13871814.861950733,58361.66416737786,KS,KANSAS,0.06008066,833427792.3038089
2053,17,7297.358370061132,154.61157653960743,KY,KENTUCKY,0.06008066,438430.107129797
2053,18,23294.8970764934,184.0847140741517,LA,LOUISIANA,0.06008066,1399572.7909877938
2053,19,0.0,0.0,ME,MAINE,0.06008066,0.0
2053,20,297.0115638136129,10.757593450945045,MD,MARYLAND,0.06008066,17844.65078155398
2053,21,0.0,0.0,MA,MASSACHUSETTS,0.06008066,0.0
2053,22,3853.360767704885,40.86191560040617,MI,MICHIGAN,0.06008066,231512.45814181617
2053,23,309212.51567399816,1532.4132469668448,MN,MINNESOTA,0.06008066,18577692.021954156
2053,24,933.6213945593262,11.645567705386654,MS,MISSISSIPPI,0.06008066,56092.58957524473
2053,25,3390.3205119180457,66.82970246903673,MO,MISSOURI,0.06008066,203692.69396757404
2053,26,3481031.2180153485,32861.95173615472,MT,MONTANA,0.06008066,209142653.05896604
2053,27,2024576.7693899395,12730.169904711718,NE,NEBRASKA,0.06008066,121637908.52561536
2053,28,9452.36842037061,1171.0391309785882,NV,NEVADA,0.06008066,567904.5332590237
2053,29,0.0,0.0,NH,NEW HAMPSHIRE,0.06008066,0.0
2053,30,119.38646610095728,8.138742881718173,NJ,NEW JERSEY,0.06008066,7172.81767841314
2053,31,118643.67473230048,1966.396959482516,NM,NEW MEXICO,0.06008066,7128190.282741936
2053,32,0.0,0.0,NY,NEW YORK,0.06008066,0.0
2053,33,524.1297503495772,31.19609540102747,NC,NORTH CAROLINA,0.06008066,31490.061326637828
2053,34,1695573.585842804,8321.857427478202,ND,NORTH DAKOTA,0.06008066,101871180.11600232
2053,35,29601.11232225279,240.0497939448827,OH,OHIO,0.06008066,1778454.3650550803
2053,36,7871174.69133122,34833.823367615,OK,OKLAHOMA,0.06008066,472905370.43047595
2053,37,2603668.353154706,13049.967571595043,OR,OREGON,0.06008066,156430113.07864782
2053,38,517.4887529869461,21.590333764843933,PA,PENNSYLVANIA,0.06008066,31091.06582203269
2053,39,0.0,0.0,RI,RHODE ISLAND,0.06008066,0.0
2053,40,43.23799970133986,3.3391119889527934,SC,SOUTH CAROLINA,0.06008066,2597.7675591363018
2053,41,2526586.635650441,14519.8246378074,SD,SOUTH DAKOTA,0.06008066,151798992.61705804
2053,42,4895.552613210162,63.15654772966688,TN,TENNESSEE,0.06008066,294128.03206639126
2053,43,4609078.488027246,26670.268867770435,TX,TEXAS,0.06008066,276916477.552479
2053,44,31147.05021885487,2826.4930029390152,UT,UTAH,0.06008066,1871335.334201945
2053,45,0.0,0.0,VT,VERMONT,0.06008066,0.0
2053,46,0.0,0.0,VA,VIRGINIA,0.06008066,0.0
2053,47,1391173.1046444215,15893.611030373711,WA,WASHINGTON,0.06008066,83582598.30128592
2053,48,0.0,0.0,WV,WEST VIRGINIA,0.06008066,0.0
2053,49,388.9395632813563,1.4173212119731953,WI,WISCONSIN,0.06008066,23367.74566205565
2053,50,383578.1846762267,4704.944531427176,WY,WYOMING,0.06008066,23045630.496949587
2054,0,158.8859471307749,14.291893830749087,AL,ALABAMA,0.06021498,9567.314128760669
2054,2,2.974309433583583,13.603001697590148,AZ,ARIZONA,0.06021498,179.09798305704678
2054,3,28882.803153148005,359.9329321504999,AR,ARKANSAS,0.06021498,1739177.414210744
2054,4,12307.387255898531,580.8301243320736,CA,CALIFORNIA,0.06021498,741089.077466185
2054,5,1198300.1056273286,22527.597742755563,CO,COLORADO,0.06021498,72155616.89434749
2054,6,0.0,0.0,CT,CONNECTICUT,0.06021498,0.0
2054,7,52.655401617649645,5.973267749838298,DE,DELAWARE,0.06021498,3170.643955298741
2054,8,0.0,0.0,DC,DISTRICT OF COLUMBIA,0.06021498,0.0
2054,9,0.0,0.0,FL,FLORIDA,0.06021498,0.0
2054,10,0.0,0.0,GA,GEORGIA,0.06021498,0.0
2054,12,186082.0520820357,6127.062873495781,ID,IDAHO,0.06021498,11204927.044478737
2054,13,95597.81933224812,965.9834460935774,IL,ILLINOIS,0.06021498,5756420.779134934
2054,14,11236.379645383717,86.84156127623783,IN,INDIANA,0.06021498,676598.3756191876
2054,15,43.03066805875616,0.2500125863678382,IA,IOWA,0.06021498,2591.0908165446413
2054,16,8294171.212320481,48185.09161799417,KS,KANSAS,0.06021498,499433353.66645354
2054,17,799.2414724193419,37.76777743275006,KY,KENTUCKY,0.06021498,48126.30927690123
2054,18,9730.09686853427,158.80589694878216,LA,LOUISIANA,0.06021498,585897.5883368538
2054,19,0.0,0.0,ME,MAINE,0.06021498,0.0
2054,20,725.3038317721612,9.061315391898072,MD,MARYLAND,0.06021498,43674.15572408405
2054,21,0.0,0.0,MA,MASSACHUSETTS,0.06021498,0.0
2054,22,0.0,0.0,MI,MICHIGAN,0.06021498,0.0
2054,23,4707.656038110862,120.4162059291101,MN,MINNESOTA,0.06021498,283471.41418172483
2054,24,28464.819969835706,228.8904208984463,MS,MISSISSIPPI,0.06021498,1714008.5651872577
2054,25,120981.76697646576,1116.3797768813856,MO,MISSOURI,0.06021498,7284914.678852546
2054,26,5679951.521098997,42030.79942764678,MT,MONTANA,0.06021498,342018167.2439457
2054,27,608206.7524925157,7523.779191926497,NE,NEBRASKA,0.06021498,36623157.43720178
2054,28,10503.678696636733,1301.2843158419248,NV,NEVADA,0.06021498,632478.8026444069
2054,29,0.0,0.0,NH,NEW HAMPSHIRE,0.06021498,0.0
2054,30,0.0,0.0,NJ,NEW JERSEY,0.06021498,0.0
2054,31,28488.886114767443,868.9669749676385,NM,NEW MEXICO,0.06021498,1715457.7076229993
2054,32,0.0,0.0,NY,NEW YORK,0.06021498,0.0
2054,33,27942.61093130867,194.8173425456096,NC,NORTH CAROLINA,0.06021498,1682563.7583765332
2054,34,673635.8230019859,4745.5372842652905,ND,NORTH DAKOTA,0.06021498,40562967.609348126
2054,35,3119.3964687341195,50.53816906126801,OH,OHIO,0.06021498,187834.39597689564
2054,36,5318565.400468866,33303.58157263327,OK,OKLAHOMA,0.06021498,320257309.2179248
2054,37,2675455.7712382665,13620.698244225625,OR,OREGON,0.06021498,161102515.7559968
2054,38,0.0,0.0,PA,PENNSYLVANIA,0.06021498,0.0
2054,39,0.0,0.0,RI,RHODE ISLAND,0.06021498,0.0
2054,40,0.0,0.0,SC,SOUTH CAROLINA,0.06021498,0.0
2054,41,341898.08077445545,4495.995225066114,SD,SOUTH DAKOTA,0.06021498,20587386.09587222
2054,42,1358.715577046377,24.82938634867836,TN,TENNESSEE,0.06021498,81815.03129753604
2054,43,1523833.0518744644,11673.538087356015,TX,TEXAS,0.06021498,91757576.74195983
2054,44,34747.17754983964,3150.8300500503137,UT,UTAH,0.06021498,2092300.601220043
2054,45,0.0,0.0,VT,VERMONT,0.06021498,0.0
2054,46,493.2754526283036,14.93491889508814,VA,VIRGINIA,0.06021498,29702.57151450425
2054,47,2007118.2273021908,19179.52591938021,WA,WASHINGTON,0.06021498,120858583.91463688
2054,48,0.0,0.0,WV,WEST VIRGINIA,0.06021498,0.0
2054,49,0.0,0.0,WI,WISCONSIN,0.06021498,0.0
2054,50,103637.798876367,1988.667215420567,WY,WYOMING,0.06021498,6240547.986584461
2055,0,127.89089432130696,4.87591192734123,AL,ALABAMA,0.0603493,7718.1259486648505
2055,2,1.8348541709723705,8.39170401059958,AZ,ARIZONA,0.0603493,110.73216482026288
2055,3,264.03972119356933,8.205055520985404,AR,ARKANSAS,0.0603493,15934.612346227075
2055,4,12889.766463166052,599.5196622356707,CA,CALIFORNIA,0.0603493,777888.3832155471
2055,5,439378.41660328605,8833.192986511423,CO,COLORADO,0.0603493,26516179.87711669
2055,6,0.0,0.0,CT,CONNECTICUT,0.0603493,0.0
2055,7,0.0,0.0,DE,DELAWARE,0.0603493,0.0
2055,8,0.0,0.0,DC,DISTRICT OF COLUMBIA,0.0603493,0.0
2055,9,0.0,0.0,FL,FLORIDA,0.0603493,0.0
2055,10,12.018001680575468,1.0946332243510062,GA,GEORGIA,0.0603493,725.2779888215531
2055,12,183999.71522231257,6364.190778599652,ID,IDAHO,0.0603493,11104254.013865909
2055,13,55244.091359434,716.2354505390306,IL,ILLINOIS,0.0603493,3333942.24267789
2055,14,30282.49297914297,225.59766455166283,IN,INDIANA,0.0603493,1827527.253546193
2055,15,41.35511860623341,0.440377333523342,IA,IOWA,0.0603493,2495.752459303162
2055,16,4875633.118690493,27419.345354664507,KS,KANSAS,0.0603493,294241045.76978815
2055,17,777.224570873668,22.34566415058949,KY,KENTUCKY,0.0603493,46904.95879502625
2055,18,0.0,0.0,LA,LOUISIANA,0.0603493,0.0
2055,19,0.0,0.0,ME,MAINE,0.0603493,0.0
2055,20,141.47321746655686,8.586243720655933,MD,MARYLAND,0.0603493,8537.809642854481
2055,21,0.0,0.0,MA,MASSACHUSETTS,0.0603493,0.0
2055,22,1700.7078643195405,51.24318590389448,MI,MICHIGAN,0.0603493,102636.52911617926
2055,23,74539.36612636177,712.0595071919067,MN,MINNESOTA,0.0603493,4498398.568169645
2055,24,9.361354192535016,0.0807297988025309,MS,MISSISSIPPI,0.0603493,564.9511725715535
2055,25,5468.570465403914,69.7600064213809,MO,MISSOURI,0.0603493,330024.39958780044
2055,26,3568119.360799576,33733.44113990651,MT,MONTANA,0.0603493,215333505.74070188
2055,27,413474.30892369297,4335.498383600293,NE,NEBRASKA,0.0603493,24952885.111528624
2055,28,10193.909372985612,1265.0667885372552,NV,NEVADA,0.0603493,615195.2949231206
2055,29,0.0,0.0,NH,NEW HAMPSHIRE,0.0603493,0.0
2055,30,575.4547925045822,10.140608909293324,NJ,NEW JERSEY,0.0603493,34728.293909296786
2055,31,5384.153837218097,225.8455569011005,NM,NEW MEXICO,0.0603493,324929.91516842606
2055,32,120.96320343945672,7.310406369241088,NY,NEW YORK,0.0603493,7300.044653328805
2055,33,0.0,0.0,NC,NORTH CAROLINA,0.0603493,0.0
2055,34,1752397.627705844,10362.540809201211,ND,NORTH DAKOTA,0.0603493,105755970.1537083
2055,35,61993.0425585088,939.205822468486,OH,OHIO,0.0603493,3741236.723276215
2055,36,382565.8383534206,2099.325537169097,OK,OKLAHOMA,0.0603493,23087580.548542086
2055,37,2553552.175845185,12924.108822938577,OR,OREGON,0.0603493,154105086.3257338
2055,38,1487.8258674821743,37.00585628334163,PA,PENNSYLVANIA,0.0603493,89789.24962444199
2055,39,0.0,0.0,RI,RHODE ISLAND,0.0603493,0.0
2055,40,0.0,0.0,SC,SOUTH CAROLINA,0.0603493,0.0
2055,41,216990.67639484597,3748.477378480555,SD,SOUTH DAKOTA,0.0603493,13095235.426955478
2055,42,7352.323479772058,157.30146916065837,TN,TENNESSEE,0.0603493,443707.5753778079
2055,43,148947.91719730484,1258.280826980646,TX,TEXAS,0.0603493,8988902.53931531
2055,44,28774.55003260669,2665.0228664270853,UT,UTAH,0.0603493,1736523.952282791
2055,45,0.0,0.0,VT,VERMONT,0.0603493,0.0
2055,46,0.0,0.0,VA,VIRGINIA,0.0603493,0.0
2055,47,2402151.071392568,21626.804245475207,WA,WASHINGTON,0.0603493,144968135.6527915
2055,48,0.0,0.0,WV,WEST VIRGINIA,0.0603493,0.0
2055,49,3888.803403771066,19.039605630742088,WI,WISCONSIN,0.0603493,234686.56325520118
2055,50,44180.1620602389,629.2474008531264,WY,WYOMING,0.0603493,2666241.8542219754
