Year,state_id,Production_Loss(ton),Area_Loss(km^2),State_Code,State_Name,Price,Financial_Loss($)
2021,0,3452.144250192966,83.67229267659513,AL,ALABAMA,0.07901176,272759.9929816266
2021,2,0.0,0.0,AZ,ARIZONA,0.07901176,0.0
2021,3,44908.84502174602,679.1165702631116,AR,ARKANSAS,0.07901176,3548326.884735391
2021,4,3191.9266264340145,168.49929703928458,CA,CALIFORNIA,0.07901176,252199.740545414
2021,5,672282.3538113126,12515.765604611912,CO,COLORADO,0.07901176,53118211.99157451
2021,6,0.0,0.0,CT,CONNECTICUT,0.07901176,0.0
2021,7,838.167382212732,15.630937117144711,DE,DELAWARE,0.07901176,66225.08004322065
2021,8,0.0,0.0,DC,DISTRICT OF COLUMBIA,0.07901176,0.0
2021,9,1233.04815226949,10.252540906305637,FL,FLORIDA,0.07901176,97425.3046755604
2021,10,19456.37685083512,324.8787404145196,GA,GEORGIA,0.07901176,1537282.5782077406
2021,12,104542.1976266639,3221.0338827166,ID,IDAHO,0.07901176,8260063.028750537
2021,13,170510.09379320475,2131.621389861033,IL,ILLINOIS,0.07901176,13472302.608366184
2021,14,27907.82497107896,747.6110435534398,IN,INDIANA,0.07901176,2205046.368736898
2021,15,749.8019481234431,5.39148615526807,IA,IOWA,0.07901176,59243.171572661944
2021,16,6851344.825977929,35698.7054938638,KS,KANSAS,0.07901176,541336813.0674099
2021,17,10089.525992306586,330.9714507904514,KY,KENTUCKY,0.07901176,797191.2062178899
2021,18,10816.21772179902,213.81985701033656,LA,LOUISIANA,0.07901176,854608.398742531
2021,19,0.0,0.0,ME,MAINE,0.07901176,0.0
2021,20,5468.207936302926,147.36993765405822,MD,MARYLAND,0.07901176,432052.7330932621
2021,21,0.0,0.0,MA,MASSACHUSETTS,0.07901176,0.0
2021,22,4906.883517949344,15.660198495729077,MI,MICHIGAN,0.07901176,387701.50286816934
2021,23,781697.0958488322,4388.709761787996,MN,MINNESOTA,0.07901176,61763263.32990492
2021,24,8864.428700616889,116.75914919676524,MS,MISSISSIPPI,0.07901176,700394.1130302534
2021,25,143574.05878525967,1210.953384590041,MO,MISSOURI,0.07901176,11344039.074966827
2021,26,5944396.893511283,34617.7756840467,MT,MONTANA,0.07901176,469677260.694859
2021,27,1461379.017426069,7960.915134652878,NE,NEBRASKA,0.07901176,115466128.19390437
2021,28,7538.011358949246,1184.2174482211983,NV,NEVADA,0.07901176,595591.5443705716
2021,29,0.0,0.0,NH,NEW HAMPSHIRE,0.07901176,0.0
2021,30,649.0564414290316,9.218872942667398,NJ,NEW JERSEY,0.07901176,51283.091776644695
2021,31,46752.6930346688,904.6029840205414,NM,NEW MEXICO,0.07901176,3694012.561408923
2021,32,0.0,0.0,NY,NEW YORK,0.07901176,0.0
2021,33,25243.79695276284,631.3275513395863,NC,NORTH CAROLINA,0.07901176,1994556.826320429
2021,34,11329940.40993462,40079.44803860015,ND,NORTH DAKOTA,0.07901176,895198532.4840558
2021,35,87301.00554207756,1573.911555852609,OH,OHIO,0.07901176,6897806.097649301
2021,36,1507615.3002025308,9405.95987545428,OK,OKLAHOMA,0.07901176,119119338.27193032
2021,37,1494208.269307681,7820.389049018596,OR,OREGON,0.07901176,118060025.16455385
2021,38,1969.9777083970305,78.74624710048272,PA,PENNSYLVANIA,0.07901176,155651.40590121617
2021,39,0.0,0.0,RI,RHODE ISLAND,0.07901176,0.0
2021,40,23152.10769209248,584.3505710743802,SC,SOUTH CAROLINA,0.07901176,1829288.7764617647
2021,41,3302085.591010961,18440.25293907765,SD,SOUTH DAKOTA,0.07901176,260903594.2164162
2021,42,14472.65459979776,182.10350214880972,TN,TENNESSEE,0.07901176,1143509.9118021165
2021,43,1783741.0984524484,9658.50044570908,TX,TEXAS,0.07901176,140936523.57306123
2021,44,14529.992301897466,1869.9636905109344,UT,UTAH,0.07901176,1148040.2645593702
2021,45,0.0,0.0,VT,VERMONT,0.07901176,0.0
2021,46,8127.984061689704,212.0637641866674,VA,VIRGINIA,0.07901176,642206.325966052
2021,47,1364107.1239587353,13247.399159791948,WA,WASHINGTON,0.07901176,107780504.69251783
2021,48,497.562875905808,19.74507769016213,WV,WEST VIRGINIA,0.07901176,39313.31853597949
2021,49,53468.75559971531,238.08695596479237,WI,WISCONSIN,0.07901176,4224660.484943362
2021,50,131393.79892789182,1622.5786973416402,WY,WYOMING,0.07901176,10381655.306378845
2022,0,2677.6242324001323,26.073760046228717,AL,ALABAMA,0.07928652,212299.50725467774
2022,2,0.0,0.0,AZ,ARIZONA,0.07928652,0.0
2022,3,163356.9526368972,1320.8401520653258,AR,ARKANSAS,0.07928652,12952004.292384401
2022,4,1831.9361491941709,101.6515756462887,CA,CALIFORNIA,0.07928652,145247.84213180662
2022,5,425548.2506121084,11028.412274431124,CO,COLORADO,0.07928652,33740239.883121945
2022,6,0.0,0.0,CT,CONNECTICUT,0.07928652,0.0
2022,7,0.0,0.0,DE,DELAWARE,0.07928652,0.0
2022,8,0.0,0.0,DC,DISTRICT OF COLUMBIA,0.07928652,0.0
2022,9,0.0,0.0,FL,FLORIDA,0.07928652,0.0
2022,10,945.5717816125692,18.278088618921718,GA,GEORGIA,0.07928652,74971.0959742606
2022,12,70085.86856951262,2810.7477838651216,ID,IDAHO,0.07928652,5556864.620054034
2022,13,55441.335517751264,779.8541344659541,IL,ILLINOIS,0.07928652,4395750.557354895
2022,14,1989.577248803062,30.80117028445583,IN,INDIANA,0.07928652,157746.65632876896
2022,15,335.14919197864106,2.025501243744319,IA,IOWA,0.07928652,26572.81311279836
2022,16,3110225.523135827,13851.394967717351,KS,KANSAS,0.07928652,246598958.14461923
2022,17,2266.8343007240373,143.43119389722838,KY,KENTUCKY,0.07928652,179729.40312104241
2022,18,97859.15390205132,639.2092521027388,LA,LOUISIANA,0.07928652,7758911.76303807
2022,19,0.0,0.0,ME,MAINE,0.07928652,0.0
2022,20,8.905387754492846,0.5391550214616779,MD,MARYLAND,0.07928652,706.0772043043521
2022,21,0.0,0.0,MA,MASSACHUSETTS,0.07928652,0.0
2022,22,20015.347153290462,76.59968580771307,MI,MICHIGAN,0.07928652,1586947.2223763072
2022,23,219018.00018355055,806.6986308404594,MN,MINNESOTA,0.07928652,17365175.051913086
2022,24,24195.865733265942,196.37293790612927,MS,MISSISSIPPI,0.07928652,1918405.992377905
2022,25,1090.032405816478,19.13001914340669,MO,MISSOURI,0.07928652,86424.87614441631
2022,26,1719471.98650344,15050.022595899649,MT,MONTANA,0.07928652,136330950.0473447
2022,27,534422.5646734776,2984.63839599224,NE,NEBRASKA,0.07928652,42372505.36243497
2022,28,4580.228255015927,719.5513455927804,NV,NEVADA,0.07928652,363150.35914588545
2022,29,0.0,0.0,NH,NEW HAMPSHIRE,0.07928652,0.0
2022,30,4.256526665301782,0.3382184492037952,NJ,NEW JERSEY,0.07928652,337.485186578983
2022,31,26653.43895055725,767.4092773662504,NM,NEW MEXICO,0.07928652,2113258.4204221363
2022,32,0.0,0.0,NY,NEW YORK,0.07928652,0.0
2022,33,8779.116731241576,106.37225523442592,NC,NORTH CAROLINA,0.07928652,696065.6142939199
2022,34,3045028.732430108,11510.746122607974,ND,NORTH DAKOTA,0.07928652,241429731.49439442
2022,35,9533.298626873042,113.83272597854672,OH,OHIO,0.07928652,755862.072245542
2022,36,347757.6978237855,2146.341161448417,OK,OKLAHOMA,0.07928652,27572497.663659524
2022,37,1555482.4804620456,8300.141183381678,OR,OREGON,0.07928652,123328792.7968036
2022,38,20.94657428773324,0.5972110529816068,PA,PENNSYLVANIA,0.07928652,1660.7809811958473
2022,39,0.0,0.0,RI,RHODE ISLAND,0.07928652,0.0
2022,40,1972.1928747882948,35.60208176193767,SC,SOUTH CAROLINA,0.07928652,156368.30981075962
2022,41,477652.1270171929,2578.1741200345846,SD,SOUTH DAKOTA,0.07928652,37871374.9217912
2022,42,4701.7163307086485,112.97098256930572,TN,TENNESSEE,0.07928652,372782.72588905785
2022,43,712974.7297836103,5960.356888009986,TX,TEXAS,0.07928652,56529285.17248282
2022,44,8491.93671920825,1083.3839324663868,UT,UTAH,0.07928652,673296.1105262393
2022,45,0.0,0.0,VT,VERMONT,0.07928652,0.0
2022,46,558.5105211869828,9.361436355702596,VA,VIRGINIA,0.07928652,44282.35560830214
2022,47,1660209.948829681,17447.97163617832,WA,WASHINGTON,0.07928652,131632269.31208347
2022,48,0.0,0.0,WV,WEST VIRGINIA,0.07928652,0.0
2022,49,1040.714703370606,7.574696731393838,WI,WISCONSIN,0.07928652,82514.64714308763
2022,50,96402.262283422,1331.7180016033044,WY,WYOMING,0.07928652,7643399.896579783
2023,0,0.0,0.0,AL,ALABAMA,0.07956128,0.0
2023,2,0.0,0.0,AZ,ARIZONA,0.07956128,0.0
2023,3,15668.71803678737,181.52297445066228,AR,ARKANSAS,0.07956128,1246623.2629658903
2023,4,443.14482499757855,23.300188543889025,CA,CALIFORNIA,0.07956128,35257.169502183344
2023,5,280817.2813397284,6228.605622102381,CO,COLORADO,0.07956128,22342182.349508908
2023,6,0.0,0.0,CT,CONNECTICUT,0.07956128,0.0
2023,7,0.0,0.0,DE,DELAWARE,0.07956128,0.0
2023,8,0.0,0.0,DC,DISTRICT OF COLUMBIA,0.07956128,0.0
2023,9,0.0,0.0,FL,FLORIDA,0.07956128,0.0
2023,10,0.0,0.0,GA,GEORGIA,0.07956128,0.0
2023,12,48092.84327668959,1702.353222168559,ID,IDAHO,0.07956128,3826328.1699328185
2023,13,1653.8413434345475,11.63646811261399,IL,ILLINOIS,0.07956128,131581.7342005722
2023,14,2946.872603826246,59.92510110589325,IN,INDIANA,0.07956128,234456.95635734903
2023,15,0.0,0.0,IA,IOWA,0.07956128,0.0
2023,16,3906004.052226982,17600.18404633214,KS,KANSAS,0.07956128,310766682.08036554
2023,17,13.070945193358307,0.2885303206719629,KY,KENTUCKY,0.07956128,1039.9411303934344
2023,18,0.0,0.0,LA,LOUISIANA,0.07956128,0.0
2023,19,0.0,0.0,ME,MAINE,0.07956128,0.0
2023,20,0.0,0.0,MD,MARYLAND,0.07956128,0.0
2023,21,0.0,0.0,MA,MASSACHUSETTS,0.07956128,0.0
2023,22,7559.117967792204,36.0643211867025,MI,MICHIGAN,0.07956128,601413.1011885465
2023,23,369627.39941299264,1676.6106095962557,MN,MINNESOTA,0.07956128,29408029.020368945
2023,24,0.0,0.0,MS,MISSISSIPPI,0.07956128,0.0
2023,25,11042.010784655751,111.53316984515308,MO,MISSOURI,0.07956128,878516.5118010159
2023,26,3201693.9837675653,24893.698436925843,MT,MONTANA,0.07956128,254730871.51684672
2023,27,366121.15391488833,2049.6499962492885,NE,NEBRASKA,0.07956128,29129067.640545525
2023,28,2613.10580270344,410.9654278601177,NV,NEVADA,0.07956128,207902.04243851316
2023,29,0.0,0.0,NH,NEW HAMPSHIRE,0.07956128,0.0
2023,30,0.0,0.0,NJ,NEW JERSEY,0.07956128,0.0
2023,31,62381.333505612085,1119.720694647223,NM,NEW MEXICO,0.07956128,4963138.741813384
2023,32,0.0,0.0,NY,NEW YORK,0.07956128,0.0
2023,33,86.38585917820407,6.565486974628287,NC,NORTH CAROLINA,0.07956128,6872.969530117664
2023,34,3440972.8032221794,12872.201781564956,ND,NORTH DAKOTA,0.07956128,273768200.6695447
2023,35,14311.438406335785,172.64185146784038,OH,OHIO,0.07956128,1138636.358249235
2023,36,1035241.3887668542,6392.24788103711,OK,OKLAHOMA,0.07956128,82365129.99926853
2023,37,1469583.9204972964,8478.805397105554,OR,OREGON,0.07956128,116921977.78218313
2023,38,19.996020397112336,0.2656213329474207,PA,PENNSYLVANIA,0.07956128,1590.9089777003658
2023,39,0.0,0.0,RI,RHODE ISLAND,0.07956128,0.0
2023,40,0.0,0.0,SC,SOUTH CAROLINA,0.07956128,0.0
2023,41,1201361.0607021372,6729.973856355216,SD,SOUTH DAKOTA,0.07956128,95581823.73161973
2023,42,0.0,0.0,TN,TENNESSEE,0.07956128,0.0
2023,43,1407388.9714082712,8877.867136152752,TX,TEXAS,0.07956128,111973668.02312547
2023,44,5249.329182815888,675.5061458675966,UT,UTAH,0.07956128,417643.34892618604
2023,45,0.0,0.0,VT,VERMONT,0.07956128,0.0
2023,46,0.0,0.0,VA,VIRGINIA,0.07956128,0.0
2023,47,1813241.974320688,19824.115723284714,WA,WASHINGTON,0.07956128,144263852.42668107
2023,48,0.0,0.0,WV,WEST VIRGINIA,0.07956128,0.0
2023,49,3908.571414841734,11.86504738797728,WI,WISCONSIN,0.07956128,310970.94473621936
2023,50,10761.295840546863,139.9602904563924,WY,WYOMING,0.07956128,856182.4715325843
2024,0,1223.051579782804,12.397955777426624,AL,ALABAMA,0.07983604,97643.59484560313
2024,2,0.0,0.0,AZ,ARIZONA,0.07983604,0.0
2024,3,89225.55685955753,757.1277543334212,AR,ARKANSAS,0.07983604,7123415.126461908
2024,4,3905.48240946668,216.7605400024251,CA,CALIFORNIA,0.07983604,311798.2498614782
2024,5,671352.6099228475,12218.533872425542,CO,COLORADO,0.07983604,53598133.81990485
2024,6,0.0,0.0,CT,CONNECTICUT,0.07983604,0.0
2024,7,0.0,0.0,DE,DELAWARE,0.07983604,0.0
2024,8,0.0,0.0,DC,DISTRICT OF COLUMBIA,0.07983604,0.0
2024,9,0.0,0.0,FL,FLORIDA,0.07983604,0.0
2024,10,0.0,0.0,GA,GEORGIA,0.07983604,0.0
2024,12,34800.15058077328,1380.0013050737512,ID,IDAHO,0.07983604,2778306.213772639
2024,13,8666.486285720766,43.01131032549946,IL,ILLINOIS,0.07983604,691897.9457662544
2024,14,22222.02958891354,118.84858814901852,IN,INDIANA,0.07983604,1774118.843141685
2024,15,0.0,0.0,IA,IOWA,0.07983604,0.0
2024,16,8992588.731671393,35784.98902634145,KS,KANSAS,0.07983604,717932673.6852665
2024,17,1059.8543631059213,31.564624992152904,KY,KENTUCKY,0.07983604,84614.57532709885
2024,18,73231.5573007548,541.3044454020882,LA,LOUISIANA,0.07983604,5846517.537925352
2024,19,0.0,0.0,ME,MAINE,0.07983604,0.0
2024,20,0.0,0.0,MD,MARYLAND,0.07983604,0.0
2024,21,0.0,0.0,MA,MASSACHUSETTS,0.07983604,0.0
2024,22,4107.778162372577,8.080390645637372,MI,MICHIGAN,0.07983604,327948.74168230355
2024,23,321570.7042109385,1866.533375238891,MN,MINNESOTA,0.07983604,25672931.60421265
2024,24,6767.552086281057,38.8673292459924,MS,MISSISSIPPI,0.07983604,540294.559062418
2024,25,22930.593849759527,161.56016240747493,MO,MISSOURI,0.07983604,1830687.8078131555
2024,26,6983283.892563205,41313.919170163965,MT,MONTANA,0.07983604,557517732.1780317
2024,27,835521.6445997922,3890.922023236604,NE,NEBRASKA,0.07983604,66704739.43913479
2024,28,3572.833048604949,568.1809231778567,NV,NEVADA,0.07983604,285240.8421817466
2024,29,0.0,0.0,NH,NEW HAMPSHIRE,0.07983604,0.0
2024,30,0.0,0.0,NJ,NEW JERSEY,0.07983604,0.0
2024,31,30763.63332209264,612.8062037058933,NM,NEW MEXICO,0.07983604,2456046.6604479207
2024,32,0.0,0.0,NY,NEW YORK,0.07983604,0.0
2024,33,1180.1321435842797,5.325471951416532,NC,NORTH CAROLINA,0.07983604,94217.07702048028
2024,34,3355675.3051366517,12658.438156512875,ND,NORTH DAKOTA,0.07983604,267903827.8879019
2024,35,11746.41332724207,51.03552965503752,OH,OHIO,0.07983604,937787.1242502308
2024,36,5525417.809784591,22634.84251559476,OK,OKLAHOMA,0.07983604,441127477.278675
2024,37,1374558.8768310845,7543.149220320296,OR,OREGON,0.07983604,109739337.47304153
2024,38,0.0,0.0,PA,PENNSYLVANIA,0.07983604,0.0
2024,39,0.0,0.0,RI,RHODE ISLAND,0.07983604,0.0
2024,40,6893.111005403982,29.54740882308897,SC,SOUTH CAROLINA,0.07983604,550318.6859518725
2024,41,76864.11916810095,665.1781679226661,SD,SOUTH DAKOTA,0.07983604,6136526.892469274
2024,42,1345.7968747078728,9.729001292265576,TN,TENNESSEE,0.07983604,107443.09312105272
2024,43,4449845.061085287,26626.013632884176,TX,TEXAS,0.07983604,355258008.29060733
2024,44,2962.2806466751176,378.1488384150582,UT,UTAH,0.07983604,236496.75619918056
2024,45,0.0,0.0,VT,VERMONT,0.07983604,0.0
2024,46,0.0,0.0,VA,VIRGINIA,0.07983604,0.0
2024,47,950249.2903152462,9093.42561802926,WA,WASHINGTON,0.07983604,75864140.3515796
2024,48,0.0,0.0,WV,WEST VIRGINIA,0.07983604,0.0
2024,49,2240.350273967314,5.478702186499295,WI,WISCONSIN,0.07983604,178860.69408646543
2024,50,54566.52890272614,674.0496137728813,WY,WYOMING,0.07983604,4356375.5841392
2025,0,1230.8527531035415,37.43883946263617,AL,ALABAMA,0.0801108,98604.59873332718
2025,2,0.0,0.0,AZ,ARIZONA,0.0801108,0.0
2025,3,334371.70176044886,1924.707586163043,AR,ARKANSAS,0.0801108,26786784.525390968
2025,4,3144.18554651045,171.33508672324166,CA,CALIFORNIA,0.0801108,251883.21947938934
2025,5,741773.2380495255,13904.65968011234,CO,COLORADO,0.0801108,59424047.51873793
2025,6,0.0,0.0,CT,CONNECTICUT,0.0801108,0.0
2025,7,680.7945867450466,32.65235204578963,DE,DELAWARE,0.0801108,54538.99897981507
2025,8,0.0,0.0,DC,DISTRICT OF COLUMBIA,0.0801108,0.0
2025,9,191.85709908341025,6.1386409522785055,FL,FLORIDA,0.0801108,15369.825693251261
2025,10,77601.95538373136,719.5395009604651,GA,GEORGIA,0.0801108,6216754.727355027
2025,12,210316.40293946164,7103.31105134921,ID,IDAHO,0.0801108,16848615.292602625
2025,13,7511.113873824701,37.809343647267006,IL,ILLINOIS,0.0801108,601721.3413231958
2025,14,4199.431139477629,52.016370272233374,IN,INDIANA,0.0801108,336419.78812846437
2025,15,14.468795789061687,0.2051046294486705,IA,IOWA,0.0801108,1159.106805698363
2025,16,5503018.867914042,22931.481654463525,KS,KANSAS,0.0801108,440851243.92368823
2025,17,2856.352709733626,83.71957576137606,KY,KENTUCKY,0.0801108,228824.70065892854
2025,18,163952.12389469324,785.2369763137206,LA,LOUISIANA,0.0801108,13134335.806902992
2025,19,0.0,0.0,ME,MAINE,0.0801108,0.0
2025,20,5267.60725811154,100.94461998500628,MD,MARYLAND,0.0801108,421992.23153312196
2025,21,0.0,0.0,MA,MASSACHUSETTS,0.0801108,0.0
2025,22,16453.678561627377,60.28826494754089,MI,MICHIGAN,0.0801108,1318117.3525148183
2025,23,4917.994393205549,29.6659813476847,MN,MINNESOTA,0.0801108,393984.46523521113
2025,24,24684.0032610952,126.06227773109237,MS,MISSISSIPPI,0.0801108,1977455.248448945
2025,25,13406.592175606227,128.49746254592003,MO,MISSOURI,0.0801108,1074012.8244615553
2025,26,8429203.269784072,50246.26481868591,MT,MONTANA,0.0801108,675270217.3050178
2025,27,1124452.3528948743,5807.876008465397,NE,NEBRASKA,0.0801108,90080777.5522907
2025,28,4412.7832402644,699.8783349823394,NV,NEVADA,0.0801108,353511.59560417326
2025,29,0.0,0.0,NH,NEW HAMPSHIRE,0.0801108,0.0
2025,30,68.8107518774075,2.5676820846353507,NJ,NEW JERSEY,0.0801108,5512.484381500616
2025,31,7179.872963243846,143.1981987224401,NM,NEW MEXICO,0.0801108,575185.366983835
2025,32,274.5317672242939,1.8491678472673256,NY,NEW YORK,0.0801108,21992.959497751963
2025,33,2345.669567986992,64.79657229229238,NC,NORTH CAROLINA,0.0801108,187913.46562709232
2025,34,5585261.692151607,20304.71951973101,ND,NORTH DAKOTA,0.0801108,447439782.3676189
2025,35,11609.516009129657,162.33618814664993,OH,OHIO,0.0801108,930047.615104184
2025,36,648462.5771003603,3007.4672922209543,OK,OKLAHOMA,0.0801108,51948855.82157154
2025,37,2607774.1804104964,13236.813650512351,OR,OREGON,0.0801108,208910875.81202918
2025,38,50.05590634571527,2.302200680576064,PA,PENNSYLVANIA,0.0801108,4010.018702080327
2025,39,0.0,0.0,RI,RHODE ISLAND,0.0801108,0.0
2025,40,13645.774199624817,139.12163799429803,SC,SOUTH CAROLINA,0.0801108,1093173.8877513038
2025,41,2126042.610002746,11905.96259342424,SD,SOUTH DAKOTA,0.0801108,170318974.32140797
2025,42,44738.204420650254,391.2286413550793,TN,TENNESSEE,0.0801108,3584013.346701828
2025,43,263121.84215363703,2249.7504085078094,TX,TEXAS,0.0801108,21078901.272401582
2025,44,14804.167061744629,2057.6274054372243,UT,UTAH,0.0801108,1185973.6666500114
2025,45,0.0,0.0,VT,VERMONT,0.0801108,0.0
2025,46,9872.397602318477,174.10424921298966,VA,VIRGINIA,0.0801108,790885.669839815
2025,47,2273310.342709492,22031.91000027577,WA,WASHINGTON,0.0801108,182116710.20273155
2025,48,0.0,0.0,WV,WEST VIRGINIA,0.0801108,0.0
2025,49,10103.81865712882,27.278507035244917,WI,WISCONSIN,0.0801108,809424.9956775154
2025,50,135889.3637154799,2087.902842057553,WY,WYOMING,0.0801108,10886205.638738068
2026,0,2168.3300558213305,113.57535204838167,AL,ALABAMA,0.0817141399999999,177183.22574759176
2026,2,0.0,0.0,AZ,ARIZONA,0.0817141399999999,0.0
2026,3,39762.76311721785,713.5762131940797,AR,ARKANSAS,0.0817141399999999,3249179.992147172
2026,4,1659.0612861742384,88.40115049056408,CA,CALIFORNIA,0.0817141399999999,135568.7662070216
2026,5,223933.58064881293,7939.488043696283,CO,COLORADO,0.0817141399999999,18298539.959838364
2026,6,0.0,0.0,CT,CONNECTICUT,0.0817141399999999,0.0
2026,7,38041.31343222511,236.05580840849132,DE,DELAWARE,0.0817141399999999,3108513.2115847194
2026,8,0.0,0.0,DC,DISTRICT OF COLUMBIA,0.0817141399999999,0.0
2026,9,482.66726776098704,3.92846762210041,FL,FLORIDA,0.0817141399999999,39440.74069123873
2026,10,7175.468993326223,97.12569909040204,GA,GEORGIA,0.0817141399999999,586337.2778863173
2026,12,177081.17916075548,6199.728150556279,ID,IDAHO,0.0817141399999999,14470036.265307037
2026,13,6835.621260397506,78.62701341234094,IL,ILLINOIS,0.0817141399999999,558566.9126590976
2026,14,16253.198196154604,236.0990944924337,IN,INDIANA,0.0817141399999999,1328116.112848323
2026,15,0.0,0.0,IA,IOWA,0.0817141399999999,0.0
2026,16,2449546.790127462,20552.124177876813,KS,KANSAS,0.0817141399999999,200162609.34502578
2026,17,28357.658295075227,954.5055141855628,KY,KENTUCKY,0.0817141399999999,2317221.6599959354
2026,18,3585.8827318885965,84.86993490461164,LA,LOUISIANA,0.0817141399999999,293017.32357712684
2026,19,0.0,0.0,ME,MAINE,0.0817141399999999,0.0
2026,20,40292.50416110955,267.29383134619945,MD,MARYLAND,0.0817141399999999,3292467.325971484
2026,21,0.0,0.0,MA,MASSACHUSETTS,0.0817141399999999,0.0
2026,22,4209.032339304493,9.910287719253471,MI,MICHIGAN,0.0817141399999999,343937.4578384544
2026,23,50216.69996764055,991.8342960786968,MN,MINNESOTA,0.0817141399999999,4103414.45149377
2026,24,7040.093743177969,92.51373467225594,MS,MISSISSIPPI,0.0817141399999999,575275.2057431679
2026,25,18096.90218744399,241.5834169596253,MO,MISSOURI,0.0817141399999999,1478772.7989111026
2026,26,4193076.210186871,29306.747196617773,MT,MONTANA,0.0817141399999999,342633616.4698789
2026,27,288072.8524071685,2390.765816795415,NE,NEBRASKA,0.0817141399999999,23539625.391798675
2026,28,4190.218329357527,677.4297342915628,NV,NEVADA,0.0817141399999999,342400.08719568665
2026,29,0.0,0.0,NH,NEW HAMPSHIRE,0.0817141399999999,0.0
2026,30,7785.217460143087,49.75046202788043,NJ,NEW JERSEY,0.0817141399999999,636162.3494685758
2026,31,314.4671833354207,22.817668477526954,NM,NEW MEXICO,0.0817141399999999,25696.415444476203
2026,32,0.0,0.0,NY,NEW YORK,0.0817141399999999,0.0
2026,33,30016.702368671795,509.4409523143426,NC,NORTH CAROLINA,0.0817141399999999,2452789.0196919753
2026,34,866876.8509020836,5887.522259719706,ND,NORTH DAKOTA,0.0817141399999999,70836096.35737188
2026,35,36706.890684851,309.5916791287065,OH,OHIO,0.0817141399999999,2999472.0043866066
2026,36,169249.88868454093,2627.0845592043097,OK,OKLAHOMA,0.0817141399999999,13830109.098952975
2026,37,2406061.203423254,12631.014906825732,OR,OREGON,0.0817141399999999,196609222.025096
2026,38,664.3132928972863,15.333911014118211,PA,PENNSYLVANIA,0.0817141399999999,54283.78941966978
2026,39,0.0,0.0,RI,RHODE ISLAND,0.0817141399999999,0.0
2026,40,9198.624419106236,162.1353643238957,SC,SOUTH CAROLINA,0.0817141399999999,751657.6835902646
2026,41,15657.227325428748,343.51285541135394,SD,SOUTH DAKOTA,0.0817141399999999,1279416.8656819086
2026,42,39739.34980140103,552.5472904852642,TN,TENNESSEE,0.0817141399999999,3247266.793180652
2026,43,61700.973159966,1425.701773682646,TX,TEXAS,0.0817141399999999,5041841.958929697
2026,44,10936.853015358654,1413.7968175752014,UT,UTAH,0.0817141399999999,893695.5384564381
2026,45,0.0,0.0,VT,VERMONT,0.0817141399999999,0.0
2026,46,29448.47181921552,257.1233420370536,VA,VIRGINIA,0.0817141399999999,2406356.5490214285
2026,47,2459593.601943904,24125.775824852848,WA,WASHINGTON,0.0817141399999999,200983575.93234816
2026,48,255.54542202544323,8.972357569968935,WV,WEST VIRGINIA,0.0817141399999999,20881.674391746124
2026,49,2459.211747307305,10.61569428178462,WI,WISCONSIN,0.0817141399999999,200952.37300911345
2026,50,26249.90551878669,373.0586268135538,WY,WYOMING,0.0817141399999999,2144988.4545489056
2027,0,138.35827118468498,6.4805196498263005,AL,ALABAMA,0.08331748,11527.662492264566
2027,2,0.0,0.0,AZ,ARIZONA,0.08331748,0.0
2027,3,34538.95861607476,541.6942206802605,AR,ARKANSAS,0.08331748,2877698.993715636
2027,4,2851.810333914916,156.72794180546924,CA,CALIFORNIA,0.08331748,237605.65045974933
2027,5,449102.3501500349,10432.96619798228,CO,COLORADO,0.08331748,37418076.07657853
2027,6,0.0,0.0,CT,CONNECTICUT,0.08331748,0.0
2027,7,0.0,0.0,DE,DELAWARE,0.08331748,0.0
2027,8,0.0,0.0,DC,DISTRICT OF COLUMBIA,0.08331748,0.0
2027,9,0.0,0.0,FL,FLORIDA,0.08331748,0.0
2027,10,0.0,0.0,GA,GEORGIA,0.08331748,0.0
2027,12,230815.26052362256,7769.194365903072,ID,IDAHO,0.08331748,19230945.85237171
2027,13,172487.69189829336,1540.0670286231173,IL,ILLINOIS,0.08331748,14371239.819982218
2027,14,45467.0844586257,540.1580446619375,IN,INDIANA,0.08331748,3788202.9000398577
2027,15,197.5375011591982,2.961169330169712,IA,IOWA,0.08331748,16458.326802081472
2027,16,1615408.5040778778,8037.297283981194,KS,KANSAS,0.08331748,134591765.73033848
2027,17,11600.889345287474,604.3982934827783,KY,KENTUCKY,0.08331748,966556.8660082022
2027,18,1011.1260145504264,10.880620665047584,LA,LOUISIANA,0.08331748,84244.47149478486
2027,19,0.0,0.0,ME,MAINE,0.08331748,0.0
2027,20,693.0700734011931,9.994221567441407,MD,MARYLAND,0.08331748,57744.85197920244
2027,21,0.0,0.0,MA,MASSACHUSETTS,0.08331748,0.0
2027,22,53037.611438859945,255.2293928776995,MI,MICHIGAN,0.08331748,4418960.130304985
2027,23,1682618.7842645512,5464.501251634553,MN,MINNESOTA,0.08331748,140191556.90558606
2027,24,0.0,0.0,MS,MISSISSIPPI,0.08331748,0.0
2027,25,82820.59526266239,987.2311758733764,MO,MISSOURI,0.08331748,6900403.289384969
2027,26,5341295.281703632,36386.57842100747,MT,MONTANA,0.08331748,445023262.80743676
2027,27,818235.4054276336,4526.411890838273,NE,NEBRASKA,0.08331748,68173312.02700874
2027,28,5187.04741855835,817.0653841786609,NV,NEVADA,0.08331748,432171.7195547869
2027,29,0.0,0.0,NH,NEW HAMPSHIRE,0.08331748,0.0
2027,30,1232.275529688431,19.081342614130705,NJ,NEW JERSEY,0.08331748,102670.09179930527
2027,31,258.4962970364738,4.457715503930886,NM,NEW MEXICO,0.08331748,21537.260058410462
2027,32,440.1586520142379,14.431210444705266,NY,NEW YORK,0.08331748,36672.909686023224
2027,33,35090.98390751495,207.0869285889969,NC,NORTH CAROLINA,0.08331748,2923692.3498946987
2027,34,7758581.207360875,28691.783178069432,ND,NORTH DAKOTA,0.08331748,646425434.5726656
2027,35,16540.158620679944,176.02888542838372,OH,OHIO,0.08331748,1378084.3350753288
2027,36,704526.6473007686,3574.62721296647,OK,OKLAHOMA,0.08331748,58699384.845948845
2027,37,2764957.7484821524,14211.81245666955,OR,OREGON,0.08331748,230369311.91000676
2027,38,1952.968231180222,76.35130217212826,PA,PENNSYLVANIA,0.08331748,162716.39154199354
2027,39,0.0,0.0,RI,RHODE ISLAND,0.08331748,0.0
2027,40,0.0,0.0,SC,SOUTH CAROLINA,0.08331748,0.0
2027,41,1864922.1578064929,10409.816991109252,SD,SOUTH DAKOTA,0.08331748,155380614.58459932
2027,42,10465.571370002552,160.13593664614243,TN,TENNESSEE,0.08331748,871965.0333087601
2027,43,707358.0587383179,4514.56180281549,TX,TEXAS,0.08331748,58935290.91176863
2027,44,17726.61643149504,2311.670158024863,UT,UTAH,0.08331748,1476937.0099987595
2027,45,0.0,0.0,VT,VERMONT,0.08331748,0.0
2027,46,8526.146320842887,88.2996994976587,VA,VIRGINIA,0.08331748,710377.0255639007
2027,47,2553841.600805644,24882.26126688711,WA,WASHINGTON,0.08331748,212779646.49829224
2027,48,0.0,0.0,WV,WEST VIRGINIA,0.08331748,0.0
2027,49,32481.36919867281,121.99016138522995,WI,WISCONSIN,0.08331748,2706265.828583038
2027,50,110562.06048806256,1372.1678521224237,WY,WYOMING,0.08331748,9211752.263472943
2028,0,20857.73915029824,213.66367846284732,AL,ALABAMA,0.08492082,1771256.3119894294
2028,2,0.0,0.0,AZ,ARIZONA,0.08492082,0.0
2028,3,744424.1900934079,3470.417329433657,AR,ARKANSAS,0.08492082,63217112.65056807
2028,4,4822.231526074029,272.3836449913163,CA,CALIFORNIA,0.08492082,409507.85542405787
2028,5,608295.4263192718,12577.768903520497,CO,COLORADO,0.08492082,51656946.40528214
2028,6,0.0,0.0,CT,CONNECTICUT,0.08492082,0.0
2028,7,16550.491752486527,132.5386643614424,DE,DELAWARE,0.08492082,1405481.3310243927
2028,8,0.0,0.0,DC,DISTRICT OF COLUMBIA,0.08492082,0.0
2028,9,0.0,0.0,FL,FLORIDA,0.08492082,0.0
2028,10,27628.934699032765,285.1709695094441,GA,GEORGIA,0.08492082,2346271.7903683153
2028,12,305125.2582121274,9565.472146835858,ID,IDAHO,0.08492082,25911487.13008559
2028,13,903499.0780649844,2586.508395113286,IL,ILLINOIS,0.08492082,76725882.57852249
2028,14,384094.4176839533,1652.0635427345346,IN,INDIANA,0.08492082,32617612.907143813
2028,15,3121.786326739559,8.238268839402311,IA,IOWA,0.08492082,265104.65473151125
2028,16,11148122.839458857,55036.27293496914,KS,KANSAS,0.08492082,946707732.9875743
2028,17,207712.0582474616,1829.539142317289,KY,KENTUCKY,0.08492082,17639078.3102622
2028,18,127761.00236072036,714.5037710831368,LA,LOUISIANA,0.08492082,10849569.084494308
2028,19,0.0,0.0,ME,MAINE,0.08492082,0.0
2028,20,17531.06634561457,126.153106271622,MD,MARYLAND,0.08492082,1488752.5295439926
2028,21,0.0,0.0,MA,MASSACHUSETTS,0.08492082,0.0
2028,22,134126.73459329267,320.73848207937635,MI,MICHIGAN,0.08492082,11390152.28558478
2028,23,2319920.748227818,6517.398275009316,MN,MINNESOTA,0.08492082,197009572.27451983
2028,24,29182.887883491087,152.08019790927358,MS,MISSISSIPPI,0.08492082,2478234.7690341272
2028,25,644760.190793433,3476.695270370905,MO,MISSOURI,0.08492082,54753564.10553477
2028,26,10158082.453255322,57705.38527137692,MT,MONTANA,0.08492082,862632691.5580535
2028,27,748035.2736985295,4715.801012208844,NE,NEBRASKA,0.08492082,63523768.83140355
2028,28,7133.101350770611,1127.2180183520477,NV,NEVADA,0.08492082,605748.8158505479
2028,29,0.0,0.0,NH,NEW HAMPSHIRE,0.08492082,0.0
2028,30,5993.93705841301,66.4408805576329,NJ,NEW JERSEY,0.08492082,509010.0500288207
2028,31,41476.71424587405,811.6505752304612,NM,NEW MEXICO,0.08492082,3522236.5846653054
2028,32,2440.507631500062,13.83574018972858,NY,NEW YORK,0.08492082,207249.9092832431
2028,33,1942.120527924561,49.44120532479943,NC,NORTH CAROLINA,0.08492082,164926.4677701866
2028,34,12291740.700942906,41366.05098077787,ND,NORTH DAKOTA,0.08492082,1043824699.5514462
2028,35,520562.3247031309,3177.081381130745,OH,OHIO,0.08492082,44206579.474896125
2028,36,3404794.715841856,20979.245073761103,OK,OKLAHOMA,0.08492082,289137959.20095736
2028,37,2530366.3292906126,13343.684386959229,OR,OREGON,0.08492082,214880783.58374885
2028,38,15768.757769951451,212.05059162875423,PA,PENNSYLVANIA,0.08492082,1339095.8402056484
2028,39,0.0,0.0,RI,RHODE ISLAND,0.08492082,0.0
2028,40,13146.95196719291,124.39338688040507,SC,SOUTH CAROLINA,0.08492082,1116449.941554635
2028,41,2982433.503256517,15167.331633217367,SD,SOUTH DAKOTA,0.08492082,253270698.69201607
2028,42,172289.70742203243,974.6188298667632,TN,TENNESSEE,0.08492082,14630983.231839078
2028,43,2689114.336448411,18252.13087528449,TX,TEXAS,0.08492082,228361794.52495494
2028,44,15962.00760664725,2038.2202471009516,UT,UTAH,0.08492082,1355506.7748027218
2028,45,0.0,0.0,VT,VERMONT,0.08492082,0.0
2028,46,2919.416529012788,67.30021297698732,VA,VIRGINIA,0.08492082,247919.24556531972
2028,47,2233886.3550440106,23137.895576247454,WA,WASHINGTON,0.08492082,189703461.05714852
2028,48,240.60359048797983,3.901368141801633,WV,WEST VIRGINIA,0.08492082,20432.254199183444
2028,49,123537.1889130763,323.4175816173063,WI,WISCONSIN,0.08492082,10490879.382993348
2028,50,102421.24602013802,1154.5809676584684,WY,WYOMING,0.08492082,8697696.197451856
2029,0,2208.969018048684,38.49698983566167,AL,ALABAMA,0.08652416,191129.18875268725
2029,2,0.0,0.0,AZ,ARIZONA,0.08652416,0.0
2029,3,16971.43886920472,286.9517265097234,AR,ARKANSAS,0.08652416,1468439.4921492885
2029,4,11828.09278446827,636.0897717954483,CA,CALIFORNIA,0.08652416,1023415.7925781782
2029,5,469828.2472416849,13040.695038589814,CO,COLORADO,0.08652416,40651494.4368591
2029,6,0.0,0.0,CT,CONNECTICUT,0.08652416,0.0
2029,7,0.0,0.0,DE,DELAWARE,0.08652416,0.0
2029,8,0.0,0.0,DC,DISTRICT OF COLUMBIA,0.08652416,0.0
2029,9,868.1073462030888,11.122243685547708,FL,FLORIDA,0.08652416,75112.25892005145
2029,10,3829.272017118311,102.99196969784307,GA,GEORGIA,0.08652416,331324.5446926675
2029,12,253077.78112639725,8373.208209809722,ID,IDAHO,0.08652416,21897342.42662538
2029,13,60384.63425274662,345.6735591659434,IL,ILLINOIS,0.08652416,5224729.755626129
2029,14,9878.350898355486,106.73423401399825,IN,INDIANA,0.08652416,854716.0136654539
2029,15,2101.7570001365107,7.843648015722829,IA,IOWA,0.08652416,181852.75896093145
2029,16,3003126.9910659525,35620.98876360988,KS,KANSAS,0.08652416,259843040.27530903
2029,17,0.0,0.0,KY,KENTUCKY,0.08652416,0.0
2029,18,661.4786529124762,27.640470690032217,LA,LOUISIANA,0.08652416,57233.88480118355
2029,19,0.0,0.0,ME,MAINE,0.08652416,0.0
2029,20,0.0,0.0,MD,MARYLAND,0.08652416,0.0
2029,21,0.0,0.0,MA,MASSACHUSETTS,0.08652416,0.0
2029,22,37312.14034810263,190.85277509644465,MI,MICHIGAN,0.08652416,3228401.6014216878
2029,23,1288549.8299481156,3798.03019812069,MN,MINNESOTA,0.08652416,111490691.65440355
2029,24,1851.9364668105056,17.95292393020273,MS,MISSISSIPPI,0.08652416,160237.2471641469
2029,25,116725.69943606688,1406.4678288717928,MO,MISSOURI,0.08652416,10099593.094118161
2029,26,6670436.591428038,40166.73091336638,MT,MONTANA,0.08652416,577153922.9065741
2029,27,1648750.3864529035,9813.19930372423,NE,NEBRASKA,0.08652416,142656742.23751286
2029,28,4933.194794483647,783.5991106821443,NV,NEVADA,0.08652416,426840.53570907016
2029,29,0.0,0.0,NH,NEW HAMPSHIRE,0.08652416,0.0
2029,30,0.0,0.0,NJ,NEW JERSEY,0.08652416,0.0
2029,31,4674.18239608116,176.4526828342747,NM,NEW MEXICO,0.08652416,404429.70550770964
2029,32,0.0,0.0,NY,NEW YORK,0.08652416,0.0
2029,33,25.612911216469485,0.4528844977709454,NC,NORTH CAROLINA,0.08652416,2216.1356281596004
2029,34,11342155.414259344,36199.09057961799,ND,NORTH DAKOTA,0.08652416,981370469.8082418
2029,35,21705.62417733104,594.4152067793117,OH,OHIO,0.08652416,1878060.8992192592
2029,36,289221.9428216893,3400.5944135110944,OK,OKLAHOMA,0.08652416,25024685.6562147
2029,37,2749564.787115581,14081.733140693252,OR,OREGON,0.08652416,237903783.57075447
2029,38,38.946794478463445,0.6221858460428661,PA,PENNSYLVANIA,0.08652416,3369.838676941688
2029,39,0.0,0.0,RI,RHODE ISLAND,0.08652416,0.0
2029,40,254.791466976737,3.215806724292147,SC,SOUTH CAROLINA,0.08652416,22045.617655329912
2029,41,4011524.018484152,17506.158211872782,SD,SOUTH DAKOTA,0.08652416,347093746.0191657
2029,42,0.0,0.0,TN,TENNESSEE,0.08652416,0.0
2029,43,262717.7364805538,3525.228456240028,TX,TEXAS,0.08652416,22731431.466081277
2029,44,17699.386641751236,2253.702647193581,UT,UTAH,0.08652416,1531424.5616927468
2029,45,0.0,0.0,VT,VERMONT,0.08652416,0.0
2029,46,127.73729919786982,4.85058415264101,VA,VIRGINIA,0.08652416,11052.36251376436
2029,47,2579487.9808465205,24806.02011205763,WA,WASHINGTON,0.08652416,223188030.77284127
2029,48,0.0,0.0,WV,WEST VIRGINIA,0.08652416,0.0
2029,49,36911.21963812296,170.86400484499114,WI,WISCONSIN,0.08652416,3193712.2737640934
2029,50,177467.22421086257,2237.73695915423,WY,WYOMING,0.08652416,15355202.502376547
2030,0,4059.3354794764737,56.4792063254621,AL,ALABAMA,0.0881275,357739.08746756293
2030,2,0.0,0.0,AZ,ARIZONA,0.0881275,0.0
2030,3,5188.63485674918,281.6985065908098,AR,ARKANSAS,0.0881275,457261.41833816335
2030,4,9839.924641950362,525.7776268893135,CA,CALIFORNIA,0.0881275,867167.9588834804
2030,5,1275283.2055547806,23191.15095861872,CO,COLORADO,0.0881275,112387520.69752891
2030,6,0.0,0.0,CT,CONNECTICUT,0.0881275,0.0
2030,7,376.4266034468591,5.701754745898231,DE,DELAWARE,0.0881275,33173.53549526307
2030,8,0.0,0.0,DC,DISTRICT OF COLUMBIA,0.0881275,0.0
2030,9,0.0,0.0,FL,FLORIDA,0.0881275,0.0
2030,10,3075.1411960234645,32.59365082520266,GA,GEORGIA,0.0881275,271004.5057525579
2030,12,294896.1033064452,9293.408611718512,ID,IDAHO,0.0881275,25988456.344138745
2030,13,13209.186854109015,190.1809225873289,IL,ILLINOIS,0.0881275,1164092.6144854922
2030,14,1355.9874590404684,17.034612221301153,IN,INDIANA,0.0881275,119499.78479658886
2030,15,1099.0994077822932,7.024681075428472,IA,IOWA,0.0881275,96860.88305933404
2030,16,11657845.41411794,48757.35086049147,KS,KANSAS,0.0881275,1027376771.7326787
2030,17,52.62058286456767,8.909617644920942,KY,KENTUCKY,0.0881275,4637.320416397188
2030,18,62095.270034778514,571.1536152158052,LA,LOUISIANA,0.0881275,5472300.909989943
2030,19,0.0,0.0,ME,MAINE,0.0881275,0.0
2030,20,57.8938811882604,2.672968986543239,MD,MARYLAND,0.0881275,5102.043014418418
2030,21,0.0,0.0,MA,MASSACHUSETTS,0.0881275,0.0
2030,22,24319.451671229726,114.62198342739931,MI,MICHIGAN,0.0881275,2143212.477156298
2030,23,410219.9589902145,2192.177623661763,MN,MINNESOTA,0.0881275,36151659.43591013
2030,24,8939.81200695957,58.65654936289441,MS,MISSISSIPPI,0.0881275,787843.2826433296
2030,25,22411.20582920904,387.4103779282706,MO,MISSOURI,0.0881275,1975043.5417136196
2030,26,7089074.631236789,43495.25722638328,MT,MONTANA,0.0881275,624742424.5643201
2030,27,2279309.88497448,10130.07852187641,NE,NEBRASKA,0.0881275,200869881.8880885
2030,28,5964.35765763897,951.9782294151069,NV,NEVADA,0.0881275,525623.9294735783
2030,29,0.0,0.0,NH,NEW HAMPSHIRE,0.0881275,0.0
2030,30,94.92874765682954,3.1239107261172694,NJ,NEW JERSEY,0.0881275,8365.833209127244
2030,31,140785.5034228531,2423.170429128124,NM,NEW MEXICO,0.0881275,12407074.452897487
2030,32,0.0,0.0,NY,NEW YORK,0.0881275,0.0
2030,33,37978.97045426069,267.37710367576483,NC,NORTH CAROLINA,0.0881275,3346991.718707859
2030,34,9058564.6326565,32049.37317324257,ND,NORTH DAKOTA,0.0881275,798308654.6644356
2030,35,28339.074877701238,270.74036857269743,OH,OHIO,0.0881275,2497451.821284616
2030,36,3852553.199219753,19294.384279386595,OK,OKLAHOMA,0.0881275,339515882.0642388
2030,37,3174118.6628097272,16511.50526861438,OR,OREGON,0.0881275,279727142.4567642
2030,38,137.2867191175853,4.897730546289309,PA,PENNSYLVANIA,0.0881275,12098.735339034998
2030,39,0.0,0.0,RI,RHODE ISLAND,0.0881275,0.0
2030,40,20147.81566307072,131.36978057480414,SC,SOUTH CAROLINA,0.0881275,1775576.6248472647
2030,41,2383849.867647737,12755.624618334536,SD,SOUTH DAKOTA,0.0881275,210082729.21112594
2030,42,14258.350759284049,143.84830436012746,TN,TENNESSEE,0.0881275,1256552.8065388051
2030,43,3124290.1709597283,16931.38659440097,TX,TEXAS,0.0881275,275335882.04125345
2030,44,17970.961560376338,2292.534070309757,UT,UTAH,0.0881275,1583735.9149120657
2030,45,0.0,0.0,VT,VERMONT,0.0881275,0.0
2030,46,7.442321456417397,0.2733171609970587,VA,VIRGINIA,0.0881275,655.8731841504241
2030,47,2450798.624018692,23976.78903468548,WA,WASHINGTON,0.0881275,215982755.73820728
2030,48,0.0,0.0,WV,WEST VIRGINIA,0.0881275,0.0
2030,49,2608.1396872899777,29.03862824261126,WI,WISCONSIN,0.0881275,229848.83029164752
2030,50,127692.52341371006,1777.1592963267703,WY,WYOMING,0.0881275,11253222.857141733
2031,0,0.0,0.0,AL,ALABAMA,0.08786874,0.0
2031,2,0.0,0.0,AZ,ARIZONA,0.08786874,0.0
2031,3,372.6537751970196,3.816203616485082,AR,ARKANSAS,0.08786874,32744.617682805365
2031,4,9377.571110370118,557.0973329165297,CA,CALIFORNIA,0.08786874,823995.3577286232
2031,5,897659.9459333713,18850.92049091307,CO,COLORADO,0.08786874,78876248.39763346
2031,6,0.0,0.0,CT,CONNECTICUT,0.08786874,0.0
2031,7,28348.079683292053,234.3221630340827,DE,DELAWARE,0.08786874,2490910.043190472
2031,8,0.0,0.0,DC,DISTRICT OF COLUMBIA,0.08786874,0.0
2031,9,0.0,0.0,FL,FLORIDA,0.08786874,0.0
2031,10,0.0,0.0,GA,GEORGIA,0.08786874,0.0
2031,12,321145.38939267804,10099.58216228939,ID,IDAHO,0.08786874,28218640.722743984
2031,13,9384.660951893067,94.97197126414557,IL,ILLINOIS,0.08786874,824618.3331700445
2031,14,2673.728697376257,45.31449894529189,IN,INDIANA,0.08786874,234937.17174029304
2031,15,432.4100094001749,4.548593118364243,IA,IOWA,0.08786874,37995.32268938152
2031,16,3609489.4441984217,29917.25962825942,KS,KANSAS,0.08786874,317161289.5050156
2031,17,0.0,0.0,KY,KENTUCKY,0.08786874,0.0
2031,18,0.0,0.0,LA,LOUISIANA,0.08786874,0.0
2031,19,0.0,0.0,ME,MAINE,0.08786874,0.0
2031,20,53766.85813579727,443.77177001952384,MD,MARYLAND,0.08786874,4724426.078151255
2031,21,0.0,0.0,MA,MASSACHUSETTS,0.08786874,0.0
2031,22,45252.93868524083,297.3409521331471,MI,MICHIGAN,0.08786874,3976318.703569368
2031,23,62461.76354656211,709.3496173680755,MN,MINNESOTA,0.08786874,5488436.461014344
2031,24,0.0,0.0,MS,MISSISSIPPI,0.08786874,0.0
2031,25,8231.954111083409,155.0525939868861,MO,MISSOURI,0.08786874,723331.4354787192
2031,26,5995204.998413535,42376.67423558656,MT,MONTANA,0.08786874,526791109.2522993
2031,27,1249032.8494191507,8404.74921141718,NE,NEBRASKA,0.08786874,109750942.69707051
2031,28,5976.002255918161,938.8266752431648,NV,NEVADA,0.08786874,525103.7884646864
2031,29,0.0,0.0,NH,NEW HAMPSHIRE,0.08786874,0.0
2031,30,22480.34083207977,139.4761410582922,NJ,NEW JERSEY,0.08786874,1975319.2236854013
2031,31,36265.920555877565,1151.493865061117,NM,NEW MEXICO,0.08786874,3186640.744185061
2031,32,925.8858607148344,6.530173757184629,NY,NEW YORK,0.08786874,81356.423964828
2031,33,7267.43950914447,100.57546525510502,NC,NORTH CAROLINA,0.08786874,638580.7526947431
2031,34,7371336.130979055,30316.53591561357,ND,NORTH DAKOTA,0.08786874,647710017.9456044
2031,35,76664.14665476602,678.0241143876503,OH,OHIO,0.08786874,6736381.9697295055
2031,36,2838922.318072891,23120.609163178025,OK,OKLAHOMA,0.08786874,249452527.04694414
2031,37,2357550.654856644,13051.23627782582,OR,OREGON,0.08786874,207155005.5284282
2031,38,28558.917452438625,471.86627602097246,PA,PENNSYLVANIA,0.08786874,2509436.092309792
2031,39,0.0,0.0,RI,RHODE ISLAND,0.08786874,0.0
2031,40,0.0,0.0,SC,SOUTH CAROLINA,0.08786874,0.0
2031,41,1153170.9669850562,9250.994671812434,SD,SOUTH DAKOTA,0.08786874,101327679.87355849
2031,42,0.0,0.0,TN,TENNESSEE,0.08786874,0.0
2031,43,1689100.3155652964,18849.308692264916,TX,TEXAS,0.08786874,148419116.46232498
2031,44,16643.172856690657,2132.907877950572,UT,UTAH,0.08786874,1462414.6285196086
2031,45,0.0,0.0,VT,VERMONT,0.08786874,0.0
2031,46,19889.757883748312,191.1116173830698,VA,VIRGINIA,0.08786874,1747687.9641500306
2031,47,1757754.7745018546,18557.638077080093,WA,WASHINGTON,0.08786874,154451697.26446208
2031,48,0.0,0.0,WV,WEST VIRGINIA,0.08786874,0.0
2031,49,24482.86395942291,121.0451574559923,WI,WISCONSIN,0.08786874,2151278.407705902
2031,50,205906.77723992628,2392.373379620227,WY,WYOMING,0.08786874,18092769.073533
2032,0,1725.3124020154262,86.32717101986985,AL,ALABAMA,0.08760998,151154.58503432345
2032,2,0.0,0.0,AZ,ARIZONA,0.08760998,0.0
2032,3,2487.9525923395854,42.34983102064801,AR,ARKANSAS,0.08760998,217969.47685581926
2032,4,11139.605464876964,595.4638839696283,CA,CALIFORNIA,0.08760998,975940.6119857617
2032,5,592411.4902115343,14712.28860218051,CO,COLORADO,0.08760998,51901158.809202716
2032,6,0.0,0.0,CT,CONNECTICUT,0.08760998,0.0
2032,7,18245.07214680501,215.73567121598583,DE,DELAWARE,0.08760998,1598450.405880144
2032,8,0.0,0.0,DC,DISTRICT OF COLUMBIA,0.08760998,0.0
2032,9,0.0,0.0,FL,FLORIDA,0.08760998,0.0
2032,10,0.0,0.0,GA,GEORGIA,0.08760998,0.0
2032,12,275025.0042063912,9255.922392881525,ID,IDAHO,0.08760998,24094935.11802185
2032,13,148142.67030220758,1114.624421275947,IL,ILLINOIS,0.08760998,12978776.382323
2032,14,91908.55277847617,782.3913673599473,IN,INDIANA,0.08760998,8052106.470751242
2032,15,2916.7905406966493,10.511364661608615,IA,IOWA,0.08760998,255539.96093462265
2032,16,2519648.1723978706,20556.879962521685,KS,KANSAS,0.08760998,220746325.990814
2032,17,11640.24491965332,766.3075614968363,KY,KENTUCKY,0.08760998,1019801.6246059291
2032,18,0.0,0.0,LA,LOUISIANA,0.08760998,0.0
2032,19,0.0,0.0,ME,MAINE,0.08760998,0.0
2032,20,18091.93181922036,173.78184346929913,MD,MARYLAND,0.08760998,1585033.7848432595
2032,21,0.0,0.0,MA,MASSACHUSETTS,0.08760998,0.0
2032,22,13893.178412563377,119.85534926834856,MI,MICHIGAN,0.08760998,1217181.0828611092
2032,23,267493.69392649323,1673.687252186789,MN,MINNESOTA,0.08760998,23435117.175026193
2032,24,2326.13372674364,59.96306768690499,MS,MISSISSIPPI,0.08760998,203792.5292773358
2032,25,372439.6331045395,1987.096563350968,MO,MISSOURI,0.08760998,32629428.80749604
2032,26,3071033.52991597,38971.21800483249,MT,MONTANA,0.08760998,269053186.13526756
2032,27,753350.3534906479,8253.453091011821,NE,NEBRASKA,0.08760998,66001009.4023086
2032,28,7842.882985697364,1279.4181623471993,NV,NEVADA,0.08760998,687114.8215192864
2032,29,0.0,0.0,NH,NEW HAMPSHIRE,0.08760998,0.0
2032,30,23953.96674273781,140.28035722408285,NJ,NEW JERSEY,0.08760998,2098606.547251925
2032,31,3866.836234147734,65.3823978311668,NM,NEW MEXICO,0.08760998,338773.4451369583
2032,32,123.48717545412084,4.2716480672996,NY,NEW YORK,0.08760998,10818.708971792019
2032,33,522.0803480483337,44.00459457824707,NC,NORTH CAROLINA,0.08760998,45739.44885090755
2032,34,3803141.6836444577,22678.73813001317,ND,NORTH DAKOTA,0.08760998,333193166.8412573
2032,35,186536.97905163604,1591.189688402069,OH,OHIO,0.08760998,16342501.003974253
2032,36,574768.9474971,5613.293215830863,OK,OKLAHOMA,0.08760998,50355495.994841985
2032,37,3131814.1080551124,17109.363865930758,OR,OREGON,0.08760998,274378171.37042624
2032,38,8144.399134440624,146.89652115718872,PA,PENNSYLVANIA,0.08760998,713530.6452803605
2032,39,0.0,0.0,RI,RHODE ISLAND,0.08760998,0.0
2032,40,0.0,0.0,SC,SOUTH CAROLINA,0.08760998,0.0
2032,41,1554619.142946465,12353.070966839616,SD,SOUTH DAKOTA,0.08760998,136200152.02115694
2032,42,9611.326098416275,164.05568399866763,TN,TENNESSEE,0.08760998,842048.0872557278
2032,43,52396.77035635127,1591.07101894348,TX,TEXAS,0.08760998,4590480.0029845275
2032,44,13311.332094561363,1721.1160059541037,UT,UTAH,0.08760998,1166205.538577879
2032,45,0.0,0.0,VT,VERMONT,0.08760998,0.0
2032,46,277.0582172223038,9.5831259866036,VA,VIRGINIA,0.08760998,24273.064869681697
2032,47,2644231.109708091,27558.957645576927,WA,WASHINGTON,0.08760998,231661034.63690364
2032,48,0.0,0.0,WV,WEST VIRGINIA,0.08760998,0.0
2032,49,44815.68057524247,261.4337194905354,WI,WISCONSIN,0.08760998,3926300.8788833814
2032,50,116937.0720311199,2670.052142828659,WY,WYOMING,0.08760998,10244854.541904975
2033,0,301.7004375179787,4.164509824421016,AL,ALABAMA,0.08735122,26353.901291729206
2033,2,0.0,0.0,AZ,ARIZONA,0.08735122,0.0
2033,3,38272.07336057402,300.6303960838669,AR,ARKANSAS,0.08735122,3343112.2999756397
2033,4,5934.355938204211,334.610445209011,CA,CALIFORNIA,0.08735122,518373.2311163824
2033,5,454360.3986105016,12738.269622535476,CO,COLORADO,0.08735122,39688935.138313614
2033,6,0.0,0.0,CT,CONNECTICUT,0.08735122,0.0
2033,7,16010.289151526316,184.2979015572788,DE,DELAWARE,0.08735122,1398518.2899385886
2033,8,0.0,0.0,DC,DISTRICT OF COLUMBIA,0.08735122,0.0
2033,9,0.0,0.0,FL,FLORIDA,0.08735122,0.0
2033,10,332.31024637495545,1.883412928336384,GA,GEORGIA,0.08735122,29027.705439352936
2033,12,126919.45653282736,4641.50635025144,ID,IDAHO,0.08735122,11086569.36987944
2033,13,3654.0703057352393,62.18176362924251,IL,ILLINOIS,0.08735122,319187.49917174614
2033,14,3930.2525154043897,101.37889606396996,IN,INDIANA,0.08735122,343312.3521286422
2033,15,0.0,0.0,IA,IOWA,0.08735122,0.0
2033,16,2488763.153768028,11203.4921047857,KS,KANSAS,0.08735122,217396497.77268484
2033,17,3951.213693635141,416.89697808607497,KY,KENTUCKY,0.08735122,345143.33661973575
2033,18,30676.772091987372,132.16055816723514,LA,LOUISIANA,0.08735122,2679653.4678970487
2033,19,0.0,0.0,ME,MAINE,0.08735122,0.0
2033,20,13999.0061711077,171.81180797457608,MD,MARYLAND,0.08735122,1222830.2678337863
2033,21,0.0,0.0,MA,MASSACHUSETTS,0.08735122,0.0
2033,22,2551.9538744198267,13.445059121805636,MI,MICHIGAN,0.08735122,222916.28431429862
2033,23,121075.07056741412,1783.6382251187486,MN,MINNESOTA,0.08735122,10576055.125649715
2033,24,0.0,0.0,MS,MISSISSIPPI,0.08735122,0.0
2033,25,1553.123237071984,13.866299048968026,MO,MISSOURI,0.08735122,135667.20956858702
2033,26,862877.6593864418,12204.834592016952,MT,MONTANA,0.08735122,75373416.25815015
2033,27,1408666.8988281402,7160.125646083091,NE,NEBRASKA,0.08735122,123048772.1862546
2033,28,3616.068457441288,571.8953858229909,NV,NEVADA,0.08735122,315867.99136101454
2033,29,0.0,0.0,NH,NEW HAMPSHIRE,0.08735122,0.0
2033,30,24688.549021144423,175.2033225129927,NJ,NEW JERSEY,0.08735122,2156574.877026771
2033,31,23070.80173089595,756.0849212167019,NM,NEW MEXICO,0.08735122,2015262.677571873
2033,32,1274.496518554798,14.70887459173596,NY,NEW YORK,0.08735122,111328.82578151424
2033,33,7146.397427141291,52.91405450021422,NC,NORTH CAROLINA,0.08735122,624246.5338656529
2033,34,586415.9346512597,4804.956263137723,ND,NORTH DAKOTA,0.08735122,51224147.3192278
2033,35,58920.2657877255,550.8457594530157,OH,OHIO,0.08735122,5146757.099282082
2033,36,1231188.320774018,7875.592436360606,OK,OKLAHOMA,0.08735122,107545801.86936182
2033,37,2142427.946960904,11720.261131949092,OR,OREGON,0.08735122,187143694.92913026
2033,38,31906.637123053963,416.23913274562017,PA,PENNSYLVANIA,0.08735122,2787083.678796054
2033,39,0.0,0.0,RI,RHODE ISLAND,0.08735122,0.0
2033,40,0.0,0.0,SC,SOUTH CAROLINA,0.08735122,0.0
2033,41,83339.29214315469,1108.611235815325,SD,SOUTH DAKOTA,0.08735122,7279788.8426409755
2033,42,5446.295240383973,84.89637902451115,TN,TENNESSEE,0.08735122,475740.53372773324
2033,43,1739382.011727891,13314.59409062352,TX,TEXAS,0.08735122,151937140.77048558
2033,44,9313.89687893035,1185.9594050687665,UT,UTAH,0.08735122,813580.2553287584
2033,45,0.0,0.0,VT,VERMONT,0.08735122,0.0
2033,46,987.926972540262,18.52477727530976,VA,VIRGINIA,0.08735122,86296.62632229838
2033,47,2115923.7688205773,22441.051529492703,WA,WASHINGTON,0.08735122,184828522.6334754
2033,48,20.11014201172447,2.9814454427587216,WV,WEST VIRGINIA,0.08735122,1756.6454390973868
2033,49,32.11054095190386,1.2784197252069776,WI,WISCONSIN,0.08735122,2804.8949270087633
2033,50,119344.62127750622,1724.9318356954318,WY,WYOMING,0.08735122,10424898.269028125
2034,0,26.954433731212404,4.644132371296197,AL,ALABAMA,0.08709246,2347.527941558267
2034,2,0.0,0.0,AZ,ARIZONA,0.08709246,0.0
2034,3,8146.222323072677,174.0706097739563,AR,ARKANSAS,0.08709246,709474.5418233142
2034,4,23075.94314830929,1242.6319072068532,CA,CALIFORNIA,0.08709246,2009740.6556064005
2034,5,1488475.7155357937,27809.582554230456,CO,COLORADO,0.08709246,129635011.71627249
2034,6,0.0,0.0,CT,CONNECTICUT,0.08709246,0.0
2034,7,11172.249746224512,86.46149927938002,DE,DELAWARE,0.08709246,973018.7141330683
2034,8,0.0,0.0,DC,DISTRICT OF COLUMBIA,0.08709246,0.0
2034,9,0.0,0.0,FL,FLORIDA,0.08709246,0.0
2034,10,113.36139274714238,13.01949415167756,GA,GEORGIA,0.08709246,9872.922563374788
2034,12,358921.1127724959,11676.13594695652,ID,IDAHO,0.08709246,31259322.657294083
2034,13,21242.84084685421,220.39229099436272,IL,ILLINOIS,0.08709246,1850091.2667410164
2034,14,4037.475095166458,58.33944586998831,IN,INDIANA,0.08709246,351633.6382267809
2034,15,307.32498807278944,2.329344329795191,IA,IOWA,0.08709246,26765.68923072989
2034,16,14970716.72120298,70885.98372816126,KS,KANSAS,0.08709246,1303836547.2127016
2034,17,0.0,0.0,KY,KENTUCKY,0.08709246,0.0
2034,18,0.0,0.0,LA,LOUISIANA,0.08709246,0.0
2034,19,0.0,0.0,ME,MAINE,0.08709246,0.0
2034,20,15414.394224435664,122.15839327749808,MD,MARYLAND,0.08709246,1342477.512415894
2034,21,0.0,0.0,MA,MASSACHUSETTS,0.08709246,0.0
2034,22,642.8628039083324,1.3401972316121529,MI,MICHIGAN,0.08709246,55988.50303487428
2034,23,216372.77312753836,2988.3677924552985,MN,MINNESOTA,0.08709246,18844437.088699207
2034,24,289.73028406706896,6.064146998596904,MS,MISSISSIPPI,0.08709246,25233.323175899837
2034,25,144118.85938513494,1410.7622824681157,MO,MISSOURI,0.08709246,12551665.996245489
2034,26,9213354.223337809,58601.75797972926,MT,MONTANA,0.08709246,802413684.1618792
2034,27,3101799.922760745,17366.081357734027,NE,NEBRASKA,0.08709246,270143385.70104325
2034,28,9238.083311827795,1451.2978191522,NV,NEVADA,0.08709246,804567.4013120298
2034,29,0.0,0.0,NH,NEW HAMPSHIRE,0.08709246,0.0
2034,30,5793.096293479981,44.68733165248485,NJ,NEW JERSEY,0.08709246,504535.0072160535
2034,31,88416.4806117611,1666.9018029792696,NM,NEW MEXICO,0.08709246,7700408.8010205785
2034,32,0.0,0.0,NY,NEW YORK,0.08709246,0.0
2034,33,17026.241371239128,202.6905256369867,NC,NORTH CAROLINA,0.08709246,1482857.245574989
2034,34,7522783.607301275,31072.601110326475,ND,NORTH DAKOTA,0.08709246,655177730.407542
2034,35,12178.455643009996,98.45849240659936,OH,OHIO,0.08709246,1060651.6609506223
2034,36,7290371.947123256,33176.25313073334,OK,OKLAHOMA,0.08709246,634936427.1899543
2034,37,3344120.126217736,16565.731453814344,OR,OREGON,0.08709246,291247648.3278131
2034,38,4272.816053624974,63.49010367693966,PA,PENNSYLVANIA,0.08709246,372130.0612376909
2034,39,0.0,0.0,RI,RHODE ISLAND,0.08709246,0.0
2034,40,2043.4644634586336,86.00617774329535,SC,SOUTH CAROLINA,0.08709246,177970.34704519252
2034,41,1470784.458680072,12548.375901424242,SD,SOUTH DAKOTA,0.08709246,128094236.63621582
2034,42,0.0,0.0,TN,TENNESSEE,0.08709246,0.0
2034,43,3201234.233639396,19193.524234723896,TX,TEXAS,0.08709246,278803364.4438697
2034,44,19487.026428245244,2481.3268355678,UT,UTAH,0.08709246,1697173.0697208915
2034,45,0.0,0.0,VT,VERMONT,0.08709246,0.0
2034,46,3479.8723908069032,42.05733149321439,VA,VIRGINIA,0.08709246,303070.64700145455
2034,47,2969681.3334895745,28206.02985957093,WA,WASHINGTON,0.08709246,258636852.7496874
2034,48,0.0,0.0,WV,WEST VIRGINIA,0.08709246,0.0
2034,49,10873.0848300775,77.06980644645452,WI,WISCONSIN,0.08709246,946963.7056401314
2034,50,343850.5391256144,4933.059998930569,WY,WYOMING,0.08709246,29946789.324776005
2035,0,0.0,0.0,AL,ALABAMA,0.0868337,0.0
2035,2,0.0,0.0,AZ,ARIZONA,0.0868337,0.0
2035,3,59107.261011866605,699.9636186969162,AR,ARKANSAS,0.0868337,5132502.170526122
2035,4,7278.436364695139,382.6941668629925,CA,CALIFORNIA,0.0868337,632013.5597610283
2035,5,62706.65451803104,1604.9286418154052,CO,COLORADO,0.0868337,5445050.826422352
2035,6,0.0,0.0,CT,CONNECTICUT,0.0868337,0.0
2035,7,11658.776223019471,191.2015385482503,DE,DELAWARE,0.0868337,1012374.6769168059
2035,8,0.0,0.0,DC,DISTRICT OF COLUMBIA,0.0868337,0.0
2035,9,0.0,0.0,FL,FLORIDA,0.0868337,0.0
2035,10,15.877421792270075,0.6978873813086603,GA,GEORGIA,0.0868337,1378.695280683442
2035,12,158618.5697780043,5700.335560885436,ID,IDAHO,0.0868337,13773437.302532293
2035,13,3540.2730029311965,110.29016628806936,IL,ILLINOIS,0.0868337,307415.0038546267
2035,14,3304.377528245832,69.83303026145975,IN,INDIANA,0.0868337,286931.3269744401
2035,15,0.0,0.0,IA,IOWA,0.0868337,0.0
2035,16,278913.3061703985,1967.873285509778,KS,KANSAS,0.0868337,24219074.35400853
2035,17,5529.768823195362,329.53305517147675,KY,KENTUCKY,0.0868337,480170.2870626991
2035,18,21071.74545244832,213.7088241698569,LA,LOUISIANA,0.0868337,1829737.6230942616
2035,19,0.0,0.0,ME,MAINE,0.0868337,0.0
2035,20,30272.417086951744,377.8431510358366,MD,MARYLAND,0.0868337,2628665.983603242
2035,21,0.0,0.0,MA,MASSACHUSETTS,0.0868337,0.0
2035,22,2411.1724813718256,65.09572202046098,MI,MICHIGAN,0.0868337,209371.0278956967
2035,23,215882.61896229125,2868.6936471771123,MN,MINNESOTA,0.0868337,18745886.570185907
2035,24,1842.540519995364,25.60447812388292,MS,MISSISSIPPI,0.0868337,159994.61075112145
2035,25,5199.126340172831,116.83450754207904,MO,MISSOURI,0.0868337,451459.3768846656
2035,26,3713515.991338621,29818.391226101587,MT,MONTANA,0.0868337,322458333.5371004
2035,27,0.0,0.0,NE,NEBRASKA,0.0868337,0.0
2035,28,2424.664154557976,390.0471221593226,NV,NEVADA,0.0868337,210542.55979764092
2035,29,0.0,0.0,NH,NEW HAMPSHIRE,0.0868337,0.0
2035,30,2170.73594745813,94.924050984727,NJ,NEW JERSEY,0.0868337,188493.034040795
2035,31,39316.42874098755,1323.4787434736493,NM,NEW MEXICO,0.0868337,3413990.97836629
2035,32,341.63657077158786,2.9657523311358043,NY,NEW YORK,0.0868337,29665.567495408828
2035,33,6788.272940083267,274.1454177830655,NC,NORTH CAROLINA,0.0868337,589450.8559973084
2035,34,1577000.852485539,9826.960568697144,ND,NORTH DAKOTA,0.0868337,136936818.92447355
2035,35,37496.43544299729,452.3157849059429,OH,OHIO,0.0868337,3255954.226326594
2035,36,418613.09623945394,3253.4430139036067,OK,OKLAHOMA,0.0868337,36349724.01492787
2035,37,2008011.7611999093,11626.60811986767,OR,OREGON,0.0868337,174363090.86850455
2035,38,946.804712086442,53.74932609021639,PA,PENNSYLVANIA,0.0868337,82214.55632790049
2035,39,0.0,0.0,RI,RHODE ISLAND,0.0868337,0.0
2035,40,1040.9080245684809,28.81324090742503,SC,SOUTH CAROLINA,0.0868337,90385.8951329721
2035,41,109215.66496939013,1470.399273839585,SD,SOUTH DAKOTA,0.0868337,9483600.28725253
2035,42,8910.04343975633,167.32270816404244,TN,TENNESSEE,0.0868337,773692.0390347693
2035,43,1184006.8345305675,10402.130693337149,TX,TEXAS,0.0868337,102811694.26757693
2035,44,12766.257240315836,1625.606956261734,UT,UTAH,0.0868337,1108541.3513284132
2035,45,0.0,0.0,VT,VERMONT,0.0868337,0.0
2035,46,8693.57733616949,182.6203808630925,VA,VIRGINIA,0.0868337,754895.4863357407
2035,47,1799767.8276452976,19467.57423161972,WA,WASHINGTON,0.0868337,156280499.61540347
2035,48,134.95591740588134,7.574325843746056,WV,WEST VIRGINIA,0.0868337,11718.721645247078
2035,49,2266.535034053755,20.23558735166558,WI,WISCONSIN,0.0868337,196811.62318651355
2035,50,20532.310093178115,278.2702253933305,WY,WYOMING,0.0868337,1782896.4549380005
2036,0,506.2443967254996,13.52863624336422,AL,ALABAMA,0.0878558,44476.506469836146
2036,2,0.0,0.0,AZ,ARIZONA,0.0878558,0.0
2036,3,737832.6199744504,3846.943850809128,AR,ARKANSAS,0.0878558,64822875.09395132
2036,4,16678.205374535864,887.5521591437928,CA,CALIFORNIA,0.0878558,1465277.0757441479
2036,5,721551.0807328997,18577.79968435632,CO,COLORADO,0.0878558,63392447.438653484
2036,6,0.0,0.0,CT,CONNECTICUT,0.0878558,0.0
2036,7,0.0,0.0,DE,DELAWARE,0.0878558,0.0
2036,8,0.0,0.0,DC,DISTRICT OF COLUMBIA,0.0878558,0.0
2036,9,0.0,0.0,FL,FLORIDA,0.0878558,0.0
2036,10,1130.2578734219237,6.844199161940489,GA,GEORGIA,0.0878558,99299.70967578185
2036,12,268589.6689674624,8817.05386346033,ID,IDAHO,0.0878558,23597160.238871578
2036,13,8056.080340355589,128.79043771961105,IL,ILLINOIS,0.0878558,707773.3831662126
2036,14,1144.6225159954156,14.177483273141924,IN,INDIANA,0.0878558,100561.72684079003
2036,15,452.6843816247357,9.399038934293417,IA,IOWA,0.0878558,39770.948495146455
2036,16,9964350.728083825,64077.01093973436,KS,KANSAS,0.0878558,875426004.6963868
2036,17,11.619576434627056,0.1237444690105624,KY,KENTUCKY,0.0878558,1020.8471833253078
2036,18,195165.59458112097,924.0347196217116,LA,LOUISIANA,0.0878558,17146429.444400046
2036,19,0.0,0.0,ME,MAINE,0.0878558,0.0
2036,20,0.0,0.0,MD,MARYLAND,0.0878558,0.0
2036,21,0.0,0.0,MA,MASSACHUSETTS,0.0878558,0.0
2036,22,1230.653844961108,14.356549554551398,MI,MICHIGAN,0.0878558,108120.0780721341
2036,23,430740.19202803815,2526.2871350113905,MN,MINNESOTA,0.0878558,37843024.16277691
2036,24,113753.8256280325,546.9411513581096,MS,MISSISSIPPI,0.0878558,9993933.353611298
2036,25,79018.3903633336,1221.312510990408,MO,MISSOURI,0.0878558,6942223.9000829635
2036,26,8557607.9502785,58149.470843772986,MT,MONTANA,0.0878558,751835492.5580778
2036,27,3010651.599044942,18236.300057023906,NE,NEBRASKA,0.0878558,264503204.7553726
2036,28,6296.621497674924,1040.0822649341612,NV,NEVADA,0.0878558,553194.7189754286
2036,29,0.0,0.0,NH,NEW HAMPSHIRE,0.0878558,0.0
2036,30,0.0,0.0,NJ,NEW JERSEY,0.0878558,0.0
2036,31,67851.71442770732,1978.2982086300287,NM,NEW MEXICO,0.0878558,5961166.65241777
2036,32,0.0,0.0,NY,NEW YORK,0.0878558,0.0
2036,33,5023.47577536551,113.89541543184892,NC,NORTH CAROLINA,0.0878558,441341.4830253572
2036,34,4892286.626500359,19621.882243052947,ND,NORTH DAKOTA,0.0878558,429815755.40049016
2036,35,1468.5685490359722,11.782267920220578,OH,OHIO,0.0878558,129022.26473039457
2036,36,7501520.688644042,50061.90931450002,OK,OKLAHOMA,0.0878558,659052101.3173732
2036,37,2174799.117900265,12129.10102104515,OR,OREGON,0.0878558,191068716.34242207
2036,38,0.0,0.0,PA,PENNSYLVANIA,0.0878558,0.0
2036,39,0.0,0.0,RI,RHODE ISLAND,0.0878558,0.0
2036,40,8921.355458824186,78.43935684403382,SC,SOUTH CAROLINA,0.0878558,783792.8209193659
2036,41,2770155.0293798773,15036.407018892258,SD,SOUTH DAKOTA,0.0878558,243374186.2301926
2036,42,2799.310663055836,25.350707701001884,TN,TENNESSEE,0.0878558,245935.6777513009
2036,43,5139421.576616462,37677.77739122603,TX,TEXAS,0.0878558,451527994.1509006
2036,44,21714.77180435671,2765.7244215293777,UT,UTAH,0.0878558,1907768.6486892025
2036,45,0.0,0.0,VT,VERMONT,0.0878558,0.0
2036,46,0.0,0.0,VA,VIRGINIA,0.0878558,0.0
2036,47,1509419.6800582395,16092.21381419045,WA,WASHINGTON,0.0878558,132611273.52726068
2036,48,0.0,0.0,WV,WEST VIRGINIA,0.0878558,0.0
2036,49,2135.1414103186507,6.953915494964374,WI,WISCONSIN,0.0878558,187584.5567166733
2036,50,452265.867501117,5191.581341304166,WY,WYOMING,0.0878558,39734179.60200463
2037,0,159.39957990751188,3.442099114497752,AL,ALABAMA,0.0888779,14167.099923061849
2037,2,0.0,0.0,AZ,ARIZONA,0.0888779,0.0
2037,3,31855.986148660097,252.2313081384264,AR,ARKANSAS,0.0888779,2831293.151321997
2037,4,20488.254646092788,1111.7279131136152,CA,CALIFORNIA,0.0888779,1820953.04760997
2037,5,1522045.109673494,31216.14711400132,CO,COLORADO,0.0888779,135276173.05304983
2037,6,0.0,0.0,CT,CONNECTICUT,0.0888779,0.0
2037,7,1187.9868967737252,33.485743404784394,DE,DELAWARE,0.0888779,105585.78061276548
2037,8,0.0,0.0,DC,DISTRICT OF COLUMBIA,0.0888779,0.0
2037,9,0.0,0.0,FL,FLORIDA,0.0888779,0.0
2037,10,1384.5954096295693,33.97350000142492,GA,GEORGIA,0.0888779,123059.93235751589
2037,12,169965.11098453478,5860.704342326287,ID,IDAHO,0.0888779,15106142.137572382
2037,13,15991.165377191468,137.35779691452012,IL,ILLINOIS,0.0888779,1421261.1972774854
2037,14,5115.028092951176,50.34471364586623,IN,INDIANA,0.0888779,454612.95534250536
2037,15,272.9070082928059,4.632870148864688,IA,IOWA,0.0888779,24255.401792347177
2037,16,12474794.863744412,68259.28717944218,KS,KANSAS,0.0888779,1108733570.4203894
2037,17,237.2757156707709,3.423385258854768,KY,KENTUCKY,0.0888779,21088.567329815207
2037,18,0.0,0.0,LA,LOUISIANA,0.0888779,0.0
2037,19,0.0,0.0,ME,MAINE,0.0888779,0.0
2037,20,15749.602316521814,173.32645376113618,MD,MARYLAND,0.0888779,1399791.579727594
2037,21,0.0,0.0,MA,MASSACHUSETTS,0.0888779,0.0
2037,22,4253.375894788371,42.33087367569652,MI,MICHIGAN,0.0888779,378031.1174394113
2037,23,94746.97249961764,760.9224229724314,MN,MINNESOTA,0.0888779,8420911.947123766
2037,24,0.0,0.0,MS,MISSISSIPPI,0.0888779,0.0
2037,25,356237.1176369788,2740.4353373136087,MO,MISSOURI,0.0888779,31661606.917627636
2037,26,3937875.881249508,43356.68667302434,MT,MONTANA,0.0888779,349990138.78610563
2037,27,3873379.538643814,18136.960725526824,NE,NEBRASKA,0.0888779,344257839.297631
2037,28,5293.021491955814,843.9467034244674,NV,NEVADA,0.0888779,470432.63485989964
2037,29,0.0,0.0,NH,NEW HAMPSHIRE,0.0888779,0.0
2037,30,2101.039894635024,52.11965495717927,NJ,NEW JERSEY,0.0888779,186736.01365138218
2037,31,25132.817330977443,610.5820465298405,NM,NEW MEXICO,0.0888779,2233752.0254608802
2037,32,0.0,0.0,NY,NEW YORK,0.0888779,0.0
2037,33,15138.190875218785,180.23832882919467,NC,NORTH CAROLINA,0.0888779,1345450.6147886075
2037,34,3158558.0746674296,19004.52680233446,ND,NORTH DAKOTA,0.0888779,280726008.70448434
2037,35,54035.22831361592,461.1731479944551,OH,OHIO,0.0888779,4802537.618534724
2037,36,1283044.9949857108,10728.405574539129,OK,OKLAHOMA,0.0888779,114034344.7598405
2037,37,2934657.3990969625,15574.420719125186,OR,OREGON,0.0888779,260826186.8511999
2037,38,4310.771949359553,111.50993051336732,PA,PENNSYLVANIA,0.0888779,383132.35823798337
2037,39,0.0,0.0,RI,RHODE ISLAND,0.0888779,0.0
2037,40,3814.034313631983,61.98325384134096,SC,SOUTH CAROLINA,0.0888779,338983.360323552
2037,41,179210.06656838983,2405.915138821485,SD,SOUTH DAKOTA,0.0888779,15927814.375458693
2037,42,0.0,0.0,TN,TENNESSEE,0.0888779,0.0
2037,43,1004349.1979598646,8875.074714734501,TX,TEXAS,0.0888779,89264447.58135705
2037,44,19873.8053835681,2597.090392567039,UT,UTAH,0.0888779,1766342.087500227
2037,45,0.0,0.0,VT,VERMONT,0.0888779,0.0
2037,46,7858.08335263722,106.7552030179191,VA,VIRGINIA,0.0888779,698409.9464073556
2037,47,1356316.2494096155,14959.683098793565,WA,WASHINGTON,0.0888779,120546539.98340286
2037,48,0.0,0.0,WV,WEST VIRGINIA,0.0888779,0.0
2037,49,14907.488623777866,43.00247026715567,WI,WISCONSIN,0.0888779,1324946.2831552667
2037,50,344896.7554053314,4105.860563986137,WY,WYOMING,0.0888779,30653699.3372395
2038,0,682.7460200390174,9.633465295302912,AL,ALABAMA,0.0899,61378.86720150765
2038,2,0.0,0.0,AZ,ARIZONA,0.0899,0.0
2038,3,821136.1870694591,4120.045061108584,AR,ARKANSAS,0.0899,73820143.21754436
2038,4,6889.268891759691,363.141367657345,CA,CALIFORNIA,0.0899,619345.2733691962
2038,5,1369208.165513659,27639.50661407925,CO,COLORADO,0.0899,123091814.07967794
2038,6,0.0,0.0,CT,CONNECTICUT,0.0899,0.0
2038,7,0.0,0.0,DE,DELAWARE,0.0899,0.0
2038,8,0.0,0.0,DC,DISTRICT OF COLUMBIA,0.0899,0.0
2038,9,0.0,0.0,FL,FLORIDA,0.0899,0.0
2038,10,0.0,0.0,GA,GEORGIA,0.0899,0.0
2038,12,145303.20003068712,4865.954884811148,ID,IDAHO,0.0899,13062757.68275877
2038,13,50732.93233619952,411.022156293182,IL,ILLINOIS,0.0899,4560890.617024337
2038,14,3479.276517348558,31.899847266697225,IN,INDIANA,0.0899,312786.9589096354
2038,15,135.40806847436798,1.6028614911643966,IA,IOWA,0.0899,12173.18535584568
2038,16,14982155.822166212,67190.66598280877,KS,KANSAS,0.0899,1346895808.4127424
2038,17,8443.00169949426,134.03748515033936,KY,KENTUCKY,0.0899,759025.8527845339
2038,18,216876.8094490721,932.0788251640828,LA,LOUISIANA,0.0899,19497225.169471584
2038,19,0.0,0.0,ME,MAINE,0.0899,0.0
2038,20,0.0,0.0,MD,MARYLAND,0.0899,0.0
2038,21,0.0,0.0,MA,MASSACHUSETTS,0.0899,0.0
2038,22,14382.474303078716,182.2314326942635,MI,MICHIGAN,0.0899,1292984.4398467764
2038,23,320000.4427320778,2872.222917672217,MN,MINNESOTA,0.0899,28768039.80161379
2038,24,60070.453442138736,359.7464572250353,MS,MISSISSIPPI,0.0899,5400333.764448272
2038,25,193915.5686507328,1832.789607787112,MO,MISSOURI,0.0899,17433009.62170088
2038,26,5690697.44869149,55246.12980829019,MT,MONTANA,0.0899,511593700.6373649
2038,27,2745082.295161898,17356.237607307386,NE,NEBRASKA,0.0899,246782898.33505458
2038,28,2437.9377092658096,382.9986763765541,NV,NEVADA,0.0899,219170.60006299627
2038,29,0.0,0.0,NH,NEW HAMPSHIRE,0.0899,0.0
2038,30,35.15113712885806,4.308178410041443,NJ,NEW JERSEY,0.0899,3160.0872278843394
2038,31,108222.69684274904,1828.2556527123188,NM,NEW MEXICO,0.0899,9729220.446163137
2038,32,2332.0764457040877,26.258684364020997,NY,NEW YORK,0.0899,209653.67246879745
2038,33,0.0,0.0,NC,NORTH CAROLINA,0.0899,0.0
2038,34,5877250.69432445,35801.10556942533,ND,NORTH DAKOTA,0.0899,528364837.419768
2038,35,9396.824200043828,106.3847538494908,OH,OHIO,0.0899,844774.4955839401
2038,36,9775891.066048652,45223.315182834645,OK,OKLAHOMA,0.0899,878852606.8377738
2038,37,2042022.2651561464,12325.37290173696,OR,OREGON,0.0899,183577801.63753754
2038,38,20.88149236543181,2.8137949986777264,PA,PENNSYLVANIA,0.0899,1877.2461636523196
2038,39,0.0,0.0,RI,RHODE ISLAND,0.0899,0.0
2038,40,0.0,0.0,SC,SOUTH CAROLINA,0.0899,0.0
2038,41,1864211.375496317,14985.386044548575,SD,SOUTH DAKOTA,0.0899,167592602.6571189
2038,42,30764.04436674613,291.73570185572623,TN,TENNESSEE,0.0899,2765687.588570477
2038,43,5262282.312703159,28745.955777807925,TX,TEXAS,0.0899,473079179.9120139
2038,44,18782.43617919926,2391.60977691471,UT,UTAH,0.0899,1688541.0125100133
2038,45,0.0,0.0,VT,VERMONT,0.0899,0.0
2038,46,0.0,0.0,VA,VIRGINIA,0.0899,0.0
2038,47,1406558.6691998309,15898.502002268786,WA,WASHINGTON,0.0899,126449624.36106478
2038,48,0.0,0.0,WV,WEST VIRGINIA,0.0899,0.0
2038,49,36805.34266149119,229.6986978172228,WI,WISCONSIN,0.0899,3308800.305268057
2038,50,414497.5929297027,5027.499520295973,WY,WYOMING,0.0899,37263333.60438027
2039,0,9148.569546391702,97.5612565417857,AL,ALABAMA,0.0909221,831807.155153981
2039,2,0.0,0.0,AZ,ARIZONA,0.0909221,0.0
2039,3,84263.91869161508,928.3780939319972,AR,ARKANSAS,0.0909221,7661452.441670896
2039,4,19221.632169856523,1102.306564041341,CA,CALIFORNIA,0.0909221,1747671.1623109118
2039,5,1152935.6073407775,22284.218472353383,CO,COLORADO,0.0909221,104827326.58419892
2039,6,0.0,0.0,CT,CONNECTICUT,0.0909221,0.0
2039,7,10905.36925722969,99.1339827728635,DE,DELAWARE,0.0909221,991539.0741427636
2039,8,0.0,0.0,DC,DISTRICT OF COLUMBIA,0.0909221,0.0
2039,9,990.8143202352616,11.81932795767009,FL,FLORIDA,0.0909221,90086.91870586248
2039,10,14189.489384144612,214.52266352728435,GA,GEORGIA,0.0909221,1290138.1727341348
2039,12,385259.57569149294,12439.52786319967,ID,IDAHO,0.0909221,35028609.66697949
2039,13,191828.7554331438,1900.7117461188416,IL,ILLINOIS,0.0909221,17441473.284367844
2039,14,96686.36240331669,844.2868110040179,IN,INDIANA,0.0909221,8790927.111070601
2039,15,0.0,0.0,IA,IOWA,0.0909221,0.0
2039,16,9061402.022473086,48727.79314172492,KS,KANSAS,0.0909221,823881700.8275002
2039,17,18483.18069230576,268.1740942015631,KY,KENTUCKY,0.0909221,1680529.6032238936
2039,18,57806.82351468551,503.56898426449766,LA,LOUISIANA,0.0909221,5255917.788284587
2039,19,0.0,0.0,ME,MAINE,0.0909221,0.0
2039,20,60318.82345211493,437.6122942642368,MD,MARYLAND,0.0909221,5484314.097795539
2039,21,0.0,0.0,MA,MASSACHUSETTS,0.0909221,0.0
2039,22,46874.460416057314,316.7254785963124,MI,MICHIGAN,0.0909221,4261924.377394805
2039,23,287219.64158152323,1949.8920533922812,MN,MINNESOTA,0.0909221,26114612.973839417
2039,24,63519.04109922534,385.5062147151828,MS,MISSISSIPPI,0.0909221,5775284.606727876
2039,25,47615.59909376635,419.9083622532896,MO,MISSOURI,0.0909221,4329310.262363334
2039,26,7221673.495591364,53060.64324195126,MT,MONTANA,0.0909221,656609719.7335076
2039,27,2290504.3768799184,14410.691188413626,NE,NEBRASKA,0.0909221,208257468.00511366
2039,28,10660.195469320104,1694.3436286677118,NV,NEVADA,0.0909221,969247.3584810694
2039,29,0.0,0.0,NH,NEW HAMPSHIRE,0.0909221,0.0
2039,30,7100.906035445579,74.67783544898239,NJ,NEW JERSEY,0.0909221,645629.2886453865
2039,31,10285.717842112996,430.6549801117773,NM,NEW MEXICO,0.0909221,935199.066212382
2039,32,2675.682205473412,27.694624722696584,NY,NEW YORK,0.0909221,243278.64505427415
2039,33,17223.98967199589,268.0580151434739,NC,NORTH CAROLINA,0.0909221,1566041.3113561776
2039,34,3067021.1016129786,15010.7685048677,ND,NORTH DAKOTA,0.0909221,278859999.3029654
2039,35,251989.62512228868,2043.9141501127465,OH,OHIO,0.0909221,22911425.894331243
2039,36,1892629.6565998667,13910.318703089357,OK,OKLAHOMA,0.0909221,172081862.90033874
2039,37,3608041.363254764,18620.56465423515,OR,OREGON,0.0909221,328050697.633986
2039,38,47278.00542165347,658.0173419794655,PA,PENNSYLVANIA,0.0909221,4298615.53674812
2039,39,0.0,0.0,RI,RHODE ISLAND,0.0909221,0.0
2039,40,2262.103460210669,91.24939855306384,SC,SOUTH CAROLINA,0.0909221,205675.19701962048
2039,41,882806.8045650078,7845.744232769175,SD,SOUTH DAKOTA,0.0909221,80266648.5653401
2039,42,11491.876782870591,195.2906303479432,TN,TENNESSEE,0.0909221,1044865.5700398382
2039,43,641741.2429787513,6603.747500471271,TX,TEXAS,0.0909221,58348461.468238324
2039,44,25186.18301172865,3223.2207806989745,UT,UTAH,0.0909221,2289980.6504106936
2039,45,0.0,0.0,VT,VERMONT,0.0909221,0.0
2039,46,28913.033886606187,247.3223942904236,VA,VIRGINIA,0.0909221,2628833.7583413967
2039,47,2371894.1270924774,23947.79616049419,WA,WASHINGTON,0.0909221,215657595.01291496
2039,48,2545.566301233454,46.06393341056227,WV,WEST VIRGINIA,0.0909221,231448.23379737826
2039,49,91.36879225274888,2.9458251146800447,WI,WISCONSIN,0.0909221,8307.44246608366
2039,50,355388.61499914643,4673.762480324283,WY,WYOMING,0.0909221,32312679.191813897
2040,0,30219.37365331508,221.1158604771336,AL,ALABAMA,0.0919442,2778496.1350551327
2040,2,0.0,0.0,AZ,ARIZONA,0.0919442,0.0
2040,3,441396.8381460877,3203.5965537021184,AR,ARKANSAS,0.0919442,40583879.165871516
2040,4,13748.681879801254,722.8943269981099,CA,CALIFORNIA,0.0919442,1264111.5564928225
2040,5,1576672.7085177302,31806.86337895764,CO,COLORADO,0.0919442,144965910.8464959
2040,6,0.0,0.0,CT,CONNECTICUT,0.0919442,0.0
2040,7,0.0,0.0,DE,DELAWARE,0.0919442,0.0
2040,8,0.0,0.0,DC,DISTRICT OF COLUMBIA,0.0919442,0.0
2040,9,4296.285228645033,21.682764876232408,FL,FLORIDA,0.0919442,395018.50831958465
2040,10,131312.31246736826,910.9002110316676,GA,GEORGIA,0.0919442,12073405.5199622
2040,12,508678.1616238892,16379.702249635711,ID,IDAHO,0.0919442,46770006.62797919
2040,13,529177.2840186799,2819.3668752416597,IL,ILLINOIS,0.0919442,48654782.03727031
2040,14,103933.0585605015,1100.7407589299578,IN,INDIANA,0.0919442,9556041.922898462
2040,15,1787.0780912261152,11.0406094562938,IA,IOWA,0.0919442,164311.4654353122
2040,16,13161793.97348519,60236.80225713177,KS,KANSAS,0.0919442,1210150617.4569173
2040,17,33059.186526257,710.597677041111,KY,KENTUCKY,0.0919442,3039600.457807479
2040,18,195749.3365987407,1004.587073370748,LA,LOUISIANA,0.0919442,17998016.154101934
2040,19,0.0,0.0,ME,MAINE,0.0919442,0.0
2040,20,0.0,0.0,MD,MARYLAND,0.0919442,0.0
2040,21,0.0,0.0,MA,MASSACHUSETTS,0.0919442,0.0
2040,22,58919.27230698362,319.4392098927732,MI,MICHIGAN,0.0919442,5417285.356847764
2040,23,1328719.6009096422,8360.674214996094,MN,MINNESOTA,0.0919442,122168060.72995633
2040,24,151655.03682663658,740.59676880757,MS,MISSISSIPPI,0.0919442,13943801.03699564
2040,25,182299.70667902267,1841.512247150241,MO,MISSOURI,0.0919442,16761400.690837396
2040,26,11901279.973459763,72809.20921688396,MT,MONTANA,0.0919442,1094253666.1357791
2040,27,4097199.116751758,17995.86720613871,NE,NEBRASKA,0.0919442,376713695.030447
2040,28,13480.803366819797,2167.8860451744067,NV,NEVADA,0.0919442,1239481.680919553
2040,29,0.0,0.0,NH,NEW HAMPSHIRE,0.0919442,0.0
2040,30,0.0,0.0,NJ,NEW JERSEY,0.0919442,0.0
2040,31,80158.65361104927,2047.5214513276676,NM,NEW MEXICO,0.0919442,7370123.279345037
2040,32,0.0,0.0,NY,NEW YORK,0.0919442,0.0
2040,33,10414.41406884184,185.55311651166343,NC,NORTH CAROLINA,0.0919442,957544.9700284079
2040,34,6437057.410401573,31350.58168238769,ND,NORTH DAKOTA,0.0919442,591850093.9534444
2040,35,114210.70246450676,2793.244785674444,OH,OHIO,0.0919442,10501011.669537103
2040,36,5115163.074356245,35461.05628071012,OK,OKLAHOMA,0.0919442,470309576.7412255
2040,37,3920251.006333817,20274.788422203324,OR,OREGON,0.0919442,360444342.57655776
2040,38,2845.884935646245,145.47456191967075,PA,PENNSYLVANIA,0.0919442,261662.6137000455
2040,39,0.0,0.0,RI,RHODE ISLAND,0.0919442,0.0
2040,40,42070.60469664739,297.30601896480465,SC,SOUTH CAROLINA,0.0919442,3868148.0923494874
2040,41,2589384.600554673,14970.842122039458,SD,SOUTH DAKOTA,0.0919442,238078895.590319
2040,42,49477.51805490864,527.5327616929835,TN,TENNESSEE,0.0919442,4549170.815544131
2040,43,2219768.5426676907,17496.646470871005,TX,TEXAS,0.0919442,204094842.8407467
2040,44,28732.27722959817,3658.552417273938,UT,UTAH,0.0919442,2641766.2440536204
2040,45,0.0,0.0,VT,VERMONT,0.0919442,0.0
2040,46,523.3756128782804,18.344869209012803,VA,VIRGINIA,0.0919442,48121.3520256032
2040,47,2221947.69620442,23806.289667831057,WA,WASHINGTON,0.0919442,204295203.36935845
2040,48,790.1007487665993,48.82704451476,WV,WEST VIRGINIA,0.0919442,72645.18126474596
2040,49,6740.534327797928,56.61477712434613,WI,WISCONSIN,0.0919442,619753.0363419183
2040,50,557555.9446875774,6430.3058883638905,WY,WYOMING,0.0919442,51264035.28954356
2041,0,2081.0220514125604,77.50612190657978,AL,ALABAMA,0.09329496,194148.86904565274
2041,2,0.0,0.0,AZ,ARIZONA,0.09329496,0.0
2041,3,456725.56625896425,4382.073774059339,AR,ARKANSAS,0.09329496,42610193.43510742
2041,4,17859.279972735334,979.1100155909394,CA,CALIFORNIA,0.09329496,1666180.810685144
2041,5,1607145.1475348813,30488.354696664883,CO,COLORADO,0.09329496,149938542.25346085
2041,6,0.0,0.0,CT,CONNECTICUT,0.09329496,0.0
2041,7,2089.778567873307,77.58362332317904,DE,DELAWARE,0.09329496,194965.80789859747
2041,8,0.0,0.0,DC,DISTRICT OF COLUMBIA,0.09329496,0.0
2041,9,0.0,0.0,FL,FLORIDA,0.09329496,0.0
2041,10,3073.265981401896,142.17580334253273,GA,GEORGIA,0.09329496,286720.2268042506
2041,12,509424.5225762277,16798.846144380717,ID,IDAHO,0.09329496,47526740.45676826
2041,13,426998.8899044814,2913.4669524041024,IL,ILLINOIS,0.09329496,39836844.353682995
2041,14,105687.08115775112,1300.49703596568,IN,INDIANA,0.09329496,9860072.009129144
2041,15,551.8273427737315,7.335259063630975,IA,IOWA,0.09329496,51482.70987098158
2041,16,7830420.002349539,42672.42063814518,KS,KANSAS,0.09329496,730538720.9024001
2041,17,20290.49309243787,681.112705662508,KY,KENTUCKY,0.09329496,1893000.7414392673
2041,18,113447.2719137297,1023.488437959202,LA,LOUISIANA,0.09329496,10584058.695300534
2041,19,0.0,0.0,ME,MAINE,0.09329496,0.0
2041,20,2720.621748330444,56.88699276917672,MD,MARYLAND,0.09329496,253820.29718561884
2041,21,0.0,0.0,MA,MASSACHUSETTS,0.09329496,0.0
2041,22,100157.17278986608,371.52238183932894,MI,MICHIGAN,0.09329496,9344159.429143643
2041,23,715215.5560652859,4406.721597674216,MN,MINNESOTA,0.09329496,66726006.69448861
2041,24,86638.87603747137,630.7573202143531,MS,MISSISSIPPI,0.09329496,8082970.47436085
2041,25,210996.57565391035,2503.1243063865813,MO,MISSOURI,0.09329496,19684917.08576854
2041,26,11150394.438457197,71602.91665648112,MT,MONTANA,0.09329496,1040275603.1200867
2041,27,3441282.3901232784,16158.141475778297,NE,NEBRASKA,0.09329496,321054302.9352556
2041,28,14983.3101333891,2355.4268627048127,NV,NEVADA,0.09329496,1397867.3195621308
2041,29,0.0,0.0,NH,NEW HAMPSHIRE,0.09329496,0.0
2041,30,3039.688509373139,90.98027649725064,NJ,NEW JERSEY,0.09329496,283587.6178944266
2041,31,80687.17728561562,1402.3034297984832,NM,NEW MEXICO,0.09329496,7527706.977374418
2041,32,3286.2019370239013,47.06250158937216,NY,NEW YORK,0.09329496,306586.0782665674
2041,33,10816.223564328122,353.98937811784947,NC,NORTH CAROLINA,0.09329496,1009099.1447850495
2041,34,4199803.401366277,18116.447289715765,ND,NORTH DAKOTA,0.09329496,391820490.33833075
2041,35,148333.22379471938,3086.744883143676,OH,OHIO,0.09329496,13838742.180599391
2041,36,2717882.678650325,18504.5501598703,OK,OKLAHOMA,0.09329496,253564755.78937495
2041,37,4308866.20251857,20922.551122640525,OR,OREGON,0.09329496,401995500.00932187
2041,38,1789.83030556625,77.353331069127,PA,PENNSYLVANIA,0.09329496,166982.14676459105
2041,39,0.0,0.0,RI,RHODE ISLAND,0.09329496,0.0
2041,40,6489.116247854898,152.87855403034436,SC,SOUTH CAROLINA,0.09329496,605401.8407789727
2041,41,2911573.3889566814,15445.318217933542,SD,SOUTH DAKOTA,0.09329496,271635122.859778
2041,42,57608.50806865917,806.9282806332466,TN,TENNESSEE,0.09329496,5374583.455925235
2041,43,2843233.143938798,17983.025162862115,TX,TEXAS,0.09329496,265259322.4344444
2041,44,27477.0486716584,3541.7467972896507,UT,UTAH,0.09329496,2563470.1567404233
2041,45,6.680773174635654,0.1260011334029749,VT,VERMONT,0.09329496,623.2824660967063
2041,46,967.8740549508652,49.56692147657121,VA,VIRGINIA,0.09329496,90297.77124167877
2041,47,3172831.7785563106,29982.16800373089,WA,WASHINGTON,0.09329496,296009213.8671399
2041,48,0.0,0.0,WV,WEST VIRGINIA,0.09329496,0.0
2041,49,30612.627110633373,160.82294391147997,WI,WISCONSIN,0.09329496,2856003.821781456
2041,50,633595.4369595654,7073.016707165752,WY,WYOMING,0.09329496,59111260.94732517
2042,0,3698.774540025073,68.46520378135837,AL,ALABAMA,0.09464572,350073.17945834185
2042,2,0.0,0.0,AZ,ARIZONA,0.09464572,0.0
2042,3,110209.67892408822,1517.602550834003,AR,ARKANSAS,0.09464572,10430874.412739156
2042,4,28277.959322507533,1543.5832670410568,CA,CALIFORNIA,0.09464572,2676387.820209438
2042,5,1754024.0010383597,34498.710206436386,CO,COLORADO,0.09464572,166010864.4755563
2042,6,0.0,0.0,CT,CONNECTICUT,0.09464572,0.0
2042,7,11846.000036799383,166.3819184714389,DE,DELAWARE,0.09464572,1121173.2026029043
2042,8,0.0,0.0,DC,DISTRICT OF COLUMBIA,0.09464572,0.0
2042,9,0.0,0.0,FL,FLORIDA,0.09464572,0.0
2042,10,31340.724846753925,498.4562611649938,GA,GEORGIA,0.09464572,2966265.468442915
2042,12,464387.7924899829,14789.828957615357,ID,IDAHO,0.09464572,43952316.97942503
2042,13,100805.98474141996,1509.518088949592,IL,ILLINOIS,0.09464572,9540855.006160706
2042,14,11068.258867869108,497.0519881481405,IN,INDIANA,0.09464572,1047563.3296958567
2042,15,2073.080132796932,13.10456297024066,IA,IOWA,0.09464572,196208.16178626125
2042,16,15189705.77007658,75929.69381168656,KS,KANSAS,0.09464572,1437640639.1970525
2042,17,20230.13725152914,409.7635382114836,KY,KENTUCKY,0.09464572,1914695.9058697969
2042,18,80665.81802254595,771.2768225395721,LA,LOUISIANA,0.09464572,7634674.426132837
2042,19,0.0,0.0,ME,MAINE,0.09464572,0.0
2042,20,33025.93403199002,381.7826506329093,MD,MARYLAND,0.09464572,3125763.3051301986
2042,21,0.0,0.0,MA,MASSACHUSETTS,0.09464572,0.0
2042,22,42834.67566612813,351.06949837947326,MI,MICHIGAN,0.09464572,4054118.7193871764
2042,23,2173878.841133063,8820.382285077825,MN,MINNESOTA,0.09464572,205748328.1118044
2042,24,32455.160869765008,307.37084383949724,MS,MISSISSIPPI,0.09464572,3071742.0682347356
2042,25,205545.30639208012,2207.1062810789,MO,MISSOURI,0.09464572,19453983.51609903
2042,26,10872071.341015412,68443.99784073594,MT,MONTANA,0.09464572,1028995019.9617692
2042,27,4331871.21070197,19083.906596030232,NE,NEBRASKA,0.09464572,409993069.6841597
2042,28,12961.2760992294,2036.209363056652,NV,NEVADA,0.09464572,1226729.3085303581
2042,29,0.0,0.0,NH,NEW HAMPSHIRE,0.09464572,0.0
2042,30,3964.7085246904426,119.8447065162148,NJ,NEW JERSEY,0.09464572,375242.69290946476
2042,31,152843.0421818435,3528.994941923462,NM,NEW MEXICO,0.09464572,14465939.774290951
2042,32,523.2143481603445,4.877712403515691,NY,NEW YORK,0.09464572,49519.99869596648
2042,33,178016.88260660376,1622.915324073086,NC,NORTH CAROLINA,0.09464572,16848536.026457492
2042,34,8682989.773264498,32043.576855270585,ND,NORTH DAKOTA,0.09464572,821807818.8432552
2042,35,90965.70330848722,1736.505241693286,OH,OHIO,0.09464572,8609514.484938156
2042,36,6262629.011904175,44289.26487048678,OK,OKLAHOMA,0.09464572,592731031.9245594
2042,37,3961958.113788996,20090.01630867386,OR,OREGON,0.09464572,374982378.2894014
2042,38,3202.7990914338548,173.85045987274694,PA,PENNSYLVANIA,0.09464572,303131.226024103
2042,39,0.0,0.0,RI,RHODE ISLAND,0.09464572,0.0
2042,40,46325.47698148374,594.8786741615493,SC,SOUTH CAROLINA,0.09464572,4384508.123255956
2042,41,5343725.674260136,22579.665522370167,SD,SOUTH DAKOTA,0.09464572,505760763.922836
2042,42,57356.8525967142,429.7529832852746,TN,TENNESSEE,0.09464572,5428580.610949885
2042,43,3467472.970370291,24276.8403045822,TX,TEXAS,0.09464572,328181475.86123484
2042,44,28443.044330918216,3621.716706929472,UT,UTAH,0.09464572,2692012.409691673
2042,45,11.438801222333518,0.4320797718192316,VT,VERMONT,0.09464572,1082.633577624636
2042,46,40086.165591601966,350.9120795896739,VA,VIRGINIA,0.09464572,3793984.0044563944
2042,47,2529019.8862741888,25299.36139133727,WA,WASHINGTON,0.09464572,239360908.03073874
2042,48,135.92359982614735,18.337858890800792,WV,WEST VIRGINIA,0.09464572,12864.58697053759
2042,49,16654.250434287787,152.4775434658102,WI,WISCONSIN,0.09464572,1576253.5234134803
2042,50,677181.5286575907,7353.7729510991485,WY,WYOMING,0.09464572,64092333.35049831
2043,0,0.0,0.0,AL,ALABAMA,0.09599648,0.0
2043,2,0.0,0.0,AZ,ARIZONA,0.09599648,0.0
2043,3,114802.3964389788,1603.0518578705596,AR,ARKANSAS,0.09599648,11020625.9537065
2043,4,19138.620602482213,1022.798448105014,CA,CALIFORNIA,0.09599648,1837240.2098937717
2043,5,1111642.4258003747,27630.151559291397,CO,COLORADO,0.09599648,106713759.89549716
2043,6,0.0,0.0,CT,CONNECTICUT,0.09599648,0.0
2043,7,0.0,0.0,DE,DELAWARE,0.09599648,0.0
2043,8,0.0,0.0,DC,DISTRICT OF COLUMBIA,0.09599648,0.0
2043,9,0.0,0.0,FL,FLORIDA,0.09599648,0.0
2043,10,0.0,0.0,GA,GEORGIA,0.09599648,0.0
2043,12,555139.4971209839,17144.676446628826,ID,IDAHO,0.09599648,53291437.63258458
2043,13,260726.68050595975,2323.080383870088,IL,ILLINOIS,0.09599648,25028843.570656754
2043,14,15246.257507726354,367.8598333792575,IN,INDIANA,0.09599648,1463587.0539153027
2043,15,3433.3716875806726,14.174742405686136,IA,IOWA,0.09599648,329591.59653940424
2043,16,9779196.72117951,62196.27473635155,KS,KANSAS,0.09599648,938768462.4607744
2043,17,0.0,0.0,KY,KENTUCKY,0.09599648,0.0
2043,18,106080.97965368364,665.9353655186412,LA,LOUISIANA,0.09599648,10183400.641705247
2043,19,0.0,0.0,ME,MAINE,0.09599648,0.0
2043,20,0.0,0.0,MD,MARYLAND,0.09599648,0.0
2043,21,0.0,0.0,MA,MASSACHUSETTS,0.09599648,0.0
2043,22,33079.76657919468,156.26729513322215,MI,MICHIGAN,0.09599648,3175541.1508243303
2043,23,1747541.098169466,10659.798684244195,MN,MINNESOTA,0.09599648,167757794.07960317
2043,24,1222.026544407081,22.461728265050656,MS,MISSISSIPPI,0.09599648,117310.24672964346
2043,25,344117.17748812,3146.9771379670947,MO,MISSOURI,0.09599648,33034037.746394757
2043,26,13962050.74472849,82183.74836317176,MT,MONTANA,0.09599648,1340307725.0753136
2043,27,2968106.2828832096,18938.854825376584,NE,NEBRASKA,0.09599648,284927755.4226724
2043,28,13821.013317510738,2171.2736082922597,NV,NEVADA,0.09599648,1326768.6285141532
2043,29,0.0,0.0,NH,NEW HAMPSHIRE,0.09599648,0.0
2043,30,0.0,0.0,NJ,NEW JERSEY,0.09599648,0.0
2043,31,128127.1500244712,2626.7300464019336,NM,NEW MEXICO,0.09599648,12299755.394781148
2043,32,0.0,0.0,NY,NEW YORK,0.09599648,0.0
2043,33,0.0,0.0,NC,NORTH CAROLINA,0.09599648,0.0
2043,34,7726262.825370382,36337.590484403176,ND,NORTH DAKOTA,0.09599648,741694034.7904112
2043,35,100278.60925198645,1892.748410809984,OH,OHIO,0.09599648,9626393.507486131
2043,36,7794522.094193969,50758.096624309226,OK,OKLAHOMA,0.09599648,748246684.3248494
2043,37,4076021.075648892,20844.51746238491,OR,OREGON,0.09599648,391283675.6681074
2043,38,0.0,0.0,PA,PENNSYLVANIA,0.09599648,0.0
2043,39,0.0,0.0,RI,RHODE ISLAND,0.09599648,0.0
2043,40,0.0,0.0,SC,SOUTH CAROLINA,0.09599648,0.0
2043,41,3761463.051519794,21607.73757195497,SD,SOUTH DAKOTA,0.09599648,361087212.5959588
2043,42,890.5639996668779,19.46642451030386,TN,TENNESSEE,0.09599648,85491.00918274144
2043,43,3664193.1581597794,30909.28514377643,TX,TEXAS,0.09599648,351749645.2234221
2043,44,27276.602440944625,3480.855477162747,UT,UTAH,0.09599648,2618457.8206900917
2043,45,9.49640602975791,0.2632270928188343,VT,VERMONT,0.09599648,911.6215515075346
2043,46,0.0,0.0,VA,VIRGINIA,0.09599648,0.0
2043,47,2670125.151875287,26782.751863382087,WA,WASHINGTON,0.09599648,256322615.73949295
2043,48,0.0,0.0,WV,WEST VIRGINIA,0.09599648,0.0
2043,49,15929.44331317032,140.31833540166508,WI,WISCONSIN,0.09599648,1529170.4864238885
2043,50,582437.4312847313,6926.819216449721,WY,WYOMING,0.09599648,55911943.22357608
2044,0,2269.132638999024,42.448078386107646,AL,ALABAMA,0.09734724,220893.79960047133
2044,2,0.0,0.0,AZ,ARIZONA,0.09734724,0.0
2044,3,400545.23444050114,2796.9059230359226,AR,ARKANSAS,0.09734724,38991973.067935735
2044,4,32599.906623316,1815.0672092772345,CA,CALIFORNIA,0.09734724,3173510.934037532
2044,5,993850.7711530186,23837.67225480197,CO,COLORADO,0.09734724,96748629.54361798
2044,6,0.0,0.0,CT,CONNECTICUT,0.09734724,0.0
2044,7,288.2115911386184,23.198487843036723,DE,DELAWARE,0.09734724,28056.602933352962
2044,8,0.0,0.0,DC,DISTRICT OF COLUMBIA,0.09734724,0.0
2044,9,0.0,0.0,FL,FLORIDA,0.09734724,0.0
2044,10,565.0494531702554,23.60031578721372,GA,GEORGIA,0.09734724,55006.00472963361
2044,12,442865.96491919167,14711.448928133816,ID,IDAHO,0.09734724,43111779.37482013
2044,13,570615.6673590008,3151.974618799609,IL,ILLINOIS,0.09734724,55547860.318156816
2044,14,69571.848535746,763.9601361536837,IN,INDIANA,0.09734724,6772627.436652916
2044,15,2995.160484692145,15.81613984780902,IA,IOWA,0.09734724,291570.6065418426
2044,16,11221945.753320036,72408.60998239988,KS,KANSAS,0.09734724,1092425446.5154264
2044,17,18963.45351271543,291.49068710409057,KY,KENTUCKY,0.09734724,1846039.8603311519
2044,18,104.40507452226662,16.918265836669566,LA,LOUISIANA,0.09734724,10163.545846736974
2044,19,0.0,0.0,ME,MAINE,0.09734724,0.0
2044,20,0.0,0.0,MD,MARYLAND,0.09734724,0.0
2044,21,0.0,0.0,MA,MASSACHUSETTS,0.09734724,0.0
2044,22,101178.33853677014,458.2895144456869,MI,MICHIGAN,0.09734724,9849432.00434021
2044,23,1763259.4852455915,8497.075110268084,MN,MINNESOTA,0.09734724,171648444.29247904
2044,24,45293.32159729558,377.09755895384575,MS,MISSISSIPPI,0.09734724,4409179.847929116
2044,25,312327.62407492043,3377.4154431055576,MO,MISSOURI,0.09734724,30404232.179451056
2044,26,9554787.876144674,70706.50760854053,MT,MONTANA,0.09734724,930132228.5281459
2044,27,3143418.8389974274,19786.28153802171,NE,NEBRASKA,0.09734724,306003148.1404039
2044,28,12940.66901768231,2041.059008209833,NV,NEVADA,0.09734724,1259738.4126248842
2044,29,0.0,0.0,NH,NEW HAMPSHIRE,0.09734724,0.0
2044,30,2772.0107195414885,78.39259792792691,NJ,NEW JERSEY,0.09734724,269847.59279777796
2044,31,142893.31019828428,2565.477010325564,NM,NEW MEXICO,0.09734724,13910269.362266827
2044,32,629.4513239571058,14.527032193832971,NY,NEW YORK,0.09734724,61275.34910157014
2044,33,688.1913690536284,14.098688089569723,NC,NORTH CAROLINA,0.09734724,66993.53036919214
2044,34,3911689.236477257,22132.705639134045,ND,NORTH DAKOTA,0.09734724,380792150.9087683
2044,35,5987.250431823882,191.0080721502327,OH,OHIO,0.09734724,582842.304726863
2044,36,8139942.629123378,41111.789790120914,OK,OKLAHOMA,0.09734724,792400948.7035044
2044,37,3416634.1787005314,19651.36206035425,OR,OREGON,0.09734724,332599907.38616353
2044,38,106.49219074759976,3.1359303265707594,PA,PENNSYLVANIA,0.09734724,10366.720850832373
2044,39,0.0,0.0,RI,RHODE ISLAND,0.09734724,0.0
2044,40,1037.1912450058708,25.5936672990545,SC,SOUTH CAROLINA,0.09734724,100967.7050534853
2044,41,3385291.0779364333,23950.65495856813,SD,SOUTH DAKOTA,0.09734724,329548743.0337367
2044,42,45650.32297463176,314.1755727509285,TN,TENNESSEE,0.09734724,4443932.946688992
2044,43,4148760.076487906,24536.1297390138,TX,TEXAS,0.09734724,403870342.86828655
2044,44,25367.29816862404,3230.0750411269764,UT,UTAH,0.09734724,2469436.462972605
2044,45,17.15061553505739,0.3602054793721256,VT,VERMONT,0.09734724,1669.56508663896
2044,46,0.0,0.0,VA,VIRGINIA,0.09734724,0.0
2044,47,2592061.800123526,27031.70249091084,WA,WASHINGTON,0.09734724,252330062.1514569
2044,48,0.0,0.0,WV,WEST VIRGINIA,0.09734724,0.0
2044,49,3316.319338393309,37.6899049532181,WI,WISCONSIN,0.09734724,322834.53455121466
2044,50,354780.4519839807,6197.628729357314,WY,WYOMING,0.09734724,34536897.806593046
2045,0,717.3815429262879,51.69996718572661,AL,ALABAMA,0.098698,70804.12352373877
2045,2,0.0,0.0,AZ,ARIZONA,0.098698,0.0
2045,3,810186.3236939142,4644.907543475997,AR,ARKANSAS,0.098698,79963769.77594194
2045,4,16593.446414679274,872.4696944324221,CA,CALIFORNIA,0.098698,1637739.974236015
2045,5,839980.4617812645,19121.35078972546,CO,COLORADO,0.098698,82904391.61688724
2045,6,0.0,0.0,CT,CONNECTICUT,0.098698,0.0
2045,7,0.0,0.0,DE,DELAWARE,0.098698,0.0
2045,8,0.0,0.0,DC,DISTRICT OF COLUMBIA,0.098698,0.0
2045,9,0.0,0.0,FL,FLORIDA,0.098698,0.0
2045,10,0.0,0.0,GA,GEORGIA,0.098698,0.0
2045,12,330537.3212403478,11273.84459328611,ID,IDAHO,0.098698,32623372.531779844
2045,13,951814.596743564,3436.2442418383507,IL,ILLINOIS,0.098698,93942197.06939627
2045,14,71910.04088768581,843.1850428679581,IN,INDIANA,0.098698,7097377.215532813
2045,15,3773.0150300332734,17.443517111964756,IA,IOWA,0.098698,372389.03743422404
2045,16,7105189.85904838,61521.85437544256,KS,KANSAS,0.098698,701268028.708357
2045,17,29656.085056328026,379.3181173393957,KY,KENTUCKY,0.098698,2926996.282889463
2045,18,138139.3141656137,912.1170368055004,LA,LOUISIANA,0.098698,13634074.029517742
2045,19,0.0,0.0,ME,MAINE,0.098698,0.0
2045,20,0.0,0.0,MD,MARYLAND,0.098698,0.0
2045,21,0.0,0.0,MA,MASSACHUSETTS,0.098698,0.0
2045,22,180957.9327892052,477.7439876706121,MI,MICHIGAN,0.098698,17860186.05042897
2045,23,466178.6813511441,3641.758588631132,MN,MINNESOTA,0.098698,46010903.491995215
2045,24,35404.66016332497,347.04137933296465,MS,MISSISSIPPI,0.098698,3494369.1487998473
2045,25,1363507.436509217,6500.635862485013,MO,MISSOURI,0.098698,134575456.96858668
2045,26,6201981.589377046,46032.45394189668,MT,MONTANA,0.098698,612123178.9083356
2045,27,1120598.6192098244,10914.142024330537,NE,NEBRASKA,0.098698,110600842.51877123
2045,28,8706.32178444619,1368.6611334785189,NV,NEVADA,0.098698,859296.5474812702
2045,29,0.0,0.0,NH,NEW HAMPSHIRE,0.098698,0.0
2045,30,859.2830925240817,13.028115971317956,NJ,NEW JERSEY,0.098698,84809.52266594181
2045,31,64221.755648770486,1277.289433954687,NM,NEW MEXICO,0.098698,6338558.83902235
2045,32,18468.236891288463,177.52820034850922,NY,NEW YORK,0.098698,1822778.0446963885
2045,33,152.4995527605971,20.109315940857872,NC,NORTH CAROLINA,0.098698,15051.400858365414
2045,34,4653771.139006933,22254.299258286323,ND,NORTH DAKOTA,0.098698,459317903.8777063
2045,35,125369.48148003004,1392.6584185262527,OH,OHIO,0.098698,12373717.083116002
2045,36,8233972.550196561,50058.72855612684,OK,OKLAHOMA,0.098698,812676622.7593001
2045,37,3585019.003026632,19102.595552685496,OR,OREGON,0.098698,353834205.56072253
2045,38,13779.347045384782,376.2022862084036,PA,PENNSYLVANIA,0.098698,1359993.994685387
2045,39,0.0,0.0,RI,RHODE ISLAND,0.098698,0.0
2045,40,3026.57838543232,85.97816707827252,SC,SOUTH CAROLINA,0.098698,298717.23348539905
2045,41,1905293.277055135,15561.02778614685,SD,SOUTH DAKOTA,0.098698,188048635.85878772
2045,42,63385.73761752038,385.4800987921938,TN,TENNESSEE,0.098698,6256045.531374026
2045,43,3343609.2603719304,24604.991571826693,TX,TEXAS,0.098698,330007546.7801888
2045,44,16144.822594544232,2088.84362323276,UT,UTAH,0.098698,1593461.7004363264
2045,45,0.0,0.0,VT,VERMONT,0.098698,0.0
2045,46,328.49806425712376,29.922357800274803,VA,VIRGINIA,0.098698,32422.101946049595
2045,47,2643912.326087065,26722.03281474022,WA,WASHINGTON,0.098698,260948858.76014113
2045,48,0.0,0.0,WV,WEST VIRGINIA,0.098698,0.0
2045,49,52113.017684197424,284.315781719413,WI,WISCONSIN,0.098698,5143450.619394917
2045,50,528358.5071650718,6402.636648268204,WY,WYOMING,0.098698,52147927.94017825
2046,0,7029.882276921794,142.32703810938793,AL,ALABAMA,0.0985349,692688.7471682612
2046,2,0.0,0.0,AZ,ARIZONA,0.0985349,0.0
2046,3,701663.1763020732,4765.392492591799,AR,ARKANSAS,0.0985349,69138310.91060714
2046,4,25766.495394363355,1427.5846727514606,CA,CALIFORNIA,0.0985349,2538899.0470340536
2046,5,1870026.800267243,35103.762331690785,CO,COLORADO,0.0985349,184262903.76165277
2046,6,0.0,0.0,CT,CONNECTICUT,0.0985349,0.0
2046,7,20282.13494666274,202.31091479828723,DE,DELAWARE,0.0985349,1998498.1387559182
2046,8,0.0,0.0,DC,DISTRICT OF COLUMBIA,0.0985349,0.0
2046,9,4102.315779308646,34.31002864729403,FL,FLORIDA,0.0985349,404221.27508259943
2046,10,21844.79611696814,349.24669963863096,GA,GEORGIA,0.0985349,2152474.8009058437
2046,12,395415.5819437368,12936.144509709064,ID,IDAHO,0.0985349,38962234.82526791
2046,13,313749.7824218997,2715.14770650289,IL,ILLINOIS,0.0985349,30915303.435963646
2046,14,15223.916614355272,318.248083605449,IN,INDIANA,0.0985349,1500087.101203835
2046,15,4790.048765983645,16.298529496551968,IA,IOWA,0.0985349,471986.9761513219
2046,16,15501002.162539909,77051.88059974095,KS,KANSAS,0.0985349,1527389697.9856536
2046,17,7866.952738557231,277.4985283775689,KY,KENTUCKY,0.0985349,775169.4013984628
2046,18,186788.5729197225,1190.429333604818,LA,LOUISIANA,0.0985349,18405193.353787564
2046,19,0.0,0.0,ME,MAINE,0.0985349,0.0
2046,20,27281.402269809463,223.96040808680465,MD,MARYLAND,0.0985349,2688170.2445154483
2046,21,0.0,0.0,MA,MASSACHUSETTS,0.0985349,0.0
2046,22,107465.57060504195,442.7888066234892,MI,MICHIGAN,0.0985349,10589109.253010748
2046,23,3930507.4742866615,14783.73113115752,MN,MINNESOTA,0.0985349,387292160.9280887
2046,24,147837.04614807342,938.9554723913608,MS,MISSISSIPPI,0.0985349,14567108.558495801
2046,25,879248.9488019492,5972.378065520091,MO,MISSOURI,0.0985349,86636707.24530518
2046,26,10846485.135727365,73744.60977953608,MT,MONTANA,0.0985349,1068757328.2003824
2046,27,4394352.41035341,21331.93735708598,NE,NEBRASKA,0.0985349,432997075.3189322
2046,28,10643.381714579094,1672.5990078318775,NV,NEVADA,0.0985349,1048744.5529078795
2046,29,0.0,0.0,NH,NEW HAMPSHIRE,0.0985349,0.0
2046,30,11291.567142340456,161.90489295424572,NJ,NEW JERSEY,0.0985349,1112613.4392138026
2046,31,156393.8837049025,2658.3562283031542,NM,NEW MEXICO,0.0985349,15410255.691474197
2046,32,1486.7768555651774,38.48803951371878,NY,NEW YORK,0.0985349,146499.40878542917
2046,33,6267.873952949212,194.93393123914868,NC,NORTH CAROLINA,0.0985349,617604.3331664553
2046,34,13017385.820648484,47307.218944768974,ND,NORTH DAKOTA,0.0985349,1282666810.0990162
2046,35,40121.4670045653,603.5375923391058,OH,OHIO,0.0985349,3953364.739148141
2046,36,8867346.621277459,46137.8740194796,OK,OKLAHOMA,0.0985349,873743112.5929122
2046,37,4010467.102372827,20897.63608013696,OR,OREGON,0.0985349,395170974.8855963
2046,38,1955.1773630887192,101.67897264623768,PA,PENNSYLVANIA,0.0985349,192653.20595421063
2046,39,0.0,0.0,RI,RHODE ISLAND,0.0985349,0.0
2046,40,6483.1991839711645,135.81555856874124,SC,SOUTH CAROLINA,0.0985349,638821.3832726803
2046,41,5854411.207290929,26689.832400175703,SD,SOUTH DAKOTA,0.0985349,576863822.869291
2046,42,23068.18465495151,465.83688643086055,TN,TENNESSEE,0.0985349,2273021.2681571813
2046,43,5499185.35725857,34267.1271154374,TX,TEXAS,0.0985349,541861679.2589375
2046,44,24751.59757812524,3158.913363634509,UT,UTAH,0.0985349,2438896.1922008125
2046,45,0.0,0.0,VT,VERMONT,0.0985349,0.0
2046,46,8581.232866585724,116.72329556886362,VA,VIRGINIA,0.0985349,845550.9223857376
2046,47,2592642.6106835115,25856.79280554877,WA,WASHINGTON,0.0985349,255465780.3794387
2046,48,0.0,0.0,WV,WEST VIRGINIA,0.0985349,0.0
2046,49,17413.354934810373,143.35962656973933,WI,WISCONSIN,0.0985349,1715823.1871660466
2046,50,732864.3793772953,8497.590796403967,WY,WYOMING,0.0985349,72212718.33550385
2047,0,85717.23382619416,505.04047086167424,AL,ALABAMA,0.0983718,8432158.582503607
2047,2,0.0,0.0,AZ,ARIZONA,0.0983718,0.0
2047,3,1001453.9041384574,4607.918909646269,AR,ARKANSAS,0.0983718,98514823.1671275
2047,4,40704.02077753708,2218.2884274650405,CA,CALIFORNIA,0.0983718,4004127.7911237217
2047,5,931083.042486865,21959.192020310857,CO,COLORADO,0.0983718,91592314.83890937
2047,6,0.0,0.0,CT,CONNECTICUT,0.0983718,0.0
2047,7,7025.418795859292,99.17050630627544,DE,DELAWARE,0.0983718,691103.0927025111
2047,8,0.0,0.0,DC,DISTRICT OF COLUMBIA,0.0983718,0.0
2047,9,10513.862816646952,42.3171578450416,FL,FLORIDA,0.0983718,1034267.6102266306
2047,10,264351.7572510372,1528.771707762347,GA,GEORGIA,0.0983718,26004758.193947583
2047,12,591756.798435634,18432.727587193192,ID,IDAHO,0.0983718,58212181.4243505
2047,13,533273.1049667734,3214.4789538510176,IL,ILLINOIS,0.0983718,52459035.22717044
2047,14,110971.4104903454,866.8522654519587,IN,INDIANA,0.0983718,10916457.398474159
2047,15,1640.2626561575098,6.924781210627824,IA,IOWA,0.0983718,161355.58995899532
2047,16,4913898.533650985,28989.47269060703,KS,KANSAS,0.0983718,483389043.7726079
2047,17,221644.07392051368,1982.670843922003,KY,KENTUCKY,0.0983718,21803526.51089399
2047,18,79591.93122194339,762.3125674227366,LA,LOUISIANA,0.0983718,7829601.539778771
2047,19,0.0,0.0,ME,MAINE,0.0983718,0.0
2047,20,47110.21529171022,376.96741166609206,MD,MARYLAND,0.0983718,4634316.676633059
2047,21,0.0,0.0,MA,MASSACHUSETTS,0.0983718,0.0
2047,22,112694.0392666266,434.1505221657407,MI,MICHIGAN,0.0983718,11085915.491928738
2047,23,1207491.278202266,7714.711028510062,MN,MINNESOTA,0.0983718,118783090.52105767
2047,24,304151.8825612104,1166.9984103964375,MS,MISSISSIPPI,0.0983718,29919968.16093488
2047,25,634756.5539460217,4623.523699658706,MO,MISSOURI,0.0983718,62442144.77346725
2047,26,7301068.636000768,52819.98492119736,MT,MONTANA,0.0983718,718219263.6469404
2047,27,2859644.768874947,18134.860615447084,NE,NEBRASKA,0.0983718,281308403.2748125
2047,28,14528.435209241048,2282.409199305412,NV,NEVADA,0.0983718,1429188.3227164184
2047,29,0.0,0.0,NH,NEW HAMPSHIRE,0.0983718,0.0
2047,30,2186.549801364734,29.075119498273075,NJ,NEW JERSEY,0.0983718,215094.8397498913
2047,31,65371.88771169581,1266.2837292222184,NM,NEW MEXICO,0.0983718,6430750.263597398
2047,32,10441.142876251488,111.14677656326458,NY,NEW YORK,0.0983718,1027114.018794036
2047,33,45378.9403432796,596.8352454487704,NC,NORTH CAROLINA,0.0983718,4464008.043661032
2047,34,2698858.227250413,13436.684113428766,ND,NORTH DAKOTA,0.0983718,265491541.75943217
2047,35,163584.79714736532,865.7182867621304,OH,OHIO,0.0983718,16092130.948021188
2047,36,2326444.793094451,15061.523284141484,OK,OKLAHOMA,0.0983718,228856561.8973287
2047,37,4564172.109398115,23109.31201732465,OR,OREGON,0.0983718,448985825.9112895
2047,38,10723.351567820786,228.23037068088283,PA,PENNSYLVANIA,0.0983718,1054875.3957593527
2047,39,0.0,0.0,RI,RHODE ISLAND,0.0983718,0.0
2047,40,24660.73828635782,250.3170793433213,SC,SOUTH CAROLINA,0.0983718,2425921.214557934
2047,41,2500307.894831123,19902.372376270607,SD,SOUTH DAKOTA,0.0983718,245959788.16874823
2047,42,271651.81818125665,1478.8095964810927,TN,TENNESSEE,0.0983718,26722878.327762943
2047,43,2405197.842920785,14214.604531899757,TX,TEXAS,0.0983718,236603641.16423488
2047,44,27397.36143704442,3489.27158630672,UT,UTAH,0.0983718,2695127.759812646
2047,45,124.97041775726524,2.1112230542382777,VT,VERMONT,0.0983718,12293.564941534145
2047,46,11893.750498481932,154.71049065457487,VA,VIRGINIA,0.0983718,1170009.6452865647
2047,47,2814536.6473831628,28019.572009456504,WA,WASHINGTON,0.0983718,276871036.169047
2047,48,95.50233452015354,14.96294820171728,WV,WEST VIRGINIA,0.0983718,9394.73655094964
2047,49,119751.29653240502,493.0741924174142,WI,WISCONSIN,0.0983718,11780150.59222644
2047,50,663100.1390470313,7840.2319332991165,WY,WYOMING,0.0983718,65230354.25830675
2048,0,2830.641195771093,91.74286368916788,AL,ALABAMA,0.0982087,277993.59200312453
2048,2,0.0,0.0,AZ,ARIZONA,0.0982087,0.0
2048,3,783775.1875844633,4365.163366984259,AR,ARKANSAS,0.0982087,76973542.26492627
2048,4,32583.704090289164,1751.3716453574625,CA,CALIFORNIA,0.0982087,3200003.219891981
2048,5,1633529.9425037797,32570.51071046406,CO,COLORADO,0.0982087,160426852.06437093
2048,6,0.0,0.0,CT,CONNECTICUT,0.0982087,0.0
2048,7,36.32915717493398,3.5649669915398183,DE,DELAWARE,0.0982087,3567.839298245939
2048,8,0.0,0.0,DC,DISTRICT OF COLUMBIA,0.0982087,0.0
2048,9,0.0,0.0,FL,FLORIDA,0.0982087,0.0
2048,10,21198.30994862364,563.050256396982,GA,GEORGIA,0.0982087,2081858.4622513943
2048,12,506619.4685680161,16262.6259013063,ID,IDAHO,0.0982087,49754439.402755715
2048,13,77888.31840416678,506.69826715939234,IL,ILLINOIS,0.0982087,7649310.495659295
2048,14,28095.32439264449,277.6537253672772,IN,INDIANA,0.0982087,2759205.2846799046
2048,15,267.6139302016868,1.8949714287128097,IA,IOWA,0.0982087,26282.016186998397
2048,16,12070033.665908229,58024.52547201567,KS,KANSAS,0.0982087,1185382315.2850814
2048,17,26138.52612443732,254.52663561549355,KY,KENTUCKY,0.0982087,2567030.6705970275
2048,18,121981.81582649,975.955794926388,LA,LOUISIANA,0.0982087,11979675.555959009
2048,19,0.0,0.0,ME,MAINE,0.0982087,0.0
2048,20,243.3257852380238,19.55451097379718,MD,MARYLAND,0.0982087,23896.709044705505
2048,21,0.0,0.0,MA,MASSACHUSETTS,0.0982087,0.0
2048,22,6835.7242574928105,20.66495733595529,MI,MICHIGAN,0.0982087,671327.5928868342
2048,23,64552.68578565322,409.9055804922703,MN,MINNESOTA,0.0982087,6339635.352517482
2048,24,127738.61499783464,718.8032110266333,MS,MISSISSIPPI,0.0982087,12545043.318737842
2048,25,122575.8177920355,1301.8669792248152,MO,MISSOURI,0.0982087,12038011.716792675
2048,26,3968654.976652183,39143.81637512638,MT,MONTANA,0.0982087,389756446.0055412
2048,27,3444672.679468377,19100.867791223536,NE,NEBRASKA,0.0982087,338296825.776106
2048,28,13824.769549043887,2171.863710204992,NV,NEVADA,0.0982087,1357712.6452111865
2048,29,0.0,0.0,NH,NEW HAMPSHIRE,0.0982087,0.0
2048,30,1272.814508757578,73.11861794716451,NJ,NEW JERSEY,0.0982087,125001.45824622037
2048,31,172466.20866719715,2887.831449487514,NM,NEW MEXICO,0.0982087,16937682.147134162
2048,32,1009.4948835864654,36.7843617853528,NY,NEW YORK,0.0982087,99141.1801736781
2048,33,27868.83474070808,457.9647046571889,NC,NORTH CAROLINA,0.0982087,2736962.0303997775
2048,34,3832731.621347197,22734.50027182084,ND,NORTH DAKOTA,0.0982087,376407589.98140043
2048,35,5601.815576288628,41.63566589437372,OH,OHIO,0.0982087,550147.025387057
2048,36,7699769.581707819,40168.54064518777,OK,OKLAHOMA,0.0982087,756184360.9190687
2048,37,3786754.755885049,20294.660909584723,OR,OREGON,0.0982087,371892261.794288
2048,38,606.5502406925361,52.37930285506504,PA,PENNSYLVANIA,0.0982087,59568.51062310107
2048,39,0.0,0.0,RI,RHODE ISLAND,0.0982087,0.0
2048,40,45139.908380480905,454.1519146017753,SC,SOUTH CAROLINA,0.0982087,4433131.720166136
2048,41,618726.7236946614,8218.38747564084,SD,SOUTH DAKOTA,0.0982087,60764347.18931189
2048,42,63662.85171975065,522.1234762855482,TN,TENNESSEE,0.0982087,6252245.905689475
2048,43,5240153.04945431,30283.016570918426,TX,TEXAS,0.0982087,514628618.78794354
2048,44,26191.27441544014,3335.044045657352,UT,UTAH,0.0982087,2572211.0116836363
2048,45,66.10633812876979,2.006820045666269,VT,VERMONT,0.0982087,6492.217529386914
2048,46,468.23738900690586,16.703102728835013,VA,VIRGINIA,0.0982087,45984.98526576251
2048,47,2431889.1924778675,25036.213781818464,WA,WASHINGTON,0.0982087,238832676.13730115
2048,48,0.0,0.0,WV,WEST VIRGINIA,0.0982087,0.0
2048,49,1374.3132353236435,8.33312611913477,WI,WISCONSIN,0.0982087,134969.5162339291
2048,50,649904.3452102966,7460.709981825291,WY,WYOMING,0.0982087,63826260.86745445
2049,0,0.0,0.0,AL,ALABAMA,0.0980456,0.0
2049,2,0.0,0.0,AZ,ARIZONA,0.0980456,0.0
2049,3,24510.227923941453,498.456314470723,AR,ARKANSAS,0.0980456,2403120.002939594
2049,4,25945.05647730978,1376.1551348925384,CA,CALIFORNIA,0.0980456,2543798.6293517235
2049,5,1289295.5090008357,25857.616528122093,CO,COLORADO,0.0980456,126409751.75729233
2049,6,0.0,0.0,CT,CONNECTICUT,0.0980456,0.0
2049,7,0.0,0.0,DE,DELAWARE,0.0980456,0.0
2049,8,0.0,0.0,DC,DISTRICT OF COLUMBIA,0.0980456,0.0
2049,9,0.0,0.0,FL,FLORIDA,0.0980456,0.0
2049,10,0.0,0.0,GA,GEORGIA,0.0980456,0.0
2049,12,288096.5335166642,11112.370536478566,ID,IDAHO,0.0980456,28246597.486561444
2049,13,6955.62786663009,137.28080081786268,IL,ILLINOIS,0.0980456,681968.7075604671
2049,14,12711.694878436258,156.57883687964846,IN,INDIANA,0.0980456,1246325.75137321
2049,15,0.0,0.0,IA,IOWA,0.0980456,0.0
2049,16,11261264.698407331,59126.8383425538,KS,KANSAS,0.0980456,1104117454.1141658
2049,17,170.3967139138427,6.545708792008947,KY,KENTUCKY,0.0980456,16706.648053711055
2049,18,35604.28269757507,474.6371626824708,LA,LOUISIANA,0.0980456,3490843.259653366
2049,19,0.0,0.0,ME,MAINE,0.0980456,0.0
2049,20,0.0,0.0,MD,MARYLAND,0.0980456,0.0
2049,21,0.0,0.0,MA,MASSACHUSETTS,0.0980456,0.0
2049,22,438.4609020694162,19.58102562910151,MI,MICHIGAN,0.0980456,42989.16221993715
2049,23,61503.62442081733,397.5165552915012,MN,MINNESOTA,0.0980456,6030159.758513687
2049,24,27061.011408264992,323.0558098213204,MS,MISSISSIPPI,0.0980456,2653213.100130186
2049,25,47840.543881962265,1052.113871960228,MO,MISSOURI,0.0980456,4690554.829233319
2049,26,6665547.463764129,54966.58753902373,MT,MONTANA,0.0980456,653527600.4132323
2049,27,1327218.948530473,11312.676555681712,NE,NEBRASKA,0.0980456,130127978.14003934
2049,28,11760.586590786192,1849.86797244688,NV,NEVADA,0.0980456,1153073.7686455867
2049,29,0.0,0.0,NH,NEW HAMPSHIRE,0.0980456,0.0
2049,30,0.0,0.0,NJ,NEW JERSEY,0.0980456,0.0
2049,31,130398.916540475,2841.9876090881626,NM,NEW MEXICO,0.0980456,12785040.011560794
2049,32,0.0,0.0,NY,NEW YORK,0.0980456,0.0
2049,33,0.0,0.0,NC,NORTH CAROLINA,0.0980456,0.0
2049,34,484886.2519067602,2423.240781834507,ND,NORTH DAKOTA,0.0980456,47540963.49994945
2049,35,12623.766383298242,123.47603677420574,OH,OHIO,0.0980456,1237704.749310306
2049,36,3676140.677726232,21507.42311990398,OK,OKLAHOMA,0.0980456,360429418.432075
2049,37,4025743.925616799,21161.814628852477,OR,OREGON,0.0980456,394706478.6334544
2049,38,16.193147730995026,1.6461365980564444,PA,PENNSYLVANIA,0.0980456,1587.6668851740458
2049,39,0.0,0.0,RI,RHODE ISLAND,0.0980456,0.0
2049,40,0.0,0.0,SC,SOUTH CAROLINA,0.0980456,0.0
2049,41,986972.1568356776,7689.064401496093,SD,SOUTH DAKOTA,0.0980456,96768277.30024812
2049,42,828.538630724041,14.97189132063685,TN,TENNESSEE,0.0980456,81234.56717251704
2049,43,5351589.045641148,32831.34233947917,TX,TEXAS,0.0980456,524699758.9333138
2049,44,24967.67118932168,3197.069802079253,UT,UTAH,0.0980456,2447970.302359758
2049,45,0.0,0.0,VT,VERMONT,0.0980456,0.0
2049,46,0.0,0.0,VA,VIRGINIA,0.0980456,0.0
2049,47,2853151.305701344,30091.389225357525,WA,WASHINGTON,0.0980456,279738931.6582717
2049,48,0.0,0.0,WV,WEST VIRGINIA,0.0980456,0.0
2049,49,3630.8163803828256,13.628934731079331,WI,WISCONSIN,0.0980456,355985.57050446235
2049,50,426628.3037961653,6217.022015246605,WY,WYOMING,0.0980456,41829028.0226773
2050,0,470.8872656002342,26.34505501439376,AL,ALABAMA,0.0978825,46091.62277511492
2050,2,0.0,0.0,AZ,ARIZONA,0.0978825,0.0
2050,3,200367.9310764329,2022.858370659715,AR,ARKANSAS,0.0978825,19612514.013588943
2050,4,19445.494280732648,1042.6638395348073,CA,CALIFORNIA,0.0978825,1903373.5939338133
2050,5,741036.5646664138,18715.819312152336,CO,COLORADO,0.0978825,72534511.54096025
2050,6,0.0,0.0,CT,CONNECTICUT,0.0978825,0.0
2050,7,5121.995347147828,99.31747216823564,DE,DELAWARE,0.0978825,501353.70956719725
2050,8,0.0,0.0,DC,DISTRICT OF COLUMBIA,0.0978825,0.0
2050,9,0.0,0.0,FL,FLORIDA,0.0978825,0.0
2050,10,0.0,0.0,GA,GEORGIA,0.0978825,0.0
2050,12,446463.57068287896,15062.342522096813,ID,IDAHO,0.0978825,43700970.4573669
2050,13,12187.266715840318,106.42312016792437,IL,ILLINOIS,0.0978825,1192920.13431324
2050,14,2469.4016259264763,109.3654531759914,IN,INDIANA,0.0978825,241711.2046497483
2050,15,0.0,0.0,IA,IOWA,0.0978825,0.0
2050,16,6093061.263979379,37584.387340409965,KS,KANSAS,0.0978825,596404069.1714615
2050,17,6120.571748789263,178.673491092449,KY,KENTUCKY,0.0978825,599096.8642008652
2050,18,145381.78556168263,1103.3140530262992,LA,LOUISIANA,0.0978825,14230332.6252414
2050,19,0.0,0.0,ME,MAINE,0.0978825,0.0
2050,20,9326.958524625508,113.65284765026054,MD,MARYLAND,0.0978825,912946.0177866563
2050,21,0.0,0.0,MA,MASSACHUSETTS,0.0978825,0.0
2050,22,108314.85630868436,353.70506454347026,MI,MICHIGAN,0.0978825,10602128.922634797
2050,23,154953.57187363927,1522.0907263175202,MN,MINNESOTA,0.0978825,15167242.998921497
2050,24,13446.390915713471,199.2636800311108,MS,MISSISSIPPI,0.0978825,1316166.3588073237
2050,25,11016.265287266242,147.50886351444666,MO,MISSOURI,0.0978825,1078299.5869808379
2050,26,2815239.565017039,25331.80324460977,MT,MONTANA,0.0978825,275562686.7227803
2050,27,1219057.7986580103,8900.006048738807,NE,NEBRASKA,0.0978825,119324424.97714269
2050,28,14846.468321196822,2332.815179506571,NV,NEVADA,0.0978825,1453209.4354495478
2050,29,0.0,0.0,NH,NEW HAMPSHIRE,0.0978825,0.0
2050,30,16552.43379540316,180.34961623669545,NJ,NEW JERSEY,0.0978825,1620193.60097855
2050,31,42737.668827159374,994.2021325058888,NM,NEW MEXICO,0.0978825,4183269.868974427
2050,32,2638.7586057291114,126.4932765950097,NY,NEW YORK,0.0978825,258288.28922527973
2050,33,91049.29223628604,1252.1534622096742,NC,NORTH CAROLINA,0.0978825,8912132.34731827
2050,34,370316.7977610394,3148.60860534113,ND,NORTH DAKOTA,0.0978825,36247533.95684493
2050,35,69189.74654501268,895.0496060612948,OH,OHIO,0.0978825,6772465.366192204
2050,36,4299428.261477421,27480.777504649308,OK,OKLAHOMA,0.0978825,420838786.8040636
2050,37,3655592.098077884,19919.28674898713,OR,OREGON,0.0978825,357818493.54010844
2050,38,5861.246356100457,121.28433750537177,PA,PENNSYLVANIA,0.0978825,573713.446451003
2050,39,0.0,0.0,RI,RHODE ISLAND,0.0978825,0.0
2050,40,21635.72367033219,310.41926004068694,SC,SOUTH CAROLINA,0.0978825,2117758.7221612907
2050,41,83010.68651751897,1984.2458912517573,SD,SOUTH DAKOTA,0.0978825,8125293.5230510505
2050,42,8954.058564588118,164.63900531472257,TN,TENNESSEE,0.0978825,876445.6374482964
2050,43,1748808.446506032,13911.667918878882,TX,TEXAS,0.0978825,171177742.76512668
2050,44,27705.58823659947,3551.899308773256,UT,UTAH,0.0978825,2711892.2405689475
2050,45,226.64449732161788,9.916782235776608,VT,VERMONT,0.0978825,22184.53000908326
2050,46,7160.832797465602,123.38272522198544,VA,VIRGINIA,0.0978825,700920.2162979267
2050,47,1705568.8512038672,18202.879381684463,WA,WASHINGTON,0.0978825,166945343.07796252
2050,48,0.0,0.0,WV,WEST VIRGINIA,0.0978825,0.0
2050,49,4213.775131304853,33.58897116780422,WI,WISCONSIN,0.0978825,412454.84428994724
2050,50,223652.36092121617,2850.24026655754,WY,WYOMING,0.0978825,21891652.21787094
2051,0,44631.59997746467,310.4708029193328,AL,ALABAMA,0.0992614,4430195.098003112
2051,2,0.0,0.0,AZ,ARIZONA,0.0992614,0.0
2051,3,368639.7580468777,2790.0873605968623,AR,ARKANSAS,0.0992614,36591698.47939435
2051,4,15896.879774374996,847.3201254763535,CA,CALIFORNIA,0.0992614,1577946.5420361464
2051,5,1420634.2261486389,30115.30010769808,CO,COLORADO,0.0992614,141014142.1754305
2051,6,0.0,0.0,CT,CONNECTICUT,0.0992614,0.0
2051,7,1136.0641648319208,11.555768468921215,DE,DELAWARE,0.0992614,112767.31949104722
2051,8,0.0,0.0,DC,DISTRICT OF COLUMBIA,0.0992614,0.0
2051,9,7188.588385013109,32.65509731429244,FL,FLORIDA,0.0992614,713549.3471201401
2051,10,107114.39778397976,1119.1694071221457,GA,GEORGIA,0.0992614,10632325.08419473
2051,12,424656.2596673521,14391.359518109475,ID,IDAHO,0.0992614,42151974.8533449
2051,13,25929.675293188157,178.41470155260578,IL,ILLINOIS,0.0992614,2573815.8711472666
2051,14,6905.7382957645805,88.54628463137456,IN,INDIANA,0.0992614,685473.2512712063
2051,15,2389.895101852109,8.599873113266506,IA,IOWA,0.0992614,237224.3336629829
2051,16,15635469.528225085,75998.51672852792,KS,KANSAS,0.0992614,1551998595.0289614
2051,17,3585.28093588458,96.66966504677352,KY,KENTUCKY,0.0992614,355880.0050892136
2051,18,426291.6220216877,1603.4646825721647,LA,LOUISIANA,0.0992614,42314303.21014355
2051,19,0.0,0.0,ME,MAINE,0.0992614,0.0
2051,20,4725.08993236831,34.01628714045113,MD,MARYLAND,0.0992614,469019.0418127838
2051,21,0.0,0.0,MA,MASSACHUSETTS,0.0992614,0.0
2051,22,6432.11539135074,105.83028139793603,MI,MICHIGAN,0.0992614,638460.7787070223
2051,23,51300.21972008978,444.8878139551669,MN,MINNESOTA,0.0992614,5092131.629723719
2051,24,281289.3076185123,1223.4155611476513,MS,MISSISSIPPI,0.0992614,27921170.4792442
2051,25,87174.56378763169,1696.2079588745055,MO,MISSOURI,0.0992614,8653069.245949624
2051,26,2162737.9925722927,14467.365703206502,MT,MONTANA,0.0992614,214676400.97591537
2051,27,2594639.502462749,18011.217224374246,NE,NEBRASKA,0.0992614,257547549.5097559
2051,28,13434.50052208082,2110.5526602181426,NV,NEVADA,0.0992614,1333527.3301224732
2051,29,0.0,0.0,NH,NEW HAMPSHIRE,0.0992614,0.0
2051,30,1827.0731628060485,50.3681068816045,NJ,NEW JERSEY,0.0992614,181357.84004255632
2051,31,220607.799038902,3687.486284335765,NM,NEW MEXICO,0.0992614,21897838.98352007
2051,32,0.0,0.0,NY,NEW YORK,0.0992614,0.0
2051,33,256220.8357217484,1849.1866194182692,NC,NORTH CAROLINA,0.0992614,25432838.862910755
2051,34,0.0,0.0,ND,NORTH DAKOTA,0.0992614,0.0
2051,35,27860.341791423893,224.7552631123097,OH,OHIO,0.0992614,2765456.5306952433
2051,36,9535377.123235466,45339.13901445863,OK,OKLAHOMA,0.0992614,946494882.7803249
2051,37,3561448.6747278,19527.46640353857,OR,OREGON,0.0992614,353514381.48162603
2051,38,201.3846966533838,10.509870608413726,PA,PENNSYLVANIA,0.0992614,19989.726928390188
2051,39,0.0,0.0,RI,RHODE ISLAND,0.0992614,0.0
2051,40,140552.77845720493,1118.3882283455075,SC,SOUTH CAROLINA,0.0992614,13951465.563552001
2051,41,178498.82348682673,1742.7751530102053,SD,SOUTH DAKOTA,0.0992614,17718043.117655303
2051,42,44851.53158536821,570.7065945214792,TN,TENNESSEE,0.0992614,4452025.817307868
2051,43,6565827.778595031,36136.688336426174,TX,TEXAS,0.0992614,651733257.4622328
2051,44,23487.82700241307,2996.949120582154,UT,UTAH,0.0992614,2331434.5912173246
2051,45,0.0,0.0,VT,VERMONT,0.0992614,0.0
2051,46,25276.99310004985,192.2213656418184,VA,VIRGINIA,0.0992614,2509029.722901288
2051,47,1615939.2147552192,16253.590144186652,WA,WASHINGTON,0.0992614,160400388.77150372
2051,48,0.0,0.0,WV,WEST VIRGINIA,0.0992614,0.0
2051,49,3484.556290217932,10.929291222973845,WI,WISCONSIN,0.0992614,345881.9357458383
2051,50,331286.2649122623,4478.2973661781525,WY,WYOMING,0.0992614,32883938.455962036
2052,0,1281.366605125294,72.6689626428593,AL,ALABAMA,0.1006403,128957.11954979114
2052,2,0.0,0.0,AZ,ARIZONA,0.1006403,0.0
2052,3,1134089.0624960742,5127.28263588723,AR,ARKANSAS,0.1006403,114135063.47632366
2052,4,28532.88443833225,1557.639651506488,CA,CALIFORNIA,0.1006403,2871558.049739089
2052,5,1899433.1311500263,37793.5334910604,CO,COLORADO,0.1006403,191159520.148878
2052,6,0.0,0.0,CT,CONNECTICUT,0.1006403,0.0
2052,7,0.0,0.0,DE,DELAWARE,0.1006403,0.0
2052,8,0.0,0.0,DC,DISTRICT OF COLUMBIA,0.1006403,0.0
2052,9,0.0,0.0,FL,FLORIDA,0.1006403,0.0
2052,10,7963.294172321046,135.7461042070941,GA,GEORGIA,0.1006403,801428.3144906418
2052,12,567453.0393095434,18583.93078146009,ID,IDAHO,0.1006403,57108644.11202425
2052,13,914703.8156015472,3090.90375193891,IL,ILLINOIS,0.1006403,92056066.41328439
2052,14,134741.82441963296,876.9731024654027,IN,INDIANA,0.1006403,13560457.63213919
2052,15,5998.7286131557485,19.177091580748108,IA,IOWA,0.1006403,603713.8472465785
2052,16,19289813.39589198,86639.14775063057,KS,KANSAS,0.1006403,1941332607.1065876
2052,17,135182.66941741793,1705.6552759374094,KY,KENTUCKY,0.1006403,13604824.404969765
2052,18,125786.53903750364,1065.0454051840695,LA,LOUISIANA,0.1006403,12659195.024696076
2052,19,0.0,0.0,ME,MAINE,0.1006403,0.0
2052,20,334.99054756384623,7.0109323478710825,MD,MARYLAND,0.1006403,33713.54920398975
2052,21,0.0,0.0,MA,MASSACHUSETTS,0.1006403,0.0
2052,22,205285.0872687524,379.56777784577207,MI,MICHIGAN,0.1006403,20659952.768253423
2052,23,948707.951242266,5479.553280702933,MN,MINNESOTA,0.1006403,95478252.82540701
2052,24,183042.920495207,834.9632054076798,MS,MISSISSIPPI,0.1006403,18421494.431513783
2052,25,1849578.591309128,8976.944496671134,MO,MISSOURI,0.1006403,186142144.30292803
2052,26,10798540.597179305,71993.69639995531,MT,MONTANA,0.1006403,1086768365.2623043
2052,27,4781649.475224095,23388.78387680685,NE,NEBRASKA,0.1006403,481226637.68139553
2052,28,20569.7247513875,3231.4924713904966,NV,NEVADA,0.1006403,2070143.2698970635
2052,29,0.0,0.0,NH,NEW HAMPSHIRE,0.1006403,0.0
2052,30,25.228270849813573,4.911380608829926,NJ,NEW JERSEY,0.1006403,2538.980746806493
2052,31,206187.3349965872,3485.6318576131766,NM,NEW MEXICO,0.1006403,20750755.250257034
2052,32,16453.769827226657,210.2804975938701,NY,NEW YORK,0.1006403,1655912.331543039
2052,33,3570.596220784064,125.47496771204769,NC,NORTH CAROLINA,0.1006403,359345.87483857444
2052,34,4694852.635123699,28593.924729088907,ND,NORTH DAKOTA,0.1006403,472491377.65463966
2052,35,156736.0083736239,1032.7945076967324,OH,OHIO,0.1006403,15773958.903524019
2052,36,6530439.833658026,39525.55321774757,OK,OKLAHOMA,0.1006403,657225423.9912938
2052,37,4103583.071987092,21270.022384857035,OR,OREGON,0.1006403,412985831.4397026
2052,38,637.5101525417193,30.56056992444081,PA,PENNSYLVANIA,0.1006403,64159.2130048444
2052,39,0.0,0.0,RI,RHODE ISLAND,0.1006403,0.0
2052,40,623.0201716633258,72.95410611013618,SC,SOUTH CAROLINA,0.1006403,62700.936982248604
2052,41,4481858.646460438,25156.98805618643,SD,SOUTH DAKOTA,0.1006403,451055598.7373724
2052,42,190464.39136208032,1151.654469619153,TN,TENNESSEE,0.1006403,19168393.485997174
2052,43,4631453.629029824,28390.89419918581,TX,TEXAS,0.1006403,466110882.66165024
2052,44,34074.037548919485,4375.373044988843,UT,UTAH,0.1006403,3429221.3611345217
2052,45,894.474830141764,15.709460508212777,VT,VERMONT,0.1006403,90020.21524791616
2052,46,0.0,0.0,VA,VIRGINIA,0.1006403,0.0
2052,47,2012967.8728513643,22187.816537126288,WA,WASHINGTON,0.1006403,202585690.61412317
2052,48,0.0,0.0,WV,WEST VIRGINIA,0.1006403,0.0
2052,49,121906.79181861808,538.7960322922034,WI,WISCONSIN,0.1006403,12268736.100663269
2052,50,879718.6113676529,10893.138653618456,WY,WYOMING,0.1006403,88535144.963624
2053,0,0.0,0.0,AL,ALABAMA,0.1020191999999999,0.0
2053,2,0.0,0.0,AZ,ARIZONA,0.1020191999999999,0.0
2053,3,50499.34029218502,638.5745402468573,AR,ARKANSAS,0.1020191999999999,5151902.297136477
2053,4,32902.44162317574,1781.529240533529,CA,CALIFORNIA,0.1020191999999999,3356680.7724430873
2053,5,2084969.9061181012,38461.179549557855,CO,COLORADO,0.1020191999999999,212706961.84624356
2053,6,0.0,0.0,CT,CONNECTICUT,0.1020191999999999,0.0
2053,7,0.0,0.0,DE,DELAWARE,0.1020191999999999,0.0
2053,8,0.0,0.0,DC,DISTRICT OF COLUMBIA,0.1020191999999999,0.0
2053,9,0.0,0.0,FL,FLORIDA,0.1020191999999999,0.0
2053,10,0.0,0.0,GA,GEORGIA,0.1020191999999999,0.0
2053,12,618591.1847839868,19924.27928952913,ID,IDAHO,0.1020191999999999,63108177.798714444
2053,13,15771.441045855228,280.85460567485416,IL,ILLINOIS,0.1020191999999999,1608989.798345312
2053,14,16696.246305273442,197.0170520608877,IN,INDIANA,0.1020191999999999,1703337.6910669506
2053,15,1362.963688618953,10.725095410140202,IA,IOWA,0.1020191999999999,139048.46514195457
2053,16,16557506.690084264,75528.2904016441,KS,KANSAS,0.1020191999999999,1689183586.5170426
2053,17,1608.7398603041931,43.34410854141083,KY,KENTUCKY,0.1020191999999999,164122.35355634536
2053,18,29279.59363177893,302.4738133905702,LA,LOUISIANA,0.1020191999999999,2987080.7186391777
2053,19,0.0,0.0,ME,MAINE,0.1020191999999999,0.0
2053,20,0.0,0.0,MD,MARYLAND,0.1020191999999999,0.0
2053,21,0.0,0.0,MA,MASSACHUSETTS,0.1020191999999999,0.0
2053,22,21774.907119497333,112.88388947109232,MI,MICHIGAN,0.1020191999999999,2221458.60440542
2053,23,413094.7596338648,2502.571414840736,MN,MINNESOTA,0.1020191999999999,42143596.90203914
2053,24,1143.6604432338308,11.163499491570356,MS,MISSISSIPPI,0.1020191999999999,116675.32349036071
2053,25,247513.65723299043,2734.782660184942,MO,MISSOURI,0.1020191999999999,25251145.299983874
2053,26,7372504.576251231,61381.8271668581,MT,MONTANA,0.1020191999999999,752137018.8654888
2053,27,4871507.621943702,23448.49616244359,NE,NEBRASKA,0.1020191999999999,496987310.3845984
2053,28,22393.26739206177,3517.97001962317,NV,NEVADA,0.1020191999999999,2284543.2247242257
2053,29,0.0,0.0,NH,NEW HAMPSHIRE,0.1020191999999999,0.0
2053,30,127.65369772226856,21.243793826927668,NJ,NEW JERSEY,0.1020191999999999,13023.128118667648
2053,31,228195.01651139124,3994.83708101199,NM,NEW MEXICO,0.1020191999999999,23280273.028478898
2053,32,455.1445014982344,26.93134891710624,NY,NEW YORK,0.1020191999999999,46433.47792724863
2053,33,385.2185318395303,30.53331216034923,NC,NORTH CAROLINA,0.1020191999999999,39299.686443443374
2053,34,1624825.482103865,6988.918293508815,ND,NORTH DAKOTA,0.1020191999999999,165763395.82385045
2053,35,105516.33042907994,1389.6819652927588,OH,OHIO,0.1020191999999999,10764691.617310382
2053,36,9174416.270306176,40032.2274670513,OK,OKLAHOMA,0.1020191999999999,935966608.3636187
2053,37,4650734.882440597,24019.820983286278,OR,OREGON,0.1020191999999999,474464252.1186832
2053,38,3160.1856128649074,176.28777253866377,PA,PENNSYLVANIA,0.1020191999999999,322399.6080759872
2053,39,0.0,0.0,RI,RHODE ISLAND,0.1020191999999999,0.0
2053,40,2991.712031847607,88.33922858496655,SC,SOUTH CAROLINA,0.1020191999999999,305212.06811946706
2053,41,3468262.314553845,21110.824241055376,SD,SOUTH DAKOTA,0.1020191999999999,353829346.7209313
2053,42,2498.0630312372696,30.683003131250945,TN,TENNESSEE,0.1020191999999999,254850.391996401
2053,43,6354395.561767643,35538.27187876245,TX,TEXAS,0.1020191999999999,648270351.6950848
2053,44,33742.081912646,4304.827567064649,UT,UTAH,0.1020191999999999,3442340.2030626107
2053,45,0.0,0.0,VT,VERMONT,0.1020191999999999,0.0
2053,46,0.0,0.0,VA,VIRGINIA,0.1020191999999999,0.0
2053,47,2018619.7482376609,24052.48072192904,WA,WASHINGTON,0.1020191999999999,205937971.81940734
2053,48,0.0,0.0,WV,WEST VIRGINIA,0.1020191999999999,0.0
2053,49,1025.0213960163326,4.918596132876613,WI,WISCONSIN,0.1020191999999999,104571.86280446932
2053,50,797121.8277213948,9840.398995315658,WY,WYOMING,0.1020191999999999,81321731.16667444
2054,0,606.0054323040794,24.66980695441416,AL,ALABAMA,0.1033980999999999,62659.81028992037
2054,2,0.0,0.0,AZ,ARIZONA,0.1033980999999999,0.0
2054,3,2527.465095044831,37.59181735776527,AR,ARKANSAS,0.1033980999999999,261335.08864395466
2054,4,29048.40627664389,1549.9265726116328,CA,CALIFORNIA,0.1033980999999999,3003550.01703305
2054,5,1401924.9366177006,31134.81476665849,CO,COLORADO,0.1033980999999999,144956374.7888905
2054,6,0.0,0.0,CT,CONNECTICUT,0.1033980999999999,0.0
2054,7,1077.6035880575023,9.211337508067166,DE,DELAWARE,0.1033980999999999,111422.16355832832
2054,8,0.0,0.0,DC,DISTRICT OF COLUMBIA,0.1033980999999999,0.0
2054,9,0.0,0.0,FL,FLORIDA,0.1033980999999999,0.0
2054,10,0.0,0.0,GA,GEORGIA,0.1033980999999999,0.0
2054,12,544677.4807212465,18792.2748490167,ID,IDAHO,0.1033980999999999,56318616.61936346
2054,13,77438.91911059164,1272.401254315594,IL,ILLINOIS,0.1033980999999999,8007037.1020888565
2054,14,28468.23406549156,322.2894665885556,IN,INDIANA,0.1033980999999999,2943561.3127271
2054,15,2048.031496863265,14.782184723989667,IA,IOWA,0.1033980999999999,211762.56551581735
2054,16,8536450.689911189,61558.54724546906,KS,KANSAS,0.1033980999999999,882652782.0805051
2054,17,3290.428780327792,88.44518805469801,KY,KENTUCKY,0.1033980999999999,340224.08407121076
2054,18,5075.065422794323,170.49440712754537,LA,LOUISIANA,0.1033980999999999,524752.1220926292
2054,19,0.0,0.0,ME,MAINE,0.1033980999999999,0.0
2054,20,2919.730534412478,36.08018396630368,MD,MARYLAND,0.1033980999999999,301894.58977023454
2054,21,0.0,0.0,MA,MASSACHUSETTS,0.1033980999999999,0.0
2054,22,54925.76119725486,339.75432728066664,MI,MICHIGAN,0.1033980999999999,5679219.348849872
2054,23,37764.29372818489,495.46638490445736,MN,MINNESOTA,0.1033980999999999,3904756.2193362303
2054,24,719.7586250711748,22.185655884532537,MS,MISSISSIPPI,0.1033980999999999,74421.67429097177
2054,25,392321.842322137,4939.972676701531,MO,MISSOURI,0.1033980999999999,40565333.08460851
2054,26,10336000.052392086,72928.64561930283,MT,MONTANA,0.1033980999999999,1068722767.0172411
2054,27,1577774.0934251728,12883.732977959296,NE,NEBRASKA,0.1033980999999999,163138843.4893852
2054,28,24502.862163591853,3849.386200650307,NV,NEVADA,0.1033980999999999,2533549.3922772845
2054,29,0.0,0.0,NH,NEW HAMPSHIRE,0.1033980999999999,0.0
2054,30,2312.9554336667734,50.76231329748753,NJ,NEW JERSEY,0.1033980999999999,239155.1972258202
2054,31,43850.40630552074,1371.819493224484,NM,NEW MEXICO,0.1033980999999999,4534048.696218859
2054,32,0.0,0.0,NY,NEW YORK,0.1033980999999999,0.0
2054,33,30217.102571952622,233.95416463244845,NC,NORTH CAROLINA,0.1033980999999999,3124390.9934450113
2054,34,377830.1273315629,3904.7613291026,ND,NORTH DAKOTA,0.1033980999999999,39066917.288841635
2054,35,70674.6703633754,1124.1837633596492,OH,OHIO,0.1033980999999999,7307626.633699318
2054,36,5712455.868150432,44138.72127054137,OK,OKLAHOMA,0.1033980999999999,590657083.1006045
2054,37,4727838.324602932,24477.994871564853,OR,OREGON,0.1033980999999999,488849499.87112594
2054,38,171.79679478181808,4.401534194398593,PA,PENNSYLVANIA,0.1033980999999999,17763.462166529887
2054,39,0.0,0.0,RI,RHODE ISLAND,0.1033980999999999,0.0
2054,40,0.0,0.0,SC,SOUTH CAROLINA,0.1033980999999999,0.0
2054,41,1034194.1681167814,11057.328552420226,SD,SOUTH DAKOTA,0.1033980999999999,106933712.01435566
2054,42,2395.670704375015,38.54733943795698,TN,TENNESSEE,0.1033980999999999,247707.79905803796
2054,43,1388709.3048357936,13427.563361642162,TX,TEXAS,0.1033980999999999,143589903.5723417
2054,44,37012.66097549487,4717.066795635139,UT,UTAH,0.1033980999999999,3827038.820810313
2054,45,0.0,0.0,VT,VERMONT,0.1033980999999999,0.0
2054,46,5285.66019533134,75.30957086560488,VA,VIRGINIA,0.1033980999999999,546527.221442889
2054,47,3043525.224637064,31418.595644319063,WA,WASHINGTON,0.1033980999999999,314694725.5295453
2054,48,0.0,0.0,WV,WEST VIRGINIA,0.1033980999999999,0.0
2054,49,1014.7578366909516,5.763875986184934,WI,WISCONSIN,0.1033980999999999,104924.03227395458
2054,50,188133.1650322664,4237.483839217544,WY,WYOMING,0.1033980999999999,19452611.811322767
2055,0,1002.1388081819556,34.868481503833,AL,ALABAMA,0.104777,105001.09790488075
2055,2,0.0,0.0,AZ,ARIZONA,0.104777,0.0
2055,3,177.96281291478778,1.54343974092014,AR,ARKANSAS,0.104777,18646.409648772715
2055,4,26678.34224687052,1435.0345780148518,CA,CALIFORNIA,0.104777,2795276.6656003525
2055,5,180190.50443711903,4038.611939871305,CO,COLORADO,0.104777,18879820.48340802
2055,6,0.0,0.0,CT,CONNECTICUT,0.104777,0.0
2055,7,0.0,0.0,DE,DELAWARE,0.104777,0.0
2055,8,0.0,0.0,DC,DISTRICT OF COLUMBIA,0.104777,0.0
2055,9,0.0,0.0,FL,FLORIDA,0.104777,0.0
2055,10,0.0,0.0,GA,GEORGIA,0.104777,0.0
2055,12,460345.0162950722,17028.739491498916,ID,IDAHO,0.104777,48233569.77234878
2055,13,26831.22440715584,429.0739871493468,IL,ILLINOIS,0.104777,2811295.1997085675
2055,14,18664.47268367101,431.8520890463949,IN,INDIANA,0.104777,1955607.4543769972
2055,15,157.57885867890815,2.5377973425262805,IA,IOWA,0.104777,16510.640075799958
2055,16,2408170.4578562025,20553.009074319954,KS,KANSAS,0.104777,252320876.06279933
2055,17,202.73916799544972,14.30100611199804,KY,KENTUCKY,0.104777,21242.401805059235
2055,18,0.0,0.0,LA,LOUISIANA,0.104777,0.0
2055,19,0.0,0.0,ME,MAINE,0.104777,0.0
2055,20,1274.6767454089184,12.175302777335748,MD,MARYLAND,0.104777,133556.80535371022
2055,21,0.0,0.0,MA,MASSACHUSETTS,0.104777,0.0
2055,22,156674.07068059116,587.8633171247162,MI,MICHIGAN,0.104777,16415839.1037003
2055,23,210136.16364182145,2422.043103718325,MN,MINNESOTA,0.104777,22017436.817899123
2055,24,0.0,0.0,MS,MISSISSIPPI,0.104777,0.0
2055,25,12568.417819521708,801.539435390746,MO,MISSOURI,0.104777,1316881.113876026
2055,26,6217774.879039969,58370.61429158152,MT,MONTANA,0.104777,651479798.5011709
2055,27,569871.2771764135,7170.240343831203,NE,NEBRASKA,0.104777,59709402.80871306
2055,28,24999.81753408063,3948.146795005664,NV,NEVADA,0.104777,2619405.881768366
2055,29,0.0,0.0,NH,NEW HAMPSHIRE,0.104777,0.0
2055,30,118.4456480579878,2.538159340710503,NJ,NEW JERSEY,0.104777,12410.379666571787
2055,31,2447.045840190786,44.31096425286332,NM,NEW MEXICO,0.104777,256394.12199766998
2055,32,0.0,0.0,NY,NEW YORK,0.104777,0.0
2055,33,4896.309790467383,250.17896613061876,NC,NORTH CAROLINA,0.104777,513020.650915801
2055,34,1879178.687845391,9370.106825253944,ND,NORTH DAKOTA,0.104777,196894705.37637654
2055,35,223127.0147265665,3045.18494910102,OH,OHIO,0.104777,23378579.222005457
2055,36,211030.30016620547,1521.849329642765,OK,OKLAHOMA,0.104777,22111121.76051451
2055,37,4785338.103740684,25132.399562981256,OR,OREGON,0.104777,501393370.4956376
2055,38,4556.303767321857,212.4654458283198,PA,PENNSYLVANIA,0.104777,477395.83982868213
2055,39,0.0,0.0,RI,RHODE ISLAND,0.104777,0.0
2055,40,26.487144305807828,2.818175283109902,SC,SOUTH CAROLINA,0.104777,2775.2435189296266
2055,41,484912.2751779477,6988.28359228204,SD,SOUTH DAKOTA,0.104777,50807653.456319824
2055,42,3434.613947897294,55.45777089954712,TN,TENNESSEE,0.104777,359868.5456188348
2055,43,89472.96401880475,542.6728134620834,TX,TEXAS,0.104777,9374708.750998303
2055,44,30250.25117865426,3909.860796634489,UT,UTAH,0.104777,3169530.5677458574
2055,45,0.0,0.0,VT,VERMONT,0.104777,0.0
2055,46,860.0155864463445,10.211090807488484,VA,VIRGINIA,0.104777,90109.85310108864
2055,47,3567352.086708854,34276.04922497948,WA,WASHINGTON,0.104777,373776449.58909357
2055,48,157.09894866176154,5.576590196436924,WV,WEST VIRGINIA,0.104777,16460.356543933387
2055,49,7249.731995367811,37.139471289006025,WI,WISCONSIN,0.104777,759605.1692786531
2055,50,182929.04024606087,2618.793187434006,WY,WYOMING,0.104777,19166756.04986152
