Year,state_id,Production_Loss(ton),Area_Loss(km^2),State_Code,State_Name,Price,Financial_Loss($)
2021,0,6048.322270182311,84.21246810057018,AL,ALABAMA,0.0692027799999999,418560.71543252637
2021,2,4.447109519151538,16.08346742128832,AZ,ARIZONA,0.0692027799999999,307.7523416897492
2021,3,16330.154216618612,291.5195418121648,AR,ARKANSAS,0.0692027799999999,1130092.0696187285
2021,4,1278.8292802011824,53.95725442392553,CA,CALIFORNIA,0.0692027799999999,88498.54133532065
2021,5,448224.5035770551,8499.206736639608,CO,COLORADO,0.0692027799999999,31018381.71165211
2021,6,0.0,0.0,CT,CONNECTICUT,0.0692027799999999,0.0
2021,7,2003.6745206012847,25.110991016210665,DE,DELAWARE,0.0692027799999999,138659.84704077596
2021,8,0.0,0.0,DC,DISTRICT OF COLUMBIA,0.0692027799999999,0.0
2021,9,937.752791904598,7.011736771072311,FL,FLORIDA,0.0692027799999999,64895.10015255958
2021,10,8188.74420751076,135.1403256770297,GA,GEORGIA,0.0692027799999999,566683.8638686406
2021,12,81151.2535594551,2165.5143802619173,ID,IDAHO,0.0692027799999999,5615892.346799179
2021,13,134401.86113198864,1636.8611622422927,IL,ILLINOIS,0.0692027799999999,9300982.427507548
2021,14,88644.45622320853,1103.8326469070169,IN,INDIANA,0.0692027799999999,6134442.802234322
2021,15,655.6593772180648,3.940624196895072,IA,IOWA,0.0692027799999999,45373.45163655868
2021,16,2460155.393293701,15834.507866738912,KS,KANSAS,0.0692027799999999,170249592.44791722
2021,17,3533.1708713143958,212.16934525911017,KY,KENTUCKY,0.0692027799999999,244505.24650997805
2021,18,5189.672440340365,114.34820117035278,LA,LOUISIANA,0.0692027799999999,359139.76016093686
2021,19,0.0,0.0,ME,MAINE,0.0692027799999999,0.0
2021,20,9327.960511672063,162.58991274308897,MD,MARYLAND,0.0692027799999999,645520.7991379282
2021,21,0.0,0.0,MA,MASSACHUSETTS,0.0692027799999999,0.0
2021,22,4836.3734008751135,11.32015956361446,MI,MICHIGAN,0.0692027799999999,334690.4844586118
2021,23,1095281.1271726517,4858.079281845516,MN,MINNESOTA,0.0692027799999999,75796498.88188092
2021,24,5512.680376975362,77.37194798316966,MS,MISSISSIPPI,0.0692027799999999,381492.8073381425
2021,25,32274.323306108374,588.2218349412049,MO,MISSOURI,0.0692027799999999,2233472.895401487
2021,26,5604582.023595896,30990.0318250282,MT,MONTANA,0.0692027799999999,387852656.77086097
2021,27,667963.3327777733,4332.593021992645,NE,NEBRASKA,0.0692027799999999,46224919.56628696
2021,28,9163.965815904668,937.9216388697116,NV,NEVADA,0.0692027799999999,634171.9102855702
2021,29,0.0,0.0,NH,NEW HAMPSHIRE,0.0692027799999999,0.0
2021,30,2239.436830567741,27.78556881098873,NJ,NEW JERSEY,0.0692027799999999,154975.2543096764
2021,31,20700.77782122216,374.2083082851011,NM,NEW MEXICO,0.0692027799999999,1432551.3733909142
2021,32,0.0,0.0,NY,NEW YORK,0.0692027799999999,0.0
2021,33,34946.57143307052,886.3007570909522,NC,NORTH CAROLINA,0.0692027799999999,2418399.894637061
2021,34,9709306.349613937,35187.57809672793,ND,NORTH DAKOTA,0.0692027799999999,671910991.2649354
2021,35,108448.67860493796,1351.1013264784988,OH,OHIO,0.0692027799999999,7504950.046788217
2021,36,911947.7777390372,4752.580572438864,OK,OKLAHOMA,0.0692027799999999,63109321.43436339
2021,37,953937.2934112656,5787.4612574034,OR,OREGON,0.0692027799999999,66015112.64973516
2021,38,1470.020558892295,58.5033681780378,PA,PENNSYLVANIA,0.0692027799999999,101729.50933250038
2021,39,0.0,0.0,RI,RHODE ISLAND,0.0692027799999999,0.0
2021,40,16097.006916724104,461.175442620318,SC,SOUTH CAROLINA,0.0692027799999999,1113957.628316535
2021,41,2125082.65033136,14658.620143223208,SD,SOUTH DAKOTA,0.0692027799999999,147061627.1326978
2021,42,14666.143376749322,154.87272935128536,TN,TENNESSEE,0.0692027799999999,1014937.8935496389
2021,43,1161752.119992731,6220.299062214772,TX,TEXAS,0.0692027799999999,80396476.37439044
2021,44,15185.522668713093,1490.3195891989703,UT,UTAH,0.0692027799999999,1050880.3844279635
2021,45,0.0,0.0,VT,VERMONT,0.0692027799999999,0.0
2021,46,3250.3075659438177,100.60782740213143,VA,VIRGINIA,0.0692027799999999,224930.31941834517
2021,47,1490847.467832168,11795.016124246096,WA,WASHINGTON,0.0692027799999999,103170789.32994644
2021,48,545.4274412167204,19.447547817328328,WV,WEST VIRGINIA,0.0692027799999999,37745.09522048358
2021,49,49882.45578641445,159.37568054338792,WI,WISCONSIN,0.0692027799999999,3452004.613646961
2021,50,61026.68349136231,889.3219580200121,WY,WYOMING,0.0692027799999999,4223216.151782371
2022,0,3298.3958707912407,29.466443618904925,AL,ALABAMA,0.06803626,224410.51904807927
2022,2,5.410524605891182,19.567765501653792,AZ,ARIZONA,0.06803626,368.11185882281
2022,3,115086.10871756476,737.3632493735981,AR,ARKANSAS,0.06803626,7830028.415096503
2022,4,1804.486574524357,76.85601424331263,CA,CALIFORNIA,0.06803626,122770.51775084854
2022,5,163877.869486183,4454.692467603134,CO,COLORADO,0.06803626,11149637.336608013
2022,6,0.0,0.0,CT,CONNECTICUT,0.06803626,0.0
2022,7,77.82738208565118,12.956973565849026,DE,DELAWARE,0.06803626,5295.084002698705
2022,8,0.0,0.0,DC,DISTRICT OF COLUMBIA,0.06803626,0.0
2022,9,0.0,0.0,FL,FLORIDA,0.06803626,0.0
2022,10,0.0,0.0,GA,GEORGIA,0.06803626,0.0
2022,12,31505.54040038014,1163.6675897922064,ID,IDAHO,0.06803626,2143519.1381207677
2022,13,16075.257390958346,226.27498820884855,IL,ILLINOIS,0.06803626,1093700.3914181637
2022,14,36676.73835558717,437.61600402600175,IN,INDIANA,0.06803626,2495348.1067127013
2022,15,0.0,0.0,IA,IOWA,0.06803626,0.0
2022,16,562830.9456576309,3005.1487651222697,KS,KANSAS,0.06803626,38292912.554808445
2022,17,6357.188013201668,248.57763243158013,KY,KENTUCKY,0.06803626,432519.2965350721
2022,18,72001.48806784343,373.25087301072,LA,LOUISIANA,0.06803626,4898711.962570692
2022,19,0.0,0.0,ME,MAINE,0.06803626,0.0
2022,20,0.0,0.0,MD,MARYLAND,0.06803626,0.0
2022,21,0.0,0.0,MA,MASSACHUSETTS,0.06803626,0.0
2022,22,1291.5533438578357,2.6597038257532684,MI,MICHIGAN,0.06803626,87872.45910658111
2022,23,169848.79512866284,688.5103515840133,MN,MINNESOTA,0.06803626,11555876.786060438
2022,24,46524.45322789765,266.8149149954156,MS,MISSISSIPPI,0.06803626,3165349.7961710836
2022,25,210.3346526399293,5.872469269680933,MO,MISSOURI,0.06803626,14310.383114019916
2022,26,1166596.910683093,9013.698846040385,MT,MONTANA,0.06803626,79370890.73043168
2022,27,294832.1233273648,1924.645461411371,NE,NEBRASKA,0.06803626,20059274.99905266
2022,28,6022.001619710028,617.4377825971584,NV,NEVADA,0.06803626,409714.46791901253
2022,29,0.0,0.0,NH,NEW HAMPSHIRE,0.06803626,0.0
2022,30,7.891718959768969,0.294132466585536,NJ,NEW JERSEY,0.06803626,536.9230429937711
2022,31,10592.971240796887,437.4676322749099,NM,NEW MEXICO,0.06803626,720706.1455113796
2022,32,76.52557203405695,0.988006129569426,NY,NEW YORK,0.06803626,5206.513715557828
2022,33,7420.969774731926,96.0805433252042,NC,NORTH CAROLINA,0.06803626,504895.0290458027
2022,34,2714590.2655564863,10446.585535975662,ND,NORTH DAKOTA,0.06803626,184690569.10087013
2022,35,18636.42431738821,160.1725146408173,OH,OHIO,0.06803626,1267952.6103281467
2022,36,150189.14780152446,1107.4835874264968,OK,OKLAHOMA,0.06803626,10218307.909002947
2022,37,822458.6986210732,5383.36990931751,OR,OREGON,0.06803626,55957013.85864498
2022,38,177.78747294943952,5.61538023370926,PA,PENNSYLVANIA,0.06803626,12095.994734331034
2022,39,0.0,0.0,RI,RHODE ISLAND,0.06803626,0.0
2022,40,3235.536291986325,71.06460075301335,SC,SOUTH CAROLINA,0.06803626,220133.78840101755
2022,41,418321.6205379394,2302.606998329616,SD,SOUTH DAKOTA,0.06803626,28461038.538540587
2022,42,16492.66484206172,145.3232494560606,TN,TENNESSEE,0.06803626,1122099.2332873703
2022,43,338998.81853013736,3622.931756747036,TX,TEXAS,0.06803626,23064211.757209245
2022,44,9187.99880523592,928.114576641936,UT,UTAH,0.06803626,625117.0755927204
2022,45,0.0,0.0,VT,VERMONT,0.06803626,0.0
2022,46,76.10672682570062,2.013247104193288,VA,VIRGINIA,0.06803626,5178.017054062342
2022,47,1627515.099485988,14159.800365107918,WA,WASHINGTON,0.06803626,110730040.46255456
2022,48,50.07801868262265,2.581182095901967,WV,WEST VIRGINIA,0.06803626,3407.1210993757722
2022,49,1811.5369432830555,8.12018891187763,WI,WISCONSIN,0.06803626,123250.19847281121
2022,50,64437.51646904788,954.2445116380236,WY,WYOMING,0.06803626,4384087.624242423
2023,0,0.0,0.0,AL,ALABAMA,0.06686974,0.0
2023,2,2.6756764713751875,9.676882292181771,AZ,ARIZONA,0.06686974,178.92178996497623
2023,3,0.0,0.0,AR,ARKANSAS,0.06686974,0.0
2023,4,548.9698368593765,22.9551984401677,CA,CALIFORNIA,0.06686974,36709.47025862892
2023,5,101738.6974789762,2125.822482362771,CO,COLORADO,0.06686974,6803240.248357794
2023,6,0.0,0.0,CT,CONNECTICUT,0.06686974,0.0
2023,7,0.0,0.0,DE,DELAWARE,0.06686974,0.0
2023,8,0.0,0.0,DC,DISTRICT OF COLUMBIA,0.06686974,0.0
2023,9,0.0,0.0,FL,FLORIDA,0.06686974,0.0
2023,10,0.0,0.0,GA,GEORGIA,0.06686974,0.0
2023,12,8083.586846186096,267.99874334073274,ID,IDAHO,0.06686974,540547.3506718843
2023,13,357.55432331564657,2.728308771075849,IL,ILLINOIS,0.06686974,23909.56463599322
2023,14,4300.071592189397,48.054732556251736,IN,INDIANA,0.06686974,287544.66935109097
2023,15,0.0,0.0,IA,IOWA,0.06686974,0.0
2023,16,2496117.621685071,9758.171930909995,KS,KANSAS,0.06686974,166914736.37149906
2023,17,104.77794816706164,1.1813201098278352,KY,KENTUCKY,0.06686974,7006.474151664888
2023,18,0.0,0.0,LA,LOUISIANA,0.06686974,0.0
2023,19,0.0,0.0,ME,MAINE,0.06686974,0.0
2023,20,0.0,0.0,MD,MARYLAND,0.06686974,0.0
2023,21,0.0,0.0,MA,MASSACHUSETTS,0.06686974,0.0
2023,22,0.0,0.0,MI,MICHIGAN,0.06686974,0.0
2023,23,620652.2204224819,2335.110337472305,MN,MINNESOTA,0.06686974,41502852.61007405
2023,24,0.0,0.0,MS,MISSISSIPPI,0.06686974,0.0
2023,25,4487.835835432541,36.33537407067781,MO,MISSOURI,0.06686974,300100.41547805676
2023,26,2787727.228085353,20650.05376164706,MT,MONTANA,0.06686974,186414594.93298823
2023,27,65352.26242860661,747.6286118162965,NE,NEBRASKA,0.06686974,4370088.797012692
2023,28,3304.9411097746506,339.590140070083,NV,NEVADA,0.06686974,221000.55272594234
2023,29,0.0,0.0,NH,NEW HAMPSHIRE,0.06686974,0.0
2023,30,0.0,0.0,NJ,NEW JERSEY,0.06686974,0.0
2023,31,12812.465371737551,408.9297262732141,NM,NEW MEXICO,0.06686974,856766.2281670934
2023,32,0.0,0.0,NY,NEW YORK,0.06686974,0.0
2023,33,0.0,0.0,NC,NORTH CAROLINA,0.06686974,0.0
2023,34,2701626.0633420944,9769.256496655624,ND,NORTH DAKOTA,0.06686974,180657032.43290937
2023,35,33789.91516672785,273.1391156172879,OH,OHIO,0.06686974,2259522.8418211476
2023,36,823429.9538498872,3865.8986469216898,OK,OKLAHOMA,0.06686974,55062546.92215396
2023,37,743064.1036445432,5262.43611817162,OR,OREGON,0.06686974,49688503.41404365
2023,38,0.0,0.0,PA,PENNSYLVANIA,0.06686974,0.0
2023,39,0.0,0.0,RI,RHODE ISLAND,0.06686974,0.0
2023,40,0.0,0.0,SC,SOUTH CAROLINA,0.06686974,0.0
2023,41,637488.6018025938,3439.3057795896616,SD,SOUTH DAKOTA,0.06686974,42628697.05550298
2023,42,0.0,0.0,TN,TENNESSEE,0.06686974,0.0
2023,43,787825.7056124372,5825.542091937783,TX,TEXAS,0.06686974,52681700.099620216
2023,44,2744.8740041226824,298.99969165901496,UT,UTAH,0.06686974,183549.0109884427
2023,45,0.0,0.0,VT,VERMONT,0.06686974,0.0
2023,46,0.0,0.0,VA,VIRGINIA,0.06686974,0.0
2023,47,1872751.5623235167,15916.423478465516,WA,WASHINGTON,0.06686974,125230410.05716735
2023,48,0.0,0.0,WV,WEST VIRGINIA,0.06686974,0.0
2023,49,1086.9572691141898,2.7823205765064616,WI,WISCONSIN,0.06686974,72684.5499767759
2023,50,1781.5839144770432,44.414129341337656,WY,WYOMING,0.06686974,119134.05314926212
2024,0,2602.524908327902,18.430915889343748,AL,ALABAMA,0.06570322,170994.26660734796
2024,2,4.476899883535607,16.19120759565913,AZ,ARIZONA,0.06570322,294.1467379659144
2024,3,68472.96674228943,379.51065487986,AR,ARKANSAS,0.06570322,4498894.397921326
2024,4,5401.749655508769,242.50490038536665,CA,CALIFORNIA,0.06570322,354912.3460008169
2024,5,466528.81184190256,8193.125511050463,CO,COLORADO,0.06570322,30652445.16078713
2024,6,0.0,0.0,CT,CONNECTICUT,0.06570322,0.0
2024,7,0.0,0.0,DE,DELAWARE,0.06570322,0.0
2024,8,0.0,0.0,DC,DISTRICT OF COLUMBIA,0.06570322,0.0
2024,9,67.03368398541568,0.2982626653086051,FL,FLORIDA,0.06570322,4404.3288863042435
2024,10,0.0,0.0,GA,GEORGIA,0.06570322,0.0
2024,12,14324.972344809084,492.6690009121685,ID,IDAHO,0.06570322,941196.8094649073
2024,13,7544.394297466718,26.227678776045224,IL,ILLINOIS,0.06570322,495690.99829320126
2024,14,30666.70737933433,111.6707121479724,IN,INDIANA,0.06570322,2014901.4216200272
2024,15,0.0,0.0,IA,IOWA,0.06570322,0.0
2024,16,6088993.213931123,24086.111064007244,KS,KANSAS,0.06570322,400066460.71342367
2024,17,2399.221286449447,20.94184705559587,KY,KENTUCKY,0.06570322,157636.56401227103
2024,18,27271.053998717995,216.007934957022,LA,LOUISIANA,0.06570322,1791796.0605096482
2024,19,0.0,0.0,ME,MAINE,0.06570322,0.0
2024,20,0.0,0.0,MD,MARYLAND,0.06570322,0.0
2024,21,0.0,0.0,MA,MASSACHUSETTS,0.06570322,0.0
2024,22,0.0,0.0,MI,MICHIGAN,0.06570322,0.0
2024,23,468256.3805295013,1722.4737854600078,MN,MINNESOTA,0.06570322,30765951.986333545
2024,24,1669.4203096404058,8.027158872171098,MS,MISSISSIPPI,0.06570322,109686.28987677171
2024,25,2047.1864455194896,14.993434000698278,MO,MISSOURI,0.06570322,134506.74141098504
2024,26,6188352.297884178,34078.88670768675,MT,MONTANA,0.06570322,406594672.4653897
2024,27,239865.9115656063,1532.6444459654035,NE,NEBRASKA,0.06570322,15759962.758095577
2024,28,3915.254426117917,408.745009184425,NV,NEVADA,0.06570322,257244.82291519927
2024,29,0.0,0.0,NH,NEW HAMPSHIRE,0.06570322,0.0
2024,30,0.0,0.0,NJ,NEW JERSEY,0.06570322,0.0
2024,31,10410.551584681383,195.7662271696684,NM,NEW MEXICO,0.06570322,684006.7610896695
2024,32,0.0,0.0,NY,NEW YORK,0.06570322,0.0
2024,33,28200.234402251263,145.32087422938065,NC,NORTH CAROLINA,0.06570322,1852846.2049826833
2024,34,3091396.955144368,11730.472657234815,ND,NORTH DAKOTA,0.06570322,203114734.25118056
2024,35,46987.33421651832,248.81325048007147,OH,OHIO,0.06570322,3087219.157241431
2024,36,4388342.02504203,17837.383553353327,OK,OKLAHOMA,0.06570322,288328201.5065821
2024,37,573342.7313761185,3652.367958347363,OR,OREGON,0.06570322,37670463.61500602
2024,38,0.0,0.0,PA,PENNSYLVANIA,0.06570322,0.0
2024,39,0.0,0.0,RI,RHODE ISLAND,0.06570322,0.0
2024,40,18687.47112253675,90.67251176028672,SC,SOUTH CAROLINA,0.06570322,1227827.026407679
2024,41,166187.3081513459,940.3417245974211,SD,SOUTH DAKOTA,0.06570322,10919041.268675674
2024,42,2295.5819081566606,16.17165093133476,TN,TENNESSEE,0.06570322,150827.12313963685
2024,43,3386019.266458764,20943.485920479376,TX,TEXAS,0.06570322,222472368.7883788
2024,44,2745.8696351601534,272.3952849816303,UT,UTAH,0.06570322,180412.4767302473
2024,45,0.0,0.0,VT,VERMONT,0.06570322,0.0
2024,46,0.0,0.0,VA,VIRGINIA,0.06570322,0.0
2024,47,1011513.1364695316,7771.949769509556,WA,WASHINGTON,0.06570322,66459670.13834766
2024,48,0.0,0.0,WV,WEST VIRGINIA,0.06570322,0.0
2024,49,3062.991815561408,6.803860336430933,WI,WISCONSIN,0.06570322,201248.42511603064
2024,50,20225.74516115832,251.38599553254588,WY,WYOMING,0.06570322,1328896.5839875208
2025,0,2226.801213627084,44.95098457767428,AL,ALABAMA,0.0645367,143710.40188348704
2025,2,0.6411040957554222,2.318624444334373,AZ,ARIZONA,0.0645367,41.37474269653895
2025,3,90285.2886082722,450.6209381238221,AR,ARKANSAS,0.0645367,5826714.58532548
2025,4,3141.977785185488,137.971752218106,CA,CALIFORNIA,0.0645367,202772.8777291803
2025,5,552210.5020544935,9746.780826740543,CO,COLORADO,0.0645367,35637843.50794023
2025,6,0.0,0.0,CT,CONNECTICUT,0.0645367,0.0
2025,7,7472.098625596313,80.00588782943966,DE,DELAWARE,0.0645367,482224.58737052156
2025,8,0.0,0.0,DC,DISTRICT OF COLUMBIA,0.0645367,0.0
2025,9,440.54723796904926,6.9004011124299085,FL,FLORIDA,0.0645367,28431.464932637144
2025,10,63257.423998553,637.3452717939342,GA,GEORGIA,0.0645367,4082425.3953674156
2025,12,99161.60664341335,2958.4417945868868,ID,IDAHO,0.0645367,6399562.859463975
2025,13,3896.447522843876,14.983066736166572,IL,ILLINOIS,0.0645367,251463.8648475184
2025,14,2373.0573611127256,18.185419952911428,IN,INDIANA,0.0645367,153149.29099692364
2025,15,2.012025856319253,0.0292977343452537,IA,IOWA,0.0645367,129.84950908151873
2025,16,4218047.937408671,17055.84916869575,KS,KANSAS,0.0645367,272218894.3221622
2025,17,1505.0276159621494,20.46537567235992,KY,KENTUCKY,0.0645367,97129.51574306445
2025,18,92144.9214381866,510.8761798931545,LA,LOUISIANA,0.0645367,5946729.151379817
2025,19,0.0,0.0,ME,MAINE,0.0645367,0.0
2025,20,8209.058340651014,63.223172257118286,MD,MARYLAND,0.0645367,529785.5354130924
2025,21,0.0,0.0,MA,MASSACHUSETTS,0.0645367,0.0
2025,22,37093.99552870024,157.61178863871012,MI,MICHIGAN,0.0645367,2393924.061237069
2025,23,3088.361170336983,18.58018578772737,MN,MINNESOTA,0.0645367,199312.63834168675
2025,24,16040.939941368884,84.73733021464832,MS,MISSISSIPPI,0.0645367,1035229.3287141413
2025,25,713.8016299524044,7.763577507029969,MO,MISSOURI,0.0645367,46066.40165174934
2025,26,7221490.743214931,39375.04405638012,MT,MONTANA,0.0645367,466051181.6476391
2025,27,540216.370102363,3775.3462365989294,NE,NEBRASKA,0.0645367,34863781.81238518
2025,28,4758.547251748693,490.8488377563662,NV,NEVADA,0.0645367,307100.9364219299
2025,29,0.0,0.0,NH,NEW HAMPSHIRE,0.0645367,0.0
2025,30,867.6952262301787,10.867211244345562,NJ,NEW JERSEY,0.0645367,55998.18650664918
2025,31,7619.415000450396,144.60202261270013,NM,NEW MEXICO,0.0645367,491731.90005956707
2025,32,219.6077945483988,0.987907265670323,NY,NEW YORK,0.0645367,14172.762354431648
2025,33,23739.92393627821,409.7400554056209,NC,NORTH CAROLINA,0.0645367,1532096.349098406
2025,34,4226172.122694756,15875.453469132965,ND,NORTH DAKOTA,0.0645367,272743202.43071467
2025,35,23527.76447571604,167.50005160441577,OH,OHIO,0.0645367,1518404.2776399436
2025,36,400519.5236303312,1760.0138387535117,OK,OKLAHOMA,0.0645367,25848208.3406736
2025,37,1352618.2550295314,8172.755244946385,OR,OREGON,0.0645367,87293518.53936437
2025,38,80.8200478532454,4.296159960902264,PA,PENNSYLVANIA,0.0645367,5215.859182290543
2025,39,0.0,0.0,RI,RHODE ISLAND,0.0645367,0.0
2025,40,17463.492166170767,244.81690428933197,SC,SOUTH CAROLINA,0.0645367,1127036.154880513
2025,41,1438408.509864725,9029.383259442931,SD,SOUTH DAKOTA,0.0645367,92830138.4785868
2025,42,61118.545944340585,493.92056799669706,TN,TENNESSEE,0.0645367,3944389.264046125
2025,43,82743.5033676647,689.1867322786301,TX,TEXAS,0.0645367,5339992.653787966
2025,44,10773.442951360372,1093.3179821757146,UT,UTAH,0.0645367,695282.4557190589
2025,45,0.0,0.0,VT,VERMONT,0.0645367,0.0
2025,46,5413.750988422902,107.99056325209004,VA,VIRGINIA,0.0645367,349385.6234145523
2025,47,2259577.0337311686,17182.278481581026,WA,WASHINGTON,0.0645367,145825645.15279832
2025,48,0.0,0.0,WV,WEST VIRGINIA,0.0645367,0.0
2025,49,17367.6671769946,50.21235394613964,WI,WISCONSIN,0.0645367,1120851.9263015473
2025,50,85511.74015825945,1348.985250396663,WY,WYOMING,0.0645367,5518645.521071543
2026,0,926.7854183774743,34.98198923091437,AL,ALABAMA,0.06477892,60036.15847424094
2026,2,3.5996026684265017,13.018364400044218,AZ,ARIZONA,0.06477892,233.1783732897869
2026,3,45179.22026407771,506.411815786803,AR,ARKANSAS,0.06477892,2926661.095149069
2026,4,971.0137465941692,40.60298352404669,CA,CALIFORNIA,0.06477892,62901.22180952396
2026,5,79813.53541927318,2525.703615159564,CO,COLORADO,0.06477892,5170234.625842264
2026,6,0.0,0.0,CT,CONNECTICUT,0.06477892,0.0
2026,7,27216.21049607576,169.5374661228858,DE,DELAWARE,0.06477892,1763036.7224284522
2026,8,0.0,0.0,DC,DISTRICT OF COLUMBIA,0.06477892,0.0
2026,9,0.0,0.0,FL,FLORIDA,0.06477892,0.0
2026,10,9703.488533028483,90.53637798133838,GA,GEORGIA,0.06477892,628581.5074019695
2026,12,62399.01035087634,2006.795863248729,ID,IDAHO,0.06477892,4042140.4995985907
2026,13,7179.3638856669895,90.76197195751718,IL,ILLINOIS,0.06477892,465071.4388005111
2026,14,35070.01720682374,319.09592784754847,IN,INDIANA,0.06477892,2271797.8390394584
2026,15,0.0,0.0,IA,IOWA,0.06477892,0.0
2026,16,2754510.8865951765,22604.40716224508,KS,KANSAS,0.06477892,178434240.36187804
2026,17,27365.59522902243,886.0094853827516,KY,KENTUCKY,0.06477892,1772713.704093226
2026,18,2350.027016201627,57.53426143814758,LA,LOUISIANA,0.06477892,152232.2120803639
2026,19,0.0,0.0,ME,MAINE,0.06477892,0.0
2026,20,40770.03069792527,227.13013540450387,MD,MARYLAND,0.06477892,2641038.5569784455
2026,21,0.0,0.0,MA,MASSACHUSETTS,0.06477892,0.0
2026,22,31482.90656495277,89.2204212363114,MI,MICHIGAN,0.06477892,2039428.6857385503
2026,23,166423.8000148338,1574.715781643203,MN,MINNESOTA,0.06477892,10780754.02725692
2026,24,3171.745075260484,70.84464658948585,MS,MISSISSIPPI,0.06477892,205462.22049069288
2026,25,9489.810018332724,156.48700462793744,MO,MISSOURI,0.06477892,614739.6439927741
2026,26,3485692.4066997976,22261.853537326035,MT,MONTANA,0.06477892,225799389.55821368
2026,27,185794.557798654,1781.6374911488826,NE,NEBRASKA,0.06477892,12035570.796074383
2026,28,4417.6855639823925,459.72195073673794,NV,NEVADA,0.06477892,286172.8997343703
2026,29,0.0,0.0,NH,NEW HAMPSHIRE,0.06477892,0.0
2026,30,1870.9767956420296,15.233389525072932,NJ,NEW JERSEY,0.06477892,121199.8561667514
2026,31,0.0,0.0,NM,NEW MEXICO,0.06477892,0.0
2026,32,0.0,0.0,NY,NEW YORK,0.06477892,0.0
2026,33,60505.88586264086,838.4081460116711,NC,NORTH CAROLINA,0.06477892,3919505.9398251437
2026,34,716690.2055883829,6012.061525113844,ND,NORTH DAKOTA,0.06477892,46426417.492593415
2026,35,107340.69958322594,1111.0267289645888,OH,OHIO,0.06477892,6953414.591045827
2026,36,78352.14508574647,1334.223252085773,OK,OKLAHOMA,0.06477892,5075567.338337963
2026,37,1236216.166368902,7690.650972942751,OR,OREGON,0.06477892,80080748.1439178
2026,38,6275.585638649045,98.7376081032762,PA,PENNSYLVANIA,0.06477892,406525.6600391954
2026,39,0.0,0.0,RI,RHODE ISLAND,0.06477892,0.0
2026,40,14556.86420682003,153.58176323965418,SC,SOUTH CAROLINA,0.06477892,942977.9419044582
2026,41,2673.093172373098,68.55976495099321,SD,SOUTH DAKOTA,0.06477892,173160.0887657031
2026,42,33301.08999526405,358.18028440045555,TN,TENNESSEE,0.06477892,2157208.64471601
2026,43,26804.17959294797,819.7903175916778,TX,TEXAS,0.06477892,1736345.8055172092
2026,44,7562.985776170218,747.5130677260025,UT,UTAH,0.06477892,489922.0505556684
2026,45,0.0,0.0,VT,VERMONT,0.06477892,0.0
2026,46,14265.962106357283,122.9890752046458,VA,VIRGINIA,0.06477892,924133.61801075
2026,47,2431849.108677164,18694.474137709654,WA,WASHINGTON,0.06477892,157532558.86306933
2026,48,165.0338589337823,7.98417272560149,WV,WEST VIRGINIA,0.06477892,10690.71514516277
2026,49,3813.717862892067,13.607112490207218,WI,WISCONSIN,0.06477892,247048.5243428562
2026,50,18201.352848591287,226.64945997451684,WY,WYOMING,0.06477892,1179063.980070667
2027,0,0.0,0.0,AL,ALABAMA,0.06502114,0.0
2027,2,4.485488368709017,16.222268809890508,AZ,ARIZONA,0.06502114,291.65156719020064
2027,3,51293.94154172395,732.0246909303048,AR,ARKANSAS,0.06502114,3335190.5541362492
2027,4,1938.2254413076976,86.00497355605455,CA,CALIFORNIA,0.06502114,126025.6277708296
2027,5,356152.9917225157,7596.429901338289,CO,COLORADO,0.06502114,23157473.536208536
2027,6,0.0,0.0,CT,CONNECTICUT,0.06502114,0.0
2027,7,0.0,0.0,DE,DELAWARE,0.06502114,0.0
2027,8,0.0,0.0,DC,DISTRICT OF COLUMBIA,0.06502114,0.0
2027,9,0.0,0.0,FL,FLORIDA,0.06502114,0.0
2027,10,0.0,0.0,GA,GEORGIA,0.06502114,0.0
2027,12,136860.48025366798,4268.842905457541,ID,IDAHO,0.06502114,8898824.447040983
2027,13,272138.8737088785,1963.0490779631157,IL,ILLINOIS,0.06502114,17694779.80686731
2027,14,101578.38797184864,828.3323457250901,IN,INDIANA,0.06502114,6604742.585291887
2027,15,271.5353336734195,1.438275365825818,IA,IOWA,0.06502114,17655.536945726126
2027,16,619576.2621398394,3022.286984526314,KS,KANSAS,0.06502114,40285554.8812712
2027,17,17898.071118398697,526.6866109176979,KY,KENTUCKY,0.06502114,1163752.9879193583
2027,18,378.81052263900114,7.588854403485476,LA,LOUISIANA,0.06502114,24630.692025983666
2027,19,0.0,0.0,ME,MAINE,0.06502114,0.0
2027,20,279.54982152273664,3.2069525762222693,MD,MARYLAND,0.06502114,18176.648082204872
2027,21,0.0,0.0,MA,MASSACHUSETTS,0.06502114,0.0
2027,22,53547.52480428568,178.80892132388354,MI,MICHIGAN,0.06502114,3481721.1069529317
2027,23,1775491.7187660967,5278.275029735352,MN,MINNESOTA,0.06502114,115444495.61473101
2027,24,0.0,0.0,MS,MISSISSIPPI,0.06502114,0.0
2027,25,100887.03576547056,1020.6587709213492,MO,MISSOURI,0.06502114,6559790.076691669
2027,26,4378129.548503882,27676.40231193169,MT,MONTANA,0.06502114,284670974.31140774
2027,27,314119.8914723322,1894.245986475585,NE,NEBRASKA,0.06502114,20424433.440207317
2027,28,4546.297901645885,469.9229455419799,NV,NEVADA,0.06502114,295605.47234462335
2027,29,0.0,0.0,NH,NEW HAMPSHIRE,0.06502114,0.0
2027,30,138.61684659718145,4.313652880942085,NJ,NEW JERSEY,0.06502114,9013.02538895386
2027,31,825.0141731432877,76.55968581030388,NM,NEW MEXICO,0.06502114,53643.36205393396
2027,32,1577.522034306032,18.755504042448507,NY,NEW YORK,0.06502114,102572.28104569732
2027,33,23263.68009022441,146.77480867182894,NC,NORTH CAROLINA,0.06502114,1512631.0000616943
2027,34,5944268.253706449,22789.589805341697,ND,NORTH DAKOTA,0.06502114,386503098.32180256
2027,35,53776.081531925134,826.1805479937464,OH,OHIO,0.06502114,3496582.1259387187
2027,36,611801.2133619804,2477.106016011278,OK,OKLAHOMA,0.06502114,39780012.3461792
2027,37,1483591.539121151,9146.18721046752,OR,OREGON,0.06502114,96464813.16801184
2027,38,2024.8406121165388,54.06026682542501,PA,PENNSYLVANIA,0.06502114,131657.44491811516
2027,39,0.0,0.0,RI,RHODE ISLAND,0.06502114,0.0
2027,40,0.0,0.0,SC,SOUTH CAROLINA,0.06502114,0.0
2027,41,1225950.801157904,7769.894345231875,SD,SOUTH DAKOTA,0.06502114,79712718.67520025
2027,42,19197.371633816445,248.53956905669529,TN,TENNESSEE,0.06502114,1248234.9886344078
2027,43,711707.8932480771,4270.026684123029,TX,TEXAS,0.06502114,46276058.56598828
2027,44,16030.345259328536,1576.3994085817458,UT,UTAH,0.06502114,1042311.3233551371
2027,45,0.0,0.0,VT,VERMONT,0.06502114,0.0
2027,46,1338.6574595890008,13.84972686624485,VA,VIRGINIA,0.06502114,87041.03409198076
2027,47,2531784.063983898,19588.589543471106,WA,WASHINGTON,0.06502114,164619486.074066
2027,48,0.0,0.0,WV,WEST VIRGINIA,0.06502114,0.0
2027,49,18491.25700447432,87.53133550974826,WI,WISCONSIN,0.06502114,1202322.6104639054
2027,50,73029.34751970161,962.1466853873806,WY,WYOMING,0.06502114,4748451.429187172
2028,0,9017.33823996178,89.89692928694704,AL,ALABAMA,0.0652633599999999,588501.7917963911
2028,2,2.676211871409848,9.67881862610333,AZ,ARIZONA,0.0652633599999999,174.65857880009435
2028,3,618287.2110703759,2894.281176208361,AR,ARKANSAS,0.0652633599999999,40351500.83948187
2028,4,3445.130149340287,156.6409314841158,CA,CALIFORNIA,0.0652633599999999,224840.76918324854
2028,5,450035.1868807388,8277.663100232829,CO,COLORADO,0.0652633599999999,29370808.414064884
2028,6,0.0,0.0,CT,CONNECTICUT,0.0652633599999999,0.0
2028,7,8476.249410188555,90.86696087602616,DE,DELAWARE,0.0652633599999999,553188.5167069224
2028,8,0.0,0.0,DC,DISTRICT OF COLUMBIA,0.0652633599999999,0.0
2028,9,35.07997543597147,0.3982424515592488,FL,FLORIDA,0.0652633599999999,2289.4370656689593
2028,10,11155.753660512835,121.78989869277324,GA,GEORGIA,0.0652633599999999,728061.9672173657
2028,12,185188.3021951288,5061.904191868352,ID,IDAHO,0.0652633599999999,12086010.833949462
2028,13,739436.7621092901,2157.496677823867,IL,ILLINOIS,0.0652633599999999,48258127.602772884
2028,14,417266.37324162695,1409.9262523329485,IN,INDIANA,0.0652633599999999,27232205.532762624
2028,15,462.2961495291132,1.555549614481704,IA,IOWA,0.0652633599999999,30171.000033332297
2028,16,9197575.308396164,45555.13379305276,KS,KANSAS,0.0652633599999999,600264668.4789689
2028,17,162636.74197142723,1464.4275220698942,KY,KENTUCKY,0.0652633599999999,10614220.240508348
2028,18,42906.33654130949,240.1945616703952,LA,LOUISIANA,0.0652633599999999,2800211.687976632
2028,19,0.0,0.0,ME,MAINE,0.0652633599999999,0.0
2028,20,16295.02064129449,127.46678368603352,MD,MARYLAND,0.0652633599999999,1063467.7983202315
2028,21,0.0,0.0,MA,MASSACHUSETTS,0.0652633599999999,0.0
2028,22,96497.5958313706,184.6053715855988,MI,MICHIGAN,0.0652633599999999,6297757.335877229
2028,23,2470233.124357148,6590.897105272064,MN,MINNESOTA,0.0652633599999999,161215713.67884508
2028,24,17545.391253635167,81.40587628989442,MS,MISSISSIPPI,0.0652633599999999,1145071.1857268414
2028,25,349811.7160756604,2160.73526807729,MO,MISSOURI,0.0652633599999999,22829887.958463576
2028,26,8902289.249545157,48132.0127550706,MT,MONTANA,0.0652633599999999,580993308.1171944
2028,27,329104.91141825705,2350.9673680958945,NE,NEBRASKA,0.0652633599999999,21478492.311657786
2028,28,6950.7307667747245,725.304336377804,NV,NEVADA,0.0652633599999999,453628.04429509415
2028,29,0.0,0.0,NH,NEW HAMPSHIRE,0.0652633599999999,0.0
2028,30,6395.384558312037,64.78270785830665,NJ,NEW JERSEY,0.0652633599999999,417384.2847675588
2028,31,18902.730184907727,359.5523166905564,NM,NEW MEXICO,0.0652633599999999,1233655.6850404977
2028,32,2113.470033646654,12.201101989328096,NY,NEW YORK,0.0652633599999999,137932.15565509346
2028,33,446.9484342254134,14.08333206187688,NC,NORTH CAROLINA,0.0652633599999999,29169.35656428943
2028,34,11006193.472948294,38274.08373687165,ND,NORTH DAKOTA,0.0652633599999999,718301166.8546736
2028,35,628072.0750496385,2807.7123872183447,OH,OHIO,0.0652633599999999,40990093.93991151
2028,36,2510003.0422614277,13948.038408326513,OK,OKLAHOMA,0.0652633599999999,163811232.1482025
2028,37,1354486.9819693735,8556.388609534419,OR,OREGON,0.0652633599999999,88398371.51958059
2028,38,13887.432617787492,200.57730516459628,PA,PENNSYLVANIA,0.0652633599999999,906340.514410406
2028,39,0.0,0.0,RI,RHODE ISLAND,0.0652633599999999,0.0
2028,40,4559.415293067594,51.93711660480477,SC,SOUTH CAROLINA,0.0652633599999999,297562.7616609754
2028,41,2220706.8979571257,12072.812497455678,SD,SOUTH DAKOTA,0.0652633599999999,144930793.73585892
2028,42,154529.61529645493,870.6979963798717,TN,TENNESSEE,0.0652633599999999,10085121.91375403
2028,43,1990095.3057833372,14177.612470970807,TX,TEXAS,0.0652633599999999,129880306.3756478
2028,44,14606.004331912274,1430.6920492832205,UT,UTAH,0.0652633599999999,953236.9188751486
2028,45,0.0,0.0,VT,VERMONT,0.0652633599999999,0.0
2028,46,429.4794600871308,9.499372533497333,VA,VIRGINIA,0.0652633599999999,28029.272616272003
2028,47,2314038.209059435,18446.71955023493,WA,WASHINGTON,0.0652633599999999,151021908.69160092
2028,48,38.28259056755072,0.6119658173912561,WV,WEST VIRGINIA,0.0652633599999999,2498.450489942663
2028,49,71207.93331549084,163.0060109570723,WI,WISCONSIN,0.0652633599999999,4647268.9868248645
2028,50,68840.47162827123,774.6900639493864,WY,WYOMING,0.0652633599999999,4492760.482445645
2029,0,267.559538986347,7.40853561744361,AL,ALABAMA,0.06550558,17526.642785833268
2029,2,3.801724386960567,13.749360131356376,AZ,ARIZONA,0.06550558,249.03416096799634
2029,3,0.0,0.0,AR,ARKANSAS,0.06550558,0.0
2029,4,5026.641361449381,231.09010621024152,CA,CALIFORNIA,0.06550558,329273.05783373135
2029,5,292133.9814238933,7134.180843141562,CO,COLORADO,0.06550558,19136405.890881356
2029,6,0.0,0.0,CT,CONNECTICUT,0.06550558,0.0
2029,7,0.0,0.0,DE,DELAWARE,0.06550558,0.0
2029,8,0.0,0.0,DC,DISTRICT OF COLUMBIA,0.06550558,0.0
2029,9,75.8160777135397,3.962526840270548,FL,FLORIDA,0.06550558,4966.376143950491
2029,10,1353.1772944741565,63.66735545770167,GA,GEORGIA,0.06550558,88640.66351736042
2029,12,123240.88926494148,3553.3554741291223,ID,IDAHO,0.06550558,8072965.931015764
2029,13,59064.35469225775,244.58447084528987,IL,ILLINOIS,0.06550558,3869044.8114420655
2029,14,9368.224767414777,97.12118330258102,IN,INDIANA,0.06550558,613670.99695987
2029,15,547.1698852296865,1.5996234006068597,IA,IOWA,0.06550558,35842.68069050404
2029,16,1311338.922222887,23171.718539033867,KS,KANSAS,0.06550558,85900016.6767851
2029,17,0.0,0.0,KY,KENTUCKY,0.06550558,0.0
2029,18,226.79846540220123,13.06477605760379,LA,LOUISIANA,0.06550558,14856.565019281123
2029,19,0.0,0.0,ME,MAINE,0.06550558,0.0
2029,20,54.618539902024,0.5560416714084963,MD,MARYLAND,0.06550558,3577.819135035225
2029,21,0.0,0.0,MA,MASSACHUSETTS,0.06550558,0.0
2029,22,10953.921830614694,29.353565863500457,MI,MICHIGAN,0.06550558,717543.0027890772
2029,23,1333358.735109454,3846.262853603938,MN,MINNESOTA,0.06550558,87342437.29141113
2029,24,877.6603360961402,8.534975886313243,MS,MISSISSIPPI,0.06550558,57491.649358972594
2029,25,78494.15586652963,782.0634718751994,MO,MISSOURI,0.06550558,5141805.206647426
2029,26,5433498.119798564,30625.518838982334,MT,MONTANA,0.06550558,355924445.7663144
2029,27,729549.1914309163,5717.235673929466,NE,NEBRASKA,0.06550558,47789542.9232132
2029,28,4863.590024145679,527.7234150328729,NV,NEVADA,0.06550558,318592.2854138767
2029,29,0.0,0.0,NH,NEW HAMPSHIRE,0.06550558,0.0
2029,30,0.0,0.0,NJ,NEW JERSEY,0.06550558,0.0
2029,31,2158.271592579002,55.49908399910774,NM,NEW MEXICO,0.06550558,141378.83246941122
2029,32,0.0,0.0,NY,NEW YORK,0.06550558,0.0
2029,33,39.64340475446801,0.5937700687884879,NC,NORTH CAROLINA,0.06550558,2596.8642216161843
2029,34,10103114.836447552,33038.063404416826,ND,NORTH DAKOTA,0.06550558,661810397.1681019
2029,35,9335.800070200645,117.04279823562194,OH,OHIO,0.06550558,611546.9983625339
2029,36,228621.2127744065,3299.8822029792136,OK,OKLAHOMA,0.06550558,14975965.143090906
2029,37,1308629.9327752197,8259.966887588518,OR,OREGON,0.06550558,85722562.75180177
2029,38,0.0,0.0,PA,PENNSYLVANIA,0.06550558,0.0
2029,39,0.0,0.0,RI,RHODE ISLAND,0.06550558,0.0
2029,40,715.3254960011022,11.58520265770823,SC,SOUTH CAROLINA,0.06550558,46857.81150433988
2029,41,2851908.3293702425,12932.897753364696,SD,SOUTH DAKOTA,0.06550558,186815909.22222877
2029,42,0.0,0.0,TN,TENNESSEE,0.06550558,0.0
2029,43,67877.9959729194,1060.861872634218,TX,TEXAS,0.06550558,4446387.495443748
2029,44,17021.102102842862,1653.9296755219314,UT,UTAH,0.06550558,1114977.1654859413
2029,45,0.0,0.0,VT,VERMONT,0.06550558,0.0
2029,46,18.919740300193915,0.4478401790286145,VA,VIRGINIA,0.06550558,1239.3485618135765
2029,47,2460866.538023033,18722.876607721624,WA,WASHINGTON,0.06550558,161200489.87579083
2029,48,0.0,0.0,WV,WEST VIRGINIA,0.06550558,0.0
2029,49,47539.6382070055,164.29657678126864,WI,WISCONSIN,0.06550558,3114111.5737400544
2029,50,119882.76233557692,1368.4474937871105,WY,WYOMING,0.06550558,7852989.87879412
2030,0,594.7268989977538,5.475380078571545,AL,ALABAMA,0.0657478,39101.98520992451
2030,2,2.876960630359037,10.404848895994087,AZ,ARIZONA,0.0657478,189.15383213271986
2030,3,0.0,0.0,AR,ARKANSAS,0.0657478,0.0
2030,4,5497.514860745647,236.89661545670944,CA,CALIFORNIA,0.0657478,361449.5075613326
2030,5,888362.5996839183,16175.374861237118,CO,COLORADO,0.0657478,58407886.53149831
2030,6,0.0,0.0,CT,CONNECTICUT,0.0657478,0.0
2030,7,120.0536397666328,4.16260350183352,DE,DELAWARE,0.0657478,7893.26269664862
2030,8,0.0,0.0,DC,DISTRICT OF COLUMBIA,0.0657478,0.0
2030,9,481.5471572740664,2.4095853982562856,FL,FLORIDA,0.0657478,31660.66618702386
2030,10,12966.64729276955,101.72154446684564,GA,GEORGIA,0.0657478,852528.5328755538
2030,12,180738.24311531184,5101.154371195281,ID,IDAHO,0.0657478,11883141.860696899
2030,13,4860.807569214704,47.6297526466754,IL,ILLINOIS,0.0657478,319587.4038992145
2030,14,2351.052014476789,20.479283542752636,IN,INDIANA,0.0657478,154576.497637417
2030,15,125.14149278662718,1.6143019912140102,IA,IOWA,0.0657478,8227.777839436605
2030,16,8332777.647347181,34360.542961182226,KS,KANSAS,0.0657478,547861798.202253
2030,17,1317.6552509769742,74.73335653155979,KY,KENTUCKY,0.0657478,86632.9339101839
2030,18,34257.92043368731,371.9495360075763,LA,LOUISIANA,0.0657478,2252382.9010899863
2030,19,0.0,0.0,ME,MAINE,0.0657478,0.0
2030,20,75.51608276642325,1.1083739470249123,MD,MARYLAND,0.0657478,4965.016306510242
2030,21,0.0,0.0,MA,MASSACHUSETTS,0.0657478,0.0
2030,22,10133.33934742218,32.3324277449548,MI,MICHIGAN,0.0657478,666244.7687464439
2030,23,38668.80046367652,314.2619423511656,MN,MINNESOTA,0.0657478,2542388.5591257107
2030,24,1483.6886225553044,11.09443600520651,MS,MISSISSIPPI,0.0657478,97549.26281804164
2030,25,2882.0118555528898,44.74161796773513,MO,MISSOURI,0.0657478,189485.93907652027
2030,26,5672054.031525729,33775.411115485746,MT,MONTANA,0.0657478,372925074.0539473
2030,27,1063421.2757538948,6040.402687497956,NE,NEBRASKA,0.0657478,69917609.35401192
2030,28,4593.389296212182,474.7118543534467,NV,NEVADA,0.0657478,302005.2407694992
2030,29,0.0,0.0,NH,NEW HAMPSHIRE,0.0657478,0.0
2030,30,248.4839181889213,7.086781516874634,NJ,NEW JERSEY,0.0657478,16337.27095630156
2030,31,88556.64506687658,1457.1418030785867,NM,NEW MEXICO,0.0657478,5822404.588527988
2030,32,0.0,0.0,NY,NEW YORK,0.0657478,0.0
2030,33,14918.14232315392,125.14190329781734,NC,NORTH CAROLINA,0.0657478,980835.0378342591
2030,34,9097806.557667289,32588.762265003148,ND,NORTH DAKOTA,0.0657478,598160765.9921974
2030,35,28362.98784409771,253.58496884399293,OH,OHIO,0.0657478,1864804.0521761673
2030,36,1932435.5345153436,9857.470965899864,OK,OKLAHOMA,0.0657478,127053385.0362079
2030,37,1820853.3718914636,11154.005750464032,OR,OREGON,0.0657478,119717103.32444558
2030,38,270.830808483411,12.691101716182857,PA,PENNSYLVANIA,0.0657478,17806.529830005606
2030,39,0.0,0.0,RI,RHODE ISLAND,0.0657478,0.0
2030,40,33273.58958678904,218.21313723368863,SC,SOUTH CAROLINA,0.0657478,2187665.3134342884
2030,41,1651684.216651999,8952.679468130345,SD,SOUTH DAKOTA,0.0657478,108594603.5395923
2030,42,1780.4965396980765,19.524185335875533,TN,TENNESSEE,0.0657478,117063.73039276118
2030,43,2208821.377175753,12402.70417152088,TX,TEXAS,0.0657478,145225146.14227596
2030,44,15621.709312437586,1618.9595020104491,UT,UTAH,0.0657478,1027093.0195322839
2030,45,0.0,0.0,VT,VERMONT,0.0657478,0.0
2030,46,42.60737213255892,1.1408871823290625,VA,VIRGINIA,0.0657478,2801.3409814970573
2030,47,2419180.052751598,18623.556485188583,WA,WASHINGTON,0.0657478,159055766.2723015
2030,48,0.0,0.0,WV,WEST VIRGINIA,0.0657478,0.0
2030,49,948.6029876802598,17.824166987557412,WI,WISCONSIN,0.0657478,62368.55951340419
2030,50,67233.31812702719,874.9699448666728,WY,WYOMING,0.0657478,4420442.753552157
2031,0,7.741356598378142,0.2432746200197737,AL,ALABAMA,0.06521458,504.84931919345917
2031,2,2.877248346274646,10.405889452682732,AZ,ARIZONA,0.06521458,187.63854245799558
2031,3,245.62661699278945,3.5821095443425026,AR,ARKANSAS,0.06521458,16018.436664005625
2031,4,1007.1507025141824,48.64613076059324,CA,CALIFORNIA,0.06521458,65680.91006116735
2031,5,642048.6263955758,13441.222888738288,CO,COLORADO,0.06521458,41870931.509964384
2031,6,0.0,0.0,CT,CONNECTICUT,0.06521458,0.0
2031,7,36338.31470513499,221.4099542802261,DE,DELAWARE,0.06521458,2369787.931403202
2031,8,0.0,0.0,DC,DISTRICT OF COLUMBIA,0.06521458,0.0
2031,9,0.0,0.0,FL,FLORIDA,0.06521458,0.0
2031,10,0.0,0.0,GA,GEORGIA,0.06521458,0.0
2031,12,179061.7337465632,4961.03774402903,ID,IDAHO,0.06521458,11677435.760353943
2031,13,791.5174182680082,18.79464385898861,IL,ILLINOIS,0.06521458,51618.47599503247
2031,14,5041.465355527493,38.99044766522795,IN,INDIANA,0.06521458,328777.04574527603
2031,15,104.16442579410844,1.453136646924258,IA,IOWA,0.06521458,6793.039279103948
2031,16,4148355.052344824,31033.282039495207,KS,KANSAS,0.06521458,270533232.4295457
2031,17,9.90561289319594,0.1960529012840703,KY,KENTUCKY,0.06521458,645.990384472358
2031,18,0.0,0.0,LA,LOUISIANA,0.06521458,0.0
2031,19,0.0,0.0,ME,MAINE,0.06521458,0.0
2031,20,67091.4821681882,441.4189671806949,MD,MARYLAND,0.06521458,4375342.831175882
2031,21,0.0,0.0,MA,MASSACHUSETTS,0.06521458,0.0
2031,22,37031.2996735875,176.61802108735063,MI,MICHIGAN,0.06521458,2414980.655067146
2031,23,143452.90987041697,1141.0541540284344,MN,MINNESOTA,0.06521458,9355221.266977096
2031,24,0.0,0.0,MS,MISSISSIPPI,0.06521458,0.0
2031,25,4228.194489105068,75.35063617803786,MO,MISSOURI,0.06521458,275739.92776530155
2031,26,5421812.829478047,33731.64634515021,MT,MONTANA,0.06521458,353581246.51302236
2031,27,627181.7389655681,4886.643623571049,NE,NEBRASKA,0.06521458,40901393.69030916
2031,28,5073.036551671466,519.387379254495,NV,NEVADA,0.06521458,330835.948041903
2031,29,0.0,0.0,NH,NEW HAMPSHIRE,0.06521458,0.0
2031,30,19941.79778057268,119.76963308604056,NJ,NEW JERSEY,0.06521458,1300495.9667049793
2031,31,24973.69998809112,711.0896063751804,NM,NEW MEXICO,0.06521458,1628649.3557693674
2031,32,336.582142402918,2.117155973432162,NY,NEW YORK,0.06521458,21950.063052306486
2031,33,18812.56752216369,188.2601563055928,NC,NORTH CAROLINA,0.06521458,1226853.6896795456
2031,34,5872205.136393636,24575.83363202177,ND,NORTH DAKOTA,0.06521458,382953391.6437537
2031,35,65890.77028191846,307.5677594099861,OH,OHIO,0.06521458,4297038.909811794
2031,36,2011127.762208499,16060.043018975524,OK,OKLAHOMA,0.06521458,131154852.33876713
2031,37,1006526.8707452765,6815.069060177902,OR,OREGON,0.06521458,65640227.13436749
2031,38,19803.783307954556,288.3591461729068,PA,PENNSYLVANIA,0.06521458,1291495.410839267
2031,39,0.0,0.0,RI,RHODE ISLAND,0.06521458,0.0
2031,40,0.0,0.0,SC,SOUTH CAROLINA,0.06521458,0.0
2031,41,532632.9016613918,5460.790706618733,SD,SOUTH DAKOTA,0.06521458,34735430.97602897
2031,42,0.0,0.0,TN,TENNESSEE,0.06521458,0.0
2031,43,1124985.9513337242,12709.65138651609,TX,TEXAS,0.06521458,73365486.32212926
2031,44,16131.854038991158,1574.576400252643,UT,UTAH,0.06521458,1052032.0857741118
2031,45,0.0,0.0,VT,VERMONT,0.06521458,0.0
2031,46,22060.294579147187,207.3642515157785,VA,VIRGINIA,0.06521458,1438652.8456553603
2031,47,1672211.3422334665,14014.76569022076,WA,WASHINGTON,0.06521458,109052560.35499176
2031,48,799.8644340190351,16.106657581509097,WV,WEST VIRGINIA,0.06521458,52162.82312148908
2031,49,13273.363037612686,57.97158349298563,WI,WISCONSIN,0.06521458,865616.7956854354
2031,50,77755.56926622582,954.6431860417488,WY,WYOMING,0.06521458,5070796.792357826
2032,0,144.04601469372884,12.73137764042465,AL,ALABAMA,0.06468136,9317.092132970363
2032,2,0.0,0.0,AZ,ARIZONA,0.06468136,0.0
2032,3,5268.43922888917,119.99631357447028,AR,ARKANSAS,0.06468136,340769.8144019028
2032,4,990.2567986731472,42.93861535532963,CA,CALIFORNIA,0.06468136,64051.156487425345
2032,5,362829.67852440063,8944.011382813096,CO,COLORADO,0.06468136,23468317.055321027
2032,6,0.0,0.0,CT,CONNECTICUT,0.06468136,0.0
2032,7,15365.900961911058,159.3260028900166,DE,DELAWARE,0.06468136,993887.3718417153
2032,8,0.0,0.0,DC,DISTRICT OF COLUMBIA,0.06468136,0.0
2032,9,0.0,0.0,FL,FLORIDA,0.06468136,0.0
2032,10,0.0,0.0,GA,GEORGIA,0.06468136,0.0
2032,12,172072.28117278698,5058.500830282384,ID,IDAHO,0.06468136,11129869.164558256
2032,13,88552.68179922458,614.8244606568494,IL,ILLINOIS,0.06468136,5727707.8904210925
2032,14,50168.84666653488,383.6757214351137,IN,INDIANA,0.06468136,3244989.2320229425
2032,15,709.8991329960506,1.6729977139551475,IA,IOWA,0.06468136,45917.24138500542
2032,16,2226064.1575426403,17292.649436811073,KS,KANSAS,0.06468136,143984857.1571122
2032,17,9541.942563105637,600.616847892844,KY,KENTUCKY,0.06468136,617185.8220235584
2032,18,0.0,0.0,LA,LOUISIANA,0.06468136,0.0
2032,19,0.0,0.0,ME,MAINE,0.06468136,0.0
2032,20,15149.284950647958,115.91505676197217,MD,MARYLAND,0.06468136,979876.3536354427
2032,21,0.0,0.0,MA,MASSACHUSETTS,0.06468136,0.0
2032,22,23580.34253773777,115.4485408669578,MI,MICHIGAN,0.06468136,1525208.6246067302
2032,23,200537.95723398076,1458.001774450674,MN,MINNESOTA,0.06468136,12971067.805515714
2032,24,2498.756616098688,40.7693769487674,MS,MISSISSIPPI,0.06468136,161622.976238261
2032,25,133630.02321467214,850.5536995616568,MO,MISSOURI,0.06468136,8643371.638356565
2032,26,2312459.839877631,29231.265697918265,MT,MONTANA,0.06468136,149573047.3886674
2032,27,629777.6768187721,6441.055895426451,NE,NEBRASKA,0.06468136,40734876.63427865
2032,28,7758.413212321877,819.0326849348565,NV,NEVADA,0.06468136,501824.71801494766
2032,29,0.0,0.0,NH,NEW HAMPSHIRE,0.06468136,0.0
2032,30,13804.452533600102,93.74402264465044,NJ,NEW JERSEY,0.06468136,892890.7639287002
2032,31,5289.979408729419,91.88938764735644,NM,NEW MEXICO,0.06468136,342163.06252861465
2032,32,0.0,0.0,NY,NEW YORK,0.06468136,0.0
2032,33,146.5603737889695,12.122938334136649,NC,NORTH CAROLINA,0.06468136,9479.7242987789
2032,34,2764056.0614437247,18889.895949963964,ND,NORTH DAKOTA,0.06468136,178782905.17042366
2032,35,119863.84869327222,769.7040490507878,OH,OHIO,0.06468136,7752956.748315069
2032,36,453507.914508344,4285.306501153069,OK,OKLAHOMA,0.06468136,29333508.68116342
2032,37,1939350.80023468,12213.423974902216,OR,OREGON,0.06468136,125439847.27626742
2032,38,1648.3773353323977,72.79020250550525,PA,PENNSYLVANIA,0.06468136,106619.28784247552
2032,39,0.0,0.0,RI,RHODE ISLAND,0.06468136,0.0
2032,40,30.3054985364321,1.0914778160101508,SC,SOUTH CAROLINA,0.06468136,1960.2008608144376
2032,41,1285142.744133933,10672.986480477664,SD,SOUTH DAKOTA,0.06468136,83124780.4847148
2032,42,10477.543408296517,184.89305225054736,TN,TENNESSEE,0.06468136,677701.7571076539
2032,43,173761.89456881292,2440.5539195641536,TX,TEXAS,0.06468136,11239155.65688743
2032,44,14376.784248068385,1514.9842742637068,UT,UTAH,0.06468136,929909.9575916404
2032,45,0.0,0.0,VT,VERMONT,0.06468136,0.0
2032,46,79.33703142650958,8.95976734917699,VA,VIRGINIA,0.06468136,5131.627091029379
2032,47,2757661.8569954145,22000.66974726297,WA,WASHINGTON,0.06468136,178369319.33058888
2032,48,0.0,0.0,WV,WEST VIRGINIA,0.06468136,0.0
2032,49,22995.429017397557,133.36922433078536,WI,WISCONSIN,0.06468136,1487375.6226287375
2032,50,86997.91422537544,1776.4461626434927,WY,WYOMING,0.06468136,5627143.40926063
2033,0,836.7838500645378,4.665078225986148,AL,ALABAMA,0.06414814,53678.12756367898
2033,2,0.0,0.0,AZ,ARIZONA,0.06414814,0.0
2033,3,8985.774812716278,94.33559139401734,AR,ARKANSAS,0.06414814,576420.7406945976
2033,4,544.565210867665,26.687196143381904,CA,CALIFORNIA,0.06414814,34932.8453858685
2033,5,350101.2145113401,8380.674200194062,CO,COLORADO,0.06414814,22458341.722643476
2033,6,0.0,0.0,CT,CONNECTICUT,0.06414814,0.0
2033,7,22735.82815385388,173.98817765748993,DE,DELAWARE,0.06414814,1458461.0874293603
2033,8,0.0,0.0,DC,DISTRICT OF COLUMBIA,0.06414814,0.0
2033,9,0.0,0.0,FL,FLORIDA,0.06414814,0.0
2033,10,0.0,0.0,GA,GEORGIA,0.06414814,0.0
2033,12,39623.550837749215,1314.4163297431428,ID,IDAHO,0.06414814,2541777.086437054
2033,13,8558.942885591025,95.19607532406911,IL,ILLINOIS,0.06414814,549040.266476897
2033,14,17440.38068006122,228.11534389905407,IN,INDIANA,0.06414814,1118767.9815178623
2033,15,0.0,0.0,IA,IOWA,0.06414814,0.0
2033,16,3133403.4282482285,12742.17853950935,KS,KANSAS,0.06414814,201002001.79174733
2033,17,10447.149677212195,373.61866307030783,KY,KENTUCKY,0.06414814,670165.2200947627
2033,18,0.0,0.0,LA,LOUISIANA,0.06414814,0.0
2033,19,0.0,0.0,ME,MAINE,0.06414814,0.0
2033,20,18989.379854805786,139.47365515501957,MD,MARYLAND,0.06414814,1218133.3974392614
2033,21,0.0,0.0,MA,MASSACHUSETTS,0.06414814,0.0
2033,22,1589.4525380629957,5.687238469880177,MI,MICHIGAN,0.06414814,101960.42393502039
2033,23,271317.30035294493,2281.0487678333143,MN,MINNESOTA,0.06414814,17404500.167462762
2033,24,0.0,0.0,MS,MISSISSIPPI,0.06414814,0.0
2033,25,1419.6643777891563,12.296348160487602,MO,MISSOURI,0.06414814,91068.8292594317
2033,26,551978.5087785781,6337.077586187264,MT,MONTANA,0.06414814,35408394.65811946
2033,27,601635.1762209432,4330.367130037356,NE,NEBRASKA,0.06414814,38593777.51314574
2033,28,2908.271774504208,308.32898500073964,NV,NEVADA,0.06414814,186560.22494894438
2033,29,0.0,0.0,NH,NEW HAMPSHIRE,0.06414814,0.0
2033,30,19142.9816098302,125.7523681177188,NJ,NEW JERSEY,0.06414814,1227986.6643248133
2033,31,26522.36309431496,550.6457316308376,NM,NEW MEXICO,0.06414814,1701360.2609049494
2033,32,564.3308531735382,2.329104272191968,NY,NEW YORK,0.06414814,36200.77457569558
2033,33,11809.32085477313,100.7059624292165,NC,NORTH CAROLINA,0.06414814,757545.9674969065
2033,34,439702.0999048284,6291.061298642584,ND,NORTH DAKOTA,0.06414814,28206071.862988923
2033,35,78221.0698832602,738.8312105566249,OH,OHIO,0.06414814,5017736.14182116
2033,36,420391.79801318,2719.698610423283,OK,OKLAHOMA,0.06414814,26967351.913801197
2033,37,890620.9148511656,6131.838136509599,OR,OREGON,0.06414814,57131675.13280066
2033,38,11598.47197078008,172.2946273535543,PA,PENNSYLVANIA,0.06414814,744020.4037676766
2033,39,0.0,0.0,RI,RHODE ISLAND,0.06414814,0.0
2033,40,0.0,0.0,SC,SOUTH CAROLINA,0.06414814,0.0
2033,41,36301.23027399349,374.5174384402462,SD,SOUTH DAKOTA,0.06414814,2328656.401788373
2033,42,15396.55695606266,165.31843122273156,TN,TENNESSEE,0.06414814,987660.4911354815
2033,43,1195232.0581493694,8994.531402932313,TX,TEXAS,0.06414814,76671913.3986539
2033,44,8700.511272522097,887.6748074419,UT,UTAH,0.06414814,558121.6151813257
2033,45,0.0,0.0,VT,VERMONT,0.06414814,0.0
2033,46,3666.588710986391,40.8959091946698,VA,VIRGINIA,0.06414814,235204.8459547746
2033,47,2087175.553666222,17159.04174480118,WA,WASHINGTON,0.06414814,133888429.62115833
2033,48,0.0,0.0,WV,WEST VIRGINIA,0.06414814,0.0
2033,49,890.083512869453,5.722422921503908,WI,WISCONSIN,0.06414814,57097.201795241475
2033,50,44707.11502356528,673.0025219859124,WY,WYOMING,0.06414814,2867878.2735277694
2034,0,3.698999774606565,0.5150811866613341,AL,ALABAMA,0.06361492,235.31157474161466
2034,2,1.7517158946549771,6.33527584641349,AZ,ARIZONA,0.06361492,111.43526650120481
2034,3,5089.365511208149,73.86995615647191,AR,ARKANSAS,0.06361492,323759.5798462655
2034,4,5842.618362962845,264.2926174607017,CA,CALIFORNIA,0.06361492,371677.6997504124
2034,5,1111112.7408219045,20000.66146566935,CO,COLORADO,0.06361492,70683348.1183662
2034,6,0.0,0.0,CT,CONNECTICUT,0.06361492,0.0
2034,7,36433.80910138642,209.47435545527395,DE,DELAWARE,0.06361492,2317733.8512799693
2034,8,0.0,0.0,DC,DISTRICT OF COLUMBIA,0.06361492,0.0
2034,9,0.0,0.0,FL,FLORIDA,0.06361492,0.0
2034,10,79.91315626293004,4.124713748176867,GA,GEORGIA,0.06361492,5083.669042613794
2034,12,225993.06421722937,6252.037141791167,ID,IDAHO,0.06361492,14376530.70073391
2034,13,12515.315500220757,122.85597939563378,IL,ILLINOIS,0.06361492,796160.7943213035
2034,14,9525.396545527969,38.58490645021607,IN,INDIANA,0.06361492,605957.3392120381
2034,15,4.820863874545869,0.0586013308326201,IA,IOWA,0.06361492,306.67886971012547
2034,16,13234675.957387954,60182.75620242098,KS,KANSAS,0.06361492,841922852.2551582
2034,17,165.37571913473514,2.0208528221491737,KY,KENTUCKY,0.06361492,10520.363142698647
2034,18,0.0,0.0,LA,LOUISIANA,0.06361492,0.0
2034,19,0.0,0.0,ME,MAINE,0.06361492,0.0
2034,20,42349.05593909735,224.4518775368262,MD,MARYLAND,0.06361492,2694031.805641203
2034,21,0.0,0.0,MA,MASSACHUSETTS,0.06361492,0.0
2034,22,2311.919948029844,5.687238903416901,MI,MICHIGAN,0.06361492,147072.6025403227
2034,23,320624.052865351,2916.2033605161573,MN,MINNESOTA,0.06361492,20396473.473105077
2034,24,0.0,0.0,MS,MISSISSIPPI,0.06361492,0.0
2034,25,52855.00017679732,450.42329967636,MO,MISSOURI,0.06361492,3362366.607846948
2034,26,8195827.090266783,50197.25616522088,MT,MONTANA,0.06361492,521376884.6811542
2034,27,1706031.514768341,10661.049633536188,NE,NEBRASKA,0.06361492,108529058.32946685
2034,28,9288.25040242259,950.6420271180854,NV,NEVADA,0.06361492,590871.3062900808
2034,29,0.0,0.0,NH,NEW HAMPSHIRE,0.06361492,0.0
2034,30,6379.805717269601,47.36107003122963,NJ,NEW JERSEY,0.06361492,405850.83031964826
2034,31,66670.96168731242,1094.214530193418,NM,NEW MEXICO,0.06361492,4241267.894061444
2034,32,0.0,0.0,NY,NEW YORK,0.06361492,0.0
2034,33,38275.89189001443,305.35910979677,NC,NORTH CAROLINA,0.06361492,2434917.8005119166
2034,34,5690480.302345721,26286.096520270403,ND,NORTH DAKOTA,0.06361492,361999449.1952989
2034,35,22488.97217171025,317.89567386350325,OH,OHIO,0.06361492,1430634.1655855742
2034,36,5631381.568682387,28095.637457992103,OK,OKLAHOMA,0.06361492,358239887.98120457
2034,37,1963932.6666040372,11690.609773924709,OR,OREGON,0.06361492,124935419.4714025
2034,38,1361.2945060079378,26.7405861008216,PA,PENNSYLVANIA,0.06361492,86598.64109613448
2034,39,0.0,0.0,RI,RHODE ISLAND,0.06361492,0.0
2034,40,2210.2416740757635,45.409277829970726,SC,SOUTH CAROLINA,0.06361492,140604.3472769958
2034,41,629137.3639886568,7989.003501595133,SD,SOUTH DAKOTA,0.06361492,40022523.07914928
2034,42,3127.389251530149,33.076346560129416,TN,TENNESSEE,0.06361492,198948.6170449503
2034,43,2241187.075997013,13728.722533975262,TX,TEXAS,0.06361492,142572936.54458392
2034,44,20324.347867752556,1987.4810436649984,UT,UTAH,0.06361492,1292931.7636592495
2034,45,0.0,0.0,VT,VERMONT,0.06361492,0.0
2034,46,10603.903822690616,123.2860676891112,VA,VIRGINIA,0.06361492,674566.4933681578
2034,47,2883697.952414741,21786.585015671488,WA,WASHINGTON,0.06361492,183446214.5470276
2034,48,138.42088688118142,1.8716916307572016,WV,WEST VIRGINIA,0.06361492,8805.633645275406
2034,49,3552.054074777212,25.626557400974924,WI,WISCONSIN,0.06361492,225963.63580262638
2034,50,269904.3598966942,3401.200367120301,WY,WYOMING,0.06361492,17169944.26247941
2035,0,1.5866088131304843,0.3191663031086243,AL,ALABAMA,0.0630817,100.08598116725328
2035,2,1.880461162953409,6.80089746409695,AZ,ARIZONA,0.0630817,118.62268694307807
2035,3,19319.806510809227,234.77909848031356,AR,ARKANSAS,0.0630817,1218726.2383729145
2035,4,3786.250531335656,167.6259291389035,CA,CALIFORNIA,0.0630817,238843.12014255646
2035,5,101660.62321286736,1956.27549089127,CO,COLORADO,0.0630817,6412924.935327136
2035,6,0.0,0.0,CT,CONNECTICUT,0.0630817,0.0
2035,7,17589.861634653014,182.48616684447103,DE,DELAWARE,0.0630817,1109598.3746786912
2035,8,0.0,0.0,DC,DISTRICT OF COLUMBIA,0.0630817,0.0
2035,9,0.0,0.0,FL,FLORIDA,0.0630817,0.0
2035,10,61.107597940498906,2.829346156428624,GA,GEORGIA,0.0630817,3854.77116100317
2035,12,40439.772910100495,1551.4481216532167,ID,IDAHO,0.0630817,2551009.6227830867
2035,13,696.8083054940154,10.726423719359456,IL,ILLINOIS,0.0630817,43955.85248468183
2035,14,7039.960467690501,73.97462337424751,IN,INDIANA,0.0630817,444092.6742347119
2035,15,0.0,0.0,IA,IOWA,0.0630817,0.0
2035,16,1452062.8373282214,8758.294871514792,KS,KANSAS,0.0630817,91598592.28548767
2035,17,7172.675074666352,226.6289837485372,KY,KENTUCKY,0.0630817,452464.53725758044
2035,18,9156.004685568729,154.42748793363734,LA,LOUISIANA,0.0630817,577576.340773641
2035,19,0.0,0.0,ME,MAINE,0.0630817,0.0
2035,20,33854.21174482117,284.5894293975109,MD,MARYLAND,0.0630817,2135581.2290232857
2035,21,0.0,0.0,MA,MASSACHUSETTS,0.0630817,0.0
2035,22,1467.540291192543,8.696890833423033,MI,MICHIGAN,0.0630817,92574.93638692064
2035,23,447318.5324849484,2790.716564520176,MN,MINNESOTA,0.0630817,28217613.470655773
2035,24,6123.285818694197,67.6107533237387,MS,MISSISSIPPI,0.0630817,386267.27902912174
2035,25,670.9761533714595,10.090450460534626,MO,MISSOURI,0.0630817,42326.3164141324
2035,26,2838526.6894585886,22483.985064926022,MT,MONTANA,0.0630817,179059089.06641987
2035,27,0.0,0.0,NE,NEBRASKA,0.0630817,0.0
2035,28,2296.2606154402342,235.01970249253517,NV,NEVADA,0.0630817,144852.02326501624
2035,29,0.0,0.0,NH,NEW HAMPSHIRE,0.0630817,0.0
2035,30,11509.672301147397,104.244196199056,NJ,NEW JERSEY,0.0630817,726049.6951992898
2035,31,34523.840098269095,862.7989994635907,NM,NEW MEXICO,0.0630817,2177822.5239269817
2035,32,513.9247127894268,2.781774698774003,NY,NEW YORK,0.0630817,32419.24455476879
2035,33,4708.402836556173,197.10061084670383,NC,NORTH CAROLINA,0.0630817,297014.05521478556
2035,34,2245197.9248208776,11751.943809292508,ND,NORTH DAKOTA,0.0630817,141630901.93417317
2035,35,27901.151944975318,299.5552336291637,OH,OHIO,0.0630817,1760052.0966473497
2035,36,753629.0441332335,4581.926385105213,OK,OKLAHOMA,0.0630817,47540201.2732994
2035,37,767505.232040021,5543.28231945417,OR,OREGON,0.0630817,48415534.79597899
2035,38,1926.152661895837,79.1105340583906,PA,PENNSYLVANIA,0.0630817,121504.98437191463
2035,39,0.0,0.0,RI,RHODE ISLAND,0.0630817,0.0
2035,40,1619.1206040572904,54.4716919761789,SC,SOUTH CAROLINA,0.0630817,102136.88020896078
2035,41,39140.73917299127,635.6343808558429,SD,SOUTH DAKOTA,0.0630817,2469064.3662888836
2035,42,9164.522863976978,151.1408524243014,TN,TENNESSEE,0.0630817,578113.6819485365
2035,43,857402.0713328397,7755.313738280638,TX,TEXAS,0.0630817,54086380.24319679
2035,44,10177.143311300477,1031.2577694829563,UT,UTAH,0.0630817,641991.5012204633
2035,45,0.0,0.0,VT,VERMONT,0.0630817,0.0
2035,46,2262.7683738039977,57.88350082504806,VA,VIRGINIA,0.0630817,142739.27572579167
2035,47,1560787.6423439896,13594.215566083452,WA,WASHINGTON,0.0630817,98457137.81805086
2035,48,18.929697018329406,0.3975260094539239,WV,WEST VIRGINIA,0.0630817,1194.1174684011503
2035,49,277.1930514869724,4.523606139268981,WI,WISCONSIN,0.0630817,17485.808915985748
2035,50,6615.203655377492,94.71807816522518,WY,WYOMING,0.0630817,417298.2924274264
2036,0,11.407388923291728,0.4759274824862369,AL,ALABAMA,0.06330294,722.1212565678009
2036,2,1.8802732555309964,6.800217875952431,AZ,ARIZONA,0.06330294,119.02682507848334
2036,3,502638.4507462072,2837.2743950502286,AR,ARKANSAS,0.06330294,31818491.689280108
2036,4,7931.968051539221,334.5631658953373,CA,CALIFORNIA,0.06330294,502116.89764850424
2036,5,741788.7076632082,16114.294726757544,CO,COLORADO,0.06330294,46957406.053881615
2036,6,0.0,0.0,CT,CONNECTICUT,0.06330294,0.0
2036,7,0.0,0.0,DE,DELAWARE,0.06330294,0.0
2036,8,0.0,0.0,DC,DISTRICT OF COLUMBIA,0.06330294,0.0
2036,9,0.0,0.0,FL,FLORIDA,0.06330294,0.0
2036,10,310.4454491329004,1.876575449380498,GA,GEORGIA,0.06330294,19652.109639733048
2036,12,119818.8955603281,3593.545528764316,ID,IDAHO,0.06330294,7584888.356521717
2036,13,17637.017304879577,243.2883028954904,IL,ILLINOIS,0.06330294,1116475.0482297535
2036,14,12755.934150435263,87.06358905716698,IN,INDIANA,0.06330294,807488.1341689544
2036,15,91.39514473433196,1.8049350798185173,IA,IOWA,0.06330294,5785.581363408733
2036,16,8056642.638942842,53526.48477956273,KS,KANSAS,0.06330294,510009165.5744404
2036,17,160.3130072695109,11.773874210237546,KY,KENTUCKY,0.06330294,10148.284680401413
2036,18,151761.3853139239,732.3001999637572,LA,LOUISIANA,0.06330294,9606941.868844206
2036,19,0.0,0.0,ME,MAINE,0.06330294,0.0
2036,20,0.0,0.0,MD,MARYLAND,0.06330294,0.0
2036,21,0.0,0.0,MA,MASSACHUSETTS,0.06330294,0.0
2036,22,829.0093578869266,2.4048347762462225,MI,MICHIGAN,0.06330294,52478.729641754646
2036,23,323579.7143119862,1170.361163733457,MN,MINNESOTA,0.06330294,20483547.240308803
2036,24,58631.09162745742,315.5418405207149,MS,MISSISSIPPI,0.06330294,3711520.4754274394
2036,25,52901.704090409046,743.3688739555175,MO,MISSOURI,0.06330294,3348833.3999329186
2036,26,7116870.670020124,44304.09340953962,MT,MONTANA,0.06330294,450518837.0120437
2036,27,1411590.0711740027,8889.895158639192,NE,NEBRASKA,0.06330294,89357801.58012362
2036,28,5289.289377466127,564.7121270005815,NV,NEVADA,0.06330294,334827.5681043756
2036,29,0.0,0.0,NH,NEW HAMPSHIRE,0.06330294,0.0
2036,30,0.0,0.0,NJ,NEW JERSEY,0.06330294,0.0
2036,31,52936.33874365888,1179.8395102446334,NM,NEW MEXICO,0.06330294,3351025.875309514
2036,32,0.0,0.0,NY,NEW YORK,0.06330294,0.0
2036,33,27025.71778890084,351.2501403521463,NC,NORTH CAROLINA,0.06330294,1710807.3916477226
2036,34,5180374.768655108,20436.795188582768,ND,NORTH DAKOTA,0.06330294,327932953.1576882
2036,35,1153.9662830804627,6.355378526967356,OH,OHIO,0.06330294,73049.45837986555
2036,36,7130351.323509272,43387.21524565411,OK,OKLAHOMA,0.06330294,451372202.0110281
2036,37,1108496.382588616,6892.199310674686,OR,OREGON,0.06330294,70171079.99722421
2036,38,0.0,0.0,PA,PENNSYLVANIA,0.06330294,0.0
2036,39,0.0,0.0,RI,RHODE ISLAND,0.06330294,0.0
2036,40,8193.687626445528,60.2614889499674,SC,SOUTH CAROLINA,0.06330294,518684.51619562367
2036,41,1685068.8343886426,9697.427627838815,SD,SOUTH DAKOTA,0.06330294,106669811.31917419
2036,42,1657.8930523076265,19.825153606531053,TN,TENNESSEE,0.06330294,104949.50441664654
2036,43,3773041.6743464544,26789.603952188583,TX,TEXAS,0.06330294,238844630.72865316
2036,44,22011.33242942357,2136.8176646191077,UT,UTAH,0.06330294,1393382.0560998546
2036,45,0.0,0.0,VT,VERMONT,0.06330294,0.0
2036,46,52.51001983156356,2.2930053645955213,VA,VIRGINIA,0.06330294,3324.0386347962785
2036,47,1310874.1790591006,11583.527505682096,WA,WASHINGTON,0.06330294,82982189.50452751
2036,48,0.0,0.0,WV,WEST VIRGINIA,0.06330294,0.0
2036,49,0.0,0.0,WI,WISCONSIN,0.06330294,0.0
2036,50,231677.09031244516,2666.249373564321,WY,WYOMING,0.06330294,14665840.947423298
2037,0,125.90710817233446,2.25145318427763,AL,ALABAMA,0.06352418,7998.1458028188445
2037,2,2.8940207628478376,10.466548767316088,AZ,ARIZONA,0.06352418,183.84029586288332
2037,3,28471.430145528037,183.80685510768308,AR,ARKANSAS,0.06352418,1808624.2534219492
2037,4,10423.096232431084,451.2960392981618,CA,CALIFORNIA,0.06352418,662118.641226274
2037,5,744299.6593850763,16925.71892380072,CO,COLORADO,0.06352418,47281025.536716275
2037,6,0.0,0.0,CT,CONNECTICUT,0.06352418,0.0
2037,7,330.00787646920503,3.610645916730352,DE,DELAWARE,0.06352418,20963.479746247544
2037,8,0.0,0.0,DC,DISTRICT OF COLUMBIA,0.06352418,0.0
2037,9,0.0,0.0,FL,FLORIDA,0.06352418,0.0
2037,10,30.608055272304014,0.7468705300210239,GA,GEORGIA,0.06352418,1944.351612567789
2037,12,75036.83377442164,2547.9029726941885,ID,IDAHO,0.06352418,4766653.33531644
2037,13,7135.080177157261,103.45752964621812,IL,ILLINOIS,0.06352418,453250.1174881697
2037,14,4688.937394719552,26.992365418306782,IN,INDIANA,0.06352418,297860.9030708958
2037,15,15.867703071506986,0.3516695171070536,IA,IOWA,0.06352418,1007.9828261009626
2037,16,11614419.351188583,59237.92372428338,KS,KANSAS,0.06352418,737796465.4603868
2037,17,36.720234804453,0.5369837409198139,KY,KENTUCKY,0.06352418,2332.622805360337
2037,18,0.0,0.0,LA,LOUISIANA,0.06352418,0.0
2037,19,0.0,0.0,ME,MAINE,0.06352418,0.0
2037,20,12278.285630750735,102.5040543196219,MD,MARYLAND,0.06352418,779968.0264992233
2037,21,0.0,0.0,MA,MASSACHUSETTS,0.06352418,0.0
2037,22,4123.990705269203,71.26250875705843,MI,MICHIGAN,0.06352418,261973.12787984783
2037,23,68779.96494291714,472.4167634790858,MN,MINNESOTA,0.06352418,4369190.873427558
2037,24,38.209787614410274,0.5116995947722278,MS,MISSISSIPPI,0.06352418,2427.245426179569
2037,25,173477.07577006178,1211.7308024608526,MO,MISSOURI,0.06352418,11019988.987091044
2037,26,3826436.253885022,34224.08506749396,MT,MONTANA,0.06352418,243071225.3503178
2037,27,1762734.7705221015,10125.69282609966,NE,NEBRASKA,0.06352418,111976280.85490468
2037,28,5588.263957022833,585.7081406286937,NV,NEVADA,0.06352418,354989.88549343066
2037,29,0.0,0.0,NH,NEW HAMPSHIRE,0.06352418,0.0
2037,30,1353.789159777268,21.93714806455294,NJ,NEW JERSEY,0.06352418,85998.34626773994
2037,31,62595.71595256021,1137.4296855367984,NM,NEW MEXICO,0.06352418,3976341.527399306
2037,32,0.0,0.0,NY,NEW YORK,0.06352418,0.0
2037,33,3263.870869214799,85.99262199418871,NC,NORTH CAROLINA,0.06352418,207334.72059275734
2037,34,2846453.0634519523,18518.291540193644,ND,NORTH DAKOTA,0.06352418,180818596.76427326
2037,35,57471.01277128431,302.54043773942175,OH,OHIO,0.06352418,3650798.9600653634
2037,36,1820412.2243280665,8377.011643863949,OK,OKLAHOMA,0.06352418,115640193.81241646
2037,37,1592643.5320953804,10161.739327197878,OR,OREGON,0.06352418,101171374.40866272
2037,38,927.1395579353588,23.157032512432718,PA,PENNSYLVANIA,0.06352418,58895.780163406154
2037,39,0.0,0.0,RI,RHODE ISLAND,0.06352418,0.0
2037,40,799.7197056117216,25.109556618784644,SC,SOUTH CAROLINA,0.06352418,50801.538528826015
2037,41,161421.9698526604,2134.715778481272,SD,SOUTH DAKOTA,0.06352418,10254198.268874973
2037,42,0.0,0.0,TN,TENNESSEE,0.06352418,0.0
2037,43,1260914.054506182,7023.710467674907,TX,TEXAS,0.06352418,80098531.36298051
2037,44,18034.938859315727,1771.9740237295937,UT,UTAH,0.06352418,1145654.702388167
2037,45,0.0,0.0,VT,VERMONT,0.06352418,0.0
2037,46,1195.9709936282109,13.384997577815614,VA,VIRGINIA,0.06352418,75973.07667401731
2037,47,1284705.9230059003,11239.991703823993,WA,WASHINGTON,0.06352418,81609890.30009295
2037,48,0.0,0.0,WV,WEST VIRGINIA,0.06352418,0.0
2037,49,4643.860206960146,16.282252092047575,WI,WISCONSIN,0.06352418,294997.41168177355
2037,50,225481.38582123077,2663.2629372469173,WY,WYOMING,0.06352418,14323520.139557311
2038,0,426.5786956114432,3.2135461458114216,AL,ALABAMA,0.06374542,27192.4381148036
2038,2,0.0,0.0,AZ,ARIZONA,0.06374542,0.0
2038,3,514462.5982746548,2716.3814749608136,AR,ARKANSAS,0.06374542,32794634.401309144
2038,4,4975.732990481736,208.06049897975632,CA,CALIFORNIA,0.06374542,317180.18928611424
2038,5,960421.5999904812,17904.463728997416,CO,COLORADO,0.06374542,61222478.26846521
2038,6,0.0,0.0,CT,CONNECTICUT,0.06374542,0.0
2038,7,0.0,0.0,DE,DELAWARE,0.06374542,0.0
2038,8,0.0,0.0,DC,DISTRICT OF COLUMBIA,0.06374542,0.0
2038,9,0.0,0.0,FL,FLORIDA,0.06374542,0.0
2038,10,0.0,0.0,GA,GEORGIA,0.06374542,0.0
2038,12,47130.32138205191,1653.2672378839782,ID,IDAHO,0.06374542,3004342.1312338794
2038,13,18924.71646329795,230.07078051191516,IL,ILLINOIS,0.06374542,1206363.9993338424
2038,14,2094.7878500909915,26.24055583473139,IN,INDIANA,0.06374542,133533.13131494727
2038,15,0.0,0.0,IA,IOWA,0.06374542,0.0
2038,16,11882979.403834593,55867.25703641695,KS,KANSAS,0.06374542,757485512.9487857
2038,17,5010.148664680814,111.99221664120202,KY,KENTUCKY,0.06374542,319374.03089251765
2038,18,121838.78651325888,547.4374789835261,LA,LOUISIANA,0.06374542,7766664.618578022
2038,19,0.0,0.0,ME,MAINE,0.06374542,0.0
2038,20,0.0,0.0,MD,MARYLAND,0.06374542,0.0
2038,21,0.0,0.0,MA,MASSACHUSETTS,0.06374542,0.0
2038,22,22328.879846076983,175.0100474385969,MI,MICHIGAN,0.06374542,1423363.8239177126
2038,23,377646.65095734457,2837.056553389445,MN,MINNESOTA,0.06374542,24073244.376869332
2038,24,44531.33970909304,253.8792965746537,MS,MISSISSIPPI,0.06374542,2838668.952918813
2038,25,104133.51820233803,947.2133388963912,MO,MISSOURI,0.06374542,6638034.853885683
2038,26,4853215.627639632,44265.58028443593,MT,MONTANA,0.06374542,309370268.5344519
2038,27,1227303.3439010752,9128.229549083318,NE,NEBRASKA,0.06374542,78234967.12437847
2038,28,2863.3673366225485,293.06244032359456,NV,NEVADA,0.06374542,182526.5534872857
2038,29,0.0,0.0,NH,NEW HAMPSHIRE,0.06374542,0.0
2038,30,0.0,0.0,NJ,NEW JERSEY,0.06374542,0.0
2038,31,70087.4946826474,1110.866167521893,NM,NEW MEXICO,0.06374542,4467756.785293126
2038,32,203.89469212744308,1.256304807581386,NY,NEW YORK,0.06374542,12997.352785434552
2038,33,0.0,0.0,NC,NORTH CAROLINA,0.06374542,0.0
2038,34,5952945.135933599,36021.08182981309,ND,NORTH DAKOTA,0.06374542,379472987.9270444
2038,35,9172.578985172942,134.33921379098018,OH,OHIO,0.06374542,584709.899893023
2038,36,7082656.115094529,32534.828567728968,OK,OKLAHOMA,0.06374542,451486888.77226907
2038,37,972298.9477037932,7741.677455123354,OR,OREGON,0.06374542,61979604.78693633
2038,38,3.445111533107682,0.4533073853438304,PA,PENNSYLVANIA,0.06374542,219.61008162479305
2038,39,0.0,0.0,RI,RHODE ISLAND,0.06374542,0.0
2038,40,0.0,0.0,SC,SOUTH CAROLINA,0.06374542,0.0
2038,41,1268559.012557983,10691.478400935815,SD,SOUTH DAKOTA,0.06374542,80864827.0502939
2038,42,35597.689332616814,253.4347224818021,TN,TENNESSEE,0.06374542,2269189.6575371786
2038,43,3312859.13571393,18517.12072803717,TX,TEXAS,0.06374542,211179597.00692144
2038,44,15382.946859017604,1493.3467879621062,UT,UTAH,0.06374542,980592.4083657579
2038,45,0.0,0.0,VT,VERMONT,0.06374542,0.0
2038,46,0.0,0.0,VA,VIRGINIA,0.06374542,0.0
2038,47,1586329.0187654805,13947.111776166948,WA,WASHINGTON,0.06374542,101121209.55939344
2038,48,0.0,0.0,WV,WEST VIRGINIA,0.06374542,0.0
2038,49,21436.04714366784,140.97642650085078,WI,WISCONSIN,0.06374542,1366449.828312907
2038,50,237517.264648498,2781.242372621141,WY,WYOMING,0.06374542,15140637.792269656
2039,0,2900.178288626013,29.811780012251,AL,ALABAMA,0.06396666,185514.71852792203
2039,2,1.88046121338176,6.800897646476704,AZ,ARIZONA,0.06396666,120.28682307957848
2039,3,17852.762478370263,182.63507586370372,AR,ARKANSAS,0.06396666,1141981.587514668
2039,4,10907.524879267094,517.3944029139064,CA,CALIFORNIA,0.06396666,697717.9353936191
2039,5,825268.9450855341,14856.464982673677,CO,COLORADO,0.06396666,52789698.01884503
2039,6,0.0,0.0,CT,CONNECTICUT,0.06396666,0.0
2039,7,15583.749645062446,116.016504118811,DE,DELAWARE,0.06396666,996840.4150708301
2039,8,0.0,0.0,DC,DISTRICT OF COLUMBIA,0.06396666,0.0
2039,9,119.22822836483591,1.1776943777270064,FL,FLORIDA,0.06396666,7626.6315462158145
2039,10,8239.639936331228,120.19757085455618,GA,GEORGIA,0.06396666,527062.2463297213
2039,12,175576.3638529043,5040.910278314411,ID,IDAHO,0.06396666,11231033.570615018
2039,13,155089.56457607716,1459.4773908436223,IL,ILLINOIS,0.06396666,9920561.446785972
2039,14,77674.56203303873,606.4857543223334,IN,INDIANA,0.06396666,4968582.300216297
2039,15,0.0,0.0,IA,IOWA,0.06396666,0.0
2039,16,8713544.43045089,44001.31394052165,KS,KANSAS,0.06396666,557376333.9775456
2039,17,11136.561439153984,371.14936137473023,KY,KENTUCKY,0.06396666,712368.6391474735
2039,18,58741.0928076229,441.6141044691527,LA,LOUISIANA,0.06396666,3757471.5116536594
2039,19,0.0,0.0,ME,MAINE,0.06396666,0.0
2039,20,57898.91200120522,417.18979348112646,MD,MARYLAND,0.06396666,3703600.018351014
2039,21,0.0,0.0,MA,MASSACHUSETTS,0.06396666,0.0
2039,22,58333.81123831162,212.16745360793016,MI,MICHIGAN,0.06396666,3731419.069985258
2039,23,907217.9296357348,4893.643772082443,MN,MINNESOTA,0.06396666,58031700.850912966
2039,24,29320.05858804892,196.49211148839464,MS,MISSISSIPPI,0.06396666,1875506.2188818052
2039,25,45634.16075784461,358.816440244513,MO,MISSOURI,0.06396666,2919064.8455823883
2039,26,6305893.294079854,43929.62336245527,MT,MONTANA,0.06396666,403366932.338686
2039,27,1007390.6303386816,6726.044869397697,NE,NEBRASKA,0.06396666,64439413.93806013
2039,28,8856.510300110393,923.260547042593,NV,NEVADA,0.06396666,566521.3831536594
2039,29,0.0,0.0,NH,NEW HAMPSHIRE,0.06396666,0.0
2039,30,3037.395443460058,37.84795157563259,NJ,NEW JERSEY,0.06396666,194292.04161735874
2039,31,21634.35953665277,419.900989937098,NM,NEW MEXICO,0.06396666,1383877.7207988251
2039,32,111.37789490863128,10.369967065333492,NY,NEW YORK,0.06396666,7124.471935136147
2039,33,15142.252840062598,278.5247798850017,NC,NORTH CAROLINA,0.06396666,968599.3390543185
2039,34,3639440.364207767,17556.52813574961,ND,NORTH DAKOTA,0.06396666,232802844.3675544
2039,35,158294.3073325907,1297.0052942184514,OH,OHIO,0.06396666,10125558.137079336
2039,36,1617148.8309522057,11548.71407559303,OK,OKLAHOMA,0.06396666,103443609.4389172
2039,37,2127616.0707688434,13450.052085694815,OR,OREGON,0.06396666,136096493.80940652
2039,38,8129.853396484351,176.46983247873453,PA,PENNSYLVANIA,0.06396666,520039.56806275964
2039,39,0.0,0.0,RI,RHODE ISLAND,0.06396666,0.0
2039,40,1791.2736635665008,72.25340571909327,SC,SOUTH CAROLINA,0.06396666,114581.79340431275
2039,41,677922.4410966642,5826.547856785905,SD,SOUTH DAKOTA,0.06396666,43364434.29600034
2039,42,17632.67870914808,232.93141922628988,TN,TENNESSEE,0.06396666,1127903.5638773139
2039,43,423379.710044451,4144.6219858972245,TX,TEXAS,0.06396666,27082185.96331198
2039,44,22583.376136631105,2205.0904105705413,UT,UTAH,0.06396666,1444583.1429839954
2039,45,0.0,0.0,VT,VERMONT,0.06396666,0.0
2039,46,15156.493990809582,127.01041501548718,VA,VIRGINIA,0.06396666,969510.2979021596
2039,47,2120784.5680230507,17531.14265212999,WA,WASHINGTON,0.06396666,135659505.39597735
2039,48,1572.1008262846667,15.851346749399632,WV,WEST VIRGINIA,0.06396666,100562.03904067034
2039,49,295.5555904135513,1.4642104419745858,WI,WISCONSIN,0.06396666,18905.70396308289
2039,50,153737.0281341214,2175.291529293573,WY,WYOMING,0.06396666,9834044.208065778
2040,0,12993.625505924309,92.09255279559298,AL,ALABAMA,0.0641879,834033.534611719
2040,2,1.97827294944044,7.15464469577797,AZ,ARIZONA,0.0641879,126.98118625138804
2040,3,474558.7036515499,3319.6953862826085,AR,ARKANSAS,0.0641879,30460926.61411532
2040,4,9527.158388341006,398.6783558234839,CA,CALIFORNIA,0.0641879,611528.2899149937
2040,5,1194758.3481304431,20856.787422484285,CO,COLORADO,0.0641879,76689029.37396207
2040,6,0.0,0.0,CT,CONNECTICUT,0.0641879,0.0
2040,7,0.0,0.0,DE,DELAWARE,0.0641879,0.0
2040,8,0.0,0.0,DC,DISTRICT OF COLUMBIA,0.0641879,0.0
2040,9,2415.1485023619757,14.01182151223949,FL,FLORIDA,0.0641879,155023.31055476028
2040,10,75676.69532646809,545.5277675952276,GA,GEORGIA,0.0641879,4857528.151945801
2040,12,278721.2151207363,7958.168907999317,ID,IDAHO,0.0641879,17890529.48404831
2040,13,513502.2940679281,2266.402827830044,IL,ILLINOIS,0.0641879,32960633.901402764
2040,14,128267.63356216642,1018.196009956687,IN,INDIANA,0.0641879,8233230.0363249825
2040,15,393.1161018378347,2.406402698952645,IA,IOWA,0.0641879,25233.297033156752
2040,16,11344359.927076966,50392.770607016726,KS,KANSAS,0.0641879,728170640.5632236
2040,17,24405.312826786605,492.3036879638565,KY,KENTUCKY,0.0641879,1566525.779194496
2040,18,150231.72745163387,821.5234539007927,LA,LOUISIANA,0.0641879,9643059.09849273
2040,19,0.0,0.0,ME,MAINE,0.0641879,0.0
2040,20,22.30308710663968,1.9778297900716104,MD,MARYLAND,0.0641879,1431.5883248922771
2040,21,0.0,0.0,MA,MASSACHUSETTS,0.0641879,0.0
2040,22,42430.09028037224,188.5041939663681,MI,MICHIGAN,0.0641879,2723498.3919075057
2040,23,1634790.6023815456,8455.870536515222,MN,MINNESOTA,0.0641879,104933775.70660642
2040,24,138905.7761590745,655.062954774056,MS,MISSISSIPPI,0.0641879,8916070.06952106
2040,25,151602.94414958375,1511.515861885729,MO,MISSOURI,0.0641879,9731074.618779069
2040,26,11730388.602717262,63562.756876889325,MT,MONTANA,0.0641879,752949010.5923554
2040,27,1306858.2497408316,6975.5382458836975,NE,NEBRASKA,0.0641879,83884486.64853953
2040,28,11715.103319752156,1249.5643094070583,NV,NEVADA,0.0641879,751967.8803779194
2040,29,0.0,0.0,NH,NEW HAMPSHIRE,0.0641879,0.0
2040,30,283.20208731396,9.88561883457232,NJ,NEW JERSEY,0.0641879,18178.147260299735
2040,31,54805.08501880688,1201.2636982566871,NM,NEW MEXICO,0.0641879,3517823.3166786744
2040,32,6.337505490264873,0.536399909510273,NY,NEW YORK,0.0641879,406.7911686585727
2040,33,5710.440190061317,125.03549430408516,NC,NORTH CAROLINA,0.0641879,366541.1638756368
2040,34,8075413.8281772975,33840.29662945771,ND,NORTH DAKOTA,0.0641879,518343855.2616616
2040,35,146237.65066914825,1528.4312880875482,OH,OHIO,0.0641879,9386687.69738622
2040,36,5507082.133152945,32114.838911119,OK,OKLAHOMA,0.0641879,353488037.2546079
2040,37,2469048.0905367746,15318.494519569258,OR,OREGON,0.0641879,158483011.93056545
2040,38,1070.203901692711,31.1687886292852,PA,PENNSYLVANIA,0.0641879,68694.14102146158
2040,39,0.0,0.0,RI,RHODE ISLAND,0.0641879,0.0
2040,40,85399.43938474251,575.3461726981327,SC,SOUTH CAROLINA,0.0641879,5481610.675283914
2040,41,1964822.0231164736,11867.989811041234,SD,SOUTH DAKOTA,0.0641879,126117799.53759791
2040,42,40086.264575067646,446.7404037522508,TN,TENNESSEE,0.0641879,2573053.141917985
2040,43,1529315.0650670696,11263.86319605579,TX,TEXAS,0.0641879,98163522.46501856
2040,44,28833.126031449858,2799.513824009184,UT,UTAH,0.0641879,1850737.8103941006
2040,45,0.0,0.0,VT,VERMONT,0.0641879,0.0
2040,46,0.0,0.0,VA,VIRGINIA,0.0641879,0.0
2040,47,1933280.856703191,16613.061952912474,WA,WASHINGTON,0.0641879,124093238.30197877
2040,48,107.55070406120278,2.462921067343842,WV,WEST VIRGINIA,0.0641879,6903.453837210079
2040,49,10789.591965814065,84.33450631269979,WI,WISCONSIN,0.0641879,692561.2501424768
2040,50,303248.5812887428,3395.116229998893,WY,WYOMING,0.0641879,19464889.610903695
2041,0,758.8291910385722,14.274070115091812,AL,ALABAMA,0.06448646,48934.208274741235
2041,2,0.9112435491904912,3.2956138977797447,AZ,ARIZONA,0.06448646,58.762870685130636
2041,3,464426.8855533426,3434.1071641341096,AR,ARKANSAS,0.06448646,29949245.778160203
2041,4,8713.429155371563,372.59549082900895,CA,CALIFORNIA,0.06448646,561898.2006907021
2041,5,1022939.7188912334,18772.688577365785,CO,COLORADO,0.06448646,65965761.264690764
2041,6,0.0,0.0,CT,CONNECTICUT,0.06448646,0.0
2041,7,2967.4585946518064,74.23223203865723,DE,DELAWARE,0.06448646,191360.8999656699
2041,8,0.0,0.0,DC,DISTRICT OF COLUMBIA,0.06448646,0.0
2041,9,88.18296304312528,1.4920786485323192,FL,FLORIDA,0.06448646,5686.607118961977
2041,10,267.1717085760206,13.71667123620679,GA,GEORGIA,0.06448646,17228.95769821921
2041,12,330252.10261835373,9030.65695539601,ID,IDAHO,0.06448646,21296789.005414363
2041,13,362187.8425407711,2260.0458540749,IL,ILLINOIS,0.06448646,23356211.820491735
2041,14,229332.2344853536,1420.358294060129,IN,INDIANA,0.06448646,14788823.965850376
2041,15,443.8705037051756,2.96369502922501,IA,IOWA,0.06448646,28623.637482363654
2041,16,6687817.399006838,34614.8587941217,KS,KANSAS,0.06448646,431273669.1883585
2041,17,21498.087135125097,867.7085748935986,KY,KENTUCKY,0.06448646,1386335.536115759
2041,18,78859.91218189563,622.1988457228044,LA,LOUISIANA,0.06448646,5085396.572521325
2041,19,0.0,0.0,ME,MAINE,0.06448646,0.0
2041,20,6644.490293529721,124.98599965178552,MD,MARYLAND,0.06448646,428479.6575340926
2041,21,0.0,0.0,MA,MASSACHUSETTS,0.06448646,0.0
2041,22,78762.27777164284,227.6935574619498,MI,MICHIGAN,0.06448646,5079100.475029934
2041,23,780366.5497017966,3531.6203343850457,MN,MINNESOTA,0.06448646,50323076.292682916
2041,24,39325.008901230445,271.4218747145528,MS,MISSISSIPPI,0.06448646,2535930.613508841
2041,25,132303.13384946118,1415.2835349337263,MO,MISSOURI,0.06448646,8531760.748857925
2041,26,10524045.502376208,62037.46856641903,MT,MONTANA,0.06448646,678658439.3271631
2041,27,1197509.2474887331,6455.264173691013,NE,NEBRASKA,0.06448646,77223132.18781228
2041,28,12857.72881260753,1321.5392235515922,NV,NEVADA,0.06448646,829149.4147650629
2041,29,0.0,0.0,NH,NEW HAMPSHIRE,0.06448646,0.0
2041,30,360.9391825919382,14.929904721818156,NJ,NEW JERSEY,0.06448646,23275.69016064772
2041,31,61764.557830199214,1028.0567296004049,NM,NEW MEXICO,0.06448646,3982977.687934828
2041,32,86.63797688870892,1.144337779491861,NY,NEW YORK,0.06448646,5586.976431114652
2041,33,13123.312401564312,350.6301955252547,NC,NORTH CAROLINA,0.06448646,846275.9602509808
2041,34,6264963.365856521,24494.47471128442,ND,NORTH DAKOTA,0.06448646,404005309.49377185
2041,35,416519.2156175853,2971.656451922365,OH,OHIO,0.06448646,26859849.73715479
2041,36,2089802.9880504897,12940.504391731396,OK,OKLAHOMA,0.06448646,134763996.79679838
2041,37,2817342.48814808,16362.409333930287,OR,OREGON,0.06448646,181680443.66826165
2041,38,1992.3135299299531,191.2403569512223,PA,PENNSYLVANIA,0.06448646,128477.24675528672
2041,39,0.0,0.0,RI,RHODE ISLAND,0.06448646,0.0
2041,40,17289.36843498499,234.52485823961985,SC,SOUTH CAROLINA,0.06448646,1114930.166007922
2041,41,1756983.4419242642,9792.008604670496,SD,SOUTH DAKOTA,0.06448646,113301642.44831137
2041,42,56043.37001162868,586.2274961837109,TN,TENNESSEE,0.06448646,3614038.538520092
2041,43,1960765.7658944288,11968.011407769578,TX,TEXAS,0.06448646,126442843.13172044
2041,44,27769.124479369915,2695.7730027831144,UT,UTAH,0.06448646,1790732.5349739087
2041,45,0.0,0.0,VT,VERMONT,0.06448646,0.0
2041,46,2198.832667025224,30.12743777607236,VA,VIRGINIA,0.06448646,141794.9348288154
2041,47,2935338.356020757,22013.389037137506,WA,WASHINGTON,0.06448646,189289579.4819983
2041,48,66.81237972504587,2.463187415941273,WV,WEST VIRGINIA,0.06448646,4308.493852643982
2041,49,36688.69289882773,175.8294528167998,WI,WISCONSIN,0.06448646,2365923.9270725385
2041,50,354429.8213526817,3844.59370734153,WY,WYOMING,0.06448646,22855924.497466855
2042,0,3541.2001285221195,88.1988276701377,AL,ALABAMA,0.06478502,229416.7211503081
2042,2,0.9963388471565248,3.603370530857368,AZ,ARIZONA,0.06478502,64.5478321398124
2042,3,119236.6343774433,1402.6240654538656,AR,ARKANSAS,0.06478502,7724747.742875352
2042,4,17078.09999647009,748.4515731793992,CA,CALIFORNIA,0.06478502,1106405.0498333147
2042,5,1191438.8609720669,23381.09245320806,CO,COLORADO,0.06478502,77187390.43685257
2042,6,0.0,0.0,CT,CONNECTICUT,0.06478502,0.0
2042,7,14417.4797698097,156.49482022991606,DE,DELAWARE,0.06478502,934036.7152367168
2042,8,0.0,0.0,DC,DISTRICT OF COLUMBIA,0.06478502,0.0
2042,9,105.52987605899072,1.028793062802987,FL,FLORIDA,0.06478502,6836.755131079235
2042,10,27365.952722552283,337.8595606276274,GA,GEORGIA,0.06478502,1772903.794449604
2042,12,264382.1160359365,7341.724687916956,ID,IDAHO,0.06478502,17128000.675030466
2042,13,92212.74065491556,1044.6791597450524,IL,ILLINOIS,0.06478502,5974004.247583517
2042,14,82590.415285923,918.2110546205228,IN,INDIANA,0.06478502,5350621.706106827
2042,15,1166.2710684917724,3.50623534099982,IA,IOWA,0.06478502,75556.89449766085
2042,16,12967165.70260306,57408.88202718264,KS,KANSAS,0.06478502,840078089.3864534
2042,17,21601.236443435268,527.0253548418774,KY,KENTUCKY,0.06478502,1399436.5350126827
2042,18,87374.43332823823,622.6194090647664,LA,LOUISIANA,0.06478502,5660554.41065858
2042,19,0.0,0.0,ME,MAINE,0.06478502,0.0
2042,20,45694.069361859016,437.7026866396627,MD,MARYLAND,0.06478502,2960291.1974894237
2042,21,0.0,0.0,MA,MASSACHUSETTS,0.06478502,0.0
2042,22,42943.62929910385,223.90138958477428,MI,MICHIGAN,0.06478502,2782103.8830150287
2042,23,2524544.378827496,8361.529203416341,MN,MINNESOTA,0.06478502,163552658.0732269
2042,24,22343.542605312006,160.29472130284418,MS,MISSISSIPPI,0.06478502,1447526.8545559903
2042,25,70577.84497571393,806.1796954421037,MO,MISSOURI,0.06478502,4572387.098308527
2042,26,10362196.818875022,58431.601566541016,MT,MONTANA,0.06478502,671315128.1547548
2042,27,1396947.0229114252,7343.383421556298,NE,NEBRASKA,0.06478502,90501240.81825714
2042,28,11926.53035192885,1220.6670254374103,NV,NEVADA,0.06478502,772660.5073803177
2042,29,0.0,0.0,NH,NEW HAMPSHIRE,0.06478502,0.0
2042,30,4859.459923648729,73.72944343160088,NJ,NEW JERSEY,0.06478502,314820.20834278135
2042,31,122216.25982682484,2203.173912923281,NM,NEW MEXICO,0.06478502,7917782.837206044
2042,32,0.0,0.0,NY,NEW YORK,0.06478502,0.0
2042,33,155013.4830149698,1292.4011745164885,NC,NORTH CAROLINA,0.06478502,10042551.597394478
2042,34,11061621.287320632,37397.85835167016,ND,NORTH DAKOTA,0.06478502,716627356.3314929
2042,35,334706.3188840899,2701.558719097383,OH,OHIO,0.06478502,21683955.56303214
2042,36,5752132.161132187,37502.327341282624,OK,OKLAHOMA,0.06478502,372651997.10159194
2042,37,2369878.3567507714,14625.635757783406,OR,OREGON,0.06478502,153532616.73966587
2042,38,8659.271265679874,202.295950053996,PA,PENNSYLVANIA,0.06478502,560991.0621324959
2042,39,0.0,0.0,RI,RHODE ISLAND,0.06478502,0.0
2042,40,51365.60370429415,532.0208264838903,SC,SOUTH CAROLINA,0.06478502,3327721.6632947708
2042,41,3413226.018904851,14800.918635959855,SD,SOUTH DAKOTA,0.06478502,221125915.89927113
2042,42,75762.80823562625,701.7343799381113,TN,TENNESSEE,0.06478502,4908295.046801211
2042,43,2598535.6271623904,16213.281820408967,TX,TEXAS,0.06478502,168346182.576428
2042,44,27260.60971905528,2646.407371418274,UT,UTAH,0.06478502,1766079.1458611907
2042,45,0.0,0.0,VT,VERMONT,0.06478502,0.0
2042,46,21437.69280894492,194.45137867576497,VA,VIRGINIA,0.06478502,1388841.357381353
2042,47,2030210.3653890404,16962.388422523098,WA,WASHINGTON,0.06478502,131527219.12593628
2042,48,244.02259783616336,6.047077427990276,WV,WEST VIRGINIA,0.06478502,15809.0088812678
2042,49,20501.56352453776,157.23048654964427,WI,WISCONSIN,0.06478502,1328194.2029684493
2042,50,359716.8970668304,3866.240382409597,WY,WYOMING,0.06478502,23304266.370812546
2043,0,0.0,0.0,AL,ALABAMA,0.06508358,0.0
2043,2,0.9981420120676928,3.60989187780848,AZ,ARIZONA,0.06508358,64.96265549376865
2043,3,60792.91021635611,1047.6461619005663,AR,ARKANSAS,0.06508358,3956620.2354990304
2043,4,8031.872091432804,341.73123221856684,CA,CALIFORNIA,0.06508358,522742.98981253424
2043,5,1003952.4442192566,19189.858151661883,CO,COLORADO,0.06508358,65340819.21953953
2043,6,0.0,0.0,CT,CONNECTICUT,0.06508358,0.0
2043,7,0.0,0.0,DE,DELAWARE,0.06508358,0.0
2043,8,0.0,0.0,DC,DISTRICT OF COLUMBIA,0.06508358,0.0
2043,9,0.0,0.0,FL,FLORIDA,0.06508358,0.0
2043,10,0.0,0.0,GA,GEORGIA,0.06508358,0.0
2043,12,335438.7794100349,9018.70164585343,ID,IDAHO,0.06508358,21831556.63483536
2043,13,337762.12580710714,2256.681250919009,IL,ILLINOIS,0.06508358,21982768.335936923
2043,14,105538.6237405304,1041.196719137637,IN,INDIANA,0.06508358,6868831.46130671
2043,15,1028.8805283267611,4.049406630757805,IA,IOWA,0.06508358,66963.22817579702
2043,16,9954724.496527707,53977.40557520394,KS,KANSAS,0.06508358,647889108.1477208
2043,17,3467.8518997646715,131.19773486145047,KY,KENTUCKY,0.06508358,225700.216546486
2043,18,74590.02506142943,391.5063064355961,LA,LOUISIANA,0.06508358,4854585.863287549
2043,19,0.0,0.0,ME,MAINE,0.06508358,0.0
2043,20,0.0,0.0,MD,MARYLAND,0.06508358,0.0
2043,21,0.0,0.0,MA,MASSACHUSETTS,0.06508358,0.0
2043,22,61497.49071494473,253.32762987058535,MI,MICHIGAN,0.06508358,4002476.856745363
2043,23,2430355.740515789,10023.384630630231,MN,MINNESOTA,0.06508358,158176252.2663186
2043,24,1945.9889549060888,29.281733840432526,MS,MISSISSIPPI,0.06508358,126651.92782574682
2043,25,101865.84223571893,1179.3176750068617,MO,MISSOURI,0.06508358,6629793.692415792
2043,26,12501614.614417642,66995.38537410746,MT,MONTANA,0.06508358,813649834.8866198
2043,27,996366.4074418512,6954.9276525257865,NE,NEBRASKA,0.06508358,64847092.788054325
2043,28,12365.815528128382,1284.644850902809,NV,NEVADA,0.06508358,804811.5441901858
2043,29,0.0,0.0,NH,NEW HAMPSHIRE,0.06508358,0.0
2043,30,0.0,0.0,NJ,NEW JERSEY,0.06508358,0.0
2043,31,74660.20181222208,1338.7891475087154,NM,NEW MEXICO,0.06508358,4859153.217461901
2043,32,0.0,0.0,NY,NEW YORK,0.06508358,0.0
2043,33,0.0,0.0,NC,NORTH CAROLINA,0.06508358,0.0
2043,34,8925784.052344086,36786.080273111394,ND,NORTH DAKOTA,0.06508358,580921980.4334605
2043,35,422864.8643686663,2760.591740153784,OH,OHIO,0.06508358,27521559.229327243
2043,36,7754996.399464874,43158.91431584559,OK,OKLAHOMA,0.06508358,504722928.564284
2043,37,2514971.5253932835,15366.162433652991,OR,OREGON,0.06508358,163683350.4706558
2043,38,0.0,0.0,PA,PENNSYLVANIA,0.06508358,0.0
2043,39,0.0,0.0,RI,RHODE ISLAND,0.06508358,0.0
2043,40,0.0,0.0,SC,SOUTH CAROLINA,0.06508358,0.0
2043,41,2899199.112324777,14579.756052116503,SD,SOUTH DAKOTA,0.06508358,188690257.36291862
2043,42,8980.222398672311,114.58330756907117,TN,TENNESSEE,0.06508358,584465.0229017813
2043,43,3588776.8421846544,26030.916828619345,TX,TEXAS,0.06508358,233570444.71047232
2043,44,25768.31349805737,2503.953634441016,UT,UTAH,0.06508358,1677094.0930158966
2043,45,0.0,0.0,VT,VERMONT,0.06508358,0.0
2043,46,0.0,0.0,VA,VIRGINIA,0.06508358,0.0
2043,47,1895031.1549555543,17048.08434183694,WA,WASHINGTON,0.06508358,123335411.77604221
2043,48,0.0,0.0,WV,WEST VIRGINIA,0.06508358,0.0
2043,49,55805.37621932673,245.81654783631723,WI,WISCONSIN,0.06508358,3632013.6676006494
2043,50,323730.19344701665,3554.393157635306,WY,WYOMING,0.06508358,21069519.943624385
2044,0,73.30658688733227,11.238479182013226,AL,ALABAMA,0.0653821399999999,4792.941526789716
2044,2,1.71389845109053,6.200272084803634,AZ,ARIZONA,0.0653821399999999,112.058348474984
2044,3,373326.3949441214,2348.746955646604,AR,ARKANSAS,0.0653821399999999,24408878.6199318
2044,4,19610.83060596565,858.0394799290275,CA,CALIFORNIA,0.0653821399999999,1282198.072195529
2044,5,1046624.8616851632,21537.20781986637,CO,COLORADO,0.0653821399999999,68430573.23417987
2044,6,0.0,0.0,CT,CONNECTICUT,0.0653821399999999,0.0
2044,7,10183.31567291231,135.79411355874635,DE,DELAWARE,0.0653821399999999,665806.9709905457
2044,8,0.0,0.0,DC,DISTRICT OF COLUMBIA,0.0653821399999999,0.0
2044,9,0.0,0.0,FL,FLORIDA,0.0653821399999999,0.0
2044,10,1848.4942695230632,60.06076031896153,GA,GEORGIA,0.0653821399999999,120858.51111915446
2044,12,264350.3339180851,7387.204687855117,ID,IDAHO,0.0653821399999999,17283790.541278962
2044,13,553892.2909817483,2619.4073992422545,IL,ILLINOIS,0.0653821399999999,36214663.31388934
2044,14,144011.67747635482,1169.656567848173,IN,INDIANA,0.0653821399999999,9415791.658393862
2044,15,1404.7963347104796,4.606715433577362,IA,IOWA,0.0653821399999999,91848.5906275273
2044,16,11534902.772051636,56503.74225919402,KS,KANSAS,0.0653821399999999,754176627.928667
2044,17,15574.677863241242,405.1699726363331,KY,KENTUCKY,0.0653821399999999,1018305.7685093381
2044,18,1915.0268393067429,41.12434728785652,LA,LOUISIANA,0.0653821399999999,125208.55291131076
2044,19,0.0,0.0,ME,MAINE,0.0653821399999999,0.0
2044,20,13770.47614088413,105.71892538458064,MD,MARYLAND,0.0653821399999999,900343.1989099444
2044,21,0.0,0.0,MA,MASSACHUSETTS,0.0653821399999999,0.0
2044,22,32303.730982591114,231.5627201850356,MI,MICHIGAN,0.0653821399999999,2112087.0616261065
2044,23,2261035.094986725,8758.984690514744,MN,MINNESOTA,0.0653821399999999,147831313.12533513
2044,24,31767.5437933353,245.7581081418796,MS,MISSISSIPPI,0.0653821399999999,2077029.9957519763
2044,25,227632.75802937147,1803.53351277957,MO,MISSOURI,0.0653821399999999,14883116.854062466
2044,26,8987716.273764702,59713.76471198071,MT,MONTANA,0.0653821399999999,587636123.6915611
2044,27,1200868.1569116144,7452.735141383951,NE,NEBRASKA,0.0653821399999999,78515329.95673701
2044,28,11370.5864781673,1169.7595901078607,NV,NEVADA,0.0653821399999999,743433.2769976403
2044,29,0.0,0.0,NH,NEW HAMPSHIRE,0.0653821399999999,0.0
2044,30,720.3015787064829,25.06714798428163,NJ,NEW JERSEY,0.0653821399999999,47094.85866120821
2044,31,84874.30662249922,1401.5177538282296,NM,NEW MEXICO,0.0653821399999999,5549263.797995163
2044,32,0.0,0.0,NY,NEW YORK,0.0653821399999999,0.0
2044,33,3033.9907260988016,54.51660127470808,NC,NORTH CAROLINA,0.0653821399999999,198368.80641249317
2044,34,4272426.322097597,21430.46292389604,ND,NORTH DAKOTA,0.0653821399999999,279340375.93106973
2044,35,85825.01478155742,1131.3655850219438,OH,OHIO,0.0653821399999999,5611423.131949847
2044,36,7417424.90155499,37433.27119013111,OK,OKLAHOMA,0.0653821399999999,484967113.3529538
2044,37,1767644.9903559955,11470.923402096065,OR,OREGON,0.0653821399999999,115572412.22975415
2044,38,109.53272057493318,1.5852364990680592,PA,PENNSYLVANIA,0.0653821399999999,7161.48367121115
2044,39,0.0,0.0,RI,RHODE ISLAND,0.0653821399999999,0.0
2044,40,2227.787389517216,68.47581366654734,SC,SOUTH CAROLINA,0.0653821399999999,145657.5069916489
2044,41,2655642.989071249,15681.85563174744,SD,SOUTH DAKOTA,0.0653821399999999,173631621.70147458
2044,42,50182.670923743535,492.3264404411394,TN,TENNESSEE,0.0653821399999999,3281050.415910124
2044,43,2384128.5475672563,14723.43607931429,TX,TEXAS,0.0653821399999999,155879426.47503877
2044,44,23765.396212018382,2307.1140497416154,UT,UTAH,0.0653821399999999,1553832.462289653
2044,45,0.0,0.0,VT,VERMONT,0.0653821399999999,0.0
2044,46,0.0,0.0,VA,VIRGINIA,0.0653821399999999,0.0
2044,47,2418944.481167879,19281.637132690143,WA,WASHINGTON,0.0653821399999999,158155766.71994537
2044,48,0.0,0.0,WV,WEST VIRGINIA,0.0653821399999999,0.0
2044,49,3748.500537665999,63.17568280573234,WI,WISCONSIN,0.0653821399999999,245084.98694375323
2044,50,310804.20421517745,4113.981235523994,WY,WYOMING,0.0653821399999999,20321043.99258529
2045,0,369.4545668000944,13.798682975614453,AL,ALABAMA,0.0656807,24266.03456562696
2045,2,0.0219693796097234,0.0794547109076633,AZ,ARIZONA,0.0656807,1.4429642313323596
2045,3,639185.0576975177,3675.983733554253,AR,ARKANSAS,0.0656807,41982122.01911334
2045,4,5689.99325294586,237.92732400713976,CA,CALIFORNIA,0.0656807,373722.7398487611
2045,5,609299.8925587937,12316.830940879718,CO,COLORADO,0.0656807,40019243.453186356
2045,6,0.0,0.0,CT,CONNECTICUT,0.0656807,0.0
2045,7,0.0,0.0,DE,DELAWARE,0.0656807,0.0
2045,8,0.0,0.0,DC,DISTRICT OF COLUMBIA,0.0656807,0.0
2045,9,0.0,0.0,FL,FLORIDA,0.0656807,0.0
2045,10,0.0,0.0,GA,GEORGIA,0.0656807,0.0
2045,12,128131.07455840554,3896.824083771173,ID,IDAHO,0.0656807,8415738.668748265
2045,13,834843.4007280478,2747.74972778656,IL,ILLINOIS,0.0656807,54833098.95019869
2045,14,197615.3611247281,1254.1497380505311,IN,INDIANA,0.0656807,12979515.249424929
2045,15,2272.1472187993213,5.192935874858974,IA,IOWA,0.0656807,149236.21983379257
2045,16,7910375.008704351,50040.10350319196,KS,KANSAS,0.0656807,519558967.83420783
2045,17,12668.62302173916,278.3611821980269,KY,KENTUCKY,0.0656807,832084.0281039432
2045,18,65473.69273123714,545.3381534093916,LA,LOUISIANA,0.0656807,4300357.970172567
2045,19,0.0,0.0,ME,MAINE,0.0656807,0.0
2045,20,161.11362470535204,2.786637372020664,MD,MARYLAND,0.0656807,10582.055650184815
2045,21,0.0,0.0,MA,MASSACHUSETTS,0.0656807,0.0
2045,22,87140.83751408714,283.003775444303,MI,MICHIGAN,0.0656807,5723471.206511503
2045,23,393922.0706310245,2492.210134024216,MN,MINNESOTA,0.0656807,25873077.34449513
2045,24,38775.923045038646,360.55114383987575,MS,MISSISSIPPI,0.0656807,2546829.76874427
2045,25,476432.0119755262,2039.7226087946528,MO,MISSOURI,0.0656807,31292388.048960943
2045,26,6618815.302407613,43247.48433229266,MT,MONTANA,0.0656807,434728422.23284364
2045,27,454903.19480918767,3991.688273651719,NE,NEBRASKA,0.0656807,29878360.26730381
2045,28,5748.372066919199,595.6649190701472,NV,NEVADA,0.0656807,377557.1012156998
2045,29,0.0,0.0,NH,NEW HAMPSHIRE,0.0656807,0.0
2045,30,0.0,0.0,NJ,NEW JERSEY,0.0656807,0.0
2045,31,23326.05165946576,548.2156636431146,NM,NEW MEXICO,0.0656807,1532071.4012298726
2045,32,0.0,0.0,NY,NEW YORK,0.0656807,0.0
2045,33,51.064844090267286,4.290749997646559,NC,NORTH CAROLINA,0.0656807,3353.9747052396183
2045,34,4439832.075031407,21966.886838162573,ND,NORTH DAKOTA,0.0656807,291611278.57051533
2045,35,225875.56153542036,1546.961328835902,OH,OHIO,0.0656807,14835664.994539483
2045,36,6424572.481665812,38131.31606793541,OK,OKLAHOMA,0.0656807,421970417.7965477
2045,37,2027560.921933788,12700.119743149296,OR,OREGON,0.0656807,133171620.64525655
2045,38,2298.886418276465,67.51743654406806,PA,PENNSYLVANIA,0.0656807,150992.469172891
2045,39,0.0,0.0,RI,RHODE ISLAND,0.0656807,0.0
2045,40,537.9586717932216,40.07103870800215,SC,SOUTH CAROLINA,0.0656807,35333.502134449045
2045,41,1184090.485536466,10277.28577302693,SD,SOUTH DAKOTA,0.0656807,77771891.95337495
2045,42,45129.76755410148,281.05908281803625,TN,TENNESSEE,0.0656807,2964154.723790673
2045,43,2240264.967019832,16051.140723733064,TX,TEXAS,0.0656807,147142171.2193395
2045,44,10221.834205392872,996.7106483562936,UT,UTAH,0.0656807,671377.2258941475
2045,45,0.0,0.0,VT,VERMONT,0.0656807,0.0
2045,46,0.0,0.0,VA,VIRGINIA,0.0656807,0.0
2045,47,2344035.727738257,19173.2994302116,WA,WASHINGTON,0.0656807,153957907.42285812
2045,48,0.0,0.0,WV,WEST VIRGINIA,0.0656807,0.0
2045,49,57313.83911586829,257.62043932240306,WI,WISCONSIN,0.0656807,3764413.07281761
2045,50,262575.8689617973,3009.0217678255585,WY,WYOMING,0.0656807,17246166.87651912
2046,0,2315.8073637923544,47.99384073774221,AL,ALABAMA,0.0646014199999999,149604.44414744244
2046,2,2.70288111390218,9.775270915152802,AZ,ARIZONA,0.0646014199999999,174.60995804926227
2046,3,449363.1384393738,3098.2462348580625,AR,ARKANSAS,0.0646014199999999,29029496.838840082
2046,4,12366.315776292711,520.2433806859835,CA,CALIFORNIA,0.0646014199999999,798881.5593169102
2046,5,1380846.332171721,23622.340413561426,CO,COLORADO,0.0646014199999999,89204633.86008471
2046,6,0.0,0.0,CT,CONNECTICUT,0.0646014199999999,0.0
2046,7,13578.332687649914,135.02259198950074,DE,DELAWARE,0.0646014199999999,877179.5728545996
2046,8,0.0,0.0,DC,DISTRICT OF COLUMBIA,0.0646014199999999,0.0
2046,9,469.1018862554584,12.720853125609318,FL,FLORIDA,0.0646014199999999,30304.647976781045
2046,10,5116.113687554003,93.02971889520282,GA,GEORGIA,0.0646014199999999,330508.2090974244
2046,12,193387.0259258682,5565.650476889734,ID,IDAHO,0.0646014199999999,12493076.484387878
2046,13,298579.295093236,2047.893152794612,IL,ILLINOIS,0.0646014199999999,19288646.44562205
2046,14,45023.070743732045,484.8808969093943,IN,INDIANA,0.0646014199999999,2908554.3028055415
2046,15,1352.901216057763,4.1223991481026125,IA,IOWA,0.0646014199999999,87399.33967705815
2046,16,13971097.337529922,59667.38938786968,KS,KANSAS,0.0646014199999999,902552726.9626508
2046,17,18752.958615360807,514.7505524983437,KY,KENTUCKY,0.0646014199999999,1211467.75575354
2046,18,157274.95456570009,865.3730015791064,LA,LOUISIANA,0.0646014199999999,10160185.395379692
2046,19,0.0,0.0,ME,MAINE,0.0646014199999999,0.0
2046,20,23811.317656268915,219.15180096340515,MD,MARYLAND,0.0646014199999999,1538244.9326660412
2046,21,0.0,0.0,MA,MASSACHUSETTS,0.0646014199999999,0.0
2046,22,15353.566521917934,181.60660360691375,MI,MICHIGAN,0.0646014199999999,991862.199380358
2046,23,2997962.330824907,10454.152712896284,MN,MINNESOTA,0.0646014199999999,193672623.67779845
2046,24,126722.88193020476,579.0543498776403,MS,MISSISSIPPI,0.0646014199999999,8186478.119183555
2046,25,279141.99238703435,1928.24472360438,MO,MISSOURI,0.0646014199999999,18032969.08983158
2046,26,9600314.120331569,56603.407346269305,MT,MONTANA,0.0646014199999999,620193924.6194692
2046,27,1466178.175203506,8489.141847378422,NE,NEBRASKA,0.0646014199999999,94717192.09115513
2046,28,8793.649065095165,913.1206650894028,NV,NEVADA,0.0646014199999999,568082.2165868193
2046,29,0.0,0.0,NH,NEW HAMPSHIRE,0.0646014199999999,0.0
2046,30,1174.1918621684754,34.72251422299484,NJ,NEW JERSEY,0.0646014199999999,75854.46164852766
2046,31,98540.59027683212,1574.3174623116756,NM,NEW MEXICO,0.0646014199999999,6365862.059521537
2046,32,389.7635246569651,2.1594992404999047,NY,NEW YORK,0.0646014199999999,25179.27715704492
2046,33,19829.160325312863,313.8457909258294,NC,NORTH CAROLINA,0.0646014199999999,1280991.9144228708
2046,34,12444378.770761982,44304.56577189774,ND,NORTH DAKOTA,0.0646014199999999,803924539.6090772
2046,35,30332.84925223959,225.2823004187966,OH,OHIO,0.0646014199999999,1959545.1343406125
2046,36,7406305.689963795,40754.47450704563,OK,OKLAHOMA,0.0646014199999999,478457864.52574015
2046,37,2247590.2817977173,14393.043650849137,OR,OREGON,0.0646014199999999,145197523.78233245
2046,38,1248.4959656085605,35.9311548548083,PA,PENNSYLVANIA,0.0646014199999999,80654.61224258404
2046,39,0.0,0.0,RI,RHODE ISLAND,0.0646014199999999,0.0
2046,40,5675.481971346658,121.25544929293793,SC,SOUTH CAROLINA,0.0646014199999999,366644.1945333928
2046,41,3303013.549350655,15656.88736471063,SD,SOUTH DAKOTA,0.0646014199999999,213379365.56729206
2046,42,61365.89487604332,593.1102303616452,TN,TENNESSEE,0.0646014199999999,3964323.948563116
2046,43,3673306.2148809056,22658.12139939076,TX,TEXAS,0.0646014199999999,237300797.57613125
2046,44,19262.22143177569,1871.257080625784,UT,UTAH,0.0646014199999999,1244366.856847141
2046,45,0.0,0.0,VT,VERMONT,0.0646014199999999,0.0
2046,46,1982.208889379794,47.631965950449576,VA,VIRGINIA,0.0646014199999999,128053.5089905574
2046,47,1974217.6441894264,16000.82242916518,WA,WASHINGTON,0.0646014199999999,127537263.20369148
2046,48,0.0,0.0,WV,WEST VIRGINIA,0.0646014199999999,0.0
2046,49,20410.70140776354,147.58343686244936,WI,WISCONSIN,0.0646014199999999,1318560.2941375216
2046,50,371761.6171156909,4090.648898623178,WY,WYOMING,0.0646014199999999,24016328.367169898
2047,0,43797.31055114759,242.98999683407555,AL,ALABAMA,0.0635221399999999,2782098.8924534693
2047,2,3.696475276521773,13.384927548660997,AZ,ARIZONA,0.0635221399999999,234.8080200217544
2047,3,762142.0151147512,3416.5725300554777,AR,ARKANSAS,0.0635221399999999,48412891.78400126
2047,4,22290.79392102168,967.6914945154016,CA,CALIFORNIA,0.0635221399999999,1415958.9321622855
2047,5,747482.2006884916,15615.854079497209,CO,COLORADO,0.0635221399999999,47481668.99964238
2047,6,0.0,0.0,CT,CONNECTICUT,0.0635221399999999,0.0
2047,7,4274.12786462161,87.12709313940998,DE,DELAWARE,0.0635221399999999,271501.7485943945
2047,8,0.0,0.0,DC,DISTRICT OF COLUMBIA,0.0635221399999999,0.0
2047,9,4076.198330050265,19.771749687689496,FL,FLORIDA,0.0635221399999999,258928.84098921873
2047,10,118364.3120990455,772.929140332958,GA,GEORGIA,0.0635221399999999,7518754.40415925
2047,12,311931.83329379134,8580.35670400511,ID,IDAHO,0.0635221399999999,19814577.58494484
2047,13,617984.045538959,2504.3021843325323,IL,ILLINOIS,0.0635221399999999,39255669.058492064
2047,14,164395.41930499475,824.5518917582084,IN,INDIANA,0.0635221399999999,10442748.840450563
2047,15,1177.5615336572005,3.0368783862198345,IA,IOWA,0.0635221399999999,74801.22859958727
2047,16,4063503.9416881935,23266.608765055367,KS,KANSAS,0.0635221399999999,258122466.2744688
2047,17,173098.17282842993,1445.1528501486105,KY,KENTUCKY,0.0635221399999999,10995566.368151704
2047,18,113088.2795896542,655.2549875550795,LA,LOUISIANA,0.0635221399999999,7183609.528453144
2047,19,0.0,0.0,ME,MAINE,0.0635221399999999,0.0
2047,20,40599.05450405177,335.23346950419904,MD,MARYLAND,0.0635221399999999,2578938.8240740024
2047,21,0.0,0.0,MA,MASSACHUSETTS,0.0635221399999999,0.0
2047,22,59375.01917313605,261.35395058346467,MI,MICHIGAN,0.0635221399999999,3771628.280418626
2047,23,1720905.3539463603,8588.894183752467,MN,MINNESOTA,0.0635221399999999,109315590.82013007
2047,24,173925.26008687675,579.8269093106666,MS,MISSISSIPPI,0.0635221399999999,11048104.720774978
2047,25,222269.5540457813,1320.244370393733,MO,MISSOURI,0.0635221399999999,14119037.72983366
2047,26,6132617.674204487,39648.4062388693,MT,MONTANA,0.0635221399999999,389556998.46729124
2047,27,1125066.5741920269,8251.796414349425,NE,NEBRASKA,0.0635221399999999,71466636.4351462
2047,28,12674.934155142671,1298.9312794407874,NV,NEVADA,0.0635221399999999,805138.9418937532
2047,29,0.0,0.0,NH,NEW HAMPSHIRE,0.0635221399999999,0.0
2047,30,712.8534464020252,12.089080016330264,NJ,NEW JERSEY,0.0635221399999999,45281.97642183187
2047,31,47363.352926075575,850.5990540394597,NM,NEW MEXICO,0.0635221399999999,3008621.5354395774
2047,32,583.6502270366894,3.43077024315319,NY,NEW YORK,0.0635221399999999,37074.71143285631
2047,33,30894.45707256792,373.4419727737866,NC,NORTH CAROLINA,0.0635221399999999,1962482.027387646
2047,34,3066717.649771925,16812.9285946011,ND,NORTH DAKOTA,0.0635221399999999,194804467.88928285
2047,35,146278.79542939636,788.8431383847421,OH,OHIO,0.0635221399999999,9291942.12229746
2047,36,2180842.583069083,14505.140726949096,OK,OKLAHOMA,0.0635221399999999,138531787.87967566
2047,37,2664354.2438600897,16179.012905965938,OR,OREGON,0.0635221399999999,169245483.2880745
2047,38,503.0640236087685,23.584827746228285,PA,PENNSYLVANIA,0.0635221399999999,31955.703336639443
2047,39,0.0,0.0,RI,RHODE ISLAND,0.0635221399999999,0.0
2047,40,44286.46315148503,402.2966545783039,SC,SOUTH CAROLINA,0.0635221399999999,2813170.9124134686
2047,41,1588328.0892593295,12083.231690468689,SD,SOUTH DAKOTA,0.0635221399999999,100893999.25186346
2047,42,225813.91362884064,1082.343326928335,TN,TENNESSEE,0.0635221399999999,14344183.0354791
2047,43,1254534.754238425,8195.810921919378,TX,TEXAS,0.0635221399999999,79690732.2935987
2047,44,23540.353674684327,2292.0027796180125,UT,UTAH,0.0635221399999999,1495333.6417728097
2047,45,0.0,0.0,VT,VERMONT,0.0635221399999999,0.0
2047,46,12931.99971715494,130.78609965755817,VA,VIRGINIA,0.0635221399999999,821468.2965130751
2047,47,2250890.126471503,18422.752884420803,WA,WASHINGTON,0.0635221399999999,142981357.7383403
2047,48,155.49479798755831,2.36629153467523,WV,WEST VIRGINIA,0.0635221399999999,9877.362327037381
2047,49,103844.70058268768,312.67717144444686,WI,WISCONSIN,0.0635221399999999,6596437.608671558
2047,50,296561.5023249845,3368.412155761532,WY,WYOMING,0.0635221399999999,18838221.26929796
2048,0,5441.670720376596,115.60278028426312,AL,ALABAMA,0.0624428599999999,339793.48295857443
2048,2,1.2367060140555777,4.485498144735863,AZ,ARIZONA,0.0624428599999999,77.22346049683034
2048,3,618548.5384345825,3149.683909075227,AR,ARKANSAS,0.0624428599999999,38623939.78867519
2048,4,22068.266480316182,952.5811843331796,CA,CALIFORNIA,0.0624428599999999,1378005.674273074
2048,5,1177604.8466148444,21409.41798271384,CO,COLORADO,0.0624428599999999,73533014.57249208
2048,6,0.0,0.0,CT,CONNECTICUT,0.0624428599999999,0.0
2048,7,15.969501518759133,1.736393932501712,DE,DELAWARE,0.0624428599999999,997.1813476056623
2048,8,0.0,0.0,DC,DISTRICT OF COLUMBIA,0.0624428599999999,0.0
2048,9,0.0,0.0,FL,FLORIDA,0.0624428599999999,0.0
2048,10,15552.879122183538,191.24637129935977,GA,GEORGIA,0.0624428599999999,971166.253623428
2048,12,187370.01809899547,5382.954991693767,ID,IDAHO,0.0624428599999999,11699919.808353022
2048,13,56960.59604289815,386.6600742892127,IL,ILLINOIS,0.0624428599999999,3556782.5242232373
2048,14,62488.385865133314,449.0327152278188,IN,INDIANA,0.0624428599999999,3901953.530202492
2048,15,125.06423532563356,0.7055085070816336,IA,IOWA,0.0624428599999999,7809.368537445578
2048,16,10608759.869555954,48311.82066961791,KS,KANSAS,0.0624428599999999,662441307.3082997
2048,17,22866.114676508823,313.62045710514315,KY,KENTUCKY,0.0624428599999999,1427825.5974891833
2048,18,65362.645956832544,584.3850182231326,LA,LOUISIANA,0.0624428599999999,4081430.550712054
2048,19,0.0,0.0,ME,MAINE,0.0624428599999999,0.0
2048,20,1612.008518360332,57.79873847918857,MD,MARYLAND,0.0624428599999999,100658.42223078146
2048,21,0.0,0.0,MA,MASSACHUSETTS,0.0624428599999999,0.0
2048,22,225.23748949389517,20.008113922940925,MI,MICHIGAN,0.0624428599999999,14064.473023218745
2048,23,35436.82148249792,653.5070621012337,MN,MINNESOTA,0.0624428599999999,2212776.4826766066
2048,24,108320.31088624688,485.32856762021953,MS,MISSISSIPPI,0.0624428599999999,6763830.007826379
2048,25,103581.39016837168,806.8511330297932,MO,MISSOURI,0.0624428599999999,6467918.244888999
2048,26,2942929.065938577,24257.640831847915,MT,MONTANA,0.0624428599999999,183764907.65433306
2048,27,1346241.9999198534,8011.513175754398,NE,NEBRASKA,0.0624428599999999,84063200.72711529
2048,28,9844.491027936134,1007.572632225987,NV,NEVADA,0.0624428599999999,614718.1750286712
2048,29,0.0,0.0,NH,NEW HAMPSHIRE,0.0624428599999999,0.0
2048,30,186.50076677529933,11.108515129955933,NJ,NEW JERSEY,0.0624428599999999,11645.641269642649
2048,31,94654.07779562852,1497.1675194688523,NM,NEW MEXICO,0.0624428599999999,5910471.328221531
2048,32,761.592393620658,5.900398332619178,NY,NEW YORK,0.0624428599999999,47556.00721191956
2048,33,54400.41977413626,658.3699402823636,NC,NORTH CAROLINA,0.0624428599999999,3396917.7958976165
2048,34,4209073.1288466975,21481.43637290826,ND,NORTH DAKOTA,0.0624428599999999,262826564.11433586
2048,35,2025.5930961420763,27.465527988129853,OH,OHIO,0.0624428599999999,126483.82611936601
2048,36,6564123.483762738,34454.65383847659,OK,OKLAHOMA,0.0624428599999999,409882643.71930826
2048,37,1981861.470341532,12715.729727416743,OR,OREGON,0.0624428599999999,123753098.33193024
2048,38,128.86019884692496,12.925405792626131,PA,PENNSYLVANIA,0.0624428599999999,8046.399356170684
2048,39,0.0,0.0,RI,RHODE ISLAND,0.0624428599999999,0.0
2048,40,17825.343426412946,200.57264985323312,SC,SOUTH CAROLINA,0.0624428599999999,1113065.4240274222
2048,41,720315.407898613,6563.340364094736,SD,SOUTH DAKOTA,0.0624428599999999,44978554.17125591
2048,42,70304.9835867474,573.6645509593859,TN,TENNESSEE,0.0624428599999999,4390044.247409559
2048,43,3211729.187501337,19599.23109864061,TX,TEXAS,0.0624428599999999,200549556.0130594
2048,44,22009.37108856103,2136.6272614340737,UT,UTAH,0.0624428599999999,1374328.077571062
2048,45,0.0,0.0,VT,VERMONT,0.0624428599999999,0.0
2048,46,1594.204992084655,25.31048146852145,VA,VIRGINIA,0.0624428599999999,99546.71913204306
2048,47,1972209.6605060063,16274.237663173752,WA,WASHINGTON,0.0624428599999999,123150411.72162388
2048,48,0.0,0.0,WV,WEST VIRGINIA,0.0624428599999999,0.0
2048,49,992.2386338644052,6.053048777954696,WI,WISCONSIN,0.0624428599999999,61958.21810098621
2048,50,269828.56656661176,3018.516841686928,WY,WYOMING,0.0624428599999999,16848867.406119592
2049,0,0.0,0.0,AL,ALABAMA,0.06136358,0.0
2049,2,1.5115760619895364,5.466783366389042,AZ,ARIZONA,0.06136358,92.75571860597988
2049,3,48453.95805294519,569.0963796282729,AR,ARKANSAS,0.06136358,2973308.3312985464
2049,4,14151.373353118488,605.0115135894694,CA,CALIFORNIA,0.06136358,868378.9308639546
2049,5,661220.4210155755,13129.230446113088,CO,COLORADO,0.06136358,40574852.20262295
2049,6,0.0,0.0,CT,CONNECTICUT,0.06136358,0.0
2049,7,0.0,0.0,DE,DELAWARE,0.06136358,0.0
2049,8,0.0,0.0,DC,DISTRICT OF COLUMBIA,0.06136358,0.0
2049,9,0.0,0.0,FL,FLORIDA,0.06136358,0.0
2049,10,0.0,0.0,GA,GEORGIA,0.06136358,0.0
2049,12,87846.97978324111,2998.6650252458776,ID,IDAHO,0.06136358,5390605.171687298
2049,13,14009.82289390311,351.6146707494749,IL,ILLINOIS,0.06136358,859692.8879358551
2049,14,28085.474473409096,312.3546573186855,IN,INDIANA,0.06136358,1723425.2596869972
2049,15,0.0,0.0,IA,IOWA,0.06136358,0.0
2049,16,9047890.283028336,44230.51579001683,KS,KANSAS,0.06136358,555210939.2138319
2049,17,3413.620473105084,89.82951749341795,KY,KENTUCKY,0.06136358,209471.97299102164
2049,18,28361.00721935219,400.2973256235897,LA,LOUISIANA,0.06136358,1740332.9353852957
2049,19,0.0,0.0,ME,MAINE,0.06136358,0.0
2049,20,0.0,0.0,MD,MARYLAND,0.06136358,0.0
2049,21,0.0,0.0,MA,MASSACHUSETTS,0.06136358,0.0
2049,22,343.4478013426,21.45578604252428,MI,MICHIGAN,0.06136358,21075.18663351074
2049,23,105481.04446003107,1000.2500945966316,MN,MINNESOTA,0.06136358,6472694.510206674
2049,24,21114.365884859264,176.1681530176922,MS,MISSISSIPPI,0.06136358,1295653.0801248322
2049,25,7196.431539519406,187.96571140572527,MO,MISSOURI,0.06136358,441598.8024898222
2049,26,3407504.51107816,30223.31251654356,MT,MONTANA,0.06136358,209096675.66590554
2049,27,483360.17144201824,3643.0097615208647,NE,NEBRASKA,0.06136358,29660710.549096
2049,28,6057.723031981096,643.6501180417054,NV,NEVADA,0.06136358,371723.5718908145
2049,29,0.0,0.0,NH,NEW HAMPSHIRE,0.06136358,0.0
2049,30,0.0,0.0,NJ,NEW JERSEY,0.06136358,0.0
2049,31,72241.36814641776,1566.7601822407648,NM,NEW MEXICO,0.06136358,4432988.973562159
2049,32,0.0,0.0,NY,NEW YORK,0.06136358,0.0
2049,33,0.0,0.0,NC,NORTH CAROLINA,0.06136358,0.0
2049,34,290330.6950592486,2203.625838808688,ND,NORTH DAKOTA,0.06136358,17815730.832723804
2049,35,18304.481013249577,233.4107688756532,OH,OHIO,0.06136358,1123228.4850150214
2049,36,3024541.850778168,16399.248675321975,OK,OKLAHOMA,0.06136358,185596715.8235742
2049,37,1582746.1532262303,10298.67265035527,OR,OREGON,0.06136358,97122970.19319005
2049,38,28.0447052698912,0.6701086952818196,PA,PENNSYLVANIA,0.06136358,1720.9235154053904
2049,39,0.0,0.0,RI,RHODE ISLAND,0.06136358,0.0
2049,40,328.93532114051163,10.027421431887408,SC,SOUTH CAROLINA,0.06136358,20184.648893631478
2049,41,486181.0367226645,4130.583760414084,SD,SOUTH DAKOTA,0.06136358,29833808.94141416
2049,42,4963.378963546,67.10791161878602,TN,TENNESSEE,0.06136358,304570.70209987205
2049,43,3796909.820050551,22677.469720323043,TX,TEXAS,0.06136358,232991979.4954576
2049,44,20829.45353584122,2025.0698167516832,UT,UTAH,0.06136358,1278169.8384028757
2049,45,0.0,0.0,VT,VERMONT,0.06136358,0.0
2049,46,0.0,0.0,VA,VIRGINIA,0.06136358,0.0
2049,47,2137527.7959282678,18297.783452463133,WA,WASHINGTON,0.06136358,131166357.90766793
2049,48,0.0,0.0,WV,WEST VIRGINIA,0.06136358,0.0
2049,49,1083.5643218693012,3.002236295015904,WI,WISCONSIN,0.06136358,66491.38595017261
2049,50,132745.54053424657,1887.091925385277,WY,WYOMING,0.06136358,8145741.596216482
2050,0,10.79458033547362,5.132839779348092,AL,ALABAMA,0.0602843,650.7437193177923
2050,2,1.0906105054716984,3.944314494286493,AZ,ARIZONA,0.0602843,65.7466908950075
2050,3,177069.62464814156,1308.2320247392142,AR,ARKANSAS,0.0602843,10674518.37317596
2050,4,8160.481863996058,354.7111974061818,CA,CALIFORNIA,0.0602843,491948.93683369755
2050,5,577197.3216196601,12736.187861476064,CO,COLORADO,0.0602843,34795936.49571608
2050,6,0.0,0.0,CT,CONNECTICUT,0.0602843,0.0
2050,7,5390.359502012585,76.13431150872337,DE,DELAWARE,0.0602843,324954.0493271773
2050,8,0.0,0.0,DC,DISTRICT OF COLUMBIA,0.0602843,0.0
2050,9,0.0,0.0,FL,FLORIDA,0.0602843,0.0
2050,10,118.25108596010271,1.315361046158107,GA,GEORGIA,0.0602843,7128.6839413446205
2050,12,153294.18664467832,4373.518931656239,ID,IDAHO,0.0602843,9241232.735943781
2050,13,7655.158020396468,78.67677951405973,IL,ILLINOIS,0.0602843,461485.8426489867
2050,14,16022.424602061252,188.31849663885896,IN,INDIANA,0.0602843,965900.6514380411
2050,15,0.0,0.0,IA,IOWA,0.0602843,0.0
2050,16,6550904.907256384,38284.93875639373,KS,KANSAS,0.0602843,394916716.70051605
2050,17,10456.358849468772,498.4917743904798,KY,KENTUCKY,0.0602843,630354.2737890303
2050,18,126321.19054110564,816.851763794379,LA,LOUISIANA,0.0602843,7615184.546937175
2050,19,0.0,0.0,ME,MAINE,0.0602843,0.0
2050,20,9632.36509959108,133.52220883952333,MD,MARYLAND,0.0602843,580680.3873732785
2050,21,0.0,0.0,MA,MASSACHUSETTS,0.0602843,0.0
2050,22,8637.877280742812,167.13205704346566,MI,MICHIGAN,0.0602843,520728.385355484
2050,23,113337.8115611186,1086.5407372979012,MN,MINNESOTA,0.0602843,6832490.633493941
2050,24,30864.03821749494,212.48971646779577,MS,MISSISSIPPI,0.0602843,1860616.9391149303
2050,25,7419.120986768557,113.80192164592984,MO,MISSOURI,0.0602843,447256.5153026517
2050,26,1141241.7230935174,9633.039253931056,MT,MONTANA,0.0602843,68798958.40748653
2050,27,276169.9673468036,3116.5591192956504,NE,NEBRASKA,0.0602843,16648713.162524913
2050,28,8746.36868097576,895.1810397614039,NV,NEVADA,0.0602843,527268.7134745469
2050,29,0.0,0.0,NH,NEW HAMPSHIRE,0.0602843,0.0
2050,30,9451.512597758225,117.3791070751089,NJ,NEW JERSEY,0.0602843,569777.8208970361
2050,31,48575.48591847536,799.2757529283674,NM,NEW MEXICO,0.0602843,2928339.165755144
2050,32,491.72405691304186,6.012722658246213,NY,NEW YORK,0.0602843,29643.24056416289
2050,33,88937.50256136624,1091.9134755711962,NC,NORTH CAROLINA,0.0602843,5361535.085660171
2050,34,690577.5097430302,7204.680219668887,ND,NORTH DAKOTA,0.0602843,41630981.77060176
2050,35,62950.88513795523,678.9816417220387,OH,OHIO,0.0602843,3794950.0449220343
2050,36,3583807.856244604,22404.737274532803,OK,OKLAHOMA,0.0602843,216047347.94820657
2050,37,1457159.568772689,9352.110161587922,OR,OREGON,0.0602843,87843844.5917634
2050,38,2048.1511562710944,84.80260696234569,PA,PENNSYLVANIA,0.0602843,123471.35874999354
2050,39,0.0,0.0,RI,RHODE ISLAND,0.0602843,0.0
2050,40,14371.191248640367,243.0948662160214,SC,SOUTH CAROLINA,0.0602843,866357.2045904105
2050,41,84472.20420796107,1617.1193396133217,SD,SOUTH DAKOTA,0.0602843,5092347.700133988
2050,42,10108.974364975868,180.66689934047704,TN,TENNESSEE,0.0602843,609412.4433105147
2050,43,1179771.8044644832,8449.835379604396,TX,TEXAS,0.0602843,71121717.39187825
2050,44,22315.85970376172,2198.22465256908,UT,UTAH,0.0602843,1345295.9811394827
2050,45,0.0,0.0,VT,VERMONT,0.0602843,0.0
2050,46,9938.667476347902,110.58094291020404,VA,VIRGINIA,0.0602843,599145.6117443999
2050,47,1219793.4794248946,9853.98517104931,WA,WASHINGTON,0.0602843,73534396.05169417
2050,48,0.0,0.0,WV,WEST VIRGINIA,0.0602843,0.0
2050,49,34.410870680023706,1.3854055632914015,WI,WISCONSIN,0.0602843,2074.435251335753
2050,50,56242.79131015202,646.3399447559793,WY,WYOMING,0.0602843,3390557.304178597
2051,0,17782.783718027826,147.693127568875,AL,ALABAMA,0.0604106,1074268.634076292
2051,2,1.1478088021828428,4.151178511856807,AZ,ARIZONA,0.0604106,69.33981842514685
2051,3,305507.6056278698,1960.2214749273785,AR,ARKANSAS,0.0604106,18455897.760542993
2051,4,5280.104383095719,223.38015685942625,CA,CALIFORNIA,0.0604106,318974.2738454422
2051,5,1161345.4087099985,22062.086981195986,CO,COLORADO,0.0604106,70157572.94741623
2051,6,0.0,0.0,CT,CONNECTICUT,0.0604106,0.0
2051,7,12016.836960254546,181.80058417658603,DE,DELAWARE,0.0604106,725944.3308711533
2051,8,0.0,0.0,DC,DISTRICT OF COLUMBIA,0.0604106,0.0
2051,9,889.860323346499,6.829628417481857,FL,FLORIDA,0.0604106,53756.99604955601
2051,10,107979.1477561807,824.8077989242958,GA,GEORGIA,0.0604106,6523085.10343953
2051,12,86693.11090350803,2726.151560132813,ID,IDAHO,0.0604106,5237182.845547463
2051,13,20620.517342914573,172.36895800090645,IL,ILLINOIS,0.0604106,1245697.8249958751
2051,14,19918.03845204753,143.8913786174814,IN,INDIANA,0.0604106,1203260.6537112626
2051,15,3.467298019477539,0.014650331861015,IA,IOWA,0.0604106,209.46155373544983
2051,16,13855600.306096874,59370.59748673727,KS,KANSAS,0.0604106,837025127.8514959
2051,17,8012.092780426203,178.1239968542098,KY,KENTUCKY,0.0604106,484015.3321212152
2051,18,285412.098434382,1013.7113821763076,LA,LOUISIANA,0.0604106,17241916.11368008
2051,19,0.0,0.0,ME,MAINE,0.0604106,0.0
2051,20,15011.42701156733,154.47785743608773,MD,MARYLAND,0.0604106,906849.3126249894
2051,21,0.0,0.0,MA,MASSACHUSETTS,0.0604106,0.0
2051,22,0.0,0.0,MI,MICHIGAN,0.0604106,0.0
2051,23,0.0,0.0,MN,MINNESOTA,0.0604106,0.0
2051,24,163145.31800057413,615.5704577892768,MS,MISSISSIPPI,0.0604106,9855706.547605485
2051,25,52922.83528855552,654.3693370534943,MO,MISSOURI,0.0604106,3197100.233482812
2051,26,995469.4056277428,6226.657655094632,MT,MONTANA,0.0604106,60136904.07561532
2051,27,899273.7428347457,7990.805624807976,NE,NEBRASKA,0.0604106,54325666.368892685
2051,28,6404.528176362876,656.9042132901698,NV,NEVADA,0.0604106,386901.38985098724
2051,29,0.0,0.0,NH,NEW HAMPSHIRE,0.0604106,0.0
2051,30,1274.2864358182978,25.10291854241896,NJ,NEW JERSEY,0.0604106,76980.40815964487
2051,31,148684.16625129525,2335.643356657524,NM,NEW MEXICO,0.0604106,8982099.693740496
2051,32,0.0,0.0,NY,NEW YORK,0.0604106,0.0
2051,33,250274.3652061242,1495.267757219751,NC,NORTH CAROLINA,0.0604106,15119224.566721087
2051,34,0.0,0.0,ND,NORTH DAKOTA,0.0604106,0.0
2051,35,23842.296631282406,359.17755848959484,OH,OHIO,0.0604106,1440327.444873749
2051,36,6817816.430823192,35033.41011328741,OK,OKLAHOMA,0.0604106,411868381.2758875
2051,37,1490734.0337504009,9554.774369371784,OR,OREGON,0.0604106,90056137.41928196
2051,38,2.179303745653799,0.979608051171146,PA,PENNSYLVANIA,0.0604106,131.6530468571934
2051,39,0.0,0.0,RI,RHODE ISLAND,0.0604106,0.0
2051,40,114385.09157071987,771.3921513667865,SC,SOUTH CAROLINA,0.0604106,6910072.01284213
2051,41,42022.06322679533,471.89310500615767,SD,SOUTH DAKOTA,0.0604106,2538578.052768642
2051,42,73555.10287548044,644.5487376496854,TN,TENNESSEE,0.0604106,4443507.897769499
2051,43,4023459.913652997,23828.33096634067,TX,TEXAS,0.0604106,243059627.45972574
2051,44,12812.096836004344,1264.823963622781,UT,UTAH,0.0604106,773986.4571211241
2051,45,0.0,0.0,VT,VERMONT,0.0604106,0.0
2051,46,24988.830636579514,158.91330567128625,VA,VIRGINIA,0.0604106,1509590.2520541504
2051,47,1112603.075033138,8445.587533804111,WA,WASHINGTON,0.0604106,67213019.3245969
2051,48,0.0,0.0,WV,WEST VIRGINIA,0.0604106,0.0
2051,49,550.400893399991,4.712532084404878,WI,WISCONSIN,0.0604106,33250.0482108295
2051,50,39256.94275258663,569.7711939954523,WY,WYOMING,0.0604106,2371535.46584941
2052,0,4264.438500290414,72.08719117570706,AL,ALABAMA,0.0605369,258155.8870482307
2052,2,1.213823830014552,4.389929220575424,AZ,ARIZONA,0.0605369,73.48113181520795
2052,3,1016040.7733894048,3954.989150681955,AR,ARKANSAS,0.0605369,61507958.69459706
2052,4,13540.797201618192,602.3276823609849,CA,CALIFORNIA,0.0605369,819717.8861146404
2052,5,1163714.1730171724,22778.903607591725,CO,COLORADO,0.0605369,70447648.52052325
2052,6,0.0,0.0,CT,CONNECTICUT,0.0605369,0.0
2052,7,557.4790196477902,41.49679571713952,DE,DELAWARE,0.0605369,33748.05166451631
2052,8,0.0,0.0,DC,DISTRICT OF COLUMBIA,0.0605369,0.0
2052,9,0.0,0.0,FL,FLORIDA,0.0605369,0.0
2052,10,12060.39282886485,167.47579339946333,GA,GEORGIA,0.0605369,730098.7946417085
2052,12,253303.453336342,7142.564353543112,ID,IDAHO,0.0605369,15334205.824276801
2052,13,764158.5565845362,2215.040002173901,IL,ILLINOIS,0.0605369,46259790.124102406
2052,14,175074.58893297525,849.0473674629974,IN,INDIANA,0.0605369,10598472.88277663
2052,15,109.82324119161149,0.27901403702717,IA,IOWA,0.0605369,6648.358569692465
2052,16,14636746.208927326,63041.85573455272,KS,KANSAS,0.0605369,886063241.5752126
2052,17,173500.24944406466,1370.2677596758208,KY,KENTUCKY,0.0605369,10503167.250570396
2052,18,87581.61595086574,633.0789276655987,LA,LOUISIANA,0.0605369,5301919.526655965
2052,19,0.0,0.0,ME,MAINE,0.0605369,0.0
2052,20,1707.024041170148,81.85629468938674,MD,MARYLAND,0.0605369,103337.94367791312
2052,21,0.0,0.0,MA,MASSACHUSETTS,0.0605369,0.0
2052,22,23348.110002863155,220.9344793558789,MI,MICHIGAN,0.0605369,1413422.2004323264
2052,23,613205.0724501584,3612.54846014425,MN,MINNESOTA,0.0605369,37121534.150408
2052,24,150313.4129520884,555.4458132736553,MS,MISSISSIPPI,0.0605369,9099508.04853928
2052,25,395761.9004904948,2087.810417321073,MO,MISSOURI,0.0605369,23958198.593803033
2052,26,7587734.482619598,47845.46686814161,MT,MONTANA,0.0605369,459337923.6008943
2052,27,1949864.10965687,11873.105189329695,NE,NEBRASKA,0.0605369,118038728.61988696
2052,28,14634.476303988868,1497.8222611017202,NV,NEVADA,0.0605369,885925.8285669436
2052,29,0.0,0.0,NH,NEW HAMPSHIRE,0.0605369,0.0
2052,30,254.4205479932382,13.736536945476283,NJ,NEW JERSEY,0.0605369,15401.831271811861
2052,31,124495.24233293143,2020.2035117571936,NM,NEW MEXICO,0.0605369,7536556.035584437
2052,32,1376.771167113883,6.0133241918863085,NY,NEW YORK,0.0605369,83345.45846645642
2052,33,2109.1294386942764,122.93969535510664,NC,NORTH CAROLINA,0.0605369,127680.15791729154
2052,34,5360829.433126345,30275.069626292392,ND,NORTH DAKOTA,0.0605369,324527995.31022626
2052,35,92048.2706748702,491.59108718965496,OH,OHIO,0.0605369,5572316.95701755
2052,36,4527167.938784213,27573.501145756003,OK,OKLAHOMA,0.0605369,274060712.79338604
2052,37,1994889.67559282,12424.575952183986,OR,OREGON,0.0605369,120764436.80239497
2052,38,39.326694285383695,5.454233303007861,PA,PENNSYLVANIA,0.0605369,2380.7161592848443
2052,39,0.0,0.0,RI,RHODE ISLAND,0.0605369,0.0
2052,40,165.19155239641597,13.81265432306468,SC,SOUTH CAROLINA,0.0605369,10000.184488266594
2052,41,2465624.283817681,13378.727012241252,SD,SOUTH DAKOTA,0.0605369,149261250.70704255
2052,42,180432.76023278825,1048.622175563601,TN,TENNESSEE,0.0605369,10922839.962936278
2052,43,2821575.9726049625,17156.533051044258,TX,TEXAS,0.0605369,170809462.49598935
2052,44,28948.007698240577,2813.315098203646,UT,UTAH,0.0605369,1752422.64722762
2052,45,0.0,0.0,VT,VERMONT,0.0605369,0.0
2052,46,0.0,0.0,VA,VIRGINIA,0.0605369,0.0
2052,47,1509203.697665915,12827.31935960089,WA,WASHINGTON,0.0605369,91362513.32523173
2052,48,0.0,0.0,WV,WEST VIRGINIA,0.0605369,0.0
2052,49,56367.55697388703,261.5373087327215,WI,WISCONSIN,0.0605369,3412317.159772502
2052,50,438644.7313484227,5351.643925764773,WY,WYOMING,0.0605369,26554192.23716633
2053,0,0.0,0.0,AL,ALABAMA,0.0606632,0.0
2053,2,0.9331317576156188,3.374775044047865,AZ,ARIZONA,0.0606632,56.60675843858781
2053,3,60974.60885288474,378.2538332185884,AR,ARKANSAS,0.0606632,3698914.8917643176
2053,4,18376.44433458275,803.7364093701161,CA,CALIFORNIA,0.0606632,1114773.9179576603
2053,5,1598349.0216390952,26934.475594671203,CO,COLORADO,0.0606632,96960966.36949675
2053,6,0.0,0.0,CT,CONNECTICUT,0.0606632,0.0
2053,7,0.0,0.0,DE,DELAWARE,0.0606632,0.0
2053,8,0.0,0.0,DC,DISTRICT OF COLUMBIA,0.0606632,0.0
2053,9,0.0,0.0,FL,FLORIDA,0.0606632,0.0
2053,10,0.0,0.0,GA,GEORGIA,0.0606632,0.0
2053,12,267384.9051965912,7326.390303390661,ID,IDAHO,0.0606632,16220423.980921853
2053,13,50493.64972901157,624.438450262751,IL,ILLINOIS,0.0606632,3063106.372240975
2053,14,26786.58012422495,320.3859457052852,IN,INDIANA,0.0606632,1624959.667391883
2053,15,0.0,0.0,IA,IOWA,0.0606632,0.0
2053,16,13803886.657689592,59159.20558500959,KS,KANSAS,0.0606632,837387937.0927553
2053,17,6847.436494813023,160.9492951066557,KY,KENTUCKY,0.0606632,415387.40957214136
2053,18,16625.9216390594,215.0348041785931,LA,LOUISIANA,0.0606632,1008581.6095745882
2053,19,0.0,0.0,ME,MAINE,0.0606632,0.0
2053,20,17.817051136179902,0.3026708598038838,MD,MARYLAND,0.0606632,1080.8393364843087
2053,21,0.0,0.0,MA,MASSACHUSETTS,0.0606632,0.0
2053,22,9552.92956290604,131.4293250315158,MI,MICHIGAN,0.0606632,579511.2766604817
2053,23,259865.2958305252,1526.8161453256444,MN,MINNESOTA,0.0606632,15764260.414026316
2053,24,286.7926246008365,17.957257251034918,MS,MISSISSIPPI,0.0606632,17397.758344685466
2053,25,15985.17982364606,239.09217163237557,MO,MISSOURI,0.0606632,969712.1606778057
2053,26,3486024.948983245,29876.34620097985,MT,MONTANA,0.0606632,211473428.68516037
2053,27,1988358.5894100629,11306.862195632772,NE,NEBRASKA,0.0606632,120620194.78110053
2053,28,15261.52227078787,1561.9997135978915,NV,NEVADA,0.0606632,925812.7778172586
2053,29,0.0,0.0,NH,NEW HAMPSHIRE,0.0606632,0.0
2053,30,4.791399750281011,0.8333339270894216,NJ,NEW JERSEY,0.0606632,290.661641331247
2053,31,123625.96412922686,2204.837543585822,NM,NEW MEXICO,0.0606632,7499546.587164115
2053,32,0.0,0.0,NY,NEW YORK,0.0606632,0.0
2053,33,229.66745547954693,15.432226739842656,NC,NORTH CAROLINA,0.0606632,13932.362785246853
2053,34,2022028.0624823456,8428.41078608921,ND,NORTH DAKOTA,0.0606632,122662692.75997902
2053,35,85238.07864284767,861.8663086148642,OH,OHIO,0.0606632,5170814.612326797
2053,36,8506428.967496179,35720.12541242158,OK,OKLAHOMA,0.0606632,516027201.7410142
2053,37,2521833.385678353,15532.57879876708,OR,OREGON,0.0606632,152982483.04208305
2053,38,130.3166333925693,4.043475709969728,PA,PENNSYLVANIA,0.0606632,7905.423994820109
2053,39,0.0,0.0,RI,RHODE ISLAND,0.0606632,0.0
2053,40,55.48079322356408,1.4369048968736378,SC,SOUTH CAROLINA,0.0606632,3365.642455479712
2053,41,1625634.6859716694,11324.201378182515,SD,SOUTH DAKOTA,0.0606632,98616202.08203658
2053,42,3928.9777498371714,39.69236580543642,TN,TENNESSEE,0.0606632,238344.3630339223
2053,43,4268155.289098721,24937.616114632205,TX,TEXAS,0.0606632,258919957.93365353
2053,44,31246.48252831611,3037.7756589086966,UT,UTAH,0.0606632,1895511.618911746
2053,45,0.0,0.0,VT,VERMONT,0.0606632,0.0
2053,46,0.0,0.0,VA,VIRGINIA,0.0606632,0.0
2053,47,1553616.28623508,15033.32104131845,WA,WASHINGTON,0.0606632,94247335.4951359
2053,48,0.0,0.0,WV,WEST VIRGINIA,0.0606632,0.0
2053,49,0.0,0.0,WI,WISCONSIN,0.0606632,0.0
2053,50,432027.6420660317,5052.873103284297,WY,WYOMING,0.0606632,26208179.256180093
2054,0,79.39251753210215,5.626019553824125,AL,ALABAMA,0.0607894999999999,4826.231444517716
2054,2,0.9243600709876256,3.3430512613293337,AZ,ARIZONA,0.0607894999999999,56.19138653530217
2054,3,24594.695835480084,294.8132400502272,AR,ARKANSAS,0.0607894999999999,1495099.262490914
2054,4,12617.800604471691,536.0631281779523,CA,CALIFORNIA,0.0607894999999999,767029.7898455306
2054,5,1004499.3168910716,22280.85567207188,CO,COLORADO,0.0607894999999999,61063011.224149704
2054,6,0.0,0.0,CT,CONNECTICUT,0.0607894999999999,0.0
2054,7,1379.61646796453,19.031709135111612,DE,DELAWARE,0.0607894999999999,83866.19527932965
2054,8,0.0,0.0,DC,DISTRICT OF COLUMBIA,0.0607894999999999,0.0
2054,9,0.0,0.0,FL,FLORIDA,0.0607894999999999,0.0
2054,10,0.0,0.0,GA,GEORGIA,0.0607894999999999,0.0
2054,12,209135.68981513137,6398.734406819321,ID,IDAHO,0.0607894999999999,12713254.016016908
2054,13,68845.57889697645,658.5138071104225,IL,ILLINOIS,0.0607894999999999,4185088.3183577433
2054,14,9739.675960791295,107.71540878996,IN,INDIANA,0.0607894999999999,592070.0318185214
2054,15,2.997698462711976,0.0146503331213258,IA,IOWA,0.0607894999999999,182.22859069902935
2054,16,9365871.364458116,56813.866344081966,KS,KANSAS,0.0607894999999999,569346637.3097258
2054,17,135.72700186850324,10.266238074712746,KY,KENTUCKY,0.0607894999999999,8250.776580085363
2054,18,9434.384310250089,176.4235252508944,LA,LOUISIANA,0.0607894999999999,573511.5050279468
2054,19,0.0,0.0,ME,MAINE,0.0607894999999999,0.0
2054,20,4455.148720087468,34.08074803930447,MD,MARYLAND,0.0607894999999999,270826.26311975665
2054,21,0.0,0.0,MA,MASSACHUSETTS,0.0607894999999999,0.0
2054,22,1095.2340760830134,34.67819635323903,MI,MICHIGAN,0.0607894999999999,66578.73186804823
2054,23,19.645741192692068,0.4138963481913765,MN,MINNESOTA,0.0607894999999999,1194.2547842331526
2054,24,3682.1364405080726,47.23404133726115,MS,MISSISSIPPI,0.0607894999999999,223835.23315026512
2054,25,128540.64120002884,1268.2446697862324,MO,MISSOURI,0.0607894999999999,7813921.30822914
2054,26,6255261.117348394,41473.2505893338,MT,MONTANA,0.0607894999999999,380254195.6930496
2054,27,879375.3082336743,8740.873361506978,NE,NEBRASKA,0.0607894999999999,53456785.299870856
2054,28,16781.855272016808,1717.6040937086857,NV,NEVADA,0.0607894999999999,1020160.5910582641
2054,29,0.0,0.0,NH,NEW HAMPSHIRE,0.0607894999999999,0.0
2054,30,774.1031161232768,14.437362755228632,NJ,NEW JERSEY,0.0607894999999999,47057.34137757585
2054,31,63607.175198200624,1513.2463901691644,NM,NEW MEXICO,0.0607894999999999,3866648.3767110105
2054,32,0.0,0.0,NY,NEW YORK,0.0607894999999999,0.0
2054,33,51590.7358077883,360.8021233167243,NC,NORTH CAROLINA,0.0607894999999999,3136175.0343875415
2054,34,158877.90218508858,1943.99013500439,ND,NORTH DAKOTA,0.0607894999999999,9658108.234880425
2054,35,21211.99364906233,233.39499483371884,OH,OHIO,0.0607894999999999,1289466.4879296722
2054,36,5034033.563017314,35818.10804470491,OK,OKLAHOMA,0.0607894999999999,306016383.2790405
2054,37,2486521.3880737037,15249.097502687471,OR,OREGON,0.0607894999999999,151154391.92030618
2054,38,0.0,0.0,PA,PENNSYLVANIA,0.0607894999999999,0.0
2054,39,0.0,0.0,RI,RHODE ISLAND,0.0607894999999999,0.0
2054,40,0.0,0.0,SC,SOUTH CAROLINA,0.0607894999999999,0.0
2054,41,353642.78860297793,4483.2883486822175,SD,SOUTH DAKOTA,0.0607894999999999,21497768.297780693
2054,42,3018.8139018519946,46.76688131935255,TN,TENNESSEE,0.0607894999999999,183512.1876866315
2054,43,1247593.8519861845,10288.669009121217,TX,TEXAS,0.0607894999999999,75840606.46531405
2054,44,33875.47449937321,3289.694108619617,UT,UTAH,0.0607894999999999,2059273.1570796445
2054,45,0.0,0.0,VT,VERMONT,0.0607894999999999,0.0
2054,46,2583.852979824448,29.25116927263522,VA,VIRGINIA,0.0607894999999999,157071.13071703803
2054,47,2054341.695007991,17591.952859162233,WA,WASHINGTON,0.0607894999999999,124882404.46868807
2054,48,0.0,0.0,WV,WEST VIRGINIA,0.0607894999999999,0.0
2054,49,1256.4010298641294,4.712906557628084,WI,WISCONSIN,0.0607894999999999,76375.99040492537
2054,50,75106.93155852321,1410.3111899969824,WY,WYOMING,0.0607894999999999,4565712.815976839
2055,0,62.54273109419184,3.017367613994633,AL,ALABAMA,0.0609158,3809.840498787571
2055,2,0.5022449500387194,1.8164248612873133,AZ,ARIZONA,0.0609158,30.59465292756862
2055,3,0.0,0.0,AR,ARKANSAS,0.0609158,0.0
2055,4,9184.15383728926,393.9482297533567,CA,CALIFORNIA,0.0609158,559460.078321545
2055,5,196694.7981317822,4905.098155182309,CO,COLORADO,0.0609158,11981820.98403602
2055,6,0.0,0.0,CT,CONNECTICUT,0.0609158,0.0
2055,7,1866.733939582289,52.01078741110263,DE,DELAWARE,0.0609158,113713.5913168068
2055,8,0.0,0.0,DC,DISTRICT OF COLUMBIA,0.0609158,0.0
2055,9,0.0,0.0,FL,FLORIDA,0.0609158,0.0
2055,10,429.808347598726,6.83356220934017,GA,GEORGIA,0.0609158,26182.119340654473
2055,12,182801.64873403875,5953.387708607808,ID,IDAHO,0.0609158,11135508.673952958
2055,13,17202.74663725852,247.9514040623172,IL,ILLINOIS,0.0609158,1047919.0736059124
2055,14,35301.20267134616,383.07735756545935,IN,INDIANA,0.0609158,2150401.001687188
2055,15,1.413311373927153,0.0146488663287401,IA,IOWA,0.0609158,86.09299299187167
2055,16,1967728.5654545,13663.850903863346,KS,KANSAS,0.0609158,119865759.74751322
2055,17,9074.97639083844,354.89148138192246,KY,KENTUCKY,0.0609158,552809.4468290361
2055,18,0.0,0.0,LA,LOUISIANA,0.0609158,0.0
2055,19,0.0,0.0,ME,MAINE,0.0609158,0.0
2055,20,2040.083299238064,37.25324047879482,MD,MARYLAND,0.0609158,124273.30623972607
2055,21,0.0,0.0,MA,MASSACHUSETTS,0.0609158,0.0
2055,22,6894.575056520346,159.0572831678233,MI,MICHIGAN,0.0609158,419988.5552279821
2055,23,46449.25746740695,527.0656487506996,MN,MINNESOTA,0.0609158,2829493.6780330683
2055,24,6.7589673127858685,0.0807378693188645,MS,MISSISSIPPI,0.0609158,411.72790103220143
2055,25,7407.42146320559,139.30199016340868,MO,MISSOURI,0.0609158,451229.0043683391
2055,26,4474954.322513351,35635.25770663615,MT,MONTANA,0.0609158,272595422.5193588
2055,27,179854.02795813326,3214.706965086604,NE,NEBRASKA,0.0609158,10955951.996292053
2055,28,18050.50644476581,1847.4491205237773,NV,NEVADA,0.0609158,1099561.0404880652
2055,29,0.0,0.0,NH,NEW HAMPSHIRE,0.0609158,0.0
2055,30,362.21919099888754,6.860895417416328,NJ,NEW JERSEY,0.0609158,22064.871795050032
2055,31,946.2163421391616,25.449068498985373,NM,NEW MEXICO,0.0609158,57639.52545448074
2055,32,0.0,0.0,NY,NEW YORK,0.0609158,0.0
2055,33,467.8812703047119,13.912080291664246,NC,NORTH CAROLINA,0.0609158,28501.361885627768
2055,34,1814828.2882108449,10665.342015292865,ND,NORTH DAKOTA,0.0609158,110551717.03899418
2055,35,83162.74132278092,1129.578151318351,OH,OHIO,0.0609158,5065924.917870258
2055,36,91501.34962514798,975.5749856985436,OK,OKLAHOMA,0.0609158,5573877.913495589
2055,37,2418785.05547678,14884.40377793222,OR,OREGON,0.0609158,147342226.68241242
2055,38,110.12584452094248,6.890967555771219,PA,PENNSYLVANIA,0.0609158,6708.403919668828
2055,39,0.0,0.0,RI,RHODE ISLAND,0.0609158,0.0
2055,40,8394.318622255449,110.06262674097243,SC,SOUTH CAROLINA,0.0609158,511346.63432958844
2055,41,102108.3762020969,1357.6455294198813,SD,SOUTH DAKOTA,0.0609158,6220013.4230516935
2055,42,18023.674485987747,290.7475179290201,TN,TENNESSEE,0.0609158,1097926.5502535326
2055,43,90176.87464745868,1070.034189405774,TX,TEXAS,0.0609158,5493196.460649664
2055,44,28767.096646201317,2861.579511684972,UT,UTAH,0.0609158,1752370.70588067
2055,45,0.0,0.0,VT,VERMONT,0.0609158,0.0
2055,46,17.852743060520204,3.134881696651036,VA,VIRGINIA,0.0609158,1087.5141257260366
2055,47,2714106.9132174104,20853.49880224625,WA,WASHINGTON,0.0609158,165331993.90416914
2055,48,0.0,0.0,WV,WEST VIRGINIA,0.0609158,0.0
2055,49,6581.821901194551,33.342478027385965,WI,WISCONSIN,0.0609158,400936.94656878704
2055,50,61481.10597002256,868.0471588307763,WY,WYOMING,0.0609158,3745170.7550487
